route_variant,train_uid,origin_departure,stop_type,date,departure_time,train_class,number_of_coaches
GUILDFORD - EARLSFIELD,P61757,2337,stop,2026-04-24,00:01:00,,
EARLSFIELD - GUILDFORD,L74840,2333,stop,2026-04-10,00:01:00,,
GUILDFORD - EARLSFIELD,P61757,2337,stop,2026-04-10,00:01:00,,
EARLSFIELD - GUILDFORD,L74840,2333,stop,2026-04-17,00:01:00,,
EARLSFIELD - GUILDFORD,L74840,2333,stop,2026-04-03,00:01:00,,
GUILDFORD - EARLSFIELD,P61757,2337,stop,2026-04-17,00:01:00,,
EARLSFIELD - GUILDFORD,L74840,2333,stop,2026-04-24,00:01:00,,
GUILDFORD - EARLSFIELD,P61757,2337,stop,2026-04-03,00:01:00,,
EARLSFIELD - GUILDFORD,L74841,2333,stop,2026-04-11,00:02:00,,
EARLSFIELD - GUILDFORD,L74841,2333,stop,2026-04-18,00:02:00,,
EARLSFIELD - GUILDFORD,L74841,2333,stop,2026-04-04,00:02:00,,
EARLSFIELD - GUILDFORD,L74841,2333,stop,2026-04-25,00:02:00,,
EARLSFIELD - GUILDFORD,Q38173,2333,stop,2026-04-03,00:02:00,,
GUILDFORD - EARLSFIELD,P61758,2334,stop,2026-04-25,00:03:00,,
GUILDFORD - EARLSFIELD,P61758,2334,stop,2026-04-04,00:03:00,,
GUILDFORD - EARLSFIELD,Q88836,2334,stop,2026-04-03,00:03:00,,
GUILDFORD - EARLSFIELD,P61758,2334,stop,2026-04-11,00:03:00,,
GUILDFORD - EARLSFIELD,P61758,2334,stop,2026-04-18,00:03:00,,
EARLSFIELD - GUILDFORD,L74846,2350,stop,2026-04-22,00:18:00,,
EARLSFIELD - GUILDFORD,L74846,2350,stop,2026-04-14,00:18:00,,
EARLSFIELD - GUILDFORD,L74846,2350,stop,2026-04-21,00:18:00,,
EARLSFIELD - GUILDFORD,L74846,2350,stop,2026-04-13,00:18:00,,
EARLSFIELD - GUILDFORD,L74846,2350,stop,2026-04-08,00:18:00,,
EARLSFIELD - GUILDFORD,L74846,2350,stop,2026-04-01,00:18:00,,
EARLSFIELD - GUILDFORD,L74846,2350,stop,2026-04-02,00:18:00,,
EARLSFIELD - GUILDFORD,L74846,2350,stop,2026-04-20,00:18:00,,
EARLSFIELD - GUILDFORD,L74846,2350,stop,2026-04-09,00:18:00,,
EARLSFIELD - GUILDFORD,L74846,2350,stop,2026-04-06,00:18:00,,
EARLSFIELD - GUILDFORD,Q48039,2350,stop,2026-04-06,00:18:00,,
EARLSFIELD - GUILDFORD,L74846,2350,stop,2026-04-07,00:18:00,,
EARLSFIELD - GUILDFORD,L74846,2350,stop,2026-04-16,00:18:00,,
EARLSFIELD - GUILDFORD,L74846,2350,stop,2026-04-15,00:18:00,,
EARLSFIELD - GUILDFORD,L74846,2350,stop,2026-04-23,00:18:00,,
EARLSFIELD - GUILDFORD,L74846,2350,stop,2026-04-29,00:18:00,,
EARLSFIELD - GUILDFORD,L74846,2350,stop,2026-04-28,00:18:00,,
EARLSFIELD - GUILDFORD,L74846,2350,stop,2026-04-27,00:18:00,,
EARLSFIELD - GUILDFORD,L74846,2350,stop,2026-04-30,00:18:00,,
EARLSFIELD - GUILDFORD,P61754,0003,stop,2026-04-25,00:31:00,,
EARLSFIELD - GUILDFORD,P61754,0003,stop,2026-04-04,00:31:00,,
EARLSFIELD - GUILDFORD,P61754,0003,stop,2026-04-11,00:31:00,,
EARLSFIELD - GUILDFORD,P61754,0003,stop,2026-04-18,00:31:00,,
EARLSFIELD - GUILDFORD,Q45534,0003,stop,2026-04-04,00:32:00,,
EARLSFIELD - GUILDFORD,P61755,0003,stop,2026-04-05,00:32:00,,
EARLSFIELD - GUILDFORD,P61755,0003,stop,2026-04-12,00:32:00,,
EARLSFIELD - GUILDFORD,P61755,0003,stop,2026-04-26,00:32:00,,
EARLSFIELD - GUILDFORD,P61755,0003,stop,2026-04-19,00:32:00,,
EARLSFIELD - GUILDFORD (2),L74849,0001,stop,2026-04-20,00:34:00,,
EARLSFIELD - GUILDFORD (2),L74849,0001,stop,2026-04-06,00:34:00,,
EARLSFIELD - GUILDFORD (2),L74849,0001,stop,2026-04-13,00:34:00,,
EARLSFIELD - GUILDFORD (2),L74849,0001,stop,2026-04-27,00:37:00,,
GUILDFORD - EARLSFIELD,L74675,0537,stop,2026-04-13,05:57:00,,
GUILDFORD - EARLSFIELD,L74675,0537,stop,2026-04-22,05:57:00,,
GUILDFORD - EARLSFIELD,L74675,0537,stop,2026-04-23,05:57:00,,
GUILDFORD - EARLSFIELD,L74675,0537,stop,2026-04-02,05:57:00,,
GUILDFORD - EARLSFIELD,L74675,0537,stop,2026-04-21,05:57:00,,
GUILDFORD - EARLSFIELD,L74675,0537,stop,2026-04-28,05:57:00,,
GUILDFORD - EARLSFIELD,L74675,0537,stop,2026-04-27,05:57:00,,
GUILDFORD - EARLSFIELD,L74675,0537,stop,2026-04-14,05:57:00,,
GUILDFORD - EARLSFIELD,L74675,0537,stop,2026-04-07,05:57:00,,
GUILDFORD - EARLSFIELD,L74675,0537,stop,2026-04-20,05:57:00,,
GUILDFORD - EARLSFIELD,L74675,0537,stop,2026-04-29,05:57:00,,
GUILDFORD - EARLSFIELD,L74675,0537,stop,2026-04-01,05:57:00,,
GUILDFORD - EARLSFIELD,L74675,0537,stop,2026-04-06,05:57:00,,
GUILDFORD - EARLSFIELD,L74675,0537,stop,2026-04-30,05:57:00,,
GUILDFORD - EARLSFIELD,L74675,0537,stop,2026-04-08,05:57:00,,
GUILDFORD - EARLSFIELD,L74675,0537,stop,2026-04-15,05:57:00,,
GUILDFORD - EARLSFIELD,L74675,0537,stop,2026-04-24,05:57:00,,
GUILDFORD - EARLSFIELD,L74675,0537,stop,2026-04-10,05:57:00,,
GUILDFORD - EARLSFIELD,L74675,0537,stop,2026-04-03,05:57:00,,
GUILDFORD - EARLSFIELD,L74675,0537,stop,2026-04-09,05:57:00,,
GUILDFORD - EARLSFIELD,L74675,0537,stop,2026-04-17,05:57:00,,
GUILDFORD - EARLSFIELD,L74675,0537,stop,2026-04-16,05:57:00,,
SURBITON - GUILDFORD,L74671,0549,stop,2026-04-23,06:01:00,,
SURBITON - GUILDFORD,L74671,0549,stop,2026-04-30,06:01:00,,
SURBITON - GUILDFORD,L74671,0549,stop,2026-04-28,06:01:00,,
SURBITON - GUILDFORD,L74671,0549,stop,2026-04-27,06:01:00,,
SURBITON - GUILDFORD,L74671,0549,stop,2026-04-07,06:01:00,,
SURBITON - GUILDFORD,L74671,0549,stop,2026-04-08,06:01:00,,
SURBITON - GUILDFORD,L74671,0549,stop,2026-04-09,06:01:00,,
SURBITON - GUILDFORD,L74671,0549,stop,2026-04-01,06:01:00,,
SURBITON - GUILDFORD,L74671,0549,stop,2026-04-29,06:01:00,,
SURBITON - GUILDFORD,L74671,0549,stop,2026-04-17,06:01:00,,
SURBITON - GUILDFORD,L74671,0549,stop,2026-04-10,06:01:00,,
SURBITON - GUILDFORD,L74671,0549,stop,2026-04-14,06:01:00,,
SURBITON - GUILDFORD,L74671,0549,stop,2026-04-22,06:01:00,,
SURBITON - GUILDFORD,L74671,0549,stop,2026-04-15,06:01:00,,
SURBITON - GUILDFORD,L74671,0549,stop,2026-04-21,06:01:00,,
SURBITON - GUILDFORD,L74671,0549,stop,2026-04-16,06:01:00,,
SURBITON - GUILDFORD,L74671,0549,stop,2026-04-02,06:01:00,,
SURBITON - GUILDFORD,L74671,0549,stop,2026-04-06,06:01:00,,
SURBITON - GUILDFORD,L74671,0549,stop,2026-04-20,06:01:00,,
SURBITON - GUILDFORD,L74671,0549,stop,2026-04-03,06:01:00,,
SURBITON - GUILDFORD,L74671,0549,stop,2026-04-24,06:01:00,,
SURBITON - GUILDFORD,L74671,0549,stop,2026-04-13,06:01:00,,
GUILDFORD - EARLSFIELD,L74679,0604,stop,2026-04-07,06:25:00,,
GUILDFORD - EARLSFIELD,L74679,0604,stop,2026-04-08,06:25:00,,
GUILDFORD - EARLSFIELD,L74679,0604,stop,2026-04-24,06:25:00,,
GUILDFORD - EARLSFIELD,L74679,0604,stop,2026-04-15,06:25:00,,
GUILDFORD - EARLSFIELD,L74679,0604,stop,2026-04-29,06:25:00,,
GUILDFORD - EARLSFIELD,L74679,0604,stop,2026-04-02,06:25:00,,
GUILDFORD - EARLSFIELD,L74679,0604,stop,2026-04-20,06:25:00,,
GUILDFORD - EARLSFIELD,L74679,0604,stop,2026-04-17,06:25:00,,
GUILDFORD - EARLSFIELD,L74679,0604,stop,2026-04-27,06:25:00,,
GUILDFORD - EARLSFIELD,L74679,0604,stop,2026-04-28,06:25:00,,
GUILDFORD - EARLSFIELD,L74679,0604,stop,2026-04-21,06:25:00,,
GUILDFORD - EARLSFIELD,L74679,0604,stop,2026-04-01,06:25:00,,
GUILDFORD - EARLSFIELD,L74679,0604,stop,2026-04-03,06:25:00,,
GUILDFORD - EARLSFIELD,L74679,0604,stop,2026-04-30,06:25:00,,
GUILDFORD - EARLSFIELD,L74679,0604,stop,2026-04-10,06:25:00,,
GUILDFORD - EARLSFIELD,L74679,0604,stop,2026-04-13,06:25:00,,
GUILDFORD - EARLSFIELD,L74679,0604,stop,2026-04-22,06:25:00,,
GUILDFORD - EARLSFIELD,L74679,0604,stop,2026-04-09,06:25:00,,
GUILDFORD - EARLSFIELD,L74679,0604,stop,2026-04-06,06:25:00,,
GUILDFORD - EARLSFIELD,L74679,0604,stop,2026-04-14,06:25:00,,
GUILDFORD - EARLSFIELD,L74679,0604,stop,2026-04-23,06:25:00,,
GUILDFORD - EARLSFIELD,L74679,0604,stop,2026-04-16,06:25:00,,
EARLSFIELD - GUILDFORD,L74672,0600,stop,2026-04-17,06:30:00,,
EARLSFIELD - GUILDFORD,L74672,0600,stop,2026-04-01,06:30:00,,
EARLSFIELD - GUILDFORD,L74672,0600,stop,2026-04-15,06:30:00,,
EARLSFIELD - GUILDFORD,L74672,0600,stop,2026-04-03,06:30:00,,
EARLSFIELD - GUILDFORD,L74672,0600,stop,2026-04-22,06:30:00,,
EARLSFIELD - GUILDFORD,L74672,0600,stop,2026-04-30,06:30:00,,
EARLSFIELD - GUILDFORD,L74672,0600,stop,2026-04-29,06:30:00,,
EARLSFIELD - GUILDFORD,L74672,0600,stop,2026-04-07,06:30:00,,
EARLSFIELD - GUILDFORD,L74672,0600,stop,2026-04-21,06:30:00,,
EARLSFIELD - GUILDFORD,L74672,0600,stop,2026-04-13,06:30:00,,
EARLSFIELD - GUILDFORD,L74672,0600,stop,2026-04-27,06:30:00,,
EARLSFIELD - GUILDFORD,L74672,0600,stop,2026-04-09,06:30:00,,
EARLSFIELD - GUILDFORD,L74672,0600,stop,2026-04-24,06:30:00,,
EARLSFIELD - GUILDFORD,L74672,0600,stop,2026-04-02,06:30:00,,
EARLSFIELD - GUILDFORD,L74672,0600,stop,2026-04-08,06:30:00,,
EARLSFIELD - GUILDFORD,L74672,0600,stop,2026-04-10,06:30:00,,
EARLSFIELD - GUILDFORD,L74672,0600,stop,2026-04-20,06:30:00,,
EARLSFIELD - GUILDFORD,L74672,0600,stop,2026-04-06,06:30:00,,
EARLSFIELD - GUILDFORD,L74672,0600,stop,2026-04-14,06:30:00,,
EARLSFIELD - GUILDFORD,L74672,0600,stop,2026-04-28,06:30:00,,
EARLSFIELD - GUILDFORD,L74672,0600,stop,2026-04-16,06:30:00,,
EARLSFIELD - GUILDFORD,L74672,0600,stop,2026-04-23,06:30:00,,
GUILDFORD - EARLSFIELD,L74682,0634,stop,2026-04-13,06:54:00,,
GUILDFORD - EARLSFIELD,L74682,0634,stop,2026-04-16,06:54:00,,
GUILDFORD - EARLSFIELD,L74682,0634,stop,2026-04-01,06:54:00,,
GUILDFORD - EARLSFIELD,L74682,0634,stop,2026-04-09,06:54:00,,
GUILDFORD - EARLSFIELD,L74682,0634,stop,2026-04-10,06:54:00,,
GUILDFORD - EARLSFIELD,L74682,0634,stop,2026-04-20,06:54:00,,
GUILDFORD - EARLSFIELD,L74682,0634,stop,2026-04-06,06:54:00,,
GUILDFORD - EARLSFIELD,L74682,0634,stop,2026-04-02,06:54:00,,
GUILDFORD - EARLSFIELD,L74682,0634,stop,2026-04-30,06:54:00,,
GUILDFORD - EARLSFIELD,L74682,0634,stop,2026-04-08,06:54:00,,
GUILDFORD - EARLSFIELD,L74682,0634,stop,2026-04-17,06:54:00,,
GUILDFORD - EARLSFIELD,L74682,0634,stop,2026-04-21,06:54:00,,
GUILDFORD - EARLSFIELD,L74682,0634,stop,2026-04-15,06:54:00,,
GUILDFORD - EARLSFIELD,L74682,0634,stop,2026-04-27,06:54:00,,
GUILDFORD - EARLSFIELD,L74682,0634,stop,2026-04-24,06:54:00,,
GUILDFORD - EARLSFIELD,L74682,0634,stop,2026-04-29,06:54:00,,
GUILDFORD - EARLSFIELD,L74682,0634,stop,2026-04-03,06:54:00,,
GUILDFORD - EARLSFIELD,L74682,0634,stop,2026-04-07,06:54:00,,
GUILDFORD - EARLSFIELD,L74682,0634,stop,2026-04-14,06:54:00,,
GUILDFORD - EARLSFIELD,L74682,0634,stop,2026-04-22,06:54:00,,
GUILDFORD - EARLSFIELD,L74682,0634,stop,2026-04-23,06:54:00,,
GUILDFORD - EARLSFIELD,L74682,0634,stop,2026-04-28,06:54:00,,
GUILDFORD - EARLSFIELD,L74683,0634,stop,2026-04-11,06:56:00,,
GUILDFORD - EARLSFIELD,L74683,0634,stop,2026-04-25,06:56:00,,
GUILDFORD - EARLSFIELD,Q51669,0634,stop,2026-04-06,06:56:00,,
GUILDFORD - EARLSFIELD,Q39198,0634,stop,2026-04-03,06:56:00,,
GUILDFORD - EARLSFIELD,L74683,0634,stop,2026-04-18,06:56:00,,
GUILDFORD - EARLSFIELD,L74683,0634,stop,2026-04-04,06:56:00,,
EARLSFIELD - GUILDFORD,L74673,0633,stop,2026-04-09,07:01:00,,
EARLSFIELD - GUILDFORD,L74673,0633,stop,2026-04-17,07:01:00,,
EARLSFIELD - GUILDFORD,P61722,0633,stop,2026-04-25,07:01:00,,
EARLSFIELD - GUILDFORD,L74673,0633,stop,2026-04-16,07:01:00,,
EARLSFIELD - GUILDFORD,L74673,0633,stop,2026-04-01,07:01:00,,
EARLSFIELD - GUILDFORD,L74673,0633,stop,2026-04-08,07:01:00,,
EARLSFIELD - GUILDFORD,L74673,0633,stop,2026-04-24,07:01:00,,
EARLSFIELD - GUILDFORD,L74673,0633,stop,2026-04-14,07:01:00,,
EARLSFIELD - GUILDFORD,L74673,0633,stop,2026-04-13,07:01:00,,
EARLSFIELD - GUILDFORD,L74673,0633,stop,2026-04-15,07:01:00,,
EARLSFIELD - GUILDFORD,P61722,0633,stop,2026-04-11,07:01:00,,
EARLSFIELD - GUILDFORD,L74673,0633,stop,2026-04-22,07:01:00,,
EARLSFIELD - GUILDFORD,L74673,0633,stop,2026-04-10,07:01:00,,
EARLSFIELD - GUILDFORD,L74673,0633,stop,2026-04-23,07:01:00,,
EARLSFIELD - GUILDFORD,Q51675,0633,stop,2026-04-06,07:01:00,,
EARLSFIELD - GUILDFORD,L74673,0633,stop,2026-04-07,07:01:00,,
EARLSFIELD - GUILDFORD,P61722,0633,stop,2026-04-04,07:01:00,,
EARLSFIELD - GUILDFORD,L74673,0633,stop,2026-04-02,07:01:00,,
EARLSFIELD - GUILDFORD,L74673,0633,stop,2026-04-27,07:01:00,,
EARLSFIELD - GUILDFORD,L74673,0633,stop,2026-04-20,07:01:00,,
EARLSFIELD - GUILDFORD,L74673,0633,stop,2026-04-06,07:01:00,,
EARLSFIELD - GUILDFORD,L74673,0633,stop,2026-04-03,07:01:00,,
EARLSFIELD - GUILDFORD,L74673,0633,stop,2026-04-28,07:01:00,,
EARLSFIELD - GUILDFORD,P61722,0633,stop,2026-04-18,07:01:00,,
EARLSFIELD - GUILDFORD,Q39200,0633,stop,2026-04-03,07:01:00,,
EARLSFIELD - GUILDFORD,L74673,0633,stop,2026-04-21,07:01:00,,
EARLSFIELD - GUILDFORD,L74673,0633,stop,2026-04-29,07:01:00,,
EARLSFIELD - GUILDFORD,L74673,0633,stop,2026-04-30,07:01:00,,
GUILDFORD - EARLSFIELD (2),L74687,0704,stop,2026-04-29,07:24:00,,
GUILDFORD - EARLSFIELD (2),L74687,0704,stop,2026-04-09,07:24:00,,
GUILDFORD - EARLSFIELD (2),L74687,0704,stop,2026-04-14,07:24:00,,
GUILDFORD - EARLSFIELD (2),L74687,0704,stop,2026-04-23,07:24:00,,
GUILDFORD - EARLSFIELD (2),L74687,0704,stop,2026-04-30,07:24:00,,
GUILDFORD - EARLSFIELD (2),L74687,0704,stop,2026-04-03,07:24:00,,
GUILDFORD - EARLSFIELD (2),L74687,0704,stop,2026-04-17,07:24:00,,
GUILDFORD - EARLSFIELD (2),L74687,0704,stop,2026-04-07,07:24:00,,
GUILDFORD - EARLSFIELD (2),L74687,0704,stop,2026-04-28,07:24:00,,
GUILDFORD - EARLSFIELD (2),L74687,0704,stop,2026-04-02,07:24:00,,
GUILDFORD - EARLSFIELD (2),L74687,0704,stop,2026-04-15,07:24:00,,
GUILDFORD - EARLSFIELD (2),L74687,0704,stop,2026-04-13,07:24:00,,
GUILDFORD - EARLSFIELD (2),L74687,0704,stop,2026-04-20,07:24:00,,
GUILDFORD - EARLSFIELD (2),L74687,0704,stop,2026-04-01,07:24:00,,
GUILDFORD - EARLSFIELD (2),L74687,0704,stop,2026-04-24,07:24:00,,
GUILDFORD - EARLSFIELD (2),L74687,0704,stop,2026-04-16,07:24:00,,
GUILDFORD - EARLSFIELD (2),L74687,0704,stop,2026-04-27,07:24:00,,
GUILDFORD - EARLSFIELD (2),L74687,0704,stop,2026-04-22,07:24:00,,
GUILDFORD - EARLSFIELD (2),L74687,0704,stop,2026-04-10,07:24:00,,
GUILDFORD - EARLSFIELD (2),L74687,0704,stop,2026-04-21,07:24:00,,
GUILDFORD - EARLSFIELD (2),L74687,0704,stop,2026-04-08,07:24:00,,
GUILDFORD - EARLSFIELD (2),L74687,0704,stop,2026-04-06,07:24:00,,
GUILDFORD - EARLSFIELD,L74688,0704,stop,2026-04-18,07:26:00,,
GUILDFORD - EARLSFIELD,L74688,0704,stop,2026-04-25,07:26:00,,
GUILDFORD - EARLSFIELD,Q51604,0704,stop,2026-04-06,07:26:00,,
GUILDFORD - EARLSFIELD,L74688,0704,stop,2026-04-11,07:26:00,,
GUILDFORD - EARLSFIELD,L74688,0704,stop,2026-04-04,07:26:00,,
GUILDFORD - EARLSFIELD,Q39172,0704,stop,2026-04-03,07:26:00,,
EARLSFIELD - GUILDFORD,L74677,0703,stop,2026-04-18,07:31:00,,
EARLSFIELD - GUILDFORD (2),L74678,0657,stop,2026-04-05,07:31:00,,
EARLSFIELD - GUILDFORD,Q39772,0703,stop,2026-04-03,07:31:00,,
EARLSFIELD - GUILDFORD,L74677,0703,stop,2026-04-25,07:31:00,,
EARLSFIELD - GUILDFORD,L74677,0703,stop,2026-04-04,07:31:00,,
EARLSFIELD - GUILDFORD,Q51607,0703,stop,2026-04-06,07:31:00,,
EARLSFIELD - GUILDFORD,L74677,0703,stop,2026-04-11,07:31:00,,
EARLSFIELD - GUILDFORD,L74676,0703,stop,2026-04-10,07:32:00,,
EARLSFIELD - GUILDFORD,L74676,0703,stop,2026-04-29,07:32:00,,
EARLSFIELD - GUILDFORD,L74676,0703,stop,2026-04-09,07:32:00,,
EARLSFIELD - GUILDFORD,L74676,0703,stop,2026-04-08,07:32:00,,
EARLSFIELD - GUILDFORD,L74676,0703,stop,2026-04-28,07:32:00,,
EARLSFIELD - GUILDFORD,L74676,0703,stop,2026-04-17,07:32:00,,
EARLSFIELD - GUILDFORD,L74676,0703,stop,2026-04-01,07:32:00,,
EARLSFIELD - GUILDFORD,L74676,0703,stop,2026-04-21,07:32:00,,
EARLSFIELD - GUILDFORD,L74676,0703,stop,2026-04-15,07:32:00,,
EARLSFIELD - GUILDFORD,L74676,0703,stop,2026-04-20,07:32:00,,
EARLSFIELD - GUILDFORD,L74676,0703,stop,2026-04-13,07:32:00,,
EARLSFIELD - GUILDFORD,L74676,0703,stop,2026-04-07,07:32:00,,
EARLSFIELD - GUILDFORD,L74676,0703,stop,2026-04-24,07:32:00,,
EARLSFIELD - GUILDFORD,L74676,0703,stop,2026-04-27,07:32:00,,
EARLSFIELD - GUILDFORD,L74676,0703,stop,2026-04-30,07:32:00,,
EARLSFIELD - GUILDFORD,L74676,0703,stop,2026-04-22,07:32:00,,
EARLSFIELD - GUILDFORD,L74676,0703,stop,2026-04-02,07:32:00,,
EARLSFIELD - GUILDFORD,L74676,0703,stop,2026-04-06,07:32:00,,
EARLSFIELD - GUILDFORD,L74676,0703,stop,2026-04-03,07:32:00,,
EARLSFIELD - GUILDFORD,L74676,0703,stop,2026-04-23,07:32:00,,
EARLSFIELD - GUILDFORD,L74676,0703,stop,2026-04-14,07:32:00,,
EARLSFIELD - GUILDFORD,L74676,0703,stop,2026-04-16,07:32:00,,
SURBITON - GUILDFORD,L74678,0716,stop,2026-04-19,07:36:00,,
SURBITON - GUILDFORD,L74678,0716,stop,2026-04-12,07:36:00,,
SURBITON - GUILDFORD,L74678,0716,stop,2026-04-26,07:36:00,,
GUILDFORD - EARLSFIELD (2),L74691,0734,stop,2026-04-23,07:54:00,,
GUILDFORD - EARLSFIELD (2),L74691,0734,stop,2026-04-09,07:54:00,,
GUILDFORD - EARLSFIELD (2),L74691,0734,stop,2026-04-15,07:54:00,,
GUILDFORD - EARLSFIELD (2),L74691,0734,stop,2026-04-17,07:54:00,,
GUILDFORD - EARLSFIELD (2),L74691,0734,stop,2026-04-08,07:54:00,,
GUILDFORD - EARLSFIELD (2),L74691,0734,stop,2026-04-30,07:54:00,,
GUILDFORD - EARLSFIELD (2),L74691,0734,stop,2026-04-29,07:54:00,,
GUILDFORD - EARLSFIELD (2),L74691,0734,stop,2026-04-03,07:54:00,,
GUILDFORD - EARLSFIELD (2),L74691,0734,stop,2026-04-02,07:54:00,,
GUILDFORD - EARLSFIELD (2),L74691,0734,stop,2026-04-28,07:54:00,,
GUILDFORD - EARLSFIELD (2),L74691,0734,stop,2026-04-14,07:54:00,,
GUILDFORD - EARLSFIELD (2),L74691,0734,stop,2026-04-20,07:54:00,,
GUILDFORD - EARLSFIELD (2),L74691,0734,stop,2026-04-10,07:54:00,,
GUILDFORD - EARLSFIELD (2),L74691,0734,stop,2026-04-06,07:54:00,,
GUILDFORD - EARLSFIELD (2),L74691,0734,stop,2026-04-27,07:54:00,,
GUILDFORD - EARLSFIELD (2),L74691,0734,stop,2026-04-21,07:54:00,,
GUILDFORD - EARLSFIELD (2),L74691,0734,stop,2026-04-01,07:54:00,,
GUILDFORD - EARLSFIELD (2),L74691,0734,stop,2026-04-16,07:54:00,,
GUILDFORD - EARLSFIELD (2),L74691,0734,stop,2026-04-07,07:54:00,,
GUILDFORD - EARLSFIELD (2),L74691,0734,stop,2026-04-13,07:54:00,,
GUILDFORD - EARLSFIELD (2),L74691,0734,stop,2026-04-22,07:54:00,,
GUILDFORD - EARLSFIELD (2),L74691,0734,stop,2026-04-24,07:54:00,,
GUILDFORD - EARLSFIELD,L74692,0734,stop,2026-04-04,07:56:00,,
GUILDFORD - EARLSFIELD,Q51284,0734,stop,2026-04-06,07:56:00,,
GUILDFORD - EARLSFIELD,L74692,0734,stop,2026-04-11,07:56:00,,
GUILDFORD - EARLSFIELD,L74692,0734,stop,2026-04-18,07:56:00,,
GUILDFORD - EARLSFIELD,Q88847,0734,stop,2026-04-03,07:56:00,,
GUILDFORD - EARLSFIELD,L74692,0734,stop,2026-04-25,07:56:00,,
GUILDFORD - EARLSFIELD (3),L74693,0737,stop,2026-04-05,07:59:00,,
EARLSFIELD - GUILDFORD,L74680,0733,stop,2026-04-29,08:01:00,,
EARLSFIELD - GUILDFORD,L74680,0733,stop,2026-04-22,08:01:00,,
EARLSFIELD - GUILDFORD,L74680,0733,stop,2026-04-30,08:01:00,,
EARLSFIELD - GUILDFORD,L74680,0733,stop,2026-04-09,08:01:00,,
EARLSFIELD - GUILDFORD,L74680,0733,stop,2026-04-03,08:01:00,,
EARLSFIELD - GUILDFORD,L74680,0733,stop,2026-04-06,08:01:00,,
EARLSFIELD - GUILDFORD,L74680,0733,stop,2026-04-27,08:01:00,,
EARLSFIELD - GUILDFORD,L74680,0733,stop,2026-04-10,08:01:00,,
EARLSFIELD - GUILDFORD,L74680,0733,stop,2026-04-23,08:01:00,,
EARLSFIELD - GUILDFORD,L74680,0733,stop,2026-04-02,08:01:00,,
EARLSFIELD - GUILDFORD,L74680,0733,stop,2026-04-17,08:01:00,,
EARLSFIELD - GUILDFORD,L74680,0733,stop,2026-04-07,08:01:00,,
EARLSFIELD - GUILDFORD,L74680,0733,stop,2026-04-15,08:01:00,,
EARLSFIELD - GUILDFORD,L74680,0733,stop,2026-04-08,08:01:00,,
EARLSFIELD - GUILDFORD,L74680,0733,stop,2026-04-28,08:01:00,,
EARLSFIELD - GUILDFORD,L74680,0733,stop,2026-04-14,08:01:00,,
EARLSFIELD - GUILDFORD,L74680,0733,stop,2026-04-20,08:01:00,,
EARLSFIELD - GUILDFORD,L74680,0733,stop,2026-04-01,08:01:00,,
EARLSFIELD - GUILDFORD,L74680,0733,stop,2026-04-24,08:01:00,,
EARLSFIELD - GUILDFORD,L74680,0733,stop,2026-04-16,08:01:00,,
EARLSFIELD - GUILDFORD,L74680,0733,stop,2026-04-21,08:01:00,,
EARLSFIELD - GUILDFORD,L74680,0733,stop,2026-04-13,08:01:00,,
EARLSFIELD - GUILDFORD,Q38900,0733,stop,2026-04-03,08:02:00,,
EARLSFIELD - GUILDFORD,Q51335,0733,stop,2026-04-06,08:02:00,,
EARLSFIELD - GUILDFORD,L74681,0733,stop,2026-04-04,08:02:00,,
EARLSFIELD - GUILDFORD,L74681,0733,stop,2026-04-25,08:02:00,,
EARLSFIELD - GUILDFORD,L74681,0733,stop,2026-04-11,08:02:00,,
EARLSFIELD - GUILDFORD,L74681,0733,stop,2026-04-18,08:02:00,,
GUILDFORD - SURBITON,L74693,0750,stop,2026-04-19,08:10:00,,
GUILDFORD - SURBITON,L74693,0750,stop,2026-04-12,08:10:00,,
GUILDFORD - SURBITON,L74693,0750,stop,2026-04-26,08:10:00,,
GUILDFORD - EARLSFIELD,L74698,0804,stop,2026-04-13,08:24:00,,
GUILDFORD - EARLSFIELD,L74698,0804,stop,2026-04-24,08:24:00,,
GUILDFORD - EARLSFIELD,L74698,0804,stop,2026-04-09,08:24:00,,
GUILDFORD - EARLSFIELD,L74698,0804,stop,2026-04-01,08:24:00,,
GUILDFORD - EARLSFIELD,L74698,0804,stop,2026-04-14,08:24:00,,
GUILDFORD - EARLSFIELD,L74698,0804,stop,2026-04-07,08:24:00,,
GUILDFORD - EARLSFIELD,L74698,0804,stop,2026-04-29,08:24:00,,
GUILDFORD - EARLSFIELD,L74698,0804,stop,2026-04-10,08:24:00,,
GUILDFORD - EARLSFIELD,L74698,0804,stop,2026-04-27,08:24:00,,
GUILDFORD - EARLSFIELD,L74698,0804,stop,2026-04-22,08:24:00,,
GUILDFORD - EARLSFIELD,L74698,0804,stop,2026-04-21,08:24:00,,
GUILDFORD - EARLSFIELD,L74698,0804,stop,2026-04-30,08:24:00,,
GUILDFORD - EARLSFIELD,L74698,0804,stop,2026-04-16,08:24:00,,
GUILDFORD - EARLSFIELD,L74698,0804,stop,2026-04-08,08:24:00,,
GUILDFORD - EARLSFIELD,L74698,0804,stop,2026-04-15,08:24:00,,
GUILDFORD - EARLSFIELD,L74698,0804,stop,2026-04-20,08:24:00,,
GUILDFORD - EARLSFIELD,L74698,0804,stop,2026-04-23,08:24:00,,
GUILDFORD - EARLSFIELD,L74698,0804,stop,2026-04-17,08:24:00,,
GUILDFORD - EARLSFIELD,L74698,0804,stop,2026-04-28,08:24:00,,
GUILDFORD - EARLSFIELD,L74698,0804,stop,2026-04-02,08:24:00,,
GUILDFORD - EARLSFIELD,L74698,0804,stop,2026-04-03,08:24:00,,
GUILDFORD - EARLSFIELD,L74698,0804,stop,2026-04-06,08:24:00,,
GUILDFORD - EARLSFIELD,Q51100,0804,stop,2026-04-06,08:26:00,,
GUILDFORD - EARLSFIELD,L74699,0804,stop,2026-04-11,08:26:00,,
GUILDFORD - EARLSFIELD,Q38875,0804,stop,2026-04-03,08:26:00,,
GUILDFORD - EARLSFIELD,L74699,0804,stop,2026-04-25,08:26:00,,
GUILDFORD - EARLSFIELD,L74699,0804,stop,2026-04-04,08:26:00,,
GUILDFORD - EARLSFIELD,L74699,0804,stop,2026-04-18,08:26:00,,
EARLSFIELD - GUILDFORD (2),L74686,0757,stop,2026-04-05,08:31:00,,
EARLSFIELD - GUILDFORD,P61723,0803,stop,2026-04-21,08:32:00,,
EARLSFIELD - GUILDFORD,P61723,0803,stop,2026-04-23,08:32:00,,
EARLSFIELD - GUILDFORD,P61723,0803,stop,2026-04-16,08:32:00,,
EARLSFIELD - GUILDFORD,P61723,0803,stop,2026-04-17,08:32:00,,
EARLSFIELD - GUILDFORD,L74685,0803,stop,2026-04-18,08:32:00,,
EARLSFIELD - GUILDFORD,P61723,0803,stop,2026-04-30,08:32:00,,
EARLSFIELD - GUILDFORD,P61723,0803,stop,2026-04-29,08:32:00,,
EARLSFIELD - GUILDFORD,P61723,0803,stop,2026-04-28,08:32:00,,
EARLSFIELD - GUILDFORD,P61723,0803,stop,2026-04-22,08:32:00,,
EARLSFIELD - GUILDFORD,P61723,0803,stop,2026-04-27,08:32:00,,
EARLSFIELD - GUILDFORD,P61723,0803,stop,2026-04-20,08:32:00,,
EARLSFIELD - GUILDFORD,P61723,0803,stop,2026-04-09,08:32:00,,
EARLSFIELD - GUILDFORD,P61723,0803,stop,2026-04-07,08:32:00,,
EARLSFIELD - GUILDFORD,P61723,0803,stop,2026-04-24,08:32:00,,
EARLSFIELD - GUILDFORD,P61723,0803,stop,2026-04-03,08:32:00,,
EARLSFIELD - GUILDFORD,Q51104,0803,stop,2026-04-06,08:32:00,,
EARLSFIELD - GUILDFORD,L74685,0803,stop,2026-04-11,08:32:00,,
EARLSFIELD - GUILDFORD,L74685,0803,stop,2026-04-04,08:32:00,,
EARLSFIELD - GUILDFORD,Q38876,0803,stop,2026-04-03,08:32:00,,
EARLSFIELD - GUILDFORD,P61723,0803,stop,2026-04-02,08:32:00,,
EARLSFIELD - GUILDFORD,P61723,0803,stop,2026-04-15,08:32:00,,
EARLSFIELD - GUILDFORD,P61723,0803,stop,2026-04-06,08:32:00,,
EARLSFIELD - GUILDFORD,P61723,0803,stop,2026-04-10,08:32:00,,
EARLSFIELD - GUILDFORD,P61723,0803,stop,2026-04-08,08:32:00,,
EARLSFIELD - GUILDFORD,P61723,0803,stop,2026-04-01,08:32:00,,
EARLSFIELD - GUILDFORD,P61723,0803,stop,2026-04-14,08:32:00,,
EARLSFIELD - GUILDFORD,L74685,0803,stop,2026-04-25,08:32:00,,
EARLSFIELD - GUILDFORD,P61723,0803,stop,2026-04-13,08:32:00,,
RAYNES PARK - GUILDFORD,L74686,0802,stop,2026-04-19,08:36:00,,
RAYNES PARK - GUILDFORD,L74686,0802,stop,2026-04-26,08:36:00,,
RAYNES PARK - GUILDFORD,L74686,0802,stop,2026-04-12,08:36:00,,
GUILDFORD - EARLSFIELD,L74702,0834,stop,2026-04-10,08:54:00,,
GUILDFORD - EARLSFIELD,L74702,0834,stop,2026-04-21,08:54:00,,
GUILDFORD - EARLSFIELD,L74702,0834,stop,2026-04-13,08:54:00,,
GUILDFORD - EARLSFIELD,L74702,0834,stop,2026-04-03,08:54:00,,
GUILDFORD - EARLSFIELD,L74702,0834,stop,2026-04-23,08:54:00,,
GUILDFORD - EARLSFIELD,L74702,0834,stop,2026-04-29,08:54:00,,
GUILDFORD - EARLSFIELD,L74702,0834,stop,2026-04-28,08:54:00,,
GUILDFORD - EARLSFIELD,L74702,0834,stop,2026-04-15,08:54:00,,
GUILDFORD - EARLSFIELD,L74702,0834,stop,2026-04-22,08:54:00,,
GUILDFORD - EARLSFIELD,L74702,0834,stop,2026-04-30,08:54:00,,
GUILDFORD - EARLSFIELD,L74702,0834,stop,2026-04-07,08:54:00,,
GUILDFORD - EARLSFIELD,L74702,0834,stop,2026-04-27,08:54:00,,
GUILDFORD - EARLSFIELD,L74702,0834,stop,2026-04-06,08:54:00,,
GUILDFORD - EARLSFIELD,L74702,0834,stop,2026-04-01,08:54:00,,
GUILDFORD - EARLSFIELD,L74702,0834,stop,2026-04-08,08:54:00,,
GUILDFORD - EARLSFIELD,L74702,0834,stop,2026-04-20,08:54:00,,
GUILDFORD - EARLSFIELD,L74702,0834,stop,2026-04-17,08:54:00,,
GUILDFORD - EARLSFIELD,L74702,0834,stop,2026-04-16,08:54:00,,
GUILDFORD - EARLSFIELD,L74702,0834,stop,2026-04-09,08:54:00,,
GUILDFORD - EARLSFIELD,L74702,0834,stop,2026-04-24,08:54:00,,
GUILDFORD - EARLSFIELD,L74702,0834,stop,2026-04-14,08:54:00,,
GUILDFORD - EARLSFIELD,L74702,0834,stop,2026-04-02,08:54:00,,
GUILDFORD - EARLSFIELD,L74703,0834,stop,2026-04-18,08:56:00,,
GUILDFORD - EARLSFIELD,L74703,0834,stop,2026-04-04,08:56:00,,
GUILDFORD - EARLSFIELD,L74703,0834,stop,2026-04-11,08:56:00,,
GUILDFORD - EARLSFIELD,L74703,0834,stop,2026-04-25,08:56:00,,
GUILDFORD - EARLSFIELD,Q38841,0834,stop,2026-04-03,08:56:00,,
GUILDFORD - EARLSFIELD,Q51030,0834,stop,2026-04-06,08:56:00,,
GUILDFORD - EARLSFIELD (3),L74704,0839,stop,2026-04-05,08:59:00,,
EARLSFIELD - GUILDFORD,L74689,0833,stop,2026-04-30,09:02:00,,
EARLSFIELD - GUILDFORD,L74689,0833,stop,2026-04-03,09:02:00,,
EARLSFIELD - GUILDFORD,Q38842,0833,stop,2026-04-03,09:02:00,,
EARLSFIELD - GUILDFORD,L74689,0833,stop,2026-04-21,09:02:00,,
EARLSFIELD - GUILDFORD,L74689,0833,stop,2026-04-20,09:02:00,,
EARLSFIELD - GUILDFORD,Q51033,0833,stop,2026-04-06,09:02:00,,
EARLSFIELD - GUILDFORD,L74689,0833,stop,2026-04-28,09:02:00,,
EARLSFIELD - GUILDFORD,L74689,0833,stop,2026-04-27,09:02:00,,
EARLSFIELD - GUILDFORD,L74689,0833,stop,2026-04-24,09:02:00,,
EARLSFIELD - GUILDFORD,L74690,0833,stop,2026-04-18,09:02:00,,
EARLSFIELD - GUILDFORD,L74689,0833,stop,2026-04-07,09:02:00,,
EARLSFIELD - GUILDFORD,L74689,0833,stop,2026-04-10,09:02:00,,
EARLSFIELD - GUILDFORD,L74689,0833,stop,2026-04-17,09:02:00,,
EARLSFIELD - GUILDFORD,L74690,0833,stop,2026-04-11,09:02:00,,
EARLSFIELD - GUILDFORD,L74690,0833,stop,2026-04-04,09:02:00,,
EARLSFIELD - GUILDFORD,L74689,0833,stop,2026-04-13,09:02:00,,
EARLSFIELD - GUILDFORD,L74689,0833,stop,2026-04-15,09:02:00,,
EARLSFIELD - GUILDFORD,L74689,0833,stop,2026-04-06,09:02:00,,
EARLSFIELD - GUILDFORD,L74689,0833,stop,2026-04-14,09:02:00,,
EARLSFIELD - GUILDFORD,L74690,0833,stop,2026-04-25,09:02:00,,
EARLSFIELD - GUILDFORD,L74689,0833,stop,2026-04-16,09:02:00,,
EARLSFIELD - GUILDFORD,L74689,0833,stop,2026-04-22,09:02:00,,
EARLSFIELD - GUILDFORD,L74689,0833,stop,2026-04-29,09:02:00,,
EARLSFIELD - GUILDFORD,L74689,0833,stop,2026-04-08,09:02:00,,
EARLSFIELD - GUILDFORD,L74689,0833,stop,2026-04-09,09:02:00,,
EARLSFIELD - GUILDFORD,L74689,0833,stop,2026-04-23,09:02:00,,
EARLSFIELD - GUILDFORD,L74689,0833,stop,2026-04-02,09:02:00,,
EARLSFIELD - GUILDFORD,L74689,0833,stop,2026-04-01,09:02:00,,
GUILDFORD - SURBITON,L74704,0850,stop,2026-04-26,09:10:00,,
GUILDFORD - SURBITON,L74704,0850,stop,2026-04-19,09:10:00,,
GUILDFORD - SURBITON,L74704,0850,stop,2026-04-12,09:10:00,,
GUILDFORD - EARLSFIELD,L74708,0904,stop,2026-04-23,09:26:00,,
GUILDFORD - EARLSFIELD,L74708,0904,stop,2026-04-17,09:26:00,,
GUILDFORD - EARLSFIELD,L74708,0904,stop,2026-04-29,09:26:00,,
GUILDFORD - EARLSFIELD,L74709,0904,stop,2026-04-11,09:26:00,,
GUILDFORD - EARLSFIELD,L74708,0904,stop,2026-04-22,09:26:00,,
GUILDFORD - EARLSFIELD,L74708,0904,stop,2026-04-27,09:26:00,,
GUILDFORD - EARLSFIELD,Q38818,0904,stop,2026-04-03,09:26:00,,
GUILDFORD - EARLSFIELD,L74708,0904,stop,2026-04-21,09:26:00,,
GUILDFORD - EARLSFIELD,Q50967,0904,stop,2026-04-06,09:26:00,,
GUILDFORD - EARLSFIELD,L74708,0904,stop,2026-04-06,09:26:00,,
GUILDFORD - EARLSFIELD,L74708,0904,stop,2026-04-08,09:26:00,,
GUILDFORD - EARLSFIELD,L74708,0904,stop,2026-04-14,09:26:00,,
GUILDFORD - EARLSFIELD,L74708,0904,stop,2026-04-01,09:26:00,,
GUILDFORD - EARLSFIELD,L74709,0904,stop,2026-04-25,09:26:00,,
GUILDFORD - EARLSFIELD,L74708,0904,stop,2026-04-09,09:26:00,,
GUILDFORD - EARLSFIELD,L74708,0904,stop,2026-04-03,09:26:00,,
GUILDFORD - EARLSFIELD,L74708,0904,stop,2026-04-16,09:26:00,,
GUILDFORD - EARLSFIELD,L74708,0904,stop,2026-04-10,09:26:00,,
GUILDFORD - EARLSFIELD,L74708,0904,stop,2026-04-13,09:26:00,,
GUILDFORD - EARLSFIELD,L74708,0904,stop,2026-04-24,09:26:00,,
GUILDFORD - EARLSFIELD,L74708,0904,stop,2026-04-28,09:26:00,,
GUILDFORD - EARLSFIELD,L74708,0904,stop,2026-04-07,09:26:00,,
GUILDFORD - EARLSFIELD,L74708,0904,stop,2026-04-15,09:26:00,,
GUILDFORD - EARLSFIELD,L74708,0904,stop,2026-04-20,09:26:00,,
GUILDFORD - EARLSFIELD,L74708,0904,stop,2026-04-02,09:26:00,,
GUILDFORD - EARLSFIELD,L74709,0904,stop,2026-04-04,09:26:00,,
GUILDFORD - EARLSFIELD,L74708,0904,stop,2026-04-30,09:26:00,,
GUILDFORD - EARLSFIELD,L74709,0904,stop,2026-04-18,09:26:00,,
EARLSFIELD - GUILDFORD (2),L74697,0857,stop,2026-04-05,09:31:00,,
EARLSFIELD - GUILDFORD,L74696,0903,stop,2026-04-18,09:32:00,,
EARLSFIELD - GUILDFORD,Q50972,0903,stop,2026-04-06,09:32:00,,
EARLSFIELD - GUILDFORD,P61724,0903,stop,2026-04-06,09:32:00,,
EARLSFIELD - GUILDFORD,P61724,0903,stop,2026-04-07,09:32:00,,
EARLSFIELD - GUILDFORD,P61724,0903,stop,2026-04-30,09:32:00,,
EARLSFIELD - GUILDFORD,P61724,0903,stop,2026-04-14,09:32:00,,
EARLSFIELD - GUILDFORD,P61724,0903,stop,2026-04-28,09:32:00,,
EARLSFIELD - GUILDFORD,L74696,0903,stop,2026-04-25,09:32:00,,
EARLSFIELD - GUILDFORD,P61724,0903,stop,2026-04-27,09:32:00,,
EARLSFIELD - GUILDFORD,P61724,0903,stop,2026-04-02,09:32:00,,
EARLSFIELD - GUILDFORD,P61724,0903,stop,2026-04-29,09:32:00,,
EARLSFIELD - GUILDFORD,P61724,0903,stop,2026-04-20,09:32:00,,
EARLSFIELD - GUILDFORD,P61724,0903,stop,2026-04-15,09:32:00,,
EARLSFIELD - GUILDFORD,P61724,0903,stop,2026-04-08,09:32:00,,
EARLSFIELD - GUILDFORD,P61724,0903,stop,2026-04-03,09:32:00,,
EARLSFIELD - GUILDFORD,L74696,0903,stop,2026-04-11,09:32:00,,
EARLSFIELD - GUILDFORD,P61724,0903,stop,2026-04-16,09:32:00,,
EARLSFIELD - GUILDFORD,P61724,0903,stop,2026-04-21,09:32:00,,
EARLSFIELD - GUILDFORD,Q38819,0903,stop,2026-04-03,09:32:00,,
EARLSFIELD - GUILDFORD,P61724,0903,stop,2026-04-17,09:32:00,,
EARLSFIELD - GUILDFORD,P61724,0903,stop,2026-04-10,09:32:00,,
EARLSFIELD - GUILDFORD,P61724,0903,stop,2026-04-23,09:32:00,,
EARLSFIELD - GUILDFORD,P61724,0903,stop,2026-04-01,09:32:00,,
EARLSFIELD - GUILDFORD,L74696,0903,stop,2026-04-04,09:32:00,,
EARLSFIELD - GUILDFORD,P61724,0903,stop,2026-04-24,09:32:00,,
EARLSFIELD - GUILDFORD,P61724,0903,stop,2026-04-22,09:32:00,,
EARLSFIELD - GUILDFORD,P61724,0903,stop,2026-04-13,09:32:00,,
EARLSFIELD - GUILDFORD,P61724,0903,stop,2026-04-09,09:32:00,,
SURBITON - GUILDFORD,L74697,0913,stop,2026-04-12,09:36:00,,
SURBITON - GUILDFORD,L74697,0913,stop,2026-04-19,09:36:00,,
SURBITON - GUILDFORD,L74697,0913,stop,2026-04-26,09:36:00,,
GUILDFORD - EARLSFIELD,L74712,0934,stop,2026-04-08,09:56:00,,
GUILDFORD - EARLSFIELD,L74712,0934,stop,2026-04-23,09:56:00,,
GUILDFORD - EARLSFIELD,L74712,0934,stop,2026-04-02,09:56:00,,
GUILDFORD - EARLSFIELD,L74713,0934,stop,2026-04-11,09:56:00,,
GUILDFORD - EARLSFIELD,L74713,0934,stop,2026-04-18,09:56:00,,
GUILDFORD - EARLSFIELD,L74712,0934,stop,2026-04-15,09:56:00,,
GUILDFORD - EARLSFIELD,L74712,0934,stop,2026-04-30,09:56:00,,
GUILDFORD - EARLSFIELD,L74712,0934,stop,2026-04-27,09:56:00,,
GUILDFORD - EARLSFIELD,L74713,0934,stop,2026-04-25,09:56:00,,
GUILDFORD - EARLSFIELD,L74712,0934,stop,2026-04-01,09:56:00,,
GUILDFORD - EARLSFIELD,L74712,0934,stop,2026-04-13,09:56:00,,
GUILDFORD - EARLSFIELD,L74712,0934,stop,2026-04-22,09:56:00,,
GUILDFORD - EARLSFIELD,L74712,0934,stop,2026-04-14,09:56:00,,
GUILDFORD - EARLSFIELD,L74712,0934,stop,2026-04-20,09:56:00,,
GUILDFORD - EARLSFIELD,Q50894,0934,stop,2026-04-06,09:56:00,,
GUILDFORD - EARLSFIELD,L74712,0934,stop,2026-04-07,09:56:00,,
GUILDFORD - EARLSFIELD,L74712,0934,stop,2026-04-06,09:56:00,,
GUILDFORD - EARLSFIELD,L74712,0934,stop,2026-04-09,09:56:00,,
GUILDFORD - EARLSFIELD,L74712,0934,stop,2026-04-03,09:56:00,,
GUILDFORD - EARLSFIELD,L74712,0934,stop,2026-04-29,09:56:00,,
GUILDFORD - EARLSFIELD,L74712,0934,stop,2026-04-10,09:56:00,,
GUILDFORD - EARLSFIELD,Q88846,0934,stop,2026-04-03,09:56:00,,
GUILDFORD - EARLSFIELD,L74712,0934,stop,2026-04-16,09:56:00,,
GUILDFORD - EARLSFIELD,L74712,0934,stop,2026-04-24,09:56:00,,
GUILDFORD - EARLSFIELD,L74712,0934,stop,2026-04-21,09:56:00,,
GUILDFORD - EARLSFIELD,L74712,0934,stop,2026-04-28,09:56:00,,
GUILDFORD - EARLSFIELD,L74713,0934,stop,2026-04-04,09:56:00,,
GUILDFORD - EARLSFIELD,L74712,0934,stop,2026-04-17,09:56:00,,
GUILDFORD - EARLSFIELD (3),L74714,0939,stop,2026-04-05,09:59:00,,
EARLSFIELD - GUILDFORD,L74700,0933,stop,2026-04-03,10:02:00,,
EARLSFIELD - GUILDFORD,L74700,0933,stop,2026-04-20,10:02:00,,
EARLSFIELD - GUILDFORD,L74700,0933,stop,2026-04-14,10:02:00,,
EARLSFIELD - GUILDFORD,L74701,0933,stop,2026-04-25,10:02:00,,
EARLSFIELD - GUILDFORD,L74700,0933,stop,2026-04-13,10:02:00,,
EARLSFIELD - GUILDFORD,L74700,0933,stop,2026-04-30,10:02:00,,
EARLSFIELD - GUILDFORD,L74700,0933,stop,2026-04-15,10:02:00,,
EARLSFIELD - GUILDFORD,L74701,0933,stop,2026-04-11,10:02:00,,
EARLSFIELD - GUILDFORD,L74700,0933,stop,2026-04-01,10:02:00,,
EARLSFIELD - GUILDFORD,L74701,0933,stop,2026-04-04,10:02:00,,
EARLSFIELD - GUILDFORD,L74700,0933,stop,2026-04-21,10:02:00,,
EARLSFIELD - GUILDFORD,L74700,0933,stop,2026-04-27,10:02:00,,
EARLSFIELD - GUILDFORD,L74700,0933,stop,2026-04-29,10:02:00,,
EARLSFIELD - GUILDFORD,Q38796,0933,stop,2026-04-03,10:02:00,,
EARLSFIELD - GUILDFORD,L74700,0933,stop,2026-04-10,10:02:00,,
EARLSFIELD - GUILDFORD,L74700,0933,stop,2026-04-22,10:02:00,,
EARLSFIELD - GUILDFORD,L74700,0933,stop,2026-04-28,10:02:00,,
EARLSFIELD - GUILDFORD,L74700,0933,stop,2026-04-17,10:02:00,,
EARLSFIELD - GUILDFORD,L74701,0933,stop,2026-04-18,10:02:00,,
EARLSFIELD - GUILDFORD,L74700,0933,stop,2026-04-07,10:02:00,,
EARLSFIELD - GUILDFORD,L74700,0933,stop,2026-04-24,10:02:00,,
EARLSFIELD - GUILDFORD,L74700,0933,stop,2026-04-23,10:02:00,,
EARLSFIELD - GUILDFORD,L74700,0933,stop,2026-04-08,10:02:00,,
EARLSFIELD - GUILDFORD,L74700,0933,stop,2026-04-06,10:02:00,,
EARLSFIELD - GUILDFORD,L74700,0933,stop,2026-04-02,10:02:00,,
EARLSFIELD - GUILDFORD,L74700,0933,stop,2026-04-16,10:02:00,,
EARLSFIELD - GUILDFORD,L74700,0933,stop,2026-04-09,10:02:00,,
EARLSFIELD - GUILDFORD,Q50906,0933,stop,2026-04-06,10:02:00,,
GUILDFORD - SURBITON,L74714,0950,stop,2026-04-19,10:10:00,,
GUILDFORD - SURBITON,L74714,0950,stop,2026-04-12,10:10:00,,
GUILDFORD - SURBITON,L74714,0950,stop,2026-04-26,10:10:00,,
GUILDFORD - EARLSFIELD,L74718,1004,stop,2026-04-08,10:26:00,,
GUILDFORD - EARLSFIELD,L74719,1004,stop,2026-04-11,10:26:00,,
GUILDFORD - EARLSFIELD,L74719,1004,stop,2026-04-25,10:26:00,,
GUILDFORD - EARLSFIELD,L74718,1004,stop,2026-04-16,10:26:00,,
GUILDFORD - EARLSFIELD,L74718,1004,stop,2026-04-14,10:26:00,,
GUILDFORD - EARLSFIELD,L74718,1004,stop,2026-04-02,10:26:00,,
GUILDFORD - EARLSFIELD,L74718,1004,stop,2026-04-01,10:26:00,,
GUILDFORD - EARLSFIELD,L74719,1004,stop,2026-04-18,10:26:00,,
GUILDFORD - EARLSFIELD,L74718,1004,stop,2026-04-29,10:26:00,,
GUILDFORD - EARLSFIELD,L74718,1004,stop,2026-04-09,10:26:00,,
GUILDFORD - EARLSFIELD,L74718,1004,stop,2026-04-21,10:26:00,,
GUILDFORD - EARLSFIELD,L74718,1004,stop,2026-04-17,10:26:00,,
GUILDFORD - EARLSFIELD,L74718,1004,stop,2026-04-27,10:26:00,,
GUILDFORD - EARLSFIELD,L74719,1004,stop,2026-04-04,10:26:00,,
GUILDFORD - EARLSFIELD,L74718,1004,stop,2026-04-07,10:26:00,,
GUILDFORD - EARLSFIELD,L74718,1004,stop,2026-04-28,10:26:00,,
GUILDFORD - EARLSFIELD,L74718,1004,stop,2026-04-10,10:26:00,,
GUILDFORD - EARLSFIELD,L74718,1004,stop,2026-04-15,10:26:00,,
GUILDFORD - EARLSFIELD,L74718,1004,stop,2026-04-03,10:26:00,,
GUILDFORD - EARLSFIELD,Q50799,1004,stop,2026-04-06,10:26:00,,
GUILDFORD - EARLSFIELD,L74718,1004,stop,2026-04-06,10:26:00,,
GUILDFORD - EARLSFIELD,L74718,1004,stop,2026-04-23,10:26:00,,
GUILDFORD - EARLSFIELD,Q38773,1004,stop,2026-04-03,10:26:00,,
GUILDFORD - EARLSFIELD,L74718,1004,stop,2026-04-13,10:26:00,,
GUILDFORD - EARLSFIELD,L74718,1004,stop,2026-04-22,10:26:00,,
GUILDFORD - EARLSFIELD,L74718,1004,stop,2026-04-30,10:26:00,,
GUILDFORD - EARLSFIELD,L74718,1004,stop,2026-04-20,10:26:00,,
GUILDFORD - EARLSFIELD,L74718,1004,stop,2026-04-24,10:26:00,,
EARLSFIELD - GUILDFORD (2),L74707,0957,stop,2026-04-05,10:31:00,,
EARLSFIELD - GUILDFORD,P61726,1003,stop,2026-04-02,10:32:00,,
EARLSFIELD - GUILDFORD,P61726,1003,stop,2026-04-14,10:32:00,,
EARLSFIELD - GUILDFORD,P61726,1003,stop,2026-04-08,10:32:00,,
EARLSFIELD - GUILDFORD,P61726,1003,stop,2026-04-03,10:32:00,,
EARLSFIELD - GUILDFORD,P61726,1003,stop,2026-04-16,10:32:00,,
EARLSFIELD - GUILDFORD,P61726,1003,stop,2026-04-06,10:32:00,,
EARLSFIELD - GUILDFORD,P61726,1003,stop,2026-04-07,10:32:00,,
EARLSFIELD - GUILDFORD,Q50803,1003,stop,2026-04-06,10:32:00,,
EARLSFIELD - GUILDFORD,P61726,1003,stop,2026-04-15,10:32:00,,
EARLSFIELD - GUILDFORD,P61726,1003,stop,2026-04-23,10:32:00,,
EARLSFIELD - GUILDFORD,P61726,1003,stop,2026-04-09,10:32:00,,
EARLSFIELD - GUILDFORD,P61726,1003,stop,2026-04-29,10:32:00,,
EARLSFIELD - GUILDFORD,Q38774,1003,stop,2026-04-03,10:32:00,,
EARLSFIELD - GUILDFORD,P61726,1003,stop,2026-04-17,10:32:00,,
EARLSFIELD - GUILDFORD,P61726,1003,stop,2026-04-20,10:32:00,,
EARLSFIELD - GUILDFORD,P61726,1003,stop,2026-04-22,10:32:00,,
EARLSFIELD - GUILDFORD,P61726,1003,stop,2026-04-30,10:32:00,,
EARLSFIELD - GUILDFORD,P61726,1003,stop,2026-04-13,10:32:00,,
EARLSFIELD - GUILDFORD,P61726,1003,stop,2026-04-01,10:32:00,,
EARLSFIELD - GUILDFORD,L74706,1003,stop,2026-04-11,10:32:00,,
EARLSFIELD - GUILDFORD,L74706,1003,stop,2026-04-18,10:32:00,,
EARLSFIELD - GUILDFORD,P61726,1003,stop,2026-04-10,10:32:00,,
EARLSFIELD - GUILDFORD,L74706,1003,stop,2026-04-04,10:32:00,,
EARLSFIELD - GUILDFORD,P61726,1003,stop,2026-04-27,10:32:00,,
EARLSFIELD - GUILDFORD,P61726,1003,stop,2026-04-21,10:32:00,,
EARLSFIELD - GUILDFORD,P61726,1003,stop,2026-04-28,10:32:00,,
EARLSFIELD - GUILDFORD,L74706,1003,stop,2026-04-25,10:32:00,,
EARLSFIELD - GUILDFORD,P61726,1003,stop,2026-04-24,10:32:00,,
SURBITON - GUILDFORD,L74707,1013,stop,2026-04-19,10:36:00,,
SURBITON - GUILDFORD,L74707,1013,stop,2026-04-26,10:36:00,,
SURBITON - GUILDFORD,L74707,1013,stop,2026-04-12,10:36:00,,
GUILDFORD - EARLSFIELD,L74722,1034,stop,2026-04-17,10:56:00,,
GUILDFORD - EARLSFIELD,L74722,1034,stop,2026-04-24,10:56:00,,
GUILDFORD - EARLSFIELD,L74722,1034,stop,2026-04-01,10:56:00,,
GUILDFORD - EARLSFIELD,L74722,1034,stop,2026-04-14,10:56:00,,
GUILDFORD - EARLSFIELD,L74722,1034,stop,2026-04-28,10:56:00,,
GUILDFORD - EARLSFIELD,L74722,1034,stop,2026-04-16,10:56:00,,
GUILDFORD - EARLSFIELD,L74723,1034,stop,2026-04-11,10:56:00,,
GUILDFORD - EARLSFIELD,L74722,1034,stop,2026-04-22,10:56:00,,
GUILDFORD - EARLSFIELD,L74723,1034,stop,2026-04-18,10:56:00,,
GUILDFORD - EARLSFIELD,L74722,1034,stop,2026-04-20,10:56:00,,
GUILDFORD - EARLSFIELD,Q38751,1034,stop,2026-04-03,10:56:00,,
GUILDFORD - EARLSFIELD,L74722,1034,stop,2026-04-06,10:56:00,,
GUILDFORD - EARLSFIELD,Q50740,1034,stop,2026-04-06,10:56:00,,
GUILDFORD - EARLSFIELD,L74722,1034,stop,2026-04-10,10:56:00,,
GUILDFORD - EARLSFIELD,L74722,1034,stop,2026-04-07,10:56:00,,
GUILDFORD - EARLSFIELD,L74723,1034,stop,2026-04-25,10:56:00,,
GUILDFORD - EARLSFIELD,L74722,1034,stop,2026-04-21,10:56:00,,
GUILDFORD - EARLSFIELD,L74722,1034,stop,2026-04-03,10:56:00,,
GUILDFORD - EARLSFIELD,L74722,1034,stop,2026-04-15,10:56:00,,
GUILDFORD - EARLSFIELD,L74722,1034,stop,2026-04-08,10:56:00,,
GUILDFORD - EARLSFIELD,L74722,1034,stop,2026-04-02,10:56:00,,
GUILDFORD - EARLSFIELD,L74722,1034,stop,2026-04-27,10:56:00,,
GUILDFORD - EARLSFIELD,L74722,1034,stop,2026-04-23,10:56:00,,
GUILDFORD - EARLSFIELD,L74722,1034,stop,2026-04-29,10:56:00,,
GUILDFORD - EARLSFIELD,L74722,1034,stop,2026-04-13,10:56:00,,
GUILDFORD - EARLSFIELD,L74723,1034,stop,2026-04-04,10:56:00,,
GUILDFORD - EARLSFIELD,L74722,1034,stop,2026-04-09,10:56:00,,
GUILDFORD - EARLSFIELD,L74722,1034,stop,2026-04-30,10:56:00,,
GUILDFORD - EARLSFIELD (3),L74724,1039,stop,2026-04-05,10:59:00,,
EARLSFIELD - GUILDFORD,L74710,1033,stop,2026-04-07,11:02:00,,
EARLSFIELD - GUILDFORD,L74710,1033,stop,2026-04-16,11:02:00,,
EARLSFIELD - GUILDFORD,L74710,1033,stop,2026-04-15,11:02:00,,
EARLSFIELD - GUILDFORD,L74710,1033,stop,2026-04-02,11:02:00,,
EARLSFIELD - GUILDFORD,L74710,1033,stop,2026-04-14,11:02:00,,
EARLSFIELD - GUILDFORD,L74711,1033,stop,2026-04-18,11:02:00,,
EARLSFIELD - GUILDFORD,L74710,1033,stop,2026-04-17,11:02:00,,
EARLSFIELD - GUILDFORD,L74710,1033,stop,2026-04-29,11:02:00,,
EARLSFIELD - GUILDFORD,L74710,1033,stop,2026-04-21,11:02:00,,
EARLSFIELD - GUILDFORD,L74711,1033,stop,2026-04-25,11:02:00,,
EARLSFIELD - GUILDFORD,L74710,1033,stop,2026-04-30,11:02:00,,
EARLSFIELD - GUILDFORD,L74710,1033,stop,2026-04-08,11:02:00,,
EARLSFIELD - GUILDFORD,L74710,1033,stop,2026-04-28,11:02:00,,
EARLSFIELD - GUILDFORD,L74710,1033,stop,2026-04-24,11:02:00,,
EARLSFIELD - GUILDFORD,L74711,1033,stop,2026-04-04,11:02:00,,
EARLSFIELD - GUILDFORD,L74710,1033,stop,2026-04-20,11:02:00,,
EARLSFIELD - GUILDFORD,L74710,1033,stop,2026-04-13,11:02:00,,
EARLSFIELD - GUILDFORD,L74710,1033,stop,2026-04-22,11:02:00,,
EARLSFIELD - GUILDFORD,L74710,1033,stop,2026-04-09,11:02:00,,
EARLSFIELD - GUILDFORD,L74710,1033,stop,2026-04-23,11:02:00,,
EARLSFIELD - GUILDFORD,L74710,1033,stop,2026-04-10,11:02:00,,
EARLSFIELD - GUILDFORD,L74710,1033,stop,2026-04-06,11:02:00,,
EARLSFIELD - GUILDFORD,Q50744,1033,stop,2026-04-06,11:02:00,,
EARLSFIELD - GUILDFORD,L74710,1033,stop,2026-04-01,11:02:00,,
EARLSFIELD - GUILDFORD,Q38752,1033,stop,2026-04-03,11:02:00,,
EARLSFIELD - GUILDFORD,L74710,1033,stop,2026-04-03,11:02:00,,
EARLSFIELD - GUILDFORD,L74711,1033,stop,2026-04-11,11:02:00,,
EARLSFIELD - GUILDFORD,L74710,1033,stop,2026-04-27,11:02:00,,
GUILDFORD - SURBITON,L74724,1050,stop,2026-04-26,11:10:00,,
GUILDFORD - SURBITON,L74724,1050,stop,2026-04-12,11:10:00,,
GUILDFORD - SURBITON,L74724,1050,stop,2026-04-19,11:10:00,,
GUILDFORD - EARLSFIELD,L74728,1104,stop,2026-04-13,11:26:00,,
GUILDFORD - EARLSFIELD,L74728,1104,stop,2026-04-17,11:26:00,,
GUILDFORD - EARLSFIELD,L74728,1104,stop,2026-04-07,11:26:00,,
GUILDFORD - EARLSFIELD,Q50677,1104,stop,2026-04-06,11:26:00,,
GUILDFORD - EARLSFIELD,L74728,1104,stop,2026-04-03,11:26:00,,
GUILDFORD - EARLSFIELD,Q38728,1104,stop,2026-04-03,11:26:00,,
GUILDFORD - EARLSFIELD,L74728,1104,stop,2026-04-28,11:26:00,,
GUILDFORD - EARLSFIELD,L74728,1104,stop,2026-04-14,11:26:00,,
GUILDFORD - EARLSFIELD,L74728,1104,stop,2026-04-22,11:26:00,,
GUILDFORD - EARLSFIELD,L74728,1104,stop,2026-04-21,11:26:00,,
GUILDFORD - EARLSFIELD,L74728,1104,stop,2026-04-09,11:26:00,,
GUILDFORD - EARLSFIELD,L74728,1104,stop,2026-04-15,11:26:00,,
GUILDFORD - EARLSFIELD,L74728,1104,stop,2026-04-20,11:26:00,,
GUILDFORD - EARLSFIELD,L74729,1104,stop,2026-04-25,11:26:00,,
GUILDFORD - EARLSFIELD,L74728,1104,stop,2026-04-23,11:26:00,,
GUILDFORD - EARLSFIELD,L74728,1104,stop,2026-04-30,11:26:00,,
GUILDFORD - EARLSFIELD,L74729,1104,stop,2026-04-11,11:26:00,,
GUILDFORD - EARLSFIELD,L74728,1104,stop,2026-04-10,11:26:00,,
GUILDFORD - EARLSFIELD,L74729,1104,stop,2026-04-04,11:26:00,,
GUILDFORD - EARLSFIELD,L74728,1104,stop,2026-04-16,11:26:00,,
GUILDFORD - EARLSFIELD,L74728,1104,stop,2026-04-02,11:26:00,,
GUILDFORD - EARLSFIELD,L74728,1104,stop,2026-04-06,11:26:00,,
GUILDFORD - EARLSFIELD,L74728,1104,stop,2026-04-24,11:26:00,,
GUILDFORD - EARLSFIELD,L74728,1104,stop,2026-04-08,11:26:00,,
GUILDFORD - EARLSFIELD,L74729,1104,stop,2026-04-18,11:26:00,,
GUILDFORD - EARLSFIELD,L74728,1104,stop,2026-04-27,11:26:00,,
GUILDFORD - EARLSFIELD,L74728,1104,stop,2026-04-29,11:26:00,,
GUILDFORD - EARLSFIELD,L74728,1104,stop,2026-04-01,11:26:00,,
EARLSFIELD - GUILDFORD (2),L74717,1057,stop,2026-04-05,11:31:00,,
EARLSFIELD - GUILDFORD,P61727,1103,stop,2026-04-16,11:32:00,,
EARLSFIELD - GUILDFORD,P61727,1103,stop,2026-04-07,11:32:00,,
EARLSFIELD - GUILDFORD,P61727,1103,stop,2026-04-13,11:32:00,,
EARLSFIELD - GUILDFORD,L74716,1103,stop,2026-04-18,11:32:00,,
EARLSFIELD - GUILDFORD,P61727,1103,stop,2026-04-02,11:32:00,,
EARLSFIELD - GUILDFORD,P61727,1103,stop,2026-04-08,11:32:00,,
EARLSFIELD - GUILDFORD,P61727,1103,stop,2026-04-10,11:32:00,,
EARLSFIELD - GUILDFORD,Q50682,1103,stop,2026-04-06,11:32:00,,
EARLSFIELD - GUILDFORD,L74716,1103,stop,2026-04-25,11:32:00,,
EARLSFIELD - GUILDFORD,P61727,1103,stop,2026-04-30,11:32:00,,
EARLSFIELD - GUILDFORD,P61727,1103,stop,2026-04-28,11:32:00,,
EARLSFIELD - GUILDFORD,L74716,1103,stop,2026-04-11,11:32:00,,
EARLSFIELD - GUILDFORD,P61727,1103,stop,2026-04-23,11:32:00,,
EARLSFIELD - GUILDFORD,P61727,1103,stop,2026-04-17,11:32:00,,
EARLSFIELD - GUILDFORD,P61727,1103,stop,2026-04-06,11:32:00,,
EARLSFIELD - GUILDFORD,P61727,1103,stop,2026-04-22,11:32:00,,
EARLSFIELD - GUILDFORD,P61727,1103,stop,2026-04-03,11:32:00,,
EARLSFIELD - GUILDFORD,P61727,1103,stop,2026-04-24,11:32:00,,
EARLSFIELD - GUILDFORD,P61727,1103,stop,2026-04-29,11:32:00,,
EARLSFIELD - GUILDFORD,L74716,1103,stop,2026-04-04,11:32:00,,
EARLSFIELD - GUILDFORD,P61727,1103,stop,2026-04-20,11:32:00,,
EARLSFIELD - GUILDFORD,P61727,1103,stop,2026-04-01,11:32:00,,
EARLSFIELD - GUILDFORD,P61727,1103,stop,2026-04-15,11:32:00,,
EARLSFIELD - GUILDFORD,P61727,1103,stop,2026-04-14,11:32:00,,
EARLSFIELD - GUILDFORD,Q38729,1103,stop,2026-04-03,11:32:00,,
EARLSFIELD - GUILDFORD,P61727,1103,stop,2026-04-09,11:32:00,,
EARLSFIELD - GUILDFORD,P61727,1103,stop,2026-04-27,11:32:00,,
EARLSFIELD - GUILDFORD,P61727,1103,stop,2026-04-21,11:32:00,,
SURBITON - GUILDFORD,L74717,1113,stop,2026-04-26,11:36:00,,
SURBITON - GUILDFORD,L74717,1113,stop,2026-04-12,11:36:00,,
SURBITON - GUILDFORD,L74717,1113,stop,2026-04-19,11:36:00,,
GUILDFORD - EARLSFIELD,Q50616,1134,stop,2026-04-06,11:56:00,,
GUILDFORD - EARLSFIELD,L74732,1134,stop,2026-04-09,11:56:00,,
GUILDFORD - EARLSFIELD,L74732,1134,stop,2026-04-07,11:56:00,,
GUILDFORD - EARLSFIELD,L74732,1134,stop,2026-04-06,11:56:00,,
GUILDFORD - EARLSFIELD,L74732,1134,stop,2026-04-15,11:56:00,,
GUILDFORD - EARLSFIELD,L74732,1134,stop,2026-04-21,11:56:00,,
GUILDFORD - EARLSFIELD,L74732,1134,stop,2026-04-01,11:56:00,,
GUILDFORD - EARLSFIELD,L74732,1134,stop,2026-04-14,11:56:00,,
GUILDFORD - EARLSFIELD,L74733,1134,stop,2026-04-11,11:56:00,,
GUILDFORD - EARLSFIELD,L74732,1134,stop,2026-04-23,11:56:00,,
GUILDFORD - EARLSFIELD,L74733,1134,stop,2026-04-18,11:56:00,,
GUILDFORD - EARLSFIELD,L74732,1134,stop,2026-04-10,11:56:00,,
GUILDFORD - EARLSFIELD,L74732,1134,stop,2026-04-02,11:56:00,,
GUILDFORD - EARLSFIELD,L74732,1134,stop,2026-04-20,11:56:00,,
GUILDFORD - EARLSFIELD,L74733,1134,stop,2026-04-04,11:56:00,,
GUILDFORD - EARLSFIELD,L74732,1134,stop,2026-04-30,11:56:00,,
GUILDFORD - EARLSFIELD,L74732,1134,stop,2026-04-28,11:56:00,,
GUILDFORD - EARLSFIELD,L74732,1134,stop,2026-04-27,11:56:00,,
GUILDFORD - EARLSFIELD,L74732,1134,stop,2026-04-03,11:56:00,,
GUILDFORD - EARLSFIELD,L74732,1134,stop,2026-04-08,11:56:00,,
GUILDFORD - EARLSFIELD,L74733,1134,stop,2026-04-25,11:56:00,,
GUILDFORD - EARLSFIELD,L74732,1134,stop,2026-04-17,11:56:00,,
GUILDFORD - EARLSFIELD,L74732,1134,stop,2026-04-16,11:56:00,,
GUILDFORD - EARLSFIELD,Q38704,1134,stop,2026-04-03,11:56:00,,
GUILDFORD - EARLSFIELD,L74732,1134,stop,2026-04-29,11:56:00,,
GUILDFORD - EARLSFIELD,L74732,1134,stop,2026-04-13,11:56:00,,
GUILDFORD - EARLSFIELD,L74732,1134,stop,2026-04-22,11:56:00,,
GUILDFORD - EARLSFIELD,L74732,1134,stop,2026-04-24,11:56:00,,
GUILDFORD - EARLSFIELD (3),L74734,1139,stop,2026-04-05,11:59:00,,
EARLSFIELD - GUILDFORD,Q50620,1133,stop,2026-04-06,12:03:00,,
EARLSFIELD - GUILDFORD,L74720,1133,stop,2026-04-21,12:03:00,,
EARLSFIELD - GUILDFORD,L74720,1133,stop,2026-04-06,12:03:00,,
EARLSFIELD - GUILDFORD,L74720,1133,stop,2026-04-15,12:03:00,,
EARLSFIELD - GUILDFORD,L74720,1133,stop,2026-04-08,12:03:00,,
EARLSFIELD - GUILDFORD,L74720,1133,stop,2026-04-10,12:03:00,,
EARLSFIELD - GUILDFORD,L74720,1133,stop,2026-04-13,12:03:00,,
EARLSFIELD - GUILDFORD,L74721,1133,stop,2026-04-25,12:03:00,,
EARLSFIELD - GUILDFORD,L74720,1133,stop,2026-04-07,12:03:00,,
EARLSFIELD - GUILDFORD,L74720,1133,stop,2026-04-27,12:03:00,,
EARLSFIELD - GUILDFORD,L74720,1133,stop,2026-04-03,12:03:00,,
EARLSFIELD - GUILDFORD,L74720,1133,stop,2026-04-02,12:03:00,,
EARLSFIELD - GUILDFORD,L74720,1133,stop,2026-04-29,12:03:00,,
EARLSFIELD - GUILDFORD,Q38705,1133,stop,2026-04-03,12:03:00,,
EARLSFIELD - GUILDFORD,L74720,1133,stop,2026-04-24,12:03:00,,
EARLSFIELD - GUILDFORD,L74720,1133,stop,2026-04-20,12:03:00,,
EARLSFIELD - GUILDFORD,L74720,1133,stop,2026-04-16,12:03:00,,
EARLSFIELD - GUILDFORD,L74720,1133,stop,2026-04-23,12:03:00,,
EARLSFIELD - GUILDFORD,L74720,1133,stop,2026-04-22,12:03:00,,
EARLSFIELD - GUILDFORD,L74720,1133,stop,2026-04-14,12:03:00,,
EARLSFIELD - GUILDFORD,L74721,1133,stop,2026-04-04,12:03:00,,
EARLSFIELD - GUILDFORD,L74721,1133,stop,2026-04-11,12:03:00,,
EARLSFIELD - GUILDFORD,L74720,1133,stop,2026-04-01,12:03:00,,
EARLSFIELD - GUILDFORD,L74720,1133,stop,2026-04-28,12:03:00,,
EARLSFIELD - GUILDFORD,L74720,1133,stop,2026-04-30,12:03:00,,
EARLSFIELD - GUILDFORD,L74720,1133,stop,2026-04-17,12:03:00,,
EARLSFIELD - GUILDFORD,L74721,1133,stop,2026-04-18,12:03:00,,
EARLSFIELD - GUILDFORD,L74720,1133,stop,2026-04-09,12:03:00,,
GUILDFORD - SURBITON,L74734,1150,stop,2026-04-26,12:10:00,,
GUILDFORD - SURBITON,L74734,1150,stop,2026-04-12,12:10:00,,
GUILDFORD - SURBITON,L74734,1150,stop,2026-04-19,12:10:00,,
GUILDFORD - EARLSFIELD,L74738,1204,stop,2026-04-14,12:26:00,,
GUILDFORD - EARLSFIELD,L74738,1204,stop,2026-04-28,12:26:00,,
GUILDFORD - EARLSFIELD,L74738,1204,stop,2026-04-13,12:26:00,,
GUILDFORD - EARLSFIELD,L74738,1204,stop,2026-04-09,12:26:00,,
GUILDFORD - EARLSFIELD,L74738,1204,stop,2026-04-29,12:26:00,,
GUILDFORD - EARLSFIELD,L74739,1204,stop,2026-04-25,12:26:00,,
GUILDFORD - EARLSFIELD,L74738,1204,stop,2026-04-15,12:26:00,,
GUILDFORD - EARLSFIELD,L74738,1204,stop,2026-04-20,12:26:00,,
GUILDFORD - EARLSFIELD,L74739,1204,stop,2026-04-18,12:26:00,,
GUILDFORD - EARLSFIELD,L74738,1204,stop,2026-04-17,12:26:00,,
GUILDFORD - EARLSFIELD,L74738,1204,stop,2026-04-06,12:26:00,,
GUILDFORD - EARLSFIELD,Q50523,1204,stop,2026-04-06,12:26:00,,
GUILDFORD - EARLSFIELD,L74738,1204,stop,2026-04-07,12:26:00,,
GUILDFORD - EARLSFIELD,L74738,1204,stop,2026-04-21,12:26:00,,
GUILDFORD - EARLSFIELD,L74738,1204,stop,2026-04-24,12:26:00,,
GUILDFORD - EARLSFIELD,L74738,1204,stop,2026-04-08,12:26:00,,
GUILDFORD - EARLSFIELD,L74738,1204,stop,2026-04-03,12:26:00,,
GUILDFORD - EARLSFIELD,L74738,1204,stop,2026-04-23,12:26:00,,
GUILDFORD - EARLSFIELD,L74739,1204,stop,2026-04-11,12:26:00,,
GUILDFORD - EARLSFIELD,L74738,1204,stop,2026-04-16,12:26:00,,
GUILDFORD - EARLSFIELD,Q38682,1204,stop,2026-04-03,12:26:00,,
GUILDFORD - EARLSFIELD,L74738,1204,stop,2026-04-01,12:26:00,,
GUILDFORD - EARLSFIELD,L74738,1204,stop,2026-04-22,12:26:00,,
GUILDFORD - EARLSFIELD,L74738,1204,stop,2026-04-27,12:26:00,,
GUILDFORD - EARLSFIELD,L74738,1204,stop,2026-04-02,12:26:00,,
GUILDFORD - EARLSFIELD,L74738,1204,stop,2026-04-30,12:26:00,,
GUILDFORD - EARLSFIELD,L74738,1204,stop,2026-04-10,12:26:00,,
GUILDFORD - EARLSFIELD,L74739,1204,stop,2026-04-04,12:26:00,,
EARLSFIELD - GUILDFORD (2),L74727,1157,stop,2026-04-05,12:31:00,,
EARLSFIELD - GUILDFORD,P61728,1203,stop,2026-04-06,12:32:00,,
EARLSFIELD - GUILDFORD,P61728,1203,stop,2026-04-20,12:32:00,,
EARLSFIELD - GUILDFORD,Q50529,1203,stop,2026-04-06,12:32:00,,
EARLSFIELD - GUILDFORD,P61728,1203,stop,2026-04-09,12:32:00,,
EARLSFIELD - GUILDFORD,P61728,1203,stop,2026-04-13,12:32:00,,
EARLSFIELD - GUILDFORD,P61728,1203,stop,2026-04-29,12:32:00,,
EARLSFIELD - GUILDFORD,L74726,1203,stop,2026-04-25,12:32:00,,
EARLSFIELD - GUILDFORD,L74726,1203,stop,2026-04-04,12:32:00,,
EARLSFIELD - GUILDFORD,P61728,1203,stop,2026-04-14,12:32:00,,
EARLSFIELD - GUILDFORD,P61728,1203,stop,2026-04-27,12:32:00,,
EARLSFIELD - GUILDFORD,L74726,1203,stop,2026-04-11,12:32:00,,
EARLSFIELD - GUILDFORD,P61728,1203,stop,2026-04-30,12:32:00,,
EARLSFIELD - GUILDFORD,P61728,1203,stop,2026-04-02,12:32:00,,
EARLSFIELD - GUILDFORD,P61728,1203,stop,2026-04-08,12:32:00,,
EARLSFIELD - GUILDFORD,P61728,1203,stop,2026-04-22,12:32:00,,
EARLSFIELD - GUILDFORD,P61728,1203,stop,2026-04-03,12:32:00,,
EARLSFIELD - GUILDFORD,P61728,1203,stop,2026-04-15,12:32:00,,
EARLSFIELD - GUILDFORD,P61728,1203,stop,2026-04-28,12:32:00,,
EARLSFIELD - GUILDFORD,P61728,1203,stop,2026-04-21,12:32:00,,
EARLSFIELD - GUILDFORD,P61728,1203,stop,2026-04-07,12:32:00,,
EARLSFIELD - GUILDFORD,P61728,1203,stop,2026-04-10,12:32:00,,
EARLSFIELD - GUILDFORD,Q38683,1203,stop,2026-04-03,12:32:00,,
EARLSFIELD - GUILDFORD,P61728,1203,stop,2026-04-16,12:32:00,,
EARLSFIELD - GUILDFORD,P61728,1203,stop,2026-04-24,12:32:00,,
EARLSFIELD - GUILDFORD,P61728,1203,stop,2026-04-01,12:32:00,,
EARLSFIELD - GUILDFORD,L74726,1203,stop,2026-04-18,12:32:00,,
EARLSFIELD - GUILDFORD,P61728,1203,stop,2026-04-23,12:32:00,,
EARLSFIELD - GUILDFORD,P61728,1203,stop,2026-04-17,12:32:00,,
SURBITON - GUILDFORD,L74727,1213,stop,2026-04-12,12:36:00,,
SURBITON - GUILDFORD,L74727,1213,stop,2026-04-19,12:36:00,,
SURBITON - GUILDFORD,L74727,1213,stop,2026-04-26,12:36:00,,
GUILDFORD - EARLSFIELD,L74742,1234,stop,2026-04-21,12:56:00,,
GUILDFORD - EARLSFIELD,L74742,1234,stop,2026-04-13,12:56:00,,
GUILDFORD - EARLSFIELD,L74742,1234,stop,2026-04-23,12:56:00,,
GUILDFORD - EARLSFIELD,L74742,1234,stop,2026-04-28,12:56:00,,
GUILDFORD - EARLSFIELD,L74742,1234,stop,2026-04-27,12:56:00,,
GUILDFORD - EARLSFIELD,L74742,1234,stop,2026-04-29,12:56:00,,
GUILDFORD - EARLSFIELD,L74743,1234,stop,2026-04-25,12:56:00,,
GUILDFORD - EARLSFIELD,L74743,1234,stop,2026-04-11,12:56:00,,
GUILDFORD - EARLSFIELD,L74742,1234,stop,2026-04-15,12:56:00,,
GUILDFORD - EARLSFIELD,L74742,1234,stop,2026-04-30,12:56:00,,
GUILDFORD - EARLSFIELD,L74742,1234,stop,2026-04-06,12:56:00,,
GUILDFORD - EARLSFIELD,L74742,1234,stop,2026-04-02,12:56:00,,
GUILDFORD - EARLSFIELD,L74742,1234,stop,2026-04-17,12:56:00,,
GUILDFORD - EARLSFIELD,L74742,1234,stop,2026-04-16,12:56:00,,
GUILDFORD - EARLSFIELD,L74742,1234,stop,2026-04-14,12:56:00,,
GUILDFORD - EARLSFIELD,L74742,1234,stop,2026-04-08,12:56:00,,
GUILDFORD - EARLSFIELD,L74742,1234,stop,2026-04-24,12:56:00,,
GUILDFORD - EARLSFIELD,Q50461,1234,stop,2026-04-06,12:56:00,,
GUILDFORD - EARLSFIELD,L74742,1234,stop,2026-04-07,12:56:00,,
GUILDFORD - EARLSFIELD,L74742,1234,stop,2026-04-09,12:56:00,,
GUILDFORD - EARLSFIELD,L74742,1234,stop,2026-04-01,12:56:00,,
GUILDFORD - EARLSFIELD,L74743,1234,stop,2026-04-04,12:56:00,,
GUILDFORD - EARLSFIELD,L74742,1234,stop,2026-04-03,12:56:00,,
GUILDFORD - EARLSFIELD,L74742,1234,stop,2026-04-20,12:56:00,,
GUILDFORD - EARLSFIELD,L74742,1234,stop,2026-04-22,12:56:00,,
GUILDFORD - EARLSFIELD,Q88845,1234,stop,2026-04-03,12:56:00,,
GUILDFORD - EARLSFIELD,L74743,1234,stop,2026-04-18,12:56:00,,
GUILDFORD - EARLSFIELD,L74742,1234,stop,2026-04-10,12:56:00,,
GUILDFORD - EARLSFIELD (3),L74744,1239,stop,2026-04-05,12:59:00,,
EARLSFIELD - GUILDFORD,L74730,1233,stop,2026-04-15,13:02:00,,
EARLSFIELD - GUILDFORD,L74730,1233,stop,2026-04-08,13:02:00,,
EARLSFIELD - GUILDFORD,L74731,1233,stop,2026-04-18,13:02:00,,
EARLSFIELD - GUILDFORD,L74730,1233,stop,2026-04-03,13:02:00,,
EARLSFIELD - GUILDFORD,L74730,1233,stop,2026-04-23,13:02:00,,
EARLSFIELD - GUILDFORD,Q38661,1233,stop,2026-04-03,13:02:00,,
EARLSFIELD - GUILDFORD,L74730,1233,stop,2026-04-10,13:02:00,,
EARLSFIELD - GUILDFORD,L74731,1233,stop,2026-04-11,13:02:00,,
EARLSFIELD - GUILDFORD,Q50464,1233,stop,2026-04-06,13:02:00,,
EARLSFIELD - GUILDFORD,L74730,1233,stop,2026-04-06,13:02:00,,
EARLSFIELD - GUILDFORD,L74730,1233,stop,2026-04-20,13:02:00,,
EARLSFIELD - GUILDFORD,L74730,1233,stop,2026-04-09,13:02:00,,
EARLSFIELD - GUILDFORD,L74730,1233,stop,2026-04-29,13:02:00,,
EARLSFIELD - GUILDFORD,L74730,1233,stop,2026-04-22,13:02:00,,
EARLSFIELD - GUILDFORD,L74730,1233,stop,2026-04-28,13:02:00,,
EARLSFIELD - GUILDFORD,L74731,1233,stop,2026-04-04,13:02:00,,
EARLSFIELD - GUILDFORD,L74730,1233,stop,2026-04-30,13:02:00,,
EARLSFIELD - GUILDFORD,L74730,1233,stop,2026-04-07,13:02:00,,
EARLSFIELD - GUILDFORD,L74731,1233,stop,2026-04-25,13:02:00,,
EARLSFIELD - GUILDFORD,L74730,1233,stop,2026-04-13,13:02:00,,
EARLSFIELD - GUILDFORD,L74730,1233,stop,2026-04-02,13:02:00,,
EARLSFIELD - GUILDFORD,L74730,1233,stop,2026-04-17,13:02:00,,
EARLSFIELD - GUILDFORD,L74730,1233,stop,2026-04-21,13:02:00,,
EARLSFIELD - GUILDFORD,L74730,1233,stop,2026-04-24,13:02:00,,
EARLSFIELD - GUILDFORD,L74730,1233,stop,2026-04-14,13:02:00,,
EARLSFIELD - GUILDFORD,L74730,1233,stop,2026-04-01,13:02:00,,
EARLSFIELD - GUILDFORD,L74730,1233,stop,2026-04-27,13:02:00,,
EARLSFIELD - GUILDFORD,L74730,1233,stop,2026-04-16,13:02:00,,
GUILDFORD - EARLSFIELD,L74744,1250,stop,2026-04-26,13:10:00,,
GUILDFORD - EARLSFIELD,L74744,1250,stop,2026-04-19,13:10:00,,
GUILDFORD - EARLSFIELD,L74744,1250,stop,2026-04-12,13:10:00,,
GUILDFORD - EARLSFIELD,L74749,1304,stop,2026-04-04,13:26:00,,
GUILDFORD - EARLSFIELD,L74748,1304,stop,2026-04-10,13:26:00,,
GUILDFORD - EARLSFIELD,L74748,1304,stop,2026-04-20,13:26:00,,
GUILDFORD - EARLSFIELD,L74748,1304,stop,2026-04-13,13:26:00,,
GUILDFORD - EARLSFIELD,L74748,1304,stop,2026-04-03,13:26:00,,
GUILDFORD - EARLSFIELD,L74748,1304,stop,2026-04-17,13:26:00,,
GUILDFORD - EARLSFIELD,Q38637,1304,stop,2026-04-03,13:26:00,,
GUILDFORD - EARLSFIELD,L74748,1304,stop,2026-04-15,13:26:00,,
GUILDFORD - EARLSFIELD,L74748,1304,stop,2026-04-09,13:26:00,,
GUILDFORD - EARLSFIELD,L74748,1304,stop,2026-04-22,13:26:00,,
GUILDFORD - EARLSFIELD,L74748,1304,stop,2026-04-08,13:26:00,,
GUILDFORD - EARLSFIELD,L74748,1304,stop,2026-04-21,13:26:00,,
GUILDFORD - EARLSFIELD,L74749,1304,stop,2026-04-11,13:26:00,,
GUILDFORD - EARLSFIELD,L74748,1304,stop,2026-04-02,13:26:00,,
GUILDFORD - EARLSFIELD,L74748,1304,stop,2026-04-07,13:26:00,,
GUILDFORD - EARLSFIELD,Q50396,1304,stop,2026-04-06,13:26:00,,
GUILDFORD - EARLSFIELD,L74748,1304,stop,2026-04-27,13:26:00,,
GUILDFORD - EARLSFIELD,L74748,1304,stop,2026-04-14,13:26:00,,
GUILDFORD - EARLSFIELD,L74748,1304,stop,2026-04-28,13:26:00,,
GUILDFORD - EARLSFIELD,L74748,1304,stop,2026-04-29,13:26:00,,
GUILDFORD - EARLSFIELD,L74748,1304,stop,2026-04-06,13:26:00,,
GUILDFORD - EARLSFIELD,L74748,1304,stop,2026-04-23,13:26:00,,
GUILDFORD - EARLSFIELD,L74749,1304,stop,2026-04-25,13:26:00,,
GUILDFORD - EARLSFIELD,L74749,1304,stop,2026-04-18,13:26:00,,
GUILDFORD - EARLSFIELD,L74748,1304,stop,2026-04-16,13:26:00,,
GUILDFORD - EARLSFIELD,L74748,1304,stop,2026-04-01,13:26:00,,
GUILDFORD - EARLSFIELD,L74748,1304,stop,2026-04-24,13:26:00,,
GUILDFORD - EARLSFIELD,L74748,1304,stop,2026-04-30,13:26:00,,
EARLSFIELD - GUILDFORD (2),L74737,1257,stop,2026-04-05,13:31:00,,
EARLSFIELD - GUILDFORD,P61729,1303,stop,2026-04-30,13:32:00,,
EARLSFIELD - GUILDFORD,P61729,1303,stop,2026-04-23,13:32:00,,
EARLSFIELD - GUILDFORD,P61729,1303,stop,2026-04-15,13:32:00,,
EARLSFIELD - GUILDFORD,P61729,1303,stop,2026-04-27,13:32:00,,
EARLSFIELD - GUILDFORD,P61729,1303,stop,2026-04-07,13:32:00,,
EARLSFIELD - GUILDFORD,P61729,1303,stop,2026-04-02,13:32:00,,
EARLSFIELD - GUILDFORD,P61729,1303,stop,2026-04-03,13:32:00,,
EARLSFIELD - GUILDFORD,P61729,1303,stop,2026-04-14,13:32:00,,
EARLSFIELD - GUILDFORD,P61729,1303,stop,2026-04-20,13:32:00,,
EARLSFIELD - GUILDFORD,Q50400,1303,stop,2026-04-06,13:32:00,,
EARLSFIELD - GUILDFORD,P61729,1303,stop,2026-04-22,13:32:00,,
EARLSFIELD - GUILDFORD,P61729,1303,stop,2026-04-28,13:32:00,,
EARLSFIELD - GUILDFORD,P61729,1303,stop,2026-04-06,13:32:00,,
EARLSFIELD - GUILDFORD,P61729,1303,stop,2026-04-21,13:32:00,,
EARLSFIELD - GUILDFORD,Q39771,1303,stop,2026-04-03,13:32:00,,
EARLSFIELD - GUILDFORD,L74736,1303,stop,2026-04-25,13:32:00,,
EARLSFIELD - GUILDFORD,P61729,1303,stop,2026-04-09,13:32:00,,
EARLSFIELD - GUILDFORD,L74736,1303,stop,2026-04-11,13:32:00,,
EARLSFIELD - GUILDFORD,P61729,1303,stop,2026-04-16,13:32:00,,
EARLSFIELD - GUILDFORD,L74736,1303,stop,2026-04-04,13:32:00,,
EARLSFIELD - GUILDFORD,L74736,1303,stop,2026-04-18,13:32:00,,
EARLSFIELD - GUILDFORD,P61729,1303,stop,2026-04-13,13:32:00,,
EARLSFIELD - GUILDFORD,P61729,1303,stop,2026-04-24,13:32:00,,
EARLSFIELD - GUILDFORD,P61729,1303,stop,2026-04-08,13:32:00,,
EARLSFIELD - GUILDFORD,P61729,1303,stop,2026-04-17,13:32:00,,
EARLSFIELD - GUILDFORD,P61729,1303,stop,2026-04-29,13:32:00,,
EARLSFIELD - GUILDFORD,P61729,1303,stop,2026-04-01,13:32:00,,
EARLSFIELD - GUILDFORD,P61729,1303,stop,2026-04-10,13:32:00,,
SURBITON - GUILDFORD,L74737,1313,stop,2026-04-12,13:36:00,,
SURBITON - GUILDFORD,L74737,1313,stop,2026-04-19,13:36:00,,
SURBITON - GUILDFORD,L74737,1313,stop,2026-04-26,13:36:00,,
GUILDFORD - EARLSFIELD,L74752,1334,stop,2026-04-08,13:56:00,,
GUILDFORD - EARLSFIELD,L74752,1334,stop,2026-04-07,13:56:00,,
GUILDFORD - EARLSFIELD,L74753,1334,stop,2026-04-11,13:56:00,,
GUILDFORD - EARLSFIELD,L74752,1334,stop,2026-04-10,13:56:00,,
GUILDFORD - EARLSFIELD,L74752,1334,stop,2026-04-27,13:56:00,,
GUILDFORD - EARLSFIELD,L74752,1334,stop,2026-04-21,13:56:00,,
GUILDFORD - EARLSFIELD,L74752,1334,stop,2026-04-09,13:56:00,,
GUILDFORD - EARLSFIELD,L74752,1334,stop,2026-04-23,13:56:00,,
GUILDFORD - EARLSFIELD,L74753,1334,stop,2026-04-18,13:56:00,,
GUILDFORD - EARLSFIELD,L74753,1334,stop,2026-04-04,13:56:00,,
GUILDFORD - EARLSFIELD,L74752,1334,stop,2026-04-16,13:56:00,,
GUILDFORD - EARLSFIELD,L74752,1334,stop,2026-04-20,13:56:00,,
GUILDFORD - EARLSFIELD,Q88844,1334,stop,2026-04-03,13:56:00,,
GUILDFORD - EARLSFIELD,L74752,1334,stop,2026-04-03,13:56:00,,
GUILDFORD - EARLSFIELD,L74752,1334,stop,2026-04-22,13:56:00,,
GUILDFORD - EARLSFIELD,L74752,1334,stop,2026-04-06,13:56:00,,
GUILDFORD - EARLSFIELD,Q50336,1334,stop,2026-04-06,13:56:00,,
GUILDFORD - EARLSFIELD,L74752,1334,stop,2026-04-30,13:56:00,,
GUILDFORD - EARLSFIELD,L74752,1334,stop,2026-04-28,13:56:00,,
GUILDFORD - EARLSFIELD,L74752,1334,stop,2026-04-29,13:56:00,,
GUILDFORD - EARLSFIELD,L74753,1334,stop,2026-04-25,13:56:00,,
GUILDFORD - EARLSFIELD,L74752,1334,stop,2026-04-13,13:56:00,,
GUILDFORD - EARLSFIELD,L74752,1334,stop,2026-04-24,13:56:00,,
GUILDFORD - EARLSFIELD,L74752,1334,stop,2026-04-17,13:56:00,,
GUILDFORD - EARLSFIELD,L74752,1334,stop,2026-04-01,13:56:00,,
GUILDFORD - EARLSFIELD,L74752,1334,stop,2026-04-15,13:56:00,,
GUILDFORD - EARLSFIELD,L74752,1334,stop,2026-04-14,13:56:00,,
GUILDFORD - EARLSFIELD,L74752,1334,stop,2026-04-02,13:56:00,,
GUILDFORD - EARLSFIELD (3),L74754,1339,stop,2026-04-05,13:59:00,,
EARLSFIELD - GUILDFORD,L74741,1333,stop,2026-04-04,14:02:00,,
EARLSFIELD - GUILDFORD,L74740,1333,stop,2026-04-21,14:02:00,,
EARLSFIELD - GUILDFORD,L74741,1333,stop,2026-04-11,14:02:00,,
EARLSFIELD - GUILDFORD,L74740,1333,stop,2026-04-17,14:02:00,,
EARLSFIELD - GUILDFORD,Q39770,1333,stop,2026-04-03,14:02:00,,
EARLSFIELD - GUILDFORD,L74740,1333,stop,2026-04-10,14:02:00,,
EARLSFIELD - GUILDFORD,L74740,1333,stop,2026-04-03,14:02:00,,
EARLSFIELD - GUILDFORD,L74740,1333,stop,2026-04-16,14:02:00,,
EARLSFIELD - GUILDFORD,L74740,1333,stop,2026-04-23,14:02:00,,
EARLSFIELD - GUILDFORD,Q50340,1333,stop,2026-04-06,14:02:00,,
EARLSFIELD - GUILDFORD,L74740,1333,stop,2026-04-06,14:02:00,,
EARLSFIELD - GUILDFORD,L74740,1333,stop,2026-04-22,14:02:00,,
EARLSFIELD - GUILDFORD,L74740,1333,stop,2026-04-24,14:02:00,,
EARLSFIELD - GUILDFORD,L74740,1333,stop,2026-04-09,14:02:00,,
EARLSFIELD - GUILDFORD,L74740,1333,stop,2026-04-30,14:02:00,,
EARLSFIELD - GUILDFORD,L74740,1333,stop,2026-04-08,14:02:00,,
EARLSFIELD - GUILDFORD,L74740,1333,stop,2026-04-02,14:02:00,,
EARLSFIELD - GUILDFORD,L74741,1333,stop,2026-04-25,14:02:00,,
EARLSFIELD - GUILDFORD,L74740,1333,stop,2026-04-20,14:02:00,,
EARLSFIELD - GUILDFORD,L74740,1333,stop,2026-04-01,14:02:00,,
EARLSFIELD - GUILDFORD,L74740,1333,stop,2026-04-27,14:02:00,,
EARLSFIELD - GUILDFORD,L74740,1333,stop,2026-04-28,14:02:00,,
EARLSFIELD - GUILDFORD,L74740,1333,stop,2026-04-13,14:02:00,,
EARLSFIELD - GUILDFORD,L74741,1333,stop,2026-04-18,14:02:00,,
EARLSFIELD - GUILDFORD,L74740,1333,stop,2026-04-29,14:02:00,,
EARLSFIELD - GUILDFORD,L74740,1333,stop,2026-04-15,14:02:00,,
EARLSFIELD - GUILDFORD,L74740,1333,stop,2026-04-14,14:02:00,,
EARLSFIELD - GUILDFORD,L74740,1333,stop,2026-04-07,14:02:00,,
GUILDFORD - EARLSFIELD,L74754,1350,stop,2026-04-26,14:10:00,,
GUILDFORD - EARLSFIELD,L74754,1350,stop,2026-04-19,14:10:00,,
GUILDFORD - EARLSFIELD,L74754,1350,stop,2026-04-12,14:10:00,,
GUILDFORD - EARLSFIELD,L74758,1404,stop,2026-04-21,14:26:00,,
GUILDFORD - EARLSFIELD,L74758,1404,stop,2026-04-16,14:26:00,,
GUILDFORD - EARLSFIELD,L74758,1404,stop,2026-04-07,14:26:00,,
GUILDFORD - EARLSFIELD,L74758,1404,stop,2026-04-27,14:26:00,,
GUILDFORD - EARLSFIELD,L74758,1404,stop,2026-04-24,14:26:00,,
GUILDFORD - EARLSFIELD,L74758,1404,stop,2026-04-01,14:26:00,,
GUILDFORD - EARLSFIELD,L74758,1404,stop,2026-04-23,14:26:00,,
GUILDFORD - EARLSFIELD,L74759,1404,stop,2026-04-11,14:26:00,,
GUILDFORD - EARLSFIELD,L74758,1404,stop,2026-04-02,14:26:00,,
GUILDFORD - EARLSFIELD,L74758,1404,stop,2026-04-08,14:26:00,,
GUILDFORD - EARLSFIELD,L74758,1404,stop,2026-04-28,14:26:00,,
GUILDFORD - EARLSFIELD,L74758,1404,stop,2026-04-22,14:26:00,,
GUILDFORD - EARLSFIELD,L74758,1404,stop,2026-04-10,14:26:00,,
GUILDFORD - EARLSFIELD,L74758,1404,stop,2026-04-17,14:26:00,,
GUILDFORD - EARLSFIELD,L74758,1404,stop,2026-04-14,14:26:00,,
GUILDFORD - EARLSFIELD,L74758,1404,stop,2026-04-06,14:26:00,,
GUILDFORD - EARLSFIELD,Q50255,1404,stop,2026-04-06,14:26:00,,
GUILDFORD - EARLSFIELD,L74759,1404,stop,2026-04-04,14:26:00,,
GUILDFORD - EARLSFIELD,L74758,1404,stop,2026-04-29,14:26:00,,
GUILDFORD - EARLSFIELD,L74758,1404,stop,2026-04-30,14:26:00,,
GUILDFORD - EARLSFIELD,L74759,1404,stop,2026-04-18,14:26:00,,
GUILDFORD - EARLSFIELD,L74758,1404,stop,2026-04-15,14:26:00,,
GUILDFORD - EARLSFIELD,Q38592,1404,stop,2026-04-03,14:26:00,,
GUILDFORD - EARLSFIELD,L74759,1404,stop,2026-04-25,14:26:00,,
GUILDFORD - EARLSFIELD,L74758,1404,stop,2026-04-03,14:26:00,,
GUILDFORD - EARLSFIELD,L74758,1404,stop,2026-04-20,14:26:00,,
GUILDFORD - EARLSFIELD,L74758,1404,stop,2026-04-13,14:26:00,,
GUILDFORD - EARLSFIELD,L74758,1404,stop,2026-04-09,14:26:00,,
EARLSFIELD - GUILDFORD (2),L74747,1357,stop,2026-04-05,14:31:00,,
EARLSFIELD - GUILDFORD,P61730,1403,stop,2026-04-28,14:32:00,,
EARLSFIELD - GUILDFORD,P61730,1403,stop,2026-04-03,14:32:00,,
EARLSFIELD - GUILDFORD,Q38593,1403,stop,2026-04-03,14:32:00,,
EARLSFIELD - GUILDFORD,P61730,1403,stop,2026-04-09,14:32:00,,
EARLSFIELD - GUILDFORD,P61730,1403,stop,2026-04-08,14:32:00,,
EARLSFIELD - GUILDFORD,L74746,1403,stop,2026-04-25,14:32:00,,
EARLSFIELD - GUILDFORD,P61730,1403,stop,2026-04-01,14:32:00,,
EARLSFIELD - GUILDFORD,L74746,1403,stop,2026-04-04,14:32:00,,
EARLSFIELD - GUILDFORD,P61730,1403,stop,2026-04-07,14:32:00,,
EARLSFIELD - GUILDFORD,P61730,1403,stop,2026-04-30,14:32:00,,
EARLSFIELD - GUILDFORD,P61730,1403,stop,2026-04-27,14:32:00,,
EARLSFIELD - GUILDFORD,P61730,1403,stop,2026-04-17,14:32:00,,
EARLSFIELD - GUILDFORD,P61730,1403,stop,2026-04-15,14:32:00,,
EARLSFIELD - GUILDFORD,P61730,1403,stop,2026-04-14,14:32:00,,
EARLSFIELD - GUILDFORD,P61730,1403,stop,2026-04-22,14:32:00,,
EARLSFIELD - GUILDFORD,P61730,1403,stop,2026-04-16,14:32:00,,
EARLSFIELD - GUILDFORD,P61730,1403,stop,2026-04-02,14:32:00,,
EARLSFIELD - GUILDFORD,P61730,1403,stop,2026-04-24,14:32:00,,
EARLSFIELD - GUILDFORD,P61730,1403,stop,2026-04-21,14:32:00,,
EARLSFIELD - GUILDFORD,P61730,1403,stop,2026-04-10,14:32:00,,
EARLSFIELD - GUILDFORD,P61730,1403,stop,2026-04-06,14:32:00,,
EARLSFIELD - GUILDFORD,P61730,1403,stop,2026-04-20,14:32:00,,
EARLSFIELD - GUILDFORD,Q50259,1403,stop,2026-04-06,14:32:00,,
EARLSFIELD - GUILDFORD,P61730,1403,stop,2026-04-29,14:32:00,,
EARLSFIELD - GUILDFORD,P61730,1403,stop,2026-04-13,14:32:00,,
EARLSFIELD - GUILDFORD,L74746,1403,stop,2026-04-18,14:32:00,,
EARLSFIELD - GUILDFORD,P61730,1403,stop,2026-04-23,14:32:00,,
EARLSFIELD - GUILDFORD,L74746,1403,stop,2026-04-11,14:32:00,,
EARLSFIELD - GUILDFORD,L74747,1406,stop,2026-04-12,14:36:00,,
EARLSFIELD - GUILDFORD,L74747,1406,stop,2026-04-19,14:36:00,,
EARLSFIELD - GUILDFORD,L74747,1406,stop,2026-04-26,14:36:00,,
GUILDFORD - EARLSFIELD,L74762,1434,stop,2026-04-16,14:56:00,,
GUILDFORD - EARLSFIELD,L74762,1434,stop,2026-04-01,14:56:00,,
GUILDFORD - EARLSFIELD,L74762,1434,stop,2026-04-15,14:56:00,,
GUILDFORD - EARLSFIELD,L74762,1434,stop,2026-04-30,14:56:00,,
GUILDFORD - EARLSFIELD,L74762,1434,stop,2026-04-22,14:56:00,,
GUILDFORD - EARLSFIELD,L74762,1434,stop,2026-04-08,14:56:00,,
GUILDFORD - EARLSFIELD,L74762,1434,stop,2026-04-13,14:56:00,,
GUILDFORD - EARLSFIELD,L74762,1434,stop,2026-04-03,14:56:00,,
GUILDFORD - EARLSFIELD,L74762,1434,stop,2026-04-07,14:56:00,,
GUILDFORD - EARLSFIELD,L74762,1434,stop,2026-04-28,14:56:00,,
GUILDFORD - EARLSFIELD,L74762,1434,stop,2026-04-24,14:56:00,,
GUILDFORD - EARLSFIELD,Q88843,1434,stop,2026-04-03,14:56:00,,
GUILDFORD - EARLSFIELD,L74762,1434,stop,2026-04-23,14:56:00,,
GUILDFORD - EARLSFIELD,L74762,1434,stop,2026-04-09,14:56:00,,
GUILDFORD - EARLSFIELD,L74763,1434,stop,2026-04-25,14:56:00,,
GUILDFORD - EARLSFIELD,L74762,1434,stop,2026-04-20,14:56:00,,
GUILDFORD - EARLSFIELD,L74762,1434,stop,2026-04-14,14:56:00,,
GUILDFORD - EARLSFIELD,L74763,1434,stop,2026-04-04,14:56:00,,
GUILDFORD - EARLSFIELD,L74763,1434,stop,2026-04-11,14:56:00,,
GUILDFORD - EARLSFIELD,L74762,1434,stop,2026-04-27,14:56:00,,
GUILDFORD - EARLSFIELD,L74762,1434,stop,2026-04-02,14:56:00,,
GUILDFORD - EARLSFIELD,L74763,1434,stop,2026-04-18,14:56:00,,
GUILDFORD - EARLSFIELD,L74762,1434,stop,2026-04-29,14:56:00,,
GUILDFORD - EARLSFIELD,L74762,1434,stop,2026-04-21,14:56:00,,
GUILDFORD - EARLSFIELD,L74762,1434,stop,2026-04-06,14:56:00,,
GUILDFORD - EARLSFIELD,L74762,1434,stop,2026-04-17,14:56:00,,
GUILDFORD - EARLSFIELD,L74762,1434,stop,2026-04-10,14:56:00,,
GUILDFORD - EARLSFIELD,Q50181,1434,stop,2026-04-06,14:56:00,,
GUILDFORD - EARLSFIELD (3),L74764,1439,stop,2026-04-05,14:59:00,,
EARLSFIELD - GUILDFORD,L74750,1433,stop,2026-04-13,15:02:00,,
EARLSFIELD - GUILDFORD,L74750,1433,stop,2026-04-27,15:02:00,,
EARLSFIELD - GUILDFORD,L74750,1433,stop,2026-04-03,15:02:00,,
EARLSFIELD - GUILDFORD,Q38571,1433,stop,2026-04-03,15:02:00,,
EARLSFIELD - GUILDFORD,L74750,1433,stop,2026-04-28,15:02:00,,
EARLSFIELD - GUILDFORD,L74750,1433,stop,2026-04-15,15:02:00,,
EARLSFIELD - GUILDFORD,L74751,1433,stop,2026-04-04,15:02:00,,
EARLSFIELD - GUILDFORD,L74750,1433,stop,2026-04-22,15:02:00,,
EARLSFIELD - GUILDFORD,L74750,1433,stop,2026-04-06,15:02:00,,
EARLSFIELD - GUILDFORD,L74750,1433,stop,2026-04-30,15:02:00,,
EARLSFIELD - GUILDFORD,L74751,1433,stop,2026-04-11,15:02:00,,
EARLSFIELD - GUILDFORD,L74750,1433,stop,2026-04-20,15:02:00,,
EARLSFIELD - GUILDFORD,L74750,1433,stop,2026-04-01,15:02:00,,
EARLSFIELD - GUILDFORD,L74750,1433,stop,2026-04-09,15:02:00,,
EARLSFIELD - GUILDFORD,Q50188,1433,stop,2026-04-06,15:02:00,,
EARLSFIELD - GUILDFORD,L74750,1433,stop,2026-04-16,15:02:00,,
EARLSFIELD - GUILDFORD,L74751,1433,stop,2026-04-18,15:02:00,,
EARLSFIELD - GUILDFORD,L74750,1433,stop,2026-04-29,15:02:00,,
EARLSFIELD - GUILDFORD,L74750,1433,stop,2026-04-10,15:02:00,,
EARLSFIELD - GUILDFORD,L74750,1433,stop,2026-04-14,15:02:00,,
EARLSFIELD - GUILDFORD,L74750,1433,stop,2026-04-17,15:02:00,,
EARLSFIELD - GUILDFORD,L74751,1433,stop,2026-04-25,15:02:00,,
EARLSFIELD - GUILDFORD,L74750,1433,stop,2026-04-24,15:02:00,,
EARLSFIELD - GUILDFORD,L74750,1433,stop,2026-04-07,15:02:00,,
EARLSFIELD - GUILDFORD,L74750,1433,stop,2026-04-21,15:02:00,,
EARLSFIELD - GUILDFORD,L74750,1433,stop,2026-04-23,15:02:00,,
EARLSFIELD - GUILDFORD,L74750,1433,stop,2026-04-08,15:02:00,,
EARLSFIELD - GUILDFORD,L74750,1433,stop,2026-04-02,15:02:00,,
GUILDFORD - EARLSFIELD,L74764,1450,stop,2026-04-19,15:10:00,,
GUILDFORD - EARLSFIELD,L74764,1450,stop,2026-04-12,15:10:00,,
GUILDFORD - EARLSFIELD,L74764,1450,stop,2026-04-26,15:10:00,,
GUILDFORD - EARLSFIELD,L74768,1504,stop,2026-04-28,15:26:00,,
GUILDFORD - EARLSFIELD,L74768,1504,stop,2026-04-10,15:26:00,,
GUILDFORD - EARLSFIELD,L74768,1504,stop,2026-04-27,15:26:00,,
GUILDFORD - EARLSFIELD,L74768,1504,stop,2026-04-30,15:26:00,,
GUILDFORD - EARLSFIELD,L74768,1504,stop,2026-04-20,15:26:00,,
GUILDFORD - EARLSFIELD,Q39768,1504,stop,2026-04-03,15:26:00,,
GUILDFORD - EARLSFIELD,L74768,1504,stop,2026-04-01,15:26:00,,
GUILDFORD - EARLSFIELD,L74769,1504,stop,2026-04-25,15:26:00,,
GUILDFORD - EARLSFIELD,L74769,1504,stop,2026-04-18,15:26:00,,
GUILDFORD - EARLSFIELD,L74768,1504,stop,2026-04-13,15:26:00,,
GUILDFORD - EARLSFIELD,L74768,1504,stop,2026-04-29,15:26:00,,
GUILDFORD - EARLSFIELD,L74768,1504,stop,2026-04-02,15:26:00,,
GUILDFORD - EARLSFIELD,L74768,1504,stop,2026-04-15,15:26:00,,
GUILDFORD - EARLSFIELD,L74768,1504,stop,2026-04-14,15:26:00,,
GUILDFORD - EARLSFIELD,L74768,1504,stop,2026-04-03,15:26:00,,
GUILDFORD - EARLSFIELD,L74768,1504,stop,2026-04-08,15:26:00,,
GUILDFORD - EARLSFIELD,L74768,1504,stop,2026-04-21,15:26:00,,
GUILDFORD - EARLSFIELD,L74768,1504,stop,2026-04-24,15:26:00,,
GUILDFORD - EARLSFIELD,L74768,1504,stop,2026-04-22,15:26:00,,
GUILDFORD - EARLSFIELD,L74768,1504,stop,2026-04-17,15:26:00,,
GUILDFORD - EARLSFIELD,Q50097,1504,stop,2026-04-06,15:26:00,,
GUILDFORD - EARLSFIELD,L74768,1504,stop,2026-04-09,15:26:00,,
GUILDFORD - EARLSFIELD,L74768,1504,stop,2026-04-06,15:26:00,,
GUILDFORD - EARLSFIELD,L74769,1504,stop,2026-04-04,15:26:00,,
GUILDFORD - EARLSFIELD,L74768,1504,stop,2026-04-16,15:26:00,,
GUILDFORD - EARLSFIELD,L74769,1504,stop,2026-04-11,15:26:00,,
GUILDFORD - EARLSFIELD,L74768,1504,stop,2026-04-07,15:26:00,,
GUILDFORD - EARLSFIELD,L74768,1504,stop,2026-04-23,15:26:00,,
EARLSFIELD - GUILDFORD (2),L74757,1457,stop,2026-04-05,15:31:00,,
EARLSFIELD - GUILDFORD,P61731,1503,stop,2026-04-02,15:32:00,,
EARLSFIELD - GUILDFORD,L74756,1503,stop,2026-04-11,15:32:00,,
EARLSFIELD - GUILDFORD,P61731,1503,stop,2026-04-20,15:32:00,,
EARLSFIELD - GUILDFORD,P61731,1503,stop,2026-04-06,15:32:00,,
EARLSFIELD - GUILDFORD,Q50101,1503,stop,2026-04-06,15:32:00,,
EARLSFIELD - GUILDFORD,P61731,1503,stop,2026-04-23,15:32:00,,
EARLSFIELD - GUILDFORD,P61731,1503,stop,2026-04-17,15:32:00,,
EARLSFIELD - GUILDFORD,P61731,1503,stop,2026-04-28,15:32:00,,
EARLSFIELD - GUILDFORD,L74756,1503,stop,2026-04-18,15:32:00,,
EARLSFIELD - GUILDFORD,P61731,1503,stop,2026-04-30,15:32:00,,
EARLSFIELD - GUILDFORD,Q38549,1503,stop,2026-04-03,15:32:00,,
EARLSFIELD - GUILDFORD,P61731,1503,stop,2026-04-21,15:32:00,,
EARLSFIELD - GUILDFORD,P61731,1503,stop,2026-04-22,15:32:00,,
EARLSFIELD - GUILDFORD,P61731,1503,stop,2026-04-10,15:32:00,,
EARLSFIELD - GUILDFORD,P61731,1503,stop,2026-04-13,15:32:00,,
EARLSFIELD - GUILDFORD,L74756,1503,stop,2026-04-04,15:32:00,,
EARLSFIELD - GUILDFORD,P61731,1503,stop,2026-04-03,15:32:00,,
EARLSFIELD - GUILDFORD,P61731,1503,stop,2026-04-08,15:32:00,,
EARLSFIELD - GUILDFORD,P61731,1503,stop,2026-04-27,15:32:00,,
EARLSFIELD - GUILDFORD,P61731,1503,stop,2026-04-09,15:32:00,,
EARLSFIELD - GUILDFORD,P61731,1503,stop,2026-04-24,15:32:00,,
EARLSFIELD - GUILDFORD,P61731,1503,stop,2026-04-15,15:32:00,,
EARLSFIELD - GUILDFORD,P61731,1503,stop,2026-04-14,15:32:00,,
EARLSFIELD - GUILDFORD,L74756,1503,stop,2026-04-25,15:32:00,,
EARLSFIELD - GUILDFORD,P61731,1503,stop,2026-04-29,15:32:00,,
EARLSFIELD - GUILDFORD,P61731,1503,stop,2026-04-07,15:32:00,,
EARLSFIELD - GUILDFORD,P61731,1503,stop,2026-04-01,15:32:00,,
EARLSFIELD - GUILDFORD,P61731,1503,stop,2026-04-16,15:32:00,,
EARLSFIELD - GUILDFORD,L74757,1506,stop,2026-04-12,15:36:00,,
EARLSFIELD - GUILDFORD,L74757,1506,stop,2026-04-26,15:36:00,,
EARLSFIELD - GUILDFORD,L74757,1506,stop,2026-04-19,15:36:00,,
GUILDFORD - EARLSFIELD,L74772,1534,stop,2026-04-06,15:56:00,,
GUILDFORD - EARLSFIELD,L74772,1534,stop,2026-04-17,15:56:00,,
GUILDFORD - EARLSFIELD,L74772,1534,stop,2026-04-07,15:56:00,,
GUILDFORD - EARLSFIELD,L74772,1534,stop,2026-04-02,15:56:00,,
GUILDFORD - EARLSFIELD,L74772,1534,stop,2026-04-03,15:56:00,,
GUILDFORD - EARLSFIELD,L74772,1534,stop,2026-04-29,15:56:00,,
GUILDFORD - EARLSFIELD,L74772,1534,stop,2026-04-28,15:56:00,,
GUILDFORD - EARLSFIELD,L74772,1534,stop,2026-04-21,15:56:00,,
GUILDFORD - EARLSFIELD,L74773,1534,stop,2026-04-04,15:56:00,,
GUILDFORD - EARLSFIELD,L74772,1534,stop,2026-04-27,15:56:00,,
GUILDFORD - EARLSFIELD,L74772,1534,stop,2026-04-08,15:56:00,,
GUILDFORD - EARLSFIELD,L74772,1534,stop,2026-04-20,15:56:00,,
GUILDFORD - EARLSFIELD,L74772,1534,stop,2026-04-30,15:56:00,,
GUILDFORD - EARLSFIELD,Q88842,1534,stop,2026-04-03,15:56:00,,
GUILDFORD - EARLSFIELD,L74772,1534,stop,2026-04-23,15:56:00,,
GUILDFORD - EARLSFIELD,L74773,1534,stop,2026-04-18,15:56:00,,
GUILDFORD - EARLSFIELD,L74772,1534,stop,2026-04-09,15:56:00,,
GUILDFORD - EARLSFIELD,L74772,1534,stop,2026-04-14,15:56:00,,
GUILDFORD - EARLSFIELD,L74772,1534,stop,2026-04-16,15:56:00,,
GUILDFORD - EARLSFIELD,L74772,1534,stop,2026-04-24,15:56:00,,
GUILDFORD - EARLSFIELD,L74772,1534,stop,2026-04-10,15:56:00,,
GUILDFORD - EARLSFIELD,L74773,1534,stop,2026-04-25,15:56:00,,
GUILDFORD - EARLSFIELD,Q50038,1534,stop,2026-04-06,15:56:00,,
GUILDFORD - EARLSFIELD,L74772,1534,stop,2026-04-13,15:56:00,,
GUILDFORD - EARLSFIELD,L74773,1534,stop,2026-04-11,15:56:00,,
GUILDFORD - EARLSFIELD,L74772,1534,stop,2026-04-15,15:56:00,,
GUILDFORD - EARLSFIELD,L74772,1534,stop,2026-04-22,15:56:00,,
GUILDFORD - EARLSFIELD,L74772,1534,stop,2026-04-01,15:56:00,,
GUILDFORD - EARLSFIELD (3),L74774,1539,stop,2026-04-05,15:59:00,,
EARLSFIELD - GUILDFORD,P61732,1533,stop,2026-04-24,16:02:00,,
EARLSFIELD - GUILDFORD,P61732,1533,stop,2026-04-16,16:02:00,,
EARLSFIELD - GUILDFORD,P61732,1533,stop,2026-04-09,16:02:00,,
EARLSFIELD - GUILDFORD,P61732,1533,stop,2026-04-15,16:02:00,,
EARLSFIELD - GUILDFORD,P61732,1533,stop,2026-04-08,16:02:00,,
EARLSFIELD - GUILDFORD,P61732,1533,stop,2026-04-30,16:02:00,,
EARLSFIELD - GUILDFORD,L74761,1533,stop,2026-04-04,16:02:00,,
EARLSFIELD - GUILDFORD,P61732,1533,stop,2026-04-14,16:02:00,,
EARLSFIELD - GUILDFORD,P61732,1533,stop,2026-04-03,16:02:00,,
EARLSFIELD - GUILDFORD,L74761,1533,stop,2026-04-18,16:02:00,,
EARLSFIELD - GUILDFORD,P61732,1533,stop,2026-04-27,16:02:00,,
EARLSFIELD - GUILDFORD,P61732,1533,stop,2026-04-22,16:02:00,,
EARLSFIELD - GUILDFORD,P61732,1533,stop,2026-04-29,16:02:00,,
EARLSFIELD - GUILDFORD,P61732,1533,stop,2026-04-02,16:02:00,,
EARLSFIELD - GUILDFORD,L74761,1533,stop,2026-04-25,16:02:00,,
EARLSFIELD - GUILDFORD,P61732,1533,stop,2026-04-10,16:02:00,,
EARLSFIELD - GUILDFORD,P61732,1533,stop,2026-04-01,16:02:00,,
EARLSFIELD - GUILDFORD,P61732,1533,stop,2026-04-20,16:02:00,,
EARLSFIELD - GUILDFORD,P61732,1533,stop,2026-04-07,16:02:00,,
EARLSFIELD - GUILDFORD,P61732,1533,stop,2026-04-06,16:02:00,,
EARLSFIELD - GUILDFORD,Q50041,1533,stop,2026-04-06,16:02:00,,
EARLSFIELD - GUILDFORD,L74761,1533,stop,2026-04-11,16:02:00,,
EARLSFIELD - GUILDFORD,P61732,1533,stop,2026-04-28,16:02:00,,
EARLSFIELD - GUILDFORD,P61732,1533,stop,2026-04-21,16:02:00,,
EARLSFIELD - GUILDFORD,Q38527,1533,stop,2026-04-03,16:02:00,,
EARLSFIELD - GUILDFORD,P61732,1533,stop,2026-04-13,16:02:00,,
EARLSFIELD - GUILDFORD,P61732,1533,stop,2026-04-23,16:02:00,,
EARLSFIELD - GUILDFORD,P61732,1533,stop,2026-04-17,16:02:00,,
GUILDFORD - EARLSFIELD,L74774,1550,stop,2026-04-12,16:10:00,,
GUILDFORD - EARLSFIELD,L74774,1550,stop,2026-04-19,16:10:00,,
GUILDFORD - EARLSFIELD,L74774,1550,stop,2026-04-26,16:10:00,,
GUILDFORD - EARLSFIELD,Q49384,1604,stop,2026-04-06,16:26:00,,
GUILDFORD - EARLSFIELD,L74778,1604,stop,2026-04-02,16:26:00,,
GUILDFORD - EARLSFIELD,L74778,1604,stop,2026-04-06,16:26:00,,
GUILDFORD - EARLSFIELD,L74778,1604,stop,2026-04-07,16:26:00,,
GUILDFORD - EARLSFIELD,L74778,1604,stop,2026-04-09,16:26:00,,
GUILDFORD - EARLSFIELD,L74778,1604,stop,2026-04-03,16:26:00,,
GUILDFORD - EARLSFIELD,L74778,1604,stop,2026-04-10,16:26:00,,
GUILDFORD - EARLSFIELD,Q38503,1604,stop,2026-04-03,16:26:00,,
GUILDFORD - EARLSFIELD,L74779,1604,stop,2026-04-11,16:26:00,,
GUILDFORD - EARLSFIELD,L74778,1604,stop,2026-04-01,16:26:00,,
GUILDFORD - EARLSFIELD,L74778,1604,stop,2026-04-08,16:26:00,,
GUILDFORD - EARLSFIELD,L74779,1604,stop,2026-04-04,16:26:00,,
GUILDFORD - EARLSFIELD,L74778,1604,stop,2026-04-14,16:26:00,,
GUILDFORD - EARLSFIELD,L74778,1604,stop,2026-04-13,16:26:00,,
GUILDFORD - EARLSFIELD,L74778,1604,stop,2026-04-21,16:26:00,,
GUILDFORD - EARLSFIELD,L74779,1604,stop,2026-04-18,16:26:00,,
GUILDFORD - EARLSFIELD,L74778,1604,stop,2026-04-29,16:26:00,,
GUILDFORD - EARLSFIELD,L74778,1604,stop,2026-04-20,16:26:00,,
GUILDFORD - EARLSFIELD,L74778,1604,stop,2026-04-30,16:26:00,,
GUILDFORD - EARLSFIELD,L74778,1604,stop,2026-04-23,16:26:00,,
GUILDFORD - EARLSFIELD,L74778,1604,stop,2026-04-27,16:26:00,,
GUILDFORD - EARLSFIELD,L74778,1604,stop,2026-04-15,16:26:00,,
GUILDFORD - EARLSFIELD,L74778,1604,stop,2026-04-28,16:26:00,,
GUILDFORD - EARLSFIELD,L74778,1604,stop,2026-04-16,16:26:00,,
GUILDFORD - EARLSFIELD,L74778,1604,stop,2026-04-17,16:26:00,,
GUILDFORD - EARLSFIELD,L74779,1604,stop,2026-04-25,16:26:00,,
GUILDFORD - EARLSFIELD,L74778,1604,stop,2026-04-24,16:26:00,,
GUILDFORD - EARLSFIELD,L74778,1604,stop,2026-04-22,16:26:00,,
EARLSFIELD - GUILDFORD (2),L74767,1557,stop,2026-04-05,16:31:00,,
EARLSFIELD - GUILDFORD,P61733,1603,stop,2026-04-20,16:32:00,,
EARLSFIELD - GUILDFORD,P61733,1603,stop,2026-04-29,16:32:00,,
EARLSFIELD - GUILDFORD,L74766,1603,stop,2026-04-25,16:32:00,,
EARLSFIELD - GUILDFORD,P61733,1603,stop,2026-04-30,16:32:00,,
EARLSFIELD - GUILDFORD,P61733,1603,stop,2026-04-28,16:32:00,,
EARLSFIELD - GUILDFORD,P61733,1603,stop,2026-04-17,16:32:00,,
EARLSFIELD - GUILDFORD,P61733,1603,stop,2026-04-09,16:32:00,,
EARLSFIELD - GUILDFORD,P61733,1603,stop,2026-04-01,16:32:00,,
EARLSFIELD - GUILDFORD,P61733,1603,stop,2026-04-06,16:32:00,,
EARLSFIELD - GUILDFORD,Q49388,1603,stop,2026-04-06,16:32:00,,
EARLSFIELD - GUILDFORD,P61733,1603,stop,2026-04-15,16:32:00,,
EARLSFIELD - GUILDFORD,P61733,1603,stop,2026-04-21,16:32:00,,
EARLSFIELD - GUILDFORD,L74766,1603,stop,2026-04-11,16:32:00,,
EARLSFIELD - GUILDFORD,P61733,1603,stop,2026-04-03,16:32:00,,
EARLSFIELD - GUILDFORD,P61733,1603,stop,2026-04-08,16:32:00,,
EARLSFIELD - GUILDFORD,P61733,1603,stop,2026-04-16,16:32:00,,
EARLSFIELD - GUILDFORD,Q38504,1603,stop,2026-04-03,16:32:00,,
EARLSFIELD - GUILDFORD,P61733,1603,stop,2026-04-23,16:32:00,,
EARLSFIELD - GUILDFORD,L74766,1603,stop,2026-04-04,16:32:00,,
EARLSFIELD - GUILDFORD,L74766,1603,stop,2026-04-18,16:32:00,,
EARLSFIELD - GUILDFORD,P61733,1603,stop,2026-04-07,16:32:00,,
EARLSFIELD - GUILDFORD,P61733,1603,stop,2026-04-27,16:32:00,,
EARLSFIELD - GUILDFORD,P61733,1603,stop,2026-04-02,16:32:00,,
EARLSFIELD - GUILDFORD,P61733,1603,stop,2026-04-24,16:32:00,,
EARLSFIELD - GUILDFORD,P61733,1603,stop,2026-04-22,16:32:00,,
EARLSFIELD - GUILDFORD,P61733,1603,stop,2026-04-14,16:32:00,,
EARLSFIELD - GUILDFORD,P61733,1603,stop,2026-04-13,16:32:00,,
EARLSFIELD - GUILDFORD,P61733,1603,stop,2026-04-10,16:32:00,,
EARLSFIELD - GUILDFORD,L74767,1606,stop,2026-04-19,16:36:00,,
EARLSFIELD - GUILDFORD,L74767,1606,stop,2026-04-26,16:36:00,,
EARLSFIELD - GUILDFORD,L74767,1606,stop,2026-04-12,16:36:00,,
GUILDFORD - EARLSFIELD,L74783,1634,stop,2026-04-18,16:56:00,,
GUILDFORD - EARLSFIELD,P61736,1634,stop,2026-04-22,16:56:00,,
GUILDFORD - EARLSFIELD,P61736,1634,stop,2026-04-23,16:56:00,,
GUILDFORD - EARLSFIELD,P61736,1634,stop,2026-04-10,16:56:00,,
GUILDFORD - EARLSFIELD,P61736,1634,stop,2026-04-14,16:56:00,,
GUILDFORD - EARLSFIELD,P61736,1634,stop,2026-04-08,16:56:00,,
GUILDFORD - EARLSFIELD,L74783,1634,stop,2026-04-11,16:56:00,,
GUILDFORD - EARLSFIELD,Q88841,1634,stop,2026-04-03,16:56:00,,
GUILDFORD - EARLSFIELD,P61736,1634,stop,2026-04-02,16:56:00,,
GUILDFORD - EARLSFIELD,P61736,1634,stop,2026-04-27,16:56:00,,
GUILDFORD - EARLSFIELD,P61736,1634,stop,2026-04-24,16:56:00,,
GUILDFORD - EARLSFIELD,P61736,1634,stop,2026-04-20,16:56:00,,
GUILDFORD - EARLSFIELD,P61736,1634,stop,2026-04-21,16:56:00,,
GUILDFORD - EARLSFIELD,L74783,1634,stop,2026-04-04,16:56:00,,
GUILDFORD - EARLSFIELD,P61736,1634,stop,2026-04-28,16:56:00,,
GUILDFORD - EARLSFIELD,P61736,1634,stop,2026-04-15,16:56:00,,
GUILDFORD - EARLSFIELD,P61736,1634,stop,2026-04-09,16:56:00,,
GUILDFORD - EARLSFIELD,P61736,1634,stop,2026-04-13,16:56:00,,
GUILDFORD - EARLSFIELD,P61736,1634,stop,2026-04-07,16:56:00,,
GUILDFORD - EARLSFIELD,P61736,1634,stop,2026-04-30,16:56:00,,
GUILDFORD - EARLSFIELD,P61736,1634,stop,2026-04-06,16:56:00,,
GUILDFORD - EARLSFIELD,P61736,1634,stop,2026-04-29,16:56:00,,
GUILDFORD - EARLSFIELD,P61736,1634,stop,2026-04-16,16:56:00,,
GUILDFORD - EARLSFIELD,P61736,1634,stop,2026-04-03,16:56:00,,
GUILDFORD - EARLSFIELD,P61736,1634,stop,2026-04-01,16:56:00,,
GUILDFORD - EARLSFIELD,Q49321,1634,stop,2026-04-06,16:56:00,,
GUILDFORD - EARLSFIELD,P61736,1634,stop,2026-04-17,16:56:00,,
GUILDFORD - EARLSFIELD,L74783,1634,stop,2026-04-25,16:56:00,,
GUILDFORD - EARLSFIELD (3),L74784,1639,stop,2026-04-05,16:59:00,,
EARLSFIELD - GUILDFORD,L74771,1633,stop,2026-04-11,17:02:00,,
EARLSFIELD - GUILDFORD,L74771,1633,stop,2026-04-25,17:02:00,,
EARLSFIELD - GUILDFORD,P61734,1633,stop,2026-04-23,17:02:00,,
EARLSFIELD - GUILDFORD,P61734,1633,stop,2026-04-24,17:02:00,,
EARLSFIELD - GUILDFORD,P61734,1633,stop,2026-04-13,17:02:00,,
EARLSFIELD - GUILDFORD,P61734,1633,stop,2026-04-22,17:02:00,,
EARLSFIELD - GUILDFORD,P61734,1633,stop,2026-04-27,17:02:00,,
EARLSFIELD - GUILDFORD,P61734,1633,stop,2026-04-15,17:02:00,,
EARLSFIELD - GUILDFORD,P61734,1633,stop,2026-04-20,17:02:00,,
EARLSFIELD - GUILDFORD,L74771,1633,stop,2026-04-04,17:02:00,,
EARLSFIELD - GUILDFORD,P61734,1633,stop,2026-04-09,17:02:00,,
EARLSFIELD - GUILDFORD,P61734,1633,stop,2026-04-17,17:02:00,,
EARLSFIELD - GUILDFORD,P61734,1633,stop,2026-04-30,17:02:00,,
EARLSFIELD - GUILDFORD,P61734,1633,stop,2026-04-06,17:02:00,,
EARLSFIELD - GUILDFORD,Q49325,1633,stop,2026-04-06,17:02:00,,
EARLSFIELD - GUILDFORD,Q39767,1633,stop,2026-04-03,17:02:00,,
EARLSFIELD - GUILDFORD,P61734,1633,stop,2026-04-03,17:02:00,,
EARLSFIELD - GUILDFORD,P61734,1633,stop,2026-04-29,17:02:00,,
EARLSFIELD - GUILDFORD,P61734,1633,stop,2026-04-07,17:02:00,,
EARLSFIELD - GUILDFORD,L74771,1633,stop,2026-04-18,17:02:00,,
EARLSFIELD - GUILDFORD,P61734,1633,stop,2026-04-01,17:02:00,,
EARLSFIELD - GUILDFORD,P61734,1633,stop,2026-04-16,17:02:00,,
EARLSFIELD - GUILDFORD,P61734,1633,stop,2026-04-08,17:02:00,,
EARLSFIELD - GUILDFORD,P61734,1633,stop,2026-04-02,17:02:00,,
EARLSFIELD - GUILDFORD,P61734,1633,stop,2026-04-28,17:02:00,,
EARLSFIELD - GUILDFORD,P61734,1633,stop,2026-04-21,17:02:00,,
EARLSFIELD - GUILDFORD,P61734,1633,stop,2026-04-10,17:02:00,,
EARLSFIELD - GUILDFORD,P61734,1633,stop,2026-04-14,17:02:00,,
GUILDFORD - EARLSFIELD,L74784,1650,stop,2026-04-19,17:10:00,,
GUILDFORD - EARLSFIELD,L74784,1650,stop,2026-04-12,17:10:00,,
GUILDFORD - EARLSFIELD,L74784,1650,stop,2026-04-26,17:10:00,,
GUILDFORD - EARLSFIELD,Q49208,1704,stop,2026-04-06,17:26:00,,
GUILDFORD - EARLSFIELD,L74789,1704,stop,2026-04-04,17:26:00,,
GUILDFORD - EARLSFIELD,L74789,1704,stop,2026-04-18,17:26:00,,
GUILDFORD - EARLSFIELD,L74789,1704,stop,2026-04-25,17:26:00,,
GUILDFORD - EARLSFIELD,L74789,1704,stop,2026-04-11,17:26:00,,
GUILDFORD - EARLSFIELD,Q38457,1704,stop,2026-04-03,17:26:00,,
GUILDFORD - EARLSFIELD,L74788,1709,stop,2026-04-22,17:31:00,,
GUILDFORD - EARLSFIELD,L74788,1709,stop,2026-04-27,17:31:00,,
GUILDFORD - EARLSFIELD,L74788,1709,stop,2026-04-14,17:31:00,,
GUILDFORD - EARLSFIELD,L74788,1709,stop,2026-04-15,17:31:00,,
GUILDFORD - EARLSFIELD,L74788,1709,stop,2026-04-10,17:31:00,,
GUILDFORD - EARLSFIELD,L74788,1709,stop,2026-04-20,17:31:00,,
GUILDFORD - EARLSFIELD,L74788,1709,stop,2026-04-13,17:31:00,,
GUILDFORD - EARLSFIELD,L74788,1709,stop,2026-04-24,17:31:00,,
GUILDFORD - EARLSFIELD,L74788,1709,stop,2026-04-17,17:31:00,,
GUILDFORD - EARLSFIELD,L74788,1709,stop,2026-04-30,17:31:00,,
GUILDFORD - EARLSFIELD,L74788,1709,stop,2026-04-23,17:31:00,,
GUILDFORD - EARLSFIELD,L74788,1709,stop,2026-04-02,17:31:00,,
GUILDFORD - EARLSFIELD,L74788,1709,stop,2026-04-09,17:31:00,,
GUILDFORD - EARLSFIELD,L74788,1709,stop,2026-04-01,17:31:00,,
GUILDFORD - EARLSFIELD,L74788,1709,stop,2026-04-21,17:31:00,,
EARLSFIELD - GUILDFORD (2),L74777,1657,stop,2026-04-05,17:31:00,,
GUILDFORD - EARLSFIELD,L74788,1709,stop,2026-04-06,17:31:00,,
GUILDFORD - EARLSFIELD,L74788,1709,stop,2026-04-29,17:31:00,,
GUILDFORD - EARLSFIELD,L74788,1709,stop,2026-04-16,17:31:00,,
GUILDFORD - EARLSFIELD,L74788,1709,stop,2026-04-08,17:31:00,,
GUILDFORD - EARLSFIELD,L74788,1709,stop,2026-04-28,17:31:00,,
GUILDFORD - EARLSFIELD,L74788,1709,stop,2026-04-03,17:31:00,,
GUILDFORD - EARLSFIELD,L74788,1709,stop,2026-04-07,17:31:00,,
EARLSFIELD - GUILDFORD,Q49227,1703,stop,2026-04-06,17:32:00,,
EARLSFIELD - GUILDFORD,Q38458,1703,stop,2026-04-03,17:32:00,,
EARLSFIELD - GUILDFORD,L74776,1703,stop,2026-04-18,17:32:00,,
EARLSFIELD - GUILDFORD,L74776,1703,stop,2026-04-25,17:32:00,,
EARLSFIELD - GUILDFORD,L74776,1703,stop,2026-04-04,17:32:00,,
EARLSFIELD - GUILDFORD,L74776,1703,stop,2026-04-11,17:32:00,,
EARLSFIELD - GUILDFORD,P61735,1703,stop,2026-04-21,17:35:00,,
EARLSFIELD - GUILDFORD,P61735,1703,stop,2026-04-20,17:35:00,,
EARLSFIELD - GUILDFORD,P61735,1703,stop,2026-04-27,17:35:00,,
EARLSFIELD - GUILDFORD,P61735,1703,stop,2026-04-22,17:35:00,,
EARLSFIELD - GUILDFORD,P61735,1703,stop,2026-04-30,17:35:00,,
EARLSFIELD - GUILDFORD,P61735,1703,stop,2026-04-15,17:35:00,,
EARLSFIELD - GUILDFORD,P61735,1703,stop,2026-04-10,17:35:00,,
EARLSFIELD - GUILDFORD,P61735,1703,stop,2026-04-14,17:35:00,,
EARLSFIELD - GUILDFORD,P61735,1703,stop,2026-04-01,17:35:00,,
EARLSFIELD - GUILDFORD,P61735,1703,stop,2026-04-28,17:35:00,,
EARLSFIELD - GUILDFORD,P61735,1703,stop,2026-04-03,17:35:00,,
EARLSFIELD - GUILDFORD,P61735,1703,stop,2026-04-09,17:35:00,,
EARLSFIELD - GUILDFORD,P61735,1703,stop,2026-04-17,17:35:00,,
EARLSFIELD - GUILDFORD,P61735,1703,stop,2026-04-02,17:35:00,,
EARLSFIELD - GUILDFORD,P61735,1703,stop,2026-04-07,17:35:00,,
EARLSFIELD - GUILDFORD,P61735,1703,stop,2026-04-29,17:35:00,,
EARLSFIELD - GUILDFORD,P61735,1703,stop,2026-04-23,17:35:00,,
EARLSFIELD - GUILDFORD,P61735,1703,stop,2026-04-24,17:35:00,,
EARLSFIELD - GUILDFORD,P61735,1703,stop,2026-04-13,17:35:00,,
EARLSFIELD - GUILDFORD,P61735,1703,stop,2026-04-16,17:35:00,,
EARLSFIELD - GUILDFORD,P61735,1703,stop,2026-04-08,17:35:00,,
EARLSFIELD - GUILDFORD,P61735,1703,stop,2026-04-06,17:35:00,,
EARLSFIELD - GUILDFORD,L74777,1706,stop,2026-04-12,17:36:00,,
EARLSFIELD - GUILDFORD,L74777,1706,stop,2026-04-26,17:36:00,,
EARLSFIELD - GUILDFORD,L74777,1706,stop,2026-04-19,17:36:00,,
GUILDFORD - EARLSFIELD,L74793,1734,stop,2026-04-18,17:56:00,,
GUILDFORD - EARLSFIELD,L74792,1734,stop,2026-04-10,17:56:00,,
GUILDFORD - EARLSFIELD,L74793,1734,stop,2026-04-11,17:56:00,,
GUILDFORD - EARLSFIELD,L74792,1734,stop,2026-04-14,17:56:00,,
GUILDFORD - EARLSFIELD,L74792,1734,stop,2026-04-20,17:56:00,,
GUILDFORD - EARLSFIELD,L74792,1734,stop,2026-04-13,17:56:00,,
GUILDFORD - EARLSFIELD,L74792,1734,stop,2026-04-01,17:56:00,,
GUILDFORD - EARLSFIELD,L74792,1734,stop,2026-04-02,17:56:00,,
GUILDFORD - EARLSFIELD,Q88840,1734,stop,2026-04-03,17:56:00,,
GUILDFORD - EARLSFIELD,L74792,1734,stop,2026-04-27,17:56:00,,
GUILDFORD - EARLSFIELD,L74792,1734,stop,2026-04-22,17:56:00,,
GUILDFORD - EARLSFIELD,L74792,1734,stop,2026-04-07,17:56:00,,
GUILDFORD - EARLSFIELD,L74792,1734,stop,2026-04-17,17:56:00,,
GUILDFORD - EARLSFIELD,L74792,1734,stop,2026-04-21,17:56:00,,
GUILDFORD - EARLSFIELD,L74792,1734,stop,2026-04-16,17:56:00,,
GUILDFORD - EARLSFIELD,L74793,1734,stop,2026-04-04,17:56:00,,
GUILDFORD - EARLSFIELD,L74792,1734,stop,2026-04-08,17:56:00,,
GUILDFORD - EARLSFIELD,Q49124,1734,stop,2026-04-06,17:56:00,,
GUILDFORD - EARLSFIELD,L74792,1734,stop,2026-04-24,17:56:00,,
GUILDFORD - EARLSFIELD,L74792,1734,stop,2026-04-29,17:56:00,,
GUILDFORD - EARLSFIELD,L74792,1734,stop,2026-04-30,17:56:00,,
GUILDFORD - EARLSFIELD,L74792,1734,stop,2026-04-09,17:56:00,,
GUILDFORD - EARLSFIELD,L74792,1734,stop,2026-04-06,17:56:00,,
GUILDFORD - EARLSFIELD,L74792,1734,stop,2026-04-15,17:56:00,,
GUILDFORD - EARLSFIELD,L74792,1734,stop,2026-04-03,17:56:00,,
GUILDFORD - EARLSFIELD,L74792,1734,stop,2026-04-28,17:56:00,,
GUILDFORD - EARLSFIELD,L74792,1734,stop,2026-04-23,17:56:00,,
GUILDFORD - EARLSFIELD,L74793,1734,stop,2026-04-25,17:56:00,,
GUILDFORD - EARLSFIELD (3),L74794,1739,stop,2026-04-05,17:59:00,,
EARLSFIELD - GUILDFORD,L74781,1733,stop,2026-04-04,18:02:00,,
EARLSFIELD - GUILDFORD,L74781,1733,stop,2026-04-11,18:02:00,,
EARLSFIELD - GUILDFORD,L74781,1733,stop,2026-04-25,18:02:00,,
EARLSFIELD - GUILDFORD,L74781,1733,stop,2026-04-18,18:02:00,,
EARLSFIELD - GUILDFORD,Q49127,1733,stop,2026-04-06,18:02:00,,
EARLSFIELD - GUILDFORD,Q38435,1733,stop,2026-04-03,18:02:00,,
EARLSFIELD - GUILDFORD,L74780,1733,stop,2026-04-16,18:05:00,,
EARLSFIELD - GUILDFORD,L74780,1733,stop,2026-04-06,18:05:00,,
EARLSFIELD - GUILDFORD,L74780,1733,stop,2026-04-29,18:05:00,,
EARLSFIELD - GUILDFORD,L74780,1733,stop,2026-04-22,18:05:00,,
EARLSFIELD - GUILDFORD,L74780,1733,stop,2026-04-17,18:05:00,,
EARLSFIELD - GUILDFORD,L74780,1733,stop,2026-04-23,18:05:00,,
EARLSFIELD - GUILDFORD,L74780,1733,stop,2026-04-27,18:05:00,,
EARLSFIELD - GUILDFORD,L74780,1733,stop,2026-04-14,18:05:00,,
EARLSFIELD - GUILDFORD,L74780,1733,stop,2026-04-07,18:05:00,,
EARLSFIELD - GUILDFORD,L74780,1733,stop,2026-04-01,18:05:00,,
EARLSFIELD - GUILDFORD,L74780,1733,stop,2026-04-30,18:05:00,,
EARLSFIELD - GUILDFORD,L74780,1733,stop,2026-04-10,18:05:00,,
EARLSFIELD - GUILDFORD,L74780,1733,stop,2026-04-03,18:05:00,,
EARLSFIELD - GUILDFORD,L74780,1733,stop,2026-04-08,18:05:00,,
EARLSFIELD - GUILDFORD,L74780,1733,stop,2026-04-21,18:05:00,,
EARLSFIELD - GUILDFORD,L74780,1733,stop,2026-04-09,18:05:00,,
EARLSFIELD - GUILDFORD,L74780,1733,stop,2026-04-13,18:05:00,,
EARLSFIELD - GUILDFORD,L74780,1733,stop,2026-04-20,18:05:00,,
EARLSFIELD - GUILDFORD,L74780,1733,stop,2026-04-15,18:05:00,,
EARLSFIELD - GUILDFORD,L74780,1733,stop,2026-04-24,18:05:00,,
EARLSFIELD - GUILDFORD,L74780,1733,stop,2026-04-02,18:05:00,,
EARLSFIELD - GUILDFORD,L74780,1733,stop,2026-04-28,18:05:00,,
GUILDFORD - EARLSFIELD,L74794,1750,stop,2026-04-19,18:10:00,,
GUILDFORD - EARLSFIELD,L74794,1750,stop,2026-04-12,18:10:00,,
GUILDFORD - EARLSFIELD,L74794,1750,stop,2026-04-26,18:10:00,,
GUILDFORD - EARLSFIELD,L74799,1804,stop,2026-04-11,18:26:00,,
GUILDFORD - EARLSFIELD,L74798,1804,stop,2026-04-20,18:26:00,,
GUILDFORD - EARLSFIELD,L74799,1804,stop,2026-04-25,18:26:00,,
GUILDFORD - EARLSFIELD,L74798,1804,stop,2026-04-22,18:26:00,,
GUILDFORD - EARLSFIELD,L74798,1804,stop,2026-04-24,18:26:00,,
GUILDFORD - EARLSFIELD,L74798,1804,stop,2026-04-08,18:26:00,,
GUILDFORD - EARLSFIELD,L74799,1804,stop,2026-04-04,18:26:00,,
GUILDFORD - EARLSFIELD,L74798,1804,stop,2026-04-27,18:26:00,,
GUILDFORD - EARLSFIELD,L74798,1804,stop,2026-04-23,18:26:00,,
GUILDFORD - EARLSFIELD,L74798,1804,stop,2026-04-02,18:26:00,,
GUILDFORD - EARLSFIELD,L74798,1804,stop,2026-04-14,18:26:00,,
GUILDFORD - EARLSFIELD,L74798,1804,stop,2026-04-28,18:26:00,,
GUILDFORD - EARLSFIELD,L74798,1804,stop,2026-04-15,18:26:00,,
GUILDFORD - EARLSFIELD,L74798,1804,stop,2026-04-09,18:26:00,,
GUILDFORD - EARLSFIELD,L74798,1804,stop,2026-04-16,18:26:00,,
GUILDFORD - EARLSFIELD,L74798,1804,stop,2026-04-01,18:26:00,,
GUILDFORD - EARLSFIELD,L74798,1804,stop,2026-04-29,18:26:00,,
GUILDFORD - EARLSFIELD,L74798,1804,stop,2026-04-07,18:26:00,,
GUILDFORD - EARLSFIELD,L74798,1804,stop,2026-04-10,18:26:00,,
GUILDFORD - EARLSFIELD,L74798,1804,stop,2026-04-03,18:26:00,,
GUILDFORD - EARLSFIELD,Q39766,1804,stop,2026-04-03,18:26:00,,
GUILDFORD - EARLSFIELD,L74798,1804,stop,2026-04-17,18:26:00,,
GUILDFORD - EARLSFIELD,L74799,1804,stop,2026-04-18,18:26:00,,
GUILDFORD - EARLSFIELD,L74798,1804,stop,2026-04-21,18:26:00,,
GUILDFORD - EARLSFIELD,L74798,1804,stop,2026-04-13,18:26:00,,
GUILDFORD - EARLSFIELD,L74798,1804,stop,2026-04-06,18:26:00,,
GUILDFORD - EARLSFIELD,L74798,1804,stop,2026-04-30,18:26:00,,
GUILDFORD - EARLSFIELD,Q49058,1804,stop,2026-04-06,18:26:00,,
EARLSFIELD - GUILDFORD (2),L74787,1757,stop,2026-04-05,18:31:00,,
EARLSFIELD - GUILDFORD,L74785,1803,stop,2026-04-17,18:32:00,,
EARLSFIELD - GUILDFORD,P61737,1803,stop,2026-04-04,18:32:00,,
EARLSFIELD - GUILDFORD,L74785,1803,stop,2026-04-21,18:32:00,,
EARLSFIELD - GUILDFORD,L74785,1803,stop,2026-04-20,18:32:00,,
EARLSFIELD - GUILDFORD,L74785,1803,stop,2026-04-27,18:32:00,,
EARLSFIELD - GUILDFORD,L74785,1803,stop,2026-04-28,18:32:00,,
EARLSFIELD - GUILDFORD,L74785,1803,stop,2026-04-09,18:32:00,,
EARLSFIELD - GUILDFORD,L74785,1803,stop,2026-04-14,18:32:00,,
EARLSFIELD - GUILDFORD,L74785,1803,stop,2026-04-01,18:32:00,,
EARLSFIELD - GUILDFORD,P61737,1803,stop,2026-04-18,18:32:00,,
EARLSFIELD - GUILDFORD,L74785,1803,stop,2026-04-24,18:32:00,,
EARLSFIELD - GUILDFORD,L74785,1803,stop,2026-04-02,18:32:00,,
EARLSFIELD - GUILDFORD,L74785,1803,stop,2026-04-10,18:32:00,,
EARLSFIELD - GUILDFORD,L74785,1803,stop,2026-04-29,18:32:00,,
EARLSFIELD - GUILDFORD,L74785,1803,stop,2026-04-03,18:32:00,,
EARLSFIELD - GUILDFORD,Q38412,1803,stop,2026-04-03,18:32:00,,
EARLSFIELD - GUILDFORD,L74785,1803,stop,2026-04-22,18:32:00,,
EARLSFIELD - GUILDFORD,L74785,1803,stop,2026-04-15,18:32:00,,
EARLSFIELD - GUILDFORD,L74785,1803,stop,2026-04-30,18:32:00,,
EARLSFIELD - GUILDFORD,P61737,1803,stop,2026-04-11,18:32:00,,
EARLSFIELD - GUILDFORD,L74785,1803,stop,2026-04-06,18:32:00,,
EARLSFIELD - GUILDFORD,L74785,1803,stop,2026-04-07,18:32:00,,
EARLSFIELD - GUILDFORD,Q49062,1803,stop,2026-04-06,18:32:00,,
EARLSFIELD - GUILDFORD,L74785,1803,stop,2026-04-16,18:32:00,,
EARLSFIELD - GUILDFORD,L74785,1803,stop,2026-04-13,18:32:00,,
EARLSFIELD - GUILDFORD,L74785,1803,stop,2026-04-23,18:32:00,,
EARLSFIELD - GUILDFORD,L74785,1803,stop,2026-04-08,18:32:00,,
EARLSFIELD - GUILDFORD,P61737,1803,stop,2026-04-25,18:32:00,,
EARLSFIELD - GUILDFORD,L74787,1806,stop,2026-04-19,18:36:00,,
EARLSFIELD - GUILDFORD,L74787,1806,stop,2026-04-12,18:36:00,,
EARLSFIELD - GUILDFORD,L74787,1806,stop,2026-04-26,18:36:00,,
GUILDFORD - EARLSFIELD,L74802,1834,stop,2026-04-08,18:56:00,,
GUILDFORD - EARLSFIELD,L74802,1834,stop,2026-04-17,18:56:00,,
GUILDFORD - EARLSFIELD,L74802,1834,stop,2026-04-16,18:56:00,,
GUILDFORD - EARLSFIELD,L74802,1834,stop,2026-04-23,18:56:00,,
GUILDFORD - EARLSFIELD,L74802,1834,stop,2026-04-14,18:56:00,,
GUILDFORD - EARLSFIELD,L74802,1834,stop,2026-04-01,18:56:00,,
GUILDFORD - EARLSFIELD,L74802,1834,stop,2026-04-30,18:56:00,,
GUILDFORD - EARLSFIELD,L74803,1834,stop,2026-04-11,18:56:00,,
GUILDFORD - EARLSFIELD,L74802,1834,stop,2026-04-15,18:56:00,,
GUILDFORD - EARLSFIELD,L74802,1834,stop,2026-04-06,18:56:00,,
GUILDFORD - EARLSFIELD,Q48996,1834,stop,2026-04-06,18:56:00,,
GUILDFORD - EARLSFIELD,L74802,1834,stop,2026-04-20,18:56:00,,
GUILDFORD - EARLSFIELD,L74802,1834,stop,2026-04-02,18:56:00,,
GUILDFORD - EARLSFIELD,L74802,1834,stop,2026-04-24,18:56:00,,
GUILDFORD - EARLSFIELD,L74803,1834,stop,2026-04-25,18:56:00,,
GUILDFORD - EARLSFIELD,L74802,1834,stop,2026-04-27,18:56:00,,
GUILDFORD - EARLSFIELD,L74802,1834,stop,2026-04-22,18:56:00,,
GUILDFORD - EARLSFIELD,L74802,1834,stop,2026-04-21,18:56:00,,
GUILDFORD - EARLSFIELD,Q88839,1834,stop,2026-04-03,18:56:00,,
GUILDFORD - EARLSFIELD,L74802,1834,stop,2026-04-03,18:56:00,,
GUILDFORD - EARLSFIELD,L74803,1834,stop,2026-04-04,18:56:00,,
GUILDFORD - EARLSFIELD,L74802,1834,stop,2026-04-13,18:56:00,,
GUILDFORD - EARLSFIELD,L74802,1834,stop,2026-04-07,18:56:00,,
GUILDFORD - EARLSFIELD,L74803,1834,stop,2026-04-18,18:56:00,,
GUILDFORD - EARLSFIELD,L74802,1834,stop,2026-04-09,18:56:00,,
GUILDFORD - EARLSFIELD,L74802,1834,stop,2026-04-29,18:56:00,,
GUILDFORD - EARLSFIELD,L74802,1834,stop,2026-04-28,18:56:00,,
GUILDFORD - EARLSFIELD,L74802,1834,stop,2026-04-10,18:56:00,,
GUILDFORD - EARLSFIELD (3),L74804,1839,stop,2026-04-05,18:59:00,,
EARLSFIELD - GUILDFORD,L74791,1833,stop,2026-04-25,19:02:00,,
EARLSFIELD - GUILDFORD,Q38391,1833,stop,2026-04-03,19:02:00,,
EARLSFIELD - GUILDFORD,L74791,1833,stop,2026-04-18,19:02:00,,
EARLSFIELD - GUILDFORD,L74791,1833,stop,2026-04-11,19:02:00,,
EARLSFIELD - GUILDFORD,L74791,1833,stop,2026-04-04,19:02:00,,
EARLSFIELD - GUILDFORD,Q49001,1833,stop,2026-04-06,19:02:00,,
EARLSFIELD - GUILDFORD,L74790,1833,stop,2026-04-22,19:05:00,,
EARLSFIELD - GUILDFORD,L74790,1833,stop,2026-04-09,19:05:00,,
EARLSFIELD - GUILDFORD,L74790,1833,stop,2026-04-16,19:05:00,,
EARLSFIELD - GUILDFORD,L74790,1833,stop,2026-04-23,19:05:00,,
EARLSFIELD - GUILDFORD,L74790,1833,stop,2026-04-20,19:05:00,,
EARLSFIELD - GUILDFORD,L74790,1833,stop,2026-04-14,19:05:00,,
EARLSFIELD - GUILDFORD,L74790,1833,stop,2026-04-29,19:05:00,,
EARLSFIELD - GUILDFORD,L74790,1833,stop,2026-04-17,19:05:00,,
EARLSFIELD - GUILDFORD,L74790,1833,stop,2026-04-15,19:05:00,,
EARLSFIELD - GUILDFORD,L74790,1833,stop,2026-04-27,19:05:00,,
EARLSFIELD - GUILDFORD,L74790,1833,stop,2026-04-01,19:05:00,,
EARLSFIELD - GUILDFORD,L74790,1833,stop,2026-04-02,19:05:00,,
EARLSFIELD - GUILDFORD,L74790,1833,stop,2026-04-13,19:05:00,,
EARLSFIELD - GUILDFORD,L74790,1833,stop,2026-04-08,19:05:00,,
EARLSFIELD - GUILDFORD,L74790,1833,stop,2026-04-03,19:05:00,,
EARLSFIELD - GUILDFORD,L74790,1833,stop,2026-04-10,19:05:00,,
EARLSFIELD - GUILDFORD,L74790,1833,stop,2026-04-21,19:05:00,,
EARLSFIELD - GUILDFORD,L74790,1833,stop,2026-04-28,19:05:00,,
EARLSFIELD - GUILDFORD,L74790,1833,stop,2026-04-30,19:05:00,,
EARLSFIELD - GUILDFORD,L74790,1833,stop,2026-04-07,19:05:00,,
EARLSFIELD - GUILDFORD,L74790,1833,stop,2026-04-06,19:05:00,,
EARLSFIELD - GUILDFORD,L74790,1833,stop,2026-04-24,19:05:00,,
GUILDFORD - EARLSFIELD,L74804,1850,stop,2026-04-12,19:10:00,,
GUILDFORD - EARLSFIELD,L74804,1850,stop,2026-04-19,19:10:00,,
GUILDFORD - EARLSFIELD,L74804,1850,stop,2026-04-26,19:10:00,,
GUILDFORD - EARLSFIELD,L74808,1904,stop,2026-04-09,19:26:00,,
GUILDFORD - EARLSFIELD,L74809,1904,stop,2026-04-11,19:26:00,,
GUILDFORD - EARLSFIELD,L74808,1904,stop,2026-04-07,19:26:00,,
GUILDFORD - EARLSFIELD,L74808,1904,stop,2026-04-21,19:26:00,,
GUILDFORD - EARLSFIELD,L74808,1904,stop,2026-04-10,19:26:00,,
GUILDFORD - EARLSFIELD,L74808,1904,stop,2026-04-27,19:26:00,,
GUILDFORD - EARLSFIELD,L74808,1904,stop,2026-04-28,19:26:00,,
GUILDFORD - EARLSFIELD,L74808,1904,stop,2026-04-22,19:26:00,,
GUILDFORD - EARLSFIELD,L74808,1904,stop,2026-04-15,19:26:00,,
GUILDFORD - EARLSFIELD,L74808,1904,stop,2026-04-13,19:26:00,,
GUILDFORD - EARLSFIELD,L74808,1904,stop,2026-04-06,19:26:00,,
GUILDFORD - EARLSFIELD,L74809,1904,stop,2026-04-18,19:26:00,,
GUILDFORD - EARLSFIELD,L74808,1904,stop,2026-04-08,19:26:00,,
GUILDFORD - EARLSFIELD,L74809,1904,stop,2026-04-25,19:26:00,,
GUILDFORD - EARLSFIELD,L74808,1904,stop,2026-04-23,19:26:00,,
GUILDFORD - EARLSFIELD,Q48797,1904,stop,2026-04-06,19:26:00,,
GUILDFORD - EARLSFIELD,L74808,1904,stop,2026-04-24,19:26:00,,
GUILDFORD - EARLSFIELD,L74809,1904,stop,2026-04-04,19:26:00,,
GUILDFORD - EARLSFIELD,L74808,1904,stop,2026-04-03,19:26:00,,
GUILDFORD - EARLSFIELD,L74808,1904,stop,2026-04-02,19:26:00,,
GUILDFORD - EARLSFIELD,L74808,1904,stop,2026-04-16,19:26:00,,
GUILDFORD - EARLSFIELD,L74808,1904,stop,2026-04-29,19:26:00,,
GUILDFORD - EARLSFIELD,L74808,1904,stop,2026-04-17,19:26:00,,
GUILDFORD - EARLSFIELD,L74808,1904,stop,2026-04-20,19:26:00,,
GUILDFORD - EARLSFIELD,L74808,1904,stop,2026-04-30,19:26:00,,
GUILDFORD - EARLSFIELD,L74808,1904,stop,2026-04-01,19:26:00,,
GUILDFORD - EARLSFIELD,Q38367,1904,stop,2026-04-03,19:26:00,,
GUILDFORD - EARLSFIELD,L74808,1904,stop,2026-04-14,19:26:00,,
EARLSFIELD - GUILDFORD (2),L74797,1857,stop,2026-04-05,19:31:00,,
EARLSFIELD - GUILDFORD,L74795,1903,stop,2026-04-17,19:32:00,,
EARLSFIELD - GUILDFORD,L74795,1903,stop,2026-04-03,19:32:00,,
EARLSFIELD - GUILDFORD,L74795,1903,stop,2026-04-29,19:32:00,,
EARLSFIELD - GUILDFORD,Q38368,1903,stop,2026-04-03,19:32:00,,
EARLSFIELD - GUILDFORD,L74795,1903,stop,2026-04-14,19:32:00,,
EARLSFIELD - GUILDFORD,L74796,1903,stop,2026-04-18,19:32:00,,
EARLSFIELD - GUILDFORD,L74795,1903,stop,2026-04-22,19:32:00,,
EARLSFIELD - GUILDFORD,L74795,1903,stop,2026-04-28,19:32:00,,
EARLSFIELD - GUILDFORD,L74795,1903,stop,2026-04-16,19:32:00,,
EARLSFIELD - GUILDFORD,L74795,1903,stop,2026-04-15,19:32:00,,
EARLSFIELD - GUILDFORD,L74795,1903,stop,2026-04-20,19:32:00,,
EARLSFIELD - GUILDFORD,Q48802,1903,stop,2026-04-06,19:32:00,,
EARLSFIELD - GUILDFORD,L74795,1903,stop,2026-04-06,19:32:00,,
EARLSFIELD - GUILDFORD,L74795,1903,stop,2026-04-07,19:32:00,,
EARLSFIELD - GUILDFORD,L74796,1903,stop,2026-04-11,19:32:00,,
EARLSFIELD - GUILDFORD,L74795,1903,stop,2026-04-01,19:32:00,,
EARLSFIELD - GUILDFORD,L74795,1903,stop,2026-04-08,19:32:00,,
EARLSFIELD - GUILDFORD,L74795,1903,stop,2026-04-24,19:32:00,,
EARLSFIELD - GUILDFORD,L74795,1903,stop,2026-04-23,19:32:00,,
EARLSFIELD - GUILDFORD,L74795,1903,stop,2026-04-10,19:32:00,,
EARLSFIELD - GUILDFORD,L74795,1903,stop,2026-04-13,19:32:00,,
EARLSFIELD - GUILDFORD,L74795,1903,stop,2026-04-27,19:32:00,,
EARLSFIELD - GUILDFORD,L74795,1903,stop,2026-04-09,19:32:00,,
EARLSFIELD - GUILDFORD,L74795,1903,stop,2026-04-21,19:32:00,,
EARLSFIELD - GUILDFORD,L74796,1903,stop,2026-04-04,19:32:00,,
EARLSFIELD - GUILDFORD,L74795,1903,stop,2026-04-30,19:32:00,,
EARLSFIELD - GUILDFORD,L74795,1903,stop,2026-04-02,19:32:00,,
EARLSFIELD - GUILDFORD,L74796,1903,stop,2026-04-25,19:32:00,,
EARLSFIELD - GUILDFORD,L74797,1906,stop,2026-04-19,19:36:00,,
EARLSFIELD - GUILDFORD,L74797,1906,stop,2026-04-26,19:36:00,,
EARLSFIELD - GUILDFORD,L74797,1906,stop,2026-04-12,19:36:00,,
GUILDFORD - EARLSFIELD,L74813,1934,stop,2026-04-18,19:56:00,,
GUILDFORD - EARLSFIELD,L74812,1934,stop,2026-04-10,19:56:00,,
GUILDFORD - EARLSFIELD,L74812,1934,stop,2026-04-14,19:56:00,,
GUILDFORD - EARLSFIELD,L74812,1934,stop,2026-04-06,19:56:00,,
GUILDFORD - EARLSFIELD,Q48739,1934,stop,2026-04-06,19:56:00,,
GUILDFORD - EARLSFIELD,L74812,1934,stop,2026-04-23,19:56:00,,
GUILDFORD - EARLSFIELD,L74812,1934,stop,2026-04-28,19:56:00,,
GUILDFORD - EARLSFIELD,L74812,1934,stop,2026-04-24,19:56:00,,
GUILDFORD - EARLSFIELD,L74812,1934,stop,2026-04-03,19:56:00,,
GUILDFORD - EARLSFIELD,L74812,1934,stop,2026-04-27,19:56:00,,
GUILDFORD - EARLSFIELD,L74812,1934,stop,2026-04-07,19:56:00,,
GUILDFORD - EARLSFIELD,L74812,1934,stop,2026-04-22,19:56:00,,
GUILDFORD - EARLSFIELD,L74812,1934,stop,2026-04-20,19:56:00,,
GUILDFORD - EARLSFIELD,L74812,1934,stop,2026-04-13,19:56:00,,
GUILDFORD - EARLSFIELD,L74812,1934,stop,2026-04-01,19:56:00,,
GUILDFORD - EARLSFIELD,L74813,1934,stop,2026-04-11,19:56:00,,
GUILDFORD - EARLSFIELD,L74813,1934,stop,2026-04-04,19:56:00,,
GUILDFORD - EARLSFIELD,L74812,1934,stop,2026-04-17,19:56:00,,
GUILDFORD - EARLSFIELD,Q88838,1934,stop,2026-04-03,19:56:00,,
GUILDFORD - EARLSFIELD,L74812,1934,stop,2026-04-02,19:56:00,,
GUILDFORD - EARLSFIELD,L74813,1934,stop,2026-04-25,19:56:00,,
GUILDFORD - EARLSFIELD,L74812,1934,stop,2026-04-30,19:56:00,,
GUILDFORD - EARLSFIELD,L74812,1934,stop,2026-04-08,19:56:00,,
GUILDFORD - EARLSFIELD,L74812,1934,stop,2026-04-09,19:56:00,,
GUILDFORD - EARLSFIELD,L74812,1934,stop,2026-04-15,19:56:00,,
GUILDFORD - EARLSFIELD,L74812,1934,stop,2026-04-21,19:56:00,,
GUILDFORD - EARLSFIELD,L74812,1934,stop,2026-04-16,19:56:00,,
GUILDFORD - EARLSFIELD,L74812,1934,stop,2026-04-29,19:56:00,,
GUILDFORD - EARLSFIELD (3),L74814,1939,stop,2026-04-05,19:59:00,,
EARLSFIELD - GUILDFORD,L74800,1933,stop,2026-04-17,20:02:00,,
EARLSFIELD - GUILDFORD,L74800,1933,stop,2026-04-29,20:02:00,,
EARLSFIELD - GUILDFORD,L74800,1933,stop,2026-04-22,20:02:00,,
EARLSFIELD - GUILDFORD,L74800,1933,stop,2026-04-30,20:02:00,,
EARLSFIELD - GUILDFORD,L74800,1933,stop,2026-04-21,20:02:00,,
EARLSFIELD - GUILDFORD,L74800,1933,stop,2026-04-28,20:02:00,,
EARLSFIELD - GUILDFORD,L74801,1933,stop,2026-04-11,20:02:00,,
EARLSFIELD - GUILDFORD,L74800,1933,stop,2026-04-16,20:02:00,,
EARLSFIELD - GUILDFORD,L74800,1933,stop,2026-04-13,20:02:00,,
EARLSFIELD - GUILDFORD,L74801,1933,stop,2026-04-25,20:02:00,,
EARLSFIELD - GUILDFORD,L74800,1933,stop,2026-04-14,20:02:00,,
EARLSFIELD - GUILDFORD,L74801,1933,stop,2026-04-04,20:02:00,,
EARLSFIELD - GUILDFORD,Q48742,1933,stop,2026-04-06,20:02:00,,
EARLSFIELD - GUILDFORD,L74800,1933,stop,2026-04-23,20:02:00,,
EARLSFIELD - GUILDFORD,L74800,1933,stop,2026-04-06,20:02:00,,
EARLSFIELD - GUILDFORD,L74800,1933,stop,2026-04-07,20:02:00,,
EARLSFIELD - GUILDFORD,L74800,1933,stop,2026-04-08,20:02:00,,
EARLSFIELD - GUILDFORD,L74800,1933,stop,2026-04-09,20:02:00,,
EARLSFIELD - GUILDFORD,L74800,1933,stop,2026-04-24,20:02:00,,
EARLSFIELD - GUILDFORD,L74800,1933,stop,2026-04-15,20:02:00,,
EARLSFIELD - GUILDFORD,L74800,1933,stop,2026-04-27,20:02:00,,
EARLSFIELD - GUILDFORD,L74800,1933,stop,2026-04-03,20:02:00,,
EARLSFIELD - GUILDFORD,L74800,1933,stop,2026-04-02,20:02:00,,
EARLSFIELD - GUILDFORD,L74800,1933,stop,2026-04-01,20:02:00,,
EARLSFIELD - GUILDFORD,L74800,1933,stop,2026-04-20,20:02:00,,
EARLSFIELD - GUILDFORD,L74801,1933,stop,2026-04-18,20:02:00,,
EARLSFIELD - GUILDFORD,L74800,1933,stop,2026-04-10,20:02:00,,
EARLSFIELD - GUILDFORD,Q38345,1933,stop,2026-04-03,20:02:00,,
GUILDFORD - EARLSFIELD,L74814,1950,stop,2026-04-12,20:10:00,,
GUILDFORD - EARLSFIELD,L74814,1950,stop,2026-04-26,20:10:00,,
GUILDFORD - EARLSFIELD,L74814,1950,stop,2026-04-19,20:10:00,,
GUILDFORD - EARLSFIELD,L74819,2004,stop,2026-04-11,20:26:00,,
GUILDFORD - EARLSFIELD,L74819,2004,stop,2026-04-25,20:26:00,,
GUILDFORD - EARLSFIELD,L74818,2004,stop,2026-04-14,20:26:00,,
GUILDFORD - EARLSFIELD,L74818,2004,stop,2026-04-24,20:26:00,,
GUILDFORD - EARLSFIELD,L74818,2004,stop,2026-04-15,20:26:00,,
GUILDFORD - EARLSFIELD,L74818,2004,stop,2026-04-23,20:26:00,,
GUILDFORD - EARLSFIELD,L74818,2004,stop,2026-04-10,20:26:00,,
GUILDFORD - EARLSFIELD,L74818,2004,stop,2026-04-16,20:26:00,,
GUILDFORD - EARLSFIELD,L74818,2004,stop,2026-04-02,20:26:00,,
GUILDFORD - EARLSFIELD,L74818,2004,stop,2026-04-07,20:26:00,,
GUILDFORD - EARLSFIELD,L74818,2004,stop,2026-04-21,20:26:00,,
GUILDFORD - EARLSFIELD,L74818,2004,stop,2026-04-13,20:26:00,,
GUILDFORD - EARLSFIELD,L74818,2004,stop,2026-04-01,20:26:00,,
GUILDFORD - EARLSFIELD,Q48610,2004,stop,2026-04-06,20:26:00,,
GUILDFORD - EARLSFIELD,L74818,2004,stop,2026-04-20,20:26:00,,
GUILDFORD - EARLSFIELD,L74818,2004,stop,2026-04-09,20:26:00,,
GUILDFORD - EARLSFIELD,L74818,2004,stop,2026-04-06,20:26:00,,
GUILDFORD - EARLSFIELD,L74819,2004,stop,2026-04-04,20:26:00,,
GUILDFORD - EARLSFIELD,L74818,2004,stop,2026-04-22,20:26:00,,
GUILDFORD - EARLSFIELD,L74818,2004,stop,2026-04-28,20:26:00,,
GUILDFORD - EARLSFIELD,L74818,2004,stop,2026-04-30,20:26:00,,
GUILDFORD - EARLSFIELD,L74818,2004,stop,2026-04-29,20:26:00,,
GUILDFORD - EARLSFIELD,L74819,2004,stop,2026-04-18,20:26:00,,
GUILDFORD - EARLSFIELD,Q38321,2004,stop,2026-04-03,20:26:00,,
GUILDFORD - EARLSFIELD,L74818,2004,stop,2026-04-17,20:26:00,,
GUILDFORD - EARLSFIELD,L74818,2004,stop,2026-04-03,20:26:00,,
GUILDFORD - EARLSFIELD,L74818,2004,stop,2026-04-27,20:26:00,,
GUILDFORD - EARLSFIELD,L74818,2004,stop,2026-04-08,20:26:00,,
EARLSFIELD - GUILDFORD (2),L74807,1957,stop,2026-04-05,20:31:00,,
EARLSFIELD - GUILDFORD,Q48614,2003,stop,2026-04-06,20:32:00,,
EARLSFIELD - GUILDFORD,P61738,2003,stop,2026-04-08,20:32:00,,
EARLSFIELD - GUILDFORD,P61738,2003,stop,2026-04-22,20:32:00,,
EARLSFIELD - GUILDFORD,P61738,2003,stop,2026-04-14,20:32:00,,
EARLSFIELD - GUILDFORD,P61738,2003,stop,2026-04-30,20:32:00,,
EARLSFIELD - GUILDFORD,P61738,2003,stop,2026-04-29,20:32:00,,
EARLSFIELD - GUILDFORD,P61738,2003,stop,2026-04-07,20:32:00,,
EARLSFIELD - GUILDFORD,P61738,2003,stop,2026-04-17,20:32:00,,
EARLSFIELD - GUILDFORD,P61738,2003,stop,2026-04-10,20:32:00,,
EARLSFIELD - GUILDFORD,L74806,2003,stop,2026-04-18,20:32:00,,
EARLSFIELD - GUILDFORD,P61738,2003,stop,2026-04-28,20:32:00,,
EARLSFIELD - GUILDFORD,P61738,2003,stop,2026-04-15,20:32:00,,
EARLSFIELD - GUILDFORD,P61738,2003,stop,2026-04-21,20:32:00,,
EARLSFIELD - GUILDFORD,P61738,2003,stop,2026-04-20,20:32:00,,
EARLSFIELD - GUILDFORD,L74806,2003,stop,2026-04-25,20:32:00,,
EARLSFIELD - GUILDFORD,P61738,2003,stop,2026-04-16,20:32:00,,
EARLSFIELD - GUILDFORD,P61738,2003,stop,2026-04-01,20:32:00,,
EARLSFIELD - GUILDFORD,L74806,2003,stop,2026-04-04,20:32:00,,
EARLSFIELD - GUILDFORD,L74806,2003,stop,2026-04-11,20:32:00,,
EARLSFIELD - GUILDFORD,P61738,2003,stop,2026-04-13,20:32:00,,
EARLSFIELD - GUILDFORD,P61738,2003,stop,2026-04-24,20:32:00,,
EARLSFIELD - GUILDFORD,P61738,2003,stop,2026-04-23,20:32:00,,
EARLSFIELD - GUILDFORD,P61738,2003,stop,2026-04-03,20:32:00,,
EARLSFIELD - GUILDFORD,Q38322,2003,stop,2026-04-03,20:32:00,,
EARLSFIELD - GUILDFORD,P61738,2003,stop,2026-04-02,20:32:00,,
EARLSFIELD - GUILDFORD,P61738,2003,stop,2026-04-06,20:32:00,,
EARLSFIELD - GUILDFORD,P61738,2003,stop,2026-04-09,20:32:00,,
EARLSFIELD - GUILDFORD,P61738,2003,stop,2026-04-27,20:32:00,,
EARLSFIELD - GUILDFORD,L74807,2006,stop,2026-04-26,20:36:00,,
EARLSFIELD - GUILDFORD,L74807,2006,stop,2026-04-19,20:36:00,,
EARLSFIELD - GUILDFORD,L74807,2006,stop,2026-04-12,20:36:00,,
GUILDFORD - EARLSFIELD,Q48550,2034,stop,2026-04-06,20:56:00,,
GUILDFORD - EARLSFIELD,L74822,2034,stop,2026-04-06,20:56:00,,
GUILDFORD - EARLSFIELD,L74822,2034,stop,2026-04-23,20:56:00,,
GUILDFORD - EARLSFIELD,L74823,2034,stop,2026-04-18,20:56:00,,
GUILDFORD - EARLSFIELD,L74822,2034,stop,2026-04-16,20:56:00,,
GUILDFORD - EARLSFIELD,L74822,2034,stop,2026-04-14,20:56:00,,
GUILDFORD - EARLSFIELD,L74822,2034,stop,2026-04-08,20:56:00,,
GUILDFORD - EARLSFIELD,L74822,2034,stop,2026-04-17,20:56:00,,
GUILDFORD - EARLSFIELD,L74822,2034,stop,2026-04-10,20:56:00,,
GUILDFORD - EARLSFIELD,L74822,2034,stop,2026-04-30,20:56:00,,
GUILDFORD - EARLSFIELD,L74822,2034,stop,2026-04-20,20:56:00,,
GUILDFORD - EARLSFIELD,L74822,2034,stop,2026-04-02,20:56:00,,
GUILDFORD - EARLSFIELD,L74823,2034,stop,2026-04-25,20:56:00,,
GUILDFORD - EARLSFIELD,L74822,2034,stop,2026-04-24,20:56:00,,
GUILDFORD - EARLSFIELD,L74822,2034,stop,2026-04-29,20:56:00,,
GUILDFORD - EARLSFIELD,L74822,2034,stop,2026-04-09,20:56:00,,
GUILDFORD - EARLSFIELD,L74822,2034,stop,2026-04-07,20:56:00,,
GUILDFORD - EARLSFIELD,L74823,2034,stop,2026-04-04,20:56:00,,
GUILDFORD - EARLSFIELD,L74822,2034,stop,2026-04-13,20:56:00,,
GUILDFORD - EARLSFIELD,L74822,2034,stop,2026-04-15,20:56:00,,
GUILDFORD - EARLSFIELD,L74822,2034,stop,2026-04-03,20:56:00,,
GUILDFORD - EARLSFIELD,L74822,2034,stop,2026-04-28,20:56:00,,
GUILDFORD - EARLSFIELD,L74822,2034,stop,2026-04-01,20:56:00,,
GUILDFORD - EARLSFIELD,L74822,2034,stop,2026-04-27,20:56:00,,
GUILDFORD - EARLSFIELD,L74822,2034,stop,2026-04-22,20:56:00,,
GUILDFORD - EARLSFIELD,L74823,2034,stop,2026-04-11,20:56:00,,
GUILDFORD - EARLSFIELD,L74822,2034,stop,2026-04-21,20:56:00,,
GUILDFORD - EARLSFIELD,Q88837,2034,stop,2026-04-03,20:56:00,,
GUILDFORD - EARLSFIELD (3),L74824,2039,stop,2026-04-05,20:59:00,,
EARLSFIELD - GUILDFORD,L74810,2033,stop,2026-04-08,21:02:00,,
EARLSFIELD - GUILDFORD,L74810,2033,stop,2026-04-23,21:02:00,,
EARLSFIELD - GUILDFORD,L74810,2033,stop,2026-04-14,21:02:00,,
EARLSFIELD - GUILDFORD,L74810,2033,stop,2026-04-10,21:02:00,,
EARLSFIELD - GUILDFORD,L74810,2033,stop,2026-04-02,21:02:00,,
EARLSFIELD - GUILDFORD,L74810,2033,stop,2026-04-27,21:02:00,,
EARLSFIELD - GUILDFORD,L74810,2033,stop,2026-04-22,21:02:00,,
EARLSFIELD - GUILDFORD,L74810,2033,stop,2026-04-21,21:02:00,,
EARLSFIELD - GUILDFORD,L74811,2033,stop,2026-04-11,21:02:00,,
EARLSFIELD - GUILDFORD,L74810,2033,stop,2026-04-16,21:02:00,,
EARLSFIELD - GUILDFORD,L74810,2033,stop,2026-04-13,21:02:00,,
EARLSFIELD - GUILDFORD,L74810,2033,stop,2026-04-01,21:02:00,,
EARLSFIELD - GUILDFORD,L74810,2033,stop,2026-04-07,21:02:00,,
EARLSFIELD - GUILDFORD,L74810,2033,stop,2026-04-20,21:02:00,,
EARLSFIELD - GUILDFORD,L74810,2033,stop,2026-04-28,21:02:00,,
EARLSFIELD - GUILDFORD,Q38300,2033,stop,2026-04-03,21:02:00,,
EARLSFIELD - GUILDFORD,L74810,2033,stop,2026-04-15,21:02:00,,
EARLSFIELD - GUILDFORD,L74810,2033,stop,2026-04-17,21:02:00,,
EARLSFIELD - GUILDFORD,L74810,2033,stop,2026-04-30,21:02:00,,
EARLSFIELD - GUILDFORD,L74811,2033,stop,2026-04-25,21:02:00,,
EARLSFIELD - GUILDFORD,L74811,2033,stop,2026-04-04,21:02:00,,
EARLSFIELD - GUILDFORD,L74810,2033,stop,2026-04-03,21:02:00,,
EARLSFIELD - GUILDFORD,L74810,2033,stop,2026-04-24,21:02:00,,
EARLSFIELD - GUILDFORD,L74810,2033,stop,2026-04-06,21:02:00,,
EARLSFIELD - GUILDFORD,L74810,2033,stop,2026-04-29,21:02:00,,
EARLSFIELD - GUILDFORD,L74810,2033,stop,2026-04-09,21:02:00,,
EARLSFIELD - GUILDFORD,L74811,2033,stop,2026-04-18,21:02:00,,
EARLSFIELD - GUILDFORD,Q48555,2033,stop,2026-04-06,21:02:00,,
GUILDFORD - EARLSFIELD,L74824,2050,stop,2026-04-12,21:10:00,,
GUILDFORD - EARLSFIELD,L74824,2050,stop,2026-04-19,21:10:00,,
GUILDFORD - EARLSFIELD,L74824,2050,stop,2026-04-26,21:10:00,,
GUILDFORD - EARLSFIELD,L74828,2104,stop,2026-04-29,21:26:00,,
GUILDFORD - EARLSFIELD,L74828,2104,stop,2026-04-07,21:26:00,,
GUILDFORD - EARLSFIELD,L74828,2104,stop,2026-04-09,21:26:00,,
GUILDFORD - EARLSFIELD,L74828,2104,stop,2026-04-01,21:26:00,,
GUILDFORD - EARLSFIELD,L74828,2104,stop,2026-04-28,21:26:00,,
GUILDFORD - EARLSFIELD,L74828,2104,stop,2026-04-02,21:26:00,,
GUILDFORD - EARLSFIELD,L74828,2104,stop,2026-04-08,21:26:00,,
GUILDFORD - EARLSFIELD,L74828,2104,stop,2026-04-22,21:26:00,,
GUILDFORD - EARLSFIELD,P61744,2104,stop,2026-04-18,21:26:00,,
GUILDFORD - EARLSFIELD,L74828,2104,stop,2026-04-15,21:26:00,,
GUILDFORD - EARLSFIELD,L74828,2104,stop,2026-04-17,21:26:00,,
GUILDFORD - EARLSFIELD,L74828,2104,stop,2026-04-23,21:26:00,,
GUILDFORD - EARLSFIELD,Q38275,2104,stop,2026-04-03,21:26:00,,
GUILDFORD - EARLSFIELD,L74828,2104,stop,2026-04-03,21:26:00,,
GUILDFORD - EARLSFIELD,L74828,2104,stop,2026-04-20,21:26:00,,
GUILDFORD - EARLSFIELD,L74828,2104,stop,2026-04-10,21:26:00,,
GUILDFORD - EARLSFIELD,L74828,2104,stop,2026-04-13,21:26:00,,
GUILDFORD - EARLSFIELD,Q48357,2104,stop,2026-04-06,21:26:00,,
GUILDFORD - EARLSFIELD,P61744,2104,stop,2026-04-11,21:26:00,,
GUILDFORD - EARLSFIELD,L74828,2104,stop,2026-04-06,21:26:00,,
GUILDFORD - EARLSFIELD,L74828,2104,stop,2026-04-21,21:26:00,,
GUILDFORD - EARLSFIELD,P61744,2104,stop,2026-04-04,21:26:00,,
GUILDFORD - EARLSFIELD,L74828,2104,stop,2026-04-27,21:26:00,,
GUILDFORD - EARLSFIELD,L74828,2104,stop,2026-04-30,21:26:00,,
GUILDFORD - EARLSFIELD,L74828,2104,stop,2026-04-16,21:26:00,,
GUILDFORD - EARLSFIELD,L74828,2104,stop,2026-04-14,21:26:00,,
GUILDFORD - EARLSFIELD,L74828,2104,stop,2026-04-24,21:26:00,,
GUILDFORD - EARLSFIELD,P61744,2104,stop,2026-04-25,21:26:00,,
EARLSFIELD - GUILDFORD (2),P61741,2057,stop,2026-04-05,21:31:00,,
EARLSFIELD - GUILDFORD,P61739,2103,stop,2026-04-17,21:32:00,,
EARLSFIELD - GUILDFORD,P61739,2103,stop,2026-04-23,21:32:00,,
EARLSFIELD - GUILDFORD,P61739,2103,stop,2026-04-30,21:32:00,,
EARLSFIELD - GUILDFORD,P61739,2103,stop,2026-04-09,21:32:00,,
EARLSFIELD - GUILDFORD,Q48361,2103,stop,2026-04-06,21:32:00,,
EARLSFIELD - GUILDFORD,P61739,2103,stop,2026-04-24,21:32:00,,
EARLSFIELD - GUILDFORD,P61739,2103,stop,2026-04-07,21:32:00,,
EARLSFIELD - GUILDFORD,P61739,2103,stop,2026-04-16,21:32:00,,
EARLSFIELD - GUILDFORD,P61740,2103,stop,2026-04-25,21:32:00,,
EARLSFIELD - GUILDFORD,P61739,2103,stop,2026-04-28,21:32:00,,
EARLSFIELD - GUILDFORD,P61739,2103,stop,2026-04-06,21:32:00,,
EARLSFIELD - GUILDFORD,P61740,2103,stop,2026-04-04,21:32:00,,
EARLSFIELD - GUILDFORD,P61739,2103,stop,2026-04-27,21:32:00,,
EARLSFIELD - GUILDFORD,Q38276,2103,stop,2026-04-03,21:32:00,,
EARLSFIELD - GUILDFORD,P61739,2103,stop,2026-04-03,21:32:00,,
EARLSFIELD - GUILDFORD,P61740,2103,stop,2026-04-11,21:32:00,,
EARLSFIELD - GUILDFORD,P61740,2103,stop,2026-04-18,21:32:00,,
EARLSFIELD - GUILDFORD,P61739,2103,stop,2026-04-13,21:32:00,,
EARLSFIELD - GUILDFORD,P61739,2103,stop,2026-04-22,21:32:00,,
EARLSFIELD - GUILDFORD,P61739,2103,stop,2026-04-14,21:32:00,,
EARLSFIELD - GUILDFORD,P61739,2103,stop,2026-04-29,21:32:00,,
EARLSFIELD - GUILDFORD,P61739,2103,stop,2026-04-01,21:32:00,,
EARLSFIELD - GUILDFORD,P61739,2103,stop,2026-04-08,21:32:00,,
EARLSFIELD - GUILDFORD,P61739,2103,stop,2026-04-10,21:32:00,,
EARLSFIELD - GUILDFORD,P61739,2103,stop,2026-04-21,21:32:00,,
EARLSFIELD - GUILDFORD,P61739,2103,stop,2026-04-20,21:32:00,,
EARLSFIELD - GUILDFORD,P61739,2103,stop,2026-04-15,21:32:00,,
EARLSFIELD - GUILDFORD,P61739,2103,stop,2026-04-02,21:32:00,,
EARLSFIELD - GUILDFORD,P61741,2106,stop,2026-04-26,21:36:00,,
EARLSFIELD - GUILDFORD,P61741,2106,stop,2026-04-19,21:36:00,,
EARLSFIELD - GUILDFORD,P61741,2106,stop,2026-04-12,21:36:00,,
GUILDFORD - EARLSFIELD,L74833,2134,stop,2026-04-11,21:56:00,,
GUILDFORD - EARLSFIELD,P61746,2134,stop,2026-04-02,21:56:00,,
GUILDFORD - EARLSFIELD,P61746,2134,stop,2026-04-16,21:56:00,,
GUILDFORD - EARLSFIELD,Q48298,2134,stop,2026-04-06,21:56:00,,
GUILDFORD - EARLSFIELD,P61746,2134,stop,2026-04-24,21:56:00,,
GUILDFORD - EARLSFIELD,P61746,2134,stop,2026-04-10,21:56:00,,
GUILDFORD - EARLSFIELD,P61746,2134,stop,2026-04-21,21:56:00,,
GUILDFORD - EARLSFIELD,P61746,2134,stop,2026-04-09,21:56:00,,
GUILDFORD - EARLSFIELD,P61746,2134,stop,2026-04-17,21:56:00,,
GUILDFORD - EARLSFIELD,P61746,2134,stop,2026-04-06,21:56:00,,
GUILDFORD - EARLSFIELD,P61746,2134,stop,2026-04-20,21:56:00,,
GUILDFORD - EARLSFIELD,Q38252,2134,stop,2026-04-03,21:56:00,,
GUILDFORD - EARLSFIELD,P61746,2134,stop,2026-04-03,21:56:00,,
GUILDFORD - EARLSFIELD,P61746,2134,stop,2026-04-30,21:56:00,,
GUILDFORD - EARLSFIELD,P61746,2134,stop,2026-04-07,21:56:00,,
GUILDFORD - EARLSFIELD,P61746,2134,stop,2026-04-08,21:56:00,,
GUILDFORD - EARLSFIELD,L74833,2134,stop,2026-04-18,21:56:00,,
GUILDFORD - EARLSFIELD,L74833,2134,stop,2026-04-04,21:56:00,,
GUILDFORD - EARLSFIELD,P61746,2134,stop,2026-04-29,21:56:00,,
GUILDFORD - EARLSFIELD,P61746,2134,stop,2026-04-13,21:56:00,,
GUILDFORD - EARLSFIELD,P61746,2134,stop,2026-04-15,21:56:00,,
GUILDFORD - EARLSFIELD,P61746,2134,stop,2026-04-01,21:56:00,,
GUILDFORD - EARLSFIELD,P61746,2134,stop,2026-04-27,21:56:00,,
GUILDFORD - EARLSFIELD,P61746,2134,stop,2026-04-28,21:56:00,,
GUILDFORD - EARLSFIELD,P61746,2134,stop,2026-04-23,21:56:00,,
GUILDFORD - EARLSFIELD,P61746,2134,stop,2026-04-14,21:56:00,,
GUILDFORD - EARLSFIELD,P61746,2134,stop,2026-04-22,21:56:00,,
GUILDFORD - EARLSFIELD,L74833,2134,stop,2026-04-25,21:56:00,,
GUILDFORD - EARLSFIELD (3),L74834,2139,stop,2026-04-05,21:59:00,,
EARLSFIELD - GUILDFORD,L74820,2133,stop,2026-04-30,22:02:00,,
EARLSFIELD - GUILDFORD,L74820,2133,stop,2026-04-01,22:02:00,,
EARLSFIELD - GUILDFORD,L74820,2133,stop,2026-04-09,22:02:00,,
EARLSFIELD - GUILDFORD,L74820,2133,stop,2026-04-16,22:02:00,,
EARLSFIELD - GUILDFORD,L74820,2133,stop,2026-04-07,22:02:00,,
EARLSFIELD - GUILDFORD,L74820,2133,stop,2026-04-14,22:02:00,,
EARLSFIELD - GUILDFORD,L74820,2133,stop,2026-04-28,22:02:00,,
EARLSFIELD - GUILDFORD,L74820,2133,stop,2026-04-13,22:02:00,,
EARLSFIELD - GUILDFORD,L74821,2133,stop,2026-04-04,22:02:00,,
EARLSFIELD - GUILDFORD,L74820,2133,stop,2026-04-08,22:02:00,,
EARLSFIELD - GUILDFORD,L74821,2133,stop,2026-04-25,22:02:00,,
EARLSFIELD - GUILDFORD,L74820,2133,stop,2026-04-23,22:02:00,,
EARLSFIELD - GUILDFORD,L74820,2133,stop,2026-04-20,22:02:00,,
EARLSFIELD - GUILDFORD,L74820,2133,stop,2026-04-17,22:02:00,,
EARLSFIELD - GUILDFORD,L74821,2133,stop,2026-04-18,22:02:00,,
EARLSFIELD - GUILDFORD,L74820,2133,stop,2026-04-22,22:02:00,,
EARLSFIELD - GUILDFORD,L74821,2133,stop,2026-04-11,22:02:00,,
EARLSFIELD - GUILDFORD,L74820,2133,stop,2026-04-02,22:02:00,,
EARLSFIELD - GUILDFORD,L74820,2133,stop,2026-04-15,22:02:00,,
EARLSFIELD - GUILDFORD,L74820,2133,stop,2026-04-29,22:02:00,,
EARLSFIELD - GUILDFORD,L74820,2133,stop,2026-04-24,22:02:00,,
EARLSFIELD - GUILDFORD,L74820,2133,stop,2026-04-21,22:02:00,,
EARLSFIELD - GUILDFORD,L74820,2133,stop,2026-04-03,22:02:00,,
EARLSFIELD - GUILDFORD,Q38253,2133,stop,2026-04-03,22:02:00,,
EARLSFIELD - GUILDFORD,L74820,2133,stop,2026-04-27,22:02:00,,
EARLSFIELD - GUILDFORD,L74820,2133,stop,2026-04-10,22:02:00,,
EARLSFIELD - GUILDFORD,L74820,2133,stop,2026-04-06,22:02:00,,
EARLSFIELD - GUILDFORD,Q48301,2133,stop,2026-04-06,22:02:00,,
GUILDFORD - EARLSFIELD,L74834,2150,stop,2026-04-26,22:10:00,,
GUILDFORD - EARLSFIELD,L74834,2150,stop,2026-04-12,22:10:00,,
GUILDFORD - EARLSFIELD,L74834,2150,stop,2026-04-19,22:10:00,,
GUILDFORD - EARLSFIELD,L74839,2204,stop,2026-04-11,22:26:00,,
GUILDFORD - EARLSFIELD,P61750,2204,stop,2026-04-23,22:26:00,,
GUILDFORD - EARLSFIELD,P61750,2204,stop,2026-04-20,22:26:00,,
GUILDFORD - EARLSFIELD,Q48238,2204,stop,2026-04-06,22:26:00,,
GUILDFORD - EARLSFIELD,P61750,2204,stop,2026-04-01,22:26:00,,
GUILDFORD - EARLSFIELD,P61750,2204,stop,2026-04-06,22:26:00,,
GUILDFORD - EARLSFIELD,P61750,2204,stop,2026-04-13,22:26:00,,
GUILDFORD - EARLSFIELD,P61750,2204,stop,2026-04-28,22:26:00,,
GUILDFORD - EARLSFIELD,P61750,2204,stop,2026-04-22,22:26:00,,
GUILDFORD - EARLSFIELD,P61750,2204,stop,2026-04-14,22:26:00,,
GUILDFORD - EARLSFIELD,P61751,2204,stop,2026-04-10,22:26:00,,
GUILDFORD - EARLSFIELD,L74839,2204,stop,2026-04-25,22:26:00,,
GUILDFORD - EARLSFIELD,P61751,2204,stop,2026-04-24,22:26:00,,
GUILDFORD - EARLSFIELD,P61750,2204,stop,2026-04-08,22:26:00,,
GUILDFORD - EARLSFIELD,P61750,2204,stop,2026-04-30,22:26:00,,
GUILDFORD - EARLSFIELD,P61750,2204,stop,2026-04-16,22:26:00,,
GUILDFORD - EARLSFIELD,P61750,2204,stop,2026-04-27,22:26:00,,
GUILDFORD - EARLSFIELD,P61751,2204,stop,2026-04-17,22:26:00,,
GUILDFORD - EARLSFIELD,P61750,2204,stop,2026-04-07,22:26:00,,
GUILDFORD - EARLSFIELD,Q38229,2204,stop,2026-04-03,22:26:00,,
GUILDFORD - EARLSFIELD,P61750,2204,stop,2026-04-02,22:26:00,,
GUILDFORD - EARLSFIELD,P61750,2204,stop,2026-04-29,22:26:00,,
GUILDFORD - EARLSFIELD,L74839,2204,stop,2026-04-04,22:26:00,,
GUILDFORD - EARLSFIELD,L74839,2204,stop,2026-04-18,22:26:00,,
GUILDFORD - EARLSFIELD,P61750,2204,stop,2026-04-15,22:26:00,,
GUILDFORD - EARLSFIELD,P61750,2204,stop,2026-04-09,22:26:00,,
GUILDFORD - EARLSFIELD,P61751,2204,stop,2026-04-03,22:26:00,,
GUILDFORD - EARLSFIELD,P61750,2204,stop,2026-04-21,22:26:00,,
EARLSFIELD - GUILDFORD (2),L74827,2157,stop,2026-04-05,22:31:00,,
EARLSFIELD - GUILDFORD,P61742,2203,stop,2026-04-07,22:32:00,,
EARLSFIELD - GUILDFORD,P61742,2203,stop,2026-04-24,22:32:00,,
EARLSFIELD - GUILDFORD,P61743,2203,stop,2026-04-04,22:32:00,,
EARLSFIELD - GUILDFORD,P61742,2203,stop,2026-04-23,22:32:00,,
EARLSFIELD - GUILDFORD,P61742,2203,stop,2026-04-30,22:32:00,,
EARLSFIELD - GUILDFORD,P61742,2203,stop,2026-04-21,22:32:00,,
EARLSFIELD - GUILDFORD,P61742,2203,stop,2026-04-01,22:32:00,,
EARLSFIELD - GUILDFORD,P61742,2203,stop,2026-04-29,22:32:00,,
EARLSFIELD - GUILDFORD,P61742,2203,stop,2026-04-02,22:32:00,,
EARLSFIELD - GUILDFORD,P61743,2203,stop,2026-04-25,22:32:00,,
EARLSFIELD - GUILDFORD,P61742,2203,stop,2026-04-27,22:32:00,,
EARLSFIELD - GUILDFORD,P61742,2203,stop,2026-04-10,22:32:00,,
EARLSFIELD - GUILDFORD,P61742,2203,stop,2026-04-08,22:32:00,,
EARLSFIELD - GUILDFORD,P61742,2203,stop,2026-04-15,22:32:00,,
EARLSFIELD - GUILDFORD,Q38230,2203,stop,2026-04-03,22:32:00,,
EARLSFIELD - GUILDFORD,P61742,2203,stop,2026-04-03,22:32:00,,
EARLSFIELD - GUILDFORD,P61743,2203,stop,2026-04-18,22:32:00,,
EARLSFIELD - GUILDFORD,P61742,2203,stop,2026-04-09,22:32:00,,
EARLSFIELD - GUILDFORD,P61742,2203,stop,2026-04-22,22:32:00,,
EARLSFIELD - GUILDFORD,P61743,2203,stop,2026-04-11,22:32:00,,
EARLSFIELD - GUILDFORD,P61742,2203,stop,2026-04-14,22:32:00,,
EARLSFIELD - GUILDFORD,P61742,2203,stop,2026-04-16,22:32:00,,
EARLSFIELD - GUILDFORD,P61742,2203,stop,2026-04-13,22:32:00,,
EARLSFIELD - GUILDFORD,P61742,2203,stop,2026-04-17,22:32:00,,
EARLSFIELD - GUILDFORD,Q48242,2203,stop,2026-04-06,22:32:00,,
EARLSFIELD - GUILDFORD,P61742,2203,stop,2026-04-28,22:32:00,,
EARLSFIELD - GUILDFORD,P61742,2203,stop,2026-04-06,22:32:00,,
EARLSFIELD - GUILDFORD,P61742,2203,stop,2026-04-20,22:32:00,,
EARLSFIELD - GUILDFORD,L74827,2206H,stop,2026-04-26,22:36:00,,
EARLSFIELD - GUILDFORD,L74827,2206H,stop,2026-04-12,22:36:00,,
EARLSFIELD - GUILDFORD,L74827,2206H,stop,2026-04-19,22:36:00,,
GUILDFORD - EARLSFIELD,P61752,2234,stop,2026-04-04,22:56:00,,
GUILDFORD - EARLSFIELD,L74843,2234,stop,2026-04-08,22:56:00,,
GUILDFORD - EARLSFIELD,L74843,2234,stop,2026-04-29,22:56:00,,
GUILDFORD - EARLSFIELD,L74843,2234,stop,2026-04-07,22:56:00,,
GUILDFORD - EARLSFIELD,L74843,2234,stop,2026-04-13,22:56:00,,
GUILDFORD - EARLSFIELD,L74843,2234,stop,2026-04-23,22:56:00,,
GUILDFORD - EARLSFIELD,P61752,2234,stop,2026-04-18,22:56:00,,
GUILDFORD - EARLSFIELD,L74843,2234,stop,2026-04-14,22:56:00,,
GUILDFORD - EARLSFIELD,L74843,2234,stop,2026-04-21,22:56:00,,
GUILDFORD - EARLSFIELD,L74842,2234,stop,2026-04-24,22:56:00,,
GUILDFORD - EARLSFIELD,L74843,2234,stop,2026-04-06,22:56:00,,
GUILDFORD - EARLSFIELD,L74843,2234,stop,2026-04-02,22:56:00,,
GUILDFORD - EARLSFIELD,L74843,2234,stop,2026-04-28,22:56:00,,
GUILDFORD - EARLSFIELD,L74842,2234,stop,2026-04-03,22:56:00,,
GUILDFORD - EARLSFIELD,Q38209,2234,stop,2026-04-03,22:56:00,,
GUILDFORD - EARLSFIELD,L74842,2234,stop,2026-04-17,22:56:00,,
GUILDFORD - EARLSFIELD,L74843,2234,stop,2026-04-01,22:56:00,,
GUILDFORD - EARLSFIELD,L74843,2234,stop,2026-04-15,22:56:00,,
GUILDFORD - EARLSFIELD,L74843,2234,stop,2026-04-27,22:56:00,,
GUILDFORD - EARLSFIELD,L74843,2234,stop,2026-04-22,22:56:00,,
GUILDFORD - EARLSFIELD,L74843,2234,stop,2026-04-09,22:56:00,,
GUILDFORD - EARLSFIELD,L74843,2234,stop,2026-04-20,22:56:00,,
GUILDFORD - EARLSFIELD,L74843,2234,stop,2026-04-16,22:56:00,,
GUILDFORD - EARLSFIELD,P61752,2234,stop,2026-04-25,22:56:00,,
GUILDFORD - EARLSFIELD,L74842,2234,stop,2026-04-10,22:56:00,,
GUILDFORD - EARLSFIELD,P61752,2234,stop,2026-04-11,22:56:00,,
GUILDFORD - EARLSFIELD,Q48187,2234,stop,2026-04-06,22:56:00,,
GUILDFORD - EARLSFIELD,L74843,2234,stop,2026-04-30,22:56:00,,
EARLSFIELD - GUILDFORD,P61745,2233,stop,2026-04-09,23:02:00,,
EARLSFIELD - GUILDFORD,P61745,2233,stop,2026-04-15,23:02:00,,
EARLSFIELD - GUILDFORD,P61745,2233,stop,2026-04-08,23:02:00,,
EARLSFIELD - GUILDFORD,P61745,2233,stop,2026-04-06,23:02:00,,
EARLSFIELD - GUILDFORD,P61745,2233,stop,2026-04-14,23:02:00,,
EARLSFIELD - GUILDFORD,P61745,2233,stop,2026-04-13,23:02:00,,
EARLSFIELD - GUILDFORD,P61745,2233,stop,2026-04-28,23:02:00,,
EARLSFIELD - GUILDFORD,P61745,2233,stop,2026-04-27,23:02:00,,
EARLSFIELD - GUILDFORD,P61745,2233,stop,2026-04-07,23:02:00,,
EARLSFIELD - GUILDFORD,L74831,2233,stop,2026-04-11,23:02:00,,
EARLSFIELD - GUILDFORD,P61745,2233,stop,2026-04-16,23:02:00,,
EARLSFIELD - GUILDFORD,P61745,2233,stop,2026-04-24,23:02:00,,
EARLSFIELD - GUILDFORD,Q48192,2233,stop,2026-04-06,23:02:00,,
EARLSFIELD - GUILDFORD,P61745,2233,stop,2026-04-10,23:02:00,,
EARLSFIELD - GUILDFORD,L74831,2233,stop,2026-04-25,23:02:00,,
EARLSFIELD - GUILDFORD,P61745,2233,stop,2026-04-20,23:02:00,,
EARLSFIELD - GUILDFORD,P61745,2233,stop,2026-04-22,23:02:00,,
EARLSFIELD - GUILDFORD,P61745,2233,stop,2026-04-17,23:02:00,,
EARLSFIELD - GUILDFORD,P61745,2233,stop,2026-04-02,23:02:00,,
EARLSFIELD - GUILDFORD,L74831,2233,stop,2026-04-04,23:02:00,,
EARLSFIELD - GUILDFORD,Q38211,2233,stop,2026-04-03,23:02:00,,
EARLSFIELD - GUILDFORD,P61745,2233,stop,2026-04-03,23:02:00,,
EARLSFIELD - GUILDFORD,L74831,2233,stop,2026-04-18,23:02:00,,
EARLSFIELD - GUILDFORD,P61745,2233,stop,2026-04-23,23:02:00,,
EARLSFIELD - GUILDFORD,P61745,2233,stop,2026-04-30,23:02:00,,
EARLSFIELD - GUILDFORD,P61745,2233,stop,2026-04-21,23:02:00,,
EARLSFIELD - GUILDFORD,P61745,2233,stop,2026-04-01,23:02:00,,
EARLSFIELD - GUILDFORD,P61745,2233,stop,2026-04-29,23:02:00,,
GUILDFORD - EARLSFIELD,P61753,2250,stop,2026-04-26,23:10:00,,
GUILDFORD - EARLSFIELD,P61753,2250,stop,2026-04-12,23:10:00,,
GUILDFORD - EARLSFIELD,P61753,2250,stop,2026-04-05,23:10:00,,
GUILDFORD - EARLSFIELD,P61753,2250,stop,2026-04-19,23:10:00,,
GUILDFORD - EARLSFIELD (3),P61756,2304,stop,2026-04-04,23:26:00,,
GUILDFORD - EARLSFIELD (3),P61756,2304,stop,2026-04-18,23:26:00,,
GUILDFORD - EARLSFIELD (3),Q39765,2304,stop,2026-04-03,23:26:00,,
GUILDFORD - RAYNES PARK,Q48129,2304,stop,2026-04-06,23:26:00,,
GUILDFORD - EARLSFIELD (3),P61756,2304,stop,2026-04-11,23:26:00,,
GUILDFORD - EARLSFIELD (3),P61756,2304,stop,2026-04-25,23:26:00,,
GUILDFORD - RAYNES PARK,L74853,2307,stop,2026-04-02,23:27:00,,
GUILDFORD - RAYNES PARK,L74853,2307,stop,2026-04-20,23:27:00,,
GUILDFORD - RAYNES PARK,L74853,2307,stop,2026-04-06,23:27:00,,
GUILDFORD - RAYNES PARK,L74853,2307,stop,2026-04-28,23:27:00,,
GUILDFORD - RAYNES PARK,L74853,2307,stop,2026-04-24,23:27:00,,
GUILDFORD - RAYNES PARK,L74853,2307,stop,2026-04-10,23:27:00,,
GUILDFORD - RAYNES PARK,L74853,2307,stop,2026-04-16,23:27:00,,
GUILDFORD - RAYNES PARK,L74853,2307,stop,2026-04-21,23:27:00,,
GUILDFORD - RAYNES PARK,L74853,2307,stop,2026-04-23,23:27:00,,
GUILDFORD - RAYNES PARK,L74853,2307,stop,2026-04-13,23:27:00,,
GUILDFORD - RAYNES PARK,L74853,2307,stop,2026-04-01,23:27:00,,
GUILDFORD - RAYNES PARK,L74853,2307,stop,2026-04-08,23:27:00,,
GUILDFORD - RAYNES PARK,L74853,2307,stop,2026-04-14,23:27:00,,
GUILDFORD - RAYNES PARK,L74853,2307,stop,2026-04-07,23:27:00,,
GUILDFORD - RAYNES PARK,L74853,2307,stop,2026-04-15,23:27:00,,
GUILDFORD - RAYNES PARK,L74853,2307,stop,2026-04-22,23:27:00,,
GUILDFORD - RAYNES PARK,L74853,2307,stop,2026-04-30,23:27:00,,
GUILDFORD - RAYNES PARK,L74853,2307,stop,2026-04-27,23:27:00,,
GUILDFORD - RAYNES PARK,L74853,2307,stop,2026-04-03,23:27:00,,
GUILDFORD - RAYNES PARK,L74853,2307,stop,2026-04-29,23:27:00,,
GUILDFORD - RAYNES PARK,L74853,2307,stop,2026-04-09,23:27:00,,
GUILDFORD - RAYNES PARK,L74853,2307,stop,2026-04-17,23:27:00,,
EARLSFIELD - GUILDFORD (2),P61749,2257,stop,2026-04-05,23:31:00,,
EARLSFIELD - GUILDFORD,P61747,2303,stop,2026-04-07,23:32:00,,
EARLSFIELD - GUILDFORD,P61747,2303,stop,2026-04-14,23:32:00,,
EARLSFIELD - GUILDFORD,Q38189,2303,stop,2026-04-03,23:32:00,,
EARLSFIELD - GUILDFORD,P61748,2303,stop,2026-04-25,23:32:00,,
EARLSFIELD - GUILDFORD,P61747,2303,stop,2026-04-29,23:32:00,,
EARLSFIELD - GUILDFORD,P61747,2303,stop,2026-04-27,23:32:00,,
EARLSFIELD - GUILDFORD,P61747,2303,stop,2026-04-01,23:32:00,,
EARLSFIELD - GUILDFORD,P61747,2303,stop,2026-04-28,23:32:00,,
EARLSFIELD - GUILDFORD,P61747,2303,stop,2026-04-23,23:32:00,,
EARLSFIELD - GUILDFORD,P61747,2303,stop,2026-04-16,23:32:00,,
EARLSFIELD - GUILDFORD,P61748,2303,stop,2026-04-04,23:32:00,,
EARLSFIELD - GUILDFORD,P61747,2303,stop,2026-04-13,23:32:00,,
EARLSFIELD - GUILDFORD,Q48134,2303,stop,2026-04-06,23:32:00,,
EARLSFIELD - GUILDFORD,P61747,2303,stop,2026-04-06,23:32:00,,
EARLSFIELD - GUILDFORD,P61747,2303,stop,2026-04-17,23:32:00,,
EARLSFIELD - GUILDFORD,P61747,2303,stop,2026-04-24,23:32:00,,
EARLSFIELD - GUILDFORD,P61747,2303,stop,2026-04-20,23:32:00,,
EARLSFIELD - GUILDFORD,P61747,2303,stop,2026-04-30,23:32:00,,
EARLSFIELD - GUILDFORD,P61747,2303,stop,2026-04-08,23:32:00,,
EARLSFIELD - GUILDFORD,P61747,2303,stop,2026-04-21,23:32:00,,
EARLSFIELD - GUILDFORD,P61747,2303,stop,2026-04-15,23:32:00,,
EARLSFIELD - GUILDFORD,P61747,2303,stop,2026-04-02,23:32:00,,
EARLSFIELD - GUILDFORD,P61747,2303,stop,2026-04-22,23:32:00,,
EARLSFIELD - GUILDFORD,P61748,2303,stop,2026-04-11,23:32:00,,
EARLSFIELD - GUILDFORD,P61747,2303,stop,2026-04-09,23:32:00,,
EARLSFIELD - GUILDFORD,P61748,2303,stop,2026-04-18,23:32:00,,
EARLSFIELD - GUILDFORD,P61747,2303,stop,2026-04-10,23:32:00,,
EARLSFIELD - GUILDFORD,P61747,2303,stop,2026-04-03,23:32:00,,
EARLSFIELD - GUILDFORD,P61749,2306,stop,2026-04-12,23:36:00,,
EARLSFIELD - GUILDFORD,P61749,2306,stop,2026-04-26,23:36:00,,
EARLSFIELD - GUILDFORD,P61749,2306,stop,2026-04-19,23:36:00,,
