route_variant,train_uid,origin_departure,stop_type,date,departure_time,train_class,number_of_coaches
BATTERSEA PARK LONDON - EPSOM DOWNS,P26175,2300,stop,2026-04-30,23:56:00,,
EPSOM DOWNS - SUTTON (SURREY),P43746,5,stop,2026-04-01,00:05:00,,
EPSOM DOWNS - SUTTON (SURREY),P43745,5,stop,2026-04-04,00:05:00,,
EPSOM DOWNS - SUTTON (SURREY),X99152,5,stop,2026-04-04,00:05:00,,
EPSOM DOWNS - SUTTON (SURREY),P26201,5,stop,2026-04-05,00:05:00,,
EPSOM DOWNS - SUTTON (SURREY),P43746,5,stop,2026-04-30,00:05:00,,
EPSOM DOWNS - SUTTON (SURREY),P43746,5,stop,2026-04-29,00:05:00,,
EPSOM DOWNS - SUTTON (SURREY),P43746,5,stop,2026-04-28,00:05:00,,
EPSOM DOWNS - SUTTON (SURREY),P26201,5,stop,2026-04-26,00:05:00,,
EPSOM DOWNS - SUTTON (SURREY),P43745,5,stop,2026-04-25,00:05:00,,
BATTERSEA PARK LONDON - EPSOM DOWNS,P26175,2300,stop,2026-04-20,23:56:00,,
BATTERSEA PARK LONDON - EPSOM DOWNS,P26175,2300,stop,2026-04-08,23:56:00,,
STREATHAM HILL - EPSOM DOWNS,P26176,2313,stop,2026-04-18,23:56:00,,
BATTERSEA PARK LONDON - EPSOM DOWNS,P26175,2300,stop,2026-04-09,23:56:00,,
BATTERSEA PARK LONDON - EPSOM DOWNS,P26175,2300,stop,2026-04-17,23:56:00,,
BATTERSEA PARK LONDON - EPSOM DOWNS,P26175,2300,stop,2026-04-10,23:56:00,,
BATTERSEA PARK LONDON - EPSOM DOWNS,P26175,2300,stop,2026-04-16,23:56:00,,
BATTERSEA PARK LONDON - EPSOM DOWNS,P26176,2300,stop,2026-04-11,23:56:00,,
BATTERSEA PARK LONDON - EPSOM DOWNS,P26175,2300,stop,2026-04-15,23:56:00,,
BATTERSEA PARK LONDON - EPSOM DOWNS,P26175,2300,stop,2026-04-14,23:56:00,,
BATTERSEA PARK LONDON - EPSOM DOWNS,P26175,2301,stop,2026-04-02,23:56:00,,
BATTERSEA PARK LONDON - EPSOM DOWNS,P26175,2300,stop,2026-04-13,23:56:00,,
BATTERSEA PARK LONDON - EPSOM DOWNS,P26175,2300,stop,2026-04-21,23:52:00,,
BATTERSEA PARK LONDON - EPSOM DOWNS,P26175,2300,stop,2026-04-29,23:52:00,,
SELHURST - EPSOM DOWNS,P26006,556,stop,2026-04-15,06:23:00,,
SELHURST - EPSOM DOWNS,P26006,556,stop,2026-04-01,06:23:00,,
SELHURST - EPSOM DOWNS,P26006,556,stop,2026-04-30,06:23:00,,
SELHURST - EPSOM DOWNS,P26006,556,stop,2026-04-09,06:23:00,,
SELHURST - EPSOM DOWNS,P26006,556,stop,2026-04-17,06:23:00,,
EPSOM DOWNS - STREATHAM HILL,P26026,611,stop,2026-04-18,06:17:00,,
EPSOM DOWNS - SUTTON (SURREY),X06686,47,stop,2026-04-19,00:47:00,,
STREATHAM HILL - EPSOM DOWNS,P26189,2357,stop,2026-04-18,00:40:00,,
EPSOM DOWNS - SUTTON (SURREY),P43746,5,stop,2026-04-08,00:05:00,,
EPSOM DOWNS - SUTTON (SURREY),P43746,5,stop,2026-04-02,00:05:00,,
SELHURST - EPSOM DOWNS,P26006,556,stop,2026-04-29,06:23:00,,
SELHURST - EPSOM DOWNS,P26006,556,stop,2026-04-03,06:23:00,,
SELHURST - EPSOM DOWNS,P26006,556,stop,2026-04-13,06:23:00,,
SELHURST - EPSOM DOWNS,P26006,556,stop,2026-04-22,06:23:00,,
SELHURST - EPSOM DOWNS,P26006,556,stop,2026-04-21,06:23:00,,
SELHURST - EPSOM DOWNS,P26006,556,stop,2026-04-23,06:23:00,,
SELHURST - EPSOM DOWNS,P26006,556,stop,2026-04-02,06:23:00,,
SELHURST - EPSOM DOWNS,P26006,556,stop,2026-04-28,06:23:00,,
SELHURST - EPSOM DOWNS,P26006,556,stop,2026-04-06,06:23:00,,
SELHURST - EPSOM DOWNS,P26006,556,stop,2026-04-07,06:23:00,,
SELHURST - EPSOM DOWNS,P26006,556,stop,2026-04-27,06:23:00,,
SELHURST - EPSOM DOWNS,P26006,556,stop,2026-04-20,06:23:00,,
SELHURST - EPSOM DOWNS,P26006,556,stop,2026-04-08,06:23:00,,
SELHURST - EPSOM DOWNS,P26006,556,stop,2026-04-16,06:23:00,,
SELHURST - EPSOM DOWNS,P26006,556,stop,2026-04-14,06:23:00,,
SELHURST - EPSOM DOWNS,P26006,556,stop,2026-04-24,06:23:00,,
SELHURST - EPSOM DOWNS,P26006,556,stop,2026-04-10,06:27:00,,
EPSOM DOWNS - BATTERSEA PARK LONDON,P26041,638,stop,2026-04-22,06:38:00,,
EPSOM DOWNS - BATTERSEA PARK LONDON,P26041,638,stop,2026-04-24,06:38:00,,
EPSOM DOWNS - BATTERSEA PARK LONDON,P26041,638,stop,2026-04-23,06:38:00,,
EPSOM DOWNS - BATTERSEA PARK LONDON,P26041,638,stop,2026-04-08,06:38:00,,
EPSOM DOWNS - BATTERSEA PARK LONDON,P26041,638,stop,2026-04-14,06:38:00,,
EPSOM DOWNS - BATTERSEA PARK LONDON,P26041,638,stop,2026-04-07,06:38:00,,
EPSOM DOWNS - BATTERSEA PARK LONDON,P26041,638,stop,2026-04-27,06:38:00,,
EPSOM DOWNS - BATTERSEA PARK LONDON,P26041,638,stop,2026-04-21,06:38:00,,
EPSOM DOWNS - BATTERSEA PARK LONDON,P26041,638,stop,2026-04-20,06:38:00,,
EPSOM DOWNS - BATTERSEA PARK LONDON,P26041,638,stop,2026-04-28,06:41:00,,
EPSOM DOWNS - BATTERSEA PARK LONDON,P26041,638,stop,2026-04-01,06:41:00,,
EPSOM DOWNS - BATTERSEA PARK LONDON,P26041,638,stop,2026-04-06,06:38:00,,
EPSOM DOWNS - BATTERSEA PARK LONDON,P26041,638,stop,2026-04-09,06:38:00,,
EPSOM DOWNS - BATTERSEA PARK LONDON,P26041,638,stop,2026-04-29,06:38:00,,
EPSOM DOWNS - BATTERSEA PARK LONDON,P26041,638,stop,2026-04-13,06:38:00,,
EPSOM DOWNS - BATTERSEA PARK LONDON,P26041,638,stop,2026-04-30,06:38:00,,
EPSOM DOWNS - BATTERSEA PARK LONDON,P26041,638,stop,2026-04-02,06:38:00,,
EPSOM DOWNS - BATTERSEA PARK LONDON,P26041,638,stop,2026-04-15,06:38:00,,
EPSOM DOWNS - BATTERSEA PARK LONDON,P26041,638,stop,2026-04-17,06:38:00,,
EPSOM DOWNS - BATTERSEA PARK LONDON,P26041,638,stop,2026-04-10,06:38:00,,
EPSOM DOWNS - BATTERSEA PARK LONDON,P26041,638,stop,2026-04-16,06:38:00,,
EPSOM DOWNS - BATTERSEA PARK LONDON,P26041,638,stop,2026-04-03,06:38:00,,
BATTERSEA PARK LONDON - EPSOM DOWNS,P26013,600,stop,2026-04-28,06:52:00,,
BATTERSEA PARK LONDON - EPSOM DOWNS,P26013,600,stop,2026-04-13,06:52:00,,
BATTERSEA PARK LONDON - EPSOM DOWNS,P26014,602,stop,2026-04-25,06:52:00,,
BATTERSEA PARK LONDON - EPSOM DOWNS,P26014,602,stop,2026-04-11,06:52:00,,
BATTERSEA PARK LONDON - EPSOM DOWNS,P26013,600,stop,2026-04-22,06:52:00,,
BATTERSEA PARK LONDON - EPSOM DOWNS,P26013,601,stop,2026-04-10,06:52:00,,
BATTERSEA PARK LONDON - EPSOM DOWNS,X96966,602,stop,2026-04-03,06:52:00,,
BATTERSEA PARK LONDON - EPSOM DOWNS,P26013,600,stop,2026-04-02,06:52:00,,
BATTERSEA PARK LONDON - EPSOM DOWNS,P26013,600,stop,2026-04-16,06:52:00,,
BATTERSEA PARK LONDON - EPSOM DOWNS,P26013,600,stop,2026-04-27,06:52:00,,
BATTERSEA PARK LONDON - EPSOM DOWNS,P26013,600,stop,2026-04-14,06:52:00,,
BATTERSEA PARK LONDON - EPSOM DOWNS,X01712,602,stop,2026-04-06,06:52:00,,
BATTERSEA PARK LONDON - EPSOM DOWNS,P26013,600,stop,2026-04-17,06:52:00,,
BATTERSEA PARK LONDON - EPSOM DOWNS,P26013,600,stop,2026-04-08,06:52:00,,
BATTERSEA PARK LONDON - EPSOM DOWNS,P26013,600,stop,2026-04-01,06:52:00,,
BATTERSEA PARK LONDON - EPSOM DOWNS,P26013,600,stop,2026-04-15,06:52:00,,
BATTERSEA PARK LONDON - EPSOM DOWNS,P26013,601,stop,2026-04-20,06:52:00,,
BATTERSEA PARK LONDON - EPSOM DOWNS,P26013,600,stop,2026-04-06,06:52:00,,
BATTERSEA PARK LONDON - EPSOM DOWNS,P26014,602,stop,2026-04-04,06:52:00,,
BATTERSEA PARK LONDON - EPSOM DOWNS,P26013,600,stop,2026-04-24,06:52:00,,
BATTERSEA PARK LONDON - EPSOM DOWNS,P26013,600,stop,2026-04-03,06:52:00,,
STREATHAM HILL - EPSOM DOWNS,P26014,613,stop,2026-04-18,06:52:00,,
BATTERSEA PARK LONDON - EPSOM DOWNS,P26013,600,stop,2026-04-21,06:52:00,,
BATTERSEA PARK LONDON - EPSOM DOWNS,P26013,600,stop,2026-04-23,06:56:00,,
BATTERSEA PARK LONDON - EPSOM DOWNS,P26013,600,stop,2026-04-30,06:56:00,,
BATTERSEA PARK LONDON - EPSOM DOWNS,P26013,600,stop,2026-04-29,06:56:00,,
BATTERSEA PARK LONDON - EPSOM DOWNS,P26013,600,stop,2026-04-07,06:52:00,,
BATTERSEA PARK LONDON - EPSOM DOWNS,P26013,600,stop,2026-04-09,06:52:00,,
EPSOM DOWNS - BATTERSEA PARK LONDON,P26056,708,stop,2026-04-13,07:08:00,,
EPSOM DOWNS - BATTERSEA PARK LONDON,P26057,708,stop,2026-04-04,07:08:00,,
EPSOM DOWNS - BATTERSEA PARK LONDON,P26056,708,stop,2026-04-21,07:08:00,,
EPSOM DOWNS - BATTERSEA PARK LONDON,P26056,708,stop,2026-04-23,07:08:00,,
EPSOM DOWNS - BATTERSEA PARK LONDON,P26056,708,stop,2026-04-24,07:08:00,,
EPSOM DOWNS - BATTERSEA PARK LONDON,P26056,708,stop,2026-04-27,07:08:00,,
EPSOM DOWNS - BATTERSEA PARK LONDON,P26056,708,stop,2026-04-17,07:08:00,,
EPSOM DOWNS - BATTERSEA PARK LONDON,P26056,708,stop,2026-04-20,07:08:00,,
EPSOM DOWNS - BATTERSEA PARK LONDON,P26056,708,stop,2026-04-16,07:08:00,,
EPSOM DOWNS - STREATHAM HILL,P26057,708,stop,2026-04-18,07:08:00,,
EPSOM DOWNS - BATTERSEA PARK LONDON,X96859,708,stop,2026-04-03,07:08:00,,
EPSOM DOWNS - BATTERSEA PARK LONDON,P26056,708,stop,2026-04-03,07:08:00,,
EPSOM DOWNS - BATTERSEA PARK LONDON,P26056,708,stop,2026-04-28,07:08:00,,
EPSOM DOWNS - BATTERSEA PARK LONDON,P26056,708,stop,2026-04-15,07:08:00,,
EPSOM DOWNS - BATTERSEA PARK LONDON,P26057,708,stop,2026-04-25,07:08:00,,
EPSOM DOWNS - BATTERSEA PARK LONDON,P26056,708,stop,2026-04-14,07:08:00,,
EPSOM DOWNS - BATTERSEA PARK LONDON,X01717,708,stop,2026-04-06,07:08:00,,
EPSOM DOWNS - BATTERSEA PARK LONDON,P26056,708,stop,2026-04-07,07:08:00,,
EPSOM DOWNS - BATTERSEA PARK LONDON,P26056,708,stop,2026-04-30,07:08:00,,
EPSOM DOWNS - BATTERSEA PARK LONDON,P26056,708,stop,2026-04-06,07:08:00,,
EPSOM DOWNS - BATTERSEA PARK LONDON,P26056,708,stop,2026-04-22,07:08:00,,
EPSOM DOWNS - BATTERSEA PARK LONDON,P26056,708,stop,2026-04-29,07:08:00,,
EPSOM DOWNS - BATTERSEA PARK LONDON,P26057,708,stop,2026-04-11,07:08:00,,
EPSOM DOWNS - BATTERSEA PARK LONDON,P26056,708,stop,2026-04-10,07:08:00,,
EPSOM DOWNS - BATTERSEA PARK LONDON,P26056,708,stop,2026-04-01,07:08:00,,
EPSOM DOWNS - BATTERSEA PARK LONDON,P26056,708,stop,2026-04-09,07:08:00,,
EPSOM DOWNS - BATTERSEA PARK LONDON,P26056,708,stop,2026-04-02,07:08:00,,
EPSOM DOWNS - BATTERSEA PARK LONDON,P26056,708,stop,2026-04-08,07:08:00,,
BATTERSEA PARK LONDON - EPSOM DOWNS,P26028,630,stop,2026-04-03,07:22:00,,
BATTERSEA PARK LONDON - EPSOM DOWNS,P26029,630,stop,2026-04-04,07:22:00,,
BATTERSEA PARK LONDON - EPSOM DOWNS,P26028,630,stop,2026-04-06,07:22:00,,
BATTERSEA PARK LONDON - EPSOM DOWNS,X01714,630,stop,2026-04-06,07:22:00,,
BATTERSEA PARK LONDON - EPSOM DOWNS,P26028,630,stop,2026-04-07,07:22:00,,
BATTERSEA PARK LONDON - EPSOM DOWNS,P26028,630,stop,2026-04-15,07:22:00,,
BATTERSEA PARK LONDON - EPSOM DOWNS,P26028,630,stop,2026-04-29,07:22:00,,
BATTERSEA PARK LONDON - EPSOM DOWNS,P26028,630,stop,2026-04-01,07:22:00,,
STREATHAM HILL - EPSOM DOWNS,P26029,643,stop,2026-04-18,07:22:00,,
BATTERSEA PARK LONDON - EPSOM DOWNS,P26029,630,stop,2026-04-11,07:22:00,,
BATTERSEA PARK LONDON - EPSOM DOWNS,P26029,630,stop,2026-04-25,07:22:00,,
BATTERSEA PARK LONDON - EPSOM DOWNS,P26028,630,stop,2026-04-24,07:22:00,,
BATTERSEA PARK LONDON - EPSOM DOWNS,P26028,630,stop,2026-04-28,07:22:00,,
BATTERSEA PARK LONDON - EPSOM DOWNS,P26028,630,stop,2026-04-30,07:22:00,,
BATTERSEA PARK LONDON - EPSOM DOWNS,P26028,630,stop,2026-04-13,07:22:00,,
BATTERSEA PARK LONDON - EPSOM DOWNS,P26028,630,stop,2026-04-14,07:22:00,,
BATTERSEA PARK LONDON - EPSOM DOWNS,P26028,630,stop,2026-04-17,07:22:00,,
BATTERSEA PARK LONDON - EPSOM DOWNS,P26028,630,stop,2026-04-16,07:22:00,,
BATTERSEA PARK LONDON - EPSOM DOWNS,P26028,630,stop,2026-04-27,07:22:00,,
BATTERSEA PARK LONDON - EPSOM DOWNS,P26028,630,stop,2026-04-10,07:22:00,,
BATTERSEA PARK LONDON - EPSOM DOWNS,P26028,630,stop,2026-04-23,07:22:00,,
BATTERSEA PARK LONDON - EPSOM DOWNS,P26028,630,stop,2026-04-02,07:22:00,,
BATTERSEA PARK LONDON - EPSOM DOWNS,P26028,630,stop,2026-04-08,07:22:00,,
BATTERSEA PARK LONDON - EPSOM DOWNS,P26028,630,stop,2026-04-21,07:22:00,,
BATTERSEA PARK LONDON - EPSOM DOWNS,P26028,630,stop,2026-04-09,07:22:00,,
BATTERSEA PARK LONDON - EPSOM DOWNS,P26028,630,stop,2026-04-22,07:22:00,,
BATTERSEA PARK LONDON - EPSOM DOWNS,X96920,630,stop,2026-04-03,07:22:00,,
BATTERSEA PARK LONDON - EPSOM DOWNS,P26028,631,stop,2026-04-20,07:26:00,,
EPSOM DOWNS - BATTERSEA PARK LONDON,P26072,738,stop,2026-04-23,07:38:00,,
EPSOM DOWNS - BATTERSEA PARK LONDON,P26072,738,stop,2026-04-15,07:38:00,,
EPSOM DOWNS - BATTERSEA PARK LONDON,P26072,738,stop,2026-04-16,07:38:00,,
EPSOM DOWNS - BATTERSEA PARK LONDON,P26072,738,stop,2026-04-20,07:38:00,,
EPSOM DOWNS - BATTERSEA PARK LONDON,P26072,738,stop,2026-04-30,07:38:00,,
EPSOM DOWNS - BATTERSEA PARK LONDON,P26072,738,stop,2026-04-24,07:38:00,,
EPSOM DOWNS - BATTERSEA PARK LONDON,P26073,738,stop,2026-04-11,07:38:00,,
EPSOM DOWNS - BATTERSEA PARK LONDON,P26072,738,stop,2026-04-08,07:38:00,,
EPSOM DOWNS - BATTERSEA PARK LONDON,P26072,738,stop,2026-04-29,07:38:00,,
EPSOM DOWNS - BATTERSEA PARK LONDON,P26072,738,stop,2026-04-07,07:38:00,,
EPSOM DOWNS - BATTERSEA PARK LONDON,P26072,738,stop,2026-04-14,07:38:00,,
EPSOM DOWNS - BATTERSEA PARK LONDON,P26072,738,stop,2026-04-13,07:38:00,,
EPSOM DOWNS - BATTERSEA PARK LONDON,P26073,738,stop,2026-04-04,07:38:00,,
EPSOM DOWNS - BATTERSEA PARK LONDON,P26072,738,stop,2026-04-03,07:38:00,,
EPSOM DOWNS - BATTERSEA PARK LONDON,P26072,738,stop,2026-04-10,07:38:00,,
EPSOM DOWNS - BATTERSEA PARK LONDON,X96812,738,stop,2026-04-03,07:38:00,,
EPSOM DOWNS - BATTERSEA PARK LONDON,P26072,738,stop,2026-04-21,07:38:00,,
EPSOM DOWNS - BATTERSEA PARK LONDON,P26072,738,stop,2026-04-06,07:38:00,,
EPSOM DOWNS - BATTERSEA PARK LONDON,X00750,738,stop,2026-04-06,07:38:00,,
EPSOM DOWNS - BATTERSEA PARK LONDON,P26072,738,stop,2026-04-22,07:41:00,,
EPSOM DOWNS - STREATHAM HILL,P26073,738,stop,2026-04-18,07:41:00,,
EPSOM DOWNS - BATTERSEA PARK LONDON,P26072,738,stop,2026-04-28,07:41:00,,
EPSOM DOWNS - BATTERSEA PARK LONDON,P26072,738,stop,2026-04-02,07:41:00,,
EPSOM DOWNS - BATTERSEA PARK LONDON,P26072,738,stop,2026-04-17,07:38:00,,
EPSOM DOWNS - BATTERSEA PARK LONDON,P26072,738,stop,2026-04-09,07:38:00,,
EPSOM DOWNS - BATTERSEA PARK LONDON,P26072,738,stop,2026-04-27,07:38:00,,
EPSOM DOWNS - BATTERSEA PARK LONDON,P26072,738,stop,2026-04-01,07:38:00,,
EPSOM DOWNS - BATTERSEA PARK LONDON,P26073,738,stop,2026-04-25,07:38:00,,
BATTERSEA PARK LONDON - EPSOM DOWNS,P26044,700,stop,2026-04-07,07:52:00,,
BATTERSEA PARK LONDON - EPSOM DOWNS,P26044,700,stop,2026-04-13,07:52:00,,
BATTERSEA PARK LONDON - EPSOM DOWNS,P26044,700,stop,2026-04-21,07:52:00,,
BATTERSEA PARK LONDON - EPSOM DOWNS,X01716,700,stop,2026-04-06,07:52:00,,
BATTERSEA PARK LONDON - EPSOM DOWNS,P26044,700,stop,2026-04-06,07:52:00,,
BATTERSEA PARK LONDON - EPSOM DOWNS,P26044,700,stop,2026-04-14,07:52:00,,
BATTERSEA PARK LONDON - EPSOM DOWNS,P26045,700,stop,2026-04-25,07:52:00,,
BATTERSEA PARK LONDON - EPSOM DOWNS,P26044,700,stop,2026-04-03,07:52:00,,
BATTERSEA PARK LONDON - EPSOM DOWNS,P26044,700,stop,2026-04-02,07:52:00,,
BATTERSEA PARK LONDON - EPSOM DOWNS,P26044,700,stop,2026-04-23,07:52:00,,
BATTERSEA PARK LONDON - EPSOM DOWNS,P26044,700,stop,2026-04-01,07:52:00,,
BATTERSEA PARK LONDON - EPSOM DOWNS,P26044,700,stop,2026-04-22,07:52:00,,
BATTERSEA PARK LONDON - EPSOM DOWNS,P26044,700,stop,2026-04-29,07:52:00,,
BATTERSEA PARK LONDON - EPSOM DOWNS,P26044,700,stop,2026-04-20,07:52:00,,
BATTERSEA PARK LONDON - EPSOM DOWNS,P26044,700,stop,2026-04-27,07:52:00,,
BATTERSEA PARK LONDON - EPSOM DOWNS,P26044,700,stop,2026-04-17,07:56:00,,
BATTERSEA PARK LONDON - EPSOM DOWNS,P26044,700,stop,2026-04-09,07:56:00,,
BATTERSEA PARK LONDON - EPSOM DOWNS,P26044,700,stop,2026-04-28,07:52:00,,
BATTERSEA PARK LONDON - EPSOM DOWNS,P26045,700,stop,2026-04-04,07:52:00,,
BATTERSEA PARK LONDON - EPSOM DOWNS,P26044,700,stop,2026-04-30,07:52:00,,
BATTERSEA PARK LONDON - EPSOM DOWNS,P26044,700,stop,2026-04-10,07:52:00,,
BATTERSEA PARK LONDON - EPSOM DOWNS,X96869,700,stop,2026-04-03,07:52:00,,
BATTERSEA PARK LONDON - EPSOM DOWNS,P26044,700,stop,2026-04-24,07:52:00,,
BATTERSEA PARK LONDON - EPSOM DOWNS,P26044,700,stop,2026-04-08,07:52:00,,
BATTERSEA PARK LONDON - EPSOM DOWNS,P26044,700,stop,2026-04-15,07:52:00,,
BATTERSEA PARK LONDON - EPSOM DOWNS,P26044,700,stop,2026-04-16,07:52:00,,
BATTERSEA PARK LONDON - EPSOM DOWNS,P26045,700,stop,2026-04-11,07:52:00,,
STREATHAM HILL - EPSOM DOWNS,P26045,713,stop,2026-04-18,07:52:00,,
EPSOM DOWNS - BATTERSEA PARK LONDON,P26088,808,stop,2026-04-30,08:08:00,,
EPSOM DOWNS - BATTERSEA PARK LONDON,P26088,808,stop,2026-04-15,08:08:00,,
EPSOM DOWNS - BATTERSEA PARK LONDON,P26088,808,stop,2026-04-29,08:08:00,,
EPSOM DOWNS - BATTERSEA PARK LONDON,P26088,808,stop,2026-04-08,08:08:00,,
EPSOM DOWNS - BATTERSEA PARK LONDON,P26088,808,stop,2026-04-20,08:08:00,,
EPSOM DOWNS - BATTERSEA PARK LONDON,P26088,808,stop,2026-04-27,08:08:00,,
EPSOM DOWNS - BATTERSEA PARK LONDON,P26088,808,stop,2026-04-17,08:08:00,,
EPSOM DOWNS - BATTERSEA PARK LONDON,P26088,808,stop,2026-04-16,08:08:00,,
EPSOM DOWNS - BATTERSEA PARK LONDON,P26088,808,stop,2026-04-28,08:08:00,,
EPSOM DOWNS - BATTERSEA PARK LONDON,P26088,808,stop,2026-04-01,08:08:00,,
EPSOM DOWNS - STREATHAM HILL,P26089,808,stop,2026-04-18,08:08:00,,
EPSOM DOWNS - BATTERSEA PARK LONDON,P26089,808,stop,2026-04-25,08:08:00,,
EPSOM DOWNS - BATTERSEA PARK LONDON,P26088,808,stop,2026-04-22,08:08:00,,
EPSOM DOWNS - BATTERSEA PARK LONDON,P26088,808,stop,2026-04-23,08:08:00,,
EPSOM DOWNS - BATTERSEA PARK LONDON,P26088,808,stop,2026-04-02,08:08:00,,
EPSOM DOWNS - BATTERSEA PARK LONDON,P26088,808,stop,2026-04-13,08:08:00,,
EPSOM DOWNS - BATTERSEA PARK LONDON,P26088,808,stop,2026-04-09,08:08:00,,
EPSOM DOWNS - BATTERSEA PARK LONDON,P26089,808,stop,2026-04-04,08:08:00,,
EPSOM DOWNS - BATTERSEA PARK LONDON,P26089,808,stop,2026-04-11,08:08:00,,
EPSOM DOWNS - BATTERSEA PARK LONDON,P26088,808,stop,2026-04-03,08:08:00,,
EPSOM DOWNS - BATTERSEA PARK LONDON,P26088,808,stop,2026-04-14,08:08:00,,
EPSOM DOWNS - BATTERSEA PARK LONDON,P26088,808,stop,2026-04-24,08:08:00,,
EPSOM DOWNS - BATTERSEA PARK LONDON,P26088,808,stop,2026-04-07,08:08:00,,
EPSOM DOWNS - BATTERSEA PARK LONDON,P26088,808,stop,2026-04-10,08:11:00,,
EPSOM DOWNS - BATTERSEA PARK LONDON,X96772,808,stop,2026-04-03,08:11:00,,
EPSOM DOWNS - BATTERSEA PARK LONDON,P26088,808,stop,2026-04-21,08:11:00,,
EPSOM DOWNS - BATTERSEA PARK LONDON,P26088,808,stop,2026-04-06,08:08:00,,
EPSOM DOWNS - BATTERSEA PARK LONDON,X00754,808,stop,2026-04-06,08:08:00,,
BATTERSEA PARK LONDON - EPSOM DOWNS,P26061,730,stop,2026-04-11,08:22:00,,
BATTERSEA PARK LONDON - EPSOM DOWNS,P26060,730,stop,2026-04-01,08:22:00,,
BATTERSEA PARK LONDON - EPSOM DOWNS,P26060,730,stop,2026-04-14,08:22:00,,
BATTERSEA PARK LONDON - EPSOM DOWNS,P26060,730,stop,2026-04-24,08:22:00,,
BATTERSEA PARK LONDON - EPSOM DOWNS,P26060,730,stop,2026-04-02,08:22:00,,
BATTERSEA PARK LONDON - EPSOM DOWNS,P26060,730,stop,2026-04-07,08:22:00,,
BATTERSEA PARK LONDON - EPSOM DOWNS,P26060,730,stop,2026-04-09,08:22:00,,
BATTERSEA PARK LONDON - EPSOM DOWNS,P26060,730,stop,2026-04-16,08:22:00,,
BATTERSEA PARK LONDON - EPSOM DOWNS,P26060,730,stop,2026-04-08,08:22:00,,
BATTERSEA PARK LONDON - EPSOM DOWNS,P26060,730,stop,2026-04-10,08:22:00,,
BATTERSEA PARK LONDON - EPSOM DOWNS,P26060,730,stop,2026-04-29,08:22:00,,
BATTERSEA PARK LONDON - EPSOM DOWNS,P26060,730,stop,2026-04-27,08:22:00,,
BATTERSEA PARK LONDON - EPSOM DOWNS,P26060,730,stop,2026-04-22,08:22:00,,
BATTERSEA PARK LONDON - EPSOM DOWNS,P26060,730,stop,2026-04-13,08:22:00,,
BATTERSEA PARK LONDON - EPSOM DOWNS,X00748,730,stop,2026-04-06,08:22:00,,
BATTERSEA PARK LONDON - EPSOM DOWNS,P26060,730,stop,2026-04-28,08:22:00,,
BATTERSEA PARK LONDON - EPSOM DOWNS,P26060,730,stop,2026-04-15,08:22:00,,
BATTERSEA PARK LONDON - EPSOM DOWNS,P26060,730,stop,2026-04-23,08:22:00,,
BATTERSEA PARK LONDON - EPSOM DOWNS,P26061,730,stop,2026-04-25,08:22:00,,
BATTERSEA PARK LONDON - EPSOM DOWNS,P26060,730,stop,2026-04-20,08:26:00,,
STREATHAM HILL - EPSOM DOWNS,P26059,745,stop,2026-04-19,08:24:00,,
BATTERSEA PARK LONDON - EPSOM DOWNS,P26059,734,stop,2026-04-12,08:24:00,,
BATTERSEA PARK LONDON - EPSOM DOWNS,P26059,734,stop,2026-04-05,08:24:00,,
BATTERSEA PARK LONDON - EPSOM DOWNS,P26059,734,stop,2026-04-26,08:24:00,,
BATTERSEA PARK LONDON - EPSOM DOWNS,P26060,730,stop,2026-04-03,08:22:00,,
STREATHAM HILL - EPSOM DOWNS,P26061,743,stop,2026-04-18,08:22:00,,
BATTERSEA PARK LONDON - EPSOM DOWNS,P26060,730,stop,2026-04-21,08:22:00,,
BATTERSEA PARK LONDON - EPSOM DOWNS,P26060,730,stop,2026-04-17,08:22:00,,
BATTERSEA PARK LONDON - EPSOM DOWNS,P26060,730,stop,2026-04-06,08:22:00,,
BATTERSEA PARK LONDON - EPSOM DOWNS,P26060,730,stop,2026-04-30,08:22:00,,
BATTERSEA PARK LONDON - EPSOM DOWNS,X96824,730,stop,2026-04-03,08:22:00,,
BATTERSEA PARK LONDON - EPSOM DOWNS,P26061,730,stop,2026-04-04,08:22:00,,
EPSOM DOWNS - BATTERSEA PARK LONDON,P26102,838,stop,2026-04-05,08:38:00,,
EPSOM DOWNS - BATTERSEA PARK LONDON,P26103,838,stop,2026-04-30,08:38:00,,
EPSOM DOWNS - BATTERSEA PARK LONDON,P26104,838,stop,2026-04-11,08:38:00,,
EPSOM DOWNS - BATTERSEA PARK LONDON,P26103,838,stop,2026-04-06,08:38:00,,
EPSOM DOWNS - STREATHAM HILL,P26104,838,stop,2026-04-18,08:38:00,,
EPSOM DOWNS - STREATHAM HILL,P26102,838,stop,2026-04-19,08:38:00,,
EPSOM DOWNS - BATTERSEA PARK LONDON,P26103,838,stop,2026-04-23,08:38:00,,
EPSOM DOWNS - BATTERSEA PARK LONDON,X00758,838,stop,2026-04-06,08:38:00,,
EPSOM DOWNS - BATTERSEA PARK LONDON,P26103,838,stop,2026-04-20,08:38:00,,
EPSOM DOWNS - BATTERSEA PARK LONDON,P26103,838,stop,2026-04-13,08:38:00,,
EPSOM DOWNS - BATTERSEA PARK LONDON,P26103,838,stop,2026-04-21,08:38:00,,
EPSOM DOWNS - BATTERSEA PARK LONDON,P26103,838,stop,2026-04-29,08:38:00,,
EPSOM DOWNS - BATTERSEA PARK LONDON,P26103,838,stop,2026-04-07,08:38:00,,
EPSOM DOWNS - BATTERSEA PARK LONDON,P26103,838,stop,2026-04-14,08:38:00,,
EPSOM DOWNS - BATTERSEA PARK LONDON,P26103,838,stop,2026-04-22,08:38:00,,
EPSOM DOWNS - BATTERSEA PARK LONDON,P26103,838,stop,2026-04-02,08:38:00,,
EPSOM DOWNS - BATTERSEA PARK LONDON,P26102,838,stop,2026-04-12,08:38:00,,
EPSOM DOWNS - BATTERSEA PARK LONDON,P26103,838,stop,2026-04-16,08:38:00,,
EPSOM DOWNS - BATTERSEA PARK LONDON,P26103,838,stop,2026-04-24,08:38:00,,
EPSOM DOWNS - BATTERSEA PARK LONDON,P26103,838,stop,2026-04-17,08:38:00,,
EPSOM DOWNS - BATTERSEA PARK LONDON,P26103,838,stop,2026-04-28,08:38:00,,
EPSOM DOWNS - BATTERSEA PARK LONDON,P26102,838,stop,2026-04-26,08:38:00,,
EPSOM DOWNS - BATTERSEA PARK LONDON,P26103,838,stop,2026-04-15,08:38:00,,
EPSOM DOWNS - BATTERSEA PARK LONDON,X96730,838,stop,2026-04-03,08:38:00,,
EPSOM DOWNS - BATTERSEA PARK LONDON,P26103,838,stop,2026-04-09,08:38:00,,
EPSOM DOWNS - BATTERSEA PARK LONDON,P26103,838,stop,2026-04-03,08:38:00,,
EPSOM DOWNS - BATTERSEA PARK LONDON,P26103,838,stop,2026-04-01,08:38:00,,
EPSOM DOWNS - BATTERSEA PARK LONDON,P26104,838,stop,2026-04-04,08:38:00,,
EPSOM DOWNS - BATTERSEA PARK LONDON,P26104,838,stop,2026-04-25,08:38:00,,
EPSOM DOWNS - BATTERSEA PARK LONDON,P26103,838,stop,2026-04-08,08:38:00,,
EPSOM DOWNS - BATTERSEA PARK LONDON,P26103,838,stop,2026-04-10,08:38:00,,
EPSOM DOWNS - BATTERSEA PARK LONDON,P26103,838,stop,2026-04-27,08:38:00,,
STREATHAM HILL - EPSOM DOWNS,P26077,813,stop,2026-04-18,08:52:00,,
BATTERSEA PARK LONDON - EPSOM DOWNS,P26076,800,stop,2026-04-01,08:52:00,,
BATTERSEA PARK LONDON - EPSOM DOWNS,P26076,800,stop,2026-04-29,08:52:00,,
BATTERSEA PARK LONDON - EPSOM DOWNS,P26076,800,stop,2026-04-28,08:52:00,,
BATTERSEA PARK LONDON - EPSOM DOWNS,P26076,800,stop,2026-04-07,08:52:00,,
BATTERSEA PARK LONDON - EPSOM DOWNS,P26076,800,stop,2026-04-14,08:52:00,,
BATTERSEA PARK LONDON - EPSOM DOWNS,P26076,800,stop,2026-04-06,08:52:00,,
BATTERSEA PARK LONDON - EPSOM DOWNS,P26076,800,stop,2026-04-15,08:52:00,,
BATTERSEA PARK LONDON - EPSOM DOWNS,P26076,800,stop,2026-04-03,08:52:00,,
BATTERSEA PARK LONDON - EPSOM DOWNS,P26076,800,stop,2026-04-23,08:52:00,,
BATTERSEA PARK LONDON - EPSOM DOWNS,X00751,800,stop,2026-04-06,08:52:00,,
BATTERSEA PARK LONDON - EPSOM DOWNS,P26076,800,stop,2026-04-13,08:52:00,,
BATTERSEA PARK LONDON - EPSOM DOWNS,X96783,800,stop,2026-04-03,08:52:00,,
BATTERSEA PARK LONDON - EPSOM DOWNS,P26076,800,stop,2026-04-30,08:52:00,,
BATTERSEA PARK LONDON - EPSOM DOWNS,P26076,800,stop,2026-04-22,08:52:00,,
BATTERSEA PARK LONDON - EPSOM DOWNS,P26076,800,stop,2026-04-24,08:52:00,,
BATTERSEA PARK LONDON - EPSOM DOWNS,P26076,800,stop,2026-04-20,08:52:00,,
BATTERSEA PARK LONDON - EPSOM DOWNS,P26077,800,stop,2026-04-11,08:52:00,,
BATTERSEA PARK LONDON - EPSOM DOWNS,P26077,800,stop,2026-04-04,08:52:00,,
BATTERSEA PARK LONDON - EPSOM DOWNS,P26076,800,stop,2026-04-16,08:56:00,,
BATTERSEA PARK LONDON - EPSOM DOWNS,P26076,800,stop,2026-04-02,08:56:00,,
BATTERSEA PARK LONDON - EPSOM DOWNS,P26075,805,stop,2026-04-05,08:55:00,,
STREATHAM HILL - EPSOM DOWNS,P26075,813,stop,2026-04-19,08:53:00,,
BATTERSEA PARK LONDON - EPSOM DOWNS,P26075,804,stop,2026-04-12,08:53:00,,
BATTERSEA PARK LONDON - EPSOM DOWNS,P26075,804,stop,2026-04-26,08:53:00,,
BATTERSEA PARK LONDON - EPSOM DOWNS,P26076,800,stop,2026-04-17,08:52:00,,
BATTERSEA PARK LONDON - EPSOM DOWNS,P26077,800,stop,2026-04-25,08:52:00,,
BATTERSEA PARK LONDON - EPSOM DOWNS,P26076,800,stop,2026-04-08,08:52:00,,
BATTERSEA PARK LONDON - EPSOM DOWNS,P26076,800,stop,2026-04-21,08:52:00,,
BATTERSEA PARK LONDON - EPSOM DOWNS,P26076,800,stop,2026-04-09,08:52:00,,
BATTERSEA PARK LONDON - EPSOM DOWNS,P26076,800,stop,2026-04-27,08:52:00,,
BATTERSEA PARK LONDON - EPSOM DOWNS,P26076,800,stop,2026-04-10,08:52:00,,
EPSOM DOWNS - BATTERSEA PARK LONDON,P26117,908,stop,2026-04-06,09:08:00,,
EPSOM DOWNS - BATTERSEA PARK LONDON,P26117,908,stop,2026-04-22,09:08:00,,
EPSOM DOWNS - BATTERSEA PARK LONDON,P26117,908,stop,2026-04-15,09:08:00,,
EPSOM DOWNS - BATTERSEA PARK LONDON,P26117,908,stop,2026-04-10,09:08:00,,
EPSOM DOWNS - BATTERSEA PARK LONDON,P26117,908,stop,2026-04-28,09:08:00,,
EPSOM DOWNS - BATTERSEA PARK LONDON,P26117,908,stop,2026-04-01,09:08:00,,
EPSOM DOWNS - STREATHAM HILL,P26116,908,stop,2026-04-19,09:08:00,,
EPSOM DOWNS - BATTERSEA PARK LONDON,P26117,908,stop,2026-04-16,09:08:00,,
EPSOM DOWNS - BATTERSEA PARK LONDON,P26118,908,stop,2026-04-11,09:08:00,,
EPSOM DOWNS - BATTERSEA PARK LONDON,P26117,908,stop,2026-04-27,09:08:00,,
EPSOM DOWNS - STREATHAM HILL,P26118,908,stop,2026-04-18,09:08:00,,
EPSOM DOWNS - BATTERSEA PARK LONDON,P26117,908,stop,2026-04-24,09:08:00,,
EPSOM DOWNS - BATTERSEA PARK LONDON,P26117,908,stop,2026-04-23,09:08:00,,
EPSOM DOWNS - BATTERSEA PARK LONDON,P26116,908,stop,2026-04-05,09:08:00,,
EPSOM DOWNS - BATTERSEA PARK LONDON,P26117,908,stop,2026-04-30,09:08:00,,
EPSOM DOWNS - BATTERSEA PARK LONDON,P26117,908,stop,2026-04-02,09:08:00,,
EPSOM DOWNS - BATTERSEA PARK LONDON,P26116,908,stop,2026-04-12,09:08:00,,
EPSOM DOWNS - BATTERSEA PARK LONDON,P26118,908,stop,2026-04-04,09:08:00,,
EPSOM DOWNS - BATTERSEA PARK LONDON,P26118,908,stop,2026-04-25,09:08:00,,
EPSOM DOWNS - BATTERSEA PARK LONDON,X96691,908,stop,2026-04-03,09:11:00,,
EPSOM DOWNS - BATTERSEA PARK LONDON,P26117,908,stop,2026-04-14,09:11:00,,
EPSOM DOWNS - BATTERSEA PARK LONDON,P26117,908,stop,2026-04-13,09:08:00,,
EPSOM DOWNS - BATTERSEA PARK LONDON,P26116,908,stop,2026-04-26,09:08:00,,
EPSOM DOWNS - BATTERSEA PARK LONDON,X00762,908,stop,2026-04-06,09:08:00,,
EPSOM DOWNS - BATTERSEA PARK LONDON,P26117,908,stop,2026-04-09,09:08:00,,
EPSOM DOWNS - BATTERSEA PARK LONDON,P26117,908,stop,2026-04-03,09:08:00,,
EPSOM DOWNS - BATTERSEA PARK LONDON,P26117,908,stop,2026-04-17,09:08:00,,
EPSOM DOWNS - BATTERSEA PARK LONDON,P26117,908,stop,2026-04-29,09:08:00,,
EPSOM DOWNS - BATTERSEA PARK LONDON,P26117,908,stop,2026-04-21,09:08:00,,
EPSOM DOWNS - BATTERSEA PARK LONDON,P26117,908,stop,2026-04-07,09:08:00,,
EPSOM DOWNS - BATTERSEA PARK LONDON,P26117,908,stop,2026-04-08,09:08:00,,
EPSOM DOWNS - BATTERSEA PARK LONDON,P26117,908,stop,2026-04-20,09:08:00,,
BATTERSEA PARK LONDON - EPSOM DOWNS,P26092,830,stop,2026-04-02,09:22:00,,
BATTERSEA PARK LONDON - EPSOM DOWNS,P26092,830,stop,2026-04-24,09:22:00,,
BATTERSEA PARK LONDON - EPSOM DOWNS,P26093,830,stop,2026-04-04,09:22:00,,
BATTERSEA PARK LONDON - EPSOM DOWNS,P26092,830,stop,2026-04-30,09:22:00,,
BATTERSEA PARK LONDON - EPSOM DOWNS,P26092,830,stop,2026-04-01,09:22:00,,
BATTERSEA PARK LONDON - EPSOM DOWNS,P26092,830,stop,2026-04-10,09:22:00,,
BATTERSEA PARK LONDON - EPSOM DOWNS,X96740,830,stop,2026-04-03,09:22:00,,
BATTERSEA PARK LONDON - EPSOM DOWNS,P26092,830,stop,2026-04-07,09:22:00,,
BATTERSEA PARK LONDON - EPSOM DOWNS,P26092,830,stop,2026-04-27,09:22:00,,
BATTERSEA PARK LONDON - EPSOM DOWNS,P26092,830,stop,2026-04-23,09:22:00,,
BATTERSEA PARK LONDON - EPSOM DOWNS,P26092,830,stop,2026-04-17,09:22:00,,
BATTERSEA PARK LONDON - EPSOM DOWNS,P26092,830,stop,2026-04-08,09:22:00,,
BATTERSEA PARK LONDON - EPSOM DOWNS,P26092,830,stop,2026-04-29,09:22:00,,
BATTERSEA PARK LONDON - EPSOM DOWNS,P26092,830,stop,2026-04-22,09:22:00,,
BATTERSEA PARK LONDON - EPSOM DOWNS,P26093,830,stop,2026-04-11,09:22:00,,
BATTERSEA PARK LONDON - EPSOM DOWNS,P26092,830,stop,2026-04-14,09:22:00,,
BATTERSEA PARK LONDON - EPSOM DOWNS,P26092,830,stop,2026-04-15,09:22:00,,
BATTERSEA PARK LONDON - EPSOM DOWNS,P26092,830,stop,2026-04-13,09:22:00,,
BATTERSEA PARK LONDON - EPSOM DOWNS,P26092,830,stop,2026-04-20,09:22:00,,
BATTERSEA PARK LONDON - EPSOM DOWNS,P26092,830,stop,2026-04-09,09:26:00,,
BATTERSEA PARK LONDON - EPSOM DOWNS,X00755,830,stop,2026-04-06,09:26:00,,
BATTERSEA PARK LONDON - EPSOM DOWNS,P26091,834,stop,2026-04-05,09:25:00,,
BATTERSEA PARK LONDON - EPSOM DOWNS,P26091,834,stop,2026-04-12,09:23:00,,
STREATHAM HILL - EPSOM DOWNS,P26091,844,stop,2026-04-19,09:23:00,,
BATTERSEA PARK LONDON - EPSOM DOWNS,P26091,834,stop,2026-04-26,09:23:00,,
STREATHAM HILL - EPSOM DOWNS,P26093,843,stop,2026-04-18,09:22:00,,
BATTERSEA PARK LONDON - EPSOM DOWNS,P26092,830,stop,2026-04-28,09:22:00,,
BATTERSEA PARK LONDON - EPSOM DOWNS,P26092,830,stop,2026-04-21,09:22:00,,
BATTERSEA PARK LONDON - EPSOM DOWNS,P26092,830,stop,2026-04-16,09:22:00,,
BATTERSEA PARK LONDON - EPSOM DOWNS,P26092,830,stop,2026-04-06,09:22:00,,
BATTERSEA PARK LONDON - EPSOM DOWNS,P26092,830,stop,2026-04-03,09:22:00,,
BATTERSEA PARK LONDON - EPSOM DOWNS,P26093,830,stop,2026-04-25,09:22:00,,
EPSOM DOWNS - BATTERSEA PARK LONDON,P26129,938,stop,2026-04-27,09:38:00,,
EPSOM DOWNS - BATTERSEA PARK LONDON,P26129,938,stop,2026-04-09,09:38:00,,
EPSOM DOWNS - BATTERSEA PARK LONDON,X96649,938,stop,2026-04-03,09:38:00,,
EPSOM DOWNS - BATTERSEA PARK LONDON,P26129,938,stop,2026-04-24,09:38:00,,
EPSOM DOWNS - BATTERSEA PARK LONDON,P26128,938,stop,2026-04-12,09:38:00,,
EPSOM DOWNS - BATTERSEA PARK LONDON,P26129,938,stop,2026-04-02,09:38:00,,
EPSOM DOWNS - BATTERSEA PARK LONDON,P26129,938,stop,2026-04-07,09:38:00,,
EPSOM DOWNS - STREATHAM HILL,P26130,938,stop,2026-04-18,09:38:00,,
EPSOM DOWNS - BATTERSEA PARK LONDON,P26129,938,stop,2026-04-29,09:38:00,,
EPSOM DOWNS - STREATHAM HILL,P26128,938,stop,2026-04-19,09:38:00,,
EPSOM DOWNS - BATTERSEA PARK LONDON,P26129,938,stop,2026-04-22,09:38:00,,
EPSOM DOWNS - BATTERSEA PARK LONDON,P26128,938,stop,2026-04-26,09:38:00,,
EPSOM DOWNS - BATTERSEA PARK LONDON,P26129,938,stop,2026-04-23,09:38:00,,
EPSOM DOWNS - BATTERSEA PARK LONDON,P26130,938,stop,2026-04-11,09:38:00,,
EPSOM DOWNS - BATTERSEA PARK LONDON,X00766,938,stop,2026-04-06,09:38:00,,
EPSOM DOWNS - BATTERSEA PARK LONDON,P26129,938,stop,2026-04-16,09:38:00,,
EPSOM DOWNS - BATTERSEA PARK LONDON,P26129,938,stop,2026-04-08,09:38:00,,
EPSOM DOWNS - BATTERSEA PARK LONDON,P26129,938,stop,2026-04-28,09:38:00,,
EPSOM DOWNS - BATTERSEA PARK LONDON,P26129,938,stop,2026-04-03,09:38:00,,
EPSOM DOWNS - BATTERSEA PARK LONDON,P26129,938,stop,2026-04-20,09:38:00,,
EPSOM DOWNS - BATTERSEA PARK LONDON,P26129,938,stop,2026-04-13,09:38:00,,
EPSOM DOWNS - BATTERSEA PARK LONDON,P26129,938,stop,2026-04-17,09:38:00,,
EPSOM DOWNS - BATTERSEA PARK LONDON,P26129,938,stop,2026-04-01,09:38:00,,
EPSOM DOWNS - BATTERSEA PARK LONDON,P26129,938,stop,2026-04-10,09:38:00,,
EPSOM DOWNS - BATTERSEA PARK LONDON,P26128,938,stop,2026-04-05,09:38:00,,
EPSOM DOWNS - BATTERSEA PARK LONDON,P26129,938,stop,2026-04-30,09:38:00,,
EPSOM DOWNS - BATTERSEA PARK LONDON,P26129,938,stop,2026-04-21,09:38:00,,
EPSOM DOWNS - BATTERSEA PARK LONDON,P26130,938,stop,2026-04-25,09:38:00,,
EPSOM DOWNS - BATTERSEA PARK LONDON,P26129,938,stop,2026-04-15,09:38:00,,
EPSOM DOWNS - BATTERSEA PARK LONDON,P26129,938,stop,2026-04-14,09:38:00,,
EPSOM DOWNS - BATTERSEA PARK LONDON,P26130,938,stop,2026-04-04,09:38:00,,
EPSOM DOWNS - BATTERSEA PARK LONDON,P26129,938,stop,2026-04-06,09:38:00,,
BATTERSEA PARK LONDON - EPSOM DOWNS,P26106,900,stop,2026-04-07,09:52:00,,
STREATHAM HILL - EPSOM DOWNS,P26107,913,stop,2026-04-18,09:52:00,,
BATTERSEA PARK LONDON - EPSOM DOWNS,P26106,900,stop,2026-04-09,09:52:00,,
BATTERSEA PARK LONDON - EPSOM DOWNS,P26106,900,stop,2026-04-29,09:52:00,,
BATTERSEA PARK LONDON - EPSOM DOWNS,P26106,900,stop,2026-04-02,09:52:00,,
BATTERSEA PARK LONDON - EPSOM DOWNS,P26106,900,stop,2026-04-22,09:52:00,,
BATTERSEA PARK LONDON - EPSOM DOWNS,P26106,900,stop,2026-04-28,09:52:00,,
BATTERSEA PARK LONDON - EPSOM DOWNS,P26107,900,stop,2026-04-25,09:52:00,,
BATTERSEA PARK LONDON - EPSOM DOWNS,P26106,900,stop,2026-04-17,09:52:00,,
BATTERSEA PARK LONDON - EPSOM DOWNS,P26105,900,stop,2026-04-26,09:52:00,,
BATTERSEA PARK LONDON - EPSOM DOWNS,P26106,900,stop,2026-04-01,09:52:00,,
BATTERSEA PARK LONDON - EPSOM DOWNS,P26106,900,stop,2026-04-30,09:52:00,,
BATTERSEA PARK LONDON - EPSOM DOWNS,P26106,900,stop,2026-04-06,09:52:00,,
BATTERSEA PARK LONDON - EPSOM DOWNS,P26106,900,stop,2026-04-27,09:52:00,,
BATTERSEA PARK LONDON - EPSOM DOWNS,X00759,900,stop,2026-04-06,09:52:00,,
BATTERSEA PARK LONDON - EPSOM DOWNS,P26106,900,stop,2026-04-21,09:52:00,,
BATTERSEA PARK LONDON - EPSOM DOWNS,P26106,900,stop,2026-04-24,09:52:00,,
BATTERSEA PARK LONDON - EPSOM DOWNS,P26106,900,stop,2026-04-08,09:52:00,,
BATTERSEA PARK LONDON - EPSOM DOWNS,P26106,900,stop,2026-04-16,09:52:00,,
BATTERSEA PARK LONDON - EPSOM DOWNS,P26106,900,stop,2026-04-14,09:56:00,,
BATTERSEA PARK LONDON - EPSOM DOWNS,P26105,900,stop,2026-04-05,09:55:00,,
BATTERSEA PARK LONDON - EPSOM DOWNS,P26106,900,stop,2026-04-15,09:52:00,,
BATTERSEA PARK LONDON - EPSOM DOWNS,P26107,900,stop,2026-04-04,09:52:00,,
BATTERSEA PARK LONDON - EPSOM DOWNS,P26106,900,stop,2026-04-20,09:52:00,,
BATTERSEA PARK LONDON - EPSOM DOWNS,P26106,900,stop,2026-04-03,09:52:00,,
BATTERSEA PARK LONDON - EPSOM DOWNS,P26106,900,stop,2026-04-13,09:52:00,,
BATTERSEA PARK LONDON - EPSOM DOWNS,X96700,900,stop,2026-04-03,09:52:00,,
BATTERSEA PARK LONDON - EPSOM DOWNS,P26107,900,stop,2026-04-11,09:52:00,,
BATTERSEA PARK LONDON - EPSOM DOWNS,P26105,900,stop,2026-04-12,09:52:00,,
BATTERSEA PARK LONDON - EPSOM DOWNS,P26106,900,stop,2026-04-23,09:52:00,,
STREATHAM HILL - EPSOM DOWNS,P26105,913,stop,2026-04-19,09:52:00,,
BATTERSEA PARK LONDON - EPSOM DOWNS,P26106,900,stop,2026-04-10,09:52:00,,
EPSOM DOWNS - BATTERSEA PARK LONDON,P26142,1008,stop,2026-04-16,10:08:00,,
EPSOM DOWNS - BATTERSEA PARK LONDON,X00770,1008,stop,2026-04-06,10:08:00,,
EPSOM DOWNS - BATTERSEA PARK LONDON,P26142,1008,stop,2026-04-06,10:08:00,,
EPSOM DOWNS - BATTERSEA PARK LONDON,P26142,1008,stop,2026-04-24,10:08:00,,
EPSOM DOWNS - BATTERSEA PARK LONDON,P26143,1008,stop,2026-04-11,10:08:00,,
EPSOM DOWNS - BATTERSEA PARK LONDON,P26143,1008,stop,2026-04-25,10:08:00,,
EPSOM DOWNS - STREATHAM HILL,P26143,1008,stop,2026-04-18,10:08:00,,
EPSOM DOWNS - BATTERSEA PARK LONDON,P26142,1008,stop,2026-04-14,10:08:00,,
EPSOM DOWNS - BATTERSEA PARK LONDON,P26142,1008,stop,2026-04-08,10:08:00,,
EPSOM DOWNS - BATTERSEA PARK LONDON,P26143,1008,stop,2026-04-04,10:08:00,,
EPSOM DOWNS - BATTERSEA PARK LONDON,P26141,1008,stop,2026-04-26,10:08:00,,
EPSOM DOWNS - BATTERSEA PARK LONDON,P26141,1008,stop,2026-04-05,10:08:00,,
EPSOM DOWNS - BATTERSEA PARK LONDON,P26142,1008,stop,2026-04-29,10:08:00,,
EPSOM DOWNS - BATTERSEA PARK LONDON,P26142,1008,stop,2026-04-03,10:08:00,,
EPSOM DOWNS - BATTERSEA PARK LONDON,X96609,1008,stop,2026-04-03,10:08:00,,
EPSOM DOWNS - BATTERSEA PARK LONDON,P26142,1008,stop,2026-04-27,10:08:00,,
EPSOM DOWNS - BATTERSEA PARK LONDON,P26142,1008,stop,2026-04-15,10:08:00,,
EPSOM DOWNS - BATTERSEA PARK LONDON,P26141,1008,stop,2026-04-12,10:08:00,,
EPSOM DOWNS - BATTERSEA PARK LONDON,P26142,1008,stop,2026-04-28,10:08:00,,
EPSOM DOWNS - BATTERSEA PARK LONDON,P26142,1008,stop,2026-04-30,10:11:00,,
EPSOM DOWNS - BATTERSEA PARK LONDON,P26142,1008,stop,2026-04-09,10:08:00,,
EPSOM DOWNS - BATTERSEA PARK LONDON,P26142,1008,stop,2026-04-13,10:08:00,,
EPSOM DOWNS - BATTERSEA PARK LONDON,P26142,1008,stop,2026-04-01,10:08:00,,
EPSOM DOWNS - BATTERSEA PARK LONDON,P26142,1008,stop,2026-04-07,10:08:00,,
EPSOM DOWNS - BATTERSEA PARK LONDON,P26142,1008,stop,2026-04-17,10:08:00,,
EPSOM DOWNS - BATTERSEA PARK LONDON,P26142,1008,stop,2026-04-21,10:08:00,,
EPSOM DOWNS - BATTERSEA PARK LONDON,P26142,1008,stop,2026-04-22,10:08:00,,
EPSOM DOWNS - BATTERSEA PARK LONDON,P26142,1008,stop,2026-04-10,10:08:00,,
EPSOM DOWNS - BATTERSEA PARK LONDON,P26142,1008,stop,2026-04-20,10:08:00,,
EPSOM DOWNS - BATTERSEA PARK LONDON,P26142,1008,stop,2026-04-23,10:08:00,,
EPSOM DOWNS - STREATHAM HILL,P26141,1008,stop,2026-04-19,10:08:00,,
EPSOM DOWNS - BATTERSEA PARK LONDON,P26142,1008,stop,2026-04-02,10:08:00,,
BATTERSEA PARK LONDON - EPSOM DOWNS,P26119,930,stop,2026-04-12,10:22:00,,
BATTERSEA PARK LONDON - EPSOM DOWNS,P26120,930,stop,2026-04-09,10:22:00,,
BATTERSEA PARK LONDON - EPSOM DOWNS,P26120,930,stop,2026-04-27,10:22:00,,
BATTERSEA PARK LONDON - EPSOM DOWNS,P26120,930,stop,2026-04-02,10:22:00,,
BATTERSEA PARK LONDON - EPSOM DOWNS,P26120,930,stop,2026-04-10,10:22:00,,
BATTERSEA PARK LONDON - EPSOM DOWNS,X96658,930,stop,2026-04-03,10:22:00,,
BATTERSEA PARK LONDON - EPSOM DOWNS,P26120,930,stop,2026-04-07,10:22:00,,
BATTERSEA PARK LONDON - EPSOM DOWNS,P26121,930,stop,2026-04-11,10:22:00,,
BATTERSEA PARK LONDON - EPSOM DOWNS,P26120,930,stop,2026-04-24,10:22:00,,
BATTERSEA PARK LONDON - EPSOM DOWNS,P26120,930,stop,2026-04-08,10:22:00,,
BATTERSEA PARK LONDON - EPSOM DOWNS,P26120,930,stop,2026-04-06,10:22:00,,
BATTERSEA PARK LONDON - EPSOM DOWNS,P26120,930,stop,2026-04-20,10:22:00,,
BATTERSEA PARK LONDON - EPSOM DOWNS,X00763,930,stop,2026-04-06,10:22:00,,
BATTERSEA PARK LONDON - EPSOM DOWNS,P26120,930,stop,2026-04-22,10:22:00,,
BATTERSEA PARK LONDON - EPSOM DOWNS,P26119,930,stop,2026-04-26,10:22:00,,
BATTERSEA PARK LONDON - EPSOM DOWNS,P26120,930,stop,2026-04-01,10:22:00,,
BATTERSEA PARK LONDON - EPSOM DOWNS,P26120,930,stop,2026-04-17,10:22:00,,
BATTERSEA PARK LONDON - EPSOM DOWNS,P26120,930,stop,2026-04-16,10:22:00,,
BATTERSEA PARK LONDON - EPSOM DOWNS,P26121,930,stop,2026-04-04,10:22:00,,
BATTERSEA PARK LONDON - EPSOM DOWNS,P26120,930,stop,2026-04-28,10:26:00,,
BATTERSEA PARK LONDON - EPSOM DOWNS,P26119,930,stop,2026-04-05,10:23:00,,
BATTERSEA PARK LONDON - EPSOM DOWNS,P26121,930,stop,2026-04-25,10:22:00,,
BATTERSEA PARK LONDON - EPSOM DOWNS,P26120,930,stop,2026-04-21,10:22:00,,
BATTERSEA PARK LONDON - EPSOM DOWNS,P26120,930,stop,2026-04-23,10:22:00,,
BATTERSEA PARK LONDON - EPSOM DOWNS,P26120,930,stop,2026-04-03,10:22:00,,
BATTERSEA PARK LONDON - EPSOM DOWNS,P26120,930,stop,2026-04-13,10:22:00,,
BATTERSEA PARK LONDON - EPSOM DOWNS,P26120,930,stop,2026-04-15,10:22:00,,
STREATHAM HILL - EPSOM DOWNS,P26119,943,stop,2026-04-19,10:22:00,,
BATTERSEA PARK LONDON - EPSOM DOWNS,P26120,930,stop,2026-04-30,10:22:00,,
STREATHAM HILL - EPSOM DOWNS,P26121,943,stop,2026-04-18,10:22:00,,
BATTERSEA PARK LONDON - EPSOM DOWNS,P26120,930,stop,2026-04-29,10:22:00,,
BATTERSEA PARK LONDON - EPSOM DOWNS,P26120,930,stop,2026-04-14,10:22:00,,
EPSOM DOWNS - BATTERSEA PARK LONDON,P26154,1038,stop,2026-04-10,10:38:00,,
EPSOM DOWNS - BATTERSEA PARK LONDON,P26154,1038,stop,2026-04-03,10:38:00,,
EPSOM DOWNS - BATTERSEA PARK LONDON,P26154,1038,stop,2026-04-06,10:38:00,,
EPSOM DOWNS - BATTERSEA PARK LONDON,P26154,1038,stop,2026-04-01,10:38:00,,
EPSOM DOWNS - BATTERSEA PARK LONDON,P26153,1038,stop,2026-04-26,10:38:00,,
EPSOM DOWNS - BATTERSEA PARK LONDON,P26154,1038,stop,2026-04-13,10:38:00,,
EPSOM DOWNS - BATTERSEA PARK LONDON,P26155,1038,stop,2026-04-11,10:38:00,,
EPSOM DOWNS - BATTERSEA PARK LONDON,P26154,1038,stop,2026-04-14,10:38:00,,
EPSOM DOWNS - BATTERSEA PARK LONDON,P26154,1038,stop,2026-04-24,10:38:00,,
EPSOM DOWNS - BATTERSEA PARK LONDON,P26154,1038,stop,2026-04-22,10:38:00,,
EPSOM DOWNS - BATTERSEA PARK LONDON,P26154,1038,stop,2026-04-28,10:38:00,,
EPSOM DOWNS - BATTERSEA PARK LONDON,P26155,1038,stop,2026-04-04,10:38:00,,
EPSOM DOWNS - BATTERSEA PARK LONDON,P26153,1038,stop,2026-04-12,10:38:00,,
EPSOM DOWNS - BATTERSEA PARK LONDON,P26154,1038,stop,2026-04-30,10:38:00,,
EPSOM DOWNS - STREATHAM HILL,P26153,1038,stop,2026-04-19,10:38:00,,
EPSOM DOWNS - BATTERSEA PARK LONDON,X00774,1038,stop,2026-04-06,10:38:00,,
EPSOM DOWNS - BATTERSEA PARK LONDON,X96568,1038,stop,2026-04-03,10:38:00,,
EPSOM DOWNS - BATTERSEA PARK LONDON,P26154,1038,stop,2026-04-21,10:38:00,,
EPSOM DOWNS - BATTERSEA PARK LONDON,P26154,1038,stop,2026-04-07,10:38:00,,
EPSOM DOWNS - BATTERSEA PARK LONDON,P26154,1038,stop,2026-04-16,10:41:00,,
EPSOM DOWNS - BATTERSEA PARK LONDON,P26154,1038,stop,2026-04-23,10:38:00,,
EPSOM DOWNS - BATTERSEA PARK LONDON,P26154,1038,stop,2026-04-09,10:38:00,,
EPSOM DOWNS - BATTERSEA PARK LONDON,P26153,1038,stop,2026-04-05,10:38:00,,
EPSOM DOWNS - BATTERSEA PARK LONDON,P26154,1038,stop,2026-04-02,10:38:00,,
EPSOM DOWNS - BATTERSEA PARK LONDON,P26154,1038,stop,2026-04-20,10:38:00,,
EPSOM DOWNS - BATTERSEA PARK LONDON,P26154,1038,stop,2026-04-08,10:38:00,,
EPSOM DOWNS - STREATHAM HILL,P26155,1038,stop,2026-04-18,10:38:00,,
EPSOM DOWNS - BATTERSEA PARK LONDON,P26154,1038,stop,2026-04-15,10:38:00,,
EPSOM DOWNS - BATTERSEA PARK LONDON,P26154,1038,stop,2026-04-29,10:38:00,,
EPSOM DOWNS - BATTERSEA PARK LONDON,P26155,1038,stop,2026-04-25,10:38:00,,
EPSOM DOWNS - BATTERSEA PARK LONDON,P26154,1038,stop,2026-04-17,10:38:00,,
EPSOM DOWNS - BATTERSEA PARK LONDON,P26154,1038,stop,2026-04-27,10:38:00,,
BATTERSEA PARK LONDON - EPSOM DOWNS,P26132,1000,stop,2026-04-20,10:52:00,,
BATTERSEA PARK LONDON - EPSOM DOWNS,P26131,1000,stop,2026-04-26,10:52:00,,
BATTERSEA PARK LONDON - EPSOM DOWNS,P26132,1000,stop,2026-04-21,10:52:00,,
BATTERSEA PARK LONDON - EPSOM DOWNS,P26131,1000,stop,2026-04-05,10:52:00,,
BATTERSEA PARK LONDON - EPSOM DOWNS,P26132,1000,stop,2026-04-23,10:52:00,,
BATTERSEA PARK LONDON - EPSOM DOWNS,P26132,1000,stop,2026-04-27,10:52:00,,
BATTERSEA PARK LONDON - EPSOM DOWNS,P26132,1000,stop,2026-04-07,10:52:00,,
BATTERSEA PARK LONDON - EPSOM DOWNS,P26132,1000,stop,2026-04-17,10:52:00,,
BATTERSEA PARK LONDON - EPSOM DOWNS,P26132,1000,stop,2026-04-15,10:52:00,,
BATTERSEA PARK LONDON - EPSOM DOWNS,X00767,1000,stop,2026-04-06,10:52:00,,
BATTERSEA PARK LONDON - EPSOM DOWNS,P26132,1000,stop,2026-04-08,10:52:00,,
BATTERSEA PARK LONDON - EPSOM DOWNS,P26132,1000,stop,2026-04-14,10:52:00,,
BATTERSEA PARK LONDON - EPSOM DOWNS,P26133,1000,stop,2026-04-04,10:52:00,,
BATTERSEA PARK LONDON - EPSOM DOWNS,P26132,1000,stop,2026-04-30,10:52:00,,
BATTERSEA PARK LONDON - EPSOM DOWNS,P26132,1000,stop,2026-04-13,10:52:00,,
BATTERSEA PARK LONDON - EPSOM DOWNS,P26132,1000,stop,2026-04-09,10:52:00,,
BATTERSEA PARK LONDON - EPSOM DOWNS,P26132,1000,stop,2026-04-06,10:52:00,,
BATTERSEA PARK LONDON - EPSOM DOWNS,P26131,1000,stop,2026-04-12,10:52:00,,
BATTERSEA PARK LONDON - EPSOM DOWNS,X96618,1000,stop,2026-04-03,10:52:00,,
STREATHAM HILL - EPSOM DOWNS,P26131,1013,stop,2026-04-19,10:56:00,,
BATTERSEA PARK LONDON - EPSOM DOWNS,P26132,1000,stop,2026-04-01,10:52:00,,
BATTERSEA PARK LONDON - EPSOM DOWNS,P26132,1000,stop,2026-04-10,10:52:00,,
STREATHAM HILL - EPSOM DOWNS,P26133,1013,stop,2026-04-18,10:52:00,,
BATTERSEA PARK LONDON - EPSOM DOWNS,P26132,1000,stop,2026-04-16,10:52:00,,
BATTERSEA PARK LONDON - EPSOM DOWNS,P26132,1000,stop,2026-04-28,10:52:00,,
BATTERSEA PARK LONDON - EPSOM DOWNS,P26132,1000,stop,2026-04-03,10:52:00,,
BATTERSEA PARK LONDON - EPSOM DOWNS,P26132,1000,stop,2026-04-29,10:52:00,,
BATTERSEA PARK LONDON - EPSOM DOWNS,P26132,1000,stop,2026-04-22,10:52:00,,
BATTERSEA PARK LONDON - EPSOM DOWNS,P26132,1000,stop,2026-04-24,10:52:00,,
BATTERSEA PARK LONDON - EPSOM DOWNS,P26133,1000,stop,2026-04-11,10:52:00,,
BATTERSEA PARK LONDON - EPSOM DOWNS,P26132,1000,stop,2026-04-02,10:52:00,,
BATTERSEA PARK LONDON - EPSOM DOWNS,P26133,1000,stop,2026-04-25,10:52:00,,
EPSOM DOWNS - BATTERSEA PARK LONDON,P26166,1108,stop,2026-04-29,11:08:00,,
EPSOM DOWNS - STREATHAM HILL,P26167,1108,stop,2026-04-18,11:08:00,,
EPSOM DOWNS - BATTERSEA PARK LONDON,P26166,1108,stop,2026-04-28,11:08:00,,
EPSOM DOWNS - BATTERSEA PARK LONDON,P26166,1108,stop,2026-04-21,11:08:00,,
EPSOM DOWNS - BATTERSEA PARK LONDON,X00778,1108,stop,2026-04-06,11:08:00,,
EPSOM DOWNS - BATTERSEA PARK LONDON,P26167,1108,stop,2026-04-11,11:08:00,,
EPSOM DOWNS - BATTERSEA PARK LONDON,P26165,1108,stop,2026-04-12,11:08:00,,
EPSOM DOWNS - BATTERSEA PARK LONDON,P26165,1108,stop,2026-04-26,11:08:00,,
EPSOM DOWNS - BATTERSEA PARK LONDON,P26166,1108,stop,2026-04-23,11:08:00,,
EPSOM DOWNS - BATTERSEA PARK LONDON,X96528,1108,stop,2026-04-03,11:08:00,,
EPSOM DOWNS - BATTERSEA PARK LONDON,P26166,1108,stop,2026-04-03,11:08:00,,
EPSOM DOWNS - BATTERSEA PARK LONDON,P26167,1108,stop,2026-04-04,11:08:00,,
EPSOM DOWNS - BATTERSEA PARK LONDON,P26166,1108,stop,2026-04-09,11:08:00,,
EPSOM DOWNS - BATTERSEA PARK LONDON,P26165,1108,stop,2026-04-05,11:08:00,,
EPSOM DOWNS - BATTERSEA PARK LONDON,P26166,1108,stop,2026-04-07,11:08:00,,
EPSOM DOWNS - BATTERSEA PARK LONDON,P26166,1108,stop,2026-04-15,11:08:00,,
EPSOM DOWNS - BATTERSEA PARK LONDON,P26166,1108,stop,2026-04-17,11:08:00,,
EPSOM DOWNS - BATTERSEA PARK LONDON,P26166,1108,stop,2026-04-22,11:08:00,,
EPSOM DOWNS - BATTERSEA PARK LONDON,P26166,1108,stop,2026-04-27,11:08:00,,
EPSOM DOWNS - BATTERSEA PARK LONDON,P26166,1108,stop,2026-04-14,11:11:00,,
EPSOM DOWNS - BATTERSEA PARK LONDON,P26166,1108,stop,2026-04-10,11:11:00,,
EPSOM DOWNS - STREATHAM HILL,P26165,1108,stop,2026-04-19,11:11:00,,
EPSOM DOWNS - BATTERSEA PARK LONDON,P26166,1108,stop,2026-04-06,11:08:00,,
EPSOM DOWNS - BATTERSEA PARK LONDON,P26166,1108,stop,2026-04-13,11:08:00,,
EPSOM DOWNS - BATTERSEA PARK LONDON,P26166,1108,stop,2026-04-16,11:08:00,,
EPSOM DOWNS - BATTERSEA PARK LONDON,P26167,1108,stop,2026-04-25,11:08:00,,
EPSOM DOWNS - BATTERSEA PARK LONDON,P26166,1108,stop,2026-04-30,11:08:00,,
EPSOM DOWNS - BATTERSEA PARK LONDON,P26166,1108,stop,2026-04-20,11:08:00,,
EPSOM DOWNS - BATTERSEA PARK LONDON,P26166,1108,stop,2026-04-08,11:08:00,,
EPSOM DOWNS - BATTERSEA PARK LONDON,P26166,1108,stop,2026-04-02,11:08:00,,
EPSOM DOWNS - BATTERSEA PARK LONDON,P26166,1108,stop,2026-04-24,11:08:00,,
EPSOM DOWNS - BATTERSEA PARK LONDON,P26166,1108,stop,2026-04-01,11:08:00,,
BATTERSEA PARK LONDON - EPSOM DOWNS,P26146,1030,stop,2026-04-25,11:22:00,,
BATTERSEA PARK LONDON - EPSOM DOWNS,P26145,1030,stop,2026-04-09,11:22:00,,
BATTERSEA PARK LONDON - EPSOM DOWNS,P26145,1030,stop,2026-04-20,11:22:00,,
BATTERSEA PARK LONDON - EPSOM DOWNS,P26145,1030,stop,2026-04-23,11:22:00,,
BATTERSEA PARK LONDON - EPSOM DOWNS,P26145,1030,stop,2026-04-30,11:22:00,,
BATTERSEA PARK LONDON - EPSOM DOWNS,P26146,1030,stop,2026-04-04,11:22:00,,
BATTERSEA PARK LONDON - EPSOM DOWNS,P26145,1030,stop,2026-04-13,11:22:00,,
BATTERSEA PARK LONDON - EPSOM DOWNS,P26145,1030,stop,2026-04-10,11:22:00,,
BATTERSEA PARK LONDON - EPSOM DOWNS,P26145,1030,stop,2026-04-07,11:22:00,,
BATTERSEA PARK LONDON - EPSOM DOWNS,P26144,1030,stop,2026-04-26,11:22:00,,
BATTERSEA PARK LONDON - EPSOM DOWNS,P26145,1030,stop,2026-04-29,11:22:00,,
STREATHAM HILL - EPSOM DOWNS,P26146,1043,stop,2026-04-18,11:22:00,,
BATTERSEA PARK LONDON - EPSOM DOWNS,P26144,1030,stop,2026-04-12,11:22:00,,
BATTERSEA PARK LONDON - EPSOM DOWNS,P26145,1030,stop,2026-04-02,11:22:00,,
BATTERSEA PARK LONDON - EPSOM DOWNS,P26145,1030,stop,2026-04-24,11:22:00,,
BATTERSEA PARK LONDON - EPSOM DOWNS,P26145,1030,stop,2026-04-08,11:22:00,,
BATTERSEA PARK LONDON - EPSOM DOWNS,P26145,1030,stop,2026-04-01,11:22:00,,
BATTERSEA PARK LONDON - EPSOM DOWNS,P26145,1030,stop,2026-04-28,11:22:00,,
BATTERSEA PARK LONDON - EPSOM DOWNS,P26145,1030,stop,2026-04-14,11:22:00,,
BATTERSEA PARK LONDON - EPSOM DOWNS,P26145,1030,stop,2026-04-16,11:26:00,,
BATTERSEA PARK LONDON - EPSOM DOWNS,P26144,1030,stop,2026-04-05,11:23:00,,
BATTERSEA PARK LONDON - EPSOM DOWNS,P26145,1030,stop,2026-04-21,11:22:00,,
BATTERSEA PARK LONDON - EPSOM DOWNS,P26145,1030,stop,2026-04-15,11:22:00,,
BATTERSEA PARK LONDON - EPSOM DOWNS,P26145,1030,stop,2026-04-27,11:22:00,,
BATTERSEA PARK LONDON - EPSOM DOWNS,P26146,1030,stop,2026-04-11,11:22:00,,
BATTERSEA PARK LONDON - EPSOM DOWNS,P26145,1030,stop,2026-04-17,11:22:00,,
STREATHAM HILL - EPSOM DOWNS,P26144,1043,stop,2026-04-19,11:22:00,,
BATTERSEA PARK LONDON - EPSOM DOWNS,P26145,1030,stop,2026-04-22,11:22:00,,
BATTERSEA PARK LONDON - EPSOM DOWNS,P26145,1030,stop,2026-04-06,11:22:00,,
BATTERSEA PARK LONDON - EPSOM DOWNS,X96577,1030,stop,2026-04-03,11:22:00,,
BATTERSEA PARK LONDON - EPSOM DOWNS,P26145,1030,stop,2026-04-03,11:22:00,,
BATTERSEA PARK LONDON - EPSOM DOWNS,X00771,1030,stop,2026-04-06,11:22:00,,
EPSOM DOWNS - BATTERSEA PARK LONDON,P26178,1138,stop,2026-04-13,11:38:00,,
EPSOM DOWNS - BATTERSEA PARK LONDON,P26178,1138,stop,2026-04-24,11:38:00,,
EPSOM DOWNS - BATTERSEA PARK LONDON,P26178,1138,stop,2026-04-06,11:38:00,,
EPSOM DOWNS - BATTERSEA PARK LONDON,P26179,1138,stop,2026-04-25,11:38:00,,
EPSOM DOWNS - BATTERSEA PARK LONDON,P26179,1138,stop,2026-04-04,11:38:00,,
EPSOM DOWNS - BATTERSEA PARK LONDON,P26178,1138,stop,2026-04-30,11:38:00,,
EPSOM DOWNS - BATTERSEA PARK LONDON,P26178,1138,stop,2026-04-20,11:38:00,,
EPSOM DOWNS - STREATHAM HILL,P26179,1138,stop,2026-04-18,11:38:00,,
EPSOM DOWNS - BATTERSEA PARK LONDON,P26178,1138,stop,2026-04-02,11:38:00,,
EPSOM DOWNS - BATTERSEA PARK LONDON,P26178,1138,stop,2026-04-15,11:38:00,,
EPSOM DOWNS - BATTERSEA PARK LONDON,P26177,1138,stop,2026-04-12,11:38:00,,
EPSOM DOWNS - STREATHAM HILL,P26177,1138,stop,2026-04-19,11:38:00,,
EPSOM DOWNS - BATTERSEA PARK LONDON,P26178,1138,stop,2026-04-10,11:38:00,,
EPSOM DOWNS - BATTERSEA PARK LONDON,P26177,1138,stop,2026-04-05,11:38:00,,
EPSOM DOWNS - BATTERSEA PARK LONDON,P26178,1138,stop,2026-04-21,11:38:00,,
EPSOM DOWNS - BATTERSEA PARK LONDON,P26178,1138,stop,2026-04-23,11:38:00,,
EPSOM DOWNS - BATTERSEA PARK LONDON,P26178,1138,stop,2026-04-22,11:38:00,,
EPSOM DOWNS - BATTERSEA PARK LONDON,X96488,1138,stop,2026-04-03,11:38:00,,
EPSOM DOWNS - BATTERSEA PARK LONDON,P26178,1138,stop,2026-04-03,11:38:00,,
EPSOM DOWNS - BATTERSEA PARK LONDON,P26178,1138,stop,2026-04-08,11:38:00,,
EPSOM DOWNS - BATTERSEA PARK LONDON,P26177,1138,stop,2026-04-26,11:38:00,,
EPSOM DOWNS - BATTERSEA PARK LONDON,P26178,1138,stop,2026-04-07,11:38:00,,
EPSOM DOWNS - BATTERSEA PARK LONDON,X00527,1138,stop,2026-04-06,11:38:00,,
EPSOM DOWNS - BATTERSEA PARK LONDON,P26178,1138,stop,2026-04-29,11:38:00,,
EPSOM DOWNS - BATTERSEA PARK LONDON,P26178,1138,stop,2026-04-09,11:38:00,,
EPSOM DOWNS - BATTERSEA PARK LONDON,P26178,1138,stop,2026-04-28,11:38:00,,
EPSOM DOWNS - BATTERSEA PARK LONDON,P26178,1138,stop,2026-04-16,11:38:00,,
EPSOM DOWNS - BATTERSEA PARK LONDON,P26178,1138,stop,2026-04-27,11:38:00,,
EPSOM DOWNS - BATTERSEA PARK LONDON,P26178,1138,stop,2026-04-14,11:38:00,,
EPSOM DOWNS - BATTERSEA PARK LONDON,P26178,1138,stop,2026-04-17,11:38:00,,
EPSOM DOWNS - BATTERSEA PARK LONDON,P26179,1138,stop,2026-04-11,11:38:00,,
EPSOM DOWNS - BATTERSEA PARK LONDON,P26178,1138,stop,2026-04-01,11:38:00,,
BATTERSEA PARK LONDON - EPSOM DOWNS,X00775,1100,stop,2026-04-06,11:52:00,,
BATTERSEA PARK LONDON - EPSOM DOWNS,P26156,1100,stop,2026-04-26,11:52:00,,
BATTERSEA PARK LONDON - EPSOM DOWNS,P26157,1100,stop,2026-04-29,11:52:00,,
BATTERSEA PARK LONDON - EPSOM DOWNS,P26157,1100,stop,2026-04-24,11:52:00,,
BATTERSEA PARK LONDON - EPSOM DOWNS,P26158,1100,stop,2026-04-25,11:52:00,,
BATTERSEA PARK LONDON - EPSOM DOWNS,P26157,1100,stop,2026-04-27,11:52:00,,
BATTERSEA PARK LONDON - EPSOM DOWNS,P26156,1100,stop,2026-04-05,11:52:00,,
BATTERSEA PARK LONDON - EPSOM DOWNS,P26157,1100,stop,2026-04-17,11:52:00,,
BATTERSEA PARK LONDON - EPSOM DOWNS,P26157,1100,stop,2026-04-22,11:52:00,,
BATTERSEA PARK LONDON - EPSOM DOWNS,P26157,1100,stop,2026-04-14,11:52:00,,
BATTERSEA PARK LONDON - EPSOM DOWNS,P26157,1100,stop,2026-04-20,11:52:00,,
BATTERSEA PARK LONDON - EPSOM DOWNS,P26157,1100,stop,2026-04-23,11:52:00,,
BATTERSEA PARK LONDON - EPSOM DOWNS,P26157,1100,stop,2026-04-08,11:52:00,,
BATTERSEA PARK LONDON - EPSOM DOWNS,P26156,1100,stop,2026-04-12,11:52:00,,
BATTERSEA PARK LONDON - EPSOM DOWNS,P26158,1100,stop,2026-04-11,11:52:00,,
BATTERSEA PARK LONDON - EPSOM DOWNS,P26157,1100,stop,2026-04-16,11:52:00,,
BATTERSEA PARK LONDON - EPSOM DOWNS,P26157,1100,stop,2026-04-07,11:52:00,,
BATTERSEA PARK LONDON - EPSOM DOWNS,P26157,1100,stop,2026-04-06,11:52:00,,
STREATHAM HILL - EPSOM DOWNS,P26158,1113,stop,2026-04-18,11:52:00,,
BATTERSEA PARK LONDON - EPSOM DOWNS,X96537,1100,stop,2026-04-03,11:56:00,,
BATTERSEA PARK LONDON - EPSOM DOWNS,P26157,1100,stop,2026-04-13,11:52:00,,
STREATHAM HILL - EPSOM DOWNS,P26156,1113,stop,2026-04-19,11:52:00,,
BATTERSEA PARK LONDON - EPSOM DOWNS,P26157,1100,stop,2026-04-03,11:52:00,,
BATTERSEA PARK LONDON - EPSOM DOWNS,P26157,1100,stop,2026-04-09,11:52:00,,
BATTERSEA PARK LONDON - EPSOM DOWNS,P26157,1100,stop,2026-04-10,11:52:00,,
BATTERSEA PARK LONDON - EPSOM DOWNS,P26157,1100,stop,2026-04-28,11:52:00,,
BATTERSEA PARK LONDON - EPSOM DOWNS,P26157,1100,stop,2026-04-15,11:52:00,,
BATTERSEA PARK LONDON - EPSOM DOWNS,P26157,1100,stop,2026-04-30,11:52:00,,
BATTERSEA PARK LONDON - EPSOM DOWNS,P26157,1100,stop,2026-04-02,11:52:00,,
BATTERSEA PARK LONDON - EPSOM DOWNS,P26158,1100,stop,2026-04-04,11:52:00,,
BATTERSEA PARK LONDON - EPSOM DOWNS,P26157,1100,stop,2026-04-21,11:52:00,,
BATTERSEA PARK LONDON - EPSOM DOWNS,P26157,1100,stop,2026-04-01,11:52:00,,
EPSOM DOWNS - BATTERSEA PARK LONDON,P26191,1208,stop,2026-04-10,12:08:00,,
EPSOM DOWNS - BATTERSEA PARK LONDON,P26190,1208,stop,2026-04-12,12:08:00,,
EPSOM DOWNS - BATTERSEA PARK LONDON,X96448,1208,stop,2026-04-03,12:08:00,,
EPSOM DOWNS - BATTERSEA PARK LONDON,P26191,1208,stop,2026-04-23,12:08:00,,
EPSOM DOWNS - BATTERSEA PARK LONDON,P26191,1208,stop,2026-04-07,12:08:00,,
EPSOM DOWNS - BATTERSEA PARK LONDON,P26191,1208,stop,2026-04-02,12:08:00,,
EPSOM DOWNS - BATTERSEA PARK LONDON,P26192,1208,stop,2026-04-04,12:08:00,,
EPSOM DOWNS - BATTERSEA PARK LONDON,P26191,1208,stop,2026-04-29,12:08:00,,
EPSOM DOWNS - BATTERSEA PARK LONDON,P26191,1208,stop,2026-04-28,12:08:00,,
EPSOM DOWNS - BATTERSEA PARK LONDON,P26191,1208,stop,2026-04-08,12:08:00,,
EPSOM DOWNS - BATTERSEA PARK LONDON,P26191,1208,stop,2026-04-16,12:08:00,,
EPSOM DOWNS - BATTERSEA PARK LONDON,P26190,1208,stop,2026-04-05,12:08:00,,
EPSOM DOWNS - BATTERSEA PARK LONDON,P26191,1208,stop,2026-04-21,12:08:00,,
EPSOM DOWNS - BATTERSEA PARK LONDON,X00528,1208,stop,2026-04-06,12:08:00,,
EPSOM DOWNS - BATTERSEA PARK LONDON,P26190,1208,stop,2026-04-26,12:08:00,,
EPSOM DOWNS - BATTERSEA PARK LONDON,P26191,1208,stop,2026-04-13,12:08:00,,
EPSOM DOWNS - BATTERSEA PARK LONDON,P26191,1208,stop,2026-04-03,12:08:00,,
EPSOM DOWNS - BATTERSEA PARK LONDON,P26191,1208,stop,2026-04-20,12:08:00,,
EPSOM DOWNS - BATTERSEA PARK LONDON,P26191,1208,stop,2026-04-30,12:08:00,,
EPSOM DOWNS - BATTERSEA PARK LONDON,P26192,1208,stop,2026-04-11,12:11:00,,
EPSOM DOWNS - BATTERSEA PARK LONDON,P26192,1208,stop,2026-04-25,12:08:00,,
EPSOM DOWNS - BATTERSEA PARK LONDON,P26191,1208,stop,2026-04-06,12:08:00,,
EPSOM DOWNS - BATTERSEA PARK LONDON,P26191,1208,stop,2026-04-01,12:08:00,,
EPSOM DOWNS - BATTERSEA PARK LONDON,P26191,1208,stop,2026-04-22,12:08:00,,
EPSOM DOWNS - BATTERSEA PARK LONDON,P26191,1208,stop,2026-04-09,12:08:00,,
EPSOM DOWNS - BATTERSEA PARK LONDON,P26191,1208,stop,2026-04-24,12:08:00,,
EPSOM DOWNS - STREATHAM HILL,P26192,1208,stop,2026-04-18,12:08:00,,
EPSOM DOWNS - BATTERSEA PARK LONDON,P26191,1208,stop,2026-04-14,12:08:00,,
EPSOM DOWNS - BATTERSEA PARK LONDON,P26191,1208,stop,2026-04-15,12:08:00,,
EPSOM DOWNS - BATTERSEA PARK LONDON,P26191,1208,stop,2026-04-17,12:08:00,,
EPSOM DOWNS - BATTERSEA PARK LONDON,P26191,1208,stop,2026-04-27,12:08:00,,
EPSOM DOWNS - STREATHAM HILL,P26190,1208,stop,2026-04-19,12:08:00,,
BATTERSEA PARK LONDON - EPSOM DOWNS,P26169,1130,stop,2026-04-13,12:22:00,,
BATTERSEA PARK LONDON - EPSOM DOWNS,P26169,1130,stop,2026-04-30,12:22:00,,
BATTERSEA PARK LONDON - EPSOM DOWNS,P26169,1130,stop,2026-04-03,12:22:00,,
STREATHAM HILL - EPSOM DOWNS,P26170,1143,stop,2026-04-18,12:22:00,,
BATTERSEA PARK LONDON - EPSOM DOWNS,X96497,1130,stop,2026-04-03,12:22:00,,
BATTERSEA PARK LONDON - EPSOM DOWNS,P26170,1130,stop,2026-04-04,12:22:00,,
BATTERSEA PARK LONDON - EPSOM DOWNS,P26168,1130,stop,2026-04-26,12:22:00,,
BATTERSEA PARK LONDON - EPSOM DOWNS,P26169,1130,stop,2026-04-10,12:22:00,,
BATTERSEA PARK LONDON - EPSOM DOWNS,P26169,1130,stop,2026-04-09,12:22:00,,
BATTERSEA PARK LONDON - EPSOM DOWNS,P26169,1130,stop,2026-04-28,12:22:00,,
BATTERSEA PARK LONDON - EPSOM DOWNS,P26169,1130,stop,2026-04-15,12:22:00,,
BATTERSEA PARK LONDON - EPSOM DOWNS,P26169,1130,stop,2026-04-29,12:22:00,,
STREATHAM HILL - EPSOM DOWNS,P26168,1143,stop,2026-04-19,12:22:00,,
BATTERSEA PARK LONDON - EPSOM DOWNS,P26170,1130,stop,2026-04-11,12:22:00,,
BATTERSEA PARK LONDON - EPSOM DOWNS,P26169,1130,stop,2026-04-20,12:22:00,,
BATTERSEA PARK LONDON - EPSOM DOWNS,P26169,1130,stop,2026-04-02,12:22:00,,
BATTERSEA PARK LONDON - EPSOM DOWNS,P26169,1130,stop,2026-04-22,12:22:00,,
BATTERSEA PARK LONDON - EPSOM DOWNS,P26169,1130,stop,2026-04-14,12:22:00,,
BATTERSEA PARK LONDON - EPSOM DOWNS,P26169,1130,stop,2026-04-27,12:22:00,,
BATTERSEA PARK LONDON - EPSOM DOWNS,P26169,1130,stop,2026-04-01,12:26:00,,
BATTERSEA PARK LONDON - EPSOM DOWNS,P26168,1130,stop,2026-04-05,12:23:00,,
BATTERSEA PARK LONDON - EPSOM DOWNS,P26168,1130,stop,2026-04-12,12:22:00,,
BATTERSEA PARK LONDON - EPSOM DOWNS,P26169,1130,stop,2026-04-17,12:22:00,,
BATTERSEA PARK LONDON - EPSOM DOWNS,X00526,1130,stop,2026-04-06,12:22:00,,
BATTERSEA PARK LONDON - EPSOM DOWNS,P26169,1130,stop,2026-04-23,12:22:00,,
BATTERSEA PARK LONDON - EPSOM DOWNS,P26169,1130,stop,2026-04-08,12:22:00,,
BATTERSEA PARK LONDON - EPSOM DOWNS,P26170,1130,stop,2026-04-25,12:22:00,,
BATTERSEA PARK LONDON - EPSOM DOWNS,P26169,1130,stop,2026-04-07,12:22:00,,
BATTERSEA PARK LONDON - EPSOM DOWNS,P26169,1130,stop,2026-04-16,12:22:00,,
BATTERSEA PARK LONDON - EPSOM DOWNS,P26169,1130,stop,2026-04-24,12:22:00,,
BATTERSEA PARK LONDON - EPSOM DOWNS,P26169,1130,stop,2026-04-06,12:22:00,,
BATTERSEA PARK LONDON - EPSOM DOWNS,P26169,1130,stop,2026-04-21,12:22:00,,
EPSOM DOWNS - BATTERSEA PARK LONDON,P26199,1238,stop,2026-04-09,12:38:00,,
EPSOM DOWNS - BATTERSEA PARK LONDON,P26199,1238,stop,2026-04-17,12:38:00,,
EPSOM DOWNS - BATTERSEA PARK LONDON,P26199,1238,stop,2026-04-03,12:38:00,,
EPSOM DOWNS - BATTERSEA PARK LONDON,P26198,1238,stop,2026-04-05,12:38:00,,
EPSOM DOWNS - BATTERSEA PARK LONDON,P26199,1238,stop,2026-04-23,12:38:00,,
EPSOM DOWNS - BATTERSEA PARK LONDON,P26199,1238,stop,2026-04-14,12:38:00,,
EPSOM DOWNS - STREATHAM HILL,P26200,1238,stop,2026-04-18,12:38:00,,
EPSOM DOWNS - BATTERSEA PARK LONDON,P26199,1238,stop,2026-04-22,12:38:00,,
EPSOM DOWNS - BATTERSEA PARK LONDON,P26200,1238,stop,2026-04-11,12:38:00,,
EPSOM DOWNS - BATTERSEA PARK LONDON,P26199,1238,stop,2026-04-20,12:38:00,,
EPSOM DOWNS - BATTERSEA PARK LONDON,P26198,1238,stop,2026-04-12,12:38:00,,
EPSOM DOWNS - BATTERSEA PARK LONDON,P26199,1238,stop,2026-04-07,12:38:00,,
EPSOM DOWNS - BATTERSEA PARK LONDON,X96408,1238,stop,2026-04-03,12:38:00,,
EPSOM DOWNS - BATTERSEA PARK LONDON,P26198,1238,stop,2026-04-26,12:38:00,,
EPSOM DOWNS - BATTERSEA PARK LONDON,P26199,1238,stop,2026-04-30,12:38:00,,
EPSOM DOWNS - BATTERSEA PARK LONDON,P26199,1238,stop,2026-04-15,12:38:00,,
EPSOM DOWNS - BATTERSEA PARK LONDON,P26199,1238,stop,2026-04-08,12:38:00,,
EPSOM DOWNS - BATTERSEA PARK LONDON,P26199,1238,stop,2026-04-16,12:38:00,,
EPSOM DOWNS - BATTERSEA PARK LONDON,P26199,1238,stop,2026-04-27,12:38:00,,
EPSOM DOWNS - BATTERSEA PARK LONDON,P26199,1238,stop,2026-04-24,12:41:00,,
EPSOM DOWNS - BATTERSEA PARK LONDON,X00784,1238,stop,2026-04-06,12:38:00,,
EPSOM DOWNS - BATTERSEA PARK LONDON,P26200,1238,stop,2026-04-04,12:38:00,,
EPSOM DOWNS - BATTERSEA PARK LONDON,P26199,1238,stop,2026-04-13,12:38:00,,
EPSOM DOWNS - BATTERSEA PARK LONDON,P26199,1238,stop,2026-04-02,12:38:00,,
EPSOM DOWNS - BATTERSEA PARK LONDON,P26199,1238,stop,2026-04-29,12:38:00,,
EPSOM DOWNS - BATTERSEA PARK LONDON,P26199,1238,stop,2026-04-06,12:38:00,,
EPSOM DOWNS - BATTERSEA PARK LONDON,P26199,1238,stop,2026-04-01,12:38:00,,
EPSOM DOWNS - BATTERSEA PARK LONDON,P26199,1238,stop,2026-04-21,12:38:00,,
EPSOM DOWNS - BATTERSEA PARK LONDON,P26199,1238,stop,2026-04-10,12:38:00,,
EPSOM DOWNS - BATTERSEA PARK LONDON,P26200,1238,stop,2026-04-25,12:38:00,,
EPSOM DOWNS - STREATHAM HILL,P26198,1238,stop,2026-04-19,12:38:00,,
EPSOM DOWNS - BATTERSEA PARK LONDON,P26199,1238,stop,2026-04-28,12:38:00,,
BATTERSEA PARK LONDON - EPSOM DOWNS,P26181,1200,stop,2026-04-14,12:52:00,,
BATTERSEA PARK LONDON - EPSOM DOWNS,P26181,1200,stop,2026-04-22,12:52:00,,
BATTERSEA PARK LONDON - EPSOM DOWNS,P26181,1200,stop,2026-04-15,12:52:00,,
BATTERSEA PARK LONDON - EPSOM DOWNS,P26180,1200,stop,2026-04-26,12:52:00,,
BATTERSEA PARK LONDON - EPSOM DOWNS,P26181,1200,stop,2026-04-03,12:52:00,,
BATTERSEA PARK LONDON - EPSOM DOWNS,P26181,1200,stop,2026-04-13,12:52:00,,
BATTERSEA PARK LONDON - EPSOM DOWNS,P26181,1200,stop,2026-04-30,12:52:00,,
BATTERSEA PARK LONDON - EPSOM DOWNS,P26181,1200,stop,2026-04-17,12:52:00,,
BATTERSEA PARK LONDON - EPSOM DOWNS,X96457,1200,stop,2026-04-03,12:52:00,,
BATTERSEA PARK LONDON - EPSOM DOWNS,P26181,1200,stop,2026-04-28,12:52:00,,
BATTERSEA PARK LONDON - EPSOM DOWNS,P26182,1200,stop,2026-04-11,12:52:00,,
BATTERSEA PARK LONDON - EPSOM DOWNS,P26182,1200,stop,2026-04-04,12:52:00,,
STREATHAM HILL - EPSOM DOWNS,P26182,1213,stop,2026-04-18,12:52:00,,
BATTERSEA PARK LONDON - EPSOM DOWNS,P26181,1200,stop,2026-04-29,12:52:00,,
STREATHAM HILL - EPSOM DOWNS,P26180,1213,stop,2026-04-19,12:52:00,,
BATTERSEA PARK LONDON - EPSOM DOWNS,P26181,1200,stop,2026-04-21,12:52:00,,
BATTERSEA PARK LONDON - EPSOM DOWNS,P26181,1200,stop,2026-04-09,12:52:00,,
BATTERSEA PARK LONDON - EPSOM DOWNS,P26181,1200,stop,2026-04-10,12:52:00,,
BATTERSEA PARK LONDON - EPSOM DOWNS,P26181,1200,stop,2026-04-24,12:52:00,,
BATTERSEA PARK LONDON - EPSOM DOWNS,P26181,1200,stop,2026-04-23,12:56:00,,
BATTERSEA PARK LONDON - EPSOM DOWNS,P26181,1200,stop,2026-04-07,12:52:00,,
BATTERSEA PARK LONDON - EPSOM DOWNS,P26181,1200,stop,2026-04-16,12:52:00,,
BATTERSEA PARK LONDON - EPSOM DOWNS,P26182,1200,stop,2026-04-25,12:52:00,,
BATTERSEA PARK LONDON - EPSOM DOWNS,P26180,1200,stop,2026-04-05,12:52:00,,
BATTERSEA PARK LONDON - EPSOM DOWNS,P26181,1200,stop,2026-04-02,12:52:00,,
BATTERSEA PARK LONDON - EPSOM DOWNS,P26181,1200,stop,2026-04-08,12:52:00,,
BATTERSEA PARK LONDON - EPSOM DOWNS,P26181,1200,stop,2026-04-01,12:52:00,,
BATTERSEA PARK LONDON - EPSOM DOWNS,P26180,1200,stop,2026-04-12,12:52:00,,
BATTERSEA PARK LONDON - EPSOM DOWNS,P26181,1200,stop,2026-04-20,12:52:00,,
BATTERSEA PARK LONDON - EPSOM DOWNS,P26181,1200,stop,2026-04-06,12:52:00,,
BATTERSEA PARK LONDON - EPSOM DOWNS,X00781,1200,stop,2026-04-06,12:52:00,,
BATTERSEA PARK LONDON - EPSOM DOWNS,P26181,1200,stop,2026-04-27,12:52:00,,
EPSOM DOWNS - STREATHAM HILL,P26207,1308,stop,2026-04-18,13:08:00,,
EPSOM DOWNS - BATTERSEA PARK LONDON,P26206,1308,stop,2026-04-13,13:08:00,,
EPSOM DOWNS - BATTERSEA PARK LONDON,P26206,1308,stop,2026-04-09,13:08:00,,
EPSOM DOWNS - BATTERSEA PARK LONDON,P26206,1308,stop,2026-04-10,13:08:00,,
EPSOM DOWNS - BATTERSEA PARK LONDON,P26206,1308,stop,2026-04-03,13:08:00,,
EPSOM DOWNS - BATTERSEA PARK LONDON,P26206,1308,stop,2026-04-14,13:08:00,,
EPSOM DOWNS - BATTERSEA PARK LONDON,P26206,1308,stop,2026-04-15,13:08:00,,
EPSOM DOWNS - BATTERSEA PARK LONDON,P26206,1308,stop,2026-04-28,13:08:00,,
EPSOM DOWNS - BATTERSEA PARK LONDON,P26206,1308,stop,2026-04-02,13:08:00,,
EPSOM DOWNS - BATTERSEA PARK LONDON,P26207,1308,stop,2026-04-25,13:08:00,,
EPSOM DOWNS - BATTERSEA PARK LONDON,P26205,1308,stop,2026-04-05,13:08:00,,
EPSOM DOWNS - BATTERSEA PARK LONDON,P26206,1308,stop,2026-04-16,13:08:00,,
EPSOM DOWNS - BATTERSEA PARK LONDON,P26205,1308,stop,2026-04-26,13:08:00,,
EPSOM DOWNS - BATTERSEA PARK LONDON,P26206,1308,stop,2026-04-29,13:08:00,,
EPSOM DOWNS - BATTERSEA PARK LONDON,P26206,1308,stop,2026-04-27,13:08:00,,
EPSOM DOWNS - BATTERSEA PARK LONDON,P26205,1308,stop,2026-04-12,13:08:00,,
EPSOM DOWNS - BATTERSEA PARK LONDON,P26206,1308,stop,2026-04-01,13:08:00,,
EPSOM DOWNS - BATTERSEA PARK LONDON,P26206,1308,stop,2026-04-17,13:08:00,,
EPSOM DOWNS - BATTERSEA PARK LONDON,P26207,1308,stop,2026-04-11,13:08:00,,
EPSOM DOWNS - BATTERSEA PARK LONDON,P26206,1308,stop,2026-04-07,13:11:00,,
EPSOM DOWNS - BATTERSEA PARK LONDON,P26206,1308,stop,2026-04-22,13:11:00,,
EPSOM DOWNS - BATTERSEA PARK LONDON,P26206,1308,stop,2026-04-30,13:08:00,,
EPSOM DOWNS - BATTERSEA PARK LONDON,P26206,1308,stop,2026-04-21,13:08:00,,
EPSOM DOWNS - BATTERSEA PARK LONDON,X96369,1308,stop,2026-04-03,13:08:00,,
EPSOM DOWNS - BATTERSEA PARK LONDON,P26207,1308,stop,2026-04-04,13:08:00,,
EPSOM DOWNS - BATTERSEA PARK LONDON,P26206,1308,stop,2026-04-20,13:08:00,,
EPSOM DOWNS - BATTERSEA PARK LONDON,X00786,1308,stop,2026-04-06,13:08:00,,
EPSOM DOWNS - BATTERSEA PARK LONDON,P26206,1308,stop,2026-04-06,13:08:00,,
EPSOM DOWNS - BATTERSEA PARK LONDON,P26206,1308,stop,2026-04-08,13:08:00,,
EPSOM DOWNS - BATTERSEA PARK LONDON,P26206,1308,stop,2026-04-24,13:08:00,,
EPSOM DOWNS - STREATHAM HILL,P26205,1308,stop,2026-04-19,13:08:00,,
EPSOM DOWNS - BATTERSEA PARK LONDON,P26206,1308,stop,2026-04-23,13:08:00,,
BATTERSEA PARK LONDON - EPSOM DOWNS,P26194,1230,stop,2026-04-27,13:22:00,,
BATTERSEA PARK LONDON - EPSOM DOWNS,P26194,1230,stop,2026-04-30,13:22:00,,
BATTERSEA PARK LONDON - EPSOM DOWNS,P26194,1230,stop,2026-04-08,13:22:00,,
BATTERSEA PARK LONDON - EPSOM DOWNS,X96417,1230,stop,2026-04-03,13:22:00,,
BATTERSEA PARK LONDON - EPSOM DOWNS,P26194,1230,stop,2026-04-24,13:22:00,,
BATTERSEA PARK LONDON - EPSOM DOWNS,P26193,1230,stop,2026-04-26,13:22:00,,
STREATHAM HILL - EPSOM DOWNS,P26195,1243,stop,2026-04-18,13:22:00,,
BATTERSEA PARK LONDON - EPSOM DOWNS,P26194,1230,stop,2026-04-21,13:22:00,,
BATTERSEA PARK LONDON - EPSOM DOWNS,P26194,1230,stop,2026-04-14,13:22:00,,
BATTERSEA PARK LONDON - EPSOM DOWNS,P26193,1230,stop,2026-04-12,13:22:00,,
BATTERSEA PARK LONDON - EPSOM DOWNS,P26194,1230,stop,2026-04-16,13:22:00,,
BATTERSEA PARK LONDON - EPSOM DOWNS,P26194,1230,stop,2026-04-20,13:22:00,,
BATTERSEA PARK LONDON - EPSOM DOWNS,P26194,1230,stop,2026-04-03,13:22:00,,
BATTERSEA PARK LONDON - EPSOM DOWNS,P26194,1230,stop,2026-04-02,13:22:00,,
BATTERSEA PARK LONDON - EPSOM DOWNS,P26194,1230,stop,2026-04-29,13:22:00,,
BATTERSEA PARK LONDON - EPSOM DOWNS,P26194,1230,stop,2026-04-01,13:22:00,,
BATTERSEA PARK LONDON - EPSOM DOWNS,P26194,1230,stop,2026-04-15,13:22:00,,
BATTERSEA PARK LONDON - EPSOM DOWNS,P26194,1230,stop,2026-04-07,13:22:00,,
BATTERSEA PARK LONDON - EPSOM DOWNS,P26194,1230,stop,2026-04-13,13:22:00,,
BATTERSEA PARK LONDON - EPSOM DOWNS,P26195,1230,stop,2026-04-04,13:26:00,,
BATTERSEA PARK LONDON - EPSOM DOWNS,P26193,1230,stop,2026-04-05,13:23:00,,
BATTERSEA PARK LONDON - EPSOM DOWNS,P26194,1230,stop,2026-04-22,13:22:00,,
BATTERSEA PARK LONDON - EPSOM DOWNS,X00783,1230,stop,2026-04-06,13:22:00,,
BATTERSEA PARK LONDON - EPSOM DOWNS,P26194,1230,stop,2026-04-28,13:22:00,,
BATTERSEA PARK LONDON - EPSOM DOWNS,P26195,1230,stop,2026-04-25,13:22:00,,
BATTERSEA PARK LONDON - EPSOM DOWNS,P26194,1230,stop,2026-04-10,13:22:00,,
BATTERSEA PARK LONDON - EPSOM DOWNS,P26194,1230,stop,2026-04-23,13:22:00,,
BATTERSEA PARK LONDON - EPSOM DOWNS,P26194,1230,stop,2026-04-09,13:22:00,,
BATTERSEA PARK LONDON - EPSOM DOWNS,P26195,1230,stop,2026-04-11,13:22:00,,
STREATHAM HILL - EPSOM DOWNS,P26193,1244,stop,2026-04-19,13:22:00,,
BATTERSEA PARK LONDON - EPSOM DOWNS,P26194,1230,stop,2026-04-17,13:22:00,,
BATTERSEA PARK LONDON - EPSOM DOWNS,P26194,1230,stop,2026-04-06,13:22:00,,
EPSOM DOWNS - BATTERSEA PARK LONDON,P26213,1338,stop,2026-04-28,13:38:00,,
EPSOM DOWNS - BATTERSEA PARK LONDON,P26212,1338,stop,2026-04-05,13:38:00,,
EPSOM DOWNS - BATTERSEA PARK LONDON,P26213,1338,stop,2026-04-23,13:38:00,,
EPSOM DOWNS - BATTERSEA PARK LONDON,P26213,1338,stop,2026-04-14,13:38:00,,
EPSOM DOWNS - STREATHAM HILL,P26212,1338,stop,2026-04-19,13:38:00,,
EPSOM DOWNS - BATTERSEA PARK LONDON,P26213,1338,stop,2026-04-01,13:38:00,,
EPSOM DOWNS - BATTERSEA PARK LONDON,P26212,1338,stop,2026-04-26,13:38:00,,
EPSOM DOWNS - BATTERSEA PARK LONDON,P26213,1338,stop,2026-04-20,13:38:00,,
EPSOM DOWNS - BATTERSEA PARK LONDON,P26213,1338,stop,2026-04-22,13:38:00,,
EPSOM DOWNS - BATTERSEA PARK LONDON,X00788,1338,stop,2026-04-06,13:38:00,,
EPSOM DOWNS - BATTERSEA PARK LONDON,P26213,1338,stop,2026-04-30,13:38:00,,
EPSOM DOWNS - BATTERSEA PARK LONDON,P26213,1338,stop,2026-04-27,13:38:00,,
EPSOM DOWNS - BATTERSEA PARK LONDON,P26213,1338,stop,2026-04-29,13:38:00,,
EPSOM DOWNS - BATTERSEA PARK LONDON,P26214,1338,stop,2026-04-04,13:38:00,,
EPSOM DOWNS - BATTERSEA PARK LONDON,P26213,1338,stop,2026-04-02,13:38:00,,
EPSOM DOWNS - BATTERSEA PARK LONDON,P26213,1338,stop,2026-04-06,13:38:00,,
EPSOM DOWNS - BATTERSEA PARK LONDON,P26213,1338,stop,2026-04-24,13:38:00,,
EPSOM DOWNS - BATTERSEA PARK LONDON,P26213,1338,stop,2026-04-21,13:38:00,,
EPSOM DOWNS - BATTERSEA PARK LONDON,P26214,1338,stop,2026-04-25,13:38:00,,
EPSOM DOWNS - BATTERSEA PARK LONDON,P26214,1338,stop,2026-04-11,13:38:00,,
EPSOM DOWNS - BATTERSEA PARK LONDON,P26213,1338,stop,2026-04-08,13:38:00,,
EPSOM DOWNS - BATTERSEA PARK LONDON,P26213,1338,stop,2026-04-10,13:38:00,,
EPSOM DOWNS - BATTERSEA PARK LONDON,P26213,1338,stop,2026-04-07,13:38:00,,
EPSOM DOWNS - STREATHAM HILL,P26214,1338,stop,2026-04-18,13:38:00,,
EPSOM DOWNS - BATTERSEA PARK LONDON,P26213,1338,stop,2026-04-13,13:38:00,,
EPSOM DOWNS - BATTERSEA PARK LONDON,P26213,1338,stop,2026-04-16,13:38:00,,
EPSOM DOWNS - BATTERSEA PARK LONDON,P26213,1338,stop,2026-04-09,13:38:00,,
EPSOM DOWNS - BATTERSEA PARK LONDON,P26213,1338,stop,2026-04-17,13:38:00,,
EPSOM DOWNS - BATTERSEA PARK LONDON,P26212,1338,stop,2026-04-12,13:38:00,,
EPSOM DOWNS - BATTERSEA PARK LONDON,P26213,1338,stop,2026-04-15,13:38:00,,
EPSOM DOWNS - BATTERSEA PARK LONDON,X96331,1338,stop,2026-04-03,13:38:00,,
EPSOM DOWNS - BATTERSEA PARK LONDON,P26213,1338,stop,2026-04-03,13:38:00,,
BATTERSEA PARK LONDON - EPSOM DOWNS,X96378,1300,stop,2026-04-03,13:52:00,,
BATTERSEA PARK LONDON - EPSOM DOWNS,P26203,1300,stop,2026-04-17,13:52:00,,
BATTERSEA PARK LONDON - EPSOM DOWNS,P26204,1300,stop,2026-04-04,13:52:00,,
BATTERSEA PARK LONDON - EPSOM DOWNS,X00785,1300,stop,2026-04-06,13:52:00,,
BATTERSEA PARK LONDON - EPSOM DOWNS,P26203,1300,stop,2026-04-02,13:52:00,,
BATTERSEA PARK LONDON - EPSOM DOWNS,P26203,1300,stop,2026-04-23,13:52:00,,
BATTERSEA PARK LONDON - EPSOM DOWNS,P26204,1300,stop,2026-04-25,13:52:00,,
BATTERSEA PARK LONDON - EPSOM DOWNS,P26203,1300,stop,2026-04-16,13:52:00,,
BATTERSEA PARK LONDON - EPSOM DOWNS,P26203,1300,stop,2026-04-22,13:52:00,,
BATTERSEA PARK LONDON - EPSOM DOWNS,P26203,1300,stop,2026-04-20,13:52:00,,
BATTERSEA PARK LONDON - EPSOM DOWNS,P26203,1300,stop,2026-04-24,13:52:00,,
BATTERSEA PARK LONDON - EPSOM DOWNS,P26202,1300,stop,2026-04-12,13:52:00,,
BATTERSEA PARK LONDON - EPSOM DOWNS,P26203,1300,stop,2026-04-08,13:52:00,,
BATTERSEA PARK LONDON - EPSOM DOWNS,P26203,1300,stop,2026-04-28,13:52:00,,
BATTERSEA PARK LONDON - EPSOM DOWNS,P26203,1300,stop,2026-04-06,13:52:00,,
BATTERSEA PARK LONDON - EPSOM DOWNS,P26204,1300,stop,2026-04-11,13:52:00,,
BATTERSEA PARK LONDON - EPSOM DOWNS,P26203,1300,stop,2026-04-27,13:52:00,,
BATTERSEA PARK LONDON - EPSOM DOWNS,P26202,1300,stop,2026-04-26,13:52:00,,
STREATHAM HILL - EPSOM DOWNS,P26202,1313,stop,2026-04-19,13:52:00,,
BATTERSEA PARK LONDON - EPSOM DOWNS,P26203,1300,stop,2026-04-21,13:56:00,,
BATTERSEA PARK LONDON - EPSOM DOWNS,P26203,1300,stop,2026-04-03,13:52:00,,
BATTERSEA PARK LONDON - EPSOM DOWNS,P26203,1300,stop,2026-04-14,13:52:00,,
STREATHAM HILL - EPSOM DOWNS,P26204,1313,stop,2026-04-18,13:52:00,,
BATTERSEA PARK LONDON - EPSOM DOWNS,P26203,1300,stop,2026-04-13,13:52:00,,
BATTERSEA PARK LONDON - EPSOM DOWNS,P26203,1300,stop,2026-04-10,13:52:00,,
BATTERSEA PARK LONDON - EPSOM DOWNS,P26202,1300,stop,2026-04-05,13:52:00,,
BATTERSEA PARK LONDON - EPSOM DOWNS,P26203,1300,stop,2026-04-30,13:52:00,,
BATTERSEA PARK LONDON - EPSOM DOWNS,P26203,1300,stop,2026-04-15,13:52:00,,
BATTERSEA PARK LONDON - EPSOM DOWNS,P26203,1300,stop,2026-04-29,13:52:00,,
BATTERSEA PARK LONDON - EPSOM DOWNS,P26203,1300,stop,2026-04-09,13:52:00,,
BATTERSEA PARK LONDON - EPSOM DOWNS,P26203,1300,stop,2026-04-01,13:52:00,,
BATTERSEA PARK LONDON - EPSOM DOWNS,P26203,1300,stop,2026-04-07,13:52:00,,
EPSOM DOWNS - BATTERSEA PARK LONDON,P26218,1408,stop,2026-04-26,14:08:00,,
EPSOM DOWNS - BATTERSEA PARK LONDON,P26219,1408,stop,2026-04-21,14:08:00,,
EPSOM DOWNS - STREATHAM HILL,P26218,1408,stop,2026-04-19,14:08:00,,
EPSOM DOWNS - BATTERSEA PARK LONDON,P26219,1408,stop,2026-04-02,14:08:00,,
EPSOM DOWNS - BATTERSEA PARK LONDON,P26219,1408,stop,2026-04-03,14:08:00,,
EPSOM DOWNS - BATTERSEA PARK LONDON,P26219,1408,stop,2026-04-01,14:08:00,,
EPSOM DOWNS - BATTERSEA PARK LONDON,P26219,1408,stop,2026-04-16,14:08:00,,
EPSOM DOWNS - STREATHAM HILL,P26220,1408,stop,2026-04-18,14:08:00,,
EPSOM DOWNS - BATTERSEA PARK LONDON,X96292,1408,stop,2026-04-03,14:08:00,,
EPSOM DOWNS - BATTERSEA PARK LONDON,P26219,1408,stop,2026-04-30,14:08:00,,
EPSOM DOWNS - BATTERSEA PARK LONDON,P26219,1408,stop,2026-04-24,14:08:00,,
EPSOM DOWNS - BATTERSEA PARK LONDON,P26219,1408,stop,2026-04-29,14:08:00,,
EPSOM DOWNS - BATTERSEA PARK LONDON,P26218,1408,stop,2026-04-12,14:08:00,,
EPSOM DOWNS - BATTERSEA PARK LONDON,P26220,1408,stop,2026-04-25,14:08:00,,
EPSOM DOWNS - BATTERSEA PARK LONDON,P26219,1408,stop,2026-04-07,14:08:00,,
EPSOM DOWNS - BATTERSEA PARK LONDON,P26220,1408,stop,2026-04-11,14:08:00,,
EPSOM DOWNS - BATTERSEA PARK LONDON,P26219,1408,stop,2026-04-09,14:08:00,,
EPSOM DOWNS - BATTERSEA PARK LONDON,P26219,1408,stop,2026-04-20,14:08:00,,
EPSOM DOWNS - BATTERSEA PARK LONDON,P26219,1408,stop,2026-04-10,14:08:00,,
EPSOM DOWNS - BATTERSEA PARK LONDON,P26219,1408,stop,2026-04-06,14:11:00,,
EPSOM DOWNS - BATTERSEA PARK LONDON,P26218,1408,stop,2026-04-05,14:08:00,,
EPSOM DOWNS - BATTERSEA PARK LONDON,P26219,1408,stop,2026-04-28,14:08:00,,
EPSOM DOWNS - BATTERSEA PARK LONDON,P26219,1408,stop,2026-04-22,14:08:00,,
EPSOM DOWNS - BATTERSEA PARK LONDON,P26219,1408,stop,2026-04-27,14:08:00,,
EPSOM DOWNS - BATTERSEA PARK LONDON,P26219,1408,stop,2026-04-17,14:08:00,,
EPSOM DOWNS - BATTERSEA PARK LONDON,X00790,1408,stop,2026-04-06,14:08:00,,
EPSOM DOWNS - BATTERSEA PARK LONDON,P26219,1408,stop,2026-04-13,14:08:00,,
EPSOM DOWNS - BATTERSEA PARK LONDON,P26219,1408,stop,2026-04-14,14:08:00,,
EPSOM DOWNS - BATTERSEA PARK LONDON,P26219,1408,stop,2026-04-15,14:08:00,,
EPSOM DOWNS - BATTERSEA PARK LONDON,P26219,1408,stop,2026-04-23,14:08:00,,
EPSOM DOWNS - BATTERSEA PARK LONDON,P26219,1408,stop,2026-04-08,14:08:00,,
EPSOM DOWNS - BATTERSEA PARK LONDON,P26220,1408,stop,2026-04-04,14:08:00,,
BATTERSEA PARK LONDON - EPSOM DOWNS,P26209,1330,stop,2026-04-17,14:22:00,,
BATTERSEA PARK LONDON - EPSOM DOWNS,P26210,1330,stop,2026-04-04,14:22:00,,
BATTERSEA PARK LONDON - EPSOM DOWNS,P26209,1330,stop,2026-04-08,14:22:00,,
BATTERSEA PARK LONDON - EPSOM DOWNS,P26208,1330,stop,2026-04-12,14:22:00,,
BATTERSEA PARK LONDON - EPSOM DOWNS,P26209,1330,stop,2026-04-20,14:22:00,,
BATTERSEA PARK LONDON - EPSOM DOWNS,P26210,1330,stop,2026-04-25,14:22:00,,
BATTERSEA PARK LONDON - EPSOM DOWNS,P26209,1330,stop,2026-04-10,14:22:00,,
BATTERSEA PARK LONDON - EPSOM DOWNS,P26209,1330,stop,2026-04-06,14:22:00,,
BATTERSEA PARK LONDON - EPSOM DOWNS,X00787,1330,stop,2026-04-06,14:22:00,,
BATTERSEA PARK LONDON - EPSOM DOWNS,P26209,1330,stop,2026-04-01,14:22:00,,
BATTERSEA PARK LONDON - EPSOM DOWNS,P26209,1330,stop,2026-04-24,14:22:00,,
BATTERSEA PARK LONDON - EPSOM DOWNS,P26209,1330,stop,2026-04-28,14:22:00,,
BATTERSEA PARK LONDON - EPSOM DOWNS,P26209,1330,stop,2026-04-16,14:22:00,,
STREATHAM HILL - EPSOM DOWNS,P26210,1343,stop,2026-04-18,14:22:00,,
BATTERSEA PARK LONDON - EPSOM DOWNS,P26210,1330,stop,2026-04-11,14:22:00,,
BATTERSEA PARK LONDON - EPSOM DOWNS,P26209,1330,stop,2026-04-09,14:22:00,,
BATTERSEA PARK LONDON - EPSOM DOWNS,P26209,1330,stop,2026-04-23,14:22:00,,
BATTERSEA PARK LONDON - EPSOM DOWNS,P26209,1330,stop,2026-04-15,14:22:00,,
BATTERSEA PARK LONDON - EPSOM DOWNS,P26209,1330,stop,2026-04-07,14:22:00,,
BATTERSEA PARK LONDON - EPSOM DOWNS,P26208,1330,stop,2026-04-05,14:23:00,,
BATTERSEA PARK LONDON - EPSOM DOWNS,P26209,1330,stop,2026-04-14,14:22:00,,
BATTERSEA PARK LONDON - EPSOM DOWNS,P26209,1330,stop,2026-04-22,14:22:00,,
BATTERSEA PARK LONDON - EPSOM DOWNS,P26209,1330,stop,2026-04-30,14:22:00,,
BATTERSEA PARK LONDON - EPSOM DOWNS,P26209,1330,stop,2026-04-29,14:22:00,,
BATTERSEA PARK LONDON - EPSOM DOWNS,P26209,1330,stop,2026-04-21,14:22:00,,
BATTERSEA PARK LONDON - EPSOM DOWNS,P26209,1330,stop,2026-04-02,14:22:00,,
STREATHAM HILL - EPSOM DOWNS,P26208,1343,stop,2026-04-19,14:22:00,,
BATTERSEA PARK LONDON - EPSOM DOWNS,P26209,1330,stop,2026-04-27,14:22:00,,
BATTERSEA PARK LONDON - EPSOM DOWNS,P26208,1330,stop,2026-04-26,14:22:00,,
BATTERSEA PARK LONDON - EPSOM DOWNS,P26209,1330,stop,2026-04-03,14:22:00,,
BATTERSEA PARK LONDON - EPSOM DOWNS,X96340,1330,stop,2026-04-03,14:22:00,,
BATTERSEA PARK LONDON - EPSOM DOWNS,P26209,1330,stop,2026-04-13,14:22:00,,
EPSOM DOWNS - BATTERSEA PARK LONDON,P26225,1438,stop,2026-04-01,14:38:00,,
EPSOM DOWNS - BATTERSEA PARK LONDON,P26225,1438,stop,2026-04-09,14:38:00,,
EPSOM DOWNS - BATTERSEA PARK LONDON,P26225,1438,stop,2026-04-21,14:38:00,,
EPSOM DOWNS - BATTERSEA PARK LONDON,P26225,1438,stop,2026-04-07,14:38:00,,
EPSOM DOWNS - BATTERSEA PARK LONDON,P26225,1438,stop,2026-04-27,14:38:00,,
EPSOM DOWNS - BATTERSEA PARK LONDON,P26225,1438,stop,2026-04-02,14:38:00,,
EPSOM DOWNS - BATTERSEA PARK LONDON,P26225,1438,stop,2026-04-22,14:38:00,,
EPSOM DOWNS - BATTERSEA PARK LONDON,P26224,1438,stop,2026-04-12,14:38:00,,
EPSOM DOWNS - BATTERSEA PARK LONDON,P26225,1438,stop,2026-04-16,14:38:00,,
EPSOM DOWNS - BATTERSEA PARK LONDON,P26225,1438,stop,2026-04-28,14:38:00,,
EPSOM DOWNS - BATTERSEA PARK LONDON,P26225,1438,stop,2026-04-08,14:38:00,,
EPSOM DOWNS - BATTERSEA PARK LONDON,P26226,1438,stop,2026-04-11,14:38:00,,
EPSOM DOWNS - BATTERSEA PARK LONDON,P26224,1438,stop,2026-04-05,14:38:00,,
EPSOM DOWNS - BATTERSEA PARK LONDON,P26225,1438,stop,2026-04-29,14:38:00,,
EPSOM DOWNS - STREATHAM HILL,P26226,1438,stop,2026-04-18,14:38:00,,
EPSOM DOWNS - BATTERSEA PARK LONDON,P26226,1438,stop,2026-04-04,14:38:00,,
EPSOM DOWNS - BATTERSEA PARK LONDON,P26225,1438,stop,2026-04-20,14:38:00,,
EPSOM DOWNS - BATTERSEA PARK LONDON,P26225,1438,stop,2026-04-30,14:38:00,,
EPSOM DOWNS - BATTERSEA PARK LONDON,P26225,1438,stop,2026-04-15,14:38:00,,
EPSOM DOWNS - STREATHAM HILL,P26224,1438,stop,2026-04-19,14:38:00,,
EPSOM DOWNS - BATTERSEA PARK LONDON,P26224,1438,stop,2026-04-26,14:38:00,,
EPSOM DOWNS - BATTERSEA PARK LONDON,P26225,1438,stop,2026-04-17,14:38:00,,
EPSOM DOWNS - BATTERSEA PARK LONDON,P26225,1438,stop,2026-04-13,14:38:00,,
EPSOM DOWNS - BATTERSEA PARK LONDON,P26225,1438,stop,2026-04-23,14:38:00,,
EPSOM DOWNS - BATTERSEA PARK LONDON,P26225,1438,stop,2026-04-03,14:38:00,,
EPSOM DOWNS - BATTERSEA PARK LONDON,P26225,1438,stop,2026-04-24,14:38:00,,
EPSOM DOWNS - BATTERSEA PARK LONDON,X00792,1438,stop,2026-04-06,14:38:00,,
EPSOM DOWNS - BATTERSEA PARK LONDON,P26225,1438,stop,2026-04-14,14:38:00,,
EPSOM DOWNS - BATTERSEA PARK LONDON,P26225,1438,stop,2026-04-06,14:38:00,,
EPSOM DOWNS - BATTERSEA PARK LONDON,P26225,1438,stop,2026-04-10,14:38:00,,
EPSOM DOWNS - BATTERSEA PARK LONDON,X96252,1438,stop,2026-04-03,14:38:00,,
EPSOM DOWNS - BATTERSEA PARK LONDON,P26226,1438,stop,2026-04-25,14:38:00,,
BATTERSEA PARK LONDON - EPSOM DOWNS,P26216,1400,stop,2026-04-17,14:52:00,,
BATTERSEA PARK LONDON - EPSOM DOWNS,P26216,1400,stop,2026-04-28,14:52:00,,
BATTERSEA PARK LONDON - EPSOM DOWNS,P26216,1400,stop,2026-04-24,14:52:00,,
BATTERSEA PARK LONDON - EPSOM DOWNS,P26216,1400,stop,2026-04-10,14:52:00,,
BATTERSEA PARK LONDON - EPSOM DOWNS,P26216,1400,stop,2026-04-30,14:52:00,,
BATTERSEA PARK LONDON - EPSOM DOWNS,P26216,1400,stop,2026-04-06,14:52:00,,
BATTERSEA PARK LONDON - EPSOM DOWNS,P26216,1400,stop,2026-04-02,14:52:00,,
BATTERSEA PARK LONDON - EPSOM DOWNS,P26216,1400,stop,2026-04-13,14:52:00,,
BATTERSEA PARK LONDON - EPSOM DOWNS,X00789,1400,stop,2026-04-06,14:52:00,,
STREATHAM HILL - EPSOM DOWNS,P26215,1413,stop,2026-04-19,14:52:00,,
BATTERSEA PARK LONDON - EPSOM DOWNS,P26216,1400,stop,2026-04-15,14:52:00,,
BATTERSEA PARK LONDON - EPSOM DOWNS,P26215,1400,stop,2026-04-26,14:52:00,,
BATTERSEA PARK LONDON - EPSOM DOWNS,P26216,1400,stop,2026-04-03,14:52:00,,
BATTERSEA PARK LONDON - EPSOM DOWNS,X96301,1400,stop,2026-04-03,14:52:00,,
BATTERSEA PARK LONDON - EPSOM DOWNS,P26216,1400,stop,2026-04-27,14:52:00,,
BATTERSEA PARK LONDON - EPSOM DOWNS,P26215,1400,stop,2026-04-12,14:52:00,,
BATTERSEA PARK LONDON - EPSOM DOWNS,P26216,1400,stop,2026-04-08,14:52:00,,
BATTERSEA PARK LONDON - EPSOM DOWNS,P26216,1400,stop,2026-04-20,14:52:00,,
BATTERSEA PARK LONDON - EPSOM DOWNS,P26216,1400,stop,2026-04-07,14:52:00,,
BATTERSEA PARK LONDON - EPSOM DOWNS,P26216,1400,stop,2026-04-16,14:52:00,,
BATTERSEA PARK LONDON - EPSOM DOWNS,P26216,1400,stop,2026-04-09,14:52:00,,
STREATHAM HILL - EPSOM DOWNS,P26217,1413,stop,2026-04-18,14:52:00,,
BATTERSEA PARK LONDON - EPSOM DOWNS,P26217,1400,stop,2026-04-11,14:52:00,,
BATTERSEA PARK LONDON - EPSOM DOWNS,P26217,1400,stop,2026-04-25,14:52:00,,
BATTERSEA PARK LONDON - EPSOM DOWNS,P26216,1400,stop,2026-04-23,14:52:00,,
BATTERSEA PARK LONDON - EPSOM DOWNS,P26215,1400,stop,2026-04-05,14:52:00,,
BATTERSEA PARK LONDON - EPSOM DOWNS,P26217,1400,stop,2026-04-04,14:52:00,,
BATTERSEA PARK LONDON - EPSOM DOWNS,P26216,1400,stop,2026-04-21,14:52:00,,
BATTERSEA PARK LONDON - EPSOM DOWNS,P26216,1400,stop,2026-04-01,14:52:00,,
BATTERSEA PARK LONDON - EPSOM DOWNS,P26216,1400,stop,2026-04-22,14:52:00,,
BATTERSEA PARK LONDON - EPSOM DOWNS,P26216,1400,stop,2026-04-14,14:52:00,,
BATTERSEA PARK LONDON - EPSOM DOWNS,P26216,1400,stop,2026-04-29,14:52:00,,
EPSOM DOWNS - BATTERSEA PARK LONDON,P26232,1508,stop,2026-04-04,15:08:00,,
EPSOM DOWNS - BATTERSEA PARK LONDON,P26230,1508,stop,2026-04-05,15:08:00,,
EPSOM DOWNS - BATTERSEA PARK LONDON,P26231,1508,stop,2026-04-22,15:08:00,,
EPSOM DOWNS - BATTERSEA PARK LONDON,P26231,1508,stop,2026-04-08,15:08:00,,
EPSOM DOWNS - BATTERSEA PARK LONDON,P26231,1508,stop,2026-04-24,15:08:00,,
EPSOM DOWNS - BATTERSEA PARK LONDON,X96212,1508,stop,2026-04-03,15:08:00,,
EPSOM DOWNS - BATTERSEA PARK LONDON,P26231,1508,stop,2026-04-01,15:08:00,,
EPSOM DOWNS - BATTERSEA PARK LONDON,P26232,1508,stop,2026-04-11,15:08:00,,
EPSOM DOWNS - BATTERSEA PARK LONDON,P26231,1508,stop,2026-04-16,15:08:00,,
EPSOM DOWNS - BATTERSEA PARK LONDON,P26231,1508,stop,2026-04-02,15:08:00,,
EPSOM DOWNS - BATTERSEA PARK LONDON,P26231,1508,stop,2026-04-20,15:08:00,,
EPSOM DOWNS - BATTERSEA PARK LONDON,P26231,1508,stop,2026-04-03,15:08:00,,
EPSOM DOWNS - BATTERSEA PARK LONDON,P26231,1508,stop,2026-04-15,15:08:00,,
EPSOM DOWNS - BATTERSEA PARK LONDON,P26231,1508,stop,2026-04-23,15:08:00,,
EPSOM DOWNS - BATTERSEA PARK LONDON,P26231,1508,stop,2026-04-10,15:08:00,,
EPSOM DOWNS - BATTERSEA PARK LONDON,P26231,1508,stop,2026-04-14,15:08:00,,
EPSOM DOWNS - BATTERSEA PARK LONDON,P26231,1508,stop,2026-04-30,15:08:00,,
EPSOM DOWNS - BATTERSEA PARK LONDON,P26230,1508,stop,2026-04-12,15:08:00,,
EPSOM DOWNS - STREATHAM HILL,P26232,1508,stop,2026-04-18,15:08:00,,
EPSOM DOWNS - BATTERSEA PARK LONDON,P26231,1508,stop,2026-04-28,15:11:00,,
EPSOM DOWNS - BATTERSEA PARK LONDON,P26231,1508,stop,2026-04-07,15:08:00,,
EPSOM DOWNS - BATTERSEA PARK LONDON,P26231,1508,stop,2026-04-29,15:08:00,,
EPSOM DOWNS - BATTERSEA PARK LONDON,P26231,1508,stop,2026-04-21,15:08:00,,
EPSOM DOWNS - BATTERSEA PARK LONDON,P26231,1508,stop,2026-04-17,15:08:00,,
EPSOM DOWNS - BATTERSEA PARK LONDON,P26231,1508,stop,2026-04-09,15:08:00,,
EPSOM DOWNS - BATTERSEA PARK LONDON,P26231,1508,stop,2026-04-27,15:08:00,,
EPSOM DOWNS - STREATHAM HILL,P26230,1508,stop,2026-04-19,15:08:00,,
EPSOM DOWNS - BATTERSEA PARK LONDON,P26232,1508,stop,2026-04-25,15:08:00,,
EPSOM DOWNS - BATTERSEA PARK LONDON,P26231,1508,stop,2026-04-13,15:08:00,,
EPSOM DOWNS - BATTERSEA PARK LONDON,P26231,1508,stop,2026-04-06,15:08:00,,
EPSOM DOWNS - BATTERSEA PARK LONDON,P26230,1508,stop,2026-04-26,15:08:00,,
EPSOM DOWNS - BATTERSEA PARK LONDON,X00794,1508,stop,2026-04-06,15:08:00,,
BATTERSEA PARK LONDON - EPSOM DOWNS,P26222,1430,stop,2026-04-03,15:22:00,,
BATTERSEA PARK LONDON - EPSOM DOWNS,P26222,1430,stop,2026-04-30,15:22:00,,
BATTERSEA PARK LONDON - EPSOM DOWNS,P26223,1430,stop,2026-04-25,15:22:00,,
BATTERSEA PARK LONDON - EPSOM DOWNS,P26222,1430,stop,2026-04-29,15:22:00,,
BATTERSEA PARK LONDON - EPSOM DOWNS,P26222,1430,stop,2026-04-13,15:22:00,,
BATTERSEA PARK LONDON - EPSOM DOWNS,P26222,1430,stop,2026-04-09,15:22:00,,
STREATHAM HILL - EPSOM DOWNS,P26221,1443,stop,2026-04-19,15:22:00,,
BATTERSEA PARK LONDON - EPSOM DOWNS,P26221,1430,stop,2026-04-26,15:22:00,,
BATTERSEA PARK LONDON - EPSOM DOWNS,P26222,1430,stop,2026-04-10,15:22:00,,
BATTERSEA PARK LONDON - EPSOM DOWNS,P26222,1430,stop,2026-04-02,15:22:00,,
BATTERSEA PARK LONDON - EPSOM DOWNS,P26223,1430,stop,2026-04-04,15:22:00,,
BATTERSEA PARK LONDON - EPSOM DOWNS,P26222,1430,stop,2026-04-23,15:22:00,,
BATTERSEA PARK LONDON - EPSOM DOWNS,X96261,1430,stop,2026-04-03,15:22:00,,
BATTERSEA PARK LONDON - EPSOM DOWNS,P26222,1430,stop,2026-04-06,15:22:00,,
BATTERSEA PARK LONDON - EPSOM DOWNS,P26222,1430,stop,2026-04-07,15:22:00,,
BATTERSEA PARK LONDON - EPSOM DOWNS,P26221,1430,stop,2026-04-12,15:22:00,,
BATTERSEA PARK LONDON - EPSOM DOWNS,X00791,1430,stop,2026-04-06,15:22:00,,
BATTERSEA PARK LONDON - EPSOM DOWNS,P26222,1430,stop,2026-04-01,15:22:00,,
BATTERSEA PARK LONDON - EPSOM DOWNS,P26222,1430,stop,2026-04-08,15:22:00,,
BATTERSEA PARK LONDON - EPSOM DOWNS,P26222,1430,stop,2026-04-21,15:26:00,,
BATTERSEA PARK LONDON - EPSOM DOWNS,P26222,1430,stop,2026-04-28,15:26:00,,
BATTERSEA PARK LONDON - EPSOM DOWNS,P26221,1430,stop,2026-04-05,15:23:00,,
BATTERSEA PARK LONDON - EPSOM DOWNS,P26222,1430,stop,2026-04-16,15:22:00,,
BATTERSEA PARK LONDON - EPSOM DOWNS,P26222,1430,stop,2026-04-20,15:22:00,,
BATTERSEA PARK LONDON - EPSOM DOWNS,P26222,1430,stop,2026-04-17,15:22:00,,
BATTERSEA PARK LONDON - EPSOM DOWNS,P26222,1430,stop,2026-04-14,15:22:00,,
BATTERSEA PARK LONDON - EPSOM DOWNS,P26222,1430,stop,2026-04-15,15:22:00,,
BATTERSEA PARK LONDON - EPSOM DOWNS,P26222,1430,stop,2026-04-22,15:22:00,,
STREATHAM HILL - EPSOM DOWNS,P26223,1443,stop,2026-04-18,15:22:00,,
BATTERSEA PARK LONDON - EPSOM DOWNS,P26222,1430,stop,2026-04-27,15:22:00,,
BATTERSEA PARK LONDON - EPSOM DOWNS,P26223,1430,stop,2026-04-11,15:22:00,,
BATTERSEA PARK LONDON - EPSOM DOWNS,P26222,1430,stop,2026-04-24,15:22:00,,
EPSOM DOWNS - BATTERSEA PARK LONDON,P26238,1538,stop,2026-04-29,15:38:00,,
EPSOM DOWNS - BATTERSEA PARK LONDON,P26239,1538,stop,2026-04-25,15:38:00,,
EPSOM DOWNS - BATTERSEA PARK LONDON,P26238,1538,stop,2026-04-16,15:38:00,,
EPSOM DOWNS - BATTERSEA PARK LONDON,P26238,1538,stop,2026-04-03,15:38:00,,
EPSOM DOWNS - BATTERSEA PARK LONDON,P26238,1538,stop,2026-04-15,15:38:00,,
EPSOM DOWNS - BATTERSEA PARK LONDON,P26238,1538,stop,2026-04-06,15:38:00,,
EPSOM DOWNS - BATTERSEA PARK LONDON,P26239,1538,stop,2026-04-04,15:38:00,,
EPSOM DOWNS - BATTERSEA PARK LONDON,P26238,1538,stop,2026-04-01,15:38:00,,
EPSOM DOWNS - BATTERSEA PARK LONDON,P26237,1538,stop,2026-04-05,15:38:00,,
EPSOM DOWNS - BATTERSEA PARK LONDON,P26238,1538,stop,2026-04-28,15:38:00,,
EPSOM DOWNS - BATTERSEA PARK LONDON,P26238,1538,stop,2026-04-02,15:38:00,,
EPSOM DOWNS - BATTERSEA PARK LONDON,P26238,1538,stop,2026-04-20,15:38:00,,
EPSOM DOWNS - BATTERSEA PARK LONDON,P26238,1538,stop,2026-04-23,15:38:00,,
EPSOM DOWNS - BATTERSEA PARK LONDON,P26238,1538,stop,2026-04-17,15:38:00,,
EPSOM DOWNS - STREATHAM HILL,P26239,1538,stop,2026-04-18,15:38:00,,
EPSOM DOWNS - STREATHAM HILL,P26237,1538,stop,2026-04-19,15:38:00,,
EPSOM DOWNS - BATTERSEA PARK LONDON,P26237,1538,stop,2026-04-12,15:38:00,,
EPSOM DOWNS - BATTERSEA PARK LONDON,P26238,1538,stop,2026-04-30,15:38:00,,
EPSOM DOWNS - BATTERSEA PARK LONDON,P26238,1538,stop,2026-04-13,15:38:00,,
EPSOM DOWNS - BATTERSEA PARK LONDON,P26237,1538,stop,2026-04-26,15:41:00,,
EPSOM DOWNS - BATTERSEA PARK LONDON,P26238,1538,stop,2026-04-21,15:38:00,,
EPSOM DOWNS - BATTERSEA PARK LONDON,P26238,1538,stop,2026-04-09,15:38:00,,
EPSOM DOWNS - BATTERSEA PARK LONDON,P26238,1538,stop,2026-04-07,15:38:00,,
EPSOM DOWNS - BATTERSEA PARK LONDON,P26238,1538,stop,2026-04-08,15:38:00,,
EPSOM DOWNS - BATTERSEA PARK LONDON,P26238,1538,stop,2026-04-27,15:38:00,,
EPSOM DOWNS - BATTERSEA PARK LONDON,X96171,1538,stop,2026-04-03,15:38:00,,
EPSOM DOWNS - BATTERSEA PARK LONDON,P26238,1538,stop,2026-04-22,15:38:00,,
EPSOM DOWNS - BATTERSEA PARK LONDON,X00796,1538,stop,2026-04-06,15:38:00,,
EPSOM DOWNS - BATTERSEA PARK LONDON,P26238,1538,stop,2026-04-10,15:38:00,,
EPSOM DOWNS - BATTERSEA PARK LONDON,P26239,1538,stop,2026-04-11,15:38:00,,
EPSOM DOWNS - BATTERSEA PARK LONDON,P26238,1538,stop,2026-04-14,15:38:00,,
EPSOM DOWNS - BATTERSEA PARK LONDON,P26238,1538,stop,2026-04-24,15:38:00,,
BATTERSEA PARK LONDON - EPSOM DOWNS,P26228,1500,stop,2026-04-02,15:52:00,,
BATTERSEA PARK LONDON - EPSOM DOWNS,P26229,1500,stop,2026-04-25,15:52:00,,
BATTERSEA PARK LONDON - EPSOM DOWNS,P26228,1500,stop,2026-04-29,15:52:00,,
BATTERSEA PARK LONDON - EPSOM DOWNS,X96222,1500,stop,2026-04-03,15:52:00,,
BATTERSEA PARK LONDON - EPSOM DOWNS,P26228,1500,stop,2026-04-03,15:52:00,,
BATTERSEA PARK LONDON - EPSOM DOWNS,P26228,1500,stop,2026-04-07,15:52:00,,
BATTERSEA PARK LONDON - EPSOM DOWNS,P26228,1500,stop,2026-04-16,15:52:00,,
BATTERSEA PARK LONDON - EPSOM DOWNS,P26228,1500,stop,2026-04-30,15:52:00,,
BATTERSEA PARK LONDON - EPSOM DOWNS,P26228,1500,stop,2026-04-28,15:52:00,,
BATTERSEA PARK LONDON - EPSOM DOWNS,P26228,1500,stop,2026-04-06,15:52:00,,
BATTERSEA PARK LONDON - EPSOM DOWNS,P26228,1500,stop,2026-04-15,15:52:00,,
BATTERSEA PARK LONDON - EPSOM DOWNS,P26228,1500,stop,2026-04-17,15:52:00,,
BATTERSEA PARK LONDON - EPSOM DOWNS,P26227,1500,stop,2026-04-12,15:52:00,,
STREATHAM HILL - EPSOM DOWNS,P26229,1513,stop,2026-04-18,15:52:00,,
BATTERSEA PARK LONDON - EPSOM DOWNS,P26228,1500,stop,2026-04-13,15:52:00,,
BATTERSEA PARK LONDON - EPSOM DOWNS,P26228,1500,stop,2026-04-22,15:52:00,,
BATTERSEA PARK LONDON - EPSOM DOWNS,P26229,1500,stop,2026-04-04,15:52:00,,
BATTERSEA PARK LONDON - EPSOM DOWNS,P26229,1500,stop,2026-04-11,15:52:00,,
BATTERSEA PARK LONDON - EPSOM DOWNS,P26228,1500,stop,2026-04-09,15:52:00,,
BATTERSEA PARK LONDON - EPSOM DOWNS,P26228,1500,stop,2026-04-27,15:52:00,,
BATTERSEA PARK LONDON - EPSOM DOWNS,P26228,1500,stop,2026-04-20,15:52:00,,
BATTERSEA PARK LONDON - EPSOM DOWNS,P26228,1500,stop,2026-04-23,15:52:00,,
BATTERSEA PARK LONDON - EPSOM DOWNS,P26228,1500,stop,2026-04-01,15:52:00,,
BATTERSEA PARK LONDON - EPSOM DOWNS,P26227,1500,stop,2026-04-05,15:52:00,,
BATTERSEA PARK LONDON - EPSOM DOWNS,P26228,1500,stop,2026-04-08,15:52:00,,
BATTERSEA PARK LONDON - EPSOM DOWNS,X00793,1500,stop,2026-04-06,15:52:00,,
BATTERSEA PARK LONDON - EPSOM DOWNS,P26228,1500,stop,2026-04-24,15:52:00,,
BATTERSEA PARK LONDON - EPSOM DOWNS,P26228,1500,stop,2026-04-21,15:52:00,,
BATTERSEA PARK LONDON - EPSOM DOWNS,P26228,1500,stop,2026-04-10,15:52:00,,
BATTERSEA PARK LONDON - EPSOM DOWNS,P26228,1500,stop,2026-04-14,15:52:00,,
STREATHAM HILL - EPSOM DOWNS,P26227,1513,stop,2026-04-19,15:52:00,,
BATTERSEA PARK LONDON - EPSOM DOWNS,P26227,1500,stop,2026-04-26,15:52:00,,
EPSOM DOWNS - BATTERSEA PARK LONDON,P26247,1608,stop,2026-04-23,16:08:00,,
EPSOM DOWNS - BATTERSEA PARK LONDON,P26246,1608,stop,2026-04-12,16:08:00,,
EPSOM DOWNS - BATTERSEA PARK LONDON,P26247,1608,stop,2026-04-29,16:08:00,,
EPSOM DOWNS - BATTERSEA PARK LONDON,P26247,1608,stop,2026-04-08,16:08:00,,
EPSOM DOWNS - BATTERSEA PARK LONDON,P26247,1608,stop,2026-04-01,16:08:00,,
EPSOM DOWNS - BATTERSEA PARK LONDON,P26247,1608,stop,2026-04-21,16:08:00,,
EPSOM DOWNS - BATTERSEA PARK LONDON,P26247,1608,stop,2026-04-22,16:08:00,,
EPSOM DOWNS - BATTERSEA PARK LONDON,P26247,1608,stop,2026-04-10,16:08:00,,
EPSOM DOWNS - STREATHAM HILL,P26246,1608,stop,2026-04-19,16:08:00,,
EPSOM DOWNS - BATTERSEA PARK LONDON,P26247,1608,stop,2026-04-07,16:08:00,,
EPSOM DOWNS - BATTERSEA PARK LONDON,P26247,1608,stop,2026-04-09,16:08:00,,
EPSOM DOWNS - BATTERSEA PARK LONDON,P26247,1608,stop,2026-04-28,16:08:00,,
EPSOM DOWNS - BATTERSEA PARK LONDON,P26247,1608,stop,2026-04-27,16:08:00,,
EPSOM DOWNS - BATTERSEA PARK LONDON,P26246,1608,stop,2026-04-26,16:08:00,,
EPSOM DOWNS - BATTERSEA PARK LONDON,P26247,1608,stop,2026-04-14,16:08:00,,
EPSOM DOWNS - BATTERSEA PARK LONDON,P26247,1608,stop,2026-04-06,16:08:00,,
EPSOM DOWNS - BATTERSEA PARK LONDON,P26247,1608,stop,2026-04-02,16:08:00,,
EPSOM DOWNS - BATTERSEA PARK LONDON,X00798,1608,stop,2026-04-06,16:08:00,,
EPSOM DOWNS - STREATHAM HILL,P26248,1608,stop,2026-04-18,16:08:00,,
EPSOM DOWNS - BATTERSEA PARK LONDON,X96131,1608,stop,2026-04-03,16:11:00,,
EPSOM DOWNS - BATTERSEA PARK LONDON,P26247,1608,stop,2026-04-30,16:11:00,,
EPSOM DOWNS - BATTERSEA PARK LONDON,P26247,1608,stop,2026-04-16,16:08:00,,
EPSOM DOWNS - BATTERSEA PARK LONDON,P26247,1608,stop,2026-04-17,16:08:00,,
EPSOM DOWNS - BATTERSEA PARK LONDON,P26248,1608,stop,2026-04-04,16:08:00,,
EPSOM DOWNS - BATTERSEA PARK LONDON,P26247,1608,stop,2026-04-20,16:08:00,,
EPSOM DOWNS - BATTERSEA PARK LONDON,P26248,1608,stop,2026-04-25,16:08:00,,
EPSOM DOWNS - BATTERSEA PARK LONDON,P26247,1608,stop,2026-04-24,16:08:00,,
EPSOM DOWNS - BATTERSEA PARK LONDON,P26247,1608,stop,2026-04-13,16:08:00,,
EPSOM DOWNS - BATTERSEA PARK LONDON,P26248,1608,stop,2026-04-11,16:08:00,,
EPSOM DOWNS - BATTERSEA PARK LONDON,P26246,1608,stop,2026-04-05,16:08:00,,
EPSOM DOWNS - BATTERSEA PARK LONDON,P26247,1608,stop,2026-04-03,16:08:00,,
EPSOM DOWNS - BATTERSEA PARK LONDON,P26247,1608,stop,2026-04-15,16:08:00,,
BATTERSEA PARK LONDON - EPSOM DOWNS,P26234,1530,stop,2026-04-30,16:22:00,,
BATTERSEA PARK LONDON - EPSOM DOWNS,P26234,1530,stop,2026-04-22,16:22:00,,
BATTERSEA PARK LONDON - EPSOM DOWNS,P26234,1530,stop,2026-04-16,16:22:00,,
BATTERSEA PARK LONDON - EPSOM DOWNS,P26234,1530,stop,2026-04-01,16:22:00,,
BATTERSEA PARK LONDON - EPSOM DOWNS,P26234,1530,stop,2026-04-07,16:22:00,,
STREATHAM HILL - EPSOM DOWNS,P26233,1543,stop,2026-04-19,16:22:00,,
BATTERSEA PARK LONDON - EPSOM DOWNS,P26235,1530,stop,2026-04-25,16:22:00,,
BATTERSEA PARK LONDON - EPSOM DOWNS,P26234,1530,stop,2026-04-08,16:22:00,,
BATTERSEA PARK LONDON - EPSOM DOWNS,P26235,1530,stop,2026-04-11,16:22:00,,
BATTERSEA PARK LONDON - EPSOM DOWNS,P26234,1530,stop,2026-04-13,16:22:00,,
BATTERSEA PARK LONDON - EPSOM DOWNS,P26234,1530,stop,2026-04-14,16:22:00,,
BATTERSEA PARK LONDON - EPSOM DOWNS,X00795,1530,stop,2026-04-06,16:22:00,,
BATTERSEA PARK LONDON - EPSOM DOWNS,P26234,1530,stop,2026-04-09,16:22:00,,
BATTERSEA PARK LONDON - EPSOM DOWNS,P26233,1530,stop,2026-04-12,16:22:00,,
BATTERSEA PARK LONDON - EPSOM DOWNS,P26234,1530,stop,2026-04-17,16:22:00,,
BATTERSEA PARK LONDON - EPSOM DOWNS,P26234,1530,stop,2026-04-21,16:22:00,,
STREATHAM HILL - EPSOM DOWNS,P26235,1543,stop,2026-04-18,16:22:00,,
BATTERSEA PARK LONDON - EPSOM DOWNS,P26235,1530,stop,2026-04-04,16:22:00,,
BATTERSEA PARK LONDON - EPSOM DOWNS,P26234,1530,stop,2026-04-06,16:22:00,,
BATTERSEA PARK LONDON - EPSOM DOWNS,P26234,1530,stop,2026-04-29,16:26:00,,
BATTERSEA PARK LONDON - EPSOM DOWNS,P26233,1530,stop,2026-04-05,16:23:00,,
BATTERSEA PARK LONDON - EPSOM DOWNS,P26234,1530,stop,2026-04-20,16:22:00,,
BATTERSEA PARK LONDON - EPSOM DOWNS,X96180,1530,stop,2026-04-03,16:22:00,,
BATTERSEA PARK LONDON - EPSOM DOWNS,P26234,1530,stop,2026-04-15,16:22:00,,
BATTERSEA PARK LONDON - EPSOM DOWNS,P26234,1530,stop,2026-04-02,16:22:00,,
BATTERSEA PARK LONDON - EPSOM DOWNS,P26233,1530,stop,2026-04-26,16:22:00,,
BATTERSEA PARK LONDON - EPSOM DOWNS,P26234,1530,stop,2026-04-28,16:22:00,,
BATTERSEA PARK LONDON - EPSOM DOWNS,P26234,1530,stop,2026-04-27,16:22:00,,
BATTERSEA PARK LONDON - EPSOM DOWNS,P26234,1530,stop,2026-04-10,16:22:00,,
BATTERSEA PARK LONDON - EPSOM DOWNS,P26234,1530,stop,2026-04-23,16:22:00,,
BATTERSEA PARK LONDON - EPSOM DOWNS,P26234,1530,stop,2026-04-03,16:22:00,,
BATTERSEA PARK LONDON - EPSOM DOWNS,P26234,1530,stop,2026-04-24,16:22:00,,
EPSOM DOWNS - BATTERSEA PARK LONDON,P26004,1638,stop,2026-04-24,16:38:00,,
EPSOM DOWNS - BATTERSEA PARK LONDON,P26005,1638,stop,2026-04-25,16:38:00,,
EPSOM DOWNS - BATTERSEA PARK LONDON,P26004,1638,stop,2026-04-10,16:38:00,,
EPSOM DOWNS - BATTERSEA PARK LONDON,X96090,1638,stop,2026-04-03,16:38:00,,
EPSOM DOWNS - BATTERSEA PARK LONDON,P26004,1638,stop,2026-04-03,16:38:00,,
EPSOM DOWNS - BATTERSEA PARK LONDON,P26004,1638,stop,2026-04-16,16:38:00,,
EPSOM DOWNS - STREATHAM HILL,P26003,1638,stop,2026-04-19,16:38:00,,
EPSOM DOWNS - BATTERSEA PARK LONDON,P26004,1638,stop,2026-04-07,16:38:00,,
EPSOM DOWNS - BATTERSEA PARK LONDON,P26003,1638,stop,2026-04-05,16:38:00,,
EPSOM DOWNS - BATTERSEA PARK LONDON,P26004,1638,stop,2026-04-13,16:38:00,,
EPSOM DOWNS - BATTERSEA PARK LONDON,P26004,1638,stop,2026-04-02,16:38:00,,
EPSOM DOWNS - BATTERSEA PARK LONDON,P26004,1638,stop,2026-04-27,16:38:00,,
EPSOM DOWNS - BATTERSEA PARK LONDON,P26004,1638,stop,2026-04-14,16:38:00,,
EPSOM DOWNS - BATTERSEA PARK LONDON,P26004,1638,stop,2026-04-23,16:38:00,,
EPSOM DOWNS - BATTERSEA PARK LONDON,P26003,1638,stop,2026-04-12,16:38:00,,
EPSOM DOWNS - BATTERSEA PARK LONDON,P26005,1638,stop,2026-04-11,16:38:00,,
EPSOM DOWNS - BATTERSEA PARK LONDON,P26004,1638,stop,2026-04-28,16:38:00,,
EPSOM DOWNS - BATTERSEA PARK LONDON,P26003,1638,stop,2026-04-26,16:38:00,,
EPSOM DOWNS - BATTERSEA PARK LONDON,P26004,1638,stop,2026-04-29,16:38:00,,
EPSOM DOWNS - BATTERSEA PARK LONDON,P26004,1638,stop,2026-04-01,16:41:00,,
EPSOM DOWNS - BATTERSEA PARK LONDON,P26004,1638,stop,2026-04-20,16:41:00,,
EPSOM DOWNS - STREATHAM HILL,P26005,1638,stop,2026-04-18,16:41:00,,
EPSOM DOWNS - BATTERSEA PARK LONDON,P26004,1638,stop,2026-04-06,16:38:00,,
EPSOM DOWNS - BATTERSEA PARK LONDON,P26004,1638,stop,2026-04-22,16:38:00,,
EPSOM DOWNS - BATTERSEA PARK LONDON,P26004,1638,stop,2026-04-08,16:38:00,,
EPSOM DOWNS - BATTERSEA PARK LONDON,P26004,1638,stop,2026-04-09,16:38:00,,
EPSOM DOWNS - BATTERSEA PARK LONDON,P26004,1638,stop,2026-04-21,16:38:00,,
EPSOM DOWNS - BATTERSEA PARK LONDON,P26004,1638,stop,2026-04-30,16:38:00,,
EPSOM DOWNS - BATTERSEA PARK LONDON,P26004,1638,stop,2026-04-15,16:38:00,,
EPSOM DOWNS - BATTERSEA PARK LONDON,X01710,1638,stop,2026-04-06,16:38:00,,
EPSOM DOWNS - BATTERSEA PARK LONDON,P26005,1638,stop,2026-04-04,16:38:00,,
EPSOM DOWNS - BATTERSEA PARK LONDON,P26004,1638,stop,2026-04-17,16:38:00,,
BATTERSEA PARK LONDON - EPSOM DOWNS,P26242,1600,stop,2026-04-07,16:52:00,,
BATTERSEA PARK LONDON - EPSOM DOWNS,P26242,1600,stop,2026-04-22,16:52:00,,
BATTERSEA PARK LONDON - EPSOM DOWNS,X96140,1600,stop,2026-04-03,16:52:00,,
BATTERSEA PARK LONDON - EPSOM DOWNS,X00797,1600,stop,2026-04-06,16:52:00,,
BATTERSEA PARK LONDON - EPSOM DOWNS,P26242,1600,stop,2026-04-08,16:52:00,,
BATTERSEA PARK LONDON - EPSOM DOWNS,P26242,1600,stop,2026-04-17,16:52:00,,
BATTERSEA PARK LONDON - EPSOM DOWNS,P26242,1600,stop,2026-04-14,16:52:00,,
BATTERSEA PARK LONDON - EPSOM DOWNS,P26243,1600,stop,2026-04-11,16:52:00,,
BATTERSEA PARK LONDON - EPSOM DOWNS,P26242,1600,stop,2026-04-06,16:52:00,,
BATTERSEA PARK LONDON - EPSOM DOWNS,P26242,1600,stop,2026-04-02,16:52:00,,
BATTERSEA PARK LONDON - EPSOM DOWNS,P26242,1600,stop,2026-04-21,16:52:00,,
BATTERSEA PARK LONDON - EPSOM DOWNS,P26243,1600,stop,2026-04-04,16:52:00,,
BATTERSEA PARK LONDON - EPSOM DOWNS,P26242,1600,stop,2026-04-15,16:52:00,,
STREATHAM HILL - EPSOM DOWNS,P26241,1613,stop,2026-04-19,16:52:00,,
BATTERSEA PARK LONDON - EPSOM DOWNS,P26242,1600,stop,2026-04-01,16:52:00,,
BATTERSEA PARK LONDON - EPSOM DOWNS,P26241,1600,stop,2026-04-05,16:52:00,,
BATTERSEA PARK LONDON - EPSOM DOWNS,P26241,1600,stop,2026-04-12,16:52:00,,
STREATHAM HILL - EPSOM DOWNS,P26243,1613,stop,2026-04-18,16:52:00,,
BATTERSEA PARK LONDON - EPSOM DOWNS,P26242,1600,stop,2026-04-09,16:52:00,,
BATTERSEA PARK LONDON - EPSOM DOWNS,P26242,1600,stop,2026-04-10,16:56:00,,
BATTERSEA PARK LONDON - EPSOM DOWNS,P26242,1600,stop,2026-04-27,16:56:00,,
BATTERSEA PARK LONDON - EPSOM DOWNS,P26241,1600,stop,2026-04-26,16:52:00,,
BATTERSEA PARK LONDON - EPSOM DOWNS,P26242,1600,stop,2026-04-29,16:52:00,,
BATTERSEA PARK LONDON - EPSOM DOWNS,P26243,1600,stop,2026-04-25,16:52:00,,
BATTERSEA PARK LONDON - EPSOM DOWNS,P26242,1600,stop,2026-04-28,16:52:00,,
BATTERSEA PARK LONDON - EPSOM DOWNS,P26242,1600,stop,2026-04-24,16:52:00,,
BATTERSEA PARK LONDON - EPSOM DOWNS,P26242,1600,stop,2026-04-30,16:52:00,,
BATTERSEA PARK LONDON - EPSOM DOWNS,P26242,1600,stop,2026-04-20,16:52:00,,
BATTERSEA PARK LONDON - EPSOM DOWNS,P26242,1600,stop,2026-04-16,16:52:00,,
BATTERSEA PARK LONDON - EPSOM DOWNS,P26242,1600,stop,2026-04-13,16:52:00,,
BATTERSEA PARK LONDON - EPSOM DOWNS,P26242,1600,stop,2026-04-03,16:52:00,,
BATTERSEA PARK LONDON - EPSOM DOWNS,P26242,1600,stop,2026-04-23,16:52:00,,
EPSOM DOWNS - BATTERSEA PARK LONDON,X00742,1708,stop,2026-04-06,17:08:00,,
EPSOM DOWNS - BATTERSEA PARK LONDON,P26259,1708,stop,2026-04-30,17:08:00,,
EPSOM DOWNS - BATTERSEA PARK LONDON,P26259,1708,stop,2026-04-10,17:08:00,,
EPSOM DOWNS - STREATHAM HILL,P26019,1708,stop,2026-04-19,17:08:00,,
EPSOM DOWNS - STREATHAM HILL,P26020,1708,stop,2026-04-18,17:08:00,,
EPSOM DOWNS - BATTERSEA PARK LONDON,X96050,1708,stop,2026-04-03,17:08:00,,
EPSOM DOWNS - BATTERSEA PARK LONDON,P26259,1708,stop,2026-04-03,17:08:00,,
EPSOM DOWNS - BATTERSEA PARK LONDON,P26259,1708,stop,2026-04-17,17:08:00,,
EPSOM DOWNS - BATTERSEA PARK LONDON,P26259,1708,stop,2026-04-16,17:08:00,,
EPSOM DOWNS - BATTERSEA PARK LONDON,P26259,1708,stop,2026-04-02,17:08:00,,
EPSOM DOWNS - BATTERSEA PARK LONDON,P26259,1708,stop,2026-04-01,17:08:00,,
EPSOM DOWNS - BATTERSEA PARK LONDON,P26019,1708,stop,2026-04-05,17:08:00,,
EPSOM DOWNS - BATTERSEA PARK LONDON,P26259,1708,stop,2026-04-13,17:08:00,,
EPSOM DOWNS - BATTERSEA PARK LONDON,P26259,1708,stop,2026-04-06,17:08:00,,
EPSOM DOWNS - BATTERSEA PARK LONDON,P26259,1708,stop,2026-04-09,17:08:00,,
EPSOM DOWNS - BATTERSEA PARK LONDON,P26020,1708,stop,2026-04-11,17:08:00,,
EPSOM DOWNS - BATTERSEA PARK LONDON,P26259,1708,stop,2026-04-07,17:08:00,,
EPSOM DOWNS - BATTERSEA PARK LONDON,P26259,1708,stop,2026-04-28,17:08:00,,
EPSOM DOWNS - BATTERSEA PARK LONDON,P26259,1708,stop,2026-04-29,17:08:00,,
EPSOM DOWNS - BATTERSEA PARK LONDON,P26259,1708,stop,2026-04-22,17:11:00,,
EPSOM DOWNS - BATTERSEA PARK LONDON,P26020,1708,stop,2026-04-25,17:11:00,,
EPSOM DOWNS - BATTERSEA PARK LONDON,P26259,1708,stop,2026-04-27,17:11:00,,
EPSOM DOWNS - BATTERSEA PARK LONDON,P26259,1708,stop,2026-04-08,17:08:00,,
EPSOM DOWNS - BATTERSEA PARK LONDON,P26259,1708,stop,2026-04-21,17:08:00,,
EPSOM DOWNS - BATTERSEA PARK LONDON,P26019,1708,stop,2026-04-26,17:08:00,,
EPSOM DOWNS - BATTERSEA PARK LONDON,P26019,1708,stop,2026-04-12,17:08:00,,
EPSOM DOWNS - BATTERSEA PARK LONDON,P26020,1708,stop,2026-04-04,17:08:00,,
EPSOM DOWNS - BATTERSEA PARK LONDON,P26259,1708,stop,2026-04-24,17:08:00,,
EPSOM DOWNS - BATTERSEA PARK LONDON,P26259,1708,stop,2026-04-23,17:08:00,,
EPSOM DOWNS - BATTERSEA PARK LONDON,P26259,1708,stop,2026-04-15,17:08:00,,
EPSOM DOWNS - BATTERSEA PARK LONDON,P26259,1708,stop,2026-04-14,17:08:00,,
EPSOM DOWNS - BATTERSEA PARK LONDON,P26259,1708,stop,2026-04-20,17:08:00,,
BATTERSEA PARK LONDON - EPSOM DOWNS,P26250,1630,stop,2026-04-16,17:22:00,,
BATTERSEA PARK LONDON - EPSOM DOWNS,P26250,1630,stop,2026-04-15,17:22:00,,
BATTERSEA PARK LONDON - EPSOM DOWNS,P26250,1630,stop,2026-04-23,17:22:00,,
BATTERSEA PARK LONDON - EPSOM DOWNS,P26251,1630,stop,2026-04-11,17:22:00,,
BATTERSEA PARK LONDON - EPSOM DOWNS,P26250,1630,stop,2026-04-27,17:22:00,,
BATTERSEA PARK LONDON - EPSOM DOWNS,P26251,1630,stop,2026-04-25,17:22:00,,
BATTERSEA PARK LONDON - EPSOM DOWNS,P26250,1630,stop,2026-04-07,17:22:00,,
BATTERSEA PARK LONDON - EPSOM DOWNS,P26250,1630,stop,2026-04-20,17:22:00,,
BATTERSEA PARK LONDON - EPSOM DOWNS,P26250,1630,stop,2026-04-14,17:22:00,,
BATTERSEA PARK LONDON - EPSOM DOWNS,P26250,1630,stop,2026-04-08,17:22:00,,
BATTERSEA PARK LONDON - EPSOM DOWNS,P26250,1630,stop,2026-04-30,17:22:00,,
BATTERSEA PARK LONDON - EPSOM DOWNS,P26250,1630,stop,2026-04-09,17:22:00,,
STREATHAM HILL - EPSOM DOWNS,P26249,1643,stop,2026-04-19,17:22:00,,
BATTERSEA PARK LONDON - EPSOM DOWNS,P26251,1630,stop,2026-04-04,17:22:00,,
BATTERSEA PARK LONDON - EPSOM DOWNS,P26250,1630,stop,2026-04-21,17:22:00,,
BATTERSEA PARK LONDON - EPSOM DOWNS,P26250,1630,stop,2026-04-29,17:22:00,,
BATTERSEA PARK LONDON - EPSOM DOWNS,P26249,1630,stop,2026-04-12,17:22:00,,
STREATHAM HILL - EPSOM DOWNS,P26251,1643,stop,2026-04-18,17:22:00,,
BATTERSEA PARK LONDON - EPSOM DOWNS,P26250,1630,stop,2026-04-10,17:22:00,,
BATTERSEA PARK LONDON - EPSOM DOWNS,P26250,1630,stop,2026-04-24,17:26:00,,
BATTERSEA PARK LONDON - EPSOM DOWNS,X00799,1630,stop,2026-04-06,17:26:00,,
BATTERSEA PARK LONDON - EPSOM DOWNS,P26249,1630,stop,2026-04-05,17:23:00,,
BATTERSEA PARK LONDON - EPSOM DOWNS,P26250,1630,stop,2026-04-13,17:22:00,,
BATTERSEA PARK LONDON - EPSOM DOWNS,P26250,1630,stop,2026-04-22,17:22:00,,
BATTERSEA PARK LONDON - EPSOM DOWNS,P26250,1630,stop,2026-04-17,17:22:00,,
BATTERSEA PARK LONDON - EPSOM DOWNS,X96099,1630,stop,2026-04-03,17:22:00,,
BATTERSEA PARK LONDON - EPSOM DOWNS,P26249,1630,stop,2026-04-26,17:22:00,,
BATTERSEA PARK LONDON - EPSOM DOWNS,P26250,1630,stop,2026-04-03,17:22:00,,
BATTERSEA PARK LONDON - EPSOM DOWNS,P26250,1630,stop,2026-04-06,17:22:00,,
BATTERSEA PARK LONDON - EPSOM DOWNS,P26250,1630,stop,2026-04-01,17:22:00,,
BATTERSEA PARK LONDON - EPSOM DOWNS,P26250,1630,stop,2026-04-02,17:22:00,,
BATTERSEA PARK LONDON - EPSOM DOWNS,P26250,1630,stop,2026-04-28,17:22:00,,
EPSOM DOWNS - BATTERSEA PARK LONDON,P26034,1738,stop,2026-04-23,17:38:00,,
EPSOM DOWNS - BATTERSEA PARK LONDON,X95616,1738,stop,2026-04-03,17:38:00,,
EPSOM DOWNS - STREATHAM HILL,P26033,1738,stop,2026-04-19,17:38:00,,
EPSOM DOWNS - BATTERSEA PARK LONDON,P26034,1738,stop,2026-04-24,17:38:00,,
EPSOM DOWNS - BATTERSEA PARK LONDON,P26034,1738,stop,2026-04-09,17:38:00,,
EPSOM DOWNS - BATTERSEA PARK LONDON,P26034,1738,stop,2026-04-22,17:38:00,,
EPSOM DOWNS - BATTERSEA PARK LONDON,P26034,1738,stop,2026-04-08,17:38:00,,
EPSOM DOWNS - BATTERSEA PARK LONDON,X00744,1738,stop,2026-04-06,17:38:00,,
EPSOM DOWNS - BATTERSEA PARK LONDON,P26034,1738,stop,2026-04-20,17:38:00,,
EPSOM DOWNS - BATTERSEA PARK LONDON,P26034,1738,stop,2026-04-07,17:38:00,,
EPSOM DOWNS - BATTERSEA PARK LONDON,P26034,1738,stop,2026-04-06,17:38:00,,
EPSOM DOWNS - BATTERSEA PARK LONDON,P26034,1738,stop,2026-04-30,17:38:00,,
EPSOM DOWNS - BATTERSEA PARK LONDON,P26034,1738,stop,2026-04-15,17:38:00,,
EPSOM DOWNS - STREATHAM HILL,P26035,1738,stop,2026-04-18,17:38:00,,
EPSOM DOWNS - BATTERSEA PARK LONDON,P26034,1738,stop,2026-04-29,17:38:00,,
EPSOM DOWNS - BATTERSEA PARK LONDON,P26034,1738,stop,2026-04-10,17:38:00,,
EPSOM DOWNS - BATTERSEA PARK LONDON,P26034,1738,stop,2026-04-17,17:38:00,,
EPSOM DOWNS - BATTERSEA PARK LONDON,P26035,1738,stop,2026-04-04,17:38:00,,
EPSOM DOWNS - BATTERSEA PARK LONDON,P26034,1738,stop,2026-04-03,17:38:00,,
EPSOM DOWNS - BATTERSEA PARK LONDON,P26034,1738,stop,2026-04-13,17:41:00,,
EPSOM DOWNS - BATTERSEA PARK LONDON,P26034,1738,stop,2026-04-02,17:41:00,,
EPSOM DOWNS - BATTERSEA PARK LONDON,P26033,1738,stop,2026-04-05,17:38:00,,
EPSOM DOWNS - BATTERSEA PARK LONDON,P26034,1738,stop,2026-04-27,17:38:00,,
EPSOM DOWNS - BATTERSEA PARK LONDON,P26035,1738,stop,2026-04-11,17:38:00,,
EPSOM DOWNS - BATTERSEA PARK LONDON,P26034,1738,stop,2026-04-16,17:38:00,,
EPSOM DOWNS - BATTERSEA PARK LONDON,P26033,1738,stop,2026-04-26,17:38:00,,
EPSOM DOWNS - BATTERSEA PARK LONDON,P26033,1738,stop,2026-04-12,17:38:00,,
EPSOM DOWNS - BATTERSEA PARK LONDON,P26034,1738,stop,2026-04-14,17:38:00,,
EPSOM DOWNS - BATTERSEA PARK LONDON,P26034,1738,stop,2026-04-28,17:38:00,,
EPSOM DOWNS - BATTERSEA PARK LONDON,P26034,1738,stop,2026-04-01,17:38:00,,
EPSOM DOWNS - BATTERSEA PARK LONDON,P26035,1738,stop,2026-04-25,17:38:00,,
EPSOM DOWNS - BATTERSEA PARK LONDON,P26034,1738,stop,2026-04-21,17:38:00,,
BATTERSEA PARK LONDON - EPSOM DOWNS,X00740,1700,stop,2026-04-06,17:52:00,,
BATTERSEA PARK LONDON - EPSOM DOWNS,P26008,1700,stop,2026-04-06,17:52:00,,
BATTERSEA PARK LONDON - EPSOM DOWNS,P26008,1700,stop,2026-04-13,17:52:00,,
BATTERSEA PARK LONDON - EPSOM DOWNS,P26008,1700,stop,2026-04-28,17:52:00,,
BATTERSEA PARK LONDON - EPSOM DOWNS,P26008,1700,stop,2026-04-07,17:52:00,,
BATTERSEA PARK LONDON - EPSOM DOWNS,X96059,1700,stop,2026-04-03,17:52:00,,
BATTERSEA PARK LONDON - EPSOM DOWNS,P26009,1700,stop,2026-04-11,17:52:00,,
BATTERSEA PARK LONDON - EPSOM DOWNS,P26007,1700,stop,2026-04-12,17:52:00,,
BATTERSEA PARK LONDON - EPSOM DOWNS,P26008,1700,stop,2026-04-23,17:52:00,,
BATTERSEA PARK LONDON - EPSOM DOWNS,P26008,1700,stop,2026-04-24,17:52:00,,
BATTERSEA PARK LONDON - EPSOM DOWNS,P26009,1700,stop,2026-04-04,17:52:00,,
BATTERSEA PARK LONDON - EPSOM DOWNS,P26008,1700,stop,2026-04-21,17:52:00,,
BATTERSEA PARK LONDON - EPSOM DOWNS,P26008,1700,stop,2026-04-22,17:52:00,,
BATTERSEA PARK LONDON - EPSOM DOWNS,P26008,1700,stop,2026-04-16,17:52:00,,
BATTERSEA PARK LONDON - EPSOM DOWNS,P26008,1700,stop,2026-04-10,17:52:00,,
STREATHAM HILL - EPSOM DOWNS,P26007,1713,stop,2026-04-19,17:52:00,,
BATTERSEA PARK LONDON - EPSOM DOWNS,P26008,1700,stop,2026-04-09,17:52:00,,
BATTERSEA PARK LONDON - EPSOM DOWNS,P26009,1700,stop,2026-04-25,17:52:00,,
BATTERSEA PARK LONDON - EPSOM DOWNS,P26008,1700,stop,2026-04-03,17:52:00,,
BATTERSEA PARK LONDON - EPSOM DOWNS,P26008,1700,stop,2026-04-17,17:56:00,,
BATTERSEA PARK LONDON - EPSOM DOWNS,P26008,1700,stop,2026-04-08,17:56:00,,
BATTERSEA PARK LONDON - EPSOM DOWNS,P26008,1700,stop,2026-04-29,17:52:00,,
BATTERSEA PARK LONDON - EPSOM DOWNS,P26008,1700,stop,2026-04-01,17:52:00,,
BATTERSEA PARK LONDON - EPSOM DOWNS,P26008,1700,stop,2026-04-14,17:52:00,,
BATTERSEA PARK LONDON - EPSOM DOWNS,P26008,1700,stop,2026-04-20,17:52:00,,
BATTERSEA PARK LONDON - EPSOM DOWNS,P26008,1700,stop,2026-04-02,17:52:00,,
BATTERSEA PARK LONDON - EPSOM DOWNS,P26008,1700,stop,2026-04-27,17:52:00,,
BATTERSEA PARK LONDON - EPSOM DOWNS,P26007,1700,stop,2026-04-26,17:52:00,,
BATTERSEA PARK LONDON - EPSOM DOWNS,P26008,1700,stop,2026-04-30,17:52:00,,
STREATHAM HILL - EPSOM DOWNS,P26009,1713,stop,2026-04-18,17:52:00,,
BATTERSEA PARK LONDON - EPSOM DOWNS,P26007,1700,stop,2026-04-05,17:52:00,,
BATTERSEA PARK LONDON - EPSOM DOWNS,P26008,1700,stop,2026-04-15,17:52:00,,
EPSOM DOWNS - BATTERSEA PARK LONDON,P26050,1808,stop,2026-04-30,18:08:00,,
EPSOM DOWNS - BATTERSEA PARK LONDON,P26050,1808,stop,2026-04-29,18:08:00,,
EPSOM DOWNS - BATTERSEA PARK LONDON,P26050,1808,stop,2026-04-14,18:08:00,,
EPSOM DOWNS - BATTERSEA PARK LONDON,P26050,1808,stop,2026-04-28,18:08:00,,
EPSOM DOWNS - BATTERSEA PARK LONDON,P26050,1808,stop,2026-04-10,18:08:00,,
EPSOM DOWNS - BATTERSEA PARK LONDON,P26050,1808,stop,2026-04-16,18:08:00,,
EPSOM DOWNS - BATTERSEA PARK LONDON,P26050,1808,stop,2026-04-20,18:08:00,,
EPSOM DOWNS - BATTERSEA PARK LONDON,P26050,1808,stop,2026-04-13,18:08:00,,
EPSOM DOWNS - BATTERSEA PARK LONDON,P26050,1808,stop,2026-04-07,18:08:00,,
EPSOM DOWNS - BATTERSEA PARK LONDON,X00746,1808,stop,2026-04-06,18:08:00,,
EPSOM DOWNS - BATTERSEA PARK LONDON,P26050,1808,stop,2026-04-21,18:08:00,,
EPSOM DOWNS - BATTERSEA PARK LONDON,P26050,1808,stop,2026-04-09,18:08:00,,
EPSOM DOWNS - BATTERSEA PARK LONDON,P26050,1808,stop,2026-04-22,18:08:00,,
EPSOM DOWNS - STREATHAM HILL,P26049,1808,stop,2026-04-19,18:08:00,,
EPSOM DOWNS - BATTERSEA PARK LONDON,P26050,1808,stop,2026-04-23,18:08:00,,
EPSOM DOWNS - BATTERSEA PARK LONDON,P26050,1808,stop,2026-04-08,18:08:00,,
EPSOM DOWNS - BATTERSEA PARK LONDON,P26050,1808,stop,2026-04-02,18:08:00,,
EPSOM DOWNS - BATTERSEA PARK LONDON,P26050,1808,stop,2026-04-01,18:08:00,,
EPSOM DOWNS - BATTERSEA PARK LONDON,P26050,1808,stop,2026-04-06,18:08:00,,
EPSOM DOWNS - BATTERSEA PARK LONDON,P26051,1808,stop,2026-04-04,18:08:00,,
EPSOM DOWNS - BATTERSEA PARK LONDON,P26051,1808,stop,2026-04-25,18:08:00,,
EPSOM DOWNS - BATTERSEA PARK LONDON,P26050,1808,stop,2026-04-15,18:08:00,,
EPSOM DOWNS - BATTERSEA PARK LONDON,P26050,1808,stop,2026-04-03,18:08:00,,
EPSOM DOWNS - BATTERSEA PARK LONDON,X95576,1808,stop,2026-04-03,18:08:00,,
EPSOM DOWNS - BATTERSEA PARK LONDON,P26050,1808,stop,2026-04-17,18:08:00,,
EPSOM DOWNS - STREATHAM HILL,P26051,1808,stop,2026-04-18,18:08:00,,
EPSOM DOWNS - BATTERSEA PARK LONDON,P26049,1808,stop,2026-04-05,18:08:00,,
EPSOM DOWNS - BATTERSEA PARK LONDON,P26050,1808,stop,2026-04-27,18:08:00,,
EPSOM DOWNS - BATTERSEA PARK LONDON,P26049,1808,stop,2026-04-26,18:08:00,,
EPSOM DOWNS - BATTERSEA PARK LONDON,P26051,1808,stop,2026-04-11,18:08:00,,
EPSOM DOWNS - BATTERSEA PARK LONDON,P26049,1808,stop,2026-04-12,18:08:00,,
EPSOM DOWNS - BATTERSEA PARK LONDON,P26050,1808,stop,2026-04-24,18:08:00,,
BATTERSEA PARK LONDON - EPSOM DOWNS,X95625,1730,stop,2026-04-03,18:22:00,,
BATTERSEA PARK LONDON - EPSOM DOWNS,P26023,1730,stop,2026-04-06,18:22:00,,
BATTERSEA PARK LONDON - EPSOM DOWNS,P26023,1730,stop,2026-04-03,18:22:00,,
BATTERSEA PARK LONDON - EPSOM DOWNS,P26023,1730,stop,2026-04-30,18:22:00,,
BATTERSEA PARK LONDON - EPSOM DOWNS,P26024,1730,stop,2026-04-25,18:22:00,,
BATTERSEA PARK LONDON - EPSOM DOWNS,P26023,1730,stop,2026-04-07,18:22:00,,
BATTERSEA PARK LONDON - EPSOM DOWNS,X00743,1730,stop,2026-04-06,18:22:00,,
BATTERSEA PARK LONDON - EPSOM DOWNS,P26023,1730,stop,2026-04-13,18:22:00,,
BATTERSEA PARK LONDON - EPSOM DOWNS,P26024,1730,stop,2026-04-11,18:22:00,,
BATTERSEA PARK LONDON - EPSOM DOWNS,P26022,1730,stop,2026-04-26,18:22:00,,
BATTERSEA PARK LONDON - EPSOM DOWNS,P26023,1730,stop,2026-04-01,18:22:00,,
BATTERSEA PARK LONDON - EPSOM DOWNS,P26023,1730,stop,2026-04-24,18:22:00,,
BATTERSEA PARK LONDON - EPSOM DOWNS,P26023,1730,stop,2026-04-17,18:22:00,,
BATTERSEA PARK LONDON - EPSOM DOWNS,P26022,1730,stop,2026-04-12,18:22:00,,
BATTERSEA PARK LONDON - EPSOM DOWNS,P26023,1730,stop,2026-04-02,18:22:00,,
BATTERSEA PARK LONDON - EPSOM DOWNS,P26023,1730,stop,2026-04-28,18:22:00,,
BATTERSEA PARK LONDON - EPSOM DOWNS,P26023,1730,stop,2026-04-21,18:22:00,,
BATTERSEA PARK LONDON - EPSOM DOWNS,P26023,1730,stop,2026-04-23,18:22:00,,
BATTERSEA PARK LONDON - EPSOM DOWNS,P26023,1730,stop,2026-04-10,18:22:00,,
BATTERSEA PARK LONDON - EPSOM DOWNS,P26023,1730,stop,2026-04-08,18:26:00,,
BATTERSEA PARK LONDON - EPSOM DOWNS,P26023,1730,stop,2026-04-09,18:26:00,,
BATTERSEA PARK LONDON - EPSOM DOWNS,P26022,1730,stop,2026-04-05,18:23:00,,
BATTERSEA PARK LONDON - EPSOM DOWNS,P26023,1730,stop,2026-04-29,18:22:00,,
BATTERSEA PARK LONDON - EPSOM DOWNS,P26024,1730,stop,2026-04-04,18:22:00,,
STREATHAM HILL - EPSOM DOWNS,P26024,1743,stop,2026-04-18,18:22:00,,
STREATHAM HILL - EPSOM DOWNS,P26022,1743,stop,2026-04-19,18:22:00,,
BATTERSEA PARK LONDON - EPSOM DOWNS,P26023,1730,stop,2026-04-20,18:22:00,,
BATTERSEA PARK LONDON - EPSOM DOWNS,P26023,1730,stop,2026-04-16,18:22:00,,
BATTERSEA PARK LONDON - EPSOM DOWNS,P26023,1730,stop,2026-04-14,18:22:00,,
BATTERSEA PARK LONDON - EPSOM DOWNS,P26023,1730,stop,2026-04-27,18:22:00,,
BATTERSEA PARK LONDON - EPSOM DOWNS,P26023,1730,stop,2026-04-15,18:22:00,,
BATTERSEA PARK LONDON - EPSOM DOWNS,P26023,1730,stop,2026-04-22,18:22:00,,
EPSOM DOWNS - BATTERSEA PARK LONDON,P26065,1838,stop,2026-04-08,18:38:00,,
EPSOM DOWNS - BATTERSEA PARK LONDON,P26065,1838,stop,2026-04-22,18:38:00,,
EPSOM DOWNS - BATTERSEA PARK LONDON,P26065,1838,stop,2026-04-30,18:38:00,,
EPSOM DOWNS - BATTERSEA PARK LONDON,P26065,1838,stop,2026-04-10,18:38:00,,
EPSOM DOWNS - BATTERSEA PARK LONDON,P26065,1838,stop,2026-04-09,18:38:00,,
EPSOM DOWNS - BATTERSEA PARK LONDON,X95449,1838,stop,2026-04-03,18:38:00,,
EPSOM DOWNS - BATTERSEA PARK LONDON,P26065,1838,stop,2026-04-27,18:38:00,,
EPSOM DOWNS - BATTERSEA PARK LONDON,P26065,1838,stop,2026-04-06,18:38:00,,
EPSOM DOWNS - BATTERSEA PARK LONDON,P26066,1838,stop,2026-04-04,18:38:00,,
EPSOM DOWNS - BATTERSEA PARK LONDON,X00749,1838,stop,2026-04-06,18:38:00,,
EPSOM DOWNS - BATTERSEA PARK LONDON,P26064,1838,stop,2026-04-05,18:38:00,,
EPSOM DOWNS - BATTERSEA PARK LONDON,P26065,1838,stop,2026-04-03,18:38:00,,
EPSOM DOWNS - BATTERSEA PARK LONDON,P26065,1838,stop,2026-04-07,18:38:00,,
EPSOM DOWNS - BATTERSEA PARK LONDON,P26065,1838,stop,2026-04-24,18:38:00,,
EPSOM DOWNS - BATTERSEA PARK LONDON,P26065,1838,stop,2026-04-28,18:38:00,,
EPSOM DOWNS - BATTERSEA PARK LONDON,P26065,1838,stop,2026-04-23,18:38:00,,
EPSOM DOWNS - BATTERSEA PARK LONDON,P26065,1838,stop,2026-04-02,18:38:00,,
EPSOM DOWNS - BATTERSEA PARK LONDON,P26065,1838,stop,2026-04-29,18:38:00,,
EPSOM DOWNS - BATTERSEA PARK LONDON,P26064,1838,stop,2026-04-26,18:38:00,,
EPSOM DOWNS - BATTERSEA PARK LONDON,P26064,1838,stop,2026-04-12,18:41:00,,
EPSOM DOWNS - BATTERSEA PARK LONDON,P26065,1838,stop,2026-04-01,18:41:00,,
EPSOM DOWNS - BATTERSEA PARK LONDON,P26065,1838,stop,2026-04-20,18:38:00,,
EPSOM DOWNS - BATTERSEA PARK LONDON,P26066,1838,stop,2026-04-11,18:38:00,,
EPSOM DOWNS - BATTERSEA PARK LONDON,P26066,1838,stop,2026-04-25,18:38:00,,
EPSOM DOWNS - BATTERSEA PARK LONDON,P26065,1838,stop,2026-04-13,18:38:00,,
EPSOM DOWNS - BATTERSEA PARK LONDON,P26065,1838,stop,2026-04-14,18:38:00,,
EPSOM DOWNS - STREATHAM HILL,P26064,1838,stop,2026-04-19,18:38:00,,
EPSOM DOWNS - BATTERSEA PARK LONDON,P26065,1838,stop,2026-04-21,18:38:00,,
EPSOM DOWNS - BATTERSEA PARK LONDON,P26065,1838,stop,2026-04-15,18:38:00,,
EPSOM DOWNS - BATTERSEA PARK LONDON,P26065,1838,stop,2026-04-16,18:38:00,,
EPSOM DOWNS - STREATHAM HILL,P26066,1838,stop,2026-04-18,18:38:00,,
EPSOM DOWNS - BATTERSEA PARK LONDON,P26065,1838,stop,2026-04-17,18:38:00,,
BATTERSEA PARK LONDON - EPSOM DOWNS,P26039,1800,stop,2026-04-06,18:52:00,,
BATTERSEA PARK LONDON - EPSOM DOWNS,X95585,1800,stop,2026-04-03,18:52:00,,
BATTERSEA PARK LONDON - EPSOM DOWNS,P26039,1800,stop,2026-04-13,18:52:00,,
BATTERSEA PARK LONDON - EPSOM DOWNS,P26039,1800,stop,2026-04-14,18:52:00,,
BATTERSEA PARK LONDON - EPSOM DOWNS,P26039,1800,stop,2026-04-28,18:52:00,,
BATTERSEA PARK LONDON - EPSOM DOWNS,P26039,1800,stop,2026-04-17,18:52:00,,
BATTERSEA PARK LONDON - EPSOM DOWNS,P26039,1800,stop,2026-04-23,18:52:00,,
BATTERSEA PARK LONDON - EPSOM DOWNS,P26039,1800,stop,2026-04-09,18:52:00,,
BATTERSEA PARK LONDON - EPSOM DOWNS,P26039,1800,stop,2026-04-16,18:52:00,,
BATTERSEA PARK LONDON - EPSOM DOWNS,P26038,1800,stop,2026-04-26,18:52:00,,
BATTERSEA PARK LONDON - EPSOM DOWNS,P26038,1800,stop,2026-04-05,18:52:00,,
BATTERSEA PARK LONDON - EPSOM DOWNS,P26040,1800,stop,2026-04-04,18:52:00,,
BATTERSEA PARK LONDON - EPSOM DOWNS,P26039,1800,stop,2026-04-15,18:52:00,,
BATTERSEA PARK LONDON - EPSOM DOWNS,P26039,1800,stop,2026-04-27,18:52:00,,
BATTERSEA PARK LONDON - EPSOM DOWNS,P26039,1800,stop,2026-04-02,18:52:00,,
BATTERSEA PARK LONDON - EPSOM DOWNS,P26039,1800,stop,2026-04-24,18:52:00,,
BATTERSEA PARK LONDON - EPSOM DOWNS,P26040,1800,stop,2026-04-11,18:52:00,,
BATTERSEA PARK LONDON - EPSOM DOWNS,X00745,1800,stop,2026-04-06,18:52:00,,
BATTERSEA PARK LONDON - EPSOM DOWNS,P26039,1800,stop,2026-04-03,18:52:00,,
BATTERSEA PARK LONDON - EPSOM DOWNS,P26039,1800,stop,2026-04-08,18:56:00,,
BATTERSEA PARK LONDON - EPSOM DOWNS,P26039,1800,stop,2026-04-22,18:56:00,,
BATTERSEA PARK LONDON - EPSOM DOWNS,P26039,1800,stop,2026-04-30,18:52:00,,
BATTERSEA PARK LONDON - EPSOM DOWNS,P26038,1800,stop,2026-04-12,18:52:00,,
BATTERSEA PARK LONDON - EPSOM DOWNS,P26039,1800,stop,2026-04-29,18:52:00,,
BATTERSEA PARK LONDON - EPSOM DOWNS,P26039,1800,stop,2026-04-07,18:52:00,,
BATTERSEA PARK LONDON - EPSOM DOWNS,P26039,1800,stop,2026-04-20,18:52:00,,
BATTERSEA PARK LONDON - EPSOM DOWNS,P26039,1800,stop,2026-04-10,18:52:00,,
BATTERSEA PARK LONDON - EPSOM DOWNS,P26040,1800,stop,2026-04-25,18:52:00,,
STREATHAM HILL - EPSOM DOWNS,P26040,1813,stop,2026-04-18,18:52:00,,
BATTERSEA PARK LONDON - EPSOM DOWNS,P26039,1800,stop,2026-04-21,18:52:00,,
STREATHAM HILL - EPSOM DOWNS,P26038,1813,stop,2026-04-19,18:52:00,,
BATTERSEA PARK LONDON - EPSOM DOWNS,P26039,1800,stop,2026-04-01,18:52:00,,
EPSOM DOWNS - BATTERSEA PARK LONDON,P26081,1908,stop,2026-04-28,19:08:00,,
EPSOM DOWNS - BATTERSEA PARK LONDON,P26081,1908,stop,2026-04-22,19:08:00,,
EPSOM DOWNS - BATTERSEA PARK LONDON,P26081,1908,stop,2026-04-08,19:08:00,,
EPSOM DOWNS - BATTERSEA PARK LONDON,P26081,1908,stop,2026-04-27,19:08:00,,
EPSOM DOWNS - BATTERSEA PARK LONDON,P26081,1908,stop,2026-04-30,19:08:00,,
EPSOM DOWNS - BATTERSEA PARK LONDON,P26082,1908,stop,2026-04-25,19:08:00,,
EPSOM DOWNS - STREATHAM HILL,P26080,1908,stop,2026-04-19,19:08:00,,
EPSOM DOWNS - BATTERSEA PARK LONDON,P26082,1908,stop,2026-04-04,19:08:00,,
EPSOM DOWNS - BATTERSEA PARK LONDON,P26081,1908,stop,2026-04-14,19:08:00,,
EPSOM DOWNS - BATTERSEA PARK LONDON,P26080,1908,stop,2026-04-12,19:08:00,,
EPSOM DOWNS - BATTERSEA PARK LONDON,P26081,1908,stop,2026-04-21,19:08:00,,
EPSOM DOWNS - BATTERSEA PARK LONDON,P26081,1908,stop,2026-04-15,19:08:00,,
EPSOM DOWNS - BATTERSEA PARK LONDON,P26081,1908,stop,2026-04-16,19:08:00,,
EPSOM DOWNS - BATTERSEA PARK LONDON,P26081,1908,stop,2026-04-01,19:08:00,,
EPSOM DOWNS - BATTERSEA PARK LONDON,P26081,1908,stop,2026-04-07,19:08:00,,
EPSOM DOWNS - BATTERSEA PARK LONDON,P26081,1908,stop,2026-04-24,19:08:00,,
EPSOM DOWNS - STREATHAM HILL,P26082,1908,stop,2026-04-18,19:08:00,,
EPSOM DOWNS - BATTERSEA PARK LONDON,P26082,1908,stop,2026-04-11,19:08:00,,
EPSOM DOWNS - BATTERSEA PARK LONDON,P26081,1908,stop,2026-04-09,19:08:00,,
EPSOM DOWNS - BATTERSEA PARK LONDON,P26081,1908,stop,2026-04-23,19:11:00,,
EPSOM DOWNS - BATTERSEA PARK LONDON,P26081,1908,stop,2026-04-20,19:08:00,,
EPSOM DOWNS - BATTERSEA PARK LONDON,X95315,1908,stop,2026-04-03,19:08:00,,
EPSOM DOWNS - BATTERSEA PARK LONDON,P26081,1908,stop,2026-04-03,19:08:00,,
EPSOM DOWNS - BATTERSEA PARK LONDON,P26081,1908,stop,2026-04-06,19:08:00,,
EPSOM DOWNS - BATTERSEA PARK LONDON,P26081,1908,stop,2026-04-29,19:08:00,,
EPSOM DOWNS - BATTERSEA PARK LONDON,P26080,1908,stop,2026-04-26,19:08:00,,
EPSOM DOWNS - BATTERSEA PARK LONDON,P26081,1908,stop,2026-04-10,19:08:00,,
EPSOM DOWNS - BATTERSEA PARK LONDON,X00752,1908,stop,2026-04-06,19:08:00,,
EPSOM DOWNS - BATTERSEA PARK LONDON,P26081,1908,stop,2026-04-02,19:08:00,,
EPSOM DOWNS - BATTERSEA PARK LONDON,P26081,1908,stop,2026-04-17,19:08:00,,
EPSOM DOWNS - BATTERSEA PARK LONDON,P26080,1908,stop,2026-04-05,19:08:00,,
EPSOM DOWNS - BATTERSEA PARK LONDON,P26081,1908,stop,2026-04-13,19:08:00,,
BATTERSEA PARK LONDON - EPSOM DOWNS,P26054,1830,stop,2026-04-14,19:22:00,,
BATTERSEA PARK LONDON - EPSOM DOWNS,P26055,1830,stop,2026-04-04,19:22:00,,
BATTERSEA PARK LONDON - EPSOM DOWNS,P26054,1830,stop,2026-04-07,19:22:00,,
BATTERSEA PARK LONDON - EPSOM DOWNS,P26054,1830,stop,2026-04-06,19:22:00,,
BATTERSEA PARK LONDON - EPSOM DOWNS,P26054,1830,stop,2026-04-27,19:22:00,,
BATTERSEA PARK LONDON - EPSOM DOWNS,P26055,1830,stop,2026-04-11,19:22:00,,
BATTERSEA PARK LONDON - EPSOM DOWNS,P26054,1830,stop,2026-04-23,19:22:00,,
BATTERSEA PARK LONDON - EPSOM DOWNS,P26054,1830,stop,2026-04-08,19:22:00,,
BATTERSEA PARK LONDON - EPSOM DOWNS,P26053,1830,stop,2026-04-26,19:22:00,,
BATTERSEA PARK LONDON - EPSOM DOWNS,P26054,1830,stop,2026-04-22,19:22:00,,
BATTERSEA PARK LONDON - EPSOM DOWNS,P26054,1830,stop,2026-04-21,19:22:00,,
STREATHAM HILL - EPSOM DOWNS,P26055,1843,stop,2026-04-18,19:22:00,,
BATTERSEA PARK LONDON - EPSOM DOWNS,P26054,1830,stop,2026-04-29,19:22:00,,
BATTERSEA PARK LONDON - EPSOM DOWNS,X95458,1830,stop,2026-04-03,19:22:00,,
BATTERSEA PARK LONDON - EPSOM DOWNS,P26054,1830,stop,2026-04-20,19:22:00,,
BATTERSEA PARK LONDON - EPSOM DOWNS,P26054,1830,stop,2026-04-28,19:22:00,,
BATTERSEA PARK LONDON - EPSOM DOWNS,P26054,1830,stop,2026-04-01,19:22:00,,
BATTERSEA PARK LONDON - EPSOM DOWNS,P26054,1830,stop,2026-04-03,19:22:00,,
BATTERSEA PARK LONDON - EPSOM DOWNS,P26054,1830,stop,2026-04-15,19:22:00,,
STREATHAM HILL - EPSOM DOWNS,P26053,1843,stop,2026-04-19,19:26:00,,
BATTERSEA PARK LONDON - EPSOM DOWNS,P26053,1830,stop,2026-04-05,19:23:00,,
BATTERSEA PARK LONDON - EPSOM DOWNS,P26054,1830,stop,2026-04-16,19:22:00,,
BATTERSEA PARK LONDON - EPSOM DOWNS,P26054,1830,stop,2026-04-13,19:22:00,,
BATTERSEA PARK LONDON - EPSOM DOWNS,P26054,1830,stop,2026-04-10,19:22:00,,
BATTERSEA PARK LONDON - EPSOM DOWNS,P26054,1830,stop,2026-04-17,19:22:00,,
BATTERSEA PARK LONDON - EPSOM DOWNS,P26053,1830,stop,2026-04-12,19:22:00,,
BATTERSEA PARK LONDON - EPSOM DOWNS,P26054,1830,stop,2026-04-30,19:22:00,,
BATTERSEA PARK LONDON - EPSOM DOWNS,P26054,1830,stop,2026-04-02,19:22:00,,
BATTERSEA PARK LONDON - EPSOM DOWNS,P26055,1830,stop,2026-04-25,19:22:00,,
BATTERSEA PARK LONDON - EPSOM DOWNS,P26054,1830,stop,2026-04-09,19:22:00,,
BATTERSEA PARK LONDON - EPSOM DOWNS,X00747,1830,stop,2026-04-06,19:22:00,,
BATTERSEA PARK LONDON - EPSOM DOWNS,P26054,1830,stop,2026-04-24,19:22:00,,
EPSOM DOWNS - BATTERSEA PARK LONDON,P26096,1938,stop,2026-04-20,19:38:00,,
EPSOM DOWNS - STREATHAM HILL,P26095,1938,stop,2026-04-19,19:38:00,,
EPSOM DOWNS - BATTERSEA PARK LONDON,P26096,1938,stop,2026-04-28,19:38:00,,
EPSOM DOWNS - BATTERSEA PARK LONDON,P26097,1938,stop,2026-04-11,19:38:00,,
EPSOM DOWNS - BATTERSEA PARK LONDON,P26096,1938,stop,2026-04-07,19:38:00,,
EPSOM DOWNS - BATTERSEA PARK LONDON,P26096,1938,stop,2026-04-10,19:38:00,,
EPSOM DOWNS - BATTERSEA PARK LONDON,P26096,1938,stop,2026-04-08,19:38:00,,
EPSOM DOWNS - BATTERSEA PARK LONDON,P26096,1938,stop,2026-04-09,19:38:00,,
EPSOM DOWNS - BATTERSEA PARK LONDON,P26096,1938,stop,2026-04-14,19:38:00,,
EPSOM DOWNS - BATTERSEA PARK LONDON,P26096,1938,stop,2026-04-30,19:38:00,,
EPSOM DOWNS - BATTERSEA PARK LONDON,P26096,1938,stop,2026-04-23,19:38:00,,
EPSOM DOWNS - STREATHAM HILL,P26097,1938,stop,2026-04-18,19:38:00,,
EPSOM DOWNS - BATTERSEA PARK LONDON,P26097,1938,stop,2026-04-25,19:38:00,,
EPSOM DOWNS - BATTERSEA PARK LONDON,P26096,1938,stop,2026-04-24,19:38:00,,
EPSOM DOWNS - BATTERSEA PARK LONDON,P26095,1938,stop,2026-04-26,19:38:00,,
EPSOM DOWNS - BATTERSEA PARK LONDON,P26096,1938,stop,2026-04-27,19:38:00,,
EPSOM DOWNS - BATTERSEA PARK LONDON,P26096,1938,stop,2026-04-29,19:38:00,,
EPSOM DOWNS - BATTERSEA PARK LONDON,P26096,1938,stop,2026-04-22,19:38:00,,
EPSOM DOWNS - BATTERSEA PARK LONDON,P26096,1938,stop,2026-04-21,19:38:00,,
EPSOM DOWNS - BATTERSEA PARK LONDON,P26096,1938,stop,2026-04-16,19:41:00,,
EPSOM DOWNS - BATTERSEA PARK LONDON,P26096,1938,stop,2026-04-01,19:38:00,,
EPSOM DOWNS - BATTERSEA PARK LONDON,P26096,1938,stop,2026-04-17,19:38:00,,
EPSOM DOWNS - BATTERSEA PARK LONDON,P26095,1938,stop,2026-04-05,19:38:00,,
EPSOM DOWNS - BATTERSEA PARK LONDON,P26096,1938,stop,2026-04-02,19:38:00,,
EPSOM DOWNS - BATTERSEA PARK LONDON,P26096,1938,stop,2026-04-15,19:38:00,,
EPSOM DOWNS - BATTERSEA PARK LONDON,P26096,1938,stop,2026-04-03,19:38:00,,
EPSOM DOWNS - BATTERSEA PARK LONDON,X95274,1938,stop,2026-04-03,19:38:00,,
EPSOM DOWNS - BATTERSEA PARK LONDON,P26097,1938,stop,2026-04-04,19:38:00,,
EPSOM DOWNS - BATTERSEA PARK LONDON,P26096,1938,stop,2026-04-06,19:38:00,,
EPSOM DOWNS - BATTERSEA PARK LONDON,X00756,1938,stop,2026-04-06,19:38:00,,
EPSOM DOWNS - BATTERSEA PARK LONDON,P26096,1938,stop,2026-04-13,19:38:00,,
EPSOM DOWNS - BATTERSEA PARK LONDON,P26095,1938,stop,2026-04-12,19:38:00,,
BATTERSEA PARK LONDON - EPSOM DOWNS,P26068,1900,stop,2026-04-05,19:52:00,,
BATTERSEA PARK LONDON - EPSOM DOWNS,P26068,1900,stop,2026-04-26,19:52:00,,
BATTERSEA PARK LONDON - EPSOM DOWNS,P26069,1900,stop,2026-04-28,19:52:00,,
BATTERSEA PARK LONDON - EPSOM DOWNS,P26070,1900,stop,2026-04-11,19:52:00,,
BATTERSEA PARK LONDON - EPSOM DOWNS,P26069,1900,stop,2026-04-14,19:52:00,,
BATTERSEA PARK LONDON - EPSOM DOWNS,P26069,1900,stop,2026-04-13,19:52:00,,
BATTERSEA PARK LONDON - EPSOM DOWNS,P26069,1900,stop,2026-04-09,19:52:00,,
BATTERSEA PARK LONDON - EPSOM DOWNS,P26069,1900,stop,2026-04-21,19:52:00,,
BATTERSEA PARK LONDON - EPSOM DOWNS,P26069,1900,stop,2026-04-07,19:52:00,,
BATTERSEA PARK LONDON - EPSOM DOWNS,P26069,1900,stop,2026-04-16,19:52:00,,
BATTERSEA PARK LONDON - EPSOM DOWNS,P26070,1900,stop,2026-04-04,19:52:00,,
BATTERSEA PARK LONDON - EPSOM DOWNS,P26068,1900,stop,2026-04-12,19:52:00,,
BATTERSEA PARK LONDON - EPSOM DOWNS,P26069,1900,stop,2026-04-20,19:52:00,,
STREATHAM HILL - EPSOM DOWNS,P26070,1913,stop,2026-04-18,19:52:00,,
BATTERSEA PARK LONDON - EPSOM DOWNS,P26069,1900,stop,2026-04-30,19:52:00,,
BATTERSEA PARK LONDON - EPSOM DOWNS,P26069,1900,stop,2026-04-24,19:52:00,,
BATTERSEA PARK LONDON - EPSOM DOWNS,P26070,1900,stop,2026-04-25,19:52:00,,
BATTERSEA PARK LONDON - EPSOM DOWNS,P26069,1900,stop,2026-04-22,19:52:00,,
STREATHAM HILL - EPSOM DOWNS,P26068,1913,stop,2026-04-19,19:52:00,,
BATTERSEA PARK LONDON - EPSOM DOWNS,P26069,1900,stop,2026-04-01,19:56:00,,
BATTERSEA PARK LONDON - EPSOM DOWNS,P26069,1900,stop,2026-04-03,19:52:00,,
BATTERSEA PARK LONDON - EPSOM DOWNS,X95326,1900,stop,2026-04-03,19:52:00,,
BATTERSEA PARK LONDON - EPSOM DOWNS,X00525,1900,stop,2026-04-06,19:52:00,,
BATTERSEA PARK LONDON - EPSOM DOWNS,P26069,1900,stop,2026-04-27,19:52:00,,
BATTERSEA PARK LONDON - EPSOM DOWNS,P26069,1900,stop,2026-04-06,19:52:00,,
BATTERSEA PARK LONDON - EPSOM DOWNS,P26069,1900,stop,2026-04-02,19:52:00,,
BATTERSEA PARK LONDON - EPSOM DOWNS,P26069,1900,stop,2026-04-15,19:52:00,,
BATTERSEA PARK LONDON - EPSOM DOWNS,P26069,1900,stop,2026-04-08,19:52:00,,
BATTERSEA PARK LONDON - EPSOM DOWNS,P26069,1900,stop,2026-04-29,19:52:00,,
BATTERSEA PARK LONDON - EPSOM DOWNS,P26069,1900,stop,2026-04-17,19:52:00,,
BATTERSEA PARK LONDON - EPSOM DOWNS,P26069,1900,stop,2026-04-10,19:52:00,,
BATTERSEA PARK LONDON - EPSOM DOWNS,P26069,1900,stop,2026-04-23,19:52:00,,
EPSOM DOWNS - BATTERSEA PARK LONDON,P26111,2008,stop,2026-04-07,20:08:00,,
EPSOM DOWNS - BATTERSEA PARK LONDON,P26110,2008,stop,2026-04-17,20:08:00,,
EPSOM DOWNS - STREATHAM HILL,P26112,2008,stop,2026-04-18,20:08:00,,
EPSOM DOWNS - BATTERSEA PARK LONDON,P26112,2008,stop,2026-04-04,20:08:00,,
EPSOM DOWNS - BATTERSEA PARK LONDON,P26111,2008,stop,2026-04-27,20:08:00,,
EPSOM DOWNS - BATTERSEA PARK LONDON,P26109,2008,stop,2026-04-12,20:08:00,,
EPSOM DOWNS - BATTERSEA PARK LONDON,P26111,2008,stop,2026-04-29,20:08:00,,
EPSOM DOWNS - BATTERSEA PARK LONDON,P26111,2008,stop,2026-04-28,20:08:00,,
EPSOM DOWNS - BATTERSEA PARK LONDON,P26111,2008,stop,2026-04-21,20:08:00,,
EPSOM DOWNS - BATTERSEA PARK LONDON,P26111,2008,stop,2026-04-09,20:08:00,,
EPSOM DOWNS - BATTERSEA PARK LONDON,P26111,2008,stop,2026-04-08,20:08:00,,
EPSOM DOWNS - BATTERSEA PARK LONDON,P26111,2008,stop,2026-04-16,20:08:00,,
EPSOM DOWNS - BATTERSEA PARK LONDON,P26111,2008,stop,2026-04-20,20:08:00,,
EPSOM DOWNS - BATTERSEA PARK LONDON,P26111,2008,stop,2026-04-22,20:08:00,,
EPSOM DOWNS - BATTERSEA PARK LONDON,P26111,2008,stop,2026-04-01,20:08:00,,
EPSOM DOWNS - BATTERSEA PARK LONDON,P26111,2008,stop,2026-04-02,20:08:00,,
EPSOM DOWNS - BATTERSEA PARK LONDON,P26110,2008,stop,2026-04-24,20:08:00,,
EPSOM DOWNS - BATTERSEA PARK LONDON,P26110,2008,stop,2026-04-10,20:08:00,,
EPSOM DOWNS - BATTERSEA PARK LONDON,P26111,2008,stop,2026-04-15,20:08:00,,
EPSOM DOWNS - BATTERSEA PARK LONDON,P26111,2008,stop,2026-04-23,20:11:00,,
EPSOM DOWNS - BATTERSEA PARK LONDON,X00760,2008,stop,2026-04-06,20:08:00,,
EPSOM DOWNS - BATTERSEA PARK LONDON,P26112,2008,stop,2026-04-11,20:08:00,,
EPSOM DOWNS - STREATHAM HILL,P26109,2008,stop,2026-04-19,20:08:00,,
EPSOM DOWNS - BATTERSEA PARK LONDON,P26111,2008,stop,2026-04-13,20:08:00,,
EPSOM DOWNS - BATTERSEA PARK LONDON,P26110,2008,stop,2026-04-03,20:08:00,,
EPSOM DOWNS - BATTERSEA PARK LONDON,P26111,2008,stop,2026-04-30,20:08:00,,
EPSOM DOWNS - BATTERSEA PARK LONDON,P26109,2008,stop,2026-04-26,20:08:00,,
EPSOM DOWNS - BATTERSEA PARK LONDON,P26111,2008,stop,2026-04-06,20:08:00,,
EPSOM DOWNS - BATTERSEA PARK LONDON,P26112,2008,stop,2026-04-25,20:08:00,,
EPSOM DOWNS - BATTERSEA PARK LONDON,P26111,2008,stop,2026-04-14,20:08:00,,
EPSOM DOWNS - BATTERSEA PARK LONDON,X95232,2008,stop,2026-04-03,20:08:00,,
EPSOM DOWNS - BATTERSEA PARK LONDON,P26109,2008,stop,2026-04-05,20:08:00,,
BATTERSEA PARK LONDON - EPSOM DOWNS,P26085,1930,stop,2026-04-15,20:22:00,,
BATTERSEA PARK LONDON - EPSOM DOWNS,P26085,1930,stop,2026-04-17,20:22:00,,
STREATHAM HILL - EPSOM DOWNS,P26084,1943,stop,2026-04-19,20:22:00,,
BATTERSEA PARK LONDON - EPSOM DOWNS,P26085,1930,stop,2026-04-02,20:22:00,,
STREATHAM HILL - EPSOM DOWNS,P26086,1943,stop,2026-04-18,20:22:00,,
BATTERSEA PARK LONDON - EPSOM DOWNS,P26085,1930,stop,2026-04-01,20:22:00,,
BATTERSEA PARK LONDON - EPSOM DOWNS,P26085,1930,stop,2026-04-21,20:22:00,,
BATTERSEA PARK LONDON - EPSOM DOWNS,P26086,1930,stop,2026-04-04,20:22:00,,
BATTERSEA PARK LONDON - EPSOM DOWNS,P26086,1930,stop,2026-04-11,20:22:00,,
BATTERSEA PARK LONDON - EPSOM DOWNS,X95283,1930,stop,2026-04-03,20:22:00,,
BATTERSEA PARK LONDON - EPSOM DOWNS,P26085,1930,stop,2026-04-03,20:22:00,,
BATTERSEA PARK LONDON - EPSOM DOWNS,P26085,1930,stop,2026-04-30,20:22:00,,
BATTERSEA PARK LONDON - EPSOM DOWNS,P26085,1930,stop,2026-04-22,20:22:00,,
BATTERSEA PARK LONDON - EPSOM DOWNS,P26085,1930,stop,2026-04-24,20:22:00,,
BATTERSEA PARK LONDON - EPSOM DOWNS,X00753,1930,stop,2026-04-06,20:22:00,,
BATTERSEA PARK LONDON - EPSOM DOWNS,P26085,1930,stop,2026-04-08,20:22:00,,
BATTERSEA PARK LONDON - EPSOM DOWNS,P26085,1930,stop,2026-04-20,20:22:00,,
BATTERSEA PARK LONDON - EPSOM DOWNS,P26085,1930,stop,2026-04-23,20:22:00,,
BATTERSEA PARK LONDON - EPSOM DOWNS,P26085,1930,stop,2026-04-07,20:22:00,,
BATTERSEA PARK LONDON - EPSOM DOWNS,P26085,1930,stop,2026-04-14,20:26:00,,
BATTERSEA PARK LONDON - EPSOM DOWNS,P26084,1930,stop,2026-04-05,20:23:00,,
BATTERSEA PARK LONDON - EPSOM DOWNS,P26085,1930,stop,2026-04-09,20:22:00,,
BATTERSEA PARK LONDON - EPSOM DOWNS,P26084,1930,stop,2026-04-26,20:22:00,,
BATTERSEA PARK LONDON - EPSOM DOWNS,P26085,1930,stop,2026-04-10,20:22:00,,
BATTERSEA PARK LONDON - EPSOM DOWNS,P26085,1930,stop,2026-04-13,20:22:00,,
BATTERSEA PARK LONDON - EPSOM DOWNS,P26085,1930,stop,2026-04-16,20:22:00,,
BATTERSEA PARK LONDON - EPSOM DOWNS,P26084,1930,stop,2026-04-12,20:22:00,,
BATTERSEA PARK LONDON - EPSOM DOWNS,P26085,1930,stop,2026-04-27,20:22:00,,
BATTERSEA PARK LONDON - EPSOM DOWNS,P26085,1930,stop,2026-04-28,20:22:00,,
BATTERSEA PARK LONDON - EPSOM DOWNS,P26085,1930,stop,2026-04-29,20:22:00,,
BATTERSEA PARK LONDON - EPSOM DOWNS,P26085,1930,stop,2026-04-06,20:22:00,,
BATTERSEA PARK LONDON - EPSOM DOWNS,P26086,1930,stop,2026-04-25,20:22:00,,
EPSOM DOWNS - BATTERSEA PARK LONDON,P26123,2038,stop,2026-04-30,20:38:00,,
EPSOM DOWNS - BATTERSEA PARK LONDON,P26123,2038,stop,2026-04-13,20:38:00,,
EPSOM DOWNS - BATTERSEA PARK LONDON,P26124,2038,stop,2026-04-25,20:38:00,,
EPSOM DOWNS - BATTERSEA PARK LONDON,P26122,2038,stop,2026-04-05,20:38:00,,
EPSOM DOWNS - BATTERSEA PARK LONDON,X00764,2038,stop,2026-04-06,20:38:00,,
EPSOM DOWNS - BATTERSEA PARK LONDON,P26123,2038,stop,2026-04-06,20:38:00,,
EPSOM DOWNS - BATTERSEA PARK LONDON,P26123,2038,stop,2026-04-15,20:38:00,,
EPSOM DOWNS - BATTERSEA PARK LONDON,P26123,2038,stop,2026-04-16,20:38:00,,
EPSOM DOWNS - BATTERSEA PARK LONDON,P26124,2038,stop,2026-04-04,20:38:00,,
EPSOM DOWNS - BATTERSEA PARK LONDON,P26123,2038,stop,2026-04-23,20:38:00,,
EPSOM DOWNS - BATTERSEA PARK LONDON,P26124,2038,stop,2026-04-11,20:38:00,,
EPSOM DOWNS - BATTERSEA PARK LONDON,P26123,2038,stop,2026-04-10,20:38:00,,
EPSOM DOWNS - BATTERSEA PARK LONDON,P26123,2038,stop,2026-04-29,20:38:00,,
EPSOM DOWNS - BATTERSEA PARK LONDON,P26122,2038,stop,2026-04-12,20:38:00,,
EPSOM DOWNS - BATTERSEA PARK LONDON,P26123,2038,stop,2026-04-22,20:38:00,,
EPSOM DOWNS - STREATHAM HILL,P26124,2038,stop,2026-04-18,20:38:00,,
EPSOM DOWNS - BATTERSEA PARK LONDON,P26123,2038,stop,2026-04-28,20:38:00,,
EPSOM DOWNS - BATTERSEA PARK LONDON,P26123,2038,stop,2026-04-20,20:38:00,,
EPSOM DOWNS - BATTERSEA PARK LONDON,P26123,2038,stop,2026-04-27,20:38:00,,
EPSOM DOWNS - BATTERSEA PARK LONDON,P26123,2038,stop,2026-04-01,20:38:00,,
EPSOM DOWNS - BATTERSEA PARK LONDON,P26123,2038,stop,2026-04-24,20:38:00,,
EPSOM DOWNS - BATTERSEA PARK LONDON,P26123,2038,stop,2026-04-08,20:38:00,,
EPSOM DOWNS - BATTERSEA PARK LONDON,P26123,2038,stop,2026-04-14,20:38:00,,
EPSOM DOWNS - BATTERSEA PARK LONDON,P26123,2038,stop,2026-04-17,20:38:00,,
EPSOM DOWNS - BATTERSEA PARK LONDON,X93862,2038,stop,2026-04-03,20:38:00,,
EPSOM DOWNS - BATTERSEA PARK LONDON,P26123,2038,stop,2026-04-02,20:38:00,,
EPSOM DOWNS - BATTERSEA PARK LONDON,P26123,2038,stop,2026-04-09,20:38:00,,
EPSOM DOWNS - BATTERSEA PARK LONDON,P26123,2038,stop,2026-04-21,20:38:00,,
EPSOM DOWNS - STREATHAM HILL,P26122,2038,stop,2026-04-19,20:38:00,,
EPSOM DOWNS - BATTERSEA PARK LONDON,P26123,2038,stop,2026-04-07,20:38:00,,
EPSOM DOWNS - BATTERSEA PARK LONDON,P26122,2038,stop,2026-04-26,20:38:00,,
EPSOM DOWNS - BATTERSEA PARK LONDON,P26123,2038,stop,2026-04-03,20:38:00,,
BATTERSEA PARK LONDON - EPSOM DOWNS,P26100,2000,stop,2026-04-22,20:52:00,,
BATTERSEA PARK LONDON - EPSOM DOWNS,P26101,2000,stop,2026-04-25,20:52:00,,
BATTERSEA PARK LONDON - EPSOM DOWNS,P26100,2000,stop,2026-04-07,20:52:00,,
BATTERSEA PARK LONDON - EPSOM DOWNS,P26100,2000,stop,2026-04-13,20:52:00,,
BATTERSEA PARK LONDON - EPSOM DOWNS,P26100,2000,stop,2026-04-09,20:52:00,,
BATTERSEA PARK LONDON - EPSOM DOWNS,P26100,2000,stop,2026-04-21,20:52:00,,
BATTERSEA PARK LONDON - EPSOM DOWNS,X95243,2000,stop,2026-04-03,20:52:00,,
BATTERSEA PARK LONDON - EPSOM DOWNS,P26100,2000,stop,2026-04-28,20:52:00,,
BATTERSEA PARK LONDON - EPSOM DOWNS,P26100,2000,stop,2026-04-20,20:52:00,,
BATTERSEA PARK LONDON - EPSOM DOWNS,P26100,2000,stop,2026-04-27,20:52:00,,
BATTERSEA PARK LONDON - EPSOM DOWNS,P26100,2000,stop,2026-04-24,20:52:00,,
BATTERSEA PARK LONDON - EPSOM DOWNS,P26100,2000,stop,2026-04-15,20:52:00,,
BATTERSEA PARK LONDON - EPSOM DOWNS,P26100,2000,stop,2026-04-17,20:52:00,,
BATTERSEA PARK LONDON - EPSOM DOWNS,P26100,2000,stop,2026-04-14,20:52:00,,
STREATHAM HILL - EPSOM DOWNS,P26099,2013,stop,2026-04-19,20:52:00,,
BATTERSEA PARK LONDON - EPSOM DOWNS,P26100,2000,stop,2026-04-02,20:52:00,,
BATTERSEA PARK LONDON - EPSOM DOWNS,P26100,2000,stop,2026-04-23,20:52:00,,
BATTERSEA PARK LONDON - EPSOM DOWNS,P26100,2000,stop,2026-04-10,20:52:00,,
BATTERSEA PARK LONDON - EPSOM DOWNS,P26100,2000,stop,2026-04-01,20:52:00,,
BATTERSEA PARK LONDON - EPSOM DOWNS,P26101,2000,stop,2026-04-11,20:56:00,,
BATTERSEA PARK LONDON - EPSOM DOWNS,P26099,2000,stop,2026-04-05,20:52:00,,
BATTERSEA PARK LONDON - EPSOM DOWNS,P26100,2000,stop,2026-04-03,20:52:00,,
BATTERSEA PARK LONDON - EPSOM DOWNS,X00757,2000,stop,2026-04-06,20:52:00,,
BATTERSEA PARK LONDON - EPSOM DOWNS,P26101,2000,stop,2026-04-04,20:52:00,,
STREATHAM HILL - EPSOM DOWNS,P26101,2013,stop,2026-04-18,20:52:00,,
BATTERSEA PARK LONDON - EPSOM DOWNS,P26100,2000,stop,2026-04-29,20:52:00,,
BATTERSEA PARK LONDON - EPSOM DOWNS,P26100,2000,stop,2026-04-06,20:52:00,,
BATTERSEA PARK LONDON - EPSOM DOWNS,P26099,2000,stop,2026-04-26,20:52:00,,
BATTERSEA PARK LONDON - EPSOM DOWNS,P26099,2000,stop,2026-04-12,20:52:00,,
BATTERSEA PARK LONDON - EPSOM DOWNS,P26100,2000,stop,2026-04-16,20:52:00,,
BATTERSEA PARK LONDON - EPSOM DOWNS,P26100,2000,stop,2026-04-08,20:52:00,,
BATTERSEA PARK LONDON - EPSOM DOWNS,P26100,2000,stop,2026-04-30,20:52:00,,
EPSOM DOWNS - BATTERSEA PARK LONDON,P26135,2108,stop,2026-04-30,21:08:00,,
EPSOM DOWNS - BATTERSEA PARK LONDON,P26135,2108,stop,2026-04-02,21:08:00,,
EPSOM DOWNS - BATTERSEA PARK LONDON,P26134,2108,stop,2026-04-26,21:08:00,,
EPSOM DOWNS - BATTERSEA PARK LONDON,X93821,2108,stop,2026-04-03,21:08:00,,
EPSOM DOWNS - BATTERSEA PARK LONDON,P26135,2108,stop,2026-04-16,21:08:00,,
EPSOM DOWNS - BATTERSEA PARK LONDON,P26135,2108,stop,2026-04-08,21:08:00,,
EPSOM DOWNS - BATTERSEA PARK LONDON,P26135,2108,stop,2026-04-06,21:08:00,,
EPSOM DOWNS - BATTERSEA PARK LONDON,X00768,2108,stop,2026-04-06,21:08:00,,
EPSOM DOWNS - BATTERSEA PARK LONDON,P26135,2108,stop,2026-04-01,21:08:00,,
EPSOM DOWNS - BATTERSEA PARK LONDON,P26134,2108,stop,2026-04-05,21:08:00,,
EPSOM DOWNS - BATTERSEA PARK LONDON,P26135,2108,stop,2026-04-15,21:08:00,,
EPSOM DOWNS - BATTERSEA PARK LONDON,P26135,2108,stop,2026-04-28,21:08:00,,
EPSOM DOWNS - BATTERSEA PARK LONDON,P26135,2108,stop,2026-04-27,21:08:00,,
EPSOM DOWNS - BATTERSEA PARK LONDON,P26135,2108,stop,2026-04-29,21:08:00,,
EPSOM DOWNS - BATTERSEA PARK LONDON,P26135,2108,stop,2026-04-14,21:08:00,,
EPSOM DOWNS - STREATHAM HILL,P26134,2108,stop,2026-04-19,21:08:00,,
EPSOM DOWNS - BATTERSEA PARK LONDON,P26135,2108,stop,2026-04-07,21:08:00,,
EPSOM DOWNS - BATTERSEA PARK LONDON,P26135,2108,stop,2026-04-21,21:08:00,,
EPSOM DOWNS - BATTERSEA PARK LONDON,P26135,2108,stop,2026-04-13,21:08:00,,
EPSOM DOWNS - BATTERSEA PARK LONDON,P26135,2108,stop,2026-04-22,21:11:00,,
EPSOM DOWNS - BATTERSEA PARK LONDON,P26135,2108,stop,2026-04-10,21:08:00,,
EPSOM DOWNS - BATTERSEA PARK LONDON,P26135,2108,stop,2026-04-20,21:08:00,,
EPSOM DOWNS - STREATHAM HILL,P26136,2108,stop,2026-04-18,21:08:00,,
EPSOM DOWNS - BATTERSEA PARK LONDON,P26134,2108,stop,2026-04-12,21:08:00,,
EPSOM DOWNS - BATTERSEA PARK LONDON,P26135,2108,stop,2026-04-03,21:08:00,,
EPSOM DOWNS - BATTERSEA PARK LONDON,P26135,2108,stop,2026-04-17,21:08:00,,
EPSOM DOWNS - BATTERSEA PARK LONDON,P26135,2108,stop,2026-04-23,21:08:00,,
EPSOM DOWNS - BATTERSEA PARK LONDON,P26136,2108,stop,2026-04-25,21:08:00,,
EPSOM DOWNS - BATTERSEA PARK LONDON,P26136,2108,stop,2026-04-11,21:08:00,,
EPSOM DOWNS - BATTERSEA PARK LONDON,P26135,2108,stop,2026-04-09,21:08:00,,
EPSOM DOWNS - BATTERSEA PARK LONDON,P26135,2108,stop,2026-04-24,21:08:00,,
EPSOM DOWNS - BATTERSEA PARK LONDON,P26136,2108,stop,2026-04-04,21:08:00,,
BATTERSEA PARK LONDON - EPSOM DOWNS,P26114,2030,stop,2026-04-09,21:22:00,,
BATTERSEA PARK LONDON - EPSOM DOWNS,P26114,2030,stop,2026-04-22,21:22:00,,
BATTERSEA PARK LONDON - EPSOM DOWNS,P26114,2030,stop,2026-04-13,21:22:00,,
BATTERSEA PARK LONDON - EPSOM DOWNS,X93870,2030,stop,2026-04-03,21:22:00,,
BATTERSEA PARK LONDON - EPSOM DOWNS,P26114,2030,stop,2026-04-08,21:22:00,,
BATTERSEA PARK LONDON - EPSOM DOWNS,P26114,2030,stop,2026-04-07,21:22:00,,
BATTERSEA PARK LONDON - EPSOM DOWNS,P26114,2030,stop,2026-04-15,21:22:00,,
BATTERSEA PARK LONDON - EPSOM DOWNS,P26114,2030,stop,2026-04-23,21:22:00,,
BATTERSEA PARK LONDON - EPSOM DOWNS,P26115,2030,stop,2026-04-04,21:22:00,,
BATTERSEA PARK LONDON - EPSOM DOWNS,P26114,2030,stop,2026-04-24,21:22:00,,
STREATHAM HILL - EPSOM DOWNS,P26113,2043,stop,2026-04-19,21:22:00,,
BATTERSEA PARK LONDON - EPSOM DOWNS,P26114,2030,stop,2026-04-27,21:22:00,,
BATTERSEA PARK LONDON - EPSOM DOWNS,P26114,2030,stop,2026-04-21,21:22:00,,
BATTERSEA PARK LONDON - EPSOM DOWNS,P26114,2030,stop,2026-04-10,21:22:00,,
BATTERSEA PARK LONDON - EPSOM DOWNS,P26115,2030,stop,2026-04-11,21:22:00,,
BATTERSEA PARK LONDON - EPSOM DOWNS,P26114,2030,stop,2026-04-06,21:22:00,,
BATTERSEA PARK LONDON - EPSOM DOWNS,P26113,2030,stop,2026-04-12,21:22:00,,
BATTERSEA PARK LONDON - EPSOM DOWNS,P26114,2030,stop,2026-04-20,21:22:00,,
BATTERSEA PARK LONDON - EPSOM DOWNS,X00761,2030,stop,2026-04-06,21:22:00,,
BATTERSEA PARK LONDON - EPSOM DOWNS,P26114,2030,stop,2026-04-29,21:26:00,,
BATTERSEA PARK LONDON - EPSOM DOWNS,P26113,2030,stop,2026-04-05,21:23:00,,
BATTERSEA PARK LONDON - EPSOM DOWNS,P26114,2030,stop,2026-04-14,21:22:00,,
STREATHAM HILL - EPSOM DOWNS,P26115,2043,stop,2026-04-18,21:22:00,,
BATTERSEA PARK LONDON - EPSOM DOWNS,P26113,2030,stop,2026-04-26,21:22:00,,
BATTERSEA PARK LONDON - EPSOM DOWNS,P26114,2030,stop,2026-04-02,21:22:00,,
BATTERSEA PARK LONDON - EPSOM DOWNS,P26114,2030,stop,2026-04-01,21:22:00,,
BATTERSEA PARK LONDON - EPSOM DOWNS,P26114,2030,stop,2026-04-28,21:22:00,,
BATTERSEA PARK LONDON - EPSOM DOWNS,P26114,2030,stop,2026-04-30,21:22:00,,
BATTERSEA PARK LONDON - EPSOM DOWNS,P26114,2030,stop,2026-04-16,21:22:00,,
BATTERSEA PARK LONDON - EPSOM DOWNS,P26115,2030,stop,2026-04-25,21:22:00,,
BATTERSEA PARK LONDON - EPSOM DOWNS,P26114,2030,stop,2026-04-03,21:22:00,,
BATTERSEA PARK LONDON - EPSOM DOWNS,P26114,2030,stop,2026-04-17,21:22:00,,
EPSOM DOWNS - BATTERSEA PARK LONDON,P26148,2138,stop,2026-04-06,21:38:00,,
EPSOM DOWNS - BATTERSEA PARK LONDON,P26148,2138,stop,2026-04-20,21:38:00,,
EPSOM DOWNS - BATTERSEA PARK LONDON,P26148,2138,stop,2026-04-28,21:38:00,,
EPSOM DOWNS - BATTERSEA PARK LONDON,X93785,2138,stop,2026-04-03,21:38:00,,
EPSOM DOWNS - BATTERSEA PARK LONDON,P26148,2138,stop,2026-04-03,21:38:00,,
EPSOM DOWNS - BATTERSEA PARK LONDON,P26147,2138,stop,2026-04-12,21:38:00,,
EPSOM DOWNS - BATTERSEA PARK LONDON,P26148,2138,stop,2026-04-10,21:38:00,,
EPSOM DOWNS - BATTERSEA PARK LONDON,P26148,2138,stop,2026-04-24,21:38:00,,
EPSOM DOWNS - BATTERSEA PARK LONDON,P26148,2138,stop,2026-04-17,21:38:00,,
EPSOM DOWNS - BATTERSEA PARK LONDON,P26148,2138,stop,2026-04-29,21:38:00,,
EPSOM DOWNS - BATTERSEA PARK LONDON,P26149,2138,stop,2026-04-11,21:38:00,,
EPSOM DOWNS - BATTERSEA PARK LONDON,P26148,2138,stop,2026-04-15,21:38:00,,
EPSOM DOWNS - BATTERSEA PARK LONDON,P26148,2138,stop,2026-04-21,21:38:00,,
EPSOM DOWNS - BATTERSEA PARK LONDON,X00772,2138,stop,2026-04-06,21:38:00,,
EPSOM DOWNS - BATTERSEA PARK LONDON,P26148,2138,stop,2026-04-27,21:38:00,,
EPSOM DOWNS - STREATHAM HILL,P26147,2138,stop,2026-04-19,21:38:00,,
EPSOM DOWNS - BATTERSEA PARK LONDON,P26148,2138,stop,2026-04-01,21:38:00,,
EPSOM DOWNS - BATTERSEA PARK LONDON,P26148,2138,stop,2026-04-07,21:38:00,,
EPSOM DOWNS - BATTERSEA PARK LONDON,P26147,2138,stop,2026-04-05,21:38:00,,
EPSOM DOWNS - BATTERSEA PARK LONDON,P26148,2138,stop,2026-04-16,21:41:00,,
EPSOM DOWNS - BATTERSEA PARK LONDON,P26148,2138,stop,2026-04-22,21:41:00,,
EPSOM DOWNS - BATTERSEA PARK LONDON,P26147,2138,stop,2026-04-26,21:38:00,,
EPSOM DOWNS - BATTERSEA PARK LONDON,P26148,2138,stop,2026-04-14,21:38:00,,
EPSOM DOWNS - BATTERSEA PARK LONDON,P26148,2138,stop,2026-04-08,21:38:00,,
EPSOM DOWNS - BATTERSEA PARK LONDON,P26148,2138,stop,2026-04-02,21:38:00,,
EPSOM DOWNS - BATTERSEA PARK LONDON,P26149,2138,stop,2026-04-25,21:38:00,,
EPSOM DOWNS - BATTERSEA PARK LONDON,P26149,2138,stop,2026-04-04,21:38:00,,
EPSOM DOWNS - BATTERSEA PARK LONDON,P26148,2138,stop,2026-04-13,21:38:00,,
EPSOM DOWNS - BATTERSEA PARK LONDON,P26148,2138,stop,2026-04-30,21:38:00,,
EPSOM DOWNS - STREATHAM HILL,P26149,2138,stop,2026-04-18,21:38:00,,
EPSOM DOWNS - BATTERSEA PARK LONDON,P26148,2138,stop,2026-04-23,21:38:00,,
EPSOM DOWNS - BATTERSEA PARK LONDON,P26148,2138,stop,2026-04-09,21:38:00,,
BATTERSEA PARK LONDON - EPSOM DOWNS,P26126,2100,stop,2026-04-21,21:52:00,,
BATTERSEA PARK LONDON - EPSOM DOWNS,P26127,2100,stop,2026-04-25,21:52:00,,
BATTERSEA PARK LONDON - EPSOM DOWNS,P26127,2100,stop,2026-04-04,21:52:00,,
BATTERSEA PARK LONDON - EPSOM DOWNS,P26127,2100,stop,2026-04-11,21:52:00,,
STREATHAM HILL - EPSOM DOWNS,P26125,2113,stop,2026-04-19,21:52:00,,
BATTERSEA PARK LONDON - EPSOM DOWNS,P26126,2100,stop,2026-04-16,21:52:00,,
BATTERSEA PARK LONDON - EPSOM DOWNS,P26126,2100,stop,2026-04-29,21:52:00,,
BATTERSEA PARK LONDON - EPSOM DOWNS,P26126,2100,stop,2026-04-24,21:52:00,,
BATTERSEA PARK LONDON - EPSOM DOWNS,P26126,2100,stop,2026-04-08,21:52:00,,
BATTERSEA PARK LONDON - EPSOM DOWNS,P26125,2100,stop,2026-04-26,21:52:00,,
BATTERSEA PARK LONDON - EPSOM DOWNS,P26126,2100,stop,2026-04-10,21:52:00,,
BATTERSEA PARK LONDON - EPSOM DOWNS,P26126,2100,stop,2026-04-07,21:52:00,,
BATTERSEA PARK LONDON - EPSOM DOWNS,X00765,2100,stop,2026-04-06,21:52:00,,
BATTERSEA PARK LONDON - EPSOM DOWNS,P26126,2100,stop,2026-04-06,21:52:00,,
BATTERSEA PARK LONDON - EPSOM DOWNS,P26126,2100,stop,2026-04-22,21:52:00,,
BATTERSEA PARK LONDON - EPSOM DOWNS,P26126,2100,stop,2026-04-30,21:52:00,,
BATTERSEA PARK LONDON - EPSOM DOWNS,P26126,2100,stop,2026-04-27,21:52:00,,
STREATHAM HILL - EPSOM DOWNS,P26127,2113,stop,2026-04-18,21:52:00,,
BATTERSEA PARK LONDON - EPSOM DOWNS,P26125,2100,stop,2026-04-05,21:52:00,,
BATTERSEA PARK LONDON - EPSOM DOWNS,P26126,2100,stop,2026-04-02,21:56:00,,
BATTERSEA PARK LONDON - EPSOM DOWNS,P26126,2100,stop,2026-04-28,21:52:00,,
BATTERSEA PARK LONDON - EPSOM DOWNS,P26126,2100,stop,2026-04-20,21:52:00,,
BATTERSEA PARK LONDON - EPSOM DOWNS,P26126,2100,stop,2026-04-14,21:52:00,,
BATTERSEA PARK LONDON - EPSOM DOWNS,P26126,2100,stop,2026-04-13,21:52:00,,
BATTERSEA PARK LONDON - EPSOM DOWNS,P26126,2100,stop,2026-04-01,21:52:00,,
BATTERSEA PARK LONDON - EPSOM DOWNS,P26126,2100,stop,2026-04-15,21:52:00,,
BATTERSEA PARK LONDON - EPSOM DOWNS,P26126,2100,stop,2026-04-17,21:52:00,,
BATTERSEA PARK LONDON - EPSOM DOWNS,P26125,2100,stop,2026-04-12,21:52:00,,
BATTERSEA PARK LONDON - EPSOM DOWNS,P26126,2100,stop,2026-04-03,21:52:00,,
BATTERSEA PARK LONDON - EPSOM DOWNS,X93828,2100,stop,2026-04-03,21:52:00,,
BATTERSEA PARK LONDON - EPSOM DOWNS,P26126,2100,stop,2026-04-23,21:52:00,,
BATTERSEA PARK LONDON - EPSOM DOWNS,P26126,2100,stop,2026-04-09,21:52:00,,
EPSOM DOWNS - BATTERSEA PARK LONDON,P26160,2208,stop,2026-04-10,22:08:00,,
EPSOM DOWNS - BATTERSEA PARK LONDON,P26160,2208,stop,2026-04-15,22:08:00,,
EPSOM DOWNS - BATTERSEA PARK LONDON,P26160,2208,stop,2026-04-06,22:08:00,,
EPSOM DOWNS - BATTERSEA PARK LONDON,X93700,2208,stop,2026-04-03,22:08:00,,
EPSOM DOWNS - BATTERSEA PARK LONDON,P26160,2208,stop,2026-04-22,22:08:00,,
EPSOM DOWNS - BATTERSEA PARK LONDON,P26161,2208,stop,2026-04-11,22:08:00,,
EPSOM DOWNS - BATTERSEA PARK LONDON,P26161,2208,stop,2026-04-25,22:08:00,,
EPSOM DOWNS - BATTERSEA PARK LONDON,P26161,2208,stop,2026-04-04,22:08:00,,
EPSOM DOWNS - BATTERSEA PARK LONDON,P26160,2208,stop,2026-04-27,22:08:00,,
EPSOM DOWNS - BATTERSEA PARK LONDON,P26160,2208,stop,2026-04-28,22:08:00,,
EPSOM DOWNS - BATTERSEA PARK LONDON,P26160,2208,stop,2026-04-29,22:08:00,,
EPSOM DOWNS - BATTERSEA PARK LONDON,P26159,2208,stop,2026-04-12,22:08:00,,
EPSOM DOWNS - BATTERSEA PARK LONDON,P26160,2208,stop,2026-04-24,22:08:00,,
EPSOM DOWNS - BATTERSEA PARK LONDON,P26160,2208,stop,2026-04-23,22:08:00,,
EPSOM DOWNS - BATTERSEA PARK LONDON,P26160,2208,stop,2026-04-13,22:08:00,,
EPSOM DOWNS - BATTERSEA PARK LONDON,P26160,2208,stop,2026-04-03,22:08:00,,
EPSOM DOWNS - BATTERSEA PARK LONDON,P26160,2208,stop,2026-04-30,22:08:00,,
EPSOM DOWNS - BATTERSEA PARK LONDON,X00776,2208,stop,2026-04-06,22:08:00,,
EPSOM DOWNS - BATTERSEA PARK LONDON,P26160,2208,stop,2026-04-14,22:08:00,,
EPSOM DOWNS - STREATHAM HILL,P26161,2208,stop,2026-04-18,22:11:00,,
EPSOM DOWNS - BATTERSEA PARK LONDON,P26160,2208,stop,2026-04-20,22:08:00,,
EPSOM DOWNS - STREATHAM HILL,P26159,2208,stop,2026-04-19,22:08:00,,
EPSOM DOWNS - BATTERSEA PARK LONDON,P26160,2208,stop,2026-04-09,22:08:00,,
EPSOM DOWNS - BATTERSEA PARK LONDON,P26159,2208,stop,2026-04-26,22:08:00,,
EPSOM DOWNS - BATTERSEA PARK LONDON,P26160,2208,stop,2026-04-08,22:08:00,,
EPSOM DOWNS - BATTERSEA PARK LONDON,P26160,2208,stop,2026-04-02,22:08:00,,
EPSOM DOWNS - BATTERSEA PARK LONDON,P26159,2208,stop,2026-04-05,22:08:00,,
EPSOM DOWNS - BATTERSEA PARK LONDON,P26160,2208,stop,2026-04-17,22:08:00,,
EPSOM DOWNS - BATTERSEA PARK LONDON,P26160,2208,stop,2026-04-01,22:08:00,,
EPSOM DOWNS - BATTERSEA PARK LONDON,P26160,2208,stop,2026-04-16,22:08:00,,
EPSOM DOWNS - BATTERSEA PARK LONDON,P26160,2208,stop,2026-04-07,22:08:00,,
EPSOM DOWNS - BATTERSEA PARK LONDON,P26160,2208,stop,2026-04-21,22:08:00,,
BATTERSEA PARK LONDON - EPSOM DOWNS,P26137,2130,stop,2026-04-26,22:22:00,,
STREATHAM HILL - EPSOM DOWNS,P26140,2143,stop,2026-04-18,22:22:00,,
BATTERSEA PARK LONDON - EPSOM DOWNS,P26140,2130,stop,2026-04-25,22:22:00,,
BATTERSEA PARK LONDON - EPSOM DOWNS,X93794,2130,stop,2026-04-03,22:26:00,,
BATTERSEA PARK LONDON - EPSOM DOWNS,P26137,2130,stop,2026-04-12,22:26:00,,
BATTERSEA PARK LONDON - EPSOM DOWNS,P26140,2130,stop,2026-04-04,22:26:00,,
STREATHAM HILL - EPSOM DOWNS,P26137,2143,stop,2026-04-19,22:26:00,,
BATTERSEA PARK LONDON - EPSOM DOWNS,X00769,2130,stop,2026-04-06,22:26:00,,
BATTERSEA PARK LONDON - EPSOM DOWNS,P26140,2130,stop,2026-04-11,22:26:00,,
BATTERSEA PARK LONDON - EPSOM DOWNS,P26137,2130,stop,2026-04-05,22:23:00,,
BATTERSEA PARK LONDON - EPSOM DOWNS,P26138,2130,stop,2026-04-13,22:29:00,,
BATTERSEA PARK LONDON - EPSOM DOWNS,P26138,2130,stop,2026-04-15,22:29:00,,
BATTERSEA PARK LONDON - EPSOM DOWNS,P26138,2130,stop,2026-04-01,22:29:00,,
BATTERSEA PARK LONDON - EPSOM DOWNS,P26138,2130,stop,2026-04-06,22:29:00,,
BATTERSEA PARK LONDON - EPSOM DOWNS,P26138,2130,stop,2026-04-02,22:29:00,,
BATTERSEA PARK LONDON - EPSOM DOWNS,P26138,2130,stop,2026-04-28,22:29:00,,
BATTERSEA PARK LONDON - EPSOM DOWNS,P26139,2130,stop,2026-04-17,22:29:00,,
BATTERSEA PARK LONDON - EPSOM DOWNS,P26138,2130,stop,2026-04-22,22:29:00,,
BATTERSEA PARK LONDON - EPSOM DOWNS,P26138,2130,stop,2026-04-21,22:29:00,,
BATTERSEA PARK LONDON - EPSOM DOWNS,P26138,2130,stop,2026-04-29,22:29:00,,
BATTERSEA PARK LONDON - EPSOM DOWNS,P26138,2130,stop,2026-04-09,22:29:00,,
BATTERSEA PARK LONDON - EPSOM DOWNS,P26139,2130,stop,2026-04-03,22:29:00,,
BATTERSEA PARK LONDON - EPSOM DOWNS,P26138,2130,stop,2026-04-30,22:29:00,,
BATTERSEA PARK LONDON - EPSOM DOWNS,P26139,2130,stop,2026-04-24,22:29:00,,
BATTERSEA PARK LONDON - EPSOM DOWNS,P26138,2130,stop,2026-04-27,22:29:00,,
BATTERSEA PARK LONDON - EPSOM DOWNS,P26138,2130,stop,2026-04-23,22:33:00,,
BATTERSEA PARK LONDON - EPSOM DOWNS,P26138,2130,stop,2026-04-16,22:33:00,,
BATTERSEA PARK LONDON - EPSOM DOWNS,P26138,2130,stop,2026-04-20,22:33:00,,
BATTERSEA PARK LONDON - EPSOM DOWNS,P26138,2130,stop,2026-04-14,22:33:00,,
BATTERSEA PARK LONDON - EPSOM DOWNS,P26138,2130,stop,2026-04-08,22:29:00,,
BATTERSEA PARK LONDON - EPSOM DOWNS,P26139,2130,stop,2026-04-10,22:29:00,,
BATTERSEA PARK LONDON - EPSOM DOWNS,P26138,2130,stop,2026-04-07,22:29:00,,
EPSOM DOWNS - STREATHAM HILL,P26173,2238,stop,2026-04-18,22:38:00,,
EPSOM DOWNS - BATTERSEA PARK LONDON,P26173,2238,stop,2026-04-11,22:38:00,,
EPSOM DOWNS - BATTERSEA PARK LONDON,X00779,2238,stop,2026-04-06,22:38:00,,
EPSOM DOWNS - BATTERSEA PARK LONDON,P26172,2241,stop,2026-04-21,22:41:00,,
EPSOM DOWNS - BATTERSEA PARK LONDON,P26172,2241,stop,2026-04-10,22:41:00,,
EPSOM DOWNS - BATTERSEA PARK LONDON,P26171,2238,stop,2026-04-12,22:41:00,,
EPSOM DOWNS - BATTERSEA PARK LONDON,P26172,2241,stop,2026-04-09,22:41:00,,
EPSOM DOWNS - BATTERSEA PARK LONDON,P26172,2241,stop,2026-04-07,22:41:00,,
EPSOM DOWNS - BATTERSEA PARK LONDON,P26172,2241,stop,2026-04-08,22:41:00,,
EPSOM DOWNS - BATTERSEA PARK LONDON,P26172,2241,stop,2026-04-13,22:41:00,,
EPSOM DOWNS - BATTERSEA PARK LONDON,P26172,2241,stop,2026-04-14,22:41:00,,
EPSOM DOWNS - BATTERSEA PARK LONDON,X93597,2238,stop,2026-04-03,22:38:00,,
EPSOM DOWNS - BATTERSEA PARK LONDON,P26171,2238,stop,2026-04-05,22:38:00,,
EPSOM DOWNS - BATTERSEA PARK LONDON,P26173,2238,stop,2026-04-04,22:38:00,,
EPSOM DOWNS - STREATHAM HILL,P26171,2238,stop,2026-04-19,22:38:00,,
EPSOM DOWNS - BATTERSEA PARK LONDON,P26173,2238,stop,2026-04-25,22:38:00,,
EPSOM DOWNS - BATTERSEA PARK LONDON,P26171,2238,stop,2026-04-26,22:38:00,,
EPSOM DOWNS - BATTERSEA PARK LONDON,P26172,2241,stop,2026-04-24,22:41:00,,
EPSOM DOWNS - BATTERSEA PARK LONDON,P26172,2241,stop,2026-04-23,22:41:00,,
EPSOM DOWNS - BATTERSEA PARK LONDON,P26172,2241,stop,2026-04-03,22:41:00,,
EPSOM DOWNS - BATTERSEA PARK LONDON,P26172,2241,stop,2026-04-27,22:41:00,,
EPSOM DOWNS - BATTERSEA PARK LONDON,P26172,2241,stop,2026-04-28,22:41:00,,
EPSOM DOWNS - BATTERSEA PARK LONDON,P26172,2241,stop,2026-04-29,22:41:00,,
EPSOM DOWNS - BATTERSEA PARK LONDON,P26172,2241,stop,2026-04-30,22:41:00,,
EPSOM DOWNS - BATTERSEA PARK LONDON,P26172,2241,stop,2026-04-02,22:41:00,,
EPSOM DOWNS - BATTERSEA PARK LONDON,P26172,2241,stop,2026-04-01,22:41:00,,
EPSOM DOWNS - BATTERSEA PARK LONDON,P26172,2241,stop,2026-04-15,22:41:00,,
EPSOM DOWNS - BATTERSEA PARK LONDON,P26172,2241,stop,2026-04-16,22:44:00,,
EPSOM DOWNS - BATTERSEA PARK LONDON,P26172,2241,stop,2026-04-17,22:44:00,,
EPSOM DOWNS - BATTERSEA PARK LONDON,P26172,2241,stop,2026-04-20,22:44:00,,
EPSOM DOWNS - BATTERSEA PARK LONDON,P26172,2241,stop,2026-04-06,22:41:00,,
EPSOM DOWNS - BATTERSEA PARK LONDON,P26172,2241,stop,2026-04-22,22:41:00,,
BATTERSEA PARK LONDON - EPSOM DOWNS,X93742,2200,stop,2026-04-03,22:52:00,,
BATTERSEA PARK LONDON - EPSOM DOWNS,P26152,2200,stop,2026-04-25,22:52:00,,
STREATHAM HILL - EPSOM DOWNS,P26152,2213,stop,2026-04-18,22:52:00,,
BATTERSEA PARK LONDON - EPSOM DOWNS,P26151,2200,stop,2026-04-02,22:54:00,,
BATTERSEA PARK LONDON - EPSOM DOWNS,P26151,2200,stop,2026-04-13,22:54:00,,
BATTERSEA PARK LONDON - EPSOM DOWNS,P26151,2200,stop,2026-04-14,22:54:00,,
BATTERSEA PARK LONDON - EPSOM DOWNS,P26151,2200,stop,2026-04-03,22:54:00,,
BATTERSEA PARK LONDON - EPSOM DOWNS,P26151,2200,stop,2026-04-01,22:54:00,,
BATTERSEA PARK LONDON - EPSOM DOWNS,P26151,2200,stop,2026-04-15,22:54:00,,
BATTERSEA PARK LONDON - EPSOM DOWNS,P26151,2200,stop,2026-04-06,22:54:00,,
BATTERSEA PARK LONDON - EPSOM DOWNS,P26151,2200,stop,2026-04-16,22:54:00,,
BATTERSEA PARK LONDON - EPSOM DOWNS,P26151,2200,stop,2026-04-17,22:54:00,,
BATTERSEA PARK LONDON - EPSOM DOWNS,P26151,2200,stop,2026-04-20,22:54:00,,
BATTERSEA PARK LONDON - EPSOM DOWNS,P26151,2200,stop,2026-04-23,22:54:00,,
BATTERSEA PARK LONDON - EPSOM DOWNS,P26151,2200,stop,2026-04-30,22:54:00,,
BATTERSEA PARK LONDON - EPSOM DOWNS,P26151,2200,stop,2026-04-09,22:54:00,,
BATTERSEA PARK LONDON - EPSOM DOWNS,X00773,2200,stop,2026-04-06,22:52:00,,
BATTERSEA PARK LONDON - EPSOM DOWNS,P26152,2200,stop,2026-04-04,22:52:00,,
BATTERSEA PARK LONDON - EPSOM DOWNS,P26152,2200,stop,2026-04-11,22:52:00,,
BATTERSEA PARK LONDON - EPSOM DOWNS,P26151,2200,stop,2026-04-22,22:58:00,,
BATTERSEA PARK LONDON - EPSOM DOWNS,P26151,2200,stop,2026-04-27,22:54:00,,
BATTERSEA PARK LONDON - EPSOM DOWNS,P26151,2200,stop,2026-04-08,22:54:00,,
BATTERSEA PARK LONDON - EPSOM DOWNS,P26151,2200,stop,2026-04-10,22:54:00,,
BATTERSEA PARK LONDON - EPSOM DOWNS,P26151,2200,stop,2026-04-29,22:54:00,,
BATTERSEA PARK LONDON - EPSOM DOWNS,P26151,2200,stop,2026-04-21,22:54:00,,
BATTERSEA PARK LONDON - EPSOM DOWNS,P26151,2200,stop,2026-04-24,22:54:00,,
BATTERSEA PARK LONDON - EPSOM DOWNS,P26151,2200,stop,2026-04-28,22:54:00,,
BATTERSEA PARK LONDON - EPSOM DOWNS,P26151,2200,stop,2026-04-07,22:54:00,,
EPSOM DOWNS - BATTERSEA PARK LONDON,P26185,2307,stop,2026-04-14,23:07:00,,
EPSOM DOWNS - WANDSWORTH COMMON LONDON,P26185,2307,stop,2026-04-28,23:07:00,,
EPSOM DOWNS - BATTERSEA PARK LONDON,P26185,2307,stop,2026-04-07,23:07:00,,
EPSOM DOWNS - BATTERSEA PARK LONDON,P26185,2307,stop,2026-04-13,23:07:00,,
EPSOM DOWNS - BATTERSEA PARK LONDON,P26185,2307,stop,2026-04-08,23:07:00,,
EPSOM DOWNS - WANDSWORTH COMMON LONDON,P26185,2307,stop,2026-04-27,23:07:00,,
EPSOM DOWNS - BATTERSEA PARK LONDON,P26184,2307,stop,2026-04-02,23:07:00,,
EPSOM DOWNS - WANDSWORTH COMMON LONDON,P26185,2307,stop,2026-04-29,23:07:00,,
EPSOM DOWNS - BATTERSEA PARK LONDON,P26185,2307,stop,2026-04-01,23:07:00,,
EPSOM DOWNS - BATTERSEA PARK LONDON,P26183,2307,stop,2026-04-03,23:07:00,,
EPSOM DOWNS - WANDSWORTH COMMON LONDON,P26184,2307,stop,2026-04-30,23:07:00,,
EPSOM DOWNS - BATTERSEA PARK LONDON,P26186,2308,stop,2026-04-25,23:08:00,,
EPSOM DOWNS - STREATHAM HILL,P26186,2308,stop,2026-04-18,23:08:00,,
EPSOM DOWNS - BATTERSEA PARK LONDON,X93565,2308,stop,2026-04-03,23:08:00,,
EPSOM DOWNS - BATTERSEA PARK LONDON,P26186,2308,stop,2026-04-04,23:08:00,,
EPSOM DOWNS - WANDSWORTH COMMON LONDON,X01718,2308,stop,2026-04-06,23:08:00,,
EPSOM DOWNS - BATTERSEA PARK LONDON,P26184,2307,stop,2026-04-09,23:07:00,,
EPSOM DOWNS - BATTERSEA PARK LONDON,P26183,2307,stop,2026-04-10,23:07:00,,
EPSOM DOWNS - BATTERSEA PARK LONDON,P26185,2307,stop,2026-04-06,23:07:00,,
EPSOM DOWNS - BATTERSEA PARK LONDON,P26183,2307,stop,2026-04-24,23:07:00,,
EPSOM DOWNS - BATTERSEA PARK LONDON,P26184,2307,stop,2026-04-23,23:07:00,,
EPSOM DOWNS - BATTERSEA PARK LONDON,P26185,2307,stop,2026-04-22,23:07:00,,
EPSOM DOWNS - BATTERSEA PARK LONDON,P26185,2307,stop,2026-04-21,23:07:00,,
EPSOM DOWNS - BATTERSEA PARK LONDON,P26185,2307,stop,2026-04-20,23:07:00,,
EPSOM DOWNS - BATTERSEA PARK LONDON,P26183,2307,stop,2026-04-17,23:07:00,,
EPSOM DOWNS - BATTERSEA PARK LONDON,P26184,2307,stop,2026-04-16,23:07:00,,
EPSOM DOWNS - BATTERSEA PARK LONDON,P26185,2307,stop,2026-04-15,23:07:00,,
EPSOM DOWNS - BATTERSEA PARK LONDON,P26186,2308,stop,2026-04-11,23:08:00,,
BATTERSEA PARK LONDON - EPSOM DOWNS,P26163,2230,stop,2026-04-24,23:22:00,,
BATTERSEA PARK LONDON - EPSOM DOWNS,P26163,2230,stop,2026-04-13,23:22:00,,
BATTERSEA PARK LONDON - EPSOM DOWNS,P26163,2230,stop,2026-04-23,23:22:00,,
BATTERSEA PARK LONDON - EPSOM DOWNS,P26163,2230,stop,2026-04-27,23:22:00,,
BATTERSEA PARK LONDON - EPSOM DOWNS,P26163,2230,stop,2026-04-01,23:22:00,,
BATTERSEA PARK LONDON - EPSOM DOWNS,P26163,2230,stop,2026-04-09,23:22:00,,
BATTERSEA PARK LONDON - EPSOM DOWNS,P26164,2230,stop,2026-04-25,23:22:00,,
BATTERSEA PARK LONDON - EPSOM DOWNS,P26163,2230,stop,2026-04-30,23:22:00,,
BATTERSEA PARK LONDON - EPSOM DOWNS,P26163,2230,stop,2026-04-15,23:22:00,,
BATTERSEA PARK LONDON - EPSOM DOWNS,P26163,2230,stop,2026-04-22,23:22:00,,
BATTERSEA PARK LONDON - EPSOM DOWNS,P26164,2230,stop,2026-04-11,23:22:00,,
BATTERSEA PARK LONDON - EPSOM DOWNS,P26163,2230,stop,2026-04-07,23:22:00,,
BATTERSEA PARK LONDON - EPSOM DOWNS,P26163,2230,stop,2026-04-06,23:22:00,,
STREATHAM HILL - EPSOM DOWNS,P26164,2243,stop,2026-04-18,23:22:00,,
STREATHAM HILL - EPSOM DOWNS,P26162,2243,stop,2026-04-19,23:22:00,,
BATTERSEA PARK LONDON - EPSOM DOWNS,P26163,2230,stop,2026-04-03,23:22:00,,
BATTERSEA PARK LONDON - EPSOM DOWNS,P26163,2230,stop,2026-04-28,23:22:00,,
BATTERSEA PARK LONDON - EPSOM DOWNS,P26163,2230,stop,2026-04-14,23:22:00,,
BATTERSEA PARK LONDON - EPSOM DOWNS,P26163,2230,stop,2026-04-10,23:22:00,,
BATTERSEA PARK LONDON - EPSOM DOWNS,P26163,2230,stop,2026-04-29,23:22:00,,
BATTERSEA PARK LONDON - EPSOM DOWNS,P26163,2230,stop,2026-04-16,23:22:00,,
BATTERSEA PARK LONDON - EPSOM DOWNS,P26163,2230,stop,2026-04-02,23:22:00,,
BATTERSEA PARK LONDON - EPSOM DOWNS,P26163,2230,stop,2026-04-08,23:22:00,,
BATTERSEA PARK LONDON - EPSOM DOWNS,P26163,2230,stop,2026-04-21,23:26:00,,
BATTERSEA PARK LONDON - EPSOM DOWNS,X00777,2230,stop,2026-04-06,23:26:00,,
BATTERSEA PARK LONDON - EPSOM DOWNS,P26163,2230,stop,2026-04-17,23:22:00,,
BATTERSEA PARK LONDON - EPSOM DOWNS,X93607,2230,stop,2026-04-03,23:22:00,,
BATTERSEA PARK LONDON - EPSOM DOWNS,P26164,2230,stop,2026-04-04,23:22:00,,
BATTERSEA PARK LONDON - EPSOM DOWNS,P26163,2230,stop,2026-04-20,23:22:00,,
EPSOM DOWNS - WEST CROYDON,P43739,2337,stop,2026-04-07,23:37:00,,
EPSOM DOWNS - WEST CROYDON,P43739,2337,stop,2026-04-10,23:37:00,,
EPSOM DOWNS - WEST CROYDON,P43739,2337,stop,2026-04-06,23:37:00,,
EPSOM DOWNS - WEST CROYDON,P43739,2337,stop,2026-04-28,23:37:00,,
EPSOM DOWNS - WEST CROYDON,P43739,2337,stop,2026-04-24,23:37:00,,
EPSOM DOWNS - WEST CROYDON,P43739,2337,stop,2026-04-09,23:37:00,,
EPSOM DOWNS - WEST CROYDON,P43739,2337,stop,2026-04-13,23:37:00,,
EPSOM DOWNS - WEST CROYDON,P43739,2337,stop,2026-04-23,23:37:00,,
EPSOM DOWNS - WEST CROYDON,P43739,2337,stop,2026-04-27,23:37:00,,
EPSOM DOWNS - WEST CROYDON,P43739,2337,stop,2026-04-20,23:37:00,,
EPSOM DOWNS - WEST CROYDON,P43739,2337,stop,2026-04-21,23:37:00,,
EPSOM DOWNS - WEST CROYDON,P43739,2337,stop,2026-04-01,23:37:00,,
EPSOM DOWNS - SUTTON (SURREY),X06596,2332,stop,2026-04-19,23:32:00,,
EPSOM DOWNS - WEST CROYDON,P26197,2338,stop,2026-04-25,23:38:00,,
EPSOM DOWNS - WEST CROYDON,P26197,2338,stop,2026-04-18,23:38:00,,
EPSOM DOWNS - WEST CROYDON,X01719,2338,stop,2026-04-06,23:38:00,,
EPSOM DOWNS - WEST CROYDON,P26197,2338,stop,2026-04-04,23:38:00,,
EPSOM DOWNS - WEST CROYDON,P26197,2338,stop,2026-04-11,23:38:00,,
EPSOM DOWNS - WEST CROYDON,X93529,2338,stop,2026-04-03,23:38:00,,
EPSOM DOWNS - WEST CROYDON,P43739,2337,stop,2026-04-03,23:37:00,,
EPSOM DOWNS - WEST CROYDON,P43739,2337,stop,2026-04-30,23:37:00,,
EPSOM DOWNS - WEST CROYDON,P43739,2337,stop,2026-04-17,23:37:00,,
EPSOM DOWNS - WEST CROYDON,P43739,2337,stop,2026-04-16,23:37:00,,
EPSOM DOWNS - WEST CROYDON,P43739,2337,stop,2026-04-14,23:37:00,,
EPSOM DOWNS - WEST CROYDON,P43739,2337,stop,2026-04-22,23:37:00,,
EPSOM DOWNS - WEST CROYDON,P43739,2337,stop,2026-04-29,23:37:00,,
EPSOM DOWNS - WEST CROYDON,P43739,2337,stop,2026-04-02,23:37:00,,
EPSOM DOWNS - WEST CROYDON,P43739,2337,stop,2026-04-15,23:37:00,,
EPSOM DOWNS - WEST CROYDON,P43739,2337,stop,2026-04-08,23:37:00,,
BATTERSEA PARK LONDON - EPSOM DOWNS,P26175,2300,stop,2026-04-03,23:52:00,,
BATTERSEA PARK LONDON - EPSOM DOWNS,X93574,2300,stop,2026-04-03,23:52:00,,
BATTERSEA PARK LONDON - EPSOM DOWNS,P26176,2300,stop,2026-04-04,23:52:00,,
BATTERSEA PARK LONDON - EPSOM DOWNS,P26175,2300,stop,2026-04-22,23:52:00,,
BATTERSEA PARK LONDON - EPSOM DOWNS,P26175,2300,stop,2026-04-23,23:52:00,,
BATTERSEA PARK LONDON - EPSOM DOWNS,P26175,2301,stop,2026-04-01,23:52:00,,
BATTERSEA PARK LONDON - EPSOM DOWNS,P26175,2300,stop,2026-04-28,23:52:00,,
BATTERSEA PARK LONDON - EPSOM DOWNS,P26175,2300,stop,2026-04-27,23:52:00,,
BATTERSEA PARK LONDON - EPSOM DOWNS,P26175,2300,stop,2026-04-07,23:52:00,,
BATTERSEA PARK LONDON - EPSOM DOWNS,P26175,2300,stop,2026-04-24,23:52:00,,
BATTERSEA PARK LONDON - EPSOM DOWNS,X00780,2300,stop,2026-04-06,23:52:00,,
BATTERSEA PARK LONDON - EPSOM DOWNS,P26175,2300,stop,2026-04-06,23:52:00,,
BATTERSEA PARK LONDON - EPSOM DOWNS,P26176,2300,stop,2026-04-25,23:52:00,,
EPSOM DOWNS - SUTTON (SURREY),P43746,5,stop,2026-04-24,00:05:00,,
EPSOM DOWNS - SUTTON (SURREY),P26201,5,stop,2026-04-19,00:05:00,,
EPSOM DOWNS - SUTTON (SURREY),P43746,5,stop,2026-04-09,00:05:00,,
EPSOM DOWNS - SUTTON (SURREY),P43746,5,stop,2026-04-10,00:05:00,,
EPSOM DOWNS - SUTTON (SURREY),P43745,5,stop,2026-04-11,00:05:00,,
EPSOM DOWNS - SUTTON (SURREY),P26201,5,stop,2026-04-12,00:05:00,,
EPSOM DOWNS - SUTTON (SURREY),P43746,5,stop,2026-04-14,00:05:00,,
EPSOM DOWNS - SUTTON (SURREY),X02722,5,stop,2026-04-07,00:05:00,,
EPSOM DOWNS - SUTTON (SURREY),P43746,5,stop,2026-04-07,00:05:00,,
EPSOM DOWNS - SUTTON (SURREY),P43746,5,stop,2026-04-15,00:05:00,,
EPSOM DOWNS - SUTTON (SURREY),P43746,5,stop,2026-04-16,00:05:00,,
EPSOM DOWNS - SUTTON (SURREY),P43746,5,stop,2026-04-17,00:05:00,,
EPSOM DOWNS - SUTTON (SURREY),P43745,5,stop,2026-04-18,00:05:00,,
EPSOM DOWNS - SUTTON (SURREY),P43746,5,stop,2026-04-21,00:05:00,,
EPSOM DOWNS - SUTTON (SURREY),P43746,5,stop,2026-04-03,00:05:00,,
EPSOM DOWNS - SUTTON (SURREY),P43746,5,stop,2026-04-22,00:05:00,,
EPSOM DOWNS - SUTTON (SURREY),P43746,5,stop,2026-04-23,00:05:00,,
,G71305,444,pass,2026-04-29,05:40:00,,
,G71305,444,pass,2026-04-28,05:40:00,,
,G71305,444,pass,2026-04-30,05:40:00,,
