route_variant,train_uid,origin_departure,stop_type,date,departure_time,train_class,number_of_coaches
EARLSFIELD - DORKING,P61092,2323,stop,2026-04-10,23:58:00,,
BALHAM - DORKING (7),P26779,2311,stop,2026-04-05,00:02:00,,
BALHAM - HORSHAM,P26786,2325,stop,2026-04-17,00:09:00,,
BALHAM - HORSHAM,P26786,2325,stop,2026-04-28,00:09:00,,
BALHAM - HORSHAM,P26786,2325,stop,2026-04-27,00:09:00,,
BALHAM - HORSHAM,P26786,2325,stop,2026-04-30,00:09:00,,
BALHAM - HORSHAM,P26786,2325,stop,2026-04-10,00:09:00,,
BALHAM - HORSHAM,P26786,2325,stop,2026-04-24,00:09:00,,
BALHAM - HORSHAM,P26786,2325,stop,2026-04-03,00:09:00,,
BALHAM - HORSHAM,P26786,2325,stop,2026-04-23,00:09:00,,
BALHAM - HORSHAM,P26786,2325,stop,2026-04-22,00:09:00,,
DORKING - WEST CROYDON,P46063,2337,stop,2026-04-18,23:54:00,,
BALHAM - DORKING (3),P26778,2311,stop,2026-04-04,23:54:00,,
DORKING - WEST CROYDON,P46063,2337,stop,2026-04-04,23:54:00,,
DORKING - WEST CROYDON,X01002,2337,stop,2026-04-06,23:54:00,,
BALHAM - DORKING (3),X00982,2311,stop,2026-04-06,23:54:00,,
BALHAM - DORKING (3),P26778,2311,stop,2026-04-11,23:54:00,,
DORKING - WEST CROYDON,P46063,2337,stop,2026-04-11,23:54:00,,
DORKING - WEST CROYDON,P46063,2337,stop,2026-04-25,23:54:00,,
BALHAM - DORKING (3),P26779,2311,stop,2026-04-26,23:54:00,,
DORKING - SUTTON (SURREY),X04867,2316,stop,2026-04-12,23:52:00,,
EPSOM - EPSOM  UP SIDINGS   (TPS ONLY),G72112,2351,stop,2026-04-07,23:51:00,,
EPSOM - EPSOM  UP SIDINGS   (TPS ONLY),G72112,2351,stop,2026-04-10,23:51:00,,
EPSOM - EPSOM  UP SIDINGS   (TPS ONLY),G72112,2351,stop,2026-04-29,23:51:00,,
EPSOM - EPSOM  UP SIDINGS   (TPS ONLY),G72112,2351,stop,2026-04-24,23:51:00,,
EPSOM - EPSOM  UP SIDINGS   (TPS ONLY),G72112,2351,stop,2026-04-13,23:51:00,,
EPSOM - EPSOM  UP SIDINGS   (TPS ONLY),G72112,2351,stop,2026-04-22,23:51:00,,
WEST CROYDON - WEST CROYDON (2),G72109,4,pass,2026-04-04,00:17:00,,
WEST CROYDON - WEST CROYDON (2),G72110,4,pass,2026-04-07,00:17:00,,
WEST CROYDON - WEST CROYDON (2),G72110,4,pass,2026-04-30,00:17:00,,
WEST CROYDON - WEST CROYDON (2),G72110,4,pass,2026-04-28,00:17:00,,
WEST CROYDON - WEST CROYDON (2),G72110,4,pass,2026-04-15,00:17:00,,
WEST CROYDON - WEST CROYDON (2),G72109,4,pass,2026-04-25,00:17:00,,
WEST CROYDON - WEST CROYDON (2),G72110,4,pass,2026-04-24,00:17:00,,
WEST CROYDON - WEST CROYDON (2),G72109,4,pass,2026-04-11,00:17:00,,
WEST CROYDON - WEST CROYDON (2),G72110,4,pass,2026-04-23,00:17:00,,
WEST CROYDON - WEST CROYDON (2),G72110,4,pass,2026-04-22,00:17:00,,
WEST CROYDON - WEST CROYDON (2),G72110,4,pass,2026-04-21,00:17:00,,
WEST CROYDON - WEST CROYDON (2),G72110,4,pass,2026-04-29,00:17:00,,
WEST CROYDON - WEST CROYDON (2),G72110,4,pass,2026-04-14,00:17:00,,
WEST CROYDON - WEST CROYDON (2),G72110,4,pass,2026-04-17,00:17:00,,
WEST CROYDON - WEST CROYDON (2),G72110,4,pass,2026-04-16,00:17:00,,
EARLSFIELD - GUILDFORD (2),P61636,2342,stop,2026-04-23,00:19:00,,
EARLSFIELD - GUILDFORD (2),P61636,2342,stop,2026-04-15,00:19:00,,
EARLSFIELD - GUILDFORD (2),P61636,2342,stop,2026-04-16,00:19:00,,
EARLSFIELD - GUILDFORD (2),P61636,2342,stop,2026-04-02,00:19:00,,
EARLSFIELD - GUILDFORD (2),P61636,2342,stop,2026-04-13,00:19:00,,
GUILDFORD - RAYNES PARK,L74327,2345,stop,2026-04-10,00:19:00,,
EARLSFIELD - GUILDFORD (2),P61636,2342,stop,2026-04-14,00:19:00,,
EARLSFIELD - GUILDFORD (2),P61636,2342,stop,2026-04-21,00:19:00,,
WEST CROYDON - WEST CROYDON (2),G72110,4,pass,2026-04-09,00:19:00,,
GUILDFORD - RAYNES PARK,L74327,2345,stop,2026-04-17,00:19:00,,
GUILDFORD - RAYNES PARK,L74327,2345,stop,2026-04-03,00:19:00,,
GUILDFORD - RAYNES PARK,Q38163,2345,stop,2026-04-03,00:19:00,,
GUILDFORD - RAYNES PARK,L74328,2345,stop,2026-04-18,00:19:00,,
EARLSFIELD - GUILDFORD (2),P61636,2342,stop,2026-04-09,00:19:00,,
EARLSFIELD - GUILDFORD (2),P61636,2342,stop,2026-04-20,00:19:00,,
WEST CROYDON - WEST CROYDON (2),G72109,5,pass,2026-04-18,00:18:00,,
GUILDFORD - RAYNES PARK,L74328,2345,stop,2026-04-11,00:19:00,,
EARLSFIELD - GUILDFORD (2),P61636,2342,stop,2026-04-01,00:19:00,,
EARLSFIELD - GUILDFORD (2),P61636,2342,stop,2026-04-22,00:19:00,,
WEST CROYDON - WEST CROYDON (2),G72110,4,pass,2026-04-10,00:19:00,,
EARLSFIELD - GUILDFORD (2),P61636,2342,stop,2026-04-06,00:19:00,,
EARLSFIELD - GUILDFORD (2),Q48051,2342,stop,2026-04-06,00:19:00,,
GUILDFORD - RAYNES PARK,L74328,2345,stop,2026-04-04,00:19:00,,
EARLSFIELD - GUILDFORD (2),P61636,2342,stop,2026-04-30,00:19:00,,
EARLSFIELD - GUILDFORD (2),P61636,2342,stop,2026-04-07,00:19:00,,
EARLSFIELD - GUILDFORD (2),P61636,2342,stop,2026-04-29,00:19:00,,
EARLSFIELD - GUILDFORD (2),P61636,2342,stop,2026-04-28,00:19:00,,
EARLSFIELD - GUILDFORD (2),P61636,2342,stop,2026-04-27,00:19:00,,
GUILDFORD - RAYNES PARK,L74328,2345,stop,2026-04-25,00:19:00,,
EARLSFIELD - GUILDFORD (2),P61636,2342,stop,2026-04-08,00:19:00,,
GUILDFORD - RAYNES PARK,L74327,2345,stop,2026-04-24,00:19:00,,
WEST CROYDON - WEST CROYDON (2),G72110,4,pass,2026-04-08,00:19:00,,
DORKING - DORKING (2),P62637,9,pass,2026-04-30,00:21:00,,
DORKING - DORKING (2),P62637,9,pass,2026-04-07,00:21:00,,
DORKING - DORKING (2),P62637,9,pass,2026-04-16,00:21:00,,
DORKING - DORKING (2),P62637,9,pass,2026-04-21,00:21:00,,
DORKING - DORKING (2),P62637,9,pass,2026-04-02,00:21:00,,
DORKING - DORKING (2),P62637,9,pass,2026-04-14,00:21:00,,
DORKING - DORKING (2),P62637,9,pass,2026-04-29,00:21:00,,
DORKING - DORKING (2),P62637,9,pass,2026-04-28,00:21:00,,
DORKING - DORKING (2),P62637,9,pass,2026-04-09,00:21:00,,
DORKING - DORKING (2),P62637,9,pass,2026-04-10,00:21:00,,
DORKING - DORKING (2),P62637,9,pass,2026-04-08,00:21:00,,
DORKING - DORKING (2),P62637,9,pass,2026-04-03,00:21:00,,
DORKING - DORKING (2),P62637,9,pass,2026-04-24,00:21:00,,
DORKING - DORKING (2),P62637,9,pass,2026-04-23,00:21:00,,
DORKING - DORKING (2),P62637,9,pass,2026-04-22,00:21:00,,
DORKING - DORKING (2),P62637,9,pass,2026-04-15,00:21:00,,
EARLSFIELD - GUILDFORD (2),P61638,2353,stop,2026-04-18,00:28:00,,
EARLSFIELD - GUILDFORD (2),P61637,2353,stop,2026-04-03,00:28:00,,
EARLSFIELD - GUILDFORD (2),P61637,2353,stop,2026-04-17,00:28:00,,
EARLSFIELD - GUILDFORD (2),P61637,2353,stop,2026-04-10,00:28:00,,
SUTTON (SURREY) - DORKING,X04903,2359,stop,2026-04-12,00:26:00,,
DORKING - EPSOM  UP SIDINGS   (TPS ONLY),X92974,2358,pass,2026-04-03,00:23:00,,
DORKING - EPSOM  UP SIDINGS   (TPS ONLY),X02144,2358,pass,2026-04-06,00:23:00,,
DORKING - EPSOM  UP SIDINGS   (TPS ONLY),G71946,2358,pass,2026-04-18,00:23:00,,
DORKING - EPSOM  UP SIDINGS   (TPS ONLY),G71946,2358,pass,2026-04-11,00:23:00,,
DORKING - EPSOM  UP SIDINGS   (TPS ONLY),G71946,2358,pass,2026-04-04,00:23:00,,
DORKING - EPSOM  UP SIDINGS   (TPS ONLY),G71946,2358,pass,2026-04-25,00:23:00,,
WEST CROYDON - WEST CROYDON (2),G72110,4,pass,2026-04-03,00:21:00,,
WEST CROYDON - WEST CROYDON (2),G72110,4,pass,2026-04-01,00:21:00,,
DORKING - DORKING (2),P62637,9,pass,2026-04-01,00:21:00,,
WEST CROYDON - WEST CROYDON (2),G72110,4,pass,2026-04-02,00:21:00,,
DORKING - DORKING (2),P62637,9,pass,2026-04-17,00:21:00,,
DORKING - DORKING (2),L78415,23,pass,2026-04-19,00:35:00,,
DORKING - DORKING (2),P62641,23,pass,2026-04-25,00:35:00,,
DORKING - DORKING (2),L78415,23,pass,2026-04-26,00:35:00,,
DORKING - DORKING (2),Q45469,23,pass,2026-04-04,00:35:00,,
DORKING - DORKING (2),P62641,23,pass,2026-04-18,00:35:00,,
DORKING - DORKING (2),Q48020,21,pass,2026-04-07,00:35:00,,
DORKING - DORKING (2),L78415,23,pass,2026-04-12,00:35:00,,
DORKING - DORKING (2),P62641,23,pass,2026-04-11,00:35:00,,
DORKING - DORKING (2),L78415,23,pass,2026-04-05,00:35:00,,
DORKING - EPSOM  UP SIDINGS   (TPS ONLY),G71937,15,pass,2026-04-13,00:32:00,,
DORKING - EPSOM  UP SIDINGS   (TPS ONLY),G71937,15,pass,2026-04-27,00:32:00,,
EARLSFIELD - GUILDFORD (2),P61638,2353,stop,2026-04-04,00:28:00,,
EARLSFIELD - GUILDFORD (2),P61638,2353,stop,2026-04-25,00:28:00,,
EARLSFIELD - GUILDFORD (2),P61637,2353,stop,2026-04-24,00:28:00,,
EARLSFIELD - GUILDFORD (2),P61638,2353,stop,2026-04-11,00:28:00,,
EARLSFIELD - GUILDFORD (2),Q88875,2353,stop,2026-04-03,00:28:00,,
EARLSFIELD - DORKING,P61101,25,stop,2026-04-18,01:02:00,,
EARLSFIELD - DORKING,Q45468,25,stop,2026-04-04,01:02:00,,
EARLSFIELD - DORKING,P61101,25,stop,2026-04-04,01:02:00,,
EARLSFIELD - DORKING,P61101,25,stop,2026-04-11,01:02:00,,
EPSOM - HORSHAM,X01964,101,stop,2026-04-08,01:01:00,,
EPSOM - HORSHAM,X01964,101,stop,2026-04-09,01:01:00,,
EPSOM - HORSHAM,X01964,101,stop,2026-04-10,01:01:00,,
SUTTON (SURREY) - DORKING,X02567,24,stop,2026-04-06,00:51:00,,
DORKING - EPSOM  UP SIDINGS   (TPS ONLY),G71937,23,pass,2026-04-06,00:42:00,,
EPSOM - EPSOM  UP SIDINGS   (TPS ONLY),G71266,36,stop,2026-04-26,00:36:00,,
EPSOM - EPSOM  UP SIDINGS   (TPS ONLY),G71266,36,stop,2026-04-05,00:36:00,,
EPSOM - EPSOM  UP SIDINGS   (TPS ONLY),X02738,36,stop,2026-04-07,00:36:00,,
EPSOM - EPSOM  UP SIDINGS   (TPS ONLY),X99120,36,stop,2026-04-04,00:36:00,,
DORKING - DORKING (2),P62641,23,pass,2026-04-04,00:35:00,,
DORKING - EPSOM  UP SIDINGS   (TPS ONLY),G71937,18,pass,2026-04-20,00:35:00,,
DORKING - DORKING (2),P62639,125,pass,2026-04-26,01:36:00,,
DORKING - DORKING (2),L78428,125,pass,2026-04-11,01:36:00,,
DORKING - DORKING (2),L78428,125,pass,2026-04-25,01:36:00,,
DORKING - DORKING (2),P62639,125,pass,2026-04-05,01:36:00,,
DORKING - DORKING (2),L78428,125,pass,2026-04-18,01:36:00,,
DORKING - DORKING (2),P62639,125,pass,2026-04-12,01:36:00,,
DORKING - DORKING (2),P62639,125,pass,2026-04-19,01:36:00,,
DORKING - DORKING (2),L78428,125,pass,2026-04-04,01:36:00,,
DORKING - DORKING (2),Q44736,125,pass,2026-04-04,01:36:00,,
RAYNES PARK - DORKING,Q62925,51,stop,2026-04-26,01:29:00,,
EPSOM - EPSOM  UP SIDINGS   (TPS ONLY),G71266,105,stop,2026-04-19,01:05:00,,
EARLSFIELD - DORKING,P61102,25,stop,2026-04-12,01:02:00,,
EARLSFIELD - DORKING,P61101,25,stop,2026-04-25,01:02:00,,
EARLSFIELD - DORKING,P61102,25,stop,2026-04-26,01:02:00,,
EARLSFIELD - LEATHERHEAD,P61102,25,stop,2026-04-19,01:02:00,,
EARLSFIELD - DORKING,P61102,25,stop,2026-04-05,01:02:00,,
GUILDFORD - EARLSFIELD,P61576,458,stop,2026-04-10,05:33:00,,
GUILDFORD - EARLSFIELD,P61576,458,stop,2026-04-20,05:33:00,,
GUILDFORD - EARLSFIELD,P61576,458,stop,2026-04-06,05:33:00,,
GUILDFORD - EARLSFIELD,P61576,458,stop,2026-04-21,05:33:00,,
GUILDFORD - EARLSFIELD,P61576,458,stop,2026-04-24,05:33:00,,
GUILDFORD - EARLSFIELD,P61576,458,stop,2026-04-27,05:33:00,,
GUILDFORD - EARLSFIELD,P61576,458,stop,2026-04-09,05:33:00,,
GUILDFORD - EARLSFIELD,P61576,458,stop,2026-04-03,05:33:00,,
GUILDFORD - EARLSFIELD,P61576,458,stop,2026-04-08,05:33:00,,
EPSOM - WEST CROYDON,X05888,523,stop,2026-04-18,05:23:00,,
EPSOM - EARLSFIELD,Q51842,534,stop,2026-04-06,05:34:00,,
EPSOM - EARLSFIELD,L74206,534,stop,2026-04-11,05:34:00,,
EPSOM - EARLSFIELD,L74206,534,stop,2026-04-04,05:34:00,,
GUILDFORD - EARLSFIELD,P61576,458,stop,2026-04-13,05:33:00,,
GUILDFORD - EARLSFIELD,P61576,458,stop,2026-04-17,05:33:00,,
GUILDFORD - EARLSFIELD,P61576,458,stop,2026-04-01,05:33:00,,
GUILDFORD - EARLSFIELD,P61576,458,stop,2026-04-30,05:33:00,,
GUILDFORD - EARLSFIELD,P61576,458,stop,2026-04-23,05:33:00,,
GUILDFORD - EARLSFIELD,P61576,458,stop,2026-04-07,05:33:00,,
GUILDFORD - EARLSFIELD,P61576,458,stop,2026-04-29,05:33:00,,
GUILDFORD - EARLSFIELD,P61576,458,stop,2026-04-02,05:33:00,,
GUILDFORD - EARLSFIELD,P61576,458,stop,2026-04-16,05:33:00,,
GUILDFORD - EARLSFIELD,P61576,458,stop,2026-04-28,05:33:00,,
GUILDFORD - EARLSFIELD,P61576,458,stop,2026-04-14,05:33:00,,
GUILDFORD - EARLSFIELD,P61576,458,stop,2026-04-22,05:33:00,,
GUILDFORD - EARLSFIELD,P61576,458,stop,2026-04-15,05:33:00,,
EPSOM  UP SIDINGS   (TPS ONLY) - EPSOM,G72084,541,stop,2026-04-15,05:41:00,,
EPSOM  UP SIDINGS   (TPS ONLY) - EPSOM,G72084,541,stop,2026-04-17,05:41:00,,
EPSOM  UP SIDINGS   (TPS ONLY) - EPSOM,G72084,541,stop,2026-04-06,05:41:00,,
EPSOM  UP SIDINGS   (TPS ONLY) - EPSOM,G72084,541,stop,2026-04-02,05:41:00,,
EPSOM  UP SIDINGS   (TPS ONLY) - EPSOM,G72084,541,stop,2026-04-21,05:41:00,,
SELHURST  T&RS  MD  M&EE   NSC - SELHURST  T&RS  MD  M&EE   NSC,G71305,440,pass,2026-04-27,05:40:00,,
EPSOM - EARLSFIELD,L74206,534,stop,2026-04-25,05:34:00,,
EPSOM - EARLSFIELD,Q88884,534,stop,2026-04-03,05:34:00,,
EPSOM - EARLSFIELD,L74206,534,stop,2026-04-18,05:34:00,,
EPSOM  UP SIDINGS   (TPS ONLY) - EPSOM,G72084,541,stop,2026-04-27,05:41:00,,
EPSOM  UP SIDINGS   (TPS ONLY) - EPSOM,G72084,541,stop,2026-04-28,05:41:00,,
EPSOM  UP SIDINGS   (TPS ONLY) - EPSOM,G72084,541,stop,2026-04-03,05:41:00,,
EPSOM  UP SIDINGS   (TPS ONLY) - EPSOM,G72084,541,stop,2026-04-16,05:41:00,,
EPSOM  UP SIDINGS   (TPS ONLY) - EPSOM,G72084,541,stop,2026-04-01,05:41:00,,
EPSOM  UP SIDINGS   (TPS ONLY) - EPSOM,G72084,541,stop,2026-04-14,05:41:00,,
EPSOM  UP SIDINGS   (TPS ONLY) - EPSOM,G72084,541,stop,2026-04-09,05:41:00,,
EPSOM  UP SIDINGS   (TPS ONLY) - EPSOM,G72084,541,stop,2026-04-20,05:41:00,,
EPSOM  UP SIDINGS   (TPS ONLY) - EPSOM,G72084,541,stop,2026-04-29,05:41:00,,
EPSOM - EPSOM  UP SIDINGS   (TPS ONLY),G72112,2351,stop,2026-04-21,23:51:00,,
EPSOM - EPSOM  UP SIDINGS   (TPS ONLY),G72112,2351,stop,2026-04-06,23:51:00,,
EPSOM - EPSOM  UP SIDINGS   (TPS ONLY),G72112,2351,stop,2026-04-23,23:51:00,,
EPSOM - EPSOM  UP SIDINGS   (TPS ONLY),G72112,2351,stop,2026-04-03,23:51:00,,
EPSOM - EPSOM  UP SIDINGS   (TPS ONLY),G72112,2351,stop,2026-04-30,23:51:00,,
EPSOM - EPSOM  UP SIDINGS   (TPS ONLY),G72112,2351,stop,2026-04-16,23:51:00,,
EPSOM - EPSOM  UP SIDINGS   (TPS ONLY),G72112,2351,stop,2026-04-15,23:51:00,,
EPSOM - EPSOM  UP SIDINGS   (TPS ONLY),G72112,2351,stop,2026-04-14,23:51:00,,
EPSOM - EPSOM  UP SIDINGS   (TPS ONLY),G72112,2351,stop,2026-04-17,23:51:00,,
EPSOM - EPSOM  UP SIDINGS   (TPS ONLY),G72112,2351,stop,2026-04-28,23:51:00,,
EPSOM - EPSOM  UP SIDINGS   (TPS ONLY),G72112,2351,stop,2026-04-01,23:51:00,,
EPSOM - EPSOM  UP SIDINGS   (TPS ONLY),G72112,2351,stop,2026-04-27,23:51:00,,
EPSOM - EPSOM  UP SIDINGS   (TPS ONLY),G72112,2351,stop,2026-04-09,23:51:00,,
EPSOM - EPSOM  UP SIDINGS   (TPS ONLY),G72112,2351,stop,2026-04-20,23:51:00,,
EPSOM - EPSOM  UP SIDINGS   (TPS ONLY),G72112,2351,stop,2026-04-02,23:51:00,,
EPSOM - EPSOM  UP SIDINGS   (TPS ONLY),G72112,2351,stop,2026-04-08,23:51:00,,
EPSOM - NORWOOD JUNCTION,P25176,545,stop,2026-04-20,05:45:00,,
EPSOM - NORWOOD JUNCTION,P25176,545,stop,2026-04-29,05:45:00,,
EPSOM - NORWOOD JUNCTION,P25176,545,stop,2026-04-16,05:45:00,,
EPSOM - NORWOOD JUNCTION,P25176,545,stop,2026-04-13,05:45:00,,
EPSOM - NORWOOD JUNCTION,P25176,545,stop,2026-04-14,05:45:00,,
EPSOM - NORWOOD JUNCTION,P25176,545,stop,2026-04-09,05:45:00,,
EPSOM  UP SIDINGS   (TPS ONLY) - EPSOM,G72084,541,stop,2026-04-07,05:41:00,,
EPSOM  UP SIDINGS   (TPS ONLY) - EPSOM,G72084,541,stop,2026-04-10,05:41:00,,
EPSOM  UP SIDINGS   (TPS ONLY) - EPSOM,G72084,541,stop,2026-04-30,05:41:00,,
EPSOM  UP SIDINGS   (TPS ONLY) - EPSOM,G72084,541,stop,2026-04-24,05:41:00,,
EPSOM  UP SIDINGS   (TPS ONLY) - EPSOM,G72084,541,stop,2026-04-22,05:41:00,,
EPSOM  UP SIDINGS   (TPS ONLY) - EPSOM,G72084,541,stop,2026-04-23,05:41:00,,
EPSOM  UP SIDINGS   (TPS ONLY) - EPSOM,G72084,541,stop,2026-04-08,05:41:00,,
EPSOM - NORWOOD JUNCTION,P25176,545,stop,2026-04-15,05:45:00,,
EPSOM - NORWOOD JUNCTION,P25176,545,stop,2026-04-10,05:45:00,,
EPSOM - NORWOOD JUNCTION,P25176,545,stop,2026-04-27,05:45:00,,
EPSOM - NORWOOD JUNCTION,P25176,545,stop,2026-04-06,05:45:00,,
EPSOM - NORWOOD JUNCTION,P25176,545,stop,2026-04-21,05:45:00,,
EPSOM - NORWOOD JUNCTION,P25176,545,stop,2026-04-22,05:45:00,,
EPSOM - NORWOOD JUNCTION,P25176,545,stop,2026-04-08,05:45:00,,
EPSOM - NORWOOD JUNCTION,P25176,545,stop,2026-04-03,05:45:00,,
EPSOM - NORWOOD JUNCTION,P25176,545,stop,2026-04-28,05:45:00,,
EPSOM - NORWOOD JUNCTION,P25176,545,stop,2026-04-01,05:45:00,,
EPSOM - NORWOOD JUNCTION,P25176,545,stop,2026-04-17,05:45:00,,
EPSOM - NORWOOD JUNCTION,P25176,545,stop,2026-04-02,05:45:00,,
EPSOM - NORWOOD JUNCTION,P25176,545,stop,2026-04-24,05:45:00,,
EPSOM - NORWOOD JUNCTION,P25176,545,stop,2026-04-30,05:45:00,,
EPSOM - NORWOOD JUNCTION,P25176,545,stop,2026-04-23,05:45:00,,
EPSOM - NORWOOD JUNCTION,P25176,545,stop,2026-04-07,05:45:00,,
DORKING - DORKING,P62410,503,pass,2026-04-17,05:48:00,,
DORKING - DORKING,P62410,503,pass,2026-04-10,05:48:00,,
DORKING - DORKING,P62410,503,pass,2026-04-20,05:48:00,,
DORKING - DORKING,P62410,503,pass,2026-04-15,05:48:00,,
DORKING - DORKING,P62410,503,pass,2026-04-13,05:48:00,,
DORKING - DORKING,P62410,503,pass,2026-04-21,05:48:00,,
DORKING - DORKING,P62410,503,pass,2026-04-22,05:48:00,,
DORKING - DORKING,P62410,503,pass,2026-04-09,05:48:00,,
DORKING - DORKING,P62410,503,pass,2026-04-29,05:48:00,,
DORKING - DORKING,P62410,503,pass,2026-04-07,05:48:00,,
DORKING - DORKING,P62410,503,pass,2026-04-14,05:48:00,,
DORKING - DORKING,P62410,503,pass,2026-04-28,05:48:00,,
DORKING - DORKING,P62410,503,pass,2026-04-02,05:48:00,,
DORKING - DORKING,P62410,503,pass,2026-04-27,05:48:00,,
DORKING - DORKING,P62410,503,pass,2026-04-01,05:48:00,,
DORKING - DORKING,P62410,503,pass,2026-04-03,05:48:00,,
EPSOM  UP SIDINGS   (TPS ONLY) - EPSOM  UP SIDINGS   (TPS ONLY),L77183,529,pass,2026-04-08,06:01:00,,
EPSOM  UP SIDINGS   (TPS ONLY) - EPSOM  UP SIDINGS   (TPS ONLY),L77183,529,pass,2026-04-22,06:01:00,,
EPSOM  UP SIDINGS   (TPS ONLY) - EPSOM  UP SIDINGS   (TPS ONLY),L77183,529,pass,2026-04-16,06:01:00,,
EPSOM  UP SIDINGS   (TPS ONLY) - EPSOM  UP SIDINGS   (TPS ONLY),L77183,529,pass,2026-04-13,06:01:00,,
EPSOM  UP SIDINGS   (TPS ONLY) - EPSOM  UP SIDINGS   (TPS ONLY),L77183,529,pass,2026-04-29,06:01:00,,
EPSOM  UP SIDINGS   (TPS ONLY) - EPSOM  UP SIDINGS   (TPS ONLY),L77183,529,pass,2026-04-17,06:01:00,,
EPSOM  UP SIDINGS   (TPS ONLY) - EPSOM  UP SIDINGS   (TPS ONLY),L77183,529,pass,2026-04-14,06:01:00,,
EPSOM  UP SIDINGS   (TPS ONLY) - EPSOM  UP SIDINGS   (TPS ONLY),L77183,529,pass,2026-04-30,06:01:00,,
EPSOM  UP SIDINGS   (TPS ONLY) - EPSOM  UP SIDINGS   (TPS ONLY),L77183,529,pass,2026-04-07,06:01:00,,
EPSOM  UP SIDINGS   (TPS ONLY) - EPSOM  UP SIDINGS   (TPS ONLY),L77183,529,pass,2026-04-15,06:01:00,,
DORKING - DORKING,P62410,503,pass,2026-04-08,05:48:00,,
DORKING - DORKING,P62410,503,pass,2026-04-16,05:48:00,,
DORKING - DORKING,P62410,503,pass,2026-04-23,05:48:00,,
DORKING - DORKING,P62410,503,pass,2026-04-24,05:48:00,,
DORKING - DORKING,P62410,503,pass,2026-04-06,05:48:00,,
DORKING - DORKING,P62410,503,pass,2026-04-30,05:48:00,,
DORKING - BALHAM,P26580,539,stop,2026-04-29,06:03:00,,
DORKING - BALHAM,P26580,539,stop,2026-04-22,06:03:00,,
DORKING - BALHAM,P26580,539,stop,2026-04-16,06:03:00,,
DORKING - BALHAM,P26580,539,stop,2026-04-13,06:03:00,,
EPSOM  UP SIDINGS   (TPS ONLY) - EPSOM  UP SIDINGS   (TPS ONLY),L77183,529,pass,2026-04-24,06:01:00,,
EPSOM  UP SIDINGS   (TPS ONLY) - EPSOM  UP SIDINGS   (TPS ONLY),L77183,529,pass,2026-04-10,06:01:00,,
EPSOM  UP SIDINGS   (TPS ONLY) - EPSOM  UP SIDINGS   (TPS ONLY),L77183,529,pass,2026-04-20,06:01:00,,
EPSOM  UP SIDINGS   (TPS ONLY) - EPSOM  UP SIDINGS   (TPS ONLY),L77183,529,pass,2026-04-01,06:01:00,,
EPSOM  UP SIDINGS   (TPS ONLY) - EPSOM  UP SIDINGS   (TPS ONLY),L77183,529,pass,2026-04-09,06:01:00,,
EPSOM  UP SIDINGS   (TPS ONLY) - EPSOM  UP SIDINGS   (TPS ONLY),L77183,529,pass,2026-04-28,06:01:00,,
EPSOM  UP SIDINGS   (TPS ONLY) - EPSOM  UP SIDINGS   (TPS ONLY),L77183,529,pass,2026-04-02,06:01:00,,
EPSOM  UP SIDINGS   (TPS ONLY) - EPSOM  UP SIDINGS   (TPS ONLY),L77183,529,pass,2026-04-21,06:01:00,,
EPSOM  UP SIDINGS   (TPS ONLY) - EPSOM  UP SIDINGS   (TPS ONLY),L77183,529,pass,2026-04-23,06:01:00,,
EPSOM  UP SIDINGS   (TPS ONLY) - EPSOM  UP SIDINGS   (TPS ONLY),L77183,529,pass,2026-04-06,06:01:00,,
EPSOM  UP SIDINGS   (TPS ONLY) - EPSOM  UP SIDINGS   (TPS ONLY),L77183,529,pass,2026-04-27,06:01:00,,
EPSOM  UP SIDINGS   (TPS ONLY) - EPSOM  UP SIDINGS   (TPS ONLY),L77183,529,pass,2026-04-03,06:01:00,,
DORKING - BALHAM,P26580,539,stop,2026-04-09,06:03:00,,
EPSOM  UP SIDINGS   (TPS ONLY) - EPSOM,X06699,603,stop,2026-04-19,06:03:00,,
DORKING - BALHAM,P26580,539,stop,2026-04-28,06:03:00,,
DORKING - BALHAM,P26580,539,stop,2026-04-01,06:03:00,,
DORKING - BALHAM,P26580,539,stop,2026-04-24,06:03:00,,
DORKING - BALHAM,P26580,539,stop,2026-04-03,06:03:00,,
DORKING - BALHAM,P26580,539,stop,2026-04-10,06:03:00,,
DORKING - BALHAM,P26580,539,stop,2026-04-21,06:03:00,,
DORKING - BALHAM,P26580,539,stop,2026-04-02,06:03:00,,
DORKING - BALHAM,P26580,539,stop,2026-04-07,06:03:00,,
DORKING - BALHAM,P26580,539,stop,2026-04-30,06:03:00,,
DORKING - BALHAM,P26580,539,stop,2026-04-06,06:03:00,,
DORKING - BALHAM,P26580,539,stop,2026-04-27,06:03:00,,
DORKING - BALHAM,P26580,539,stop,2026-04-14,06:03:00,,
DORKING - BALHAM,P26580,539,stop,2026-04-20,06:03:00,,
DORKING - BALHAM,P26580,539,stop,2026-04-15,06:03:00,,
GUILDFORD - EARLSFIELD,L74210,525,stop,2026-04-03,06:04:00,,
GUILDFORD - EARLSFIELD,L74210,525,stop,2026-04-01,06:04:00,,
GUILDFORD - EARLSFIELD,L74210,525,stop,2026-04-17,06:04:00,,
GUILDFORD - EARLSFIELD,L74210,525,stop,2026-04-24,06:04:00,,
GUILDFORD - EARLSFIELD,L74210,525,stop,2026-04-14,06:04:00,,
GUILDFORD - EARLSFIELD,L74210,525,stop,2026-04-20,06:04:00,,
GUILDFORD - EARLSFIELD,L74210,525,stop,2026-04-30,06:04:00,,
GUILDFORD - EARLSFIELD,L74210,525,stop,2026-04-28,06:04:00,,
GUILDFORD - EARLSFIELD,L74210,525,stop,2026-04-16,06:04:00,,
GUILDFORD - EARLSFIELD,L74210,525,stop,2026-04-08,06:04:00,,
GUILDFORD - EARLSFIELD,L74210,525,stop,2026-04-10,06:04:00,,
GUILDFORD - EARLSFIELD,L74210,525,stop,2026-04-06,06:04:00,,
GUILDFORD - EARLSFIELD,L74210,525,stop,2026-04-23,06:04:00,,
DORKING - BALHAM,P26580,539,stop,2026-04-08,06:03:00,,
DORKING - BALHAM,P26580,539,stop,2026-04-17,06:03:00,,
DORKING - BALHAM,P26580,539,stop,2026-04-23,06:03:00,,
GUILDFORD - EARLSFIELD,L74210,525,stop,2026-04-13,06:04:00,,
GUILDFORD - EARLSFIELD,L74210,525,stop,2026-04-21,06:04:00,,
GUILDFORD - EARLSFIELD,L74210,525,stop,2026-04-27,06:04:00,,
GUILDFORD - EARLSFIELD,L74210,525,stop,2026-04-22,06:04:00,,
GUILDFORD - EARLSFIELD,L74210,525,stop,2026-04-09,06:04:00,,
GUILDFORD - EARLSFIELD,L74210,525,stop,2026-04-29,06:04:00,,
GUILDFORD - EARLSFIELD,L74210,525,stop,2026-04-02,06:04:00,,
GUILDFORD - EARLSFIELD,L74210,525,stop,2026-04-15,06:04:00,,
GUILDFORD - EARLSFIELD,L74210,525,stop,2026-04-07,06:04:00,,
DORKING - EARLSFIELD,P61100,2332,stop,2026-04-11,23:49:00,,
DORKING - EARLSFIELD,P61100,2332,stop,2026-04-04,23:49:00,,
DORKING - EARLSFIELD,P61099,2332,stop,2026-04-10,23:49:00,,
DORKING - EARLSFIELD,P61100,2332,stop,2026-04-18,23:49:00,,
DORKING - EARLSFIELD,P61099,2332,stop,2026-04-17,23:49:00,,
DORKING - EARLSFIELD,P61099,2332,stop,2026-04-24,23:49:00,,
DORKING - EARLSFIELD,Q40142,2332,stop,2026-04-03,23:49:00,,
DORKING - EARLSFIELD,P61099,2332,stop,2026-04-03,23:49:00,,
DORKING - EARLSFIELD,P61100,2332,stop,2026-04-25,23:49:00,,
EARLSFIELD - DORKING,P61093,2310,stop,2026-04-20,23:45:00,,
EPSOM - STREATHAM HILL,X06813,607,stop,2026-04-19,06:07:00,,
EARLSFIELD - DORKING,P61093,2310,stop,2026-04-15,23:45:00,,
EARLSFIELD - DORKING,P61093,2310,stop,2026-04-29,23:45:00,,
EARLSFIELD - DORKING,P61093,2310,stop,2026-04-30,23:45:00,,
EARLSFIELD - DORKING,P61093,2310,stop,2026-04-09,23:45:00,,
EARLSFIELD - DORKING,P61093,2310,stop,2026-04-06,23:45:00,,
EARLSFIELD - DORKING,P61093,2310,stop,2026-04-28,23:45:00,,
EARLSFIELD - DORKING,P61093,2310,stop,2026-04-21,23:45:00,,
EARLSFIELD - DORKING,P61093,2310,stop,2026-04-07,23:45:00,,
EARLSFIELD - DORKING,P61093,2310,stop,2026-04-23,23:45:00,,
EARLSFIELD - DORKING,P61093,2310,stop,2026-04-22,23:45:00,,
EARLSFIELD - DORKING,P61093,2310,stop,2026-04-14,23:45:00,,
EARLSFIELD - DORKING,P61093,2310,stop,2026-04-27,23:45:00,,
EARLSFIELD - DORKING,P61093,2310,stop,2026-04-02,23:45:00,,
EARLSFIELD - DORKING,P61093,2310,stop,2026-04-13,23:45:00,,
EARLSFIELD - DORKING,P61093,2310,stop,2026-04-01,23:45:00,,
EARLSFIELD - DORKING,P61093,2310,stop,2026-04-08,23:45:00,,
EPSOM  UP SIDINGS   (TPS ONLY) - EPSOM,L77184,611,stop,2026-04-02,06:11:00,,
EPSOM  UP SIDINGS   (TPS ONLY) - EPSOM,L77184,611,stop,2026-04-28,06:11:00,,
EPSOM  UP SIDINGS   (TPS ONLY) - EPSOM,L77184,611,stop,2026-04-22,06:11:00,,
EPSOM  UP SIDINGS   (TPS ONLY) - EPSOM,L77184,611,stop,2026-04-27,06:11:00,,
EPSOM  UP SIDINGS   (TPS ONLY) - EPSOM,L77184,611,stop,2026-04-01,06:11:00,,
EPSOM  UP SIDINGS   (TPS ONLY) - EPSOM,L77184,611,stop,2026-04-09,06:11:00,,
EPSOM  UP SIDINGS   (TPS ONLY) - EPSOM,L77184,611,stop,2026-04-16,06:11:00,,
EPSOM  UP SIDINGS   (TPS ONLY) - EPSOM,L77184,611,stop,2026-04-03,06:11:00,,
EPSOM  UP SIDINGS   (TPS ONLY) - EPSOM,L77184,611,stop,2026-04-20,06:11:00,,
EPSOM  UP SIDINGS   (TPS ONLY) - EPSOM,L77184,611,stop,2026-04-06,06:11:00,,
EPSOM  UP SIDINGS   (TPS ONLY) - EPSOM,L77184,611,stop,2026-04-21,06:11:00,,
EPSOM  UP SIDINGS   (TPS ONLY) - EPSOM,L77184,611,stop,2026-04-17,06:11:00,,
EPSOM  UP SIDINGS   (TPS ONLY) - EPSOM,L77184,611,stop,2026-04-23,06:11:00,,
EPSOM  UP SIDINGS   (TPS ONLY) - EPSOM,L77184,611,stop,2026-04-08,06:11:00,,
EPSOM  UP SIDINGS   (TPS ONLY) - EPSOM,L77184,611,stop,2026-04-24,06:11:00,,
EPSOM  UP SIDINGS   (TPS ONLY) - EPSOM,L77184,611,stop,2026-04-15,06:11:00,,
EARLSFIELD - GUILDFORD,P61574,539,stop,2026-04-17,06:14:00,,
EARLSFIELD - GUILDFORD,P61574,539,stop,2026-04-09,06:14:00,,
EARLSFIELD - GUILDFORD,P61574,539,stop,2026-04-03,06:14:00,,
EARLSFIELD - GUILDFORD,P61574,539,stop,2026-04-30,06:14:00,,
EARLSFIELD - GUILDFORD,P61574,539,stop,2026-04-20,06:14:00,,
SUTTON (SURREY) - SUTTON (SURREY) (2),X05866,613,stop,2026-04-18,06:13:00,,
WEST CROYDON - WEST CROYDON,G73275,503,pass,2026-04-21,06:12:00,,
WEST CROYDON - WEST CROYDON,G73275,503,pass,2026-04-24,06:12:00,,
WEST CROYDON - WEST CROYDON,G73275,503,pass,2026-04-22,06:12:00,,
WEST CROYDON - WEST CROYDON,G73275,503,pass,2026-04-23,06:12:00,,
EPSOM  UP SIDINGS   (TPS ONLY) - EPSOM,L77184,611,stop,2026-04-30,06:11:00,,
EPSOM  UP SIDINGS   (TPS ONLY) - EPSOM,L77184,611,stop,2026-04-10,06:11:00,,
EPSOM  UP SIDINGS   (TPS ONLY) - EPSOM,L77184,611,stop,2026-04-07,06:11:00,,
EPSOM  UP SIDINGS   (TPS ONLY) - EPSOM,L77184,611,stop,2026-04-13,06:11:00,,
EPSOM  UP SIDINGS   (TPS ONLY) - EPSOM,L77184,611,stop,2026-04-29,06:11:00,,
EPSOM  UP SIDINGS   (TPS ONLY) - EPSOM,L77184,611,stop,2026-04-14,06:11:00,,
EARLSFIELD - GUILDFORD,P61574,539,stop,2026-04-23,06:14:00,,
EARLSFIELD - GUILDFORD,P61574,539,stop,2026-04-27,06:14:00,,
EARLSFIELD - GUILDFORD,P61574,539,stop,2026-04-22,06:14:00,,
EARLSFIELD - GUILDFORD,P61574,539,stop,2026-04-10,06:14:00,,
EARLSFIELD - GUILDFORD,P61574,539,stop,2026-04-08,06:14:00,,
EARLSFIELD - GUILDFORD,P61574,539,stop,2026-04-06,06:14:00,,
EARLSFIELD - GUILDFORD,P61574,539,stop,2026-04-15,06:14:00,,
EARLSFIELD - GUILDFORD,P61574,539,stop,2026-04-01,06:14:00,,
EARLSFIELD - GUILDFORD,P61574,539,stop,2026-04-24,06:14:00,,
EARLSFIELD - GUILDFORD,P61574,539,stop,2026-04-14,06:14:00,,
EARLSFIELD - GUILDFORD,P61574,539,stop,2026-04-28,06:14:00,,
EARLSFIELD - GUILDFORD,P61574,539,stop,2026-04-29,06:14:00,,
EARLSFIELD - GUILDFORD,P61574,539,stop,2026-04-21,06:14:00,,
EARLSFIELD - GUILDFORD,P61574,539,stop,2026-04-07,06:14:00,,
EARLSFIELD - GUILDFORD,P61574,539,stop,2026-04-13,06:14:00,,
EARLSFIELD - GUILDFORD,P61574,539,stop,2026-04-02,06:14:00,,
EPSOM - NORWOOD JUNCTION,P25178,615,stop,2026-04-13,06:15:00,,
EPSOM - NORWOOD JUNCTION,P25178,615,stop,2026-04-16,06:15:00,,
EPSOM - NORWOOD JUNCTION,P25178,615,stop,2026-04-17,06:15:00,,
EPSOM - NORWOOD JUNCTION,P25178,615,stop,2026-04-30,06:15:00,,
EPSOM - NORWOOD JUNCTION,P25178,615,stop,2026-04-07,06:15:00,,
EPSOM - NORWOOD JUNCTION,P25178,615,stop,2026-04-29,06:15:00,,
EPSOM - NORWOOD JUNCTION,P25178,615,stop,2026-04-03,06:15:00,,
EPSOM - NORWOOD JUNCTION,P25178,615,stop,2026-04-15,06:15:00,,
EPSOM - NORWOOD JUNCTION,P25178,615,stop,2026-04-23,06:15:00,,
EPSOM - NORWOOD JUNCTION,P25178,615,stop,2026-04-02,06:15:00,,
EPSOM - NORWOOD JUNCTION,P25178,615,stop,2026-04-27,06:15:00,,
EPSOM - NORWOOD JUNCTION,P25178,615,stop,2026-04-28,06:15:00,,
EPSOM - NORWOOD JUNCTION,P25178,615,stop,2026-04-10,06:15:00,,
EPSOM - NORWOOD JUNCTION,P25178,615,stop,2026-04-24,06:15:00,,
EPSOM - NORWOOD JUNCTION,P25178,615,stop,2026-04-08,06:15:00,,
EARLSFIELD - GUILDFORD,P61574,539,stop,2026-04-16,06:14:00,,
WEST CROYDON - WEST CROYDON,G73275,505,pass,2026-04-16,06:17:00,,
WEST CROYDON - WEST CROYDON,G73275,505,pass,2026-04-07,06:17:00,,
WEST CROYDON - WEST CROYDON,G73275,505,pass,2026-04-09,06:17:00,,
WEST CROYDON - WEST CROYDON,G73275,505,pass,2026-04-08,06:17:00,,
WEST CROYDON - WEST CROYDON,G73275,505,pass,2026-04-02,06:17:00,,
WEST CROYDON - WEST CROYDON,G73275,505,pass,2026-04-06,06:17:00,,
WEST CROYDON - WEST CROYDON,G73275,505,pass,2026-04-03,06:17:00,,
WEST CROYDON - WEST CROYDON,G73275,505,pass,2026-04-30,06:17:00,,
WEST CROYDON - WEST CROYDON,G73275,505,pass,2026-04-01,06:17:00,,
EPSOM - NORWOOD JUNCTION,P25178,615,stop,2026-04-14,06:15:00,,
EPSOM - NORWOOD JUNCTION,P25178,615,stop,2026-04-09,06:15:00,,
EPSOM - NORWOOD JUNCTION,P25178,615,stop,2026-04-22,06:15:00,,
EPSOM - NORWOOD JUNCTION,P25178,615,stop,2026-04-21,06:15:00,,
EPSOM - NORWOOD JUNCTION,P25178,615,stop,2026-04-01,06:15:00,,
EPSOM - NORWOOD JUNCTION,P25178,615,stop,2026-04-06,06:15:00,,
EPSOM - NORWOOD JUNCTION,P25178,615,stop,2026-04-20,06:15:00,,
EPSOM - EARLSFIELD,L74326,618,stop,2026-04-21,06:18:00,,
EPSOM - EARLSFIELD,L74326,618,stop,2026-04-09,06:18:00,,
EPSOM - EARLSFIELD,L74326,618,stop,2026-04-24,06:18:00,,
EPSOM - EARLSFIELD,L74326,618,stop,2026-04-29,06:18:00,,
EPSOM - EARLSFIELD,L74326,618,stop,2026-04-03,06:18:00,,
EPSOM - EARLSFIELD,L74326,618,stop,2026-04-08,06:18:00,,
EPSOM - EARLSFIELD,L74326,618,stop,2026-04-20,06:18:00,,
WEST CROYDON - WEST CROYDON,G73275,505,pass,2026-04-27,06:17:00,,
WEST CROYDON - WEST CROYDON,G73275,505,pass,2026-04-13,06:17:00,,
WEST CROYDON - WEST CROYDON,G73275,505,pass,2026-04-14,06:17:00,,
WEST CROYDON - WEST CROYDON,G73275,505,pass,2026-04-29,06:17:00,,
WEST CROYDON - WEST CROYDON,G73275,505,pass,2026-04-20,06:17:00,,
WEST CROYDON - WEST CROYDON,G73275,505,pass,2026-04-10,06:17:00,,
WEST CROYDON - WEST CROYDON,G73275,505,pass,2026-04-15,06:17:00,,
WEST CROYDON - WEST CROYDON,G73275,505,pass,2026-04-28,06:17:00,,
WEST CROYDON - WEST CROYDON,G73275,505,pass,2026-04-17,06:17:00,,
EPSOM  UP SIDINGS   (TPS ONLY) - DORKING,X05882,619,stop,2026-04-18,06:19:00,,
EPSOM - EARLSFIELD,L74326,618,stop,2026-04-23,06:18:00,,
EPSOM - EARLSFIELD,L74326,618,stop,2026-04-17,06:18:00,,
EPSOM - EARLSFIELD,L74326,618,stop,2026-04-02,06:18:00,,
EPSOM - EARLSFIELD,L74326,618,stop,2026-04-13,06:18:00,,
EPSOM - EARLSFIELD,L74326,618,stop,2026-04-10,06:18:00,,
EPSOM - EARLSFIELD,L74326,618,stop,2026-04-14,06:18:00,,
EPSOM - EARLSFIELD,L74326,618,stop,2026-04-15,06:18:00,,
EPSOM - EARLSFIELD,L74326,618,stop,2026-04-06,06:18:00,,
EPSOM - EARLSFIELD,L74326,618,stop,2026-04-16,06:18:00,,
EPSOM - EARLSFIELD,L74326,618,stop,2026-04-30,06:18:00,,
EPSOM - EARLSFIELD,L74326,618,stop,2026-04-22,06:18:00,,
EPSOM - EARLSFIELD,L74326,618,stop,2026-04-07,06:18:00,,
EPSOM - EARLSFIELD,L74326,618,stop,2026-04-27,06:18:00,,
EPSOM - EARLSFIELD,L74326,618,stop,2026-04-01,06:18:00,,
EPSOM - EARLSFIELD,L74326,618,stop,2026-04-28,06:18:00,,
HORSHAM - BALHAM,P26583,549,stop,2026-04-14,06:31:00,,
HORSHAM - BALHAM,P26583,549,stop,2026-04-29,06:31:00,,
EPSOM - BALHAM,P26584,631,stop,2026-04-25,06:31:00,,
HORSHAM - BALHAM,P26583,549,stop,2026-04-01,06:31:00,,
HORSHAM - BALHAM,P26583,549,stop,2026-04-21,06:31:00,,
HORSHAM - BALHAM,P26583,549,stop,2026-04-24,06:31:00,,
HORSHAM - BALHAM,P26583,549,stop,2026-04-15,06:31:00,,
EPSOM - BALHAM,X96913,631,stop,2026-04-03,06:31:00,,
HORSHAM - BALHAM,P26583,549,stop,2026-04-23,06:31:00,,
EPSOM - SUTTON (SURREY),X04902,620,stop,2026-04-12,06:20:00,,
EPSOM - EARLSFIELD,L74211,619,stop,2026-04-18,06:19:00,,
EPSOM - EARLSFIELD,Q39212,619,stop,2026-04-03,06:19:00,,
EPSOM - EARLSFIELD,L74211,619,stop,2026-04-11,06:19:00,,
EPSOM - EARLSFIELD,L74211,619,stop,2026-04-25,06:19:00,,
EPSOM - EARLSFIELD,L74211,619,stop,2026-04-04,06:19:00,,
EPSOM - EARLSFIELD,Q51706,619,stop,2026-04-06,06:19:00,,
HORSHAM - BALHAM,P26583,549,stop,2026-04-17,06:31:00,,
HORSHAM - BALHAM,P26583,549,stop,2026-04-13,06:31:00,,
HORSHAM - BALHAM,P26583,549,stop,2026-04-09,06:31:00,,
HORSHAM - BALHAM,P26583,549,stop,2026-04-07,06:31:00,,
EPSOM - BALHAM,P26584,631,stop,2026-04-04,06:31:00,,
EPSOM - BALHAM,X01849,631,stop,2026-04-06,06:31:00,,
HORSHAM - BALHAM,P26583,549,stop,2026-04-10,06:31:00,,
HORSHAM - BALHAM,P26583,549,stop,2026-04-22,06:31:00,,
HORSHAM - BALHAM,P26583,549,stop,2026-04-20,06:31:00,,
HORSHAM - BALHAM,P26583,549,stop,2026-04-06,06:31:00,,
HORSHAM - BALHAM,P26583,549,stop,2026-04-28,06:31:00,,
EPSOM - BALHAM,P26584,631,stop,2026-04-11,06:31:00,,
HORSHAM - BALHAM,P26583,549,stop,2026-04-03,06:31:00,,
HORSHAM - BALHAM,P26583,549,stop,2026-04-16,06:31:00,,
HORSHAM - BALHAM,P26583,549,stop,2026-04-02,06:31:00,,
HORSHAM - BALHAM,P26583,549,stop,2026-04-27,06:31:00,,
HORSHAM - BALHAM,P26583,549,stop,2026-04-30,06:31:00,,
DORKING - MITCHAM EASTFIELDS,P26584,615,stop,2026-04-18,06:31:00,,
HORSHAM - BALHAM,P26583,549,stop,2026-04-08,06:31:00,,
EARLSFIELD - DORKING,P61093,2310,stop,2026-04-16,23:45:00,,
DORKING - WORCESTER PARK,Q54757,2307,stop,2026-04-12,23:43:00,,
DORKING - DORKING (2),P02609,2325,pass,2026-04-27,23:37:00,,
DORKING - DORKING (2),P02609,2325,pass,2026-04-22,23:37:00,,
DORKING - DORKING (2),P02609,2325,pass,2026-04-29,23:37:00,,
DORKING - DORKING (2),P02609,2325,pass,2026-04-02,23:37:00,,
DORKING - DORKING (2),P02609,2325,pass,2026-04-15,23:37:00,,
DORKING - DORKING (2),P02609,2325,pass,2026-04-16,23:37:00,,
DORKING - DORKING (2),P02609,2325,pass,2026-04-14,23:37:00,,
DORKING - DORKING (2),P02609,2325,pass,2026-04-28,23:37:00,,
DORKING - DORKING (2),P02609,2325,pass,2026-04-21,23:37:00,,
DORKING - DORKING (2),P02609,2325,pass,2026-04-30,23:37:00,,
DORKING - EARLSFIELD,P60999,621,stop,2026-04-29,06:38:00,,
DORKING - EARLSFIELD,P60999,621,stop,2026-04-06,06:38:00,,
DORKING - EARLSFIELD,P60999,621,stop,2026-04-17,06:38:00,,
DORKING - EARLSFIELD,P60999,621,stop,2026-04-14,06:38:00,,
DORKING - EARLSFIELD,P60999,621,stop,2026-04-28,06:38:00,,
DORKING - EARLSFIELD,P60999,621,stop,2026-04-15,06:38:00,,
DORKING - EARLSFIELD,P60999,621,stop,2026-04-16,06:38:00,,
DORKING - DORKING,L77168,613,pass,2026-04-16,06:39:00,,
DORKING - EARLSFIELD,P60999,621,stop,2026-04-01,06:38:00,,
DORKING - EARLSFIELD,P60999,621,stop,2026-04-08,06:38:00,,
DORKING - EARLSFIELD,P60999,621,stop,2026-04-21,06:38:00,,
DORKING - EARLSFIELD,P60999,621,stop,2026-04-07,06:38:00,,
DORKING - EARLSFIELD,P60999,621,stop,2026-04-20,06:38:00,,
DORKING - EARLSFIELD,P60999,621,stop,2026-04-27,06:38:00,,
DORKING - EARLSFIELD,P60999,621,stop,2026-04-02,06:38:00,,
DORKING - EARLSFIELD,P60999,621,stop,2026-04-03,06:38:00,,
DORKING - EARLSFIELD,P60999,621,stop,2026-04-13,06:38:00,,
DORKING - EARLSFIELD,P60999,621,stop,2026-04-22,06:38:00,,
DORKING - EARLSFIELD,P60999,621,stop,2026-04-23,06:38:00,,
DORKING - EARLSFIELD,P60999,621,stop,2026-04-09,06:38:00,,
DORKING - EARLSFIELD,P60999,621,stop,2026-04-30,06:38:00,,
DORKING - EARLSFIELD,P60999,621,stop,2026-04-10,06:38:00,,
DORKING - EARLSFIELD,P60999,621,stop,2026-04-24,06:38:00,,
DORKING - DORKING,L77168,613,pass,2026-04-07,06:39:00,,
DORKING - DORKING,L77168,613,pass,2026-04-23,06:39:00,,
DORKING - DORKING,L77168,613,pass,2026-04-08,06:39:00,,
DORKING - DORKING,L77168,613,pass,2026-04-06,06:39:00,,
DORKING - DORKING,L77168,613,pass,2026-04-24,06:39:00,,
DORKING - DORKING,L77168,613,pass,2026-04-13,06:39:00,,
DORKING - DORKING,L77168,613,pass,2026-04-28,06:39:00,,
DORKING - DORKING,L77168,613,pass,2026-04-17,06:39:00,,
EPSOM  UP SIDINGS   (TPS ONLY) - EPSOM,G71321,639,stop,2026-04-19,06:39:00,,
DORKING - DORKING,L77168,613,pass,2026-04-20,06:39:00,,
DORKING - DORKING,L77168,613,pass,2026-04-09,06:39:00,,
DORKING - DORKING,L77168,613,pass,2026-04-21,06:39:00,,
DORKING - DORKING,L77168,613,pass,2026-04-03,06:39:00,,
DORKING - DORKING,L77168,613,pass,2026-04-27,06:39:00,,
EPSOM  UP SIDINGS   (TPS ONLY) - EPSOM,G71321,639,stop,2026-04-12,06:39:00,,
DORKING - DORKING,L77168,613,pass,2026-04-30,06:39:00,,
EPSOM  UP SIDINGS   (TPS ONLY) - EPSOM,G72581,641,stop,2026-04-04,06:41:00,,
EPSOM  UP SIDINGS   (TPS ONLY) - EPSOM,G72581,641,stop,2026-04-25,06:41:00,,
EPSOM  UP SIDINGS   (TPS ONLY) - EPSOM,X96896,641,stop,2026-04-03,06:41:00,,
EPSOM  UP SIDINGS   (TPS ONLY) - EPSOM,G72581,641,stop,2026-04-11,06:41:00,,
EPSOM  UP SIDINGS   (TPS ONLY) - EPSOM,X01016,641,stop,2026-04-06,06:41:00,,
EPSOM - SUTTON (SURREY),X04901,641,stop,2026-04-12,06:41:00,,
EPSOM  UP SIDINGS   (TPS ONLY) - EPSOM,G72581,641,stop,2026-04-18,06:41:00,,
DORKING - DORKING,L77168,613,pass,2026-04-14,06:39:00,,
DORKING - DORKING,L77168,613,pass,2026-04-22,06:39:00,,
DORKING - DORKING,L77168,613,pass,2026-04-15,06:39:00,,
EPSOM  UP SIDINGS   (TPS ONLY) - EPSOM,G71321,639,stop,2026-04-05,06:39:00,,
EPSOM  UP SIDINGS   (TPS ONLY) - EPSOM,G71321,639,stop,2026-04-26,06:39:00,,
DORKING - DORKING,L77168,613,pass,2026-04-01,06:39:00,,
DORKING - DORKING,L77168,613,pass,2026-04-29,06:39:00,,
DORKING - DORKING,L77168,613,pass,2026-04-10,06:39:00,,
DORKING - DORKING,L77168,613,pass,2026-04-02,06:39:00,,
EPSOM - BATTERSEA PARK LONDON,P26031,643,stop,2026-04-26,06:43:00,,
EPSOM - BATTERSEA PARK LONDON,P26031,643,stop,2026-04-12,06:43:00,,
EPSOM - STREATHAM HILL,P26031,643,stop,2026-04-19,06:43:00,,
DORKING - DORKING (2),P02609,2325,pass,2026-04-06,23:37:00,,
DORKING - DORKING (2),P02609,2325,pass,2026-04-07,23:37:00,,
DORKING - DORKING (2),P02609,2325,pass,2026-04-20,23:37:00,,
DORKING - DORKING (2),P02609,2325,pass,2026-04-08,23:37:00,,
DORKING - DORKING (2),P02609,2325,pass,2026-04-23,23:37:00,,
DORKING - DORKING (2),P02609,2325,pass,2026-04-01,23:37:00,,
DORKING - DORKING (2),P02609,2325,pass,2026-04-13,23:37:00,,
DORKING - DORKING (2),P02609,2325,pass,2026-04-09,23:37:00,,
DORKING - BATTERSEA PARK LONDON (2),P26788,2316,stop,2026-04-26,23:33:00,,
DORKING - BATTERSEA PARK LONDON (2),P26788,2316,stop,2026-04-12,23:33:00,,
DORKING - BATTERSEA PARK LONDON,P26788,2316,stop,2026-04-05,23:33:00,,
DORKING - MITCHAM EASTFIELDS,P26788,2316,stop,2026-04-19,23:33:00,,
MITCHAM EASTFIELDS - DORKING,P26773,2250,stop,2026-04-18,23:32:00,,
DORKING - BALHAM (4),P26775,2315,stop,2026-04-03,23:31:00,,
DORKING - BALHAM (4),P26775,2315,stop,2026-04-24,23:31:00,,
DORKING - BALHAM (4),P26776,2315,stop,2026-04-29,23:31:00,,
EPSOM - NORWOOD JUNCTION,P25180,645,stop,2026-04-01,06:45:00,,
EPSOM - NORWOOD JUNCTION,P25180,645,stop,2026-04-30,06:45:00,,
EPSOM - NORWOOD JUNCTION,P25180,645,stop,2026-04-16,06:45:00,,
EPSOM - NORWOOD JUNCTION,P25180,645,stop,2026-04-17,06:45:00,,
EPSOM - NORWOOD JUNCTION,P25181,645,stop,2026-04-18,06:45:00,,
EPSOM - NORWOOD JUNCTION,P25180,645,stop,2026-04-15,06:45:00,,
EPSOM - BATTERSEA PARK LONDON,P26031,643,stop,2026-04-05,06:43:00,,
DORKING - BALHAM (4),P26775,2315,stop,2026-04-10,23:31:00,,
DORKING - BALHAM (4),P26776,2315,stop,2026-04-13,23:31:00,,
DORKING - BALHAM (4),P26776,2315,stop,2026-04-01,23:31:00,,
DORKING - BALHAM (5),P26776,2315,stop,2026-04-07,23:31:00,,
DORKING - BALHAM (5),P26776,2315,stop,2026-04-09,23:31:00,,
DORKING - BALHAM (4),P26776,2315,stop,2026-04-30,23:31:00,,
DORKING - BALHAM (4),P26776,2315,stop,2026-04-28,23:31:00,,
DORKING - BALHAM (4),P26776,2315,stop,2026-04-06,23:31:00,,
DORKING - BALHAM (5),P26776,2315,stop,2026-04-08,23:31:00,,
DORKING - BALHAM (4),P26776,2315,stop,2026-04-27,23:31:00,,
DORKING - BALHAM (4),P26775,2315,stop,2026-04-17,23:31:00,,
DORKING - BALHAM (4),P26776,2315,stop,2026-04-15,23:31:00,,
DORKING - BALHAM (4),P26776,2315,stop,2026-04-16,23:31:00,,
DORKING - BALHAM (4),P26776,2315,stop,2026-04-14,23:31:00,,
DORKING - BALHAM (4),P26776,2315,stop,2026-04-02,23:31:00,,
EPSOM - NORWOOD JUNCTION,P25180,645,stop,2026-04-06,06:45:00,,
EPSOM - NORWOOD JUNCTION,P25180,645,stop,2026-04-10,06:45:00,,
EPSOM - NORWOOD JUNCTION,P25180,645,stop,2026-04-28,06:45:00,,
EPSOM - NORWOOD JUNCTION,P25181,645,stop,2026-04-25,06:45:00,,
EPSOM - NORWOOD JUNCTION,P25180,645,stop,2026-04-22,06:45:00,,
EPSOM - NORWOOD JUNCTION,P25181,645,stop,2026-04-04,06:45:00,,
EPSOM - NORWOOD JUNCTION,P25180,645,stop,2026-04-03,06:45:00,,
EPSOM - NORWOOD JUNCTION,X96888,645,stop,2026-04-03,06:45:00,,
EPSOM - NORWOOD JUNCTION,P25180,645,stop,2026-04-27,06:45:00,,
EPSOM - NORWOOD JUNCTION,P25180,645,stop,2026-04-07,06:45:00,,
EPSOM - NORWOOD JUNCTION,P25180,645,stop,2026-04-23,06:45:00,,
EPSOM - NORWOOD JUNCTION,P25180,645,stop,2026-04-13,06:45:00,,
EPSOM - NORWOOD JUNCTION,P25180,645,stop,2026-04-24,06:45:00,,
EPSOM - NORWOOD JUNCTION,P25180,645,stop,2026-04-08,06:45:00,,
EPSOM - NORWOOD JUNCTION,P25181,645,stop,2026-04-11,06:45:00,,
EPSOM - NORWOOD JUNCTION,P25180,645,stop,2026-04-29,06:45:00,,
SELHURST  T&RS  MD  M&EE   NSC - SELHURST  T&RS  MD  M&EE   NSC,G10086,550,pass,2026-04-10,06:48:00,,
SELHURST  T&RS  MD  M&EE   NSC - SELHURST  T&RS  MD  M&EE   NSC,G10086,550,pass,2026-04-22,06:48:00,,
SELHURST  T&RS  MD  M&EE   NSC - SELHURST  T&RS  MD  M&EE   NSC,G10086,550,pass,2026-04-29,06:48:00,,
SELHURST  T&RS  MD  M&EE   NSC - SELHURST  T&RS  MD  M&EE   NSC,G10086,550,pass,2026-04-17,06:48:00,,
SELHURST  T&RS  MD  M&EE   NSC - SELHURST  T&RS  MD  M&EE   NSC,G10086,550,pass,2026-04-08,06:48:00,,
SELHURST  T&RS  MD  M&EE   NSC - SELHURST  T&RS  MD  M&EE   NSC,G10086,550,pass,2026-04-23,06:48:00,,
SELHURST  T&RS  MD  M&EE   NSC - SELHURST  T&RS  MD  M&EE   NSC,G10086,550,pass,2026-04-07,06:48:00,,
T & RSMD - T & RSMD,W57581,520,pass,2026-04-27,06:48:00,,
SELHURST  T&RS  MD  M&EE   NSC - SELHURST  T&RS  MD  M&EE   NSC,G10086,550,pass,2026-04-09,06:48:00,,
SELHURST  T&RS  MD  M&EE   NSC - SELHURST  T&RS  MD  M&EE   NSC,G10086,550,pass,2026-04-16,06:48:00,,
EPSOM - NORWOOD JUNCTION,P25180,645,stop,2026-04-09,06:45:00,,
EPSOM - NORWOOD JUNCTION,P25180,645,stop,2026-04-20,06:45:00,,
EPSOM - NORWOOD JUNCTION,P25180,645,stop,2026-04-14,06:45:00,,
EPSOM - NORWOOD JUNCTION,P25180,645,stop,2026-04-21,06:45:00,,
EPSOM - NORWOOD JUNCTION,P25180,645,stop,2026-04-02,06:45:00,,
EPSOM - NORWOOD JUNCTION,X01376,645,stop,2026-04-06,06:45:00,,
EARLSFIELD - GUILDFORD,P61575,609,stop,2026-04-22,06:49:00,,
EARLSFIELD - GUILDFORD,P61575,609,stop,2026-04-13,06:49:00,,
EARLSFIELD - GUILDFORD,P61575,609,stop,2026-04-16,06:49:00,,
EARLSFIELD - GUILDFORD,P61575,609,stop,2026-04-21,06:49:00,,
SELHURST  T&RS  MD  M&EE   NSC - SELHURST  T&RS  MD  M&EE   NSC,G10086,550,pass,2026-04-01,06:48:00,,
SELHURST  T&RS  MD  M&EE   NSC - SELHURST  T&RS  MD  M&EE   NSC,G10086,550,pass,2026-04-02,06:48:00,,
SELHURST  T&RS  MD  M&EE   NSC - SELHURST  T&RS  MD  M&EE   NSC,G10086,550,pass,2026-04-14,06:48:00,,
SELHURST  T&RS  MD  M&EE   NSC - SELHURST  T&RS  MD  M&EE   NSC,G10086,550,pass,2026-04-30,06:48:00,,
SELHURST  T&RS  MD  M&EE   NSC - SELHURST  T&RS  MD  M&EE   NSC,G10086,550,pass,2026-04-03,06:48:00,,
SELHURST  T&RS  MD  M&EE   NSC - SELHURST  T&RS  MD  M&EE   NSC,G10086,550,pass,2026-04-15,06:48:00,,
SELHURST  T&RS  MD  M&EE   NSC - SELHURST  T&RS  MD  M&EE   NSC,G10086,550,pass,2026-04-24,06:48:00,,
SELHURST  T&RS  MD  M&EE   NSC - SELHURST  T&RS  MD  M&EE   NSC,G10086,550,pass,2026-04-21,06:48:00,,
SELHURST  T&RS  MD  M&EE   NSC - SELHURST  T&RS  MD  M&EE   NSC,G10086,550,pass,2026-04-28,06:48:00,,
EPSOM - EARLSFIELD,L74215,649,stop,2026-04-04,06:49:00,,
EPSOM - EARLSFIELD,L74215,649,stop,2026-04-25,06:49:00,,
EPSOM - EARLSFIELD,L74215,649,stop,2026-04-11,06:49:00,,
EPSOM - EARLSFIELD,L74215,649,stop,2026-04-18,06:49:00,,
EARLSFIELD - GUILDFORD,P61575,609,stop,2026-04-09,06:49:00,,
EARLSFIELD - GUILDFORD,P61575,609,stop,2026-04-02,06:49:00,,
EARLSFIELD - GUILDFORD,P61575,609,stop,2026-04-27,06:49:00,,
EARLSFIELD - GUILDFORD,P61575,609,stop,2026-04-24,06:49:00,,
EARLSFIELD - GUILDFORD,P61575,609,stop,2026-04-15,06:49:00,,
EARLSFIELD - GUILDFORD,P61575,609,stop,2026-04-10,06:49:00,,
EARLSFIELD - GUILDFORD,P61575,609,stop,2026-04-08,06:49:00,,
EARLSFIELD - GUILDFORD,P61575,609,stop,2026-04-30,06:49:00,,
EARLSFIELD - GUILDFORD,P61575,609,stop,2026-04-28,06:49:00,,
EARLSFIELD - GUILDFORD,P61575,609,stop,2026-04-23,06:49:00,,
EARLSFIELD - GUILDFORD,P61575,609,stop,2026-04-06,06:49:00,,
EPSOM - EARLSFIELD,Q51633,649,stop,2026-04-06,06:49:00,,
BALHAM - DORKING,P26581,611,stop,2026-04-14,06:52:00,,
BALHAM - DORKING,P26581,611,stop,2026-04-03,06:52:00,,
BALHAM - DORKING,P26581,611,stop,2026-04-06,06:52:00,,
BALHAM - DORKING,P26581,611,stop,2026-04-20,06:52:00,,
BALHAM - DORKING,P26582,611,stop,2026-04-25,06:52:00,,
BALHAM - DORKING,P26581,611,stop,2026-04-13,06:52:00,,
BALHAM - DORKING,P26581,611,stop,2026-04-01,06:52:00,,
EPSOM  UP SIDINGS   (TPS ONLY) - DORKING,X99392,651,stop,2026-04-05,06:51:00,,
EARLSFIELD - GUILDFORD,P61575,609,stop,2026-04-14,06:49:00,,
EARLSFIELD - GUILDFORD,P61575,609,stop,2026-04-17,06:49:00,,
EARLSFIELD - GUILDFORD,P61575,609,stop,2026-04-29,06:49:00,,
EARLSFIELD - GUILDFORD,P61575,609,stop,2026-04-20,06:49:00,,
EPSOM - EARLSFIELD,Q39184,649,stop,2026-04-03,06:49:00,,
EARLSFIELD - GUILDFORD,P61575,609,stop,2026-04-07,06:49:00,,
EARLSFIELD - GUILDFORD,P61575,609,stop,2026-04-03,06:49:00,,
EARLSFIELD - GUILDFORD,P61575,609,stop,2026-04-01,06:49:00,,
BALHAM - DORKING,P26581,611,stop,2026-04-17,06:52:00,,
BALHAM - DORKING,P26581,611,stop,2026-04-27,06:52:00,,
BALHAM - DORKING,P26581,611,stop,2026-04-15,06:52:00,,
BALHAM - DORKING,P26581,611,stop,2026-04-16,06:52:00,,
BALHAM - DORKING,X96949,611,stop,2026-04-03,06:52:00,,
BALHAM - DORKING,P26581,611,stop,2026-04-10,06:52:00,,
BALHAM - DORKING,P26581,611,stop,2026-04-07,06:52:00,,
BALHAM - DORKING,P26581,611,stop,2026-04-22,06:52:00,,
BALHAM - DORKING,P26581,611,stop,2026-04-29,06:52:00,,
BALHAM - DORKING,P26581,611,stop,2026-04-08,06:52:00,,
BALHAM - DORKING,P26581,611,stop,2026-04-23,06:52:00,,
BALHAM - DORKING,P26581,611,stop,2026-04-28,06:52:00,,
BALHAM - DORKING,P26581,611,stop,2026-04-02,06:52:00,,
BALHAM - DORKING,P26581,611,stop,2026-04-21,06:52:00,,
BALHAM - DORKING,P26582,611,stop,2026-04-04,06:52:00,,
BALHAM - DORKING,P26581,611,stop,2026-04-24,06:52:00,,
EPSOM - CARSHALTON,P25167,653,stop,2026-04-28,06:53:00,,
EPSOM - CARSHALTON,P25167,653,stop,2026-04-27,06:53:00,,
EPSOM - CARSHALTON,P25167,653,stop,2026-04-30,06:53:00,,
EPSOM - CARSHALTON,P25167,653,stop,2026-04-09,06:53:00,,
EPSOM - CARSHALTON,P25167,653,stop,2026-04-08,06:53:00,,
EPSOM - CARSHALTON,P25167,653,stop,2026-04-29,06:53:00,,
EPSOM - CARSHALTON,P25167,653,stop,2026-04-10,06:53:00,,
EPSOM - CARSHALTON,P25167,653,stop,2026-04-14,06:53:00,,
EPSOM - CARSHALTON,P25167,653,stop,2026-04-07,06:53:00,,
EPSOM - CARSHALTON,P25167,653,stop,2026-04-20,06:53:00,,
EPSOM - CARSHALTON,P25167,653,stop,2026-04-03,06:53:00,,
EPSOM - CARSHALTON,P25167,653,stop,2026-04-17,06:53:00,,
BALHAM - DORKING,P26582,611,stop,2026-04-11,06:52:00,,
BALHAM - DORKING,P26581,611,stop,2026-04-30,06:52:00,,
BALHAM - DORKING,X01848,611,stop,2026-04-06,06:52:00,,
BALHAM - DORKING,P26581,611,stop,2026-04-09,06:52:00,,
EPSOM  UP SIDINGS   (TPS ONLY) - EPSOM,G71910,658,stop,2026-04-26,06:58:00,,
EPSOM  UP SIDINGS   (TPS ONLY) - EPSOM,G71910,658,stop,2026-04-12,06:58:00,,
EPSOM - RAYNES PARK,Q61101,656,stop,2026-04-19,06:56:00,,
EPSOM - WORCESTER PARK,Q54783,656,stop,2026-04-12,06:56:00,,
EPSOM - RAYNES PARK,Q62922,653,stop,2026-04-26,06:53:00,,
EPSOM - CARSHALTON,P25167,653,stop,2026-04-22,06:53:00,,
STREATHAM - DORKING,P26582,605,stop,2026-04-18,06:53:00,,
EPSOM - CARSHALTON,P25167,653,stop,2026-04-06,06:53:00,,
EPSOM - CARSHALTON,P25167,653,stop,2026-04-01,06:53:00,,
EPSOM - CARSHALTON,P25167,653,stop,2026-04-24,06:53:00,,
EPSOM - CARSHALTON,P25167,653,stop,2026-04-23,06:53:00,,
EPSOM - CARSHALTON,P25167,653,stop,2026-04-02,06:53:00,,
EPSOM - CARSHALTON,P25167,653,stop,2026-04-16,06:53:00,,
EPSOM - CARSHALTON,P25167,653,stop,2026-04-21,06:53:00,,
EPSOM - CARSHALTON,P25167,653,stop,2026-04-13,06:53:00,,
EPSOM - CARSHALTON,P25167,653,stop,2026-04-15,06:53:00,,
EARLSFIELD - DORKING,P60995,624,stop,2026-04-22,07:00:00,,
EARLSFIELD - DORKING,P60995,624,stop,2026-04-28,07:00:00,,
EARLSFIELD - DORKING,P60995,624,stop,2026-04-21,07:00:00,,
EARLSFIELD - DORKING,P60995,624,stop,2026-04-07,07:00:00,,
EARLSFIELD - DORKING,P60995,624,stop,2026-04-16,07:00:00,,
EARLSFIELD - DORKING,P60995,624,stop,2026-04-09,07:00:00,,
EARLSFIELD - DORKING,P60995,624,stop,2026-04-14,07:00:00,,
RAYNES PARK - DORKING,L72839,639,stop,2026-04-18,06:59:00,,
RAYNES PARK - DORKING,Q51659,639,stop,2026-04-06,06:59:00,,
RAYNES PARK - DORKING,L72839,639,stop,2026-04-25,06:59:00,,
RAYNES PARK - DORKING,L72839,639,stop,2026-04-04,06:59:00,,
RAYNES PARK - DORKING,Q39192,639,stop,2026-04-03,06:59:00,,
RAYNES PARK - DORKING,L72839,639,stop,2026-04-11,06:59:00,,
DORKING - MITCHAM EASTFIELDS,P26589,641,stop,2026-04-19,06:58:00,,
EPSOM  UP SIDINGS   (TPS ONLY) - EPSOM,G71910,658,stop,2026-04-19,06:58:00,,
EPSOM  UP SIDINGS   (TPS ONLY) - EPSOM,G71910,658,stop,2026-04-05,06:58:00,,
HORSHAM - BALHAM,P26587,615,stop,2026-04-21,07:01:00,,
EARLSFIELD - DORKING,P60995,624,stop,2026-04-24,07:00:00,,
EARLSFIELD - DORKING,P60995,624,stop,2026-04-08,07:00:00,,
EARLSFIELD - DORKING,P60995,624,stop,2026-04-02,07:00:00,,
EARLSFIELD - DORKING,P60995,624,stop,2026-04-29,07:00:00,,
EARLSFIELD - DORKING,P60995,624,stop,2026-04-10,07:00:00,,
EARLSFIELD - DORKING,P60995,624,stop,2026-04-20,07:00:00,,
EARLSFIELD - DORKING,P60995,624,stop,2026-04-03,07:00:00,,
EARLSFIELD - DORKING,P60995,624,stop,2026-04-13,07:00:00,,
EARLSFIELD - DORKING,P60995,624,stop,2026-04-30,07:00:00,,
EARLSFIELD - DORKING,P60995,624,stop,2026-04-01,07:00:00,,
EARLSFIELD - DORKING,P60995,624,stop,2026-04-27,07:00:00,,
EARLSFIELD - DORKING,P60995,624,stop,2026-04-23,07:00:00,,
EARLSFIELD - DORKING,P60995,624,stop,2026-04-17,07:00:00,,
EARLSFIELD - DORKING,P60995,624,stop,2026-04-15,07:00:00,,
EARLSFIELD - DORKING,P60995,624,stop,2026-04-06,07:00:00,,
HORSHAM - BALHAM,P26587,615,stop,2026-04-22,07:01:00,,
DORKING - BALHAM (4),P26588,644,stop,2026-04-25,07:01:00,,
HORSHAM - BALHAM,P26587,615,stop,2026-04-20,07:01:00,,
HORSHAM - BALHAM,P26587,615,stop,2026-04-03,07:01:00,,
HORSHAM - BALHAM,P26587,615,stop,2026-04-27,07:01:00,,
HORSHAM - BALHAM,P26587,615,stop,2026-04-15,07:01:00,,
HORSHAM - BALHAM,P26587,615,stop,2026-04-17,07:01:00,,
HORSHAM - BALHAM,P26587,615,stop,2026-04-08,07:01:00,,
HORSHAM - BALHAM,P26587,615,stop,2026-04-30,07:01:00,,
HORSHAM - BALHAM,P26587,615,stop,2026-04-01,07:01:00,,
HORSHAM - BALHAM,P26587,615,stop,2026-04-02,07:01:00,,
DORKING - BALHAM (4),X96890,644,stop,2026-04-03,07:01:00,,
HORSHAM - BALHAM,P26587,615,stop,2026-04-06,07:01:00,,
HORSHAM - BALHAM,P26587,615,stop,2026-04-13,07:01:00,,
HORSHAM - BALHAM,P26587,615,stop,2026-04-23,07:01:00,,
HORSHAM - BALHAM,P26587,615,stop,2026-04-16,07:01:00,,
GUILDFORD - EARLSFIELD,L74219,628,stop,2026-04-07,07:08:00,,
EPSOM - BALHAM,P26589,703,stop,2026-04-26,07:03:00,,
DORKING - BALHAM (5),P26589,646,stop,2026-04-05,07:03:00,,
EPSOM - BALHAM,P26589,703,stop,2026-04-12,07:03:00,,
DORKING - BALHAM (4),X00922,644,stop,2026-04-06,07:01:00,,
HORSHAM - BALHAM,P26587,615,stop,2026-04-09,07:01:00,,
HORSHAM - BALHAM,P26587,615,stop,2026-04-28,07:01:00,,
DORKING - BALHAM (4),P26588,644,stop,2026-04-04,07:01:00,,
HORSHAM - BALHAM,P26587,615,stop,2026-04-07,07:01:00,,
HORSHAM - BALHAM,P26587,615,stop,2026-04-24,07:01:00,,
HORSHAM - BALHAM,P26587,615,stop,2026-04-29,07:01:00,,
SUTTON (SURREY) - DORKING,X04937,634,stop,2026-04-12,07:01:00,,
DORKING - BALHAM (4),P26588,644,stop,2026-04-11,07:01:00,,
DORKING - MITCHAM EASTFIELDS,P26588,644,stop,2026-04-18,07:01:00,,
HORSHAM - BALHAM,P26587,615,stop,2026-04-10,07:01:00,,
HORSHAM - BALHAM,P26587,615,stop,2026-04-14,07:01:00,,
GUILDFORD - EARLSFIELD,L74219,628,stop,2026-04-20,07:08:00,,
GUILDFORD - EARLSFIELD,L74219,628,stop,2026-04-30,07:08:00,,
GUILDFORD - EARLSFIELD,L74219,628,stop,2026-04-14,07:08:00,,
GUILDFORD - EARLSFIELD,L74219,628,stop,2026-04-27,07:08:00,,
GUILDFORD - EARLSFIELD,L74219,628,stop,2026-04-24,07:08:00,,
GUILDFORD - EARLSFIELD,L74219,628,stop,2026-04-02,07:08:00,,
GUILDFORD - EARLSFIELD,L74219,628,stop,2026-04-13,07:08:00,,
GUILDFORD - EARLSFIELD,L74219,628,stop,2026-04-03,07:08:00,,
GUILDFORD - EARLSFIELD,L74219,628,stop,2026-04-10,07:08:00,,
GUILDFORD - EARLSFIELD,L74219,628,stop,2026-04-29,07:08:00,,
GUILDFORD - EARLSFIELD,L74219,628,stop,2026-04-17,07:08:00,,
GUILDFORD - EARLSFIELD,L74219,628,stop,2026-04-09,07:08:00,,
EARLSFIELD - DORKING,P60996,639,stop,2026-04-14,07:14:00,,
EARLSFIELD - DORKING,P60996,639,stop,2026-04-02,07:14:00,,
EARLSFIELD - DORKING,P60996,639,stop,2026-04-10,07:14:00,,
EARLSFIELD - DORKING,P60996,639,stop,2026-04-09,07:14:00,,
DORKING - SUTTON (SURREY),X04900,635,stop,2026-04-12,07:11:00,,
GUILDFORD - EARLSFIELD,L74219,628,stop,2026-04-28,07:08:00,,
GUILDFORD - EARLSFIELD,L74219,628,stop,2026-04-15,07:08:00,,
GUILDFORD - EARLSFIELD,L74219,628,stop,2026-04-22,07:08:00,,
GUILDFORD - EARLSFIELD,L74219,628,stop,2026-04-23,07:08:00,,
GUILDFORD - EARLSFIELD,L74219,628,stop,2026-04-01,07:08:00,,
GUILDFORD - EARLSFIELD,L74219,628,stop,2026-04-16,07:08:00,,
GUILDFORD - EARLSFIELD,L74219,628,stop,2026-04-21,07:08:00,,
GUILDFORD - EARLSFIELD,L74219,628,stop,2026-04-06,07:08:00,,
GUILDFORD - EARLSFIELD,L74219,628,stop,2026-04-08,07:08:00,,
EARLSFIELD - DORKING,P60996,639,stop,2026-04-29,07:14:00,,
EARLSFIELD - DORKING,P60996,639,stop,2026-04-03,07:14:00,,
EARLSFIELD - DORKING,P60996,639,stop,2026-04-21,07:14:00,,
EARLSFIELD - DORKING,P60996,639,stop,2026-04-07,07:14:00,,
EARLSFIELD - DORKING,P60996,639,stop,2026-04-22,07:14:00,,
EARLSFIELD - DORKING,P60996,639,stop,2026-04-01,07:14:00,,
EARLSFIELD - DORKING,P60996,639,stop,2026-04-23,07:14:00,,
EARLSFIELD - DORKING,P60996,639,stop,2026-04-24,07:14:00,,
EARLSFIELD - DORKING,P60996,639,stop,2026-04-28,07:14:00,,
EARLSFIELD - DORKING,P60996,639,stop,2026-04-27,07:14:00,,
EARLSFIELD - DORKING,P60996,639,stop,2026-04-08,07:14:00,,
EARLSFIELD - DORKING,P60996,639,stop,2026-04-20,07:14:00,,
EARLSFIELD - DORKING,P60996,639,stop,2026-04-17,07:14:00,,
EARLSFIELD - DORKING,P60996,639,stop,2026-04-15,07:14:00,,
EARLSFIELD - DORKING,P60996,639,stop,2026-04-13,07:14:00,,
EARLSFIELD - DORKING,P60996,639,stop,2026-04-16,07:14:00,,
EPSOM - NORWOOD JUNCTION,P25184,715,stop,2026-04-15,07:15:00,,
EPSOM - NORWOOD JUNCTION,P25184,715,stop,2026-04-13,07:15:00,,
EPSOM - NORWOOD JUNCTION,P25184,715,stop,2026-04-21,07:15:00,,
EPSOM - NORWOOD JUNCTION,P25184,715,stop,2026-04-23,07:15:00,,
EPSOM - NORWOOD JUNCTION,P25184,715,stop,2026-04-28,07:15:00,,
EPSOM - NORWOOD JUNCTION,P25184,715,stop,2026-04-08,07:15:00,,
EPSOM - NORWOOD JUNCTION,P25184,715,stop,2026-04-01,07:15:00,,
EPSOM - NORWOOD JUNCTION,P25185,715,stop,2026-04-04,07:15:00,,
EPSOM - NORWOOD JUNCTION,P25184,715,stop,2026-04-22,07:15:00,,
EPSOM - NORWOOD JUNCTION,X01378,715,stop,2026-04-06,07:15:00,,
EPSOM - NORWOOD JUNCTION,P25184,715,stop,2026-04-16,07:15:00,,
EPSOM - NORWOOD JUNCTION,P25184,715,stop,2026-04-20,07:15:00,,
EPSOM - NORWOOD JUNCTION,P25184,715,stop,2026-04-07,07:15:00,,
EPSOM - NORWOOD JUNCTION,P25184,715,stop,2026-04-24,07:15:00,,
EARLSFIELD - DORKING,P60996,639,stop,2026-04-30,07:14:00,,
EARLSFIELD - DORKING,P60996,639,stop,2026-04-06,07:14:00,,
DORKING - EARLSFIELD,P61000,701,stop,2026-04-30,07:17:00,,
DORKING - EARLSFIELD,P61000,701,stop,2026-04-27,07:17:00,,
EPSOM - NORWOOD JUNCTION,P25184,715,stop,2026-04-17,07:15:00,,
EPSOM - NORWOOD JUNCTION,P25184,715,stop,2026-04-29,07:15:00,,
EPSOM - NORWOOD JUNCTION,P25184,715,stop,2026-04-03,07:15:00,,
EPSOM - NORWOOD JUNCTION,P25184,715,stop,2026-04-14,07:15:00,,
EPSOM - NORWOOD JUNCTION,P25184,715,stop,2026-04-02,07:15:00,,
EPSOM - NORWOOD JUNCTION,P25184,715,stop,2026-04-30,07:15:00,,
EPSOM - NORWOOD JUNCTION,P25184,715,stop,2026-04-06,07:15:00,,
EPSOM - NORWOOD JUNCTION,P25185,715,stop,2026-04-11,07:15:00,,
EPSOM - NORWOOD JUNCTION,P25184,715,stop,2026-04-27,07:15:00,,
EPSOM - NORWOOD JUNCTION,P25184,715,stop,2026-04-10,07:15:00,,
EPSOM - NORWOOD JUNCTION,X92775,715,stop,2026-04-03,07:15:00,,
EPSOM - NORWOOD JUNCTION,P25185,715,stop,2026-04-25,07:15:00,,
EPSOM - NORWOOD JUNCTION,P25185,715,stop,2026-04-18,07:15:00,,
EPSOM - NORWOOD JUNCTION,P25184,715,stop,2026-04-09,07:15:00,,
DORKING - EARLSFIELD,P61000,701,stop,2026-04-03,07:17:00,,
DORKING - EARLSFIELD,P61000,701,stop,2026-04-23,07:17:00,,
DORKING - EARLSFIELD,P61000,701,stop,2026-04-16,07:17:00,,
DORKING - EARLSFIELD,P61000,701,stop,2026-04-06,07:17:00,,
DORKING - EARLSFIELD,P61000,701,stop,2026-04-29,07:17:00,,
DORKING - EARLSFIELD,P61000,701,stop,2026-04-07,07:17:00,,
DORKING - EARLSFIELD,P61000,701,stop,2026-04-01,07:17:00,,
DORKING - EARLSFIELD,P61000,701,stop,2026-04-10,07:17:00,,
DORKING - EARLSFIELD,P61000,701,stop,2026-04-13,07:17:00,,
DORKING - EARLSFIELD,P61000,701,stop,2026-04-24,07:17:00,,
DORKING - EARLSFIELD,P61000,701,stop,2026-04-09,07:17:00,,
DORKING - EARLSFIELD,P61000,701,stop,2026-04-28,07:17:00,,
DORKING - EARLSFIELD,P61000,701,stop,2026-04-02,07:17:00,,
DORKING - EARLSFIELD,P61000,701,stop,2026-04-14,07:17:00,,
DORKING - EARLSFIELD,P61000,701,stop,2026-04-08,07:17:00,,
DORKING - EARLSFIELD,P61000,701,stop,2026-04-17,07:17:00,,
EPSOM - MITCHAM EASTFIELDS,P25169,723,stop,2026-04-17,07:23:00,,
EPSOM - MITCHAM EASTFIELDS,P25169,723,stop,2026-04-14,07:23:00,,
BALHAM - DORKING (4),P26783,640,stop,2026-04-05,07:22:00,,
MITCHAM EASTFIELDS - DORKING (3),P26783,645,stop,2026-04-19,07:22:00,,
BALHAM - DORKING (8),P26783,640,stop,2026-04-26,07:22:00,,
BALHAM - DORKING (8),P26783,640,stop,2026-04-12,07:22:00,,
GUILDFORD - EARLSFIELD,Q51657,639,stop,2026-04-06,07:19:00,,
GUILDFORD - EARLSFIELD,L74220,639,stop,2026-04-04,07:19:00,,
GUILDFORD - EARLSFIELD,L74220,639,stop,2026-04-18,07:19:00,,
GUILDFORD - EARLSFIELD,Q39191,639,stop,2026-04-03,07:19:00,,
GUILDFORD - EARLSFIELD,L74220,639,stop,2026-04-11,07:19:00,,
GUILDFORD - EARLSFIELD,L74220,639,stop,2026-04-25,07:19:00,,
DORKING - EARLSFIELD,P61000,701,stop,2026-04-20,07:17:00,,
DORKING - EARLSFIELD,P61000,701,stop,2026-04-15,07:17:00,,
DORKING - EARLSFIELD,P61000,701,stop,2026-04-21,07:17:00,,
DORKING - EARLSFIELD,P61000,701,stop,2026-04-22,07:17:00,,
EPSOM - MITCHAM EASTFIELDS,P25169,723,stop,2026-04-22,07:23:00,,
EPSOM - MITCHAM EASTFIELDS,P25169,723,stop,2026-04-06,07:23:00,,
EPSOM - MITCHAM EASTFIELDS,P25169,723,stop,2026-04-24,07:23:00,,
EPSOM - MITCHAM EASTFIELDS,P25169,723,stop,2026-04-27,07:23:00,,
EPSOM - MITCHAM EASTFIELDS,P25169,723,stop,2026-04-07,07:23:00,,
EPSOM - MITCHAM EASTFIELDS,P25169,723,stop,2026-04-20,07:23:00,,
EPSOM - MITCHAM EASTFIELDS,P25169,723,stop,2026-04-10,07:23:00,,
EPSOM - MITCHAM EASTFIELDS,P25169,723,stop,2026-04-29,07:23:00,,
EPSOM - MITCHAM EASTFIELDS,P25169,723,stop,2026-04-13,07:23:00,,
EPSOM - MITCHAM EASTFIELDS,P25169,723,stop,2026-04-15,07:23:00,,
EPSOM - MITCHAM EASTFIELDS,P25169,723,stop,2026-04-03,07:23:00,,
EPSOM - MITCHAM EASTFIELDS,P25169,723,stop,2026-04-02,07:23:00,,
EPSOM - MITCHAM EASTFIELDS,P25169,723,stop,2026-04-09,07:23:00,,
EPSOM - EARLSFIELD,L74221,723,stop,2026-04-26,07:23:00,,
EPSOM - EARLSFIELD,L74221,723,stop,2026-04-05,07:23:00,,
EPSOM - MITCHAM EASTFIELDS,P25169,723,stop,2026-04-28,07:23:00,,
BALHAM - HORSHAM,P26585,641,stop,2026-04-13,07:24:00,,
BALHAM - DORKING (3),X01850,641,stop,2026-04-06,07:24:00,,
BALHAM - HORSHAM,P26585,641,stop,2026-04-28,07:24:00,,
BALHAM - HORSHAM,P26585,641,stop,2026-04-06,07:24:00,,
BALHAM - HORSHAM,P26585,641,stop,2026-04-29,07:24:00,,
BALHAM - HORSHAM,P26585,641,stop,2026-04-16,07:24:00,,
BALHAM - HORSHAM,P26585,641,stop,2026-04-27,07:24:00,,
BALHAM - HORSHAM,P26585,641,stop,2026-04-10,07:24:00,,
EPSOM - EARLSFIELD,L74221,723,stop,2026-04-19,07:23:00,,
EPSOM - MITCHAM EASTFIELDS,P25169,723,stop,2026-04-30,07:23:00,,
EPSOM - MITCHAM EASTFIELDS,P25169,723,stop,2026-04-21,07:23:00,,
EPSOM - MITCHAM EASTFIELDS,P25169,723,stop,2026-04-23,07:23:00,,
EPSOM - MITCHAM EASTFIELDS,P25169,723,stop,2026-04-16,07:23:00,,
EPSOM - MITCHAM EASTFIELDS,P25169,723,stop,2026-04-08,07:23:00,,
EPSOM - EARLSFIELD,L74221,723,stop,2026-04-12,07:23:00,,
EPSOM - MITCHAM EASTFIELDS,P25169,723,stop,2026-04-01,07:23:00,,
BALHAM - HORSHAM,P26585,641,stop,2026-04-14,07:24:00,,
BALHAM - DORKING (3),P26586,641,stop,2026-04-11,07:24:00,,
BALHAM - DORKING (3),P26586,641,stop,2026-04-25,07:24:00,,
BALHAM - HORSHAM,P26585,641,stop,2026-04-09,07:24:00,,
BALHAM - HORSHAM,P26585,641,stop,2026-04-30,07:24:00,,
BALHAM - HORSHAM,P26585,641,stop,2026-04-01,07:24:00,,
BALHAM - HORSHAM,P26585,641,stop,2026-04-24,07:24:00,,
BALHAM - HORSHAM,P26585,641,stop,2026-04-20,07:24:00,,
BALHAM - HORSHAM,P26585,641,stop,2026-04-08,07:24:00,,
BALHAM - HORSHAM,P26585,641,stop,2026-04-17,07:24:00,,
BALHAM - HORSHAM,P26585,641,stop,2026-04-23,07:24:00,,
BALHAM - HORSHAM,P26585,641,stop,2026-04-21,07:24:00,,
BALHAM - DORKING (3),X96897,641,stop,2026-04-03,07:24:00,,
BALHAM - HORSHAM,P26585,641,stop,2026-04-03,07:24:00,,
BALHAM - HORSHAM,P26585,641,stop,2026-04-02,07:24:00,,
BALHAM - HORSHAM,P26585,641,stop,2026-04-22,07:24:00,,
EARLSFIELD - GUILDFORD (2),P61577,654,stop,2026-04-11,07:31:00,,
DORKING - BALHAM (2),P26592,714,stop,2026-04-24,07:31:00,,
DORKING - BALHAM (2),P26592,714,stop,2026-04-30,07:31:00,,
DORKING - BALHAM (2),P26592,714,stop,2026-04-07,07:31:00,,
DORKING - BALHAM (2),P26592,714,stop,2026-04-01,07:31:00,,
DORKING - BALHAM (2),P26592,714,stop,2026-04-16,07:31:00,,
DORKING - BALHAM (2),P26592,714,stop,2026-04-17,07:31:00,,
DORKING - BALHAM (2),P26592,714,stop,2026-04-22,07:31:00,,
DORKING - BALHAM (2),P26592,714,stop,2026-04-09,07:31:00,,
DORKING - BALHAM (2),P26592,714,stop,2026-04-27,07:31:00,,
EARLSFIELD - GUILDFORD (2),Q39180,654,stop,2026-04-03,07:31:00,,
EPSOM - WORCESTER PARK,Q54853,726,stop,2026-04-12,07:26:00,,
WORCESTER PARK - DORKING,Q54911,705,stop,2026-04-12,07:26:00,,
BALHAM - DORKING (3),P26586,641,stop,2026-04-04,07:24:00,,
BALHAM - HORSHAM,P26585,641,stop,2026-04-15,07:24:00,,
BALHAM - HORSHAM,P26585,641,stop,2026-04-07,07:24:00,,
DORKING - BALHAM (2),P26592,714,stop,2026-04-20,07:31:00,,
DORKING - BALHAM (2),P26592,714,stop,2026-04-28,07:31:00,,
DORKING - BALHAM (2),P26592,714,stop,2026-04-06,07:31:00,,
DORKING - BALHAM (2),P26592,714,stop,2026-04-14,07:31:00,,
EARLSFIELD - GUILDFORD (2),P61577,654,stop,2026-04-04,07:31:00,,
DORKING - BALHAM (2),P26592,714,stop,2026-04-10,07:31:00,,
DORKING - BALHAM (2),P26592,714,stop,2026-04-02,07:31:00,,
DORKING - BALHAM (2),P26592,714,stop,2026-04-13,07:31:00,,
EARLSFIELD - GUILDFORD (2),Q51623,654,stop,2026-04-06,07:31:00,,
DORKING - BALHAM (2),P26592,714,stop,2026-04-08,07:31:00,,
EARLSFIELD - GUILDFORD (2),P61577,654,stop,2026-04-18,07:31:00,,
DORKING - BALHAM (2),P26592,714,stop,2026-04-03,07:31:00,,
DORKING - BALHAM (2),P26592,714,stop,2026-04-21,07:31:00,,
DORKING - BALHAM (2),P26592,714,stop,2026-04-23,07:31:00,,
DORKING - BALHAM (2),P26592,714,stop,2026-04-29,07:31:00,,
EARLSFIELD - GUILDFORD (2),P61577,654,stop,2026-04-25,07:31:00,,
MITCHAM EASTFIELDS - DORKING,P26586,650,stop,2026-04-18,07:35:00,,
DORKING - BALHAM (4),P26781,716,stop,2026-04-26,07:33:00,,
DORKING - BALHAM (3),P26593,717,stop,2026-04-04,07:33:00,,
DORKING - BALHAM (3),X01852,717,stop,2026-04-06,07:33:00,,
DORKING - BALHAM (4),P26781,716,stop,2026-04-12,07:33:00,,
DORKING - BALHAM (3),P26593,717,stop,2026-04-11,07:33:00,,
DORKING - BALHAM (3),P26593,717,stop,2026-04-25,07:33:00,,
DORKING - MITCHAM EASTFIELDS,P26781,716,stop,2026-04-19,07:33:00,,
DORKING - BALHAM (5),P26781,716,stop,2026-04-05,07:33:00,,
DORKING - BALHAM (3),X96842,717,stop,2026-04-03,07:33:00,,
DORKING - MITCHAM EASTFIELDS (2),P26593,717,stop,2026-04-18,07:32:00,,
DORKING - BALHAM (2),P26592,714,stop,2026-04-15,07:31:00,,
DORKING - BALHAM (4),P26776,2313,stop,2026-04-23,23:29:00,,
DORKING - BALHAM (4),P26776,2313,stop,2026-04-20,23:29:00,,
DORKING - BALHAM (4),P26776,2313,stop,2026-04-22,23:29:00,,
DORKING - BALHAM (4),P26776,2313,stop,2026-04-21,23:29:00,,
EARLSFIELD - GUILDFORD (2),P61630,2253,stop,2026-04-16,23:28:00,,
EARLSFIELD - GUILDFORD (2),P61630,2253,stop,2026-04-27,23:28:00,,
EARLSFIELD - GUILDFORD (2),P61630,2253,stop,2026-04-13,23:28:00,,
EARLSFIELD - GUILDFORD (2),P61631,2253,stop,2026-04-25,23:28:00,,
EARLSFIELD - GUILDFORD (2),P61630,2253,stop,2026-04-03,23:28:00,,
EARLSFIELD - GUILDFORD (2),P61630,2253,stop,2026-04-17,23:28:00,,
EARLSFIELD - GUILDFORD (2),P61630,2253,stop,2026-04-24,23:28:00,,
EARLSFIELD - GUILDFORD (2),P61631,2253,stop,2026-04-18,23:28:00,,
EARLSFIELD - GUILDFORD (2),P61631,2253,stop,2026-04-04,23:28:00,,
EARLSFIELD - GUILDFORD (2),Q38197,2253,stop,2026-04-03,23:28:00,,
EARLSFIELD - GUILDFORD (2),P61630,2253,stop,2026-04-02,23:28:00,,
EARLSFIELD - GUILDFORD (2),P61630,2253,stop,2026-04-08,23:28:00,,
EARLSFIELD - GUILDFORD (2),P61630,2253,stop,2026-04-23,23:28:00,,
EARLSFIELD - GUILDFORD (2),P61630,2253,stop,2026-04-14,23:28:00,,
EARLSFIELD - GUILDFORD (2),P61630,2253,stop,2026-04-07,23:28:00,,
EARLSFIELD - GUILDFORD (2),P61630,2253,stop,2026-04-10,23:28:00,,
EARLSFIELD - GUILDFORD (2),P61631,2253,stop,2026-04-11,23:28:00,,
EARLSFIELD - GUILDFORD (2),P61630,2253,stop,2026-04-09,23:28:00,,
EARLSFIELD - GUILDFORD (2),P61630,2253,stop,2026-04-21,23:28:00,,
EARLSFIELD - GUILDFORD (2),P61630,2253,stop,2026-04-06,23:28:00,,
EARLSFIELD - GUILDFORD (2),P61630,2253,stop,2026-04-22,23:28:00,,
EARLSFIELD - GUILDFORD (2),P61630,2253,stop,2026-04-01,23:28:00,,
EARLSFIELD - GUILDFORD (2),P61630,2253,stop,2026-04-28,23:28:00,,
EARLSFIELD - GUILDFORD (2),P61630,2253,stop,2026-04-20,23:28:00,,
EARLSFIELD - GUILDFORD (2),Q48151,2253,stop,2026-04-06,23:28:00,,
GUILDFORD - EARLSFIELD,L74222,658,stop,2026-04-29,07:37:00,,
GUILDFORD - EARLSFIELD,L74222,658,stop,2026-04-01,07:37:00,,
GUILDFORD - EARLSFIELD,L74222,658,stop,2026-04-09,07:37:00,,
GUILDFORD - EARLSFIELD,L74222,658,stop,2026-04-06,07:37:00,,
GUILDFORD - EARLSFIELD,L74222,658,stop,2026-04-10,07:37:00,,
GUILDFORD - EARLSFIELD,L74222,658,stop,2026-04-13,07:37:00,,
GUILDFORD - EARLSFIELD,L74222,658,stop,2026-04-23,07:37:00,,
GUILDFORD - EARLSFIELD,L74222,658,stop,2026-04-03,07:37:00,,
GUILDFORD - EARLSFIELD,L74222,658,stop,2026-04-24,07:37:00,,
GUILDFORD - EARLSFIELD,L74222,658,stop,2026-04-08,07:37:00,,
GUILDFORD - EARLSFIELD,L74222,658,stop,2026-04-22,07:37:00,,
GUILDFORD - EARLSFIELD,L74222,658,stop,2026-04-02,07:37:00,,
GUILDFORD - EARLSFIELD,L74222,658,stop,2026-04-17,07:37:00,,
GUILDFORD - EARLSFIELD,L74222,658,stop,2026-04-16,07:37:00,,
EPSOM - NORWOOD JUNCTION,P25188,745,stop,2026-04-09,07:45:00,,
EPSOM - NORWOOD JUNCTION,P25188,745,stop,2026-04-27,07:45:00,,
EPSOM - NORWOOD JUNCTION,P25189,745,stop,2026-04-11,07:45:00,,
EPSOM - NORWOOD JUNCTION,P25188,745,stop,2026-04-16,07:45:00,,
EPSOM - NORWOOD JUNCTION,P25189,745,stop,2026-04-18,07:45:00,,
EPSOM - NORWOOD JUNCTION,P25188,745,stop,2026-04-01,07:45:00,,
EPSOM - NORWOOD JUNCTION,P25188,745,stop,2026-04-02,07:45:00,,
DORKING - SUTTON (SURREY),X04899,703,stop,2026-04-12,07:39:00,,
GUILDFORD - EARLSFIELD,L74222,658,stop,2026-04-30,07:37:00,,
GUILDFORD - EARLSFIELD,L74222,658,stop,2026-04-20,07:37:00,,
GUILDFORD - EARLSFIELD,L74222,658,stop,2026-04-28,07:37:00,,
GUILDFORD - EARLSFIELD,L74222,658,stop,2026-04-14,07:37:00,,
GUILDFORD - EARLSFIELD,L74222,658,stop,2026-04-15,07:37:00,,
GUILDFORD - EARLSFIELD,L74222,658,stop,2026-04-21,07:37:00,,
GUILDFORD - EARLSFIELD,L74222,658,stop,2026-04-27,07:37:00,,
GUILDFORD - EARLSFIELD,L74222,658,stop,2026-04-07,07:37:00,,
EPSOM - NORWOOD JUNCTION,P25188,745,stop,2026-04-17,07:45:00,,
EPSOM - NORWOOD JUNCTION,P25188,745,stop,2026-04-07,07:45:00,,
EPSOM - NORWOOD JUNCTION,P25188,745,stop,2026-04-30,07:45:00,,
EPSOM - NORWOOD JUNCTION,P25188,745,stop,2026-04-28,07:45:00,,
EPSOM - NORWOOD JUNCTION,P25188,745,stop,2026-04-10,07:45:00,,
EPSOM - NORWOOD JUNCTION,P25188,745,stop,2026-04-06,07:45:00,,
EPSOM - NORWOOD JUNCTION,X01380,745,stop,2026-04-06,07:45:00,,
EPSOM - NORWOOD JUNCTION,P25188,745,stop,2026-04-20,07:45:00,,
EPSOM - NORWOOD JUNCTION,P25188,745,stop,2026-04-14,07:45:00,,
EPSOM - NORWOOD JUNCTION,P25188,745,stop,2026-04-22,07:45:00,,
EPSOM - NORWOOD JUNCTION,P25188,745,stop,2026-04-23,07:45:00,,
EPSOM - NORWOOD JUNCTION,P25189,745,stop,2026-04-04,07:45:00,,
EPSOM - NORWOOD JUNCTION,P25189,745,stop,2026-04-25,07:45:00,,
EPSOM - NORWOOD JUNCTION,P25188,745,stop,2026-04-24,07:45:00,,
EPSOM - NORWOOD JUNCTION,P25188,745,stop,2026-04-13,07:45:00,,
EPSOM - NORWOOD JUNCTION,P25188,745,stop,2026-04-15,07:45:00,,
DORKING - EARLSFIELD,P61004,730,stop,2026-04-09,07:46:00,,
DORKING - EARLSFIELD,P61004,730,stop,2026-04-02,07:46:00,,
DORKING - EARLSFIELD,P61004,730,stop,2026-04-06,07:46:00,,
DORKING - EARLSFIELD,P61004,730,stop,2026-04-20,07:46:00,,
DORKING - EARLSFIELD,P61004,730,stop,2026-04-10,07:46:00,,
DORKING - EARLSFIELD,P61004,730,stop,2026-04-16,07:46:00,,
DORKING - EARLSFIELD,P61004,730,stop,2026-04-30,07:46:00,,
DORKING - EARLSFIELD,P61004,730,stop,2026-04-13,07:46:00,,
DORKING - EARLSFIELD,P61004,730,stop,2026-04-14,07:46:00,,
DORKING - EARLSFIELD,P61004,730,stop,2026-04-23,07:46:00,,
DORKING - EARLSFIELD,P61004,730,stop,2026-04-29,07:46:00,,
EPSOM - NORWOOD JUNCTION,X96802,745,stop,2026-04-03,07:45:00,,
EPSOM - NORWOOD JUNCTION,P25188,745,stop,2026-04-03,07:45:00,,
EPSOM - NORWOOD JUNCTION,P25188,745,stop,2026-04-29,07:45:00,,
EPSOM - NORWOOD JUNCTION,P25188,745,stop,2026-04-08,07:45:00,,
EPSOM - NORWOOD JUNCTION,P25188,745,stop,2026-04-21,07:45:00,,
EARLSFIELD - GUILDFORD (2),P61579,709,stop,2026-04-16,07:47:00,,
EARLSFIELD - GUILDFORD (2),P61579,709,stop,2026-04-06,07:47:00,,
EARLSFIELD - GUILDFORD (2),P61579,709,stop,2026-04-07,07:47:00,,
EARLSFIELD - GUILDFORD (2),P61579,709,stop,2026-04-14,07:47:00,,
EARLSFIELD - GUILDFORD (2),P61579,709,stop,2026-04-23,07:47:00,,
DORKING - EARLSFIELD,P61004,730,stop,2026-04-22,07:46:00,,
DORKING - EARLSFIELD,P61004,730,stop,2026-04-03,07:46:00,,
DORKING - EARLSFIELD,P61004,730,stop,2026-04-07,07:46:00,,
DORKING - EARLSFIELD,P61004,730,stop,2026-04-15,07:46:00,,
DORKING - EARLSFIELD,P61004,730,stop,2026-04-08,07:46:00,,
DORKING - EARLSFIELD,P61004,730,stop,2026-04-01,07:46:00,,
DORKING - EARLSFIELD,P61004,730,stop,2026-04-17,07:46:00,,
DORKING - EARLSFIELD,P61004,730,stop,2026-04-27,07:46:00,,
DORKING - EARLSFIELD,P61004,730,stop,2026-04-24,07:46:00,,
DORKING - EARLSFIELD,P61004,730,stop,2026-04-28,07:46:00,,
DORKING - EARLSFIELD,P61004,730,stop,2026-04-21,07:46:00,,
EARLSFIELD - GUILDFORD (2),P61579,709,stop,2026-04-03,07:47:00,,
EARLSFIELD - GUILDFORD (2),P61579,709,stop,2026-04-22,07:47:00,,
EARLSFIELD - GUILDFORD (2),P61579,709,stop,2026-04-01,07:47:00,,
EARLSFIELD - GUILDFORD (2),P61579,709,stop,2026-04-27,07:47:00,,
EARLSFIELD - GUILDFORD (2),P61579,709,stop,2026-04-28,07:47:00,,
EARLSFIELD - GUILDFORD (2),P61579,709,stop,2026-04-10,07:47:00,,
EARLSFIELD - GUILDFORD (2),P61579,709,stop,2026-04-21,07:47:00,,
EARLSFIELD - GUILDFORD (2),P61579,709,stop,2026-04-13,07:47:00,,
EARLSFIELD - GUILDFORD (2),P61579,709,stop,2026-04-02,07:47:00,,
EARLSFIELD - GUILDFORD (2),P61579,709,stop,2026-04-20,07:47:00,,
EARLSFIELD - GUILDFORD (2),P61579,709,stop,2026-04-17,07:47:00,,
EARLSFIELD - GUILDFORD (2),P61579,709,stop,2026-04-09,07:47:00,,
EARLSFIELD - GUILDFORD (2),P61579,709,stop,2026-04-24,07:47:00,,
EARLSFIELD - GUILDFORD (2),P61579,709,stop,2026-04-29,07:47:00,,
EARLSFIELD - GUILDFORD (2),P61579,709,stop,2026-04-08,07:47:00,,
EARLSFIELD - GUILDFORD (2),P61579,709,stop,2026-04-15,07:47:00,,
BALHAM - DORKING,P26590,711,stop,2026-04-17,07:53:00,,
BALHAM - DORKING,P26590,711,stop,2026-04-02,07:53:00,,
BALHAM - DORKING,P26590,711,stop,2026-04-16,07:53:00,,
EPSOM - MITCHAM EASTFIELDS,P25170,753,stop,2026-04-01,07:53:00,,
BALHAM - DORKING,P26591,711,stop,2026-04-11,07:52:00,,
BALHAM - DORKING,P26591,711,stop,2026-04-25,07:52:00,,
BALHAM - DORKING,X01851,711,stop,2026-04-06,07:52:00,,
BALHAM - DORKING,P26591,711,stop,2026-04-04,07:52:00,,
BALHAM - DORKING,X96853,711,stop,2026-04-03,07:52:00,,
DORKING - EARLSFIELD,P61005,730,stop,2026-04-11,07:49:00,,
DORKING - EARLSFIELD,Q51470,730,stop,2026-04-06,07:49:00,,
DORKING - EARLSFIELD,Q38905,730,stop,2026-04-03,07:49:00,,
DORKING - EARLSFIELD,P61005,730,stop,2026-04-18,07:49:00,,
DORKING - EARLSFIELD,P61005,730,stop,2026-04-04,07:49:00,,
DORKING - EARLSFIELD,P61005,730,stop,2026-04-25,07:49:00,,
EARLSFIELD - GUILDFORD (2),P61579,709,stop,2026-04-30,07:47:00,,
BALHAM - DORKING,P26590,711,stop,2026-04-22,07:53:00,,
EPSOM - MITCHAM EASTFIELDS,P25170,753,stop,2026-04-22,07:53:00,,
EPSOM - EARLSFIELD,L74223,753,stop,2026-04-26,07:53:00,,
MITCHAM EASTFIELDS - DORKING (2),P26784,713,stop,2026-04-19,07:53:00,,
BALHAM - DORKING,P26590,711,stop,2026-04-28,07:53:00,,
EPSOM - MITCHAM EASTFIELDS,P25170,753,stop,2026-04-15,07:53:00,,
BALHAM - DORKING,P26590,711,stop,2026-04-15,07:53:00,,
BALHAM - DORKING,P26590,711,stop,2026-04-29,07:53:00,,
EPSOM - MITCHAM EASTFIELDS,P25170,753,stop,2026-04-28,07:53:00,,
EPSOM - MITCHAM EASTFIELDS,P25170,753,stop,2026-04-21,07:53:00,,
EPSOM - MITCHAM EASTFIELDS,P25170,753,stop,2026-04-17,07:53:00,,
BALHAM - DORKING,P26590,711,stop,2026-04-01,07:53:00,,
BALHAM - DORKING,P26590,711,stop,2026-04-21,07:53:00,,
EPSOM - MITCHAM EASTFIELDS,P25170,753,stop,2026-04-29,07:53:00,,
EPSOM - MITCHAM EASTFIELDS,P25170,753,stop,2026-04-02,07:53:00,,
EPSOM - MITCHAM EASTFIELDS,P25170,753,stop,2026-04-16,07:53:00,,
EPSOM - MITCHAM EASTFIELDS,P25170,753,stop,2026-04-09,07:53:00,,
EPSOM - MITCHAM EASTFIELDS,P25170,753,stop,2026-04-23,07:53:00,,
BALHAM - DORKING (2),P26784,710,stop,2026-04-12,07:53:00,,
BALHAM - DORKING,P26590,711,stop,2026-04-09,07:53:00,,
EPSOM - MITCHAM EASTFIELDS,P25170,753,stop,2026-04-08,07:53:00,,
EPSOM - MITCHAM EASTFIELDS,P25170,753,stop,2026-04-07,07:53:00,,
BALHAM - DORKING,P26590,711,stop,2026-04-23,07:53:00,,
EPSOM - EARLSFIELD,L74223,753,stop,2026-04-19,07:53:00,,
EPSOM - MITCHAM EASTFIELDS,P25170,753,stop,2026-04-20,07:53:00,,
BALHAM - DORKING,P26590,711,stop,2026-04-03,07:53:00,,
EPSOM - MITCHAM EASTFIELDS,P25170,753,stop,2026-04-14,07:53:00,,
BALHAM - DORKING,P26590,711,stop,2026-04-14,07:53:00,,
BALHAM - DORKING,P26590,711,stop,2026-04-27,07:53:00,,
EPSOM - MITCHAM EASTFIELDS,P25170,753,stop,2026-04-27,07:53:00,,
EPSOM - MITCHAM EASTFIELDS,P25170,753,stop,2026-04-03,07:53:00,,
BALHAM - DORKING,P26590,711,stop,2026-04-20,07:53:00,,
SUTTON (SURREY) - DORKING,X04936,727,stop,2026-04-12,07:54:00,,
BALHAM - DORKING,P26590,711,stop,2026-04-08,07:53:00,,
EPSOM - MITCHAM EASTFIELDS,P25170,753,stop,2026-04-06,07:53:00,,
EPSOM - MITCHAM EASTFIELDS,P25170,753,stop,2026-04-13,07:53:00,,
BALHAM - DORKING,P26590,711,stop,2026-04-13,07:53:00,,
BALHAM - DORKING,P26590,711,stop,2026-04-24,07:53:00,,
EPSOM - EARLSFIELD,L74223,753,stop,2026-04-12,07:53:00,,
BALHAM - DORKING (2),P26784,710,stop,2026-04-26,07:53:00,,
EPSOM - MITCHAM EASTFIELDS,P25170,753,stop,2026-04-10,07:53:00,,
BALHAM - DORKING,P26590,711,stop,2026-04-06,07:53:00,,
BALHAM - DORKING,P26590,711,stop,2026-04-07,07:53:00,,
EPSOM - MITCHAM EASTFIELDS,P25170,753,stop,2026-04-24,07:53:00,,
EPSOM - MITCHAM EASTFIELDS,P25170,753,stop,2026-04-30,07:53:00,,
EPSOM - EARLSFIELD,L74223,753,stop,2026-04-05,07:53:00,,
BALHAM - DORKING,P26590,711,stop,2026-04-30,07:53:00,,
BALHAM - DORKING,P26590,711,stop,2026-04-10,07:53:00,,
EARLSFIELD - DORKING,P60998,723,stop,2026-04-18,07:58:00,,
EARLSFIELD - DORKING,P60997,723,stop,2026-04-23,07:58:00,,
EARLSFIELD - DORKING,P60997,723,stop,2026-04-08,07:58:00,,
EARLSFIELD - DORKING,P60997,723,stop,2026-04-10,07:58:00,,
EARLSFIELD - DORKING,P60997,723,stop,2026-04-15,07:58:00,,
EARLSFIELD - DORKING,P60997,723,stop,2026-04-02,07:58:00,,
EARLSFIELD - DORKING,P60997,723,stop,2026-04-01,07:58:00,,
EARLSFIELD - DORKING,Q39152,723,stop,2026-04-03,07:58:00,,
EARLSFIELD - DORKING,P60998,723,stop,2026-04-25,07:58:00,,
EARLSFIELD - DORKING,P60997,723,stop,2026-04-09,07:58:00,,
EARLSFIELD - DORKING,P60997,723,stop,2026-04-03,07:58:00,,
EARLSFIELD - DORKING,P60997,723,stop,2026-04-07,07:58:00,,
EARLSFIELD - DORKING,P60997,723,stop,2026-04-16,07:58:00,,
WORCESTER PARK - EFFINGHAM JUNCTION,Q54819,735,stop,2026-04-12,07:56:00,,
EPSOM - WORCESTER PARK,Q54782,756,stop,2026-04-12,07:56:00,,
BALHAM - DORKING (5),P26784,710,stop,2026-04-05,07:55:00,,
DORKING - BALHAM (4),P26598,742,stop,2026-04-26,08:00:00,,
EARLSFIELD - DORKING,P60997,723,stop,2026-04-21,07:58:00,,
EARLSFIELD - DORKING,P60997,723,stop,2026-04-24,07:58:00,,
EARLSFIELD - DORKING,P60997,723,stop,2026-04-13,07:58:00,,
EARLSFIELD - DORKING,P60997,723,stop,2026-04-20,07:58:00,,
EARLSFIELD - DORKING,P60997,723,stop,2026-04-30,07:58:00,,
EARLSFIELD - DORKING,P60998,723,stop,2026-04-11,07:58:00,,
EARLSFIELD - DORKING,P60997,723,stop,2026-04-06,07:58:00,,
EARLSFIELD - DORKING,Q51573,723,stop,2026-04-06,07:58:00,,
EARLSFIELD - DORKING,P60997,723,stop,2026-04-14,07:58:00,,
EARLSFIELD - DORKING,P60997,723,stop,2026-04-27,07:58:00,,
EARLSFIELD - DORKING,P60998,723,stop,2026-04-04,07:58:00,,
EARLSFIELD - DORKING,P60997,723,stop,2026-04-17,07:58:00,,
EARLSFIELD - DORKING,P60997,723,stop,2026-04-28,07:58:00,,
EARLSFIELD - DORKING,P60997,723,stop,2026-04-29,07:58:00,,
EARLSFIELD - DORKING,P60997,723,stop,2026-04-22,07:58:00,,
HORSHAM - BALHAM,P26596,717,stop,2026-04-28,08:01:00,,
DORKING - BALHAM (4),X96804,744,stop,2026-04-03,08:01:00,,
HORSHAM - BALHAM,P26596,717,stop,2026-04-16,08:01:00,,
HORSHAM - BALHAM,P26596,717,stop,2026-04-09,08:01:00,,
HORSHAM - BALHAM,P26596,717,stop,2026-04-08,08:01:00,,
HORSHAM - BALHAM,P26596,717,stop,2026-04-07,08:01:00,,
HORSHAM - BALHAM,P26596,717,stop,2026-04-17,08:01:00,,
HORSHAM - BALHAM,P26596,717,stop,2026-04-24,08:01:00,,
HORSHAM - MITCHAM EASTFIELDS,P26597,721,stop,2026-04-18,08:01:00,,
HORSHAM - BALHAM,P26596,717,stop,2026-04-20,08:01:00,,
HORSHAM - BALHAM,P26596,717,stop,2026-04-27,08:01:00,,
HORSHAM - BALHAM,P26596,717,stop,2026-04-02,08:01:00,,
DORKING - BALHAM (4),P26597,744,stop,2026-04-11,08:01:00,,
HORSHAM - BALHAM,P26596,717,stop,2026-04-21,08:01:00,,
DORKING - BALHAM (4),P26598,742,stop,2026-04-12,08:00:00,,
DORKING - MITCHAM EASTFIELDS,P26598,742,stop,2026-04-19,08:00:00,,
MITCHAM EASTFIELDS - DORKING (2),P26591,720,stop,2026-04-18,08:05:00,,
DORKING - BALHAM (5),P26598,746,stop,2026-04-05,08:03:00,,
HORSHAM - BALHAM,P26596,717,stop,2026-04-14,08:01:00,,
HORSHAM - BALHAM,P26596,717,stop,2026-04-10,08:01:00,,
DORKING - BALHAM (4),X00923,744,stop,2026-04-06,08:01:00,,
HORSHAM - BALHAM,P26596,717,stop,2026-04-23,08:01:00,,
DORKING - BALHAM (4),P26597,744,stop,2026-04-04,08:01:00,,
HORSHAM - BALHAM,P26596,717,stop,2026-04-06,08:01:00,,
HORSHAM - BALHAM,P26596,717,stop,2026-04-13,08:01:00,,
HORSHAM - BALHAM,P26596,717,stop,2026-04-15,08:01:00,,
HORSHAM - BALHAM,P26596,717,stop,2026-04-22,08:01:00,,
HORSHAM - BALHAM,P26596,717,stop,2026-04-03,08:01:00,,
HORSHAM - BALHAM,P26596,717,stop,2026-04-30,08:01:00,,
HORSHAM - BALHAM,P26596,717,stop,2026-04-01,08:01:00,,
DORKING - BALHAM (4),P26597,744,stop,2026-04-25,08:01:00,,
HORSHAM - BALHAM,P26596,717,stop,2026-04-29,08:01:00,,
DORKING - EARLSFIELD,P61006,748,stop,2026-04-14,08:07:00,,
DORKING - EARLSFIELD,P61006,748,stop,2026-04-21,08:07:00,,
DORKING - EARLSFIELD,P61006,748,stop,2026-04-07,08:07:00,,
RAYNES PARK - GUILDFORD,P61583,748,stop,2026-04-19,08:07:00,,
RAYNES PARK - GUILDFORD,P61583,748,stop,2026-04-26,08:07:00,,
DORKING - EARLSFIELD,P61006,748,stop,2026-04-20,08:07:00,,
DORKING - EARLSFIELD,P61006,748,stop,2026-04-30,08:07:00,,
DORKING - EARLSFIELD,P61006,748,stop,2026-04-02,08:07:00,,
DORKING - EARLSFIELD,P61006,748,stop,2026-04-08,08:07:00,,
DORKING - EARLSFIELD,P61006,748,stop,2026-04-03,08:07:00,,
DORKING - EARLSFIELD,P61006,748,stop,2026-04-24,08:07:00,,
DORKING - EARLSFIELD,P61006,748,stop,2026-04-15,08:07:00,,
DORKING - EARLSFIELD,P61006,748,stop,2026-04-01,08:07:00,,
DORKING - EARLSFIELD,P61006,748,stop,2026-04-06,08:07:00,,
DORKING - EARLSFIELD,P61006,748,stop,2026-04-27,08:07:00,,
DORKING - EARLSFIELD,P61006,748,stop,2026-04-09,08:07:00,,
EPSOM - NORWOOD JUNCTION,X96762,815,stop,2026-04-03,08:15:00,,
SUTTON (SURREY) - SUTTON (SURREY) (2),G71335,810,stop,2026-04-12,08:10:00,,
SUTTON (SURREY) - SUTTON (SURREY) (2),G71335,810,stop,2026-04-26,08:10:00,,
SUTTON (SURREY) - SUTTON (SURREY) (2),G71335,810,stop,2026-04-05,08:10:00,,
SUTTON (SURREY) - SUTTON (SURREY) (2),G71335,810,stop,2026-04-19,08:10:00,,
DORKING - SUTTON (SURREY),X04898,733,stop,2026-04-12,08:09:00,,
DORKING - EARLSFIELD,P61006,748,stop,2026-04-10,08:07:00,,
DORKING - EARLSFIELD,P61006,748,stop,2026-04-29,08:07:00,,
DORKING - EARLSFIELD,P61006,748,stop,2026-04-28,08:07:00,,
DORKING - EARLSFIELD,P61006,748,stop,2026-04-23,08:07:00,,
DORKING - EARLSFIELD,P61006,748,stop,2026-04-16,08:07:00,,
DORKING - EARLSFIELD,P61006,748,stop,2026-04-13,08:07:00,,
DORKING - EARLSFIELD,P61006,748,stop,2026-04-17,08:07:00,,
DORKING - EARLSFIELD,P61006,748,stop,2026-04-22,08:07:00,,
RAYNES PARK - GUILDFORD,P61583,748,stop,2026-04-12,08:07:00,,
RAYNES PARK - GUILDFORD,P61583,748,stop,2026-04-05,08:07:00,,
EPSOM - NORWOOD JUNCTION,P25192,815,stop,2026-04-15,08:15:00,,
EPSOM - NORWOOD JUNCTION,P25192,815,stop,2026-04-13,08:15:00,,
EPSOM - NORWOOD JUNCTION,P25192,815,stop,2026-04-24,08:15:00,,
EPSOM - NORWOOD JUNCTION,P25192,815,stop,2026-04-27,08:15:00,,
EPSOM - NORWOOD JUNCTION,P25193,815,stop,2026-04-18,08:15:00,,
EPSOM - NORWOOD JUNCTION,P25192,815,stop,2026-04-10,08:15:00,,
EPSOM - NORWOOD JUNCTION,P25192,815,stop,2026-04-06,08:15:00,,
EPSOM - NORWOOD JUNCTION,P25193,815,stop,2026-04-25,08:15:00,,
EPSOM - NORWOOD JUNCTION,P25193,815,stop,2026-04-11,08:15:00,,
EPSOM - NORWOOD JUNCTION,P25192,815,stop,2026-04-03,08:15:00,,
EPSOM - NORWOOD JUNCTION,P25192,815,stop,2026-04-22,08:15:00,,
EPSOM - NORWOOD JUNCTION,P25192,815,stop,2026-04-20,08:15:00,,
EPSOM - NORWOOD JUNCTION,X01382,815,stop,2026-04-06,08:15:00,,
EPSOM - NORWOOD JUNCTION,P25192,815,stop,2026-04-28,08:15:00,,
EPSOM - NORWOOD JUNCTION,P25192,815,stop,2026-04-08,08:15:00,,
EPSOM - NORWOOD JUNCTION,P25192,815,stop,2026-04-07,08:15:00,,
GUILDFORD - EARLSFIELD,L74229,742,stop,2026-04-29,08:16:00,,
GUILDFORD - EARLSFIELD,L74229,742,stop,2026-04-14,08:16:00,,
GUILDFORD - EARLSFIELD,L74229,742,stop,2026-04-28,08:16:00,,
GUILDFORD - EARLSFIELD,L74229,742,stop,2026-04-17,08:16:00,,
GUILDFORD - EARLSFIELD,L74229,742,stop,2026-04-20,08:16:00,,
EPSOM - NORWOOD JUNCTION,P25192,815,stop,2026-04-17,08:15:00,,
EPSOM - NORWOOD JUNCTION,P25192,815,stop,2026-04-29,08:15:00,,
EPSOM - NORWOOD JUNCTION,P25192,815,stop,2026-04-21,08:15:00,,
EPSOM - NORWOOD JUNCTION,P25192,815,stop,2026-04-02,08:15:00,,
EPSOM - NORWOOD JUNCTION,P25192,815,stop,2026-04-23,08:15:00,,
EPSOM - NORWOOD JUNCTION,P25192,815,stop,2026-04-30,08:15:00,,
EPSOM - NORWOOD JUNCTION,P25193,815,stop,2026-04-04,08:15:00,,
EPSOM - NORWOOD JUNCTION,P25192,815,stop,2026-04-14,08:15:00,,
EPSOM - NORWOOD JUNCTION,P25192,815,stop,2026-04-16,08:15:00,,
EPSOM - NORWOOD JUNCTION,P25192,815,stop,2026-04-09,08:15:00,,
EPSOM - NORWOOD JUNCTION,P25192,815,stop,2026-04-01,08:15:00,,
GUILDFORD - EARLSFIELD,L74229,742,stop,2026-04-07,08:16:00,,
GUILDFORD - EARLSFIELD,L74229,742,stop,2026-04-08,08:16:00,,
GUILDFORD - EARLSFIELD,L74229,742,stop,2026-04-16,08:16:00,,
GUILDFORD - EARLSFIELD,L74229,742,stop,2026-04-13,08:16:00,,
GUILDFORD - EARLSFIELD,L74229,742,stop,2026-04-09,08:16:00,,
GUILDFORD - EARLSFIELD,L74229,742,stop,2026-04-01,08:16:00,,
GUILDFORD - EARLSFIELD,L74229,742,stop,2026-04-15,08:16:00,,
GUILDFORD - EARLSFIELD,L74229,742,stop,2026-04-21,08:16:00,,
GUILDFORD - EARLSFIELD,L74229,742,stop,2026-04-02,08:16:00,,
GUILDFORD - EARLSFIELD,L74229,742,stop,2026-04-22,08:16:00,,
GUILDFORD - EARLSFIELD,L74229,742,stop,2026-04-30,08:16:00,,
GUILDFORD - EARLSFIELD,L74229,742,stop,2026-04-23,08:16:00,,
GUILDFORD - EARLSFIELD,L74229,742,stop,2026-04-27,08:16:00,,
GUILDFORD - EARLSFIELD,L74229,742,stop,2026-04-24,08:16:00,,
GUILDFORD - EARLSFIELD,L74229,742,stop,2026-04-03,08:16:00,,
GUILDFORD - EARLSFIELD,L74229,742,stop,2026-04-06,08:16:00,,
EPSOM - EARLSFIELD,L74228,824,stop,2026-04-19,08:24:00,,
BALHAM - HORSHAM,P26594,741,stop,2026-04-24,08:24:00,,
BALHAM - HORSHAM,P26594,741,stop,2026-04-16,08:24:00,,
BALHAM - HORSHAM,P26595,741,stop,2026-04-25,08:24:00,,
EPSOM - EARLSFIELD,L74228,824,stop,2026-04-05,08:24:00,,
BALHAM - HORSHAM,P26594,741,stop,2026-04-23,08:24:00,,
MITCHAM EASTFIELDS - DORKING (3),P26785,742,stop,2026-04-19,08:23:00,,
BALHAM - DORKING (8),P26785,740,stop,2026-04-26,08:22:00,,
BALHAM - DORKING (8),P26785,740,stop,2026-04-12,08:22:00,,
GUILDFORD - EARLSFIELD,L74227,745,stop,2026-04-04,08:19:00,,
GUILDFORD - EARLSFIELD,L74227,745,stop,2026-04-18,08:19:00,,
GUILDFORD - EARLSFIELD,L74227,745,stop,2026-04-25,08:19:00,,
GUILDFORD - EARLSFIELD,L74227,745,stop,2026-04-11,08:19:00,,
GUILDFORD - EARLSFIELD,Q88883,745,stop,2026-04-03,08:19:00,,
GUILDFORD - EARLSFIELD,Q51145,745,stop,2026-04-06,08:19:00,,
GUILDFORD - EARLSFIELD,L74229,742,stop,2026-04-10,08:16:00,,
BALHAM - DORKING (4),P26785,740,stop,2026-04-05,08:24:00,,
BALHAM - HORSHAM,P26594,741,stop,2026-04-28,08:24:00,,
BALHAM - HORSHAM,P26594,741,stop,2026-04-07,08:24:00,,
BALHAM - HORSHAM,P26594,741,stop,2026-04-06,08:24:00,,
BALHAM - HORSHAM,X01853,741,stop,2026-04-06,08:24:00,,
BALHAM - HORSHAM,P26594,741,stop,2026-04-22,08:24:00,,
BALHAM - HORSHAM,P26594,741,stop,2026-04-14,08:24:00,,
BALHAM - HORSHAM,P26594,741,stop,2026-04-02,08:24:00,,
SUTTON (SURREY) - DORKING,X04935,757,stop,2026-04-12,08:24:00,,
BALHAM - HORSHAM,P26594,741,stop,2026-04-01,08:24:00,,
BALHAM - HORSHAM,P26594,741,stop,2026-04-13,08:24:00,,
BALHAM - HORSHAM,P26595,741,stop,2026-04-11,08:24:00,,
BALHAM - HORSHAM,P26594,741,stop,2026-04-27,08:24:00,,
BALHAM - HORSHAM,P26594,741,stop,2026-04-15,08:24:00,,
BALHAM - HORSHAM,P26594,741,stop,2026-04-10,08:24:00,,
EPSOM - EARLSFIELD,L74228,824,stop,2026-04-12,08:24:00,,
EARLSFIELD - GUILDFORD (2),P61581,753,stop,2026-04-30,08:28:00,,
EARLSFIELD - GUILDFORD (2),P61581,753,stop,2026-04-15,08:28:00,,
EARLSFIELD - GUILDFORD (2),P61581,753,stop,2026-04-07,08:28:00,,
WORCESTER PARK - DORKING,Q54910,805,stop,2026-04-12,08:26:00,,
GUILDFORD - WORCESTER PARK,Q54852,703,stop,2026-04-12,08:26:00,,
BALHAM - HORSHAM,P26594,741,stop,2026-04-20,08:24:00,,
BALHAM - HORSHAM,X96810,741,stop,2026-04-03,08:24:00,,
EPSOM - EARLSFIELD,L74228,824,stop,2026-04-26,08:24:00,,
BALHAM - HORSHAM,P26594,741,stop,2026-04-21,08:24:00,,
BALHAM - HORSHAM,P26595,741,stop,2026-04-04,08:24:00,,
BALHAM - HORSHAM,P26594,741,stop,2026-04-17,08:24:00,,
BALHAM - HORSHAM,P26594,741,stop,2026-04-29,08:24:00,,
BALHAM - HORSHAM,P26594,741,stop,2026-04-30,08:24:00,,
BALHAM - HORSHAM,P26594,741,stop,2026-04-09,08:24:00,,
BALHAM - HORSHAM,P26594,741,stop,2026-04-03,08:24:00,,
BALHAM - HORSHAM,P26594,741,stop,2026-04-08,08:24:00,,
EARLSFIELD - GUILDFORD (2),P61581,753,stop,2026-04-24,08:28:00,,
EARLSFIELD - GUILDFORD (2),P61581,753,stop,2026-04-14,08:28:00,,
EARLSFIELD - GUILDFORD (2),P61582,753,stop,2026-04-25,08:28:00,,
EARLSFIELD - GUILDFORD (2),P61581,753,stop,2026-04-09,08:28:00,,
EARLSFIELD - GUILDFORD (2),P61581,753,stop,2026-04-08,08:28:00,,
EARLSFIELD - GUILDFORD (2),P61582,753,stop,2026-04-18,08:28:00,,
EARLSFIELD - GUILDFORD (2),P61581,753,stop,2026-04-27,08:28:00,,
EARLSFIELD - GUILDFORD (2),P61581,753,stop,2026-04-16,08:28:00,,
EARLSFIELD - GUILDFORD (2),P61581,753,stop,2026-04-21,08:28:00,,
EARLSFIELD - GUILDFORD (2),P61581,753,stop,2026-04-10,08:28:00,,
EARLSFIELD - GUILDFORD (2),P61581,753,stop,2026-04-23,08:28:00,,
EARLSFIELD - GUILDFORD (2),P61581,753,stop,2026-04-22,08:28:00,,
EARLSFIELD - GUILDFORD (2),P61581,753,stop,2026-04-02,08:28:00,,
EARLSFIELD - GUILDFORD (2),Q51125,753,stop,2026-04-06,08:28:00,,
EARLSFIELD - GUILDFORD (2),P61581,753,stop,2026-04-28,08:28:00,,
EARLSFIELD - GUILDFORD (2),P61581,753,stop,2026-04-29,08:28:00,,
DORKING - BALHAM (2),P26601,815,stop,2026-04-10,08:31:00,,
DORKING - BALHAM (2),P26601,815,stop,2026-04-13,08:31:00,,
DORKING - BALHAM (2),P26601,815,stop,2026-04-21,08:31:00,,
DORKING - BALHAM (2),P26601,815,stop,2026-04-27,08:31:00,,
DORKING - BALHAM (4),P26603,812,stop,2026-04-26,08:30:00,,
DORKING - BALHAM (4),P26603,812,stop,2026-04-12,08:30:00,,
DORKING - MITCHAM EASTFIELDS,P26603,813,stop,2026-04-19,08:30:00,,
EARLSFIELD - GUILDFORD (2),P61581,753,stop,2026-04-13,08:28:00,,
EARLSFIELD - GUILDFORD (2),P61582,753,stop,2026-04-11,08:28:00,,
EARLSFIELD - GUILDFORD (2),P61581,753,stop,2026-04-06,08:28:00,,
EARLSFIELD - GUILDFORD (2),P61581,753,stop,2026-04-01,08:28:00,,
EARLSFIELD - GUILDFORD (2),P61581,753,stop,2026-04-20,08:28:00,,
EARLSFIELD - GUILDFORD (2),P61581,753,stop,2026-04-17,08:28:00,,
EARLSFIELD - GUILDFORD (2),P61582,753,stop,2026-04-04,08:28:00,,
EARLSFIELD - GUILDFORD (2),Q38883,753,stop,2026-04-03,08:28:00,,
EARLSFIELD - GUILDFORD (2),P61581,753,stop,2026-04-03,08:28:00,,
DORKING - BALHAM (2),P26601,815,stop,2026-04-08,08:31:00,,
DORKING - BALHAM (2),P26601,815,stop,2026-04-24,08:31:00,,
DORKING - BALHAM (2),P26601,815,stop,2026-04-20,08:31:00,,
DORKING - BALHAM (2),P26601,815,stop,2026-04-07,08:31:00,,
DORKING - BALHAM (2),P26601,815,stop,2026-04-28,08:31:00,,
DORKING - BALHAM (2),P26601,815,stop,2026-04-03,08:31:00,,
DORKING - BALHAM (2),P26601,815,stop,2026-04-30,08:31:00,,
DORKING - BALHAM (2),P26601,815,stop,2026-04-09,08:31:00,,
DORKING - BALHAM (2),P26601,815,stop,2026-04-29,08:31:00,,
DORKING - BALHAM (2),P26601,815,stop,2026-04-16,08:31:00,,
DORKING - BALHAM (2),P26601,815,stop,2026-04-02,08:31:00,,
DORKING - BALHAM (2),P26601,815,stop,2026-04-14,08:31:00,,
DORKING - BALHAM (2),P26601,815,stop,2026-04-23,08:31:00,,
DORKING - BALHAM (2),P26601,815,stop,2026-04-15,08:31:00,,
DORKING - BALHAM (2),P26601,815,stop,2026-04-06,08:31:00,,
DORKING - BALHAM (2),P26601,815,stop,2026-04-22,08:31:00,,
MITCHAM EASTFIELDS - DORKING (2),P26787,757,stop,2026-04-19,08:43:00,,
DORKING - SUTTON (SURREY),X04897,803,stop,2026-04-12,08:39:00,,
EARLSFIELD - DORKING,P61003,802,stop,2026-04-12,08:38:00,,
EARLSFIELD - DORKING,P61003,802,stop,2026-04-05,08:38:00,,
EARLSFIELD - DORKING,P61003,802,stop,2026-04-26,08:38:00,,
EARLSFIELD - DORKING,P61003,802,stop,2026-04-19,08:38:00,,
MITCHAM EASTFIELDS - HORSHAM (2),P26595,750,stop,2026-04-18,08:33:00,,
DORKING - BALHAM (3),X96758,817,stop,2026-04-03,08:33:00,,
DORKING - BALHAM (3),P26602,817,stop,2026-04-04,08:33:00,,
DORKING - BALHAM (3),X00924,817,stop,2026-04-06,08:33:00,,
DORKING - BALHAM (3),P26602,817,stop,2026-04-25,08:33:00,,
DORKING - BALHAM (5),P26603,816,stop,2026-04-05,08:33:00,,
DORKING - BALHAM (3),P26602,817,stop,2026-04-11,08:33:00,,
DORKING - MITCHAM EASTFIELDS (2),P26602,817,stop,2026-04-18,08:32:00,,
DORKING - BALHAM (2),P26601,815,stop,2026-04-01,08:31:00,,
DORKING - BALHAM (2),P26601,815,stop,2026-04-17,08:31:00,,
EPSOM - NORWOOD JUNCTION,P25197,845,stop,2026-04-18,08:45:00,,
EPSOM - NORWOOD JUNCTION,P25196,845,stop,2026-04-20,08:45:00,,
EPSOM - NORWOOD JUNCTION,P25196,845,stop,2026-04-17,08:45:00,,
EPSOM - NORWOOD JUNCTION,P25196,845,stop,2026-04-14,08:45:00,,
EPSOM - NORWOOD JUNCTION,P25196,845,stop,2026-04-07,08:45:00,,
EPSOM - NORWOOD JUNCTION,P25196,845,stop,2026-04-01,08:45:00,,
EPSOM - NORWOOD JUNCTION,P25196,845,stop,2026-04-22,08:45:00,,
EPSOM - NORWOOD JUNCTION,P25197,845,stop,2026-04-11,08:45:00,,
EPSOM - NORWOOD JUNCTION,P25196,845,stop,2026-04-30,08:45:00,,
EPSOM - NORWOOD JUNCTION,P25196,845,stop,2026-04-24,08:45:00,,
EPSOM - NORWOOD JUNCTION,P25197,845,stop,2026-04-04,08:45:00,,
EPSOM - NORWOOD JUNCTION,P25197,845,stop,2026-04-25,08:45:00,,
EPSOM - NORWOOD JUNCTION,P25196,845,stop,2026-04-02,08:45:00,,
EPSOM - NORWOOD JUNCTION,P25196,845,stop,2026-04-09,08:45:00,,
EPSOM - NORWOOD JUNCTION,P25196,845,stop,2026-04-15,08:45:00,,
EPSOM - NORWOOD JUNCTION,X01384,845,stop,2026-04-06,08:45:00,,
DORKING - EARLSFIELD,P61010,832,stop,2026-04-03,08:48:00,,
DORKING - EARLSFIELD,P61010,832,stop,2026-04-02,08:48:00,,
DORKING - EARLSFIELD,P61010,832,stop,2026-04-08,08:48:00,,
DORKING - EARLSFIELD,P61010,832,stop,2026-04-24,08:48:00,,
EPSOM - NORWOOD JUNCTION,P25196,845,stop,2026-04-16,08:45:00,,
EPSOM - NORWOOD JUNCTION,P25196,845,stop,2026-04-23,08:45:00,,
EPSOM - NORWOOD JUNCTION,P25196,845,stop,2026-04-21,08:45:00,,
EPSOM - NORWOOD JUNCTION,P25196,845,stop,2026-04-06,08:45:00,,
EPSOM - NORWOOD JUNCTION,P25196,845,stop,2026-04-13,08:45:00,,
EPSOM - NORWOOD JUNCTION,P25196,845,stop,2026-04-10,08:45:00,,
EPSOM - NORWOOD JUNCTION,X96721,845,stop,2026-04-03,08:45:00,,
EPSOM - NORWOOD JUNCTION,P25196,845,stop,2026-04-29,08:45:00,,
EPSOM - NORWOOD JUNCTION,P25196,845,stop,2026-04-03,08:45:00,,
EPSOM - NORWOOD JUNCTION,P25196,845,stop,2026-04-08,08:45:00,,
EPSOM - NORWOOD JUNCTION,P25196,845,stop,2026-04-27,08:45:00,,
EPSOM - NORWOOD JUNCTION,P25196,845,stop,2026-04-28,08:45:00,,
DORKING - EARLSFIELD,P61010,832,stop,2026-04-15,08:48:00,,
DORKING - EARLSFIELD,P61010,832,stop,2026-04-21,08:48:00,,
DORKING - EARLSFIELD,P61010,832,stop,2026-04-28,08:48:00,,
DORKING - EARLSFIELD,P61010,832,stop,2026-04-06,08:48:00,,
DORKING - EARLSFIELD,P61010,832,stop,2026-04-01,08:48:00,,
DORKING - EARLSFIELD,P61010,832,stop,2026-04-30,08:48:00,,
DORKING - EARLSFIELD,P61010,832,stop,2026-04-07,08:48:00,,
DORKING - EARLSFIELD,P61010,832,stop,2026-04-20,08:48:00,,
DORKING - EARLSFIELD,P61010,832,stop,2026-04-29,08:48:00,,
DORKING - EARLSFIELD,P61010,832,stop,2026-04-23,08:48:00,,
DORKING - EARLSFIELD,P61010,832,stop,2026-04-09,08:48:00,,
DORKING - EARLSFIELD,P61010,832,stop,2026-04-10,08:48:00,,
DORKING - EARLSFIELD,P61010,832,stop,2026-04-22,08:48:00,,
DORKING - EARLSFIELD,P61010,832,stop,2026-04-16,08:48:00,,
DORKING - EARLSFIELD,P61010,832,stop,2026-04-14,08:48:00,,
DORKING - EARLSFIELD,P61010,832,stop,2026-04-13,08:48:00,,
GUILDFORD - EARLSFIELD,P61587,820,stop,2026-04-19,08:53:00,,
BALHAM - DORKING (2),P26787,810,stop,2026-04-12,08:53:00,,
BALHAM - DORKING,P26600,811,stop,2026-04-25,08:52:00,,
BALHAM - DORKING,X96769,811,stop,2026-04-03,08:52:00,,
BALHAM - DORKING,P26600,811,stop,2026-04-04,08:52:00,,
BALHAM - DORKING,X01854,811,stop,2026-04-06,08:52:00,,
BALHAM - DORKING,P26600,811,stop,2026-04-11,08:52:00,,
SUTTON (SURREY) - DORKING,X04934,825,stop,2026-04-12,08:52:00,,
DORKING - EARLSFIELD,Q51036,832,stop,2026-04-06,08:49:00,,
DORKING - EARLSFIELD,P61011,832,stop,2026-04-11,08:49:00,,
DORKING - EARLSFIELD,P61011,832,stop,2026-04-04,08:49:00,,
DORKING - EARLSFIELD,P61011,832,stop,2026-04-25,08:49:00,,
DORKING - EARLSFIELD,Q38844,832,stop,2026-04-03,08:49:00,,
DORKING - EARLSFIELD,P61011,832,stop,2026-04-18,08:49:00,,
DORKING - EARLSFIELD,P61010,832,stop,2026-04-27,08:48:00,,
DORKING - EARLSFIELD,P61010,832,stop,2026-04-17,08:48:00,,
BALHAM - DORKING (2),P26599,811,stop,2026-04-15,08:54:00,,
BALHAM - DORKING (2),P26599,811,stop,2026-04-28,08:54:00,,
BALHAM - DORKING (2),P26599,811,stop,2026-04-01,08:54:00,,
BALHAM - DORKING (2),P26599,811,stop,2026-04-03,08:54:00,,
BALHAM - DORKING (2),P26599,811,stop,2026-04-07,08:54:00,,
BALHAM - DORKING (2),P26599,811,stop,2026-04-10,08:54:00,,
BALHAM - DORKING (2),P26599,811,stop,2026-04-23,08:54:00,,
BALHAM - DORKING (2),P26599,811,stop,2026-04-16,08:54:00,,
BALHAM - DORKING (2),P26599,811,stop,2026-04-29,08:54:00,,
BALHAM - DORKING (2),P26599,811,stop,2026-04-09,08:54:00,,
BALHAM - DORKING (2),P26599,811,stop,2026-04-21,08:54:00,,
BALHAM - DORKING (2),P26599,811,stop,2026-04-13,08:54:00,,
GUILDFORD - EARLSFIELD,P61587,820,stop,2026-04-26,08:53:00,,
GUILDFORD - EARLSFIELD,P61587,820,stop,2026-04-05,08:53:00,,
BALHAM - DORKING (2),P26787,810,stop,2026-04-26,08:53:00,,
GUILDFORD - EARLSFIELD,P61587,820,stop,2026-04-12,08:53:00,,
EARLSFIELD - DORKING,P61002,823,stop,2026-04-11,08:58:00,,
EARLSFIELD - DORKING,P61002,823,stop,2026-04-04,08:58:00,,
DORKING - WORCESTER PARK,Q54758,821,stop,2026-04-12,08:57:00,,
EFFINGHAM JUNCTION - WORCESTER PARK,Q54781,815,stop,2026-04-12,08:56:00,,
WORCESTER PARK - EFFINGHAM JUNCTION,Q54818,835,stop,2026-04-12,08:56:00,,
BALHAM - DORKING (2),P26599,811,stop,2026-04-30,08:54:00,,
BALHAM - DORKING (2),P26599,811,stop,2026-04-14,08:54:00,,
BALHAM - DORKING (2),P26599,811,stop,2026-04-24,08:54:00,,
BALHAM - DORKING (2),P26599,811,stop,2026-04-20,08:54:00,,
BALHAM - DORKING (2),P26599,811,stop,2026-04-22,08:54:00,,
BALHAM - DORKING (2),P26599,811,stop,2026-04-27,08:54:00,,
BALHAM - DORKING (5),P26787,810,stop,2026-04-05,08:54:00,,
BALHAM - DORKING (2),P26599,811,stop,2026-04-08,08:54:00,,
BALHAM - DORKING (2),P26599,811,stop,2026-04-17,08:54:00,,
BALHAM - DORKING (2),P26599,811,stop,2026-04-06,08:54:00,,
BALHAM - DORKING (2),P26599,811,stop,2026-04-02,08:54:00,,
EARLSFIELD - DORKING,P61001,823,stop,2026-04-17,08:59:00,,
EARLSFIELD - DORKING,P61001,823,stop,2026-04-09,08:59:00,,
EARLSFIELD - DORKING,P61001,823,stop,2026-04-16,08:59:00,,
EARLSFIELD - DORKING,P61001,823,stop,2026-04-24,08:59:00,,
EARLSFIELD - DORKING,P61001,823,stop,2026-04-08,08:59:00,,
EARLSFIELD - DORKING,P61001,823,stop,2026-04-20,08:59:00,,
EARLSFIELD - DORKING,P61001,823,stop,2026-04-28,08:59:00,,
EARLSFIELD - DORKING,P61001,823,stop,2026-04-03,08:59:00,,
EARLSFIELD - DORKING,P61001,823,stop,2026-04-30,08:59:00,,
EARLSFIELD - DORKING,P61001,823,stop,2026-04-13,08:59:00,,
EARLSFIELD - DORKING,P61001,823,stop,2026-04-14,08:59:00,,
EARLSFIELD - DORKING,P61001,823,stop,2026-04-02,08:59:00,,
EARLSFIELD - DORKING,P61002,823,stop,2026-04-18,08:58:00,,
EARLSFIELD - DORKING,P61002,823,stop,2026-04-25,08:58:00,,
EARLSFIELD - DORKING,Q38854,823,stop,2026-04-03,08:58:00,,
EARLSFIELD - DORKING,Q51060,823,stop,2026-04-06,08:58:00,,
HORSHAM - BALHAM,P26607,814,stop,2026-04-20,09:01:00,,
HORSHAM - MITCHAM EASTFIELDS,P26608,820,stop,2026-04-18,09:01:00,,
HORSHAM - BALHAM,P26607,814,stop,2026-04-07,09:01:00,,
DORKING - MITCHAM EASTFIELDS,P26609,844,stop,2026-04-19,09:00:00,,
DORKING - BALHAM (4),P26609,842,stop,2026-04-12,09:00:00,,
DORKING - BALHAM (4),P26609,842,stop,2026-04-26,09:00:00,,
EARLSFIELD - DORKING,P61001,823,stop,2026-04-10,08:59:00,,
EARLSFIELD - DORKING,P61001,823,stop,2026-04-27,08:59:00,,
EARLSFIELD - DORKING,P61001,823,stop,2026-04-15,08:59:00,,
EARLSFIELD - DORKING,P61001,823,stop,2026-04-29,08:59:00,,
EARLSFIELD - DORKING,P61001,823,stop,2026-04-01,08:59:00,,
EARLSFIELD - DORKING,P61001,823,stop,2026-04-07,08:59:00,,
EARLSFIELD - DORKING,P61001,823,stop,2026-04-21,08:59:00,,
EARLSFIELD - DORKING,P61001,823,stop,2026-04-22,08:59:00,,
EARLSFIELD - DORKING,P61001,823,stop,2026-04-06,08:59:00,,
EARLSFIELD - DORKING,P61001,823,stop,2026-04-23,08:59:00,,
HORSHAM - BALHAM,P26608,815,stop,2026-04-25,09:01:00,,
HORSHAM - BALHAM,P26607,814,stop,2026-04-17,09:01:00,,
HORSHAM - BALHAM,P26607,814,stop,2026-04-13,09:01:00,,
HORSHAM - BALHAM,P26607,814,stop,2026-04-15,09:01:00,,
HORSHAM - BALHAM,P26607,814,stop,2026-04-21,09:01:00,,
HORSHAM - BALHAM,P26607,814,stop,2026-04-23,09:01:00,,
HORSHAM - BALHAM,P26607,814,stop,2026-04-09,09:01:00,,
HORSHAM - BALHAM,P26607,814,stop,2026-04-02,09:01:00,,
HORSHAM - BALHAM,X96761,815,stop,2026-04-03,09:01:00,,
HORSHAM - BALHAM,P26607,814,stop,2026-04-30,09:01:00,,
HORSHAM - BALHAM,P26607,814,stop,2026-04-06,09:01:00,,
HORSHAM - BALHAM,X00926,815,stop,2026-04-06,09:01:00,,
HORSHAM - BALHAM,P26607,814,stop,2026-04-24,09:01:00,,
HORSHAM - BALHAM,P26607,814,stop,2026-04-28,09:01:00,,
HORSHAM - BALHAM,P26607,814,stop,2026-04-22,09:01:00,,
HORSHAM - BALHAM,P26607,814,stop,2026-04-01,09:01:00,,
DORKING - SUTTON (SURREY),X04896,833,stop,2026-04-12,09:09:00,,
EARLSFIELD - GUILDFORD (2),P61586,832,stop,2026-04-12,09:08:00,,
EARLSFIELD - GUILDFORD (2),P61586,832,stop,2026-04-05,09:08:00,,
EARLSFIELD - GUILDFORD (2),P61586,832,stop,2026-04-26,09:08:00,,
EARLSFIELD - GUILDFORD (2),P61586,832,stop,2026-04-19,09:08:00,,
MITCHAM EASTFIELDS - DORKING (2),P26600,820,stop,2026-04-18,09:05:00,,
DORKING - BALHAM (5),P26609,846,stop,2026-04-05,09:03:00,,
HORSHAM - BALHAM,P26607,814,stop,2026-04-10,09:01:00,,
HORSHAM - BALHAM,P26607,814,stop,2026-04-27,09:01:00,,
HORSHAM - BALHAM,P26607,814,stop,2026-04-14,09:01:00,,
HORSHAM - BALHAM,P26608,815,stop,2026-04-11,09:01:00,,
HORSHAM - BALHAM,P26607,814,stop,2026-04-03,09:01:00,,
HORSHAM - BALHAM,P26607,814,stop,2026-04-29,09:01:00,,
HORSHAM - BALHAM,P26608,815,stop,2026-04-04,09:01:00,,
HORSHAM - BALHAM,P26607,814,stop,2026-04-08,09:01:00,,
HORSHAM - BALHAM,P26607,814,stop,2026-04-16,09:01:00,,
EPSOM - NORWOOD JUNCTION,P25200,915,stop,2026-04-16,09:15:00,,
EPSOM - NORWOOD JUNCTION,P25200,915,stop,2026-04-29,09:15:00,,
EPSOM - NORWOOD JUNCTION,P25200,915,stop,2026-04-24,09:15:00,,
EPSOM - NORWOOD JUNCTION,P25200,915,stop,2026-04-15,09:15:00,,
EPSOM - NORWOOD JUNCTION,P25200,915,stop,2026-04-27,09:15:00,,
EPSOM - NORWOOD JUNCTION,P25200,915,stop,2026-04-09,09:15:00,,
EPSOM - NORWOOD JUNCTION,P25200,915,stop,2026-04-21,09:15:00,,
EPSOM - NORWOOD JUNCTION,P25200,915,stop,2026-04-22,09:15:00,,
EPSOM - NORWOOD JUNCTION,X01386,915,stop,2026-04-06,09:15:00,,
EPSOM - NORWOOD JUNCTION,P25201,915,stop,2026-04-11,09:15:00,,
EPSOM - NORWOOD JUNCTION,P25200,915,stop,2026-04-06,09:15:00,,
EPSOM - NORWOOD JUNCTION,P25200,915,stop,2026-04-08,09:15:00,,
EPSOM - NORWOOD JUNCTION,P25200,915,stop,2026-04-07,09:15:00,,
EPSOM - NORWOOD JUNCTION,P25200,915,stop,2026-04-13,09:15:00,,
EPSOM - NORWOOD JUNCTION,P25200,915,stop,2026-04-30,09:15:00,,
EPSOM - NORWOOD JUNCTION,P25200,915,stop,2026-04-23,09:15:00,,
GUILDFORD - EARLSFIELD,L74235,842,stop,2026-04-07,09:17:00,,
GUILDFORD - EARLSFIELD,L74235,842,stop,2026-04-29,09:17:00,,
GUILDFORD - EARLSFIELD,L74235,842,stop,2026-04-15,09:17:00,,
GUILDFORD - EARLSFIELD,L74235,842,stop,2026-04-22,09:17:00,,
EPSOM - NORWOOD JUNCTION,P25200,915,stop,2026-04-28,09:15:00,,
EPSOM - NORWOOD JUNCTION,P25201,915,stop,2026-04-18,09:15:00,,
EPSOM - NORWOOD JUNCTION,P25200,915,stop,2026-04-20,09:15:00,,
EPSOM - NORWOOD JUNCTION,P25200,915,stop,2026-04-01,09:15:00,,
EPSOM - NORWOOD JUNCTION,P25201,915,stop,2026-04-25,09:15:00,,
EPSOM - NORWOOD JUNCTION,X96680,915,stop,2026-04-03,09:15:00,,
EPSOM - NORWOOD JUNCTION,P25200,915,stop,2026-04-17,09:15:00,,
EPSOM - NORWOOD JUNCTION,P25200,915,stop,2026-04-14,09:15:00,,
EPSOM - NORWOOD JUNCTION,P25200,915,stop,2026-04-03,09:15:00,,
EPSOM - NORWOOD JUNCTION,P25200,915,stop,2026-04-02,09:15:00,,
EPSOM - NORWOOD JUNCTION,P25200,915,stop,2026-04-10,09:15:00,,
EPSOM - NORWOOD JUNCTION,P25201,915,stop,2026-04-04,09:15:00,,
GUILDFORD - EARLSFIELD,L74235,842,stop,2026-04-06,09:17:00,,
GUILDFORD - EARLSFIELD,L74235,842,stop,2026-04-10,09:17:00,,
GUILDFORD - EARLSFIELD,L74235,842,stop,2026-04-24,09:17:00,,
GUILDFORD - EARLSFIELD,L74235,842,stop,2026-04-23,09:17:00,,
GUILDFORD - EARLSFIELD,L74235,842,stop,2026-04-08,09:17:00,,
GUILDFORD - EARLSFIELD,L74235,842,stop,2026-04-01,09:17:00,,
GUILDFORD - EARLSFIELD,L74235,842,stop,2026-04-13,09:17:00,,
GUILDFORD - EARLSFIELD,L74235,842,stop,2026-04-17,09:17:00,,
GUILDFORD - EARLSFIELD,L74235,842,stop,2026-04-30,09:17:00,,
GUILDFORD - EARLSFIELD,L74235,842,stop,2026-04-28,09:17:00,,
GUILDFORD - EARLSFIELD,L74235,842,stop,2026-04-14,09:17:00,,
GUILDFORD - EARLSFIELD,L74235,842,stop,2026-04-02,09:17:00,,
GUILDFORD - EARLSFIELD,L74235,842,stop,2026-04-27,09:17:00,,
GUILDFORD - EARLSFIELD,L74235,842,stop,2026-04-03,09:17:00,,
GUILDFORD - EARLSFIELD,L74235,842,stop,2026-04-16,09:17:00,,
GUILDFORD - EARLSFIELD,L74235,842,stop,2026-04-21,09:17:00,,
DORKING - EARLSFIELD,P61012,907,stop,2026-04-26,09:23:00,,
DORKING - EARLSFIELD,P61012,907,stop,2026-04-05,09:23:00,,
DORKING - EARLSFIELD,P61012,907,stop,2026-04-19,09:23:00,,
SUTTON (SURREY) - DORKING,X04933,855,stop,2026-04-12,09:22:00,,
BALHAM - DORKING (4),P26606,840,stop,2026-04-05,09:22:00,,
BALHAM - DORKING (8),P26606,840,stop,2026-04-12,09:21:00,,
MITCHAM EASTFIELDS - DORKING (3),P26606,838,stop,2026-04-19,09:21:00,,
BALHAM - DORKING (8),P26606,840,stop,2026-04-26,09:21:00,,
GUILDFORD - EARLSFIELD,L74234,845,stop,2026-04-25,09:19:00,,
GUILDFORD - EARLSFIELD,L74234,845,stop,2026-04-18,09:19:00,,
GUILDFORD - EARLSFIELD,Q51006,845,stop,2026-04-06,09:19:00,,
GUILDFORD - EARLSFIELD,L74234,845,stop,2026-04-11,09:19:00,,
GUILDFORD - EARLSFIELD,L74234,845,stop,2026-04-04,09:19:00,,
GUILDFORD - EARLSFIELD,Q88882,845,stop,2026-04-03,09:19:00,,
GUILDFORD - EARLSFIELD,L74235,842,stop,2026-04-20,09:17:00,,
GUILDFORD - EARLSFIELD,L74235,842,stop,2026-04-09,09:17:00,,
BALHAM - HORSHAM,P26604,841,stop,2026-04-14,09:24:00,,
BALHAM - HORSHAM,P26604,841,stop,2026-04-30,09:24:00,,
BALHAM - HORSHAM,P26604,841,stop,2026-04-20,09:24:00,,
BALHAM - HORSHAM,P26605,841,stop,2026-04-25,09:24:00,,
BALHAM - HORSHAM,P26604,841,stop,2026-04-02,09:24:00,,
BALHAM - HORSHAM,P26605,841,stop,2026-04-11,09:24:00,,
BALHAM - HORSHAM,P26604,841,stop,2026-04-07,09:24:00,,
BALHAM - HORSHAM,P26604,841,stop,2026-04-21,09:24:00,,
BALHAM - HORSHAM,P26604,841,stop,2026-04-28,09:24:00,,
BALHAM - HORSHAM,P26604,841,stop,2026-04-09,09:24:00,,
BALHAM - HORSHAM,P26604,841,stop,2026-04-27,09:24:00,,
BALHAM - HORSHAM,P26604,841,stop,2026-04-15,09:24:00,,
BALHAM - HORSHAM,P26604,841,stop,2026-04-24,09:24:00,,
BALHAM - HORSHAM,X96728,841,stop,2026-04-03,09:24:00,,
BALHAM - HORSHAM,P26605,841,stop,2026-04-04,09:24:00,,
DORKING - EARLSFIELD,P61012,907,stop,2026-04-12,09:23:00,,
EARLSFIELD - GUILDFORD (2),P61584,853,stop,2026-04-15,09:28:00,,
EARLSFIELD - GUILDFORD (2),P61584,853,stop,2026-04-20,09:28:00,,
DORKING - WORCESTER PARK,Q54851,850,stop,2026-04-12,09:26:00,,
WORCESTER PARK - DORKING,Q54909,905,stop,2026-04-12,09:26:00,,
BALHAM - HORSHAM,P26604,841,stop,2026-04-08,09:24:00,,
BALHAM - HORSHAM,P26604,841,stop,2026-04-22,09:24:00,,
BALHAM - HORSHAM,P26604,841,stop,2026-04-01,09:24:00,,
BALHAM - HORSHAM,P26604,841,stop,2026-04-10,09:24:00,,
BALHAM - HORSHAM,P26604,841,stop,2026-04-29,09:24:00,,
BALHAM - HORSHAM,P26604,841,stop,2026-04-16,09:24:00,,
BALHAM - HORSHAM,P26604,841,stop,2026-04-23,09:24:00,,
BALHAM - HORSHAM,P26604,841,stop,2026-04-13,09:24:00,,
BALHAM - HORSHAM,P26604,841,stop,2026-04-17,09:24:00,,
BALHAM - HORSHAM,P26604,841,stop,2026-04-06,09:24:00,,
BALHAM - HORSHAM,P26604,841,stop,2026-04-03,09:24:00,,
BALHAM - HORSHAM,X00925,841,stop,2026-04-06,09:24:00,,
EARLSFIELD - GUILDFORD (2),P61584,853,stop,2026-04-16,09:28:00,,
EARLSFIELD - GUILDFORD (2),P61584,853,stop,2026-04-27,09:28:00,,
EARLSFIELD - GUILDFORD (2),P61584,853,stop,2026-04-01,09:28:00,,
EARLSFIELD - GUILDFORD (2),P61584,853,stop,2026-04-09,09:28:00,,
EARLSFIELD - GUILDFORD (2),P61584,853,stop,2026-04-06,09:28:00,,
EARLSFIELD - GUILDFORD (2),Q50991,853,stop,2026-04-06,09:28:00,,
EARLSFIELD - GUILDFORD (2),P61585,853,stop,2026-04-04,09:28:00,,
EARLSFIELD - GUILDFORD (2),P61584,853,stop,2026-04-24,09:28:00,,
EARLSFIELD - GUILDFORD (2),P61585,853,stop,2026-04-11,09:28:00,,
EARLSFIELD - GUILDFORD (2),P61584,853,stop,2026-04-10,09:28:00,,
EARLSFIELD - GUILDFORD (2),P61584,853,stop,2026-04-13,09:28:00,,
EARLSFIELD - GUILDFORD (2),Q38828,853,stop,2026-04-03,09:28:00,,
EARLSFIELD - GUILDFORD (2),P61584,853,stop,2026-04-03,09:28:00,,
EARLSFIELD - GUILDFORD (2),P61585,853,stop,2026-04-25,09:28:00,,
EARLSFIELD - GUILDFORD (2),P61584,853,stop,2026-04-14,09:28:00,,
EARLSFIELD - GUILDFORD (2),P61585,853,stop,2026-04-18,09:28:00,,
DORKING - BALHAM (2),P26613,915,stop,2026-04-16,09:31:00,,
DORKING - BALHAM (2),P26613,915,stop,2026-04-02,09:31:00,,
DORKING - BALHAM (2),P26613,915,stop,2026-04-17,09:31:00,,
DORKING - BALHAM (4),P26615,912,stop,2026-04-12,09:30:00,,
DORKING - MITCHAM EASTFIELDS,P26615,912,stop,2026-04-19,09:30:00,,
DORKING - BALHAM (4),P26615,912,stop,2026-04-26,09:30:00,,
EARLSFIELD - GUILDFORD (2),P61584,853,stop,2026-04-02,09:28:00,,
EARLSFIELD - GUILDFORD (2),P61584,853,stop,2026-04-29,09:28:00,,
EARLSFIELD - GUILDFORD (2),P61584,853,stop,2026-04-17,09:28:00,,
EARLSFIELD - GUILDFORD (2),P61584,853,stop,2026-04-22,09:28:00,,
EARLSFIELD - GUILDFORD (2),P61584,853,stop,2026-04-21,09:28:00,,
EARLSFIELD - GUILDFORD (2),P61584,853,stop,2026-04-28,09:28:00,,
EARLSFIELD - GUILDFORD (2),P61584,853,stop,2026-04-07,09:28:00,,
EARLSFIELD - GUILDFORD (2),P61584,853,stop,2026-04-30,09:28:00,,
EARLSFIELD - GUILDFORD (2),P61584,853,stop,2026-04-08,09:28:00,,
EARLSFIELD - GUILDFORD (2),P61584,853,stop,2026-04-23,09:28:00,,
DORKING - BALHAM (2),P26613,915,stop,2026-04-28,09:31:00,,
DORKING - BALHAM (2),P26613,915,stop,2026-04-20,09:31:00,,
DORKING - BALHAM (2),P26613,915,stop,2026-04-01,09:31:00,,
DORKING - BALHAM (2),P26613,915,stop,2026-04-10,09:31:00,,
DORKING - BALHAM (2),P26613,915,stop,2026-04-07,09:31:00,,
DORKING - BALHAM (2),P26613,915,stop,2026-04-08,09:31:00,,
DORKING - BALHAM (2),P26613,915,stop,2026-04-23,09:31:00,,
DORKING - BALHAM (2),P26613,915,stop,2026-04-13,09:31:00,,
DORKING - BALHAM (2),P26613,915,stop,2026-04-06,09:31:00,,
DORKING - BALHAM (2),P26613,915,stop,2026-04-24,09:31:00,,
DORKING - BALHAM (2),P26613,915,stop,2026-04-22,09:31:00,,
DORKING - BALHAM (2),P26613,915,stop,2026-04-15,09:31:00,,
DORKING - BALHAM (2),P26613,915,stop,2026-04-03,09:31:00,,
DORKING - BALHAM (2),P26613,915,stop,2026-04-21,09:31:00,,
DORKING - BALHAM (2),P26613,915,stop,2026-04-09,09:31:00,,
DORKING - BALHAM (2),P26613,915,stop,2026-04-14,09:31:00,,
EARLSFIELD - DORKING,P61009,902,stop,2026-04-05,09:39:00,,
EARLSFIELD - DORKING,P61009,902,stop,2026-04-26,09:39:00,,
EARLSFIELD - DORKING,P61009,902,stop,2026-04-19,09:39:00,,
EARLSFIELD - DORKING,P61009,902,stop,2026-04-12,09:39:00,,
DORKING - SUTTON (SURREY),X04895,903,stop,2026-04-12,09:39:00,,
MITCHAM EASTFIELDS - HORSHAM (2),P26605,850,stop,2026-04-18,09:33:00,,
DORKING - BALHAM (3),X00928,917,stop,2026-04-06,09:33:00,,
DORKING - BALHAM (3),X96677,917,stop,2026-04-03,09:33:00,,
DORKING - BALHAM (3),P26614,917,stop,2026-04-04,09:33:00,,
DORKING - BALHAM (3),P26614,917,stop,2026-04-11,09:33:00,,
DORKING - BALHAM (5),P26615,916,stop,2026-04-05,09:33:00,,
DORKING - BALHAM (3),P26614,917,stop,2026-04-25,09:33:00,,
DORKING - MITCHAM EASTFIELDS (2),P26614,917,stop,2026-04-18,09:32:00,,
DORKING - BALHAM (2),P26613,915,stop,2026-04-27,09:31:00,,
DORKING - BALHAM (2),P26613,915,stop,2026-04-30,09:31:00,,
DORKING - BALHAM (2),P26613,915,stop,2026-04-29,09:31:00,,
EPSOM - NORWOOD JUNCTION,P25204,945,stop,2026-04-06,09:45:00,,
EPSOM - NORWOOD JUNCTION,X01388,945,stop,2026-04-06,09:45:00,,
EPSOM - NORWOOD JUNCTION,P25204,945,stop,2026-04-21,09:45:00,,
EPSOM - NORWOOD JUNCTION,P25204,945,stop,2026-04-30,09:45:00,,
EPSOM - NORWOOD JUNCTION,P25205,945,stop,2026-04-04,09:45:00,,
EPSOM - NORWOOD JUNCTION,P25204,945,stop,2026-04-13,09:45:00,,
EPSOM - NORWOOD JUNCTION,P25204,945,stop,2026-04-07,09:45:00,,
EPSOM - NORWOOD JUNCTION,P25204,945,stop,2026-04-03,09:45:00,,
EPSOM - NORWOOD JUNCTION,P25204,945,stop,2026-04-17,09:45:00,,
EPSOM - NORWOOD JUNCTION,P25204,945,stop,2026-04-29,09:45:00,,
EPSOM - NORWOOD JUNCTION,P25204,945,stop,2026-04-22,09:45:00,,
EPSOM - NORWOOD JUNCTION,P25205,945,stop,2026-04-25,09:45:00,,
EPSOM - NORWOOD JUNCTION,P25204,945,stop,2026-04-14,09:45:00,,
EPSOM - NORWOOD JUNCTION,P25204,945,stop,2026-04-20,09:45:00,,
EPSOM - NORWOOD JUNCTION,X96639,945,stop,2026-04-03,09:45:00,,
EPSOM - NORWOOD JUNCTION,P25205,945,stop,2026-04-18,09:45:00,,
DORKING - EARLSFIELD,P61016,932,stop,2026-04-29,09:49:00,,
DORKING - EARLSFIELD,P61016,932,stop,2026-04-30,09:49:00,,
DORKING - EARLSFIELD,P61016,932,stop,2026-04-14,09:49:00,,
DORKING - EARLSFIELD,P61017,932,stop,2026-04-11,09:49:00,,
EPSOM - NORWOOD JUNCTION,P25204,945,stop,2026-04-28,09:45:00,,
EPSOM - NORWOOD JUNCTION,P25204,945,stop,2026-04-15,09:45:00,,
EPSOM - NORWOOD JUNCTION,P25204,945,stop,2026-04-27,09:45:00,,
EPSOM - NORWOOD JUNCTION,P25204,945,stop,2026-04-10,09:45:00,,
EPSOM - NORWOOD JUNCTION,P25204,945,stop,2026-04-23,09:45:00,,
EPSOM - NORWOOD JUNCTION,P25204,945,stop,2026-04-02,09:45:00,,
EPSOM - NORWOOD JUNCTION,P25204,945,stop,2026-04-09,09:45:00,,
EPSOM - NORWOOD JUNCTION,P25204,945,stop,2026-04-08,09:45:00,,
EPSOM - NORWOOD JUNCTION,P25204,945,stop,2026-04-24,09:45:00,,
EPSOM - NORWOOD JUNCTION,P25204,945,stop,2026-04-01,09:45:00,,
EPSOM - NORWOOD JUNCTION,P25204,945,stop,2026-04-16,09:45:00,,
EPSOM - NORWOOD JUNCTION,P25205,945,stop,2026-04-11,09:45:00,,
DORKING - EARLSFIELD,P61016,932,stop,2026-04-08,09:49:00,,
DORKING - EARLSFIELD,P61016,932,stop,2026-04-16,09:49:00,,
DORKING - EARLSFIELD,P61016,932,stop,2026-04-28,09:49:00,,
DORKING - EARLSFIELD,P61016,932,stop,2026-04-20,09:49:00,,
DORKING - EARLSFIELD,P61016,932,stop,2026-04-07,09:49:00,,
DORKING - EARLSFIELD,P61016,932,stop,2026-04-21,09:49:00,,
DORKING - EARLSFIELD,P61017,932,stop,2026-04-18,09:49:00,,
DORKING - EARLSFIELD,P61016,932,stop,2026-04-01,09:49:00,,
DORKING - EARLSFIELD,P61016,932,stop,2026-04-06,09:49:00,,
DORKING - EARLSFIELD,P61017,932,stop,2026-04-04,09:49:00,,
DORKING - EARLSFIELD,Q50915,932,stop,2026-04-06,09:49:00,,
DORKING - EARLSFIELD,P61016,932,stop,2026-04-24,09:49:00,,
DORKING - EARLSFIELD,P61016,932,stop,2026-04-09,09:49:00,,
DORKING - EARLSFIELD,P61016,932,stop,2026-04-02,09:49:00,,
DORKING - EARLSFIELD,P61016,932,stop,2026-04-22,09:49:00,,
DORKING - EARLSFIELD,P61016,932,stop,2026-04-15,09:49:00,,
BALHAM - DORKING,X96688,911,stop,2026-04-03,09:52:00,,
BALHAM - DORKING,P26610,911,stop,2026-04-30,09:52:00,,
BALHAM - DORKING,P26610,911,stop,2026-04-01,09:52:00,,
BALHAM - DORKING,P26610,911,stop,2026-04-03,09:52:00,,
BALHAM - DORKING,P26610,911,stop,2026-04-09,09:52:00,,
BALHAM - DORKING,P26610,911,stop,2026-04-06,09:52:00,,
BALHAM - DORKING,P26610,911,stop,2026-04-10,09:52:00,,
BALHAM - DORKING,P26610,911,stop,2026-04-24,09:52:00,,
DORKING - EARLSFIELD,P61016,932,stop,2026-04-23,09:49:00,,
DORKING - EARLSFIELD,P61016,932,stop,2026-04-17,09:49:00,,
DORKING - EARLSFIELD,P61016,932,stop,2026-04-27,09:49:00,,
DORKING - EARLSFIELD,P61016,932,stop,2026-04-13,09:49:00,,
DORKING - EARLSFIELD,P61016,932,stop,2026-04-10,09:49:00,,
DORKING - EARLSFIELD,P61016,932,stop,2026-04-03,09:49:00,,
DORKING - EARLSFIELD,P61017,932,stop,2026-04-25,09:49:00,,
DORKING - EARLSFIELD,Q38798,932,stop,2026-04-03,09:49:00,,
BALHAM - DORKING,P26610,911,stop,2026-04-23,09:52:00,,
BALHAM - DORKING,P26610,911,stop,2026-04-13,09:52:00,,
SUTTON (SURREY) - DORKING,X04932,925,stop,2026-04-12,09:52:00,,
BALHAM - DORKING,P26610,911,stop,2026-04-07,09:52:00,,
BALHAM - DORKING,P26611,911,stop,2026-04-11,09:52:00,,
BALHAM - DORKING,P26610,911,stop,2026-04-16,09:52:00,,
BALHAM - DORKING,P26610,911,stop,2026-04-27,09:52:00,,
BALHAM - DORKING,P26611,911,stop,2026-04-04,09:52:00,,
BALHAM - DORKING,P26610,911,stop,2026-04-28,09:52:00,,
BALHAM - DORKING,P26610,911,stop,2026-04-14,09:52:00,,
BALHAM - DORKING,P26610,911,stop,2026-04-15,09:52:00,,
BALHAM - DORKING,P26610,911,stop,2026-04-20,09:52:00,,
BALHAM - DORKING,P26610,911,stop,2026-04-22,09:52:00,,
BALHAM - DORKING,P26610,911,stop,2026-04-08,09:52:00,,
BALHAM - DORKING,X00927,911,stop,2026-04-06,09:52:00,,
BALHAM - DORKING,P26610,911,stop,2026-04-17,09:52:00,,
EARLSFIELD - DORKING,P61007,923,stop,2026-04-10,09:58:00,,
EARLSFIELD - DORKING,P61007,923,stop,2026-04-07,09:58:00,,
WORCESTER PARK - EFFINGHAM JUNCTION,Q54817,935,stop,2026-04-12,09:56:00,,
EFFINGHAM JUNCTION - WORCESTER PARK,Q54780,915,stop,2026-04-12,09:56:00,,
BALHAM - DORKING (5),P26612,910,stop,2026-04-05,09:55:00,,
MITCHAM EASTFIELDS - DORKING (2),P26612,908,stop,2026-04-19,09:53:00,,
BALHAM - DORKING (2),P26612,910,stop,2026-04-26,09:53:00,,
GUILDFORD - EARLSFIELD,L74236,920,stop,2026-04-05,09:53:00,,
BALHAM - DORKING (2),P26612,910,stop,2026-04-12,09:53:00,,
GUILDFORD - EARLSFIELD,L74236,920,stop,2026-04-12,09:53:00,,
GUILDFORD - EARLSFIELD,L74236,920,stop,2026-04-19,09:53:00,,
GUILDFORD - EARLSFIELD,L74236,920,stop,2026-04-26,09:53:00,,
BALHAM - DORKING,P26610,911,stop,2026-04-29,09:52:00,,
BALHAM - DORKING,P26610,911,stop,2026-04-02,09:52:00,,
BALHAM - DORKING,P26611,911,stop,2026-04-25,09:52:00,,
BALHAM - DORKING,P26610,911,stop,2026-04-21,09:52:00,,
EARLSFIELD - DORKING,P61007,923,stop,2026-04-17,09:58:00,,
EARLSFIELD - DORKING,P61007,923,stop,2026-04-08,09:58:00,,
EARLSFIELD - DORKING,P61007,923,stop,2026-04-14,09:58:00,,
EARLSFIELD - DORKING,P61007,923,stop,2026-04-27,09:58:00,,
EARLSFIELD - DORKING,P61007,923,stop,2026-04-16,09:58:00,,
EARLSFIELD - DORKING,Q50937,923,stop,2026-04-06,09:58:00,,
EARLSFIELD - DORKING,P61007,923,stop,2026-04-01,09:58:00,,
EARLSFIELD - DORKING,P61007,923,stop,2026-04-02,09:58:00,,
EARLSFIELD - DORKING,P61007,923,stop,2026-04-23,09:58:00,,
EARLSFIELD - DORKING,P61007,923,stop,2026-04-22,09:58:00,,
EARLSFIELD - DORKING,P61007,923,stop,2026-04-03,09:58:00,,
EARLSFIELD - DORKING,P61007,923,stop,2026-04-13,09:58:00,,
EARLSFIELD - DORKING,P61007,923,stop,2026-04-09,09:58:00,,
EARLSFIELD - DORKING,P61007,923,stop,2026-04-28,09:58:00,,
EARLSFIELD - DORKING,Q38807,923,stop,2026-04-03,09:58:00,,
EARLSFIELD - DORKING,P61007,923,stop,2026-04-24,09:58:00,,
HORSHAM - BALHAM,P26619,914,stop,2026-04-15,10:01:00,,
HORSHAM - BALHAM,P26619,914,stop,2026-04-13,10:01:00,,
HORSHAM - BALHAM,P26619,914,stop,2026-04-22,10:01:00,,
DORKING - BALHAM (4),P26621,942,stop,2026-04-26,10:00:00,,
DORKING - MITCHAM EASTFIELDS,P26621,942,stop,2026-04-19,10:00:00,,
DORKING - BALHAM (4),P26621,942,stop,2026-04-12,10:00:00,,
EARLSFIELD - DORKING,P61008,923,stop,2026-04-04,09:58:00,,
EARLSFIELD - DORKING,P61008,923,stop,2026-04-18,09:58:00,,
EARLSFIELD - DORKING,P61007,923,stop,2026-04-29,09:58:00,,
EARLSFIELD - DORKING,P61007,923,stop,2026-04-06,09:58:00,,
EARLSFIELD - DORKING,P61007,923,stop,2026-04-15,09:58:00,,
EARLSFIELD - DORKING,P61007,923,stop,2026-04-20,09:58:00,,
EARLSFIELD - DORKING,P61008,923,stop,2026-04-11,09:58:00,,
EARLSFIELD - DORKING,P61007,923,stop,2026-04-30,09:58:00,,
EARLSFIELD - DORKING,P61007,923,stop,2026-04-21,09:58:00,,
EARLSFIELD - DORKING,P61008,923,stop,2026-04-25,09:58:00,,
HORSHAM - BALHAM,P26619,914,stop,2026-04-02,10:01:00,,
HORSHAM - BALHAM,P26619,914,stop,2026-04-08,10:01:00,,
HORSHAM - BALHAM,P26619,914,stop,2026-04-23,10:01:00,,
HORSHAM - BALHAM,P26620,914,stop,2026-04-04,10:01:00,,
HORSHAM - BALHAM,P26620,914,stop,2026-04-11,10:01:00,,
HORSHAM - BALHAM,P26619,914,stop,2026-04-28,10:01:00,,
HORSHAM - BALHAM,P26619,914,stop,2026-04-27,10:01:00,,
HORSHAM - BALHAM,P26619,914,stop,2026-04-16,10:01:00,,
HORSHAM - BALHAM,P26619,914,stop,2026-04-20,10:01:00,,
HORSHAM - BALHAM,P26619,914,stop,2026-04-24,10:01:00,,
HORSHAM - BALHAM,P26619,914,stop,2026-04-21,10:01:00,,
HORSHAM - BALHAM,P26620,914,stop,2026-04-25,10:01:00,,
HORSHAM - MITCHAM EASTFIELDS,P26620,920,stop,2026-04-18,10:01:00,,
HORSHAM - BALHAM,P26619,914,stop,2026-04-06,10:01:00,,
HORSHAM - BALHAM,P26619,914,stop,2026-04-10,10:01:00,,
HORSHAM - BALHAM,X00930,914,stop,2026-04-06,10:01:00,,
DORKING - SUTTON (SURREY),X04894,933,stop,2026-04-12,10:09:00,,
EARLSFIELD - GUILDFORD (2),P61590,932,stop,2026-04-26,10:08:00,,
EARLSFIELD - GUILDFORD (2),P61590,932,stop,2026-04-19,10:08:00,,
EARLSFIELD - GUILDFORD (2),P61590,932,stop,2026-04-12,10:08:00,,
EARLSFIELD - GUILDFORD (2),P61590,932,stop,2026-04-05,10:08:00,,
MITCHAM EASTFIELDS - DORKING (2),P26611,920,stop,2026-04-18,10:05:00,,
DORKING - BALHAM (5),P26621,946,stop,2026-04-05,10:03:00,,
HORSHAM - BALHAM,P26619,914,stop,2026-04-30,10:01:00,,
HORSHAM - BALHAM,P26619,914,stop,2026-04-17,10:01:00,,
HORSHAM - BALHAM,P26619,914,stop,2026-04-03,10:01:00,,
HORSHAM - BALHAM,P26619,914,stop,2026-04-01,10:01:00,,
HORSHAM - BALHAM,P26619,914,stop,2026-04-07,10:01:00,,
HORSHAM - BALHAM,P26619,914,stop,2026-04-29,10:01:00,,
HORSHAM - BALHAM,P26619,914,stop,2026-04-14,10:01:00,,
HORSHAM - BALHAM,P26619,914,stop,2026-04-09,10:01:00,,
HORSHAM - BALHAM,X96682,914,stop,2026-04-03,10:01:00,,
EPSOM - NORWOOD JUNCTION,P25208,1015,stop,2026-04-03,10:15:00,,
EPSOM - NORWOOD JUNCTION,P25208,1015,stop,2026-04-21,10:15:00,,
EPSOM - NORWOOD JUNCTION,P25208,1015,stop,2026-04-06,10:15:00,,
EPSOM - NORWOOD JUNCTION,P25208,1015,stop,2026-04-22,10:15:00,,
EPSOM - NORWOOD JUNCTION,P25208,1015,stop,2026-04-17,10:15:00,,
EPSOM - NORWOOD JUNCTION,P25208,1015,stop,2026-04-23,10:15:00,,
EPSOM - NORWOOD JUNCTION,X96598,1015,stop,2026-04-03,10:15:00,,
EPSOM - NORWOOD JUNCTION,X01390,1015,stop,2026-04-06,10:15:00,,
EPSOM - NORWOOD JUNCTION,P25208,1015,stop,2026-04-16,10:15:00,,
EPSOM - NORWOOD JUNCTION,P25208,1015,stop,2026-04-29,10:15:00,,
EPSOM - NORWOOD JUNCTION,P25209,1015,stop,2026-04-11,10:15:00,,
EPSOM - NORWOOD JUNCTION,P25208,1015,stop,2026-04-08,10:15:00,,
EPSOM - NORWOOD JUNCTION,P25209,1015,stop,2026-04-18,10:15:00,,
EPSOM - NORWOOD JUNCTION,P25208,1015,stop,2026-04-13,10:15:00,,
EPSOM - NORWOOD JUNCTION,P25208,1015,stop,2026-04-28,10:15:00,,
EPSOM - NORWOOD JUNCTION,P25209,1015,stop,2026-04-04,10:15:00,,
GUILDFORD - EARLSFIELD,L74240,945,stop,2026-04-06,10:19:00,,
GUILDFORD - EARLSFIELD,Q50842,945,stop,2026-04-06,10:19:00,,
GUILDFORD - EARLSFIELD,L74240,945,stop,2026-04-17,10:19:00,,
GUILDFORD - EARLSFIELD,L74240,945,stop,2026-04-16,10:19:00,,
EPSOM - NORWOOD JUNCTION,P25208,1015,stop,2026-04-30,10:15:00,,
EPSOM - NORWOOD JUNCTION,P25208,1015,stop,2026-04-15,10:15:00,,
EPSOM - NORWOOD JUNCTION,P25208,1015,stop,2026-04-02,10:15:00,,
EPSOM - NORWOOD JUNCTION,P25209,1015,stop,2026-04-25,10:15:00,,
EPSOM - NORWOOD JUNCTION,P25208,1015,stop,2026-04-24,10:15:00,,
EPSOM - NORWOOD JUNCTION,P25208,1015,stop,2026-04-20,10:15:00,,
EPSOM - NORWOOD JUNCTION,P25208,1015,stop,2026-04-14,10:15:00,,
EPSOM - NORWOOD JUNCTION,P25208,1015,stop,2026-04-07,10:15:00,,
EPSOM - NORWOOD JUNCTION,P25208,1015,stop,2026-04-09,10:15:00,,
EPSOM - NORWOOD JUNCTION,P25208,1015,stop,2026-04-10,10:15:00,,
EPSOM - NORWOOD JUNCTION,P25208,1015,stop,2026-04-01,10:15:00,,
EPSOM - NORWOOD JUNCTION,P25208,1015,stop,2026-04-27,10:15:00,,
GUILDFORD - EARLSFIELD,L74240,945,stop,2026-04-03,10:19:00,,
GUILDFORD - EARLSFIELD,L74240,945,stop,2026-04-28,10:19:00,,
GUILDFORD - EARLSFIELD,L74240,945,stop,2026-04-24,10:19:00,,
GUILDFORD - EARLSFIELD,L74241,945,stop,2026-04-11,10:19:00,,
GUILDFORD - EARLSFIELD,L74241,945,stop,2026-04-18,10:19:00,,
GUILDFORD - EARLSFIELD,L74240,945,stop,2026-04-01,10:19:00,,
GUILDFORD - EARLSFIELD,L74240,945,stop,2026-04-08,10:19:00,,
GUILDFORD - EARLSFIELD,L74240,945,stop,2026-04-22,10:19:00,,
GUILDFORD - EARLSFIELD,L74240,945,stop,2026-04-10,10:19:00,,
GUILDFORD - EARLSFIELD,L74240,945,stop,2026-04-29,10:19:00,,
GUILDFORD - EARLSFIELD,L74240,945,stop,2026-04-13,10:19:00,,
GUILDFORD - EARLSFIELD,L74240,945,stop,2026-04-23,10:19:00,,
GUILDFORD - EARLSFIELD,L74240,945,stop,2026-04-09,10:19:00,,
GUILDFORD - EARLSFIELD,L74240,945,stop,2026-04-15,10:19:00,,
GUILDFORD - EARLSFIELD,L74240,945,stop,2026-04-30,10:19:00,,
GUILDFORD - EARLSFIELD,L74241,945,stop,2026-04-25,10:19:00,,
DORKING - EARLSFIELD,P61018,1007,stop,2026-04-05,10:23:00,,
DORKING - EARLSFIELD,P61018,1007,stop,2026-04-19,10:23:00,,
BALHAM - DORKING (4),P26618,940,stop,2026-04-05,10:23:00,,
DORKING - EARLSFIELD,P61018,1007,stop,2026-04-26,10:23:00,,
SUTTON (SURREY) - DORKING,X04931,955,stop,2026-04-12,10:22:00,,
MITCHAM EASTFIELDS - DORKING (3),P26618,938,stop,2026-04-19,10:21:00,,
BALHAM - DORKING (8),P26618,940,stop,2026-04-12,10:21:00,,
BALHAM - DORKING (8),P26618,940,stop,2026-04-26,10:21:00,,
GUILDFORD - EARLSFIELD,L74240,945,stop,2026-04-27,10:19:00,,
GUILDFORD - EARLSFIELD,L74240,945,stop,2026-04-14,10:19:00,,
GUILDFORD - EARLSFIELD,L74240,945,stop,2026-04-20,10:19:00,,
GUILDFORD - EARLSFIELD,L74240,945,stop,2026-04-07,10:19:00,,
GUILDFORD - EARLSFIELD,L74240,945,stop,2026-04-21,10:19:00,,
GUILDFORD - EARLSFIELD,L74241,945,stop,2026-04-04,10:19:00,,
GUILDFORD - EARLSFIELD,L74240,945,stop,2026-04-02,10:19:00,,
GUILDFORD - EARLSFIELD,Q88881,945,stop,2026-04-03,10:19:00,,
BALHAM - HORSHAM,P26616,941,stop,2026-04-07,10:24:00,,
BALHAM - HORSHAM,P26617,941,stop,2026-04-25,10:24:00,,
BALHAM - HORSHAM,X96646,941,stop,2026-04-03,10:24:00,,
BALHAM - HORSHAM,P26616,941,stop,2026-04-09,10:24:00,,
BALHAM - HORSHAM,P26616,941,stop,2026-04-24,10:24:00,,
BALHAM - HORSHAM,P26616,941,stop,2026-04-01,10:24:00,,
BALHAM - HORSHAM,P26616,941,stop,2026-04-28,10:24:00,,
BALHAM - HORSHAM,P26616,941,stop,2026-04-20,10:24:00,,
BALHAM - HORSHAM,P26616,941,stop,2026-04-13,10:24:00,,
BALHAM - HORSHAM,P26616,941,stop,2026-04-21,10:24:00,,
BALHAM - HORSHAM,P26616,941,stop,2026-04-08,10:24:00,,
BALHAM - HORSHAM,P26616,941,stop,2026-04-15,10:24:00,,
BALHAM - HORSHAM,P26616,941,stop,2026-04-27,10:24:00,,
BALHAM - HORSHAM,P26616,941,stop,2026-04-30,10:24:00,,
BALHAM - HORSHAM,P26616,941,stop,2026-04-23,10:24:00,,
DORKING - EARLSFIELD,P61018,1007,stop,2026-04-12,10:23:00,,
EARLSFIELD - GUILDFORD (2),P61588,953,stop,2026-04-28,10:28:00,,
EARLSFIELD - GUILDFORD (2),P61588,953,stop,2026-04-22,10:28:00,,
WORCESTER PARK - DORKING,Q54904,1005,stop,2026-04-12,10:26:00,,
DORKING - WORCESTER PARK,Q54850,950,stop,2026-04-12,10:26:00,,
BALHAM - HORSHAM,P26617,941,stop,2026-04-11,10:24:00,,
BALHAM - HORSHAM,P26616,941,stop,2026-04-17,10:24:00,,
BALHAM - HORSHAM,P26617,941,stop,2026-04-04,10:24:00,,
BALHAM - HORSHAM,P26616,941,stop,2026-04-16,10:24:00,,
BALHAM - HORSHAM,P26616,941,stop,2026-04-29,10:24:00,,
BALHAM - HORSHAM,P26616,941,stop,2026-04-03,10:24:00,,
BALHAM - HORSHAM,P26616,941,stop,2026-04-22,10:24:00,,
BALHAM - HORSHAM,P26616,941,stop,2026-04-10,10:24:00,,
BALHAM - HORSHAM,P26616,941,stop,2026-04-06,10:24:00,,
BALHAM - HORSHAM,X00929,941,stop,2026-04-06,10:24:00,,
BALHAM - HORSHAM,P26616,941,stop,2026-04-02,10:24:00,,
BALHAM - HORSHAM,P26616,941,stop,2026-04-14,10:24:00,,
EARLSFIELD - GUILDFORD (2),P61588,953,stop,2026-04-17,10:28:00,,
EARLSFIELD - GUILDFORD (2),P61588,953,stop,2026-04-27,10:28:00,,
EARLSFIELD - GUILDFORD (2),P61588,953,stop,2026-04-23,10:28:00,,
EARLSFIELD - GUILDFORD (2),P61589,953,stop,2026-04-25,10:28:00,,
EARLSFIELD - GUILDFORD (2),P61588,953,stop,2026-04-13,10:28:00,,
EARLSFIELD - GUILDFORD (2),P61588,953,stop,2026-04-30,10:28:00,,
EARLSFIELD - GUILDFORD (2),P61588,953,stop,2026-04-09,10:28:00,,
EARLSFIELD - GUILDFORD (2),P61588,953,stop,2026-04-16,10:28:00,,
EARLSFIELD - GUILDFORD (2),P61588,953,stop,2026-04-21,10:28:00,,
EARLSFIELD - GUILDFORD (2),P61588,953,stop,2026-04-29,10:28:00,,
EARLSFIELD - GUILDFORD (2),P61588,953,stop,2026-04-07,10:28:00,,
EARLSFIELD - GUILDFORD (2),P61588,953,stop,2026-04-02,10:28:00,,
EARLSFIELD - GUILDFORD (2),P61588,953,stop,2026-04-08,10:28:00,,
EARLSFIELD - GUILDFORD (2),P61588,953,stop,2026-04-15,10:28:00,,
EARLSFIELD - GUILDFORD (2),P61588,953,stop,2026-04-20,10:28:00,,
EARLSFIELD - GUILDFORD (2),P61588,953,stop,2026-04-14,10:28:00,,
DORKING - BALHAM (3),P26625,1017,stop,2026-04-15,10:33:00,,
DORKING - BALHAM (3),P26625,1017,stop,2026-04-01,10:33:00,,
DORKING - MITCHAM EASTFIELDS (2),P26626,1017,stop,2026-04-18,10:32:00,,
DORKING - MITCHAM EASTFIELDS,P26627,1012,stop,2026-04-19,10:30:00,,
DORKING - BALHAM (4),P26627,1012,stop,2026-04-26,10:30:00,,
DORKING - BALHAM (4),P26627,1012,stop,2026-04-12,10:30:00,,
EARLSFIELD - GUILDFORD (2),P61588,953,stop,2026-04-24,10:28:00,,
EARLSFIELD - GUILDFORD (2),P61589,953,stop,2026-04-04,10:28:00,,
EARLSFIELD - GUILDFORD (2),Q50824,953,stop,2026-04-06,10:28:00,,
EARLSFIELD - GUILDFORD (2),P61588,953,stop,2026-04-06,10:28:00,,
EARLSFIELD - GUILDFORD (2),P61588,953,stop,2026-04-10,10:28:00,,
EARLSFIELD - GUILDFORD (2),P61589,953,stop,2026-04-11,10:28:00,,
EARLSFIELD - GUILDFORD (2),P61588,953,stop,2026-04-03,10:28:00,,
EARLSFIELD - GUILDFORD (2),Q38783,953,stop,2026-04-03,10:28:00,,
EARLSFIELD - GUILDFORD (2),P61588,953,stop,2026-04-01,10:28:00,,
EARLSFIELD - GUILDFORD (2),P61589,953,stop,2026-04-18,10:28:00,,
DORKING - BALHAM (3),P26625,1017,stop,2026-04-16,10:33:00,,
DORKING - BALHAM (3),P26625,1017,stop,2026-04-06,10:33:00,,
DORKING - BALHAM (3),P26625,1017,stop,2026-04-13,10:33:00,,
DORKING - BALHAM (3),P26625,1017,stop,2026-04-23,10:33:00,,
DORKING - BALHAM (3),P26625,1017,stop,2026-04-10,10:33:00,,
DORKING - BALHAM (3),P26626,1017,stop,2026-04-11,10:33:00,,
DORKING - BALHAM (3),P26625,1017,stop,2026-04-28,10:33:00,,
DORKING - BALHAM (3),P26625,1017,stop,2026-04-09,10:33:00,,
DORKING - BALHAM (3),P26625,1017,stop,2026-04-17,10:33:00,,
DORKING - BALHAM (3),P26625,1017,stop,2026-04-27,10:33:00,,
DORKING - BALHAM (3),P26626,1017,stop,2026-04-04,10:33:00,,
DORKING - BALHAM (3),X96595,1017,stop,2026-04-03,10:33:00,,
DORKING - BALHAM (3),P26625,1017,stop,2026-04-03,10:33:00,,
DORKING - BALHAM (3),P26625,1017,stop,2026-04-08,10:33:00,,
DORKING - BALHAM (3),P26626,1017,stop,2026-04-25,10:33:00,,
DORKING - BALHAM (3),P26625,1017,stop,2026-04-29,10:33:00,,
EARLSFIELD - DORKING,P61015,1002,stop,2026-04-19,10:39:00,,
EARLSFIELD - DORKING,P61015,1002,stop,2026-04-12,10:39:00,,
EARLSFIELD - DORKING,P61015,1002,stop,2026-04-05,10:39:00,,
EARLSFIELD - DORKING,P61015,1002,stop,2026-04-26,10:39:00,,
DORKING - SUTTON (SURREY),X04893,1003,stop,2026-04-12,10:39:00,,
DORKING - BALHAM (3),P26625,1017,stop,2026-04-07,10:33:00,,
DORKING - BALHAM (3),P26625,1017,stop,2026-04-24,10:33:00,,
DORKING - BALHAM (3),P26625,1017,stop,2026-04-20,10:33:00,,
DORKING - BALHAM (3),X00932,1017,stop,2026-04-06,10:33:00,,
MITCHAM EASTFIELDS - HORSHAM (2),P26617,950,stop,2026-04-18,10:33:00,,
DORKING - BALHAM (3),P26625,1017,stop,2026-04-14,10:33:00,,
DORKING - BALHAM (3),P26625,1017,stop,2026-04-21,10:33:00,,
DORKING - BALHAM (5),P26627,1016,stop,2026-04-05,10:33:00,,
DORKING - BALHAM (3),P26625,1017,stop,2026-04-02,10:33:00,,
DORKING - BALHAM (3),P26625,1017,stop,2026-04-22,10:33:00,,
DORKING - BALHAM (3),P26625,1017,stop,2026-04-30,10:33:00,,
EPSOM - NORWOOD JUNCTION,P25212,1045,stop,2026-04-01,10:45:00,,
EPSOM - NORWOOD JUNCTION,P25212,1045,stop,2026-04-13,10:45:00,,
EPSOM - NORWOOD JUNCTION,P25212,1045,stop,2026-04-28,10:45:00,,
EPSOM - NORWOOD JUNCTION,P25212,1045,stop,2026-04-20,10:45:00,,
EPSOM - NORWOOD JUNCTION,P25212,1045,stop,2026-04-27,10:45:00,,
EPSOM - NORWOOD JUNCTION,P25212,1045,stop,2026-04-24,10:45:00,,
EPSOM - NORWOOD JUNCTION,X96558,1045,stop,2026-04-03,10:45:00,,
EPSOM - NORWOOD JUNCTION,P25212,1045,stop,2026-04-21,10:45:00,,
EPSOM - NORWOOD JUNCTION,P25212,1045,stop,2026-04-17,10:45:00,,
EPSOM - NORWOOD JUNCTION,P25213,1045,stop,2026-04-18,10:45:00,,
EPSOM - NORWOOD JUNCTION,P25212,1045,stop,2026-04-06,10:45:00,,
EPSOM - NORWOOD JUNCTION,X01392,1045,stop,2026-04-06,10:45:00,,
EPSOM - NORWOOD JUNCTION,P25213,1045,stop,2026-04-04,10:45:00,,
EPSOM - NORWOOD JUNCTION,P25212,1045,stop,2026-04-22,10:45:00,,
EPSOM - NORWOOD JUNCTION,P25212,1045,stop,2026-04-10,10:45:00,,
EPSOM - NORWOOD JUNCTION,P25212,1045,stop,2026-04-09,10:45:00,,
DORKING - EARLSFIELD,P61022,1032,stop,2026-04-09,10:49:00,,
DORKING - EARLSFIELD,P61022,1032,stop,2026-04-15,10:49:00,,
DORKING - EARLSFIELD,P61022,1032,stop,2026-04-16,10:49:00,,
DORKING - EARLSFIELD,P61022,1032,stop,2026-04-13,10:49:00,,
EPSOM - NORWOOD JUNCTION,P25212,1045,stop,2026-04-02,10:45:00,,
EPSOM - NORWOOD JUNCTION,P25212,1045,stop,2026-04-29,10:45:00,,
EPSOM - NORWOOD JUNCTION,P25212,1045,stop,2026-04-03,10:45:00,,
EPSOM - NORWOOD JUNCTION,P25212,1045,stop,2026-04-30,10:45:00,,
EPSOM - NORWOOD JUNCTION,P25212,1045,stop,2026-04-07,10:45:00,,
EPSOM - NORWOOD JUNCTION,P25212,1045,stop,2026-04-15,10:45:00,,
EPSOM - NORWOOD JUNCTION,P25213,1045,stop,2026-04-25,10:45:00,,
EPSOM - NORWOOD JUNCTION,P25213,1045,stop,2026-04-11,10:45:00,,
EPSOM - NORWOOD JUNCTION,P25212,1045,stop,2026-04-16,10:45:00,,
EPSOM - NORWOOD JUNCTION,P25212,1045,stop,2026-04-08,10:45:00,,
EPSOM - NORWOOD JUNCTION,P25212,1045,stop,2026-04-14,10:45:00,,
EPSOM - NORWOOD JUNCTION,P25212,1045,stop,2026-04-23,10:45:00,,
DORKING - EARLSFIELD,P61022,1032,stop,2026-04-28,10:49:00,,
DORKING - EARLSFIELD,P61022,1032,stop,2026-04-08,10:49:00,,
DORKING - EARLSFIELD,P61022,1032,stop,2026-04-22,10:49:00,,
DORKING - EARLSFIELD,P61022,1032,stop,2026-04-10,10:49:00,,
DORKING - EARLSFIELD,P61022,1032,stop,2026-04-02,10:49:00,,
DORKING - EARLSFIELD,P61022,1032,stop,2026-04-14,10:49:00,,
DORKING - EARLSFIELD,P61022,1032,stop,2026-04-07,10:49:00,,
DORKING - EARLSFIELD,P61022,1032,stop,2026-04-20,10:49:00,,
DORKING - EARLSFIELD,P61022,1032,stop,2026-04-29,10:49:00,,
DORKING - EARLSFIELD,P61022,1032,stop,2026-04-17,10:49:00,,
DORKING - EARLSFIELD,P61022,1032,stop,2026-04-06,10:49:00,,
DORKING - EARLSFIELD,P61023,1032,stop,2026-04-11,10:49:00,,
DORKING - EARLSFIELD,Q38754,1032,stop,2026-04-03,10:49:00,,
DORKING - EARLSFIELD,P61022,1032,stop,2026-04-23,10:49:00,,
DORKING - EARLSFIELD,P61022,1032,stop,2026-04-30,10:49:00,,
DORKING - EARLSFIELD,P61023,1032,stop,2026-04-25,10:49:00,,
BALHAM - DORKING,P26622,1011,stop,2026-04-27,10:52:00,,
BALHAM - DORKING,P26622,1011,stop,2026-04-01,10:52:00,,
BALHAM - DORKING,X96606,1011,stop,2026-04-03,10:52:00,,
BALHAM - DORKING,P26622,1011,stop,2026-04-03,10:52:00,,
BALHAM - DORKING,P26622,1011,stop,2026-04-17,10:52:00,,
BALHAM - DORKING,P26622,1011,stop,2026-04-02,10:52:00,,
BALHAM - DORKING,P26622,1011,stop,2026-04-16,10:52:00,,
BALHAM - DORKING,P26622,1011,stop,2026-04-22,10:52:00,,
DORKING - EARLSFIELD,P61022,1032,stop,2026-04-03,10:49:00,,
DORKING - EARLSFIELD,Q50746,1032,stop,2026-04-06,10:49:00,,
DORKING - EARLSFIELD,P61022,1032,stop,2026-04-21,10:49:00,,
DORKING - EARLSFIELD,P61022,1032,stop,2026-04-27,10:49:00,,
DORKING - EARLSFIELD,P61022,1032,stop,2026-04-01,10:49:00,,
DORKING - EARLSFIELD,P61023,1032,stop,2026-04-18,10:49:00,,
DORKING - EARLSFIELD,P61023,1032,stop,2026-04-04,10:49:00,,
DORKING - EARLSFIELD,P61022,1032,stop,2026-04-24,10:49:00,,
BALHAM - DORKING,P26622,1011,stop,2026-04-15,10:52:00,,
BALHAM - DORKING,P26622,1011,stop,2026-04-07,10:52:00,,
BALHAM - DORKING,X00931,1011,stop,2026-04-06,10:52:00,,
BALHAM - DORKING,P26622,1011,stop,2026-04-29,10:52:00,,
BALHAM - DORKING,P26622,1011,stop,2026-04-10,10:52:00,,
BALHAM - DORKING,P26622,1011,stop,2026-04-23,10:52:00,,
BALHAM - DORKING,P26623,1011,stop,2026-04-04,10:52:00,,
BALHAM - DORKING,P26622,1011,stop,2026-04-06,10:52:00,,
BALHAM - DORKING,P26622,1011,stop,2026-04-09,10:52:00,,
BALHAM - DORKING,P26622,1011,stop,2026-04-14,10:52:00,,
BALHAM - DORKING,P26622,1011,stop,2026-04-21,10:52:00,,
BALHAM - DORKING,P26622,1011,stop,2026-04-13,10:52:00,,
BALHAM - DORKING,P26623,1011,stop,2026-04-11,10:52:00,,
BALHAM - DORKING,P26622,1011,stop,2026-04-20,10:52:00,,
BALHAM - DORKING,P26622,1011,stop,2026-04-08,10:52:00,,
BALHAM - DORKING,P26622,1011,stop,2026-04-30,10:52:00,,
EARLSFIELD - DORKING,P61013,1023,stop,2026-04-15,10:58:00,,
EARLSFIELD - DORKING,P61014,1023,stop,2026-04-11,10:58:00,,
WORCESTER PARK - EFFINGHAM JUNCTION,Q54814,1035,stop,2026-04-12,10:56:00,,
EFFINGHAM JUNCTION - WORCESTER PARK,Q54777,1015,stop,2026-04-12,10:56:00,,
BALHAM - DORKING (5),P26624,1010,stop,2026-04-05,10:55:00,,
MITCHAM EASTFIELDS - DORKING (2),P26624,1008,stop,2026-04-19,10:53:00,,
GUILDFORD - EARLSFIELD,L74242,1020,stop,2026-04-19,10:53:00,,
BALHAM - DORKING (2),P26624,1010,stop,2026-04-26,10:53:00,,
GUILDFORD - EARLSFIELD,L74242,1020,stop,2026-04-26,10:53:00,,
GUILDFORD - EARLSFIELD,L74242,1020,stop,2026-04-05,10:53:00,,
BALHAM - DORKING (2),P26624,1010,stop,2026-04-12,10:53:00,,
GUILDFORD - EARLSFIELD,L74242,1020,stop,2026-04-12,10:53:00,,
BALHAM - DORKING,P26622,1011,stop,2026-04-28,10:52:00,,
BALHAM - DORKING,P26622,1011,stop,2026-04-24,10:52:00,,
BALHAM - DORKING,P26623,1011,stop,2026-04-25,10:52:00,,
SUTTON (SURREY) - DORKING,X04930,1025,stop,2026-04-12,10:52:00,,
EARLSFIELD - DORKING,P61013,1023,stop,2026-04-17,10:58:00,,
EARLSFIELD - DORKING,P61013,1023,stop,2026-04-30,10:58:00,,
EARLSFIELD - DORKING,P61013,1023,stop,2026-04-23,10:58:00,,
EARLSFIELD - DORKING,P61013,1023,stop,2026-04-13,10:58:00,,
EARLSFIELD - DORKING,P61013,1023,stop,2026-04-27,10:58:00,,
EARLSFIELD - DORKING,P61013,1023,stop,2026-04-09,10:58:00,,
EARLSFIELD - DORKING,P61013,1023,stop,2026-04-20,10:58:00,,
EARLSFIELD - DORKING,Q38763,1023,stop,2026-04-03,10:58:00,,
EARLSFIELD - DORKING,P61013,1023,stop,2026-04-21,10:58:00,,
EARLSFIELD - DORKING,P61013,1023,stop,2026-04-28,10:58:00,,
EARLSFIELD - DORKING,P61013,1023,stop,2026-04-07,10:58:00,,
EARLSFIELD - DORKING,P61014,1023,stop,2026-04-18,10:58:00,,
EARLSFIELD - DORKING,P61013,1023,stop,2026-04-03,10:58:00,,
EARLSFIELD - DORKING,P61014,1023,stop,2026-04-04,10:58:00,,
EARLSFIELD - DORKING,P61013,1023,stop,2026-04-24,10:58:00,,
EARLSFIELD - DORKING,P61013,1023,stop,2026-04-16,10:58:00,,
HORSHAM - BALHAM,P26632,1014,stop,2026-04-11,11:01:00,,
HORSHAM - BALHAM,P26632,1014,stop,2026-04-25,11:01:00,,
HORSHAM - BALHAM,P26631,1014,stop,2026-04-30,11:01:00,,
DORKING - BALHAM (4),P26633,1042,stop,2026-04-12,11:00:00,,
DORKING - BALHAM (4),P26633,1042,stop,2026-04-26,11:00:00,,
DORKING - MITCHAM EASTFIELDS,P26633,1043,stop,2026-04-19,11:00:00,,
EARLSFIELD - DORKING,P61013,1023,stop,2026-04-10,10:58:00,,
EARLSFIELD - DORKING,P61013,1023,stop,2026-04-01,10:58:00,,
EARLSFIELD - DORKING,P61013,1023,stop,2026-04-02,10:58:00,,
EARLSFIELD - DORKING,P61013,1023,stop,2026-04-14,10:58:00,,
EARLSFIELD - DORKING,P61013,1023,stop,2026-04-06,10:58:00,,
EARLSFIELD - DORKING,P61013,1023,stop,2026-04-22,10:58:00,,
EARLSFIELD - DORKING,Q50768,1023,stop,2026-04-06,10:58:00,,
EARLSFIELD - DORKING,P61013,1023,stop,2026-04-29,10:58:00,,
EARLSFIELD - DORKING,P61013,1023,stop,2026-04-08,10:58:00,,
EARLSFIELD - DORKING,P61014,1023,stop,2026-04-25,10:58:00,,
HORSHAM - BALHAM,P26631,1014,stop,2026-04-29,11:01:00,,
HORSHAM - BALHAM,P26631,1014,stop,2026-04-24,11:01:00,,
HORSHAM - BALHAM,P26631,1014,stop,2026-04-03,11:01:00,,
HORSHAM - BALHAM,P26631,1014,stop,2026-04-14,11:01:00,,
HORSHAM - BALHAM,P26632,1014,stop,2026-04-04,11:01:00,,
HORSHAM - BALHAM,P26631,1014,stop,2026-04-23,11:01:00,,
HORSHAM - BALHAM,P26631,1014,stop,2026-04-27,11:01:00,,
HORSHAM - BALHAM,P26631,1014,stop,2026-04-21,11:01:00,,
HORSHAM - BALHAM,P26631,1014,stop,2026-04-28,11:01:00,,
HORSHAM - BALHAM,P26631,1014,stop,2026-04-20,11:01:00,,
HORSHAM - BALHAM,P26631,1014,stop,2026-04-02,11:01:00,,
HORSHAM - BALHAM,P26631,1014,stop,2026-04-09,11:01:00,,
HORSHAM - BALHAM,P26631,1014,stop,2026-04-07,11:01:00,,
HORSHAM - BALHAM,P26631,1014,stop,2026-04-08,11:01:00,,
HORSHAM - BALHAM,P26631,1014,stop,2026-04-10,11:01:00,,
HORSHAM - BALHAM,P26631,1014,stop,2026-04-17,11:01:00,,
DORKING - SUTTON (SURREY),X04892,1033,stop,2026-04-12,11:09:00,,
EARLSFIELD - GUILDFORD (2),P61593,1032,stop,2026-04-19,11:08:00,,
EARLSFIELD - GUILDFORD (2),P61593,1032,stop,2026-04-12,11:08:00,,
EARLSFIELD - GUILDFORD (2),P61593,1032,stop,2026-04-05,11:08:00,,
EARLSFIELD - GUILDFORD (2),P61593,1032,stop,2026-04-26,11:07:00,,
MITCHAM EASTFIELDS - DORKING (2),P26623,1020,stop,2026-04-18,11:05:00,,
DORKING - BALHAM (5),P26633,1046,stop,2026-04-05,11:03:00,,
HORSHAM - BALHAM,P26631,1014,stop,2026-04-01,11:01:00,,
HORSHAM - BALHAM,P26631,1014,stop,2026-04-16,11:01:00,,
HORSHAM - BALHAM,P26631,1014,stop,2026-04-15,11:01:00,,
HORSHAM - BALHAM,P26631,1014,stop,2026-04-13,11:01:00,,
HORSHAM - BALHAM,X00934,1014,stop,2026-04-06,11:01:00,,
HORSHAM - BALHAM,P26631,1014,stop,2026-04-06,11:01:00,,
HORSHAM - BALHAM,P26631,1014,stop,2026-04-22,11:01:00,,
HORSHAM - MITCHAM EASTFIELDS,P26632,1020,stop,2026-04-18,11:01:00,,
HORSHAM - BALHAM,X96600,1014,stop,2026-04-03,11:01:00,,
EPSOM - NORWOOD JUNCTION,P25216,1115,stop,2026-04-22,11:15:00,,
EPSOM - NORWOOD JUNCTION,P25216,1115,stop,2026-04-03,11:15:00,,
EPSOM - NORWOOD JUNCTION,P25216,1115,stop,2026-04-08,11:15:00,,
EPSOM - NORWOOD JUNCTION,P25217,1115,stop,2026-04-11,11:15:00,,
EPSOM - NORWOOD JUNCTION,X96517,1115,stop,2026-04-03,11:15:00,,
EPSOM - NORWOOD JUNCTION,P25216,1115,stop,2026-04-07,11:15:00,,
EPSOM - NORWOOD JUNCTION,P25216,1115,stop,2026-04-15,11:15:00,,
EPSOM - NORWOOD JUNCTION,P25216,1115,stop,2026-04-14,11:15:00,,
EPSOM - NORWOOD JUNCTION,P25216,1115,stop,2026-04-24,11:15:00,,
EPSOM - NORWOOD JUNCTION,P25216,1115,stop,2026-04-17,11:15:00,,
EPSOM - NORWOOD JUNCTION,P25216,1115,stop,2026-04-01,11:15:00,,
EPSOM - NORWOOD JUNCTION,P25216,1115,stop,2026-04-21,11:15:00,,
EPSOM - NORWOOD JUNCTION,P25216,1115,stop,2026-04-27,11:15:00,,
EPSOM - NORWOOD JUNCTION,P25216,1115,stop,2026-04-28,11:15:00,,
EPSOM - NORWOOD JUNCTION,P25217,1115,stop,2026-04-18,11:15:00,,
EPSOM - NORWOOD JUNCTION,P25216,1115,stop,2026-04-20,11:15:00,,
GUILDFORD - EARLSFIELD,L74246,1045,stop,2026-04-13,11:19:00,,
GUILDFORD - EARLSFIELD,L74246,1045,stop,2026-04-21,11:19:00,,
GUILDFORD - EARLSFIELD,L74246,1045,stop,2026-04-22,11:19:00,,
GUILDFORD - EARLSFIELD,L74246,1045,stop,2026-04-01,11:19:00,,
EPSOM - NORWOOD JUNCTION,P25216,1115,stop,2026-04-09,11:15:00,,
EPSOM - NORWOOD JUNCTION,P25216,1115,stop,2026-04-02,11:15:00,,
EPSOM - NORWOOD JUNCTION,P25217,1115,stop,2026-04-25,11:15:00,,
EPSOM - NORWOOD JUNCTION,P25216,1115,stop,2026-04-06,11:15:00,,
EPSOM - NORWOOD JUNCTION,X01394,1115,stop,2026-04-06,11:15:00,,
EPSOM - NORWOOD JUNCTION,P25217,1115,stop,2026-04-04,11:15:00,,
EPSOM - NORWOOD JUNCTION,P25216,1115,stop,2026-04-10,11:15:00,,
EPSOM - NORWOOD JUNCTION,P25216,1115,stop,2026-04-29,11:15:00,,
EPSOM - NORWOOD JUNCTION,P25216,1115,stop,2026-04-23,11:15:00,,
EPSOM - NORWOOD JUNCTION,P25216,1115,stop,2026-04-13,11:15:00,,
EPSOM - NORWOOD JUNCTION,P25216,1115,stop,2026-04-16,11:15:00,,
EPSOM - NORWOOD JUNCTION,P25216,1115,stop,2026-04-30,11:15:00,,
GUILDFORD - EARLSFIELD,L74246,1045,stop,2026-04-24,11:19:00,,
GUILDFORD - EARLSFIELD,L74247,1045,stop,2026-04-11,11:19:00,,
GUILDFORD - EARLSFIELD,Q50718,1045,stop,2026-04-06,11:19:00,,
GUILDFORD - EARLSFIELD,L74247,1045,stop,2026-04-18,11:19:00,,
GUILDFORD - EARLSFIELD,L74246,1045,stop,2026-04-17,11:19:00,,
GUILDFORD - EARLSFIELD,L74246,1045,stop,2026-04-15,11:19:00,,
GUILDFORD - EARLSFIELD,L74247,1045,stop,2026-04-04,11:19:00,,
GUILDFORD - EARLSFIELD,Q38744,1045,stop,2026-04-03,11:19:00,,
GUILDFORD - EARLSFIELD,L74246,1045,stop,2026-04-08,11:19:00,,
GUILDFORD - EARLSFIELD,L74246,1045,stop,2026-04-06,11:19:00,,
GUILDFORD - EARLSFIELD,L74246,1045,stop,2026-04-03,11:19:00,,
GUILDFORD - EARLSFIELD,L74247,1045,stop,2026-04-25,11:19:00,,
GUILDFORD - EARLSFIELD,L74246,1045,stop,2026-04-16,11:19:00,,
GUILDFORD - EARLSFIELD,L74246,1045,stop,2026-04-29,11:19:00,,
GUILDFORD - EARLSFIELD,L74246,1045,stop,2026-04-23,11:19:00,,
GUILDFORD - EARLSFIELD,L74246,1045,stop,2026-04-28,11:19:00,,
DORKING - EARLSFIELD,P61024,1107,stop,2026-04-05,11:23:00,,
DORKING - EARLSFIELD,P61024,1107,stop,2026-04-26,11:23:00,,
DORKING - EARLSFIELD,P61024,1107,stop,2026-04-19,11:23:00,,
DORKING - EARLSFIELD,P61024,1107,stop,2026-04-12,11:23:00,,
SUTTON (SURREY) - DORKING,X04929,1055,stop,2026-04-12,11:22:00,,
BALHAM - DORKING (3),P26630,1038,stop,2026-04-12,11:21:00,,
MITCHAM EASTFIELDS - DORKING,P26630,1038,stop,2026-04-19,11:21:00,,
BALHAM - DORKING (3),P26630,1038,stop,2026-04-26,11:21:00,,
GUILDFORD - EARLSFIELD,L74246,1045,stop,2026-04-20,11:19:00,,
GUILDFORD - EARLSFIELD,L74246,1045,stop,2026-04-10,11:19:00,,
GUILDFORD - EARLSFIELD,L74246,1045,stop,2026-04-07,11:19:00,,
GUILDFORD - EARLSFIELD,L74246,1045,stop,2026-04-27,11:19:00,,
GUILDFORD - EARLSFIELD,L74246,1045,stop,2026-04-30,11:19:00,,
GUILDFORD - EARLSFIELD,L74246,1045,stop,2026-04-02,11:19:00,,
GUILDFORD - EARLSFIELD,L74246,1045,stop,2026-04-09,11:19:00,,
GUILDFORD - EARLSFIELD,L74246,1045,stop,2026-04-14,11:19:00,,
BALHAM - HORSHAM,X96565,1041,stop,2026-04-03,11:24:00,,
BALHAM - HORSHAM,X00933,1041,stop,2026-04-06,11:24:00,,
BALHAM - HORSHAM,P26628,1041,stop,2026-04-01,11:24:00,,
BALHAM - HORSHAM,P26628,1041,stop,2026-04-06,11:24:00,,
BALHAM - HORSHAM,P26628,1041,stop,2026-04-24,11:24:00,,
BALHAM - HORSHAM,P26628,1041,stop,2026-04-07,11:24:00,,
BALHAM - HORSHAM,P26629,1041,stop,2026-04-11,11:24:00,,
BALHAM - HORSHAM,P26628,1041,stop,2026-04-08,11:24:00,,
BALHAM - HORSHAM,P26628,1041,stop,2026-04-30,11:24:00,,
BALHAM - HORSHAM,P26628,1041,stop,2026-04-09,11:24:00,,
BALHAM - HORSHAM,P26628,1041,stop,2026-04-20,11:24:00,,
BALHAM - HORSHAM,P26628,1041,stop,2026-04-13,11:24:00,,
BALHAM - HORSHAM,P26628,1041,stop,2026-04-27,11:24:00,,
BALHAM - HORSHAM,P26628,1041,stop,2026-04-21,11:24:00,,
BALHAM - HORSHAM,P26628,1041,stop,2026-04-10,11:24:00,,
BALHAM - HORSHAM,P26629,1041,stop,2026-04-25,11:24:00,,
EARLSFIELD - GUILDFORD (2),P61592,1053,stop,2026-04-25,11:28:00,,
EARLSFIELD - GUILDFORD (2),P61591,1053,stop,2026-04-20,11:28:00,,
DORKING - WORCESTER PARK,Q54848,1050,stop,2026-04-12,11:26:00,,
WORCESTER PARK - DORKING,Q54898,1105,stop,2026-04-12,11:26:00,,
BALHAM - DORKING (6),P26630,1038,stop,2026-04-05,11:25:00,,
BALHAM - HORSHAM,P26628,1041,stop,2026-04-28,11:24:00,,
BALHAM - HORSHAM,P26628,1041,stop,2026-04-03,11:24:00,,
BALHAM - HORSHAM,P26628,1041,stop,2026-04-14,11:24:00,,
BALHAM - HORSHAM,P26629,1041,stop,2026-04-04,11:24:00,,
BALHAM - HORSHAM,P26628,1041,stop,2026-04-17,11:24:00,,
BALHAM - HORSHAM,P26628,1041,stop,2026-04-02,11:24:00,,
BALHAM - HORSHAM,P26628,1041,stop,2026-04-22,11:24:00,,
BALHAM - HORSHAM,P26628,1041,stop,2026-04-15,11:24:00,,
BALHAM - HORSHAM,P26628,1041,stop,2026-04-23,11:24:00,,
BALHAM - HORSHAM,P26628,1041,stop,2026-04-16,11:24:00,,
BALHAM - HORSHAM,P26628,1041,stop,2026-04-29,11:24:00,,
EARLSFIELD - GUILDFORD (2),P61591,1053,stop,2026-04-01,11:28:00,,
EARLSFIELD - GUILDFORD (2),P61591,1053,stop,2026-04-07,11:28:00,,
EARLSFIELD - GUILDFORD (2),Q50701,1053,stop,2026-04-06,11:28:00,,
EARLSFIELD - GUILDFORD (2),P61591,1053,stop,2026-04-08,11:28:00,,
EARLSFIELD - GUILDFORD (2),P61591,1053,stop,2026-04-13,11:28:00,,
EARLSFIELD - GUILDFORD (2),P61591,1053,stop,2026-04-06,11:28:00,,
EARLSFIELD - GUILDFORD (2),P61592,1053,stop,2026-04-18,11:28:00,,
EARLSFIELD - GUILDFORD (2),P61591,1053,stop,2026-04-02,11:28:00,,
EARLSFIELD - GUILDFORD (2),P61592,1053,stop,2026-04-11,11:28:00,,
EARLSFIELD - GUILDFORD (2),P61591,1053,stop,2026-04-17,11:28:00,,
EARLSFIELD - GUILDFORD (2),P61591,1053,stop,2026-04-30,11:28:00,,
EARLSFIELD - GUILDFORD (2),P61592,1053,stop,2026-04-04,11:28:00,,
EARLSFIELD - GUILDFORD (2),P61591,1053,stop,2026-04-10,11:28:00,,
EARLSFIELD - GUILDFORD (2),P61591,1053,stop,2026-04-23,11:28:00,,
EARLSFIELD - GUILDFORD (2),P61591,1053,stop,2026-04-28,11:28:00,,
EARLSFIELD - GUILDFORD (2),P61591,1053,stop,2026-04-21,11:28:00,,
DORKING - BALHAM (3),P26638,1117,stop,2026-04-11,11:33:00,,
DORKING - BALHAM (3),P26637,1117,stop,2026-04-20,11:33:00,,
DORKING - MITCHAM EASTFIELDS (2),P26638,1117,stop,2026-04-18,11:32:00,,
DORKING - BALHAM (4),P26639,1112,stop,2026-04-26,11:30:00,,
DORKING - MITCHAM EASTFIELDS,P26639,1112,stop,2026-04-19,11:30:00,,
DORKING - BALHAM (4),P26639,1112,stop,2026-04-12,11:30:00,,
EARLSFIELD - GUILDFORD (2),P61591,1053,stop,2026-04-15,11:28:00,,
EARLSFIELD - GUILDFORD (2),P61591,1053,stop,2026-04-09,11:28:00,,
EARLSFIELD - GUILDFORD (2),P61591,1053,stop,2026-04-16,11:28:00,,
EARLSFIELD - GUILDFORD (2),Q38738,1053,stop,2026-04-03,11:28:00,,
EARLSFIELD - GUILDFORD (2),P61591,1053,stop,2026-04-27,11:28:00,,
EARLSFIELD - GUILDFORD (2),P61591,1053,stop,2026-04-24,11:28:00,,
EARLSFIELD - GUILDFORD (2),P61591,1053,stop,2026-04-14,11:28:00,,
EARLSFIELD - GUILDFORD (2),P61591,1053,stop,2026-04-03,11:28:00,,
EARLSFIELD - GUILDFORD (2),P61591,1053,stop,2026-04-29,11:28:00,,
EARLSFIELD - GUILDFORD (2),P61591,1053,stop,2026-04-22,11:28:00,,
DORKING - BALHAM (3),P26638,1117,stop,2026-04-04,11:33:00,,
DORKING - BALHAM (3),P26637,1117,stop,2026-04-15,11:33:00,,
DORKING - BALHAM (3),X00936,1117,stop,2026-04-06,11:33:00,,
DORKING - BALHAM (3),P26637,1117,stop,2026-04-23,11:33:00,,
DORKING - BALHAM (3),P26637,1117,stop,2026-04-29,11:33:00,,
DORKING - BALHAM (3),P26637,1117,stop,2026-04-08,11:33:00,,
MITCHAM EASTFIELDS - HORSHAM (2),P26629,1050,stop,2026-04-18,11:33:00,,
DORKING - BALHAM (3),P26637,1117,stop,2026-04-10,11:33:00,,
DORKING - BALHAM (3),P26637,1117,stop,2026-04-09,11:33:00,,
DORKING - BALHAM (3),P26637,1117,stop,2026-04-16,11:33:00,,
DORKING - BALHAM (3),P26637,1117,stop,2026-04-22,11:33:00,,
DORKING - BALHAM (3),P26637,1117,stop,2026-04-02,11:33:00,,
DORKING - BALHAM (3),P26637,1117,stop,2026-04-30,11:33:00,,
DORKING - BALHAM (3),P26637,1117,stop,2026-04-17,11:33:00,,
DORKING - BALHAM (3),P26637,1117,stop,2026-04-27,11:33:00,,
DORKING - BALHAM (3),P26638,1117,stop,2026-04-25,11:33:00,,
EARLSFIELD - DORKING,P61021,1102,stop,2026-04-26,11:39:00,,
EARLSFIELD - DORKING,P61021,1102,stop,2026-04-12,11:39:00,,
DORKING - SUTTON (SURREY),X04891,1103,stop,2026-04-12,11:39:00,,
EARLSFIELD - DORKING,P61021,1102,stop,2026-04-05,11:39:00,,
EARLSFIELD - DORKING,P61021,1102,stop,2026-04-19,11:39:00,,
DORKING - BALHAM (3),P26637,1117,stop,2026-04-13,11:33:00,,
DORKING - BALHAM (3),P26637,1117,stop,2026-04-24,11:33:00,,
DORKING - BALHAM (3),P26637,1117,stop,2026-04-07,11:33:00,,
DORKING - BALHAM (3),P26637,1117,stop,2026-04-03,11:33:00,,
DORKING - BALHAM (3),X96514,1117,stop,2026-04-03,11:33:00,,
DORKING - BALHAM (3),P26637,1117,stop,2026-04-21,11:33:00,,
DORKING - BALHAM (3),P26637,1117,stop,2026-04-06,11:33:00,,
DORKING - BALHAM (3),P26637,1117,stop,2026-04-01,11:33:00,,
DORKING - BALHAM (3),P26637,1117,stop,2026-04-28,11:33:00,,
DORKING - BALHAM (5),P26639,1116,stop,2026-04-05,11:33:00,,
DORKING - BALHAM (3),P26637,1117,stop,2026-04-14,11:33:00,,
EPSOM - NORWOOD JUNCTION,P25220,1145,stop,2026-04-29,11:45:00,,
EPSOM - NORWOOD JUNCTION,P25220,1145,stop,2026-04-30,11:45:00,,
EPSOM - NORWOOD JUNCTION,P25220,1145,stop,2026-04-13,11:45:00,,
EPSOM - NORWOOD JUNCTION,P25220,1145,stop,2026-04-16,11:45:00,,
EPSOM - NORWOOD JUNCTION,P25220,1145,stop,2026-04-07,11:45:00,,
EPSOM - NORWOOD JUNCTION,X01396,1145,stop,2026-04-06,11:45:00,,
EPSOM - NORWOOD JUNCTION,P25220,1145,stop,2026-04-09,11:45:00,,
EPSOM - NORWOOD JUNCTION,P25220,1145,stop,2026-04-10,11:45:00,,
EPSOM - NORWOOD JUNCTION,P25220,1145,stop,2026-04-02,11:45:00,,
EPSOM - NORWOOD JUNCTION,P25221,1145,stop,2026-04-11,11:45:00,,
EPSOM - NORWOOD JUNCTION,P25220,1145,stop,2026-04-14,11:45:00,,
EPSOM - NORWOOD JUNCTION,P25220,1145,stop,2026-04-20,11:45:00,,
EPSOM - NORWOOD JUNCTION,P25220,1145,stop,2026-04-01,11:45:00,,
EPSOM - NORWOOD JUNCTION,P25220,1145,stop,2026-04-27,11:45:00,,
EPSOM - NORWOOD JUNCTION,P25221,1145,stop,2026-04-04,11:45:00,,
EPSOM - NORWOOD JUNCTION,P25220,1145,stop,2026-04-17,11:45:00,,
DORKING - EARLSFIELD,P61028,1132,stop,2026-04-27,11:49:00,,
DORKING - EARLSFIELD,P61028,1132,stop,2026-04-03,11:49:00,,
DORKING - EARLSFIELD,Q38707,1132,stop,2026-04-03,11:49:00,,
DORKING - EARLSFIELD,P61028,1132,stop,2026-04-09,11:49:00,,
EPSOM - NORWOOD JUNCTION,P25220,1145,stop,2026-04-23,11:45:00,,
EPSOM - NORWOOD JUNCTION,P25220,1145,stop,2026-04-22,11:45:00,,
EPSOM - NORWOOD JUNCTION,P25220,1145,stop,2026-04-21,11:45:00,,
EPSOM - NORWOOD JUNCTION,P25220,1145,stop,2026-04-24,11:45:00,,
EPSOM - NORWOOD JUNCTION,P25221,1145,stop,2026-04-25,11:45:00,,
EPSOM - NORWOOD JUNCTION,P25220,1145,stop,2026-04-28,11:45:00,,
EPSOM - NORWOOD JUNCTION,P25220,1145,stop,2026-04-06,11:45:00,,
EPSOM - NORWOOD JUNCTION,P25220,1145,stop,2026-04-03,11:45:00,,
EPSOM - NORWOOD JUNCTION,P25221,1145,stop,2026-04-18,11:45:00,,
EPSOM - NORWOOD JUNCTION,X96478,1145,stop,2026-04-03,11:45:00,,
EPSOM - NORWOOD JUNCTION,P25220,1145,stop,2026-04-15,11:45:00,,
EPSOM - NORWOOD JUNCTION,P25220,1145,stop,2026-04-08,11:45:00,,
DORKING - EARLSFIELD,P61028,1132,stop,2026-04-29,11:49:00,,
DORKING - EARLSFIELD,P61028,1132,stop,2026-04-10,11:49:00,,
DORKING - EARLSFIELD,P61028,1132,stop,2026-04-23,11:49:00,,
DORKING - EARLSFIELD,P61029,1132,stop,2026-04-25,11:49:00,,
DORKING - EARLSFIELD,P61029,1132,stop,2026-04-18,11:49:00,,
DORKING - EARLSFIELD,P61028,1132,stop,2026-04-30,11:49:00,,
DORKING - EARLSFIELD,P61028,1132,stop,2026-04-14,11:49:00,,
DORKING - EARLSFIELD,P61028,1132,stop,2026-04-21,11:49:00,,
DORKING - EARLSFIELD,P61029,1132,stop,2026-04-04,11:49:00,,
DORKING - EARLSFIELD,P61029,1132,stop,2026-04-11,11:49:00,,
DORKING - EARLSFIELD,P61028,1132,stop,2026-04-06,11:49:00,,
DORKING - EARLSFIELD,Q50622,1132,stop,2026-04-06,11:49:00,,
DORKING - EARLSFIELD,P61028,1132,stop,2026-04-22,11:49:00,,
DORKING - EARLSFIELD,P61028,1132,stop,2026-04-24,11:49:00,,
DORKING - EARLSFIELD,P61028,1132,stop,2026-04-28,11:49:00,,
DORKING - EARLSFIELD,P61028,1132,stop,2026-04-20,11:49:00,,
BALHAM - DORKING,P26634,1111,stop,2026-04-16,11:52:00,,
BALHAM - DORKING,P26634,1111,stop,2026-04-14,11:52:00,,
BALHAM - DORKING,P26635,1111,stop,2026-04-11,11:52:00,,
BALHAM - DORKING,P26634,1111,stop,2026-04-13,11:52:00,,
BALHAM - DORKING,P26634,1111,stop,2026-04-22,11:52:00,,
BALHAM - DORKING (3),P26636,1108,stop,2026-04-12,11:51:00,,
MITCHAM EASTFIELDS - DORKING,P26636,1108,stop,2026-04-19,11:51:00,,
BALHAM - DORKING (3),P26636,1108,stop,2026-04-26,11:51:00,,
DORKING - EARLSFIELD,P61028,1132,stop,2026-04-08,11:49:00,,
DORKING - EARLSFIELD,P61028,1132,stop,2026-04-15,11:49:00,,
DORKING - EARLSFIELD,P61028,1132,stop,2026-04-16,11:49:00,,
DORKING - EARLSFIELD,P61028,1132,stop,2026-04-07,11:49:00,,
DORKING - EARLSFIELD,P61028,1132,stop,2026-04-01,11:49:00,,
DORKING - EARLSFIELD,P61028,1132,stop,2026-04-02,11:49:00,,
DORKING - EARLSFIELD,P61028,1132,stop,2026-04-13,11:49:00,,
DORKING - EARLSFIELD,P61028,1132,stop,2026-04-17,11:49:00,,
BALHAM - DORKING,X96525,1111,stop,2026-04-03,11:52:00,,
BALHAM - DORKING,P26634,1111,stop,2026-04-10,11:52:00,,
BALHAM - DORKING,P26634,1111,stop,2026-04-08,11:52:00,,
BALHAM - DORKING,P26634,1111,stop,2026-04-28,11:52:00,,
BALHAM - DORKING,P26634,1111,stop,2026-04-27,11:52:00,,
BALHAM - DORKING,P26634,1111,stop,2026-04-21,11:52:00,,
BALHAM - DORKING,P26634,1111,stop,2026-04-24,11:52:00,,
BALHAM - DORKING,X00935,1111,stop,2026-04-06,11:52:00,,
BALHAM - DORKING,P26634,1111,stop,2026-04-06,11:52:00,,
BALHAM - DORKING,P26634,1111,stop,2026-04-15,11:52:00,,
BALHAM - DORKING,P26635,1111,stop,2026-04-25,11:52:00,,
BALHAM - DORKING,P26634,1111,stop,2026-04-30,11:52:00,,
BALHAM - DORKING,P26634,1111,stop,2026-04-01,11:52:00,,
BALHAM - DORKING,P26634,1111,stop,2026-04-17,11:52:00,,
SUTTON (SURREY) - DORKING,X04928,1125,stop,2026-04-12,11:52:00,,
BALHAM - DORKING,P26634,1111,stop,2026-04-09,11:52:00,,
EARLSFIELD - DORKING,P61019,1123,stop,2026-04-14,11:58:00,,
EARLSFIELD - DORKING,P61019,1123,stop,2026-04-20,11:58:00,,
WORCESTER PARK - EFFINGHAM JUNCTION,Q54811,1135,stop,2026-04-12,11:56:00,,
EFFINGHAM JUNCTION - WORCESTER PARK,Q54773,1115,stop,2026-04-12,11:56:00,,
BALHAM - DORKING (6),P26636,1108,stop,2026-04-05,11:55:00,,
GUILDFORD - EARLSFIELD,L74248,1120,stop,2026-04-19,11:53:00,,
GUILDFORD - EARLSFIELD,L74248,1120,stop,2026-04-26,11:53:00,,
GUILDFORD - EARLSFIELD,L74248,1120,stop,2026-04-12,11:53:00,,
GUILDFORD - EARLSFIELD,L74248,1120,stop,2026-04-05,11:53:00,,
BALHAM - DORKING,P26634,1111,stop,2026-04-29,11:52:00,,
BALHAM - DORKING,P26634,1111,stop,2026-04-07,11:52:00,,
BALHAM - DORKING,P26635,1111,stop,2026-04-04,11:52:00,,
BALHAM - DORKING,P26634,1111,stop,2026-04-02,11:52:00,,
BALHAM - DORKING,P26634,1111,stop,2026-04-23,11:52:00,,
BALHAM - DORKING,P26634,1111,stop,2026-04-20,11:52:00,,
BALHAM - DORKING,P26634,1111,stop,2026-04-03,11:52:00,,
EARLSFIELD - DORKING,P61019,1123,stop,2026-04-30,11:58:00,,
EARLSFIELD - DORKING,P61020,1123,stop,2026-04-18,11:58:00,,
EARLSFIELD - DORKING,P61020,1123,stop,2026-04-11,11:58:00,,
EARLSFIELD - DORKING,P61019,1123,stop,2026-04-06,11:58:00,,
EARLSFIELD - DORKING,P61019,1123,stop,2026-04-28,11:58:00,,
EARLSFIELD - DORKING,P61020,1123,stop,2026-04-04,11:58:00,,
EARLSFIELD - DORKING,P61019,1123,stop,2026-04-21,11:58:00,,
EARLSFIELD - DORKING,P61019,1123,stop,2026-04-10,11:58:00,,
EARLSFIELD - DORKING,P61019,1123,stop,2026-04-01,11:58:00,,
EARLSFIELD - DORKING,P61019,1123,stop,2026-04-07,11:58:00,,
EARLSFIELD - DORKING,P61019,1123,stop,2026-04-22,11:58:00,,
EARLSFIELD - DORKING,P61019,1123,stop,2026-04-24,11:58:00,,
EARLSFIELD - DORKING,P61019,1123,stop,2026-04-27,11:58:00,,
EARLSFIELD - DORKING,P61019,1123,stop,2026-04-03,11:58:00,,
EARLSFIELD - DORKING,Q38717,1123,stop,2026-04-03,11:58:00,,
EARLSFIELD - DORKING,P61019,1123,stop,2026-04-09,11:58:00,,
HORSHAM - BALHAM,P26644,1114,stop,2026-04-25,12:01:00,,
HORSHAM - BALHAM,P26643,1114,stop,2026-04-15,12:01:00,,
HORSHAM - BALHAM,P26643,1114,stop,2026-04-17,12:01:00,,
DORKING - BALHAM (4),P26645,1142,stop,2026-04-12,12:00:00,,
DORKING - BALHAM (4),P26645,1142,stop,2026-04-26,12:00:00,,
DORKING - MITCHAM EASTFIELDS,P26645,1142,stop,2026-04-19,12:00:00,,
EARLSFIELD - DORKING,P61019,1123,stop,2026-04-16,11:58:00,,
EARLSFIELD - DORKING,P61019,1123,stop,2026-04-23,11:58:00,,
EARLSFIELD - DORKING,P61019,1123,stop,2026-04-29,11:58:00,,
EARLSFIELD - DORKING,P61019,1123,stop,2026-04-13,11:58:00,,
EARLSFIELD - DORKING,P61019,1123,stop,2026-04-02,11:58:00,,
EARLSFIELD - DORKING,P61019,1123,stop,2026-04-08,11:58:00,,
EARLSFIELD - DORKING,P61020,1123,stop,2026-04-25,11:58:00,,
EARLSFIELD - DORKING,P61019,1123,stop,2026-04-17,11:58:00,,
EARLSFIELD - DORKING,P61019,1123,stop,2026-04-15,11:58:00,,
EARLSFIELD - DORKING,Q50645,1123,stop,2026-04-06,11:58:00,,
HORSHAM - BALHAM,P26643,1114,stop,2026-04-01,12:01:00,,
HORSHAM - BALHAM,P26643,1114,stop,2026-04-09,12:01:00,,
HORSHAM - MITCHAM EASTFIELDS,P26644,1120,stop,2026-04-18,12:01:00,,
HORSHAM - BALHAM,P26643,1114,stop,2026-04-20,12:01:00,,
HORSHAM - BALHAM,P26643,1114,stop,2026-04-08,12:01:00,,
HORSHAM - BALHAM,P26643,1114,stop,2026-04-28,12:01:00,,
HORSHAM - BALHAM,X00938,1114,stop,2026-04-06,12:01:00,,
HORSHAM - BALHAM,P26643,1114,stop,2026-04-06,12:01:00,,
HORSHAM - BALHAM,X96519,1114,stop,2026-04-03,12:01:00,,
HORSHAM - BALHAM,P26643,1114,stop,2026-04-27,12:01:00,,
HORSHAM - BALHAM,P26643,1114,stop,2026-04-21,12:01:00,,
HORSHAM - BALHAM,P26643,1114,stop,2026-04-10,12:01:00,,
HORSHAM - BALHAM,P26643,1114,stop,2026-04-03,12:01:00,,
HORSHAM - BALHAM,P26643,1114,stop,2026-04-24,12:01:00,,
HORSHAM - BALHAM,P26643,1114,stop,2026-04-23,12:01:00,,
HORSHAM - BALHAM,P26644,1114,stop,2026-04-04,12:01:00,,
DORKING - SUTTON (SURREY),X04890,1133,stop,2026-04-12,12:09:00,,
EARLSFIELD - GUILDFORD (2),P61596,1132,stop,2026-04-19,12:08:00,,
EARLSFIELD - GUILDFORD (2),P61596,1132,stop,2026-04-12,12:08:00,,
EARLSFIELD - GUILDFORD (2),P61596,1132,stop,2026-04-05,12:08:00,,
EARLSFIELD - GUILDFORD (2),P61596,1132,stop,2026-04-26,12:07:00,,
MITCHAM EASTFIELDS - DORKING (2),P26635,1120,stop,2026-04-18,12:05:00,,
DORKING - BALHAM (5),P26645,1146,stop,2026-04-05,12:03:00,,
HORSHAM - BALHAM,P26643,1114,stop,2026-04-13,12:01:00,,
HORSHAM - BALHAM,P26643,1114,stop,2026-04-22,12:01:00,,
HORSHAM - BALHAM,P26643,1114,stop,2026-04-02,12:01:00,,
HORSHAM - BALHAM,P26643,1114,stop,2026-04-14,12:01:00,,
HORSHAM - BALHAM,P26643,1114,stop,2026-04-07,12:01:00,,
HORSHAM - BALHAM,P26643,1114,stop,2026-04-30,12:01:00,,
HORSHAM - BALHAM,P26644,1114,stop,2026-04-11,12:01:00,,
HORSHAM - BALHAM,P26643,1114,stop,2026-04-16,12:01:00,,
HORSHAM - BALHAM,P26643,1114,stop,2026-04-29,12:01:00,,
EPSOM - NORWOOD JUNCTION,P25224,1215,stop,2026-04-27,12:15:00,,
EPSOM - NORWOOD JUNCTION,P25224,1215,stop,2026-04-23,12:15:00,,
EPSOM - NORWOOD JUNCTION,P25224,1215,stop,2026-04-09,12:15:00,,
EPSOM - NORWOOD JUNCTION,P25224,1215,stop,2026-04-08,12:15:00,,
EPSOM - NORWOOD JUNCTION,P25224,1215,stop,2026-04-24,12:15:00,,
EPSOM - NORWOOD JUNCTION,P25224,1215,stop,2026-04-07,12:15:00,,
EPSOM - NORWOOD JUNCTION,X96437,1215,stop,2026-04-03,12:15:00,,
EPSOM - NORWOOD JUNCTION,P25224,1215,stop,2026-04-03,12:15:00,,
EPSOM - NORWOOD JUNCTION,P25224,1215,stop,2026-04-29,12:15:00,,
EPSOM - NORWOOD JUNCTION,P25225,1215,stop,2026-04-25,12:15:00,,
EPSOM - NORWOOD JUNCTION,X01398,1215,stop,2026-04-06,12:15:00,,
EPSOM - NORWOOD JUNCTION,P25224,1215,stop,2026-04-06,12:15:00,,
EPSOM - NORWOOD JUNCTION,P25225,1215,stop,2026-04-04,12:15:00,,
EPSOM - NORWOOD JUNCTION,P25224,1215,stop,2026-04-14,12:15:00,,
EPSOM - NORWOOD JUNCTION,P25224,1215,stop,2026-04-16,12:15:00,,
EPSOM - NORWOOD JUNCTION,P25224,1215,stop,2026-04-10,12:15:00,,
GUILDFORD - EARLSFIELD,L74252,1145,stop,2026-04-16,12:19:00,,
GUILDFORD - EARLSFIELD,L74252,1145,stop,2026-04-15,12:19:00,,
GUILDFORD - EARLSFIELD,L74252,1145,stop,2026-04-02,12:19:00,,
GUILDFORD - EARLSFIELD,L74252,1145,stop,2026-04-08,12:19:00,,
EPSOM - NORWOOD JUNCTION,P25224,1215,stop,2026-04-01,12:15:00,,
EPSOM - NORWOOD JUNCTION,P25224,1215,stop,2026-04-13,12:15:00,,
EPSOM - NORWOOD JUNCTION,P25224,1215,stop,2026-04-22,12:15:00,,
EPSOM - NORWOOD JUNCTION,P25224,1215,stop,2026-04-21,12:15:00,,
EPSOM - NORWOOD JUNCTION,P25224,1215,stop,2026-04-15,12:15:00,,
EPSOM - NORWOOD JUNCTION,P25225,1215,stop,2026-04-18,12:15:00,,
EPSOM - NORWOOD JUNCTION,P25225,1215,stop,2026-04-11,12:15:00,,
EPSOM - NORWOOD JUNCTION,P25224,1215,stop,2026-04-17,12:15:00,,
EPSOM - NORWOOD JUNCTION,P25224,1215,stop,2026-04-28,12:15:00,,
EPSOM - NORWOOD JUNCTION,P25224,1215,stop,2026-04-20,12:15:00,,
EPSOM - NORWOOD JUNCTION,P25224,1215,stop,2026-04-02,12:15:00,,
EPSOM - NORWOOD JUNCTION,P25224,1215,stop,2026-04-30,12:15:00,,
GUILDFORD - EARLSFIELD,L74252,1145,stop,2026-04-27,12:19:00,,
GUILDFORD - EARLSFIELD,L74252,1145,stop,2026-04-14,12:19:00,,
GUILDFORD - EARLSFIELD,L74252,1145,stop,2026-04-24,12:19:00,,
GUILDFORD - EARLSFIELD,L74252,1145,stop,2026-04-01,12:19:00,,
GUILDFORD - EARLSFIELD,L74252,1145,stop,2026-04-10,12:19:00,,
GUILDFORD - EARLSFIELD,L74252,1145,stop,2026-04-21,12:19:00,,
GUILDFORD - EARLSFIELD,L74252,1145,stop,2026-04-22,12:19:00,,
GUILDFORD - EARLSFIELD,L74252,1145,stop,2026-04-07,12:19:00,,
GUILDFORD - EARLSFIELD,L74253,1145,stop,2026-04-25,12:19:00,,
GUILDFORD - EARLSFIELD,L74253,1145,stop,2026-04-11,12:19:00,,
GUILDFORD - EARLSFIELD,L74252,1145,stop,2026-04-13,12:19:00,,
GUILDFORD - EARLSFIELD,L74253,1145,stop,2026-04-18,12:19:00,,
GUILDFORD - EARLSFIELD,L74252,1145,stop,2026-04-28,12:19:00,,
GUILDFORD - EARLSFIELD,L74252,1145,stop,2026-04-06,12:19:00,,
GUILDFORD - EARLSFIELD,L74252,1145,stop,2026-04-29,12:19:00,,
GUILDFORD - EARLSFIELD,L74253,1145,stop,2026-04-04,12:19:00,,
DORKING - EARLSFIELD,P61030,1207,stop,2026-04-26,12:23:00,,
DORKING - EARLSFIELD,P61030,1207,stop,2026-04-12,12:23:00,,
DORKING - EARLSFIELD,P61030,1207,stop,2026-04-05,12:23:00,,
DORKING - EARLSFIELD,P61030,1207,stop,2026-04-19,12:23:00,,
SUTTON (SURREY) - DORKING,X04927,1155,stop,2026-04-12,12:22:00,,
BALHAM - DORKING (3),P26642,1138,stop,2026-04-26,12:21:00,,
BALHAM - DORKING (3),P26642,1138,stop,2026-04-12,12:21:00,,
MITCHAM EASTFIELDS - DORKING,P26642,1138,stop,2026-04-19,12:21:00,,
GUILDFORD - EARLSFIELD,L74252,1145,stop,2026-04-17,12:19:00,,
GUILDFORD - EARLSFIELD,L74252,1145,stop,2026-04-09,12:19:00,,
GUILDFORD - EARLSFIELD,Q38697,1145,stop,2026-04-03,12:19:00,,
GUILDFORD - EARLSFIELD,L74252,1145,stop,2026-04-20,12:19:00,,
GUILDFORD - EARLSFIELD,L74252,1145,stop,2026-04-30,12:19:00,,
GUILDFORD - EARLSFIELD,L74252,1145,stop,2026-04-23,12:19:00,,
GUILDFORD - EARLSFIELD,Q50594,1145,stop,2026-04-06,12:19:00,,
GUILDFORD - EARLSFIELD,L74252,1145,stop,2026-04-03,12:19:00,,
BALHAM - HORSHAM,P26640,1141,stop,2026-04-29,12:24:00,,
BALHAM - HORSHAM,P26640,1141,stop,2026-04-14,12:24:00,,
BALHAM - HORSHAM,P26640,1141,stop,2026-04-02,12:24:00,,
BALHAM - HORSHAM,P26640,1141,stop,2026-04-10,12:24:00,,
BALHAM - HORSHAM,P26641,1141,stop,2026-04-11,12:24:00,,
BALHAM - HORSHAM,P26640,1141,stop,2026-04-13,12:24:00,,
BALHAM - HORSHAM,P26640,1141,stop,2026-04-30,12:24:00,,
BALHAM - HORSHAM,P26640,1141,stop,2026-04-17,12:24:00,,
BALHAM - HORSHAM,P26640,1141,stop,2026-04-22,12:24:00,,
BALHAM - HORSHAM,P26640,1141,stop,2026-04-01,12:24:00,,
BALHAM - HORSHAM,P26640,1141,stop,2026-04-23,12:24:00,,
BALHAM - HORSHAM,P26640,1141,stop,2026-04-24,12:24:00,,
BALHAM - HORSHAM,P26641,1141,stop,2026-04-25,12:24:00,,
BALHAM - HORSHAM,P26640,1141,stop,2026-04-09,12:24:00,,
BALHAM - HORSHAM,P26640,1141,stop,2026-04-20,12:24:00,,
BALHAM - HORSHAM,P26640,1141,stop,2026-04-15,12:24:00,,
EARLSFIELD - GUILDFORD (2),P61594,1153,stop,2026-04-07,12:28:00,,
EARLSFIELD - GUILDFORD (2),P61595,1153,stop,2026-04-11,12:28:00,,
WORCESTER PARK - DORKING,Q54897,1205,stop,2026-04-12,12:26:00,,
DORKING - WORCESTER PARK,Q54847,1150,stop,2026-04-12,12:26:00,,
BALHAM - DORKING (6),P26642,1138,stop,2026-04-05,12:25:00,,
BALHAM - HORSHAM,P26640,1141,stop,2026-04-08,12:24:00,,
BALHAM - HORSHAM,P26640,1141,stop,2026-04-03,12:24:00,,
BALHAM - HORSHAM,P26640,1141,stop,2026-04-21,12:24:00,,
BALHAM - HORSHAM,P26640,1141,stop,2026-04-16,12:24:00,,
BALHAM - HORSHAM,P26640,1141,stop,2026-04-06,12:24:00,,
BALHAM - HORSHAM,P26640,1141,stop,2026-04-27,12:24:00,,
BALHAM - HORSHAM,X00937,1141,stop,2026-04-06,12:24:00,,
BALHAM - HORSHAM,P26640,1141,stop,2026-04-28,12:24:00,,
BALHAM - HORSHAM,P26640,1141,stop,2026-04-07,12:24:00,,
BALHAM - HORSHAM,X96485,1141,stop,2026-04-03,12:24:00,,
BALHAM - HORSHAM,P26641,1141,stop,2026-04-04,12:24:00,,
EARLSFIELD - GUILDFORD (2),P61594,1153,stop,2026-04-09,12:28:00,,
EARLSFIELD - GUILDFORD (2),P61594,1153,stop,2026-04-29,12:28:00,,
EARLSFIELD - GUILDFORD (2),P61594,1153,stop,2026-04-10,12:28:00,,
EARLSFIELD - GUILDFORD (2),P61594,1153,stop,2026-04-16,12:28:00,,
EARLSFIELD - GUILDFORD (2),Q38692,1153,stop,2026-04-03,12:28:00,,
EARLSFIELD - GUILDFORD (2),P61594,1153,stop,2026-04-03,12:28:00,,
EARLSFIELD - GUILDFORD (2),Q50552,1153,stop,2026-04-06,12:28:00,,
EARLSFIELD - GUILDFORD (2),P61594,1153,stop,2026-04-06,12:28:00,,
EARLSFIELD - GUILDFORD (2),P61594,1153,stop,2026-04-01,12:28:00,,
EARLSFIELD - GUILDFORD (2),P61594,1153,stop,2026-04-21,12:28:00,,
EARLSFIELD - GUILDFORD (2),P61594,1153,stop,2026-04-15,12:28:00,,
EARLSFIELD - GUILDFORD (2),P61594,1153,stop,2026-04-17,12:28:00,,
EARLSFIELD - GUILDFORD (2),P61595,1153,stop,2026-04-04,12:28:00,,
EARLSFIELD - GUILDFORD (2),P61594,1153,stop,2026-04-28,12:28:00,,
EARLSFIELD - GUILDFORD (2),P61594,1153,stop,2026-04-13,12:28:00,,
EARLSFIELD - GUILDFORD (2),P61595,1153,stop,2026-04-25,12:28:00,,
DORKING - BALHAM (3),P26649,1217,stop,2026-04-30,12:33:00,,
DORKING - BALHAM (3),P26649,1217,stop,2026-04-08,12:33:00,,
DORKING - MITCHAM EASTFIELDS (2),P26650,1217,stop,2026-04-18,12:32:00,,
DORKING - BALHAM (4),P26651,1212,stop,2026-04-12,12:30:00,,
DORKING - BALHAM (4),P26651,1212,stop,2026-04-26,12:30:00,,
DORKING - MITCHAM EASTFIELDS,P26651,1212,stop,2026-04-19,12:30:00,,
EARLSFIELD - GUILDFORD (2),P61595,1153,stop,2026-04-18,12:28:00,,
EARLSFIELD - GUILDFORD (2),P61594,1153,stop,2026-04-08,12:28:00,,
EARLSFIELD - GUILDFORD (2),P61594,1153,stop,2026-04-22,12:28:00,,
EARLSFIELD - GUILDFORD (2),P61594,1153,stop,2026-04-27,12:28:00,,
EARLSFIELD - GUILDFORD (2),P61594,1153,stop,2026-04-14,12:28:00,,
EARLSFIELD - GUILDFORD (2),P61594,1153,stop,2026-04-24,12:28:00,,
EARLSFIELD - GUILDFORD (2),P61594,1153,stop,2026-04-20,12:28:00,,
EARLSFIELD - GUILDFORD (2),P61594,1153,stop,2026-04-23,12:28:00,,
EARLSFIELD - GUILDFORD (2),P61594,1153,stop,2026-04-02,12:28:00,,
EARLSFIELD - GUILDFORD (2),P61594,1153,stop,2026-04-30,12:28:00,,
DORKING - BALHAM (3),P26649,1217,stop,2026-04-01,12:33:00,,
DORKING - BALHAM (3),P26649,1217,stop,2026-04-07,12:33:00,,
DORKING - BALHAM (3),X96434,1217,stop,2026-04-03,12:33:00,,
DORKING - BALHAM (3),P26649,1217,stop,2026-04-02,12:33:00,,
DORKING - BALHAM (3),P26649,1217,stop,2026-04-14,12:33:00,,
DORKING - BALHAM (3),P26649,1217,stop,2026-04-17,12:33:00,,
DORKING - BALHAM (3),P26649,1217,stop,2026-04-13,12:33:00,,
DORKING - BALHAM (3),P26649,1217,stop,2026-04-22,12:33:00,,
DORKING - BALHAM (3),P26650,1217,stop,2026-04-11,12:33:00,,
DORKING - BALHAM (3),P26649,1217,stop,2026-04-10,12:33:00,,
DORKING - BALHAM (3),P26649,1217,stop,2026-04-29,12:33:00,,
MITCHAM EASTFIELDS - HORSHAM (2),P26641,1150,stop,2026-04-18,12:33:00,,
DORKING - BALHAM (3),P26649,1217,stop,2026-04-27,12:33:00,,
DORKING - BALHAM (3),P26649,1217,stop,2026-04-03,12:33:00,,
DORKING - BALHAM (5),P26651,1216,stop,2026-04-05,12:33:00,,
DORKING - BALHAM (3),P26650,1217,stop,2026-04-25,12:33:00,,
EARLSFIELD - DORKING,P61027,1202,stop,2026-04-26,12:39:00,,
EARLSFIELD - DORKING,P61027,1202,stop,2026-04-12,12:39:00,,
EARLSFIELD - DORKING,P61027,1202,stop,2026-04-19,12:39:00,,
EARLSFIELD - DORKING,P61027,1202,stop,2026-04-05,12:39:00,,
DORKING - SUTTON (SURREY),X04889,1203,stop,2026-04-12,12:39:00,,
DORKING - BALHAM (3),P26649,1217,stop,2026-04-21,12:33:00,,
DORKING - BALHAM (3),P26649,1217,stop,2026-04-15,12:33:00,,
DORKING - BALHAM (3),P26649,1217,stop,2026-04-06,12:33:00,,
DORKING - BALHAM (3),X00940,1217,stop,2026-04-06,12:33:00,,
DORKING - BALHAM (3),P26649,1217,stop,2026-04-24,12:33:00,,
DORKING - BALHAM (3),P26650,1217,stop,2026-04-04,12:33:00,,
DORKING - BALHAM (3),P26649,1217,stop,2026-04-28,12:33:00,,
DORKING - BALHAM (3),P26649,1217,stop,2026-04-23,12:33:00,,
DORKING - BALHAM (3),P26649,1217,stop,2026-04-20,12:33:00,,
DORKING - BALHAM (3),P26649,1217,stop,2026-04-09,12:33:00,,
DORKING - BALHAM (3),P26649,1217,stop,2026-04-16,12:33:00,,
EPSOM - NORWOOD JUNCTION,P25229,1245,stop,2026-04-04,12:45:00,,
EPSOM - NORWOOD JUNCTION,P25228,1245,stop,2026-04-17,12:45:00,,
EPSOM - NORWOOD JUNCTION,P25228,1245,stop,2026-04-23,12:45:00,,
EPSOM - NORWOOD JUNCTION,P25228,1245,stop,2026-04-15,12:45:00,,
EPSOM - NORWOOD JUNCTION,P25228,1245,stop,2026-04-28,12:45:00,,
EPSOM - NORWOOD JUNCTION,P25228,1245,stop,2026-04-20,12:45:00,,
EPSOM - NORWOOD JUNCTION,P25228,1245,stop,2026-04-02,12:45:00,,
EPSOM - NORWOOD JUNCTION,P25228,1245,stop,2026-04-13,12:45:00,,
EPSOM - NORWOOD JUNCTION,P25229,1245,stop,2026-04-11,12:45:00,,
EPSOM - NORWOOD JUNCTION,P25228,1245,stop,2026-04-06,12:45:00,,
EPSOM - NORWOOD JUNCTION,X01400,1245,stop,2026-04-06,12:45:00,,
EPSOM - NORWOOD JUNCTION,P25228,1245,stop,2026-04-14,12:45:00,,
EPSOM - NORWOOD JUNCTION,P25229,1245,stop,2026-04-18,12:45:00,,
EPSOM - NORWOOD JUNCTION,P25228,1245,stop,2026-04-16,12:45:00,,
EPSOM - NORWOOD JUNCTION,P25228,1245,stop,2026-04-22,12:45:00,,
EPSOM - NORWOOD JUNCTION,P25228,1245,stop,2026-04-29,12:45:00,,
DORKING - EARLSFIELD,P61034,1232,stop,2026-04-30,12:49:00,,
DORKING - EARLSFIELD,P61034,1232,stop,2026-04-10,12:49:00,,
DORKING - EARLSFIELD,P61034,1232,stop,2026-04-13,12:49:00,,
DORKING - EARLSFIELD,P61034,1232,stop,2026-04-20,12:49:00,,
EPSOM - NORWOOD JUNCTION,P25229,1245,stop,2026-04-25,12:45:00,,
EPSOM - NORWOOD JUNCTION,P25228,1245,stop,2026-04-03,12:45:00,,
EPSOM - NORWOOD JUNCTION,P25228,1245,stop,2026-04-08,12:45:00,,
EPSOM - NORWOOD JUNCTION,P25228,1245,stop,2026-04-09,12:45:00,,
EPSOM - NORWOOD JUNCTION,P25228,1245,stop,2026-04-24,12:45:00,,
EPSOM - NORWOOD JUNCTION,P25228,1245,stop,2026-04-27,12:45:00,,
EPSOM - NORWOOD JUNCTION,P25228,1245,stop,2026-04-21,12:45:00,,
EPSOM - NORWOOD JUNCTION,X96398,1245,stop,2026-04-03,12:45:00,,
EPSOM - NORWOOD JUNCTION,P25228,1245,stop,2026-04-10,12:45:00,,
EPSOM - NORWOOD JUNCTION,P25228,1245,stop,2026-04-01,12:45:00,,
EPSOM - NORWOOD JUNCTION,P25228,1245,stop,2026-04-30,12:45:00,,
EPSOM - NORWOOD JUNCTION,P25228,1245,stop,2026-04-07,12:45:00,,
DORKING - EARLSFIELD,P61035,1232,stop,2026-04-18,12:49:00,,
DORKING - EARLSFIELD,P61034,1232,stop,2026-04-15,12:49:00,,
DORKING - EARLSFIELD,P61034,1232,stop,2026-04-06,12:49:00,,
DORKING - EARLSFIELD,Q38663,1232,stop,2026-04-03,12:49:00,,
DORKING - EARLSFIELD,P61034,1232,stop,2026-04-22,12:49:00,,
DORKING - EARLSFIELD,P61035,1232,stop,2026-04-04,12:49:00,,
DORKING - EARLSFIELD,P61034,1232,stop,2026-04-07,12:49:00,,
DORKING - EARLSFIELD,P61034,1232,stop,2026-04-28,12:49:00,,
DORKING - EARLSFIELD,P61034,1232,stop,2026-04-09,12:49:00,,
DORKING - EARLSFIELD,P61035,1232,stop,2026-04-25,12:49:00,,
DORKING - EARLSFIELD,P61034,1232,stop,2026-04-01,12:49:00,,
DORKING - EARLSFIELD,P61034,1232,stop,2026-04-02,12:49:00,,
DORKING - EARLSFIELD,P61034,1232,stop,2026-04-17,12:49:00,,
DORKING - EARLSFIELD,P61034,1232,stop,2026-04-08,12:49:00,,
DORKING - EARLSFIELD,P61034,1232,stop,2026-04-23,12:49:00,,
DORKING - EARLSFIELD,Q50468,1232,stop,2026-04-06,12:49:00,,
BALHAM - DORKING,P26646,1211,stop,2026-04-20,12:52:00,,
BALHAM - DORKING,P26646,1211,stop,2026-04-27,12:52:00,,
BALHAM - DORKING,P26646,1211,stop,2026-04-21,12:52:00,,
BALHAM - DORKING,P26646,1211,stop,2026-04-29,12:52:00,,
BALHAM - DORKING,P26646,1211,stop,2026-04-08,12:52:00,,
MITCHAM EASTFIELDS - DORKING,P26648,1208,stop,2026-04-19,12:51:00,,
BALHAM - DORKING (3),P26648,1208,stop,2026-04-12,12:51:00,,
BALHAM - DORKING (3),P26648,1208,stop,2026-04-26,12:51:00,,
DORKING - EARLSFIELD,P61035,1232,stop,2026-04-11,12:49:00,,
DORKING - EARLSFIELD,P61034,1232,stop,2026-04-21,12:49:00,,
DORKING - EARLSFIELD,P61034,1232,stop,2026-04-29,12:49:00,,
DORKING - EARLSFIELD,P61034,1232,stop,2026-04-03,12:49:00,,
DORKING - EARLSFIELD,P61034,1232,stop,2026-04-16,12:49:00,,
DORKING - EARLSFIELD,P61034,1232,stop,2026-04-27,12:49:00,,
DORKING - EARLSFIELD,P61034,1232,stop,2026-04-24,12:49:00,,
DORKING - EARLSFIELD,P61034,1232,stop,2026-04-14,12:49:00,,
BALHAM - DORKING,P26646,1211,stop,2026-04-28,12:52:00,,
BALHAM - DORKING,X00939,1211,stop,2026-04-06,12:52:00,,
BALHAM - DORKING,P26646,1211,stop,2026-04-01,12:52:00,,
BALHAM - DORKING,P26646,1211,stop,2026-04-06,12:52:00,,
BALHAM - DORKING,P26646,1211,stop,2026-04-03,12:52:00,,
BALHAM - DORKING,P26646,1211,stop,2026-04-10,12:52:00,,
BALHAM - DORKING,P26646,1211,stop,2026-04-07,12:52:00,,
BALHAM - DORKING,P26646,1211,stop,2026-04-16,12:52:00,,
BALHAM - DORKING,P26646,1211,stop,2026-04-09,12:52:00,,
BALHAM - DORKING,P26647,1211,stop,2026-04-04,12:52:00,,
BALHAM - DORKING,P26646,1211,stop,2026-04-15,12:52:00,,
BALHAM - DORKING,P26646,1211,stop,2026-04-14,12:52:00,,
SUTTON (SURREY) - DORKING,X04926,1225,stop,2026-04-12,12:52:00,,
BALHAM - DORKING,P26646,1211,stop,2026-04-02,12:52:00,,
BALHAM - DORKING,P26647,1211,stop,2026-04-11,12:52:00,,
BALHAM - DORKING,P26646,1211,stop,2026-04-24,12:52:00,,
EARLSFIELD - DORKING,P61025,1223,stop,2026-04-27,12:58:00,,
EARLSFIELD - DORKING,P61026,1223,stop,2026-04-18,12:58:00,,
WORCESTER PARK - EFFINGHAM JUNCTION,Q54808,1235,stop,2026-04-12,12:56:00,,
EFFINGHAM JUNCTION - WORCESTER PARK,Q54772,1215,stop,2026-04-12,12:56:00,,
BALHAM - DORKING (6),P26648,1208,stop,2026-04-05,12:55:00,,
GUILDFORD - EARLSFIELD,L74254,1220,stop,2026-04-26,12:53:00,,
GUILDFORD - EARLSFIELD,L74254,1220,stop,2026-04-19,12:53:00,,
GUILDFORD - EARLSFIELD,L74254,1220,stop,2026-04-12,12:53:00,,
GUILDFORD - EARLSFIELD,L74254,1220,stop,2026-04-05,12:53:00,,
BALHAM - DORKING,P26646,1211,stop,2026-04-30,12:52:00,,
BALHAM - DORKING,P26646,1211,stop,2026-04-22,12:52:00,,
BALHAM - DORKING,P26646,1211,stop,2026-04-13,12:52:00,,
BALHAM - DORKING,P26646,1211,stop,2026-04-17,12:52:00,,
BALHAM - DORKING,P26647,1211,stop,2026-04-25,12:52:00,,
BALHAM - DORKING,P26646,1211,stop,2026-04-23,12:52:00,,
BALHAM - DORKING,X96445,1211,stop,2026-04-03,12:52:00,,
EARLSFIELD - DORKING,P61025,1223,stop,2026-04-08,12:58:00,,
EARLSFIELD - DORKING,P61025,1223,stop,2026-04-17,12:58:00,,
EARLSFIELD - DORKING,P61025,1223,stop,2026-04-02,12:58:00,,
EARLSFIELD - DORKING,P61025,1223,stop,2026-04-23,12:58:00,,
EARLSFIELD - DORKING,P61025,1223,stop,2026-04-13,12:58:00,,
EARLSFIELD - DORKING,Q50491,1223,stop,2026-04-06,12:58:00,,
EARLSFIELD - DORKING,P61025,1223,stop,2026-04-06,12:58:00,,
EARLSFIELD - DORKING,P61025,1223,stop,2026-04-30,12:58:00,,
EARLSFIELD - DORKING,P61026,1223,stop,2026-04-11,12:58:00,,
EARLSFIELD - DORKING,P61025,1223,stop,2026-04-16,12:58:00,,
EARLSFIELD - DORKING,Q38672,1223,stop,2026-04-03,12:58:00,,
EARLSFIELD - DORKING,P61025,1223,stop,2026-04-03,12:58:00,,
EARLSFIELD - DORKING,P61025,1223,stop,2026-04-15,12:58:00,,
EARLSFIELD - DORKING,P61025,1223,stop,2026-04-14,12:58:00,,
EARLSFIELD - DORKING,P61025,1223,stop,2026-04-29,12:58:00,,
EARLSFIELD - DORKING,P61025,1223,stop,2026-04-24,12:58:00,,
HORSHAM - BALHAM,P26655,1214,stop,2026-04-29,13:01:00,,
HORSHAM - BALHAM,P26655,1214,stop,2026-04-17,13:01:00,,
HORSHAM - BALHAM,P26655,1214,stop,2026-04-15,13:01:00,,
DORKING - BALHAM (4),P26657,1242,stop,2026-04-12,13:00:00,,
DORKING - MITCHAM EASTFIELDS,P26657,1242,stop,2026-04-19,13:00:00,,
DORKING - BALHAM (4),P26657,1242,stop,2026-04-26,13:00:00,,
EARLSFIELD - DORKING,P61025,1223,stop,2026-04-21,12:58:00,,
EARLSFIELD - DORKING,P61025,1223,stop,2026-04-07,12:58:00,,
EARLSFIELD - DORKING,P61026,1223,stop,2026-04-25,12:58:00,,
EARLSFIELD - DORKING,P61025,1223,stop,2026-04-28,12:58:00,,
EARLSFIELD - DORKING,P61025,1223,stop,2026-04-22,12:58:00,,
EARLSFIELD - DORKING,P61025,1223,stop,2026-04-09,12:58:00,,
EARLSFIELD - DORKING,P61025,1223,stop,2026-04-10,12:58:00,,
EARLSFIELD - DORKING,P61026,1223,stop,2026-04-04,12:58:00,,
EARLSFIELD - DORKING,P61025,1223,stop,2026-04-01,12:58:00,,
EARLSFIELD - DORKING,P61025,1223,stop,2026-04-20,12:58:00,,
HORSHAM - BALHAM,P26655,1214,stop,2026-04-01,13:01:00,,
HORSHAM - BALHAM,P26656,1214,stop,2026-04-04,13:01:00,,
HORSHAM - BALHAM,P26655,1214,stop,2026-04-27,13:01:00,,
HORSHAM - BALHAM,P26655,1214,stop,2026-04-22,13:01:00,,
HORSHAM - MITCHAM EASTFIELDS,P26656,1220,stop,2026-04-18,13:01:00,,
HORSHAM - BALHAM,P26655,1214,stop,2026-04-13,13:01:00,,
HORSHAM - BALHAM,X00942,1214,stop,2026-04-06,13:01:00,,
HORSHAM - BALHAM,P26655,1214,stop,2026-04-30,13:01:00,,
HORSHAM - BALHAM,P26655,1214,stop,2026-04-28,13:01:00,,
HORSHAM - BALHAM,P26655,1214,stop,2026-04-09,13:01:00,,
HORSHAM - BALHAM,P26655,1214,stop,2026-04-23,13:01:00,,
HORSHAM - BALHAM,P26655,1214,stop,2026-04-02,13:01:00,,
HORSHAM - BALHAM,P26655,1214,stop,2026-04-24,13:01:00,,
HORSHAM - BALHAM,P26656,1214,stop,2026-04-25,13:01:00,,
HORSHAM - BALHAM,P26655,1214,stop,2026-04-20,13:01:00,,
HORSHAM - BALHAM,P26655,1214,stop,2026-04-07,13:01:00,,
DORKING - SUTTON (SURREY),X04888,1233,stop,2026-04-12,13:09:00,,
EARLSFIELD - GUILDFORD (2),P61599,1232,stop,2026-04-19,13:08:00,,
EARLSFIELD - GUILDFORD (2),P61599,1232,stop,2026-04-12,13:08:00,,
EARLSFIELD - GUILDFORD (2),P61599,1232,stop,2026-04-05,13:08:00,,
EARLSFIELD - GUILDFORD (2),P61599,1232,stop,2026-04-26,13:08:00,,
MITCHAM EASTFIELDS - DORKING (2),P26647,1220,stop,2026-04-18,13:05:00,,
DORKING - BALHAM (5),P26657,1246,stop,2026-04-05,13:03:00,,
HORSHAM - BALHAM,P26656,1214,stop,2026-04-11,13:01:00,,
HORSHAM - BALHAM,P26655,1214,stop,2026-04-14,13:01:00,,
HORSHAM - BALHAM,P26655,1214,stop,2026-04-21,13:01:00,,
HORSHAM - BALHAM,X96439,1214,stop,2026-04-03,13:01:00,,
HORSHAM - BALHAM,P26655,1214,stop,2026-04-03,13:01:00,,
HORSHAM - BALHAM,P26655,1214,stop,2026-04-16,13:01:00,,
HORSHAM - BALHAM,P26655,1214,stop,2026-04-06,13:01:00,,
HORSHAM - BALHAM,P26655,1214,stop,2026-04-10,13:01:00,,
HORSHAM - BALHAM,P26655,1214,stop,2026-04-08,13:01:00,,
EPSOM - NORWOOD JUNCTION,P25233,1315,stop,2026-04-11,13:15:00,,
EPSOM - NORWOOD JUNCTION,P25232,1315,stop,2026-04-01,13:15:00,,
EPSOM - NORWOOD JUNCTION,X01402,1315,stop,2026-04-06,13:15:00,,
EPSOM - NORWOOD JUNCTION,X96359,1315,stop,2026-04-03,13:15:00,,
EPSOM - NORWOOD JUNCTION,P25232,1315,stop,2026-04-03,13:15:00,,
EPSOM - NORWOOD JUNCTION,P25232,1315,stop,2026-04-10,13:15:00,,
EPSOM - NORWOOD JUNCTION,P25232,1315,stop,2026-04-24,13:15:00,,
EPSOM - NORWOOD JUNCTION,P25232,1315,stop,2026-04-21,13:15:00,,
EPSOM - NORWOOD JUNCTION,P25232,1315,stop,2026-04-16,13:15:00,,
EPSOM - NORWOOD JUNCTION,P25232,1315,stop,2026-04-15,13:15:00,,
EPSOM - NORWOOD JUNCTION,P25232,1315,stop,2026-04-07,13:15:00,,
EPSOM - NORWOOD JUNCTION,P25232,1315,stop,2026-04-22,13:15:00,,
EPSOM - NORWOOD JUNCTION,P25232,1315,stop,2026-04-27,13:15:00,,
EPSOM - NORWOOD JUNCTION,P25232,1315,stop,2026-04-23,13:15:00,,
EPSOM - NORWOOD JUNCTION,P25233,1315,stop,2026-04-18,13:15:00,,
EPSOM - NORWOOD JUNCTION,P25232,1315,stop,2026-04-13,13:15:00,,
GUILDFORD - EARLSFIELD,L74258,1245,stop,2026-04-21,13:19:00,,
GUILDFORD - EARLSFIELD,L74259,1245,stop,2026-04-04,13:19:00,,
GUILDFORD - EARLSFIELD,L74258,1245,stop,2026-04-06,13:19:00,,
GUILDFORD - EARLSFIELD,L74258,1245,stop,2026-04-08,13:19:00,,
EPSOM - NORWOOD JUNCTION,P25232,1315,stop,2026-04-28,13:15:00,,
EPSOM - NORWOOD JUNCTION,P25232,1315,stop,2026-04-08,13:15:00,,
EPSOM - NORWOOD JUNCTION,P25232,1315,stop,2026-04-17,13:15:00,,
EPSOM - NORWOOD JUNCTION,P25232,1315,stop,2026-04-02,13:15:00,,
EPSOM - NORWOOD JUNCTION,P25233,1315,stop,2026-04-04,13:15:00,,
EPSOM - NORWOOD JUNCTION,P25232,1315,stop,2026-04-09,13:15:00,,
EPSOM - NORWOOD JUNCTION,P25232,1315,stop,2026-04-20,13:15:00,,
EPSOM - NORWOOD JUNCTION,P25232,1315,stop,2026-04-14,13:15:00,,
EPSOM - NORWOOD JUNCTION,P25232,1315,stop,2026-04-30,13:15:00,,
EPSOM - NORWOOD JUNCTION,P25233,1315,stop,2026-04-25,13:15:00,,
EPSOM - NORWOOD JUNCTION,P25232,1315,stop,2026-04-29,13:15:00,,
EPSOM - NORWOOD JUNCTION,P25232,1315,stop,2026-04-06,13:15:00,,
GUILDFORD - EARLSFIELD,Q88880,1245,stop,2026-04-03,13:19:00,,
GUILDFORD - EARLSFIELD,L74258,1245,stop,2026-04-07,13:19:00,,
GUILDFORD - EARLSFIELD,L74258,1245,stop,2026-04-03,13:19:00,,
GUILDFORD - EARLSFIELD,L74258,1245,stop,2026-04-30,13:19:00,,
GUILDFORD - EARLSFIELD,L74258,1245,stop,2026-04-10,13:19:00,,
GUILDFORD - EARLSFIELD,L74258,1245,stop,2026-04-15,13:19:00,,
GUILDFORD - EARLSFIELD,L74258,1245,stop,2026-04-09,13:19:00,,
GUILDFORD - EARLSFIELD,L74258,1245,stop,2026-04-17,13:19:00,,
GUILDFORD - EARLSFIELD,L74258,1245,stop,2026-04-13,13:19:00,,
GUILDFORD - EARLSFIELD,L74258,1245,stop,2026-04-02,13:19:00,,
GUILDFORD - EARLSFIELD,L74258,1245,stop,2026-04-01,13:19:00,,
GUILDFORD - EARLSFIELD,L74259,1245,stop,2026-04-18,13:19:00,,
GUILDFORD - EARLSFIELD,L74258,1245,stop,2026-04-23,13:19:00,,
GUILDFORD - EARLSFIELD,L74258,1245,stop,2026-04-22,13:19:00,,
GUILDFORD - EARLSFIELD,Q50439,1245,stop,2026-04-06,13:19:00,,
GUILDFORD - EARLSFIELD,L74258,1245,stop,2026-04-24,13:19:00,,
DORKING - EARLSFIELD,P61036,1307,stop,2026-04-26,13:23:00,,
DORKING - EARLSFIELD,P61036,1307,stop,2026-04-12,13:23:00,,
DORKING - EARLSFIELD,P61036,1307,stop,2026-04-19,13:23:00,,
DORKING - EARLSFIELD,P61036,1307,stop,2026-04-05,13:23:00,,
SUTTON (SURREY) - DORKING,X04925,1255,stop,2026-04-12,13:22:00,,
MITCHAM EASTFIELDS - DORKING,P26654,1238,stop,2026-04-19,13:21:00,,
BALHAM - DORKING (3),P26654,1238,stop,2026-04-26,13:21:00,,
BALHAM - DORKING (3),P26654,1238,stop,2026-04-12,13:21:00,,
GUILDFORD - EARLSFIELD,L74258,1245,stop,2026-04-20,13:19:00,,
GUILDFORD - EARLSFIELD,L74259,1245,stop,2026-04-11,13:19:00,,
GUILDFORD - EARLSFIELD,L74258,1245,stop,2026-04-28,13:19:00,,
GUILDFORD - EARLSFIELD,L74258,1245,stop,2026-04-14,13:19:00,,
GUILDFORD - EARLSFIELD,L74258,1245,stop,2026-04-27,13:19:00,,
GUILDFORD - EARLSFIELD,L74258,1245,stop,2026-04-16,13:19:00,,
GUILDFORD - EARLSFIELD,L74259,1245,stop,2026-04-25,13:19:00,,
GUILDFORD - EARLSFIELD,L74258,1245,stop,2026-04-29,13:19:00,,
BALHAM - HORSHAM,P26652,1241,stop,2026-04-09,13:24:00,,
BALHAM - HORSHAM,P26653,1241,stop,2026-04-25,13:24:00,,
BALHAM - HORSHAM,P26653,1241,stop,2026-04-11,13:24:00,,
BALHAM - HORSHAM,P26652,1241,stop,2026-04-16,13:24:00,,
BALHAM - HORSHAM,P26652,1241,stop,2026-04-03,13:24:00,,
BALHAM - HORSHAM,P26652,1241,stop,2026-04-02,13:24:00,,
BALHAM - HORSHAM,P26652,1241,stop,2026-04-15,13:24:00,,
BALHAM - HORSHAM,P26652,1241,stop,2026-04-21,13:24:00,,
BALHAM - HORSHAM,P26652,1241,stop,2026-04-22,13:24:00,,
BALHAM - HORSHAM,P26653,1241,stop,2026-04-04,13:24:00,,
BALHAM - HORSHAM,P26652,1241,stop,2026-04-23,13:24:00,,
BALHAM - HORSHAM,P26652,1241,stop,2026-04-14,13:24:00,,
BALHAM - HORSHAM,X96405,1241,stop,2026-04-03,13:24:00,,
BALHAM - HORSHAM,P26652,1241,stop,2026-04-01,13:24:00,,
BALHAM - HORSHAM,P26652,1241,stop,2026-04-28,13:24:00,,
BALHAM - HORSHAM,P26652,1241,stop,2026-04-07,13:24:00,,
EARLSFIELD - GUILDFORD (2),P61597,1253,stop,2026-04-14,13:28:00,,
EARLSFIELD - GUILDFORD (2),P61597,1253,stop,2026-04-13,13:28:00,,
WORCESTER PARK - DORKING,Q54896,1305,stop,2026-04-12,13:26:00,,
DORKING - WORCESTER PARK,Q54844,1250,stop,2026-04-12,13:26:00,,
BALHAM - DORKING (6),P26654,1238,stop,2026-04-05,13:25:00,,
BALHAM - HORSHAM,P26652,1241,stop,2026-04-10,13:24:00,,
BALHAM - HORSHAM,X00941,1241,stop,2026-04-06,13:24:00,,
BALHAM - HORSHAM,P26652,1241,stop,2026-04-17,13:24:00,,
BALHAM - HORSHAM,P26652,1241,stop,2026-04-06,13:24:00,,
BALHAM - HORSHAM,P26652,1241,stop,2026-04-27,13:24:00,,
BALHAM - HORSHAM,P26652,1241,stop,2026-04-30,13:24:00,,
BALHAM - HORSHAM,P26652,1241,stop,2026-04-08,13:24:00,,
BALHAM - HORSHAM,P26652,1241,stop,2026-04-13,13:24:00,,
BALHAM - HORSHAM,P26652,1241,stop,2026-04-29,13:24:00,,
BALHAM - HORSHAM,P26652,1241,stop,2026-04-20,13:24:00,,
BALHAM - HORSHAM,P26652,1241,stop,2026-04-24,13:24:00,,
EARLSFIELD - GUILDFORD (2),P61597,1253,stop,2026-04-24,13:28:00,,
EARLSFIELD - GUILDFORD (2),P61597,1253,stop,2026-04-21,13:28:00,,
EARLSFIELD - GUILDFORD (2),P61597,1253,stop,2026-04-03,13:28:00,,
EARLSFIELD - GUILDFORD (2),P61597,1253,stop,2026-04-15,13:28:00,,
EARLSFIELD - GUILDFORD (2),P61597,1253,stop,2026-04-09,13:28:00,,
EARLSFIELD - GUILDFORD (2),P61598,1253,stop,2026-04-11,13:28:00,,
EARLSFIELD - GUILDFORD (2),Q50421,1253,stop,2026-04-06,13:28:00,,
EARLSFIELD - GUILDFORD (2),P61598,1253,stop,2026-04-04,13:28:00,,
EARLSFIELD - GUILDFORD (2),P61597,1253,stop,2026-04-28,13:28:00,,
EARLSFIELD - GUILDFORD (2),P61597,1253,stop,2026-04-30,13:28:00,,
EARLSFIELD - GUILDFORD (2),P61597,1253,stop,2026-04-17,13:28:00,,
EARLSFIELD - GUILDFORD (2),P61598,1253,stop,2026-04-25,13:28:00,,
EARLSFIELD - GUILDFORD (2),P61597,1253,stop,2026-04-07,13:28:00,,
EARLSFIELD - GUILDFORD (2),P61597,1253,stop,2026-04-23,13:28:00,,
EARLSFIELD - GUILDFORD (2),P61597,1253,stop,2026-04-02,13:28:00,,
EARLSFIELD - GUILDFORD (2),P61597,1253,stop,2026-04-29,13:28:00,,
DORKING - BALHAM (3),P26661,1317,stop,2026-04-08,13:33:00,,
DORKING - BALHAM (3),P26661,1317,stop,2026-04-29,13:33:00,,
DORKING - MITCHAM EASTFIELDS (2),P26662,1317,stop,2026-04-18,13:32:00,,
DORKING - BALHAM (4),P26663,1312,stop,2026-04-12,13:30:00,,
DORKING - MITCHAM EASTFIELDS,P26663,1312,stop,2026-04-19,13:30:00,,
DORKING - BALHAM (4),P26663,1312,stop,2026-04-26,13:30:00,,
EARLSFIELD - GUILDFORD (2),P61597,1253,stop,2026-04-20,13:28:00,,
EARLSFIELD - GUILDFORD (2),P61597,1253,stop,2026-04-27,13:28:00,,
EARLSFIELD - GUILDFORD (2),P61597,1253,stop,2026-04-01,13:28:00,,
EARLSFIELD - GUILDFORD (2),P61597,1253,stop,2026-04-06,13:28:00,,
EARLSFIELD - GUILDFORD (2),P61597,1253,stop,2026-04-16,13:28:00,,
EARLSFIELD - GUILDFORD (2),P61598,1253,stop,2026-04-18,13:28:00,,
EARLSFIELD - GUILDFORD (2),P61597,1253,stop,2026-04-22,13:28:00,,
EARLSFIELD - GUILDFORD (2),P61597,1253,stop,2026-04-08,13:28:00,,
EARLSFIELD - GUILDFORD (2),P61597,1253,stop,2026-04-10,13:28:00,,
EARLSFIELD - GUILDFORD (2),Q38647,1253,stop,2026-04-03,13:28:00,,
DORKING - BALHAM (3),P26661,1317,stop,2026-04-16,13:33:00,,
DORKING - BALHAM (3),P26661,1317,stop,2026-04-03,13:33:00,,
DORKING - BALHAM (3),P26661,1317,stop,2026-04-13,13:33:00,,
DORKING - BALHAM (3),P26662,1317,stop,2026-04-04,13:33:00,,
DORKING - BALHAM (3),P26661,1317,stop,2026-04-06,13:33:00,,
DORKING - BALHAM (3),P26662,1317,stop,2026-04-11,13:33:00,,
DORKING - BALHAM (3),P26661,1317,stop,2026-04-27,13:33:00,,
DORKING - BALHAM (3),P26661,1317,stop,2026-04-10,13:33:00,,
MITCHAM EASTFIELDS - HORSHAM (2),P26653,1250,stop,2026-04-18,13:33:00,,
DORKING - BALHAM (3),P26661,1317,stop,2026-04-15,13:33:00,,
DORKING - BALHAM (3),P26661,1317,stop,2026-04-09,13:33:00,,
DORKING - BALHAM (3),P26661,1317,stop,2026-04-24,13:33:00,,
DORKING - BALHAM (3),P26661,1317,stop,2026-04-23,13:33:00,,
DORKING - BALHAM (3),P26661,1317,stop,2026-04-20,13:33:00,,
DORKING - BALHAM (3),P26661,1317,stop,2026-04-30,13:33:00,,
DORKING - BALHAM (3),X96356,1317,stop,2026-04-03,13:33:00,,
DORKING - SUTTON (SURREY),X04887,1303,stop,2026-04-12,13:39:00,,
EARLSFIELD - DORKING,P61033,1302,stop,2026-04-19,13:37:00,,
EARLSFIELD - DORKING,P61033,1302,stop,2026-04-12,13:37:00,,
EARLSFIELD - DORKING,P61033,1302,stop,2026-04-26,13:37:00,,
EARLSFIELD - DORKING,P61033,1302,stop,2026-04-05,13:37:00,,
DORKING - BALHAM (3),P26661,1317,stop,2026-04-14,13:33:00,,
DORKING - BALHAM (3),X00944,1317,stop,2026-04-06,13:33:00,,
DORKING - BALHAM (3),P26661,1317,stop,2026-04-21,13:33:00,,
DORKING - BALHAM (3),P26661,1317,stop,2026-04-02,13:33:00,,
DORKING - BALHAM (3),P26662,1317,stop,2026-04-25,13:33:00,,
DORKING - BALHAM (3),P26661,1317,stop,2026-04-28,13:33:00,,
DORKING - BALHAM (3),P26661,1317,stop,2026-04-01,13:33:00,,
DORKING - BALHAM (5),P26663,1316,stop,2026-04-05,13:33:00,,
DORKING - BALHAM (3),P26661,1317,stop,2026-04-17,13:33:00,,
DORKING - BALHAM (3),P26661,1317,stop,2026-04-22,13:33:00,,
DORKING - BALHAM (3),P26661,1317,stop,2026-04-07,13:33:00,,
EPSOM - NORWOOD JUNCTION,P25236,1345,stop,2026-04-14,13:45:00,,
EPSOM - NORWOOD JUNCTION,P25236,1345,stop,2026-04-07,13:45:00,,
EPSOM - NORWOOD JUNCTION,X01404,1345,stop,2026-04-06,13:45:00,,
EPSOM - NORWOOD JUNCTION,P25236,1345,stop,2026-04-06,13:45:00,,
EPSOM - NORWOOD JUNCTION,P25236,1345,stop,2026-04-02,13:45:00,,
EPSOM - NORWOOD JUNCTION,P25236,1345,stop,2026-04-17,13:45:00,,
EPSOM - NORWOOD JUNCTION,P25236,1345,stop,2026-04-08,13:45:00,,
EPSOM - NORWOOD JUNCTION,P25237,1345,stop,2026-04-04,13:45:00,,
EPSOM - NORWOOD JUNCTION,P25236,1345,stop,2026-04-23,13:45:00,,
EPSOM - NORWOOD JUNCTION,P25236,1345,stop,2026-04-15,13:45:00,,
EPSOM - NORWOOD JUNCTION,P25236,1345,stop,2026-04-16,13:45:00,,
EPSOM - NORWOOD JUNCTION,P25236,1345,stop,2026-04-24,13:45:00,,
EPSOM - NORWOOD JUNCTION,P25236,1345,stop,2026-04-22,13:45:00,,
EPSOM - NORWOOD JUNCTION,P25237,1345,stop,2026-04-18,13:45:00,,
EPSOM - NORWOOD JUNCTION,P25236,1345,stop,2026-04-30,13:45:00,,
EPSOM - NORWOOD JUNCTION,P25236,1345,stop,2026-04-28,13:45:00,,
DORKING - EARLSFIELD,P61041,1332,stop,2026-04-25,13:49:00,,
DORKING - EARLSFIELD,P61040,1332,stop,2026-04-16,13:49:00,,
DORKING - EARLSFIELD,P61040,1332,stop,2026-04-08,13:49:00,,
DORKING - EARLSFIELD,P61040,1332,stop,2026-04-30,13:49:00,,
EPSOM - NORWOOD JUNCTION,P25237,1345,stop,2026-04-11,13:45:00,,
EPSOM - NORWOOD JUNCTION,P25236,1345,stop,2026-04-29,13:45:00,,
EPSOM - NORWOOD JUNCTION,P25236,1345,stop,2026-04-13,13:45:00,,
EPSOM - NORWOOD JUNCTION,P25236,1345,stop,2026-04-21,13:45:00,,
EPSOM - NORWOOD JUNCTION,P25236,1345,stop,2026-04-03,13:45:00,,
EPSOM - NORWOOD JUNCTION,P25236,1345,stop,2026-04-10,13:45:00,,
EPSOM - NORWOOD JUNCTION,P25236,1345,stop,2026-04-20,13:45:00,,
EPSOM - NORWOOD JUNCTION,P25236,1345,stop,2026-04-27,13:45:00,,
EPSOM - NORWOOD JUNCTION,P25236,1345,stop,2026-04-01,13:45:00,,
EPSOM - NORWOOD JUNCTION,P25236,1345,stop,2026-04-09,13:45:00,,
EPSOM - NORWOOD JUNCTION,X96321,1345,stop,2026-04-03,13:45:00,,
EPSOM - NORWOOD JUNCTION,P25237,1345,stop,2026-04-25,13:45:00,,
DORKING - EARLSFIELD,P61040,1332,stop,2026-04-01,13:49:00,,
DORKING - EARLSFIELD,P61040,1332,stop,2026-04-17,13:49:00,,
DORKING - EARLSFIELD,P61040,1332,stop,2026-04-23,13:49:00,,
DORKING - EARLSFIELD,P61040,1332,stop,2026-04-29,13:49:00,,
DORKING - EARLSFIELD,P61040,1332,stop,2026-04-06,13:49:00,,
DORKING - EARLSFIELD,Q50344,1332,stop,2026-04-06,13:49:00,,
DORKING - EARLSFIELD,P61041,1332,stop,2026-04-11,13:49:00,,
DORKING - EARLSFIELD,P61040,1332,stop,2026-04-15,13:49:00,,
DORKING - EARLSFIELD,P61040,1332,stop,2026-04-22,13:49:00,,
DORKING - EARLSFIELD,P61040,1332,stop,2026-04-02,13:49:00,,
DORKING - EARLSFIELD,P61040,1332,stop,2026-04-03,13:49:00,,
DORKING - EARLSFIELD,P61040,1332,stop,2026-04-07,13:49:00,,
DORKING - EARLSFIELD,P61040,1332,stop,2026-04-10,13:49:00,,
DORKING - EARLSFIELD,P61040,1332,stop,2026-04-13,13:49:00,,
DORKING - EARLSFIELD,Q38617,1332,stop,2026-04-03,13:49:00,,
DORKING - EARLSFIELD,P61040,1332,stop,2026-04-28,13:49:00,,
BALHAM - DORKING,P26658,1311,stop,2026-04-01,13:52:00,,
BALHAM - DORKING,P26659,1311,stop,2026-04-11,13:52:00,,
BALHAM - DORKING,P26658,1311,stop,2026-04-30,13:52:00,,
BALHAM - DORKING,P26658,1311,stop,2026-04-13,13:52:00,,
BALHAM - DORKING,P26658,1311,stop,2026-04-16,13:52:00,,
BALHAM - DORKING (3),P26660,1308,stop,2026-04-12,13:51:00,,
MITCHAM EASTFIELDS - DORKING,P26660,1308,stop,2026-04-19,13:51:00,,
BALHAM - DORKING (3),P26660,1308,stop,2026-04-26,13:51:00,,
DORKING - EARLSFIELD,P61041,1332,stop,2026-04-04,13:49:00,,
DORKING - EARLSFIELD,P61040,1332,stop,2026-04-20,13:49:00,,
DORKING - EARLSFIELD,P61040,1332,stop,2026-04-27,13:49:00,,
DORKING - EARLSFIELD,P61040,1332,stop,2026-04-21,13:49:00,,
DORKING - EARLSFIELD,P61040,1332,stop,2026-04-14,13:49:00,,
DORKING - EARLSFIELD,P61041,1332,stop,2026-04-18,13:49:00,,
DORKING - EARLSFIELD,P61040,1332,stop,2026-04-24,13:49:00,,
DORKING - EARLSFIELD,P61040,1332,stop,2026-04-09,13:49:00,,
BALHAM - DORKING,P26658,1311,stop,2026-04-10,13:52:00,,
BALHAM - DORKING,P26658,1311,stop,2026-04-21,13:52:00,,
BALHAM - DORKING,P26658,1311,stop,2026-04-23,13:52:00,,
BALHAM - DORKING,P26658,1311,stop,2026-04-29,13:52:00,,
SUTTON (SURREY) - DORKING,X04924,1325,stop,2026-04-12,13:52:00,,
BALHAM - DORKING,P26658,1311,stop,2026-04-03,13:52:00,,
BALHAM - DORKING,P26659,1311,stop,2026-04-04,13:52:00,,
BALHAM - DORKING,P26658,1311,stop,2026-04-08,13:52:00,,
BALHAM - DORKING,P26658,1311,stop,2026-04-17,13:52:00,,
BALHAM - DORKING,P26658,1311,stop,2026-04-07,13:52:00,,
BALHAM - DORKING,P26658,1311,stop,2026-04-14,13:52:00,,
BALHAM - DORKING,P26658,1311,stop,2026-04-09,13:52:00,,
BALHAM - DORKING,P26659,1311,stop,2026-04-25,13:52:00,,
BALHAM - DORKING,X96366,1311,stop,2026-04-03,13:52:00,,
BALHAM - DORKING,P26658,1311,stop,2026-04-02,13:52:00,,
BALHAM - DORKING,P26658,1311,stop,2026-04-20,13:52:00,,
EARLSFIELD - DORKING,Q38626,1323,stop,2026-04-03,13:58:00,,
EARLSFIELD - DORKING,P61032,1323,stop,2026-04-18,13:58:00,,
WORCESTER PARK - EFFINGHAM JUNCTION,Q54807,1335,stop,2026-04-12,13:56:00,,
EFFINGHAM JUNCTION - WORCESTER PARK,Q54770,1315,stop,2026-04-12,13:56:00,,
BALHAM - DORKING (6),P26660,1308,stop,2026-04-05,13:55:00,,
GUILDFORD - EARLSFIELD,L74260,1320,stop,2026-04-12,13:53:00,,
GUILDFORD - EARLSFIELD,L74260,1320,stop,2026-04-26,13:53:00,,
GUILDFORD - EARLSFIELD,L74260,1320,stop,2026-04-05,13:53:00,,
GUILDFORD - EARLSFIELD,L74260,1320,stop,2026-04-19,13:53:00,,
BALHAM - DORKING,P26658,1311,stop,2026-04-06,13:52:00,,
BALHAM - DORKING,X00943,1311,stop,2026-04-06,13:52:00,,
BALHAM - DORKING,P26658,1311,stop,2026-04-15,13:52:00,,
BALHAM - DORKING,P26658,1311,stop,2026-04-28,13:52:00,,
BALHAM - DORKING,P26658,1311,stop,2026-04-27,13:52:00,,
BALHAM - DORKING,P26658,1311,stop,2026-04-22,13:52:00,,
BALHAM - DORKING,P26658,1311,stop,2026-04-24,13:52:00,,
EARLSFIELD - DORKING,P61032,1323,stop,2026-04-04,13:58:00,,
EARLSFIELD - DORKING,P61031,1323,stop,2026-04-10,13:58:00,,
EARLSFIELD - DORKING,P61031,1323,stop,2026-04-30,13:58:00,,
EARLSFIELD - DORKING,P61031,1323,stop,2026-04-03,13:58:00,,
EARLSFIELD - DORKING,P61031,1323,stop,2026-04-06,13:58:00,,
EARLSFIELD - DORKING,P61031,1323,stop,2026-04-02,13:58:00,,
EARLSFIELD - DORKING,P61031,1323,stop,2026-04-01,13:58:00,,
EARLSFIELD - DORKING,P61031,1323,stop,2026-04-15,13:58:00,,
EARLSFIELD - DORKING,P61031,1323,stop,2026-04-16,13:58:00,,
EARLSFIELD - DORKING,P61031,1323,stop,2026-04-28,13:58:00,,
EARLSFIELD - DORKING,P61031,1323,stop,2026-04-20,13:58:00,,
EARLSFIELD - DORKING,P61032,1323,stop,2026-04-25,13:58:00,,
EARLSFIELD - DORKING,P61031,1323,stop,2026-04-23,13:58:00,,
EARLSFIELD - DORKING,P61031,1323,stop,2026-04-24,13:58:00,,
EARLSFIELD - DORKING,P61031,1323,stop,2026-04-22,13:58:00,,
EARLSFIELD - DORKING,P61031,1323,stop,2026-04-09,13:58:00,,
HORSHAM - BALHAM,P26667,1317,stop,2026-04-14,14:01:00,,
HORSHAM - BALHAM,P26667,1317,stop,2026-04-10,14:01:00,,
HORSHAM - BALHAM,P26667,1317,stop,2026-04-30,14:01:00,,
DORKING - BALHAM (4),P26669,1342,stop,2026-04-12,14:00:00,,
DORKING - MITCHAM EASTFIELDS,P26669,1342,stop,2026-04-19,14:00:00,,
DORKING - BALHAM (4),P26669,1342,stop,2026-04-26,14:00:00,,
EARLSFIELD - DORKING,P61031,1323,stop,2026-04-27,13:58:00,,
EARLSFIELD - DORKING,P61031,1323,stop,2026-04-14,13:58:00,,
EARLSFIELD - DORKING,P61031,1323,stop,2026-04-29,13:58:00,,
EARLSFIELD - DORKING,P61031,1323,stop,2026-04-07,13:58:00,,
EARLSFIELD - DORKING,P61032,1323,stop,2026-04-11,13:58:00,,
EARLSFIELD - DORKING,P61031,1323,stop,2026-04-13,13:58:00,,
EARLSFIELD - DORKING,P61031,1323,stop,2026-04-17,13:58:00,,
EARLSFIELD - DORKING,P61031,1323,stop,2026-04-21,13:58:00,,
EARLSFIELD - DORKING,Q50366,1323,stop,2026-04-06,13:58:00,,
EARLSFIELD - DORKING,P61031,1323,stop,2026-04-08,13:58:00,,
HORSHAM - BALHAM,X96361,1314,stop,2026-04-03,14:01:00,,
HORSHAM - BALHAM,P26667,1317,stop,2026-04-09,14:01:00,,
HORSHAM - BALHAM,X00946,1314,stop,2026-04-06,14:01:00,,
HORSHAM - BALHAM,P26667,1317,stop,2026-04-24,14:01:00,,
HORSHAM - BALHAM,P26667,1317,stop,2026-04-02,14:01:00,,
HORSHAM - BALHAM,P26667,1317,stop,2026-04-13,14:01:00,,
HORSHAM - BALHAM,P26667,1317,stop,2026-04-21,14:01:00,,
HORSHAM - MITCHAM EASTFIELDS,P26668,1320,stop,2026-04-18,14:01:00,,
HORSHAM - BALHAM,P26667,1317,stop,2026-04-27,14:01:00,,
HORSHAM - BALHAM,P26667,1317,stop,2026-04-22,14:01:00,,
HORSHAM - BALHAM,P26667,1317,stop,2026-04-23,14:01:00,,
HORSHAM - BALHAM,P26667,1317,stop,2026-04-17,14:01:00,,
HORSHAM - BALHAM,P26668,1314,stop,2026-04-04,14:01:00,,
HORSHAM - BALHAM,P26667,1317,stop,2026-04-08,14:01:00,,
HORSHAM - BALHAM,P26667,1317,stop,2026-04-15,14:01:00,,
HORSHAM - BALHAM,P26668,1314,stop,2026-04-25,14:01:00,,
DORKING - SUTTON (SURREY),X04886,1333,stop,2026-04-12,14:09:00,,
EARLSFIELD - GUILDFORD (2),P61602,1332,stop,2026-04-19,14:07:00,,
EARLSFIELD - GUILDFORD (2),P61602,1332,stop,2026-04-26,14:07:00,,
EARLSFIELD - GUILDFORD (2),P61602,1332,stop,2026-04-05,14:07:00,,
EARLSFIELD - GUILDFORD (2),P61602,1332,stop,2026-04-12,14:07:00,,
MITCHAM EASTFIELDS - DORKING (2),P26659,1320,stop,2026-04-18,14:05:00,,
DORKING - BALHAM (5),P26669,1346,stop,2026-04-05,14:03:00,,
HORSHAM - BALHAM,P26667,1317,stop,2026-04-06,14:01:00,,
HORSHAM - BALHAM,P26667,1317,stop,2026-04-03,14:01:00,,
HORSHAM - BALHAM,P26667,1317,stop,2026-04-16,14:01:00,,
HORSHAM - BALHAM,P26667,1317,stop,2026-04-01,14:01:00,,
HORSHAM - BALHAM,P26667,1317,stop,2026-04-29,14:01:00,,
HORSHAM - BALHAM,P26668,1314,stop,2026-04-11,14:01:00,,
HORSHAM - BALHAM,P26667,1317,stop,2026-04-20,14:01:00,,
HORSHAM - BALHAM,P26667,1317,stop,2026-04-28,14:01:00,,
HORSHAM - BALHAM,P26667,1317,stop,2026-04-07,14:01:00,,
EPSOM - NORWOOD JUNCTION,P25240,1415,stop,2026-04-24,14:15:00,,
EPSOM - NORWOOD JUNCTION,P25240,1415,stop,2026-04-13,14:15:00,,
EPSOM - NORWOOD JUNCTION,P25240,1415,stop,2026-04-06,14:15:00,,
EPSOM - NORWOOD JUNCTION,P25240,1415,stop,2026-04-28,14:15:00,,
EPSOM - NORWOOD JUNCTION,P25240,1415,stop,2026-04-03,14:15:00,,
EPSOM - NORWOOD JUNCTION,P25240,1415,stop,2026-04-07,14:15:00,,
EPSOM - NORWOOD JUNCTION,P25240,1415,stop,2026-04-14,14:15:00,,
EPSOM - NORWOOD JUNCTION,P25240,1415,stop,2026-04-20,14:15:00,,
EPSOM - NORWOOD JUNCTION,P25241,1415,stop,2026-04-25,14:15:00,,
EPSOM - NORWOOD JUNCTION,P25240,1415,stop,2026-04-16,14:15:00,,
EPSOM - NORWOOD JUNCTION,X96282,1415,stop,2026-04-03,14:15:00,,
EPSOM - NORWOOD JUNCTION,P25241,1415,stop,2026-04-18,14:15:00,,
EPSOM - NORWOOD JUNCTION,P25241,1415,stop,2026-04-11,14:15:00,,
EPSOM - NORWOOD JUNCTION,P25241,1415,stop,2026-04-04,14:15:00,,
EPSOM - NORWOOD JUNCTION,P25240,1415,stop,2026-04-29,14:15:00,,
EPSOM - NORWOOD JUNCTION,P25240,1415,stop,2026-04-08,14:15:00,,
GUILDFORD - EARLSFIELD,P61606,1345,stop,2026-04-20,14:19:00,,
GUILDFORD - EARLSFIELD,P61606,1345,stop,2026-04-24,14:19:00,,
GUILDFORD - EARLSFIELD,L74265,1345,stop,2026-04-11,14:19:00,,
GUILDFORD - EARLSFIELD,P61606,1345,stop,2026-04-08,14:19:00,,
EPSOM - NORWOOD JUNCTION,P25240,1415,stop,2026-04-17,14:15:00,,
EPSOM - NORWOOD JUNCTION,P25240,1415,stop,2026-04-10,14:15:00,,
EPSOM - NORWOOD JUNCTION,P25240,1415,stop,2026-04-23,14:15:00,,
EPSOM - NORWOOD JUNCTION,P25240,1415,stop,2026-04-21,14:15:00,,
EPSOM - NORWOOD JUNCTION,P25240,1415,stop,2026-04-09,14:15:00,,
EPSOM - NORWOOD JUNCTION,P25240,1415,stop,2026-04-01,14:15:00,,
EPSOM - NORWOOD JUNCTION,P25240,1415,stop,2026-04-27,14:15:00,,
EPSOM - NORWOOD JUNCTION,P25240,1415,stop,2026-04-02,14:15:00,,
EPSOM - NORWOOD JUNCTION,P25240,1415,stop,2026-04-22,14:15:00,,
EPSOM - NORWOOD JUNCTION,P25240,1415,stop,2026-04-15,14:15:00,,
EPSOM - NORWOOD JUNCTION,P25240,1415,stop,2026-04-30,14:15:00,,
EPSOM - NORWOOD JUNCTION,X01406,1415,stop,2026-04-06,14:15:00,,
GUILDFORD - EARLSFIELD,P61606,1345,stop,2026-04-10,14:19:00,,
GUILDFORD - EARLSFIELD,P61606,1345,stop,2026-04-30,14:19:00,,
GUILDFORD - EARLSFIELD,Q50307,1345,stop,2026-04-06,14:19:00,,
GUILDFORD - EARLSFIELD,P61606,1345,stop,2026-04-06,14:19:00,,
GUILDFORD - EARLSFIELD,P61606,1345,stop,2026-04-01,14:19:00,,
GUILDFORD - EARLSFIELD,P61606,1345,stop,2026-04-23,14:19:00,,
GUILDFORD - EARLSFIELD,P61606,1345,stop,2026-04-28,14:19:00,,
GUILDFORD - EARLSFIELD,P61606,1345,stop,2026-04-21,14:19:00,,
GUILDFORD - EARLSFIELD,P61606,1345,stop,2026-04-22,14:19:00,,
GUILDFORD - EARLSFIELD,Q88879,1345,stop,2026-04-03,14:19:00,,
GUILDFORD - EARLSFIELD,L74265,1345,stop,2026-04-18,14:19:00,,
GUILDFORD - EARLSFIELD,P61606,1345,stop,2026-04-27,14:19:00,,
GUILDFORD - EARLSFIELD,P61606,1345,stop,2026-04-09,14:19:00,,
GUILDFORD - EARLSFIELD,P61606,1345,stop,2026-04-15,14:19:00,,
GUILDFORD - EARLSFIELD,P61606,1345,stop,2026-04-07,14:19:00,,
GUILDFORD - EARLSFIELD,P61606,1345,stop,2026-04-17,14:19:00,,
DORKING - EARLSFIELD,P61042,1407,stop,2026-04-12,14:23:00,,
DORKING - EARLSFIELD,P61042,1407,stop,2026-04-05,14:23:00,,
DORKING - EARLSFIELD,P61042,1407,stop,2026-04-26,14:23:00,,
DORKING - EARLSFIELD,P61042,1407,stop,2026-04-19,14:23:00,,
SUTTON (SURREY) - DORKING,X04923,1355,stop,2026-04-12,14:22:00,,
MITCHAM EASTFIELDS - DORKING,P26666,1338,stop,2026-04-19,14:21:00,,
BALHAM - DORKING (3),P26666,1338,stop,2026-04-26,14:21:00,,
BALHAM - DORKING (3),P26666,1338,stop,2026-04-12,14:21:00,,
GUILDFORD - EARLSFIELD,L74265,1345,stop,2026-04-25,14:19:00,,
GUILDFORD - EARLSFIELD,P61606,1345,stop,2026-04-29,14:19:00,,
GUILDFORD - EARLSFIELD,P61606,1345,stop,2026-04-14,14:19:00,,
GUILDFORD - EARLSFIELD,L74265,1345,stop,2026-04-04,14:19:00,,
GUILDFORD - EARLSFIELD,P61606,1345,stop,2026-04-02,14:19:00,,
GUILDFORD - EARLSFIELD,P61606,1345,stop,2026-04-13,14:19:00,,
GUILDFORD - EARLSFIELD,P61606,1345,stop,2026-04-16,14:19:00,,
GUILDFORD - EARLSFIELD,P61606,1345,stop,2026-04-03,14:19:00,,
BALHAM - HORSHAM,P26664,1341,stop,2026-04-15,14:24:00,,
BALHAM - HORSHAM,P26664,1341,stop,2026-04-16,14:24:00,,
BALHAM - HORSHAM,P26664,1341,stop,2026-04-23,14:24:00,,
BALHAM - HORSHAM,P26664,1341,stop,2026-04-03,14:24:00,,
BALHAM - HORSHAM,X96328,1341,stop,2026-04-03,14:24:00,,
BALHAM - HORSHAM,P26665,1341,stop,2026-04-11,14:24:00,,
BALHAM - HORSHAM,P26664,1341,stop,2026-04-01,14:24:00,,
BALHAM - HORSHAM,P26664,1341,stop,2026-04-28,14:24:00,,
BALHAM - HORSHAM,P26664,1341,stop,2026-04-29,14:24:00,,
BALHAM - HORSHAM,P26664,1341,stop,2026-04-30,14:24:00,,
BALHAM - HORSHAM,P26665,1341,stop,2026-04-04,14:24:00,,
BALHAM - HORSHAM,P26665,1341,stop,2026-04-25,14:24:00,,
BALHAM - HORSHAM,P26664,1341,stop,2026-04-20,14:24:00,,
BALHAM - HORSHAM,P26664,1341,stop,2026-04-27,14:24:00,,
BALHAM - HORSHAM,P26664,1341,stop,2026-04-13,14:24:00,,
BALHAM - HORSHAM,P26664,1341,stop,2026-04-09,14:24:00,,
EARLSFIELD - GUILDFORD (2),Q38602,1353,stop,2026-04-03,14:28:00,,
EARLSFIELD - GUILDFORD (2),P61601,1353,stop,2026-04-04,14:28:00,,
WORCESTER PARK - DORKING,Q54894,1405,stop,2026-04-12,14:26:00,,
DORKING - WORCESTER PARK,Q54842,1350,stop,2026-04-12,14:26:00,,
BALHAM - DORKING (6),P26666,1338,stop,2026-04-05,14:25:00,,
BALHAM - HORSHAM,P26664,1341,stop,2026-04-22,14:24:00,,
BALHAM - HORSHAM,P26664,1341,stop,2026-04-06,14:24:00,,
BALHAM - HORSHAM,P26664,1341,stop,2026-04-14,14:24:00,,
BALHAM - HORSHAM,P26664,1341,stop,2026-04-21,14:24:00,,
BALHAM - HORSHAM,X00945,1341,stop,2026-04-06,14:24:00,,
BALHAM - HORSHAM,P26664,1341,stop,2026-04-08,14:24:00,,
BALHAM - HORSHAM,P26664,1341,stop,2026-04-10,14:24:00,,
BALHAM - HORSHAM,P26664,1341,stop,2026-04-02,14:24:00,,
BALHAM - HORSHAM,P26664,1341,stop,2026-04-24,14:24:00,,
BALHAM - HORSHAM,P26664,1341,stop,2026-04-07,14:24:00,,
BALHAM - HORSHAM,P26664,1341,stop,2026-04-17,14:24:00,,
EARLSFIELD - GUILDFORD (2),P61600,1353,stop,2026-04-15,14:28:00,,
EARLSFIELD - GUILDFORD (2),P61600,1353,stop,2026-04-08,14:28:00,,
EARLSFIELD - GUILDFORD (2),P61600,1353,stop,2026-04-07,14:28:00,,
EARLSFIELD - GUILDFORD (2),P61600,1353,stop,2026-04-10,14:28:00,,
EARLSFIELD - GUILDFORD (2),P61600,1353,stop,2026-04-02,14:28:00,,
EARLSFIELD - GUILDFORD (2),P61600,1353,stop,2026-04-09,14:28:00,,
EARLSFIELD - GUILDFORD (2),P61600,1353,stop,2026-04-16,14:28:00,,
EARLSFIELD - GUILDFORD (2),P61600,1353,stop,2026-04-22,14:28:00,,
EARLSFIELD - GUILDFORD (2),P61600,1353,stop,2026-04-27,14:28:00,,
EARLSFIELD - GUILDFORD (2),P61600,1353,stop,2026-04-01,14:28:00,,
EARLSFIELD - GUILDFORD (2),P61600,1353,stop,2026-04-30,14:28:00,,
EARLSFIELD - GUILDFORD (2),P61600,1353,stop,2026-04-21,14:28:00,,
EARLSFIELD - GUILDFORD (2),P61600,1353,stop,2026-04-13,14:28:00,,
EARLSFIELD - GUILDFORD (2),P61600,1353,stop,2026-04-06,14:28:00,,
EARLSFIELD - GUILDFORD (2),Q50283,1353,stop,2026-04-06,14:28:00,,
EARLSFIELD - GUILDFORD (2),P61600,1353,stop,2026-04-03,14:28:00,,
DORKING - BALHAM (3),P26673,1417,stop,2026-04-16,14:33:00,,
DORKING - BALHAM (3),P26673,1417,stop,2026-04-21,14:33:00,,
DORKING - MITCHAM EASTFIELDS (2),P26674,1417,stop,2026-04-18,14:32:00,,
DORKING - MITCHAM EASTFIELDS,P26675,1412,stop,2026-04-19,14:30:00,,
DORKING - BALHAM (4),P26675,1412,stop,2026-04-12,14:30:00,,
DORKING - BALHAM (4),P26675,1412,stop,2026-04-26,14:30:00,,
EARLSFIELD - GUILDFORD (2),P61600,1353,stop,2026-04-28,14:28:00,,
EARLSFIELD - GUILDFORD (2),P61600,1353,stop,2026-04-20,14:28:00,,
EARLSFIELD - GUILDFORD (2),P61600,1353,stop,2026-04-14,14:28:00,,
EARLSFIELD - GUILDFORD (2),P61601,1353,stop,2026-04-18,14:28:00,,
EARLSFIELD - GUILDFORD (2),P61600,1353,stop,2026-04-24,14:28:00,,
EARLSFIELD - GUILDFORD (2),P61600,1353,stop,2026-04-17,14:28:00,,
EARLSFIELD - GUILDFORD (2),P61601,1353,stop,2026-04-25,14:28:00,,
EARLSFIELD - GUILDFORD (2),P61601,1353,stop,2026-04-11,14:28:00,,
EARLSFIELD - GUILDFORD (2),P61600,1353,stop,2026-04-23,14:28:00,,
EARLSFIELD - GUILDFORD (2),P61600,1353,stop,2026-04-29,14:28:00,,
DORKING - BALHAM (3),P26673,1417,stop,2026-04-30,14:33:00,,
DORKING - BALHAM (3),P26673,1417,stop,2026-04-23,14:33:00,,
DORKING - BALHAM (3),P26673,1417,stop,2026-04-15,14:33:00,,
DORKING - BALHAM (3),P26673,1417,stop,2026-04-20,14:33:00,,
DORKING - BALHAM (3),P26674,1417,stop,2026-04-25,14:33:00,,
DORKING - BALHAM (3),P26673,1417,stop,2026-04-10,14:33:00,,
DORKING - BALHAM (3),P26673,1417,stop,2026-04-28,14:33:00,,
DORKING - BALHAM (3),P26673,1417,stop,2026-04-14,14:33:00,,
DORKING - BALHAM (3),P26673,1417,stop,2026-04-08,14:33:00,,
DORKING - BALHAM (3),P26673,1417,stop,2026-04-17,14:33:00,,
DORKING - BALHAM (3),P26673,1417,stop,2026-04-07,14:33:00,,
DORKING - BALHAM (3),P26674,1417,stop,2026-04-11,14:33:00,,
DORKING - BALHAM (3),P26673,1417,stop,2026-04-22,14:33:00,,
DORKING - BALHAM (3),P26673,1417,stop,2026-04-29,14:33:00,,
DORKING - BALHAM (5),P26675,1416,stop,2026-04-05,14:33:00,,
DORKING - BALHAM (3),P26673,1417,stop,2026-04-13,14:33:00,,
DORKING - SUTTON (SURREY),X04885,1403,stop,2026-04-12,14:39:00,,
EARLSFIELD - DORKING,P61039,1402,stop,2026-04-26,14:37:00,,
EARLSFIELD - DORKING,P61039,1402,stop,2026-04-05,14:37:00,,
EARLSFIELD - DORKING,P61039,1402,stop,2026-04-12,14:37:00,,
EARLSFIELD - DORKING,P61039,1402,stop,2026-04-19,14:37:00,,
DORKING - BALHAM (3),P26673,1417,stop,2026-04-03,14:33:00,,
DORKING - BALHAM (3),P26673,1417,stop,2026-04-24,14:33:00,,
DORKING - BALHAM (3),P26673,1417,stop,2026-04-27,14:33:00,,
DORKING - BALHAM (3),P26673,1417,stop,2026-04-09,14:33:00,,
MITCHAM EASTFIELDS - HORSHAM (2),P26665,1350,stop,2026-04-18,14:33:00,,
DORKING - BALHAM (3),P26673,1417,stop,2026-04-06,14:33:00,,
DORKING - BALHAM (3),X00948,1417,stop,2026-04-06,14:33:00,,
DORKING - BALHAM (3),P26673,1417,stop,2026-04-02,14:33:00,,
DORKING - BALHAM (3),X96279,1417,stop,2026-04-03,14:33:00,,
DORKING - BALHAM (3),P26673,1417,stop,2026-04-01,14:33:00,,
DORKING - BALHAM (3),P26674,1417,stop,2026-04-04,14:33:00,,
EPSOM - NORWOOD JUNCTION,P25244,1445,stop,2026-04-08,14:45:00,,
EPSOM - NORWOOD JUNCTION,P25244,1445,stop,2026-04-30,14:45:00,,
EPSOM - NORWOOD JUNCTION,P25244,1445,stop,2026-04-23,14:45:00,,
EPSOM - NORWOOD JUNCTION,P25244,1445,stop,2026-04-15,14:45:00,,
EPSOM - NORWOOD JUNCTION,P25245,1445,stop,2026-04-25,14:45:00,,
EPSOM - NORWOOD JUNCTION,P25244,1445,stop,2026-04-10,14:45:00,,
EPSOM - NORWOOD JUNCTION,P25244,1445,stop,2026-04-14,14:45:00,,
EPSOM - NORWOOD JUNCTION,P25244,1445,stop,2026-04-16,14:45:00,,
EPSOM - NORWOOD JUNCTION,P25244,1445,stop,2026-04-22,14:45:00,,
EPSOM - NORWOOD JUNCTION,P25244,1445,stop,2026-04-02,14:45:00,,
EPSOM - NORWOOD JUNCTION,P25244,1445,stop,2026-04-01,14:45:00,,
EPSOM - NORWOOD JUNCTION,P25244,1445,stop,2026-04-09,14:45:00,,
EPSOM - NORWOOD JUNCTION,P25244,1445,stop,2026-04-28,14:45:00,,
EPSOM - NORWOOD JUNCTION,P25244,1445,stop,2026-04-17,14:45:00,,
EPSOM - NORWOOD JUNCTION,P25244,1445,stop,2026-04-07,14:45:00,,
EPSOM - NORWOOD JUNCTION,P25244,1445,stop,2026-04-20,14:45:00,,
DORKING - EARLSFIELD,P61047,1432,stop,2026-04-04,14:49:00,,
DORKING - EARLSFIELD,P61046,1432,stop,2026-04-21,14:49:00,,
DORKING - EARLSFIELD,P61047,1432,stop,2026-04-18,14:49:00,,
DORKING - EARLSFIELD,P61046,1432,stop,2026-04-02,14:49:00,,
EPSOM - NORWOOD JUNCTION,P25244,1445,stop,2026-04-27,14:45:00,,
EPSOM - NORWOOD JUNCTION,P25244,1445,stop,2026-04-29,14:45:00,,
EPSOM - NORWOOD JUNCTION,P25245,1445,stop,2026-04-11,14:45:00,,
EPSOM - NORWOOD JUNCTION,P25244,1445,stop,2026-04-21,14:45:00,,
EPSOM - NORWOOD JUNCTION,X01408,1445,stop,2026-04-06,14:45:00,,
EPSOM - NORWOOD JUNCTION,P25244,1445,stop,2026-04-06,14:45:00,,
EPSOM - NORWOOD JUNCTION,P25245,1445,stop,2026-04-18,14:45:00,,
EPSOM - NORWOOD JUNCTION,P25244,1445,stop,2026-04-24,14:45:00,,
EPSOM - NORWOOD JUNCTION,P25244,1445,stop,2026-04-03,14:45:00,,
EPSOM - NORWOOD JUNCTION,P25245,1445,stop,2026-04-04,14:45:00,,
EPSOM - NORWOOD JUNCTION,P25244,1445,stop,2026-04-13,14:45:00,,
EPSOM - NORWOOD JUNCTION,X96242,1445,stop,2026-04-03,14:45:00,,
DORKING - EARLSFIELD,P61046,1432,stop,2026-04-13,14:49:00,,
DORKING - EARLSFIELD,P61046,1432,stop,2026-04-22,14:49:00,,
DORKING - EARLSFIELD,P61046,1432,stop,2026-04-01,14:49:00,,
DORKING - EARLSFIELD,P61046,1432,stop,2026-04-03,14:49:00,,
DORKING - EARLSFIELD,P61046,1432,stop,2026-04-16,14:49:00,,
DORKING - EARLSFIELD,P61046,1432,stop,2026-04-24,14:49:00,,
DORKING - EARLSFIELD,Q38573,1432,stop,2026-04-03,14:49:00,,
DORKING - EARLSFIELD,P61046,1432,stop,2026-04-14,14:49:00,,
DORKING - EARLSFIELD,P61047,1432,stop,2026-04-25,14:49:00,,
DORKING - EARLSFIELD,P61046,1432,stop,2026-04-29,14:49:00,,
DORKING - EARLSFIELD,Q50196,1432,stop,2026-04-06,14:49:00,,
DORKING - EARLSFIELD,P61046,1432,stop,2026-04-09,14:49:00,,
DORKING - EARLSFIELD,P61046,1432,stop,2026-04-10,14:49:00,,
DORKING - EARLSFIELD,P61046,1432,stop,2026-04-20,14:49:00,,
DORKING - EARLSFIELD,P61046,1432,stop,2026-04-08,14:49:00,,
DORKING - EARLSFIELD,P61047,1432,stop,2026-04-11,14:49:00,,
BALHAM - DORKING,P26670,1411,stop,2026-04-20,14:52:00,,
BALHAM - DORKING,P26671,1411,stop,2026-04-11,14:52:00,,
BALHAM - DORKING,P26670,1411,stop,2026-04-02,14:52:00,,
BALHAM - DORKING,P26670,1411,stop,2026-04-23,14:52:00,,
BALHAM - DORKING,P26670,1411,stop,2026-04-10,14:52:00,,
BALHAM - DORKING (3),P26672,1408,stop,2026-04-12,14:51:00,,
BALHAM - DORKING (3),P26672,1408,stop,2026-04-26,14:51:00,,
MITCHAM EASTFIELDS - DORKING,P26672,1408,stop,2026-04-19,14:51:00,,
DORKING - EARLSFIELD,P61046,1432,stop,2026-04-27,14:49:00,,
DORKING - EARLSFIELD,P61046,1432,stop,2026-04-28,14:49:00,,
DORKING - EARLSFIELD,P61046,1432,stop,2026-04-17,14:49:00,,
DORKING - EARLSFIELD,P61046,1432,stop,2026-04-07,14:49:00,,
DORKING - EARLSFIELD,P61046,1432,stop,2026-04-15,14:49:00,,
DORKING - EARLSFIELD,P61046,1432,stop,2026-04-30,14:49:00,,
DORKING - EARLSFIELD,P61046,1432,stop,2026-04-06,14:49:00,,
DORKING - EARLSFIELD,P61046,1432,stop,2026-04-23,14:49:00,,
BALHAM - DORKING,P26670,1411,stop,2026-04-28,14:52:00,,
BALHAM - DORKING,P26670,1411,stop,2026-04-06,14:52:00,,
BALHAM - DORKING,P26670,1411,stop,2026-04-09,14:52:00,,
BALHAM - DORKING,P26670,1411,stop,2026-04-21,14:52:00,,
BALHAM - DORKING,P26670,1411,stop,2026-04-07,14:52:00,,
BALHAM - DORKING,X96289,1411,stop,2026-04-03,14:52:00,,
BALHAM - DORKING,P26670,1411,stop,2026-04-22,14:52:00,,
BALHAM - DORKING,P26670,1411,stop,2026-04-03,14:52:00,,
BALHAM - DORKING,P26670,1411,stop,2026-04-16,14:52:00,,
BALHAM - DORKING,P26670,1411,stop,2026-04-27,14:52:00,,
BALHAM - DORKING,P26670,1411,stop,2026-04-30,14:52:00,,
BALHAM - DORKING,P26670,1411,stop,2026-04-14,14:52:00,,
BALHAM - DORKING,P26670,1411,stop,2026-04-01,14:52:00,,
BALHAM - DORKING,P26670,1411,stop,2026-04-15,14:52:00,,
BALHAM - DORKING,P26671,1411,stop,2026-04-04,14:52:00,,
SUTTON (SURREY) - DORKING,X04922,1425,stop,2026-04-12,14:52:00,,
EARLSFIELD - DORKING,P61037,1423,stop,2026-04-09,14:58:00,,
EARLSFIELD - DORKING,P61037,1423,stop,2026-04-21,14:58:00,,
WORCESTER PARK - EFFINGHAM JUNCTION,Q54805,1435,stop,2026-04-12,14:56:00,,
EFFINGHAM JUNCTION - WORCESTER PARK,Q54769,1415,stop,2026-04-12,14:56:00,,
BALHAM - DORKING (6),P26672,1408,stop,2026-04-05,14:55:00,,
GUILDFORD - EARLSFIELD,L74266,1420,stop,2026-04-05,14:53:00,,
GUILDFORD - EARLSFIELD,L74266,1420,stop,2026-04-19,14:53:00,,
GUILDFORD - EARLSFIELD,L74266,1420,stop,2026-04-26,14:53:00,,
GUILDFORD - EARLSFIELD,L74266,1420,stop,2026-04-12,14:53:00,,
BALHAM - DORKING,P26670,1411,stop,2026-04-08,14:52:00,,
BALHAM - DORKING,X00947,1411,stop,2026-04-06,14:52:00,,
BALHAM - DORKING,P26670,1411,stop,2026-04-29,14:52:00,,
BALHAM - DORKING,P26671,1411,stop,2026-04-25,14:52:00,,
BALHAM - DORKING,P26670,1411,stop,2026-04-17,14:52:00,,
BALHAM - DORKING,P26670,1411,stop,2026-04-24,14:52:00,,
BALHAM - DORKING,P26670,1411,stop,2026-04-13,14:52:00,,
EARLSFIELD - DORKING,P61038,1423,stop,2026-04-11,14:58:00,,
EARLSFIELD - DORKING,P61037,1423,stop,2026-04-30,14:58:00,,
EARLSFIELD - DORKING,P61037,1423,stop,2026-04-24,14:58:00,,
EARLSFIELD - DORKING,P61037,1423,stop,2026-04-13,14:58:00,,
EARLSFIELD - DORKING,P61037,1423,stop,2026-04-23,14:58:00,,
EARLSFIELD - DORKING,P61037,1423,stop,2026-04-06,14:58:00,,
EARLSFIELD - DORKING,Q50223,1423,stop,2026-04-06,14:58:00,,
EARLSFIELD - DORKING,P61037,1423,stop,2026-04-29,14:58:00,,
EARLSFIELD - DORKING,P61038,1423,stop,2026-04-25,14:58:00,,
EARLSFIELD - DORKING,P61038,1423,stop,2026-04-18,14:58:00,,
EARLSFIELD - DORKING,P61037,1423,stop,2026-04-14,14:58:00,,
EARLSFIELD - DORKING,Q38582,1423,stop,2026-04-03,14:58:00,,
EARLSFIELD - DORKING,P61037,1423,stop,2026-04-03,14:58:00,,
EARLSFIELD - DORKING,P61037,1423,stop,2026-04-01,14:58:00,,
EARLSFIELD - DORKING,P61037,1423,stop,2026-04-16,14:58:00,,
EARLSFIELD - DORKING,P61037,1423,stop,2026-04-02,14:58:00,,
HORSHAM - BALHAM,P26679,1414,stop,2026-04-23,15:01:00,,
HORSHAM - BALHAM,P26679,1414,stop,2026-04-30,15:01:00,,
HORSHAM - BALHAM,P26679,1414,stop,2026-04-20,15:01:00,,
DORKING - BALHAM (4),P26681,1442,stop,2026-04-26,15:00:00,,
DORKING - BALHAM (4),P26681,1442,stop,2026-04-12,15:00:00,,
DORKING - MITCHAM EASTFIELDS,P26681,1442,stop,2026-04-19,15:00:00,,
EARLSFIELD - DORKING,P61037,1423,stop,2026-04-17,14:58:00,,
EARLSFIELD - DORKING,P61037,1423,stop,2026-04-10,14:58:00,,
EARLSFIELD - DORKING,P61038,1423,stop,2026-04-04,14:58:00,,
EARLSFIELD - DORKING,P61037,1423,stop,2026-04-20,14:58:00,,
EARLSFIELD - DORKING,P61037,1423,stop,2026-04-07,14:58:00,,
EARLSFIELD - DORKING,P61037,1423,stop,2026-04-22,14:58:00,,
EARLSFIELD - DORKING,P61037,1423,stop,2026-04-27,14:58:00,,
EARLSFIELD - DORKING,P61037,1423,stop,2026-04-08,14:58:00,,
EARLSFIELD - DORKING,P61037,1423,stop,2026-04-15,14:58:00,,
EARLSFIELD - DORKING,P61037,1423,stop,2026-04-28,14:58:00,,
HORSHAM - BALHAM,P26679,1414,stop,2026-04-24,15:01:00,,
HORSHAM - MITCHAM EASTFIELDS,P26680,1420,stop,2026-04-18,15:01:00,,
HORSHAM - BALHAM,P26680,1414,stop,2026-04-11,15:01:00,,
HORSHAM - BALHAM,P26679,1414,stop,2026-04-15,15:01:00,,
HORSHAM - BALHAM,P26679,1414,stop,2026-04-02,15:01:00,,
HORSHAM - BALHAM,P26680,1414,stop,2026-04-04,15:01:00,,
HORSHAM - BALHAM,P26679,1414,stop,2026-04-03,15:01:00,,
HORSHAM - BALHAM,P26679,1414,stop,2026-04-13,15:01:00,,
HORSHAM - BALHAM,P26680,1414,stop,2026-04-25,15:01:00,,
HORSHAM - BALHAM,P26679,1414,stop,2026-04-29,15:01:00,,
HORSHAM - BALHAM,P26679,1414,stop,2026-04-16,15:01:00,,
HORSHAM - BALHAM,P26679,1414,stop,2026-04-28,15:01:00,,
HORSHAM - BALHAM,P26679,1414,stop,2026-04-27,15:01:00,,
HORSHAM - BALHAM,X96284,1414,stop,2026-04-03,15:01:00,,
HORSHAM - BALHAM,P26679,1414,stop,2026-04-10,15:01:00,,
HORSHAM - BALHAM,P26679,1414,stop,2026-04-08,15:01:00,,
DORKING - SUTTON (SURREY),X04884,1433,stop,2026-04-12,15:09:00,,
EARLSFIELD - GUILDFORD (2),P61605,1432,stop,2026-04-05,15:07:00,,
EARLSFIELD - GUILDFORD (2),P61605,1432,stop,2026-04-12,15:07:00,,
EARLSFIELD - GUILDFORD (2),P61605,1432,stop,2026-04-19,15:07:00,,
EARLSFIELD - GUILDFORD (2),P61605,1432,stop,2026-04-26,15:07:00,,
MITCHAM EASTFIELDS - DORKING (2),P26671,1420,stop,2026-04-18,15:05:00,,
DORKING - BALHAM (5),P26681,1446,stop,2026-04-05,15:03:00,,
HORSHAM - BALHAM,P26679,1414,stop,2026-04-17,15:01:00,,
HORSHAM - BALHAM,P26679,1414,stop,2026-04-09,15:01:00,,
HORSHAM - BALHAM,P26679,1414,stop,2026-04-07,15:01:00,,
HORSHAM - BALHAM,P26679,1414,stop,2026-04-06,15:01:00,,
HORSHAM - BALHAM,P26679,1414,stop,2026-04-01,15:01:00,,
HORSHAM - BALHAM,X00950,1414,stop,2026-04-06,15:01:00,,
HORSHAM - BALHAM,P26679,1414,stop,2026-04-21,15:01:00,,
HORSHAM - BALHAM,P26679,1414,stop,2026-04-22,15:01:00,,
HORSHAM - BALHAM,P26679,1414,stop,2026-04-14,15:01:00,,
EPSOM - NORWOOD JUNCTION,P25248,1515,stop,2026-04-16,15:15:00,,
EPSOM - NORWOOD JUNCTION,P25248,1515,stop,2026-04-13,15:15:00,,
EPSOM - NORWOOD JUNCTION,P25249,1515,stop,2026-04-11,15:15:00,,
EPSOM - NORWOOD JUNCTION,X96201,1515,stop,2026-04-03,15:15:00,,
EPSOM - NORWOOD JUNCTION,P25248,1515,stop,2026-04-09,15:15:00,,
EPSOM - NORWOOD JUNCTION,P25248,1515,stop,2026-04-03,15:15:00,,
EPSOM - NORWOOD JUNCTION,P25249,1515,stop,2026-04-18,15:15:00,,
EPSOM - NORWOOD JUNCTION,P25248,1515,stop,2026-04-06,15:15:00,,
EPSOM - NORWOOD JUNCTION,X01410,1515,stop,2026-04-06,15:15:00,,
EPSOM - NORWOOD JUNCTION,P25248,1515,stop,2026-04-20,15:15:00,,
EPSOM - NORWOOD JUNCTION,P25249,1515,stop,2026-04-25,15:15:00,,
EPSOM - NORWOOD JUNCTION,P25248,1515,stop,2026-04-22,15:15:00,,
EPSOM - NORWOOD JUNCTION,P25248,1515,stop,2026-04-24,15:15:00,,
EPSOM - NORWOOD JUNCTION,P25248,1515,stop,2026-04-17,15:15:00,,
EPSOM - NORWOOD JUNCTION,P25248,1515,stop,2026-04-08,15:15:00,,
EPSOM - NORWOOD JUNCTION,P25248,1515,stop,2026-04-21,15:15:00,,
GUILDFORD - EARLSFIELD,L74270,1445,stop,2026-04-03,15:19:00,,
GUILDFORD - EARLSFIELD,L74270,1445,stop,2026-04-30,15:19:00,,
GUILDFORD - EARLSFIELD,L74270,1445,stop,2026-04-15,15:19:00,,
GUILDFORD - EARLSFIELD,L74270,1445,stop,2026-04-29,15:19:00,,
EPSOM - NORWOOD JUNCTION,P25248,1515,stop,2026-04-29,15:15:00,,
EPSOM - NORWOOD JUNCTION,P25248,1515,stop,2026-04-10,15:15:00,,
EPSOM - NORWOOD JUNCTION,P25248,1515,stop,2026-04-27,15:15:00,,
EPSOM - NORWOOD JUNCTION,P25248,1515,stop,2026-04-30,15:15:00,,
EPSOM - NORWOOD JUNCTION,P25248,1515,stop,2026-04-28,15:15:00,,
EPSOM - NORWOOD JUNCTION,P25248,1515,stop,2026-04-07,15:15:00,,
EPSOM - NORWOOD JUNCTION,P25248,1515,stop,2026-04-23,15:15:00,,
EPSOM - NORWOOD JUNCTION,P25249,1515,stop,2026-04-04,15:15:00,,
EPSOM - NORWOOD JUNCTION,P25248,1515,stop,2026-04-15,15:15:00,,
EPSOM - NORWOOD JUNCTION,P25248,1515,stop,2026-04-02,15:15:00,,
EPSOM - NORWOOD JUNCTION,P25248,1515,stop,2026-04-01,15:15:00,,
EPSOM - NORWOOD JUNCTION,P25248,1515,stop,2026-04-14,15:15:00,,
GUILDFORD - EARLSFIELD,L74271,1445,stop,2026-04-18,15:19:00,,
GUILDFORD - EARLSFIELD,L74270,1445,stop,2026-04-21,15:19:00,,
GUILDFORD - EARLSFIELD,L74270,1445,stop,2026-04-14,15:19:00,,
GUILDFORD - EARLSFIELD,L74270,1445,stop,2026-04-13,15:19:00,,
GUILDFORD - EARLSFIELD,L74270,1445,stop,2026-04-02,15:19:00,,
GUILDFORD - EARLSFIELD,L74271,1445,stop,2026-04-25,15:19:00,,
GUILDFORD - EARLSFIELD,L74270,1445,stop,2026-04-24,15:19:00,,
GUILDFORD - EARLSFIELD,L74270,1445,stop,2026-04-16,15:19:00,,
GUILDFORD - EARLSFIELD,L74270,1445,stop,2026-04-23,15:19:00,,
GUILDFORD - EARLSFIELD,L74270,1445,stop,2026-04-08,15:19:00,,
GUILDFORD - EARLSFIELD,L74270,1445,stop,2026-04-17,15:19:00,,
GUILDFORD - EARLSFIELD,L74270,1445,stop,2026-04-09,15:19:00,,
GUILDFORD - EARLSFIELD,L74270,1445,stop,2026-04-28,15:19:00,,
GUILDFORD - EARLSFIELD,L74271,1445,stop,2026-04-04,15:19:00,,
GUILDFORD - EARLSFIELD,L74270,1445,stop,2026-04-01,15:19:00,,
GUILDFORD - EARLSFIELD,L74270,1445,stop,2026-04-07,15:19:00,,
DORKING - EARLSFIELD,P61048,1507,stop,2026-04-05,15:23:00,,
DORKING - EARLSFIELD,P61048,1507,stop,2026-04-26,15:23:00,,
DORKING - EARLSFIELD,P61048,1507,stop,2026-04-19,15:23:00,,
DORKING - EARLSFIELD,P61048,1507,stop,2026-04-12,15:23:00,,
SUTTON (SURREY) - DORKING,X04921,1455,stop,2026-04-12,15:22:00,,
MITCHAM EASTFIELDS - DORKING,P26678,1438,stop,2026-04-19,15:21:00,,
BALHAM - DORKING (3),P26678,1438,stop,2026-04-26,15:21:00,,
BALHAM - DORKING (3),P26678,1438,stop,2026-04-12,15:21:00,,
GUILDFORD - EARLSFIELD,L74270,1445,stop,2026-04-22,15:19:00,,
GUILDFORD - EARLSFIELD,L74270,1445,stop,2026-04-10,15:19:00,,
GUILDFORD - EARLSFIELD,L74271,1445,stop,2026-04-11,15:19:00,,
GUILDFORD - EARLSFIELD,Q88878,1445,stop,2026-04-03,15:19:00,,
GUILDFORD - EARLSFIELD,L74270,1445,stop,2026-04-27,15:19:00,,
GUILDFORD - EARLSFIELD,L74270,1445,stop,2026-04-06,15:19:00,,
GUILDFORD - EARLSFIELD,L74270,1445,stop,2026-04-20,15:19:00,,
GUILDFORD - EARLSFIELD,Q50139,1445,stop,2026-04-06,15:19:00,,
BALHAM - HORSHAM,P26676,1441,stop,2026-04-23,15:24:00,,
BALHAM - HORSHAM,P26677,1441,stop,2026-04-04,15:24:00,,
BALHAM - HORSHAM,P26676,1441,stop,2026-04-03,15:24:00,,
BALHAM - HORSHAM,P26677,1441,stop,2026-04-25,15:24:00,,
BALHAM - HORSHAM,P26676,1441,stop,2026-04-14,15:24:00,,
BALHAM - HORSHAM,P26676,1441,stop,2026-04-10,15:24:00,,
BALHAM - HORSHAM,P26676,1441,stop,2026-04-13,15:24:00,,
BALHAM - HORSHAM,P26676,1441,stop,2026-04-17,15:24:00,,
BALHAM - HORSHAM,P26676,1441,stop,2026-04-30,15:24:00,,
BALHAM - HORSHAM,P26676,1441,stop,2026-04-08,15:24:00,,
BALHAM - HORSHAM,P26676,1441,stop,2026-04-16,15:24:00,,
BALHAM - HORSHAM,P26676,1441,stop,2026-04-07,15:24:00,,
BALHAM - HORSHAM,P26676,1441,stop,2026-04-09,15:24:00,,
BALHAM - HORSHAM,P26677,1441,stop,2026-04-11,15:24:00,,
BALHAM - HORSHAM,P26676,1441,stop,2026-04-29,15:24:00,,
BALHAM - HORSHAM,P26676,1441,stop,2026-04-21,15:24:00,,
EARLSFIELD - GUILDFORD (2),P61603,1453,stop,2026-04-09,15:28:00,,
EARLSFIELD - GUILDFORD (2),P61603,1453,stop,2026-04-23,15:28:00,,
DORKING - WORCESTER PARK,Q54841,1450,stop,2026-04-12,15:26:00,,
WORCESTER PARK - DORKING,Q54893,1505,stop,2026-04-12,15:26:00,,
BALHAM - DORKING (6),P26678,1438,stop,2026-04-05,15:25:00,,
BALHAM - HORSHAM,X00949,1441,stop,2026-04-06,15:24:00,,
BALHAM - HORSHAM,P26676,1441,stop,2026-04-20,15:24:00,,
BALHAM - HORSHAM,P26676,1441,stop,2026-04-27,15:24:00,,
BALHAM - HORSHAM,P26676,1441,stop,2026-04-15,15:24:00,,
BALHAM - HORSHAM,P26676,1441,stop,2026-04-22,15:24:00,,
BALHAM - HORSHAM,P26676,1441,stop,2026-04-06,15:24:00,,
BALHAM - HORSHAM,P26676,1441,stop,2026-04-01,15:24:00,,
BALHAM - HORSHAM,P26676,1441,stop,2026-04-28,15:24:00,,
BALHAM - HORSHAM,X96249,1441,stop,2026-04-03,15:24:00,,
BALHAM - HORSHAM,P26676,1441,stop,2026-04-02,15:24:00,,
BALHAM - HORSHAM,P26676,1441,stop,2026-04-24,15:24:00,,
EARLSFIELD - GUILDFORD (2),P61603,1453,stop,2026-04-13,15:28:00,,
EARLSFIELD - GUILDFORD (2),P61604,1453,stop,2026-04-18,15:28:00,,
EARLSFIELD - GUILDFORD (2),P61603,1453,stop,2026-04-27,15:28:00,,
EARLSFIELD - GUILDFORD (2),P61604,1453,stop,2026-04-11,15:28:00,,
EARLSFIELD - GUILDFORD (2),P61603,1453,stop,2026-04-24,15:28:00,,
EARLSFIELD - GUILDFORD (2),P61603,1453,stop,2026-04-16,15:28:00,,
EARLSFIELD - GUILDFORD (2),P61603,1453,stop,2026-04-10,15:28:00,,
EARLSFIELD - GUILDFORD (2),P61603,1453,stop,2026-04-08,15:28:00,,
EARLSFIELD - GUILDFORD (2),P61603,1453,stop,2026-04-17,15:28:00,,
EARLSFIELD - GUILDFORD (2),P61603,1453,stop,2026-04-28,15:28:00,,
EARLSFIELD - GUILDFORD (2),P61603,1453,stop,2026-04-22,15:28:00,,
EARLSFIELD - GUILDFORD (2),P61603,1453,stop,2026-04-07,15:28:00,,
EARLSFIELD - GUILDFORD (2),P61604,1453,stop,2026-04-04,15:28:00,,
EARLSFIELD - GUILDFORD (2),P61603,1453,stop,2026-04-14,15:28:00,,
EARLSFIELD - GUILDFORD (2),P61603,1453,stop,2026-04-15,15:28:00,,
EARLSFIELD - GUILDFORD (2),P61603,1453,stop,2026-04-30,15:28:00,,
DORKING - BALHAM (3),P26685,1517,stop,2026-04-03,15:33:00,,
MITCHAM EASTFIELDS - HORSHAM (2),P26677,1450,stop,2026-04-18,15:33:00,,
DORKING - MITCHAM EASTFIELDS (2),P26686,1517,stop,2026-04-18,15:32:00,,
DORKING - BALHAM (4),P26687,1512,stop,2026-04-12,15:30:00,,
DORKING - BALHAM (4),P26687,1512,stop,2026-04-26,15:30:00,,
DORKING - MITCHAM EASTFIELDS,P26687,1512,stop,2026-04-19,15:30:00,,
EARLSFIELD - GUILDFORD (2),P61603,1453,stop,2026-04-02,15:28:00,,
EARLSFIELD - GUILDFORD (2),P61603,1453,stop,2026-04-01,15:28:00,,
EARLSFIELD - GUILDFORD (2),Q38558,1453,stop,2026-04-03,15:28:00,,
EARLSFIELD - GUILDFORD (2),P61603,1453,stop,2026-04-29,15:28:00,,
EARLSFIELD - GUILDFORD (2),P61604,1453,stop,2026-04-25,15:28:00,,
EARLSFIELD - GUILDFORD (2),P61603,1453,stop,2026-04-21,15:28:00,,
EARLSFIELD - GUILDFORD (2),P61603,1453,stop,2026-04-03,15:28:00,,
EARLSFIELD - GUILDFORD (2),P61603,1453,stop,2026-04-20,15:28:00,,
EARLSFIELD - GUILDFORD (2),P61603,1453,stop,2026-04-06,15:28:00,,
EARLSFIELD - GUILDFORD (2),Q50121,1453,stop,2026-04-06,15:28:00,,
DORKING - BALHAM (3),P26685,1517,stop,2026-04-15,15:33:00,,
DORKING - BALHAM (3),P26685,1517,stop,2026-04-27,15:33:00,,
DORKING - BALHAM (3),P26686,1517,stop,2026-04-04,15:33:00,,
DORKING - BALHAM (3),P26685,1517,stop,2026-04-23,15:33:00,,
DORKING - BALHAM (5),P26687,1516,stop,2026-04-05,15:33:00,,
DORKING - BALHAM (3),P26685,1517,stop,2026-04-01,15:33:00,,
DORKING - BALHAM (3),P26685,1517,stop,2026-04-08,15:33:00,,
DORKING - BALHAM (3),P26685,1517,stop,2026-04-29,15:33:00,,
DORKING - BALHAM (3),P26685,1517,stop,2026-04-16,15:33:00,,
DORKING - BALHAM (3),P26685,1517,stop,2026-04-06,15:33:00,,
DORKING - BALHAM (3),P26685,1517,stop,2026-04-28,15:33:00,,
DORKING - BALHAM (3),P26685,1517,stop,2026-04-21,15:33:00,,
DORKING - BALHAM (3),P26686,1517,stop,2026-04-11,15:33:00,,
DORKING - BALHAM (3),P26685,1517,stop,2026-04-07,15:33:00,,
DORKING - BALHAM (3),X96198,1517,stop,2026-04-03,15:33:00,,
DORKING - BALHAM (3),P26685,1517,stop,2026-04-22,15:33:00,,
DORKING - SUTTON (SURREY),X04883,1503,stop,2026-04-12,15:39:00,,
EARLSFIELD - DORKING,P61045,1502,stop,2026-04-26,15:37:00,,
EARLSFIELD - DORKING,P61045,1502,stop,2026-04-19,15:37:00,,
EARLSFIELD - DORKING,P61045,1502,stop,2026-04-12,15:37:00,,
EARLSFIELD - DORKING,P61045,1502,stop,2026-04-05,15:37:00,,
DORKING - BALHAM (3),P26685,1517,stop,2026-04-14,15:33:00,,
DORKING - BALHAM (3),P26685,1517,stop,2026-04-30,15:33:00,,
DORKING - BALHAM (3),X00952,1517,stop,2026-04-06,15:33:00,,
DORKING - BALHAM (3),P26685,1517,stop,2026-04-17,15:33:00,,
DORKING - BALHAM (3),P26685,1517,stop,2026-04-20,15:33:00,,
DORKING - BALHAM (3),P26685,1517,stop,2026-04-13,15:33:00,,
DORKING - BALHAM (3),P26685,1517,stop,2026-04-02,15:33:00,,
DORKING - BALHAM (3),P26685,1517,stop,2026-04-09,15:33:00,,
DORKING - BALHAM (3),P26686,1517,stop,2026-04-25,15:33:00,,
DORKING - BALHAM (3),P26685,1517,stop,2026-04-10,15:33:00,,
DORKING - BALHAM (3),P26685,1517,stop,2026-04-24,15:33:00,,
EPSOM - NORWOOD JUNCTION,P25252,1545,stop,2026-04-03,15:45:00,,
EPSOM - NORWOOD JUNCTION,P25252,1545,stop,2026-04-23,15:45:00,,
EPSOM - NORWOOD JUNCTION,X96161,1545,stop,2026-04-03,15:45:00,,
EPSOM - NORWOOD JUNCTION,P25252,1545,stop,2026-04-27,15:45:00,,
EPSOM - NORWOOD JUNCTION,P25253,1545,stop,2026-04-04,15:45:00,,
EPSOM - NORWOOD JUNCTION,P25253,1545,stop,2026-04-25,15:45:00,,
EPSOM - NORWOOD JUNCTION,P25252,1545,stop,2026-04-10,15:45:00,,
EPSOM - NORWOOD JUNCTION,P25252,1545,stop,2026-04-08,15:45:00,,
EPSOM - NORWOOD JUNCTION,P25252,1545,stop,2026-04-01,15:45:00,,
EPSOM - NORWOOD JUNCTION,P25252,1545,stop,2026-04-22,15:45:00,,
EPSOM - NORWOOD JUNCTION,P25252,1545,stop,2026-04-29,15:45:00,,
EPSOM - NORWOOD JUNCTION,P25252,1545,stop,2026-04-07,15:45:00,,
EPSOM - NORWOOD JUNCTION,P25252,1545,stop,2026-04-28,15:45:00,,
EPSOM - NORWOOD JUNCTION,P25252,1545,stop,2026-04-09,15:45:00,,
EPSOM - NORWOOD JUNCTION,P25252,1545,stop,2026-04-13,15:45:00,,
EPSOM - NORWOOD JUNCTION,P25252,1545,stop,2026-04-17,15:45:00,,
DORKING - EARLSFIELD,P61052,1532,stop,2026-04-03,15:49:00,,
DORKING - EARLSFIELD,P61053,1532,stop,2026-04-25,15:49:00,,
DORKING - EARLSFIELD,P61052,1532,stop,2026-04-30,15:49:00,,
DORKING - EARLSFIELD,P61053,1532,stop,2026-04-18,15:49:00,,
EPSOM - NORWOOD JUNCTION,P25252,1545,stop,2026-04-24,15:45:00,,
EPSOM - NORWOOD JUNCTION,P25252,1545,stop,2026-04-14,15:45:00,,
EPSOM - NORWOOD JUNCTION,P25252,1545,stop,2026-04-02,15:45:00,,
EPSOM - NORWOOD JUNCTION,P25252,1545,stop,2026-04-06,15:45:00,,
EPSOM - NORWOOD JUNCTION,P25253,1545,stop,2026-04-18,15:45:00,,
EPSOM - NORWOOD JUNCTION,P25252,1545,stop,2026-04-21,15:45:00,,
EPSOM - NORWOOD JUNCTION,P25253,1545,stop,2026-04-11,15:45:00,,
EPSOM - NORWOOD JUNCTION,P25252,1545,stop,2026-04-16,15:45:00,,
EPSOM - NORWOOD JUNCTION,P25252,1545,stop,2026-04-30,15:45:00,,
EPSOM - NORWOOD JUNCTION,X01412,1545,stop,2026-04-06,15:45:00,,
EPSOM - NORWOOD JUNCTION,P25252,1545,stop,2026-04-15,15:45:00,,
EPSOM - NORWOOD JUNCTION,P25252,1545,stop,2026-04-20,15:45:00,,
DORKING - EARLSFIELD,P61052,1532,stop,2026-04-24,15:49:00,,
DORKING - EARLSFIELD,Q50045,1532,stop,2026-04-06,15:49:00,,
DORKING - EARLSFIELD,P61052,1532,stop,2026-04-13,15:49:00,,
DORKING - EARLSFIELD,P61052,1532,stop,2026-04-06,15:49:00,,
DORKING - EARLSFIELD,P61052,1532,stop,2026-04-01,15:49:00,,
DORKING - EARLSFIELD,P61052,1532,stop,2026-04-02,15:49:00,,
DORKING - EARLSFIELD,P61052,1532,stop,2026-04-07,15:49:00,,
DORKING - EARLSFIELD,P61052,1532,stop,2026-04-16,15:49:00,,
DORKING - EARLSFIELD,Q38529,1532,stop,2026-04-03,15:49:00,,
DORKING - EARLSFIELD,P61052,1532,stop,2026-04-09,15:49:00,,
DORKING - EARLSFIELD,P61052,1532,stop,2026-04-28,15:49:00,,
DORKING - EARLSFIELD,P61052,1532,stop,2026-04-15,15:49:00,,
DORKING - EARLSFIELD,P61053,1532,stop,2026-04-04,15:49:00,,
DORKING - EARLSFIELD,P61052,1532,stop,2026-04-14,15:49:00,,
DORKING - EARLSFIELD,P61052,1532,stop,2026-04-27,15:49:00,,
DORKING - EARLSFIELD,P61052,1532,stop,2026-04-29,15:49:00,,
BALHAM - DORKING,P26682,1511,stop,2026-04-20,15:52:00,,
BALHAM - DORKING,P26682,1511,stop,2026-04-10,15:52:00,,
BALHAM - DORKING,P26682,1511,stop,2026-04-17,15:52:00,,
BALHAM - DORKING,P26682,1511,stop,2026-04-23,15:52:00,,
BALHAM - DORKING,P26682,1511,stop,2026-04-27,15:52:00,,
BALHAM - DORKING (3),P26684,1508,stop,2026-04-26,15:51:00,,
MITCHAM EASTFIELDS - DORKING,P26684,1508,stop,2026-04-19,15:51:00,,
BALHAM - DORKING (3),P26684,1508,stop,2026-04-12,15:51:00,,
DORKING - EARLSFIELD,P61052,1532,stop,2026-04-22,15:49:00,,
DORKING - EARLSFIELD,P61052,1532,stop,2026-04-20,15:49:00,,
DORKING - EARLSFIELD,P61052,1532,stop,2026-04-17,15:49:00,,
DORKING - EARLSFIELD,P61052,1532,stop,2026-04-10,15:49:00,,
DORKING - EARLSFIELD,P61052,1532,stop,2026-04-23,15:49:00,,
DORKING - EARLSFIELD,P61052,1532,stop,2026-04-08,15:49:00,,
DORKING - EARLSFIELD,P61052,1532,stop,2026-04-21,15:49:00,,
DORKING - EARLSFIELD,P61053,1532,stop,2026-04-11,15:49:00,,
BALHAM - DORKING,P26682,1511,stop,2026-04-15,15:52:00,,
BALHAM - DORKING,P26682,1511,stop,2026-04-09,15:52:00,,
BALHAM - DORKING,P26682,1511,stop,2026-04-21,15:52:00,,
BALHAM - DORKING,P26682,1511,stop,2026-04-30,15:52:00,,
BALHAM - DORKING,X00951,1511,stop,2026-04-06,15:52:00,,
BALHAM - DORKING,P26682,1511,stop,2026-04-06,15:52:00,,
BALHAM - DORKING,P26682,1511,stop,2026-04-22,15:52:00,,
SUTTON (SURREY) - DORKING,X04920,1525,stop,2026-04-12,15:52:00,,
BALHAM - DORKING,P26682,1511,stop,2026-04-29,15:52:00,,
BALHAM - DORKING,P26682,1511,stop,2026-04-03,15:52:00,,
BALHAM - DORKING,X96209,1511,stop,2026-04-03,15:52:00,,
BALHAM - DORKING,P26682,1511,stop,2026-04-08,15:52:00,,
BALHAM - DORKING,P26682,1511,stop,2026-04-24,15:52:00,,
BALHAM - DORKING,P26682,1511,stop,2026-04-16,15:52:00,,
BALHAM - DORKING,P26683,1511,stop,2026-04-11,15:52:00,,
BALHAM - DORKING,P26682,1511,stop,2026-04-13,15:52:00,,
EARLSFIELD - DORKING,P61043,1523,stop,2026-04-07,15:58:00,,
EARLSFIELD - DORKING,P61043,1523,stop,2026-04-09,15:58:00,,
EFFINGHAM JUNCTION - WORCESTER PARK,Q54768,1515,stop,2026-04-12,15:56:00,,
WORCESTER PARK - EFFINGHAM JUNCTION,Q54804,1535,stop,2026-04-12,15:56:00,,
BALHAM - DORKING (6),P26684,1508,stop,2026-04-05,15:55:00,,
GUILDFORD - EARLSFIELD,L74272,1520,stop,2026-04-12,15:53:00,,
GUILDFORD - EARLSFIELD,L74272,1520,stop,2026-04-19,15:53:00,,
GUILDFORD - EARLSFIELD,L74272,1520,stop,2026-04-05,15:53:00,,
GUILDFORD - EARLSFIELD,L74272,1520,stop,2026-04-26,15:53:00,,
BALHAM - DORKING,P26682,1511,stop,2026-04-07,15:52:00,,
BALHAM - DORKING,P26682,1511,stop,2026-04-14,15:52:00,,
BALHAM - DORKING,P26682,1511,stop,2026-04-28,15:52:00,,
BALHAM - DORKING,P26683,1511,stop,2026-04-04,15:52:00,,
BALHAM - DORKING,P26682,1511,stop,2026-04-01,15:52:00,,
BALHAM - DORKING,P26683,1511,stop,2026-04-25,15:52:00,,
BALHAM - DORKING,P26682,1511,stop,2026-04-02,15:52:00,,
EARLSFIELD - DORKING,P61043,1523,stop,2026-04-20,15:58:00,,
EARLSFIELD - DORKING,P61043,1523,stop,2026-04-27,15:58:00,,
EARLSFIELD - DORKING,Q50067,1523,stop,2026-04-06,15:58:00,,
EARLSFIELD - DORKING,P61043,1523,stop,2026-04-08,15:58:00,,
EARLSFIELD - DORKING,P61044,1523,stop,2026-04-18,15:58:00,,
EARLSFIELD - DORKING,P61043,1523,stop,2026-04-01,15:58:00,,
EARLSFIELD - DORKING,P61043,1523,stop,2026-04-22,15:58:00,,
EARLSFIELD - DORKING,P61043,1523,stop,2026-04-13,15:58:00,,
EARLSFIELD - DORKING,P61043,1523,stop,2026-04-24,15:58:00,,
EARLSFIELD - DORKING,P61043,1523,stop,2026-04-06,15:58:00,,
EARLSFIELD - DORKING,P61044,1523,stop,2026-04-11,15:58:00,,
EARLSFIELD - DORKING,P61043,1523,stop,2026-04-21,15:58:00,,
EARLSFIELD - DORKING,P61043,1523,stop,2026-04-14,15:58:00,,
EARLSFIELD - DORKING,P61043,1523,stop,2026-04-30,15:58:00,,
EARLSFIELD - DORKING,P61043,1523,stop,2026-04-03,15:58:00,,
EARLSFIELD - DORKING,Q38538,1523,stop,2026-04-03,15:58:00,,
HORSHAM - BALHAM,P26692,1514,stop,2026-04-25,16:01:00,,
HORSHAM - BALHAM,P26691,1514,stop,2026-04-03,16:01:00,,
HORSHAM - BALHAM,P26691,1514,stop,2026-04-24,16:01:00,,
DORKING - BALHAM (4),P26693,1542,stop,2026-04-12,16:00:00,,
DORKING - MITCHAM EASTFIELDS,P26693,1542,stop,2026-04-19,16:00:00,,
DORKING - BALHAM (4),P26693,1542,stop,2026-04-26,16:00:00,,
EARLSFIELD - DORKING,P61043,1523,stop,2026-04-15,15:58:00,,
EARLSFIELD - DORKING,P61043,1523,stop,2026-04-29,15:58:00,,
EARLSFIELD - DORKING,P61043,1523,stop,2026-04-17,15:58:00,,
EARLSFIELD - DORKING,P61043,1523,stop,2026-04-28,15:58:00,,
EARLSFIELD - DORKING,P61043,1523,stop,2026-04-23,15:58:00,,
EARLSFIELD - DORKING,P61044,1523,stop,2026-04-04,15:58:00,,
EARLSFIELD - DORKING,P61043,1523,stop,2026-04-02,15:58:00,,
EARLSFIELD - DORKING,P61043,1523,stop,2026-04-10,15:58:00,,
EARLSFIELD - DORKING,P61044,1523,stop,2026-04-25,15:58:00,,
EARLSFIELD - DORKING,P61043,1523,stop,2026-04-16,15:58:00,,
HORSHAM - MITCHAM EASTFIELDS,P26692,1520,stop,2026-04-18,16:01:00,,
HORSHAM - BALHAM,P26691,1514,stop,2026-04-20,16:01:00,,
HORSHAM - BALHAM,P26691,1514,stop,2026-04-13,16:01:00,,
HORSHAM - BALHAM,P26691,1514,stop,2026-04-27,16:01:00,,
HORSHAM - BALHAM,X00954,1514,stop,2026-04-06,16:01:00,,
HORSHAM - BALHAM,P26691,1514,stop,2026-04-06,16:01:00,,
HORSHAM - BALHAM,P26691,1514,stop,2026-04-10,16:01:00,,
HORSHAM - BALHAM,P26691,1514,stop,2026-04-08,16:01:00,,
HORSHAM - BALHAM,P26691,1514,stop,2026-04-29,16:01:00,,
HORSHAM - BALHAM,P26691,1514,stop,2026-04-15,16:01:00,,
HORSHAM - BALHAM,P26691,1514,stop,2026-04-14,16:01:00,,
HORSHAM - BALHAM,P26692,1514,stop,2026-04-04,16:01:00,,
HORSHAM - BALHAM,P26691,1514,stop,2026-04-22,16:01:00,,
HORSHAM - BALHAM,X96203,1514,stop,2026-04-03,16:01:00,,
HORSHAM - BALHAM,P26691,1514,stop,2026-04-21,16:01:00,,
HORSHAM - BALHAM,P26691,1514,stop,2026-04-23,16:01:00,,
GUILDFORD - EARLSFIELD,L74276,1528,stop,2026-04-01,16:09:00,,
EARLSFIELD - GUILDFORD (2),P61609,1532,stop,2026-04-26,16:07:00,,
EARLSFIELD - GUILDFORD (2),P61609,1532,stop,2026-04-12,16:07:00,,
EARLSFIELD - GUILDFORD (2),P61609,1532,stop,2026-04-19,16:07:00,,
EARLSFIELD - GUILDFORD (2),P61609,1532,stop,2026-04-05,16:07:00,,
MITCHAM EASTFIELDS - DORKING (2),P26683,1520,stop,2026-04-18,16:05:00,,
DORKING - BALHAM (5),P26693,1546,stop,2026-04-05,16:03:00,,
HORSHAM - BALHAM,P26691,1514,stop,2026-04-17,16:01:00,,
HORSHAM - BALHAM,P26691,1514,stop,2026-04-09,16:01:00,,
HORSHAM - BALHAM,P26691,1514,stop,2026-04-30,16:01:00,,
HORSHAM - BALHAM,P26692,1514,stop,2026-04-11,16:01:00,,
HORSHAM - BALHAM,P26691,1514,stop,2026-04-07,16:01:00,,
HORSHAM - BALHAM,P26691,1514,stop,2026-04-28,16:01:00,,
HORSHAM - BALHAM,P26691,1514,stop,2026-04-01,16:01:00,,
HORSHAM - BALHAM,P26691,1514,stop,2026-04-02,16:01:00,,
HORSHAM - BALHAM,P26691,1514,stop,2026-04-16,16:01:00,,
GUILDFORD - EARLSFIELD,L74276,1528,stop,2026-04-14,16:09:00,,
GUILDFORD - EARLSFIELD,L74276,1528,stop,2026-04-17,16:09:00,,
GUILDFORD - EARLSFIELD,L74276,1528,stop,2026-04-20,16:09:00,,
GUILDFORD - EARLSFIELD,L74276,1528,stop,2026-04-07,16:09:00,,
GUILDFORD - EARLSFIELD,L74276,1528,stop,2026-04-13,16:09:00,,
GUILDFORD - EARLSFIELD,L74276,1528,stop,2026-04-03,16:09:00,,
GUILDFORD - EARLSFIELD,L74276,1528,stop,2026-04-06,16:09:00,,
GUILDFORD - EARLSFIELD,L74276,1528,stop,2026-04-29,16:09:00,,
DORKING - SUTTON (SURREY),X04882,1533,stop,2026-04-12,16:09:00,,
GUILDFORD - EARLSFIELD,L74276,1528,stop,2026-04-02,16:09:00,,
GUILDFORD - EARLSFIELD,L74276,1528,stop,2026-04-23,16:09:00,,
GUILDFORD - EARLSFIELD,L74276,1528,stop,2026-04-24,16:09:00,,
GUILDFORD - EARLSFIELD,L74276,1528,stop,2026-04-16,16:09:00,,
GUILDFORD - EARLSFIELD,L74276,1528,stop,2026-04-27,16:09:00,,
GUILDFORD - EARLSFIELD,L74276,1528,stop,2026-04-15,16:09:00,,
GUILDFORD - EARLSFIELD,L74276,1528,stop,2026-04-28,16:09:00,,
EPSOM - NORWOOD JUNCTION,P25256,1615,stop,2026-04-14,16:15:00,,
EPSOM - NORWOOD JUNCTION,P25256,1615,stop,2026-04-01,16:15:00,,
EPSOM - NORWOOD JUNCTION,P25256,1615,stop,2026-04-02,16:15:00,,
EPSOM - NORWOOD JUNCTION,P25257,1615,stop,2026-04-25,16:15:00,,
EPSOM - NORWOOD JUNCTION,P25256,1615,stop,2026-04-16,16:15:00,,
EPSOM - NORWOOD JUNCTION,P25256,1615,stop,2026-04-15,16:15:00,,
EPSOM - NORWOOD JUNCTION,P25257,1615,stop,2026-04-11,16:15:00,,
EPSOM - NORWOOD JUNCTION,X96120,1615,stop,2026-04-03,16:15:00,,
EPSOM - NORWOOD JUNCTION,P25256,1615,stop,2026-04-10,16:15:00,,
EPSOM - NORWOOD JUNCTION,P25256,1615,stop,2026-04-27,16:15:00,,
GUILDFORD - EARLSFIELD,L74276,1528,stop,2026-04-08,16:09:00,,
GUILDFORD - EARLSFIELD,L74276,1528,stop,2026-04-21,16:09:00,,
GUILDFORD - EARLSFIELD,L74276,1528,stop,2026-04-10,16:09:00,,
GUILDFORD - EARLSFIELD,L74276,1528,stop,2026-04-30,16:09:00,,
GUILDFORD - EARLSFIELD,L74276,1528,stop,2026-04-09,16:09:00,,
GUILDFORD - EARLSFIELD,L74276,1528,stop,2026-04-22,16:09:00,,
EPSOM - NORWOOD JUNCTION,P25256,1615,stop,2026-04-08,16:15:00,,
EPSOM - NORWOOD JUNCTION,P25256,1615,stop,2026-04-30,16:15:00,,
EPSOM - NORWOOD JUNCTION,P25256,1615,stop,2026-04-06,16:15:00,,
EPSOM - NORWOOD JUNCTION,P25256,1615,stop,2026-04-22,16:15:00,,
EPSOM - NORWOOD JUNCTION,P25256,1615,stop,2026-04-03,16:15:00,,
EPSOM - NORWOOD JUNCTION,P25257,1615,stop,2026-04-18,16:15:00,,
EPSOM - NORWOOD JUNCTION,P25256,1615,stop,2026-04-09,16:15:00,,
EPSOM - NORWOOD JUNCTION,P25256,1615,stop,2026-04-20,16:15:00,,
EPSOM - NORWOOD JUNCTION,P25256,1615,stop,2026-04-23,16:15:00,,
EPSOM - NORWOOD JUNCTION,P25256,1615,stop,2026-04-29,16:15:00,,
EPSOM - NORWOOD JUNCTION,P25256,1615,stop,2026-04-17,16:15:00,,
EPSOM - NORWOOD JUNCTION,P25256,1615,stop,2026-04-13,16:15:00,,
EPSOM - NORWOOD JUNCTION,P25257,1615,stop,2026-04-04,16:15:00,,
EPSOM - NORWOOD JUNCTION,P25256,1615,stop,2026-04-07,16:15:00,,
EPSOM - NORWOOD JUNCTION,P25256,1615,stop,2026-04-24,16:15:00,,
EPSOM - NORWOOD JUNCTION,P25256,1615,stop,2026-04-28,16:15:00,,
DORKING - EARLSFIELD,P61054,1607,stop,2026-04-05,16:23:00,,
DORKING - EARLSFIELD,P61054,1607,stop,2026-04-26,16:23:00,,
DORKING - EARLSFIELD,P61054,1607,stop,2026-04-19,16:23:00,,
DORKING - EARLSFIELD,P61054,1607,stop,2026-04-12,16:23:00,,
SUTTON (SURREY) - DORKING,X04919,1555,stop,2026-04-12,16:22:00,,
BALHAM - DORKING (3),P26690,1538,stop,2026-04-12,16:21:00,,
MITCHAM EASTFIELDS - DORKING,P26690,1538,stop,2026-04-19,16:21:00,,
BALHAM - DORKING (3),P26690,1538,stop,2026-04-26,16:21:00,,
GUILDFORD - EARLSFIELD,L74277,1545,stop,2026-04-18,16:19:00,,
GUILDFORD - EARLSFIELD,L74277,1545,stop,2026-04-11,16:19:00,,
GUILDFORD - EARLSFIELD,L74277,1545,stop,2026-04-25,16:19:00,,
GUILDFORD - EARLSFIELD,Q49431,1545,stop,2026-04-06,16:19:00,,
GUILDFORD - EARLSFIELD,L74277,1545,stop,2026-04-04,16:19:00,,
GUILDFORD - EARLSFIELD,Q88877,1545,stop,2026-04-03,16:19:00,,
EPSOM - NORWOOD JUNCTION,P25256,1615,stop,2026-04-21,16:15:00,,
EPSOM - NORWOOD JUNCTION,X01414,1615,stop,2026-04-06,16:15:00,,
BALHAM - HORSHAM,P26688,1541,stop,2026-04-21,16:24:00,,
BALHAM - HORSHAM,P26688,1541,stop,2026-04-02,16:24:00,,
BALHAM - HORSHAM,X00953,1541,stop,2026-04-06,16:24:00,,
BALHAM - HORSHAM,P26688,1541,stop,2026-04-06,16:24:00,,
BALHAM - HORSHAM,P26688,1541,stop,2026-04-09,16:24:00,,
BALHAM - HORSHAM,P26688,1541,stop,2026-04-07,16:24:00,,
BALHAM - HORSHAM,P26689,1541,stop,2026-04-25,16:24:00,,
BALHAM - HORSHAM,P26689,1541,stop,2026-04-04,16:24:00,,
BALHAM - HORSHAM,P26688,1541,stop,2026-04-30,16:24:00,,
BALHAM - HORSHAM,P26688,1541,stop,2026-04-28,16:24:00,,
BALHAM - HORSHAM,P26688,1541,stop,2026-04-01,16:24:00,,
BALHAM - HORSHAM,P26688,1541,stop,2026-04-29,16:24:00,,
BALHAM - HORSHAM,P26688,1541,stop,2026-04-14,16:24:00,,
BALHAM - HORSHAM,P26688,1541,stop,2026-04-13,16:24:00,,
BALHAM - HORSHAM,P26688,1541,stop,2026-04-22,16:24:00,,
BALHAM - HORSHAM,P26688,1541,stop,2026-04-17,16:24:00,,
EARLSFIELD - GUILDFORD (2),P61607,1553,stop,2026-04-28,16:28:00,,
EARLSFIELD - GUILDFORD (2),P61607,1553,stop,2026-04-02,16:28:00,,
WORCESTER PARK - DORKING,Q54892,1605,stop,2026-04-12,16:26:00,,
DORKING - WORCESTER PARK,Q54834,1550,stop,2026-04-12,16:26:00,,
BALHAM - DORKING (6),P26690,1538,stop,2026-04-05,16:25:00,,
BALHAM - HORSHAM,X96168,1541,stop,2026-04-03,16:24:00,,
BALHAM - HORSHAM,P26688,1541,stop,2026-04-08,16:24:00,,
BALHAM - HORSHAM,P26688,1541,stop,2026-04-23,16:24:00,,
BALHAM - HORSHAM,P26688,1541,stop,2026-04-15,16:24:00,,
BALHAM - HORSHAM,P26688,1541,stop,2026-04-27,16:24:00,,
BALHAM - HORSHAM,P26688,1541,stop,2026-04-10,16:24:00,,
BALHAM - HORSHAM,P26689,1541,stop,2026-04-11,16:24:00,,
BALHAM - HORSHAM,P26688,1541,stop,2026-04-16,16:24:00,,
BALHAM - HORSHAM,P26688,1541,stop,2026-04-03,16:24:00,,
BALHAM - HORSHAM,P26688,1541,stop,2026-04-24,16:24:00,,
BALHAM - HORSHAM,P26688,1541,stop,2026-04-20,16:24:00,,
EARLSFIELD - GUILDFORD (2),P61607,1553,stop,2026-04-10,16:28:00,,
EARLSFIELD - GUILDFORD (2),Q49409,1553,stop,2026-04-06,16:28:00,,
EARLSFIELD - GUILDFORD (2),P61607,1553,stop,2026-04-23,16:28:00,,
EARLSFIELD - GUILDFORD (2),P61607,1553,stop,2026-04-13,16:28:00,,
EARLSFIELD - GUILDFORD (2),P61607,1553,stop,2026-04-29,16:28:00,,
EARLSFIELD - GUILDFORD (2),P61608,1553,stop,2026-04-11,16:28:00,,
EARLSFIELD - GUILDFORD (2),P61607,1553,stop,2026-04-01,16:28:00,,
EARLSFIELD - GUILDFORD (2),P61607,1553,stop,2026-04-15,16:28:00,,
EARLSFIELD - GUILDFORD (2),P61607,1553,stop,2026-04-22,16:28:00,,
EARLSFIELD - GUILDFORD (2),P61607,1553,stop,2026-04-20,16:28:00,,
EARLSFIELD - GUILDFORD (2),P61607,1553,stop,2026-04-17,16:28:00,,
EARLSFIELD - GUILDFORD (2),P61607,1553,stop,2026-04-30,16:28:00,,
EARLSFIELD - GUILDFORD (2),P61607,1553,stop,2026-04-06,16:28:00,,
EARLSFIELD - GUILDFORD (2),P61607,1553,stop,2026-04-21,16:28:00,,
EARLSFIELD - GUILDFORD (2),P61607,1553,stop,2026-04-16,16:28:00,,
EARLSFIELD - GUILDFORD (2),P61608,1553,stop,2026-04-04,16:28:00,,
DORKING - BALHAM (3),P26697,1617,stop,2026-04-03,16:33:00,,
DORKING - BALHAM (3),P26697,1617,stop,2026-04-06,16:33:00,,
DORKING - MITCHAM EASTFIELDS (2),P26698,1617,stop,2026-04-18,16:32:00,,
DORKING - MITCHAM EASTFIELDS,P26699,1612,stop,2026-04-19,16:30:00,,
DORKING - BALHAM (4),P26699,1612,stop,2026-04-12,16:30:00,,
DORKING - BALHAM (4),P26699,1612,stop,2026-04-26,16:30:00,,
EARLSFIELD - GUILDFORD (2),P61608,1553,stop,2026-04-25,16:28:00,,
EARLSFIELD - GUILDFORD (2),P61607,1553,stop,2026-04-14,16:28:00,,
EARLSFIELD - GUILDFORD (2),P61607,1553,stop,2026-04-08,16:28:00,,
EARLSFIELD - GUILDFORD (2),P61607,1553,stop,2026-04-07,16:28:00,,
EARLSFIELD - GUILDFORD (2),P61607,1553,stop,2026-04-03,16:28:00,,
EARLSFIELD - GUILDFORD (2),P61607,1553,stop,2026-04-24,16:28:00,,
EARLSFIELD - GUILDFORD (2),P61608,1553,stop,2026-04-18,16:28:00,,
EARLSFIELD - GUILDFORD (2),P61607,1553,stop,2026-04-27,16:28:00,,
EARLSFIELD - GUILDFORD (2),Q38513,1553,stop,2026-04-03,16:28:00,,
EARLSFIELD - GUILDFORD (2),P61607,1553,stop,2026-04-09,16:28:00,,
DORKING - BALHAM (3),P26697,1617,stop,2026-04-30,16:33:00,,
DORKING - BALHAM (3),P26697,1617,stop,2026-04-13,16:33:00,,
DORKING - BALHAM (3),P26697,1617,stop,2026-04-09,16:33:00,,
DORKING - BALHAM (3),P26697,1617,stop,2026-04-20,16:33:00,,
DORKING - BALHAM (3),P26697,1617,stop,2026-04-24,16:33:00,,
DORKING - BALHAM (3),P26697,1617,stop,2026-04-29,16:33:00,,
DORKING - BALHAM (3),P26697,1617,stop,2026-04-02,16:33:00,,
DORKING - BALHAM (3),P26697,1617,stop,2026-04-27,16:33:00,,
DORKING - BALHAM (3),P26697,1617,stop,2026-04-28,16:33:00,,
DORKING - BALHAM (3),P26697,1617,stop,2026-04-22,16:33:00,,
DORKING - BALHAM (3),P26697,1617,stop,2026-04-08,16:33:00,,
MITCHAM EASTFIELDS - HORSHAM (2),P26689,1550,stop,2026-04-18,16:33:00,,
DORKING - BALHAM (5),P26699,1616,stop,2026-04-05,16:33:00,,
DORKING - BALHAM (3),P26698,1617,stop,2026-04-25,16:33:00,,
DORKING - BALHAM (3),P26697,1617,stop,2026-04-14,16:33:00,,
DORKING - BALHAM (3),P26697,1617,stop,2026-04-23,16:33:00,,
GUILDFORD - EARLSFIELD,P61613,1559,stop,2026-04-10,16:39:00,,
EARLSFIELD - DORKING,P61051,1602,stop,2026-04-19,16:37:00,,
EARLSFIELD - DORKING,P61051,1602,stop,2026-04-26,16:37:00,,
EARLSFIELD - DORKING,P61051,1602,stop,2026-04-12,16:37:00,,
EARLSFIELD - DORKING,P61051,1602,stop,2026-04-05,16:37:00,,
DORKING - BALHAM (3),P26697,1617,stop,2026-04-01,16:33:00,,
DORKING - BALHAM (3),X96117,1617,stop,2026-04-03,16:33:00,,
DORKING - BALHAM (3),P26697,1617,stop,2026-04-15,16:33:00,,
DORKING - BALHAM (3),P26697,1617,stop,2026-04-21,16:33:00,,
DORKING - BALHAM (3),P26698,1617,stop,2026-04-11,16:33:00,,
DORKING - BALHAM (3),P26697,1617,stop,2026-04-17,16:33:00,,
DORKING - BALHAM (3),X00956,1617,stop,2026-04-06,16:33:00,,
DORKING - BALHAM (3),P26697,1617,stop,2026-04-07,16:33:00,,
DORKING - BALHAM (3),P26697,1617,stop,2026-04-16,16:33:00,,
DORKING - BALHAM (3),P26698,1617,stop,2026-04-04,16:33:00,,
DORKING - BALHAM (3),P26697,1617,stop,2026-04-10,16:33:00,,
GUILDFORD - EARLSFIELD,P61613,1559,stop,2026-04-30,16:39:00,,
GUILDFORD - EARLSFIELD,P61613,1559,stop,2026-04-14,16:39:00,,
GUILDFORD - EARLSFIELD,P61613,1559,stop,2026-04-21,16:39:00,,
GUILDFORD - EARLSFIELD,P61613,1559,stop,2026-04-13,16:39:00,,
GUILDFORD - EARLSFIELD,P61613,1559,stop,2026-04-16,16:39:00,,
GUILDFORD - EARLSFIELD,P61613,1559,stop,2026-04-23,16:39:00,,
GUILDFORD - EARLSFIELD,P61613,1559,stop,2026-04-20,16:39:00,,
GUILDFORD - EARLSFIELD,P61613,1559,stop,2026-04-03,16:39:00,,
GUILDFORD - EARLSFIELD,P61613,1559,stop,2026-04-27,16:39:00,,
GUILDFORD - EARLSFIELD,P61613,1559,stop,2026-04-01,16:39:00,,
GUILDFORD - EARLSFIELD,P61613,1559,stop,2026-04-06,16:39:00,,
DORKING - SUTTON (SURREY),X04881,1603,stop,2026-04-12,16:39:00,,
GUILDFORD - EARLSFIELD,P61613,1559,stop,2026-04-08,16:39:00,,
GUILDFORD - EARLSFIELD,P61613,1559,stop,2026-04-02,16:39:00,,
GUILDFORD - EARLSFIELD,P61613,1559,stop,2026-04-24,16:39:00,,
GUILDFORD - EARLSFIELD,P61613,1559,stop,2026-04-07,16:39:00,,
EPSOM - NORWOOD JUNCTION,P25260,1645,stop,2026-04-17,16:45:00,,
EPSOM - NORWOOD JUNCTION,P25261,1645,stop,2026-04-25,16:45:00,,
EPSOM - NORWOOD JUNCTION,P25260,1645,stop,2026-04-28,16:45:00,,
EPSOM - NORWOOD JUNCTION,P25260,1645,stop,2026-04-16,16:45:00,,
EPSOM - NORWOOD JUNCTION,P25260,1645,stop,2026-04-20,16:45:00,,
EPSOM - NORWOOD JUNCTION,P25260,1645,stop,2026-04-23,16:45:00,,
EPSOM - NORWOOD JUNCTION,P25260,1645,stop,2026-04-13,16:45:00,,
EPSOM - NORWOOD JUNCTION,P25260,1645,stop,2026-04-30,16:45:00,,
EPSOM - NORWOOD JUNCTION,P25260,1645,stop,2026-04-14,16:45:00,,
EPSOM - NORWOOD JUNCTION,P25260,1645,stop,2026-04-15,16:45:00,,
GUILDFORD - EARLSFIELD,P61613,1559,stop,2026-04-09,16:39:00,,
GUILDFORD - EARLSFIELD,P61613,1559,stop,2026-04-28,16:39:00,,
GUILDFORD - EARLSFIELD,P61613,1559,stop,2026-04-15,16:39:00,,
GUILDFORD - EARLSFIELD,P61613,1559,stop,2026-04-29,16:39:00,,
GUILDFORD - EARLSFIELD,P61613,1559,stop,2026-04-22,16:39:00,,
GUILDFORD - EARLSFIELD,P61613,1559,stop,2026-04-17,16:39:00,,
EPSOM - NORWOOD JUNCTION,P25260,1645,stop,2026-04-02,16:45:00,,
EPSOM - NORWOOD JUNCTION,P25260,1645,stop,2026-04-09,16:45:00,,
EPSOM - NORWOOD JUNCTION,P25260,1645,stop,2026-04-08,16:45:00,,
EPSOM - NORWOOD JUNCTION,P25260,1645,stop,2026-04-06,16:45:00,,
EPSOM - NORWOOD JUNCTION,X01416,1645,stop,2026-04-06,16:45:00,,
EPSOM - NORWOOD JUNCTION,P25260,1645,stop,2026-04-01,16:45:00,,
EPSOM - NORWOOD JUNCTION,P25261,1645,stop,2026-04-04,16:45:00,,
EPSOM - NORWOOD JUNCTION,P25260,1645,stop,2026-04-07,16:45:00,,
EPSOM - NORWOOD JUNCTION,P25260,1645,stop,2026-04-29,16:45:00,,
EPSOM - NORWOOD JUNCTION,P25260,1645,stop,2026-04-22,16:45:00,,
EPSOM - NORWOOD JUNCTION,P25260,1645,stop,2026-04-10,16:45:00,,
EPSOM - NORWOOD JUNCTION,P25260,1645,stop,2026-04-27,16:45:00,,
EPSOM - NORWOOD JUNCTION,P25260,1645,stop,2026-04-24,16:45:00,,
EPSOM - NORWOOD JUNCTION,P25261,1645,stop,2026-04-18,16:45:00,,
EPSOM - NORWOOD JUNCTION,P25260,1645,stop,2026-04-21,16:45:00,,
EPSOM - NORWOOD JUNCTION,P25261,1645,stop,2026-04-11,16:45:00,,
DORKING - EARLSFIELD,P61059,1632,stop,2026-04-04,16:49:00,,
DORKING - EARLSFIELD,P61058,1632,stop,2026-04-28,16:49:00,,
DORKING - EARLSFIELD,P61058,1632,stop,2026-04-20,16:49:00,,
DORKING - EARLSFIELD,P61058,1632,stop,2026-04-01,16:49:00,,
DORKING - EARLSFIELD,P61058,1632,stop,2026-04-29,16:49:00,,
DORKING - EARLSFIELD,P61058,1632,stop,2026-04-24,16:49:00,,
DORKING - EARLSFIELD,P61058,1632,stop,2026-04-10,16:49:00,,
DORKING - EARLSFIELD,P61058,1632,stop,2026-04-14,16:49:00,,
DORKING - EARLSFIELD,P61058,1632,stop,2026-04-08,16:49:00,,
DORKING - EARLSFIELD,P61058,1632,stop,2026-04-21,16:49:00,,
DORKING - EARLSFIELD,P61058,1632,stop,2026-04-06,16:49:00,,
DORKING - EARLSFIELD,Q49328,1632,stop,2026-04-06,16:49:00,,
DORKING - EARLSFIELD,P61058,1632,stop,2026-04-27,16:49:00,,
DORKING - EARLSFIELD,P61058,1632,stop,2026-04-07,16:49:00,,
EPSOM - NORWOOD JUNCTION,P25260,1645,stop,2026-04-03,16:45:00,,
EPSOM - NORWOOD JUNCTION,X96080,1645,stop,2026-04-03,16:45:00,,
BALHAM - DORKING (3),P26696,1608,stop,2026-04-12,16:51:00,,
MITCHAM EASTFIELDS - DORKING,P26696,1608,stop,2026-04-19,16:51:00,,
DORKING - EARLSFIELD,P61059,1632,stop,2026-04-25,16:49:00,,
DORKING - EARLSFIELD,P61058,1632,stop,2026-04-17,16:49:00,,
DORKING - EARLSFIELD,P61059,1632,stop,2026-04-18,16:49:00,,
DORKING - EARLSFIELD,P61058,1632,stop,2026-04-23,16:49:00,,
DORKING - EARLSFIELD,P61058,1632,stop,2026-04-22,16:49:00,,
DORKING - EARLSFIELD,P61059,1632,stop,2026-04-11,16:49:00,,
DORKING - EARLSFIELD,P61058,1632,stop,2026-04-03,16:49:00,,
DORKING - EARLSFIELD,Q38484,1632,stop,2026-04-03,16:49:00,,
DORKING - EARLSFIELD,P61058,1632,stop,2026-04-30,16:49:00,,
DORKING - EARLSFIELD,P61058,1632,stop,2026-04-15,16:49:00,,
DORKING - EARLSFIELD,P61058,1632,stop,2026-04-02,16:49:00,,
DORKING - EARLSFIELD,P61058,1632,stop,2026-04-13,16:49:00,,
DORKING - EARLSFIELD,P61058,1632,stop,2026-04-09,16:49:00,,
DORKING - EARLSFIELD,P61058,1632,stop,2026-04-16,16:49:00,,
BALHAM - DORKING (2),P26694,1612,stop,2026-04-21,16:54:00,,
BALHAM - DORKING (2),P26694,1612,stop,2026-04-09,16:54:00,,
BALHAM - DORKING (2),P26694,1612,stop,2026-04-02,16:54:00,,
BALHAM - DORKING (2),P26694,1612,stop,2026-04-13,16:54:00,,
BALHAM - DORKING (2),P26694,1612,stop,2026-04-23,16:54:00,,
GUILDFORD - EARLSFIELD,L74279,1620,stop,2026-04-26,16:53:00,,
GUILDFORD - EARLSFIELD,L74279,1620,stop,2026-04-12,16:53:00,,
GUILDFORD - EARLSFIELD,L74279,1620,stop,2026-04-19,16:53:00,,
GUILDFORD - EARLSFIELD,L74279,1620,stop,2026-04-05,16:53:00,,
BALHAM - DORKING,P26695,1611,stop,2026-04-11,16:52:00,,
BALHAM - DORKING,P26695,1611,stop,2026-04-04,16:52:00,,
BALHAM - DORKING,X96128,1611,stop,2026-04-03,16:52:00,,
BALHAM - DORKING,P26695,1611,stop,2026-04-25,16:52:00,,
SUTTON (SURREY) - DORKING,X04918,1625,stop,2026-04-12,16:52:00,,
BALHAM - DORKING,X00955,1611,stop,2026-04-06,16:52:00,,
BALHAM - DORKING (3),P26696,1608,stop,2026-04-26,16:51:00,,
BALHAM - DORKING (2),P26694,1612,stop,2026-04-29,16:54:00,,
BALHAM - DORKING (2),P26694,1612,stop,2026-04-27,16:54:00,,
BALHAM - DORKING (2),P26694,1612,stop,2026-04-08,16:54:00,,
BALHAM - DORKING (2),P26694,1612,stop,2026-04-16,16:54:00,,
BALHAM - DORKING (2),P26694,1612,stop,2026-04-28,16:54:00,,
BALHAM - DORKING (2),P26694,1612,stop,2026-04-14,16:54:00,,
BALHAM - DORKING (2),P26694,1612,stop,2026-04-30,16:54:00,,
BALHAM - DORKING (2),P26694,1612,stop,2026-04-01,16:54:00,,
BALHAM - DORKING (2),P26694,1612,stop,2026-04-07,16:54:00,,
BALHAM - DORKING (2),P26694,1612,stop,2026-04-17,16:54:00,,
BALHAM - DORKING (2),P26694,1612,stop,2026-04-20,16:54:00,,
BALHAM - DORKING (2),P26694,1612,stop,2026-04-06,16:54:00,,
BALHAM - DORKING (2),P26694,1612,stop,2026-04-10,16:54:00,,
BALHAM - DORKING (2),P26694,1612,stop,2026-04-15,16:54:00,,
BALHAM - DORKING (2),P26694,1612,stop,2026-04-22,16:54:00,,
BALHAM - DORKING (2),P26694,1612,stop,2026-04-24,16:54:00,,
EARLSFIELD - DORKING,P61049,1623,stop,2026-04-16,16:58:00,,
EARLSFIELD - DORKING,P61050,1623,stop,2026-04-25,16:58:00,,
EARLSFIELD - DORKING,P61049,1623,stop,2026-04-07,16:58:00,,
EARLSFIELD - DORKING,P61049,1623,stop,2026-04-13,16:58:00,,
EARLSFIELD - DORKING,P61049,1623,stop,2026-04-21,16:58:00,,
EARLSFIELD - DORKING,P61049,1623,stop,2026-04-08,16:58:00,,
EARLSFIELD - DORKING,P61049,1623,stop,2026-04-09,16:58:00,,
EARLSFIELD - DORKING,P61049,1623,stop,2026-04-27,16:58:00,,
EARLSFIELD - DORKING,P61049,1623,stop,2026-04-01,16:58:00,,
EARLSFIELD - DORKING,P61049,1623,stop,2026-04-02,16:58:00,,
EARLSFIELD - DORKING,P61050,1623,stop,2026-04-11,16:58:00,,
EARLSFIELD - DORKING,P61049,1623,stop,2026-04-28,16:58:00,,
WORCESTER PARK - EFFINGHAM JUNCTION,Q54803,1635,stop,2026-04-12,16:56:00,,
EFFINGHAM JUNCTION - WORCESTER PARK,Q54765,1615,stop,2026-04-12,16:56:00,,
BALHAM - DORKING (6),P26696,1608,stop,2026-04-05,16:55:00,,
BALHAM - DORKING (2),P26694,1612,stop,2026-04-03,16:54:00,,
EARLSFIELD - DORKING,P61049,1623,stop,2026-04-20,16:58:00,,
EARLSFIELD - DORKING,P61049,1623,stop,2026-04-10,16:58:00,,
EARLSFIELD - DORKING,Q38493,1623,stop,2026-04-03,16:58:00,,
EARLSFIELD - DORKING,P61049,1623,stop,2026-04-15,16:58:00,,
EARLSFIELD - DORKING,P61050,1623,stop,2026-04-04,16:58:00,,
EARLSFIELD - DORKING,P61049,1623,stop,2026-04-23,16:58:00,,
EARLSFIELD - DORKING,P61049,1623,stop,2026-04-03,16:58:00,,
EARLSFIELD - DORKING,P61049,1623,stop,2026-04-22,16:58:00,,
EARLSFIELD - DORKING,P61049,1623,stop,2026-04-17,16:58:00,,
EARLSFIELD - DORKING,P61049,1623,stop,2026-04-14,16:58:00,,
EARLSFIELD - DORKING,Q49353,1623,stop,2026-04-06,16:58:00,,
EARLSFIELD - DORKING,P61049,1623,stop,2026-04-06,16:58:00,,
EARLSFIELD - DORKING,P61049,1623,stop,2026-04-30,16:58:00,,
EARLSFIELD - DORKING,P61050,1623,stop,2026-04-18,16:58:00,,
EARLSFIELD - DORKING,P61049,1623,stop,2026-04-24,16:58:00,,
EARLSFIELD - DORKING,P61049,1623,stop,2026-04-29,16:58:00,,
HORSHAM - BALHAM,P26703,1614,stop,2026-04-10,17:01:00,,
HORSHAM - BALHAM,P26703,1614,stop,2026-04-07,17:01:00,,
HORSHAM - BALHAM,P26703,1614,stop,2026-04-03,17:01:00,,
HORSHAM - BALHAM,P26703,1614,stop,2026-04-15,17:01:00,,
HORSHAM - BALHAM,P26703,1614,stop,2026-04-20,17:01:00,,
HORSHAM - BALHAM,P26703,1614,stop,2026-04-29,17:01:00,,
HORSHAM - BALHAM,P26703,1614,stop,2026-04-16,17:01:00,,
HORSHAM - BALHAM,P26704,1614,stop,2026-04-25,17:01:00,,
HORSHAM - BALHAM,P26703,1614,stop,2026-04-21,17:01:00,,
HORSHAM - BALHAM,P26703,1614,stop,2026-04-30,17:01:00,,
HORSHAM - BALHAM,P26703,1614,stop,2026-04-27,17:01:00,,
HORSHAM - BALHAM,P26703,1614,stop,2026-04-14,17:01:00,,
HORSHAM - BALHAM,P26703,1614,stop,2026-04-02,17:01:00,,
DORKING - BALHAM (4),P26705,1642,stop,2026-04-26,17:00:00,,
DORKING - BALHAM (4),P26705,1642,stop,2026-04-12,17:00:00,,
DORKING - MITCHAM EASTFIELDS,P26705,1642,stop,2026-04-19,17:00:00,,
DORKING - BALHAM (5),P26705,1646,stop,2026-04-05,17:03:00,,
HORSHAM - BALHAM,P26703,1614,stop,2026-04-17,17:01:00,,
HORSHAM - BALHAM,P26703,1614,stop,2026-04-28,17:01:00,,
HORSHAM - BALHAM,X96122,1614,stop,2026-04-03,17:01:00,,
HORSHAM - BALHAM,P26704,1614,stop,2026-04-11,17:01:00,,
HORSHAM - BALHAM,P26703,1614,stop,2026-04-01,17:01:00,,
HORSHAM - MITCHAM EASTFIELDS,P26704,1620,stop,2026-04-18,17:01:00,,
HORSHAM - BALHAM,P26703,1614,stop,2026-04-08,17:01:00,,
HORSHAM - BALHAM,P26703,1614,stop,2026-04-22,17:01:00,,
HORSHAM - BALHAM,P26704,1614,stop,2026-04-04,17:01:00,,
HORSHAM - BALHAM,P26703,1614,stop,2026-04-13,17:01:00,,
HORSHAM - BALHAM,P26703,1614,stop,2026-04-09,17:01:00,,
HORSHAM - BALHAM,P26703,1614,stop,2026-04-23,17:01:00,,
HORSHAM - BALHAM,P26703,1614,stop,2026-04-24,17:01:00,,
HORSHAM - BALHAM,P26703,1614,stop,2026-04-06,17:01:00,,
HORSHAM - BALHAM,X00958,1614,stop,2026-04-06,17:01:00,,
GUILDFORD - EARLSFIELD,L74283,1628,stop,2026-04-22,17:08:00,,
GUILDFORD - EARLSFIELD,L74283,1628,stop,2026-04-17,17:08:00,,
GUILDFORD - EARLSFIELD,L74283,1628,stop,2026-04-20,17:08:00,,
GUILDFORD - EARLSFIELD,L74283,1628,stop,2026-04-29,17:08:00,,
GUILDFORD - EARLSFIELD,L74283,1628,stop,2026-04-23,17:08:00,,
GUILDFORD - EARLSFIELD,L74283,1628,stop,2026-04-24,17:08:00,,
GUILDFORD - EARLSFIELD,L74283,1628,stop,2026-04-06,17:08:00,,
GUILDFORD - EARLSFIELD,L74283,1628,stop,2026-04-15,17:08:00,,
GUILDFORD - EARLSFIELD,L74283,1628,stop,2026-04-02,17:08:00,,
GUILDFORD - EARLSFIELD,L74283,1628,stop,2026-04-30,17:08:00,,
GUILDFORD - EARLSFIELD,L74283,1628,stop,2026-04-14,17:08:00,,
EARLSFIELD - GUILDFORD (2),P61612,1632,stop,2026-04-19,17:07:00,,
EARLSFIELD - GUILDFORD (2),P61612,1632,stop,2026-04-12,17:07:00,,
EARLSFIELD - GUILDFORD (2),P61612,1632,stop,2026-04-26,17:07:00,,
EARLSFIELD - GUILDFORD (2),P61612,1632,stop,2026-04-05,17:07:00,,
MITCHAM EASTFIELDS - DORKING (2),P26695,1620,stop,2026-04-18,17:05:00,,
EPSOM - NORWOOD JUNCTION,P25265,1715,stop,2026-04-04,17:15:00,,
EPSOM - NORWOOD JUNCTION,P25264,1715,stop,2026-04-29,17:15:00,,
EPSOM - NORWOOD JUNCTION,P25264,1715,stop,2026-04-16,17:15:00,,
EPSOM - NORWOOD JUNCTION,P25264,1715,stop,2026-04-14,17:15:00,,
DORKING - SUTTON (SURREY),X04880,1633,stop,2026-04-12,17:09:00,,
GUILDFORD - EARLSFIELD,L74283,1628,stop,2026-04-28,17:08:00,,
GUILDFORD - EARLSFIELD,L74283,1628,stop,2026-04-16,17:08:00,,
GUILDFORD - EARLSFIELD,L74283,1628,stop,2026-04-13,17:08:00,,
GUILDFORD - EARLSFIELD,L74283,1628,stop,2026-04-07,17:08:00,,
GUILDFORD - EARLSFIELD,L74283,1628,stop,2026-04-03,17:08:00,,
GUILDFORD - EARLSFIELD,L74283,1628,stop,2026-04-21,17:08:00,,
GUILDFORD - EARLSFIELD,L74283,1628,stop,2026-04-09,17:08:00,,
GUILDFORD - EARLSFIELD,L74283,1628,stop,2026-04-08,17:08:00,,
GUILDFORD - EARLSFIELD,L74283,1628,stop,2026-04-27,17:08:00,,
GUILDFORD - EARLSFIELD,L74283,1628,stop,2026-04-01,17:08:00,,
GUILDFORD - EARLSFIELD,L74283,1628,stop,2026-04-10,17:08:00,,
EPSOM - NORWOOD JUNCTION,P25264,1715,stop,2026-04-02,17:15:00,,
EPSOM - NORWOOD JUNCTION,P25264,1715,stop,2026-04-21,17:15:00,,
EPSOM - NORWOOD JUNCTION,P25264,1715,stop,2026-04-03,17:15:00,,
EPSOM - NORWOOD JUNCTION,P25264,1715,stop,2026-04-01,17:15:00,,
EPSOM - NORWOOD JUNCTION,P25264,1715,stop,2026-04-20,17:15:00,,
EPSOM - NORWOOD JUNCTION,P25264,1715,stop,2026-04-07,17:15:00,,
EPSOM - NORWOOD JUNCTION,X96039,1715,stop,2026-04-03,17:15:00,,
EPSOM - NORWOOD JUNCTION,X01418,1715,stop,2026-04-06,17:15:00,,
EPSOM - NORWOOD JUNCTION,P25264,1715,stop,2026-04-06,17:15:00,,
EPSOM - NORWOOD JUNCTION,P25264,1715,stop,2026-04-13,17:15:00,,
EPSOM - NORWOOD JUNCTION,P25264,1715,stop,2026-04-22,17:15:00,,
EPSOM - NORWOOD JUNCTION,P25265,1715,stop,2026-04-11,17:15:00,,
EPSOM - NORWOOD JUNCTION,P25264,1715,stop,2026-04-28,17:15:00,,
EPSOM - NORWOOD JUNCTION,P25265,1715,stop,2026-04-18,17:15:00,,
EPSOM - NORWOOD JUNCTION,P25264,1715,stop,2026-04-27,17:15:00,,
EPSOM - NORWOOD JUNCTION,P25264,1715,stop,2026-04-17,17:15:00,,
MITCHAM EASTFIELDS - DORKING,P26702,1638,stop,2026-04-19,17:21:00,,
BALHAM - DORKING (3),P26702,1638,stop,2026-04-12,17:21:00,,
GUILDFORD - EARLSFIELD,L74284,1645,stop,2026-04-04,17:19:00,,
GUILDFORD - EARLSFIELD,L74284,1645,stop,2026-04-18,17:19:00,,
GUILDFORD - EARLSFIELD,Q49298,1645,stop,2026-04-06,17:19:00,,
GUILDFORD - EARLSFIELD,L74284,1645,stop,2026-04-25,17:19:00,,
GUILDFORD - EARLSFIELD,L74284,1645,stop,2026-04-11,17:19:00,,
GUILDFORD - EARLSFIELD,Q88876,1645,stop,2026-04-03,17:19:00,,
EPSOM - NORWOOD JUNCTION,P25264,1715,stop,2026-04-09,17:15:00,,
EPSOM - NORWOOD JUNCTION,P25264,1715,stop,2026-04-08,17:15:00,,
EPSOM - NORWOOD JUNCTION,P25264,1715,stop,2026-04-24,17:15:00,,
EPSOM - NORWOOD JUNCTION,P25264,1715,stop,2026-04-10,17:15:00,,
EPSOM - NORWOOD JUNCTION,P25264,1715,stop,2026-04-30,17:15:00,,
EPSOM - NORWOOD JUNCTION,P25265,1715,stop,2026-04-25,17:15:00,,
EPSOM - NORWOOD JUNCTION,P25264,1715,stop,2026-04-15,17:15:00,,
EPSOM - NORWOOD JUNCTION,P25264,1715,stop,2026-04-23,17:15:00,,
BALHAM - HORSHAM,P26700,1641,stop,2026-04-27,17:24:00,,
BALHAM - HORSHAM,P26700,1641,stop,2026-04-15,17:24:00,,
BALHAM - HORSHAM,P26700,1641,stop,2026-04-16,17:24:00,,
BALHAM - HORSHAM,P26700,1641,stop,2026-04-23,17:24:00,,
BALHAM - HORSHAM,P26700,1641,stop,2026-04-07,17:24:00,,
BALHAM - HORSHAM,P26700,1641,stop,2026-04-09,17:24:00,,
BALHAM - HORSHAM,P26700,1641,stop,2026-04-14,17:24:00,,
BALHAM - HORSHAM,P26700,1641,stop,2026-04-21,17:24:00,,
BALHAM - HORSHAM,P26701,1641,stop,2026-04-25,17:24:00,,
BALHAM - HORSHAM,P26700,1641,stop,2026-04-29,17:24:00,,
DORKING - EARLSFIELD,P61061,1707,stop,2026-04-12,17:23:00,,
DORKING - EARLSFIELD,P61061,1707,stop,2026-04-19,17:23:00,,
DORKING - EARLSFIELD,P61061,1707,stop,2026-04-05,17:23:00,,
DORKING - EARLSFIELD,P61061,1707,stop,2026-04-26,17:23:00,,
SUTTON (SURREY) - DORKING,X04917,1655,stop,2026-04-12,17:22:00,,
BALHAM - DORKING (3),P26702,1638,stop,2026-04-26,17:21:00,,
BALHAM - HORSHAM,P26700,1641,stop,2026-04-08,17:24:00,,
BALHAM - HORSHAM,P26700,1641,stop,2026-04-30,17:24:00,,
BALHAM - HORSHAM,P26700,1641,stop,2026-04-22,17:24:00,,
BALHAM - HORSHAM,X96087,1641,stop,2026-04-03,17:24:00,,
BALHAM - HORSHAM,P26700,1641,stop,2026-04-28,17:24:00,,
BALHAM - HORSHAM,P26700,1641,stop,2026-04-24,17:24:00,,
BALHAM - HORSHAM,P26700,1641,stop,2026-04-01,17:24:00,,
BALHAM - HORSHAM,P26700,1641,stop,2026-04-17,17:24:00,,
BALHAM - HORSHAM,P26700,1641,stop,2026-04-06,17:24:00,,
BALHAM - HORSHAM,X00957,1641,stop,2026-04-06,17:24:00,,
BALHAM - HORSHAM,P26700,1641,stop,2026-04-10,17:24:00,,
BALHAM - HORSHAM,P26701,1641,stop,2026-04-04,17:24:00,,
BALHAM - HORSHAM,P26700,1641,stop,2026-04-20,17:24:00,,
BALHAM - HORSHAM,P26700,1641,stop,2026-04-13,17:24:00,,
BALHAM - HORSHAM,P26700,1641,stop,2026-04-03,17:24:00,,
BALHAM - HORSHAM,P26700,1641,stop,2026-04-02,17:24:00,,
EARLSFIELD - GUILDFORD (2),P61610,1653,stop,2026-04-06,17:29:00,,
EARLSFIELD - GUILDFORD (2),P61610,1653,stop,2026-04-08,17:29:00,,
EARLSFIELD - GUILDFORD (2),P61610,1653,stop,2026-04-30,17:29:00,,
EARLSFIELD - GUILDFORD (2),P61610,1653,stop,2026-04-28,17:29:00,,
EARLSFIELD - GUILDFORD (2),P61610,1653,stop,2026-04-10,17:29:00,,
EARLSFIELD - GUILDFORD (2),P61610,1653,stop,2026-04-02,17:29:00,,
EARLSFIELD - GUILDFORD (2),Q38468,1653,stop,2026-04-03,17:28:00,,
EARLSFIELD - GUILDFORD (2),P61611,1653,stop,2026-04-18,17:28:00,,
EARLSFIELD - GUILDFORD (2),P61611,1653,stop,2026-04-11,17:28:00,,
EARLSFIELD - GUILDFORD (2),P61611,1653,stop,2026-04-25,17:28:00,,
EARLSFIELD - GUILDFORD (2),P61611,1653,stop,2026-04-04,17:28:00,,
EARLSFIELD - GUILDFORD (2),Q49278,1653,stop,2026-04-06,17:28:00,,
DORKING - WORCESTER PARK,Q54833,1650,stop,2026-04-12,17:26:00,,
WORCESTER PARK - DORKING,Q54889,1705,stop,2026-04-12,17:26:00,,
BALHAM - DORKING (6),P26702,1638,stop,2026-04-05,17:25:00,,
BALHAM - HORSHAM,P26701,1641,stop,2026-04-11,17:24:00,,
EARLSFIELD - GUILDFORD (2),P61610,1653,stop,2026-04-17,17:29:00,,
EARLSFIELD - GUILDFORD (2),P61610,1653,stop,2026-04-20,17:29:00,,
EARLSFIELD - GUILDFORD (2),P61610,1653,stop,2026-04-16,17:29:00,,
EARLSFIELD - GUILDFORD (2),P61610,1653,stop,2026-04-27,17:29:00,,
EARLSFIELD - GUILDFORD (2),P61610,1653,stop,2026-04-23,17:29:00,,
EARLSFIELD - GUILDFORD (2),P61610,1653,stop,2026-04-14,17:29:00,,
EARLSFIELD - GUILDFORD (2),P61610,1653,stop,2026-04-15,17:29:00,,
EARLSFIELD - GUILDFORD (2),P61610,1653,stop,2026-04-03,17:29:00,,
EARLSFIELD - GUILDFORD (2),P61610,1653,stop,2026-04-22,17:29:00,,
EARLSFIELD - GUILDFORD (2),P61610,1653,stop,2026-04-07,17:29:00,,
EARLSFIELD - GUILDFORD (2),P61610,1653,stop,2026-04-13,17:29:00,,
EARLSFIELD - GUILDFORD (2),P61610,1653,stop,2026-04-21,17:29:00,,
EARLSFIELD - GUILDFORD (2),P61610,1653,stop,2026-04-01,17:29:00,,
EARLSFIELD - GUILDFORD (2),P61610,1653,stop,2026-04-29,17:29:00,,
EARLSFIELD - GUILDFORD (2),P61610,1653,stop,2026-04-24,17:29:00,,
EARLSFIELD - GUILDFORD (2),P61610,1653,stop,2026-04-09,17:29:00,,
DORKING - BALHAM (3),P26709,1717,stop,2026-04-27,17:33:00,,
DORKING - BALHAM (3),P26710,1717,stop,2026-04-04,17:33:00,,
DORKING - BALHAM (3),P26709,1717,stop,2026-04-17,17:33:00,,
DORKING - BALHAM (5),P26711,1716,stop,2026-04-05,17:33:00,,
DORKING - BALHAM (3),P26709,1717,stop,2026-04-01,17:33:00,,
DORKING - BALHAM (3),P26709,1717,stop,2026-04-21,17:33:00,,
DORKING - BALHAM (3),P26709,1717,stop,2026-04-28,17:33:00,,
MITCHAM EASTFIELDS - HORSHAM (2),P26701,1650,stop,2026-04-18,17:33:00,,
DORKING - BALHAM (3),P26709,1717,stop,2026-04-30,17:33:00,,
DORKING - BALHAM (3),P26709,1717,stop,2026-04-09,17:33:00,,
DORKING - BALHAM (3),P26709,1717,stop,2026-04-24,17:33:00,,
DORKING - BALHAM (3),P26710,1717,stop,2026-04-11,17:33:00,,
DORKING - MITCHAM EASTFIELDS (2),P26710,1717,stop,2026-04-18,17:32:00,,
DORKING - MITCHAM EASTFIELDS,P26711,1712,stop,2026-04-19,17:31:00,,
DORKING - BALHAM (4),P26711,1712,stop,2026-04-12,17:31:00,,
DORKING - BALHAM (4),P26711,1712,stop,2026-04-26,17:31:00,,
DORKING - BALHAM (3),P26709,1717,stop,2026-04-15,17:33:00,,
DORKING - BALHAM (3),P26709,1717,stop,2026-04-08,17:33:00,,
DORKING - BALHAM (3),P26709,1717,stop,2026-04-03,17:33:00,,
DORKING - BALHAM (3),P26709,1717,stop,2026-04-16,17:33:00,,
DORKING - BALHAM (3),P26709,1717,stop,2026-04-02,17:33:00,,
DORKING - BALHAM (3),P26709,1717,stop,2026-04-29,17:33:00,,
DORKING - BALHAM (3),P26709,1717,stop,2026-04-23,17:33:00,,
DORKING - BALHAM (3),P26709,1717,stop,2026-04-06,17:33:00,,
DORKING - BALHAM (3),P26709,1717,stop,2026-04-07,17:33:00,,
DORKING - BALHAM (3),P26709,1717,stop,2026-04-10,17:33:00,,
DORKING - BALHAM (3),X00960,1717,stop,2026-04-06,17:33:00,,
DORKING - BALHAM (3),P26709,1717,stop,2026-04-14,17:33:00,,
DORKING - BALHAM (3),P26709,1717,stop,2026-04-22,17:33:00,,
DORKING - BALHAM (3),X96036,1717,stop,2026-04-03,17:33:00,,
DORKING - BALHAM (3),P26709,1717,stop,2026-04-20,17:33:00,,
DORKING - BALHAM (3),P26709,1717,stop,2026-04-13,17:33:00,,
GUILDFORD - EARLSFIELD,P61616,1659,stop,2026-04-28,17:39:00,,
GUILDFORD - EARLSFIELD,P61616,1659,stop,2026-04-27,17:39:00,,
GUILDFORD - EARLSFIELD,P61616,1659,stop,2026-04-29,17:39:00,,
GUILDFORD - EARLSFIELD,P61616,1659,stop,2026-04-23,17:39:00,,
GUILDFORD - EARLSFIELD,P61616,1659,stop,2026-04-14,17:39:00,,
GUILDFORD - EARLSFIELD,P61616,1659,stop,2026-04-16,17:39:00,,
GUILDFORD - EARLSFIELD,P61616,1659,stop,2026-04-15,17:39:00,,
GUILDFORD - EARLSFIELD,P61616,1659,stop,2026-04-21,17:39:00,,
GUILDFORD - EARLSFIELD,P61616,1659,stop,2026-04-10,17:39:00,,
GUILDFORD - EARLSFIELD,P61616,1659,stop,2026-04-24,17:39:00,,
GUILDFORD - EARLSFIELD,P61616,1659,stop,2026-04-02,17:39:00,,
EARLSFIELD - DORKING,P61057,1702,stop,2026-04-26,17:37:00,,
EARLSFIELD - DORKING,P61057,1702,stop,2026-04-12,17:37:00,,
EARLSFIELD - DORKING,P61057,1702,stop,2026-04-05,17:37:00,,
EARLSFIELD - DORKING,P61057,1702,stop,2026-04-19,17:37:00,,
DORKING - BALHAM (3),P26710,1717,stop,2026-04-25,17:33:00,,
EPSOM - NORWOOD JUNCTION,P25269,1745,stop,2026-04-18,17:45:00,,
EPSOM - NORWOOD JUNCTION,X01420,1745,stop,2026-04-06,17:45:00,,
EPSOM - NORWOOD JUNCTION,P25269,1745,stop,2026-04-11,17:45:00,,
EPSOM - NORWOOD JUNCTION,X95606,1745,stop,2026-04-03,17:45:00,,
GUILDFORD - EARLSFIELD,P61616,1659,stop,2026-04-13,17:39:00,,
DORKING - SUTTON (SURREY),X04879,1703,stop,2026-04-12,17:39:00,,
GUILDFORD - EARLSFIELD,P61616,1659,stop,2026-04-08,17:39:00,,
GUILDFORD - EARLSFIELD,P61616,1659,stop,2026-04-30,17:39:00,,
GUILDFORD - EARLSFIELD,P61616,1659,stop,2026-04-22,17:39:00,,
GUILDFORD - EARLSFIELD,P61616,1659,stop,2026-04-06,17:39:00,,
GUILDFORD - EARLSFIELD,P61616,1659,stop,2026-04-20,17:39:00,,
GUILDFORD - EARLSFIELD,P61616,1659,stop,2026-04-07,17:39:00,,
GUILDFORD - EARLSFIELD,P61616,1659,stop,2026-04-09,17:39:00,,
GUILDFORD - EARLSFIELD,P61616,1659,stop,2026-04-01,17:39:00,,
GUILDFORD - EARLSFIELD,P61616,1659,stop,2026-04-17,17:39:00,,
GUILDFORD - EARLSFIELD,P61616,1659,stop,2026-04-03,17:39:00,,
EPSOM - NORWOOD JUNCTION,P25268,1746,stop,2026-04-30,17:46:00,,
EPSOM - NORWOOD JUNCTION,P25268,1746,stop,2026-04-20,17:46:00,,
EPSOM - NORWOOD JUNCTION,P25268,1746,stop,2026-04-02,17:46:00,,
EPSOM - NORWOOD JUNCTION,P25268,1746,stop,2026-04-27,17:46:00,,
EPSOM - NORWOOD JUNCTION,P25268,1746,stop,2026-04-14,17:46:00,,
EPSOM - NORWOOD JUNCTION,P25268,1746,stop,2026-04-01,17:46:00,,
EPSOM - NORWOOD JUNCTION,P25268,1746,stop,2026-04-10,17:46:00,,
EPSOM - NORWOOD JUNCTION,P25268,1746,stop,2026-04-23,17:46:00,,
EPSOM - NORWOOD JUNCTION,P25268,1746,stop,2026-04-07,17:46:00,,
EPSOM - NORWOOD JUNCTION,P25268,1746,stop,2026-04-29,17:46:00,,
EPSOM - NORWOOD JUNCTION,P25268,1746,stop,2026-04-13,17:46:00,,
EPSOM - NORWOOD JUNCTION,P25268,1746,stop,2026-04-15,17:46:00,,
EPSOM - NORWOOD JUNCTION,P25268,1746,stop,2026-04-06,17:46:00,,
EPSOM - NORWOOD JUNCTION,P25268,1746,stop,2026-04-22,17:46:00,,
EPSOM - NORWOOD JUNCTION,P25269,1745,stop,2026-04-04,17:45:00,,
EPSOM - NORWOOD JUNCTION,P25269,1745,stop,2026-04-25,17:45:00,,
DORKING - EARLSFIELD,P61065,1732,stop,2026-04-22,17:49:00,,
DORKING - EARLSFIELD,P61065,1732,stop,2026-04-27,17:49:00,,
DORKING - EARLSFIELD,P61065,1732,stop,2026-04-23,17:49:00,,
DORKING - EARLSFIELD,Q38437,1732,stop,2026-04-03,17:49:00,,
DORKING - EARLSFIELD,P61065,1732,stop,2026-04-01,17:49:00,,
DORKING - EARLSFIELD,P61065,1732,stop,2026-04-03,17:49:00,,
DORKING - EARLSFIELD,P61065,1732,stop,2026-04-10,17:49:00,,
DORKING - EARLSFIELD,P61065,1732,stop,2026-04-28,17:49:00,,
EPSOM - NORWOOD JUNCTION,P25268,1746,stop,2026-04-08,17:46:00,,
EPSOM - NORWOOD JUNCTION,P25268,1746,stop,2026-04-17,17:46:00,,
EPSOM - NORWOOD JUNCTION,P25268,1746,stop,2026-04-21,17:46:00,,
EPSOM - NORWOOD JUNCTION,P25268,1746,stop,2026-04-16,17:46:00,,
EPSOM - NORWOOD JUNCTION,P25268,1746,stop,2026-04-28,17:46:00,,
EPSOM - NORWOOD JUNCTION,P25268,1746,stop,2026-04-09,17:46:00,,
EPSOM - NORWOOD JUNCTION,P25268,1746,stop,2026-04-03,17:46:00,,
EPSOM - NORWOOD JUNCTION,P25268,1746,stop,2026-04-24,17:46:00,,
DORKING - EARLSFIELD,P61066,1732,stop,2026-04-18,17:49:00,,
DORKING - EARLSFIELD,P61065,1732,stop,2026-04-24,17:49:00,,
DORKING - EARLSFIELD,P61065,1732,stop,2026-04-07,17:49:00,,
DORKING - EARLSFIELD,P61066,1732,stop,2026-04-04,17:49:00,,
DORKING - EARLSFIELD,P61066,1732,stop,2026-04-11,17:49:00,,
DORKING - EARLSFIELD,P61065,1732,stop,2026-04-30,17:49:00,,
DORKING - EARLSFIELD,P61065,1732,stop,2026-04-13,17:49:00,,
DORKING - EARLSFIELD,P61065,1732,stop,2026-04-02,17:49:00,,
DORKING - EARLSFIELD,P61065,1732,stop,2026-04-15,17:49:00,,
DORKING - EARLSFIELD,P61065,1732,stop,2026-04-16,17:49:00,,
DORKING - EARLSFIELD,P61065,1732,stop,2026-04-14,17:49:00,,
DORKING - EARLSFIELD,P61065,1732,stop,2026-04-29,17:49:00,,
DORKING - EARLSFIELD,P61065,1732,stop,2026-04-08,17:49:00,,
DORKING - EARLSFIELD,P61066,1732,stop,2026-04-25,17:49:00,,
DORKING - EARLSFIELD,P61065,1732,stop,2026-04-17,17:49:00,,
DORKING - EARLSFIELD,P61065,1732,stop,2026-04-21,17:49:00,,
GUILDFORD - EARLSFIELD,L74287,1720,stop,2026-04-26,17:53:00,,
GUILDFORD - EARLSFIELD,L74287,1720,stop,2026-04-12,17:53:00,,
GUILDFORD - EARLSFIELD,L74287,1720,stop,2026-04-05,17:53:00,,
SUTTON (SURREY) - DORKING,X04916,1725,stop,2026-04-12,17:52:00,,
BALHAM - DORKING,X96047,1711,stop,2026-04-03,17:52:00,,
BALHAM - DORKING,X00959,1711,stop,2026-04-06,17:52:00,,
BALHAM - DORKING,P26707,1711,stop,2026-04-11,17:52:00,,
BALHAM - DORKING,P26707,1711,stop,2026-04-25,17:52:00,,
BALHAM - DORKING,P26707,1711,stop,2026-04-04,17:52:00,,
BALHAM - DORKING (3),P26708,1708,stop,2026-04-12,17:51:00,,
MITCHAM EASTFIELDS - DORKING,P26708,1708,stop,2026-04-19,17:51:00,,
BALHAM - DORKING (3),P26708,1708,stop,2026-04-26,17:51:00,,
DORKING - EARLSFIELD,P61065,1732,stop,2026-04-06,17:49:00,,
DORKING - EARLSFIELD,P61065,1732,stop,2026-04-20,17:49:00,,
DORKING - EARLSFIELD,P61065,1732,stop,2026-04-09,17:49:00,,
DORKING - EARLSFIELD,Q49131,1732,stop,2026-04-06,17:49:00,,
BALHAM - DORKING (2),P26706,1711,stop,2026-04-30,17:54:00,,
BALHAM - DORKING (2),P26706,1711,stop,2026-04-27,17:54:00,,
BALHAM - DORKING (2),P26706,1711,stop,2026-04-29,17:54:00,,
BALHAM - DORKING (2),P26706,1711,stop,2026-04-23,17:54:00,,
BALHAM - DORKING (2),P26706,1711,stop,2026-04-13,17:54:00,,
BALHAM - DORKING (2),P26706,1711,stop,2026-04-15,17:54:00,,
BALHAM - DORKING (2),P26706,1711,stop,2026-04-16,17:54:00,,
BALHAM - DORKING (2),P26706,1711,stop,2026-04-14,17:54:00,,
BALHAM - DORKING (2),P26706,1711,stop,2026-04-24,17:54:00,,
BALHAM - DORKING (2),P26706,1711,stop,2026-04-20,17:54:00,,
BALHAM - DORKING (2),P26706,1711,stop,2026-04-02,17:54:00,,
BALHAM - DORKING (2),P26706,1711,stop,2026-04-22,17:54:00,,
BALHAM - DORKING (2),P26706,1711,stop,2026-04-06,17:54:00,,
BALHAM - DORKING (2),P26706,1711,stop,2026-04-03,17:54:00,,
BALHAM - DORKING (2),P26706,1711,stop,2026-04-17,17:54:00,,
GUILDFORD - EARLSFIELD,L74287,1720,stop,2026-04-19,17:53:00,,
EARLSFIELD - DORKING,P61056,1723,stop,2026-04-18,17:58:00,,
EARLSFIELD - DORKING,P61056,1723,stop,2026-04-25,17:58:00,,
EARLSFIELD - DORKING,P61056,1723,stop,2026-04-11,17:58:00,,
EARLSFIELD - DORKING,Q38446,1723,stop,2026-04-03,17:58:00,,
EARLSFIELD - DORKING,Q49175,1723,stop,2026-04-06,17:58:00,,
EARLSFIELD - DORKING,P61056,1723,stop,2026-04-04,17:58:00,,
EFFINGHAM JUNCTION - WORCESTER PARK,Q54764,1715,stop,2026-04-12,17:56:00,,
WORCESTER PARK - EFFINGHAM JUNCTION,Q54802,1735,stop,2026-04-12,17:56:00,,
BALHAM - DORKING (6),P26708,1708,stop,2026-04-05,17:55:00,,
BALHAM - DORKING (2),P26706,1711,stop,2026-04-28,17:54:00,,
BALHAM - DORKING (2),P26706,1711,stop,2026-04-09,17:54:00,,
BALHAM - DORKING (2),P26706,1711,stop,2026-04-21,17:54:00,,
BALHAM - DORKING (2),P26706,1711,stop,2026-04-01,17:54:00,,
BALHAM - DORKING (2),P26706,1711,stop,2026-04-08,17:54:00,,
BALHAM - DORKING (2),P26706,1711,stop,2026-04-10,17:54:00,,
BALHAM - DORKING (2),P26706,1711,stop,2026-04-07,17:54:00,,
EARLSFIELD - DORKING,P61055,1723,stop,2026-04-10,17:59:00,,
EARLSFIELD - DORKING,P61055,1723,stop,2026-04-28,17:59:00,,
EARLSFIELD - DORKING,P61055,1723,stop,2026-04-30,17:59:00,,
EARLSFIELD - DORKING,P61055,1723,stop,2026-04-20,17:59:00,,
EARLSFIELD - DORKING,P61055,1723,stop,2026-04-22,17:59:00,,
EARLSFIELD - DORKING,P61055,1723,stop,2026-04-13,17:59:00,,
EARLSFIELD - DORKING,P61055,1723,stop,2026-04-17,17:59:00,,
EARLSFIELD - DORKING,P61055,1723,stop,2026-04-07,17:59:00,,
EARLSFIELD - DORKING,P61055,1723,stop,2026-04-01,17:59:00,,
EARLSFIELD - DORKING,P61055,1723,stop,2026-04-29,17:59:00,,
EARLSFIELD - DORKING,P61055,1723,stop,2026-04-14,17:59:00,,
EARLSFIELD - DORKING,P61055,1723,stop,2026-04-02,17:59:00,,
EARLSFIELD - DORKING,P61055,1723,stop,2026-04-15,17:59:00,,
EARLSFIELD - DORKING,P61055,1723,stop,2026-04-23,17:59:00,,
EARLSFIELD - DORKING,P61055,1723,stop,2026-04-16,17:59:00,,
EARLSFIELD - DORKING,P61055,1723,stop,2026-04-03,17:59:00,,
HORSHAM - BALHAM,P26715,1714,stop,2026-04-07,18:01:00,,
HORSHAM - BALHAM,P26716,1714,stop,2026-04-25,18:01:00,,
HORSHAM - BALHAM,P26715,1714,stop,2026-04-01,18:01:00,,
HORSHAM - BALHAM,P26715,1714,stop,2026-04-21,18:01:00,,
HORSHAM - MITCHAM EASTFIELDS,P26716,1720,stop,2026-04-18,18:01:00,,
HORSHAM - BALHAM,P26715,1714,stop,2026-04-09,18:01:00,,
HORSHAM - BALHAM,P26715,1714,stop,2026-04-30,18:01:00,,
HORSHAM - BALHAM,P26715,1714,stop,2026-04-14,18:01:00,,
HORSHAM - BALHAM,P26715,1714,stop,2026-04-13,18:01:00,,
HORSHAM - BALHAM,P26715,1714,stop,2026-04-15,18:01:00,,
EARLSFIELD - DORKING,P61055,1723,stop,2026-04-24,17:59:00,,
EARLSFIELD - DORKING,P61055,1723,stop,2026-04-09,17:59:00,,
EARLSFIELD - DORKING,P61055,1723,stop,2026-04-21,17:59:00,,
EARLSFIELD - DORKING,P61055,1723,stop,2026-04-08,17:59:00,,
EARLSFIELD - DORKING,P61055,1723,stop,2026-04-06,17:59:00,,
EARLSFIELD - DORKING,P61055,1723,stop,2026-04-27,17:59:00,,
HORSHAM - BALHAM,P26715,1714,stop,2026-04-06,18:01:00,,
HORSHAM - BALHAM,P26715,1714,stop,2026-04-22,18:01:00,,
HORSHAM - BALHAM,P26715,1714,stop,2026-04-23,18:01:00,,
HORSHAM - BALHAM,P26715,1714,stop,2026-04-16,18:01:00,,
DORKING - BALHAM (4),P26717,1742,stop,2026-04-12,18:01:00,,
HORSHAM - BALHAM,P26716,1714,stop,2026-04-04,18:01:00,,
DORKING - MITCHAM EASTFIELDS,P26717,1742,stop,2026-04-19,18:01:00,,
HORSHAM - BALHAM,P26715,1714,stop,2026-04-02,18:01:00,,
HORSHAM - BALHAM,P26715,1714,stop,2026-04-24,18:01:00,,
HORSHAM - BALHAM,P26715,1714,stop,2026-04-03,18:01:00,,
HORSHAM - BALHAM,P26715,1714,stop,2026-04-29,18:01:00,,
DORKING - BALHAM (4),P26717,1742,stop,2026-04-26,18:01:00,,
HORSHAM - BALHAM,P26715,1714,stop,2026-04-27,18:01:00,,
HORSHAM - BALHAM,P26715,1714,stop,2026-04-10,18:01:00,,
HORSHAM - BALHAM,P26715,1714,stop,2026-04-28,18:01:00,,
HORSHAM - BALHAM,X96041,1714,stop,2026-04-03,18:01:00,,
MITCHAM EASTFIELDS - DORKING (2),P26707,1720,stop,2026-04-18,18:05:00,,
MITCHAM EASTFIELDS - HORSHAM,P25171,1725,stop,2026-04-10,18:05:00,,
MITCHAM EASTFIELDS - HORSHAM,P25171,1725,stop,2026-04-06,18:05:00,,
MITCHAM EASTFIELDS - HORSHAM,P25171,1725,stop,2026-04-28,18:05:00,,
MITCHAM EASTFIELDS - HORSHAM,P25171,1725,stop,2026-04-15,18:05:00,,
MITCHAM EASTFIELDS - HORSHAM,P25171,1725,stop,2026-04-03,18:05:00,,
MITCHAM EASTFIELDS - HORSHAM,P25171,1725,stop,2026-04-29,18:05:00,,
MITCHAM EASTFIELDS - HORSHAM,P25171,1725,stop,2026-04-07,18:05:00,,
MITCHAM EASTFIELDS - HORSHAM,P25171,1725,stop,2026-04-17,18:05:00,,
MITCHAM EASTFIELDS - HORSHAM,P25171,1725,stop,2026-04-20,18:05:00,,
DORKING - BALHAM (5),P26717,1746,stop,2026-04-05,18:03:00,,
HORSHAM - BALHAM,P26715,1714,stop,2026-04-20,18:01:00,,
HORSHAM - BALHAM,P26715,1714,stop,2026-04-17,18:01:00,,
HORSHAM - BALHAM,P26716,1714,stop,2026-04-11,18:01:00,,
HORSHAM - BALHAM,P26715,1714,stop,2026-04-08,18:01:00,,
HORSHAM - BALHAM,X00962,1714,stop,2026-04-06,18:01:00,,
EARLSFIELD - GUILDFORD (2),P61615,1732,stop,2026-04-19,18:07:00,,
EARLSFIELD - GUILDFORD (2),P61615,1732,stop,2026-04-05,18:07:00,,
EARLSFIELD - GUILDFORD (2),P61615,1732,stop,2026-04-26,18:07:00,,
MITCHAM EASTFIELDS - HORSHAM,P25171,1725,stop,2026-04-22,18:05:00,,
MITCHAM EASTFIELDS - HORSHAM,P25171,1725,stop,2026-04-30,18:05:00,,
MITCHAM EASTFIELDS - HORSHAM,P25171,1725,stop,2026-04-16,18:05:00,,
MITCHAM EASTFIELDS - HORSHAM,P25171,1725,stop,2026-04-13,18:05:00,,
MITCHAM EASTFIELDS - HORSHAM,P25171,1725,stop,2026-04-02,18:05:00,,
MITCHAM EASTFIELDS - HORSHAM,P25171,1725,stop,2026-04-09,18:05:00,,
MITCHAM EASTFIELDS - HORSHAM,P25171,1725,stop,2026-04-01,18:05:00,,
MITCHAM EASTFIELDS - HORSHAM,P25171,1725,stop,2026-04-14,18:05:00,,
MITCHAM EASTFIELDS - HORSHAM,P25171,1725,stop,2026-04-23,18:05:00,,
MITCHAM EASTFIELDS - HORSHAM,P25171,1725,stop,2026-04-24,18:05:00,,
MITCHAM EASTFIELDS - HORSHAM,P25171,1725,stop,2026-04-21,18:05:00,,
MITCHAM EASTFIELDS - HORSHAM,P25171,1725,stop,2026-04-08,18:05:00,,
MITCHAM EASTFIELDS - HORSHAM,P25171,1725,stop,2026-04-27,18:05:00,,
WORCESTER PARK - GUILDFORD,L74280,1739,stop,2026-04-24,18:13:00,,
WORCESTER PARK - GUILDFORD,L74280,1739,stop,2026-04-29,18:13:00,,
WORCESTER PARK - GUILDFORD,L74280,1739,stop,2026-04-08,18:13:00,,
WORCESTER PARK - GUILDFORD,L74280,1739,stop,2026-04-28,18:13:00,,
WORCESTER PARK - GUILDFORD,L74280,1739,stop,2026-04-22,18:13:00,,
WORCESTER PARK - GUILDFORD,L74280,1739,stop,2026-04-02,18:13:00,,
WORCESTER PARK - GUILDFORD,L74280,1739,stop,2026-04-03,18:13:00,,
WORCESTER PARK - GUILDFORD,L74280,1739,stop,2026-04-07,18:13:00,,
WORCESTER PARK - GUILDFORD,L74280,1739,stop,2026-04-21,18:13:00,,
WORCESTER PARK - GUILDFORD,L74280,1739,stop,2026-04-06,18:13:00,,
WORCESTER PARK - GUILDFORD,L74280,1739,stop,2026-04-30,18:13:00,,
WORCESTER PARK - GUILDFORD,L74280,1739,stop,2026-04-17,18:13:00,,
WORCESTER PARK - GUILDFORD,L74280,1739,stop,2026-04-27,18:13:00,,
WORCESTER PARK - GUILDFORD,L74280,1739,stop,2026-04-09,18:13:00,,
DORKING - SUTTON (SURREY),X04878,1733,stop,2026-04-12,18:09:00,,
EARLSFIELD - GUILDFORD (2),P61615,1732,stop,2026-04-12,18:07:00,,
EPSOM - NORWOOD JUNCTION,P25272,1816,stop,2026-04-15,18:16:00,,
EPSOM - NORWOOD JUNCTION,P25272,1816,stop,2026-04-02,18:16:00,,
EPSOM - NORWOOD JUNCTION,P25273,1815,stop,2026-04-18,18:15:00,,
EPSOM - NORWOOD JUNCTION,P25273,1815,stop,2026-04-25,18:15:00,,
EPSOM - NORWOOD JUNCTION,P25273,1815,stop,2026-04-11,18:15:00,,
EPSOM - NORWOOD JUNCTION,X95565,1815,stop,2026-04-03,18:15:00,,
EPSOM - NORWOOD JUNCTION,P25273,1815,stop,2026-04-04,18:15:00,,
EPSOM - NORWOOD JUNCTION,X01422,1815,stop,2026-04-06,18:15:00,,
WORCESTER PARK - GUILDFORD,L74280,1739,stop,2026-04-14,18:13:00,,
WORCESTER PARK - GUILDFORD,L74280,1739,stop,2026-04-10,18:13:00,,
WORCESTER PARK - GUILDFORD,L74280,1739,stop,2026-04-13,18:13:00,,
WORCESTER PARK - GUILDFORD,L74280,1739,stop,2026-04-16,18:13:00,,
WORCESTER PARK - GUILDFORD,L74280,1739,stop,2026-04-20,18:13:00,,
WORCESTER PARK - GUILDFORD,L74280,1739,stop,2026-04-01,18:13:00,,
WORCESTER PARK - GUILDFORD,L74280,1739,stop,2026-04-15,18:13:00,,
WORCESTER PARK - GUILDFORD,L74280,1739,stop,2026-04-23,18:13:00,,
EPSOM - NORWOOD JUNCTION,P25272,1816,stop,2026-04-21,18:16:00,,
EPSOM - NORWOOD JUNCTION,P25272,1816,stop,2026-04-24,18:16:00,,
EPSOM - NORWOOD JUNCTION,P25272,1816,stop,2026-04-22,18:16:00,,
EPSOM - NORWOOD JUNCTION,P25272,1816,stop,2026-04-30,18:16:00,,
EPSOM - NORWOOD JUNCTION,P25272,1816,stop,2026-04-17,18:16:00,,
EPSOM - NORWOOD JUNCTION,P25272,1816,stop,2026-04-13,18:16:00,,
EPSOM - NORWOOD JUNCTION,P25272,1816,stop,2026-04-14,18:16:00,,
EPSOM - NORWOOD JUNCTION,P25272,1816,stop,2026-04-08,18:16:00,,
EPSOM - NORWOOD JUNCTION,P25272,1816,stop,2026-04-20,18:16:00,,
EPSOM - NORWOOD JUNCTION,P25272,1816,stop,2026-04-06,18:16:00,,
EPSOM - NORWOOD JUNCTION,P25272,1816,stop,2026-04-16,18:16:00,,
EPSOM - NORWOOD JUNCTION,P25272,1816,stop,2026-04-10,18:16:00,,
EPSOM - NORWOOD JUNCTION,P25272,1816,stop,2026-04-07,18:16:00,,
EPSOM - NORWOOD JUNCTION,P25272,1816,stop,2026-04-28,18:16:00,,
EPSOM - NORWOOD JUNCTION,P25272,1816,stop,2026-04-01,18:16:00,,
EPSOM - NORWOOD JUNCTION,P25272,1816,stop,2026-04-23,18:16:00,,
GUILDFORD - EARLSFIELD,L74291,1745,stop,2026-04-13,18:19:00,,
GUILDFORD - EARLSFIELD,L74291,1745,stop,2026-04-07,18:19:00,,
GUILDFORD - EARLSFIELD,L74291,1745,stop,2026-04-30,18:19:00,,
GUILDFORD - EARLSFIELD,L74291,1745,stop,2026-04-28,18:19:00,,
GUILDFORD - EARLSFIELD,Q49102,1745,stop,2026-04-06,18:19:00,,
GUILDFORD - EARLSFIELD,L74291,1745,stop,2026-04-17,18:19:00,,
GUILDFORD - EARLSFIELD,L74291,1745,stop,2026-04-10,18:19:00,,
GUILDFORD - EARLSFIELD,L74291,1745,stop,2026-04-06,18:19:00,,
GUILDFORD - EARLSFIELD,L74291,1745,stop,2026-04-09,18:19:00,,
GUILDFORD - EARLSFIELD,L74291,1745,stop,2026-04-22,18:19:00,,
GUILDFORD - EARLSFIELD,L74291,1745,stop,2026-04-23,18:19:00,,
GUILDFORD - EARLSFIELD,L74292,1745,stop,2026-04-04,18:19:00,,
EPSOM - NORWOOD JUNCTION,P25272,1816,stop,2026-04-09,18:16:00,,
EPSOM - NORWOOD JUNCTION,P25272,1816,stop,2026-04-29,18:16:00,,
EPSOM - NORWOOD JUNCTION,P25272,1816,stop,2026-04-03,18:16:00,,
EPSOM - NORWOOD JUNCTION,P25272,1816,stop,2026-04-27,18:16:00,,
GUILDFORD - EARLSFIELD,L74291,1745,stop,2026-04-03,18:19:00,,
GUILDFORD - EARLSFIELD,Q38427,1745,stop,2026-04-03,18:19:00,,
GUILDFORD - EARLSFIELD,L74292,1745,stop,2026-04-18,18:19:00,,
GUILDFORD - EARLSFIELD,L74292,1745,stop,2026-04-25,18:19:00,,
GUILDFORD - EARLSFIELD,L74291,1745,stop,2026-04-29,18:19:00,,
GUILDFORD - EARLSFIELD,L74291,1745,stop,2026-04-14,18:19:00,,
GUILDFORD - EARLSFIELD,L74291,1745,stop,2026-04-24,18:19:00,,
GUILDFORD - EARLSFIELD,L74292,1745,stop,2026-04-11,18:19:00,,
GUILDFORD - EARLSFIELD,L74291,1745,stop,2026-04-15,18:19:00,,
GUILDFORD - EARLSFIELD,L74291,1745,stop,2026-04-21,18:19:00,,
GUILDFORD - EARLSFIELD,L74291,1745,stop,2026-04-08,18:19:00,,
GUILDFORD - EARLSFIELD,L74291,1745,stop,2026-04-16,18:19:00,,
GUILDFORD - EARLSFIELD,L74291,1745,stop,2026-04-20,18:19:00,,
GUILDFORD - EARLSFIELD,L74291,1745,stop,2026-04-27,18:19:00,,
GUILDFORD - EARLSFIELD,L74291,1745,stop,2026-04-01,18:19:00,,
GUILDFORD - EARLSFIELD,L74291,1745,stop,2026-04-02,18:19:00,,
BALHAM - HORSHAM,P26713,1741,stop,2026-04-25,18:24:00,,
BALHAM - HORSHAM,P26712,1741,stop,2026-04-03,18:24:00,,
BALHAM - HORSHAM,P26712,1741,stop,2026-04-06,18:24:00,,
BALHAM - HORSHAM,P26712,1741,stop,2026-04-30,18:24:00,,
BALHAM - HORSHAM,P26712,1741,stop,2026-04-08,18:24:00,,
BALHAM - HORSHAM,P26712,1741,stop,2026-04-16,18:24:00,,
BALHAM - HORSHAM,P26712,1741,stop,2026-04-15,18:24:00,,
BALHAM - HORSHAM,P26712,1741,stop,2026-04-20,18:24:00,,
DORKING - EARLSFIELD,P61067,1807,stop,2026-04-19,18:23:00,,
DORKING - EARLSFIELD,P61067,1807,stop,2026-04-05,18:23:00,,
DORKING - EARLSFIELD,P61067,1807,stop,2026-04-26,18:23:00,,
DORKING - EARLSFIELD,P61067,1807,stop,2026-04-12,18:23:00,,
SUTTON (SURREY) - DORKING,X04915,1755,stop,2026-04-12,18:22:00,,
BALHAM - DORKING (3),P26714,1738,stop,2026-04-26,18:21:00,,
MITCHAM EASTFIELDS - DORKING,P26714,1738,stop,2026-04-19,18:21:00,,
BALHAM - DORKING (3),P26714,1738,stop,2026-04-12,18:21:00,,
BALHAM - HORSHAM,P26712,1741,stop,2026-04-13,18:24:00,,
BALHAM - HORSHAM,X00961,1741,stop,2026-04-06,18:24:00,,
BALHAM - HORSHAM,P26712,1741,stop,2026-04-09,18:24:00,,
BALHAM - HORSHAM,P26712,1741,stop,2026-04-24,18:24:00,,
BALHAM - HORSHAM,P26712,1741,stop,2026-04-21,18:24:00,,
BALHAM - HORSHAM,P26712,1741,stop,2026-04-22,18:24:00,,
BALHAM - HORSHAM,P26712,1741,stop,2026-04-27,18:24:00,,
BALHAM - HORSHAM,P26712,1741,stop,2026-04-02,18:24:00,,
BALHAM - HORSHAM,P26712,1741,stop,2026-04-29,18:24:00,,
BALHAM - HORSHAM,P26712,1741,stop,2026-04-17,18:24:00,,
BALHAM - HORSHAM,P26712,1741,stop,2026-04-01,18:24:00,,
BALHAM - HORSHAM,X95613,1741,stop,2026-04-03,18:24:00,,
BALHAM - HORSHAM,P26713,1741,stop,2026-04-04,18:24:00,,
BALHAM - HORSHAM,P26712,1741,stop,2026-04-23,18:24:00,,
BALHAM - HORSHAM,P26712,1741,stop,2026-04-14,18:24:00,,
BALHAM - HORSHAM,P26712,1741,stop,2026-04-10,18:24:00,,
EARLSFIELD - DORKING,P61060,1753,stop,2026-04-08,18:30:00,,
EARLSFIELD - DORKING,P61060,1753,stop,2026-04-27,18:30:00,,
EARLSFIELD - DORKING,P61060,1753,stop,2026-04-13,18:30:00,,
EARLSFIELD - DORKING,P61060,1753,stop,2026-04-03,18:30:00,,
EARLSFIELD - GUILDFORD (2),Q38422,1753,stop,2026-04-03,18:29:00,,
EARLSFIELD - GUILDFORD (2),P61614,1753,stop,2026-04-25,18:29:00,,
EARLSFIELD - GUILDFORD (2),P61614,1753,stop,2026-04-04,18:29:00,,
EARLSFIELD - GUILDFORD (2),Q49084,1753,stop,2026-04-06,18:29:00,,
EARLSFIELD - GUILDFORD (2),P61614,1753,stop,2026-04-11,18:29:00,,
EARLSFIELD - GUILDFORD (2),P61614,1753,stop,2026-04-18,18:29:00,,
WORCESTER PARK - DORKING,Q54879,1805,stop,2026-04-12,18:26:00,,
DORKING - WORCESTER PARK,Q54830,1750,stop,2026-04-12,18:26:00,,
BALHAM - DORKING (6),P26714,1738,stop,2026-04-05,18:25:00,,
BALHAM - HORSHAM,P26712,1741,stop,2026-04-07,18:24:00,,
BALHAM - HORSHAM,P26712,1741,stop,2026-04-28,18:24:00,,
BALHAM - HORSHAM,P26713,1741,stop,2026-04-11,18:24:00,,
EARLSFIELD - DORKING,P61060,1753,stop,2026-04-09,18:30:00,,
EARLSFIELD - DORKING,P61060,1753,stop,2026-04-07,18:30:00,,
DORKING - BALHAM (4),P26723,1812,stop,2026-04-12,18:30:00,,
EARLSFIELD - DORKING,P61060,1753,stop,2026-04-17,18:30:00,,
EARLSFIELD - DORKING,P61060,1753,stop,2026-04-22,18:30:00,,
DORKING - BALHAM (4),P26723,1812,stop,2026-04-26,18:30:00,,
EARLSFIELD - DORKING,P61060,1753,stop,2026-04-28,18:30:00,,
EARLSFIELD - DORKING,P61060,1753,stop,2026-04-02,18:30:00,,
EARLSFIELD - DORKING,P61060,1753,stop,2026-04-15,18:30:00,,
EARLSFIELD - DORKING,P61060,1753,stop,2026-04-29,18:30:00,,
EARLSFIELD - DORKING,P61060,1753,stop,2026-04-24,18:30:00,,
EARLSFIELD - DORKING,P61060,1753,stop,2026-04-23,18:30:00,,
EARLSFIELD - DORKING,P61060,1753,stop,2026-04-14,18:30:00,,
EARLSFIELD - DORKING,P61060,1753,stop,2026-04-10,18:30:00,,
EARLSFIELD - DORKING,P61060,1753,stop,2026-04-01,18:30:00,,
DORKING - MITCHAM EASTFIELDS,P26723,1812,stop,2026-04-19,18:30:00,,
DORKING - BALHAM (3),P26721,1817,stop,2026-04-27,18:33:00,,
DORKING - BALHAM (3),P26721,1817,stop,2026-04-24,18:33:00,,
DORKING - BALHAM (3),P26721,1817,stop,2026-04-30,18:33:00,,
DORKING - BALHAM (3),P26721,1817,stop,2026-04-23,18:33:00,,
DORKING - BALHAM (3),P26721,1817,stop,2026-04-08,18:33:00,,
DORKING - BALHAM (3),P26722,1817,stop,2026-04-11,18:33:00,,
DORKING - BALHAM (3),P26721,1817,stop,2026-04-22,18:33:00,,
DORKING - BALHAM (3),P26721,1817,stop,2026-04-15,18:33:00,,
DORKING - BALHAM (3),P26721,1817,stop,2026-04-09,18:33:00,,
DORKING - BALHAM (3),P26721,1817,stop,2026-04-07,18:33:00,,
DORKING - MITCHAM EASTFIELDS (2),P26722,1817,stop,2026-04-18,18:32:00,,
EARLSFIELD - DORKING,P61060,1753,stop,2026-04-30,18:30:00,,
EARLSFIELD - DORKING,P61060,1753,stop,2026-04-21,18:30:00,,
EARLSFIELD - DORKING,P61060,1753,stop,2026-04-16,18:30:00,,
EARLSFIELD - DORKING,P61060,1753,stop,2026-04-06,18:30:00,,
EARLSFIELD - DORKING,P61060,1753,stop,2026-04-20,18:30:00,,
DORKING - BALHAM (3),P26721,1817,stop,2026-04-10,18:33:00,,
DORKING - BALHAM (3),P26721,1817,stop,2026-04-14,18:33:00,,
DORKING - BALHAM (3),P26721,1817,stop,2026-04-20,18:33:00,,
DORKING - BALHAM (3),X00964,1817,stop,2026-04-06,18:33:00,,
DORKING - BALHAM (3),P26721,1817,stop,2026-04-06,18:33:00,,
DORKING - BALHAM (5),P26723,1816,stop,2026-04-05,18:33:00,,
DORKING - BALHAM (3),P26721,1817,stop,2026-04-13,18:33:00,,
MITCHAM EASTFIELDS - HORSHAM (2),P26713,1750,stop,2026-04-18,18:33:00,,
DORKING - BALHAM (3),P26721,1817,stop,2026-04-16,18:33:00,,
DORKING - BALHAM (3),P26722,1817,stop,2026-04-25,18:33:00,,
DORKING - BALHAM (3),P26721,1817,stop,2026-04-17,18:33:00,,
DORKING - BALHAM (3),P26721,1817,stop,2026-04-02,18:33:00,,
DORKING - BALHAM (3),P26721,1817,stop,2026-04-29,18:33:00,,
DORKING - BALHAM (3),P26721,1817,stop,2026-04-01,18:33:00,,
DORKING - BALHAM (3),P26721,1817,stop,2026-04-28,18:33:00,,
DORKING - BALHAM (3),X95562,1817,stop,2026-04-03,18:33:00,,
EPSOM - T & RSMD,W58320,1837,stop,2026-04-23,18:37:00,,
EPSOM - T & RSMD,W58320,1837,stop,2026-04-01,18:37:00,,
EPSOM - T & RSMD,W58320,1837,stop,2026-04-02,18:37:00,,
EPSOM - T & RSMD,W58320,1837,stop,2026-04-28,18:37:00,,
EPSOM - T & RSMD,W58320,1837,stop,2026-04-20,18:37:00,,
EARLSFIELD - DORKING,P61064,1802,stop,2026-04-26,18:37:00,,
EPSOM - T & RSMD,W58320,1837,stop,2026-04-21,18:37:00,,
EPSOM - T & RSMD,W58320,1837,stop,2026-04-15,18:37:00,,
EPSOM - T & RSMD,W58320,1837,stop,2026-04-22,18:37:00,,
EPSOM - T & RSMD,W58320,1837,stop,2026-04-27,18:37:00,,
EPSOM - T & RSMD,W58320,1837,stop,2026-04-16,18:37:00,,
EARLSFIELD - DORKING,P61064,1802,stop,2026-04-19,18:37:00,,
EPSOM - T & RSMD,W58320,1837,stop,2026-04-24,18:37:00,,
DORKING - BALHAM (3),P26722,1817,stop,2026-04-04,18:33:00,,
DORKING - BALHAM (3),P26721,1817,stop,2026-04-03,18:33:00,,
DORKING - BALHAM (3),P26721,1817,stop,2026-04-21,18:33:00,,
WORCESTER PARK - GUILDFORD,L74285,1809,stop,2026-04-13,18:42:00,,
WORCESTER PARK - GUILDFORD,L74285,1809,stop,2026-04-20,18:42:00,,
DORKING - SUTTON (SURREY),X04877,1803,stop,2026-04-12,18:39:00,,
EPSOM - T & RSMD,W58320,1837,stop,2026-04-06,18:37:00,,
EPSOM - T & RSMD,W58320,1837,stop,2026-04-07,18:37:00,,
EPSOM - T & RSMD,W58320,1837,stop,2026-04-14,18:37:00,,
EPSOM - T & RSMD,W58320,1837,stop,2026-04-29,18:37:00,,
EARLSFIELD - DORKING,P61064,1802,stop,2026-04-12,18:37:00,,
EPSOM - T & RSMD,W58320,1837,stop,2026-04-13,18:37:00,,
EPSOM - T & RSMD,W58320,1837,stop,2026-04-08,18:37:00,,
EPSOM - T & RSMD,W58320,1837,stop,2026-04-30,18:37:00,,
EPSOM - T & RSMD,W58320,1837,stop,2026-04-10,18:37:00,,
EARLSFIELD - DORKING,P61064,1802,stop,2026-04-05,18:37:00,,
EPSOM - T & RSMD,W58320,1837,stop,2026-04-09,18:37:00,,
EPSOM - T & RSMD,W58320,1837,stop,2026-04-17,18:37:00,,
EPSOM - T & RSMD,W58320,1837,stop,2026-04-03,18:37:00,,
WORCESTER PARK - GUILDFORD,L74285,1809,stop,2026-04-15,18:42:00,,
WORCESTER PARK - GUILDFORD,L74285,1809,stop,2026-04-16,18:42:00,,
WORCESTER PARK - GUILDFORD,L74285,1809,stop,2026-04-03,18:42:00,,
WORCESTER PARK - GUILDFORD,L74285,1809,stop,2026-04-14,18:42:00,,
WORCESTER PARK - GUILDFORD,L74285,1809,stop,2026-04-21,18:42:00,,
WORCESTER PARK - GUILDFORD,L74285,1809,stop,2026-04-07,18:42:00,,
WORCESTER PARK - GUILDFORD,L74285,1809,stop,2026-04-02,18:42:00,,
WORCESTER PARK - GUILDFORD,L74285,1809,stop,2026-04-30,18:42:00,,
WORCESTER PARK - GUILDFORD,L74285,1809,stop,2026-04-24,18:42:00,,
WORCESTER PARK - GUILDFORD,L74285,1809,stop,2026-04-27,18:42:00,,
WORCESTER PARK - GUILDFORD,L74285,1809,stop,2026-04-06,18:42:00,,
WORCESTER PARK - GUILDFORD,L74285,1809,stop,2026-04-22,18:42:00,,
WORCESTER PARK - GUILDFORD,L74285,1809,stop,2026-04-23,18:42:00,,
WORCESTER PARK - GUILDFORD,L74285,1809,stop,2026-04-01,18:42:00,,
WORCESTER PARK - GUILDFORD,L74285,1809,stop,2026-04-29,18:42:00,,
WORCESTER PARK - GUILDFORD,L74285,1809,stop,2026-04-09,18:42:00,,
EPSOM - NORWOOD JUNCTION,P25276,1846,stop,2026-04-03,18:46:00,,
EPSOM - NORWOOD JUNCTION,P25276,1846,stop,2026-04-23,18:46:00,,
EPSOM - NORWOOD JUNCTION,P25276,1846,stop,2026-04-30,18:46:00,,
EPSOM - NORWOOD JUNCTION,P25276,1846,stop,2026-04-27,18:46:00,,
EPSOM - NORWOOD JUNCTION,P25276,1846,stop,2026-04-14,18:46:00,,
EPSOM - NORWOOD JUNCTION,P25276,1846,stop,2026-04-10,18:46:00,,
EPSOM - NORWOOD JUNCTION,P25277,1845,stop,2026-04-11,18:45:00,,
EPSOM - NORWOOD JUNCTION,X01424,1845,stop,2026-04-06,18:45:00,,
EPSOM - NORWOOD JUNCTION,X95348,1845,stop,2026-04-03,18:45:00,,
EPSOM - NORWOOD JUNCTION,P25277,1845,stop,2026-04-25,18:45:00,,
EPSOM - NORWOOD JUNCTION,P25277,1845,stop,2026-04-04,18:45:00,,
EPSOM - NORWOOD JUNCTION,P25277,1845,stop,2026-04-18,18:45:00,,
WORCESTER PARK - GUILDFORD,L74285,1809,stop,2026-04-17,18:42:00,,
WORCESTER PARK - GUILDFORD,L74285,1809,stop,2026-04-10,18:42:00,,
WORCESTER PARK - GUILDFORD,L74285,1809,stop,2026-04-08,18:42:00,,
WORCESTER PARK - GUILDFORD,L74285,1809,stop,2026-04-28,18:42:00,,
EPSOM - NORWOOD JUNCTION,P25276,1846,stop,2026-04-09,18:46:00,,
EPSOM - NORWOOD JUNCTION,P25276,1846,stop,2026-04-01,18:46:00,,
EPSOM - NORWOOD JUNCTION,P25276,1846,stop,2026-04-15,18:46:00,,
EPSOM - NORWOOD JUNCTION,P25276,1846,stop,2026-04-13,18:46:00,,
EPSOM - NORWOOD JUNCTION,P25276,1846,stop,2026-04-08,18:46:00,,
EPSOM - NORWOOD JUNCTION,P25276,1846,stop,2026-04-22,18:46:00,,
EPSOM - NORWOOD JUNCTION,P25276,1846,stop,2026-04-17,18:46:00,,
EPSOM - NORWOOD JUNCTION,P25276,1846,stop,2026-04-16,18:46:00,,
EPSOM - NORWOOD JUNCTION,P25276,1846,stop,2026-04-28,18:46:00,,
EPSOM - NORWOOD JUNCTION,P25276,1846,stop,2026-04-20,18:46:00,,
EPSOM - NORWOOD JUNCTION,P25276,1846,stop,2026-04-29,18:46:00,,
EPSOM - NORWOOD JUNCTION,P25276,1846,stop,2026-04-02,18:46:00,,
EPSOM - NORWOOD JUNCTION,P25276,1846,stop,2026-04-07,18:46:00,,
EPSOM - NORWOOD JUNCTION,P25276,1846,stop,2026-04-24,18:46:00,,
EPSOM - NORWOOD JUNCTION,P25276,1846,stop,2026-04-06,18:46:00,,
EPSOM - NORWOOD JUNCTION,P25276,1846,stop,2026-04-21,18:46:00,,
DORKING - EARLSFIELD,P61072,1832,stop,2026-04-11,18:49:00,,
DORKING - EARLSFIELD,P61071,1832,stop,2026-04-13,18:49:00,,
SUTTON (SURREY) - SUTTON (SURREY),G73255,1840,pass,2026-04-07,18:49:00,,
SUTTON (SURREY) - SUTTON (SURREY),G73255,1840,pass,2026-04-27,18:49:00,,
DORKING - EARLSFIELD,P61071,1832,stop,2026-04-23,18:49:00,,
DORKING - EARLSFIELD,P61072,1832,stop,2026-04-04,18:49:00,,
DORKING - EARLSFIELD,P61071,1832,stop,2026-04-22,18:49:00,,
DORKING - EARLSFIELD,P61071,1832,stop,2026-04-10,18:49:00,,
SUTTON (SURREY) - SUTTON (SURREY),G73255,1840,pass,2026-04-16,18:49:00,,
SUTTON (SURREY) - SUTTON (SURREY),G73255,1840,pass,2026-04-29,18:49:00,,
SUTTON (SURREY) - SUTTON (SURREY),G73255,1840,pass,2026-04-14,18:49:00,,
DORKING - EARLSFIELD,P61071,1832,stop,2026-04-15,18:49:00,,
SUTTON (SURREY) - SUTTON (SURREY),G73255,1840,pass,2026-04-02,18:49:00,,
DORKING - EARLSFIELD,P61071,1832,stop,2026-04-21,18:49:00,,
DORKING - EARLSFIELD,P61071,1832,stop,2026-04-24,18:49:00,,
SUTTON (SURREY) - SUTTON (SURREY),G73255,1840,pass,2026-04-23,18:49:00,,
DORKING - EARLSFIELD,P61071,1832,stop,2026-04-28,18:49:00,,
DORKING - EARLSFIELD,P61071,1832,stop,2026-04-17,18:49:00,,
SUTTON (SURREY) - SUTTON (SURREY),G73255,1840,pass,2026-04-06,18:49:00,,
DORKING - EARLSFIELD,P61072,1832,stop,2026-04-18,18:49:00,,
DORKING - EARLSFIELD,P61071,1832,stop,2026-04-09,18:49:00,,
SUTTON (SURREY) - SUTTON (SURREY),G73255,1840,pass,2026-04-01,18:49:00,,
SUTTON (SURREY) - SUTTON (SURREY),G73255,1840,pass,2026-04-15,18:49:00,,
DORKING - EARLSFIELD,P61071,1832,stop,2026-04-27,18:49:00,,
SUTTON (SURREY) - SUTTON (SURREY),G73255,1840,pass,2026-04-28,18:49:00,,
SUTTON (SURREY) - SUTTON (SURREY),G73255,1840,pass,2026-04-21,18:49:00,,
SUTTON (SURREY) - SUTTON (SURREY),G73255,1840,pass,2026-04-13,18:49:00,,
SUTTON (SURREY) - SUTTON (SURREY),G73255,1840,pass,2026-04-24,18:49:00,,
DORKING - EARLSFIELD,P61071,1832,stop,2026-04-07,18:49:00,,
DORKING - EARLSFIELD,P61071,1832,stop,2026-04-16,18:49:00,,
SUTTON (SURREY) - SUTTON (SURREY),G73255,1840,pass,2026-04-08,18:49:00,,
SUTTON (SURREY) - SUTTON (SURREY),G73255,1840,pass,2026-04-22,18:49:00,,
DORKING - EARLSFIELD,Q38393,1832,stop,2026-04-03,18:49:00,,
DORKING - EARLSFIELD,P61071,1832,stop,2026-04-06,18:49:00,,
DORKING - EARLSFIELD,P61071,1832,stop,2026-04-20,18:49:00,,
DORKING - EARLSFIELD,P61071,1832,stop,2026-04-08,18:49:00,,
DORKING - EARLSFIELD,P61071,1832,stop,2026-04-03,18:49:00,,
SUTTON (SURREY) - SUTTON (SURREY),G73255,1840,pass,2026-04-10,18:49:00,,
DORKING - EARLSFIELD,Q49005,1832,stop,2026-04-06,18:49:00,,
DORKING - EARLSFIELD,P61071,1832,stop,2026-04-30,18:49:00,,
SUTTON (SURREY) - SUTTON (SURREY),G73255,1840,pass,2026-04-30,18:49:00,,
DORKING - EARLSFIELD,P61071,1832,stop,2026-04-02,18:49:00,,
SUTTON (SURREY) - SUTTON (SURREY),G73255,1840,pass,2026-04-20,18:49:00,,
DORKING - EARLSFIELD,P61071,1832,stop,2026-04-01,18:49:00,,
SUTTON (SURREY) - SUTTON (SURREY),G73255,1840,pass,2026-04-09,18:49:00,,
SUTTON (SURREY) - SUTTON (SURREY),G73255,1840,pass,2026-04-03,18:49:00,,
DORKING - EARLSFIELD,P61071,1832,stop,2026-04-14,18:49:00,,
SUTTON (SURREY) - SUTTON (SURREY),G73255,1840,pass,2026-04-17,18:49:00,,
BALHAM - DORKING (2),P26718,1811,stop,2026-04-01,18:54:00,,
BALHAM - DORKING (2),P26718,1811,stop,2026-04-14,18:54:00,,
BALHAM - DORKING (2),P26718,1811,stop,2026-04-21,18:54:00,,
BALHAM - DORKING (2),P26718,1811,stop,2026-04-06,18:54:00,,
BALHAM - DORKING (2),X00963,1811,stop,2026-04-06,18:54:00,,
BALHAM - DORKING (2),P26718,1811,stop,2026-04-13,18:54:00,,
GUILDFORD - EARLSFIELD,L74293,1820,stop,2026-04-19,18:53:00,,
GUILDFORD - EARLSFIELD,L74293,1820,stop,2026-04-05,18:53:00,,
GUILDFORD - EARLSFIELD,L74293,1820,stop,2026-04-12,18:53:00,,
GUILDFORD - EARLSFIELD,L74293,1820,stop,2026-04-26,18:53:00,,
SUTTON (SURREY) - DORKING,X04914,1825,stop,2026-04-12,18:52:00,,
BALHAM - DORKING (3),P26720,1808,stop,2026-04-26,18:51:00,,
MITCHAM EASTFIELDS - DORKING,P26720,1808,stop,2026-04-19,18:51:00,,
BALHAM - DORKING (3),P26720,1808,stop,2026-04-12,18:51:00,,
DORKING - EARLSFIELD,P61071,1832,stop,2026-04-29,18:49:00,,
DORKING - EARLSFIELD,P61072,1832,stop,2026-04-25,18:49:00,,
BALHAM - DORKING (2),P26718,1811,stop,2026-04-24,18:54:00,,
BALHAM - DORKING (2),X95573,1811,stop,2026-04-03,18:54:00,,
BALHAM - DORKING (2),P26718,1811,stop,2026-04-15,18:54:00,,
BALHAM - DORKING (2),P26718,1811,stop,2026-04-03,18:54:00,,
BALHAM - DORKING (2),P26718,1811,stop,2026-04-28,18:54:00,,
BALHAM - DORKING (2),P26718,1811,stop,2026-04-02,18:54:00,,
BALHAM - DORKING (2),P26718,1811,stop,2026-04-10,18:54:00,,
BALHAM - DORKING (2),P26719,1811,stop,2026-04-11,18:54:00,,
BALHAM - DORKING (2),P26718,1811,stop,2026-04-22,18:54:00,,
BALHAM - DORKING (2),P26718,1811,stop,2026-04-16,18:54:00,,
BALHAM - DORKING (2),P26719,1811,stop,2026-04-04,18:54:00,,
BALHAM - DORKING (2),P26718,1811,stop,2026-04-29,18:54:00,,
BALHAM - DORKING (2),P26718,1811,stop,2026-04-20,18:54:00,,
BALHAM - DORKING (2),P26718,1811,stop,2026-04-27,18:54:00,,
BALHAM - DORKING (2),P26718,1811,stop,2026-04-07,18:54:00,,
BALHAM - DORKING (2),P26718,1811,stop,2026-04-17,18:54:00,,
EARLSFIELD - DORKING,P61062,1823,stop,2026-04-02,18:59:00,,
EARLSFIELD - DORKING,P61062,1823,stop,2026-04-30,18:59:00,,
EARLSFIELD - DORKING,P61063,1823,stop,2026-04-11,18:58:00,,
EARLSFIELD - DORKING,Q38402,1823,stop,2026-04-03,18:58:00,,
EARLSFIELD - DORKING,P61063,1823,stop,2026-04-25,18:58:00,,
EARLSFIELD - DORKING,P61063,1823,stop,2026-04-04,18:58:00,,
EARLSFIELD - DORKING,Q49027,1823,stop,2026-04-06,18:58:00,,
EARLSFIELD - DORKING,P61063,1823,stop,2026-04-18,18:58:00,,
EFFINGHAM JUNCTION - WORCESTER PARK,Q54763,1815,stop,2026-04-12,18:56:00,,
WORCESTER PARK - EFFINGHAM JUNCTION,Q54800,1835,stop,2026-04-12,18:56:00,,
BALHAM - DORKING (6),P26720,1808,stop,2026-04-05,18:55:00,,
BALHAM - DORKING (2),P26718,1811,stop,2026-04-30,18:54:00,,
BALHAM - DORKING (2),P26719,1811,stop,2026-04-25,18:54:00,,
BALHAM - DORKING (2),P26718,1811,stop,2026-04-08,18:54:00,,
BALHAM - DORKING (2),P26718,1811,stop,2026-04-09,18:54:00,,
BALHAM - DORKING (2),P26718,1811,stop,2026-04-23,18:54:00,,
EARLSFIELD - DORKING,P61062,1823,stop,2026-04-07,18:59:00,,
EARLSFIELD - DORKING,P61062,1823,stop,2026-04-27,18:59:00,,
EARLSFIELD - DORKING,P61062,1823,stop,2026-04-22,18:59:00,,
EARLSFIELD - DORKING,P61062,1823,stop,2026-04-03,18:59:00,,
EARLSFIELD - DORKING,P61062,1823,stop,2026-04-01,18:59:00,,
EARLSFIELD - DORKING,P61062,1823,stop,2026-04-15,18:59:00,,
EARLSFIELD - DORKING,P61062,1823,stop,2026-04-21,18:59:00,,
EARLSFIELD - DORKING,P61062,1823,stop,2026-04-29,18:59:00,,
EARLSFIELD - DORKING,P61062,1823,stop,2026-04-24,18:59:00,,
EARLSFIELD - DORKING,P61062,1823,stop,2026-04-14,18:59:00,,
EARLSFIELD - DORKING,P61062,1823,stop,2026-04-06,18:59:00,,
EARLSFIELD - DORKING,P61062,1823,stop,2026-04-20,18:59:00,,
EARLSFIELD - DORKING,P61062,1823,stop,2026-04-10,18:59:00,,
EARLSFIELD - DORKING,P61062,1823,stop,2026-04-16,18:59:00,,
EARLSFIELD - DORKING,P61062,1823,stop,2026-04-09,18:59:00,,
EARLSFIELD - DORKING,P61062,1823,stop,2026-04-13,18:59:00,,
HORSHAM - BALHAM,P26727,1814,stop,2026-04-01,19:01:00,,
HORSHAM - BALHAM,P26727,1814,stop,2026-04-09,19:01:00,,
HORSHAM - BALHAM,P26727,1814,stop,2026-04-23,19:01:00,,
HORSHAM - BALHAM,P26727,1814,stop,2026-04-22,19:01:00,,
HORSHAM - BALHAM,P26728,1814,stop,2026-04-11,19:01:00,,
HORSHAM - BALHAM,P26728,1814,stop,2026-04-04,19:01:00,,
HORSHAM - BALHAM,P26727,1814,stop,2026-04-02,19:01:00,,
HORSHAM - BALHAM,P26727,1814,stop,2026-04-14,19:01:00,,
HORSHAM - BALHAM,P26727,1814,stop,2026-04-10,19:01:00,,
DORKING - MITCHAM EASTFIELDS,P26729,1842,stop,2026-04-19,19:00:00,,
DORKING - BALHAM (4),P26729,1842,stop,2026-04-26,19:00:00,,
DORKING - BALHAM (4),P26729,1842,stop,2026-04-12,19:00:00,,
EARLSFIELD - DORKING,P61062,1823,stop,2026-04-28,18:59:00,,
EARLSFIELD - DORKING,P61062,1823,stop,2026-04-17,18:59:00,,
EARLSFIELD - DORKING,P61062,1823,stop,2026-04-23,18:59:00,,
EARLSFIELD - DORKING,P61062,1823,stop,2026-04-08,18:59:00,,
HORSHAM - BALHAM,P26727,1814,stop,2026-04-27,19:01:00,,
HORSHAM - BALHAM,X00966,1814,stop,2026-04-06,19:01:00,,
HORSHAM - BALHAM,P26727,1814,stop,2026-04-15,19:01:00,,
HORSHAM - BALHAM,P26727,1814,stop,2026-04-06,19:01:00,,
HORSHAM - BALHAM,P26727,1814,stop,2026-04-28,19:01:00,,
HORSHAM - BALHAM,P26727,1814,stop,2026-04-29,19:01:00,,
HORSHAM - BALHAM,P26727,1814,stop,2026-04-03,19:01:00,,
HORSHAM - BALHAM,P26727,1814,stop,2026-04-21,19:01:00,,
HORSHAM - BALHAM,P26727,1814,stop,2026-04-07,19:01:00,,
HORSHAM - BALHAM,P26728,1814,stop,2026-04-25,19:01:00,,
HORSHAM - BALHAM,P26727,1814,stop,2026-04-30,19:01:00,,
HORSHAM - BALHAM,P26727,1814,stop,2026-04-17,19:01:00,,
HORSHAM - BALHAM,P26727,1814,stop,2026-04-16,19:01:00,,
HORSHAM - BALHAM,P26727,1814,stop,2026-04-24,19:01:00,,
HORSHAM - BALHAM,P26727,1814,stop,2026-04-13,19:01:00,,
HORSHAM - BALHAM,X95567,1814,stop,2026-04-03,19:01:00,,
HORSHAM - MITCHAM EASTFIELDS,P26728,1820,stop,2026-04-18,19:01:00,,
HORSHAM - BALHAM,P26727,1814,stop,2026-04-08,19:01:00,,
HORSHAM - BALHAM,P26727,1814,stop,2026-04-20,19:01:00,,
EARLSFIELD - GUILDFORD (2),P61630,2253,stop,2026-04-15,23:28:00,,
EARLSFIELD - GUILDFORD (2),P61630,2253,stop,2026-04-29,23:28:00,,
EARLSFIELD - GUILDFORD (2),P61630,2253,stop,2026-04-30,23:28:00,,
WORCESTER PARK - EFFINGHAM JUNCTION,Q54855,2305,stop,2026-04-12,23:26:00,,
BALHAM - HORSHAM,P26772,2241,stop,2026-04-23,23:24:00,,
BALHAM - HORSHAM,P26772,2241,stop,2026-04-14,23:24:00,,
BALHAM - HORSHAM,P26772,2241,stop,2026-04-21,23:24:00,,
BALHAM - HORSHAM,P26772,2241,stop,2026-04-02,23:24:00,,
BALHAM - HORSHAM,P26772,2241,stop,2026-04-28,23:24:00,,
BALHAM - HORSHAM,P26772,2241,stop,2026-04-30,23:24:00,,
BALHAM - HORSHAM,P26772,2241,stop,2026-04-17,23:24:00,,
BALHAM - HORSHAM,P26772,2241,stop,2026-04-15,23:24:00,,
BALHAM - HORSHAM,P26772,2241,stop,2026-04-27,23:24:00,,
BALHAM - HORSHAM,P26772,2241,stop,2026-04-06,23:24:00,,
BALHAM - HORSHAM,P26772,2241,stop,2026-04-08,23:24:00,,
BALHAM - DORKING (3),X00981,2241,stop,2026-04-06,23:24:00,,
DORKING - DORKING (2),P62621,1854,pass,2026-04-02,19:06:00,,
DORKING - DORKING (2),P62621,1854,pass,2026-04-17,19:06:00,,
DORKING - DORKING (2),P62621,1854,pass,2026-04-09,19:06:00,,
DORKING - DORKING (2),P62621,1854,pass,2026-04-27,19:06:00,,
DORKING - DORKING (2),P62621,1854,pass,2026-04-28,19:06:00,,
MITCHAM EASTFIELDS - DORKING (2),P26719,1820,stop,2026-04-18,19:04:00,,
DORKING - BALHAM (5),P26729,1846,stop,2026-04-05,19:03:00,,
DORKING - DORKING (2),P62621,1854,pass,2026-04-20,19:06:00,,
DORKING - DORKING (2),P62621,1854,pass,2026-04-01,19:06:00,,
DORKING - DORKING (2),P62621,1854,pass,2026-04-16,19:06:00,,
DORKING - DORKING (2),P62621,1854,pass,2026-04-14,19:06:00,,
DORKING - DORKING (2),P62621,1854,pass,2026-04-03,19:06:00,,
DORKING - DORKING (2),P62621,1854,pass,2026-04-07,19:06:00,,
DORKING - DORKING (2),P62621,1854,pass,2026-04-29,19:06:00,,
DORKING - DORKING (2),P62621,1854,pass,2026-04-24,19:06:00,,
DORKING - DORKING (2),P62621,1854,pass,2026-04-13,19:06:00,,
DORKING - DORKING (2),P62621,1854,pass,2026-04-21,19:06:00,,
DORKING - DORKING (2),P62621,1854,pass,2026-04-23,19:06:00,,
DORKING - DORKING (2),P62621,1854,pass,2026-04-22,19:06:00,,
DORKING - DORKING (2),P62621,1854,pass,2026-04-06,19:06:00,,
DORKING - DORKING (2),P62621,1854,pass,2026-04-10,19:06:00,,
DORKING - DORKING (2),P62621,1854,pass,2026-04-15,19:06:00,,
DORKING - DORKING (2),P62621,1854,pass,2026-04-30,19:06:00,,
EARLSFIELD - GUILDFORD (2),P61619,1832,stop,2026-04-26,19:07:00,,
EARLSFIELD - GUILDFORD (2),P61619,1832,stop,2026-04-19,19:07:00,,
EARLSFIELD - GUILDFORD (2),P61619,1832,stop,2026-04-05,19:07:00,,
EARLSFIELD - GUILDFORD (2),P61619,1832,stop,2026-04-12,19:07:00,,
DORKING - DORKING (2),P62621,1854,pass,2026-04-08,19:06:00,,
BALHAM - HORSHAM,P26772,2241,stop,2026-04-20,23:24:00,,
DORKING - WEST CROYDON,X01000,2307,stop,2026-04-06,23:24:00,,
DORKING - STREATHAM HILL,P46057,2307,stop,2026-04-18,23:24:00,,
DORKING - WEST CROYDON,P46057,2307,stop,2026-04-25,23:24:00,,
DORKING - WEST CROYDON,P46057,2307,stop,2026-04-11,23:24:00,,
BALHAM - DORKING (3),P26773,2241,stop,2026-04-25,23:24:00,,
BALHAM - DORKING (3),P26773,2241,stop,2026-04-04,23:24:00,,
BALHAM - HORSHAM,P26772,2241,stop,2026-04-24,23:24:00,,
BALHAM - HORSHAM,P26772,2241,stop,2026-04-13,23:24:00,,
BALHAM - HORSHAM,P26772,2241,stop,2026-04-01,23:24:00,,
BALHAM - HORSHAM,P26772,2241,stop,2026-04-09,23:24:00,,
BALHAM - HORSHAM,P26772,2241,stop,2026-04-22,23:24:00,,
BALHAM - HORSHAM,P26772,2241,stop,2026-04-07,23:24:00,,
BALHAM - DORKING (3),P26773,2241,stop,2026-04-11,23:24:00,,
BALHAM - HORSHAM,P26772,2241,stop,2026-04-29,23:24:00,,
BALHAM - HORSHAM,P26772,2241,stop,2026-04-10,23:24:00,,
EPSOM - NORWOOD JUNCTION,P25281,1915,stop,2026-04-25,19:15:00,,
EPSOM - NORWOOD JUNCTION,P25281,1915,stop,2026-04-04,19:15:00,,
EPSOM - NORWOOD JUNCTION,X01426,1915,stop,2026-04-06,19:15:00,,
EPSOM - NORWOOD JUNCTION,X95304,1915,stop,2026-04-03,19:15:00,,
DORKING - SUTTON (SURREY),X04876,1833,stop,2026-04-12,19:09:00,,
DORKING - WEST CROYDON,P46057,2307,stop,2026-04-04,23:24:00,,
BALHAM - DORKING (3),X93592,2241,stop,2026-04-03,23:24:00,,
BALHAM - HORSHAM,P26772,2241,stop,2026-04-16,23:24:00,,
BALHAM - HORSHAM,P26772,2241,stop,2026-04-03,23:24:00,,
DORKING - WEST CROYDON,X93566,2307,stop,2026-04-03,23:24:00,,
DORKING - EARLSFIELD,P61098,2307,stop,2026-04-26,23:23:00,,
DORKING - EARLSFIELD,P61098,2307,stop,2026-04-12,23:23:00,,
DORKING - EARLSFIELD,P61098,2307,stop,2026-04-19,23:23:00,,
DORKING - EARLSFIELD,P61098,2307,stop,2026-04-05,23:23:00,,
SUTTON (SURREY) - DORKING,X04905,2255,stop,2026-04-12,23:22:00,,
EPSOM - SELHURST  T&RS  MD  M&EE   NSC,G73384,2320,stop,2026-04-02,23:20:00,,
EPSOM - SELHURST  T&RS  MD  M&EE   NSC,G73384,2320,stop,2026-04-15,23:20:00,,
EPSOM - SELHURST  T&RS  MD  M&EE   NSC,G73384,2320,stop,2026-04-01,23:20:00,,
EPSOM - SELHURST  T&RS  MD  M&EE   NSC,G73384,2320,stop,2026-04-30,23:20:00,,
EPSOM - SELHURST  T&RS  MD  M&EE   NSC,G73384,2320,stop,2026-04-20,23:20:00,,
EPSOM - SELHURST  T&RS  MD  M&EE   NSC,X07381,2320,stop,2026-04-20,23:20:00,,
EPSOM - NORWOOD JUNCTION,P25280,1916,stop,2026-04-08,19:16:00,,
EPSOM - NORWOOD JUNCTION,P25280,1916,stop,2026-04-14,19:16:00,,
EPSOM - NORWOOD JUNCTION,P25280,1916,stop,2026-04-27,19:16:00,,
EPSOM - NORWOOD JUNCTION,P25280,1916,stop,2026-04-30,19:16:00,,
EPSOM - NORWOOD JUNCTION,P25280,1916,stop,2026-04-07,19:16:00,,
EPSOM - NORWOOD JUNCTION,P25280,1916,stop,2026-04-16,19:16:00,,
EPSOM - NORWOOD JUNCTION,P25280,1916,stop,2026-04-22,19:16:00,,
EPSOM - NORWOOD JUNCTION,P25280,1916,stop,2026-04-02,19:16:00,,
EPSOM - NORWOOD JUNCTION,P25280,1916,stop,2026-04-10,19:16:00,,
EPSOM - NORWOOD JUNCTION,P25280,1916,stop,2026-04-23,19:16:00,,
EPSOM - NORWOOD JUNCTION,P25280,1916,stop,2026-04-21,19:16:00,,
EPSOM - NORWOOD JUNCTION,P25280,1916,stop,2026-04-28,19:16:00,,
EPSOM - NORWOOD JUNCTION,P25280,1916,stop,2026-04-29,19:16:00,,
EPSOM - NORWOOD JUNCTION,P25280,1916,stop,2026-04-13,19:16:00,,
EPSOM - NORWOOD JUNCTION,P25281,1915,stop,2026-04-18,19:15:00,,
EPSOM - NORWOOD JUNCTION,P25281,1915,stop,2026-04-11,19:15:00,,
GUILDFORD - EARLSFIELD,L74297,1845,stop,2026-04-02,19:19:00,,
GUILDFORD - EARLSFIELD,L74297,1845,stop,2026-04-28,19:19:00,,
GUILDFORD - EARLSFIELD,L74297,1845,stop,2026-04-20,19:19:00,,
GUILDFORD - EARLSFIELD,L74297,1845,stop,2026-04-08,19:19:00,,
GUILDFORD - EARLSFIELD,L74298,1845,stop,2026-04-18,19:19:00,,
GUILDFORD - EARLSFIELD,L74297,1845,stop,2026-04-16,19:19:00,,
GUILDFORD - EARLSFIELD,L74298,1845,stop,2026-04-04,19:19:00,,
GUILDFORD - EARLSFIELD,L74297,1845,stop,2026-04-30,19:19:00,,
EPSOM - NORWOOD JUNCTION,P25280,1916,stop,2026-04-24,19:16:00,,
EPSOM - NORWOOD JUNCTION,P25280,1916,stop,2026-04-17,19:16:00,,
EPSOM - NORWOOD JUNCTION,P25280,1916,stop,2026-04-06,19:16:00,,
EPSOM - NORWOOD JUNCTION,P25280,1916,stop,2026-04-03,19:16:00,,
EPSOM - NORWOOD JUNCTION,P25280,1916,stop,2026-04-01,19:16:00,,
EPSOM - NORWOOD JUNCTION,P25280,1916,stop,2026-04-20,19:16:00,,
EPSOM - NORWOOD JUNCTION,P25280,1916,stop,2026-04-09,19:16:00,,
EPSOM - NORWOOD JUNCTION,P25280,1916,stop,2026-04-15,19:16:00,,
GUILDFORD - EARLSFIELD,L74297,1845,stop,2026-04-13,19:19:00,,
GUILDFORD - EARLSFIELD,L74297,1845,stop,2026-04-17,19:19:00,,
GUILDFORD - EARLSFIELD,L74297,1845,stop,2026-04-23,19:19:00,,
GUILDFORD - EARLSFIELD,L74297,1845,stop,2026-04-21,19:19:00,,
GUILDFORD - EARLSFIELD,L74297,1845,stop,2026-04-09,19:19:00,,
GUILDFORD - EARLSFIELD,L74297,1845,stop,2026-04-27,19:19:00,,
GUILDFORD - EARLSFIELD,L74297,1845,stop,2026-04-01,19:19:00,,
GUILDFORD - EARLSFIELD,L74298,1845,stop,2026-04-25,19:19:00,,
GUILDFORD - EARLSFIELD,L74297,1845,stop,2026-04-07,19:19:00,,
GUILDFORD - EARLSFIELD,L74297,1845,stop,2026-04-29,19:19:00,,
GUILDFORD - EARLSFIELD,L74297,1845,stop,2026-04-24,19:19:00,,
GUILDFORD - EARLSFIELD,L74298,1845,stop,2026-04-11,19:19:00,,
GUILDFORD - EARLSFIELD,L74297,1845,stop,2026-04-10,19:19:00,,
GUILDFORD - EARLSFIELD,L74297,1845,stop,2026-04-14,19:19:00,,
GUILDFORD - EARLSFIELD,L74297,1845,stop,2026-04-15,19:19:00,,
GUILDFORD - EARLSFIELD,L74297,1845,stop,2026-04-22,19:19:00,,
BALHAM - HORSHAM,P26724,1841,stop,2026-04-07,19:24:00,,
BALHAM - HORSHAM,P26724,1841,stop,2026-04-23,19:24:00,,
BALHAM - HORSHAM,P26724,1841,stop,2026-04-08,19:24:00,,
BALHAM - HORSHAM,P26724,1841,stop,2026-04-30,19:24:00,,
DORKING - EARLSFIELD,P61073,1907,stop,2026-04-19,19:23:00,,
DORKING - EARLSFIELD,P61073,1907,stop,2026-04-12,19:23:00,,
DORKING - EARLSFIELD,P61073,1907,stop,2026-04-26,19:23:00,,
DORKING - EARLSFIELD,P61073,1907,stop,2026-04-05,19:23:00,,
SUTTON (SURREY) - DORKING,X04913,1855,stop,2026-04-12,19:22:00,,
MITCHAM EASTFIELDS - DORKING,P26726,1838,stop,2026-04-19,19:21:00,,
BALHAM - DORKING (3),P26726,1838,stop,2026-04-12,19:21:00,,
BALHAM - DORKING (3),P26726,1838,stop,2026-04-26,19:21:00,,
GUILDFORD - EARLSFIELD,L74297,1845,stop,2026-04-03,19:19:00,,
GUILDFORD - EARLSFIELD,Q48944,1845,stop,2026-04-06,19:19:00,,
GUILDFORD - EARLSFIELD,L74297,1845,stop,2026-04-06,19:19:00,,
GUILDFORD - EARLSFIELD,Q38383,1845,stop,2026-04-03,19:19:00,,
BALHAM - HORSHAM,P26724,1841,stop,2026-04-01,19:24:00,,
BALHAM - DORKING (3),P26725,1841,stop,2026-04-04,19:24:00,,
BALHAM - HORSHAM,P26724,1841,stop,2026-04-24,19:24:00,,
BALHAM - HORSHAM,P26724,1841,stop,2026-04-28,19:24:00,,
BALHAM - HORSHAM,P26724,1841,stop,2026-04-22,19:24:00,,
BALHAM - HORSHAM,P26724,1841,stop,2026-04-10,19:24:00,,
BALHAM - HORSHAM,P26724,1841,stop,2026-04-21,19:24:00,,
BALHAM - HORSHAM,P26724,1841,stop,2026-04-29,19:24:00,,
BALHAM - HORSHAM,P26724,1841,stop,2026-04-03,19:24:00,,
BALHAM - DORKING (3),P26725,1841,stop,2026-04-25,19:24:00,,
BALHAM - HORSHAM,P26724,1841,stop,2026-04-27,19:24:00,,
BALHAM - HORSHAM,P26724,1841,stop,2026-04-17,19:24:00,,
BALHAM - HORSHAM,P26724,1841,stop,2026-04-13,19:24:00,,
BALHAM - HORSHAM,P26724,1841,stop,2026-04-14,19:24:00,,
BALHAM - HORSHAM,P26724,1841,stop,2026-04-16,19:24:00,,
BALHAM - DORKING (3),X95437,1841,stop,2026-04-03,19:24:00,,
EARLSFIELD - GUILDFORD (2),P61618,1853,stop,2026-04-25,19:28:00,,
EARLSFIELD - GUILDFORD (2),Q38377,1853,stop,2026-04-03,19:28:00,,
EARLSFIELD - GUILDFORD (2),P61618,1853,stop,2026-04-04,19:28:00,,
EARLSFIELD - GUILDFORD (2),P61618,1853,stop,2026-04-18,19:28:00,,
EARLSFIELD - GUILDFORD (2),P61618,1853,stop,2026-04-11,19:28:00,,
EARLSFIELD - GUILDFORD (2),Q48925,1853,stop,2026-04-06,19:28:00,,
WORCESTER PARK - DORKING,Q54877,1905,stop,2026-04-12,19:26:00,,
DORKING - WORCESTER PARK,Q54829,1850,stop,2026-04-12,19:26:00,,
BALHAM - DORKING (6),P26726,1838,stop,2026-04-05,19:25:00,,
BALHAM - DORKING (3),P26725,1841,stop,2026-04-11,19:24:00,,
BALHAM - HORSHAM,P26724,1841,stop,2026-04-09,19:24:00,,
BALHAM - HORSHAM,P26724,1841,stop,2026-04-15,19:24:00,,
BALHAM - HORSHAM,P26724,1841,stop,2026-04-20,19:24:00,,
BALHAM - DORKING (3),X00965,1841,stop,2026-04-06,19:24:00,,
BALHAM - HORSHAM,P26724,1841,stop,2026-04-06,19:24:00,,
BALHAM - HORSHAM,P26724,1841,stop,2026-04-02,19:24:00,,
EARLSFIELD - GUILDFORD (2),P61617,1853,stop,2026-04-17,19:31:00,,
EARLSFIELD - GUILDFORD (2),P61617,1853,stop,2026-04-08,19:31:00,,
EARLSFIELD - GUILDFORD (2),P61617,1853,stop,2026-04-20,19:31:00,,
EARLSFIELD - GUILDFORD (2),P61617,1853,stop,2026-04-01,19:31:00,,
EARLSFIELD - GUILDFORD (2),P61617,1853,stop,2026-04-28,19:31:00,,
EARLSFIELD - GUILDFORD (2),P61617,1853,stop,2026-04-27,19:31:00,,
EARLSFIELD - GUILDFORD (2),P61617,1853,stop,2026-04-14,19:31:00,,
EARLSFIELD - GUILDFORD (2),P61617,1853,stop,2026-04-24,19:31:00,,
EARLSFIELD - GUILDFORD (2),P61617,1853,stop,2026-04-09,19:31:00,,
EARLSFIELD - GUILDFORD (2),P61617,1853,stop,2026-04-29,19:31:00,,
EARLSFIELD - GUILDFORD (2),P61617,1853,stop,2026-04-03,19:31:00,,
EARLSFIELD - GUILDFORD (2),P61617,1853,stop,2026-04-07,19:31:00,,
EARLSFIELD - GUILDFORD (2),P61617,1853,stop,2026-04-16,19:31:00,,
DORKING - BALHAM (4),P26735,1912,stop,2026-04-26,19:30:00,,
DORKING - BALHAM (4),P26735,1912,stop,2026-04-12,19:30:00,,
DORKING - MITCHAM EASTFIELDS,P26735,1912,stop,2026-04-19,19:30:00,,
DORKING - BALHAM (3),P26733,1917,stop,2026-04-14,19:33:00,,
DORKING - BALHAM (3),P26733,1917,stop,2026-04-07,19:33:00,,
DORKING - BALHAM (3),P26733,1917,stop,2026-04-16,19:33:00,,
DORKING - BALHAM (3),P26733,1917,stop,2026-04-23,19:33:00,,
DORKING - BALHAM (3),P26733,1917,stop,2026-04-06,19:33:00,,
DORKING - BALHAM (3),P26733,1917,stop,2026-04-02,19:33:00,,
DORKING - MITCHAM EASTFIELDS,P26734,1916,stop,2026-04-18,19:32:00,,
EARLSFIELD - GUILDFORD (2),P61617,1853,stop,2026-04-21,19:31:00,,
EARLSFIELD - GUILDFORD (2),P61617,1853,stop,2026-04-30,19:31:00,,
EARLSFIELD - GUILDFORD (2),P61617,1853,stop,2026-04-23,19:31:00,,
EARLSFIELD - GUILDFORD (2),P61617,1853,stop,2026-04-02,19:31:00,,
EARLSFIELD - GUILDFORD (2),P61617,1853,stop,2026-04-06,19:31:00,,
EARLSFIELD - GUILDFORD (2),P61617,1853,stop,2026-04-22,19:31:00,,
EARLSFIELD - GUILDFORD (2),P61617,1853,stop,2026-04-10,19:31:00,,
EARLSFIELD - GUILDFORD (2),P61617,1853,stop,2026-04-15,19:31:00,,
EARLSFIELD - GUILDFORD (2),P61617,1853,stop,2026-04-13,19:31:00,,
DORKING - BALHAM (3),P26733,1917,stop,2026-04-09,19:33:00,,
DORKING - BALHAM (3),P26733,1917,stop,2026-04-08,19:33:00,,
DORKING - BALHAM (3),P26733,1917,stop,2026-04-17,19:33:00,,
DORKING - BALHAM (3),P26733,1917,stop,2026-04-13,19:33:00,,
DORKING - BALHAM (3),P26733,1917,stop,2026-04-03,19:33:00,,
DORKING - BALHAM (3),P26733,1917,stop,2026-04-20,19:33:00,,
DORKING - BALHAM (3),P26733,1917,stop,2026-04-24,19:33:00,,
DORKING - BALHAM (3),P26733,1917,stop,2026-04-15,19:33:00,,
DORKING - BALHAM (3),P26733,1917,stop,2026-04-22,19:33:00,,
DORKING - BALHAM,P26734,1916,stop,2026-04-11,19:33:00,,
DORKING - BALHAM,X00968,1916,stop,2026-04-06,19:33:00,,
DORKING - BALHAM (3),P26733,1917,stop,2026-04-29,19:33:00,,
DORKING - BALHAM (3),P26733,1917,stop,2026-04-30,19:33:00,,
DORKING - BALHAM (3),P26733,1917,stop,2026-04-01,19:33:00,,
DORKING - BALHAM (5),P26735,1916,stop,2026-04-05,19:33:00,,
DORKING - BALHAM,X95301,1916,stop,2026-04-03,19:33:00,,
EPSOM - NORWOOD JUNCTION,P25284,1945,stop,2026-04-15,19:45:00,,
EPSOM - NORWOOD JUNCTION,X95264,1945,stop,2026-04-03,19:45:00,,
EPSOM - NORWOOD JUNCTION,P25284,1945,stop,2026-04-08,19:45:00,,
EPSOM - NORWOOD JUNCTION,P25285,1945,stop,2026-04-11,19:45:00,,
DORKING - SUTTON (SURREY),X04875,1903,stop,2026-04-12,19:39:00,,
EARLSFIELD - DORKING,P61070,1902,stop,2026-04-19,19:37:00,,
EARLSFIELD - DORKING,P61070,1902,stop,2026-04-05,19:37:00,,
EARLSFIELD - DORKING,P61070,1902,stop,2026-04-12,19:37:00,,
EARLSFIELD - DORKING,P61070,1902,stop,2026-04-26,19:37:00,,
DORKING - BALHAM,P26734,1916,stop,2026-04-04,19:33:00,,
DORKING - BALHAM (3),P26733,1917,stop,2026-04-28,19:33:00,,
MITCHAM EASTFIELDS - HORSHAM (2),P26725,1850,stop,2026-04-18,19:33:00,,
DORKING - BALHAM (3),P26733,1917,stop,2026-04-27,19:33:00,,
DORKING - BALHAM (3),P26733,1917,stop,2026-04-10,19:33:00,,
DORKING - BALHAM (3),P26733,1917,stop,2026-04-21,19:33:00,,
DORKING - BALHAM,P26734,1916,stop,2026-04-25,19:33:00,,
EPSOM - NORWOOD JUNCTION,P25284,1945,stop,2026-04-30,19:45:00,,
EPSOM - NORWOOD JUNCTION,P25284,1945,stop,2026-04-07,19:45:00,,
EPSOM - NORWOOD JUNCTION,P25284,1945,stop,2026-04-21,19:45:00,,
EPSOM - NORWOOD JUNCTION,P25284,1945,stop,2026-04-23,19:45:00,,
EPSOM - NORWOOD JUNCTION,P25284,1945,stop,2026-04-28,19:45:00,,
EPSOM - NORWOOD JUNCTION,P25284,1945,stop,2026-04-13,19:45:00,,
EPSOM - NORWOOD JUNCTION,P25284,1945,stop,2026-04-29,19:45:00,,
EPSOM - NORWOOD JUNCTION,P25284,1945,stop,2026-04-14,19:45:00,,
EPSOM - NORWOOD JUNCTION,P25284,1945,stop,2026-04-22,19:45:00,,
EPSOM - NORWOOD JUNCTION,P25285,1945,stop,2026-04-18,19:45:00,,
EPSOM - NORWOOD JUNCTION,P25284,1945,stop,2026-04-06,19:45:00,,
EPSOM - NORWOOD JUNCTION,X01428,1945,stop,2026-04-06,19:45:00,,
EPSOM - NORWOOD JUNCTION,P25284,1945,stop,2026-04-20,19:45:00,,
EPSOM - NORWOOD JUNCTION,P25284,1945,stop,2026-04-10,19:45:00,,
EPSOM - NORWOOD JUNCTION,P25284,1945,stop,2026-04-24,19:45:00,,
EPSOM - NORWOOD JUNCTION,P25284,1945,stop,2026-04-02,19:45:00,,
DORKING - EARLSFIELD,P61077,1932,stop,2026-04-17,19:49:00,,
DORKING - EARLSFIELD,P61077,1932,stop,2026-04-21,19:49:00,,
DORKING - EARLSFIELD,P61077,1932,stop,2026-04-14,19:49:00,,
DORKING - EARLSFIELD,P61077,1932,stop,2026-04-02,19:49:00,,
DORKING - EARLSFIELD,P61077,1932,stop,2026-04-15,19:49:00,,
DORKING - EARLSFIELD,P61077,1932,stop,2026-04-28,19:49:00,,
DORKING - EARLSFIELD,P61077,1932,stop,2026-04-27,19:49:00,,
DORKING - EARLSFIELD,P61077,1932,stop,2026-04-22,19:49:00,,
EPSOM - NORWOOD JUNCTION,P25284,1945,stop,2026-04-16,19:45:00,,
EPSOM - NORWOOD JUNCTION,P25284,1945,stop,2026-04-27,19:45:00,,
EPSOM - NORWOOD JUNCTION,P25284,1945,stop,2026-04-09,19:45:00,,
EPSOM - NORWOOD JUNCTION,P25284,1945,stop,2026-04-03,19:45:00,,
EPSOM - NORWOOD JUNCTION,P25284,1945,stop,2026-04-01,19:45:00,,
EPSOM - NORWOOD JUNCTION,P25284,1945,stop,2026-04-17,19:45:00,,
EPSOM - NORWOOD JUNCTION,P25285,1945,stop,2026-04-25,19:45:00,,
EPSOM - NORWOOD JUNCTION,P25285,1945,stop,2026-04-04,19:45:00,,
DORKING - EARLSFIELD,P61077,1932,stop,2026-04-06,19:49:00,,
DORKING - EARLSFIELD,Q38347,1932,stop,2026-04-03,19:49:00,,
DORKING - EARLSFIELD,P61077,1932,stop,2026-04-03,19:49:00,,
DORKING - EARLSFIELD,P61078,1932,stop,2026-04-04,19:49:00,,
DORKING - EARLSFIELD,P61077,1932,stop,2026-04-08,19:49:00,,
DORKING - EARLSFIELD,P61078,1932,stop,2026-04-25,19:49:00,,
DORKING - EARLSFIELD,P61077,1932,stop,2026-04-29,19:49:00,,
DORKING - EARLSFIELD,P61077,1932,stop,2026-04-07,19:49:00,,
DORKING - EARLSFIELD,P61077,1932,stop,2026-04-30,19:49:00,,
DORKING - EARLSFIELD,P61078,1932,stop,2026-04-11,19:49:00,,
DORKING - EARLSFIELD,P61077,1932,stop,2026-04-24,19:49:00,,
DORKING - EARLSFIELD,P61077,1932,stop,2026-04-20,19:49:00,,
DORKING - EARLSFIELD,P61077,1932,stop,2026-04-23,19:49:00,,
DORKING - EARLSFIELD,P61077,1932,stop,2026-04-16,19:49:00,,
DORKING - EARLSFIELD,P61077,1932,stop,2026-04-10,19:49:00,,
DORKING - EARLSFIELD,P61077,1932,stop,2026-04-09,19:49:00,,
BALHAM - DORKING,P26730,1911,stop,2026-04-16,19:52:00,,
BALHAM - DORKING,P26730,1911,stop,2026-04-07,19:52:00,,
BALHAM - DORKING,P26730,1911,stop,2026-04-14,19:52:00,,
BALHAM - DORKING,P26730,1911,stop,2026-04-27,19:52:00,,
BALHAM - DORKING,P26730,1911,stop,2026-04-20,19:52:00,,
BALHAM - DORKING,P26730,1911,stop,2026-04-09,19:52:00,,
BALHAM - DORKING,P26730,1911,stop,2026-04-23,19:52:00,,
BALHAM - DORKING,P26730,1911,stop,2026-04-10,19:52:00,,
BALHAM - DORKING,P26730,1911,stop,2026-04-08,19:52:00,,
MITCHAM EASTFIELDS - DORKING,P26732,1908,stop,2026-04-19,19:51:00,,
BALHAM - DORKING (3),P26732,1908,stop,2026-04-26,19:51:00,,
BALHAM - DORKING (3),P26732,1908,stop,2026-04-12,19:51:00,,
DORKING - EARLSFIELD,P61078,1932,stop,2026-04-18,19:49:00,,
DORKING - EARLSFIELD,P61077,1932,stop,2026-04-13,19:49:00,,
DORKING - EARLSFIELD,P61077,1932,stop,2026-04-01,19:49:00,,
DORKING - EARLSFIELD,Q48745,1932,stop,2026-04-06,19:49:00,,
GUILDFORD - EARLSFIELD,L74299,1920,stop,2026-04-05,19:53:00,,
GUILDFORD - EARLSFIELD,L74299,1920,stop,2026-04-12,19:53:00,,
BALHAM - DORKING,P26730,1911,stop,2026-04-28,19:52:00,,
BALHAM - DORKING,P26730,1911,stop,2026-04-29,19:52:00,,
BALHAM - DORKING,P26730,1911,stop,2026-04-13,19:52:00,,
BALHAM - DORKING,P26730,1911,stop,2026-04-30,19:52:00,,
BALHAM - DORKING,P26730,1911,stop,2026-04-17,19:52:00,,
BALHAM - DORKING,P26730,1911,stop,2026-04-03,19:52:00,,
BALHAM - DORKING,P26730,1911,stop,2026-04-02,19:52:00,,
BALHAM - DORKING,P26730,1911,stop,2026-04-15,19:52:00,,
BALHAM - DORKING,P26730,1911,stop,2026-04-21,19:52:00,,
BALHAM - DORKING,P26730,1911,stop,2026-04-24,19:52:00,,
SUTTON (SURREY) - DORKING,X04912,1925,stop,2026-04-12,19:52:00,,
BALHAM - DORKING,P26730,1911,stop,2026-04-22,19:52:00,,
BALHAM - DORKING,P26730,1911,stop,2026-04-06,19:52:00,,
BALHAM - DORKING,P26730,1911,stop,2026-04-01,19:52:00,,
EARLSFIELD - DORKING,P61068,1923,stop,2026-04-23,19:58:00,,
EARLSFIELD - DORKING,P61068,1923,stop,2026-04-06,19:58:00,,
EARLSFIELD - DORKING,P61069,1923,stop,2026-04-18,19:58:00,,
EARLSFIELD - DORKING,P61068,1923,stop,2026-04-13,19:58:00,,
EARLSFIELD - DORKING,Q48768,1923,stop,2026-04-06,19:58:00,,
EARLSFIELD - DORKING,P61068,1923,stop,2026-04-14,19:58:00,,
WORCESTER PARK - EFFINGHAM JUNCTION,Q54799,1935,stop,2026-04-12,19:56:00,,
EFFINGHAM JUNCTION - WORCESTER PARK,Q54762,1915,stop,2026-04-12,19:56:00,,
BALHAM - DORKING (6),P26732,1908,stop,2026-04-05,19:55:00,,
BALHAM - DORKING (2),P26731,1911,stop,2026-04-04,19:54:00,,
BALHAM - DORKING (2),P26731,1911,stop,2026-04-25,19:54:00,,
BALHAM - DORKING (2),X00967,1911,stop,2026-04-06,19:54:00,,
BALHAM - DORKING (2),P26731,1911,stop,2026-04-11,19:54:00,,
BALHAM - DORKING (2),X95312,1911,stop,2026-04-03,19:54:00,,
GUILDFORD - EARLSFIELD,L74299,1920,stop,2026-04-26,19:53:00,,
GUILDFORD - EARLSFIELD,L74299,1920,stop,2026-04-19,19:53:00,,
EARLSFIELD - DORKING,P61068,1923,stop,2026-04-20,19:58:00,,
EARLSFIELD - DORKING,P61068,1923,stop,2026-04-02,19:58:00,,
EARLSFIELD - DORKING,P61068,1923,stop,2026-04-29,19:58:00,,
EARLSFIELD - DORKING,P61069,1923,stop,2026-04-25,19:58:00,,
EARLSFIELD - DORKING,P61068,1923,stop,2026-04-01,19:58:00,,
EARLSFIELD - DORKING,P61068,1923,stop,2026-04-07,19:58:00,,
EARLSFIELD - DORKING,P61068,1923,stop,2026-04-03,19:58:00,,
EARLSFIELD - DORKING,P61068,1923,stop,2026-04-17,19:58:00,,
EARLSFIELD - DORKING,P61068,1923,stop,2026-04-27,19:58:00,,
EARLSFIELD - DORKING,P61068,1923,stop,2026-04-10,19:58:00,,
EARLSFIELD - DORKING,P61068,1923,stop,2026-04-22,19:58:00,,
EARLSFIELD - DORKING,P61069,1923,stop,2026-04-11,19:58:00,,
EARLSFIELD - DORKING,P61068,1923,stop,2026-04-09,19:58:00,,
EARLSFIELD - DORKING,P61068,1923,stop,2026-04-16,19:58:00,,
EARLSFIELD - DORKING,P61069,1923,stop,2026-04-04,19:58:00,,
EARLSFIELD - DORKING,P61068,1923,stop,2026-04-08,19:58:00,,
HORSHAM - BALHAM,P26739,1914,stop,2026-04-17,20:01:00,,
HORSHAM - BALHAM,P26739,1914,stop,2026-04-20,20:01:00,,
DORKING - BALHAM (2),X95261,1946,stop,2026-04-03,20:01:00,,
HORSHAM - BALHAM,P26739,1914,stop,2026-04-08,20:01:00,,
HORSHAM - BALHAM,P26739,1914,stop,2026-04-10,20:01:00,,
HORSHAM - BALHAM,P26739,1914,stop,2026-04-03,20:01:00,,
HORSHAM - BALHAM,P26739,1914,stop,2026-04-21,20:01:00,,
DORKING - MITCHAM EASTFIELDS,P26741,1942,stop,2026-04-19,20:00:00,,
DORKING - BALHAM (4),P26741,1942,stop,2026-04-12,20:00:00,,
DORKING - BALHAM (4),P26741,1942,stop,2026-04-26,20:00:00,,
EARLSFIELD - DORKING,Q38357,1923,stop,2026-04-03,19:58:00,,
EARLSFIELD - DORKING,P61068,1923,stop,2026-04-24,19:58:00,,
EARLSFIELD - DORKING,P61068,1923,stop,2026-04-15,19:58:00,,
EARLSFIELD - DORKING,P61068,1923,stop,2026-04-30,19:58:00,,
EARLSFIELD - DORKING,P61068,1923,stop,2026-04-28,19:58:00,,
EARLSFIELD - DORKING,P61068,1923,stop,2026-04-21,19:58:00,,
DORKING - BALHAM (2),X00970,1946,stop,2026-04-06,20:01:00,,
HORSHAM - BALHAM,P26739,1914,stop,2026-04-16,20:01:00,,
HORSHAM - BALHAM,P26739,1914,stop,2026-04-29,20:01:00,,
HORSHAM - BALHAM,P26739,1914,stop,2026-04-01,20:01:00,,
DORKING - MITCHAM EASTFIELDS (2),P26740,1946,stop,2026-04-18,20:01:00,,
HORSHAM - BALHAM,P26739,1914,stop,2026-04-22,20:01:00,,
HORSHAM - BALHAM,P26739,1914,stop,2026-04-28,20:01:00,,
DORKING - BALHAM (2),P26740,1946,stop,2026-04-11,20:01:00,,
HORSHAM - BALHAM,P26739,1914,stop,2026-04-09,20:01:00,,
DORKING - BALHAM (2),P26740,1946,stop,2026-04-04,20:01:00,,
HORSHAM - BALHAM,P26739,1914,stop,2026-04-07,20:01:00,,
HORSHAM - BALHAM,P26739,1914,stop,2026-04-15,20:01:00,,
HORSHAM - BALHAM,P26739,1914,stop,2026-04-23,20:01:00,,
HORSHAM - BALHAM,P26739,1914,stop,2026-04-06,20:01:00,,
HORSHAM - BALHAM,P26739,1914,stop,2026-04-27,20:01:00,,
HORSHAM - BALHAM,P26739,1914,stop,2026-04-30,20:01:00,,
EPSOM - NORWOOD JUNCTION,P25289,2015,stop,2026-04-04,20:15:00,,
EPSOM - NORWOOD JUNCTION,P25288,2015,stop,2026-04-07,20:15:00,,
EPSOM - NORWOOD JUNCTION,P25288,2015,stop,2026-04-02,20:15:00,,
EPSOM - NORWOOD JUNCTION,P25288,2015,stop,2026-04-14,20:15:00,,
DORKING - SUTTON (SURREY),X04874,1933,stop,2026-04-12,20:09:00,,
EARLSFIELD - GUILDFORD (2),P61622,1932,stop,2026-04-19,20:07:00,,
EARLSFIELD - GUILDFORD (2),P61622,1932,stop,2026-04-12,20:07:00,,
EARLSFIELD - GUILDFORD (2),P61622,1932,stop,2026-04-05,20:07:00,,
EARLSFIELD - GUILDFORD (2),P61622,1932,stop,2026-04-26,20:07:00,,
MITCHAM EASTFIELDS - DORKING (2),P26731,1920,stop,2026-04-18,20:04:00,,
DORKING - BALHAM (5),P26741,1946,stop,2026-04-05,20:03:00,,
HORSHAM - BALHAM,P26739,1914,stop,2026-04-13,20:01:00,,
HORSHAM - BALHAM,P26739,1914,stop,2026-04-02,20:01:00,,
HORSHAM - BALHAM,P26739,1914,stop,2026-04-14,20:01:00,,
DORKING - BALHAM (2),P26740,1946,stop,2026-04-25,20:01:00,,
HORSHAM - BALHAM,P26739,1914,stop,2026-04-24,20:01:00,,
EPSOM - NORWOOD JUNCTION,P25288,2015,stop,2026-04-23,20:15:00,,
EPSOM - NORWOOD JUNCTION,P25289,2015,stop,2026-04-25,20:15:00,,
EPSOM - NORWOOD JUNCTION,P25288,2015,stop,2026-04-16,20:15:00,,
EPSOM - NORWOOD JUNCTION,P25288,2015,stop,2026-04-24,20:15:00,,
EPSOM - NORWOOD JUNCTION,P25288,2015,stop,2026-04-06,20:15:00,,
EPSOM - NORWOOD JUNCTION,P25288,2015,stop,2026-04-29,20:15:00,,
EPSOM - NORWOOD JUNCTION,P25288,2015,stop,2026-04-01,20:15:00,,
EPSOM - NORWOOD JUNCTION,P25288,2015,stop,2026-04-03,20:15:00,,
EPSOM - NORWOOD JUNCTION,P25288,2015,stop,2026-04-22,20:15:00,,
EPSOM - NORWOOD JUNCTION,P25288,2015,stop,2026-04-17,20:15:00,,
EPSOM - NORWOOD JUNCTION,X01430,2015,stop,2026-04-06,20:15:00,,
EPSOM - NORWOOD JUNCTION,P25288,2015,stop,2026-04-15,20:15:00,,
EPSOM - NORWOOD JUNCTION,P25289,2015,stop,2026-04-11,20:15:00,,
EPSOM - NORWOOD JUNCTION,P25288,2015,stop,2026-04-09,20:15:00,,
EPSOM - NORWOOD JUNCTION,P25288,2015,stop,2026-04-28,20:15:00,,
EPSOM - NORWOOD JUNCTION,X92712,2015,stop,2026-04-03,20:15:00,,
GUILDFORD - EARLSFIELD,L74303,1945,stop,2026-04-02,20:19:00,,
GUILDFORD - EARLSFIELD,L74303,1945,stop,2026-04-17,20:19:00,,
GUILDFORD - EARLSFIELD,L74303,1945,stop,2026-04-15,20:19:00,,
GUILDFORD - EARLSFIELD,L74303,1945,stop,2026-04-22,20:19:00,,
GUILDFORD - EARLSFIELD,L74303,1945,stop,2026-04-03,20:19:00,,
GUILDFORD - EARLSFIELD,L74303,1945,stop,2026-04-28,20:19:00,,
GUILDFORD - EARLSFIELD,L74304,1945,stop,2026-04-25,20:19:00,,
GUILDFORD - EARLSFIELD,L74303,1945,stop,2026-04-29,20:19:00,,
EPSOM - NORWOOD JUNCTION,P25288,2015,stop,2026-04-27,20:15:00,,
EPSOM - NORWOOD JUNCTION,P25288,2015,stop,2026-04-13,20:15:00,,
EPSOM - NORWOOD JUNCTION,P25288,2015,stop,2026-04-08,20:15:00,,
EPSOM - NORWOOD JUNCTION,P25289,2015,stop,2026-04-18,20:15:00,,
EPSOM - NORWOOD JUNCTION,P25288,2015,stop,2026-04-20,20:15:00,,
EPSOM - NORWOOD JUNCTION,P25288,2015,stop,2026-04-30,20:15:00,,
EPSOM - NORWOOD JUNCTION,P25288,2015,stop,2026-04-10,20:15:00,,
EPSOM - NORWOOD JUNCTION,P25288,2015,stop,2026-04-21,20:15:00,,
GUILDFORD - EARLSFIELD,L74304,1945,stop,2026-04-18,20:19:00,,
GUILDFORD - EARLSFIELD,L74303,1945,stop,2026-04-01,20:19:00,,
GUILDFORD - EARLSFIELD,L74303,1945,stop,2026-04-08,20:19:00,,
GUILDFORD - EARLSFIELD,L74303,1945,stop,2026-04-23,20:19:00,,
GUILDFORD - EARLSFIELD,L74303,1945,stop,2026-04-20,20:19:00,,
GUILDFORD - EARLSFIELD,L74304,1945,stop,2026-04-11,20:19:00,,
GUILDFORD - EARLSFIELD,L74303,1945,stop,2026-04-09,20:19:00,,
GUILDFORD - EARLSFIELD,L74303,1945,stop,2026-04-24,20:19:00,,
GUILDFORD - EARLSFIELD,L74303,1945,stop,2026-04-13,20:19:00,,
GUILDFORD - EARLSFIELD,Q38337,1945,stop,2026-04-03,20:19:00,,
GUILDFORD - EARLSFIELD,L74303,1945,stop,2026-04-10,20:19:00,,
GUILDFORD - EARLSFIELD,L74303,1945,stop,2026-04-06,20:19:00,,
GUILDFORD - EARLSFIELD,L74303,1945,stop,2026-04-07,20:19:00,,
GUILDFORD - EARLSFIELD,Q48717,1945,stop,2026-04-06,20:19:00,,
GUILDFORD - EARLSFIELD,L74303,1945,stop,2026-04-30,20:19:00,,
GUILDFORD - EARLSFIELD,L74303,1945,stop,2026-04-21,20:19:00,,
BALHAM - HORSHAM,P26736,1941,stop,2026-04-27,20:24:00,,
BALHAM - HORSHAM,P26736,1941,stop,2026-04-24,20:24:00,,
BALHAM - HORSHAM,P26736,1941,stop,2026-04-28,20:24:00,,
BALHAM - HORSHAM,P26736,1941,stop,2026-04-17,20:24:00,,
DORKING - EARLSFIELD,P61079,2007,stop,2026-04-19,20:23:00,,
DORKING - EARLSFIELD,P61079,2007,stop,2026-04-26,20:23:00,,
DORKING - EARLSFIELD,P61079,2007,stop,2026-04-12,20:23:00,,
DORKING - EARLSFIELD,P61079,2007,stop,2026-04-05,20:23:00,,
SUTTON (SURREY) - DORKING,X04911,1955,stop,2026-04-12,20:22:00,,
MITCHAM EASTFIELDS - DORKING,P26738,1938,stop,2026-04-19,20:21:00,,
BALHAM - DORKING (3),P26738,1938,stop,2026-04-26,20:21:00,,
BALHAM - DORKING (3),P26738,1938,stop,2026-04-12,20:21:00,,
GUILDFORD - EARLSFIELD,L74304,1945,stop,2026-04-04,20:19:00,,
GUILDFORD - EARLSFIELD,L74303,1945,stop,2026-04-16,20:19:00,,
GUILDFORD - EARLSFIELD,L74303,1945,stop,2026-04-27,20:19:00,,
GUILDFORD - EARLSFIELD,L74303,1945,stop,2026-04-14,20:19:00,,
BALHAM - HORSHAM,P26736,1941,stop,2026-04-03,20:24:00,,
BALHAM - HORSHAM,P26736,1941,stop,2026-04-13,20:24:00,,
BALHAM - HORSHAM,P26736,1941,stop,2026-04-23,20:24:00,,
BALHAM - DORKING (3),P26737,1941,stop,2026-04-25,20:24:00,,
BALHAM - HORSHAM,P26736,1941,stop,2026-04-16,20:24:00,,
BALHAM - HORSHAM,P26736,1941,stop,2026-04-10,20:24:00,,
BALHAM - DORKING (3),P26737,1941,stop,2026-04-11,20:24:00,,
BALHAM - HORSHAM,P26736,1941,stop,2026-04-29,20:24:00,,
BALHAM - HORSHAM,P26736,1941,stop,2026-04-01,20:24:00,,
BALHAM - HORSHAM,P26736,1941,stop,2026-04-09,20:24:00,,
BALHAM - HORSHAM,P26736,1941,stop,2026-04-14,20:24:00,,
BALHAM - HORSHAM,P26736,1941,stop,2026-04-08,20:24:00,,
BALHAM - DORKING (3),X95271,1941,stop,2026-04-03,20:24:00,,
BALHAM - HORSHAM,P26736,1941,stop,2026-04-30,20:24:00,,
BALHAM - HORSHAM,P26736,1941,stop,2026-04-20,20:24:00,,
BALHAM - HORSHAM,P26736,1941,stop,2026-04-22,20:24:00,,
EARLSFIELD - GUILDFORD (2),P61620,1953,stop,2026-04-06,20:28:00,,
EARLSFIELD - GUILDFORD (2),P61620,1953,stop,2026-04-07,20:28:00,,
EARLSFIELD - GUILDFORD (2),P61620,1953,stop,2026-04-29,20:28:00,,
EARLSFIELD - GUILDFORD (2),P61620,1953,stop,2026-04-10,20:28:00,,
EARLSFIELD - GUILDFORD (2),Q38332,1953,stop,2026-04-03,20:28:00,,
EARLSFIELD - GUILDFORD (2),P61620,1953,stop,2026-04-30,20:28:00,,
WORCESTER PARK - DORKING,Q54875,2005,stop,2026-04-12,20:26:00,,
DORKING - WORCESTER PARK,Q54828,1950,stop,2026-04-12,20:26:00,,
BALHAM - DORKING (6),P26738,1938,stop,2026-04-05,20:25:00,,
BALHAM - HORSHAM,P26736,1941,stop,2026-04-15,20:24:00,,
BALHAM - DORKING (3),P26737,1941,stop,2026-04-04,20:24:00,,
BALHAM - HORSHAM,P26736,1941,stop,2026-04-07,20:24:00,,
BALHAM - DORKING (3),X00969,1941,stop,2026-04-06,20:24:00,,
BALHAM - HORSHAM,P26736,1941,stop,2026-04-02,20:24:00,,
BALHAM - HORSHAM,P26736,1941,stop,2026-04-06,20:24:00,,
BALHAM - HORSHAM,P26736,1941,stop,2026-04-21,20:24:00,,
EARLSFIELD - GUILDFORD (2),P61620,1953,stop,2026-04-22,20:28:00,,
EARLSFIELD - GUILDFORD (2),P61620,1953,stop,2026-04-23,20:28:00,,
EARLSFIELD - GUILDFORD (2),P61620,1953,stop,2026-04-17,20:28:00,,
EARLSFIELD - GUILDFORD (2),P61620,1953,stop,2026-04-28,20:28:00,,
EARLSFIELD - GUILDFORD (2),P61620,1953,stop,2026-04-01,20:28:00,,
EARLSFIELD - GUILDFORD (2),P61620,1953,stop,2026-04-16,20:28:00,,
EARLSFIELD - GUILDFORD (2),P61620,1953,stop,2026-04-20,20:28:00,,
EARLSFIELD - GUILDFORD (2),P61621,1953,stop,2026-04-11,20:28:00,,
EARLSFIELD - GUILDFORD (2),P61620,1953,stop,2026-04-24,20:28:00,,
EARLSFIELD - GUILDFORD (2),Q48635,1953,stop,2026-04-06,20:28:00,,
EARLSFIELD - GUILDFORD (2),P61620,1953,stop,2026-04-13,20:28:00,,
EARLSFIELD - GUILDFORD (2),P61620,1953,stop,2026-04-27,20:28:00,,
EARLSFIELD - GUILDFORD (2),P61621,1953,stop,2026-04-25,20:28:00,,
EARLSFIELD - GUILDFORD (2),P61620,1953,stop,2026-04-21,20:28:00,,
EARLSFIELD - GUILDFORD (2),P61620,1953,stop,2026-04-09,20:28:00,,
EARLSFIELD - GUILDFORD (2),P61620,1953,stop,2026-04-15,20:28:00,,
DORKING - BALHAM (3),P26745,2017,stop,2026-04-10,20:33:00,,
DORKING - BALHAM (3),P26745,2017,stop,2026-04-13,20:33:00,,
DORKING - BALHAM (3),P26745,2017,stop,2026-04-28,20:33:00,,
DORKING - BALHAM (3),P26745,2017,stop,2026-04-01,20:33:00,,
DORKING - BALHAM (3),P26745,2017,stop,2026-04-16,20:33:00,,
DORKING - BALHAM (3),P26745,2017,stop,2026-04-27,20:33:00,,
DORKING - MITCHAM EASTFIELDS,P26746,2016,stop,2026-04-18,20:32:00,,
DORKING - BALHAM (4),P26747,2012,stop,2026-04-26,20:30:00,,
DORKING - MITCHAM EASTFIELDS,P26747,2012,stop,2026-04-19,20:30:00,,
DORKING - BALHAM (4),P26747,2012,stop,2026-04-12,20:30:00,,
EARLSFIELD - GUILDFORD (2),P61620,1953,stop,2026-04-03,20:28:00,,
EARLSFIELD - GUILDFORD (2),P61621,1953,stop,2026-04-18,20:28:00,,
EARLSFIELD - GUILDFORD (2),P61621,1953,stop,2026-04-04,20:28:00,,
EARLSFIELD - GUILDFORD (2),P61620,1953,stop,2026-04-14,20:28:00,,
EARLSFIELD - GUILDFORD (2),P61620,1953,stop,2026-04-08,20:28:00,,
EARLSFIELD - GUILDFORD (2),P61620,1953,stop,2026-04-02,20:28:00,,
DORKING - BALHAM (3),P26745,2017,stop,2026-04-22,20:33:00,,
DORKING - BALHAM (3),P26745,2017,stop,2026-04-07,20:33:00,,
DORKING - BALHAM (3),P26745,2017,stop,2026-04-02,20:33:00,,
DORKING - BALHAM (3),P26745,2017,stop,2026-04-21,20:33:00,,
DORKING - BALHAM (3),P26745,2017,stop,2026-04-09,20:33:00,,
DORKING - BALHAM (3),P26745,2017,stop,2026-04-03,20:33:00,,
DORKING - BALHAM (5),P26747,2016,stop,2026-04-05,20:33:00,,
DORKING - BALHAM (3),P26745,2017,stop,2026-04-29,20:33:00,,
DORKING - BALHAM (3),P26745,2017,stop,2026-04-23,20:33:00,,
DORKING - BALHAM,P26746,2016,stop,2026-04-25,20:33:00,,
DORKING - BALHAM (3),P26745,2017,stop,2026-04-14,20:33:00,,
MITCHAM EASTFIELDS - DORKING,P26737,1950,stop,2026-04-18,20:33:00,,
DORKING - BALHAM (3),P26745,2017,stop,2026-04-06,20:33:00,,
DORKING - BALHAM (3),P26745,2017,stop,2026-04-30,20:33:00,,
DORKING - BALHAM,P26746,2016,stop,2026-04-04,20:33:00,,
DORKING - BALHAM,P26746,2016,stop,2026-04-11,20:33:00,,
EPSOM - NORWOOD JUNCTION,P25292,2045,stop,2026-04-14,20:45:00,,
EPSOM - NORWOOD JUNCTION,P25292,2045,stop,2026-04-10,20:45:00,,
EPSOM - NORWOOD JUNCTION,P25293,2045,stop,2026-04-11,20:45:00,,
EPSOM - NORWOOD JUNCTION,P25292,2045,stop,2026-04-07,20:45:00,,
DORKING - SUTTON (SURREY),X04873,2003,stop,2026-04-12,20:39:00,,
EARLSFIELD - DORKING,P61076,2002,stop,2026-04-19,20:37:00,,
EARLSFIELD - DORKING,P61076,2002,stop,2026-04-05,20:37:00,,
EARLSFIELD - DORKING,P61076,2002,stop,2026-04-12,20:37:00,,
EARLSFIELD - DORKING,P61076,2002,stop,2026-04-26,20:37:00,,
DORKING - BALHAM (3),P26745,2017,stop,2026-04-17,20:33:00,,
DORKING - BALHAM,X93887,2016,stop,2026-04-03,20:33:00,,
DORKING - BALHAM (3),P26745,2017,stop,2026-04-24,20:33:00,,
DORKING - BALHAM,X00972,2016,stop,2026-04-06,20:33:00,,
DORKING - BALHAM (3),P26745,2017,stop,2026-04-08,20:33:00,,
DORKING - BALHAM (3),P26745,2017,stop,2026-04-20,20:33:00,,
DORKING - BALHAM (3),P26745,2017,stop,2026-04-15,20:33:00,,
EPSOM - NORWOOD JUNCTION,P25292,2045,stop,2026-04-16,20:45:00,,
EPSOM - NORWOOD JUNCTION,X01432,2045,stop,2026-04-06,20:45:00,,
EPSOM - NORWOOD JUNCTION,P25292,2045,stop,2026-04-06,20:45:00,,
EPSOM - NORWOOD JUNCTION,P25292,2045,stop,2026-04-03,20:45:00,,
EPSOM - NORWOOD JUNCTION,P25292,2045,stop,2026-04-01,20:45:00,,
EPSOM - NORWOOD JUNCTION,P25292,2045,stop,2026-04-27,20:45:00,,
EPSOM - NORWOOD JUNCTION,P25293,2045,stop,2026-04-04,20:45:00,,
EPSOM - NORWOOD JUNCTION,P25292,2045,stop,2026-04-02,20:45:00,,
EPSOM - NORWOOD JUNCTION,P25292,2045,stop,2026-04-24,20:45:00,,
EPSOM - NORWOOD JUNCTION,P25292,2045,stop,2026-04-29,20:45:00,,
EPSOM - NORWOOD JUNCTION,P25292,2045,stop,2026-04-17,20:45:00,,
EPSOM - NORWOOD JUNCTION,X93847,2045,stop,2026-04-03,20:45:00,,
EPSOM - NORWOOD JUNCTION,P25292,2045,stop,2026-04-23,20:45:00,,
EPSOM - NORWOOD JUNCTION,P25292,2045,stop,2026-04-08,20:45:00,,
EPSOM - NORWOOD JUNCTION,P25293,2045,stop,2026-04-25,20:45:00,,
EPSOM - NORWOOD JUNCTION,P25292,2045,stop,2026-04-15,20:45:00,,
DORKING - EARLSFIELD,P61083,2032,stop,2026-04-22,20:49:00,,
DORKING - EARLSFIELD,P61083,2032,stop,2026-04-30,20:49:00,,
DORKING - EARLSFIELD,P61083,2032,stop,2026-04-14,20:49:00,,
DORKING - EARLSFIELD,P61083,2032,stop,2026-04-15,20:49:00,,
DORKING - EARLSFIELD,P61083,2032,stop,2026-04-23,20:49:00,,
DORKING - EARLSFIELD,P61083,2032,stop,2026-04-17,20:49:00,,
DORKING - EARLSFIELD,P61084,2032,stop,2026-04-11,20:49:00,,
DORKING - EARLSFIELD,P61083,2032,stop,2026-04-28,20:49:00,,
EPSOM - NORWOOD JUNCTION,P25292,2045,stop,2026-04-09,20:45:00,,
EPSOM - NORWOOD JUNCTION,P25292,2045,stop,2026-04-22,20:45:00,,
EPSOM - NORWOOD JUNCTION,P25293,2045,stop,2026-04-18,20:45:00,,
EPSOM - NORWOOD JUNCTION,P25292,2045,stop,2026-04-20,20:45:00,,
EPSOM - NORWOOD JUNCTION,P25292,2045,stop,2026-04-30,20:45:00,,
EPSOM - NORWOOD JUNCTION,P25292,2045,stop,2026-04-21,20:45:00,,
EPSOM - NORWOOD JUNCTION,P25292,2045,stop,2026-04-28,20:45:00,,
EPSOM - NORWOOD JUNCTION,P25292,2045,stop,2026-04-13,20:45:00,,
DORKING - EARLSFIELD,P61083,2032,stop,2026-04-10,20:49:00,,
DORKING - EARLSFIELD,P61083,2032,stop,2026-04-29,20:49:00,,
DORKING - EARLSFIELD,P61083,2032,stop,2026-04-16,20:49:00,,
DORKING - EARLSFIELD,P61083,2032,stop,2026-04-13,20:49:00,,
DORKING - EARLSFIELD,P61083,2032,stop,2026-04-20,20:49:00,,
DORKING - EARLSFIELD,P61083,2032,stop,2026-04-01,20:49:00,,
DORKING - EARLSFIELD,P61083,2032,stop,2026-04-24,20:49:00,,
DORKING - EARLSFIELD,P61084,2032,stop,2026-04-04,20:49:00,,
DORKING - EARLSFIELD,Q38302,2032,stop,2026-04-03,20:49:00,,
DORKING - EARLSFIELD,P61083,2032,stop,2026-04-02,20:49:00,,
DORKING - EARLSFIELD,Q48558,2032,stop,2026-04-06,20:49:00,,
DORKING - EARLSFIELD,P61083,2032,stop,2026-04-06,20:49:00,,
DORKING - EARLSFIELD,P61084,2032,stop,2026-04-18,20:49:00,,
DORKING - EARLSFIELD,P61083,2032,stop,2026-04-27,20:49:00,,
DORKING - EARLSFIELD,P61083,2032,stop,2026-04-21,20:49:00,,
DORKING - EARLSFIELD,P61083,2032,stop,2026-04-03,20:49:00,,
BALHAM - DORKING,P26742,2011,stop,2026-04-09,20:52:00,,
BALHAM - DORKING,P26742,2011,stop,2026-04-28,20:52:00,,
SUTTON (SURREY) - DORKING,X04910,2025,stop,2026-04-12,20:52:00,,
BALHAM - DORKING,P26742,2011,stop,2026-04-27,20:52:00,,
BALHAM - DORKING,P26742,2011,stop,2026-04-20,20:52:00,,
BALHAM - DORKING,P26742,2011,stop,2026-04-13,20:52:00,,
BALHAM - DORKING,P26742,2011,stop,2026-04-02,20:52:00,,
BALHAM - DORKING,P26742,2011,stop,2026-04-21,20:52:00,,
BALHAM - DORKING,P26742,2011,stop,2026-04-17,20:52:00,,
MITCHAM EASTFIELDS - DORKING,P26744,2008,stop,2026-04-19,20:51:00,,
BALHAM - DORKING (3),P26744,2008,stop,2026-04-26,20:51:00,,
BALHAM - DORKING (3),P26744,2008,stop,2026-04-12,20:51:00,,
DORKING - EARLSFIELD,P61083,2032,stop,2026-04-09,20:49:00,,
DORKING - EARLSFIELD,P61084,2032,stop,2026-04-25,20:49:00,,
DORKING - EARLSFIELD,P61083,2032,stop,2026-04-07,20:49:00,,
DORKING - EARLSFIELD,P61083,2032,stop,2026-04-08,20:49:00,,
GUILDFORD - EARLSFIELD,L74305,2020,stop,2026-04-05,20:53:00,,
GUILDFORD - EARLSFIELD,L74305,2020,stop,2026-04-19,20:53:00,,
BALHAM - DORKING,P26742,2011,stop,2026-04-30,20:52:00,,
BALHAM - DORKING,P26742,2011,stop,2026-04-16,20:52:00,,
BALHAM - DORKING,P26742,2011,stop,2026-04-23,20:52:00,,
BALHAM - DORKING,P26742,2011,stop,2026-04-29,20:52:00,,
BALHAM - DORKING,P26742,2011,stop,2026-04-10,20:52:00,,
BALHAM - DORKING,P26742,2011,stop,2026-04-24,20:52:00,,
BALHAM - DORKING,P26742,2011,stop,2026-04-14,20:52:00,,
BALHAM - DORKING,P26742,2011,stop,2026-04-06,20:52:00,,
BALHAM - DORKING,P26742,2011,stop,2026-04-08,20:52:00,,
BALHAM - DORKING,P26742,2011,stop,2026-04-22,20:52:00,,
BALHAM - DORKING,P26742,2011,stop,2026-04-03,20:52:00,,
BALHAM - DORKING,P26742,2011,stop,2026-04-07,20:52:00,,
BALHAM - DORKING,P26742,2011,stop,2026-04-01,20:52:00,,
BALHAM - DORKING,P26742,2011,stop,2026-04-15,20:52:00,,
EARLSFIELD - DORKING,P61074,2023,stop,2026-04-29,20:58:00,,
EARLSFIELD - DORKING,P61074,2023,stop,2026-04-16,20:58:00,,
EARLSFIELD - DORKING,P61074,2023,stop,2026-04-15,20:58:00,,
EARLSFIELD - DORKING,P61074,2023,stop,2026-04-21,20:58:00,,
EARLSFIELD - DORKING,P61075,2023,stop,2026-04-11,20:58:00,,
EARLSFIELD - DORKING,P61074,2023,stop,2026-04-02,20:58:00,,
EFFINGHAM JUNCTION - WORCESTER PARK,Q54761,2015,stop,2026-04-12,20:56:00,,
WORCESTER PARK - EFFINGHAM JUNCTION,Q54795,2035,stop,2026-04-12,20:56:00,,
BALHAM - DORKING (6),P26744,2008,stop,2026-04-05,20:55:00,,
BALHAM - DORKING (2),X94908,2011,stop,2026-04-03,20:54:00,,
BALHAM - DORKING (2),P26743,2011,stop,2026-04-04,20:54:00,,
BALHAM - DORKING (2),X00971,2011,stop,2026-04-06,20:54:00,,
BALHAM - DORKING (2),P26743,2011,stop,2026-04-11,20:54:00,,
BALHAM - DORKING (2),P26743,2011,stop,2026-04-25,20:54:00,,
GUILDFORD - EARLSFIELD,L74305,2020,stop,2026-04-12,20:53:00,,
GUILDFORD - EARLSFIELD,L74305,2020,stop,2026-04-26,20:53:00,,
EARLSFIELD - DORKING,P61074,2023,stop,2026-04-07,20:58:00,,
EARLSFIELD - DORKING,P61074,2023,stop,2026-04-01,20:58:00,,
EARLSFIELD - DORKING,P61075,2023,stop,2026-04-18,20:58:00,,
EARLSFIELD - DORKING,P61074,2023,stop,2026-04-30,20:58:00,,
EARLSFIELD - DORKING,P61074,2023,stop,2026-04-10,20:58:00,,
EARLSFIELD - DORKING,P61074,2023,stop,2026-04-13,20:58:00,,
EARLSFIELD - DORKING,P61074,2023,stop,2026-04-17,20:58:00,,
EARLSFIELD - DORKING,P61074,2023,stop,2026-04-20,20:58:00,,
EARLSFIELD - DORKING,P61075,2023,stop,2026-04-04,20:58:00,,
EARLSFIELD - DORKING,P61074,2023,stop,2026-04-24,20:58:00,,
EARLSFIELD - DORKING,Q48581,2023,stop,2026-04-06,20:58:00,,
EARLSFIELD - DORKING,P61074,2023,stop,2026-04-06,20:58:00,,
EARLSFIELD - DORKING,P61074,2023,stop,2026-04-08,20:58:00,,
EARLSFIELD - DORKING,P61074,2023,stop,2026-04-22,20:58:00,,
EARLSFIELD - DORKING,P61074,2023,stop,2026-04-28,20:58:00,,
EARLSFIELD - DORKING,P61075,2023,stop,2026-04-25,20:58:00,,
HORSHAM - BALHAM,P26751,2014,stop,2026-04-10,21:01:00,,
DORKING - BALHAM (2),P26752,2046,stop,2026-04-25,21:01:00,,
DORKING - BALHAM (2),P26752,2046,stop,2026-04-04,21:01:00,,
HORSHAM - BALHAM,P26751,2014,stop,2026-04-07,21:01:00,,
HORSHAM - BALHAM,P26751,2014,stop,2026-04-28,21:01:00,,
HORSHAM - BALHAM,P26751,2014,stop,2026-04-15,21:01:00,,
HORSHAM - BALHAM,P26751,2014,stop,2026-04-14,21:01:00,,
DORKING - MITCHAM EASTFIELDS,P26753,2042,stop,2026-04-19,21:00:00,,
DORKING - BALHAM (4),P26753,2042,stop,2026-04-12,21:00:00,,
DORKING - BALHAM (4),P26753,2042,stop,2026-04-26,21:00:00,,
EARLSFIELD - DORKING,Q38311,2023,stop,2026-04-03,20:58:00,,
EARLSFIELD - DORKING,P61074,2023,stop,2026-04-14,20:58:00,,
EARLSFIELD - DORKING,P61074,2023,stop,2026-04-23,20:58:00,,
EARLSFIELD - DORKING,P61074,2023,stop,2026-04-09,20:58:00,,
EARLSFIELD - DORKING,P61074,2023,stop,2026-04-27,20:58:00,,
EARLSFIELD - DORKING,P61074,2023,stop,2026-04-03,20:58:00,,
HORSHAM - BALHAM,P26751,2014,stop,2026-04-09,21:01:00,,
HORSHAM - BALHAM,P26751,2014,stop,2026-04-02,21:01:00,,
HORSHAM - BALHAM,P26751,2014,stop,2026-04-24,21:01:00,,
HORSHAM - BALHAM,P26751,2014,stop,2026-04-06,21:01:00,,
HORSHAM - BALHAM,P26751,2014,stop,2026-04-03,21:01:00,,
DORKING - BALHAM (2),X93843,2046,stop,2026-04-03,21:01:00,,
HORSHAM - BALHAM,P26751,2014,stop,2026-04-08,21:01:00,,
HORSHAM - BALHAM,P26751,2014,stop,2026-04-21,21:01:00,,
HORSHAM - BALHAM,P26751,2014,stop,2026-04-22,21:01:00,,
DORKING - BALHAM (2),X00974,2046,stop,2026-04-06,21:01:00,,
DORKING - BALHAM (2),P26752,2046,stop,2026-04-11,21:01:00,,
HORSHAM - BALHAM,P26751,2014,stop,2026-04-30,21:01:00,,
HORSHAM - BALHAM,P26751,2014,stop,2026-04-29,21:01:00,,
HORSHAM - BALHAM,P26751,2014,stop,2026-04-16,21:01:00,,
HORSHAM - BALHAM,P26751,2014,stop,2026-04-13,21:01:00,,
HORSHAM - BALHAM,P26751,2014,stop,2026-04-23,21:01:00,,
EPSOM - NORWOOD JUNCTION,X93812,2115,stop,2026-04-03,21:15:00,,
EPSOM - NORWOOD JUNCTION,P25296,2115,stop,2026-04-16,21:15:00,,
EPSOM - NORWOOD JUNCTION,P25296,2115,stop,2026-04-22,21:15:00,,
EPSOM - NORWOOD JUNCTION,P25297,2115,stop,2026-04-18,21:15:00,,
DORKING - SUTTON (SURREY),X04872,2033,stop,2026-04-12,21:09:00,,
EARLSFIELD - GUILDFORD (2),P61625,2032,stop,2026-04-26,21:07:00,,
EARLSFIELD - GUILDFORD (2),P61625,2032,stop,2026-04-12,21:07:00,,
EARLSFIELD - GUILDFORD (2),P61625,2032,stop,2026-04-05,21:07:00,,
EARLSFIELD - GUILDFORD (2),P61625,2032,stop,2026-04-19,21:07:00,,
MITCHAM EASTFIELDS - DORKING (2),P26743,2020,stop,2026-04-18,21:04:00,,
DORKING - BALHAM (5),P26753,2046,stop,2026-04-05,21:03:00,,
HORSHAM - BALHAM,P26751,2014,stop,2026-04-20,21:01:00,,
HORSHAM - BALHAM,P26751,2014,stop,2026-04-01,21:01:00,,
HORSHAM - BALHAM,P26751,2014,stop,2026-04-17,21:01:00,,
HORSHAM - BALHAM,P26751,2014,stop,2026-04-27,21:01:00,,
DORKING - MITCHAM EASTFIELDS (2),P26752,2046,stop,2026-04-18,21:01:00,,
EPSOM - NORWOOD JUNCTION,P25296,2115,stop,2026-04-17,21:15:00,,
EPSOM - NORWOOD JUNCTION,P25296,2115,stop,2026-04-15,21:15:00,,
EPSOM - NORWOOD JUNCTION,P25296,2115,stop,2026-04-30,21:15:00,,
EPSOM - NORWOOD JUNCTION,P25296,2115,stop,2026-04-29,21:15:00,,
EPSOM - NORWOOD JUNCTION,P25296,2115,stop,2026-04-28,21:15:00,,
EPSOM - NORWOOD JUNCTION,P25296,2115,stop,2026-04-09,21:15:00,,
EPSOM - NORWOOD JUNCTION,P25297,2115,stop,2026-04-25,21:15:00,,
EPSOM - NORWOOD JUNCTION,P25296,2115,stop,2026-04-20,21:15:00,,
EPSOM - NORWOOD JUNCTION,P25296,2115,stop,2026-04-10,21:15:00,,
EPSOM - NORWOOD JUNCTION,P25296,2115,stop,2026-04-02,21:15:00,,
EPSOM - NORWOOD JUNCTION,P25296,2115,stop,2026-04-01,21:15:00,,
EPSOM - NORWOOD JUNCTION,P25296,2115,stop,2026-04-13,21:15:00,,
EPSOM - NORWOOD JUNCTION,P25297,2115,stop,2026-04-04,21:15:00,,
EPSOM - NORWOOD JUNCTION,P25296,2115,stop,2026-04-24,21:15:00,,
EPSOM - NORWOOD JUNCTION,P25296,2115,stop,2026-04-23,21:15:00,,
EPSOM - NORWOOD JUNCTION,P25296,2115,stop,2026-04-08,21:15:00,,
GUILDFORD - EARLSFIELD,L74309,2045,stop,2026-04-10,21:19:00,,
GUILDFORD - EARLSFIELD,L74309,2045,stop,2026-04-07,21:19:00,,
GUILDFORD - EARLSFIELD,Q38290,2045,stop,2026-04-03,21:19:00,,
GUILDFORD - EARLSFIELD,Q48401,2045,stop,2026-04-06,21:19:00,,
GUILDFORD - EARLSFIELD,P61629,2045,stop,2026-04-11,21:19:00,,
GUILDFORD - EARLSFIELD,L74309,2045,stop,2026-04-23,21:19:00,,
GUILDFORD - EARLSFIELD,L74309,2045,stop,2026-04-01,21:19:00,,
GUILDFORD - EARLSFIELD,L74309,2045,stop,2026-04-28,21:19:00,,
EPSOM - NORWOOD JUNCTION,P25296,2115,stop,2026-04-14,21:15:00,,
EPSOM - NORWOOD JUNCTION,X01434,2115,stop,2026-04-06,21:15:00,,
EPSOM - NORWOOD JUNCTION,P25296,2115,stop,2026-04-21,21:15:00,,
EPSOM - NORWOOD JUNCTION,P25296,2115,stop,2026-04-07,21:15:00,,
EPSOM - NORWOOD JUNCTION,P25296,2115,stop,2026-04-27,21:15:00,,
EPSOM - NORWOOD JUNCTION,P25296,2115,stop,2026-04-06,21:15:00,,
EPSOM - NORWOOD JUNCTION,P25296,2115,stop,2026-04-03,21:15:00,,
EPSOM - NORWOOD JUNCTION,P25297,2115,stop,2026-04-11,21:15:00,,
GUILDFORD - EARLSFIELD,L74309,2045,stop,2026-04-30,21:19:00,,
GUILDFORD - EARLSFIELD,L74309,2045,stop,2026-04-17,21:19:00,,
GUILDFORD - EARLSFIELD,P61629,2045,stop,2026-04-04,21:19:00,,
GUILDFORD - EARLSFIELD,L74309,2045,stop,2026-04-15,21:19:00,,
GUILDFORD - EARLSFIELD,L74309,2045,stop,2026-04-16,21:19:00,,
GUILDFORD - EARLSFIELD,L74309,2045,stop,2026-04-20,21:19:00,,
GUILDFORD - EARLSFIELD,L74309,2045,stop,2026-04-21,21:19:00,,
GUILDFORD - EARLSFIELD,L74309,2045,stop,2026-04-09,21:19:00,,
GUILDFORD - EARLSFIELD,L74309,2045,stop,2026-04-13,21:19:00,,
GUILDFORD - EARLSFIELD,L74309,2045,stop,2026-04-03,21:19:00,,
GUILDFORD - EARLSFIELD,L74309,2045,stop,2026-04-24,21:19:00,,
GUILDFORD - EARLSFIELD,L74309,2045,stop,2026-04-27,21:19:00,,
GUILDFORD - EARLSFIELD,P61629,2045,stop,2026-04-25,21:19:00,,
GUILDFORD - EARLSFIELD,L74309,2045,stop,2026-04-08,21:19:00,,
GUILDFORD - EARLSFIELD,L74309,2045,stop,2026-04-02,21:19:00,,
GUILDFORD - EARLSFIELD,L74309,2045,stop,2026-04-22,21:19:00,,
BALHAM - HORSHAM,P26748,2041,stop,2026-04-21,21:24:00,,
BALHAM - HORSHAM,P26748,2041,stop,2026-04-15,21:24:00,,
BALHAM - HORSHAM,P26748,2041,stop,2026-04-28,21:24:00,,
BALHAM - HORSHAM,P26748,2041,stop,2026-04-30,21:24:00,,
BALHAM - HORSHAM,P26748,2041,stop,2026-04-20,21:24:00,,
BALHAM - HORSHAM,P26748,2041,stop,2026-04-29,21:24:00,,
BALHAM - HORSHAM,P26748,2041,stop,2026-04-01,21:24:00,,
DORKING - EARLSFIELD,P61085,2107,stop,2026-04-26,21:23:00,,
DORKING - EARLSFIELD,P61085,2107,stop,2026-04-19,21:23:00,,
DORKING - EARLSFIELD,P61085,2107,stop,2026-04-05,21:23:00,,
DORKING - EARLSFIELD,P61085,2107,stop,2026-04-12,21:23:00,,
SUTTON (SURREY) - DORKING,X04909,2055,stop,2026-04-12,21:22:00,,
GUILDFORD - EARLSFIELD,L74309,2045,stop,2026-04-29,21:19:00,,
GUILDFORD - EARLSFIELD,L74309,2045,stop,2026-04-14,21:19:00,,
GUILDFORD - EARLSFIELD,P61629,2045,stop,2026-04-18,21:19:00,,
GUILDFORD - EARLSFIELD,L74309,2045,stop,2026-04-06,21:19:00,,
BALHAM - HORSHAM,P26748,2041,stop,2026-04-03,21:24:00,,
BALHAM - HORSHAM,P26748,2041,stop,2026-04-02,21:24:00,,
BALHAM - HORSHAM,P26748,2041,stop,2026-04-22,21:24:00,,
BALHAM - HORSHAM,P26748,2041,stop,2026-04-13,21:24:00,,
BALHAM - HORSHAM,P26748,2041,stop,2026-04-08,21:24:00,,
BALHAM - DORKING (3),X00973,2041,stop,2026-04-06,21:24:00,,
BALHAM - HORSHAM,P26748,2041,stop,2026-04-06,21:24:00,,
BALHAM - DORKING (3),P26749,2041,stop,2026-04-04,21:24:00,,
BALHAM - HORSHAM,P26748,2041,stop,2026-04-17,21:24:00,,
BALHAM - DORKING (3),P26749,2041,stop,2026-04-11,21:24:00,,
BALHAM - HORSHAM,P26748,2041,stop,2026-04-24,21:24:00,,
BALHAM - HORSHAM,P26748,2041,stop,2026-04-09,21:24:00,,
BALHAM - HORSHAM,P26748,2041,stop,2026-04-10,21:24:00,,
BALHAM - DORKING (3),P26749,2041,stop,2026-04-25,21:24:00,,
BALHAM - HORSHAM,P26748,2041,stop,2026-04-07,21:24:00,,
BALHAM - HORSHAM,P26748,2041,stop,2026-04-27,21:24:00,,
EARLSFIELD - GUILDFORD (2),P61623,2053,stop,2026-04-14,21:28:00,,
EARLSFIELD - GUILDFORD (2),P61623,2053,stop,2026-04-28,21:28:00,,
EARLSFIELD - GUILDFORD (2),P61623,2053,stop,2026-04-27,21:28:00,,
EARLSFIELD - GUILDFORD (2),P61624,2053,stop,2026-04-11,21:28:00,,
EARLSFIELD - GUILDFORD (2),P61623,2053,stop,2026-04-08,21:28:00,,
EARLSFIELD - GUILDFORD (2),P61623,2053,stop,2026-04-22,21:28:00,,
EARLSFIELD - GUILDFORD (2),P61623,2053,stop,2026-04-24,21:28:00,,
DORKING - WORCESTER PARK,Q54827,2050,stop,2026-04-12,21:26:00,,
WORCESTER PARK - DORKING,Q54871,2105,stop,2026-04-12,21:26:00,,
BALHAM - DORKING (3),X93851,2041,stop,2026-04-03,21:24:00,,
BALHAM - HORSHAM,P26748,2041,stop,2026-04-16,21:24:00,,
BALHAM - HORSHAM,P26748,2041,stop,2026-04-14,21:24:00,,
BALHAM - HORSHAM,P26748,2041,stop,2026-04-23,21:24:00,,
EARLSFIELD - GUILDFORD (2),P61623,2053,stop,2026-04-10,21:28:00,,
EARLSFIELD - GUILDFORD (2),P61623,2053,stop,2026-04-13,21:28:00,,
EARLSFIELD - GUILDFORD (2),P61623,2053,stop,2026-04-01,21:28:00,,
EARLSFIELD - GUILDFORD (2),P61623,2053,stop,2026-04-15,21:28:00,,
EARLSFIELD - GUILDFORD (2),P61623,2053,stop,2026-04-02,21:28:00,,
EARLSFIELD - GUILDFORD (2),P61623,2053,stop,2026-04-06,21:28:00,,
EARLSFIELD - GUILDFORD (2),P61623,2053,stop,2026-04-20,21:28:00,,
EARLSFIELD - GUILDFORD (2),P61624,2053,stop,2026-04-25,21:28:00,,
EARLSFIELD - GUILDFORD (2),P61623,2053,stop,2026-04-30,21:28:00,,
EARLSFIELD - GUILDFORD (2),Q48383,2053,stop,2026-04-06,21:28:00,,
EARLSFIELD - GUILDFORD (2),P61623,2053,stop,2026-04-17,21:28:00,,
EARLSFIELD - GUILDFORD (2),P61623,2053,stop,2026-04-09,21:28:00,,
EARLSFIELD - GUILDFORD (2),P61623,2053,stop,2026-04-16,21:28:00,,
EARLSFIELD - GUILDFORD (2),P61623,2053,stop,2026-04-29,21:28:00,,
EARLSFIELD - GUILDFORD (2),P61624,2053,stop,2026-04-04,21:28:00,,
EARLSFIELD - GUILDFORD (2),P61624,2053,stop,2026-04-18,21:28:00,,
DORKING - BALHAM (3),P26757,2117,stop,2026-04-30,21:33:00,,
DORKING - BALHAM (3),P26757,2117,stop,2026-04-22,21:33:00,,
DORKING - BALHAM (3),P26757,2117,stop,2026-04-10,21:33:00,,
DORKING - BALHAM (3),P26757,2117,stop,2026-04-28,21:33:00,,
DORKING - BALHAM (3),P26757,2117,stop,2026-04-01,21:33:00,,
DORKING - BALHAM (3),P26757,2117,stop,2026-04-20,21:33:00,,
DORKING - MITCHAM EASTFIELDS,P26758,2116,stop,2026-04-18,21:32:00,,
DORKING - BALHAM (4),P26759,2112,stop,2026-04-12,21:30:00,,
DORKING - MITCHAM EASTFIELDS,P26759,2112,stop,2026-04-19,21:30:00,,
DORKING - BALHAM (4),P26759,2112,stop,2026-04-26,21:30:00,,
EARLSFIELD - GUILDFORD (2),P61623,2053,stop,2026-04-03,21:28:00,,
EARLSFIELD - GUILDFORD (2),P61623,2053,stop,2026-04-07,21:28:00,,
EARLSFIELD - GUILDFORD (2),Q38286,2053,stop,2026-04-03,21:28:00,,
EARLSFIELD - GUILDFORD (2),P61623,2053,stop,2026-04-21,21:28:00,,
EARLSFIELD - GUILDFORD (2),P61623,2053,stop,2026-04-23,21:28:00,,
DORKING - BALHAM (3),P26757,2117,stop,2026-04-24,21:33:00,,
DORKING - BALHAM (3),P26757,2117,stop,2026-04-13,21:33:00,,
DORKING - BALHAM (3),P26757,2117,stop,2026-04-23,21:33:00,,
DORKING - BALHAM (3),P26757,2117,stop,2026-04-02,21:33:00,,
DORKING - BALHAM (3),P26757,2117,stop,2026-04-17,21:33:00,,
DORKING - BALHAM (5),P26759,2116,stop,2026-04-05,21:33:00,,
DORKING - BALHAM (3),P26757,2117,stop,2026-04-09,21:33:00,,
DORKING - BALHAM (3),P26757,2117,stop,2026-04-14,21:33:00,,
MITCHAM EASTFIELDS - DORKING,P26749,2050,stop,2026-04-18,21:33:00,,
DORKING - BALHAM,P26758,2116,stop,2026-04-11,21:33:00,,
DORKING - BALHAM,P26758,2116,stop,2026-04-04,21:33:00,,
DORKING - BALHAM (3),P26757,2117,stop,2026-04-27,21:33:00,,
DORKING - BALHAM (3),P26757,2117,stop,2026-04-29,21:33:00,,
DORKING - BALHAM (3),P26757,2117,stop,2026-04-15,21:33:00,,
DORKING - BALHAM (3),P26757,2117,stop,2026-04-16,21:33:00,,
DORKING - BALHAM,P26758,2116,stop,2026-04-25,21:33:00,,
EPSOM - NORWOOD JUNCTION,P25301,2145,stop,2026-04-11,21:45:00,,
EPSOM - NORWOOD JUNCTION,P25300,2145,stop,2026-04-20,21:45:00,,
EPSOM - NORWOOD JUNCTION,P25300,2145,stop,2026-04-06,21:45:00,,
EPSOM - NORWOOD JUNCTION,P25300,2145,stop,2026-04-01,21:45:00,,
DORKING - SUTTON (SURREY),X04871,2103,stop,2026-04-12,21:39:00,,
EARLSFIELD - DORKING,P61082,2102,stop,2026-04-26,21:37:00,,
EARLSFIELD - DORKING,P61082,2102,stop,2026-04-12,21:37:00,,
EARLSFIELD - DORKING,P61082,2102,stop,2026-04-05,21:37:00,,
EARLSFIELD - DORKING,P61082,2102,stop,2026-04-19,21:37:00,,
DORKING - BALHAM (3),P26757,2117,stop,2026-04-06,21:33:00,,
DORKING - BALHAM,X93809,2116,stop,2026-04-03,21:33:00,,
DORKING - BALHAM (3),P26757,2117,stop,2026-04-21,21:33:00,,
DORKING - BALHAM (3),P26757,2117,stop,2026-04-07,21:33:00,,
DORKING - BALHAM,X00976,2116,stop,2026-04-06,21:33:00,,
DORKING - BALHAM (3),P26757,2117,stop,2026-04-08,21:33:00,,
DORKING - BALHAM (3),P26757,2117,stop,2026-04-03,21:33:00,,
EPSOM - NORWOOD JUNCTION,P25300,2145,stop,2026-04-15,21:45:00,,
EPSOM - NORWOOD JUNCTION,P25300,2145,stop,2026-04-09,21:45:00,,
EPSOM - NORWOOD JUNCTION,P25300,2145,stop,2026-04-30,21:45:00,,
EPSOM - NORWOOD JUNCTION,P25300,2145,stop,2026-04-17,21:45:00,,
EPSOM - NORWOOD JUNCTION,P25300,2145,stop,2026-04-07,21:45:00,,
EPSOM - NORWOOD JUNCTION,X01436,2145,stop,2026-04-06,21:45:00,,
EPSOM - NORWOOD JUNCTION,P25301,2145,stop,2026-04-18,21:45:00,,
EPSOM - NORWOOD JUNCTION,P25300,2145,stop,2026-04-21,21:45:00,,
EPSOM - NORWOOD JUNCTION,P25300,2145,stop,2026-04-29,21:45:00,,
EPSOM - NORWOOD JUNCTION,P25300,2145,stop,2026-04-23,21:45:00,,
EPSOM - NORWOOD JUNCTION,P25300,2145,stop,2026-04-13,21:45:00,,
EPSOM - NORWOOD JUNCTION,P25300,2145,stop,2026-04-08,21:45:00,,
EPSOM - NORWOOD JUNCTION,P25300,2145,stop,2026-04-24,21:45:00,,
EPSOM - NORWOOD JUNCTION,P25300,2145,stop,2026-04-10,21:45:00,,
EPSOM - NORWOOD JUNCTION,P25301,2145,stop,2026-04-25,21:45:00,,
EPSOM - NORWOOD JUNCTION,P25301,2145,stop,2026-04-04,21:45:00,,
DORKING - EARLSFIELD,P61089,2132,stop,2026-04-21,21:49:00,,
DORKING - EARLSFIELD,P61089,2132,stop,2026-04-14,21:49:00,,
DORKING - EARLSFIELD,P61089,2132,stop,2026-04-20,21:49:00,,
DORKING - EARLSFIELD,P61090,2132,stop,2026-04-11,21:49:00,,
DORKING - EARLSFIELD,P61089,2132,stop,2026-04-23,21:49:00,,
DORKING - EARLSFIELD,P61089,2132,stop,2026-04-29,21:49:00,,
DORKING - EARLSFIELD,P61089,2132,stop,2026-04-01,21:49:00,,
DORKING - EARLSFIELD,P61090,2132,stop,2026-04-04,21:49:00,,
EPSOM - NORWOOD JUNCTION,P25300,2145,stop,2026-04-22,21:45:00,,
EPSOM - NORWOOD JUNCTION,P25300,2145,stop,2026-04-14,21:45:00,,
EPSOM - NORWOOD JUNCTION,X93777,2145,stop,2026-04-03,21:45:00,,
EPSOM - NORWOOD JUNCTION,P25300,2145,stop,2026-04-28,21:45:00,,
EPSOM - NORWOOD JUNCTION,P25300,2145,stop,2026-04-02,21:45:00,,
EPSOM - NORWOOD JUNCTION,P25300,2145,stop,2026-04-27,21:45:00,,
EPSOM - NORWOOD JUNCTION,P25300,2145,stop,2026-04-03,21:45:00,,
EPSOM - NORWOOD JUNCTION,P25300,2145,stop,2026-04-16,21:45:00,,
DORKING - EARLSFIELD,P61090,2132,stop,2026-04-25,21:49:00,,
DORKING - EARLSFIELD,P61089,2132,stop,2026-04-17,21:49:00,,
DORKING - EARLSFIELD,P61089,2132,stop,2026-04-10,21:49:00,,
DORKING - EARLSFIELD,P61089,2132,stop,2026-04-06,21:49:00,,
DORKING - EARLSFIELD,P61089,2132,stop,2026-04-07,21:49:00,,
DORKING - EARLSFIELD,P61089,2132,stop,2026-04-16,21:49:00,,
DORKING - EARLSFIELD,P61089,2132,stop,2026-04-02,21:49:00,,
DORKING - EARLSFIELD,P61089,2132,stop,2026-04-27,21:49:00,,
DORKING - EARLSFIELD,P61089,2132,stop,2026-04-13,21:49:00,,
DORKING - EARLSFIELD,P61090,2132,stop,2026-04-18,21:49:00,,
DORKING - EARLSFIELD,P61089,2132,stop,2026-04-03,21:49:00,,
DORKING - EARLSFIELD,P61089,2132,stop,2026-04-28,21:49:00,,
DORKING - EARLSFIELD,Q38255,2132,stop,2026-04-03,21:49:00,,
DORKING - EARLSFIELD,P61089,2132,stop,2026-04-30,21:49:00,,
DORKING - EARLSFIELD,P61089,2132,stop,2026-04-22,21:49:00,,
DORKING - EARLSFIELD,P61089,2132,stop,2026-04-09,21:49:00,,
BALHAM - DORKING,P26754,2111,stop,2026-04-02,21:52:00,,
BALHAM - DORKING,P26754,2111,stop,2026-04-01,21:52:00,,
BALHAM - DORKING,P26754,2111,stop,2026-04-28,21:52:00,,
BALHAM - DORKING,P26754,2111,stop,2026-04-09,21:52:00,,
BALHAM - DORKING,P26754,2111,stop,2026-04-27,21:52:00,,
BALHAM - DORKING,P26754,2111,stop,2026-04-20,21:52:00,,
BALHAM - DORKING,P26754,2111,stop,2026-04-22,21:52:00,,
BALHAM - DORKING,P26754,2111,stop,2026-04-14,21:52:00,,
BALHAM - DORKING,P26754,2111,stop,2026-04-30,21:52:00,,
BALHAM - DORKING (3),P26756,2108,stop,2026-04-26,21:51:00,,
MITCHAM EASTFIELDS - DORKING,P26756,2108,stop,2026-04-19,21:51:00,,
BALHAM - DORKING (3),P26756,2108,stop,2026-04-12,21:51:00,,
DORKING - EARLSFIELD,P61089,2132,stop,2026-04-08,21:49:00,,
DORKING - EARLSFIELD,Q48305,2132,stop,2026-04-06,21:49:00,,
DORKING - EARLSFIELD,P61089,2132,stop,2026-04-24,21:49:00,,
DORKING - EARLSFIELD,P61089,2132,stop,2026-04-15,21:49:00,,
GUILDFORD - EARLSFIELD,L74311,2120,stop,2026-04-05,21:53:00,,
GUILDFORD - EARLSFIELD,L74311,2120,stop,2026-04-26,21:53:00,,
GUILDFORD - EARLSFIELD,L74311,2120,stop,2026-04-19,21:53:00,,
BALHAM - DORKING,P26754,2111,stop,2026-04-24,21:52:00,,
BALHAM - DORKING,P26754,2111,stop,2026-04-10,21:52:00,,
BALHAM - DORKING,P26754,2111,stop,2026-04-08,21:52:00,,
BALHAM - DORKING,P26754,2111,stop,2026-04-23,21:52:00,,
BALHAM - DORKING,P26754,2111,stop,2026-04-13,21:52:00,,
BALHAM - DORKING,P26754,2111,stop,2026-04-29,21:52:00,,
BALHAM - DORKING,P26754,2111,stop,2026-04-07,21:52:00,,
BALHAM - DORKING,P26754,2111,stop,2026-04-16,21:52:00,,
BALHAM - DORKING,P26754,2111,stop,2026-04-21,21:52:00,,
BALHAM - DORKING,P26754,2111,stop,2026-04-03,21:52:00,,
BALHAM - DORKING,P26754,2111,stop,2026-04-06,21:52:00,,
BALHAM - DORKING,P26754,2111,stop,2026-04-15,21:52:00,,
BALHAM - DORKING,P26754,2111,stop,2026-04-17,21:52:00,,
EARLSFIELD - DORKING,P61080,2123,stop,2026-04-17,21:58:00,,
EARLSFIELD - DORKING,P61080,2123,stop,2026-04-30,21:58:00,,
EARLSFIELD - DORKING,P61080,2123,stop,2026-04-21,21:58:00,,
EFFINGHAM JUNCTION - WORCESTER PARK,Q54760,2115,stop,2026-04-12,21:56:00,,
WORCESTER PARK - EFFINGHAM JUNCTION,Q54793,2135,stop,2026-04-12,21:56:00,,
BALHAM - DORKING (6),P26756,2108,stop,2026-04-05,21:55:00,,
BALHAM - DORKING (2),X93818,2111,stop,2026-04-03,21:54:00,,
BALHAM - DORKING (2),X00975,2111,stop,2026-04-06,21:54:00,,
BALHAM - DORKING (2),P26755,2111,stop,2026-04-11,21:54:00,,
BALHAM - DORKING (2),P26755,2111,stop,2026-04-25,21:54:00,,
BALHAM - DORKING (2),P26755,2111,stop,2026-04-04,21:54:00,,
GUILDFORD - EARLSFIELD,L74311,2120,stop,2026-04-12,21:53:00,,
EARLSFIELD - DORKING,P61080,2123,stop,2026-04-01,21:58:00,,
EARLSFIELD - DORKING,P61080,2123,stop,2026-04-08,21:58:00,,
EARLSFIELD - DORKING,P61081,2123,stop,2026-04-25,21:58:00,,
EARLSFIELD - DORKING,P61080,2123,stop,2026-04-24,21:58:00,,
EARLSFIELD - DORKING,P61080,2123,stop,2026-04-02,21:58:00,,
EARLSFIELD - DORKING,P61080,2123,stop,2026-04-10,21:58:00,,
EARLSFIELD - DORKING,P61080,2123,stop,2026-04-07,21:58:00,,
EARLSFIELD - DORKING,P61080,2123,stop,2026-04-20,21:58:00,,
EARLSFIELD - DORKING,P61080,2123,stop,2026-04-22,21:58:00,,
EARLSFIELD - DORKING,P61080,2123,stop,2026-04-15,21:58:00,,
EARLSFIELD - DORKING,P61080,2123,stop,2026-04-09,21:58:00,,
EARLSFIELD - DORKING,P61080,2123,stop,2026-04-06,21:58:00,,
EARLSFIELD - DORKING,Q48328,2123,stop,2026-04-06,21:58:00,,
EARLSFIELD - DORKING,P61080,2123,stop,2026-04-16,21:58:00,,
EARLSFIELD - DORKING,P61081,2123,stop,2026-04-04,21:58:00,,
EARLSFIELD - DORKING,P61080,2123,stop,2026-04-29,21:58:00,,
HORSHAM - BALHAM,P26763,2114,stop,2026-04-30,22:01:00,,
HORSHAM - BALHAM,P26763,2114,stop,2026-04-15,22:01:00,,
HORSHAM - BALHAM,P26763,2114,stop,2026-04-27,22:01:00,,
EPSOM - BALHAM,P26765,2200,stop,2026-04-26,22:00:00,,
EPSOM - BALHAM,P26765,2200,stop,2026-04-12,22:00:00,,
EPSOM - BALHAM (2),P26765,2200,stop,2026-04-05,22:00:00,,
EPSOM - MITCHAM EASTFIELDS (2),P26765,2200,stop,2026-04-19,22:00:00,,
EARLSFIELD - DORKING,P61081,2123,stop,2026-04-18,21:58:00,,
EARLSFIELD - DORKING,Q38265,2123,stop,2026-04-03,21:58:00,,
EARLSFIELD - DORKING,P61080,2123,stop,2026-04-03,21:58:00,,
EARLSFIELD - DORKING,P61080,2123,stop,2026-04-14,21:58:00,,
EARLSFIELD - DORKING,P61081,2123,stop,2026-04-11,21:58:00,,
EARLSFIELD - DORKING,P61080,2123,stop,2026-04-28,21:58:00,,
EARLSFIELD - DORKING,P61080,2123,stop,2026-04-27,21:58:00,,
EARLSFIELD - DORKING,P61080,2123,stop,2026-04-23,21:58:00,,
EARLSFIELD - DORKING,P61080,2123,stop,2026-04-13,21:58:00,,
DORKING - BALHAM (2),P26764,2146,stop,2026-04-25,22:01:00,,
HORSHAM - BALHAM,P26763,2114,stop,2026-04-01,22:01:00,,
DORKING - BALHAM (2),P26764,2146,stop,2026-04-11,22:01:00,,
HORSHAM - BALHAM,P26763,2114,stop,2026-04-23,22:01:00,,
HORSHAM - BALHAM,P26763,2114,stop,2026-04-14,22:01:00,,
HORSHAM - BALHAM,P26763,2114,stop,2026-04-07,22:01:00,,
HORSHAM - BALHAM,P26763,2114,stop,2026-04-08,22:01:00,,
HORSHAM - BALHAM,P26763,2114,stop,2026-04-03,22:01:00,,
DORKING - BALHAM (2),X93774,2146,stop,2026-04-03,22:01:00,,
DORKING - BALHAM (2),X00978,2146,stop,2026-04-06,22:01:00,,
HORSHAM - BALHAM,P26763,2114,stop,2026-04-06,22:01:00,,
HORSHAM - BALHAM,P26763,2114,stop,2026-04-21,22:01:00,,
HORSHAM - BALHAM,P26763,2114,stop,2026-04-16,22:01:00,,
HORSHAM - BALHAM,P26763,2114,stop,2026-04-17,22:01:00,,
DORKING - BALHAM (2),P26764,2146,stop,2026-04-04,22:01:00,,
DORKING - MITCHAM EASTFIELDS (2),P26764,2146,stop,2026-04-18,22:01:00,,
EPSOM - NORWOOD JUNCTION,P25304,2215,stop,2026-04-29,22:15:00,,
DORKING - SUTTON (SURREY),X04870,2133,stop,2026-04-12,22:09:00,,
EARLSFIELD - GUILDFORD (2),P61628,2132,stop,2026-04-26,22:07:00,,
EARLSFIELD - GUILDFORD (2),P61628,2132,stop,2026-04-12,22:07:00,,
EARLSFIELD - GUILDFORD (2),P61628,2132,stop,2026-04-19,22:07:00,,
EARLSFIELD - GUILDFORD (2),P61628,2132,stop,2026-04-05,22:07:00,,
MITCHAM EASTFIELDS - DORKING (2),P26755,2120,stop,2026-04-18,22:03:00,,
HORSHAM - BALHAM,P26763,2114,stop,2026-04-29,22:01:00,,
HORSHAM - BALHAM,P26763,2114,stop,2026-04-13,22:01:00,,
HORSHAM - BALHAM,P26763,2114,stop,2026-04-28,22:01:00,,
HORSHAM - BALHAM,P26763,2114,stop,2026-04-10,22:01:00,,
HORSHAM - BALHAM,P26763,2114,stop,2026-04-24,22:01:00,,
HORSHAM - BALHAM,P26763,2114,stop,2026-04-02,22:01:00,,
HORSHAM - BALHAM,P26763,2114,stop,2026-04-22,22:01:00,,
HORSHAM - BALHAM,P26763,2114,stop,2026-04-20,22:01:00,,
HORSHAM - BALHAM,P26763,2114,stop,2026-04-09,22:01:00,,
EPSOM - NORWOOD JUNCTION,P25304,2215,stop,2026-04-08,22:15:00,,
EPSOM - NORWOOD JUNCTION,X01438,2215,stop,2026-04-06,22:15:00,,
EPSOM - NORWOOD JUNCTION,P25304,2215,stop,2026-04-03,22:15:00,,
EPSOM - NORWOOD JUNCTION,P25304,2215,stop,2026-04-06,22:15:00,,
EPSOM - NORWOOD JUNCTION,P25304,2215,stop,2026-04-14,22:15:00,,
EPSOM - NORWOOD JUNCTION,P25305,2215,stop,2026-04-04,22:15:00,,
EPSOM - NORWOOD JUNCTION,P25305,2215,stop,2026-04-11,22:15:00,,
EPSOM - NORWOOD JUNCTION,P25304,2215,stop,2026-04-13,22:15:00,,
EPSOM - NORWOOD JUNCTION,P25304,2215,stop,2026-04-07,22:15:00,,
EPSOM - NORWOOD JUNCTION,P25305,2215,stop,2026-04-25,22:15:00,,
EPSOM - NORWOOD JUNCTION,P25304,2215,stop,2026-04-23,22:15:00,,
EPSOM - NORWOOD JUNCTION,P25304,2215,stop,2026-04-20,22:15:00,,
EPSOM - NORWOOD JUNCTION,P25304,2215,stop,2026-04-09,22:15:00,,
EPSOM - NORWOOD JUNCTION,P25304,2215,stop,2026-04-28,22:15:00,,
EPSOM - NORWOOD JUNCTION,P25304,2215,stop,2026-04-27,22:15:00,,
EPSOM - NORWOOD JUNCTION,P25304,2215,stop,2026-04-30,22:15:00,,
GUILDFORD - EARLSFIELD,P61633,2145,stop,2026-04-28,22:19:00,,
GUILDFORD - EARLSFIELD,P61633,2145,stop,2026-04-14,22:19:00,,
GUILDFORD - EARLSFIELD,P61633,2145,stop,2026-04-13,22:19:00,,
GUILDFORD - EARLSFIELD,Q38246,2145,stop,2026-04-03,22:19:00,,
GUILDFORD - EARLSFIELD,P61633,2145,stop,2026-04-03,22:19:00,,
EPSOM - NORWOOD JUNCTION,P25304,2215,stop,2026-04-15,22:15:00,,
EPSOM - NORWOOD JUNCTION,P25304,2215,stop,2026-04-10,22:15:00,,
EPSOM - NORWOOD JUNCTION,P25304,2215,stop,2026-04-01,22:15:00,,
EPSOM - NORWOOD JUNCTION,P25305,2215,stop,2026-04-18,22:15:00,,
EPSOM - NORWOOD JUNCTION,P25304,2215,stop,2026-04-17,22:15:00,,
EPSOM - NORWOOD JUNCTION,P25304,2215,stop,2026-04-22,22:15:00,,
EPSOM - NORWOOD JUNCTION,P25304,2215,stop,2026-04-21,22:15:00,,
EPSOM - NORWOOD JUNCTION,P25304,2215,stop,2026-04-24,22:15:00,,
EPSOM - NORWOOD JUNCTION,P25304,2215,stop,2026-04-02,22:15:00,,
EPSOM - NORWOOD JUNCTION,P25304,2215,stop,2026-04-16,22:15:00,,
EPSOM - NORWOOD JUNCTION,X93692,2215,stop,2026-04-03,22:15:00,,
GUILDFORD - EARLSFIELD,P61633,2145,stop,2026-04-30,22:19:00,,
GUILDFORD - EARLSFIELD,P61633,2145,stop,2026-04-06,22:19:00,,
GUILDFORD - EARLSFIELD,Q48279,2145,stop,2026-04-06,22:19:00,,
GUILDFORD - EARLSFIELD,P61633,2145,stop,2026-04-09,22:19:00,,
GUILDFORD - EARLSFIELD,P61633,2145,stop,2026-04-23,22:19:00,,
GUILDFORD - EARLSFIELD,P61633,2145,stop,2026-04-02,22:19:00,,
GUILDFORD - EARLSFIELD,P61633,2145,stop,2026-04-07,22:19:00,,
GUILDFORD - EARLSFIELD,L74316,2145,stop,2026-04-25,22:19:00,,
GUILDFORD - EARLSFIELD,P61633,2145,stop,2026-04-24,22:19:00,,
GUILDFORD - EARLSFIELD,L74316,2145,stop,2026-04-11,22:19:00,,
GUILDFORD - EARLSFIELD,P61633,2145,stop,2026-04-21,22:19:00,,
GUILDFORD - EARLSFIELD,P61633,2145,stop,2026-04-27,22:19:00,,
GUILDFORD - EARLSFIELD,P61633,2145,stop,2026-04-01,22:19:00,,
GUILDFORD - EARLSFIELD,P61633,2145,stop,2026-04-08,22:19:00,,
GUILDFORD - EARLSFIELD,P61633,2145,stop,2026-04-10,22:19:00,,
GUILDFORD - EARLSFIELD,P61633,2145,stop,2026-04-20,22:19:00,,
BALHAM - DORKING (3),X93781,2141,stop,2026-04-03,22:24:00,,
BALHAM - HORSHAM,P26760,2141,stop,2026-04-14,22:24:00,,
BALHAM - HORSHAM,P26760,2141,stop,2026-04-22,22:24:00,,
BALHAM - HORSHAM,P26760,2141,stop,2026-04-21,22:24:00,,
DORKING - EARLSFIELD,P61091,2207,stop,2026-04-12,22:23:00,,
DORKING - EARLSFIELD,P61091,2207,stop,2026-04-05,22:23:00,,
DORKING - EARLSFIELD,P61091,2207,stop,2026-04-19,22:23:00,,
DORKING - EARLSFIELD,P61091,2207,stop,2026-04-26,22:23:00,,
SUTTON (SURREY) - DORKING,X04907,2155,stop,2026-04-12,22:22:00,,
GUILDFORD - EARLSFIELD,P61633,2145,stop,2026-04-29,22:19:00,,
GUILDFORD - EARLSFIELD,P61633,2145,stop,2026-04-16,22:19:00,,
GUILDFORD - EARLSFIELD,L74316,2145,stop,2026-04-18,22:19:00,,
GUILDFORD - EARLSFIELD,P61633,2145,stop,2026-04-22,22:19:00,,
GUILDFORD - EARLSFIELD,P61633,2145,stop,2026-04-17,22:19:00,,
GUILDFORD - EARLSFIELD,L74316,2145,stop,2026-04-04,22:19:00,,
GUILDFORD - EARLSFIELD,P61633,2145,stop,2026-04-15,22:19:00,,
BALHAM - HORSHAM,P26760,2141,stop,2026-04-24,22:24:00,,
BALHAM - DORKING (3),P26761,2141,stop,2026-04-11,22:24:00,,
BALHAM - HORSHAM,P26760,2141,stop,2026-04-16,22:24:00,,
BALHAM - HORSHAM,P26760,2141,stop,2026-04-20,22:24:00,,
BALHAM - HORSHAM,P26760,2141,stop,2026-04-07,22:24:00,,
BALHAM - HORSHAM,P26760,2141,stop,2026-04-08,22:24:00,,
BALHAM - DORKING (3),P26761,2141,stop,2026-04-25,22:24:00,,
BALHAM - DORKING (3),P26761,2141,stop,2026-04-04,22:24:00,,
BALHAM - HORSHAM,P26760,2141,stop,2026-04-03,22:24:00,,
BALHAM - DORKING (3),X00977,2141,stop,2026-04-06,22:24:00,,
BALHAM - HORSHAM,P26760,2141,stop,2026-04-13,22:24:00,,
BALHAM - HORSHAM,P26760,2141,stop,2026-04-15,22:24:00,,
BALHAM - HORSHAM,P26760,2141,stop,2026-04-29,22:24:00,,
BALHAM - HORSHAM,P26760,2141,stop,2026-04-06,22:24:00,,
BALHAM - HORSHAM,P26760,2141,stop,2026-04-23,22:24:00,,
BALHAM - HORSHAM,P26760,2141,stop,2026-04-27,22:24:00,,
EARLSFIELD - GUILDFORD (2),P61627,2153,stop,2026-04-25,22:28:00,,
EARLSFIELD - GUILDFORD (2),P61627,2153,stop,2026-04-18,22:28:00,,
EARLSFIELD - GUILDFORD (2),P61626,2153,stop,2026-04-24,22:28:00,,
EARLSFIELD - GUILDFORD (2),P61626,2153,stop,2026-04-22,22:28:00,,
WORCESTER PARK - DORKING,Q54861,2205,stop,2026-04-12,22:26:00,,
DORKING - WORCESTER PARK,Q54823,2150,stop,2026-04-12,22:26:00,,
BALHAM - HORSHAM,P26760,2142,stop,2026-04-17,22:24:00,,
BALHAM - HORSHAM,P26760,2141,stop,2026-04-28,22:24:00,,
BALHAM - HORSHAM,P26760,2141,stop,2026-04-01,22:24:00,,
BALHAM - HORSHAM,P26760,2141,stop,2026-04-10,22:24:00,,
BALHAM - HORSHAM,P26760,2141,stop,2026-04-30,22:24:00,,
BALHAM - HORSHAM,P26760,2141,stop,2026-04-09,22:24:00,,
BALHAM - HORSHAM,P26760,2141,stop,2026-04-02,22:24:00,,
EARLSFIELD - GUILDFORD (2),P61626,2153,stop,2026-04-27,22:28:00,,
EARLSFIELD - GUILDFORD (2),P61626,2153,stop,2026-04-28,22:28:00,,
EARLSFIELD - GUILDFORD (2),P61626,2153,stop,2026-04-10,22:28:00,,
EARLSFIELD - GUILDFORD (2),P61626,2153,stop,2026-04-14,22:28:00,,
EARLSFIELD - GUILDFORD (2),P61626,2153,stop,2026-04-17,22:28:00,,
EARLSFIELD - GUILDFORD (2),Q38237,2153,stop,2026-04-03,22:28:00,,
EARLSFIELD - GUILDFORD (2),P61626,2153,stop,2026-04-29,22:28:00,,
EARLSFIELD - GUILDFORD (2),P61626,2153,stop,2026-04-07,22:28:00,,
EARLSFIELD - GUILDFORD (2),P61626,2153,stop,2026-04-02,22:28:00,,
EARLSFIELD - GUILDFORD (2),P61626,2153,stop,2026-04-23,22:28:00,,
EARLSFIELD - GUILDFORD (2),P61626,2153,stop,2026-04-09,22:28:00,,
EARLSFIELD - GUILDFORD (2),Q48259,2153,stop,2026-04-06,22:28:00,,
EARLSFIELD - GUILDFORD (2),P61626,2153,stop,2026-04-06,22:28:00,,
EARLSFIELD - GUILDFORD (2),P61626,2153,stop,2026-04-30,22:28:00,,
EARLSFIELD - GUILDFORD (2),P61627,2153,stop,2026-04-04,22:28:00,,
EARLSFIELD - GUILDFORD (2),P61626,2153,stop,2026-04-16,22:28:00,,
DORKING - BALHAM,X93688,2216,stop,2026-04-03,22:33:00,,
DORKING - BALHAM (3),P26769,2217,stop,2026-04-02,22:33:00,,
MITCHAM EASTFIELDS - DORKING,P26761,2150,stop,2026-04-18,22:33:00,,
DORKING - MITCHAM EASTFIELDS,P26770,2216,stop,2026-04-18,22:32:00,,
DORKING - BALHAM (4),P26771,2212,stop,2026-04-26,22:30:00,,
DORKING - BALHAM (4),P26771,2212,stop,2026-04-12,22:30:00,,
DORKING - MITCHAM EASTFIELDS,P26771,2212,stop,2026-04-19,22:30:00,,
EARLSFIELD - GUILDFORD (2),P61626,2153,stop,2026-04-15,22:28:00,,
EARLSFIELD - GUILDFORD (2),P61626,2153,stop,2026-04-03,22:28:00,,
EARLSFIELD - GUILDFORD (2),P61627,2153,stop,2026-04-11,22:28:00,,
EARLSFIELD - GUILDFORD (2),P61626,2153,stop,2026-04-01,22:28:00,,
EARLSFIELD - GUILDFORD (2),P61626,2153,stop,2026-04-20,22:28:00,,
EARLSFIELD - GUILDFORD (2),P61626,2153,stop,2026-04-21,22:28:00,,
EARLSFIELD - GUILDFORD (2),P61626,2153,stop,2026-04-08,22:28:00,,
EARLSFIELD - GUILDFORD (2),P61626,2153,stop,2026-04-13,22:28:00,,
EPSOM - SELHURST  T&RS  MD  M&EE   NSC,G73384,2320,stop,2026-04-17,23:20:00,,
EPSOM - SELHURST  T&RS  MD  M&EE   NSC,G73384,2320,stop,2026-04-16,23:20:00,,
EPSOM - SELHURST  T&RS  MD  M&EE   NSC,G73384,2320,stop,2026-04-09,23:20:00,,
EPSOM - SELHURST  T&RS  MD  M&EE   NSC,X24373,2320,stop,2026-04-30,23:20:00,,
EPSOM - SELHURST  T&RS  MD  M&EE   NSC,G73384,2320,stop,2026-04-28,23:20:00,,
EPSOM - SELHURST  T&RS  MD  M&EE   NSC,G73384,2320,stop,2026-04-21,23:20:00,,
EPSOM - SELHURST  T&RS  MD  M&EE   NSC,G73384,2320,stop,2026-04-10,23:20:00,,
EPSOM - SELHURST  T&RS  MD  M&EE   NSC,G73384,2320,stop,2026-04-14,23:20:00,,
EPSOM - SELHURST  T&RS  MD  M&EE   NSC,G73384,2320,stop,2026-04-22,23:20:00,,
EPSOM - SELHURST  T&RS  MD  M&EE   NSC,G73384,2320,stop,2026-04-13,23:20:00,,
EPSOM - SELHURST  T&RS  MD  M&EE   NSC,G73384,2320,stop,2026-04-24,23:20:00,,
EPSOM - SELHURST  T&RS  MD  M&EE   NSC,G73384,2320,stop,2026-04-23,23:20:00,,
EPSOM - SELHURST  T&RS  MD  M&EE   NSC,X07381,2320,stop,2026-04-23,23:20:00,,
EPSOM - SELHURST  T&RS  MD  M&EE   NSC,G73384,2320,stop,2026-04-07,23:20:00,,
EPSOM - SELHURST  T&RS  MD  M&EE   NSC,G73384,2320,stop,2026-04-03,23:20:00,,
EPSOM - SELHURST  T&RS  MD  M&EE   NSC,G73384,2320,stop,2026-04-29,23:20:00,,
DORKING - BALHAM (3),P26769,2217,stop,2026-04-07,22:33:00,,
DORKING - BALHAM (5),P26771,2216,stop,2026-04-05,22:33:00,,
DORKING - BALHAM (3),P26769,2217,stop,2026-04-08,22:33:00,,
DORKING - BALHAM,P26770,2216,stop,2026-04-25,22:33:00,,
DORKING - BALHAM (3),P26769,2217,stop,2026-04-09,22:33:00,,
DORKING - BALHAM,P26770,2216,stop,2026-04-04,22:33:00,,
DORKING - BALHAM (3),P26769,2217,stop,2026-04-20,22:33:00,,
DORKING - BALHAM (3),P26769,2217,stop,2026-04-15,22:33:00,,
DORKING - BALHAM (3),P26769,2217,stop,2026-04-28,22:33:00,,
DORKING - BALHAM (3),P26769,2217,stop,2026-04-21,22:33:00,,
DORKING - BALHAM (3),P26769,2217,stop,2026-04-17,22:33:00,,
DORKING - BALHAM (3),P26769,2217,stop,2026-04-27,22:33:00,,
DORKING - BALHAM (3),P26769,2217,stop,2026-04-01,22:33:00,,
DORKING - BALHAM (3),P26769,2217,stop,2026-04-03,22:33:00,,
DORKING - BALHAM (3),P26769,2217,stop,2026-04-16,22:33:00,,
DORKING - BALHAM (3),P26769,2217,stop,2026-04-14,22:33:00,,
DORKING - DORKING,X05871,2226,pass,2026-04-18,22:42:00,,
DORKING - SUTTON (SURREY),X04869,2203,stop,2026-04-12,22:39:00,,
EARLSFIELD - DORKING,P61088,2202,stop,2026-04-26,22:37:00,,
EARLSFIELD - DORKING,P61088,2202,stop,2026-04-05,22:37:00,,
EARLSFIELD - DORKING,P61088,2202,stop,2026-04-12,22:37:00,,
EARLSFIELD - DORKING,P61088,2202,stop,2026-04-19,22:37:00,,
DORKING - BALHAM,P26770,2216,stop,2026-04-11,22:33:00,,
DORKING - BALHAM,X00980,2216,stop,2026-04-06,22:33:00,,
DORKING - BALHAM (3),P26769,2217,stop,2026-04-10,22:33:00,,
DORKING - BALHAM (3),P26769,2217,stop,2026-04-24,22:33:00,,
DORKING - BALHAM (3),P26769,2217,stop,2026-04-06,22:33:00,,
DORKING - BALHAM (3),P26769,2217,stop,2026-04-22,22:33:00,,
DORKING - BALHAM (3),P26769,2217,stop,2026-04-30,22:33:00,,
DORKING - BALHAM (3),P26769,2217,stop,2026-04-13,22:33:00,,
DORKING - BALHAM (3),P26769,2217,stop,2026-04-29,22:33:00,,
DORKING - BALHAM (3),P26769,2217,stop,2026-04-23,22:33:00,,
EPSOM - NORWOOD JUNCTION,P25308,2245,stop,2026-04-28,22:45:00,,
EPSOM - NORWOOD JUNCTION,P25309,2245,stop,2026-04-04,22:45:00,,
EPSOM - NORWOOD JUNCTION,P25308,2245,stop,2026-04-30,22:45:00,,
EPSOM - NORWOOD JUNCTION,P25308,2245,stop,2026-04-16,22:45:00,,
EPSOM - NORWOOD JUNCTION,P25309,2245,stop,2026-04-25,22:45:00,,
EPSOM - NORWOOD JUNCTION,P25309,2245,stop,2026-04-18,22:45:00,,
EPSOM - NORWOOD JUNCTION,P25308,2245,stop,2026-04-08,22:45:00,,
EPSOM - NORWOOD JUNCTION,P25308,2245,stop,2026-04-17,22:45:00,,
EPSOM - NORWOOD JUNCTION,X01440,2245,stop,2026-04-06,22:45:00,,
EPSOM - NORWOOD JUNCTION,P25308,2245,stop,2026-04-27,22:45:00,,
EPSOM - NORWOOD JUNCTION,P25308,2245,stop,2026-04-23,22:45:00,,
EPSOM - NORWOOD JUNCTION,P25308,2245,stop,2026-04-06,22:45:00,,
EPSOM - NORWOOD JUNCTION,P25308,2245,stop,2026-04-10,22:45:00,,
EPSOM - NORWOOD JUNCTION,P25308,2245,stop,2026-04-02,22:45:00,,
EPSOM - NORWOOD JUNCTION,P25308,2245,stop,2026-04-15,22:45:00,,
EPSOM - NORWOOD JUNCTION,P25308,2245,stop,2026-04-01,22:45:00,,
DORKING - EARLSFIELD,P61097,2232,stop,2026-04-18,22:49:00,,
DORKING - EARLSFIELD,Q38212,2232,stop,2026-04-03,22:49:00,,
DORKING - EARLSFIELD,P61095,2232,stop,2026-04-08,22:49:00,,
DORKING - EARLSFIELD,P61095,2232,stop,2026-04-27,22:49:00,,
EPSOM - NORWOOD JUNCTION,P25308,2245,stop,2026-04-24,22:45:00,,
EPSOM - NORWOOD JUNCTION,P25308,2245,stop,2026-04-14,22:45:00,,
EPSOM - NORWOOD JUNCTION,P25309,2245,stop,2026-04-11,22:45:00,,
EPSOM - NORWOOD JUNCTION,P25308,2245,stop,2026-04-09,22:45:00,,
EPSOM - NORWOOD JUNCTION,P25308,2245,stop,2026-04-07,22:45:00,,
EPSOM - NORWOOD JUNCTION,P25308,2245,stop,2026-04-29,22:45:00,,
EPSOM - NORWOOD JUNCTION,P25308,2245,stop,2026-04-21,22:45:00,,
EPSOM - NORWOOD JUNCTION,P25308,2245,stop,2026-04-20,22:45:00,,
EPSOM - NORWOOD JUNCTION,P25308,2245,stop,2026-04-13,22:45:00,,
EPSOM - NORWOOD JUNCTION,P25308,2245,stop,2026-04-22,22:45:00,,
EPSOM - NORWOOD JUNCTION,P25308,2245,stop,2026-04-03,22:45:00,,
EPSOM - NORWOOD JUNCTION,X92599,2245,stop,2026-04-03,22:45:00,,
DORKING - EARLSFIELD,P61095,2232,stop,2026-04-15,22:49:00,,
DORKING - EARLSFIELD,P61097,2232,stop,2026-04-25,22:49:00,,
DORKING - EARLSFIELD,P61097,2232,stop,2026-04-11,22:49:00,,
DORKING - EARLSFIELD,P61095,2232,stop,2026-04-02,22:49:00,,
DORKING - EARLSFIELD,P61095,2232,stop,2026-04-20,22:49:00,,
DORKING - EARLSFIELD,P61095,2232,stop,2026-04-07,22:49:00,,
DORKING - EARLSFIELD,P61096,2232,stop,2026-04-24,22:49:00,,
DORKING - EARLSFIELD,P61095,2232,stop,2026-04-22,22:49:00,,
DORKING - EARLSFIELD,P61095,2232,stop,2026-04-06,22:49:00,,
DORKING - EARLSFIELD,Q48194,2232,stop,2026-04-06,22:49:00,,
DORKING - EARLSFIELD,P61095,2232,stop,2026-04-23,22:49:00,,
DORKING - EARLSFIELD,P61096,2232,stop,2026-04-03,22:49:00,,
DORKING - EARLSFIELD,P61095,2232,stop,2026-04-13,22:49:00,,
DORKING - EARLSFIELD,P61096,2232,stop,2026-04-10,22:49:00,,
DORKING - EARLSFIELD,P61095,2232,stop,2026-04-14,22:49:00,,
DORKING - EARLSFIELD,P61095,2232,stop,2026-04-01,22:49:00,,
BALHAM - DORKING,P26766,2212,stop,2026-04-17,22:52:00,,
BALHAM - DORKING,P26766,2211,stop,2026-04-07,22:52:00,,
BALHAM - DORKING,P26766,2211,stop,2026-04-10,22:52:00,,
BALHAM - DORKING,P26766,2211,stop,2026-04-01,22:52:00,,
BALHAM - DORKING,P26766,2211,stop,2026-04-09,22:52:00,,
BALHAM - DORKING,P26766,2211,stop,2026-04-08,22:52:00,,
BALHAM - DORKING,P26766,2211,stop,2026-04-30,22:52:00,,
BALHAM - DORKING,P26766,2211,stop,2026-04-28,22:52:00,,
DORKING - EARLSFIELD,P61095,2232,stop,2026-04-09,22:49:00,,
DORKING - EARLSFIELD,P61095,2232,stop,2026-04-21,22:49:00,,
DORKING - EARLSFIELD,P61095,2232,stop,2026-04-29,22:49:00,,
DORKING - EARLSFIELD,P61095,2232,stop,2026-04-16,22:49:00,,
DORKING - EARLSFIELD,P61095,2232,stop,2026-04-28,22:49:00,,
DORKING - EARLSFIELD,P61097,2232,stop,2026-04-04,22:49:00,,
DORKING - EARLSFIELD,P61095,2232,stop,2026-04-30,22:49:00,,
DORKING - EARLSFIELD,P61096,2232,stop,2026-04-17,22:49:00,,
GUILDFORD - EARLSFIELD,P61635,2220,stop,2026-04-19,22:53:00,,
GUILDFORD - EARLSFIELD,P61635,2220,stop,2026-04-12,22:53:00,,
BALHAM - DORKING,P26766,2211,stop,2026-04-06,22:52:00,,
BALHAM - DORKING,P26766,2211,stop,2026-04-20,22:52:00,,
BALHAM - DORKING,P26766,2211,stop,2026-04-02,22:52:00,,
BALHAM - DORKING,P26766,2211,stop,2026-04-27,22:52:00,,
BALHAM - DORKING,P26766,2211,stop,2026-04-14,22:52:00,,
BALHAM - DORKING,P26766,2211,stop,2026-04-29,22:52:00,,
BALHAM - DORKING,P26766,2211,stop,2026-04-21,22:52:00,,
BALHAM - DORKING,P26766,2211,stop,2026-04-13,22:52:00,,
BALHAM - DORKING,P26766,2211,stop,2026-04-22,22:52:00,,
BALHAM - DORKING,P26766,2211,stop,2026-04-03,22:52:00,,
BALHAM - DORKING,P26766,2211,stop,2026-04-16,22:52:00,,
BALHAM - DORKING,P26766,2211,stop,2026-04-24,22:52:00,,
BALHAM - DORKING,P26766,2211,stop,2026-04-23,22:52:00,,
BALHAM - DORKING,P26766,2211,stop,2026-04-15,22:52:00,,
EFFINGHAM JUNCTION - WORCESTER PARK,Q54759,2215,stop,2026-04-12,22:56:00,,
BALHAM - DORKING (6),P26768,2211,stop,2026-04-05,22:55:00,,
BALHAM - DORKING (3),P26768,2211,stop,2026-04-26,22:54:00,,
BALHAM - DORKING (3),P26768,2211,stop,2026-04-12,22:54:00,,
BALHAM - DORKING (2),X93697,2211,stop,2026-04-03,22:54:00,,
BALHAM - DORKING (2),P26767,2211,stop,2026-04-04,22:54:00,,
MITCHAM EASTFIELDS - DORKING,P26768,2208,stop,2026-04-19,22:54:00,,
BALHAM - DORKING (2),X00979,2211,stop,2026-04-06,22:54:00,,
BALHAM - DORKING (2),P26767,2211,stop,2026-04-11,22:54:00,,
BALHAM - DORKING (2),P26767,2211,stop,2026-04-25,22:54:00,,
GUILDFORD - EARLSFIELD,P61635,2220,stop,2026-04-05,22:53:00,,
GUILDFORD - EARLSFIELD,P61635,2220,stop,2026-04-26,22:53:00,,
EARLSFIELD - DORKING,P61086,2223,stop,2026-04-15,22:58:00,,
EARLSFIELD - DORKING,P61086,2223,stop,2026-04-21,22:58:00,,
EARLSFIELD - DORKING,P61086,2223,stop,2026-04-17,22:58:00,,
EARLSFIELD - DORKING,P61086,2223,stop,2026-04-16,22:58:00,,
EARLSFIELD - DORKING,P61086,2223,stop,2026-04-22,22:58:00,,
EARLSFIELD - DORKING,P61086,2223,stop,2026-04-28,22:58:00,,
EARLSFIELD - DORKING,P61086,2223,stop,2026-04-30,22:58:00,,
EARLSFIELD - DORKING,P61086,2223,stop,2026-04-03,22:58:00,,
EARLSFIELD - DORKING,P61086,2223,stop,2026-04-06,22:58:00,,
EARLSFIELD - DORKING,P61086,2223,stop,2026-04-13,22:58:00,,
EARLSFIELD - DORKING,P61086,2223,stop,2026-04-10,22:58:00,,
EARLSFIELD - DORKING,Q38219,2223,stop,2026-04-03,22:58:00,,
EARLSFIELD - DORKING,P61087,2223,stop,2026-04-04,22:58:00,,
EARLSFIELD - DORKING,P61087,2223,stop,2026-04-11,22:58:00,,
WORCESTER PARK - DORKING,Q54854,2236,stop,2026-04-12,22:57:00,,
WORCESTER PARK - EFFINGHAM JUNCTION,Q54792,2235,stop,2026-04-12,22:56:00,,
EPSOM - BALHAM,P26777,2300,stop,2026-04-12,23:00:00,,
EPSOM - SOUTH BERMONDSEY,P26777,2300,stop,2026-04-19,23:00:00,,
EARLSFIELD - DORKING,Q48213,2223,stop,2026-04-06,22:58:00,,
EARLSFIELD - DORKING,P61087,2223,stop,2026-04-25,22:58:00,,
EARLSFIELD - DORKING,P61087,2223,stop,2026-04-18,22:58:00,,
EARLSFIELD - DORKING,P61086,2223,stop,2026-04-09,22:58:00,,
EARLSFIELD - DORKING,P61086,2223,stop,2026-04-24,22:58:00,,
EARLSFIELD - DORKING,P61086,2223,stop,2026-04-27,22:58:00,,
EARLSFIELD - DORKING,P61086,2223,stop,2026-04-01,22:58:00,,
EARLSFIELD - DORKING,P61086,2223,stop,2026-04-20,22:58:00,,
EARLSFIELD - DORKING,P61086,2223,stop,2026-04-02,22:58:00,,
EARLSFIELD - DORKING,P61086,2223,stop,2026-04-29,22:58:00,,
EARLSFIELD - DORKING,P61086,2223,stop,2026-04-07,22:58:00,,
EARLSFIELD - DORKING,P61086,2223,stop,2026-04-14,22:58:00,,
EARLSFIELD - DORKING,P61086,2223,stop,2026-04-08,22:58:00,,
EARLSFIELD - DORKING,P61086,2223,stop,2026-04-23,22:58:00,,
GUILDFORD - EARLSFIELD,P61641,2245,stop,2026-04-29,23:19:00,,
GUILDFORD - EARLSFIELD,P61640,2245,stop,2026-04-25,23:19:00,,
DORKING - SUTTON (SURREY),X04868,2237,stop,2026-04-12,23:13:00,,
EARLSFIELD - GUILDFORD (2),P61632,2232,stop,2026-04-05,23:07:00,,
EARLSFIELD - GUILDFORD (2),P61632,2232,stop,2026-04-12,23:07:00,,
EARLSFIELD - GUILDFORD (2),P61632,2232,stop,2026-04-26,23:07:00,,
EARLSFIELD - GUILDFORD (2),P61632,2232,stop,2026-04-19,23:07:00,,
MITCHAM EASTFIELDS - DORKING (2),P26767,2220,stop,2026-04-18,23:02:00,,
EPSOM - BALHAM,P26777,2300,stop,2026-04-26,23:00:00,,
EPSOM - BALHAM (2),P26777,2300,stop,2026-04-05,23:00:00,,
GUILDFORD - EARLSFIELD,P61641,2245,stop,2026-04-13,23:19:00,,
GUILDFORD - EARLSFIELD,P61642,2245,stop,2026-04-03,23:19:00,,
GUILDFORD - EARLSFIELD,Q48164,2245,stop,2026-04-06,23:19:00,,
GUILDFORD - EARLSFIELD,P61641,2245,stop,2026-04-20,23:19:00,,
GUILDFORD - EARLSFIELD,P61640,2245,stop,2026-04-04,23:19:00,,
GUILDFORD - EARLSFIELD,P61642,2245,stop,2026-04-10,23:19:00,,
GUILDFORD - EARLSFIELD,P61641,2245,stop,2026-04-01,23:19:00,,
GUILDFORD - EARLSFIELD,P61641,2245,stop,2026-04-27,23:19:00,,
GUILDFORD - EARLSFIELD,P61641,2245,stop,2026-04-09,23:19:00,,
GUILDFORD - EARLSFIELD,P61640,2245,stop,2026-04-18,23:19:00,,
GUILDFORD - EARLSFIELD,P61641,2245,stop,2026-04-02,23:19:00,,
GUILDFORD - EARLSFIELD,P61641,2245,stop,2026-04-07,23:19:00,,
GUILDFORD - EARLSFIELD,P61641,2245,stop,2026-04-14,23:19:00,,
GUILDFORD - EARLSFIELD,P61641,2245,stop,2026-04-06,23:19:00,,
GUILDFORD - EARLSFIELD,P61641,2245,stop,2026-04-22,23:19:00,,
GUILDFORD - EARLSFIELD,P61641,2245,stop,2026-04-16,23:19:00,,
EPSOM - SELHURST  T&RS  MD  M&EE   NSC,X07381,2320,stop,2026-04-21,23:20:00,,
EPSOM - SELHURST  T&RS  MD  M&EE   NSC,X07381,2320,stop,2026-04-22,23:20:00,,
EPSOM - SELHURST  T&RS  MD  M&EE   NSC,G73384,2320,stop,2026-04-27,23:20:00,,
EPSOM - SELHURST  T&RS  MD  M&EE   NSC,G73384,2320,stop,2026-04-08,23:20:00,,
EPSOM - SELHURST  T&RS  MD  M&EE   NSC,G73384,2320,stop,2026-04-06,23:20:00,,
EPSOM - SELHURST  T&RS  MD  M&EE   NSC,X24373,2320,stop,2026-04-27,23:20:00,,
GUILDFORD - EARLSFIELD,P61642,2245,stop,2026-04-24,23:19:00,,
GUILDFORD - EARLSFIELD,P61642,2245,stop,2026-04-17,23:19:00,,
GUILDFORD - EARLSFIELD,P61641,2245,stop,2026-04-28,23:19:00,,
GUILDFORD - EARLSFIELD,P61640,2245,stop,2026-04-11,23:19:00,,
GUILDFORD - EARLSFIELD,P61641,2245,stop,2026-04-21,23:19:00,,
GUILDFORD - EARLSFIELD,P61641,2245,stop,2026-04-30,23:19:00,,
GUILDFORD - EARLSFIELD,P61641,2245,stop,2026-04-15,23:19:00,,
GUILDFORD - EARLSFIELD,P61641,2245,stop,2026-04-23,23:19:00,,
GUILDFORD - EARLSFIELD,P61641,2245,stop,2026-04-08,23:19:00,,
GUILDFORD - EARLSFIELD,Q38202,2245,stop,2026-04-03,23:19:00,,
BALHAM - HORSHAM,P26786,2325,stop,2026-04-29,00:09:00,,
EARLSFIELD - DORKING,P61094,2323,stop,2026-04-11,23:58:00,,
EARLSFIELD - DORKING,P61092,2323,stop,2026-04-03,23:58:00,,
EARLSFIELD - DORKING,Q38178,2323,stop,2026-04-03,23:58:00,,
EARLSFIELD - DORKING,P61092,2323,stop,2026-04-17,23:58:00,,
EARLSFIELD - DORKING,P61094,2323,stop,2026-04-04,23:58:00,,
EARLSFIELD - DORKING,P61094,2323,stop,2026-04-25,23:58:00,,
EARLSFIELD - DORKING,Q48102,2323,stop,2026-04-06,23:58:00,,
EARLSFIELD - DORKING,P61094,2323,stop,2026-04-18,23:58:00,,
EARLSFIELD - DORKING,P61092,2323,stop,2026-04-24,23:58:00,,
STREATHAM - DORKING (2),P26779,2313,stop,2026-04-19,23:56:00,,
BALHAM - DORKING (3),P26778,2311,stop,2026-04-25,23:54:00,,
BALHAM - DORKING (3),P26779,2311,stop,2026-04-12,23:54:00,,
EFFINGHAM JUNCTION - WORCESTER PARK,Q54756,2313,stop,2026-04-12,23:54:00,,
DORKING - WEST CROYDON,X93531,2337,stop,2026-04-03,23:54:00,,
BALHAM - DORKING (3),X93560,2311,stop,2026-04-03,23:54:00,,
BALHAM - HORSHAM (2),P26786,2325,stop,2026-04-08,00:14:00,,
BALHAM - HORSHAM (2),P26786,2325,stop,2026-04-09,00:14:00,,
BALHAM - HORSHAM (2),P26786,2325,stop,2026-04-07,00:14:00,,
BALHAM - HORSHAM,P26786,2325,stop,2026-04-01,00:11:00,,
BALHAM - HORSHAM,P26786,2325,stop,2026-04-02,00:11:00,,
BALHAM - HORSHAM,P26786,2327,stop,2026-04-15,00:10:00,,
BALHAM - HORSHAM,P26786,2327,stop,2026-04-13,00:10:00,,
BALHAM - HORSHAM,P26786,2327,stop,2026-04-14,00:10:00,,
BALHAM - HORSHAM,P26786,2327,stop,2026-04-16,00:10:00,,
STREATHAM - DORKING (2),P26778,2316,stop,2026-04-18,00:09:00,,
BALHAM - HORSHAM,P26786,2325,stop,2026-04-20,00:09:00,,
BALHAM - HORSHAM,P26786,2325,stop,2026-04-21,00:09:00,,
BALHAM - HORSHAM,P26786,2325,stop,2026-04-06,00:09:00,,
,P62633,15,stop,2026-04-27,00:15:00,,
,P62633,15,stop,2026-04-20,00:15:00,,
,P62633,15,stop,2026-04-13,00:15:00,,
,X02152,2313,stop,2026-04-06,23:13:00,,
,G72111,2313,stop,2026-04-18,23:13:00,,
,X93558,2313,stop,2026-04-03,23:13:00,,
,G72111,2313,stop,2026-04-11,23:13:00,,
,G72111,2313,stop,2026-04-04,23:13:00,,
,G72111,2313,stop,2026-04-25,23:13:00,,
,G71933,2255,stop,2026-04-12,22:55:00,,
,G71933,2255,stop,2026-04-26,22:55:00,,
,G71933,2255,stop,2026-04-19,22:55:00,,
,G71933,2256,stop,2026-04-05,22:56:00,,
,G71930,2229,stop,2026-04-05,22:29:00,,
,G71930,2225,stop,2026-04-19,22:25:00,,
,G71930,2225,stop,2026-04-26,22:25:00,,
,G71930,2225,stop,2026-04-12,22:25:00,,
,G71931,2155,stop,2026-04-12,21:55:00,,
,G71931,2155,stop,2026-04-19,21:55:00,,
,G71931,2155,stop,2026-04-26,21:55:00,,
,G71931,2156,stop,2026-04-05,21:56:00,,
,G71928,2129,stop,2026-04-05,21:29:00,,
,G71928,2125,stop,2026-04-26,21:25:00,,
,G71928,2125,stop,2026-04-12,21:25:00,,
,G71928,2125,stop,2026-04-19,21:25:00,,
,G71926,1907,stop,2026-04-01,19:07:00,,
,G71926,1907,stop,2026-04-09,19:07:00,,
,G71926,1907,stop,2026-04-10,19:07:00,,
,G71926,1907,stop,2026-04-29,19:07:00,,
,G71926,1907,stop,2026-04-23,19:07:00,,
,G71926,1907,stop,2026-04-21,19:07:00,,
,G71926,1907,stop,2026-04-14,19:07:00,,
,G71926,1907,stop,2026-04-20,19:07:00,,
,G71926,1907,stop,2026-04-27,19:07:00,,
,G71926,1907,stop,2026-04-08,19:07:00,,
,G71926,1907,stop,2026-04-06,19:07:00,,
,G71926,1907,stop,2026-04-30,19:07:00,,
,G71926,1907,stop,2026-04-07,19:07:00,,
,G71926,1907,stop,2026-04-03,19:07:00,,
,G71926,1907,stop,2026-04-16,19:07:00,,
,G71926,1907,stop,2026-04-17,19:07:00,,
,G71926,1907,stop,2026-04-24,19:07:00,,
,G71926,1907,stop,2026-04-02,19:07:00,,
,G71926,1907,stop,2026-04-22,19:07:00,,
,G71926,1907,stop,2026-04-15,19:07:00,,
,G71926,1907,stop,2026-04-28,19:07:00,,
,G71926,1907,stop,2026-04-13,19:07:00,,
,W58325,1903,stop,2026-04-09,19:03:00,,
,W58325,1903,stop,2026-04-20,19:03:00,,
,W58325,1903,stop,2026-04-08,19:03:00,,
,W58325,1903,stop,2026-04-13,19:03:00,,
,W58325,1903,stop,2026-04-27,19:03:00,,
,W58325,1903,stop,2026-04-21,19:03:00,,
,W58325,1903,stop,2026-04-14,19:03:00,,
,W58325,1903,stop,2026-04-23,19:03:00,,
,W58325,1903,stop,2026-04-07,19:03:00,,
,W58325,1903,stop,2026-04-01,19:03:00,,
,W58325,1903,stop,2026-04-15,19:03:00,,
,W58325,1903,stop,2026-04-30,19:03:00,,
,W58325,1903,stop,2026-04-24,19:03:00,,
,W58325,1903,stop,2026-04-06,19:03:00,,
,W58325,1903,stop,2026-04-10,19:03:00,,
,W58325,1903,stop,2026-04-22,19:03:00,,
,W58325,1903,stop,2026-04-02,19:03:00,,
,W58325,1903,stop,2026-04-29,19:03:00,,
,W58325,1903,stop,2026-04-03,19:03:00,,
,W58325,1903,stop,2026-04-17,19:03:00,,
,W58325,1903,stop,2026-04-16,19:03:00,,
,W58325,1903,stop,2026-04-28,19:03:00,,
,G71916,736,stop,2026-04-21,07:36:00,,
,G71916,736,stop,2026-04-10,07:36:00,,
,G71916,736,stop,2026-04-24,07:36:00,,
,G71916,736,stop,2026-04-15,07:36:00,,
,G71916,736,stop,2026-04-03,07:36:00,,
,G71916,736,stop,2026-04-23,07:36:00,,
,G71916,736,stop,2026-04-01,07:36:00,,
,G71916,736,stop,2026-04-20,07:36:00,,
,G71916,736,stop,2026-04-17,07:36:00,,
,G71916,736,stop,2026-04-14,07:36:00,,
,G71916,736,stop,2026-04-16,07:36:00,,
,G71916,736,stop,2026-04-08,07:36:00,,
,G71916,736,stop,2026-04-28,07:36:00,,
,G71916,736,stop,2026-04-27,07:36:00,,
,G71916,736,stop,2026-04-22,07:36:00,,
,G71916,736,stop,2026-04-09,07:36:00,,
,G71916,736,stop,2026-04-02,07:36:00,,
,G71916,736,stop,2026-04-13,07:36:00,,
,G71936,2329,stop,2026-04-12,23:29:00,,
,G71936,2329,stop,2026-04-26,23:29:00,,
,G71936,2329,stop,2026-04-19,23:29:00,,
,G71916,736,stop,2026-04-29,07:36:00,,
,G71916,736,stop,2026-04-06,07:36:00,,
,G71916,736,stop,2026-04-30,07:36:00,,
,G71916,736,stop,2026-04-07,07:36:00,,
,G72093,708,stop,2026-04-04,07:08:00,,
,X02149,708,stop,2026-04-06,07:08:00,,
,X96858,708,stop,2026-04-03,07:08:00,,
,G72093,708,stop,2026-04-11,07:08:00,,
,G72093,708,stop,2026-04-18,07:08:00,,
,G72093,708,stop,2026-04-25,07:08:00,,
,W57581,549,pass,2026-04-06,06:48:00,,
,W57581,549,pass,2026-04-20,06:48:00,,
,W57581,549,pass,2026-04-13,06:48:00,,
,G71936,2329,stop,2026-04-05,23:29:00,,
,G71909,643,stop,2026-04-17,06:43:00,,
,G71909,643,stop,2026-04-08,06:43:00,,
,G71909,643,stop,2026-04-30,06:43:00,,
,G71909,643,stop,2026-04-15,06:43:00,,
,G71909,643,stop,2026-04-03,06:43:00,,
,G71909,643,stop,2026-04-09,06:43:00,,
,G71909,643,stop,2026-04-22,06:43:00,,
,G71909,643,stop,2026-04-23,06:43:00,,
,G71909,643,stop,2026-04-07,06:43:00,,
,G71909,643,stop,2026-04-02,06:43:00,,
,G71909,643,stop,2026-04-01,06:43:00,,
,G71909,643,stop,2026-04-20,06:43:00,,
,G71909,643,stop,2026-04-14,06:43:00,,
,G71909,643,stop,2026-04-21,06:43:00,,
,G71909,643,stop,2026-04-10,06:43:00,,
,G71909,643,stop,2026-04-28,06:43:00,,
,G71909,643,stop,2026-04-16,06:43:00,,
,G71909,643,stop,2026-04-06,06:43:00,,
,G71909,643,stop,2026-04-27,06:43:00,,
,G71909,643,stop,2026-04-29,06:43:00,,
,G71909,643,stop,2026-04-13,06:43:00,,
,G71909,643,stop,2026-04-24,06:43:00,,
,G71943,635,stop,2026-04-17,06:35:00,,
,G71943,635,stop,2026-04-22,06:35:00,,
,G71943,635,stop,2026-04-20,06:35:00,,
,G71943,635,stop,2026-04-27,06:35:00,,
,G71943,635,stop,2026-04-06,06:35:00,,
,G71943,635,stop,2026-04-09,06:35:00,,
,G71943,635,stop,2026-04-08,06:35:00,,
,G71943,635,stop,2026-04-10,06:35:00,,
,G71943,635,stop,2026-04-07,06:35:00,,
,L78393,2344,stop,2026-04-12,23:44:00,,
,L78393,2344,stop,2026-04-26,23:44:00,,
,L78393,2344,stop,2026-04-05,23:44:00,,
,L78393,2344,stop,2026-04-19,23:44:00,,
,G71943,635,stop,2026-04-29,06:35:00,,
,G71943,635,stop,2026-04-03,06:35:00,,
,G71943,635,stop,2026-04-13,06:35:00,,
,G71943,635,stop,2026-04-21,06:35:00,,
,G71943,635,stop,2026-04-02,06:35:00,,
,G71943,635,stop,2026-04-14,06:35:00,,
,G71943,635,stop,2026-04-30,06:35:00,,
,G71943,635,stop,2026-04-01,06:35:00,,
,G71943,635,stop,2026-04-24,06:35:00,,
,G71943,635,stop,2026-04-15,06:35:00,,
,G71943,635,stop,2026-04-23,06:35:00,,
,G71943,635,stop,2026-04-16,06:35:00,,
,G71943,635,stop,2026-04-28,06:35:00,,
,G72086,607,stop,2026-04-10,06:07:00,,
,G72086,607,stop,2026-04-08,06:07:00,,
,G72086,607,stop,2026-04-20,06:07:00,,
,G72086,607,stop,2026-04-17,06:07:00,,
,G72086,607,stop,2026-04-21,06:07:00,,
,G72086,607,stop,2026-04-22,06:07:00,,
,G72086,607,stop,2026-04-28,06:07:00,,
,G72086,607,stop,2026-04-24,06:07:00,,
,G72086,607,stop,2026-04-23,06:07:00,,
,G72086,607,stop,2026-04-16,06:07:00,,
,G72086,607,stop,2026-04-29,06:07:00,,
,G72086,607,stop,2026-04-02,06:07:00,,
,G72086,607,stop,2026-04-01,06:07:00,,
,G72086,607,stop,2026-04-27,06:07:00,,
,G72086,607,stop,2026-04-15,06:07:00,,
,X92987,2348,stop,2026-04-03,23:48:00,,
,W58281,2348,stop,2026-04-25,23:48:00,,
,W58281,2348,stop,2026-04-04,23:48:00,,
,W58281,2348,stop,2026-04-11,23:48:00,,
,X27347,2348,stop,2026-04-06,23:48:00,,
,W58281,2348,stop,2026-04-18,23:48:00,,
,G72086,607,stop,2026-04-30,06:07:00,,
,G72086,607,stop,2026-04-06,06:07:00,,
,G72086,607,stop,2026-04-14,06:07:00,,
,G72086,607,stop,2026-04-13,06:07:00,,
,G72086,607,stop,2026-04-07,06:07:00,,
,G72086,607,stop,2026-04-03,06:07:00,,
,G72086,607,stop,2026-04-09,06:07:00,,
,G71305,444,pass,2026-04-24,05:41:00,,
,G71305,444,pass,2026-04-22,05:41:00,,
,G71305,444,pass,2026-04-07,05:41:00,,
,G71305,444,pass,2026-04-13,05:41:00,,
,G71305,444,pass,2026-04-20,05:41:00,,
,G71305,444,pass,2026-04-01,05:41:00,,
,G71305,444,pass,2026-04-29,05:41:00,,
,G71305,444,pass,2026-04-08,05:41:00,,
,G71305,444,pass,2026-04-23,05:41:00,,
,G71305,444,pass,2026-04-30,05:41:00,,
,G71305,444,pass,2026-04-28,05:41:00,,
,G71305,444,pass,2026-04-21,05:41:00,,
,G71305,444,pass,2026-04-10,05:41:00,,
,G71305,444,pass,2026-04-02,05:41:00,,
,G71305,444,pass,2026-04-06,05:41:00,,
,G71305,444,pass,2026-04-09,05:41:00,,
,G71305,444,pass,2026-04-03,05:41:00,,
,X05884,516,stop,2026-04-18,05:16:00,,
,G72084,456,pass,2026-04-13,05:30:00,,
,G71305,427,pass,2026-04-15,05:32:00,,
,G71305,427,pass,2026-04-14,05:32:00,,
,G71305,427,pass,2026-04-16,05:32:00,,
,G71305,427,pass,2026-04-17,05:32:00,,
,G71266,36,stop,2026-04-12,00:36:00,,
,P62633,15,stop,2026-04-06,00:15:00,,
