route_variant,train_uid,origin_departure,stop_type,date,departure_time,train_class,number_of_coaches
GUILDFORD - RAYNES PARK (2),L74327,2345,stop,2026-04-10,00:02:00,,
GUILDFORD - RAYNES PARK (2),L74328,2345,stop,2026-04-04,00:02:00,,
GUILDFORD - RAYNES PARK (2),L74327,2345,stop,2026-04-17,00:02:00,,
GUILDFORD - RAYNES PARK (2),L74327,2345,stop,2026-04-24,00:02:00,,
GUILDFORD - RAYNES PARK (2),L74328,2345,stop,2026-04-25,00:02:00,,
GUILDFORD - RAYNES PARK (2),L74327,2345,stop,2026-04-03,00:02:00,,
GUILDFORD - RAYNES PARK (2),Q38163,2345,stop,2026-04-03,00:02:00,,
GUILDFORD - RAYNES PARK (2),L74328,2345,stop,2026-04-11,00:02:00,,
GUILDFORD - RAYNES PARK (2),L74328,2345,stop,2026-04-18,00:02:00,,
EARLSFIELD - GUILDFORD,P61747,2303,stop,2026-04-16,00:03:00,,
EARLSFIELD - GUILDFORD,P61747,2303,stop,2026-04-15,00:03:00,,
EARLSFIELD - GUILDFORD,P61747,2303,stop,2026-04-14,00:03:00,,
EARLSFIELD - GUILDFORD,P61747,2303,stop,2026-04-13,00:03:00,,
EARLSFIELD - GUILDFORD,P61747,2303,stop,2026-04-30,00:03:00,,
EARLSFIELD - GUILDFORD,P61747,2303,stop,2026-04-02,00:03:00,,
EARLSFIELD - GUILDFORD,P61747,2303,stop,2026-04-03,00:03:00,,
EARLSFIELD - GUILDFORD,Q38189,2303,stop,2026-04-03,00:03:00,,
EARLSFIELD - GUILDFORD,P61748,2303,stop,2026-04-11,00:03:00,,
EARLSFIELD - GUILDFORD,P61747,2303,stop,2026-04-10,00:03:00,,
EARLSFIELD - GUILDFORD,P61747,2303,stop,2026-04-09,00:03:00,,
EARLSFIELD - GUILDFORD,P61748,2303,stop,2026-04-04,00:03:00,,
EARLSFIELD - GUILDFORD,P61747,2303,stop,2026-04-06,00:03:00,,
EARLSFIELD - GUILDFORD,Q48134,2303,stop,2026-04-06,00:03:00,,
EARLSFIELD - GUILDFORD,P61747,2303,stop,2026-04-01,00:03:00,,
EARLSFIELD - GUILDFORD,P61747,2303,stop,2026-04-07,00:03:00,,
EARLSFIELD - GUILDFORD,P61747,2303,stop,2026-04-17,00:03:00,,
EARLSFIELD - GUILDFORD,P61747,2303,stop,2026-04-08,00:03:00,,
EARLSFIELD - GUILDFORD,P61747,2303,stop,2026-04-23,00:03:00,,
EARLSFIELD - GUILDFORD,P61747,2303,stop,2026-04-22,00:03:00,,
EARLSFIELD - GUILDFORD,P61748,2303,stop,2026-04-25,00:03:00,,
EARLSFIELD - GUILDFORD,P61748,2303,stop,2026-04-18,00:03:00,,
EARLSFIELD - GUILDFORD,P61749,2306,stop,2026-04-26,00:03:00,,
EARLSFIELD - GUILDFORD,P61747,2303,stop,2026-04-21,00:03:00,,
EARLSFIELD - GUILDFORD,P61747,2303,stop,2026-04-27,00:03:00,,
EARLSFIELD - GUILDFORD,P61749,2306,stop,2026-04-19,00:03:00,,
EARLSFIELD - GUILDFORD,P61747,2303,stop,2026-04-28,00:03:00,,
EARLSFIELD - GUILDFORD,P61747,2303,stop,2026-04-29,00:03:00,,
EARLSFIELD - GUILDFORD,P61747,2303,stop,2026-04-20,00:03:00,,
EARLSFIELD - GUILDFORD,P61747,2303,stop,2026-04-24,00:03:00,,
EARLSFIELD - GUILDFORD,P61749,2306,stop,2026-04-12,00:04:00,,
GUILDFORD - RAYNES PARK,L74327,2345,stop,2026-04-10,00:05:00,,
GUILDFORD - RAYNES PARK,L74328,2345,stop,2026-04-11,00:05:00,,
GUILDFORD - RAYNES PARK,L74328,2345,stop,2026-04-04,00:05:00,,
GUILDFORD - RAYNES PARK,L74327,2345,stop,2026-04-24,00:05:00,,
GUILDFORD - RAYNES PARK,L74327,2345,stop,2026-04-17,00:05:00,,
GUILDFORD - RAYNES PARK,L74328,2345,stop,2026-04-18,00:05:00,,
GUILDFORD - RAYNES PARK,Q38163,2345,stop,2026-04-03,00:05:00,,
GUILDFORD - RAYNES PARK,L74327,2345,stop,2026-04-03,00:05:00,,
GUILDFORD - RAYNES PARK,L74328,2345,stop,2026-04-25,00:05:00,,
EARLSFIELD - GUILDFORD,L74840,2333,stop,2026-04-24,00:15:00,,
EARLSFIELD - GUILDFORD,L74840,2333,stop,2026-04-17,00:15:00,,
EARLSFIELD - GUILDFORD,L74840,2333,stop,2026-04-03,00:15:00,,
EARLSFIELD - GUILDFORD,L74840,2333,stop,2026-04-10,00:15:00,,
EARLSFIELD - GUILDFORD,Q38173,2333,stop,2026-04-03,00:19:00,,
EARLSFIELD - GUILDFORD,L74841,2333,stop,2026-04-04,00:19:00,,
EARLSFIELD - GUILDFORD,L74841,2333,stop,2026-04-18,00:19:00,,
EARLSFIELD - GUILDFORD,L74841,2333,stop,2026-04-11,00:19:00,,
EARLSFIELD - GUILDFORD,L74841,2333,stop,2026-04-25,00:19:00,,
GUILDFORD - GUILDFORD (2),Q88581,0013,pass,2026-04-03,00:25:00,,
WEYMOUTH - GUILDFORD (3),P61500,2058,pass,2026-04-26,00:27:00,,
EARLSFIELD - GUILDFORD,L74846,2350,stop,2026-04-27,00:32:00,,
EARLSFIELD - GUILDFORD (2),P61636,2342,stop,2026-04-06,00:32:00,,
EARLSFIELD - GUILDFORD (2),P61636,2342,stop,2026-04-16,00:32:00,,
EARLSFIELD - GUILDFORD (2),P61636,2342,stop,2026-04-15,00:32:00,,
EARLSFIELD - GUILDFORD (2),P61636,2342,stop,2026-04-09,00:32:00,,
EARLSFIELD - GUILDFORD (2),P61636,2342,stop,2026-04-13,00:32:00,,
EARLSFIELD - GUILDFORD (2),P61636,2342,stop,2026-04-08,00:32:00,,
EARLSFIELD - GUILDFORD (2),Q48051,2342,stop,2026-04-06,00:32:00,,
EARLSFIELD - GUILDFORD,L74846,2350,stop,2026-04-28,00:32:00,,
EARLSFIELD - GUILDFORD,L74846,2350,stop,2026-04-30,00:32:00,,
EARLSFIELD - GUILDFORD (2),P61636,2342,stop,2026-04-07,00:32:00,,
EARLSFIELD - GUILDFORD (2),P61636,2342,stop,2026-04-14,00:32:00,,
EARLSFIELD - GUILDFORD,L74846,2350,stop,2026-04-29,00:32:00,,
EARLSFIELD - GUILDFORD,Q48039,2350,stop,2026-04-06,00:32:00,,
EARLSFIELD - GUILDFORD (2),P61636,2342,stop,2026-04-21,00:32:00,,
EARLSFIELD - GUILDFORD,L74846,2350,stop,2026-04-07,00:32:00,,
EARLSFIELD - GUILDFORD,L74846,2350,stop,2026-04-08,00:32:00,,
EARLSFIELD - GUILDFORD,L74846,2350,stop,2026-04-09,00:32:00,,
EARLSFIELD - GUILDFORD,L74846,2350,stop,2026-04-13,00:32:00,,
EARLSFIELD - GUILDFORD,L74846,2350,stop,2026-04-14,00:32:00,,
EARLSFIELD - GUILDFORD,L74846,2350,stop,2026-04-02,00:32:00,,
EARLSFIELD - GUILDFORD,L74846,2350,stop,2026-04-15,00:32:00,,
EARLSFIELD - GUILDFORD,L74846,2350,stop,2026-04-01,00:32:00,,
EARLSFIELD - GUILDFORD,L74846,2350,stop,2026-04-16,00:32:00,,
EARLSFIELD - GUILDFORD (2),P61636,2342,stop,2026-04-30,00:32:00,,
EARLSFIELD - GUILDFORD (2),P61636,2342,stop,2026-04-29,00:32:00,,
EARLSFIELD - GUILDFORD (2),P61636,2342,stop,2026-04-28,00:32:00,,
EARLSFIELD - GUILDFORD (2),P61636,2342,stop,2026-04-27,00:32:00,,
EARLSFIELD - GUILDFORD,L74846,2350,stop,2026-04-20,00:32:00,,
EARLSFIELD - GUILDFORD,L74846,2350,stop,2026-04-21,00:32:00,,
EARLSFIELD - GUILDFORD (2),P61636,2342,stop,2026-04-23,00:32:00,,
EARLSFIELD - GUILDFORD,L74846,2350,stop,2026-04-22,00:32:00,,
EARLSFIELD - GUILDFORD,L74846,2350,stop,2026-04-06,00:32:00,,
EARLSFIELD - GUILDFORD (2),P61636,2342,stop,2026-04-22,00:32:00,,
EARLSFIELD - GUILDFORD (2),P61636,2342,stop,2026-04-20,00:32:00,,
EARLSFIELD - GUILDFORD,L74846,2350,stop,2026-04-23,00:32:00,,
EARLSFIELD - GUILDFORD (2),P61636,2342,stop,2026-04-01,00:32:00,,
EARLSFIELD - GUILDFORD (2),P61636,2342,stop,2026-04-02,00:32:00,,
EARLSFIELD - GUILDFORD (3),P61636,2342,stop,2026-04-27,00:36:00,,
EARLSFIELD - GUILDFORD (3),P61636,2342,stop,2026-04-22,00:36:00,,
EARLSFIELD - GUILDFORD (3),P61636,2342,stop,2026-04-08,00:36:00,,
EARLSFIELD - GUILDFORD (3),P61636,2342,stop,2026-04-07,00:36:00,,
EARLSFIELD - GUILDFORD (3),P61636,2342,stop,2026-04-29,00:36:00,,
EARLSFIELD - GUILDFORD (3),P61636,2342,stop,2026-04-06,00:36:00,,
EARLSFIELD - GUILDFORD (3),P61636,2342,stop,2026-04-14,00:36:00,,
EARLSFIELD - GUILDFORD (3),P61636,2342,stop,2026-04-02,00:36:00,,
EARLSFIELD - GUILDFORD (3),Q48051,2342,stop,2026-04-06,00:36:00,,
EARLSFIELD - GUILDFORD (3),P61636,2342,stop,2026-04-30,00:36:00,,
EARLSFIELD - GUILDFORD (3),P61636,2342,stop,2026-04-01,00:36:00,,
EARLSFIELD - GUILDFORD (3),P61636,2342,stop,2026-04-15,00:36:00,,
EARLSFIELD - GUILDFORD (3),P61636,2342,stop,2026-04-28,00:36:00,,
EARLSFIELD - GUILDFORD (3),P61636,2342,stop,2026-04-16,00:36:00,,
EARLSFIELD - GUILDFORD (3),P61636,2342,stop,2026-04-13,00:36:00,,
EARLSFIELD - GUILDFORD (3),P61636,2342,stop,2026-04-09,00:36:00,,
EARLSFIELD - GUILDFORD (3),P61636,2342,stop,2026-04-23,00:36:00,,
EARLSFIELD - GUILDFORD (3),P61636,2342,stop,2026-04-21,00:36:00,,
EARLSFIELD - GUILDFORD (3),P61636,2342,stop,2026-04-20,00:36:00,,
GUILDFORD - GUILDFORD (2),P02615,0028,pass,2026-04-05,00:40:00,,
GUILDFORD - GUILDFORD (2),P02615,0028,pass,2026-04-12,00:40:00,,
GUILDFORD - GUILDFORD (2),P02615,0028,pass,2026-04-26,00:40:00,,
GUILDFORD - GUILDFORD (2),P02615,0028,pass,2026-04-19,00:40:00,,
GUILDFORD - GUILDFORD (2),Q48015,0028,pass,2026-04-07,00:40:00,,
GUILDFORD - GUILDFORD (2),Q44756,0028,pass,2026-04-04,00:40:00,,
EARLSFIELD - GUILDFORD (2),P61637,2353,stop,2026-04-03,00:41:00,,
EARLSFIELD - GUILDFORD (2),P61637,2353,stop,2026-04-24,00:41:00,,
EARLSFIELD - GUILDFORD (2),P61638,2353,stop,2026-04-11,00:41:00,,
EARLSFIELD - GUILDFORD (2),P61638,2353,stop,2026-04-18,00:41:00,,
EARLSFIELD - GUILDFORD (2),P61638,2353,stop,2026-04-04,00:41:00,,
EARLSFIELD - GUILDFORD (2),P61637,2353,stop,2026-04-17,00:41:00,,
EARLSFIELD - GUILDFORD (2),P61637,2353,stop,2026-04-10,00:41:00,,
GUILDFORD - SOUTHAMPTON CENTRAL,L72832,0010,pass,2026-04-27,00:41:00,,
EARLSFIELD - GUILDFORD (2),Q88875,2353,stop,2026-04-03,00:41:00,,
EARLSFIELD - GUILDFORD (2),P61638,2353,stop,2026-04-25,00:41:00,,
EARLSFIELD - GUILDFORD (3),P61637,2353,stop,2026-04-24,00:44:00,,
EARLSFIELD - GUILDFORD (3),P61637,2353,stop,2026-04-10,00:44:00,,
EARLSFIELD - GUILDFORD (3),P61638,2353,stop,2026-04-25,00:44:00,,
EARLSFIELD - GUILDFORD (3),P61638,2353,stop,2026-04-04,00:44:00,,
EARLSFIELD - GUILDFORD (3),P61637,2353,stop,2026-04-17,00:44:00,,
EARLSFIELD - GUILDFORD (3),P61638,2353,stop,2026-04-18,00:44:00,,
EARLSFIELD - GUILDFORD (3),Q88875,2353,stop,2026-04-03,00:44:00,,
EARLSFIELD - GUILDFORD (3),P61637,2353,stop,2026-04-03,00:44:00,,
EARLSFIELD - GUILDFORD (3),P61638,2353,stop,2026-04-11,00:44:00,,
EARLSFIELD - GUILDFORD,P61754,0003,stop,2026-04-11,00:48:00,,
EARLSFIELD - GUILDFORD,P61754,0003,stop,2026-04-18,00:48:00,,
EARLSFIELD - GUILDFORD,P61754,0003,stop,2026-04-04,00:48:00,,
EARLSFIELD - GUILDFORD,P61755,0003,stop,2026-04-05,00:48:00,,
EARLSFIELD - GUILDFORD (4),L74849,0001,stop,2026-04-13,00:48:00,,
EARLSFIELD - GUILDFORD,P61755,0003,stop,2026-04-12,00:48:00,,
EARLSFIELD - GUILDFORD,P61755,0003,stop,2026-04-19,00:48:00,,
EARLSFIELD - GUILDFORD (4),L74849,0001,stop,2026-04-06,00:48:00,,
EARLSFIELD - GUILDFORD,P61754,0003,stop,2026-04-25,00:48:00,,
EARLSFIELD - GUILDFORD,P61755,0003,stop,2026-04-26,00:48:00,,
EARLSFIELD - GUILDFORD (4),L74849,0001,stop,2026-04-20,00:48:00,,
EARLSFIELD - GUILDFORD,Q45534,0003,stop,2026-04-04,00:48:00,,
EARLSFIELD - GUILDFORD (4),L74849,0001,stop,2026-04-27,00:51:00,,
LEATHERHEAD - GUILDFORD,Q61096,0114,pass,2026-04-19,01:21:00,,
GUILDFORD - GUILDFORD (2),Q64493,0110,pass,2026-04-27,01:21:00,,
GUILDFORD - SURBITON,Q51926,0414,pass,2026-04-08,04:44:00,,
GUILDFORD - SURBITON,Q51926,0414,pass,2026-04-09,04:44:00,,
GUILDFORD - SURBITON,Q51926,0414,pass,2026-04-10,04:44:00,,
GUILDFORD - EARLSFIELD,P61576,0458,stop,2026-04-28,05:02:00,,
GUILDFORD - EARLSFIELD,P61576,0458,stop,2026-04-29,05:02:00,,
GUILDFORD - EARLSFIELD,P61576,0458,stop,2026-04-09,05:02:00,,
GUILDFORD - EARLSFIELD,P61576,0458,stop,2026-04-21,05:02:00,,
GUILDFORD - EARLSFIELD,P61576,0458,stop,2026-04-30,05:02:00,,
GUILDFORD - EARLSFIELD,P61576,0458,stop,2026-04-07,05:02:00,,
GUILDFORD - EARLSFIELD,P61576,0458,stop,2026-04-14,05:02:00,,
GUILDFORD - EARLSFIELD,P61576,0458,stop,2026-04-16,05:02:00,,
GUILDFORD - EARLSFIELD,P61576,0458,stop,2026-04-24,05:02:00,,
GUILDFORD - EARLSFIELD,P61576,0458,stop,2026-04-17,05:02:00,,
GUILDFORD - EARLSFIELD,P61576,0458,stop,2026-04-10,05:02:00,,
GUILDFORD - EARLSFIELD,P61576,0458,stop,2026-04-06,05:02:00,,
GUILDFORD - EARLSFIELD,P61576,0458,stop,2026-04-08,05:02:00,,
GUILDFORD - EARLSFIELD,P61576,0458,stop,2026-04-22,05:02:00,,
GUILDFORD - EARLSFIELD,P61576,0458,stop,2026-04-13,05:02:00,,
GUILDFORD - EARLSFIELD,P61576,0458,stop,2026-04-23,05:02:00,,
GUILDFORD - EARLSFIELD,P61576,0458,stop,2026-04-27,05:02:00,,
GUILDFORD - EARLSFIELD,P61576,0458,stop,2026-04-01,05:02:00,,
GUILDFORD - EARLSFIELD,P61576,0458,stop,2026-04-15,05:02:00,,
GUILDFORD - EARLSFIELD,P61576,0458,stop,2026-04-20,05:02:00,,
GUILDFORD - EARLSFIELD,P61576,0458,stop,2026-04-03,05:02:00,,
GUILDFORD - EARLSFIELD,P61576,0458,stop,2026-04-02,05:02:00,,
GUILDFORD - EARLSFIELD,P61576,458,stop,2026-04-23,05:20:00,,
GUILDFORD - EARLSFIELD,P61576,458,stop,2026-04-01,05:20:00,,
GUILDFORD - EARLSFIELD,P61576,458,stop,2026-04-30,05:20:00,,
GUILDFORD - EARLSFIELD,P61576,458,stop,2026-04-24,05:20:00,,
GUILDFORD - EARLSFIELD,P61576,458,stop,2026-04-21,05:20:00,,
GUILDFORD - EARLSFIELD,P61576,458,stop,2026-04-06,05:20:00,,
GUILDFORD - EARLSFIELD,P61576,458,stop,2026-04-20,05:20:00,,
GUILDFORD - EARLSFIELD,P61576,458,stop,2026-04-13,05:20:00,,
GUILDFORD - EARLSFIELD,P61576,458,stop,2026-04-03,05:20:00,,
GUILDFORD - EARLSFIELD,P61576,458,stop,2026-04-22,05:20:00,,
GUILDFORD - EARLSFIELD,P61576,458,stop,2026-04-28,05:20:00,,
GUILDFORD - EARLSFIELD,P61576,458,stop,2026-04-15,05:20:00,,
GUILDFORD - EARLSFIELD,P61576,458,stop,2026-04-07,05:20:00,,
GUILDFORD - EARLSFIELD,P61576,458,stop,2026-04-16,05:20:00,,
GUILDFORD - EARLSFIELD,P61576,458,stop,2026-04-02,05:20:00,,
GUILDFORD - EARLSFIELD,P61576,458,stop,2026-04-10,05:20:00,,
GUILDFORD - EARLSFIELD,P61576,458,stop,2026-04-14,05:20:00,,
GUILDFORD - EARLSFIELD,P61576,458,stop,2026-04-09,05:20:00,,
GUILDFORD - EARLSFIELD,P61576,458,stop,2026-04-08,05:20:00,,
GUILDFORD - EARLSFIELD,P61576,458,stop,2026-04-27,05:20:00,,
GUILDFORD - EARLSFIELD,P61576,458,stop,2026-04-17,05:20:00,,
GUILDFORD - EARLSFIELD,P61576,458,stop,2026-04-29,05:20:00,,
GUILDFORD - EARLSFIELD,L74210,0525,stop,2026-04-15,05:29:00,,
GUILDFORD - EARLSFIELD,L74210,0525,stop,2026-04-01,05:29:00,,
GUILDFORD - EARLSFIELD,L74210,0525,stop,2026-04-24,05:29:00,,
GUILDFORD - EARLSFIELD,L74210,0525,stop,2026-04-06,05:29:00,,
GUILDFORD - EARLSFIELD,L74210,0525,stop,2026-04-02,05:29:00,,
GUILDFORD - EARLSFIELD,L74210,0525,stop,2026-04-10,05:29:00,,
GUILDFORD - EARLSFIELD,L74210,0525,stop,2026-04-20,05:29:00,,
GUILDFORD - EARLSFIELD,L74210,0525,stop,2026-04-13,05:29:00,,
GUILDFORD - EARLSFIELD,L74210,0525,stop,2026-04-14,05:29:00,,
GUILDFORD - EARLSFIELD,L74210,0525,stop,2026-04-27,05:29:00,,
GUILDFORD - EARLSFIELD,L74210,0525,stop,2026-04-09,05:29:00,,
GUILDFORD - EARLSFIELD,L74210,0525,stop,2026-04-22,05:29:00,,
GUILDFORD - EARLSFIELD,L74210,0525,stop,2026-04-08,05:29:00,,
GUILDFORD - EARLSFIELD,L74210,0525,stop,2026-04-03,05:29:00,,
GUILDFORD - EARLSFIELD,L74210,0525,stop,2026-04-07,05:29:00,,
GUILDFORD - EARLSFIELD,L74210,0525,stop,2026-04-28,05:29:00,,
GUILDFORD - EARLSFIELD,L74210,0525,stop,2026-04-17,05:29:00,,
GUILDFORD - EARLSFIELD,L74210,0525,stop,2026-04-21,05:29:00,,
GUILDFORD - EARLSFIELD,L74210,0525,stop,2026-04-23,05:29:00,,
GUILDFORD - EARLSFIELD,L74210,0525,stop,2026-04-30,05:29:00,,
GUILDFORD - EARLSFIELD,L74210,0525,stop,2026-04-16,05:29:00,,
GUILDFORD - EARLSFIELD,L74210,0525,stop,2026-04-29,05:29:00,,
GUILDFORD - EARLSFIELD (2),L74675,0537,stop,2026-04-24,05:41:00,,
GUILDFORD - EARLSFIELD (2),L74675,0537,stop,2026-04-13,05:41:00,,
GUILDFORD - EARLSFIELD (2),L74675,0537,stop,2026-04-20,05:41:00,,
GUILDFORD - EARLSFIELD (2),L74675,0537,stop,2026-04-07,05:41:00,,
GUILDFORD - EARLSFIELD (2),L74675,0537,stop,2026-04-01,05:41:00,,
GUILDFORD - EARLSFIELD (2),L74675,0537,stop,2026-04-23,05:41:00,,
GUILDFORD - EARLSFIELD (2),L74675,0537,stop,2026-04-30,05:41:00,,
GUILDFORD - EARLSFIELD (2),L74675,0537,stop,2026-04-28,05:41:00,,
GUILDFORD - EARLSFIELD (2),L74675,0537,stop,2026-04-21,05:41:00,,
GUILDFORD - EARLSFIELD (2),L74675,0537,stop,2026-04-22,05:41:00,,
GUILDFORD - EARLSFIELD (2),L74675,0537,stop,2026-04-27,05:41:00,,
GUILDFORD - EARLSFIELD (2),L74675,0537,stop,2026-04-08,05:41:00,,
GUILDFORD - EARLSFIELD (2),L74675,0537,stop,2026-04-10,05:41:00,,
GUILDFORD - EARLSFIELD (2),L74675,0537,stop,2026-04-02,05:41:00,,
GUILDFORD - EARLSFIELD (2),L74675,0537,stop,2026-04-16,05:41:00,,
GUILDFORD - EARLSFIELD (2),L74675,0537,stop,2026-04-14,05:41:00,,
GUILDFORD - EARLSFIELD (2),L74675,0537,stop,2026-04-06,05:41:00,,
GUILDFORD - EARLSFIELD (2),L74675,0537,stop,2026-04-17,05:41:00,,
GUILDFORD - EARLSFIELD (2),L74675,0537,stop,2026-04-29,05:41:00,,
GUILDFORD - EARLSFIELD (2),L74675,0537,stop,2026-04-15,05:41:00,,
GUILDFORD - EARLSFIELD (2),L74675,0537,stop,2026-04-09,05:41:00,,
GUILDFORD - EARLSFIELD (2),L74675,0537,stop,2026-04-03,05:41:00,,
GUILDFORD - EARLSFIELD,L74210,525,stop,2026-04-07,05:45:00,,
GUILDFORD - EARLSFIELD,L74210,525,stop,2026-04-21,05:45:00,,
GUILDFORD - EARLSFIELD,L74210,525,stop,2026-04-28,05:45:00,,
GUILDFORD - EARLSFIELD,L74210,525,stop,2026-04-22,05:45:00,,
GUILDFORD - EARLSFIELD,L74210,525,stop,2026-04-29,05:45:00,,
GUILDFORD - EARLSFIELD,L74210,525,stop,2026-04-03,05:45:00,,
GUILDFORD - EARLSFIELD,L74210,525,stop,2026-04-08,05:45:00,,
GUILDFORD - EARLSFIELD,L74210,525,stop,2026-04-02,05:45:00,,
GUILDFORD - EARLSFIELD,L74210,525,stop,2026-04-10,05:45:00,,
GUILDFORD - EARLSFIELD,L74210,525,stop,2026-04-20,05:45:00,,
GUILDFORD - EARLSFIELD,L74210,525,stop,2026-04-13,05:45:00,,
GUILDFORD - EARLSFIELD,L74210,525,stop,2026-04-30,05:45:00,,
GUILDFORD - EARLSFIELD,L74210,525,stop,2026-04-15,05:45:00,,
GUILDFORD - EARLSFIELD,L74210,525,stop,2026-04-01,05:45:00,,
GUILDFORD - EARLSFIELD,L74210,525,stop,2026-04-27,05:45:00,,
GUILDFORD - EARLSFIELD,L74210,525,stop,2026-04-16,05:45:00,,
GUILDFORD - EARLSFIELD,L74210,525,stop,2026-04-09,05:45:00,,
GUILDFORD - EARLSFIELD,L74210,525,stop,2026-04-23,05:45:00,,
GUILDFORD - EARLSFIELD,L74210,525,stop,2026-04-17,05:45:00,,
GUILDFORD - EARLSFIELD,L74210,525,stop,2026-04-14,05:45:00,,
GUILDFORD - EARLSFIELD,L74210,525,stop,2026-04-24,05:45:00,,
GUILDFORD - EARLSFIELD,L74210,525,stop,2026-04-06,05:45:00,,
GUILDFORD - GUILDFORD,L77241,0505,pass,2026-04-01,05:46:00,,
GUILDFORD - GUILDFORD,L77241,0505,pass,2026-04-02,05:46:00,,
GUILDFORD - EARLSFIELD (2),L74679,0604,stop,2026-04-21,06:08:00,,
GUILDFORD - EARLSFIELD (2),L74679,0604,stop,2026-04-22,06:08:00,,
GUILDFORD - EARLSFIELD (2),L74679,0604,stop,2026-04-27,06:08:00,,
GUILDFORD - EARLSFIELD (2),L74679,0604,stop,2026-04-10,06:08:00,,
GUILDFORD - EARLSFIELD (2),L74679,0604,stop,2026-04-03,06:08:00,,
GUILDFORD - EARLSFIELD (2),L74679,0604,stop,2026-04-16,06:08:00,,
GUILDFORD - EARLSFIELD (2),L74679,0604,stop,2026-04-02,06:08:00,,
GUILDFORD - EARLSFIELD (2),L74679,0604,stop,2026-04-08,06:08:00,,
GUILDFORD - EARLSFIELD (2),L74679,0604,stop,2026-04-30,06:08:00,,
GUILDFORD - EARLSFIELD (2),L74679,0604,stop,2026-04-28,06:08:00,,
GUILDFORD - EARLSFIELD (2),L74679,0604,stop,2026-04-01,06:08:00,,
GUILDFORD - EARLSFIELD (2),L74679,0604,stop,2026-04-07,06:08:00,,
GUILDFORD - EARLSFIELD (2),L74679,0604,stop,2026-04-06,06:08:00,,
GUILDFORD - EARLSFIELD (2),L74679,0604,stop,2026-04-13,06:08:00,,
GUILDFORD - EARLSFIELD (2),L74679,0604,stop,2026-04-20,06:08:00,,
GUILDFORD - EARLSFIELD (2),L74679,0604,stop,2026-04-24,06:08:00,,
GUILDFORD - EARLSFIELD (2),L74679,0604,stop,2026-04-29,06:08:00,,
GUILDFORD - EARLSFIELD (2),L74679,0604,stop,2026-04-15,06:08:00,,
GUILDFORD - EARLSFIELD (2),L74679,0604,stop,2026-04-09,06:08:00,,
GUILDFORD - EARLSFIELD (2),L74679,0604,stop,2026-04-14,06:08:00,,
GUILDFORD - EARLSFIELD (2),L74679,0604,stop,2026-04-23,06:08:00,,
GUILDFORD - EARLSFIELD (2),L74679,0604,stop,2026-04-17,06:08:00,,
SURBITON - GUILDFORD,L74671,0549,stop,2026-04-15,06:15:00,,
SURBITON - GUILDFORD,L74671,0549,stop,2026-04-23,06:15:00,,
SURBITON - GUILDFORD,L74671,0549,stop,2026-04-01,06:15:00,,
SURBITON - GUILDFORD,L74671,0549,stop,2026-04-27,06:15:00,,
SURBITON - GUILDFORD,L74671,0549,stop,2026-04-14,06:15:00,,
SURBITON - GUILDFORD,L74671,0549,stop,2026-04-22,06:15:00,,
SURBITON - GUILDFORD,L74671,0549,stop,2026-04-28,06:15:00,,
SURBITON - GUILDFORD,L74671,0549,stop,2026-04-02,06:15:00,,
SURBITON - GUILDFORD,L74671,0549,stop,2026-04-21,06:15:00,,
SURBITON - GUILDFORD,L74671,0549,stop,2026-04-13,06:15:00,,
SURBITON - GUILDFORD,L74671,0549,stop,2026-04-06,06:15:00,,
SURBITON - GUILDFORD,L74671,0549,stop,2026-04-09,06:15:00,,
SURBITON - GUILDFORD,L74671,0549,stop,2026-04-10,06:15:00,,
SURBITON - GUILDFORD,L74671,0549,stop,2026-04-08,06:15:00,,
SURBITON - GUILDFORD,L74671,0549,stop,2026-04-30,06:15:00,,
SURBITON - GUILDFORD,L74671,0549,stop,2026-04-17,06:15:00,,
SURBITON - GUILDFORD,L74671,0549,stop,2026-04-07,06:15:00,,
SURBITON - GUILDFORD,L74671,0549,stop,2026-04-24,06:15:00,,
SURBITON - GUILDFORD,L74671,0549,stop,2026-04-03,06:15:00,,
SURBITON - GUILDFORD,L74671,0549,stop,2026-04-16,06:15:00,,
SURBITON - GUILDFORD,L74671,0549,stop,2026-04-29,06:15:00,,
SURBITON - GUILDFORD,L74671,0549,stop,2026-04-20,06:15:00,,
EARLSFIELD - GUILDFORD,P61574,539,stop,2026-04-27,06:27:00,,
EARLSFIELD - GUILDFORD,P61574,539,stop,2026-04-24,06:27:00,,
EARLSFIELD - GUILDFORD,P61574,539,stop,2026-04-03,06:27:00,,
EARLSFIELD - GUILDFORD,P61574,539,stop,2026-04-13,06:27:00,,
EARLSFIELD - GUILDFORD,P61574,539,stop,2026-04-20,06:27:00,,
EARLSFIELD - GUILDFORD,P61574,539,stop,2026-04-09,06:27:00,,
EARLSFIELD - GUILDFORD,P61574,539,stop,2026-04-17,06:27:00,,
EARLSFIELD - GUILDFORD,P61574,539,stop,2026-04-16,06:27:00,,
EARLSFIELD - GUILDFORD,P61574,539,stop,2026-04-07,06:27:00,,
EARLSFIELD - GUILDFORD,P61574,539,stop,2026-04-14,06:27:00,,
EARLSFIELD - GUILDFORD,P61574,539,stop,2026-04-21,06:27:00,,
EARLSFIELD - GUILDFORD,P61574,539,stop,2026-04-30,06:27:00,,
EARLSFIELD - GUILDFORD,P61574,539,stop,2026-04-23,06:27:00,,
EARLSFIELD - GUILDFORD,P61574,539,stop,2026-04-01,06:27:00,,
EARLSFIELD - GUILDFORD,P61574,539,stop,2026-04-28,06:27:00,,
EARLSFIELD - GUILDFORD,P61574,539,stop,2026-04-02,06:27:00,,
EARLSFIELD - GUILDFORD,P61574,539,stop,2026-04-06,06:27:00,,
EARLSFIELD - GUILDFORD,P61574,539,stop,2026-04-22,06:27:00,,
EARLSFIELD - GUILDFORD,P61574,539,stop,2026-04-29,06:27:00,,
EARLSFIELD - GUILDFORD,P61574,539,stop,2026-04-10,06:27:00,,
EARLSFIELD - GUILDFORD,P61574,539,stop,2026-04-15,06:27:00,,
EARLSFIELD - GUILDFORD,P61574,539,stop,2026-04-08,06:27:00,,
EARLSFIELD - GUILDFORD (2),P61574,0539,stop,2026-04-14,06:31:00,,
EARLSFIELD - GUILDFORD (2),P61574,0539,stop,2026-04-13,06:31:00,,
EARLSFIELD - GUILDFORD (2),P61574,0539,stop,2026-04-22,06:31:00,,
EARLSFIELD - GUILDFORD (2),P61574,0539,stop,2026-04-02,06:31:00,,
EARLSFIELD - GUILDFORD (2),P61574,0539,stop,2026-04-15,06:31:00,,
EARLSFIELD - GUILDFORD (2),P61574,0539,stop,2026-04-17,06:31:00,,
EARLSFIELD - GUILDFORD (2),P61574,0539,stop,2026-04-08,06:31:00,,
EARLSFIELD - GUILDFORD (2),P61574,0539,stop,2026-04-27,06:31:00,,
EARLSFIELD - GUILDFORD (2),P61574,0539,stop,2026-04-10,06:31:00,,
EARLSFIELD - GUILDFORD (2),P61574,0539,stop,2026-04-16,06:31:00,,
EARLSFIELD - GUILDFORD (2),P61574,0539,stop,2026-04-01,06:31:00,,
EARLSFIELD - GUILDFORD (2),P61574,0539,stop,2026-04-23,06:31:00,,
EARLSFIELD - GUILDFORD (2),P61574,0539,stop,2026-04-06,06:31:00,,
EARLSFIELD - GUILDFORD (2),P61574,0539,stop,2026-04-07,06:31:00,,
EARLSFIELD - GUILDFORD (2),P61574,0539,stop,2026-04-30,06:31:00,,
EARLSFIELD - GUILDFORD (2),P61574,0539,stop,2026-04-28,06:31:00,,
EARLSFIELD - GUILDFORD (2),P61574,0539,stop,2026-04-24,06:31:00,,
EARLSFIELD - GUILDFORD (2),P61574,0539,stop,2026-04-20,06:31:00,,
EARLSFIELD - GUILDFORD (2),P61574,0539,stop,2026-04-09,06:31:00,,
EARLSFIELD - GUILDFORD (2),P61574,0539,stop,2026-04-03,06:31:00,,
EARLSFIELD - GUILDFORD (2),P61574,0539,stop,2026-04-21,06:31:00,,
EARLSFIELD - GUILDFORD (2),P61574,0539,stop,2026-04-29,06:31:00,,
GUILDFORD - EARLSFIELD,L74219,0628,stop,2026-04-10,06:32:00,,
GUILDFORD - EARLSFIELD,L74219,0628,stop,2026-04-27,06:32:00,,
GUILDFORD - EARLSFIELD,L74219,0628,stop,2026-04-24,06:32:00,,
GUILDFORD - EARLSFIELD,L74219,0628,stop,2026-04-29,06:32:00,,
GUILDFORD - EARLSFIELD,L74219,0628,stop,2026-04-20,06:32:00,,
GUILDFORD - EARLSFIELD,L74219,0628,stop,2026-04-06,06:32:00,,
GUILDFORD - EARLSFIELD,L74219,0628,stop,2026-04-03,06:32:00,,
GUILDFORD - EARLSFIELD,L74219,0628,stop,2026-04-01,06:32:00,,
GUILDFORD - EARLSFIELD,L74219,0628,stop,2026-04-07,06:32:00,,
GUILDFORD - EARLSFIELD,L74219,0628,stop,2026-04-09,06:32:00,,
GUILDFORD - EARLSFIELD,L74219,0628,stop,2026-04-15,06:32:00,,
GUILDFORD - EARLSFIELD,L74219,0628,stop,2026-04-28,06:32:00,,
GUILDFORD - EARLSFIELD,L74219,0628,stop,2026-04-16,06:32:00,,
GUILDFORD - EARLSFIELD,L74219,0628,stop,2026-04-14,06:32:00,,
GUILDFORD - EARLSFIELD,L74219,0628,stop,2026-04-23,06:32:00,,
GUILDFORD - EARLSFIELD,L74219,0628,stop,2026-04-30,06:32:00,,
GUILDFORD - EARLSFIELD,L74219,0628,stop,2026-04-21,06:32:00,,
GUILDFORD - EARLSFIELD,L74219,0628,stop,2026-04-13,06:32:00,,
GUILDFORD - EARLSFIELD,L74219,0628,stop,2026-04-22,06:32:00,,
GUILDFORD - EARLSFIELD,L74219,0628,stop,2026-04-02,06:32:00,,
GUILDFORD - EARLSFIELD,L74219,0628,stop,2026-04-08,06:32:00,,
GUILDFORD - EARLSFIELD,L74219,0628,stop,2026-04-17,06:32:00,,
GUILDFORD - EARLSFIELD (2),L74682,0634,stop,2026-04-07,06:38:00,,
GUILDFORD - EARLSFIELD (2),L74682,0634,stop,2026-04-08,06:38:00,,
GUILDFORD - EARLSFIELD (2),L74682,0634,stop,2026-04-01,06:38:00,,
GUILDFORD - EARLSFIELD (2),L74683,0634,stop,2026-04-18,06:38:00,,
GUILDFORD - EARLSFIELD (2),L74682,0634,stop,2026-04-15,06:38:00,,
GUILDFORD - EARLSFIELD (2),L74682,0634,stop,2026-04-14,06:38:00,,
GUILDFORD - EARLSFIELD (2),L74682,0634,stop,2026-04-06,06:38:00,,
GUILDFORD - EARLSFIELD (2),Q51669,0634,stop,2026-04-06,06:38:00,,
GUILDFORD - EARLSFIELD (2),L74682,0634,stop,2026-04-30,06:38:00,,
GUILDFORD - EARLSFIELD (2),L74682,0634,stop,2026-04-28,06:38:00,,
GUILDFORD - EARLSFIELD (2),L74682,0634,stop,2026-04-09,06:38:00,,
GUILDFORD - EARLSFIELD (2),L74682,0634,stop,2026-04-21,06:38:00,,
GUILDFORD - EARLSFIELD (2),L74682,0634,stop,2026-04-13,06:38:00,,
GUILDFORD - EARLSFIELD (2),L74682,0634,stop,2026-04-17,06:38:00,,
GUILDFORD - EARLSFIELD (2),L74682,0634,stop,2026-04-23,06:38:00,,
GUILDFORD - EARLSFIELD (2),L74682,0634,stop,2026-04-24,06:38:00,,
GUILDFORD - EARLSFIELD (2),L74682,0634,stop,2026-04-10,06:38:00,,
GUILDFORD - EARLSFIELD (2),Q39198,0634,stop,2026-04-03,06:38:00,,
GUILDFORD - EARLSFIELD (2),L74683,0634,stop,2026-04-11,06:38:00,,
GUILDFORD - EARLSFIELD (2),L74682,0634,stop,2026-04-27,06:38:00,,
GUILDFORD - EARLSFIELD (2),L74683,0634,stop,2026-04-25,06:38:00,,
GUILDFORD - EARLSFIELD (2),L74682,0634,stop,2026-04-03,06:38:00,,
GUILDFORD - EARLSFIELD (2),L74682,0634,stop,2026-04-29,06:38:00,,
GUILDFORD - EARLSFIELD (2),L74682,0634,stop,2026-04-20,06:38:00,,
GUILDFORD - EARLSFIELD (2),L74682,0634,stop,2026-04-02,06:38:00,,
GUILDFORD - EARLSFIELD (2),L74682,0634,stop,2026-04-22,06:38:00,,
GUILDFORD - EARLSFIELD (2),L74683,0634,stop,2026-04-04,06:38:00,,
GUILDFORD - EARLSFIELD (2),L74682,0634,stop,2026-04-16,06:38:00,,
GUILDFORD - EARLSFIELD,Q39191,0639,stop,2026-04-03,06:43:00,,
GUILDFORD - EARLSFIELD,L74220,0639,stop,2026-04-25,06:43:00,,
GUILDFORD - EARLSFIELD,Q51657,0639,stop,2026-04-06,06:43:00,,
GUILDFORD - EARLSFIELD,L74220,0639,stop,2026-04-18,06:43:00,,
GUILDFORD - EARLSFIELD,L74220,0639,stop,2026-04-11,06:43:00,,
GUILDFORD - EARLSFIELD,L74220,0639,stop,2026-04-04,06:43:00,,
EARLSFIELD - GUILDFORD,L74672,0600,stop,2026-04-23,06:44:00,,
EARLSFIELD - GUILDFORD,L74672,0600,stop,2026-04-20,06:44:00,,
EARLSFIELD - GUILDFORD,L74672,0600,stop,2026-04-27,06:44:00,,
EARLSFIELD - GUILDFORD,L74672,0600,stop,2026-04-15,06:44:00,,
EARLSFIELD - GUILDFORD,L74672,0600,stop,2026-04-28,06:44:00,,
EARLSFIELD - GUILDFORD,L74672,0600,stop,2026-04-29,06:44:00,,
EARLSFIELD - GUILDFORD,L74672,0600,stop,2026-04-08,06:44:00,,
EARLSFIELD - GUILDFORD,L74672,0600,stop,2026-04-01,06:44:00,,
EARLSFIELD - GUILDFORD,L74672,0600,stop,2026-04-16,06:44:00,,
EARLSFIELD - GUILDFORD,L74672,0600,stop,2026-04-06,06:44:00,,
EARLSFIELD - GUILDFORD,L74672,0600,stop,2026-04-17,06:44:00,,
EARLSFIELD - GUILDFORD,L74672,0600,stop,2026-04-30,06:44:00,,
EARLSFIELD - GUILDFORD,L74672,0600,stop,2026-04-03,06:44:00,,
EARLSFIELD - GUILDFORD,L74672,0600,stop,2026-04-10,06:44:00,,
EARLSFIELD - GUILDFORD,L74672,0600,stop,2026-04-07,06:44:00,,
EARLSFIELD - GUILDFORD,L74672,0600,stop,2026-04-14,06:44:00,,
EARLSFIELD - GUILDFORD,L74672,0600,stop,2026-04-02,06:44:00,,
EARLSFIELD - GUILDFORD,L74672,0600,stop,2026-04-22,06:44:00,,
EARLSFIELD - GUILDFORD,L74672,0600,stop,2026-04-21,06:44:00,,
EARLSFIELD - GUILDFORD,L74672,0600,stop,2026-04-24,06:44:00,,
EARLSFIELD - GUILDFORD,L74672,0600,stop,2026-04-13,06:44:00,,
EARLSFIELD - GUILDFORD,L74672,0600,stop,2026-04-09,06:44:00,,
GUILDFORD - EARLSFIELD,L74219,628,stop,2026-04-28,06:49:00,,
GUILDFORD - EARLSFIELD,L74219,628,stop,2026-04-02,06:49:00,,
GUILDFORD - EARLSFIELD,L74219,628,stop,2026-04-06,06:49:00,,
GUILDFORD - EARLSFIELD,L74219,628,stop,2026-04-29,06:49:00,,
GUILDFORD - EARLSFIELD,L74219,628,stop,2026-04-14,06:49:00,,
GUILDFORD - EARLSFIELD,L74219,628,stop,2026-04-30,06:49:00,,
GUILDFORD - EARLSFIELD,L74219,628,stop,2026-04-13,06:49:00,,
GUILDFORD - EARLSFIELD,L74219,628,stop,2026-04-07,06:49:00,,
GUILDFORD - EARLSFIELD,L74219,628,stop,2026-04-08,06:49:00,,
GUILDFORD - EARLSFIELD,L74219,628,stop,2026-04-15,06:49:00,,
GUILDFORD - EARLSFIELD,L74219,628,stop,2026-04-10,06:49:00,,
GUILDFORD - EARLSFIELD,L74219,628,stop,2026-04-09,06:49:00,,
GUILDFORD - EARLSFIELD,L74219,628,stop,2026-04-01,06:49:00,,
GUILDFORD - EARLSFIELD,L74219,628,stop,2026-04-21,06:49:00,,
GUILDFORD - EARLSFIELD,L74219,628,stop,2026-04-16,06:49:00,,
GUILDFORD - EARLSFIELD,L74219,628,stop,2026-04-24,06:49:00,,
GUILDFORD - EARLSFIELD,L74219,628,stop,2026-04-03,06:49:00,,
GUILDFORD - EARLSFIELD,L74219,628,stop,2026-04-22,06:49:00,,
GUILDFORD - EARLSFIELD,L74219,628,stop,2026-04-23,06:49:00,,
GUILDFORD - EARLSFIELD,L74219,628,stop,2026-04-17,06:49:00,,
GUILDFORD - EARLSFIELD,L74219,628,stop,2026-04-20,06:49:00,,
GUILDFORD - EARLSFIELD,L74219,628,stop,2026-04-27,06:49:00,,
GUILDFORD - EARLSFIELD,L74220,639,stop,2026-04-04,06:59:00,,
GUILDFORD - EARLSFIELD,L74220,639,stop,2026-04-11,06:59:00,,
GUILDFORD - EARLSFIELD,L74220,639,stop,2026-04-25,06:59:00,,
GUILDFORD - EARLSFIELD,L74220,639,stop,2026-04-18,06:59:00,,
GUILDFORD - EARLSFIELD,Q51657,639,stop,2026-04-06,06:59:00,,
GUILDFORD - EARLSFIELD,Q39191,639,stop,2026-04-03,06:59:00,,
PORTSMOUTH HARBOUR - GUILDFORD (2),L72950,0533,pass,2026-04-11,07:01:00,,
HASLEMERE - GUILDFORD,L72950,0626,pass,2026-04-18,07:01:00,,
PORTSMOUTH HARBOUR - GUILDFORD (2),L72950,0533,pass,2026-04-04,07:01:00,,
PORTSMOUTH HARBOUR - GUILDFORD (2),Q65522,0533,pass,2026-04-06,07:01:00,,
PORTSMOUTH HARBOUR - GUILDFORD (2),Q40141,0533,pass,2026-04-03,07:01:00,,
PORTSMOUTH HARBOUR - GUILDFORD (2),L72950,0533,pass,2026-04-25,07:01:00,,
GUILDFORD - EARLSFIELD,L74222,0658,stop,2026-04-23,07:02:00,,
GUILDFORD - EARLSFIELD,L74222,0658,stop,2026-04-21,07:02:00,,
EARLSFIELD - GUILDFORD,P61575,609,stop,2026-04-10,07:02:00,,
EARLSFIELD - GUILDFORD,P61575,609,stop,2026-04-03,07:02:00,,
GUILDFORD - EARLSFIELD,L74222,0658,stop,2026-04-24,07:02:00,,
GUILDFORD - EARLSFIELD,L74222,0658,stop,2026-04-02,07:02:00,,
EARLSFIELD - GUILDFORD,P61575,609,stop,2026-04-20,07:02:00,,
EARLSFIELD - GUILDFORD,P61575,609,stop,2026-04-17,07:02:00,,
EARLSFIELD - GUILDFORD,P61575,609,stop,2026-04-30,07:02:00,,
GUILDFORD - EARLSFIELD,L74222,0658,stop,2026-04-03,07:02:00,,
GUILDFORD - EARLSFIELD,L74222,0658,stop,2026-04-17,07:02:00,,
EARLSFIELD - GUILDFORD,P61575,609,stop,2026-04-02,07:02:00,,
EARLSFIELD - GUILDFORD,P61575,609,stop,2026-04-21,07:02:00,,
GUILDFORD - EARLSFIELD,L74222,0658,stop,2026-04-28,07:02:00,,
GUILDFORD - EARLSFIELD,L74222,0658,stop,2026-04-20,07:02:00,,
EARLSFIELD - GUILDFORD,P61575,609,stop,2026-04-06,07:02:00,,
GUILDFORD - EARLSFIELD,L74222,0658,stop,2026-04-10,07:02:00,,
EARLSFIELD - GUILDFORD,P61575,609,stop,2026-04-15,07:02:00,,
GUILDFORD - EARLSFIELD,L74222,0658,stop,2026-04-08,07:02:00,,
GUILDFORD - EARLSFIELD,L74222,0658,stop,2026-04-07,07:02:00,,
EARLSFIELD - GUILDFORD,P61575,609,stop,2026-04-08,07:02:00,,
GUILDFORD - EARLSFIELD,L74222,0658,stop,2026-04-06,07:02:00,,
GUILDFORD - EARLSFIELD,L74222,0658,stop,2026-04-27,07:02:00,,
GUILDFORD - EARLSFIELD,L74222,0658,stop,2026-04-09,07:02:00,,
EARLSFIELD - GUILDFORD,P61575,609,stop,2026-04-22,07:02:00,,
EARLSFIELD - GUILDFORD,P61575,609,stop,2026-04-29,07:02:00,,
EARLSFIELD - GUILDFORD,P61575,609,stop,2026-04-24,07:02:00,,
GUILDFORD - EARLSFIELD,L74222,0658,stop,2026-04-14,07:02:00,,
GUILDFORD - EARLSFIELD,L74222,0658,stop,2026-04-29,07:02:00,,
EARLSFIELD - GUILDFORD,P61575,609,stop,2026-04-07,07:02:00,,
EARLSFIELD - GUILDFORD,P61575,609,stop,2026-04-16,07:02:00,,
GUILDFORD - EARLSFIELD,L74222,0658,stop,2026-04-22,07:02:00,,
EARLSFIELD - GUILDFORD,P61575,609,stop,2026-04-13,07:02:00,,
GUILDFORD - EARLSFIELD,L74222,0658,stop,2026-04-13,07:02:00,,
GUILDFORD - EARLSFIELD,L74222,0658,stop,2026-04-30,07:02:00,,
EARLSFIELD - GUILDFORD,P61575,609,stop,2026-04-01,07:02:00,,
GUILDFORD - EARLSFIELD,L74222,0658,stop,2026-04-16,07:02:00,,
GUILDFORD - EARLSFIELD,L74222,0658,stop,2026-04-15,07:02:00,,
EARLSFIELD - GUILDFORD,P61575,609,stop,2026-04-28,07:02:00,,
EARLSFIELD - GUILDFORD,P61575,609,stop,2026-04-09,07:02:00,,
GUILDFORD - EARLSFIELD,L74222,0658,stop,2026-04-01,07:02:00,,
EARLSFIELD - GUILDFORD,P61575,609,stop,2026-04-23,07:02:00,,
EARLSFIELD - GUILDFORD,P61575,609,stop,2026-04-14,07:02:00,,
EARLSFIELD - GUILDFORD,P61575,609,stop,2026-04-27,07:02:00,,
EARLSFIELD - GUILDFORD (2),P61575,0609,stop,2026-04-15,07:05:00,,
EARLSFIELD - GUILDFORD (2),P61575,0609,stop,2026-04-29,07:05:00,,
EARLSFIELD - GUILDFORD (2),P61575,0609,stop,2026-04-28,07:05:00,,
EARLSFIELD - GUILDFORD (2),P61575,0609,stop,2026-04-01,07:05:00,,
EARLSFIELD - GUILDFORD (2),P61575,0609,stop,2026-04-03,07:05:00,,
EARLSFIELD - GUILDFORD (2),P61575,0609,stop,2026-04-07,07:05:00,,
EARLSFIELD - GUILDFORD (2),P61575,0609,stop,2026-04-17,07:05:00,,
EARLSFIELD - GUILDFORD (2),P61575,0609,stop,2026-04-02,07:05:00,,
EARLSFIELD - GUILDFORD (2),P61575,0609,stop,2026-04-21,07:05:00,,
EARLSFIELD - GUILDFORD (2),P61575,0609,stop,2026-04-24,07:05:00,,
EARLSFIELD - GUILDFORD (2),P61575,0609,stop,2026-04-06,07:05:00,,
EARLSFIELD - GUILDFORD (2),P61575,0609,stop,2026-04-14,07:05:00,,
EARLSFIELD - GUILDFORD (2),P61575,0609,stop,2026-04-16,07:05:00,,
EARLSFIELD - GUILDFORD (2),P61575,0609,stop,2026-04-09,07:05:00,,
EARLSFIELD - GUILDFORD (2),P61575,0609,stop,2026-04-30,07:05:00,,
EARLSFIELD - GUILDFORD (2),P61575,0609,stop,2026-04-08,07:05:00,,
EARLSFIELD - GUILDFORD (2),P61575,0609,stop,2026-04-20,07:05:00,,
EARLSFIELD - GUILDFORD (2),P61575,0609,stop,2026-04-27,07:05:00,,
EARLSFIELD - GUILDFORD (2),P61575,0609,stop,2026-04-22,07:05:00,,
EARLSFIELD - GUILDFORD (2),P61575,0609,stop,2026-04-10,07:05:00,,
EARLSFIELD - GUILDFORD (2),P61575,0609,stop,2026-04-23,07:05:00,,
EARLSFIELD - GUILDFORD (2),P61575,0609,stop,2026-04-13,07:05:00,,
GUILDFORD - SURBITON,Q86867,0656,pass,2026-04-26,07:07:00,,
GUILDFORD - EARLSFIELD (3),L74687,0704,stop,2026-04-16,07:08:00,,
GUILDFORD - EARLSFIELD (3),L74687,0704,stop,2026-04-23,07:08:00,,
GUILDFORD - EARLSFIELD (3),L74687,0704,stop,2026-04-01,07:08:00,,
GUILDFORD - EARLSFIELD (3),L74687,0704,stop,2026-04-22,07:08:00,,
GUILDFORD - EARLSFIELD (3),L74687,0704,stop,2026-04-15,07:08:00,,
GUILDFORD - EARLSFIELD (3),L74687,0704,stop,2026-04-14,07:08:00,,
GUILDFORD - EARLSFIELD (3),L74687,0704,stop,2026-04-09,07:08:00,,
GUILDFORD - EARLSFIELD (3),L74687,0704,stop,2026-04-27,07:08:00,,
GUILDFORD - EARLSFIELD (3),L74687,0704,stop,2026-04-29,07:08:00,,
GUILDFORD - EARLSFIELD (2),Q51604,0704,stop,2026-04-06,07:08:00,,
GUILDFORD - EARLSFIELD (3),L74687,0704,stop,2026-04-06,07:08:00,,
GUILDFORD - EARLSFIELD (3),L74687,0704,stop,2026-04-10,07:08:00,,
GUILDFORD - EARLSFIELD (3),L74687,0704,stop,2026-04-07,07:08:00,,
GUILDFORD - EARLSFIELD (3),L74687,0704,stop,2026-04-30,07:08:00,,
GUILDFORD - EARLSFIELD (2),Q39172,0704,stop,2026-04-03,07:08:00,,
GUILDFORD - EARLSFIELD (2),L74688,0704,stop,2026-04-25,07:08:00,,
GUILDFORD - EARLSFIELD (3),L74687,0704,stop,2026-04-17,07:08:00,,
GUILDFORD - EARLSFIELD (2),L74688,0704,stop,2026-04-04,07:08:00,,
GUILDFORD - EARLSFIELD (3),L74687,0704,stop,2026-04-03,07:08:00,,
GUILDFORD - EARLSFIELD (3),L74687,0704,stop,2026-04-28,07:08:00,,
GUILDFORD - EARLSFIELD (2),L74688,0704,stop,2026-04-18,07:08:00,,
GUILDFORD - EARLSFIELD (3),L74687,0704,stop,2026-04-20,07:08:00,,
GUILDFORD - EARLSFIELD (3),L74687,0704,stop,2026-04-02,07:08:00,,
GUILDFORD - EARLSFIELD (3),L74687,0704,stop,2026-04-21,07:08:00,,
GUILDFORD - EARLSFIELD (2),L74688,0704,stop,2026-04-11,07:08:00,,
GUILDFORD - EARLSFIELD (3),L74687,0704,stop,2026-04-08,07:08:00,,
GUILDFORD - EARLSFIELD (3),L74687,0704,stop,2026-04-24,07:08:00,,
GUILDFORD - EARLSFIELD (3),L74687,0704,stop,2026-04-13,07:08:00,,
GUILDFORD - WORCESTER PARK,Q54852,0703,stop,2026-04-12,07:14:00,,
EARLSFIELD - GUILDFORD,P61722,0633,stop,2026-04-18,07:15:00,,
EARLSFIELD - GUILDFORD,Q51675,0633,stop,2026-04-06,07:15:00,,
EARLSFIELD - GUILDFORD,P61722,0633,stop,2026-04-25,07:15:00,,
EARLSFIELD - GUILDFORD,P61722,0633,stop,2026-04-04,07:15:00,,
EARLSFIELD - GUILDFORD,P61722,0633,stop,2026-04-11,07:15:00,,
EARLSFIELD - GUILDFORD,Q39200,0633,stop,2026-04-03,07:15:00,,
EARLSFIELD - GUILDFORD,L74673,0633,stop,2026-04-01,07:16:00,,
EARLSFIELD - GUILDFORD,L74673,0633,stop,2026-04-21,07:16:00,,
EARLSFIELD - GUILDFORD,L74673,0633,stop,2026-04-08,07:16:00,,
EARLSFIELD - GUILDFORD,L74673,0633,stop,2026-04-20,07:16:00,,
EARLSFIELD - GUILDFORD,L74673,0633,stop,2026-04-15,07:16:00,,
EARLSFIELD - GUILDFORD,L74673,0633,stop,2026-04-13,07:16:00,,
EARLSFIELD - GUILDFORD,L74673,0633,stop,2026-04-27,07:16:00,,
EARLSFIELD - GUILDFORD,L74673,0633,stop,2026-04-03,07:16:00,,
EARLSFIELD - GUILDFORD,L74673,0633,stop,2026-04-14,07:16:00,,
EARLSFIELD - GUILDFORD,L74673,0633,stop,2026-04-10,07:16:00,,
EARLSFIELD - GUILDFORD,L74673,0633,stop,2026-04-22,07:16:00,,
EARLSFIELD - GUILDFORD,L74673,0633,stop,2026-04-17,07:16:00,,
EARLSFIELD - GUILDFORD,L74673,0633,stop,2026-04-07,07:16:00,,
EARLSFIELD - GUILDFORD,L74673,0633,stop,2026-04-30,07:16:00,,
EARLSFIELD - GUILDFORD,L74673,0633,stop,2026-04-29,07:16:00,,
EARLSFIELD - GUILDFORD,L74673,0633,stop,2026-04-02,07:16:00,,
EARLSFIELD - GUILDFORD,L74673,0633,stop,2026-04-09,07:16:00,,
EARLSFIELD - GUILDFORD,L74673,0633,stop,2026-04-23,07:16:00,,
EARLSFIELD - GUILDFORD,L74673,0633,stop,2026-04-06,07:16:00,,
EARLSFIELD - GUILDFORD,L74673,0633,stop,2026-04-28,07:16:00,,
EARLSFIELD - GUILDFORD,L74673,0633,stop,2026-04-16,07:16:00,,
EARLSFIELD - GUILDFORD,L74673,0633,stop,2026-04-24,07:16:00,,
GUILDFORD - EARLSFIELD,L74222,658,stop,2026-04-07,07:19:00,,
GUILDFORD - EARLSFIELD,L74222,658,stop,2026-04-09,07:19:00,,
GUILDFORD - EARLSFIELD,L74222,658,stop,2026-04-10,07:19:00,,
GUILDFORD - EARLSFIELD,L74222,658,stop,2026-04-16,07:19:00,,
GUILDFORD - EARLSFIELD,L74222,658,stop,2026-04-29,07:19:00,,
GUILDFORD - EARLSFIELD,L74222,658,stop,2026-04-08,07:19:00,,
GUILDFORD - EARLSFIELD,L74222,658,stop,2026-04-27,07:19:00,,
GUILDFORD - EARLSFIELD,L74222,658,stop,2026-04-02,07:19:00,,
GUILDFORD - EARLSFIELD,L74222,658,stop,2026-04-14,07:19:00,,
GUILDFORD - EARLSFIELD,L74222,658,stop,2026-04-23,07:19:00,,
GUILDFORD - EARLSFIELD,L74222,658,stop,2026-04-22,07:19:00,,
GUILDFORD - EARLSFIELD,L74222,658,stop,2026-04-28,07:19:00,,
GUILDFORD - EARLSFIELD,L74222,658,stop,2026-04-30,07:19:00,,
GUILDFORD - EARLSFIELD,L74222,658,stop,2026-04-17,07:19:00,,
GUILDFORD - EARLSFIELD,L74222,658,stop,2026-04-01,07:19:00,,
GUILDFORD - EARLSFIELD,L74222,658,stop,2026-04-13,07:19:00,,
GUILDFORD - EARLSFIELD,L74222,658,stop,2026-04-15,07:19:00,,
GUILDFORD - EARLSFIELD,L74222,658,stop,2026-04-20,07:19:00,,
GUILDFORD - EARLSFIELD,L74222,658,stop,2026-04-06,07:19:00,,
GUILDFORD - EARLSFIELD,L74222,658,stop,2026-04-24,07:19:00,,
GUILDFORD - EARLSFIELD,L74222,658,stop,2026-04-21,07:19:00,,
GUILDFORD - EARLSFIELD,L74222,658,stop,2026-04-03,07:19:00,,
GUILDFORD - EARLSFIELD (3),L74691,0734,stop,2026-04-23,07:38:00,,
GUILDFORD - EARLSFIELD (3),L74691,0734,stop,2026-04-01,07:38:00,,
GUILDFORD - EARLSFIELD (2),L74692,0734,stop,2026-04-25,07:38:00,,
GUILDFORD - EARLSFIELD (3),L74691,0734,stop,2026-04-27,07:38:00,,
GUILDFORD - EARLSFIELD (3),L74691,0734,stop,2026-04-28,07:38:00,,
GUILDFORD - EARLSFIELD (3),L74691,0734,stop,2026-04-24,07:38:00,,
GUILDFORD - EARLSFIELD (3),L74691,0734,stop,2026-04-03,07:38:00,,
GUILDFORD - EARLSFIELD (3),L74691,0734,stop,2026-04-29,07:38:00,,
GUILDFORD - EARLSFIELD (2),Q88847,0734,stop,2026-04-03,07:38:00,,
GUILDFORD - EARLSFIELD (3),L74691,0734,stop,2026-04-02,07:38:00,,
GUILDFORD - EARLSFIELD (2),L74692,0734,stop,2026-04-18,07:38:00,,
GUILDFORD - EARLSFIELD (3),L74691,0734,stop,2026-04-10,07:38:00,,
GUILDFORD - EARLSFIELD (3),L74691,0734,stop,2026-04-07,07:38:00,,
GUILDFORD - EARLSFIELD (3),L74691,0734,stop,2026-04-15,07:38:00,,
GUILDFORD - EARLSFIELD (3),L74691,0734,stop,2026-04-13,07:38:00,,
GUILDFORD - EARLSFIELD (3),L74691,0734,stop,2026-04-16,07:38:00,,
GUILDFORD - EARLSFIELD (3),L74691,0734,stop,2026-04-22,07:38:00,,
GUILDFORD - EARLSFIELD (3),L74691,0734,stop,2026-04-17,07:38:00,,
GUILDFORD - EARLSFIELD (3),L74691,0734,stop,2026-04-08,07:38:00,,
GUILDFORD - EARLSFIELD (3),L74691,0734,stop,2026-04-30,07:38:00,,
GUILDFORD - EARLSFIELD (3),L74691,0734,stop,2026-04-06,07:38:00,,
GUILDFORD - EARLSFIELD (2),Q51284,0734,stop,2026-04-06,07:38:00,,
GUILDFORD - EARLSFIELD (2),L74692,0734,stop,2026-04-11,07:38:00,,
GUILDFORD - EARLSFIELD (2),L74692,0734,stop,2026-04-04,07:38:00,,
GUILDFORD - EARLSFIELD (3),L74691,0734,stop,2026-04-20,07:38:00,,
GUILDFORD - EARLSFIELD (3),L74691,0734,stop,2026-04-21,07:38:00,,
GUILDFORD - EARLSFIELD (3),L74691,0734,stop,2026-04-09,07:38:00,,
GUILDFORD - EARLSFIELD (3),L74691,0734,stop,2026-04-14,07:38:00,,
GUILDFORD - EARLSFIELD (4),L74693,0737,stop,2026-04-05,07:41:00,,
EARLSFIELD - GUILDFORD (2),Q39180,654,stop,2026-04-03,07:44:00,,
EARLSFIELD - GUILDFORD (2),Q51623,654,stop,2026-04-06,07:44:00,,
EARLSFIELD - GUILDFORD (2),P61577,654,stop,2026-04-11,07:44:00,,
EARLSFIELD - GUILDFORD (2),P61577,654,stop,2026-04-04,07:44:00,,
EARLSFIELD - GUILDFORD (2),P61577,654,stop,2026-04-18,07:44:00,,
EARLSFIELD - GUILDFORD (2),P61577,654,stop,2026-04-25,07:44:00,,
EARLSFIELD - GUILDFORD,L74677,0703,stop,2026-04-25,07:45:00,,
EARLSFIELD - GUILDFORD,L74677,0703,stop,2026-04-04,07:45:00,,
EARLSFIELD - GUILDFORD,L74677,0703,stop,2026-04-11,07:45:00,,
EARLSFIELD - GUILDFORD (4),L74678,0657,stop,2026-04-05,07:45:00,,
EARLSFIELD - GUILDFORD,Q39772,0703,stop,2026-04-03,07:45:00,,
EARLSFIELD - GUILDFORD,L74677,0703,stop,2026-04-18,07:45:00,,
EARLSFIELD - GUILDFORD,Q51607,0703,stop,2026-04-06,07:45:00,,
GUILDFORD - EARLSFIELD,L74229,0742,stop,2026-04-08,07:46:00,,
GUILDFORD - EARLSFIELD,L74229,0742,stop,2026-04-06,07:46:00,,
GUILDFORD - EARLSFIELD,L74229,0742,stop,2026-04-01,07:46:00,,
GUILDFORD - EARLSFIELD,L74229,0742,stop,2026-04-28,07:46:00,,
GUILDFORD - EARLSFIELD,L74229,0742,stop,2026-04-29,07:46:00,,
GUILDFORD - EARLSFIELD,L74229,0742,stop,2026-04-09,07:46:00,,
GUILDFORD - EARLSFIELD,L74229,0742,stop,2026-04-02,07:46:00,,
GUILDFORD - EARLSFIELD,L74229,0742,stop,2026-04-16,07:46:00,,
GUILDFORD - EARLSFIELD,L74229,0742,stop,2026-04-15,07:46:00,,
GUILDFORD - EARLSFIELD,L74229,0742,stop,2026-04-30,07:46:00,,
GUILDFORD - EARLSFIELD,L74229,0742,stop,2026-04-13,07:46:00,,
GUILDFORD - EARLSFIELD,L74229,0742,stop,2026-04-24,07:46:00,,
GUILDFORD - EARLSFIELD,L74229,0742,stop,2026-04-10,07:46:00,,
GUILDFORD - EARLSFIELD,L74229,0742,stop,2026-04-17,07:46:00,,
GUILDFORD - EARLSFIELD,L74229,0742,stop,2026-04-03,07:46:00,,
GUILDFORD - EARLSFIELD,L74229,0742,stop,2026-04-21,07:46:00,,
GUILDFORD - EARLSFIELD,L74229,0742,stop,2026-04-23,07:46:00,,
GUILDFORD - EARLSFIELD,L74229,0742,stop,2026-04-20,07:46:00,,
GUILDFORD - EARLSFIELD,L74229,0742,stop,2026-04-27,07:46:00,,
GUILDFORD - EARLSFIELD,L74229,0742,stop,2026-04-22,07:46:00,,
GUILDFORD - EARLSFIELD,L74229,0742,stop,2026-04-14,07:46:00,,
GUILDFORD - EARLSFIELD,L74229,0742,stop,2026-04-07,07:46:00,,
EARLSFIELD - GUILDFORD,L74676,0703,stop,2026-04-13,07:48:00,,
EARLSFIELD - GUILDFORD,L74676,0703,stop,2026-04-17,07:48:00,,
EARLSFIELD - GUILDFORD,L74676,0703,stop,2026-04-27,07:48:00,,
EARLSFIELD - GUILDFORD,L74676,0703,stop,2026-04-10,07:48:00,,
EARLSFIELD - GUILDFORD,L74676,0703,stop,2026-04-07,07:48:00,,
EARLSFIELD - GUILDFORD,L74676,0703,stop,2026-04-01,07:48:00,,
EARLSFIELD - GUILDFORD,L74676,0703,stop,2026-04-16,07:48:00,,
EARLSFIELD - GUILDFORD,L74676,0703,stop,2026-04-24,07:48:00,,
EARLSFIELD - GUILDFORD,L74676,0703,stop,2026-04-02,07:48:00,,
EARLSFIELD - GUILDFORD,L74676,0703,stop,2026-04-08,07:48:00,,
EARLSFIELD - GUILDFORD,L74676,0703,stop,2026-04-21,07:48:00,,
EARLSFIELD - GUILDFORD,L74676,0703,stop,2026-04-15,07:48:00,,
EARLSFIELD - GUILDFORD,L74676,0703,stop,2026-04-06,07:48:00,,
EARLSFIELD - GUILDFORD,L74676,0703,stop,2026-04-20,07:48:00,,
EARLSFIELD - GUILDFORD,L74676,0703,stop,2026-04-03,07:48:00,,
EARLSFIELD - GUILDFORD,L74676,0703,stop,2026-04-14,07:48:00,,
EARLSFIELD - GUILDFORD,L74676,0703,stop,2026-04-09,07:48:00,,
EARLSFIELD - GUILDFORD,L74676,0703,stop,2026-04-22,07:48:00,,
EARLSFIELD - GUILDFORD,L74676,0703,stop,2026-04-23,07:48:00,,
EARLSFIELD - GUILDFORD,L74676,0703,stop,2026-04-29,07:48:00,,
EARLSFIELD - GUILDFORD,L74676,0703,stop,2026-04-30,07:48:00,,
EARLSFIELD - GUILDFORD,L74676,0703,stop,2026-04-28,07:48:00,,
EARLSFIELD - GUILDFORD (3),Q39180,0654,stop,2026-04-03,07:49:00,,
EARLSFIELD - GUILDFORD (3),P61577,0654,stop,2026-04-25,07:49:00,,
GUILDFORD - EARLSFIELD,L74227,0745,stop,2026-04-04,07:49:00,,
GUILDFORD - EARLSFIELD,L74227,0745,stop,2026-04-11,07:49:00,,
EARLSFIELD - GUILDFORD (3),P61577,0654,stop,2026-04-04,07:49:00,,
EARLSFIELD - GUILDFORD (3),P61577,0654,stop,2026-04-11,07:49:00,,
GUILDFORD - EARLSFIELD,Q88883,0745,stop,2026-04-03,07:49:00,,
GUILDFORD - EARLSFIELD,L74227,0745,stop,2026-04-18,07:49:00,,
GUILDFORD - EARLSFIELD,Q51145,0745,stop,2026-04-06,07:49:00,,
EARLSFIELD - GUILDFORD (3),P61577,0654,stop,2026-04-18,07:49:00,,
EARLSFIELD - GUILDFORD (3),Q51623,0654,stop,2026-04-06,07:49:00,,
GUILDFORD - EARLSFIELD,L74227,0745,stop,2026-04-25,07:49:00,,
SURBITON - GUILDFORD,L74678,0716,stop,2026-04-19,07:50:00,,
SURBITON - GUILDFORD,L74678,0716,stop,2026-04-26,07:50:00,,
SURBITON - GUILDFORD,L74678,0716,stop,2026-04-12,07:52:00,,
GUILDFORD - SURBITON,L74693,0750,stop,2026-04-19,07:54:00,,
GUILDFORD - SURBITON,L74693,0750,stop,2026-04-26,07:54:00,,
GUILDFORD - SURBITON,L74693,0750,stop,2026-04-12,07:54:00,,
GUILDFORD - WORCESTER PARK,Q54852,703,stop,2026-04-12,07:54:00,,
SOUTHAMPTON CENTRAL - GUILDFORD,Q79337,0625,pass,2026-04-26,07:57:00,,
EARLSFIELD - GUILDFORD (2),P61579,709,stop,2026-04-14,08:02:00,,
EARLSFIELD - GUILDFORD (2),P61579,709,stop,2026-04-07,08:02:00,,
EARLSFIELD - GUILDFORD (2),P61579,709,stop,2026-04-13,08:02:00,,
EARLSFIELD - GUILDFORD (2),P61579,709,stop,2026-04-23,08:02:00,,
EARLSFIELD - GUILDFORD (2),P61579,709,stop,2026-04-09,08:02:00,,
EARLSFIELD - GUILDFORD (2),P61579,709,stop,2026-04-21,08:02:00,,
EARLSFIELD - GUILDFORD (2),P61579,709,stop,2026-04-20,08:02:00,,
EARLSFIELD - GUILDFORD (2),P61579,709,stop,2026-04-10,08:02:00,,
EARLSFIELD - GUILDFORD (2),P61579,709,stop,2026-04-06,08:02:00,,
EARLSFIELD - GUILDFORD (2),P61579,709,stop,2026-04-17,08:02:00,,
EARLSFIELD - GUILDFORD (2),P61579,709,stop,2026-04-16,08:02:00,,
EARLSFIELD - GUILDFORD (2),P61579,709,stop,2026-04-22,08:02:00,,
EARLSFIELD - GUILDFORD (2),P61579,709,stop,2026-04-08,08:02:00,,
EARLSFIELD - GUILDFORD (2),P61579,709,stop,2026-04-24,08:02:00,,
EARLSFIELD - GUILDFORD (2),P61579,709,stop,2026-04-01,08:02:00,,
EARLSFIELD - GUILDFORD (2),P61579,709,stop,2026-04-15,08:02:00,,
EARLSFIELD - GUILDFORD (2),P61579,709,stop,2026-04-03,08:02:00,,
EARLSFIELD - GUILDFORD (2),P61579,709,stop,2026-04-02,08:02:00,,
EARLSFIELD - GUILDFORD (2),P61579,709,stop,2026-04-27,08:02:00,,
EARLSFIELD - GUILDFORD (2),P61579,709,stop,2026-04-30,08:02:00,,
EARLSFIELD - GUILDFORD (2),P61579,709,stop,2026-04-28,08:02:00,,
EARLSFIELD - GUILDFORD (2),P61579,709,stop,2026-04-29,08:02:00,,
GUILDFORD - EARLSFIELD,L74229,742,stop,2026-04-28,08:03:00,,
GUILDFORD - EARLSFIELD,L74229,742,stop,2026-04-02,08:03:00,,
GUILDFORD - EARLSFIELD,L74229,742,stop,2026-04-03,08:03:00,,
GUILDFORD - EARLSFIELD,L74229,742,stop,2026-04-29,08:03:00,,
GUILDFORD - EARLSFIELD,L74229,742,stop,2026-04-15,08:03:00,,
GUILDFORD - EARLSFIELD,L74229,742,stop,2026-04-01,08:03:00,,
GUILDFORD - EARLSFIELD,L74229,742,stop,2026-04-24,08:03:00,,
GUILDFORD - EARLSFIELD,L74229,742,stop,2026-04-27,08:03:00,,
GUILDFORD - EARLSFIELD,L74229,742,stop,2026-04-21,08:03:00,,
GUILDFORD - EARLSFIELD,L74229,742,stop,2026-04-20,08:03:00,,
GUILDFORD - EARLSFIELD,L74229,742,stop,2026-04-07,08:03:00,,
GUILDFORD - EARLSFIELD,L74229,742,stop,2026-04-22,08:03:00,,
GUILDFORD - EARLSFIELD,L74229,742,stop,2026-04-08,08:03:00,,
GUILDFORD - EARLSFIELD,L74229,742,stop,2026-04-30,08:03:00,,
GUILDFORD - EARLSFIELD,L74229,742,stop,2026-04-17,08:03:00,,
GUILDFORD - EARLSFIELD,L74229,742,stop,2026-04-23,08:03:00,,
GUILDFORD - EARLSFIELD,L74229,742,stop,2026-04-16,08:03:00,,
GUILDFORD - EARLSFIELD,L74229,742,stop,2026-04-13,08:03:00,,
GUILDFORD - EARLSFIELD,L74229,742,stop,2026-04-09,08:03:00,,
GUILDFORD - EARLSFIELD,L74229,742,stop,2026-04-10,08:03:00,,
GUILDFORD - EARLSFIELD,L74229,742,stop,2026-04-06,08:03:00,,
GUILDFORD - EARLSFIELD,L74229,742,stop,2026-04-14,08:03:00,,
GUILDFORD - EARLSFIELD,L74227,745,stop,2026-04-04,08:05:00,,
GUILDFORD - EARLSFIELD,Q88883,745,stop,2026-04-03,08:05:00,,
GUILDFORD - EARLSFIELD,L74227,745,stop,2026-04-11,08:05:00,,
GUILDFORD - EARLSFIELD,L74227,745,stop,2026-04-25,08:05:00,,
GUILDFORD - EARLSFIELD,L74227,745,stop,2026-04-18,08:05:00,,
GUILDFORD - EARLSFIELD,Q51145,745,stop,2026-04-06,08:05:00,,
EARLSFIELD - GUILDFORD (3),P61579,0709,stop,2026-04-07,08:06:00,,
EARLSFIELD - GUILDFORD (3),P61579,0709,stop,2026-04-27,08:06:00,,
EARLSFIELD - GUILDFORD (3),P61579,0709,stop,2026-04-29,08:06:00,,
EARLSFIELD - GUILDFORD (3),P61579,0709,stop,2026-04-20,08:06:00,,
EARLSFIELD - GUILDFORD (3),P61579,0709,stop,2026-04-22,08:06:00,,
EARLSFIELD - GUILDFORD (3),P61579,0709,stop,2026-04-10,08:06:00,,
EARLSFIELD - GUILDFORD (3),P61579,0709,stop,2026-04-03,08:06:00,,
EARLSFIELD - GUILDFORD (3),P61579,0709,stop,2026-04-17,08:06:00,,
EARLSFIELD - GUILDFORD (3),P61579,0709,stop,2026-04-01,08:06:00,,
EARLSFIELD - GUILDFORD (3),P61579,0709,stop,2026-04-24,08:06:00,,
EARLSFIELD - GUILDFORD (3),P61579,0709,stop,2026-04-15,08:06:00,,
EARLSFIELD - GUILDFORD (3),P61579,0709,stop,2026-04-02,08:06:00,,
EARLSFIELD - GUILDFORD (3),P61579,0709,stop,2026-04-09,08:06:00,,
EARLSFIELD - GUILDFORD (3),P61579,0709,stop,2026-04-06,08:06:00,,
EARLSFIELD - GUILDFORD (3),P61579,0709,stop,2026-04-30,08:06:00,,
EARLSFIELD - GUILDFORD (3),P61579,0709,stop,2026-04-14,08:06:00,,
EARLSFIELD - GUILDFORD (3),P61579,0709,stop,2026-04-16,08:06:00,,
EARLSFIELD - GUILDFORD (3),P61579,0709,stop,2026-04-23,08:06:00,,
EARLSFIELD - GUILDFORD (3),P61579,0709,stop,2026-04-13,08:06:00,,
EARLSFIELD - GUILDFORD (3),P61579,0709,stop,2026-04-28,08:06:00,,
EARLSFIELD - GUILDFORD (3),P61579,0709,stop,2026-04-08,08:06:00,,
EARLSFIELD - GUILDFORD (3),P61579,0709,stop,2026-04-21,08:06:00,,
GUILDFORD - EARLSFIELD (2),L74698,0804,stop,2026-04-24,08:08:00,,
GUILDFORD - EARLSFIELD (2),L74698,0804,stop,2026-04-03,08:08:00,,
GUILDFORD - EARLSFIELD (2),L74698,0804,stop,2026-04-17,08:08:00,,
GUILDFORD - EARLSFIELD (2),L74698,0804,stop,2026-04-02,08:08:00,,
GUILDFORD - EARLSFIELD (2),L74698,0804,stop,2026-04-29,08:08:00,,
GUILDFORD - EARLSFIELD (2),Q38875,0804,stop,2026-04-03,08:08:00,,
GUILDFORD - EARLSFIELD (2),L74698,0804,stop,2026-04-21,08:08:00,,
GUILDFORD - EARLSFIELD (2),L74698,0804,stop,2026-04-15,08:08:00,,
GUILDFORD - EARLSFIELD (2),L74698,0804,stop,2026-04-06,08:08:00,,
GUILDFORD - EARLSFIELD (2),L74699,0804,stop,2026-04-11,08:08:00,,
GUILDFORD - EARLSFIELD (2),L74698,0804,stop,2026-04-23,08:08:00,,
GUILDFORD - EARLSFIELD (2),L74699,0804,stop,2026-04-04,08:08:00,,
GUILDFORD - EARLSFIELD (2),L74698,0804,stop,2026-04-08,08:08:00,,
GUILDFORD - EARLSFIELD (2),L74698,0804,stop,2026-04-30,08:08:00,,
GUILDFORD - EARLSFIELD (2),L74698,0804,stop,2026-04-28,08:08:00,,
GUILDFORD - EARLSFIELD (2),L74698,0804,stop,2026-04-09,08:08:00,,
GUILDFORD - EARLSFIELD (2),L74698,0804,stop,2026-04-20,08:08:00,,
GUILDFORD - EARLSFIELD (2),Q51100,0804,stop,2026-04-06,08:08:00,,
GUILDFORD - EARLSFIELD (2),L74698,0804,stop,2026-04-14,08:08:00,,
GUILDFORD - EARLSFIELD (2),L74698,0804,stop,2026-04-07,08:08:00,,
GUILDFORD - EARLSFIELD (2),L74699,0804,stop,2026-04-25,08:08:00,,
GUILDFORD - EARLSFIELD (2),L74698,0804,stop,2026-04-13,08:08:00,,
GUILDFORD - EARLSFIELD (2),L74698,0804,stop,2026-04-10,08:08:00,,
GUILDFORD - EARLSFIELD (2),L74698,0804,stop,2026-04-27,08:08:00,,
GUILDFORD - EARLSFIELD (2),L74698,0804,stop,2026-04-01,08:08:00,,
GUILDFORD - EARLSFIELD (2),L74698,0804,stop,2026-04-16,08:08:00,,
GUILDFORD - EARLSFIELD (2),L74698,0804,stop,2026-04-22,08:08:00,,
GUILDFORD - EARLSFIELD (2),L74699,0804,stop,2026-04-18,08:08:00,,
GUILDFORD - EPSOM,P62412,0756,pass,2026-04-26,08:10:00,,
GUILDFORD - EPSOM,P62412,0756,pass,2026-04-05,08:10:00,,
GUILDFORD - EPSOM,P62412,0756,pass,2026-04-19,08:10:00,,
GUILDFORD - EPSOM,P62412,0756,pass,2026-04-12,08:10:00,,
EARLSFIELD - GUILDFORD,L74680,0733,stop,2026-04-01,08:15:00,,
EARLSFIELD - GUILDFORD,L74680,0733,stop,2026-04-10,08:15:00,,
EARLSFIELD - GUILDFORD,L74680,0733,stop,2026-04-06,08:15:00,,
EARLSFIELD - GUILDFORD,L74680,0733,stop,2026-04-13,08:15:00,,
EARLSFIELD - GUILDFORD,L74680,0733,stop,2026-04-21,08:15:00,,
EARLSFIELD - GUILDFORD,L74680,0733,stop,2026-04-22,08:15:00,,
EARLSFIELD - GUILDFORD,L74680,0733,stop,2026-04-30,08:15:00,,
EARLSFIELD - GUILDFORD,L74680,0733,stop,2026-04-23,08:15:00,,
EARLSFIELD - GUILDFORD,L74680,0733,stop,2026-04-27,08:15:00,,
EARLSFIELD - GUILDFORD,L74680,0733,stop,2026-04-14,08:15:00,,
EARLSFIELD - GUILDFORD,L74680,0733,stop,2026-04-20,08:15:00,,
EARLSFIELD - GUILDFORD,L74680,0733,stop,2026-04-24,08:15:00,,
EARLSFIELD - GUILDFORD,L74680,0733,stop,2026-04-03,08:15:00,,
EARLSFIELD - GUILDFORD,L74680,0733,stop,2026-04-02,08:15:00,,
EARLSFIELD - GUILDFORD,L74680,0733,stop,2026-04-28,08:15:00,,
EARLSFIELD - GUILDFORD,L74680,0733,stop,2026-04-17,08:15:00,,
EARLSFIELD - GUILDFORD,L74680,0733,stop,2026-04-09,08:15:00,,
EFFINGHAM JUNCTION - WORCESTER PARK,Q54781,0815,stop,2026-04-12,08:15:00,,
EARLSFIELD - GUILDFORD,L74680,0733,stop,2026-04-29,08:15:00,,
EARLSFIELD - GUILDFORD,L74680,0733,stop,2026-04-07,08:15:00,,
EARLSFIELD - GUILDFORD,L74680,0733,stop,2026-04-15,08:15:00,,
EARLSFIELD - GUILDFORD,L74680,0733,stop,2026-04-08,08:15:00,,
EARLSFIELD - GUILDFORD,L74680,0733,stop,2026-04-16,08:15:00,,
EARLSFIELD - GUILDFORD,Q38900,0733,stop,2026-04-03,08:19:00,,
EARLSFIELD - GUILDFORD,L74681,0733,stop,2026-04-04,08:19:00,,
EARLSFIELD - GUILDFORD,L74681,0733,stop,2026-04-18,08:19:00,,
EARLSFIELD - GUILDFORD,L74681,0733,stop,2026-04-11,08:19:00,,
EARLSFIELD - GUILDFORD,Q51335,0733,stop,2026-04-06,08:19:00,,
EARLSFIELD - GUILDFORD,L74681,0733,stop,2026-04-25,08:19:00,,
RAYNES PARK - GUILDFORD,P61583,748,stop,2026-04-12,08:21:00,,
RAYNES PARK - GUILDFORD,P61583,748,stop,2026-04-26,08:21:00,,
GUILDFORD - WEYMOUTH,P61400,0748,pass,2026-04-26,08:21:00,,
RAYNES PARK - GUILDFORD,P61583,748,stop,2026-04-19,08:21:00,,
RAYNES PARK - GUILDFORD,P61583,748,stop,2026-04-05,08:21:00,,
PORTSMOUTH HARBOUR - SURBITON (2),L76195,0648,pass,2026-04-26,08:22:00,,
GUILDFORD - EARLSFIELD,P61587,0820,stop,2026-04-12,08:24:00,,
GUILDFORD - EARLSFIELD,P61587,0820,stop,2026-04-26,08:24:00,,
GUILDFORD - EARLSFIELD,P61587,0820,stop,2026-04-19,08:24:00,,
GUILDFORD - EARLSFIELD,P61587,0820,stop,2026-04-05,08:24:00,,
EFFINGHAM JUNCTION - WORCESTER PARK,Q54781,815,stop,2026-04-12,08:24:00,,
RAYNES PARK - GUILDFORD,P61583,0748,stop,2026-04-05,08:25:00,,
RAYNES PARK - GUILDFORD,P61583,0748,stop,2026-04-26,08:25:00,,
RAYNES PARK - GUILDFORD,P61583,0748,stop,2026-04-12,08:25:00,,
RAYNES PARK - GUILDFORD,P61583,0748,stop,2026-04-19,08:25:00,,
WORCESTER PARK - EFFINGHAM JUNCTION,Q54819,735,stop,2026-04-12,08:30:00,,
SURBITON - PORTSMOUTH HARBOUR (2),L76190,0802,pass,2026-04-26,08:35:00,,
GUILDFORD - EARLSFIELD (2),L74702,0834,stop,2026-04-09,08:38:00,,
GUILDFORD - EARLSFIELD (2),L74702,0834,stop,2026-04-17,08:38:00,,
GUILDFORD - EARLSFIELD (2),L74703,0834,stop,2026-04-25,08:38:00,,
GUILDFORD - EARLSFIELD (2),L74702,0834,stop,2026-04-27,08:38:00,,
GUILDFORD - EARLSFIELD (2),L74702,0834,stop,2026-04-10,08:38:00,,
GUILDFORD - EARLSFIELD (2),L74702,0834,stop,2026-04-29,08:38:00,,
GUILDFORD - EARLSFIELD (2),Q51030,0834,stop,2026-04-06,08:38:00,,
GUILDFORD - EARLSFIELD (2),L74702,0834,stop,2026-04-06,08:38:00,,
GUILDFORD - EARLSFIELD (2),L74702,0834,stop,2026-04-02,08:38:00,,
GUILDFORD - EARLSFIELD (2),L74702,0834,stop,2026-04-01,08:38:00,,
GUILDFORD - EARLSFIELD (2),L74702,0834,stop,2026-04-30,08:38:00,,
GUILDFORD - EARLSFIELD (2),L74703,0834,stop,2026-04-18,08:38:00,,
GUILDFORD - EARLSFIELD (2),L74702,0834,stop,2026-04-16,08:38:00,,
GUILDFORD - EARLSFIELD (2),L74702,0834,stop,2026-04-24,08:38:00,,
GUILDFORD - EARLSFIELD (2),L74702,0834,stop,2026-04-13,08:38:00,,
GUILDFORD - EARLSFIELD (2),L74702,0834,stop,2026-04-23,08:38:00,,
GUILDFORD - EARLSFIELD (2),L74702,0834,stop,2026-04-28,08:38:00,,
GUILDFORD - EARLSFIELD (2),L74703,0834,stop,2026-04-04,08:38:00,,
GUILDFORD - EARLSFIELD (2),L74702,0834,stop,2026-04-07,08:38:00,,
GUILDFORD - EARLSFIELD (2),L74702,0834,stop,2026-04-20,08:38:00,,
GUILDFORD - EARLSFIELD (2),L74702,0834,stop,2026-04-15,08:38:00,,
GUILDFORD - EARLSFIELD (2),L74702,0834,stop,2026-04-21,08:38:00,,
GUILDFORD - EARLSFIELD (2),L74702,0834,stop,2026-04-03,08:38:00,,
GUILDFORD - EARLSFIELD (2),Q38841,0834,stop,2026-04-03,08:38:00,,
GUILDFORD - EARLSFIELD (2),L74702,0834,stop,2026-04-14,08:38:00,,
GUILDFORD - EARLSFIELD (2),L74702,0834,stop,2026-04-22,08:38:00,,
GUILDFORD - EARLSFIELD (2),L74702,0834,stop,2026-04-08,08:38:00,,
GUILDFORD - EARLSFIELD (2),L74703,0834,stop,2026-04-11,08:38:00,,
GUILDFORD - EARLSFIELD,P61587,820,stop,2026-04-05,08:39:00,,
GUILDFORD - EARLSFIELD,P61587,820,stop,2026-04-26,08:39:00,,
GUILDFORD - EARLSFIELD,P61587,820,stop,2026-04-19,08:39:00,,
GUILDFORD - EARLSFIELD,P61587,820,stop,2026-04-12,08:39:00,,
EARLSFIELD - GUILDFORD (2),P61581,753,stop,2026-04-28,08:41:00,,
EARLSFIELD - GUILDFORD (2),P61581,753,stop,2026-04-15,08:41:00,,
EARLSFIELD - GUILDFORD (2),P61582,753,stop,2026-04-11,08:41:00,,
EARLSFIELD - GUILDFORD (2),P61581,753,stop,2026-04-21,08:41:00,,
EARLSFIELD - GUILDFORD (2),P61581,753,stop,2026-04-29,08:41:00,,
EARLSFIELD - GUILDFORD (2),P61581,753,stop,2026-04-20,08:41:00,,
EARLSFIELD - GUILDFORD (2),P61581,753,stop,2026-04-22,08:41:00,,
EARLSFIELD - GUILDFORD (2),P61581,753,stop,2026-04-13,08:41:00,,
EARLSFIELD - GUILDFORD (2),Q38883,753,stop,2026-04-03,08:41:00,,
EARLSFIELD - GUILDFORD (2),P61581,753,stop,2026-04-30,08:41:00,,
EARLSFIELD - GUILDFORD (2),P61581,753,stop,2026-04-17,08:41:00,,
EARLSFIELD - GUILDFORD (2),P61581,753,stop,2026-04-16,08:41:00,,
EARLSFIELD - GUILDFORD (2),Q51125,753,stop,2026-04-06,08:41:00,,
EARLSFIELD - GUILDFORD (2),P61581,753,stop,2026-04-06,08:41:00,,
EARLSFIELD - GUILDFORD (2),P61581,753,stop,2026-04-03,08:41:00,,
EARLSFIELD - GUILDFORD (2),P61582,753,stop,2026-04-18,08:41:00,,
EARLSFIELD - GUILDFORD (2),P61581,753,stop,2026-04-01,08:41:00,,
EARLSFIELD - GUILDFORD (2),P61581,753,stop,2026-04-14,08:41:00,,
EARLSFIELD - GUILDFORD (2),P61581,753,stop,2026-04-10,08:41:00,,
EARLSFIELD - GUILDFORD (2),P61582,753,stop,2026-04-25,08:41:00,,
EARLSFIELD - GUILDFORD (2),P61581,753,stop,2026-04-08,08:41:00,,
EARLSFIELD - GUILDFORD (2),P61581,753,stop,2026-04-24,08:41:00,,
EARLSFIELD - GUILDFORD (2),P61581,753,stop,2026-04-09,08:41:00,,
EARLSFIELD - GUILDFORD (2),P61581,753,stop,2026-04-07,08:41:00,,
EARLSFIELD - GUILDFORD (2),P61581,753,stop,2026-04-27,08:41:00,,
EARLSFIELD - GUILDFORD (2),P61581,753,stop,2026-04-23,08:41:00,,
EARLSFIELD - GUILDFORD (2),P61581,753,stop,2026-04-02,08:41:00,,
EARLSFIELD - GUILDFORD (2),P61582,753,stop,2026-04-04,08:41:00,,
GUILDFORD - EARLSFIELD (4),L74704,0839,stop,2026-04-05,08:43:00,,
EARLSFIELD - GUILDFORD (3),P61581,0753,stop,2026-04-03,08:45:00,,
EARLSFIELD - GUILDFORD (3),P61581,0753,stop,2026-04-13,08:45:00,,
EARLSFIELD - GUILDFORD (3),P61581,0753,stop,2026-04-21,08:45:00,,
EARLSFIELD - GUILDFORD (3),P61581,0753,stop,2026-04-22,08:45:00,,
EARLSFIELD - GUILDFORD (3),P61581,0753,stop,2026-04-20,08:45:00,,
EARLSFIELD - GUILDFORD (3),P61581,0753,stop,2026-04-27,08:45:00,,
EARLSFIELD - GUILDFORD (3),P61581,0753,stop,2026-04-07,08:45:00,,
EARLSFIELD - GUILDFORD (3),P61581,0753,stop,2026-04-06,08:45:00,,
EARLSFIELD - GUILDFORD (3),P61581,0753,stop,2026-04-10,08:45:00,,
EARLSFIELD - GUILDFORD (3),P61581,0753,stop,2026-04-02,08:45:00,,
EARLSFIELD - GUILDFORD (3),P61581,0753,stop,2026-04-15,08:45:00,,
EARLSFIELD - GUILDFORD (3),P61581,0753,stop,2026-04-30,08:45:00,,
EARLSFIELD - GUILDFORD (3),Q51125,0753,stop,2026-04-06,08:45:00,,
EARLSFIELD - GUILDFORD (3),Q38883,0753,stop,2026-04-03,08:45:00,,
EARLSFIELD - GUILDFORD (3),P61582,0753,stop,2026-04-25,08:45:00,,
EARLSFIELD - GUILDFORD (3),P61581,0753,stop,2026-04-17,08:45:00,,
EARLSFIELD - GUILDFORD (3),P61581,0753,stop,2026-04-14,08:45:00,,
EARLSFIELD - GUILDFORD (3),P61581,0753,stop,2026-04-29,08:45:00,,
EARLSFIELD - GUILDFORD (3),P61582,0753,stop,2026-04-18,08:45:00,,
EARLSFIELD - GUILDFORD (3),P61581,0753,stop,2026-04-09,08:45:00,,
EARLSFIELD - GUILDFORD (4),L74686,0757,stop,2026-04-05,08:45:00,,
EARLSFIELD - GUILDFORD (3),P61582,0753,stop,2026-04-04,08:45:00,,
EARLSFIELD - GUILDFORD (3),P61581,0753,stop,2026-04-16,08:45:00,,
EARLSFIELD - GUILDFORD (3),P61582,0753,stop,2026-04-11,08:45:00,,
EARLSFIELD - GUILDFORD (3),P61581,0753,stop,2026-04-08,08:45:00,,
EARLSFIELD - GUILDFORD (3),P61581,0753,stop,2026-04-24,08:45:00,,
EARLSFIELD - GUILDFORD (3),P61581,0753,stop,2026-04-23,08:45:00,,
EARLSFIELD - GUILDFORD (3),P61581,0753,stop,2026-04-01,08:45:00,,
EARLSFIELD - GUILDFORD (3),P61581,0753,stop,2026-04-28,08:45:00,,
GUILDFORD - EARLSFIELD,L74235,0842,stop,2026-04-10,08:46:00,,
GUILDFORD - EARLSFIELD,L74235,0842,stop,2026-04-08,08:46:00,,
GUILDFORD - EARLSFIELD,L74235,0842,stop,2026-04-29,08:46:00,,
GUILDFORD - EARLSFIELD,L74235,0842,stop,2026-04-17,08:46:00,,
GUILDFORD - EARLSFIELD,L74235,0842,stop,2026-04-02,08:46:00,,
GUILDFORD - EARLSFIELD,L74235,0842,stop,2026-04-16,08:46:00,,
GUILDFORD - EARLSFIELD,L74235,0842,stop,2026-04-30,08:46:00,,
GUILDFORD - EARLSFIELD,L74235,0842,stop,2026-04-06,08:46:00,,
GUILDFORD - EARLSFIELD,L74235,0842,stop,2026-04-27,08:46:00,,
GUILDFORD - EARLSFIELD,L74235,0842,stop,2026-04-09,08:46:00,,
PORTSMOUTH HARBOUR - SURBITON,L73387,0732,pass,2026-04-26,08:46:00,,
GUILDFORD - EARLSFIELD,L74235,0842,stop,2026-04-21,08:46:00,,
GUILDFORD - EARLSFIELD,L74235,0842,stop,2026-04-22,08:46:00,,
GUILDFORD - EARLSFIELD,L74235,0842,stop,2026-04-24,08:46:00,,
GUILDFORD - EARLSFIELD,L74235,0842,stop,2026-04-15,08:46:00,,
GUILDFORD - EARLSFIELD,L74235,0842,stop,2026-04-01,08:46:00,,
GUILDFORD - EARLSFIELD,L74235,0842,stop,2026-04-14,08:46:00,,
GUILDFORD - EARLSFIELD,L74235,0842,stop,2026-04-13,08:46:00,,
GUILDFORD - EARLSFIELD,L74235,0842,stop,2026-04-20,08:46:00,,
GUILDFORD - EARLSFIELD,L74235,0842,stop,2026-04-28,08:46:00,,
GUILDFORD - EARLSFIELD,L74235,0842,stop,2026-04-07,08:46:00,,
GUILDFORD - EARLSFIELD,L74235,0842,stop,2026-04-23,08:46:00,,
GUILDFORD - EARLSFIELD,L74235,0842,stop,2026-04-03,08:46:00,,
EARLSFIELD - GUILDFORD,P61723,0803,stop,2026-04-28,08:49:00,,
EARLSFIELD - GUILDFORD,P61723,0803,stop,2026-04-24,08:49:00,,
GUILDFORD - EARLSFIELD,L74234,0845,stop,2026-04-18,08:49:00,,
EARLSFIELD - GUILDFORD,P61723,0803,stop,2026-04-02,08:49:00,,
EARLSFIELD - GUILDFORD,P61723,0803,stop,2026-04-29,08:49:00,,
EARLSFIELD - GUILDFORD,P61723,0803,stop,2026-04-01,08:49:00,,
EARLSFIELD - GUILDFORD,P61723,0803,stop,2026-04-27,08:49:00,,
EARLSFIELD - GUILDFORD,L74685,0803,stop,2026-04-25,08:49:00,,
GUILDFORD - EARLSFIELD,L74234,0845,stop,2026-04-11,08:49:00,,
EARLSFIELD - GUILDFORD,P61723,0803,stop,2026-04-13,08:49:00,,
EARLSFIELD - GUILDFORD,Q38876,0803,stop,2026-04-03,08:49:00,,
EARLSFIELD - GUILDFORD,P61723,0803,stop,2026-04-10,08:49:00,,
EARLSFIELD - GUILDFORD,P61723,0803,stop,2026-04-14,08:49:00,,
EARLSFIELD - GUILDFORD,P61723,0803,stop,2026-04-09,08:49:00,,
EARLSFIELD - GUILDFORD,P61723,0803,stop,2026-04-15,08:49:00,,
EARLSFIELD - GUILDFORD,P61723,0803,stop,2026-04-08,08:49:00,,
GUILDFORD - EARLSFIELD,Q88882,0845,stop,2026-04-03,08:49:00,,
EARLSFIELD - GUILDFORD,P61723,0803,stop,2026-04-16,08:49:00,,
EARLSFIELD - GUILDFORD,P61723,0803,stop,2026-04-07,08:49:00,,
GUILDFORD - EARLSFIELD,L74234,0845,stop,2026-04-04,08:49:00,,
EARLSFIELD - GUILDFORD,P61723,0803,stop,2026-04-17,08:49:00,,
GUILDFORD - EARLSFIELD,Q51006,0845,stop,2026-04-06,08:49:00,,
EARLSFIELD - GUILDFORD,L74685,0803,stop,2026-04-18,08:49:00,,
EARLSFIELD - GUILDFORD,Q51104,0803,stop,2026-04-06,08:49:00,,
EARLSFIELD - GUILDFORD,P61723,0803,stop,2026-04-06,08:49:00,,
EARLSFIELD - GUILDFORD,P61723,0803,stop,2026-04-20,08:49:00,,
GUILDFORD - EARLSFIELD,L74234,0845,stop,2026-04-25,08:49:00,,
EARLSFIELD - GUILDFORD,L74685,0803,stop,2026-04-11,08:49:00,,
EARLSFIELD - GUILDFORD,P61723,0803,stop,2026-04-21,08:49:00,,
EARLSFIELD - GUILDFORD,L74685,0803,stop,2026-04-04,08:49:00,,
EARLSFIELD - GUILDFORD,P61723,0803,stop,2026-04-22,08:49:00,,
EARLSFIELD - GUILDFORD,P61723,0803,stop,2026-04-23,08:49:00,,
EARLSFIELD - GUILDFORD,P61723,0803,stop,2026-04-03,08:49:00,,
EARLSFIELD - GUILDFORD,P61723,0803,stop,2026-04-30,08:49:00,,
RAYNES PARK - GUILDFORD (2),L74686,0802,stop,2026-04-19,08:50:00,,
RAYNES PARK - GUILDFORD (2),L74686,0802,stop,2026-04-26,08:50:00,,
RAYNES PARK - GUILDFORD (2),L74686,0802,stop,2026-04-12,08:52:00,,
GUILDFORD - SURBITON,L74704,0850,stop,2026-04-26,08:54:00,,
GUILDFORD - SURBITON,L74704,0850,stop,2026-04-19,08:54:00,,
GUILDFORD - SURBITON,L74704,0850,stop,2026-04-12,08:54:00,,
SOUTHAMPTON CENTRAL - GUILDFORD,Q62904,0725,pass,2026-04-26,08:57:00,,
SURBITON - PORTSMOUTH HARBOUR,L73381,0828H,pass,2026-04-26,08:59:00,,
GUILDFORD - EARLSFIELD,L74235,842,stop,2026-04-20,09:03:00,,
GUILDFORD - EARLSFIELD,L74235,842,stop,2026-04-21,09:03:00,,
GUILDFORD - EARLSFIELD,L74235,842,stop,2026-04-23,09:03:00,,
GUILDFORD - EARLSFIELD,L74235,842,stop,2026-04-13,09:03:00,,
GUILDFORD - EARLSFIELD,L74235,842,stop,2026-04-06,09:03:00,,
GUILDFORD - EARLSFIELD,L74235,842,stop,2026-04-24,09:03:00,,
GUILDFORD - EARLSFIELD,L74235,842,stop,2026-04-22,09:03:00,,
GUILDFORD - EARLSFIELD,L74235,842,stop,2026-04-03,09:03:00,,
GUILDFORD - EARLSFIELD,L74235,842,stop,2026-04-14,09:03:00,,
GUILDFORD - EARLSFIELD,L74235,842,stop,2026-04-15,09:03:00,,
GUILDFORD - EARLSFIELD,L74235,842,stop,2026-04-16,09:03:00,,
GUILDFORD - EARLSFIELD,L74235,842,stop,2026-04-09,09:03:00,,
GUILDFORD - EARLSFIELD,L74235,842,stop,2026-04-08,09:03:00,,
GUILDFORD - EARLSFIELD,L74235,842,stop,2026-04-02,09:03:00,,
GUILDFORD - EARLSFIELD,L74235,842,stop,2026-04-01,09:03:00,,
GUILDFORD - EARLSFIELD,L74235,842,stop,2026-04-07,09:03:00,,
GUILDFORD - EARLSFIELD,L74235,842,stop,2026-04-29,09:03:00,,
GUILDFORD - EARLSFIELD,L74235,842,stop,2026-04-28,09:03:00,,
GUILDFORD - EARLSFIELD,L74235,842,stop,2026-04-10,09:03:00,,
GUILDFORD - EARLSFIELD,L74235,842,stop,2026-04-27,09:03:00,,
GUILDFORD - EARLSFIELD,L74235,842,stop,2026-04-17,09:03:00,,
GUILDFORD - EARLSFIELD,L74235,842,stop,2026-04-30,09:03:00,,
PORTSMOUTH HARBOUR - GUILDFORD,P61106,0745,pass,2026-04-02,09:04:00,,
PORTSMOUTH HARBOUR - GUILDFORD,P61106,0745,pass,2026-04-15,09:04:00,,
PORTSMOUTH HARBOUR - GUILDFORD,P61106,0745,pass,2026-04-16,09:04:00,,
PORTSMOUTH HARBOUR - GUILDFORD,P61106,0745,pass,2026-04-21,09:04:00,,
PORTSMOUTH HARBOUR - GUILDFORD,P61106,0745,pass,2026-04-24,09:04:00,,
PORTSMOUTH HARBOUR - GUILDFORD,P61106,0745,pass,2026-04-07,09:04:00,,
PORTSMOUTH HARBOUR - GUILDFORD,P61106,0745,pass,2026-04-10,09:04:00,,
PORTSMOUTH HARBOUR - GUILDFORD,P61106,0745,pass,2026-04-03,09:04:00,,
PORTSMOUTH HARBOUR - GUILDFORD,P61106,0745,pass,2026-04-13,09:04:00,,
PORTSMOUTH HARBOUR - GUILDFORD,P61106,0745,pass,2026-04-01,09:04:00,,
PORTSMOUTH HARBOUR - GUILDFORD,P61106,0745,pass,2026-04-06,09:04:00,,
PORTSMOUTH HARBOUR - GUILDFORD,P61106,0745,pass,2026-04-14,09:04:00,,
PORTSMOUTH HARBOUR - GUILDFORD,P61106,0745,pass,2026-04-27,09:04:00,,
PORTSMOUTH HARBOUR - GUILDFORD,P61106,0745,pass,2026-04-23,09:04:00,,
PORTSMOUTH HARBOUR - GUILDFORD,P61106,0745,pass,2026-04-22,09:04:00,,
PORTSMOUTH HARBOUR - GUILDFORD,P61106,0745,pass,2026-04-08,09:04:00,,
PORTSMOUTH HARBOUR - GUILDFORD,P61106,0745,pass,2026-04-29,09:04:00,,
PORTSMOUTH HARBOUR - GUILDFORD,P61106,0745,pass,2026-04-28,09:04:00,,
PORTSMOUTH HARBOUR - GUILDFORD,P61106,0745,pass,2026-04-20,09:04:00,,
PORTSMOUTH HARBOUR - GUILDFORD,P61106,0745,pass,2026-04-30,09:04:00,,
PORTSMOUTH HARBOUR - GUILDFORD,P61106,0745,pass,2026-04-17,09:04:00,,
PORTSMOUTH HARBOUR - GUILDFORD,P61106,0745,pass,2026-04-09,09:04:00,,
GUILDFORD - EARLSFIELD,Q51006,845,stop,2026-04-06,09:05:00,,
HAVANT - GUILDFORD (2),Q85572,0804,pass,2026-04-01,09:05:00,,
GUILDFORD - EARLSFIELD,L74234,845,stop,2026-04-04,09:05:00,,
GUILDFORD - EARLSFIELD,L74234,845,stop,2026-04-18,09:05:00,,
GUILDFORD - EARLSFIELD,Q88882,845,stop,2026-04-03,09:05:00,,
GUILDFORD - EARLSFIELD,L74234,845,stop,2026-04-11,09:05:00,,
HAVANT - GUILDFORD (2),Q85572,0804,pass,2026-04-02,09:05:00,,
GUILDFORD - EARLSFIELD,L74234,845,stop,2026-04-25,09:05:00,,
GUILDFORD - EARLSFIELD (2),L74708,0904,stop,2026-04-02,09:08:00,,
GUILDFORD - EARLSFIELD (2),L74709,0904,stop,2026-04-25,09:08:00,,
GUILDFORD - EARLSFIELD (2),L74708,0904,stop,2026-04-21,09:08:00,,
GUILDFORD - EARLSFIELD (2),L74708,0904,stop,2026-04-24,09:08:00,,
GUILDFORD - EARLSFIELD (2),L74708,0904,stop,2026-04-07,09:08:00,,
GUILDFORD - EARLSFIELD (2),L74708,0904,stop,2026-04-27,09:08:00,,
GUILDFORD - EARLSFIELD (2),L74708,0904,stop,2026-04-10,09:08:00,,
GUILDFORD - EARLSFIELD (2),L74708,0904,stop,2026-04-15,09:08:00,,
GUILDFORD - EARLSFIELD (2),L74708,0904,stop,2026-04-08,09:08:00,,
GUILDFORD - EARLSFIELD (2),L74708,0904,stop,2026-04-14,09:08:00,,
GUILDFORD - EARLSFIELD (2),L74708,0904,stop,2026-04-09,09:08:00,,
GUILDFORD - EARLSFIELD (2),L74708,0904,stop,2026-04-03,09:08:00,,
GUILDFORD - EARLSFIELD (2),L74708,0904,stop,2026-04-30,09:08:00,,
GUILDFORD - EARLSFIELD (2),Q38818,0904,stop,2026-04-03,09:08:00,,
GUILDFORD - EARLSFIELD (2),L74708,0904,stop,2026-04-16,09:08:00,,
GUILDFORD - EARLSFIELD (2),L74709,0904,stop,2026-04-11,09:08:00,,
GUILDFORD - EARLSFIELD (2),L74708,0904,stop,2026-04-23,09:08:00,,
GUILDFORD - EARLSFIELD (2),L74708,0904,stop,2026-04-20,09:08:00,,
GUILDFORD - EARLSFIELD (2),L74708,0904,stop,2026-04-22,09:08:00,,
GUILDFORD - EARLSFIELD (2),L74708,0904,stop,2026-04-29,09:08:00,,
GUILDFORD - EARLSFIELD (2),L74708,0904,stop,2026-04-28,09:08:00,,
GUILDFORD - EARLSFIELD (2),Q50967,0904,stop,2026-04-06,09:08:00,,
GUILDFORD - EARLSFIELD (2),L74708,0904,stop,2026-04-01,09:08:00,,
GUILDFORD - EARLSFIELD (2),L74708,0904,stop,2026-04-06,09:08:00,,
GUILDFORD - EARLSFIELD (2),L74708,0904,stop,2026-04-17,09:08:00,,
GUILDFORD - EARLSFIELD (2),L74709,0904,stop,2026-04-18,09:08:00,,
GUILDFORD - EARLSFIELD (2),L74709,0904,stop,2026-04-04,09:08:00,,
GUILDFORD - EARLSFIELD (2),L74708,0904,stop,2026-04-13,09:08:00,,
EFFINGHAM JUNCTION - WORCESTER PARK,Q54780,0915,stop,2026-04-12,09:15:00,,
EARLSFIELD - GUILDFORD,L74690,0833,stop,2026-04-11,09:19:00,,
EARLSFIELD - GUILDFORD,L74689,0833,stop,2026-04-27,09:19:00,,
EARLSFIELD - GUILDFORD,L74689,0833,stop,2026-04-30,09:19:00,,
EARLSFIELD - GUILDFORD,L74689,0833,stop,2026-04-24,09:19:00,,
EARLSFIELD - GUILDFORD,L74689,0833,stop,2026-04-28,09:19:00,,
EARLSFIELD - GUILDFORD,L74689,0833,stop,2026-04-01,09:19:00,,
EARLSFIELD - GUILDFORD,L74689,0833,stop,2026-04-13,09:19:00,,
EARLSFIELD - GUILDFORD,L74689,0833,stop,2026-04-08,09:19:00,,
EARLSFIELD - GUILDFORD,L74689,0833,stop,2026-04-14,09:19:00,,
EARLSFIELD - GUILDFORD,L74689,0833,stop,2026-04-22,09:19:00,,
EARLSFIELD - GUILDFORD,L74689,0833,stop,2026-04-10,09:19:00,,
EARLSFIELD - GUILDFORD,L74689,0833,stop,2026-04-29,09:19:00,,
EARLSFIELD - GUILDFORD,L74689,0833,stop,2026-04-20,09:19:00,,
EARLSFIELD - GUILDFORD,L74689,0833,stop,2026-04-16,09:19:00,,
EARLSFIELD - GUILDFORD,L74690,0833,stop,2026-04-18,09:19:00,,
EARLSFIELD - GUILDFORD,L74689,0833,stop,2026-04-17,09:19:00,,
EARLSFIELD - GUILDFORD,L74690,0833,stop,2026-04-25,09:19:00,,
EARLSFIELD - GUILDFORD,L74689,0833,stop,2026-04-23,09:19:00,,
EARLSFIELD - GUILDFORD,L74689,0833,stop,2026-04-09,09:19:00,,
EARLSFIELD - GUILDFORD,Q38842,0833,stop,2026-04-03,09:19:00,,
EARLSFIELD - GUILDFORD,L74689,0833,stop,2026-04-02,09:19:00,,
EARLSFIELD - GUILDFORD,L74689,0833,stop,2026-04-07,09:19:00,,
EARLSFIELD - GUILDFORD,L74690,0833,stop,2026-04-04,09:19:00,,
EARLSFIELD - GUILDFORD,L74689,0833,stop,2026-04-03,09:19:00,,
EARLSFIELD - GUILDFORD,L74689,0833,stop,2026-04-06,09:19:00,,
EARLSFIELD - GUILDFORD,Q51033,0833,stop,2026-04-06,09:19:00,,
EARLSFIELD - GUILDFORD,L74689,0833,stop,2026-04-21,09:19:00,,
EARLSFIELD - GUILDFORD,L74689,0833,stop,2026-04-15,09:19:00,,
EARLSFIELD - GUILDFORD (2),P61586,832,stop,2026-04-26,09:21:00,,
GUILDFORD - WEYMOUTH,P61409,0848,pass,2026-04-26,09:21:00,,
EARLSFIELD - GUILDFORD (2),P61586,832,stop,2026-04-12,09:21:00,,
EARLSFIELD - GUILDFORD (2),P61586,832,stop,2026-04-19,09:21:00,,
EARLSFIELD - GUILDFORD (2),P61586,832,stop,2026-04-05,09:21:00,,
PORTSMOUTH HARBOUR - SURBITON (2),L76201,0751,pass,2026-04-26,09:22:00,,
GUILDFORD - EARLSFIELD,L74236,0920,stop,2026-04-19,09:24:00,,
GUILDFORD - EARLSFIELD,L74236,0920,stop,2026-04-12,09:24:00,,
GUILDFORD - EARLSFIELD,L74236,0920,stop,2026-04-26,09:24:00,,
EFFINGHAM JUNCTION - WORCESTER PARK,Q54780,915,stop,2026-04-12,09:24:00,,
GUILDFORD - EARLSFIELD,L74236,0920,stop,2026-04-05,09:24:00,,
EARLSFIELD - GUILDFORD (3),P61586,0832,stop,2026-04-05,09:25:00,,
EARLSFIELD - GUILDFORD (3),P61586,0832,stop,2026-04-19,09:25:00,,
EARLSFIELD - GUILDFORD (3),P61586,0832,stop,2026-04-12,09:25:00,,
EARLSFIELD - GUILDFORD (3),P61586,0832,stop,2026-04-26,09:25:00,,
WORCESTER PARK - EFFINGHAM JUNCTION,Q54818,835,stop,2026-04-12,09:30:00,,
SURBITON - PORTSMOUTH HARBOUR (2),L76196,0902,pass,2026-04-26,09:35:00,,
GUILDFORD - EARLSFIELD (2),L74713,0934,stop,2026-04-04,09:38:00,,
GUILDFORD - EARLSFIELD (2),L74712,0934,stop,2026-04-16,09:38:00,,
GUILDFORD - EARLSFIELD (2),Q88846,0934,stop,2026-04-03,09:38:00,,
GUILDFORD - EARLSFIELD (2),L74712,0934,stop,2026-04-09,09:38:00,,
GUILDFORD - EARLSFIELD (2),L74712,0934,stop,2026-04-22,09:38:00,,
GUILDFORD - EARLSFIELD (2),L74712,0934,stop,2026-04-02,09:38:00,,
GUILDFORD - EARLSFIELD (2),L74712,0934,stop,2026-04-28,09:38:00,,
GUILDFORD - EARLSFIELD (2),L74712,0934,stop,2026-04-08,09:38:00,,
GUILDFORD - EARLSFIELD (2),L74712,0934,stop,2026-04-03,09:38:00,,
GUILDFORD - EARLSFIELD (2),L74712,0934,stop,2026-04-15,09:38:00,,
GUILDFORD - EARLSFIELD (2),L74712,0934,stop,2026-04-21,09:38:00,,
GUILDFORD - EARLSFIELD (2),L74712,0934,stop,2026-04-29,09:38:00,,
GUILDFORD - EARLSFIELD (2),L74713,0934,stop,2026-04-18,09:38:00,,
GUILDFORD - EARLSFIELD (2),L74712,0934,stop,2026-04-17,09:38:00,,
GUILDFORD - EARLSFIELD (2),L74712,0934,stop,2026-04-10,09:38:00,,
GUILDFORD - EARLSFIELD (2),L74713,0934,stop,2026-04-25,09:38:00,,
GUILDFORD - EARLSFIELD (2),L74712,0934,stop,2026-04-30,09:38:00,,
GUILDFORD - EARLSFIELD (2),L74712,0934,stop,2026-04-07,09:38:00,,
GUILDFORD - EARLSFIELD (2),L74712,0934,stop,2026-04-14,09:38:00,,
GUILDFORD - EARLSFIELD (2),L74712,0934,stop,2026-04-27,09:38:00,,
GUILDFORD - EARLSFIELD (2),L74712,0934,stop,2026-04-20,09:38:00,,
GUILDFORD - EARLSFIELD (2),L74712,0934,stop,2026-04-13,09:38:00,,
GUILDFORD - EARLSFIELD (2),L74712,0934,stop,2026-04-24,09:38:00,,
GUILDFORD - EARLSFIELD (2),L74712,0934,stop,2026-04-01,09:38:00,,
GUILDFORD - EARLSFIELD (2),L74712,0934,stop,2026-04-23,09:38:00,,
GUILDFORD - EARLSFIELD (2),L74713,0934,stop,2026-04-11,09:38:00,,
GUILDFORD - EARLSFIELD (2),L74712,0934,stop,2026-04-06,09:38:00,,
GUILDFORD - EARLSFIELD (2),Q50894,0934,stop,2026-04-06,09:38:00,,
GUILDFORD - EARLSFIELD,L74236,920,stop,2026-04-26,09:39:00,,
GUILDFORD - EARLSFIELD,L74236,920,stop,2026-04-12,09:39:00,,
GUILDFORD - EARLSFIELD,L74236,920,stop,2026-04-19,09:39:00,,
GUILDFORD - EARLSFIELD,L74236,920,stop,2026-04-05,09:39:00,,
EARLSFIELD - GUILDFORD (2),P61584,853,stop,2026-04-14,09:41:00,,
EARLSFIELD - GUILDFORD (2),P61584,853,stop,2026-04-09,09:41:00,,
EARLSFIELD - GUILDFORD (2),P61584,853,stop,2026-04-06,09:41:00,,
EARLSFIELD - GUILDFORD (2),P61585,853,stop,2026-04-04,09:41:00,,
EARLSFIELD - GUILDFORD (2),P61585,853,stop,2026-04-25,09:41:00,,
EARLSFIELD - GUILDFORD (2),Q50991,853,stop,2026-04-06,09:41:00,,
EARLSFIELD - GUILDFORD (2),P61584,853,stop,2026-04-22,09:41:00,,
EARLSFIELD - GUILDFORD (2),P61584,853,stop,2026-04-02,09:41:00,,
EARLSFIELD - GUILDFORD (2),P61584,853,stop,2026-04-21,09:41:00,,
EARLSFIELD - GUILDFORD (2),P61585,853,stop,2026-04-11,09:41:00,,
EARLSFIELD - GUILDFORD (2),P61584,853,stop,2026-04-16,09:41:00,,
EARLSFIELD - GUILDFORD (2),P61584,853,stop,2026-04-23,09:41:00,,
EARLSFIELD - GUILDFORD (2),P61584,853,stop,2026-04-27,09:41:00,,
EARLSFIELD - GUILDFORD (2),P61584,853,stop,2026-04-01,09:41:00,,
EARLSFIELD - GUILDFORD (2),P61584,853,stop,2026-04-13,09:41:00,,
EARLSFIELD - GUILDFORD (2),P61584,853,stop,2026-04-03,09:41:00,,
EARLSFIELD - GUILDFORD (2),P61584,853,stop,2026-04-28,09:41:00,,
EARLSFIELD - GUILDFORD (2),P61584,853,stop,2026-04-29,09:41:00,,
EARLSFIELD - GUILDFORD (2),P61584,853,stop,2026-04-10,09:41:00,,
EARLSFIELD - GUILDFORD (2),P61584,853,stop,2026-04-07,09:41:00,,
EARLSFIELD - GUILDFORD (2),Q38828,853,stop,2026-04-03,09:41:00,,
EARLSFIELD - GUILDFORD (2),P61584,853,stop,2026-04-20,09:41:00,,
EARLSFIELD - GUILDFORD (2),P61584,853,stop,2026-04-17,09:41:00,,
EARLSFIELD - GUILDFORD (2),P61584,853,stop,2026-04-08,09:41:00,,
EARLSFIELD - GUILDFORD (2),P61584,853,stop,2026-04-30,09:41:00,,
EARLSFIELD - GUILDFORD (2),P61584,853,stop,2026-04-15,09:41:00,,
EARLSFIELD - GUILDFORD (2),P61584,853,stop,2026-04-24,09:41:00,,
EARLSFIELD - GUILDFORD (2),P61585,853,stop,2026-04-18,09:41:00,,
GUILDFORD - EARLSFIELD (4),L74714,0939,stop,2026-04-05,09:43:00,,
EARLSFIELD - GUILDFORD (3),P61584,0853,stop,2026-04-20,09:45:00,,
EARLSFIELD - GUILDFORD (3),P61584,0853,stop,2026-04-24,09:45:00,,
EARLSFIELD - GUILDFORD (3),P61584,0853,stop,2026-04-09,09:45:00,,
EARLSFIELD - GUILDFORD (3),P61584,0853,stop,2026-04-03,09:45:00,,
EARLSFIELD - GUILDFORD (3),Q38828,0853,stop,2026-04-03,09:45:00,,
EARLSFIELD - GUILDFORD (3),P61585,0853,stop,2026-04-04,09:45:00,,
EARLSFIELD - GUILDFORD (3),P61584,0853,stop,2026-04-16,09:45:00,,
EARLSFIELD - GUILDFORD (3),P61584,0853,stop,2026-04-22,09:45:00,,
EARLSFIELD - GUILDFORD (3),P61585,0853,stop,2026-04-18,09:45:00,,
EARLSFIELD - GUILDFORD (3),P61584,0853,stop,2026-04-17,09:45:00,,
EARLSFIELD - GUILDFORD (3),P61584,0853,stop,2026-04-13,09:45:00,,
EARLSFIELD - GUILDFORD (3),P61584,0853,stop,2026-04-01,09:45:00,,
EARLSFIELD - GUILDFORD (3),P61585,0853,stop,2026-04-11,09:45:00,,
EARLSFIELD - GUILDFORD (3),P61584,0853,stop,2026-04-30,09:45:00,,
EARLSFIELD - GUILDFORD (3),P61584,0853,stop,2026-04-27,09:45:00,,
EARLSFIELD - GUILDFORD (3),Q50991,0853,stop,2026-04-06,09:45:00,,
EARLSFIELD - GUILDFORD (3),P61584,0853,stop,2026-04-15,09:45:00,,
EARLSFIELD - GUILDFORD (3),P61584,0853,stop,2026-04-29,09:45:00,,
EARLSFIELD - GUILDFORD (3),P61584,0853,stop,2026-04-08,09:45:00,,
EARLSFIELD - GUILDFORD (3),P61585,0853,stop,2026-04-25,09:45:00,,
EARLSFIELD - GUILDFORD (3),P61584,0853,stop,2026-04-02,09:45:00,,
EARLSFIELD - GUILDFORD (3),P61584,0853,stop,2026-04-28,09:45:00,,
EARLSFIELD - GUILDFORD (4),L74697,0857,stop,2026-04-05,09:45:00,,
EARLSFIELD - GUILDFORD (3),P61584,0853,stop,2026-04-10,09:45:00,,
EARLSFIELD - GUILDFORD (3),P61584,0853,stop,2026-04-07,09:45:00,,
EARLSFIELD - GUILDFORD (3),P61584,0853,stop,2026-04-06,09:45:00,,
EARLSFIELD - GUILDFORD (3),P61584,0853,stop,2026-04-21,09:45:00,,
EARLSFIELD - GUILDFORD (3),P61584,0853,stop,2026-04-14,09:45:00,,
EARLSFIELD - GUILDFORD (3),P61584,0853,stop,2026-04-23,09:45:00,,
PORTSMOUTH HARBOUR - SURBITON,L73397,0832,pass,2026-04-26,09:46:00,,
EARLSFIELD - GUILDFORD,L74696,0903,stop,2026-04-18,09:49:00,,
EARLSFIELD - GUILDFORD,P61724,0903,stop,2026-04-08,09:49:00,,
EARLSFIELD - GUILDFORD,P61724,0903,stop,2026-04-01,09:49:00,,
GUILDFORD - EARLSFIELD,Q88881,0945,stop,2026-04-03,09:49:00,,
GUILDFORD - EARLSFIELD,L74240,0945,stop,2026-04-06,09:49:00,,
GUILDFORD - EARLSFIELD,Q50842,0945,stop,2026-04-06,09:49:00,,
EARLSFIELD - GUILDFORD,P61724,0903,stop,2026-04-16,09:49:00,,
EARLSFIELD - GUILDFORD,P61724,0903,stop,2026-04-06,09:49:00,,
EARLSFIELD - GUILDFORD,Q50972,0903,stop,2026-04-06,09:49:00,,
EARLSFIELD - GUILDFORD,L74696,0903,stop,2026-04-11,09:49:00,,
GUILDFORD - EARLSFIELD,L74240,0945,stop,2026-04-30,09:49:00,,
GUILDFORD - EARLSFIELD,L74240,0945,stop,2026-04-03,09:49:00,,
EARLSFIELD - GUILDFORD,P61724,0903,stop,2026-04-03,09:49:00,,
GUILDFORD - EARLSFIELD,L74240,0945,stop,2026-04-02,09:49:00,,
EARLSFIELD - GUILDFORD,P61724,0903,stop,2026-04-29,09:49:00,,
EARLSFIELD - GUILDFORD,P61724,0903,stop,2026-04-13,09:49:00,,
GUILDFORD - EARLSFIELD,L74240,0945,stop,2026-04-21,09:49:00,,
EARLSFIELD - GUILDFORD,Q38819,0903,stop,2026-04-03,09:49:00,,
GUILDFORD - EARLSFIELD,L74240,0945,stop,2026-04-22,09:49:00,,
EARLSFIELD - GUILDFORD,P61724,0903,stop,2026-04-24,09:49:00,,
EARLSFIELD - GUILDFORD,P61724,0903,stop,2026-04-27,09:49:00,,
EARLSFIELD - GUILDFORD,P61724,0903,stop,2026-04-23,09:49:00,,
GUILDFORD - EARLSFIELD,L74241,0945,stop,2026-04-11,09:49:00,,
GUILDFORD - EARLSFIELD,L74240,0945,stop,2026-04-15,09:49:00,,
GUILDFORD - EARLSFIELD,L74240,0945,stop,2026-04-23,09:49:00,,
GUILDFORD - EARLSFIELD,L74240,0945,stop,2026-04-01,09:49:00,,
GUILDFORD - EARLSFIELD,L74240,0945,stop,2026-04-28,09:49:00,,
EARLSFIELD - GUILDFORD,P61724,0903,stop,2026-04-02,09:49:00,,
EARLSFIELD - GUILDFORD,L74696,0903,stop,2026-04-25,09:49:00,,
EARLSFIELD - GUILDFORD,P61724,0903,stop,2026-04-14,09:49:00,,
GUILDFORD - EARLSFIELD,L74240,0945,stop,2026-04-10,09:49:00,,
EARLSFIELD - GUILDFORD,P61724,0903,stop,2026-04-09,09:49:00,,
GUILDFORD - EARLSFIELD,L74240,0945,stop,2026-04-16,09:49:00,,
GUILDFORD - EARLSFIELD,L74241,0945,stop,2026-04-25,09:49:00,,
GUILDFORD - EARLSFIELD,L74240,0945,stop,2026-04-29,09:49:00,,
GUILDFORD - EARLSFIELD,L74240,0945,stop,2026-04-20,09:49:00,,
GUILDFORD - EARLSFIELD,L74240,0945,stop,2026-04-17,09:49:00,,
GUILDFORD - EARLSFIELD,L74240,0945,stop,2026-04-27,09:49:00,,
GUILDFORD - EARLSFIELD,L74240,0945,stop,2026-04-07,09:49:00,,
EARLSFIELD - GUILDFORD,P61724,0903,stop,2026-04-21,09:49:00,,
EARLSFIELD - GUILDFORD,L74696,0903,stop,2026-04-04,09:49:00,,
GUILDFORD - EARLSFIELD,L74240,0945,stop,2026-04-24,09:49:00,,
EARLSFIELD - GUILDFORD,P61724,0903,stop,2026-04-15,09:49:00,,
GUILDFORD - EARLSFIELD,L74240,0945,stop,2026-04-08,09:49:00,,
EARLSFIELD - GUILDFORD,P61724,0903,stop,2026-04-22,09:49:00,,
GUILDFORD - EARLSFIELD,L74240,0945,stop,2026-04-13,09:49:00,,
EARLSFIELD - GUILDFORD,P61724,0903,stop,2026-04-28,09:49:00,,
GUILDFORD - EARLSFIELD,L74240,0945,stop,2026-04-09,09:49:00,,
EARLSFIELD - GUILDFORD,P61724,0903,stop,2026-04-20,09:49:00,,
GUILDFORD - EARLSFIELD,L74241,0945,stop,2026-04-18,09:49:00,,
EARLSFIELD - GUILDFORD,P61724,0903,stop,2026-04-10,09:49:00,,
EARLSFIELD - GUILDFORD,P61724,0903,stop,2026-04-30,09:49:00,,
EARLSFIELD - GUILDFORD,P61724,0903,stop,2026-04-17,09:49:00,,
GUILDFORD - EARLSFIELD,L74241,0945,stop,2026-04-04,09:49:00,,
GUILDFORD - EARLSFIELD,L74240,0945,stop,2026-04-14,09:49:00,,
EARLSFIELD - GUILDFORD,P61724,0903,stop,2026-04-07,09:49:00,,
SURBITON - GUILDFORD,L74697,0913,stop,2026-04-26,09:50:00,,
SURBITON - GUILDFORD,L74697,0913,stop,2026-04-19,09:50:00,,
SURBITON - GUILDFORD,L74697,0913,stop,2026-04-12,09:52:00,,
GUILDFORD - SURBITON,L74714,0950,stop,2026-04-19,09:54:00,,
GUILDFORD - SURBITON,L74714,0950,stop,2026-04-26,09:54:00,,
GUILDFORD - SURBITON,L74714,0950,stop,2026-04-12,09:54:00,,
POOLE - GUILDFORD,L72807,0720,pass,2026-04-26,09:57:00,,
SURBITON - PORTSMOUTH HARBOUR,L73390,0928H,pass,2026-04-26,09:59:00,,
GUILDFORD - EARLSFIELD,L74240,945,stop,2026-04-01,10:05:00,,
GUILDFORD - EARLSFIELD,L74240,945,stop,2026-04-13,10:05:00,,
GUILDFORD - EARLSFIELD,L74240,945,stop,2026-04-27,10:05:00,,
GUILDFORD - EARLSFIELD,L74241,945,stop,2026-04-11,10:05:00,,
GUILDFORD - EARLSFIELD,L74241,945,stop,2026-04-25,10:05:00,,
GUILDFORD - EARLSFIELD,L74241,945,stop,2026-04-18,10:05:00,,
GUILDFORD - EARLSFIELD,L74240,945,stop,2026-04-28,10:05:00,,
GUILDFORD - EARLSFIELD,L74241,945,stop,2026-04-04,10:05:00,,
GUILDFORD - EARLSFIELD,Q50842,945,stop,2026-04-06,10:05:00,,
GUILDFORD - EARLSFIELD,L74240,945,stop,2026-04-09,10:05:00,,
GUILDFORD - EARLSFIELD,L74240,945,stop,2026-04-22,10:05:00,,
GUILDFORD - EARLSFIELD,L74240,945,stop,2026-04-30,10:05:00,,
GUILDFORD - EARLSFIELD,L74240,945,stop,2026-04-10,10:05:00,,
GUILDFORD - EARLSFIELD,L74240,945,stop,2026-04-21,10:05:00,,
GUILDFORD - EARLSFIELD,L74240,945,stop,2026-04-17,10:05:00,,
GUILDFORD - EARLSFIELD,L74240,945,stop,2026-04-14,10:05:00,,
GUILDFORD - EARLSFIELD,Q88881,945,stop,2026-04-03,10:05:00,,
GUILDFORD - EARLSFIELD,L74240,945,stop,2026-04-29,10:05:00,,
GUILDFORD - EARLSFIELD,L74240,945,stop,2026-04-23,10:05:00,,
GUILDFORD - EARLSFIELD,L74240,945,stop,2026-04-07,10:05:00,,
GUILDFORD - EARLSFIELD,L74240,945,stop,2026-04-02,10:05:00,,
GUILDFORD - EARLSFIELD,L74240,945,stop,2026-04-15,10:05:00,,
GUILDFORD - EARLSFIELD,L74240,945,stop,2026-04-06,10:05:00,,
GUILDFORD - EARLSFIELD,L74240,945,stop,2026-04-20,10:05:00,,
GUILDFORD - EARLSFIELD,L74240,945,stop,2026-04-08,10:05:00,,
GUILDFORD - EARLSFIELD,L74240,945,stop,2026-04-24,10:05:00,,
GUILDFORD - EARLSFIELD,L74240,945,stop,2026-04-03,10:05:00,,
GUILDFORD - EARLSFIELD,L74240,945,stop,2026-04-16,10:05:00,,
GUILDFORD - EARLSFIELD (2),L74718,1004,stop,2026-04-15,10:08:00,,
GUILDFORD - EARLSFIELD (2),L74718,1004,stop,2026-04-03,10:08:00,,
GUILDFORD - EARLSFIELD (2),L74718,1004,stop,2026-04-22,10:08:00,,
GUILDFORD - EARLSFIELD (2),L74718,1004,stop,2026-04-21,10:08:00,,
GUILDFORD - EARLSFIELD (2),L74719,1004,stop,2026-04-11,10:08:00,,
GUILDFORD - EARLSFIELD (2),L74718,1004,stop,2026-04-23,10:08:00,,
GUILDFORD - EARLSFIELD (2),L74718,1004,stop,2026-04-29,10:08:00,,
GUILDFORD - EARLSFIELD (2),L74718,1004,stop,2026-04-30,10:08:00,,
GUILDFORD - EARLSFIELD (2),L74718,1004,stop,2026-04-20,10:08:00,,
GUILDFORD - EARLSFIELD (2),Q38773,1004,stop,2026-04-03,10:08:00,,
GUILDFORD - EARLSFIELD (2),L74718,1004,stop,2026-04-08,10:08:00,,
GUILDFORD - EARLSFIELD (2),L74718,1004,stop,2026-04-24,10:08:00,,
GUILDFORD - EARLSFIELD (2),L74718,1004,stop,2026-04-14,10:08:00,,
GUILDFORD - EARLSFIELD (2),L74718,1004,stop,2026-04-07,10:08:00,,
GUILDFORD - EARLSFIELD (2),L74718,1004,stop,2026-04-16,10:08:00,,
GUILDFORD - EARLSFIELD (2),L74719,1004,stop,2026-04-04,10:08:00,,
GUILDFORD - EARLSFIELD (2),L74718,1004,stop,2026-04-27,10:08:00,,
GUILDFORD - EARLSFIELD (2),L74719,1004,stop,2026-04-18,10:08:00,,
GUILDFORD - EARLSFIELD (2),L74718,1004,stop,2026-04-09,10:08:00,,
GUILDFORD - EARLSFIELD (2),L74718,1004,stop,2026-04-06,10:08:00,,
GUILDFORD - EARLSFIELD (2),Q50799,1004,stop,2026-04-06,10:08:00,,
GUILDFORD - EARLSFIELD (2),L74718,1004,stop,2026-04-28,10:08:00,,
GUILDFORD - EARLSFIELD (2),L74719,1004,stop,2026-04-25,10:08:00,,
GUILDFORD - EARLSFIELD (2),L74718,1004,stop,2026-04-17,10:08:00,,
GUILDFORD - EARLSFIELD (2),L74718,1004,stop,2026-04-13,10:08:00,,
GUILDFORD - EARLSFIELD (2),L74718,1004,stop,2026-04-10,10:08:00,,
GUILDFORD - EARLSFIELD (2),L74718,1004,stop,2026-04-01,10:08:00,,
GUILDFORD - EARLSFIELD (2),L74718,1004,stop,2026-04-02,10:08:00,,
EFFINGHAM JUNCTION - WORCESTER PARK,Q54777,1015,stop,2026-04-12,10:15:00,,
EARLSFIELD - GUILDFORD,L74700,0933,stop,2026-04-24,10:19:00,,
EARLSFIELD - GUILDFORD,L74700,0933,stop,2026-04-07,10:19:00,,
EARLSFIELD - GUILDFORD,L74700,0933,stop,2026-04-03,10:19:00,,
EARLSFIELD - GUILDFORD,L74700,0933,stop,2026-04-10,10:19:00,,
EARLSFIELD - GUILDFORD,L74700,0933,stop,2026-04-29,10:19:00,,
EARLSFIELD - GUILDFORD,L74700,0933,stop,2026-04-09,10:19:00,,
EARLSFIELD - GUILDFORD,L74700,0933,stop,2026-04-08,10:19:00,,
EARLSFIELD - GUILDFORD,L74700,0933,stop,2026-04-21,10:19:00,,
EARLSFIELD - GUILDFORD,L74700,0933,stop,2026-04-13,10:19:00,,
EARLSFIELD - GUILDFORD,L74700,0933,stop,2026-04-02,10:19:00,,
EARLSFIELD - GUILDFORD,L74700,0933,stop,2026-04-16,10:19:00,,
EARLSFIELD - GUILDFORD,L74701,0933,stop,2026-04-11,10:19:00,,
EARLSFIELD - GUILDFORD,L74700,0933,stop,2026-04-17,10:19:00,,
EARLSFIELD - GUILDFORD,L74700,0933,stop,2026-04-22,10:19:00,,
EARLSFIELD - GUILDFORD,L74701,0933,stop,2026-04-18,10:19:00,,
EARLSFIELD - GUILDFORD,Q38796,0933,stop,2026-04-03,10:19:00,,
EARLSFIELD - GUILDFORD,L74700,0933,stop,2026-04-23,10:19:00,,
EARLSFIELD - GUILDFORD,L74700,0933,stop,2026-04-20,10:19:00,,
EARLSFIELD - GUILDFORD,L74700,0933,stop,2026-04-28,10:19:00,,
EARLSFIELD - GUILDFORD,L74700,0933,stop,2026-04-27,10:19:00,,
EARLSFIELD - GUILDFORD,L74701,0933,stop,2026-04-04,10:19:00,,
EARLSFIELD - GUILDFORD,Q50906,0933,stop,2026-04-06,10:19:00,,
EARLSFIELD - GUILDFORD,L74700,0933,stop,2026-04-06,10:19:00,,
EARLSFIELD - GUILDFORD,L74700,0933,stop,2026-04-01,10:19:00,,
EARLSFIELD - GUILDFORD,L74700,0933,stop,2026-04-15,10:19:00,,
EARLSFIELD - GUILDFORD,L74700,0933,stop,2026-04-14,10:19:00,,
EARLSFIELD - GUILDFORD,L74700,0933,stop,2026-04-30,10:19:00,,
EARLSFIELD - GUILDFORD,L74701,0933,stop,2026-04-25,10:19:00,,
EARLSFIELD - GUILDFORD (2),P61590,932,stop,2026-04-05,10:21:00,,
EARLSFIELD - GUILDFORD (2),P61590,932,stop,2026-04-19,10:21:00,,
EARLSFIELD - GUILDFORD (2),P61590,932,stop,2026-04-12,10:21:00,,
GUILDFORD - WEYMOUTH,P61418,0948,pass,2026-04-26,10:21:00,,
EARLSFIELD - GUILDFORD (2),P61590,932,stop,2026-04-26,10:21:00,,
PORTSMOUTH HARBOUR - SURBITON (2),L76207,0849,pass,2026-04-26,10:22:00,,
EFFINGHAM JUNCTION - WORCESTER PARK,Q54777,1015,stop,2026-04-12,10:24:00,,
GUILDFORD - EARLSFIELD,L74242,1020,stop,2026-04-26,10:24:00,,
GUILDFORD - EARLSFIELD,L74242,1020,stop,2026-04-19,10:24:00,,
GUILDFORD - EARLSFIELD,L74242,1020,stop,2026-04-12,10:24:00,,
GUILDFORD - EARLSFIELD,L74242,1020,stop,2026-04-05,10:24:00,,
EARLSFIELD - GUILDFORD (3),P61590,0932,stop,2026-04-05,10:25:00,,
EARLSFIELD - GUILDFORD (3),P61590,0932,stop,2026-04-12,10:25:00,,
EARLSFIELD - GUILDFORD (3),P61590,0932,stop,2026-04-26,10:25:00,,
EARLSFIELD - GUILDFORD (3),P61590,0932,stop,2026-04-19,10:25:00,,
WORCESTER PARK - EFFINGHAM JUNCTION,Q54817,935,stop,2026-04-12,10:30:00,,
SURBITON - PORTSMOUTH HARBOUR (2),L76202,1002,pass,2026-04-26,10:35:00,,
GUILDFORD - EARLSFIELD (2),L74722,1034,stop,2026-04-28,10:38:00,,
GUILDFORD - EARLSFIELD (2),Q50740,1034,stop,2026-04-06,10:38:00,,
GUILDFORD - EARLSFIELD (2),L74722,1034,stop,2026-04-20,10:38:00,,
GUILDFORD - EARLSFIELD (2),L74722,1034,stop,2026-04-03,10:38:00,,
GUILDFORD - EARLSFIELD (2),L74723,1034,stop,2026-04-18,10:38:00,,
GUILDFORD - EARLSFIELD (2),L74722,1034,stop,2026-04-23,10:38:00,,
GUILDFORD - EARLSFIELD (2),L74722,1034,stop,2026-04-16,10:38:00,,
GUILDFORD - EARLSFIELD (2),L74722,1034,stop,2026-04-06,10:38:00,,
GUILDFORD - EARLSFIELD (2),L74723,1034,stop,2026-04-25,10:38:00,,
GUILDFORD - EARLSFIELD (2),L74723,1034,stop,2026-04-11,10:38:00,,
GUILDFORD - EARLSFIELD (2),L74722,1034,stop,2026-04-09,10:38:00,,
GUILDFORD - EARLSFIELD (2),L74723,1034,stop,2026-04-04,10:38:00,,
GUILDFORD - EARLSFIELD (2),L74722,1034,stop,2026-04-15,10:38:00,,
GUILDFORD - EARLSFIELD (2),L74722,1034,stop,2026-04-14,10:38:00,,
GUILDFORD - EARLSFIELD (2),L74722,1034,stop,2026-04-17,10:38:00,,
GUILDFORD - EARLSFIELD (2),Q38751,1034,stop,2026-04-03,10:38:00,,
GUILDFORD - EARLSFIELD (2),L74722,1034,stop,2026-04-30,10:38:00,,
GUILDFORD - EARLSFIELD (2),L74722,1034,stop,2026-04-02,10:38:00,,
GUILDFORD - EARLSFIELD (2),L74722,1034,stop,2026-04-01,10:38:00,,
GUILDFORD - EARLSFIELD (2),L74722,1034,stop,2026-04-13,10:38:00,,
GUILDFORD - EARLSFIELD (2),L74722,1034,stop,2026-04-07,10:38:00,,
GUILDFORD - EARLSFIELD (2),L74722,1034,stop,2026-04-08,10:38:00,,
GUILDFORD - EARLSFIELD (2),L74722,1034,stop,2026-04-22,10:38:00,,
GUILDFORD - EARLSFIELD (2),L74722,1034,stop,2026-04-29,10:38:00,,
GUILDFORD - EARLSFIELD (2),L74722,1034,stop,2026-04-24,10:38:00,,
GUILDFORD - EARLSFIELD (2),L74722,1034,stop,2026-04-21,10:38:00,,
GUILDFORD - EARLSFIELD (2),L74722,1034,stop,2026-04-10,10:38:00,,
GUILDFORD - EARLSFIELD (2),L74722,1034,stop,2026-04-27,10:38:00,,
GUILDFORD - EARLSFIELD,L74242,1020,stop,2026-04-05,10:39:00,,
GUILDFORD - EARLSFIELD,L74242,1020,stop,2026-04-19,10:39:00,,
GUILDFORD - EARLSFIELD,L74242,1020,stop,2026-04-26,10:39:00,,
GUILDFORD - EARLSFIELD,L74242,1020,stop,2026-04-12,10:39:00,,
EARLSFIELD - GUILDFORD (2),P61588,953,stop,2026-04-16,10:41:00,,
EARLSFIELD - GUILDFORD (2),P61588,953,stop,2026-04-29,10:41:00,,
EARLSFIELD - GUILDFORD (2),P61589,953,stop,2026-04-11,10:41:00,,
EARLSFIELD - GUILDFORD (2),P61588,953,stop,2026-04-14,10:41:00,,
EARLSFIELD - GUILDFORD (2),Q38783,953,stop,2026-04-03,10:41:00,,
EARLSFIELD - GUILDFORD (2),P61588,953,stop,2026-04-28,10:41:00,,
EARLSFIELD - GUILDFORD (2),P61588,953,stop,2026-04-02,10:41:00,,
EARLSFIELD - GUILDFORD (2),P61588,953,stop,2026-04-06,10:41:00,,
EARLSFIELD - GUILDFORD (2),Q50824,953,stop,2026-04-06,10:41:00,,
EARLSFIELD - GUILDFORD (2),P61588,953,stop,2026-04-23,10:41:00,,
EARLSFIELD - GUILDFORD (2),P61588,953,stop,2026-04-30,10:41:00,,
EARLSFIELD - GUILDFORD (2),P61588,953,stop,2026-04-09,10:41:00,,
EARLSFIELD - GUILDFORD (2),P61588,953,stop,2026-04-20,10:41:00,,
EARLSFIELD - GUILDFORD (2),P61588,953,stop,2026-04-24,10:41:00,,
EARLSFIELD - GUILDFORD (2),P61588,953,stop,2026-04-13,10:41:00,,
EARLSFIELD - GUILDFORD (2),P61588,953,stop,2026-04-07,10:41:00,,
EARLSFIELD - GUILDFORD (2),P61589,953,stop,2026-04-25,10:41:00,,
EARLSFIELD - GUILDFORD (2),P61588,953,stop,2026-04-17,10:41:00,,
EARLSFIELD - GUILDFORD (2),P61588,953,stop,2026-04-15,10:41:00,,
EARLSFIELD - GUILDFORD (2),P61589,953,stop,2026-04-18,10:41:00,,
EARLSFIELD - GUILDFORD (2),P61588,953,stop,2026-04-21,10:41:00,,
EARLSFIELD - GUILDFORD (2),P61588,953,stop,2026-04-27,10:41:00,,
EARLSFIELD - GUILDFORD (2),P61588,953,stop,2026-04-10,10:41:00,,
EARLSFIELD - GUILDFORD (2),P61588,953,stop,2026-04-08,10:41:00,,
EARLSFIELD - GUILDFORD (2),P61589,953,stop,2026-04-04,10:41:00,,
EARLSFIELD - GUILDFORD (2),P61588,953,stop,2026-04-01,10:41:00,,
EARLSFIELD - GUILDFORD (2),P61588,953,stop,2026-04-22,10:41:00,,
EARLSFIELD - GUILDFORD (2),P61588,953,stop,2026-04-03,10:41:00,,
GUILDFORD - EARLSFIELD (4),L74724,1039,stop,2026-04-05,10:43:00,,
EARLSFIELD - GUILDFORD (3),Q38783,0953,stop,2026-04-03,10:45:00,,
EARLSFIELD - GUILDFORD (3),P61588,0953,stop,2026-04-13,10:45:00,,
EARLSFIELD - GUILDFORD (3),P61588,0953,stop,2026-04-21,10:45:00,,
EARLSFIELD - GUILDFORD (3),P61588,0953,stop,2026-04-20,10:45:00,,
EARLSFIELD - GUILDFORD (3),P61588,0953,stop,2026-04-24,10:45:00,,
EARLSFIELD - GUILDFORD (3),P61588,0953,stop,2026-04-10,10:45:00,,
EARLSFIELD - GUILDFORD (3),P61588,0953,stop,2026-04-02,10:45:00,,
EARLSFIELD - GUILDFORD (3),P61589,0953,stop,2026-04-04,10:45:00,,
EARLSFIELD - GUILDFORD (3),P61588,0953,stop,2026-04-15,10:45:00,,
EARLSFIELD - GUILDFORD (3),P61588,0953,stop,2026-04-01,10:45:00,,
EARLSFIELD - GUILDFORD (3),P61588,0953,stop,2026-04-29,10:45:00,,
EARLSFIELD - GUILDFORD (3),P61588,0953,stop,2026-04-03,10:45:00,,
EARLSFIELD - GUILDFORD (3),P61588,0953,stop,2026-04-16,10:45:00,,
EARLSFIELD - GUILDFORD (3),P61588,0953,stop,2026-04-09,10:45:00,,
EARLSFIELD - GUILDFORD (3),P61589,0953,stop,2026-04-25,10:45:00,,
EARLSFIELD - GUILDFORD (4),L74707,0957,stop,2026-04-05,10:45:00,,
EARLSFIELD - GUILDFORD (3),P61588,0953,stop,2026-04-07,10:45:00,,
EARLSFIELD - GUILDFORD (3),P61588,0953,stop,2026-04-30,10:45:00,,
EARLSFIELD - GUILDFORD (3),P61589,0953,stop,2026-04-18,10:45:00,,
EARLSFIELD - GUILDFORD (3),P61588,0953,stop,2026-04-23,10:45:00,,
EARLSFIELD - GUILDFORD (3),P61588,0953,stop,2026-04-08,10:45:00,,
EARLSFIELD - GUILDFORD (3),P61588,0953,stop,2026-04-06,10:45:00,,
EARLSFIELD - GUILDFORD (3),P61588,0953,stop,2026-04-14,10:45:00,,
EARLSFIELD - GUILDFORD (3),P61588,0953,stop,2026-04-22,10:45:00,,
EARLSFIELD - GUILDFORD (3),P61588,0953,stop,2026-04-27,10:45:00,,
EARLSFIELD - GUILDFORD (3),P61588,0953,stop,2026-04-17,10:45:00,,
EARLSFIELD - GUILDFORD (3),P61588,0953,stop,2026-04-28,10:45:00,,
EARLSFIELD - GUILDFORD (3),Q50824,0953,stop,2026-04-06,10:45:00,,
EARLSFIELD - GUILDFORD (3),P61589,0953,stop,2026-04-11,10:45:00,,
PORTSMOUTH HARBOUR - SURBITON,L73407,0932,pass,2026-04-26,10:46:00,,
GUILDFORD - EARLSFIELD,L74247,1045,stop,2026-04-18,10:49:00,,
EARLSFIELD - GUILDFORD,P61726,1003,stop,2026-04-16,10:49:00,,
EARLSFIELD - GUILDFORD,P61726,1003,stop,2026-04-02,10:49:00,,
EARLSFIELD - GUILDFORD,L74706,1003,stop,2026-04-18,10:49:00,,
EARLSFIELD - GUILDFORD,L74706,1003,stop,2026-04-11,10:49:00,,
EARLSFIELD - GUILDFORD,L74706,1003,stop,2026-04-25,10:49:00,,
EARLSFIELD - GUILDFORD,P61726,1003,stop,2026-04-10,10:49:00,,
EARLSFIELD - GUILDFORD,P61726,1003,stop,2026-04-08,10:49:00,,
EARLSFIELD - GUILDFORD,Q50803,1003,stop,2026-04-06,10:49:00,,
EARLSFIELD - GUILDFORD,P61726,1003,stop,2026-04-13,10:49:00,,
GUILDFORD - EARLSFIELD,L74246,1045,stop,2026-04-27,10:49:00,,
EARLSFIELD - GUILDFORD,L74706,1003,stop,2026-04-04,10:49:00,,
EARLSFIELD - GUILDFORD,P61726,1003,stop,2026-04-15,10:49:00,,
GUILDFORD - EARLSFIELD,L74246,1045,stop,2026-04-23,10:49:00,,
GUILDFORD - EARLSFIELD,L74246,1045,stop,2026-04-24,10:49:00,,
GUILDFORD - EARLSFIELD,L74246,1045,stop,2026-04-15,10:49:00,,
EARLSFIELD - GUILDFORD,P61726,1003,stop,2026-04-23,10:49:00,,
GUILDFORD - EARLSFIELD,L74246,1045,stop,2026-04-29,10:49:00,,
EARLSFIELD - GUILDFORD,P61726,1003,stop,2026-04-01,10:49:00,,
EARLSFIELD - GUILDFORD,P61726,1003,stop,2026-04-17,10:49:00,,
GUILDFORD - EARLSFIELD,L74246,1045,stop,2026-04-08,10:49:00,,
EARLSFIELD - GUILDFORD,P61726,1003,stop,2026-04-09,10:49:00,,
GUILDFORD - EARLSFIELD,L74246,1045,stop,2026-04-13,10:49:00,,
EARLSFIELD - GUILDFORD,P61726,1003,stop,2026-04-30,10:49:00,,
EARLSFIELD - GUILDFORD,P61726,1003,stop,2026-04-28,10:49:00,,
GUILDFORD - EARLSFIELD,L74246,1045,stop,2026-04-02,10:49:00,,
GUILDFORD - EARLSFIELD,L74246,1045,stop,2026-04-10,10:49:00,,
EARLSFIELD - GUILDFORD,P61726,1003,stop,2026-04-22,10:49:00,,
GUILDFORD - EARLSFIELD,L74246,1045,stop,2026-04-30,10:49:00,,
GUILDFORD - EARLSFIELD,L74247,1045,stop,2026-04-04,10:49:00,,
GUILDFORD - EARLSFIELD,L74246,1045,stop,2026-04-09,10:49:00,,
GUILDFORD - EARLSFIELD,L74246,1045,stop,2026-04-16,10:49:00,,
GUILDFORD - EARLSFIELD,L74246,1045,stop,2026-04-20,10:49:00,,
GUILDFORD - EARLSFIELD,L74246,1045,stop,2026-04-21,10:49:00,,
EARLSFIELD - GUILDFORD,P61726,1003,stop,2026-04-21,10:49:00,,
EARLSFIELD - GUILDFORD,P61726,1003,stop,2026-04-03,10:49:00,,
EARLSFIELD - GUILDFORD,P61726,1003,stop,2026-04-06,10:49:00,,
GUILDFORD - EARLSFIELD,L74246,1045,stop,2026-04-01,10:49:00,,
GUILDFORD - EARLSFIELD,Q38744,1045,stop,2026-04-03,10:49:00,,
GUILDFORD - EARLSFIELD,L74246,1045,stop,2026-04-03,10:49:00,,
GUILDFORD - EARLSFIELD,L74246,1045,stop,2026-04-22,10:49:00,,
EARLSFIELD - GUILDFORD,P61726,1003,stop,2026-04-14,10:49:00,,
GUILDFORD - EARLSFIELD,L74247,1045,stop,2026-04-11,10:49:00,,
EARLSFIELD - GUILDFORD,Q38774,1003,stop,2026-04-03,10:49:00,,
GUILDFORD - EARLSFIELD,Q50718,1045,stop,2026-04-06,10:49:00,,
EARLSFIELD - GUILDFORD,P61726,1003,stop,2026-04-29,10:49:00,,
GUILDFORD - EARLSFIELD,L74246,1045,stop,2026-04-06,10:49:00,,
EARLSFIELD - GUILDFORD,P61726,1003,stop,2026-04-20,10:49:00,,
EARLSFIELD - GUILDFORD,P61726,1003,stop,2026-04-07,10:49:00,,
EARLSFIELD - GUILDFORD,P61726,1003,stop,2026-04-24,10:49:00,,
GUILDFORD - EARLSFIELD,L74246,1045,stop,2026-04-17,10:49:00,,
EARLSFIELD - GUILDFORD,P61726,1003,stop,2026-04-27,10:49:00,,
GUILDFORD - EARLSFIELD,L74246,1045,stop,2026-04-14,10:49:00,,
GUILDFORD - EARLSFIELD,L74246,1045,stop,2026-04-28,10:49:00,,
GUILDFORD - EARLSFIELD,L74246,1045,stop,2026-04-07,10:49:00,,
GUILDFORD - EARLSFIELD,L74247,1045,stop,2026-04-25,10:49:00,,
SURBITON - GUILDFORD,L74707,1013,stop,2026-04-26,10:50:00,,
SURBITON - GUILDFORD,L74707,1013,stop,2026-04-19,10:50:00,,
SURBITON - GUILDFORD,L74707,1013,stop,2026-04-12,10:52:00,,
GUILDFORD - SURBITON,L74724,1050,stop,2026-04-12,10:54:00,,
GUILDFORD - SURBITON,L74724,1050,stop,2026-04-19,10:54:00,,
GUILDFORD - SURBITON,L74724,1050,stop,2026-04-26,10:54:00,,
WEYMOUTH - GUILDFORD,P61421,0748,pass,2026-04-26,10:57:00,,
SURBITON - PORTSMOUTH HARBOUR,L73400,1028H,pass,2026-04-26,10:59:00,,
GUILDFORD - EARLSFIELD,L74246,1045,stop,2026-04-14,11:05:00,,
GUILDFORD - EARLSFIELD,L74246,1045,stop,2026-04-01,11:05:00,,
GUILDFORD - EARLSFIELD,L74247,1045,stop,2026-04-04,11:05:00,,
GUILDFORD - EARLSFIELD,L74246,1045,stop,2026-04-17,11:05:00,,
GUILDFORD - EARLSFIELD,L74246,1045,stop,2026-04-16,11:05:00,,
GUILDFORD - EARLSFIELD,L74246,1045,stop,2026-04-21,11:05:00,,
GUILDFORD - EARLSFIELD,L74246,1045,stop,2026-04-13,11:05:00,,
GUILDFORD - EARLSFIELD,L74246,1045,stop,2026-04-03,11:05:00,,
GUILDFORD - EARLSFIELD,Q50718,1045,stop,2026-04-06,11:05:00,,
GUILDFORD - EARLSFIELD,L74246,1045,stop,2026-04-30,11:05:00,,
GUILDFORD - EARLSFIELD,L74246,1045,stop,2026-04-09,11:05:00,,
GUILDFORD - EARLSFIELD,L74247,1045,stop,2026-04-25,11:05:00,,
GUILDFORD - EARLSFIELD,L74247,1045,stop,2026-04-18,11:05:00,,
GUILDFORD - EARLSFIELD,L74246,1045,stop,2026-04-24,11:05:00,,
GUILDFORD - EARLSFIELD,L74246,1045,stop,2026-04-28,11:05:00,,
GUILDFORD - EARLSFIELD,L74246,1045,stop,2026-04-23,11:05:00,,
GUILDFORD - EARLSFIELD,L74246,1045,stop,2026-04-02,11:05:00,,
GUILDFORD - EARLSFIELD,L74246,1045,stop,2026-04-08,11:05:00,,
GUILDFORD - EARLSFIELD,L74246,1045,stop,2026-04-15,11:05:00,,
GUILDFORD - EARLSFIELD,L74247,1045,stop,2026-04-11,11:05:00,,
GUILDFORD - EARLSFIELD,L74246,1045,stop,2026-04-20,11:05:00,,
GUILDFORD - EARLSFIELD,L74246,1045,stop,2026-04-07,11:05:00,,
GUILDFORD - EARLSFIELD,L74246,1045,stop,2026-04-29,11:05:00,,
GUILDFORD - EARLSFIELD,L74246,1045,stop,2026-04-06,11:05:00,,
GUILDFORD - EARLSFIELD,L74246,1045,stop,2026-04-27,11:05:00,,
GUILDFORD - EARLSFIELD,Q38744,1045,stop,2026-04-03,11:05:00,,
GUILDFORD - EARLSFIELD,L74246,1045,stop,2026-04-10,11:05:00,,
GUILDFORD - EARLSFIELD,L74246,1045,stop,2026-04-22,11:05:00,,
GUILDFORD - EARLSFIELD (2),L74728,1104,stop,2026-04-17,11:08:00,,
GUILDFORD - EARLSFIELD (2),L74728,1104,stop,2026-04-13,11:08:00,,
GUILDFORD - EARLSFIELD (2),L74728,1104,stop,2026-04-22,11:08:00,,
GUILDFORD - EARLSFIELD (2),L74728,1104,stop,2026-04-23,11:08:00,,
GUILDFORD - EARLSFIELD (2),L74728,1104,stop,2026-04-21,11:08:00,,
GUILDFORD - EARLSFIELD (2),L74728,1104,stop,2026-04-15,11:08:00,,
GUILDFORD - EARLSFIELD (2),L74728,1104,stop,2026-04-30,11:08:00,,
GUILDFORD - EARLSFIELD (2),L74728,1104,stop,2026-04-14,11:08:00,,
GUILDFORD - EARLSFIELD (2),L74728,1104,stop,2026-04-20,11:08:00,,
GUILDFORD - EARLSFIELD (2),L74728,1104,stop,2026-04-06,11:08:00,,
GUILDFORD - EARLSFIELD (2),L74728,1104,stop,2026-04-09,11:08:00,,
GUILDFORD - EARLSFIELD (2),L74728,1104,stop,2026-04-07,11:08:00,,
GUILDFORD - EARLSFIELD (2),L74729,1104,stop,2026-04-11,11:08:00,,
GUILDFORD - EARLSFIELD (2),L74728,1104,stop,2026-04-01,11:08:00,,
GUILDFORD - EARLSFIELD (2),L74729,1104,stop,2026-04-04,11:08:00,,
GUILDFORD - EARLSFIELD (2),Q50677,1104,stop,2026-04-06,11:08:00,,
GUILDFORD - EARLSFIELD (2),L74728,1104,stop,2026-04-03,11:08:00,,
GUILDFORD - EARLSFIELD (2),L74728,1104,stop,2026-04-28,11:08:00,,
GUILDFORD - EARLSFIELD (2),Q38728,1104,stop,2026-04-03,11:08:00,,
GUILDFORD - EARLSFIELD (2),L74729,1104,stop,2026-04-18,11:08:00,,
GUILDFORD - EARLSFIELD (2),L74728,1104,stop,2026-04-08,11:08:00,,
GUILDFORD - EARLSFIELD (2),L74728,1104,stop,2026-04-24,11:08:00,,
GUILDFORD - EARLSFIELD (2),L74728,1104,stop,2026-04-16,11:08:00,,
GUILDFORD - EARLSFIELD (2),L74728,1104,stop,2026-04-02,11:08:00,,
GUILDFORD - EARLSFIELD (2),L74729,1104,stop,2026-04-25,11:08:00,,
GUILDFORD - EARLSFIELD (2),L74728,1104,stop,2026-04-29,11:08:00,,
GUILDFORD - EARLSFIELD (2),L74728,1104,stop,2026-04-27,11:08:00,,
GUILDFORD - EARLSFIELD (2),L74728,1104,stop,2026-04-10,11:08:00,,
EFFINGHAM JUNCTION - WORCESTER PARK,Q54773,1115,stop,2026-04-12,11:15:00,,
EARLSFIELD - GUILDFORD,L74710,1033,stop,2026-04-10,11:19:00,,
EARLSFIELD - GUILDFORD,L74710,1033,stop,2026-04-16,11:19:00,,
EARLSFIELD - GUILDFORD,L74711,1033,stop,2026-04-11,11:19:00,,
EARLSFIELD - GUILDFORD,L74711,1033,stop,2026-04-18,11:19:00,,
EARLSFIELD - GUILDFORD,L74710,1033,stop,2026-04-02,11:19:00,,
EARLSFIELD - GUILDFORD,L74711,1033,stop,2026-04-25,11:19:00,,
EARLSFIELD - GUILDFORD,L74710,1033,stop,2026-04-08,11:19:00,,
EARLSFIELD - GUILDFORD,L74710,1033,stop,2026-04-17,11:19:00,,
EARLSFIELD - GUILDFORD,L74710,1033,stop,2026-04-13,11:19:00,,
EARLSFIELD - GUILDFORD,L74710,1033,stop,2026-04-30,11:19:00,,
EARLSFIELD - GUILDFORD,L74710,1033,stop,2026-04-29,11:19:00,,
EARLSFIELD - GUILDFORD,L74710,1033,stop,2026-04-20,11:19:00,,
EARLSFIELD - GUILDFORD,L74710,1033,stop,2026-04-15,11:19:00,,
EARLSFIELD - GUILDFORD,L74711,1033,stop,2026-04-04,11:19:00,,
EARLSFIELD - GUILDFORD,L74710,1033,stop,2026-04-07,11:19:00,,
EARLSFIELD - GUILDFORD,L74710,1033,stop,2026-04-14,11:19:00,,
EARLSFIELD - GUILDFORD,L74710,1033,stop,2026-04-21,11:19:00,,
EARLSFIELD - GUILDFORD,L74710,1033,stop,2026-04-01,11:19:00,,
EARLSFIELD - GUILDFORD,Q38752,1033,stop,2026-04-03,11:19:00,,
EARLSFIELD - GUILDFORD,L74710,1033,stop,2026-04-24,11:19:00,,
EARLSFIELD - GUILDFORD,L74710,1033,stop,2026-04-06,11:19:00,,
EARLSFIELD - GUILDFORD,Q50744,1033,stop,2026-04-06,11:19:00,,
EARLSFIELD - GUILDFORD,L74710,1033,stop,2026-04-23,11:19:00,,
EARLSFIELD - GUILDFORD,L74710,1033,stop,2026-04-09,11:19:00,,
EARLSFIELD - GUILDFORD,L74710,1033,stop,2026-04-22,11:19:00,,
EARLSFIELD - GUILDFORD,L74710,1033,stop,2026-04-28,11:19:00,,
EARLSFIELD - GUILDFORD,L74710,1033,stop,2026-04-27,11:19:00,,
EARLSFIELD - GUILDFORD,L74710,1033,stop,2026-04-03,11:19:00,,
GUILDFORD - WEYMOUTH,P61429,1048,pass,2026-04-26,11:21:00,,
EARLSFIELD - GUILDFORD (2),P61593,1032,stop,2026-04-26,11:21:00,,
EARLSFIELD - GUILDFORD (2),P61593,1032,stop,2026-04-19,11:22:00,,
EARLSFIELD - GUILDFORD (2),P61593,1032,stop,2026-04-05,11:22:00,,
EARLSFIELD - GUILDFORD (2),P61593,1032,stop,2026-04-12,11:22:00,,
PORTSMOUTH HARBOUR - SURBITON (2),L76213,0955,pass,2026-04-26,11:22:00,,
GUILDFORD - EARLSFIELD,L74248,1120,stop,2026-04-19,11:24:00,,
GUILDFORD - EARLSFIELD,L74248,1120,stop,2026-04-05,11:24:00,,
GUILDFORD - EARLSFIELD,L74248,1120,stop,2026-04-26,11:24:00,,
EFFINGHAM JUNCTION - WORCESTER PARK,Q54773,1115,stop,2026-04-12,11:24:00,,
GUILDFORD - EARLSFIELD,L74248,1120,stop,2026-04-12,11:24:00,,
EARLSFIELD - GUILDFORD (3),P61593,1032,stop,2026-04-26,11:25:00,,
EARLSFIELD - GUILDFORD (3),P61593,1032,stop,2026-04-05,11:26:00,,
EARLSFIELD - GUILDFORD (3),P61593,1032,stop,2026-04-12,11:26:00,,
EARLSFIELD - GUILDFORD (3),P61593,1032,stop,2026-04-19,11:26:00,,
WORCESTER PARK - EFFINGHAM JUNCTION,Q54814,1035,stop,2026-04-12,11:30:00,,
SURBITON - PORTSMOUTH HARBOUR (2),L76208,1102,pass,2026-04-26,11:35:00,,
GUILDFORD - EARLSFIELD (2),L74732,1134,stop,2026-04-30,11:38:00,,
GUILDFORD - EARLSFIELD (2),L74732,1134,stop,2026-04-22,11:38:00,,
GUILDFORD - EARLSFIELD (2),L74732,1134,stop,2026-04-24,11:38:00,,
GUILDFORD - EARLSFIELD (2),L74732,1134,stop,2026-04-03,11:38:00,,
GUILDFORD - EARLSFIELD (2),L74732,1134,stop,2026-04-20,11:38:00,,
GUILDFORD - EARLSFIELD (2),L74733,1134,stop,2026-04-18,11:38:00,,
GUILDFORD - EARLSFIELD (2),L74732,1134,stop,2026-04-21,11:38:00,,
GUILDFORD - EARLSFIELD (2),L74732,1134,stop,2026-04-16,11:38:00,,
GUILDFORD - EARLSFIELD (2),L74733,1134,stop,2026-04-11,11:38:00,,
GUILDFORD - EARLSFIELD (2),L74732,1134,stop,2026-04-23,11:38:00,,
GUILDFORD - EARLSFIELD (2),L74732,1134,stop,2026-04-15,11:38:00,,
GUILDFORD - EARLSFIELD (2),L74732,1134,stop,2026-04-10,11:38:00,,
GUILDFORD - EARLSFIELD (2),L74732,1134,stop,2026-04-06,11:38:00,,
GUILDFORD - EARLSFIELD (2),Q50616,1134,stop,2026-04-06,11:38:00,,
GUILDFORD - EARLSFIELD (2),L74732,1134,stop,2026-04-01,11:38:00,,
GUILDFORD - EARLSFIELD (2),L74733,1134,stop,2026-04-04,11:38:00,,
GUILDFORD - EARLSFIELD (2),L74732,1134,stop,2026-04-13,11:38:00,,
GUILDFORD - EARLSFIELD (2),L74732,1134,stop,2026-04-09,11:38:00,,
GUILDFORD - EARLSFIELD (2),L74732,1134,stop,2026-04-27,11:38:00,,
GUILDFORD - EARLSFIELD (2),L74732,1134,stop,2026-04-28,11:38:00,,
GUILDFORD - EARLSFIELD (2),L74732,1134,stop,2026-04-17,11:38:00,,
GUILDFORD - EARLSFIELD (2),L74732,1134,stop,2026-04-14,11:38:00,,
GUILDFORD - EARLSFIELD (2),L74732,1134,stop,2026-04-29,11:38:00,,
GUILDFORD - EARLSFIELD (2),L74733,1134,stop,2026-04-25,11:38:00,,
GUILDFORD - EARLSFIELD (2),L74732,1134,stop,2026-04-07,11:38:00,,
GUILDFORD - EARLSFIELD (2),L74732,1134,stop,2026-04-02,11:38:00,,
GUILDFORD - EARLSFIELD (2),L74732,1134,stop,2026-04-08,11:38:00,,
GUILDFORD - EARLSFIELD (2),Q38704,1134,stop,2026-04-03,11:38:00,,
GUILDFORD - EARLSFIELD,L74248,1120,stop,2026-04-26,11:39:00,,
GUILDFORD - EARLSFIELD,L74248,1120,stop,2026-04-05,11:39:00,,
GUILDFORD - EARLSFIELD,L74248,1120,stop,2026-04-19,11:39:00,,
GUILDFORD - EARLSFIELD,L74248,1120,stop,2026-04-12,11:39:00,,
EARLSFIELD - GUILDFORD (2),P61591,1053,stop,2026-04-14,11:41:00,,
EARLSFIELD - GUILDFORD (2),P61591,1053,stop,2026-04-24,11:41:00,,
EARLSFIELD - GUILDFORD (2),P61591,1053,stop,2026-04-28,11:41:00,,
EARLSFIELD - GUILDFORD (2),P61591,1053,stop,2026-04-06,11:41:00,,
EARLSFIELD - GUILDFORD (2),Q50701,1053,stop,2026-04-06,11:41:00,,
EARLSFIELD - GUILDFORD (2),P61591,1053,stop,2026-04-27,11:41:00,,
EARLSFIELD - GUILDFORD (2),P61591,1053,stop,2026-04-10,11:41:00,,
EARLSFIELD - GUILDFORD (2),P61592,1053,stop,2026-04-18,11:41:00,,
EARLSFIELD - GUILDFORD (2),P61591,1053,stop,2026-04-16,11:41:00,,
EARLSFIELD - GUILDFORD (2),P61591,1053,stop,2026-04-02,11:41:00,,
EARLSFIELD - GUILDFORD (2),P61592,1053,stop,2026-04-04,11:41:00,,
EARLSFIELD - GUILDFORD (2),P61592,1053,stop,2026-04-25,11:41:00,,
EARLSFIELD - GUILDFORD (2),P61592,1053,stop,2026-04-11,11:41:00,,
EARLSFIELD - GUILDFORD (2),P61591,1053,stop,2026-04-15,11:41:00,,
EARLSFIELD - GUILDFORD (2),P61591,1053,stop,2026-04-07,11:41:00,,
EARLSFIELD - GUILDFORD (2),P61591,1053,stop,2026-04-13,11:41:00,,
EARLSFIELD - GUILDFORD (2),P61591,1053,stop,2026-04-20,11:41:00,,
EARLSFIELD - GUILDFORD (2),P61591,1053,stop,2026-04-17,11:41:00,,
EARLSFIELD - GUILDFORD (2),P61591,1053,stop,2026-04-21,11:41:00,,
EARLSFIELD - GUILDFORD (2),P61591,1053,stop,2026-04-30,11:41:00,,
EARLSFIELD - GUILDFORD (2),P61591,1053,stop,2026-04-01,11:41:00,,
EARLSFIELD - GUILDFORD (2),P61591,1053,stop,2026-04-08,11:41:00,,
EARLSFIELD - GUILDFORD (2),Q38738,1053,stop,2026-04-03,11:41:00,,
EARLSFIELD - GUILDFORD (2),P61591,1053,stop,2026-04-22,11:41:00,,
EARLSFIELD - GUILDFORD (2),P61591,1053,stop,2026-04-09,11:41:00,,
EARLSFIELD - GUILDFORD (2),P61591,1053,stop,2026-04-29,11:41:00,,
EARLSFIELD - GUILDFORD (2),P61591,1053,stop,2026-04-23,11:41:00,,
EARLSFIELD - GUILDFORD (2),P61591,1053,stop,2026-04-03,11:41:00,,
GUILDFORD - EARLSFIELD (4),L74734,1139,stop,2026-04-05,11:43:00,,
EARLSFIELD - GUILDFORD (3),P61592,1053,stop,2026-04-11,11:45:00,,
EARLSFIELD - GUILDFORD (3),P61592,1053,stop,2026-04-04,11:45:00,,
EARLSFIELD - GUILDFORD (3),P61591,1053,stop,2026-04-23,11:45:00,,
EARLSFIELD - GUILDFORD (3),P61591,1053,stop,2026-04-17,11:45:00,,
EARLSFIELD - GUILDFORD (3),P61592,1053,stop,2026-04-18,11:45:00,,
EARLSFIELD - GUILDFORD (3),Q50701,1053,stop,2026-04-06,11:45:00,,
EARLSFIELD - GUILDFORD (3),P61591,1053,stop,2026-04-06,11:45:00,,
EARLSFIELD - GUILDFORD (3),P61592,1053,stop,2026-04-25,11:45:00,,
EARLSFIELD - GUILDFORD (3),P61591,1053,stop,2026-04-01,11:45:00,,
EARLSFIELD - GUILDFORD (3),P61591,1053,stop,2026-04-20,11:45:00,,
EARLSFIELD - GUILDFORD (3),P61591,1053,stop,2026-04-02,11:45:00,,
EARLSFIELD - GUILDFORD (3),P61591,1053,stop,2026-04-24,11:45:00,,
EARLSFIELD - GUILDFORD (3),P61591,1053,stop,2026-04-03,11:45:00,,
EARLSFIELD - GUILDFORD (3),Q38738,1053,stop,2026-04-03,11:45:00,,
EARLSFIELD - GUILDFORD (3),P61591,1053,stop,2026-04-21,11:45:00,,
EARLSFIELD - GUILDFORD (3),P61591,1053,stop,2026-04-22,11:45:00,,
EARLSFIELD - GUILDFORD (4),L74717,1057,stop,2026-04-05,11:45:00,,
EARLSFIELD - GUILDFORD (3),P61591,1053,stop,2026-04-16,11:45:00,,
EARLSFIELD - GUILDFORD (3),P61591,1053,stop,2026-04-07,11:45:00,,
EARLSFIELD - GUILDFORD (3),P61591,1053,stop,2026-04-14,11:45:00,,
EARLSFIELD - GUILDFORD (3),P61591,1053,stop,2026-04-10,11:45:00,,
EARLSFIELD - GUILDFORD (3),P61591,1053,stop,2026-04-30,11:45:00,,
EARLSFIELD - GUILDFORD (3),P61591,1053,stop,2026-04-09,11:45:00,,
EARLSFIELD - GUILDFORD (3),P61591,1053,stop,2026-04-28,11:45:00,,
EARLSFIELD - GUILDFORD (3),P61591,1053,stop,2026-04-15,11:45:00,,
EARLSFIELD - GUILDFORD (3),P61591,1053,stop,2026-04-27,11:45:00,,
EARLSFIELD - GUILDFORD (3),P61591,1053,stop,2026-04-13,11:45:00,,
EARLSFIELD - GUILDFORD (3),P61591,1053,stop,2026-04-08,11:45:00,,
EARLSFIELD - GUILDFORD (3),P61591,1053,stop,2026-04-29,11:45:00,,
PORTSMOUTH HARBOUR - SURBITON,L73417,1032,pass,2026-04-26,11:46:00,,
EARLSFIELD - GUILDFORD,P61727,1103,stop,2026-04-03,11:49:00,,
EARLSFIELD - GUILDFORD,Q38729,1103,stop,2026-04-03,11:49:00,,
EARLSFIELD - GUILDFORD,P61727,1103,stop,2026-04-15,11:49:00,,
GUILDFORD - EARLSFIELD,L74252,1145,stop,2026-04-16,11:49:00,,
EARLSFIELD - GUILDFORD,P61727,1103,stop,2026-04-08,11:49:00,,
EARLSFIELD - GUILDFORD,P61727,1103,stop,2026-04-30,11:49:00,,
EARLSFIELD - GUILDFORD,P61727,1103,stop,2026-04-16,11:49:00,,
EARLSFIELD - GUILDFORD,P61727,1103,stop,2026-04-23,11:49:00,,
EARLSFIELD - GUILDFORD,P61727,1103,stop,2026-04-10,11:49:00,,
GUILDFORD - EARLSFIELD,L74252,1145,stop,2026-04-03,11:49:00,,
GUILDFORD - EARLSFIELD,Q38697,1145,stop,2026-04-03,11:49:00,,
GUILDFORD - EARLSFIELD,L74252,1145,stop,2026-04-10,11:49:00,,
GUILDFORD - EARLSFIELD,L74252,1145,stop,2026-04-02,11:49:00,,
EARLSFIELD - GUILDFORD,P61727,1103,stop,2026-04-24,11:49:00,,
EARLSFIELD - GUILDFORD,P61727,1103,stop,2026-04-06,11:49:00,,
GUILDFORD - EARLSFIELD,L74252,1145,stop,2026-04-15,11:49:00,,
GUILDFORD - EARLSFIELD,L74252,1145,stop,2026-04-14,11:49:00,,
EARLSFIELD - GUILDFORD,P61727,1103,stop,2026-04-13,11:49:00,,
GUILDFORD - EARLSFIELD,L74252,1145,stop,2026-04-21,11:49:00,,
EARLSFIELD - GUILDFORD,P61727,1103,stop,2026-04-29,11:49:00,,
GUILDFORD - EARLSFIELD,L74252,1145,stop,2026-04-28,11:49:00,,
EARLSFIELD - GUILDFORD,P61727,1103,stop,2026-04-01,11:49:00,,
EARLSFIELD - GUILDFORD,P61727,1103,stop,2026-04-14,11:49:00,,
GUILDFORD - EARLSFIELD,L74252,1145,stop,2026-04-09,11:49:00,,
GUILDFORD - EARLSFIELD,L74252,1145,stop,2026-04-13,11:49:00,,
EARLSFIELD - GUILDFORD,P61727,1103,stop,2026-04-27,11:49:00,,
EARLSFIELD - GUILDFORD,L74716,1103,stop,2026-04-25,11:49:00,,
GUILDFORD - EARLSFIELD,L74252,1145,stop,2026-04-22,11:49:00,,
EARLSFIELD - GUILDFORD,P61727,1103,stop,2026-04-02,11:49:00,,
GUILDFORD - EARLSFIELD,L74252,1145,stop,2026-04-01,11:49:00,,
GUILDFORD - EARLSFIELD,L74252,1145,stop,2026-04-27,11:49:00,,
GUILDFORD - EARLSFIELD,L74253,1145,stop,2026-04-11,11:49:00,,
EARLSFIELD - GUILDFORD,P61727,1103,stop,2026-04-09,11:49:00,,
EARLSFIELD - GUILDFORD,P61727,1103,stop,2026-04-22,11:49:00,,
GUILDFORD - EARLSFIELD,L74252,1145,stop,2026-04-23,11:49:00,,
GUILDFORD - EARLSFIELD,L74252,1145,stop,2026-04-08,11:49:00,,
GUILDFORD - EARLSFIELD,L74252,1145,stop,2026-04-29,11:49:00,,
GUILDFORD - EARLSFIELD,Q50594,1145,stop,2026-04-06,11:49:00,,
EARLSFIELD - GUILDFORD,P61727,1103,stop,2026-04-21,11:49:00,,
EARLSFIELD - GUILDFORD,L74716,1103,stop,2026-04-18,11:49:00,,
GUILDFORD - EARLSFIELD,L74252,1145,stop,2026-04-06,11:49:00,,
EARLSFIELD - GUILDFORD,P61727,1103,stop,2026-04-20,11:49:00,,
EARLSFIELD - GUILDFORD,L74716,1103,stop,2026-04-04,11:49:00,,
GUILDFORD - EARLSFIELD,L74252,1145,stop,2026-04-17,11:49:00,,
GUILDFORD - EARLSFIELD,L74252,1145,stop,2026-04-24,11:49:00,,
GUILDFORD - EARLSFIELD,L74253,1145,stop,2026-04-25,11:49:00,,
EARLSFIELD - GUILDFORD,P61727,1103,stop,2026-04-17,11:49:00,,
GUILDFORD - EARLSFIELD,L74252,1145,stop,2026-04-07,11:49:00,,
EARLSFIELD - GUILDFORD,P61727,1103,stop,2026-04-28,11:49:00,,
GUILDFORD - EARLSFIELD,L74253,1145,stop,2026-04-18,11:49:00,,
EARLSFIELD - GUILDFORD,P61727,1103,stop,2026-04-07,11:49:00,,
GUILDFORD - EARLSFIELD,L74252,1145,stop,2026-04-30,11:49:00,,
GUILDFORD - EARLSFIELD,L74252,1145,stop,2026-04-20,11:49:00,,
EARLSFIELD - GUILDFORD,L74716,1103,stop,2026-04-11,11:49:00,,
EARLSFIELD - GUILDFORD,Q50682,1103,stop,2026-04-06,11:49:00,,
GUILDFORD - EARLSFIELD,L74253,1145,stop,2026-04-04,11:49:00,,
SURBITON - GUILDFORD,L74717,1113,stop,2026-04-26,11:50:00,,
SURBITON - GUILDFORD,L74717,1113,stop,2026-04-19,11:50:00,,
SURBITON - GUILDFORD,L74717,1113,stop,2026-04-12,11:52:00,,
GUILDFORD - SURBITON,L74734,1150,stop,2026-04-12,11:54:00,,
GUILDFORD - SURBITON,L74734,1150,stop,2026-04-19,11:54:00,,
GUILDFORD - SURBITON,L74734,1150,stop,2026-04-26,11:54:00,,
WEYMOUTH - GUILDFORD,P61432,0848,pass,2026-04-26,11:57:00,,
SURBITON - PORTSMOUTH HARBOUR,L73410,1128H,pass,2026-04-26,11:59:00,,
GUILDFORD - EARLSFIELD,L74252,1145,stop,2026-04-15,12:05:00,,
GUILDFORD - EARLSFIELD,L74252,1145,stop,2026-04-08,12:05:00,,
GUILDFORD - EARLSFIELD,L74252,1145,stop,2026-04-03,12:05:00,,
GUILDFORD - EARLSFIELD,L74252,1145,stop,2026-04-16,12:05:00,,
GUILDFORD - EARLSFIELD,L74252,1145,stop,2026-04-01,12:05:00,,
GUILDFORD - EARLSFIELD,L74252,1145,stop,2026-04-29,12:05:00,,
GUILDFORD - EARLSFIELD,L74252,1145,stop,2026-04-07,12:05:00,,
GUILDFORD - EARLSFIELD,L74253,1145,stop,2026-04-18,12:05:00,,
GUILDFORD - EARLSFIELD,L74252,1145,stop,2026-04-28,12:05:00,,
GUILDFORD - EARLSFIELD,Q50594,1145,stop,2026-04-06,12:05:00,,
GUILDFORD - EARLSFIELD,L74252,1145,stop,2026-04-20,12:05:00,,
GUILDFORD - EARLSFIELD,L74252,1145,stop,2026-04-06,12:05:00,,
GUILDFORD - EARLSFIELD,L74253,1145,stop,2026-04-25,12:05:00,,
GUILDFORD - EARLSFIELD,L74252,1145,stop,2026-04-27,12:05:00,,
GUILDFORD - EARLSFIELD,L74252,1145,stop,2026-04-24,12:05:00,,
GUILDFORD - EARLSFIELD,L74252,1145,stop,2026-04-02,12:05:00,,
GUILDFORD - EARLSFIELD,L74252,1145,stop,2026-04-14,12:05:00,,
GUILDFORD - EARLSFIELD,L74252,1145,stop,2026-04-17,12:05:00,,
GUILDFORD - EARLSFIELD,L74252,1145,stop,2026-04-30,12:05:00,,
GUILDFORD - EARLSFIELD,L74253,1145,stop,2026-04-11,12:05:00,,
GUILDFORD - EARLSFIELD,L74252,1145,stop,2026-04-21,12:05:00,,
GUILDFORD - EARLSFIELD,L74252,1145,stop,2026-04-22,12:05:00,,
GUILDFORD - EARLSFIELD,L74252,1145,stop,2026-04-10,12:05:00,,
GUILDFORD - EARLSFIELD,L74252,1145,stop,2026-04-09,12:05:00,,
GUILDFORD - EARLSFIELD,L74252,1145,stop,2026-04-13,12:05:00,,
GUILDFORD - EARLSFIELD,L74252,1145,stop,2026-04-23,12:05:00,,
GUILDFORD - EARLSFIELD,Q38697,1145,stop,2026-04-03,12:05:00,,
GUILDFORD - EARLSFIELD,L74253,1145,stop,2026-04-04,12:05:00,,
GUILDFORD - EARLSFIELD (2),L74738,1204,stop,2026-04-10,12:08:00,,
GUILDFORD - EARLSFIELD (2),L74738,1204,stop,2026-04-06,12:08:00,,
GUILDFORD - EARLSFIELD (2),L74738,1204,stop,2026-04-24,12:08:00,,
GUILDFORD - EARLSFIELD (2),L74738,1204,stop,2026-04-17,12:08:00,,
GUILDFORD - EARLSFIELD (2),L74738,1204,stop,2026-04-15,12:08:00,,
GUILDFORD - EARLSFIELD (2),L74738,1204,stop,2026-04-20,12:08:00,,
GUILDFORD - EARLSFIELD (2),L74739,1204,stop,2026-04-25,12:08:00,,
GUILDFORD - EARLSFIELD (2),L74738,1204,stop,2026-04-28,12:08:00,,
GUILDFORD - EARLSFIELD (2),L74738,1204,stop,2026-04-02,12:08:00,,
GUILDFORD - EARLSFIELD (2),L74739,1204,stop,2026-04-18,12:08:00,,
GUILDFORD - EARLSFIELD (2),L74738,1204,stop,2026-04-22,12:08:00,,
GUILDFORD - EARLSFIELD (2),L74738,1204,stop,2026-04-14,12:08:00,,
GUILDFORD - EARLSFIELD (2),L74738,1204,stop,2026-04-21,12:08:00,,
GUILDFORD - EARLSFIELD (2),L74738,1204,stop,2026-04-29,12:08:00,,
GUILDFORD - EARLSFIELD (2),L74738,1204,stop,2026-04-08,12:08:00,,
GUILDFORD - EARLSFIELD (2),L74739,1204,stop,2026-04-04,12:08:00,,
GUILDFORD - EARLSFIELD (2),Q38682,1204,stop,2026-04-03,12:08:00,,
GUILDFORD - EARLSFIELD (2),Q50523,1204,stop,2026-04-06,12:08:00,,
GUILDFORD - EARLSFIELD (2),L74738,1204,stop,2026-04-07,12:08:00,,
GUILDFORD - EARLSFIELD (2),L74738,1204,stop,2026-04-13,12:08:00,,
GUILDFORD - EARLSFIELD (2),L74738,1204,stop,2026-04-03,12:08:00,,
GUILDFORD - EARLSFIELD (2),L74738,1204,stop,2026-04-27,12:08:00,,
GUILDFORD - EARLSFIELD (2),L74738,1204,stop,2026-04-23,12:08:00,,
GUILDFORD - EARLSFIELD (2),L74738,1204,stop,2026-04-16,12:08:00,,
GUILDFORD - EARLSFIELD (2),L74739,1204,stop,2026-04-11,12:08:00,,
GUILDFORD - EARLSFIELD (2),L74738,1204,stop,2026-04-01,12:08:00,,
GUILDFORD - EARLSFIELD (2),L74738,1204,stop,2026-04-30,12:08:00,,
GUILDFORD - EARLSFIELD (2),L74738,1204,stop,2026-04-09,12:08:00,,
EFFINGHAM JUNCTION - WORCESTER PARK,Q54772,1215,stop,2026-04-12,12:15:00,,
EARLSFIELD - GUILDFORD,L74720,1133,stop,2026-04-08,12:19:00,,
EARLSFIELD - GUILDFORD,L74720,1133,stop,2026-04-30,12:19:00,,
EARLSFIELD - GUILDFORD,L74720,1133,stop,2026-04-06,12:19:00,,
EARLSFIELD - GUILDFORD,L74720,1133,stop,2026-04-10,12:19:00,,
EARLSFIELD - GUILDFORD,Q50620,1133,stop,2026-04-06,12:19:00,,
EARLSFIELD - GUILDFORD,L74720,1133,stop,2026-04-01,12:19:00,,
EARLSFIELD - GUILDFORD,L74720,1133,stop,2026-04-13,12:19:00,,
EARLSFIELD - GUILDFORD,L74720,1133,stop,2026-04-15,12:19:00,,
EARLSFIELD - GUILDFORD,L74720,1133,stop,2026-04-29,12:19:00,,
EARLSFIELD - GUILDFORD,L74720,1133,stop,2026-04-23,12:19:00,,
EARLSFIELD - GUILDFORD,L74720,1133,stop,2026-04-24,12:19:00,,
EARLSFIELD - GUILDFORD,L74721,1133,stop,2026-04-18,12:19:00,,
EARLSFIELD - GUILDFORD,L74720,1133,stop,2026-04-03,12:19:00,,
EARLSFIELD - GUILDFORD,Q38705,1133,stop,2026-04-03,12:19:00,,
EARLSFIELD - GUILDFORD,L74720,1133,stop,2026-04-20,12:19:00,,
EARLSFIELD - GUILDFORD,L74720,1133,stop,2026-04-16,12:19:00,,
EARLSFIELD - GUILDFORD,L74721,1133,stop,2026-04-25,12:19:00,,
EARLSFIELD - GUILDFORD,L74721,1133,stop,2026-04-11,12:19:00,,
EARLSFIELD - GUILDFORD,L74720,1133,stop,2026-04-17,12:19:00,,
EARLSFIELD - GUILDFORD,L74720,1133,stop,2026-04-22,12:19:00,,
EARLSFIELD - GUILDFORD,L74720,1133,stop,2026-04-07,12:19:00,,
EARLSFIELD - GUILDFORD,L74720,1133,stop,2026-04-14,12:19:00,,
EARLSFIELD - GUILDFORD,L74720,1133,stop,2026-04-27,12:19:00,,
EARLSFIELD - GUILDFORD,L74721,1133,stop,2026-04-04,12:19:00,,
EARLSFIELD - GUILDFORD,L74720,1133,stop,2026-04-09,12:19:00,,
EARLSFIELD - GUILDFORD,L74720,1133,stop,2026-04-21,12:19:00,,
EARLSFIELD - GUILDFORD,L74720,1133,stop,2026-04-28,12:19:00,,
EARLSFIELD - GUILDFORD,L74720,1133,stop,2026-04-02,12:19:00,,
EARLSFIELD - GUILDFORD (2),P61596,1132,stop,2026-04-26,12:21:00,,
GUILDFORD - WEYMOUTH,P61437,1148,pass,2026-04-26,12:21:00,,
EARLSFIELD - GUILDFORD (2),P61596,1132,stop,2026-04-19,12:22:00,,
EARLSFIELD - GUILDFORD (2),P61596,1132,stop,2026-04-05,12:22:00,,
PORTSMOUTH HARBOUR - SURBITON (2),L76219,1055,pass,2026-04-26,12:22:00,,
EARLSFIELD - GUILDFORD (2),P61596,1132,stop,2026-04-12,12:22:00,,
EFFINGHAM JUNCTION - WORCESTER PARK,Q54772,1215,stop,2026-04-12,12:24:00,,
GUILDFORD - EARLSFIELD,L74254,1220,stop,2026-04-05,12:24:00,,
GUILDFORD - EARLSFIELD,L74254,1220,stop,2026-04-19,12:24:00,,
GUILDFORD - EARLSFIELD,L74254,1220,stop,2026-04-26,12:24:00,,
GUILDFORD - EARLSFIELD,L74254,1220,stop,2026-04-12,12:24:00,,
EARLSFIELD - GUILDFORD (3),P61596,1132,stop,2026-04-26,12:25:00,,
EARLSFIELD - GUILDFORD (3),P61596,1132,stop,2026-04-19,12:26:00,,
EARLSFIELD - GUILDFORD (3),P61596,1132,stop,2026-04-05,12:26:00,,
EARLSFIELD - GUILDFORD (3),P61596,1132,stop,2026-04-12,12:26:00,,
WORCESTER PARK - EFFINGHAM JUNCTION,Q54811,1135,stop,2026-04-12,12:30:00,,
SURBITON - PORTSMOUTH HARBOUR (2),L76214,1202,pass,2026-04-26,12:35:00,,
GUILDFORD - EARLSFIELD (2),L74742,1234,stop,2026-04-02,12:38:00,,
GUILDFORD - EARLSFIELD (2),Q88845,1234,stop,2026-04-03,12:38:00,,
GUILDFORD - EARLSFIELD (2),L74742,1234,stop,2026-04-29,12:38:00,,
GUILDFORD - EARLSFIELD (2),L74743,1234,stop,2026-04-18,12:38:00,,
GUILDFORD - EARLSFIELD (2),L74742,1234,stop,2026-04-24,12:38:00,,
GUILDFORD - EARLSFIELD (2),L74742,1234,stop,2026-04-08,12:38:00,,
GUILDFORD - EARLSFIELD (2),L74742,1234,stop,2026-04-20,12:38:00,,
GUILDFORD - EARLSFIELD (2),L74742,1234,stop,2026-04-28,12:38:00,,
GUILDFORD - EARLSFIELD (2),L74742,1234,stop,2026-04-09,12:38:00,,
GUILDFORD - EARLSFIELD (2),L74742,1234,stop,2026-04-03,12:38:00,,
GUILDFORD - EARLSFIELD (2),L74742,1234,stop,2026-04-21,12:38:00,,
GUILDFORD - EARLSFIELD (2),L74742,1234,stop,2026-04-13,12:38:00,,
GUILDFORD - EARLSFIELD (2),L74742,1234,stop,2026-04-07,12:38:00,,
GUILDFORD - EARLSFIELD (2),L74743,1234,stop,2026-04-25,12:38:00,,
GUILDFORD - EARLSFIELD (2),L74742,1234,stop,2026-04-01,12:38:00,,
GUILDFORD - EARLSFIELD (2),L74742,1234,stop,2026-04-23,12:38:00,,
GUILDFORD - EARLSFIELD (2),L74742,1234,stop,2026-04-17,12:38:00,,
GUILDFORD - EARLSFIELD (2),L74742,1234,stop,2026-04-10,12:38:00,,
GUILDFORD - EARLSFIELD (2),L74742,1234,stop,2026-04-30,12:38:00,,
GUILDFORD - EARLSFIELD (2),L74742,1234,stop,2026-04-22,12:38:00,,
GUILDFORD - EARLSFIELD (2),L74742,1234,stop,2026-04-16,12:38:00,,
GUILDFORD - EARLSFIELD (2),Q50461,1234,stop,2026-04-06,12:38:00,,
GUILDFORD - EARLSFIELD (2),L74743,1234,stop,2026-04-04,12:38:00,,
GUILDFORD - EARLSFIELD (2),L74742,1234,stop,2026-04-15,12:38:00,,
GUILDFORD - EARLSFIELD (2),L74742,1234,stop,2026-04-06,12:38:00,,
GUILDFORD - EARLSFIELD (2),L74742,1234,stop,2026-04-14,12:38:00,,
GUILDFORD - EARLSFIELD (2),L74742,1234,stop,2026-04-27,12:38:00,,
GUILDFORD - EARLSFIELD (2),L74743,1234,stop,2026-04-11,12:38:00,,
GUILDFORD - EARLSFIELD,L74254,1220,stop,2026-04-12,12:39:00,,
GUILDFORD - EARLSFIELD,L74254,1220,stop,2026-04-05,12:39:00,,
GUILDFORD - EARLSFIELD,L74254,1220,stop,2026-04-26,12:39:00,,
GUILDFORD - EARLSFIELD,L74254,1220,stop,2026-04-19,12:39:00,,
EARLSFIELD - GUILDFORD (2),P61594,1153,stop,2026-04-10,12:41:00,,
EARLSFIELD - GUILDFORD (2),P61594,1153,stop,2026-04-23,12:41:00,,
EARLSFIELD - GUILDFORD (2),P61594,1153,stop,2026-04-03,12:41:00,,
EARLSFIELD - GUILDFORD (2),P61594,1153,stop,2026-04-27,12:41:00,,
EARLSFIELD - GUILDFORD (2),P61595,1153,stop,2026-04-25,12:41:00,,
EARLSFIELD - GUILDFORD (2),P61594,1153,stop,2026-04-08,12:41:00,,
EARLSFIELD - GUILDFORD (2),P61594,1153,stop,2026-04-28,12:41:00,,
EARLSFIELD - GUILDFORD (2),P61594,1153,stop,2026-04-07,12:41:00,,
EARLSFIELD - GUILDFORD (2),P61594,1153,stop,2026-04-20,12:41:00,,
EARLSFIELD - GUILDFORD (2),P61594,1153,stop,2026-04-22,12:41:00,,
EARLSFIELD - GUILDFORD (2),P61595,1153,stop,2026-04-18,12:41:00,,
EARLSFIELD - GUILDFORD (2),P61594,1153,stop,2026-04-21,12:41:00,,
EARLSFIELD - GUILDFORD (2),P61594,1153,stop,2026-04-15,12:41:00,,
EARLSFIELD - GUILDFORD (2),P61594,1153,stop,2026-04-24,12:41:00,,
EARLSFIELD - GUILDFORD (2),P61594,1153,stop,2026-04-16,12:41:00,,
EARLSFIELD - GUILDFORD (2),Q38692,1153,stop,2026-04-03,12:41:00,,
EARLSFIELD - GUILDFORD (2),P61595,1153,stop,2026-04-11,12:41:00,,
EARLSFIELD - GUILDFORD (2),P61594,1153,stop,2026-04-14,12:41:00,,
EARLSFIELD - GUILDFORD (2),P61594,1153,stop,2026-04-17,12:41:00,,
EARLSFIELD - GUILDFORD (2),P61594,1153,stop,2026-04-01,12:41:00,,
EARLSFIELD - GUILDFORD (2),P61595,1153,stop,2026-04-04,12:41:00,,
EARLSFIELD - GUILDFORD (2),P61594,1153,stop,2026-04-06,12:41:00,,
EARLSFIELD - GUILDFORD (2),P61594,1153,stop,2026-04-02,12:41:00,,
EARLSFIELD - GUILDFORD (2),P61594,1153,stop,2026-04-30,12:41:00,,
EARLSFIELD - GUILDFORD (2),Q50552,1153,stop,2026-04-06,12:41:00,,
EARLSFIELD - GUILDFORD (2),P61594,1153,stop,2026-04-09,12:41:00,,
EARLSFIELD - GUILDFORD (2),P61594,1153,stop,2026-04-13,12:41:00,,
EARLSFIELD - GUILDFORD (2),P61594,1153,stop,2026-04-29,12:41:00,,
GUILDFORD - EARLSFIELD (4),L74744,1239,stop,2026-04-05,12:43:00,,
EARLSFIELD - GUILDFORD (3),P61594,1153,stop,2026-04-20,12:45:00,,
EARLSFIELD - GUILDFORD (3),P61594,1153,stop,2026-04-22,12:45:00,,
EARLSFIELD - GUILDFORD (3),Q38692,1153,stop,2026-04-03,12:45:00,,
EARLSFIELD - GUILDFORD (3),P61594,1153,stop,2026-04-30,12:45:00,,
EARLSFIELD - GUILDFORD (3),P61595,1153,stop,2026-04-25,12:45:00,,
EARLSFIELD - GUILDFORD (3),P61594,1153,stop,2026-04-03,12:45:00,,
EARLSFIELD - GUILDFORD (3),P61594,1153,stop,2026-04-08,12:45:00,,
EARLSFIELD - GUILDFORD (3),P61594,1153,stop,2026-04-10,12:45:00,,
EARLSFIELD - GUILDFORD (3),P61594,1153,stop,2026-04-17,12:45:00,,
EARLSFIELD - GUILDFORD (3),P61594,1153,stop,2026-04-15,12:45:00,,
EARLSFIELD - GUILDFORD (3),P61594,1153,stop,2026-04-07,12:45:00,,
EARLSFIELD - GUILDFORD (3),P61594,1153,stop,2026-04-21,12:45:00,,
EARLSFIELD - GUILDFORD (3),P61594,1153,stop,2026-04-06,12:45:00,,
EARLSFIELD - GUILDFORD (3),P61594,1153,stop,2026-04-28,12:45:00,,
EARLSFIELD - GUILDFORD (3),P61594,1153,stop,2026-04-24,12:45:00,,
EARLSFIELD - GUILDFORD (3),P61595,1153,stop,2026-04-11,12:45:00,,
EARLSFIELD - GUILDFORD (3),P61594,1153,stop,2026-04-13,12:45:00,,
EARLSFIELD - GUILDFORD (4),L74727,1157,stop,2026-04-05,12:45:00,,
EARLSFIELD - GUILDFORD (3),P61594,1153,stop,2026-04-01,12:45:00,,
EARLSFIELD - GUILDFORD (3),P61594,1153,stop,2026-04-27,12:45:00,,
EARLSFIELD - GUILDFORD (3),P61594,1153,stop,2026-04-16,12:45:00,,
EARLSFIELD - GUILDFORD (3),P61594,1153,stop,2026-04-02,12:45:00,,
EARLSFIELD - GUILDFORD (3),P61594,1153,stop,2026-04-09,12:45:00,,
EARLSFIELD - GUILDFORD (3),P61594,1153,stop,2026-04-29,12:45:00,,
EARLSFIELD - GUILDFORD (3),P61594,1153,stop,2026-04-23,12:45:00,,
EARLSFIELD - GUILDFORD (3),Q50552,1153,stop,2026-04-06,12:45:00,,
EARLSFIELD - GUILDFORD (3),P61595,1153,stop,2026-04-04,12:45:00,,
EARLSFIELD - GUILDFORD (3),P61594,1153,stop,2026-04-14,12:45:00,,
EARLSFIELD - GUILDFORD (3),P61595,1153,stop,2026-04-18,12:45:00,,
PORTSMOUTH HARBOUR - SURBITON,L73427,1132,pass,2026-04-26,12:46:00,,
GUILDFORD - EARLSFIELD,L74258,1245,stop,2026-04-21,12:49:00,,
EARLSFIELD - GUILDFORD,P61728,1203,stop,2026-04-22,12:49:00,,
EARLSFIELD - GUILDFORD,P61728,1203,stop,2026-04-10,12:49:00,,
EARLSFIELD - GUILDFORD,P61728,1203,stop,2026-04-16,12:49:00,,
GUILDFORD - EARLSFIELD,L74258,1245,stop,2026-04-23,12:49:00,,
GUILDFORD - EARLSFIELD,L74258,1245,stop,2026-04-10,12:49:00,,
GUILDFORD - EARLSFIELD,L74258,1245,stop,2026-04-30,12:49:00,,
GUILDFORD - EARLSFIELD,L74258,1245,stop,2026-04-09,12:49:00,,
EARLSFIELD - GUILDFORD,P61728,1203,stop,2026-04-13,12:49:00,,
GUILDFORD - EARLSFIELD,L74258,1245,stop,2026-04-01,12:49:00,,
GUILDFORD - EARLSFIELD,L74258,1245,stop,2026-04-17,12:49:00,,
GUILDFORD - EARLSFIELD,L74258,1245,stop,2026-04-03,12:49:00,,
GUILDFORD - EARLSFIELD,L74258,1245,stop,2026-04-29,12:49:00,,
EARLSFIELD - GUILDFORD,P61728,1203,stop,2026-04-20,12:49:00,,
GUILDFORD - EARLSFIELD,L74259,1245,stop,2026-04-25,12:49:00,,
EARLSFIELD - GUILDFORD,P61728,1203,stop,2026-04-28,12:49:00,,
EARLSFIELD - GUILDFORD,L74726,1203,stop,2026-04-11,12:49:00,,
EARLSFIELD - GUILDFORD,P61728,1203,stop,2026-04-06,12:49:00,,
EARLSFIELD - GUILDFORD,Q50529,1203,stop,2026-04-06,12:49:00,,
GUILDFORD - EARLSFIELD,L74258,1245,stop,2026-04-20,12:49:00,,
EARLSFIELD - GUILDFORD,L74726,1203,stop,2026-04-18,12:49:00,,
GUILDFORD - EARLSFIELD,L74258,1245,stop,2026-04-16,12:49:00,,
GUILDFORD - EARLSFIELD,L74258,1245,stop,2026-04-08,12:49:00,,
GUILDFORD - EARLSFIELD,L74258,1245,stop,2026-04-06,12:49:00,,
GUILDFORD - EARLSFIELD,L74258,1245,stop,2026-04-24,12:49:00,,
GUILDFORD - EARLSFIELD,L74258,1245,stop,2026-04-15,12:49:00,,
GUILDFORD - EARLSFIELD,L74259,1245,stop,2026-04-04,12:49:00,,
GUILDFORD - EARLSFIELD,L74258,1245,stop,2026-04-07,12:49:00,,
EARLSFIELD - GUILDFORD,P61728,1203,stop,2026-04-21,12:49:00,,
EARLSFIELD - GUILDFORD,L74726,1203,stop,2026-04-04,12:49:00,,
GUILDFORD - EARLSFIELD,L74258,1245,stop,2026-04-14,12:49:00,,
EARLSFIELD - GUILDFORD,P61728,1203,stop,2026-04-17,12:49:00,,
GUILDFORD - EARLSFIELD,L74258,1245,stop,2026-04-28,12:49:00,,
GUILDFORD - EARLSFIELD,Q88880,1245,stop,2026-04-03,12:49:00,,
GUILDFORD - EARLSFIELD,Q50439,1245,stop,2026-04-06,12:49:00,,
EARLSFIELD - GUILDFORD,P61728,1203,stop,2026-04-27,12:49:00,,
EARLSFIELD - GUILDFORD,P61728,1203,stop,2026-04-07,12:49:00,,
GUILDFORD - EARLSFIELD,L74258,1245,stop,2026-04-22,12:49:00,,
EARLSFIELD - GUILDFORD,P61728,1203,stop,2026-04-23,12:49:00,,
EARLSFIELD - GUILDFORD,P61728,1203,stop,2026-04-29,12:49:00,,
EARLSFIELD - GUILDFORD,P61728,1203,stop,2026-04-09,12:49:00,,
EARLSFIELD - GUILDFORD,P61728,1203,stop,2026-04-02,12:49:00,,
GUILDFORD - EARLSFIELD,L74258,1245,stop,2026-04-02,12:49:00,,
EARLSFIELD - GUILDFORD,P61728,1203,stop,2026-04-14,12:49:00,,
EARLSFIELD - GUILDFORD,P61728,1203,stop,2026-04-08,12:49:00,,
EARLSFIELD - GUILDFORD,P61728,1203,stop,2026-04-15,12:49:00,,
GUILDFORD - EARLSFIELD,L74259,1245,stop,2026-04-18,12:49:00,,
EARLSFIELD - GUILDFORD,Q38683,1203,stop,2026-04-03,12:49:00,,
GUILDFORD - EARLSFIELD,L74258,1245,stop,2026-04-27,12:49:00,,
EARLSFIELD - GUILDFORD,P61728,1203,stop,2026-04-01,12:49:00,,
EARLSFIELD - GUILDFORD,P61728,1203,stop,2026-04-30,12:49:00,,
EARLSFIELD - GUILDFORD,P61728,1203,stop,2026-04-24,12:49:00,,
EARLSFIELD - GUILDFORD,L74726,1203,stop,2026-04-25,12:49:00,,
GUILDFORD - EARLSFIELD,L74258,1245,stop,2026-04-13,12:49:00,,
EARLSFIELD - GUILDFORD,P61728,1203,stop,2026-04-03,12:49:00,,
GUILDFORD - EARLSFIELD,L74259,1245,stop,2026-04-11,12:49:00,,
SURBITON - GUILDFORD,L74727,1213,stop,2026-04-26,12:50:00,,
SURBITON - GUILDFORD,L74727,1213,stop,2026-04-19,12:50:00,,
SURBITON - GUILDFORD,L74727,1213,stop,2026-04-12,12:52:00,,
GUILDFORD - EARLSFIELD (2),L74744,1250,stop,2026-04-26,12:54:00,,
GUILDFORD - EARLSFIELD (2),L74744,1250,stop,2026-04-19,12:54:00,,
GUILDFORD - EARLSFIELD (2),L74744,1250,stop,2026-04-12,12:54:00,,
WEYMOUTH - GUILDFORD,P61439,0948,pass,2026-04-26,12:57:00,,
SURBITON - PORTSMOUTH HARBOUR,L73420,1228H,pass,2026-04-26,12:59:00,,
GUILDFORD - EARLSFIELD,L74259,1245,stop,2026-04-04,13:05:00,,
GUILDFORD - EARLSFIELD,Q88880,1245,stop,2026-04-03,13:05:00,,
GUILDFORD - EARLSFIELD,L74258,1245,stop,2026-04-30,13:05:00,,
GUILDFORD - EARLSFIELD,L74258,1245,stop,2026-04-02,13:05:00,,
GUILDFORD - EARLSFIELD,L74258,1245,stop,2026-04-08,13:05:00,,
GUILDFORD - EARLSFIELD,L74258,1245,stop,2026-04-09,13:05:00,,
GUILDFORD - EARLSFIELD,L74258,1245,stop,2026-04-06,13:05:00,,
GUILDFORD - EARLSFIELD,L74258,1245,stop,2026-04-07,13:05:00,,
GUILDFORD - EARLSFIELD,Q50439,1245,stop,2026-04-06,13:05:00,,
GUILDFORD - EARLSFIELD,L74259,1245,stop,2026-04-11,13:05:00,,
GUILDFORD - EARLSFIELD,L74258,1245,stop,2026-04-10,13:05:00,,
GUILDFORD - EARLSFIELD,L74258,1245,stop,2026-04-24,13:05:00,,
GUILDFORD - EARLSFIELD,L74258,1245,stop,2026-04-23,13:05:00,,
GUILDFORD - EARLSFIELD,L74258,1245,stop,2026-04-22,13:05:00,,
GUILDFORD - EARLSFIELD,L74258,1245,stop,2026-04-21,13:05:00,,
GUILDFORD - EARLSFIELD,L74258,1245,stop,2026-04-27,13:05:00,,
GUILDFORD - EARLSFIELD,L74258,1245,stop,2026-04-20,13:05:00,,
GUILDFORD - EARLSFIELD,L74259,1245,stop,2026-04-18,13:05:00,,
GUILDFORD - EARLSFIELD,L74258,1245,stop,2026-04-17,13:05:00,,
GUILDFORD - EARLSFIELD,L74258,1245,stop,2026-04-16,13:05:00,,
GUILDFORD - EARLSFIELD,L74258,1245,stop,2026-04-15,13:05:00,,
GUILDFORD - EARLSFIELD,L74258,1245,stop,2026-04-28,13:05:00,,
GUILDFORD - EARLSFIELD,L74258,1245,stop,2026-04-14,13:05:00,,
GUILDFORD - EARLSFIELD,L74258,1245,stop,2026-04-13,13:05:00,,
GUILDFORD - EARLSFIELD,L74259,1245,stop,2026-04-25,13:05:00,,
GUILDFORD - EARLSFIELD,L74258,1245,stop,2026-04-01,13:05:00,,
GUILDFORD - EARLSFIELD,L74258,1245,stop,2026-04-29,13:05:00,,
GUILDFORD - EARLSFIELD,L74258,1245,stop,2026-04-03,13:05:00,,
GUILDFORD - EARLSFIELD (2),L74749,1304,stop,2026-04-11,13:08:00,,
GUILDFORD - EARLSFIELD (2),L74748,1304,stop,2026-04-13,13:08:00,,
GUILDFORD - EARLSFIELD (2),L74748,1304,stop,2026-04-21,13:08:00,,
GUILDFORD - EARLSFIELD (2),L74748,1304,stop,2026-04-30,13:08:00,,
GUILDFORD - EARLSFIELD (2),L74748,1304,stop,2026-04-23,13:08:00,,
GUILDFORD - EARLSFIELD (2),L74748,1304,stop,2026-04-20,13:08:00,,
GUILDFORD - EARLSFIELD (2),L74748,1304,stop,2026-04-24,13:08:00,,
GUILDFORD - EARLSFIELD (2),L74749,1304,stop,2026-04-18,13:08:00,,
GUILDFORD - EARLSFIELD (2),L74749,1304,stop,2026-04-25,13:08:00,,
GUILDFORD - EARLSFIELD (2),L74748,1304,stop,2026-04-17,13:08:00,,
GUILDFORD - EARLSFIELD (2),L74748,1304,stop,2026-04-27,13:08:00,,
GUILDFORD - EARLSFIELD (2),L74748,1304,stop,2026-04-28,13:08:00,,
GUILDFORD - EARLSFIELD (2),L74748,1304,stop,2026-04-01,13:08:00,,
GUILDFORD - EARLSFIELD (2),L74748,1304,stop,2026-04-22,13:08:00,,
GUILDFORD - EARLSFIELD (2),L74748,1304,stop,2026-04-16,13:08:00,,
GUILDFORD - EARLSFIELD (2),L74748,1304,stop,2026-04-10,13:08:00,,
GUILDFORD - EARLSFIELD (2),L74748,1304,stop,2026-04-29,13:08:00,,
GUILDFORD - EARLSFIELD (2),L74748,1304,stop,2026-04-14,13:08:00,,
GUILDFORD - EARLSFIELD (2),L74748,1304,stop,2026-04-09,13:08:00,,
GUILDFORD - EARLSFIELD (2),L74748,1304,stop,2026-04-08,13:08:00,,
GUILDFORD - EARLSFIELD (2),L74748,1304,stop,2026-04-07,13:08:00,,
GUILDFORD - EARLSFIELD (2),L74748,1304,stop,2026-04-02,13:08:00,,
GUILDFORD - EARLSFIELD (2),L74748,1304,stop,2026-04-15,13:08:00,,
GUILDFORD - EARLSFIELD (2),Q50396,1304,stop,2026-04-06,13:08:00,,
GUILDFORD - EARLSFIELD (2),L74748,1304,stop,2026-04-06,13:08:00,,
GUILDFORD - EARLSFIELD (2),L74749,1304,stop,2026-04-04,13:08:00,,
GUILDFORD - EARLSFIELD (2),Q38637,1304,stop,2026-04-03,13:08:00,,
GUILDFORD - EARLSFIELD (2),L74748,1304,stop,2026-04-03,13:08:00,,
EFFINGHAM JUNCTION - WORCESTER PARK,Q54770,1315,stop,2026-04-12,13:15:00,,
EARLSFIELD - GUILDFORD,L74731,1233,stop,2026-04-25,13:19:00,,
EARLSFIELD - GUILDFORD,L74731,1233,stop,2026-04-11,13:19:00,,
EARLSFIELD - GUILDFORD,L74731,1233,stop,2026-04-04,13:19:00,,
EARLSFIELD - GUILDFORD,L74731,1233,stop,2026-04-18,13:19:00,,
EARLSFIELD - GUILDFORD,Q38661,1233,stop,2026-04-03,13:19:00,,
EARLSFIELD - GUILDFORD,Q50464,1233,stop,2026-04-06,13:19:00,,
EARLSFIELD - GUILDFORD,L74730,1233,stop,2026-04-15,13:20:00,,
EARLSFIELD - GUILDFORD,L74730,1233,stop,2026-04-10,13:20:00,,
EARLSFIELD - GUILDFORD,L74730,1233,stop,2026-04-14,13:20:00,,
EARLSFIELD - GUILDFORD,L74730,1233,stop,2026-04-01,13:20:00,,
EARLSFIELD - GUILDFORD,L74730,1233,stop,2026-04-08,13:20:00,,
EARLSFIELD - GUILDFORD,L74730,1233,stop,2026-04-09,13:20:00,,
EARLSFIELD - GUILDFORD,L74730,1233,stop,2026-04-07,13:20:00,,
EARLSFIELD - GUILDFORD,L74730,1233,stop,2026-04-22,13:20:00,,
EARLSFIELD - GUILDFORD,L74730,1233,stop,2026-04-27,13:20:00,,
EARLSFIELD - GUILDFORD,L74730,1233,stop,2026-04-06,13:20:00,,
EARLSFIELD - GUILDFORD,L74730,1233,stop,2026-04-23,13:20:00,,
EARLSFIELD - GUILDFORD,L74730,1233,stop,2026-04-20,13:20:00,,
EARLSFIELD - GUILDFORD,L74730,1233,stop,2026-04-02,13:20:00,,
EARLSFIELD - GUILDFORD,L74730,1233,stop,2026-04-16,13:20:00,,
EARLSFIELD - GUILDFORD,L74730,1233,stop,2026-04-28,13:20:00,,
EARLSFIELD - GUILDFORD,L74730,1233,stop,2026-04-30,13:20:00,,
EARLSFIELD - GUILDFORD,L74730,1233,stop,2026-04-03,13:20:00,,
EARLSFIELD - GUILDFORD,L74730,1233,stop,2026-04-13,13:20:00,,
EARLSFIELD - GUILDFORD,L74730,1233,stop,2026-04-21,13:20:00,,
EARLSFIELD - GUILDFORD,L74730,1233,stop,2026-04-24,13:20:00,,
EARLSFIELD - GUILDFORD,L74730,1233,stop,2026-04-29,13:20:00,,
EARLSFIELD - GUILDFORD,L74730,1233,stop,2026-04-17,13:20:00,,
EARLSFIELD - GUILDFORD (2),P61599,1232,stop,2026-04-12,13:21:00,,
GUILDFORD - WEYMOUTH,P61443,1248,pass,2026-04-26,13:21:00,,
EARLSFIELD - GUILDFORD (2),P61599,1232,stop,2026-04-05,13:21:00,,
EARLSFIELD - GUILDFORD (2),P61599,1232,stop,2026-04-19,13:21:00,,
EARLSFIELD - GUILDFORD (2),P61599,1232,stop,2026-04-26,13:21:00,,
PORTSMOUTH HARBOUR - SURBITON (2),L76225,1155,pass,2026-04-26,13:22:00,,
GUILDFORD - EARLSFIELD,L74260,1320,stop,2026-04-05,13:24:00,,
GUILDFORD - EARLSFIELD,L74260,1320,stop,2026-04-19,13:24:00,,
EFFINGHAM JUNCTION - WORCESTER PARK,Q54770,1315,stop,2026-04-12,13:24:00,,
GUILDFORD - EARLSFIELD,L74260,1320,stop,2026-04-26,13:24:00,,
GUILDFORD - EARLSFIELD,L74260,1320,stop,2026-04-12,13:24:00,,
EARLSFIELD - GUILDFORD (3),P61599,1232,stop,2026-04-12,13:25:00,,
EARLSFIELD - GUILDFORD (3),P61599,1232,stop,2026-04-26,13:25:00,,
EARLSFIELD - GUILDFORD (3),P61599,1232,stop,2026-04-05,13:25:00,,
EARLSFIELD - GUILDFORD (3),P61599,1232,stop,2026-04-19,13:25:00,,
WORCESTER PARK - EFFINGHAM JUNCTION,Q54808,1235,stop,2026-04-12,13:30:00,,
SURBITON - PORTSMOUTH HARBOUR (2),L76220,1302,pass,2026-04-26,13:35:00,,
GUILDFORD - EARLSFIELD (2),L74753,1334,stop,2026-04-18,13:38:00,,
GUILDFORD - EARLSFIELD (2),L74752,1334,stop,2026-04-21,13:38:00,,
GUILDFORD - EARLSFIELD (2),L74752,1334,stop,2026-04-27,13:38:00,,
GUILDFORD - EARLSFIELD (2),L74752,1334,stop,2026-04-28,13:38:00,,
GUILDFORD - EARLSFIELD (2),L74752,1334,stop,2026-04-29,13:38:00,,
GUILDFORD - EARLSFIELD (2),L74752,1334,stop,2026-04-07,13:38:00,,
GUILDFORD - EARLSFIELD (2),L74753,1334,stop,2026-04-11,13:38:00,,
GUILDFORD - EARLSFIELD (2),L74752,1334,stop,2026-04-30,13:38:00,,
GUILDFORD - EARLSFIELD (2),L74752,1334,stop,2026-04-20,13:38:00,,
GUILDFORD - EARLSFIELD (2),L74752,1334,stop,2026-04-09,13:38:00,,
GUILDFORD - EARLSFIELD (2),L74752,1334,stop,2026-04-06,13:38:00,,
GUILDFORD - EARLSFIELD (2),L74752,1334,stop,2026-04-01,13:38:00,,
GUILDFORD - EARLSFIELD (2),L74752,1334,stop,2026-04-13,13:38:00,,
GUILDFORD - EARLSFIELD (2),L74752,1334,stop,2026-04-08,13:38:00,,
GUILDFORD - EARLSFIELD (2),L74752,1334,stop,2026-04-15,13:38:00,,
GUILDFORD - EARLSFIELD (2),L74752,1334,stop,2026-04-24,13:38:00,,
GUILDFORD - EARLSFIELD (2),L74752,1334,stop,2026-04-23,13:38:00,,
GUILDFORD - EARLSFIELD (2),L74752,1334,stop,2026-04-17,13:38:00,,
GUILDFORD - EARLSFIELD (2),L74752,1334,stop,2026-04-10,13:38:00,,
GUILDFORD - EARLSFIELD (2),L74753,1334,stop,2026-04-25,13:38:00,,
GUILDFORD - EARLSFIELD (2),L74752,1334,stop,2026-04-16,13:38:00,,
GUILDFORD - EARLSFIELD (2),L74752,1334,stop,2026-04-03,13:38:00,,
GUILDFORD - EARLSFIELD (2),L74752,1334,stop,2026-04-22,13:38:00,,
GUILDFORD - EARLSFIELD (2),Q50336,1334,stop,2026-04-06,13:38:00,,
GUILDFORD - EARLSFIELD (2),Q88844,1334,stop,2026-04-03,13:38:00,,
GUILDFORD - EARLSFIELD (2),L74753,1334,stop,2026-04-04,13:38:00,,
GUILDFORD - EARLSFIELD (2),L74752,1334,stop,2026-04-14,13:38:00,,
GUILDFORD - EARLSFIELD (2),L74752,1334,stop,2026-04-02,13:38:00,,
GUILDFORD - EARLSFIELD,L74260,1320,stop,2026-04-26,13:39:00,,
GUILDFORD - EARLSFIELD,L74260,1320,stop,2026-04-05,13:39:00,,
GUILDFORD - EARLSFIELD,L74260,1320,stop,2026-04-19,13:39:00,,
GUILDFORD - EARLSFIELD,L74260,1320,stop,2026-04-12,13:39:00,,
EARLSFIELD - GUILDFORD (2),P61597,1253,stop,2026-04-01,13:41:00,,
EARLSFIELD - GUILDFORD (2),P61598,1253,stop,2026-04-11,13:41:00,,
EARLSFIELD - GUILDFORD (2),P61598,1253,stop,2026-04-04,13:41:00,,
EARLSFIELD - GUILDFORD (2),P61597,1253,stop,2026-04-09,13:41:00,,
EARLSFIELD - GUILDFORD (2),P61597,1253,stop,2026-04-07,13:41:00,,
EARLSFIELD - GUILDFORD (2),P61597,1253,stop,2026-04-14,13:41:00,,
EARLSFIELD - GUILDFORD (2),P61597,1253,stop,2026-04-23,13:41:00,,
EARLSFIELD - GUILDFORD (2),P61598,1253,stop,2026-04-18,13:41:00,,
EARLSFIELD - GUILDFORD (2),P61597,1253,stop,2026-04-24,13:41:00,,
EARLSFIELD - GUILDFORD (2),P61598,1253,stop,2026-04-25,13:41:00,,
EARLSFIELD - GUILDFORD (2),P61597,1253,stop,2026-04-21,13:41:00,,
EARLSFIELD - GUILDFORD (2),P61597,1253,stop,2026-04-08,13:41:00,,
EARLSFIELD - GUILDFORD (2),P61597,1253,stop,2026-04-29,13:41:00,,
EARLSFIELD - GUILDFORD (2),P61597,1253,stop,2026-04-15,13:41:00,,
EARLSFIELD - GUILDFORD (2),P61597,1253,stop,2026-04-28,13:41:00,,
EARLSFIELD - GUILDFORD (2),P61597,1253,stop,2026-04-13,13:41:00,,
EARLSFIELD - GUILDFORD (2),P61597,1253,stop,2026-04-10,13:41:00,,
EARLSFIELD - GUILDFORD (2),P61597,1253,stop,2026-04-22,13:41:00,,
EARLSFIELD - GUILDFORD (2),Q50421,1253,stop,2026-04-06,13:41:00,,
EARLSFIELD - GUILDFORD (2),P61597,1253,stop,2026-04-06,13:41:00,,
EARLSFIELD - GUILDFORD (2),Q38647,1253,stop,2026-04-03,13:41:00,,
EARLSFIELD - GUILDFORD (2),P61597,1253,stop,2026-04-03,13:41:00,,
EARLSFIELD - GUILDFORD (2),P61597,1253,stop,2026-04-16,13:41:00,,
EARLSFIELD - GUILDFORD (2),P61597,1253,stop,2026-04-27,13:41:00,,
EARLSFIELD - GUILDFORD (2),P61597,1253,stop,2026-04-02,13:41:00,,
EARLSFIELD - GUILDFORD (2),P61597,1253,stop,2026-04-20,13:41:00,,
EARLSFIELD - GUILDFORD (2),P61597,1253,stop,2026-04-17,13:41:00,,
EARLSFIELD - GUILDFORD (2),P61597,1253,stop,2026-04-30,13:41:00,,
GUILDFORD - EARLSFIELD (4),L74754,1339,stop,2026-04-05,13:43:00,,
EARLSFIELD - GUILDFORD (3),P61597,1253,stop,2026-04-20,13:45:00,,
EARLSFIELD - GUILDFORD (3),P61597,1253,stop,2026-04-03,13:45:00,,
EARLSFIELD - GUILDFORD (4),L74737,1257,stop,2026-04-05,13:45:00,,
EARLSFIELD - GUILDFORD (3),P61597,1253,stop,2026-04-15,13:45:00,,
EARLSFIELD - GUILDFORD (3),Q38647,1253,stop,2026-04-03,13:45:00,,
EARLSFIELD - GUILDFORD (3),P61598,1253,stop,2026-04-04,13:45:00,,
EARLSFIELD - GUILDFORD (3),P61597,1253,stop,2026-04-22,13:45:00,,
EARLSFIELD - GUILDFORD (3),P61597,1253,stop,2026-04-28,13:45:00,,
EARLSFIELD - GUILDFORD (3),P61597,1253,stop,2026-04-16,13:45:00,,
EARLSFIELD - GUILDFORD (3),P61597,1253,stop,2026-04-13,13:45:00,,
EARLSFIELD - GUILDFORD (3),Q50421,1253,stop,2026-04-06,13:45:00,,
EARLSFIELD - GUILDFORD (3),P61597,1253,stop,2026-04-06,13:45:00,,
EARLSFIELD - GUILDFORD (3),P61597,1253,stop,2026-04-09,13:45:00,,
EARLSFIELD - GUILDFORD (3),P61597,1253,stop,2026-04-30,13:45:00,,
EARLSFIELD - GUILDFORD (3),P61598,1253,stop,2026-04-11,13:45:00,,
EARLSFIELD - GUILDFORD (3),P61597,1253,stop,2026-04-07,13:45:00,,
EARLSFIELD - GUILDFORD (3),P61597,1253,stop,2026-04-29,13:45:00,,
EARLSFIELD - GUILDFORD (3),P61597,1253,stop,2026-04-14,13:45:00,,
EARLSFIELD - GUILDFORD (3),P61597,1253,stop,2026-04-23,13:45:00,,
EARLSFIELD - GUILDFORD (3),P61597,1253,stop,2026-04-24,13:45:00,,
EARLSFIELD - GUILDFORD (3),P61597,1253,stop,2026-04-27,13:45:00,,
EARLSFIELD - GUILDFORD (3),P61597,1253,stop,2026-04-10,13:45:00,,
EARLSFIELD - GUILDFORD (3),P61597,1253,stop,2026-04-01,13:45:00,,
EARLSFIELD - GUILDFORD (3),P61597,1253,stop,2026-04-17,13:45:00,,
EARLSFIELD - GUILDFORD (3),P61598,1253,stop,2026-04-18,13:45:00,,
EARLSFIELD - GUILDFORD (3),P61597,1253,stop,2026-04-08,13:45:00,,
EARLSFIELD - GUILDFORD (3),P61597,1253,stop,2026-04-21,13:45:00,,
EARLSFIELD - GUILDFORD (3),P61598,1253,stop,2026-04-25,13:45:00,,
EARLSFIELD - GUILDFORD (3),P61597,1253,stop,2026-04-02,13:45:00,,
PORTSMOUTH HARBOUR - SURBITON,L73437,1232,pass,2026-04-26,13:46:00,,
EARLSFIELD - GUILDFORD,L74736,1303,stop,2026-04-18,13:49:00,,
GUILDFORD - EARLSFIELD,P61606,1345,stop,2026-04-20,13:49:00,,
EARLSFIELD - GUILDFORD,P61729,1303,stop,2026-04-20,13:49:00,,
EARLSFIELD - GUILDFORD,P61729,1303,stop,2026-04-17,13:49:00,,
GUILDFORD - EARLSFIELD,P61606,1345,stop,2026-04-10,13:49:00,,
EARLSFIELD - GUILDFORD,L74736,1303,stop,2026-04-04,13:49:00,,
GUILDFORD - EARLSFIELD,P61606,1345,stop,2026-04-28,13:49:00,,
EARLSFIELD - GUILDFORD,P61729,1303,stop,2026-04-02,13:49:00,,
GUILDFORD - EARLSFIELD,P61606,1345,stop,2026-04-23,13:49:00,,
GUILDFORD - EARLSFIELD,P61606,1345,stop,2026-04-17,13:49:00,,
GUILDFORD - EARLSFIELD,L74265,1345,stop,2026-04-11,13:49:00,,
GUILDFORD - EARLSFIELD,P61606,1345,stop,2026-04-09,13:49:00,,
GUILDFORD - EARLSFIELD,P61606,1345,stop,2026-04-13,13:49:00,,
EARLSFIELD - GUILDFORD,L74736,1303,stop,2026-04-25,13:49:00,,
EARLSFIELD - GUILDFORD,P61729,1303,stop,2026-04-24,13:49:00,,
GUILDFORD - EARLSFIELD,P61606,1345,stop,2026-04-22,13:49:00,,
GUILDFORD - EARLSFIELD,L74265,1345,stop,2026-04-18,13:49:00,,
GUILDFORD - EARLSFIELD,Q88879,1345,stop,2026-04-03,13:49:00,,
GUILDFORD - EARLSFIELD,P61606,1345,stop,2026-04-03,13:49:00,,
GUILDFORD - EARLSFIELD,P61606,1345,stop,2026-04-21,13:49:00,,
EARLSFIELD - GUILDFORD,P61729,1303,stop,2026-04-21,13:49:00,,
GUILDFORD - EARLSFIELD,P61606,1345,stop,2026-04-08,13:49:00,,
EARLSFIELD - GUILDFORD,Q39771,1303,stop,2026-04-03,13:49:00,,
EARLSFIELD - GUILDFORD,P61729,1303,stop,2026-04-03,13:49:00,,
EARLSFIELD - GUILDFORD,P61729,1303,stop,2026-04-09,13:49:00,,
GUILDFORD - EARLSFIELD,P61606,1345,stop,2026-04-27,13:49:00,,
GUILDFORD - EARLSFIELD,P61606,1345,stop,2026-04-06,13:49:00,,
EARLSFIELD - GUILDFORD,P61729,1303,stop,2026-04-29,13:49:00,,
GUILDFORD - EARLSFIELD,P61606,1345,stop,2026-04-30,13:49:00,,
EARLSFIELD - GUILDFORD,P61729,1303,stop,2026-04-23,13:49:00,,
EARLSFIELD - GUILDFORD,P61729,1303,stop,2026-04-13,13:49:00,,
EARLSFIELD - GUILDFORD,P61729,1303,stop,2026-04-30,13:49:00,,
EARLSFIELD - GUILDFORD,P61729,1303,stop,2026-04-01,13:49:00,,
EARLSFIELD - GUILDFORD,P61729,1303,stop,2026-04-16,13:49:00,,
EARLSFIELD - GUILDFORD,P61729,1303,stop,2026-04-28,13:49:00,,
GUILDFORD - EARLSFIELD,P61606,1345,stop,2026-04-14,13:49:00,,
GUILDFORD - EARLSFIELD,Q50307,1345,stop,2026-04-06,13:49:00,,
GUILDFORD - EARLSFIELD,P61606,1345,stop,2026-04-16,13:49:00,,
GUILDFORD - EARLSFIELD,L74265,1345,stop,2026-04-25,13:49:00,,
EARLSFIELD - GUILDFORD,P61729,1303,stop,2026-04-22,13:49:00,,
GUILDFORD - EARLSFIELD,P61606,1345,stop,2026-04-24,13:49:00,,
GUILDFORD - EARLSFIELD,P61606,1345,stop,2026-04-29,13:49:00,,
EARLSFIELD - GUILDFORD,P61729,1303,stop,2026-04-07,13:49:00,,
EARLSFIELD - GUILDFORD,Q50400,1303,stop,2026-04-06,13:49:00,,
EARLSFIELD - GUILDFORD,P61729,1303,stop,2026-04-08,13:49:00,,
GUILDFORD - EARLSFIELD,P61606,1345,stop,2026-04-07,13:49:00,,
GUILDFORD - EARLSFIELD,P61606,1345,stop,2026-04-15,13:49:00,,
GUILDFORD - EARLSFIELD,P61606,1345,stop,2026-04-02,13:49:00,,
GUILDFORD - EARLSFIELD,P61606,1345,stop,2026-04-01,13:49:00,,
EARLSFIELD - GUILDFORD,P61729,1303,stop,2026-04-27,13:49:00,,
EARLSFIELD - GUILDFORD,P61729,1303,stop,2026-04-06,13:49:00,,
EARLSFIELD - GUILDFORD,P61729,1303,stop,2026-04-15,13:49:00,,
GUILDFORD - EARLSFIELD,L74265,1345,stop,2026-04-04,13:49:00,,
EARLSFIELD - GUILDFORD,P61729,1303,stop,2026-04-10,13:49:00,,
EARLSFIELD - GUILDFORD,P61729,1303,stop,2026-04-14,13:49:00,,
EARLSFIELD - GUILDFORD,L74736,1303,stop,2026-04-11,13:49:00,,
SURBITON - GUILDFORD,L74737,1313,stop,2026-04-19,13:50:00,,
SURBITON - GUILDFORD,L74737,1313,stop,2026-04-26,13:50:00,,
SURBITON - GUILDFORD,L74737,1313,stop,2026-04-12,13:52:00,,
GUILDFORD - EARLSFIELD (2),L74754,1350,stop,2026-04-12,13:54:00,,
GUILDFORD - EARLSFIELD (2),L74754,1350,stop,2026-04-26,13:54:00,,
GUILDFORD - EARLSFIELD (2),L74754,1350,stop,2026-04-19,13:54:00,,
WEYMOUTH - GUILDFORD,P61444,1048,pass,2026-04-26,13:58:00,,
SURBITON - PORTSMOUTH HARBOUR,L73430,1328H,pass,2026-04-26,13:59:00,,
GUILDFORD - EARLSFIELD,P61606,1345,stop,2026-04-17,14:05:00,,
GUILDFORD - EARLSFIELD,L74265,1345,stop,2026-04-04,14:05:00,,
GUILDFORD - EARLSFIELD,P61606,1345,stop,2026-04-29,14:05:00,,
GUILDFORD - EARLSFIELD,P61606,1345,stop,2026-04-02,14:05:00,,
GUILDFORD - EARLSFIELD,P61606,1345,stop,2026-04-21,14:05:00,,
GUILDFORD - EARLSFIELD,P61606,1345,stop,2026-04-07,14:05:00,,
GUILDFORD - EARLSFIELD,L74265,1345,stop,2026-04-18,14:05:00,,
GUILDFORD - EARLSFIELD,P61606,1345,stop,2026-04-10,14:05:00,,
GUILDFORD - EARLSFIELD,P61606,1345,stop,2026-04-24,14:05:00,,
GUILDFORD - EARLSFIELD,Q50307,1345,stop,2026-04-06,14:05:00,,
GUILDFORD - EARLSFIELD,L74265,1345,stop,2026-04-25,14:05:00,,
GUILDFORD - EARLSFIELD,P61606,1345,stop,2026-04-06,14:05:00,,
GUILDFORD - EARLSFIELD,P61606,1345,stop,2026-04-28,14:05:00,,
GUILDFORD - EARLSFIELD,P61606,1345,stop,2026-04-15,14:05:00,,
GUILDFORD - EARLSFIELD,P61606,1345,stop,2026-04-09,14:05:00,,
GUILDFORD - EARLSFIELD,P61606,1345,stop,2026-04-23,14:05:00,,
GUILDFORD - EARLSFIELD,P61606,1345,stop,2026-04-01,14:05:00,,
GUILDFORD - EARLSFIELD,P61606,1345,stop,2026-04-13,14:05:00,,
GUILDFORD - EARLSFIELD,P61606,1345,stop,2026-04-14,14:05:00,,
GUILDFORD - EARLSFIELD,P61606,1345,stop,2026-04-27,14:05:00,,
GUILDFORD - EARLSFIELD,L74265,1345,stop,2026-04-11,14:05:00,,
GUILDFORD - EARLSFIELD,P61606,1345,stop,2026-04-30,14:05:00,,
GUILDFORD - EARLSFIELD,P61606,1345,stop,2026-04-08,14:05:00,,
GUILDFORD - EARLSFIELD,P61606,1345,stop,2026-04-22,14:05:00,,
GUILDFORD - EARLSFIELD,P61606,1345,stop,2026-04-16,14:05:00,,
GUILDFORD - EARLSFIELD,P61606,1345,stop,2026-04-20,14:05:00,,
GUILDFORD - EARLSFIELD,Q88879,1345,stop,2026-04-03,14:05:00,,
GUILDFORD - EARLSFIELD,P61606,1345,stop,2026-04-03,14:05:00,,
GUILDFORD - EARLSFIELD (2),L74758,1404,stop,2026-04-09,14:08:00,,
GUILDFORD - EARLSFIELD (2),L74758,1404,stop,2026-04-13,14:08:00,,
GUILDFORD - EARLSFIELD (2),L74759,1404,stop,2026-04-11,14:08:00,,
GUILDFORD - EARLSFIELD (2),L74758,1404,stop,2026-04-15,14:08:00,,
GUILDFORD - EARLSFIELD (2),L74758,1404,stop,2026-04-22,14:08:00,,
GUILDFORD - EARLSFIELD (2),L74758,1404,stop,2026-04-16,14:08:00,,
GUILDFORD - EARLSFIELD (2),L74758,1404,stop,2026-04-21,14:08:00,,
GUILDFORD - EARLSFIELD (2),L74758,1404,stop,2026-04-20,14:08:00,,
GUILDFORD - EARLSFIELD (2),L74758,1404,stop,2026-04-29,14:08:00,,
GUILDFORD - EARLSFIELD (2),Q38592,1404,stop,2026-04-03,14:08:00,,
GUILDFORD - EARLSFIELD (2),L74758,1404,stop,2026-04-03,14:08:00,,
GUILDFORD - EARLSFIELD (2),L74758,1404,stop,2026-04-07,14:08:00,,
GUILDFORD - EARLSFIELD (2),L74758,1404,stop,2026-04-01,14:08:00,,
GUILDFORD - EARLSFIELD (2),Q50255,1404,stop,2026-04-06,14:08:00,,
GUILDFORD - EARLSFIELD (2),L74758,1404,stop,2026-04-08,14:08:00,,
GUILDFORD - EARLSFIELD (2),L74758,1404,stop,2026-04-17,14:08:00,,
GUILDFORD - EARLSFIELD (2),L74758,1404,stop,2026-04-30,14:08:00,,
GUILDFORD - EARLSFIELD (2),L74758,1404,stop,2026-04-23,14:08:00,,
GUILDFORD - EARLSFIELD (2),L74758,1404,stop,2026-04-10,14:08:00,,
GUILDFORD - EARLSFIELD (2),L74759,1404,stop,2026-04-04,14:08:00,,
GUILDFORD - EARLSFIELD (2),L74758,1404,stop,2026-04-14,14:08:00,,
GUILDFORD - EARLSFIELD (2),L74759,1404,stop,2026-04-18,14:08:00,,
GUILDFORD - EARLSFIELD (2),L74758,1404,stop,2026-04-02,14:08:00,,
GUILDFORD - EARLSFIELD (2),L74758,1404,stop,2026-04-27,14:08:00,,
GUILDFORD - EARLSFIELD (2),L74759,1404,stop,2026-04-25,14:08:00,,
GUILDFORD - EARLSFIELD (2),L74758,1404,stop,2026-04-28,14:08:00,,
GUILDFORD - EARLSFIELD (2),L74758,1404,stop,2026-04-24,14:08:00,,
GUILDFORD - EARLSFIELD (2),L74758,1404,stop,2026-04-06,14:08:00,,
EFFINGHAM JUNCTION - WORCESTER PARK,Q54769,1415,stop,2026-04-12,14:15:00,,
EARLSFIELD - GUILDFORD,L74740,1333,stop,2026-04-21,14:19:00,,
EARLSFIELD - GUILDFORD,L74741,1333,stop,2026-04-11,14:19:00,,
EARLSFIELD - GUILDFORD,L74740,1333,stop,2026-04-07,14:19:00,,
EARLSFIELD - GUILDFORD,L74740,1333,stop,2026-04-30,14:19:00,,
EARLSFIELD - GUILDFORD,L74740,1333,stop,2026-04-03,14:19:00,,
EARLSFIELD - GUILDFORD,L74740,1333,stop,2026-04-14,14:19:00,,
EARLSFIELD - GUILDFORD,L74741,1333,stop,2026-04-04,14:19:00,,
EARLSFIELD - GUILDFORD,L74740,1333,stop,2026-04-01,14:19:00,,
EARLSFIELD - GUILDFORD,L74740,1333,stop,2026-04-13,14:19:00,,
EARLSFIELD - GUILDFORD,L74740,1333,stop,2026-04-28,14:19:00,,
EARLSFIELD - GUILDFORD,L74740,1333,stop,2026-04-22,14:19:00,,
EARLSFIELD - GUILDFORD,L74740,1333,stop,2026-04-23,14:19:00,,
EARLSFIELD - GUILDFORD,L74740,1333,stop,2026-04-29,14:19:00,,
EARLSFIELD - GUILDFORD,L74740,1333,stop,2026-04-08,14:19:00,,
EARLSFIELD - GUILDFORD,L74740,1333,stop,2026-04-15,14:19:00,,
EARLSFIELD - GUILDFORD,L74741,1333,stop,2026-04-25,14:19:00,,
EARLSFIELD - GUILDFORD,Q50340,1333,stop,2026-04-06,14:19:00,,
EARLSFIELD - GUILDFORD,L74740,1333,stop,2026-04-17,14:19:00,,
EARLSFIELD - GUILDFORD,L74740,1333,stop,2026-04-16,14:19:00,,
EARLSFIELD - GUILDFORD,L74740,1333,stop,2026-04-10,14:19:00,,
EARLSFIELD - GUILDFORD,L74740,1333,stop,2026-04-09,14:19:00,,
EARLSFIELD - GUILDFORD,L74740,1333,stop,2026-04-06,14:19:00,,
EARLSFIELD - GUILDFORD,L74740,1333,stop,2026-04-27,14:19:00,,
EARLSFIELD - GUILDFORD,L74740,1333,stop,2026-04-24,14:19:00,,
EARLSFIELD - GUILDFORD,L74740,1333,stop,2026-04-20,14:19:00,,
EARLSFIELD - GUILDFORD,Q39770,1333,stop,2026-04-03,14:19:00,,
EARLSFIELD - GUILDFORD,L74740,1333,stop,2026-04-02,14:19:00,,
EARLSFIELD - GUILDFORD,L74741,1333,stop,2026-04-18,14:19:00,,
EARLSFIELD - GUILDFORD (2),P61602,1332,stop,2026-04-05,14:21:00,,
EARLSFIELD - GUILDFORD (2),P61602,1332,stop,2026-04-26,14:21:00,,
EARLSFIELD - GUILDFORD (2),P61602,1332,stop,2026-04-19,14:21:00,,
EARLSFIELD - GUILDFORD (2),P61602,1332,stop,2026-04-12,14:21:00,,
GUILDFORD - WEYMOUTH,P61445,1348,pass,2026-04-26,14:21:00,,
PORTSMOUTH HARBOUR - SURBITON (2),L76231,1255,pass,2026-04-26,14:22:00,,
GUILDFORD - EARLSFIELD,L74266,1420,stop,2026-04-19,14:24:00,,
EFFINGHAM JUNCTION - WORCESTER PARK,Q54769,1415,stop,2026-04-12,14:24:00,,
GUILDFORD - EARLSFIELD,L74266,1420,stop,2026-04-05,14:24:00,,
GUILDFORD - EARLSFIELD,L74266,1420,stop,2026-04-26,14:24:00,,
GUILDFORD - EARLSFIELD,L74266,1420,stop,2026-04-12,14:24:00,,
EARLSFIELD - GUILDFORD (3),P61602,1332,stop,2026-04-26,14:25:00,,
EARLSFIELD - GUILDFORD (3),P61602,1332,stop,2026-04-19,14:25:00,,
EARLSFIELD - GUILDFORD (3),P61602,1332,stop,2026-04-05,14:25:00,,
EARLSFIELD - GUILDFORD (3),P61602,1332,stop,2026-04-12,14:25:00,,
WORCESTER PARK - EFFINGHAM JUNCTION,Q54807,1335,stop,2026-04-12,14:30:00,,
SURBITON - PORTSMOUTH HARBOUR (2),L76226,1402,pass,2026-04-26,14:35:00,,
GUILDFORD - EARLSFIELD (2),L74763,1434,stop,2026-04-18,14:38:00,,
GUILDFORD - EARLSFIELD (2),L74763,1434,stop,2026-04-04,14:38:00,,
GUILDFORD - EARLSFIELD (2),L74762,1434,stop,2026-04-23,14:38:00,,
GUILDFORD - EARLSFIELD (2),L74762,1434,stop,2026-04-07,14:38:00,,
GUILDFORD - EARLSFIELD (2),L74762,1434,stop,2026-04-03,14:38:00,,
GUILDFORD - EARLSFIELD (2),L74762,1434,stop,2026-04-16,14:38:00,,
GUILDFORD - EARLSFIELD (2),L74762,1434,stop,2026-04-13,14:38:00,,
GUILDFORD - EARLSFIELD (2),L74763,1434,stop,2026-04-25,14:38:00,,
GUILDFORD - EARLSFIELD (2),L74762,1434,stop,2026-04-27,14:38:00,,
GUILDFORD - EARLSFIELD (2),L74762,1434,stop,2026-04-22,14:38:00,,
GUILDFORD - EARLSFIELD (2),L74762,1434,stop,2026-04-10,14:38:00,,
GUILDFORD - EARLSFIELD (2),L74762,1434,stop,2026-04-30,14:38:00,,
GUILDFORD - EARLSFIELD (2),L74762,1434,stop,2026-04-14,14:38:00,,
GUILDFORD - EARLSFIELD (2),L74763,1434,stop,2026-04-11,14:38:00,,
GUILDFORD - EARLSFIELD (2),Q88843,1434,stop,2026-04-03,14:38:00,,
GUILDFORD - EARLSFIELD (2),L74762,1434,stop,2026-04-06,14:38:00,,
GUILDFORD - EARLSFIELD (2),L74762,1434,stop,2026-04-09,14:38:00,,
GUILDFORD - EARLSFIELD (2),L74762,1434,stop,2026-04-24,14:38:00,,
GUILDFORD - EARLSFIELD (2),Q50181,1434,stop,2026-04-06,14:38:00,,
GUILDFORD - EARLSFIELD (2),L74762,1434,stop,2026-04-17,14:38:00,,
GUILDFORD - EARLSFIELD (2),L74762,1434,stop,2026-04-02,14:38:00,,
GUILDFORD - EARLSFIELD (2),L74762,1434,stop,2026-04-29,14:38:00,,
GUILDFORD - EARLSFIELD (2),L74762,1434,stop,2026-04-28,14:38:00,,
GUILDFORD - EARLSFIELD (2),L74762,1434,stop,2026-04-08,14:38:00,,
GUILDFORD - EARLSFIELD (2),L74762,1434,stop,2026-04-15,14:38:00,,
GUILDFORD - EARLSFIELD (2),L74762,1434,stop,2026-04-20,14:38:00,,
GUILDFORD - EARLSFIELD (2),L74762,1434,stop,2026-04-21,14:38:00,,
GUILDFORD - EARLSFIELD (2),L74762,1434,stop,2026-04-01,14:38:00,,
GUILDFORD - EARLSFIELD,L74266,1420,stop,2026-04-12,14:39:00,,
GUILDFORD - EARLSFIELD,L74266,1420,stop,2026-04-19,14:39:00,,
GUILDFORD - EARLSFIELD,L74266,1420,stop,2026-04-26,14:39:00,,
GUILDFORD - EARLSFIELD,L74266,1420,stop,2026-04-05,14:39:00,,
EARLSFIELD - GUILDFORD (2),P61600,1353,stop,2026-04-22,14:41:00,,
EARLSFIELD - GUILDFORD (2),P61600,1353,stop,2026-04-20,14:41:00,,
EARLSFIELD - GUILDFORD (2),P61600,1353,stop,2026-04-27,14:41:00,,
EARLSFIELD - GUILDFORD (2),P61600,1353,stop,2026-04-30,14:41:00,,
EARLSFIELD - GUILDFORD (2),P61600,1353,stop,2026-04-13,14:41:00,,
EARLSFIELD - GUILDFORD (2),P61600,1353,stop,2026-04-08,14:41:00,,
EARLSFIELD - GUILDFORD (2),P61601,1353,stop,2026-04-11,14:41:00,,
EARLSFIELD - GUILDFORD (2),P61600,1353,stop,2026-04-17,14:41:00,,
EARLSFIELD - GUILDFORD (2),P61600,1353,stop,2026-04-24,14:41:00,,
EARLSFIELD - GUILDFORD (2),P61600,1353,stop,2026-04-02,14:41:00,,
EARLSFIELD - GUILDFORD (2),P61600,1353,stop,2026-04-29,14:41:00,,
EARLSFIELD - GUILDFORD (2),P61600,1353,stop,2026-04-07,14:41:00,,
EARLSFIELD - GUILDFORD (2),P61601,1353,stop,2026-04-04,14:41:00,,
EARLSFIELD - GUILDFORD (2),P61601,1353,stop,2026-04-18,14:41:00,,
EARLSFIELD - GUILDFORD (2),P61600,1353,stop,2026-04-21,14:41:00,,
EARLSFIELD - GUILDFORD (2),P61600,1353,stop,2026-04-23,14:41:00,,
EARLSFIELD - GUILDFORD (2),P61600,1353,stop,2026-04-14,14:41:00,,
EARLSFIELD - GUILDFORD (2),P61600,1353,stop,2026-04-01,14:41:00,,
EARLSFIELD - GUILDFORD (2),P61600,1353,stop,2026-04-10,14:41:00,,
EARLSFIELD - GUILDFORD (2),P61600,1353,stop,2026-04-15,14:41:00,,
EARLSFIELD - GUILDFORD (2),P61601,1353,stop,2026-04-25,14:41:00,,
EARLSFIELD - GUILDFORD (2),P61600,1353,stop,2026-04-16,14:41:00,,
EARLSFIELD - GUILDFORD (2),P61600,1353,stop,2026-04-06,14:41:00,,
EARLSFIELD - GUILDFORD (2),Q50283,1353,stop,2026-04-06,14:41:00,,
EARLSFIELD - GUILDFORD (2),P61600,1353,stop,2026-04-09,14:41:00,,
EARLSFIELD - GUILDFORD (2),Q38602,1353,stop,2026-04-03,14:41:00,,
EARLSFIELD - GUILDFORD (2),P61600,1353,stop,2026-04-03,14:41:00,,
EARLSFIELD - GUILDFORD (2),P61600,1353,stop,2026-04-28,14:41:00,,
GUILDFORD - EARLSFIELD (4),L74764,1439,stop,2026-04-05,14:43:00,,
EARLSFIELD - GUILDFORD (3),P61601,1353,stop,2026-04-11,14:45:00,,
EARLSFIELD - GUILDFORD (3),P61600,1353,stop,2026-04-02,14:45:00,,
EARLSFIELD - GUILDFORD (3),P61600,1353,stop,2026-04-22,14:45:00,,
EARLSFIELD - GUILDFORD (3),P61600,1353,stop,2026-04-13,14:45:00,,
EARLSFIELD - GUILDFORD (3),P61600,1353,stop,2026-04-17,14:45:00,,
EARLSFIELD - GUILDFORD (3),P61601,1353,stop,2026-04-25,14:45:00,,
EARLSFIELD - GUILDFORD (3),Q38602,1353,stop,2026-04-03,14:45:00,,
EARLSFIELD - GUILDFORD (3),P61600,1353,stop,2026-04-21,14:45:00,,
EARLSFIELD - GUILDFORD (3),P61600,1353,stop,2026-04-30,14:45:00,,
EARLSFIELD - GUILDFORD (3),P61600,1353,stop,2026-04-09,14:45:00,,
EARLSFIELD - GUILDFORD (3),Q50283,1353,stop,2026-04-06,14:45:00,,
EARLSFIELD - GUILDFORD (3),P61600,1353,stop,2026-04-28,14:45:00,,
EARLSFIELD - GUILDFORD (3),P61601,1353,stop,2026-04-04,14:45:00,,
EARLSFIELD - GUILDFORD (3),P61600,1353,stop,2026-04-10,14:45:00,,
EARLSFIELD - GUILDFORD (3),P61600,1353,stop,2026-04-07,14:45:00,,
EARLSFIELD - GUILDFORD (3),P61600,1353,stop,2026-04-27,14:45:00,,
EARLSFIELD - GUILDFORD (3),P61600,1353,stop,2026-04-16,14:45:00,,
EARLSFIELD - GUILDFORD (4),L74747,1357,stop,2026-04-05,14:45:00,,
EARLSFIELD - GUILDFORD (3),P61600,1353,stop,2026-04-15,14:45:00,,
EARLSFIELD - GUILDFORD (3),P61600,1353,stop,2026-04-24,14:45:00,,
EARLSFIELD - GUILDFORD (3),P61600,1353,stop,2026-04-06,14:45:00,,
EARLSFIELD - GUILDFORD (3),P61600,1353,stop,2026-04-14,14:45:00,,
EARLSFIELD - GUILDFORD (3),P61601,1353,stop,2026-04-18,14:45:00,,
EARLSFIELD - GUILDFORD (3),P61600,1353,stop,2026-04-08,14:45:00,,
EARLSFIELD - GUILDFORD (3),P61600,1353,stop,2026-04-20,14:45:00,,
EARLSFIELD - GUILDFORD (3),P61600,1353,stop,2026-04-01,14:45:00,,
EARLSFIELD - GUILDFORD (3),P61600,1353,stop,2026-04-03,14:45:00,,
EARLSFIELD - GUILDFORD (3),P61600,1353,stop,2026-04-23,14:45:00,,
EARLSFIELD - GUILDFORD (3),P61600,1353,stop,2026-04-29,14:45:00,,
PORTSMOUTH HARBOUR - SURBITON,L73447,1332,pass,2026-04-26,14:46:00,,
EARLSFIELD - GUILDFORD,Q38593,1403,stop,2026-04-03,14:49:00,,
GUILDFORD - EARLSFIELD,L74270,1445,stop,2026-04-03,14:49:00,,
EARLSFIELD - GUILDFORD,P61730,1403,stop,2026-04-20,14:49:00,,
EARLSFIELD - GUILDFORD,P61730,1403,stop,2026-04-17,14:49:00,,
GUILDFORD - EARLSFIELD,Q88878,1445,stop,2026-04-03,14:49:00,,
EARLSFIELD - GUILDFORD,P61730,1403,stop,2026-04-29,14:49:00,,
EARLSFIELD - GUILDFORD,L74746,1403,stop,2026-04-04,14:49:00,,
EARLSFIELD - GUILDFORD,P61730,1403,stop,2026-04-01,14:49:00,,
GUILDFORD - EARLSFIELD,L74270,1445,stop,2026-04-13,14:49:00,,
GUILDFORD - EARLSFIELD,L74270,1445,stop,2026-04-20,14:49:00,,
GUILDFORD - EARLSFIELD,L74271,1445,stop,2026-04-25,14:49:00,,
GUILDFORD - EARLSFIELD,L74270,1445,stop,2026-04-29,14:49:00,,
EARLSFIELD - GUILDFORD,P61730,1403,stop,2026-04-23,14:49:00,,
EARLSFIELD - GUILDFORD,P61730,1403,stop,2026-04-16,14:49:00,,
EARLSFIELD - GUILDFORD,P61730,1403,stop,2026-04-30,14:49:00,,
EARLSFIELD - GUILDFORD,P61730,1403,stop,2026-04-13,14:49:00,,
EARLSFIELD - GUILDFORD,P61730,1403,stop,2026-04-09,14:49:00,,
EARLSFIELD - GUILDFORD,L74746,1403,stop,2026-04-18,14:49:00,,
GUILDFORD - EARLSFIELD,L74270,1445,stop,2026-04-14,14:49:00,,
GUILDFORD - EARLSFIELD,L74270,1445,stop,2026-04-27,14:49:00,,
EARLSFIELD - GUILDFORD,P61730,1403,stop,2026-04-14,14:49:00,,
GUILDFORD - EARLSFIELD,L74270,1445,stop,2026-04-17,14:49:00,,
GUILDFORD - EARLSFIELD,L74271,1445,stop,2026-04-04,14:49:00,,
GUILDFORD - EARLSFIELD,L74270,1445,stop,2026-04-07,14:49:00,,
EARLSFIELD - GUILDFORD,P61730,1403,stop,2026-04-08,14:49:00,,
GUILDFORD - EARLSFIELD,L74270,1445,stop,2026-04-22,14:49:00,,
GUILDFORD - EARLSFIELD,L74270,1445,stop,2026-04-08,14:49:00,,
EARLSFIELD - GUILDFORD,L74746,1403,stop,2026-04-25,14:49:00,,
EARLSFIELD - GUILDFORD,P61730,1403,stop,2026-04-21,14:49:00,,
GUILDFORD - EARLSFIELD,L74270,1445,stop,2026-04-15,14:49:00,,
EARLSFIELD - GUILDFORD,P61730,1403,stop,2026-04-03,14:49:00,,
GUILDFORD - EARLSFIELD,L74270,1445,stop,2026-04-23,14:49:00,,
EARLSFIELD - GUILDFORD,P61730,1403,stop,2026-04-15,14:49:00,,
GUILDFORD - EARLSFIELD,L74270,1445,stop,2026-04-21,14:49:00,,
EARLSFIELD - GUILDFORD,P61730,1403,stop,2026-04-28,14:49:00,,
EARLSFIELD - GUILDFORD,L74746,1403,stop,2026-04-11,14:49:00,,
EARLSFIELD - GUILDFORD,P61730,1403,stop,2026-04-07,14:49:00,,
GUILDFORD - EARLSFIELD,L74271,1445,stop,2026-04-11,14:49:00,,
EARLSFIELD - GUILDFORD,P61730,1403,stop,2026-04-27,14:49:00,,
GUILDFORD - EARLSFIELD,L74270,1445,stop,2026-04-28,14:49:00,,
GUILDFORD - EARLSFIELD,L74270,1445,stop,2026-04-02,14:49:00,,
EARLSFIELD - GUILDFORD,P61730,1403,stop,2026-04-02,14:49:00,,
EARLSFIELD - GUILDFORD,P61730,1403,stop,2026-04-10,14:49:00,,
GUILDFORD - EARLSFIELD,L74271,1445,stop,2026-04-18,14:49:00,,
GUILDFORD - EARLSFIELD,L74270,1445,stop,2026-04-10,14:49:00,,
GUILDFORD - EARLSFIELD,L74270,1445,stop,2026-04-30,14:49:00,,
GUILDFORD - EARLSFIELD,L74270,1445,stop,2026-04-01,14:49:00,,
EARLSFIELD - GUILDFORD,P61730,1403,stop,2026-04-24,14:49:00,,
GUILDFORD - EARLSFIELD,L74270,1445,stop,2026-04-16,14:49:00,,
EARLSFIELD - GUILDFORD,P61730,1403,stop,2026-04-06,14:49:00,,
GUILDFORD - EARLSFIELD,L74270,1445,stop,2026-04-24,14:49:00,,
GUILDFORD - EARLSFIELD,Q50139,1445,stop,2026-04-06,14:49:00,,
GUILDFORD - EARLSFIELD,L74270,1445,stop,2026-04-06,14:49:00,,
EARLSFIELD - GUILDFORD,P61730,1403,stop,2026-04-22,14:49:00,,
EARLSFIELD - GUILDFORD,Q50259,1403,stop,2026-04-06,14:49:00,,
GUILDFORD - EARLSFIELD,L74270,1445,stop,2026-04-09,14:49:00,,
EARLSFIELD - GUILDFORD,L74747,1406,stop,2026-04-26,14:50:00,,
EARLSFIELD - GUILDFORD,L74747,1406,stop,2026-04-19,14:50:00,,
EARLSFIELD - GUILDFORD,L74747,1406,stop,2026-04-12,14:52:00,,
GUILDFORD - EARLSFIELD (2),L74764,1450,stop,2026-04-12,14:54:00,,
GUILDFORD - EARLSFIELD (2),L74764,1450,stop,2026-04-19,14:54:00,,
GUILDFORD - EARLSFIELD (2),L74764,1450,stop,2026-04-26,14:54:00,,
WEYMOUTH - GUILDFORD,P61446,1148,pass,2026-04-26,14:57:00,,
SURBITON - PORTSMOUTH HARBOUR,L73440,1428H,pass,2026-04-26,14:59:00,,
GUILDFORD - GUILDFORD,L77268,1425,pass,2026-04-24,15:05:00,,
GUILDFORD - GUILDFORD,L77268,1425,pass,2026-04-01,15:05:00,,
GUILDFORD - GUILDFORD,L77268,1425,pass,2026-04-10,15:05:00,,
GUILDFORD - EARLSFIELD,L74271,1445,stop,2026-04-04,15:05:00,,
GUILDFORD - EARLSFIELD,L74270,1445,stop,2026-04-14,15:05:00,,
GUILDFORD - EARLSFIELD,L74270,1445,stop,2026-04-15,15:05:00,,
GUILDFORD - GUILDFORD,L77268,1425,pass,2026-04-14,15:05:00,,
GUILDFORD - GUILDFORD,L77268,1425,pass,2026-04-17,15:05:00,,
GUILDFORD - GUILDFORD,L77268,1425,pass,2026-04-21,15:05:00,,
GUILDFORD - EARLSFIELD,L74270,1445,stop,2026-04-24,15:05:00,,
GUILDFORD - EARLSFIELD,L74270,1445,stop,2026-04-02,15:05:00,,
GUILDFORD - EARLSFIELD,L74270,1445,stop,2026-04-13,15:05:00,,
GUILDFORD - GUILDFORD,L77268,1425,pass,2026-04-13,15:05:00,,
GUILDFORD - GUILDFORD,L77268,1425,pass,2026-04-28,15:05:00,,
GUILDFORD - EARLSFIELD,L74270,1445,stop,2026-04-08,15:05:00,,
GUILDFORD - EARLSFIELD,L74270,1445,stop,2026-04-20,15:05:00,,
GUILDFORD - GUILDFORD,L77268,1425,pass,2026-04-02,15:05:00,,
GUILDFORD - EARLSFIELD,L74271,1445,stop,2026-04-11,15:05:00,,
GUILDFORD - GUILDFORD,L77268,1425,pass,2026-04-20,15:05:00,,
GUILDFORD - GUILDFORD,L77268,1425,pass,2026-04-09,15:05:00,,
GUILDFORD - GUILDFORD,L77268,1425,pass,2026-04-29,15:05:00,,
GUILDFORD - EARLSFIELD,L74270,1445,stop,2026-04-16,15:05:00,,
GUILDFORD - GUILDFORD,L77268,1425,pass,2026-04-15,15:05:00,,
GUILDFORD - EARLSFIELD,L74270,1445,stop,2026-04-06,15:05:00,,
GUILDFORD - EARLSFIELD,L74270,1445,stop,2026-04-07,15:05:00,,
GUILDFORD - EARLSFIELD,Q50139,1445,stop,2026-04-06,15:05:00,,
GUILDFORD - EARLSFIELD,L74270,1445,stop,2026-04-27,15:05:00,,
GUILDFORD - EARLSFIELD,L74270,1445,stop,2026-04-01,15:05:00,,
GUILDFORD - EARLSFIELD,L74270,1445,stop,2026-04-30,15:05:00,,
GUILDFORD - EARLSFIELD,L74270,1445,stop,2026-04-29,15:05:00,,
GUILDFORD - EARLSFIELD,L74271,1445,stop,2026-04-25,15:05:00,,
GUILDFORD - EARLSFIELD,L74270,1445,stop,2026-04-21,15:05:00,,
GUILDFORD - GUILDFORD,L77268,1425,pass,2026-04-16,15:05:00,,
GUILDFORD - EARLSFIELD,Q88878,1445,stop,2026-04-03,15:05:00,,
GUILDFORD - EARLSFIELD,L74270,1445,stop,2026-04-22,15:05:00,,
GUILDFORD - GUILDFORD,L77268,1425,pass,2026-04-08,15:05:00,,
GUILDFORD - GUILDFORD,L77268,1425,pass,2026-04-07,15:05:00,,
GUILDFORD - GUILDFORD,L77268,1425,pass,2026-04-03,15:05:00,,
GUILDFORD - EARLSFIELD,L74270,1445,stop,2026-04-17,15:05:00,,
GUILDFORD - EARLSFIELD,L74270,1445,stop,2026-04-09,15:05:00,,
GUILDFORD - GUILDFORD,L77268,1425,pass,2026-04-23,15:05:00,,
GUILDFORD - GUILDFORD,L77268,1425,pass,2026-04-27,15:05:00,,
GUILDFORD - GUILDFORD,L77268,1425,pass,2026-04-22,15:05:00,,
GUILDFORD - GUILDFORD,L77268,1425,pass,2026-04-06,15:05:00,,
GUILDFORD - EARLSFIELD,L74270,1445,stop,2026-04-10,15:05:00,,
GUILDFORD - GUILDFORD,L77268,1425,pass,2026-04-30,15:05:00,,
GUILDFORD - EARLSFIELD,L74271,1445,stop,2026-04-18,15:05:00,,
GUILDFORD - EARLSFIELD,L74270,1445,stop,2026-04-23,15:05:00,,
GUILDFORD - EARLSFIELD,L74270,1445,stop,2026-04-28,15:05:00,,
GUILDFORD - EARLSFIELD,L74270,1445,stop,2026-04-03,15:05:00,,
GUILDFORD - EARLSFIELD (2),L74768,1504,stop,2026-04-08,15:08:00,,
GUILDFORD - EARLSFIELD (2),L74768,1504,stop,2026-04-24,15:08:00,,
GUILDFORD - EARLSFIELD (2),L74768,1504,stop,2026-04-21,15:08:00,,
GUILDFORD - EARLSFIELD (2),L74768,1504,stop,2026-04-17,15:08:00,,
GUILDFORD - EARLSFIELD (2),L74768,1504,stop,2026-04-09,15:08:00,,
GUILDFORD - EARLSFIELD (2),L74769,1504,stop,2026-04-04,15:08:00,,
GUILDFORD - EARLSFIELD (2),L74769,1504,stop,2026-04-11,15:08:00,,
GUILDFORD - EARLSFIELD (2),L74768,1504,stop,2026-04-20,15:08:00,,
GUILDFORD - EARLSFIELD (2),L74768,1504,stop,2026-04-27,15:08:00,,
GUILDFORD - EARLSFIELD (2),L74768,1504,stop,2026-04-06,15:08:00,,
GUILDFORD - EARLSFIELD (2),Q50097,1504,stop,2026-04-06,15:08:00,,
GUILDFORD - EARLSFIELD (2),L74769,1504,stop,2026-04-18,15:08:00,,
GUILDFORD - EARLSFIELD (2),L74768,1504,stop,2026-04-10,15:08:00,,
GUILDFORD - EARLSFIELD (2),L74768,1504,stop,2026-04-16,15:08:00,,
GUILDFORD - EARLSFIELD (2),L74768,1504,stop,2026-04-01,15:08:00,,
GUILDFORD - EARLSFIELD (2),L74768,1504,stop,2026-04-14,15:08:00,,
GUILDFORD - EARLSFIELD (2),L74768,1504,stop,2026-04-07,15:08:00,,
GUILDFORD - EARLSFIELD (2),L74768,1504,stop,2026-04-22,15:08:00,,
GUILDFORD - EARLSFIELD (2),L74768,1504,stop,2026-04-13,15:08:00,,
GUILDFORD - EARLSFIELD (2),Q39768,1504,stop,2026-04-03,15:08:00,,
GUILDFORD - EARLSFIELD (2),L74768,1504,stop,2026-04-03,15:08:00,,
GUILDFORD - EARLSFIELD (2),L74769,1504,stop,2026-04-25,15:08:00,,
GUILDFORD - EARLSFIELD (2),L74768,1504,stop,2026-04-23,15:08:00,,
GUILDFORD - EARLSFIELD (2),L74768,1504,stop,2026-04-28,15:08:00,,
GUILDFORD - EARLSFIELD (2),L74768,1504,stop,2026-04-15,15:08:00,,
GUILDFORD - EARLSFIELD (2),L74768,1504,stop,2026-04-02,15:08:00,,
GUILDFORD - EARLSFIELD (2),L74768,1504,stop,2026-04-30,15:08:00,,
GUILDFORD - EARLSFIELD (2),L74768,1504,stop,2026-04-29,15:08:00,,
EFFINGHAM JUNCTION - WORCESTER PARK,Q54768,1515,stop,2026-04-12,15:15:00,,
EARLSFIELD - GUILDFORD,L74751,1433,stop,2026-04-18,15:19:00,,
EARLSFIELD - GUILDFORD,L74750,1433,stop,2026-04-28,15:19:00,,
EARLSFIELD - GUILDFORD,L74750,1433,stop,2026-04-30,15:19:00,,
EARLSFIELD - GUILDFORD,L74750,1433,stop,2026-04-08,15:19:00,,
EARLSFIELD - GUILDFORD,L74750,1433,stop,2026-04-15,15:19:00,,
EARLSFIELD - GUILDFORD,L74750,1433,stop,2026-04-01,15:19:00,,
EARLSFIELD - GUILDFORD,Q38571,1433,stop,2026-04-03,15:19:00,,
EARLSFIELD - GUILDFORD,L74750,1433,stop,2026-04-17,15:19:00,,
EARLSFIELD - GUILDFORD,L74750,1433,stop,2026-04-20,15:19:00,,
EARLSFIELD - GUILDFORD,L74750,1433,stop,2026-04-02,15:19:00,,
EARLSFIELD - GUILDFORD,L74750,1433,stop,2026-04-29,15:19:00,,
EARLSFIELD - GUILDFORD,L74750,1433,stop,2026-04-13,15:19:00,,
EARLSFIELD - GUILDFORD,L74750,1433,stop,2026-04-03,15:19:00,,
EARLSFIELD - GUILDFORD,L74751,1433,stop,2026-04-25,15:19:00,,
EARLSFIELD - GUILDFORD,L74750,1433,stop,2026-04-09,15:19:00,,
EARLSFIELD - GUILDFORD,L74750,1433,stop,2026-04-14,15:19:00,,
EARLSFIELD - GUILDFORD,L74750,1433,stop,2026-04-21,15:19:00,,
EARLSFIELD - GUILDFORD,L74750,1433,stop,2026-04-07,15:19:00,,
EARLSFIELD - GUILDFORD,L74751,1433,stop,2026-04-04,15:19:00,,
EARLSFIELD - GUILDFORD,Q50188,1433,stop,2026-04-06,15:19:00,,
EARLSFIELD - GUILDFORD,L74750,1433,stop,2026-04-27,15:19:00,,
EARLSFIELD - GUILDFORD,L74750,1433,stop,2026-04-10,15:19:00,,
EARLSFIELD - GUILDFORD,L74750,1433,stop,2026-04-22,15:19:00,,
EARLSFIELD - GUILDFORD,L74751,1433,stop,2026-04-11,15:19:00,,
EARLSFIELD - GUILDFORD,L74750,1433,stop,2026-04-23,15:19:00,,
EARLSFIELD - GUILDFORD,L74750,1433,stop,2026-04-24,15:19:00,,
EARLSFIELD - GUILDFORD,L74750,1433,stop,2026-04-16,15:19:00,,
EARLSFIELD - GUILDFORD,L74750,1433,stop,2026-04-06,15:19:00,,
EARLSFIELD - GUILDFORD (2),P61605,1432,stop,2026-04-12,15:21:00,,
EARLSFIELD - GUILDFORD (2),P61605,1432,stop,2026-04-19,15:21:00,,
EARLSFIELD - GUILDFORD (2),P61605,1432,stop,2026-04-05,15:21:00,,
GUILDFORD - WEYMOUTH,P61447,1448,pass,2026-04-26,15:21:00,,
EARLSFIELD - GUILDFORD (2),P61605,1432,stop,2026-04-26,15:21:00,,
PORTSMOUTH HARBOUR - SURBITON (2),L76237,1355,pass,2026-04-26,15:22:00,,
GUILDFORD - EARLSFIELD,L74272,1520,stop,2026-04-12,15:24:00,,
EFFINGHAM JUNCTION - WORCESTER PARK,Q54768,1515,stop,2026-04-12,15:24:00,,
GUILDFORD - EARLSFIELD,L74272,1520,stop,2026-04-05,15:24:00,,
GUILDFORD - EARLSFIELD,L74272,1520,stop,2026-04-26,15:24:00,,
GUILDFORD - EARLSFIELD,L74272,1520,stop,2026-04-19,15:24:00,,
EARLSFIELD - GUILDFORD (3),P61605,1432,stop,2026-04-12,15:25:00,,
EARLSFIELD - GUILDFORD (3),P61605,1432,stop,2026-04-19,15:25:00,,
EARLSFIELD - GUILDFORD (3),P61605,1432,stop,2026-04-26,15:25:00,,
EARLSFIELD - GUILDFORD (3),P61605,1432,stop,2026-04-05,15:25:00,,
WORCESTER PARK - EFFINGHAM JUNCTION,Q54805,1435,stop,2026-04-12,15:30:00,,
GUILDFORD - EARLSFIELD,L74276,1528,stop,2026-04-08,15:32:00,,
GUILDFORD - EARLSFIELD,L74276,1528,stop,2026-04-23,15:32:00,,
GUILDFORD - EARLSFIELD,L74276,1528,stop,2026-04-01,15:32:00,,
GUILDFORD - EARLSFIELD,L74276,1528,stop,2026-04-02,15:32:00,,
GUILDFORD - EARLSFIELD,L74276,1528,stop,2026-04-17,15:32:00,,
GUILDFORD - EARLSFIELD,L74276,1528,stop,2026-04-21,15:32:00,,
GUILDFORD - EARLSFIELD,L74276,1528,stop,2026-04-28,15:32:00,,
GUILDFORD - EARLSFIELD,L74276,1528,stop,2026-04-15,15:32:00,,
GUILDFORD - EARLSFIELD,L74276,1528,stop,2026-04-30,15:32:00,,
GUILDFORD - EARLSFIELD,L74276,1528,stop,2026-04-22,15:32:00,,
GUILDFORD - EARLSFIELD,L74276,1528,stop,2026-04-29,15:32:00,,
GUILDFORD - EARLSFIELD,L74276,1528,stop,2026-04-03,15:32:00,,
GUILDFORD - EARLSFIELD,L74276,1528,stop,2026-04-10,15:32:00,,
GUILDFORD - EARLSFIELD,L74276,1528,stop,2026-04-16,15:32:00,,
GUILDFORD - EARLSFIELD,L74276,1528,stop,2026-04-07,15:32:00,,
GUILDFORD - EARLSFIELD,L74276,1528,stop,2026-04-14,15:32:00,,
GUILDFORD - EARLSFIELD,L74276,1528,stop,2026-04-27,15:32:00,,
GUILDFORD - EARLSFIELD,L74276,1528,stop,2026-04-09,15:32:00,,
GUILDFORD - EARLSFIELD,L74276,1528,stop,2026-04-24,15:32:00,,
GUILDFORD - EARLSFIELD,L74276,1528,stop,2026-04-13,15:32:00,,
GUILDFORD - EARLSFIELD,L74276,1528,stop,2026-04-20,15:32:00,,
GUILDFORD - EARLSFIELD,L74276,1528,stop,2026-04-06,15:32:00,,
SURBITON - PORTSMOUTH HARBOUR (2),L76232,1502,pass,2026-04-26,15:35:00,,
GUILDFORD - EARLSFIELD (2),L74772,1534,stop,2026-04-01,15:38:00,,
GUILDFORD - EARLSFIELD (2),L74772,1534,stop,2026-04-02,15:38:00,,
GUILDFORD - EARLSFIELD (2),L74773,1534,stop,2026-04-11,15:38:00,,
GUILDFORD - EARLSFIELD (2),L74772,1534,stop,2026-04-16,15:38:00,,
GUILDFORD - EARLSFIELD (2),L74772,1534,stop,2026-04-08,15:38:00,,
GUILDFORD - EARLSFIELD (2),L74773,1534,stop,2026-04-25,15:38:00,,
GUILDFORD - EARLSFIELD (2),L74772,1534,stop,2026-04-22,15:38:00,,
GUILDFORD - EARLSFIELD (2),L74773,1534,stop,2026-04-18,15:38:00,,
GUILDFORD - EARLSFIELD (2),L74772,1534,stop,2026-04-10,15:38:00,,
GUILDFORD - EARLSFIELD (2),L74772,1534,stop,2026-04-03,15:38:00,,
GUILDFORD - EARLSFIELD (2),L74772,1534,stop,2026-04-06,15:38:00,,
GUILDFORD - EARLSFIELD (2),L74772,1534,stop,2026-04-09,15:38:00,,
GUILDFORD - EARLSFIELD (2),L74772,1534,stop,2026-04-17,15:38:00,,
GUILDFORD - EARLSFIELD (2),L74773,1534,stop,2026-04-04,15:38:00,,
GUILDFORD - EARLSFIELD (2),L74772,1534,stop,2026-04-15,15:38:00,,
GUILDFORD - EARLSFIELD (2),L74772,1534,stop,2026-04-24,15:38:00,,
GUILDFORD - EARLSFIELD (2),L74772,1534,stop,2026-04-23,15:38:00,,
GUILDFORD - EARLSFIELD (2),L74772,1534,stop,2026-04-20,15:38:00,,
GUILDFORD - EARLSFIELD (2),L74772,1534,stop,2026-04-29,15:38:00,,
GUILDFORD - EARLSFIELD (2),L74772,1534,stop,2026-04-28,15:38:00,,
GUILDFORD - EARLSFIELD (2),L74772,1534,stop,2026-04-27,15:38:00,,
GUILDFORD - EARLSFIELD (2),Q88842,1534,stop,2026-04-03,15:38:00,,
GUILDFORD - EARLSFIELD (2),L74772,1534,stop,2026-04-30,15:38:00,,
GUILDFORD - EARLSFIELD (2),L74772,1534,stop,2026-04-07,15:38:00,,
GUILDFORD - EARLSFIELD (2),L74772,1534,stop,2026-04-14,15:38:00,,
GUILDFORD - EARLSFIELD (2),L74772,1534,stop,2026-04-13,15:38:00,,
GUILDFORD - EARLSFIELD (2),Q50038,1534,stop,2026-04-06,15:38:00,,
GUILDFORD - EARLSFIELD (2),L74772,1534,stop,2026-04-21,15:38:00,,
GUILDFORD - EARLSFIELD,L74272,1520,stop,2026-04-26,15:39:00,,
GUILDFORD - EARLSFIELD,L74272,1520,stop,2026-04-12,15:39:00,,
GUILDFORD - EARLSFIELD,L74272,1520,stop,2026-04-19,15:39:00,,
GUILDFORD - EARLSFIELD,L74272,1520,stop,2026-04-05,15:39:00,,
EARLSFIELD - GUILDFORD (2),P61603,1453,stop,2026-04-06,15:41:00,,
EARLSFIELD - GUILDFORD (2),P61603,1453,stop,2026-04-30,15:41:00,,
EARLSFIELD - GUILDFORD (2),Q50121,1453,stop,2026-04-06,15:41:00,,
EARLSFIELD - GUILDFORD (2),P61603,1453,stop,2026-04-29,15:41:00,,
EARLSFIELD - GUILDFORD (2),P61603,1453,stop,2026-04-08,15:41:00,,
EARLSFIELD - GUILDFORD (2),P61603,1453,stop,2026-04-27,15:41:00,,
EARLSFIELD - GUILDFORD (2),Q38558,1453,stop,2026-04-03,15:41:00,,
EARLSFIELD - GUILDFORD (2),P61603,1453,stop,2026-04-03,15:41:00,,
EARLSFIELD - GUILDFORD (2),P61603,1453,stop,2026-04-07,15:41:00,,
EARLSFIELD - GUILDFORD (2),P61603,1453,stop,2026-04-23,15:41:00,,
EARLSFIELD - GUILDFORD (2),P61604,1453,stop,2026-04-25,15:41:00,,
EARLSFIELD - GUILDFORD (2),P61603,1453,stop,2026-04-28,15:41:00,,
EARLSFIELD - GUILDFORD (2),P61603,1453,stop,2026-04-24,15:41:00,,
EARLSFIELD - GUILDFORD (2),P61604,1453,stop,2026-04-04,15:41:00,,
EARLSFIELD - GUILDFORD (2),P61603,1453,stop,2026-04-01,15:41:00,,
EARLSFIELD - GUILDFORD (2),P61603,1453,stop,2026-04-21,15:41:00,,
EARLSFIELD - GUILDFORD (2),P61603,1453,stop,2026-04-14,15:41:00,,
EARLSFIELD - GUILDFORD (2),P61604,1453,stop,2026-04-18,15:41:00,,
EARLSFIELD - GUILDFORD (2),P61603,1453,stop,2026-04-02,15:41:00,,
EARLSFIELD - GUILDFORD (2),P61603,1453,stop,2026-04-17,15:41:00,,
EARLSFIELD - GUILDFORD (2),P61603,1453,stop,2026-04-13,15:41:00,,
EARLSFIELD - GUILDFORD (2),P61603,1453,stop,2026-04-10,15:41:00,,
EARLSFIELD - GUILDFORD (2),P61603,1453,stop,2026-04-15,15:41:00,,
EARLSFIELD - GUILDFORD (2),P61603,1453,stop,2026-04-22,15:41:00,,
EARLSFIELD - GUILDFORD (2),P61603,1453,stop,2026-04-16,15:41:00,,
EARLSFIELD - GUILDFORD (2),P61603,1453,stop,2026-04-20,15:41:00,,
EARLSFIELD - GUILDFORD (2),P61604,1453,stop,2026-04-11,15:41:00,,
EARLSFIELD - GUILDFORD (2),P61603,1453,stop,2026-04-09,15:41:00,,
GUILDFORD - EARLSFIELD (4),L74774,1539,stop,2026-04-05,15:43:00,,
EARLSFIELD - GUILDFORD (3),P61604,1453,stop,2026-04-25,15:45:00,,
EARLSFIELD - GUILDFORD (3),P61604,1453,stop,2026-04-11,15:45:00,,
EARLSFIELD - GUILDFORD (3),P61603,1453,stop,2026-04-29,15:45:00,,
EARLSFIELD - GUILDFORD (3),P61604,1453,stop,2026-04-18,15:45:00,,
EARLSFIELD - GUILDFORD (3),P61603,1453,stop,2026-04-15,15:45:00,,
EARLSFIELD - GUILDFORD (3),P61603,1453,stop,2026-04-17,15:45:00,,
EARLSFIELD - GUILDFORD (3),P61603,1453,stop,2026-04-27,15:45:00,,
EARLSFIELD - GUILDFORD (3),P61603,1453,stop,2026-04-13,15:45:00,,
EARLSFIELD - GUILDFORD (4),L74757,1457,stop,2026-04-05,15:45:00,,
EARLSFIELD - GUILDFORD (3),P61603,1453,stop,2026-04-22,15:45:00,,
EARLSFIELD - GUILDFORD (3),P61604,1453,stop,2026-04-04,15:45:00,,
EARLSFIELD - GUILDFORD (3),P61603,1453,stop,2026-04-02,15:45:00,,
EARLSFIELD - GUILDFORD (3),P61603,1453,stop,2026-04-14,15:45:00,,
EARLSFIELD - GUILDFORD (3),Q50121,1453,stop,2026-04-06,15:45:00,,
EARLSFIELD - GUILDFORD (3),P61603,1453,stop,2026-04-10,15:45:00,,
EARLSFIELD - GUILDFORD (3),P61603,1453,stop,2026-04-03,15:45:00,,
EARLSFIELD - GUILDFORD (3),P61603,1453,stop,2026-04-28,15:45:00,,
EARLSFIELD - GUILDFORD (3),P61603,1453,stop,2026-04-09,15:45:00,,
EARLSFIELD - GUILDFORD (3),P61603,1453,stop,2026-04-24,15:45:00,,
EARLSFIELD - GUILDFORD (3),P61603,1453,stop,2026-04-21,15:45:00,,
EARLSFIELD - GUILDFORD (3),P61603,1453,stop,2026-04-06,15:45:00,,
EARLSFIELD - GUILDFORD (3),Q38558,1453,stop,2026-04-03,15:45:00,,
EARLSFIELD - GUILDFORD (3),P61603,1453,stop,2026-04-20,15:45:00,,
EARLSFIELD - GUILDFORD (3),P61603,1453,stop,2026-04-07,15:45:00,,
EARLSFIELD - GUILDFORD (3),P61603,1453,stop,2026-04-01,15:45:00,,
EARLSFIELD - GUILDFORD (3),P61603,1453,stop,2026-04-30,15:45:00,,
EARLSFIELD - GUILDFORD (3),P61603,1453,stop,2026-04-23,15:45:00,,
EARLSFIELD - GUILDFORD (3),P61603,1453,stop,2026-04-16,15:45:00,,
EARLSFIELD - GUILDFORD (3),P61603,1453,stop,2026-04-08,15:45:00,,
PORTSMOUTH HARBOUR - SURBITON,L73457,1432,pass,2026-04-26,15:46:00,,
GUILDFORD - EARLSFIELD,L74276,1528,stop,2026-04-01,15:48:00,,
GUILDFORD - EARLSFIELD,L74276,1528,stop,2026-04-30,15:48:00,,
GUILDFORD - EARLSFIELD,L74276,1528,stop,2026-04-17,15:48:00,,
GUILDFORD - EARLSFIELD,L74276,1528,stop,2026-04-07,15:48:00,,
GUILDFORD - EARLSFIELD,L74276,1528,stop,2026-04-24,15:48:00,,
GUILDFORD - EARLSFIELD,L74276,1528,stop,2026-04-20,15:48:00,,
GUILDFORD - EARLSFIELD,L74276,1528,stop,2026-04-23,15:48:00,,
GUILDFORD - EARLSFIELD,L74276,1528,stop,2026-04-10,15:48:00,,
GUILDFORD - EARLSFIELD,L74276,1528,stop,2026-04-06,15:48:00,,
GUILDFORD - EARLSFIELD,L74276,1528,stop,2026-04-14,15:48:00,,
GUILDFORD - EARLSFIELD,L74276,1528,stop,2026-04-09,15:48:00,,
GUILDFORD - EARLSFIELD,L74276,1528,stop,2026-04-29,15:48:00,,
GUILDFORD - EARLSFIELD,L74276,1528,stop,2026-04-27,15:48:00,,
GUILDFORD - EARLSFIELD,L74276,1528,stop,2026-04-13,15:48:00,,
GUILDFORD - EARLSFIELD,L74276,1528,stop,2026-04-28,15:48:00,,
GUILDFORD - EARLSFIELD,L74276,1528,stop,2026-04-15,15:48:00,,
GUILDFORD - EARLSFIELD,L74276,1528,stop,2026-04-21,15:48:00,,
GUILDFORD - EARLSFIELD,L74276,1528,stop,2026-04-03,15:48:00,,
GUILDFORD - EARLSFIELD,L74276,1528,stop,2026-04-22,15:48:00,,
GUILDFORD - EARLSFIELD,L74276,1528,stop,2026-04-08,15:48:00,,
GUILDFORD - EARLSFIELD,L74276,1528,stop,2026-04-16,15:48:00,,
GUILDFORD - EARLSFIELD,L74276,1528,stop,2026-04-02,15:48:00,,
EARLSFIELD - GUILDFORD,P61731,1503,stop,2026-04-22,15:49:00,,
EARLSFIELD - GUILDFORD,P61731,1503,stop,2026-04-21,15:49:00,,
GUILDFORD - EARLSFIELD,Q49431,1545,stop,2026-04-06,15:49:00,,
EARLSFIELD - GUILDFORD,P61731,1503,stop,2026-04-29,15:49:00,,
EARLSFIELD - GUILDFORD,P61731,1503,stop,2026-04-28,15:49:00,,
GUILDFORD - EARLSFIELD,Q88877,1545,stop,2026-04-03,15:49:00,,
EARLSFIELD - GUILDFORD,L74756,1503,stop,2026-04-25,15:49:00,,
EARLSFIELD - GUILDFORD,P61731,1503,stop,2026-04-24,15:49:00,,
EARLSFIELD - GUILDFORD,P61731,1503,stop,2026-04-02,15:49:00,,
EARLSFIELD - GUILDFORD,P61731,1503,stop,2026-04-23,15:49:00,,
EARLSFIELD - GUILDFORD,P61731,1503,stop,2026-04-06,15:49:00,,
EARLSFIELD - GUILDFORD,P61731,1503,stop,2026-04-15,15:49:00,,
EARLSFIELD - GUILDFORD,P61731,1503,stop,2026-04-13,15:49:00,,
EARLSFIELD - GUILDFORD,L74756,1503,stop,2026-04-11,15:49:00,,
EARLSFIELD - GUILDFORD,P61731,1503,stop,2026-04-09,15:49:00,,
EARLSFIELD - GUILDFORD,Q50101,1503,stop,2026-04-06,15:49:00,,
EARLSFIELD - GUILDFORD,P61731,1503,stop,2026-04-10,15:49:00,,
GUILDFORD - EARLSFIELD,L74277,1545,stop,2026-04-04,15:49:00,,
EARLSFIELD - GUILDFORD,P61731,1503,stop,2026-04-30,15:49:00,,
EARLSFIELD - GUILDFORD,L74756,1503,stop,2026-04-04,15:49:00,,
EARLSFIELD - GUILDFORD,P61731,1503,stop,2026-04-14,15:49:00,,
EARLSFIELD - GUILDFORD,P61731,1503,stop,2026-04-16,15:49:00,,
EARLSFIELD - GUILDFORD,P61731,1503,stop,2026-04-17,15:49:00,,
GUILDFORD - EARLSFIELD,L74277,1545,stop,2026-04-25,15:49:00,,
EARLSFIELD - GUILDFORD,P61731,1503,stop,2026-04-03,15:49:00,,
EARLSFIELD - GUILDFORD,P61731,1503,stop,2026-04-20,15:49:00,,
EARLSFIELD - GUILDFORD,P61731,1503,stop,2026-04-07,15:49:00,,
EARLSFIELD - GUILDFORD,P61731,1503,stop,2026-04-08,15:49:00,,
GUILDFORD - EARLSFIELD,L74277,1545,stop,2026-04-11,15:49:00,,
GUILDFORD - EARLSFIELD,L74277,1545,stop,2026-04-18,15:49:00,,
EARLSFIELD - GUILDFORD,L74756,1503,stop,2026-04-18,15:49:00,,
EARLSFIELD - GUILDFORD,P61731,1503,stop,2026-04-01,15:49:00,,
EARLSFIELD - GUILDFORD,Q38549,1503,stop,2026-04-03,15:49:00,,
EARLSFIELD - GUILDFORD,P61731,1503,stop,2026-04-27,15:49:00,,
EARLSFIELD - GUILDFORD,L74757,1506,stop,2026-04-26,15:50:00,,
EARLSFIELD - GUILDFORD,L74757,1506,stop,2026-04-19,15:50:00,,
EARLSFIELD - GUILDFORD,L74757,1506,stop,2026-04-12,15:52:00,,
GUILDFORD - EARLSFIELD (2),L74774,1550,stop,2026-04-12,15:54:00,,
GUILDFORD - EARLSFIELD (2),L74774,1550,stop,2026-04-26,15:54:00,,
GUILDFORD - EARLSFIELD (2),L74774,1550,stop,2026-04-19,15:54:00,,
WEYMOUTH - GUILDFORD,P61449,1248,pass,2026-04-26,15:57:00,,
SURBITON - PORTSMOUTH HARBOUR,L73450,1528H,pass,2026-04-26,15:59:00,,
GUILDFORD - EARLSFIELD,P61613,1559,stop,2026-04-21,16:03:00,,
GUILDFORD - EARLSFIELD,P61613,1559,stop,2026-04-30,16:03:00,,
GUILDFORD - EARLSFIELD,P61613,1559,stop,2026-04-02,16:03:00,,
GUILDFORD - EARLSFIELD,P61613,1559,stop,2026-04-28,16:03:00,,
GUILDFORD - EARLSFIELD,P61613,1559,stop,2026-04-15,16:03:00,,
GUILDFORD - EARLSFIELD,P61613,1559,stop,2026-04-08,16:03:00,,
GUILDFORD - EARLSFIELD,P61613,1559,stop,2026-04-22,16:03:00,,
GUILDFORD - EARLSFIELD,P61613,1559,stop,2026-04-24,16:03:00,,
GUILDFORD - EARLSFIELD,P61613,1559,stop,2026-04-17,16:03:00,,
GUILDFORD - EARLSFIELD,P61613,1559,stop,2026-04-29,16:03:00,,
GUILDFORD - EARLSFIELD,P61613,1559,stop,2026-04-10,16:03:00,,
GUILDFORD - EARLSFIELD,P61613,1559,stop,2026-04-27,16:03:00,,
GUILDFORD - EARLSFIELD,P61613,1559,stop,2026-04-20,16:03:00,,
GUILDFORD - EARLSFIELD,P61613,1559,stop,2026-04-07,16:03:00,,
GUILDFORD - EARLSFIELD,P61613,1559,stop,2026-04-14,16:03:00,,
GUILDFORD - EARLSFIELD,P61613,1559,stop,2026-04-09,16:03:00,,
GUILDFORD - EARLSFIELD,P61613,1559,stop,2026-04-16,16:03:00,,
GUILDFORD - EARLSFIELD,P61613,1559,stop,2026-04-03,16:03:00,,
GUILDFORD - EARLSFIELD,P61613,1559,stop,2026-04-01,16:03:00,,
GUILDFORD - EARLSFIELD,P61613,1559,stop,2026-04-06,16:03:00,,
GUILDFORD - EARLSFIELD,P61613,1559,stop,2026-04-23,16:03:00,,
GUILDFORD - EARLSFIELD,P61613,1559,stop,2026-04-13,16:03:00,,
GUILDFORD - EARLSFIELD,L74277,1545,stop,2026-04-11,16:05:00,,
GUILDFORD - EARLSFIELD,L74277,1545,stop,2026-04-04,16:05:00,,
GUILDFORD - EARLSFIELD,Q88877,1545,stop,2026-04-03,16:05:00,,
GUILDFORD - EARLSFIELD,Q49431,1545,stop,2026-04-06,16:05:00,,
GUILDFORD - EARLSFIELD,L74277,1545,stop,2026-04-18,16:05:00,,
GUILDFORD - EARLSFIELD,L74277,1545,stop,2026-04-25,16:05:00,,
GUILDFORD - EARLSFIELD (2),L74778,1604,stop,2026-04-24,16:08:00,,
GUILDFORD - EARLSFIELD (2),L74778,1604,stop,2026-04-30,16:08:00,,
GUILDFORD - EARLSFIELD (2),L74778,1604,stop,2026-04-09,16:08:00,,
GUILDFORD - EARLSFIELD (2),L74778,1604,stop,2026-04-14,16:08:00,,
GUILDFORD - EARLSFIELD (2),L74778,1604,stop,2026-04-21,16:08:00,,
GUILDFORD - EARLSFIELD (2),L74778,1604,stop,2026-04-22,16:08:00,,
GUILDFORD - EARLSFIELD (2),L74778,1604,stop,2026-04-06,16:08:00,,
GUILDFORD - EARLSFIELD (2),L74778,1604,stop,2026-04-07,16:08:00,,
GUILDFORD - EARLSFIELD (2),L74778,1604,stop,2026-04-01,16:08:00,,
GUILDFORD - EARLSFIELD (2),L74778,1604,stop,2026-04-23,16:08:00,,
GUILDFORD - EARLSFIELD (2),L74778,1604,stop,2026-04-17,16:08:00,,
GUILDFORD - EARLSFIELD (2),L74778,1604,stop,2026-04-13,16:08:00,,
GUILDFORD - EARLSFIELD (2),L74778,1604,stop,2026-04-28,16:08:00,,
GUILDFORD - EARLSFIELD (2),L74778,1604,stop,2026-04-02,16:08:00,,
GUILDFORD - EARLSFIELD (2),L74778,1604,stop,2026-04-16,16:08:00,,
GUILDFORD - EARLSFIELD (2),L74778,1604,stop,2026-04-29,16:08:00,,
GUILDFORD - EARLSFIELD (2),L74779,1604,stop,2026-04-04,16:08:00,,
GUILDFORD - EARLSFIELD (2),L74778,1604,stop,2026-04-20,16:08:00,,
GUILDFORD - EARLSFIELD (2),L74778,1604,stop,2026-04-08,16:08:00,,
GUILDFORD - EARLSFIELD (2),Q38503,1604,stop,2026-04-03,16:08:00,,
GUILDFORD - EARLSFIELD (2),L74778,1604,stop,2026-04-03,16:08:00,,
GUILDFORD - EARLSFIELD (2),Q49384,1604,stop,2026-04-06,16:08:00,,
GUILDFORD - EARLSFIELD (2),L74779,1604,stop,2026-04-11,16:08:00,,
GUILDFORD - EARLSFIELD (2),L74778,1604,stop,2026-04-27,16:08:00,,
GUILDFORD - EARLSFIELD (2),L74778,1604,stop,2026-04-15,16:08:00,,
GUILDFORD - EARLSFIELD (2),L74778,1604,stop,2026-04-10,16:08:00,,
GUILDFORD - EARLSFIELD (2),L74779,1604,stop,2026-04-25,16:08:00,,
GUILDFORD - EARLSFIELD (2),L74779,1604,stop,2026-04-18,16:08:00,,
EFFINGHAM JUNCTION - WORCESTER PARK,Q54765,1615,stop,2026-04-12,16:15:00,,
EARLSFIELD - GUILDFORD,P61732,1533,stop,2026-04-08,16:19:00,,
EARLSFIELD - GUILDFORD,P61732,1533,stop,2026-04-28,16:19:00,,
EARLSFIELD - GUILDFORD,P61732,1533,stop,2026-04-07,16:19:00,,
EARLSFIELD - GUILDFORD,P61732,1533,stop,2026-04-10,16:19:00,,
EARLSFIELD - GUILDFORD,P61732,1533,stop,2026-04-02,16:19:00,,
EARLSFIELD - GUILDFORD,P61732,1533,stop,2026-04-03,16:19:00,,
EARLSFIELD - GUILDFORD,P61732,1533,stop,2026-04-22,16:19:00,,
EARLSFIELD - GUILDFORD,P61732,1533,stop,2026-04-17,16:19:00,,
EARLSFIELD - GUILDFORD,P61732,1533,stop,2026-04-01,16:19:00,,
EARLSFIELD - GUILDFORD,P61732,1533,stop,2026-04-09,16:19:00,,
EARLSFIELD - GUILDFORD,P61732,1533,stop,2026-04-21,16:19:00,,
EARLSFIELD - GUILDFORD,P61732,1533,stop,2026-04-23,16:19:00,,
EARLSFIELD - GUILDFORD,P61732,1533,stop,2026-04-14,16:19:00,,
EARLSFIELD - GUILDFORD,L74761,1533,stop,2026-04-25,16:19:00,,
EARLSFIELD - GUILDFORD,L74761,1533,stop,2026-04-04,16:19:00,,
EARLSFIELD - GUILDFORD,P61732,1533,stop,2026-04-29,16:19:00,,
EARLSFIELD - GUILDFORD,P61732,1533,stop,2026-04-24,16:19:00,,
EARLSFIELD - GUILDFORD,P61732,1533,stop,2026-04-20,16:19:00,,
EARLSFIELD - GUILDFORD,P61732,1533,stop,2026-04-13,16:19:00,,
EARLSFIELD - GUILDFORD,L74761,1533,stop,2026-04-11,16:19:00,,
EARLSFIELD - GUILDFORD,Q38527,1533,stop,2026-04-03,16:19:00,,
EARLSFIELD - GUILDFORD,P61732,1533,stop,2026-04-06,16:19:00,,
EARLSFIELD - GUILDFORD,P61732,1533,stop,2026-04-15,16:19:00,,
EARLSFIELD - GUILDFORD,P61732,1533,stop,2026-04-27,16:19:00,,
EARLSFIELD - GUILDFORD,Q50041,1533,stop,2026-04-06,16:19:00,,
EARLSFIELD - GUILDFORD,L74761,1533,stop,2026-04-18,16:19:00,,
EARLSFIELD - GUILDFORD,P61732,1533,stop,2026-04-16,16:19:00,,
EARLSFIELD - GUILDFORD,P61732,1533,stop,2026-04-30,16:19:00,,
GUILDFORD - EARLSFIELD,P61613,1559,stop,2026-04-20,16:21:00,,
EARLSFIELD - GUILDFORD (2),P61609,1532,stop,2026-04-12,16:21:00,,
GUILDFORD - EARLSFIELD,P61613,1559,stop,2026-04-07,16:21:00,,
GUILDFORD - EARLSFIELD,P61613,1559,stop,2026-04-08,16:21:00,,
GUILDFORD - WEYMOUTH,P61451,1548,pass,2026-04-26,16:21:00,,
GUILDFORD - EARLSFIELD,P61613,1559,stop,2026-04-01,16:21:00,,
GUILDFORD - EARLSFIELD,P61613,1559,stop,2026-04-21,16:21:00,,
GUILDFORD - EARLSFIELD,P61613,1559,stop,2026-04-22,16:21:00,,
GUILDFORD - EARLSFIELD,P61613,1559,stop,2026-04-15,16:21:00,,
GUILDFORD - EARLSFIELD,P61613,1559,stop,2026-04-09,16:21:00,,
GUILDFORD - EARLSFIELD,P61613,1559,stop,2026-04-03,16:21:00,,
GUILDFORD - EARLSFIELD,P61613,1559,stop,2026-04-10,16:21:00,,
GUILDFORD - EARLSFIELD,P61613,1559,stop,2026-04-23,16:21:00,,
EARLSFIELD - GUILDFORD (2),P61609,1532,stop,2026-04-19,16:21:00,,
GUILDFORD - EARLSFIELD,P61613,1559,stop,2026-04-02,16:21:00,,
GUILDFORD - EARLSFIELD,P61613,1559,stop,2026-04-24,16:21:00,,
GUILDFORD - EARLSFIELD,P61613,1559,stop,2026-04-14,16:21:00,,
GUILDFORD - EARLSFIELD,P61613,1559,stop,2026-04-30,16:21:00,,
GUILDFORD - EARLSFIELD,P61613,1559,stop,2026-04-27,16:21:00,,
EARLSFIELD - GUILDFORD (2),P61609,1532,stop,2026-04-26,16:21:00,,
GUILDFORD - EARLSFIELD,P61613,1559,stop,2026-04-06,16:21:00,,
GUILDFORD - EARLSFIELD,P61613,1559,stop,2026-04-16,16:21:00,,
EARLSFIELD - GUILDFORD (2),P61609,1532,stop,2026-04-05,16:21:00,,
GUILDFORD - EARLSFIELD,P61613,1559,stop,2026-04-28,16:21:00,,
GUILDFORD - EARLSFIELD,P61613,1559,stop,2026-04-29,16:21:00,,
GUILDFORD - EARLSFIELD,P61613,1559,stop,2026-04-13,16:21:00,,
GUILDFORD - EARLSFIELD,P61613,1559,stop,2026-04-17,16:21:00,,
PORTSMOUTH HARBOUR - SURBITON (2),L76243,1455,pass,2026-04-26,16:22:00,,
EFFINGHAM JUNCTION - WORCESTER PARK,Q54765,1615,stop,2026-04-12,16:24:00,,
GUILDFORD - EARLSFIELD,L74279,1620,stop,2026-04-26,16:24:00,,
GUILDFORD - EARLSFIELD,L74279,1620,stop,2026-04-12,16:24:00,,
GUILDFORD - EARLSFIELD,L74279,1620,stop,2026-04-05,16:24:00,,
GUILDFORD - EARLSFIELD,L74279,1620,stop,2026-04-19,16:24:00,,
EARLSFIELD - GUILDFORD (3),P61609,1532,stop,2026-04-05,16:25:00,,
EARLSFIELD - GUILDFORD (3),P61609,1532,stop,2026-04-12,16:25:00,,
EARLSFIELD - GUILDFORD (3),P61609,1532,stop,2026-04-26,16:25:00,,
EARLSFIELD - GUILDFORD (3),P61609,1532,stop,2026-04-19,16:25:00,,
HASLEMERE - HASLEMERE,Q89076,1556,pass,2026-04-01,16:27:00,,
HASLEMERE - HASLEMERE,Q89076,1556,pass,2026-04-02,16:27:00,,
WORCESTER PARK - EFFINGHAM JUNCTION,Q54804,1535,stop,2026-04-12,16:30:00,,
GUILDFORD - EARLSFIELD,L74283,1628,stop,2026-04-02,16:32:00,,
GUILDFORD - EARLSFIELD,L74283,1628,stop,2026-04-16,16:32:00,,
GUILDFORD - EARLSFIELD,L74283,1628,stop,2026-04-07,16:32:00,,
GUILDFORD - EARLSFIELD,L74283,1628,stop,2026-04-23,16:32:00,,
GUILDFORD - EARLSFIELD,L74283,1628,stop,2026-04-14,16:32:00,,
GUILDFORD - EARLSFIELD,L74283,1628,stop,2026-04-27,16:32:00,,
GUILDFORD - EARLSFIELD,L74283,1628,stop,2026-04-09,16:32:00,,
GUILDFORD - EARLSFIELD,L74283,1628,stop,2026-04-13,16:32:00,,
GUILDFORD - EARLSFIELD,L74283,1628,stop,2026-04-10,16:32:00,,
GUILDFORD - EARLSFIELD,L74283,1628,stop,2026-04-08,16:32:00,,
GUILDFORD - EARLSFIELD,L74283,1628,stop,2026-04-01,16:32:00,,
GUILDFORD - EARLSFIELD,L74283,1628,stop,2026-04-20,16:32:00,,
GUILDFORD - EARLSFIELD,L74283,1628,stop,2026-04-06,16:32:00,,
GUILDFORD - EARLSFIELD,L74283,1628,stop,2026-04-28,16:32:00,,
GUILDFORD - EARLSFIELD,L74283,1628,stop,2026-04-15,16:32:00,,
GUILDFORD - EARLSFIELD,L74283,1628,stop,2026-04-17,16:32:00,,
GUILDFORD - EARLSFIELD,L74283,1628,stop,2026-04-22,16:32:00,,
GUILDFORD - EARLSFIELD,L74283,1628,stop,2026-04-30,16:32:00,,
GUILDFORD - EARLSFIELD,L74283,1628,stop,2026-04-03,16:32:00,,
GUILDFORD - EARLSFIELD,L74283,1628,stop,2026-04-29,16:32:00,,
GUILDFORD - EARLSFIELD,L74283,1628,stop,2026-04-24,16:32:00,,
GUILDFORD - EARLSFIELD,L74283,1628,stop,2026-04-21,16:32:00,,
SURBITON - PORTSMOUTH HARBOUR (2),L76238,1602,pass,2026-04-26,16:35:00,,
GUILDFORD - EARLSFIELD (2),L74783,1634,stop,2026-04-11,16:38:00,,
GUILDFORD - EARLSFIELD (2),P61736,1634,stop,2026-04-02,16:38:00,,
GUILDFORD - EARLSFIELD (2),Q49321,1634,stop,2026-04-06,16:38:00,,
GUILDFORD - EARLSFIELD (2),P61736,1634,stop,2026-04-10,16:38:00,,
GUILDFORD - EARLSFIELD (2),P61736,1634,stop,2026-04-06,16:38:00,,
GUILDFORD - EARLSFIELD (2),P61736,1634,stop,2026-04-07,16:38:00,,
GUILDFORD - EARLSFIELD (2),L74783,1634,stop,2026-04-04,16:38:00,,
GUILDFORD - EARLSFIELD (2),P61736,1634,stop,2026-04-09,16:38:00,,
GUILDFORD - EARLSFIELD (2),P61736,1634,stop,2026-04-08,16:38:00,,
GUILDFORD - EARLSFIELD (2),Q88841,1634,stop,2026-04-03,16:38:00,,
GUILDFORD - EARLSFIELD (2),P61736,1634,stop,2026-04-24,16:38:00,,
GUILDFORD - EARLSFIELD (2),P61736,1634,stop,2026-04-22,16:38:00,,
GUILDFORD - EARLSFIELD (2),P61736,1634,stop,2026-04-28,16:38:00,,
GUILDFORD - EARLSFIELD (2),P61736,1634,stop,2026-04-21,16:38:00,,
GUILDFORD - EARLSFIELD (2),P61736,1634,stop,2026-04-30,16:38:00,,
GUILDFORD - EARLSFIELD (2),L74783,1634,stop,2026-04-18,16:38:00,,
GUILDFORD - EARLSFIELD (2),P61736,1634,stop,2026-04-15,16:38:00,,
GUILDFORD - EARLSFIELD (2),P61736,1634,stop,2026-04-20,16:38:00,,
GUILDFORD - EARLSFIELD (2),P61736,1634,stop,2026-04-23,16:38:00,,
GUILDFORD - EARLSFIELD (2),P61736,1634,stop,2026-04-16,16:38:00,,
GUILDFORD - EARLSFIELD (2),P61736,1634,stop,2026-04-01,16:38:00,,
GUILDFORD - EARLSFIELD (2),P61736,1634,stop,2026-04-03,16:38:00,,
GUILDFORD - EARLSFIELD (2),P61736,1634,stop,2026-04-27,16:38:00,,
GUILDFORD - EARLSFIELD (2),L74783,1634,stop,2026-04-25,16:38:00,,
GUILDFORD - EARLSFIELD (2),P61736,1634,stop,2026-04-29,16:38:00,,
GUILDFORD - EARLSFIELD (2),P61736,1634,stop,2026-04-14,16:38:00,,
GUILDFORD - EARLSFIELD (2),P61736,1634,stop,2026-04-13,16:38:00,,
GUILDFORD - EARLSFIELD (2),P61736,1634,stop,2026-04-17,16:38:00,,
GUILDFORD - EARLSFIELD,L74279,1620,stop,2026-04-05,16:39:00,,
GUILDFORD - EARLSFIELD,L74279,1620,stop,2026-04-26,16:39:00,,
GUILDFORD - EARLSFIELD,L74279,1620,stop,2026-04-12,16:39:00,,
GUILDFORD - EARLSFIELD,L74279,1620,stop,2026-04-19,16:39:00,,
EARLSFIELD - GUILDFORD (2),P61608,1553,stop,2026-04-25,16:41:00,,
EARLSFIELD - GUILDFORD (2),P61607,1553,stop,2026-04-08,16:41:00,,
EARLSFIELD - GUILDFORD (2),P61607,1553,stop,2026-04-03,16:41:00,,
EARLSFIELD - GUILDFORD (2),P61607,1553,stop,2026-04-21,16:41:00,,
EARLSFIELD - GUILDFORD (2),P61607,1553,stop,2026-04-07,16:41:00,,
EARLSFIELD - GUILDFORD (2),P61607,1553,stop,2026-04-16,16:41:00,,
EARLSFIELD - GUILDFORD (2),P61607,1553,stop,2026-04-15,16:41:00,,
EARLSFIELD - GUILDFORD (2),P61607,1553,stop,2026-04-09,16:41:00,,
EARLSFIELD - GUILDFORD (2),P61607,1553,stop,2026-04-22,16:41:00,,
EARLSFIELD - GUILDFORD (2),P61607,1553,stop,2026-04-02,16:41:00,,
EARLSFIELD - GUILDFORD (2),P61607,1553,stop,2026-04-10,16:41:00,,
EARLSFIELD - GUILDFORD (2),Q38513,1553,stop,2026-04-03,16:41:00,,
EARLSFIELD - GUILDFORD (2),P61608,1553,stop,2026-04-11,16:41:00,,
EARLSFIELD - GUILDFORD (2),P61608,1553,stop,2026-04-04,16:41:00,,
EARLSFIELD - GUILDFORD (2),P61608,1553,stop,2026-04-18,16:41:00,,
EARLSFIELD - GUILDFORD (2),P61607,1553,stop,2026-04-23,16:41:00,,
EARLSFIELD - GUILDFORD (2),P61607,1553,stop,2026-04-20,16:41:00,,
EARLSFIELD - GUILDFORD (2),P61607,1553,stop,2026-04-17,16:41:00,,
EARLSFIELD - GUILDFORD (2),P61607,1553,stop,2026-04-13,16:41:00,,
EARLSFIELD - GUILDFORD (2),P61607,1553,stop,2026-04-01,16:41:00,,
EARLSFIELD - GUILDFORD (2),P61607,1553,stop,2026-04-14,16:41:00,,
EARLSFIELD - GUILDFORD (2),P61607,1553,stop,2026-04-28,16:41:00,,
EARLSFIELD - GUILDFORD (2),P61607,1553,stop,2026-04-30,16:41:00,,
EARLSFIELD - GUILDFORD (2),Q49409,1553,stop,2026-04-06,16:41:00,,
EARLSFIELD - GUILDFORD (2),P61607,1553,stop,2026-04-06,16:41:00,,
EARLSFIELD - GUILDFORD (2),P61607,1553,stop,2026-04-29,16:41:00,,
EARLSFIELD - GUILDFORD (2),P61607,1553,stop,2026-04-24,16:41:00,,
EARLSFIELD - GUILDFORD (2),P61607,1553,stop,2026-04-27,16:41:00,,
GUILDFORD - EARLSFIELD (4),L74784,1639,stop,2026-04-05,16:43:00,,
EARLSFIELD - GUILDFORD (3),P61607,1553,stop,2026-04-23,16:45:00,,
EARLSFIELD - GUILDFORD (3),P61608,1553,stop,2026-04-25,16:45:00,,
EARLSFIELD - GUILDFORD (3),P61608,1553,stop,2026-04-04,16:45:00,,
EARLSFIELD - GUILDFORD (3),P61607,1553,stop,2026-04-15,16:45:00,,
EARLSFIELD - GUILDFORD (3),P61607,1553,stop,2026-04-06,16:45:00,,
EARLSFIELD - GUILDFORD (3),Q49409,1553,stop,2026-04-06,16:45:00,,
EARLSFIELD - GUILDFORD (3),P61607,1553,stop,2026-04-21,16:45:00,,
EARLSFIELD - GUILDFORD (3),P61607,1553,stop,2026-04-13,16:45:00,,
EARLSFIELD - GUILDFORD (3),P61607,1553,stop,2026-04-20,16:45:00,,
EARLSFIELD - GUILDFORD (3),P61607,1553,stop,2026-04-17,16:45:00,,
EARLSFIELD - GUILDFORD (3),P61608,1553,stop,2026-04-18,16:45:00,,
EARLSFIELD - GUILDFORD (3),P61607,1553,stop,2026-04-29,16:45:00,,
EARLSFIELD - GUILDFORD (3),P61607,1553,stop,2026-04-22,16:45:00,,
EARLSFIELD - GUILDFORD (3),P61607,1553,stop,2026-04-02,16:45:00,,
EARLSFIELD - GUILDFORD (3),P61607,1553,stop,2026-04-10,16:45:00,,
EARLSFIELD - GUILDFORD (3),P61607,1553,stop,2026-04-30,16:45:00,,
EARLSFIELD - GUILDFORD (3),P61607,1553,stop,2026-04-27,16:45:00,,
EARLSFIELD - GUILDFORD (3),P61607,1553,stop,2026-04-28,16:45:00,,
EARLSFIELD - GUILDFORD (3),P61607,1553,stop,2026-04-01,16:45:00,,
EARLSFIELD - GUILDFORD (3),Q38513,1553,stop,2026-04-03,16:45:00,,
EARLSFIELD - GUILDFORD (3),P61607,1553,stop,2026-04-14,16:45:00,,
EARLSFIELD - GUILDFORD (3),P61607,1553,stop,2026-04-16,16:45:00,,
EARLSFIELD - GUILDFORD (3),P61607,1553,stop,2026-04-24,16:45:00,,
EARLSFIELD - GUILDFORD (4),L74767,1557,stop,2026-04-05,16:45:00,,
EARLSFIELD - GUILDFORD (3),P61607,1553,stop,2026-04-03,16:45:00,,
EARLSFIELD - GUILDFORD (3),P61607,1553,stop,2026-04-08,16:45:00,,
EARLSFIELD - GUILDFORD (3),P61607,1553,stop,2026-04-09,16:45:00,,
EARLSFIELD - GUILDFORD (3),P61607,1553,stop,2026-04-07,16:45:00,,
EARLSFIELD - GUILDFORD (3),P61608,1553,stop,2026-04-11,16:45:00,,
PORTSMOUTH HARBOUR - SURBITON,L73467,1532,pass,2026-04-26,16:46:00,,
GUILDFORD - EARLSFIELD,L74283,1628,stop,2026-04-28,16:48:00,,
GUILDFORD - EARLSFIELD,L74283,1628,stop,2026-04-03,16:48:00,,
GUILDFORD - EARLSFIELD,L74283,1628,stop,2026-04-21,16:48:00,,
GUILDFORD - EARLSFIELD,L74283,1628,stop,2026-04-08,16:48:00,,
GUILDFORD - EARLSFIELD,L74283,1628,stop,2026-04-23,16:48:00,,
GUILDFORD - EARLSFIELD,L74283,1628,stop,2026-04-24,16:48:00,,
GUILDFORD - EARLSFIELD,L74283,1628,stop,2026-04-27,16:48:00,,
GUILDFORD - EARLSFIELD,L74283,1628,stop,2026-04-07,16:48:00,,
GUILDFORD - EARLSFIELD,L74283,1628,stop,2026-04-22,16:48:00,,
GUILDFORD - EARLSFIELD,L74283,1628,stop,2026-04-20,16:48:00,,
GUILDFORD - EARLSFIELD,L74283,1628,stop,2026-04-06,16:48:00,,
GUILDFORD - EARLSFIELD,L74283,1628,stop,2026-04-17,16:48:00,,
GUILDFORD - EARLSFIELD,L74283,1628,stop,2026-04-29,16:48:00,,
GUILDFORD - EARLSFIELD,L74283,1628,stop,2026-04-02,16:48:00,,
GUILDFORD - EARLSFIELD,L74283,1628,stop,2026-04-30,16:48:00,,
GUILDFORD - EARLSFIELD,L74283,1628,stop,2026-04-15,16:48:00,,
GUILDFORD - EARLSFIELD,L74283,1628,stop,2026-04-01,16:48:00,,
GUILDFORD - EARLSFIELD,L74283,1628,stop,2026-04-09,16:48:00,,
GUILDFORD - EARLSFIELD,L74283,1628,stop,2026-04-10,16:48:00,,
GUILDFORD - EARLSFIELD,L74283,1628,stop,2026-04-16,16:48:00,,
GUILDFORD - EARLSFIELD,L74283,1628,stop,2026-04-14,16:48:00,,
GUILDFORD - EARLSFIELD,L74283,1628,stop,2026-04-13,16:48:00,,
EARLSFIELD - GUILDFORD,L74766,1603,stop,2026-04-25,16:49:00,,
EARLSFIELD - GUILDFORD,P61733,1603,stop,2026-04-06,16:49:00,,
EARLSFIELD - GUILDFORD,L74766,1603,stop,2026-04-18,16:49:00,,
EARLSFIELD - GUILDFORD,Q49388,1603,stop,2026-04-06,16:49:00,,
EARLSFIELD - GUILDFORD,L74766,1603,stop,2026-04-11,16:49:00,,
EARLSFIELD - GUILDFORD,P61733,1603,stop,2026-04-01,16:49:00,,
EARLSFIELD - GUILDFORD,P61733,1603,stop,2026-04-16,16:49:00,,
EARLSFIELD - GUILDFORD,P61733,1603,stop,2026-04-29,16:49:00,,
EARLSFIELD - GUILDFORD,P61733,1603,stop,2026-04-08,16:49:00,,
EARLSFIELD - GUILDFORD,P61733,1603,stop,2026-04-27,16:49:00,,
GUILDFORD - EARLSFIELD,L74284,1645,stop,2026-04-18,16:49:00,,
EARLSFIELD - GUILDFORD,P61733,1603,stop,2026-04-28,16:49:00,,
EARLSFIELD - GUILDFORD,P61733,1603,stop,2026-04-07,16:49:00,,
EARLSFIELD - GUILDFORD,Q38504,1603,stop,2026-04-03,16:49:00,,
EARLSFIELD - GUILDFORD,P61733,1603,stop,2026-04-21,16:49:00,,
EARLSFIELD - GUILDFORD,P61733,1603,stop,2026-04-14,16:49:00,,
GUILDFORD - EARLSFIELD,Q49298,1645,stop,2026-04-06,16:49:00,,
EARLSFIELD - GUILDFORD,P61733,1603,stop,2026-04-24,16:49:00,,
EARLSFIELD - GUILDFORD,P61733,1603,stop,2026-04-03,16:49:00,,
GUILDFORD - EARLSFIELD,L74284,1645,stop,2026-04-11,16:49:00,,
EARLSFIELD - GUILDFORD,P61733,1603,stop,2026-04-30,16:49:00,,
GUILDFORD - EARLSFIELD,L74284,1645,stop,2026-04-04,16:49:00,,
EARLSFIELD - GUILDFORD,P61733,1603,stop,2026-04-02,16:49:00,,
EARLSFIELD - GUILDFORD,P61733,1603,stop,2026-04-13,16:49:00,,
EARLSFIELD - GUILDFORD,L74766,1603,stop,2026-04-04,16:49:00,,
GUILDFORD - EARLSFIELD,L74284,1645,stop,2026-04-25,16:49:00,,
EARLSFIELD - GUILDFORD,P61733,1603,stop,2026-04-15,16:49:00,,
EARLSFIELD - GUILDFORD,P61733,1603,stop,2026-04-10,16:49:00,,
EARLSFIELD - GUILDFORD,P61733,1603,stop,2026-04-09,16:49:00,,
EARLSFIELD - GUILDFORD,P61733,1603,stop,2026-04-20,16:49:00,,
EARLSFIELD - GUILDFORD,P61733,1603,stop,2026-04-23,16:49:00,,
EARLSFIELD - GUILDFORD,P61733,1603,stop,2026-04-17,16:49:00,,
GUILDFORD - EARLSFIELD,Q88876,1645,stop,2026-04-03,16:49:00,,
EARLSFIELD - GUILDFORD,P61733,1603,stop,2026-04-22,16:49:00,,
EARLSFIELD - GUILDFORD,L74767,1606,stop,2026-04-26,16:50:00,,
EARLSFIELD - GUILDFORD,L74767,1606,stop,2026-04-19,16:50:00,,
EARLSFIELD - GUILDFORD,L74767,1606,stop,2026-04-12,16:52:00,,
GUILDFORD - EARLSFIELD (2),L74784,1650,stop,2026-04-12,16:54:00,,
GUILDFORD - EARLSFIELD (2),L74784,1650,stop,2026-04-19,16:54:00,,
GUILDFORD - EARLSFIELD (2),L74784,1650,stop,2026-04-26,16:54:00,,
WEYMOUTH - GUILDFORD,P61454,1348,pass,2026-04-26,16:57:00,,
SURBITON - PORTSMOUTH HARBOUR,L73460,1628H,pass,2026-04-26,16:59:00,,
GUILDFORD - EARLSFIELD,P61616,1659,stop,2026-04-28,17:03:00,,
GUILDFORD - EARLSFIELD,P61616,1659,stop,2026-04-10,17:03:00,,
GUILDFORD - EARLSFIELD,P61616,1659,stop,2026-04-08,17:03:00,,
GUILDFORD - EARLSFIELD,P61616,1659,stop,2026-04-24,17:03:00,,
GUILDFORD - EARLSFIELD,P61616,1659,stop,2026-04-30,17:03:00,,
GUILDFORD - EARLSFIELD,P61616,1659,stop,2026-04-22,17:03:00,,
GUILDFORD - EARLSFIELD,P61616,1659,stop,2026-04-06,17:03:00,,
GUILDFORD - EARLSFIELD,P61616,1659,stop,2026-04-16,17:03:00,,
GUILDFORD - EARLSFIELD,P61616,1659,stop,2026-04-09,17:03:00,,
GUILDFORD - EARLSFIELD,P61616,1659,stop,2026-04-03,17:03:00,,
GUILDFORD - EARLSFIELD,P61616,1659,stop,2026-04-07,17:03:00,,
GUILDFORD - EARLSFIELD,P61616,1659,stop,2026-04-02,17:03:00,,
GUILDFORD - EARLSFIELD,P61616,1659,stop,2026-04-14,17:03:00,,
GUILDFORD - EARLSFIELD,P61616,1659,stop,2026-04-27,17:03:00,,
GUILDFORD - EARLSFIELD,P61616,1659,stop,2026-04-29,17:03:00,,
GUILDFORD - EARLSFIELD,P61616,1659,stop,2026-04-13,17:03:00,,
GUILDFORD - EARLSFIELD,P61616,1659,stop,2026-04-17,17:03:00,,
GUILDFORD - EARLSFIELD,P61616,1659,stop,2026-04-15,17:03:00,,
GUILDFORD - EARLSFIELD,P61616,1659,stop,2026-04-01,17:03:00,,
GUILDFORD - EARLSFIELD,P61616,1659,stop,2026-04-23,17:03:00,,
GUILDFORD - EARLSFIELD,P61616,1659,stop,2026-04-20,17:03:00,,
GUILDFORD - EARLSFIELD,P61616,1659,stop,2026-04-21,17:03:00,,
GUILDFORD - EARLSFIELD,Q49298,1645,stop,2026-04-06,17:05:00,,
GUILDFORD - EARLSFIELD,Q88876,1645,stop,2026-04-03,17:05:00,,
GUILDFORD - EARLSFIELD,L74284,1645,stop,2026-04-11,17:05:00,,
GUILDFORD - EARLSFIELD,L74284,1645,stop,2026-04-04,17:05:00,,
GUILDFORD - EARLSFIELD,L74284,1645,stop,2026-04-25,17:05:00,,
GUILDFORD - EARLSFIELD,L74284,1645,stop,2026-04-18,17:05:00,,
GUILDFORD - EARLSFIELD (2),Q49208,1704,stop,2026-04-06,17:08:00,,
GUILDFORD - EARLSFIELD (2),L74789,1704,stop,2026-04-11,17:08:00,,
GUILDFORD - EARLSFIELD (2),L74789,1704,stop,2026-04-25,17:08:00,,
GUILDFORD - EARLSFIELD (2),L74789,1704,stop,2026-04-04,17:08:00,,
GUILDFORD - EARLSFIELD (2),Q38457,1704,stop,2026-04-03,17:08:00,,
GUILDFORD - EARLSFIELD (2),L74789,1704,stop,2026-04-18,17:08:00,,
GUILDFORD - EARLSFIELD (2),L74788,1709,stop,2026-04-08,17:13:00,,
GUILDFORD - EARLSFIELD (2),L74788,1709,stop,2026-04-20,17:13:00,,
GUILDFORD - EARLSFIELD (2),L74788,1709,stop,2026-04-24,17:13:00,,
GUILDFORD - EARLSFIELD (2),L74788,1709,stop,2026-04-15,17:13:00,,
GUILDFORD - EARLSFIELD (2),L74788,1709,stop,2026-04-29,17:13:00,,
GUILDFORD - EARLSFIELD (2),L74788,1709,stop,2026-04-10,17:13:00,,
GUILDFORD - EARLSFIELD (2),L74788,1709,stop,2026-04-28,17:13:00,,
GUILDFORD - EARLSFIELD (2),L74788,1709,stop,2026-04-16,17:13:00,,
GUILDFORD - EARLSFIELD (2),L74788,1709,stop,2026-04-02,17:13:00,,
GUILDFORD - EARLSFIELD (2),L74788,1709,stop,2026-04-30,17:13:00,,
GUILDFORD - EARLSFIELD (2),L74788,1709,stop,2026-04-14,17:13:00,,
GUILDFORD - EARLSFIELD (2),L74788,1709,stop,2026-04-13,17:13:00,,
GUILDFORD - EARLSFIELD (2),L74788,1709,stop,2026-04-03,17:13:00,,
GUILDFORD - EARLSFIELD (2),L74788,1709,stop,2026-04-23,17:13:00,,
GUILDFORD - EARLSFIELD (2),L74788,1709,stop,2026-04-09,17:13:00,,
GUILDFORD - EARLSFIELD (2),L74788,1709,stop,2026-04-07,17:13:00,,
GUILDFORD - EARLSFIELD (2),L74788,1709,stop,2026-04-21,17:13:00,,
GUILDFORD - EARLSFIELD (2),L74788,1709,stop,2026-04-22,17:13:00,,
GUILDFORD - EARLSFIELD (2),L74788,1709,stop,2026-04-27,17:13:00,,
GUILDFORD - EARLSFIELD (2),L74788,1709,stop,2026-04-06,17:13:00,,
GUILDFORD - EARLSFIELD (2),L74788,1709,stop,2026-04-17,17:13:00,,
GUILDFORD - EARLSFIELD (2),L74788,1709,stop,2026-04-01,17:13:00,,
EFFINGHAM JUNCTION - WORCESTER PARK,Q54764,1715,stop,2026-04-12,17:15:00,,
EARLSFIELD - GUILDFORD,P61734,1633,stop,2026-04-10,17:19:00,,
EARLSFIELD - GUILDFORD,L74771,1633,stop,2026-04-18,17:19:00,,
EARLSFIELD - GUILDFORD,P61734,1633,stop,2026-04-22,17:19:00,,
EARLSFIELD - GUILDFORD,P61734,1633,stop,2026-04-15,17:19:00,,
EARLSFIELD - GUILDFORD,L74771,1633,stop,2026-04-11,17:19:00,,
EARLSFIELD - GUILDFORD,P61734,1633,stop,2026-04-30,17:19:00,,
EARLSFIELD - GUILDFORD,P61734,1633,stop,2026-04-17,17:19:00,,
EARLSFIELD - GUILDFORD,P61734,1633,stop,2026-04-23,17:19:00,,
EARLSFIELD - GUILDFORD,P61734,1633,stop,2026-04-06,17:19:00,,
EARLSFIELD - GUILDFORD,P61734,1633,stop,2026-04-09,17:19:00,,
EARLSFIELD - GUILDFORD,P61734,1633,stop,2026-04-21,17:19:00,,
EARLSFIELD - GUILDFORD,P61734,1633,stop,2026-04-24,17:19:00,,
EARLSFIELD - GUILDFORD,P61734,1633,stop,2026-04-14,17:19:00,,
EARLSFIELD - GUILDFORD,P61734,1633,stop,2026-04-29,17:19:00,,
EARLSFIELD - GUILDFORD,P61734,1633,stop,2026-04-13,17:19:00,,
EARLSFIELD - GUILDFORD,Q49325,1633,stop,2026-04-06,17:19:00,,
EARLSFIELD - GUILDFORD,L74771,1633,stop,2026-04-25,17:19:00,,
EARLSFIELD - GUILDFORD,L74771,1633,stop,2026-04-04,17:19:00,,
EARLSFIELD - GUILDFORD,P61734,1633,stop,2026-04-01,17:19:00,,
EARLSFIELD - GUILDFORD,P61734,1633,stop,2026-04-16,17:19:00,,
EARLSFIELD - GUILDFORD,P61734,1633,stop,2026-04-20,17:19:00,,
EARLSFIELD - GUILDFORD,P61734,1633,stop,2026-04-27,17:19:00,,
EARLSFIELD - GUILDFORD,P61734,1633,stop,2026-04-07,17:19:00,,
EARLSFIELD - GUILDFORD,P61734,1633,stop,2026-04-02,17:19:00,,
EARLSFIELD - GUILDFORD,Q39767,1633,stop,2026-04-03,17:19:00,,
EARLSFIELD - GUILDFORD,P61734,1633,stop,2026-04-03,17:19:00,,
EARLSFIELD - GUILDFORD,P61734,1633,stop,2026-04-28,17:19:00,,
EARLSFIELD - GUILDFORD,P61734,1633,stop,2026-04-08,17:19:00,,
GUILDFORD - EARLSFIELD,P61616,1659,stop,2026-04-14,17:21:00,,
GUILDFORD - EARLSFIELD,P61616,1659,stop,2026-04-01,17:21:00,,
GUILDFORD - EARLSFIELD,P61616,1659,stop,2026-04-09,17:21:00,,
GUILDFORD - EARLSFIELD,P61616,1659,stop,2026-04-10,17:21:00,,
GUILDFORD - EARLSFIELD,P61616,1659,stop,2026-04-16,17:21:00,,
GUILDFORD - EARLSFIELD,P61616,1659,stop,2026-04-02,17:21:00,,
GUILDFORD - WEYMOUTH,P61457,1648,pass,2026-04-26,17:21:00,,
GUILDFORD - EARLSFIELD,P61616,1659,stop,2026-04-15,17:21:00,,
GUILDFORD - EARLSFIELD,P61616,1659,stop,2026-04-13,17:21:00,,
EARLSFIELD - GUILDFORD (2),P61612,1632,stop,2026-04-12,17:21:00,,
GUILDFORD - EARLSFIELD,P61616,1659,stop,2026-04-28,17:21:00,,
EARLSFIELD - GUILDFORD (2),P61612,1632,stop,2026-04-19,17:21:00,,
EARLSFIELD - GUILDFORD (2),P61612,1632,stop,2026-04-05,17:21:00,,
GUILDFORD - EARLSFIELD,P61616,1659,stop,2026-04-08,17:21:00,,
GUILDFORD - EARLSFIELD,P61616,1659,stop,2026-04-17,17:21:00,,
GUILDFORD - EARLSFIELD,P61616,1659,stop,2026-04-20,17:21:00,,
GUILDFORD - EARLSFIELD,P61616,1659,stop,2026-04-24,17:21:00,,
GUILDFORD - EARLSFIELD,P61616,1659,stop,2026-04-22,17:21:00,,
GUILDFORD - EARLSFIELD,P61616,1659,stop,2026-04-29,17:21:00,,
EARLSFIELD - GUILDFORD (2),P61612,1632,stop,2026-04-26,17:21:00,,
GUILDFORD - EARLSFIELD,P61616,1659,stop,2026-04-30,17:21:00,,
GUILDFORD - EARLSFIELD,P61616,1659,stop,2026-04-06,17:21:00,,
GUILDFORD - EARLSFIELD,P61616,1659,stop,2026-04-23,17:21:00,,
GUILDFORD - EARLSFIELD,P61616,1659,stop,2026-04-27,17:21:00,,
GUILDFORD - EARLSFIELD,P61616,1659,stop,2026-04-21,17:21:00,,
GUILDFORD - EARLSFIELD,P61616,1659,stop,2026-04-03,17:21:00,,
GUILDFORD - EARLSFIELD,P61616,1659,stop,2026-04-07,17:21:00,,
PORTSMOUTH HARBOUR - SURBITON (2),L76249,1556,pass,2026-04-26,17:22:00,,
GUILDFORD - EARLSFIELD,L74287,1720,stop,2026-04-26,17:24:00,,
GUILDFORD - EARLSFIELD,L74287,1720,stop,2026-04-12,17:24:00,,
GUILDFORD - EARLSFIELD,L74287,1720,stop,2026-04-19,17:24:00,,
GUILDFORD - EARLSFIELD,L74287,1720,stop,2026-04-05,17:24:00,,
EFFINGHAM JUNCTION - WORCESTER PARK,Q54764,1715,stop,2026-04-12,17:24:00,,
EARLSFIELD - GUILDFORD (3),P61612,1632,stop,2026-04-26,17:25:00,,
EARLSFIELD - GUILDFORD (3),P61612,1632,stop,2026-04-19,17:25:00,,
EARLSFIELD - GUILDFORD (3),P61612,1632,stop,2026-04-05,17:25:00,,
EARLSFIELD - GUILDFORD (3),P61612,1632,stop,2026-04-12,17:25:00,,
WORCESTER PARK - EFFINGHAM JUNCTION,Q54803,1635,stop,2026-04-12,17:30:00,,
SURBITON - PORTSMOUTH HARBOUR (2),L76244,1702,pass,2026-04-26,17:35:00,,
GUILDFORD - EARLSFIELD (2),L74792,1734,stop,2026-04-06,17:38:00,,
GUILDFORD - EARLSFIELD (2),L74792,1734,stop,2026-04-09,17:38:00,,
GUILDFORD - EARLSFIELD (2),L74793,1734,stop,2026-04-04,17:38:00,,
GUILDFORD - EARLSFIELD (2),Q49124,1734,stop,2026-04-06,17:38:00,,
GUILDFORD - EARLSFIELD (2),L74792,1734,stop,2026-04-16,17:38:00,,
GUILDFORD - EARLSFIELD (2),L74792,1734,stop,2026-04-21,17:38:00,,
GUILDFORD - EARLSFIELD (2),L74792,1734,stop,2026-04-03,17:38:00,,
GUILDFORD - EARLSFIELD (2),L74792,1734,stop,2026-04-08,17:38:00,,
GUILDFORD - EARLSFIELD (2),L74792,1734,stop,2026-04-27,17:38:00,,
GUILDFORD - EARLSFIELD (2),L74792,1734,stop,2026-04-24,17:38:00,,
GUILDFORD - EARLSFIELD (2),L74793,1734,stop,2026-04-18,17:38:00,,
GUILDFORD - EARLSFIELD (2),L74792,1734,stop,2026-04-14,17:38:00,,
GUILDFORD - EARLSFIELD (2),L74792,1734,stop,2026-04-29,17:38:00,,
GUILDFORD - EARLSFIELD (2),L74792,1734,stop,2026-04-01,17:38:00,,
GUILDFORD - EARLSFIELD (2),L74792,1734,stop,2026-04-10,17:38:00,,
GUILDFORD - EARLSFIELD (2),L74792,1734,stop,2026-04-02,17:38:00,,
GUILDFORD - EARLSFIELD (2),L74793,1734,stop,2026-04-25,17:38:00,,
GUILDFORD - EARLSFIELD (2),L74792,1734,stop,2026-04-20,17:38:00,,
GUILDFORD - EARLSFIELD (2),L74792,1734,stop,2026-04-22,17:38:00,,
GUILDFORD - EARLSFIELD (2),L74792,1734,stop,2026-04-30,17:38:00,,
GUILDFORD - EARLSFIELD (2),L74792,1734,stop,2026-04-23,17:38:00,,
GUILDFORD - EARLSFIELD (2),L74792,1734,stop,2026-04-07,17:38:00,,
GUILDFORD - EARLSFIELD (2),L74792,1734,stop,2026-04-15,17:38:00,,
GUILDFORD - EARLSFIELD (2),L74792,1734,stop,2026-04-13,17:38:00,,
GUILDFORD - EARLSFIELD (2),L74792,1734,stop,2026-04-17,17:38:00,,
GUILDFORD - EARLSFIELD (2),Q88840,1734,stop,2026-04-03,17:38:00,,
GUILDFORD - EARLSFIELD (2),L74792,1734,stop,2026-04-28,17:38:00,,
GUILDFORD - EARLSFIELD (2),L74793,1734,stop,2026-04-11,17:38:00,,
GUILDFORD - PORTSMOUTH & SOUTHSEA,P61107,1715,pass,2026-04-23,17:39:00,,
GUILDFORD - PORTSMOUTH & SOUTHSEA,P61108,1715,pass,2026-04-17,17:39:00,,
GUILDFORD - PORTSMOUTH & SOUTHSEA,P61107,1715,pass,2026-04-13,17:39:00,,
GUILDFORD - EARLSFIELD,L74287,1720,stop,2026-04-05,17:39:00,,
GUILDFORD - EARLSFIELD,L74287,1720,stop,2026-04-19,17:39:00,,
GUILDFORD - PORTSMOUTH & SOUTHSEA,P61107,1715,pass,2026-04-27,17:39:00,,
GUILDFORD - PORTSMOUTH & SOUTHSEA,P61107,1715,pass,2026-04-30,17:39:00,,
GUILDFORD - PORTSMOUTH & SOUTHSEA,P61107,1715,pass,2026-04-14,17:39:00,,
GUILDFORD - PORTSMOUTH & SOUTHSEA,P61107,1715,pass,2026-04-07,17:39:00,,
GUILDFORD - PORTSMOUTH & SOUTHSEA,P61108,1715,pass,2026-04-03,17:39:00,,
GUILDFORD - HAVANT,P61107,1715,pass,2026-04-01,17:39:00,,
GUILDFORD - EARLSFIELD,L74287,1720,stop,2026-04-12,17:39:00,,
GUILDFORD - PORTSMOUTH & SOUTHSEA,P61107,1715,pass,2026-04-21,17:39:00,,
GUILDFORD - PORTSMOUTH & SOUTHSEA,P61107,1715,pass,2026-04-29,17:39:00,,
GUILDFORD - PORTSMOUTH & SOUTHSEA,P61107,1715,pass,2026-04-06,17:39:00,,
GUILDFORD - PORTSMOUTH & SOUTHSEA,P61108,1715,pass,2026-04-10,17:39:00,,
GUILDFORD - PORTSMOUTH & SOUTHSEA,P61107,1715,pass,2026-04-16,17:39:00,,
GUILDFORD - EARLSFIELD,L74287,1720,stop,2026-04-26,17:39:00,,
GUILDFORD - PORTSMOUTH & SOUTHSEA,P61107,1715,pass,2026-04-22,17:39:00,,
GUILDFORD - PORTSMOUTH & SOUTHSEA,P61107,1715,pass,2026-04-09,17:39:00,,
GUILDFORD - PORTSMOUTH & SOUTHSEA,P61108,1715,pass,2026-04-24,17:39:00,,
GUILDFORD - PORTSMOUTH & SOUTHSEA,P61107,1715,pass,2026-04-28,17:39:00,,
GUILDFORD - HAVANT,P61107,1715,pass,2026-04-02,17:39:00,,
GUILDFORD - PORTSMOUTH & SOUTHSEA,P61107,1715,pass,2026-04-20,17:39:00,,
GUILDFORD - PORTSMOUTH & SOUTHSEA,P61107,1715,pass,2026-04-08,17:39:00,,
GUILDFORD - PORTSMOUTH & SOUTHSEA,P61107,1715,pass,2026-04-15,17:39:00,,
EARLSFIELD - GUILDFORD (2),P61611,1653,stop,2026-04-11,17:41:00,,
EARLSFIELD - GUILDFORD (2),Q49278,1653,stop,2026-04-06,17:41:00,,
EARLSFIELD - GUILDFORD (2),P61611,1653,stop,2026-04-18,17:41:00,,
EARLSFIELD - GUILDFORD (2),P61611,1653,stop,2026-04-04,17:41:00,,
EARLSFIELD - GUILDFORD (2),Q38468,1653,stop,2026-04-03,17:41:00,,
EARLSFIELD - GUILDFORD (2),P61611,1653,stop,2026-04-25,17:41:00,,
EARLSFIELD - GUILDFORD (2),P61610,1653,stop,2026-04-09,17:42:00,,
EARLSFIELD - GUILDFORD (2),P61610,1653,stop,2026-04-28,17:42:00,,
EARLSFIELD - GUILDFORD (2),P61610,1653,stop,2026-04-08,17:42:00,,
EARLSFIELD - GUILDFORD (2),P61610,1653,stop,2026-04-30,17:42:00,,
EARLSFIELD - GUILDFORD (2),P61610,1653,stop,2026-04-17,17:42:00,,
EARLSFIELD - GUILDFORD (2),P61610,1653,stop,2026-04-29,17:42:00,,
EARLSFIELD - GUILDFORD (2),P61610,1653,stop,2026-04-03,17:42:00,,
EARLSFIELD - GUILDFORD (2),P61610,1653,stop,2026-04-20,17:42:00,,
EARLSFIELD - GUILDFORD (2),P61610,1653,stop,2026-04-06,17:42:00,,
EARLSFIELD - GUILDFORD (2),P61610,1653,stop,2026-04-27,17:42:00,,
EARLSFIELD - GUILDFORD (2),P61610,1653,stop,2026-04-15,17:42:00,,
EARLSFIELD - GUILDFORD (2),P61610,1653,stop,2026-04-16,17:42:00,,
EARLSFIELD - GUILDFORD (2),P61610,1653,stop,2026-04-14,17:42:00,,
EARLSFIELD - GUILDFORD (2),P61610,1653,stop,2026-04-24,17:42:00,,
EARLSFIELD - GUILDFORD (2),P61610,1653,stop,2026-04-22,17:42:00,,
EARLSFIELD - GUILDFORD (2),P61610,1653,stop,2026-04-07,17:42:00,,
EARLSFIELD - GUILDFORD (2),P61610,1653,stop,2026-04-01,17:42:00,,
EARLSFIELD - GUILDFORD (2),P61610,1653,stop,2026-04-02,17:42:00,,
EARLSFIELD - GUILDFORD (2),P61610,1653,stop,2026-04-10,17:42:00,,
EARLSFIELD - GUILDFORD (2),P61610,1653,stop,2026-04-13,17:42:00,,
EARLSFIELD - GUILDFORD (2),P61610,1653,stop,2026-04-21,17:42:00,,
EARLSFIELD - GUILDFORD (2),P61610,1653,stop,2026-04-23,17:42:00,,
GUILDFORD - EARLSFIELD (4),L74794,1739,stop,2026-04-05,17:43:00,,
EARLSFIELD - GUILDFORD (3),P61611,1653,stop,2026-04-18,17:45:00,,
EARLSFIELD - GUILDFORD (3),P61611,1653,stop,2026-04-11,17:45:00,,
EARLSFIELD - GUILDFORD (3),P61611,1653,stop,2026-04-04,17:45:00,,
EARLSFIELD - GUILDFORD (3),Q38468,1653,stop,2026-04-03,17:45:00,,
EARLSFIELD - GUILDFORD (4),L74777,1657,stop,2026-04-05,17:45:00,,
EARLSFIELD - GUILDFORD (3),Q49278,1653,stop,2026-04-06,17:45:00,,
EARLSFIELD - GUILDFORD (3),P61611,1653,stop,2026-04-25,17:45:00,,
EARLSFIELD - GUILDFORD (3),P61610,1653,stop,2026-04-06,17:46:00,,
EARLSFIELD - GUILDFORD (3),P61610,1653,stop,2026-04-24,17:46:00,,
EARLSFIELD - GUILDFORD (3),P61610,1653,stop,2026-04-08,17:46:00,,
EARLSFIELD - GUILDFORD (3),P61610,1653,stop,2026-04-13,17:46:00,,
EARLSFIELD - GUILDFORD (3),P61610,1653,stop,2026-04-23,17:46:00,,
EARLSFIELD - GUILDFORD (3),P61610,1653,stop,2026-04-17,17:46:00,,
EARLSFIELD - GUILDFORD (3),P61610,1653,stop,2026-04-27,17:46:00,,
EARLSFIELD - GUILDFORD (3),P61610,1653,stop,2026-04-03,17:46:00,,
EARLSFIELD - GUILDFORD (3),P61610,1653,stop,2026-04-21,17:46:00,,
EARLSFIELD - GUILDFORD (3),P61610,1653,stop,2026-04-22,17:46:00,,
EARLSFIELD - GUILDFORD (3),P61610,1653,stop,2026-04-02,17:46:00,,
EARLSFIELD - GUILDFORD (3),P61610,1653,stop,2026-04-16,17:46:00,,
EARLSFIELD - GUILDFORD (3),P61610,1653,stop,2026-04-14,17:46:00,,
EARLSFIELD - GUILDFORD (3),P61610,1653,stop,2026-04-09,17:46:00,,
EARLSFIELD - GUILDFORD (3),P61610,1653,stop,2026-04-01,17:46:00,,
EARLSFIELD - GUILDFORD (3),P61610,1653,stop,2026-04-20,17:46:00,,
EARLSFIELD - GUILDFORD (3),P61610,1653,stop,2026-04-30,17:46:00,,
EARLSFIELD - GUILDFORD (3),P61610,1653,stop,2026-04-28,17:46:00,,
EARLSFIELD - GUILDFORD (3),P61610,1653,stop,2026-04-10,17:46:00,,
EARLSFIELD - GUILDFORD (3),P61610,1653,stop,2026-04-15,17:46:00,,
EARLSFIELD - GUILDFORD (3),P61610,1653,stop,2026-04-07,17:46:00,,
PORTSMOUTH HARBOUR - SURBITON,L73477,1632,pass,2026-04-26,17:46:00,,
EARLSFIELD - GUILDFORD (3),P61610,1653,stop,2026-04-29,17:46:00,,
EARLSFIELD - GUILDFORD,L74776,1703,stop,2026-04-25,17:49:00,,
GUILDFORD - EARLSFIELD,L74291,1745,stop,2026-04-02,17:49:00,,
EARLSFIELD - GUILDFORD,L74776,1703,stop,2026-04-11,17:49:00,,
GUILDFORD - EARLSFIELD,L74291,1745,stop,2026-04-01,17:49:00,,
GUILDFORD - EARLSFIELD,L74291,1745,stop,2026-04-03,17:49:00,,
GUILDFORD - EARLSFIELD,L74291,1745,stop,2026-04-17,17:49:00,,
GUILDFORD - EARLSFIELD,Q38427,1745,stop,2026-04-03,17:49:00,,
GUILDFORD - EARLSFIELD,L74291,1745,stop,2026-04-27,17:49:00,,
GUILDFORD - EARLSFIELD,L74292,1745,stop,2026-04-04,17:49:00,,
GUILDFORD - EARLSFIELD,L74291,1745,stop,2026-04-13,17:49:00,,
GUILDFORD - EARLSFIELD,L74291,1745,stop,2026-04-07,17:49:00,,
GUILDFORD - EARLSFIELD,L74291,1745,stop,2026-04-30,17:49:00,,
GUILDFORD - EARLSFIELD,L74291,1745,stop,2026-04-22,17:49:00,,
GUILDFORD - EARLSFIELD,L74291,1745,stop,2026-04-23,17:49:00,,
GUILDFORD - EARLSFIELD,L74291,1745,stop,2026-04-08,17:49:00,,
GUILDFORD - EARLSFIELD,L74291,1745,stop,2026-04-16,17:49:00,,
GUILDFORD - EARLSFIELD,L74292,1745,stop,2026-04-18,17:49:00,,
GUILDFORD - EARLSFIELD,L74291,1745,stop,2026-04-09,17:49:00,,
GUILDFORD - EARLSFIELD,L74291,1745,stop,2026-04-24,17:49:00,,
GUILDFORD - EARLSFIELD,L74291,1745,stop,2026-04-06,17:49:00,,
GUILDFORD - EARLSFIELD,Q49102,1745,stop,2026-04-06,17:49:00,,
GUILDFORD - EARLSFIELD,L74292,1745,stop,2026-04-11,17:49:00,,
GUILDFORD - EARLSFIELD,L74291,1745,stop,2026-04-20,17:49:00,,
GUILDFORD - EARLSFIELD,L74292,1745,stop,2026-04-25,17:49:00,,
EARLSFIELD - GUILDFORD,L74776,1703,stop,2026-04-18,17:49:00,,
GUILDFORD - EARLSFIELD,L74291,1745,stop,2026-04-15,17:49:00,,
GUILDFORD - EARLSFIELD,L74291,1745,stop,2026-04-28,17:49:00,,
GUILDFORD - EARLSFIELD,L74291,1745,stop,2026-04-10,17:49:00,,
GUILDFORD - EARLSFIELD,L74291,1745,stop,2026-04-29,17:49:00,,
GUILDFORD - EARLSFIELD,L74291,1745,stop,2026-04-14,17:49:00,,
EARLSFIELD - GUILDFORD,L74776,1703,stop,2026-04-04,17:49:00,,
EARLSFIELD - GUILDFORD,Q49227,1703,stop,2026-04-06,17:49:00,,
GUILDFORD - EARLSFIELD,L74291,1745,stop,2026-04-21,17:49:00,,
EARLSFIELD - GUILDFORD,Q38458,1703,stop,2026-04-03,17:49:00,,
EARLSFIELD - GUILDFORD,P61735,1703,stop,2026-04-10,17:50:00,,
EARLSFIELD - GUILDFORD,P61735,1703,stop,2026-04-06,17:50:00,,
EARLSFIELD - GUILDFORD,P61735,1703,stop,2026-04-24,17:50:00,,
EARLSFIELD - GUILDFORD,P61735,1703,stop,2026-04-08,17:50:00,,
EARLSFIELD - GUILDFORD,P61735,1703,stop,2026-04-16,17:50:00,,
EARLSFIELD - GUILDFORD,P61735,1703,stop,2026-04-02,17:50:00,,
EARLSFIELD - GUILDFORD,P61735,1703,stop,2026-04-14,17:50:00,,
EARLSFIELD - GUILDFORD,P61735,1703,stop,2026-04-28,17:50:00,,
EARLSFIELD - GUILDFORD,P61735,1703,stop,2026-04-09,17:50:00,,
EARLSFIELD - GUILDFORD,P61735,1703,stop,2026-04-07,17:50:00,,
EARLSFIELD - GUILDFORD,P61735,1703,stop,2026-04-01,17:50:00,,
EARLSFIELD - GUILDFORD,L74777,1706,stop,2026-04-26,17:50:00,,
EARLSFIELD - GUILDFORD,P61735,1703,stop,2026-04-27,17:50:00,,
EARLSFIELD - GUILDFORD,P61735,1703,stop,2026-04-17,17:50:00,,
EARLSFIELD - GUILDFORD,P61735,1703,stop,2026-04-29,17:50:00,,
EARLSFIELD - GUILDFORD,P61735,1703,stop,2026-04-20,17:50:00,,
EARLSFIELD - GUILDFORD,P61735,1703,stop,2026-04-15,17:50:00,,
EARLSFIELD - GUILDFORD,P61735,1703,stop,2026-04-30,17:50:00,,
EARLSFIELD - GUILDFORD,P61735,1703,stop,2026-04-21,17:50:00,,
EARLSFIELD - GUILDFORD,L74777,1706,stop,2026-04-19,17:50:00,,
EARLSFIELD - GUILDFORD,P61735,1703,stop,2026-04-23,17:50:00,,
EARLSFIELD - GUILDFORD,P61735,1703,stop,2026-04-03,17:50:00,,
EARLSFIELD - GUILDFORD,P61735,1703,stop,2026-04-13,17:50:00,,
EARLSFIELD - GUILDFORD,P61735,1703,stop,2026-04-22,17:50:00,,
EARLSFIELD - GUILDFORD,L74777,1706,stop,2026-04-12,17:52:00,,
GUILDFORD - EARLSFIELD (2),L74794,1750,stop,2026-04-12,17:54:00,,
GUILDFORD - EARLSFIELD (2),L74794,1750,stop,2026-04-19,17:54:00,,
GUILDFORD - EARLSFIELD (2),L74794,1750,stop,2026-04-26,17:54:00,,
WEYMOUTH - GUILDFORD,P61460,1448,pass,2026-04-26,17:57:00,,
SURBITON - PORTSMOUTH HARBOUR,L73470,1728H,pass,2026-04-26,17:59:00,,
GUILDFORD - EARLSFIELD,L74291,1745,stop,2026-04-30,18:05:00,,
GUILDFORD - EARLSFIELD,L74291,1745,stop,2026-04-22,18:05:00,,
GUILDFORD - EARLSFIELD,L74292,1745,stop,2026-04-18,18:05:00,,
GUILDFORD - EARLSFIELD,L74291,1745,stop,2026-04-17,18:05:00,,
GUILDFORD - EARLSFIELD,L74291,1745,stop,2026-04-03,18:05:00,,
GUILDFORD - EARLSFIELD,L74291,1745,stop,2026-04-28,18:05:00,,
GUILDFORD - EARLSFIELD,Q49102,1745,stop,2026-04-06,18:05:00,,
GUILDFORD - EARLSFIELD,Q38427,1745,stop,2026-04-03,18:05:00,,
GUILDFORD - EARLSFIELD,L74291,1745,stop,2026-04-23,18:05:00,,
GUILDFORD - EARLSFIELD,L74291,1745,stop,2026-04-06,18:05:00,,
GUILDFORD - EARLSFIELD,L74291,1745,stop,2026-04-01,18:05:00,,
GUILDFORD - EARLSFIELD,L74291,1745,stop,2026-04-10,18:05:00,,
GUILDFORD - EARLSFIELD,L74291,1745,stop,2026-04-29,18:05:00,,
GUILDFORD - EARLSFIELD,L74292,1745,stop,2026-04-04,18:05:00,,
GUILDFORD - EARLSFIELD,L74291,1745,stop,2026-04-08,18:05:00,,
GUILDFORD - EARLSFIELD,L74291,1745,stop,2026-04-02,18:05:00,,
GUILDFORD - EARLSFIELD,L74291,1745,stop,2026-04-15,18:05:00,,
GUILDFORD - EARLSFIELD,L74291,1745,stop,2026-04-13,18:05:00,,
GUILDFORD - EARLSFIELD,L74291,1745,stop,2026-04-14,18:05:00,,
GUILDFORD - EARLSFIELD,L74291,1745,stop,2026-04-20,18:05:00,,
GUILDFORD - EARLSFIELD,L74291,1745,stop,2026-04-21,18:05:00,,
GUILDFORD - EARLSFIELD,L74292,1745,stop,2026-04-11,18:05:00,,
GUILDFORD - EARLSFIELD,L74291,1745,stop,2026-04-27,18:05:00,,
GUILDFORD - EARLSFIELD,L74291,1745,stop,2026-04-09,18:05:00,,
GUILDFORD - EARLSFIELD,L74292,1745,stop,2026-04-25,18:05:00,,
GUILDFORD - EARLSFIELD,L74291,1745,stop,2026-04-24,18:05:00,,
GUILDFORD - EARLSFIELD,L74291,1745,stop,2026-04-07,18:05:00,,
GUILDFORD - EARLSFIELD,L74291,1745,stop,2026-04-16,18:05:00,,
GUILDFORD - EARLSFIELD (2),L74798,1804,stop,2026-04-16,18:08:00,,
GUILDFORD - EARLSFIELD (2),L74798,1804,stop,2026-04-15,18:08:00,,
GUILDFORD - EARLSFIELD (2),L74798,1804,stop,2026-04-01,18:08:00,,
GUILDFORD - EARLSFIELD (2),Q49058,1804,stop,2026-04-06,18:08:00,,
GUILDFORD - EARLSFIELD (2),L74798,1804,stop,2026-04-06,18:08:00,,
GUILDFORD - EARLSFIELD (2),L74798,1804,stop,2026-04-02,18:08:00,,
GUILDFORD - EARLSFIELD (2),L74798,1804,stop,2026-04-13,18:08:00,,
GUILDFORD - EARLSFIELD (2),L74798,1804,stop,2026-04-07,18:08:00,,
GUILDFORD - EARLSFIELD (2),L74798,1804,stop,2026-04-03,18:08:00,,
GUILDFORD - EARLSFIELD (2),Q39766,1804,stop,2026-04-03,18:08:00,,
GUILDFORD - EARLSFIELD (2),L74798,1804,stop,2026-04-17,18:08:00,,
GUILDFORD - EARLSFIELD (2),L74799,1804,stop,2026-04-18,18:08:00,,
GUILDFORD - EARLSFIELD (2),L74798,1804,stop,2026-04-20,18:08:00,,
GUILDFORD - EARLSFIELD (2),L74798,1804,stop,2026-04-22,18:08:00,,
GUILDFORD - EARLSFIELD (2),L74798,1804,stop,2026-04-21,18:08:00,,
GUILDFORD - EARLSFIELD (2),L74799,1804,stop,2026-04-11,18:08:00,,
GUILDFORD - EARLSFIELD (2),L74798,1804,stop,2026-04-30,18:08:00,,
GUILDFORD - EARLSFIELD (2),L74798,1804,stop,2026-04-08,18:08:00,,
GUILDFORD - EARLSFIELD (2),L74798,1804,stop,2026-04-29,18:08:00,,
GUILDFORD - EARLSFIELD (2),L74798,1804,stop,2026-04-09,18:08:00,,
GUILDFORD - EARLSFIELD (2),L74798,1804,stop,2026-04-23,18:08:00,,
GUILDFORD - EARLSFIELD (2),L74798,1804,stop,2026-04-28,18:08:00,,
GUILDFORD - EARLSFIELD (2),L74798,1804,stop,2026-04-27,18:08:00,,
GUILDFORD - EARLSFIELD (2),L74798,1804,stop,2026-04-10,18:08:00,,
GUILDFORD - EARLSFIELD (2),L74799,1804,stop,2026-04-04,18:08:00,,
GUILDFORD - EARLSFIELD (2),L74799,1804,stop,2026-04-25,18:08:00,,
GUILDFORD - EARLSFIELD (2),L74798,1804,stop,2026-04-24,18:08:00,,
GUILDFORD - EARLSFIELD (2),L74798,1804,stop,2026-04-14,18:08:00,,
GUILDFORD - PORTSMOUTH & SOUTHSEA,L72953,1745,pass,2026-04-24,18:09:00,,
GUILDFORD - PORTSMOUTH & SOUTHSEA,L72953,1745,pass,2026-04-08,18:09:00,,
GUILDFORD - PORTSMOUTH & SOUTHSEA,L72953,1745,pass,2026-04-23,18:09:00,,
GUILDFORD - PORTSMOUTH & SOUTHSEA,L72953,1745,pass,2026-04-16,18:09:00,,
GUILDFORD - PORTSMOUTH & SOUTHSEA,L72953,1745,pass,2026-04-13,18:09:00,,
GUILDFORD - PORTSMOUTH & SOUTHSEA,L72953,1745,pass,2026-04-22,18:09:00,,
GUILDFORD - HASLEMERE,L72953,1745,pass,2026-04-01,18:09:00,,
GUILDFORD - PORTSMOUTH & SOUTHSEA,L72953,1745,pass,2026-04-20,18:09:00,,
GUILDFORD - HASLEMERE,L72953,1745,pass,2026-04-02,18:09:00,,
GUILDFORD - PORTSMOUTH & SOUTHSEA,L72953,1745,pass,2026-04-21,18:09:00,,
GUILDFORD - PORTSMOUTH & SOUTHSEA,L72953,1745,pass,2026-04-03,18:09:00,,
GUILDFORD - PORTSMOUTH & SOUTHSEA,L72953,1745,pass,2026-04-30,18:09:00,,
GUILDFORD - PORTSMOUTH & SOUTHSEA,L72953,1745,pass,2026-04-27,18:09:00,,
GUILDFORD - PORTSMOUTH & SOUTHSEA,L72953,1745,pass,2026-04-10,18:09:00,,
GUILDFORD - PORTSMOUTH & SOUTHSEA,L72953,1745,pass,2026-04-09,18:09:00,,
GUILDFORD - PORTSMOUTH & SOUTHSEA,L72953,1745,pass,2026-04-29,18:09:00,,
GUILDFORD - PORTSMOUTH & SOUTHSEA,L72953,1745,pass,2026-04-28,18:09:00,,
GUILDFORD - PORTSMOUTH & SOUTHSEA,L72953,1745,pass,2026-04-14,18:09:00,,
GUILDFORD - PORTSMOUTH & SOUTHSEA,L72953,1745,pass,2026-04-15,18:09:00,,
GUILDFORD - PORTSMOUTH & SOUTHSEA,L72953,1745,pass,2026-04-07,18:09:00,,
GUILDFORD - PORTSMOUTH & SOUTHSEA,L72953,1745,pass,2026-04-17,18:09:00,,
GUILDFORD - PORTSMOUTH & SOUTHSEA,L72953,1745,pass,2026-04-06,18:09:00,,
EFFINGHAM JUNCTION - WORCESTER PARK,Q54763,1815,stop,2026-04-12,18:15:00,,
EARLSFIELD - GUILDFORD,Q49127,1733,stop,2026-04-06,18:19:00,,
EARLSFIELD - GUILDFORD,L74781,1733,stop,2026-04-11,18:19:00,,
EARLSFIELD - GUILDFORD,Q38435,1733,stop,2026-04-03,18:19:00,,
EARLSFIELD - GUILDFORD,L74781,1733,stop,2026-04-18,18:19:00,,
EARLSFIELD - GUILDFORD,L74781,1733,stop,2026-04-04,18:19:00,,
EARLSFIELD - GUILDFORD,L74781,1733,stop,2026-04-25,18:19:00,,
EARLSFIELD - GUILDFORD,L74780,1733,stop,2026-04-30,18:20:00,,
EARLSFIELD - GUILDFORD,L74780,1733,stop,2026-04-15,18:20:00,,
EARLSFIELD - GUILDFORD,L74780,1733,stop,2026-04-17,18:20:00,,
EARLSFIELD - GUILDFORD,L74780,1733,stop,2026-04-13,18:20:00,,
EARLSFIELD - GUILDFORD,L74780,1733,stop,2026-04-03,18:20:00,,
EARLSFIELD - GUILDFORD,L74780,1733,stop,2026-04-09,18:20:00,,
EARLSFIELD - GUILDFORD,L74780,1733,stop,2026-04-22,18:20:00,,
EARLSFIELD - GUILDFORD,L74780,1733,stop,2026-04-16,18:20:00,,
EARLSFIELD - GUILDFORD,L74780,1733,stop,2026-04-10,18:20:00,,
EARLSFIELD - GUILDFORD,L74780,1733,stop,2026-04-28,18:20:00,,
EARLSFIELD - GUILDFORD,L74780,1733,stop,2026-04-01,18:20:00,,
EARLSFIELD - GUILDFORD,L74780,1733,stop,2026-04-14,18:20:00,,
EARLSFIELD - GUILDFORD,L74780,1733,stop,2026-04-29,18:20:00,,
EARLSFIELD - GUILDFORD,L74780,1733,stop,2026-04-23,18:20:00,,
EARLSFIELD - GUILDFORD,L74780,1733,stop,2026-04-08,18:20:00,,
EARLSFIELD - GUILDFORD,L74780,1733,stop,2026-04-21,18:20:00,,
EARLSFIELD - GUILDFORD,L74780,1733,stop,2026-04-24,18:20:00,,
EARLSFIELD - GUILDFORD,L74780,1733,stop,2026-04-27,18:20:00,,
EARLSFIELD - GUILDFORD,L74780,1733,stop,2026-04-07,18:20:00,,
EARLSFIELD - GUILDFORD,L74780,1733,stop,2026-04-06,18:20:00,,
EARLSFIELD - GUILDFORD,L74780,1733,stop,2026-04-02,18:20:00,,
EARLSFIELD - GUILDFORD,L74780,1733,stop,2026-04-20,18:20:00,,
EARLSFIELD - GUILDFORD (2),P61615,1732,stop,2026-04-05,18:21:00,,
EARLSFIELD - GUILDFORD (2),P61615,1732,stop,2026-04-19,18:21:00,,
EARLSFIELD - GUILDFORD (2),P61615,1732,stop,2026-04-26,18:21:00,,
GUILDFORD - WEYMOUTH,P61464,1748,pass,2026-04-26,18:21:00,,
EARLSFIELD - GUILDFORD (2),P61615,1732,stop,2026-04-12,18:21:00,,
PORTSMOUTH HARBOUR - SURBITON (2),L76255,1655,pass,2026-04-26,18:22:00,,
EFFINGHAM JUNCTION - WORCESTER PARK,Q54763,1815,stop,2026-04-12,18:24:00,,
GUILDFORD - EARLSFIELD,L74293,1820,stop,2026-04-26,18:24:00,,
GUILDFORD - EARLSFIELD,L74293,1820,stop,2026-04-12,18:24:00,,
GUILDFORD - EARLSFIELD,L74293,1820,stop,2026-04-05,18:24:00,,
GUILDFORD - EARLSFIELD,L74293,1820,stop,2026-04-19,18:24:00,,
EARLSFIELD - GUILDFORD (3),P61615,1732,stop,2026-04-12,18:25:00,,
EARLSFIELD - GUILDFORD (3),P61615,1732,stop,2026-04-26,18:25:00,,
EARLSFIELD - GUILDFORD (3),P61615,1732,stop,2026-04-05,18:25:00,,
EARLSFIELD - GUILDFORD (3),P61615,1732,stop,2026-04-19,18:25:00,,
WORCESTER PARK - GUILDFORD,L74280,1739,stop,2026-04-01,18:26:00,,
WORCESTER PARK - GUILDFORD,L74280,1739,stop,2026-04-02,18:26:00,,
WORCESTER PARK - GUILDFORD,L74280,1739,stop,2026-04-03,18:26:00,,
WORCESTER PARK - GUILDFORD,L74280,1739,stop,2026-04-06,18:26:00,,
WORCESTER PARK - GUILDFORD,L74280,1739,stop,2026-04-23,18:26:00,,
WORCESTER PARK - GUILDFORD,L74280,1739,stop,2026-04-20,18:26:00,,
WORCESTER PARK - GUILDFORD,L74280,1739,stop,2026-04-08,18:26:00,,
WORCESTER PARK - GUILDFORD,L74280,1739,stop,2026-04-09,18:26:00,,
WORCESTER PARK - GUILDFORD,L74280,1739,stop,2026-04-22,18:26:00,,
WORCESTER PARK - GUILDFORD,L74280,1739,stop,2026-04-10,18:26:00,,
WORCESTER PARK - GUILDFORD,L74280,1739,stop,2026-04-13,18:26:00,,
WORCESTER PARK - GUILDFORD,L74280,1739,stop,2026-04-14,18:26:00,,
WORCESTER PARK - GUILDFORD,L74280,1739,stop,2026-04-15,18:26:00,,
WORCESTER PARK - GUILDFORD,L74280,1739,stop,2026-04-16,18:26:00,,
WORCESTER PARK - GUILDFORD,L74280,1739,stop,2026-04-17,18:26:00,,
WORCESTER PARK - GUILDFORD,L74280,1739,stop,2026-04-07,18:26:00,,
WORCESTER PARK - GUILDFORD,L74280,1739,stop,2026-04-24,18:26:00,,
WORCESTER PARK - GUILDFORD,L74280,1739,stop,2026-04-21,18:26:00,,
WORCESTER PARK - GUILDFORD,L74280,1739,stop,2026-04-28,18:26:00,,
WORCESTER PARK - GUILDFORD,L74280,1739,stop,2026-04-29,18:26:00,,
WORCESTER PARK - GUILDFORD,L74280,1739,stop,2026-04-30,18:26:00,,
WORCESTER PARK - GUILDFORD,L74280,1739,stop,2026-04-27,18:26:00,,
WORCESTER PARK - GUILDFORD,L74280,1739,stop,2026-04-02,18:30:00,,
WORCESTER PARK - GUILDFORD,L74280,1739,stop,2026-04-08,18:30:00,,
WORCESTER PARK - GUILDFORD,L74280,1739,stop,2026-04-01,18:30:00,,
WORCESTER PARK - GUILDFORD,L74280,1739,stop,2026-04-21,18:30:00,,
WORCESTER PARK - GUILDFORD,L74280,1739,stop,2026-04-15,18:30:00,,
WORCESTER PARK - GUILDFORD,L74280,1739,stop,2026-04-07,18:30:00,,
WORCESTER PARK - GUILDFORD,L74280,1739,stop,2026-04-23,18:30:00,,
WORCESTER PARK - GUILDFORD,L74280,1739,stop,2026-04-24,18:30:00,,
WORCESTER PARK - GUILDFORD,L74280,1739,stop,2026-04-06,18:30:00,,
WORCESTER PARK - GUILDFORD,L74280,1739,stop,2026-04-13,18:30:00,,
WORCESTER PARK - GUILDFORD,L74280,1739,stop,2026-04-30,18:30:00,,
WORCESTER PARK - GUILDFORD,L74280,1739,stop,2026-04-03,18:30:00,,
WORCESTER PARK - GUILDFORD,L74280,1739,stop,2026-04-20,18:30:00,,
WORCESTER PARK - GUILDFORD,L74280,1739,stop,2026-04-16,18:30:00,,
WORCESTER PARK - EFFINGHAM JUNCTION,Q54802,1735,stop,2026-04-12,18:30:00,,
WORCESTER PARK - GUILDFORD,L74280,1739,stop,2026-04-29,18:30:00,,
WORCESTER PARK - GUILDFORD,L74280,1739,stop,2026-04-28,18:30:00,,
WORCESTER PARK - GUILDFORD,L74280,1739,stop,2026-04-27,18:30:00,,
WORCESTER PARK - GUILDFORD,L74280,1739,stop,2026-04-10,18:30:00,,
WORCESTER PARK - GUILDFORD,L74280,1739,stop,2026-04-09,18:30:00,,
WORCESTER PARK - GUILDFORD,L74280,1739,stop,2026-04-22,18:30:00,,
WORCESTER PARK - GUILDFORD,L74280,1739,stop,2026-04-14,18:30:00,,
WORCESTER PARK - GUILDFORD,L74280,1739,stop,2026-04-17,18:30:00,,
SURBITON - PORTSMOUTH HARBOUR (2),L76250,1802,pass,2026-04-26,18:35:00,,
GUILDFORD - EARLSFIELD (2),L74802,1834,stop,2026-04-21,18:38:00,,
GUILDFORD - EARLSFIELD (2),L74802,1834,stop,2026-04-14,18:38:00,,
GUILDFORD - EARLSFIELD (2),L74802,1834,stop,2026-04-15,18:38:00,,
GUILDFORD - EARLSFIELD (2),Q48996,1834,stop,2026-04-06,18:38:00,,
GUILDFORD - EARLSFIELD (2),L74802,1834,stop,2026-04-09,18:38:00,,
GUILDFORD - EARLSFIELD (2),L74802,1834,stop,2026-04-22,18:38:00,,
GUILDFORD - EARLSFIELD (2),L74802,1834,stop,2026-04-20,18:38:00,,
GUILDFORD - EARLSFIELD (2),L74802,1834,stop,2026-04-10,18:38:00,,
GUILDFORD - EARLSFIELD (2),L74802,1834,stop,2026-04-08,18:38:00,,
GUILDFORD - EARLSFIELD (2),L74802,1834,stop,2026-04-06,18:38:00,,
GUILDFORD - EARLSFIELD (2),L74803,1834,stop,2026-04-18,18:38:00,,
GUILDFORD - EARLSFIELD (2),L74802,1834,stop,2026-04-28,18:38:00,,
GUILDFORD - EARLSFIELD (2),L74802,1834,stop,2026-04-13,18:38:00,,
GUILDFORD - EARLSFIELD (2),L74803,1834,stop,2026-04-11,18:38:00,,
GUILDFORD - EARLSFIELD (2),L74802,1834,stop,2026-04-30,18:38:00,,
GUILDFORD - EARLSFIELD (2),Q88839,1834,stop,2026-04-03,18:38:00,,
GUILDFORD - EARLSFIELD (2),L74802,1834,stop,2026-04-03,18:38:00,,
GUILDFORD - EARLSFIELD (2),L74802,1834,stop,2026-04-07,18:38:00,,
GUILDFORD - EARLSFIELD (2),L74803,1834,stop,2026-04-25,18:38:00,,
GUILDFORD - EARLSFIELD (2),L74802,1834,stop,2026-04-27,18:38:00,,
GUILDFORD - EARLSFIELD (2),L74802,1834,stop,2026-04-16,18:38:00,,
GUILDFORD - EARLSFIELD (2),L74802,1834,stop,2026-04-02,18:38:00,,
GUILDFORD - EARLSFIELD (2),L74802,1834,stop,2026-04-01,18:38:00,,
GUILDFORD - EARLSFIELD (2),L74802,1834,stop,2026-04-29,18:38:00,,
GUILDFORD - EARLSFIELD (2),L74802,1834,stop,2026-04-24,18:38:00,,
GUILDFORD - EARLSFIELD (2),L74802,1834,stop,2026-04-17,18:38:00,,
GUILDFORD - EARLSFIELD (2),L74803,1834,stop,2026-04-04,18:38:00,,
GUILDFORD - EARLSFIELD (2),L74802,1834,stop,2026-04-23,18:38:00,,
GUILDFORD - EARLSFIELD,L74293,1820,stop,2026-04-05,18:39:00,,
GUILDFORD - EARLSFIELD,L74293,1820,stop,2026-04-26,18:39:00,,
GUILDFORD - EARLSFIELD,L74293,1820,stop,2026-04-12,18:39:00,,
GUILDFORD - EARLSFIELD,L74293,1820,stop,2026-04-19,18:39:00,,
EARLSFIELD - GUILDFORD (2),Q49084,1753,stop,2026-04-06,18:42:00,,
EARLSFIELD - GUILDFORD (2),P61614,1753,stop,2026-04-04,18:42:00,,
EARLSFIELD - GUILDFORD (2),P61614,1753,stop,2026-04-11,18:42:00,,
EARLSFIELD - GUILDFORD (2),Q38422,1753,stop,2026-04-03,18:42:00,,
EARLSFIELD - GUILDFORD (2),P61614,1753,stop,2026-04-18,18:42:00,,
EARLSFIELD - GUILDFORD (2),P61614,1753,stop,2026-04-25,18:42:00,,
GUILDFORD - EARLSFIELD (4),L74804,1839,stop,2026-04-05,18:43:00,,
EARLSFIELD - GUILDFORD (4),L74787,1757,stop,2026-04-05,18:45:00,,
EARLSFIELD - GUILDFORD (3),Q49084,1753,stop,2026-04-06,18:46:00,,
EARLSFIELD - GUILDFORD (3),Q38422,1753,stop,2026-04-03,18:46:00,,
EARLSFIELD - GUILDFORD (3),P61614,1753,stop,2026-04-25,18:46:00,,
EARLSFIELD - GUILDFORD (3),P61614,1753,stop,2026-04-18,18:46:00,,
PORTSMOUTH HARBOUR - SURBITON,L73487,1732,pass,2026-04-26,18:46:00,,
EARLSFIELD - GUILDFORD (3),P61614,1753,stop,2026-04-04,18:46:00,,
EARLSFIELD - GUILDFORD (3),P61614,1753,stop,2026-04-11,18:46:00,,
GUILDFORD - EARLSFIELD,L74297,1845,stop,2026-04-13,18:49:00,,
GUILDFORD - EARLSFIELD,L74297,1845,stop,2026-04-22,18:49:00,,
EARLSFIELD - GUILDFORD,L74785,1803,stop,2026-04-13,18:49:00,,
EARLSFIELD - GUILDFORD,L74785,1803,stop,2026-04-03,18:49:00,,
EARLSFIELD - GUILDFORD,L74785,1803,stop,2026-04-28,18:49:00,,
GUILDFORD - EARLSFIELD,L74297,1845,stop,2026-04-15,18:49:00,,
GUILDFORD - EARLSFIELD,L74297,1845,stop,2026-04-14,18:49:00,,
GUILDFORD - EARLSFIELD,L74297,1845,stop,2026-04-08,18:49:00,,
GUILDFORD - EARLSFIELD,L74297,1845,stop,2026-04-23,18:49:00,,
EARLSFIELD - GUILDFORD,L74785,1803,stop,2026-04-27,18:49:00,,
GUILDFORD - EARLSFIELD,L74297,1845,stop,2026-04-16,18:49:00,,
EARLSFIELD - GUILDFORD,L74785,1803,stop,2026-04-01,18:49:00,,
EARLSFIELD - GUILDFORD,L74785,1803,stop,2026-04-22,18:49:00,,
EARLSFIELD - GUILDFORD,L74785,1803,stop,2026-04-15,18:49:00,,
GUILDFORD - EARLSFIELD,L74297,1845,stop,2026-04-20,18:49:00,,
GUILDFORD - EARLSFIELD,L74297,1845,stop,2026-04-10,18:49:00,,
GUILDFORD - EARLSFIELD,L74298,1845,stop,2026-04-11,18:49:00,,
GUILDFORD - EARLSFIELD,L74298,1845,stop,2026-04-18,18:49:00,,
EARLSFIELD - GUILDFORD,L74785,1803,stop,2026-04-02,18:49:00,,
GUILDFORD - EARLSFIELD,L74297,1845,stop,2026-04-21,18:49:00,,
GUILDFORD - EARLSFIELD,L74297,1845,stop,2026-04-01,18:49:00,,
EARLSFIELD - GUILDFORD,L74785,1803,stop,2026-04-30,18:49:00,,
EARLSFIELD - GUILDFORD,L74785,1803,stop,2026-04-07,18:49:00,,
EARLSFIELD - GUILDFORD,L74785,1803,stop,2026-04-08,18:49:00,,
GUILDFORD - EARLSFIELD,L74297,1845,stop,2026-04-09,18:49:00,,
GUILDFORD - EARLSFIELD,L74297,1845,stop,2026-04-17,18:49:00,,
EARLSFIELD - GUILDFORD,L74785,1803,stop,2026-04-29,18:49:00,,
EARLSFIELD - GUILDFORD,L74785,1803,stop,2026-04-24,18:49:00,,
EARLSFIELD - GUILDFORD,L74785,1803,stop,2026-04-23,18:49:00,,
GUILDFORD - EARLSFIELD,L74297,1845,stop,2026-04-24,18:49:00,,
EARLSFIELD - GUILDFORD,L74785,1803,stop,2026-04-16,18:49:00,,
GUILDFORD - EARLSFIELD,L74297,1845,stop,2026-04-28,18:49:00,,
EARLSFIELD - GUILDFORD,L74785,1803,stop,2026-04-20,18:49:00,,
GUILDFORD - EARLSFIELD,L74298,1845,stop,2026-04-04,18:49:00,,
GUILDFORD - EARLSFIELD,L74297,1845,stop,2026-04-29,18:49:00,,
EARLSFIELD - GUILDFORD,L74785,1803,stop,2026-04-09,18:49:00,,
GUILDFORD - EARLSFIELD,L74297,1845,stop,2026-04-02,18:49:00,,
GUILDFORD - EARLSFIELD,Q38383,1845,stop,2026-04-03,18:49:00,,
GUILDFORD - EARLSFIELD,L74297,1845,stop,2026-04-03,18:49:00,,
GUILDFORD - EARLSFIELD,L74297,1845,stop,2026-04-27,18:49:00,,
GUILDFORD - EARLSFIELD,L74298,1845,stop,2026-04-25,18:49:00,,
GUILDFORD - EARLSFIELD,Q48944,1845,stop,2026-04-06,18:49:00,,
GUILDFORD - EARLSFIELD,L74297,1845,stop,2026-04-07,18:49:00,,
GUILDFORD - EARLSFIELD,L74297,1845,stop,2026-04-30,18:49:00,,
EARLSFIELD - GUILDFORD,L74785,1803,stop,2026-04-06,18:49:00,,
EARLSFIELD - GUILDFORD,L74785,1803,stop,2026-04-14,18:49:00,,
EARLSFIELD - GUILDFORD,L74785,1803,stop,2026-04-17,18:49:00,,
EARLSFIELD - GUILDFORD,L74785,1803,stop,2026-04-21,18:49:00,,
GUILDFORD - EARLSFIELD,L74297,1845,stop,2026-04-06,18:49:00,,
EARLSFIELD - GUILDFORD,L74785,1803,stop,2026-04-10,18:49:00,,
EARLSFIELD - GUILDFORD,L74787,1806,stop,2026-04-19,18:50:00,,
EARLSFIELD - GUILDFORD,P61737,1803,stop,2026-04-18,18:50:00,,
EARLSFIELD - GUILDFORD,P61737,1803,stop,2026-04-11,18:50:00,,
EARLSFIELD - GUILDFORD,P61737,1803,stop,2026-04-25,18:50:00,,
EARLSFIELD - GUILDFORD,Q49062,1803,stop,2026-04-06,18:50:00,,
EARLSFIELD - GUILDFORD,Q38412,1803,stop,2026-04-03,18:50:00,,
EARLSFIELD - GUILDFORD,P61737,1803,stop,2026-04-04,18:50:00,,
EARLSFIELD - GUILDFORD,L74787,1806,stop,2026-04-26,18:50:00,,
EARLSFIELD - GUILDFORD,L74787,1806,stop,2026-04-12,18:52:00,,
GUILDFORD - EARLSFIELD (2),L74804,1850,stop,2026-04-26,18:54:00,,
GUILDFORD - EARLSFIELD (2),L74804,1850,stop,2026-04-19,18:54:00,,
GUILDFORD - EARLSFIELD (2),L74804,1850,stop,2026-04-12,18:54:00,,
GUILDFORD - GUILDFORD (2),P62440,1840,pass,2026-04-08,18:56:00,,
GUILDFORD - GUILDFORD (2),P62440,1840,pass,2026-04-15,18:56:00,,
GUILDFORD - GUILDFORD (2),P62440,1840,pass,2026-04-30,18:56:00,,
WORCESTER PARK - GUILDFORD,L74285,1809,stop,2026-04-23,18:56:00,,
WORCESTER PARK - GUILDFORD,L74285,1809,stop,2026-04-15,18:56:00,,
GUILDFORD - GUILDFORD (2),P62440,1840,pass,2026-04-23,18:56:00,,
WORCESTER PARK - GUILDFORD,L74285,1809,stop,2026-04-21,18:56:00,,
WORCESTER PARK - GUILDFORD,L74285,1809,stop,2026-04-06,18:56:00,,
GUILDFORD - GUILDFORD (2),P62440,1840,pass,2026-04-24,18:56:00,,
WORCESTER PARK - GUILDFORD,L74285,1809,stop,2026-04-07,18:56:00,,
WORCESTER PARK - GUILDFORD,L74285,1809,stop,2026-04-20,18:56:00,,
WORCESTER PARK - GUILDFORD,L74285,1809,stop,2026-04-08,18:56:00,,
GUILDFORD - GUILDFORD (2),P62440,1840,pass,2026-04-02,18:56:00,,
WORCESTER PARK - GUILDFORD,L74285,1809,stop,2026-04-16,18:56:00,,
WORCESTER PARK - GUILDFORD,L74285,1809,stop,2026-04-17,18:56:00,,
WORCESTER PARK - GUILDFORD,L74285,1809,stop,2026-04-22,18:56:00,,
WORCESTER PARK - GUILDFORD,L74285,1809,stop,2026-04-09,18:56:00,,
GUILDFORD - GUILDFORD (2),P62440,1840,pass,2026-04-20,18:56:00,,
WORCESTER PARK - GUILDFORD,L74285,1809,stop,2026-04-01,18:56:00,,
GUILDFORD - GUILDFORD (2),P62440,1840,pass,2026-04-27,18:56:00,,
GUILDFORD - GUILDFORD (2),P62440,1840,pass,2026-04-03,18:56:00,,
WORCESTER PARK - GUILDFORD,L74285,1809,stop,2026-04-28,18:56:00,,
WORCESTER PARK - GUILDFORD,L74285,1809,stop,2026-04-30,18:56:00,,
WORCESTER PARK - GUILDFORD,L74285,1809,stop,2026-04-27,18:56:00,,
GUILDFORD - GUILDFORD (2),P62440,1840,pass,2026-04-10,18:56:00,,
GUILDFORD - GUILDFORD (2),P62440,1840,pass,2026-04-16,18:56:00,,
GUILDFORD - GUILDFORD (2),P62440,1840,pass,2026-04-07,18:56:00,,
GUILDFORD - GUILDFORD (2),P62440,1840,pass,2026-04-22,18:56:00,,
GUILDFORD - GUILDFORD (2),P62440,1840,pass,2026-04-06,18:56:00,,
GUILDFORD - GUILDFORD (2),P62440,1840,pass,2026-04-28,18:56:00,,
WORCESTER PARK - GUILDFORD,L74285,1809,stop,2026-04-02,18:56:00,,
WORCESTER PARK - GUILDFORD,L74285,1809,stop,2026-04-14,18:56:00,,
GUILDFORD - GUILDFORD (2),P62440,1840,pass,2026-04-13,18:56:00,,
GUILDFORD - GUILDFORD (2),P62440,1840,pass,2026-04-09,18:56:00,,
WORCESTER PARK - GUILDFORD,L74285,1809,stop,2026-04-24,18:56:00,,
GUILDFORD - GUILDFORD (2),P62440,1840,pass,2026-04-14,18:56:00,,
GUILDFORD - GUILDFORD (2),P62440,1840,pass,2026-04-21,18:56:00,,
WORCESTER PARK - GUILDFORD,L74285,1809,stop,2026-04-03,18:56:00,,
GUILDFORD - GUILDFORD (2),P62440,1840,pass,2026-04-17,18:56:00,,
GUILDFORD - GUILDFORD (2),P62440,1840,pass,2026-04-01,18:56:00,,
WORCESTER PARK - GUILDFORD,L74285,1809,stop,2026-04-10,18:56:00,,
GUILDFORD - GUILDFORD (2),P62440,1840,pass,2026-04-29,18:56:00,,
WORCESTER PARK - GUILDFORD,L74285,1809,stop,2026-04-13,18:56:00,,
WORCESTER PARK - GUILDFORD,L74285,1809,stop,2026-04-29,18:56:00,,
WEYMOUTH - GUILDFORD,P61467,1548,pass,2026-04-26,18:57:00,,
SURBITON - PORTSMOUTH HARBOUR,L73480,1828H,pass,2026-04-26,18:59:00,,
WORCESTER PARK - GUILDFORD,L74285,1809,stop,2026-04-23,19:00:00,,
WORCESTER PARK - GUILDFORD,L74285,1809,stop,2026-04-14,19:00:00,,
WORCESTER PARK - GUILDFORD,L74285,1809,stop,2026-04-13,19:00:00,,
WORCESTER PARK - GUILDFORD,L74285,1809,stop,2026-04-28,19:00:00,,
WORCESTER PARK - GUILDFORD,L74285,1809,stop,2026-04-22,19:00:00,,
WORCESTER PARK - GUILDFORD,L74285,1809,stop,2026-04-01,19:00:00,,
WORCESTER PARK - GUILDFORD,L74285,1809,stop,2026-04-06,19:00:00,,
WORCESTER PARK - GUILDFORD,L74285,1809,stop,2026-04-27,19:00:00,,
WORCESTER PARK - GUILDFORD,L74285,1809,stop,2026-04-03,19:00:00,,
WORCESTER PARK - GUILDFORD,L74285,1809,stop,2026-04-09,19:00:00,,
WORCESTER PARK - GUILDFORD,L74285,1809,stop,2026-04-16,19:00:00,,
WORCESTER PARK - GUILDFORD,L74285,1809,stop,2026-04-07,19:00:00,,
WORCESTER PARK - GUILDFORD,L74285,1809,stop,2026-04-10,19:00:00,,
WORCESTER PARK - GUILDFORD,L74285,1809,stop,2026-04-21,19:00:00,,
WORCESTER PARK - GUILDFORD,L74285,1809,stop,2026-04-17,19:00:00,,
WORCESTER PARK - GUILDFORD,L74285,1809,stop,2026-04-24,19:00:00,,
WORCESTER PARK - GUILDFORD,L74285,1809,stop,2026-04-08,19:00:00,,
WORCESTER PARK - GUILDFORD,L74285,1809,stop,2026-04-30,19:00:00,,
WORCESTER PARK - GUILDFORD,L74285,1809,stop,2026-04-02,19:00:00,,
WORCESTER PARK - GUILDFORD,L74285,1809,stop,2026-04-20,19:00:00,,
WORCESTER PARK - GUILDFORD,L74285,1809,stop,2026-04-29,19:00:00,,
WORCESTER PARK - GUILDFORD,L74285,1809,stop,2026-04-15,19:00:00,,
GUILDFORD - EARLSFIELD,L74297,1845,stop,2026-04-20,19:05:00,,
GUILDFORD - EARLSFIELD,L74297,1845,stop,2026-04-21,19:05:00,,
GUILDFORD - EARLSFIELD,L74297,1845,stop,2026-04-15,19:05:00,,
GUILDFORD - EARLSFIELD,L74297,1845,stop,2026-04-13,19:05:00,,
GUILDFORD - EARLSFIELD,L74297,1845,stop,2026-04-23,19:05:00,,
GUILDFORD - EARLSFIELD,L74297,1845,stop,2026-04-14,19:05:00,,
GUILDFORD - EARLSFIELD,L74298,1845,stop,2026-04-04,19:05:00,,
GUILDFORD - EARLSFIELD,L74297,1845,stop,2026-04-10,19:05:00,,
GUILDFORD - EARLSFIELD,L74297,1845,stop,2026-04-16,19:05:00,,
GUILDFORD - EARLSFIELD,L74297,1845,stop,2026-04-07,19:05:00,,
GUILDFORD - EARLSFIELD,Q48944,1845,stop,2026-04-06,19:05:00,,
GUILDFORD - EARLSFIELD,L74298,1845,stop,2026-04-11,19:05:00,,
GUILDFORD - EARLSFIELD,L74297,1845,stop,2026-04-17,19:05:00,,
GUILDFORD - EARLSFIELD,L74298,1845,stop,2026-04-18,19:05:00,,
GUILDFORD - EARLSFIELD,L74297,1845,stop,2026-04-08,19:05:00,,
GUILDFORD - EARLSFIELD,L74297,1845,stop,2026-04-22,19:05:00,,
GUILDFORD - EARLSFIELD,L74297,1845,stop,2026-04-30,19:05:00,,
GUILDFORD - EARLSFIELD,L74297,1845,stop,2026-04-29,19:05:00,,
GUILDFORD - EARLSFIELD,L74297,1845,stop,2026-04-27,19:05:00,,
GUILDFORD - EARLSFIELD,L74297,1845,stop,2026-04-09,19:05:00,,
GUILDFORD - EARLSFIELD,L74298,1845,stop,2026-04-25,19:05:00,,
GUILDFORD - EARLSFIELD,L74297,1845,stop,2026-04-06,19:05:00,,
GUILDFORD - EARLSFIELD,L74297,1845,stop,2026-04-24,19:05:00,,
GUILDFORD - EARLSFIELD,L74297,1845,stop,2026-04-28,19:05:00,,
GUILDFORD - EARLSFIELD,L74297,1845,stop,2026-04-03,19:05:00,,
GUILDFORD - EARLSFIELD,Q38383,1845,stop,2026-04-03,19:05:00,,
GUILDFORD - EARLSFIELD,L74297,1845,stop,2026-04-01,19:05:00,,
GUILDFORD - EARLSFIELD,L74297,1845,stop,2026-04-02,19:05:00,,
GUILDFORD - EARLSFIELD (2),L74808,1904,stop,2026-04-14,19:08:00,,
GUILDFORD - EARLSFIELD (2),L74808,1904,stop,2026-04-20,19:08:00,,
GUILDFORD - EARLSFIELD (2),L74808,1904,stop,2026-04-24,19:08:00,,
GUILDFORD - EARLSFIELD (2),L74808,1904,stop,2026-04-13,19:08:00,,
GUILDFORD - EARLSFIELD (2),L74808,1904,stop,2026-04-06,19:08:00,,
GUILDFORD - EARLSFIELD (2),L74808,1904,stop,2026-04-02,19:08:00,,
GUILDFORD - EARLSFIELD (2),L74808,1904,stop,2026-04-08,19:08:00,,
GUILDFORD - EARLSFIELD (2),Q48797,1904,stop,2026-04-06,19:08:00,,
GUILDFORD - EARLSFIELD (2),L74808,1904,stop,2026-04-17,19:08:00,,
GUILDFORD - EARLSFIELD (2),L74808,1904,stop,2026-04-29,19:08:00,,
GUILDFORD - EARLSFIELD (2),L74808,1904,stop,2026-04-03,19:08:00,,
GUILDFORD - EARLSFIELD (2),Q38367,1904,stop,2026-04-03,19:08:00,,
GUILDFORD - EARLSFIELD (2),L74809,1904,stop,2026-04-18,19:08:00,,
GUILDFORD - EARLSFIELD (2),L74808,1904,stop,2026-04-16,19:08:00,,
GUILDFORD - EARLSFIELD (2),L74808,1904,stop,2026-04-15,19:08:00,,
GUILDFORD - EARLSFIELD (2),L74809,1904,stop,2026-04-25,19:08:00,,
GUILDFORD - EARLSFIELD (2),L74809,1904,stop,2026-04-04,19:08:00,,
GUILDFORD - EARLSFIELD (2),L74808,1904,stop,2026-04-23,19:08:00,,
GUILDFORD - EARLSFIELD (2),L74808,1904,stop,2026-04-30,19:08:00,,
GUILDFORD - EARLSFIELD (2),L74808,1904,stop,2026-04-07,19:08:00,,
GUILDFORD - EARLSFIELD (2),L74808,1904,stop,2026-04-21,19:08:00,,
GUILDFORD - EARLSFIELD (2),L74808,1904,stop,2026-04-10,19:08:00,,
GUILDFORD - EARLSFIELD (2),L74808,1904,stop,2026-04-09,19:08:00,,
GUILDFORD - EARLSFIELD (2),L74808,1904,stop,2026-04-27,19:08:00,,
GUILDFORD - EARLSFIELD (2),L74808,1904,stop,2026-04-28,19:08:00,,
GUILDFORD - EARLSFIELD (2),L74809,1904,stop,2026-04-11,19:08:00,,
GUILDFORD - EARLSFIELD (2),L74808,1904,stop,2026-04-22,19:08:00,,
GUILDFORD - EARLSFIELD (2),L74808,1904,stop,2026-04-01,19:08:00,,
GUILDFORD - PORTSMOUTH HARBOUR,L72954,1846,pass,2026-04-22,19:10:00,,
GUILDFORD - PORTSMOUTH HARBOUR,L72954,1846,pass,2026-04-21,19:10:00,,
GUILDFORD - PORTSMOUTH HARBOUR,L72954,1846,pass,2026-04-16,19:10:00,,
GUILDFORD - PORTSMOUTH HARBOUR,L72954,1846,pass,2026-04-29,19:10:00,,
GUILDFORD - PORTSMOUTH HARBOUR,L72954,1846,pass,2026-04-17,19:10:00,,
GUILDFORD - PORTSMOUTH HARBOUR,L72954,1846,pass,2026-04-28,19:10:00,,
GUILDFORD - PORTSMOUTH HARBOUR,L72954,1846,pass,2026-04-07,19:10:00,,
GUILDFORD - PORTSMOUTH HARBOUR,L72954,1846,pass,2026-04-15,19:10:00,,
GUILDFORD - PORTSMOUTH HARBOUR,L72954,1846,pass,2026-04-06,19:10:00,,
GUILDFORD - PORTSMOUTH HARBOUR,L72954,1846,pass,2026-04-03,19:10:00,,
GUILDFORD - PORTSMOUTH HARBOUR,L72954,1846,pass,2026-04-09,19:10:00,,
GUILDFORD - PORTSMOUTH HARBOUR,L72954,1846,pass,2026-04-20,19:10:00,,
GUILDFORD - HASLEMERE,L72954,1846,pass,2026-04-01,19:10:00,,
GUILDFORD - PORTSMOUTH HARBOUR,L72954,1846,pass,2026-04-24,19:10:00,,
GUILDFORD - HASLEMERE,L72954,1846,pass,2026-04-02,19:10:00,,
GUILDFORD - PORTSMOUTH HARBOUR,L72954,1846,pass,2026-04-10,19:10:00,,
GUILDFORD - PORTSMOUTH HARBOUR,L72954,1846,pass,2026-04-14,19:10:00,,
GUILDFORD - PORTSMOUTH HARBOUR,L72954,1846,pass,2026-04-13,19:10:00,,
GUILDFORD - PORTSMOUTH HARBOUR,L72954,1846,pass,2026-04-30,19:10:00,,
GUILDFORD - PORTSMOUTH HARBOUR,L72954,1846,pass,2026-04-23,19:10:00,,
GUILDFORD - PORTSMOUTH HARBOUR,L72954,1846,pass,2026-04-27,19:10:00,,
GUILDFORD - PORTSMOUTH HARBOUR,L72954,1846,pass,2026-04-08,19:10:00,,
EFFINGHAM JUNCTION - WORCESTER PARK,Q54762,1915,stop,2026-04-12,19:15:00,,
EARLSFIELD - GUILDFORD,L74791,1833,stop,2026-04-18,19:19:00,,
EARLSFIELD - GUILDFORD,Q49001,1833,stop,2026-04-06,19:19:00,,
EARLSFIELD - GUILDFORD,Q38391,1833,stop,2026-04-03,19:19:00,,
EARLSFIELD - GUILDFORD,L74791,1833,stop,2026-04-04,19:19:00,,
EARLSFIELD - GUILDFORD,L74791,1833,stop,2026-04-11,19:19:00,,
EARLSFIELD - GUILDFORD,L74791,1833,stop,2026-04-25,19:19:00,,
EARLSFIELD - GUILDFORD,L74790,1833,stop,2026-04-28,19:20:00,,
EARLSFIELD - GUILDFORD,L74790,1833,stop,2026-04-16,19:20:00,,
EARLSFIELD - GUILDFORD,L74790,1833,stop,2026-04-30,19:20:00,,
EARLSFIELD - GUILDFORD,L74790,1833,stop,2026-04-06,19:20:00,,
EARLSFIELD - GUILDFORD,L74790,1833,stop,2026-04-29,19:20:00,,
EARLSFIELD - GUILDFORD,L74790,1833,stop,2026-04-17,19:20:00,,
EARLSFIELD - GUILDFORD,L74790,1833,stop,2026-04-02,19:20:00,,
EARLSFIELD - GUILDFORD,L74790,1833,stop,2026-04-20,19:20:00,,
EARLSFIELD - GUILDFORD,L74790,1833,stop,2026-04-14,19:20:00,,
EARLSFIELD - GUILDFORD,L74790,1833,stop,2026-04-27,19:20:00,,
EARLSFIELD - GUILDFORD,L74790,1833,stop,2026-04-15,19:20:00,,
EARLSFIELD - GUILDFORD,L74790,1833,stop,2026-04-09,19:20:00,,
EARLSFIELD - GUILDFORD,L74790,1833,stop,2026-04-21,19:20:00,,
EARLSFIELD - GUILDFORD,L74790,1833,stop,2026-04-08,19:20:00,,
EARLSFIELD - GUILDFORD,L74790,1833,stop,2026-04-01,19:20:00,,
EARLSFIELD - GUILDFORD,L74790,1833,stop,2026-04-13,19:20:00,,
EARLSFIELD - GUILDFORD,L74790,1833,stop,2026-04-03,19:20:00,,
EARLSFIELD - GUILDFORD,L74790,1833,stop,2026-04-22,19:20:00,,
EARLSFIELD - GUILDFORD,L74790,1833,stop,2026-04-24,19:20:00,,
EARLSFIELD - GUILDFORD,L74790,1833,stop,2026-04-23,19:20:00,,
EARLSFIELD - GUILDFORD,L74790,1833,stop,2026-04-10,19:20:00,,
EARLSFIELD - GUILDFORD,L74790,1833,stop,2026-04-07,19:20:00,,
GUILDFORD - WEYMOUTH,P61471,1848,pass,2026-04-26,19:21:00,,
EARLSFIELD - GUILDFORD (2),P61619,1832,stop,2026-04-05,19:21:00,,
EARLSFIELD - GUILDFORD (2),P61619,1832,stop,2026-04-19,19:21:00,,
EARLSFIELD - GUILDFORD (2),P61619,1832,stop,2026-04-26,19:21:00,,
EARLSFIELD - GUILDFORD (2),P61619,1832,stop,2026-04-12,19:21:00,,
PORTSMOUTH HARBOUR - SURBITON (2),L76260,1755,pass,2026-04-26,19:22:00,,
EFFINGHAM JUNCTION - WORCESTER PARK,Q54762,1915,stop,2026-04-12,19:24:00,,
GUILDFORD - EARLSFIELD,L74299,1920,stop,2026-04-05,19:24:00,,
GUILDFORD - EARLSFIELD,L74299,1920,stop,2026-04-19,19:24:00,,
GUILDFORD - EARLSFIELD,L74299,1920,stop,2026-04-26,19:24:00,,
GUILDFORD - EARLSFIELD,L74299,1920,stop,2026-04-12,19:24:00,,
EARLSFIELD - GUILDFORD (3),P61619,1832,stop,2026-04-19,19:25:00,,
EARLSFIELD - GUILDFORD (3),P61619,1832,stop,2026-04-05,19:25:00,,
EARLSFIELD - GUILDFORD (3),P61619,1832,stop,2026-04-26,19:25:00,,
EARLSFIELD - GUILDFORD (3),P61619,1832,stop,2026-04-12,19:25:00,,
WORCESTER PARK - EFFINGHAM JUNCTION,Q54800,1835,stop,2026-04-12,19:30:00,,
PORTSMOUTH HARBOUR - GUILDFORD,P61109,1815,pass,2026-04-24,19:33:00,,
PORTSMOUTH HARBOUR - GUILDFORD,P61109,1815,pass,2026-04-09,19:33:00,,
PORTSMOUTH HARBOUR - GUILDFORD,P61109,1815,pass,2026-04-17,19:33:00,,
PORTSMOUTH HARBOUR - GUILDFORD,P61109,1815,pass,2026-04-20,19:33:00,,
PORTSMOUTH HARBOUR - GUILDFORD,P61109,1815,pass,2026-04-10,19:33:00,,
HAVANT - GUILDFORD,P61109,1835,pass,2026-04-02,19:33:00,,
PORTSMOUTH HARBOUR - GUILDFORD,P61109,1815,pass,2026-04-07,19:33:00,,
PORTSMOUTH HARBOUR - GUILDFORD,P61109,1815,pass,2026-04-14,19:33:00,,
PORTSMOUTH HARBOUR - GUILDFORD,P61109,1815,pass,2026-04-27,19:33:00,,
PORTSMOUTH HARBOUR - GUILDFORD,P61109,1815,pass,2026-04-30,19:33:00,,
PORTSMOUTH HARBOUR - GUILDFORD,P61109,1815,pass,2026-04-23,19:33:00,,
PORTSMOUTH HARBOUR - GUILDFORD,P61109,1815,pass,2026-04-06,19:33:00,,
PORTSMOUTH HARBOUR - GUILDFORD,P61109,1815,pass,2026-04-29,19:33:00,,
PORTSMOUTH HARBOUR - GUILDFORD,P61109,1815,pass,2026-04-28,19:33:00,,
PORTSMOUTH HARBOUR - GUILDFORD,P61109,1815,pass,2026-04-22,19:33:00,,
PORTSMOUTH HARBOUR - GUILDFORD,P61109,1815,pass,2026-04-03,19:33:00,,
PORTSMOUTH HARBOUR - GUILDFORD,P61109,1815,pass,2026-04-16,19:33:00,,
HAVANT - GUILDFORD,P61109,1835,pass,2026-04-01,19:33:00,,
PORTSMOUTH HARBOUR - GUILDFORD,P61109,1815,pass,2026-04-21,19:33:00,,
PORTSMOUTH HARBOUR - GUILDFORD,P61109,1815,pass,2026-04-13,19:33:00,,
PORTSMOUTH HARBOUR - GUILDFORD,P61109,1815,pass,2026-04-15,19:33:00,,
PORTSMOUTH HARBOUR - GUILDFORD,P61109,1815,pass,2026-04-08,19:33:00,,
SURBITON - PORTSMOUTH HARBOUR (2),L76256,1902,pass,2026-04-26,19:35:00,,
GUILDFORD - EARLSFIELD (2),L74812,1934,stop,2026-04-06,19:38:00,,
GUILDFORD - EARLSFIELD (2),L74812,1934,stop,2026-04-14,19:38:00,,
GUILDFORD - EARLSFIELD (2),L74812,1934,stop,2026-04-08,19:38:00,,
GUILDFORD - EARLSFIELD (2),L74812,1934,stop,2026-04-20,19:38:00,,
GUILDFORD - EARLSFIELD (2),L74812,1934,stop,2026-04-02,19:38:00,,
GUILDFORD - EARLSFIELD (2),L74812,1934,stop,2026-04-29,19:38:00,,
GUILDFORD - EARLSFIELD (2),L74812,1934,stop,2026-04-07,19:38:00,,
GUILDFORD - EARLSFIELD (2),Q48739,1934,stop,2026-04-06,19:38:00,,
GUILDFORD - EARLSFIELD (2),L74812,1934,stop,2026-04-10,19:38:00,,
GUILDFORD - EARLSFIELD (2),L74812,1934,stop,2026-04-09,19:38:00,,
GUILDFORD - EARLSFIELD (2),L74812,1934,stop,2026-04-27,19:38:00,,
GUILDFORD - EARLSFIELD (2),L74812,1934,stop,2026-04-16,19:38:00,,
GUILDFORD - EARLSFIELD (2),L74813,1934,stop,2026-04-18,19:38:00,,
GUILDFORD - EARLSFIELD (2),L74812,1934,stop,2026-04-17,19:38:00,,
GUILDFORD - EARLSFIELD (2),L74812,1934,stop,2026-04-28,19:38:00,,
GUILDFORD - EARLSFIELD (2),L74812,1934,stop,2026-04-23,19:38:00,,
GUILDFORD - EARLSFIELD (2),L74812,1934,stop,2026-04-15,19:38:00,,
GUILDFORD - EARLSFIELD (2),L74812,1934,stop,2026-04-24,19:38:00,,
GUILDFORD - EARLSFIELD (2),L74812,1934,stop,2026-04-22,19:38:00,,
GUILDFORD - EARLSFIELD (2),L74812,1934,stop,2026-04-01,19:38:00,,
GUILDFORD - EARLSFIELD (2),L74813,1934,stop,2026-04-11,19:38:00,,
GUILDFORD - EARLSFIELD (2),L74812,1934,stop,2026-04-13,19:38:00,,
GUILDFORD - EARLSFIELD (2),Q88838,1934,stop,2026-04-03,19:38:00,,
GUILDFORD - EARLSFIELD (2),L74812,1934,stop,2026-04-30,19:38:00,,
GUILDFORD - EARLSFIELD (2),L74813,1934,stop,2026-04-04,19:38:00,,
GUILDFORD - EARLSFIELD (2),L74812,1934,stop,2026-04-03,19:38:00,,
GUILDFORD - EARLSFIELD (2),L74813,1934,stop,2026-04-25,19:38:00,,
GUILDFORD - EARLSFIELD (2),L74812,1934,stop,2026-04-21,19:38:00,,
GUILDFORD - EARLSFIELD,L74299,1920,stop,2026-04-26,19:39:00,,
GUILDFORD - EARLSFIELD,L74299,1920,stop,2026-04-12,19:39:00,,
GUILDFORD - EARLSFIELD,L74299,1920,stop,2026-04-19,19:39:00,,
GUILDFORD - EARLSFIELD,L74299,1920,stop,2026-04-05,19:39:00,,
EARLSFIELD - GUILDFORD (2),P61618,1853,stop,2026-04-04,19:41:00,,
EARLSFIELD - GUILDFORD (2),P61618,1853,stop,2026-04-25,19:41:00,,
EARLSFIELD - GUILDFORD (2),Q48925,1853,stop,2026-04-06,19:41:00,,
EARLSFIELD - GUILDFORD (2),P61618,1853,stop,2026-04-11,19:41:00,,
EARLSFIELD - GUILDFORD (2),Q38377,1853,stop,2026-04-03,19:41:00,,
EARLSFIELD - GUILDFORD (2),P61618,1853,stop,2026-04-18,19:41:00,,
GUILDFORD - EARLSFIELD (4),L74814,1939,stop,2026-04-05,19:43:00,,
EARLSFIELD - GUILDFORD (3),Q48925,1853,stop,2026-04-06,19:45:00,,
EARLSFIELD - GUILDFORD (3),P61618,1853,stop,2026-04-04,19:45:00,,
EARLSFIELD - GUILDFORD (3),P61618,1853,stop,2026-04-11,19:45:00,,
EARLSFIELD - GUILDFORD (4),L74797,1857,stop,2026-04-05,19:45:00,,
EARLSFIELD - GUILDFORD (3),Q38377,1853,stop,2026-04-03,19:45:00,,
EARLSFIELD - GUILDFORD (3),P61618,1853,stop,2026-04-25,19:45:00,,
EARLSFIELD - GUILDFORD (3),P61618,1853,stop,2026-04-18,19:45:00,,
EARLSFIELD - GUILDFORD (2),P61617,1853,stop,2026-04-17,19:46:00,,
EARLSFIELD - GUILDFORD (2),P61617,1853,stop,2026-04-21,19:46:00,,
EARLSFIELD - GUILDFORD (2),P61617,1853,stop,2026-04-20,19:46:00,,
EARLSFIELD - GUILDFORD (2),P61617,1853,stop,2026-04-14,19:46:00,,
EARLSFIELD - GUILDFORD (2),P61617,1853,stop,2026-04-22,19:46:00,,
EARLSFIELD - GUILDFORD (2),P61617,1853,stop,2026-04-13,19:46:00,,
EARLSFIELD - GUILDFORD (2),P61617,1853,stop,2026-04-16,19:46:00,,
EARLSFIELD - GUILDFORD (2),P61617,1853,stop,2026-04-15,19:46:00,,
EARLSFIELD - GUILDFORD (2),P61617,1853,stop,2026-04-06,19:46:00,,
EARLSFIELD - GUILDFORD (2),P61617,1853,stop,2026-04-09,19:46:00,,
EARLSFIELD - GUILDFORD (2),P61617,1853,stop,2026-04-29,19:46:00,,
EARLSFIELD - GUILDFORD (2),P61617,1853,stop,2026-04-28,19:46:00,,
EARLSFIELD - GUILDFORD (2),P61617,1853,stop,2026-04-01,19:46:00,,
EARLSFIELD - GUILDFORD (2),P61617,1853,stop,2026-04-08,19:46:00,,
EARLSFIELD - GUILDFORD (2),P61617,1853,stop,2026-04-27,19:46:00,,
EARLSFIELD - GUILDFORD (2),P61617,1853,stop,2026-04-24,19:46:00,,
EARLSFIELD - GUILDFORD (2),P61617,1853,stop,2026-04-02,19:46:00,,
EARLSFIELD - GUILDFORD (2),P61617,1853,stop,2026-04-30,19:46:00,,
EARLSFIELD - GUILDFORD (2),P61617,1853,stop,2026-04-03,19:46:00,,
EARLSFIELD - GUILDFORD (2),P61617,1853,stop,2026-04-23,19:46:00,,
EARLSFIELD - GUILDFORD (2),P61617,1853,stop,2026-04-07,19:46:00,,
PORTSMOUTH HARBOUR - SURBITON,L73496,1832,pass,2026-04-26,19:46:00,,
EARLSFIELD - GUILDFORD (2),P61617,1853,stop,2026-04-10,19:46:00,,
EARLSFIELD - GUILDFORD,L74795,1903,stop,2026-04-01,19:48:00,,
EARLSFIELD - GUILDFORD,L74795,1903,stop,2026-04-16,19:48:00,,
EARLSFIELD - GUILDFORD,L74795,1903,stop,2026-04-02,19:48:00,,
EARLSFIELD - GUILDFORD,L74795,1903,stop,2026-04-10,19:48:00,,
EARLSFIELD - GUILDFORD,L74795,1903,stop,2026-04-13,19:48:00,,
EARLSFIELD - GUILDFORD,L74795,1903,stop,2026-04-17,19:48:00,,
EARLSFIELD - GUILDFORD,L74795,1903,stop,2026-04-24,19:48:00,,
EARLSFIELD - GUILDFORD,L74795,1903,stop,2026-04-06,19:48:00,,
EARLSFIELD - GUILDFORD,L74795,1903,stop,2026-04-30,19:48:00,,
EARLSFIELD - GUILDFORD,L74795,1903,stop,2026-04-29,19:48:00,,
EARLSFIELD - GUILDFORD,L74795,1903,stop,2026-04-21,19:48:00,,
EARLSFIELD - GUILDFORD,L74795,1903,stop,2026-04-03,19:48:00,,
EARLSFIELD - GUILDFORD,L74795,1903,stop,2026-04-08,19:48:00,,
EARLSFIELD - GUILDFORD,L74795,1903,stop,2026-04-07,19:48:00,,
EARLSFIELD - GUILDFORD,L74795,1903,stop,2026-04-28,19:48:00,,
EARLSFIELD - GUILDFORD,L74795,1903,stop,2026-04-27,19:48:00,,
EARLSFIELD - GUILDFORD,L74795,1903,stop,2026-04-23,19:48:00,,
EARLSFIELD - GUILDFORD,L74795,1903,stop,2026-04-15,19:48:00,,
EARLSFIELD - GUILDFORD,L74795,1903,stop,2026-04-22,19:48:00,,
EARLSFIELD - GUILDFORD,L74795,1903,stop,2026-04-14,19:48:00,,
EARLSFIELD - GUILDFORD,L74795,1903,stop,2026-04-20,19:48:00,,
EARLSFIELD - GUILDFORD,L74795,1903,stop,2026-04-09,19:48:00,,
GUILDFORD - EARLSFIELD,L74303,1945,stop,2026-04-28,19:49:00,,
GUILDFORD - EARLSFIELD,L74303,1945,stop,2026-04-24,19:49:00,,
EARLSFIELD - GUILDFORD,L74796,1903,stop,2026-04-11,19:49:00,,
EARLSFIELD - GUILDFORD,Q38368,1903,stop,2026-04-03,19:49:00,,
GUILDFORD - EARLSFIELD,L74303,1945,stop,2026-04-22,19:49:00,,
GUILDFORD - EARLSFIELD,L74303,1945,stop,2026-04-27,19:49:00,,
GUILDFORD - EARLSFIELD,L74303,1945,stop,2026-04-16,19:49:00,,
GUILDFORD - EARLSFIELD,L74304,1945,stop,2026-04-18,19:49:00,,
EARLSFIELD - GUILDFORD,Q48802,1903,stop,2026-04-06,19:49:00,,
GUILDFORD - EARLSFIELD,L74303,1945,stop,2026-04-07,19:49:00,,
GUILDFORD - EARLSFIELD,L74303,1945,stop,2026-04-23,19:49:00,,
GUILDFORD - EARLSFIELD,L74303,1945,stop,2026-04-08,19:49:00,,
GUILDFORD - EARLSFIELD,L74303,1945,stop,2026-04-20,19:49:00,,
EARLSFIELD - GUILDFORD,L74796,1903,stop,2026-04-04,19:49:00,,
GUILDFORD - EARLSFIELD,L74303,1945,stop,2026-04-09,19:49:00,,
GUILDFORD - EARLSFIELD,L74303,1945,stop,2026-04-17,19:49:00,,
GUILDFORD - EARLSFIELD,L74303,1945,stop,2026-04-02,19:49:00,,
GUILDFORD - EARLSFIELD,L74303,1945,stop,2026-04-15,19:49:00,,
GUILDFORD - EARLSFIELD,L74303,1945,stop,2026-04-01,19:49:00,,
EARLSFIELD - GUILDFORD,L74796,1903,stop,2026-04-25,19:49:00,,
GUILDFORD - EARLSFIELD,Q38337,1945,stop,2026-04-03,19:49:00,,
GUILDFORD - EARLSFIELD,Q48717,1945,stop,2026-04-06,19:49:00,,
GUILDFORD - EARLSFIELD,L74304,1945,stop,2026-04-25,19:49:00,,
GUILDFORD - EARLSFIELD,L74303,1945,stop,2026-04-13,19:49:00,,
GUILDFORD - EARLSFIELD,L74303,1945,stop,2026-04-10,19:49:00,,
GUILDFORD - EARLSFIELD,L74303,1945,stop,2026-04-30,19:49:00,,
GUILDFORD - EARLSFIELD,L74304,1945,stop,2026-04-11,19:49:00,,
GUILDFORD - EARLSFIELD,L74304,1945,stop,2026-04-04,19:49:00,,
GUILDFORD - EARLSFIELD,L74303,1945,stop,2026-04-21,19:49:00,,
GUILDFORD - EARLSFIELD,L74303,1945,stop,2026-04-14,19:49:00,,
GUILDFORD - EARLSFIELD,L74303,1945,stop,2026-04-06,19:49:00,,
GUILDFORD - EARLSFIELD,L74303,1945,stop,2026-04-29,19:49:00,,
EARLSFIELD - GUILDFORD,L74796,1903,stop,2026-04-18,19:49:00,,
GUILDFORD - EARLSFIELD,L74303,1945,stop,2026-04-03,19:49:00,,
EARLSFIELD - GUILDFORD,L74797,1906,stop,2026-04-26,19:50:00,,
EARLSFIELD - GUILDFORD,L74797,1906,stop,2026-04-19,19:50:00,,
EARLSFIELD - GUILDFORD (3),P61617,1853,stop,2026-04-29,19:52:00,,
EARLSFIELD - GUILDFORD (3),P61617,1853,stop,2026-04-30,19:52:00,,
EARLSFIELD - GUILDFORD (3),P61617,1853,stop,2026-04-14,19:52:00,,
EARLSFIELD - GUILDFORD (3),P61617,1853,stop,2026-04-17,19:52:00,,
EARLSFIELD - GUILDFORD (3),P61617,1853,stop,2026-04-06,19:52:00,,
EARLSFIELD - GUILDFORD (3),P61617,1853,stop,2026-04-01,19:52:00,,
EARLSFIELD - GUILDFORD (3),P61617,1853,stop,2026-04-02,19:52:00,,
EARLSFIELD - GUILDFORD (3),P61617,1853,stop,2026-04-08,19:52:00,,
EARLSFIELD - GUILDFORD (3),P61617,1853,stop,2026-04-27,19:52:00,,
EARLSFIELD - GUILDFORD (3),P61617,1853,stop,2026-04-13,19:52:00,,
EARLSFIELD - GUILDFORD (3),P61617,1853,stop,2026-04-28,19:52:00,,
EARLSFIELD - GUILDFORD (3),P61617,1853,stop,2026-04-03,19:52:00,,
EARLSFIELD - GUILDFORD (3),P61617,1853,stop,2026-04-22,19:52:00,,
EARLSFIELD - GUILDFORD (3),P61617,1853,stop,2026-04-09,19:52:00,,
EARLSFIELD - GUILDFORD (3),P61617,1853,stop,2026-04-07,19:52:00,,
EARLSFIELD - GUILDFORD (3),P61617,1853,stop,2026-04-21,19:52:00,,
EARLSFIELD - GUILDFORD,L74797,1906,stop,2026-04-12,19:52:00,,
EARLSFIELD - GUILDFORD (3),P61617,1853,stop,2026-04-15,19:52:00,,
EARLSFIELD - GUILDFORD (3),P61617,1853,stop,2026-04-16,19:52:00,,
EARLSFIELD - GUILDFORD (3),P61617,1853,stop,2026-04-23,19:52:00,,
EARLSFIELD - GUILDFORD (3),P61617,1853,stop,2026-04-24,19:52:00,,
EARLSFIELD - GUILDFORD (3),P61617,1853,stop,2026-04-10,19:52:00,,
EARLSFIELD - GUILDFORD (3),P61617,1853,stop,2026-04-20,19:52:00,,
GUILDFORD - EARLSFIELD (2),L74814,1950,stop,2026-04-12,19:54:00,,
GUILDFORD - EARLSFIELD (2),L74814,1950,stop,2026-04-26,19:54:00,,
GUILDFORD - EARLSFIELD (2),L74814,1950,stop,2026-04-19,19:54:00,,
WEYMOUTH - GUILDFORD,P61474,1648,pass,2026-04-26,19:57:00,,
SURBITON - PORTSMOUTH HARBOUR,L73490,1928H,pass,2026-04-26,19:59:00,,
GUILDFORD - EARLSFIELD,L74303,1945,stop,2026-04-22,20:05:00,,
GUILDFORD - EARLSFIELD,L74304,1945,stop,2026-04-11,20:05:00,,
GUILDFORD - EARLSFIELD,L74303,1945,stop,2026-04-29,20:05:00,,
GUILDFORD - EARLSFIELD,Q48717,1945,stop,2026-04-06,20:05:00,,
GUILDFORD - EARLSFIELD,L74303,1945,stop,2026-04-07,20:05:00,,
GUILDFORD - EARLSFIELD,L74303,1945,stop,2026-04-14,20:05:00,,
GUILDFORD - EARLSFIELD,L74303,1945,stop,2026-04-27,20:05:00,,
GUILDFORD - EARLSFIELD,L74303,1945,stop,2026-04-30,20:05:00,,
GUILDFORD - EARLSFIELD,L74304,1945,stop,2026-04-04,20:05:00,,
GUILDFORD - EARLSFIELD,L74303,1945,stop,2026-04-15,20:05:00,,
GUILDFORD - EARLSFIELD,L74303,1945,stop,2026-04-08,20:05:00,,
GUILDFORD - EARLSFIELD,L74303,1945,stop,2026-04-21,20:05:00,,
GUILDFORD - EARLSFIELD,L74303,1945,stop,2026-04-13,20:05:00,,
GUILDFORD - EARLSFIELD,L74303,1945,stop,2026-04-06,20:05:00,,
GUILDFORD - EARLSFIELD,L74303,1945,stop,2026-04-23,20:05:00,,
GUILDFORD - EARLSFIELD,Q38337,1945,stop,2026-04-03,20:05:00,,
GUILDFORD - EARLSFIELD,L74303,1945,stop,2026-04-28,20:05:00,,
GUILDFORD - EARLSFIELD,L74303,1945,stop,2026-04-03,20:05:00,,
GUILDFORD - EARLSFIELD,L74303,1945,stop,2026-04-24,20:05:00,,
GUILDFORD - EARLSFIELD,L74304,1945,stop,2026-04-18,20:05:00,,
GUILDFORD - EARLSFIELD,L74303,1945,stop,2026-04-17,20:05:00,,
GUILDFORD - EARLSFIELD,L74304,1945,stop,2026-04-25,20:05:00,,
GUILDFORD - EARLSFIELD,L74303,1945,stop,2026-04-09,20:05:00,,
GUILDFORD - EARLSFIELD,L74303,1945,stop,2026-04-02,20:05:00,,
GUILDFORD - EARLSFIELD,L74303,1945,stop,2026-04-01,20:05:00,,
GUILDFORD - EARLSFIELD,L74303,1945,stop,2026-04-20,20:05:00,,
GUILDFORD - EARLSFIELD,L74303,1945,stop,2026-04-10,20:05:00,,
GUILDFORD - EARLSFIELD,L74303,1945,stop,2026-04-16,20:05:00,,
GUILDFORD - EARLSFIELD (2),L74818,2004,stop,2026-04-20,20:08:00,,
GUILDFORD - EARLSFIELD (2),L74818,2004,stop,2026-04-07,20:08:00,,
GUILDFORD - EARLSFIELD (2),L74819,2004,stop,2026-04-04,20:08:00,,
GUILDFORD - EARLSFIELD (2),L74818,2004,stop,2026-04-01,20:08:00,,
GUILDFORD - EARLSFIELD (2),L74818,2004,stop,2026-04-02,20:08:00,,
GUILDFORD - EARLSFIELD (2),L74818,2004,stop,2026-04-22,20:08:00,,
GUILDFORD - EARLSFIELD (2),L74818,2004,stop,2026-04-17,20:08:00,,
GUILDFORD - EARLSFIELD (2),L74819,2004,stop,2026-04-18,20:08:00,,
GUILDFORD - EARLSFIELD (2),L74818,2004,stop,2026-04-21,20:08:00,,
GUILDFORD - EARLSFIELD (2),L74818,2004,stop,2026-04-08,20:08:00,,
GUILDFORD - EARLSFIELD (2),L74818,2004,stop,2026-04-13,20:08:00,,
GUILDFORD - EARLSFIELD (2),L74818,2004,stop,2026-04-23,20:08:00,,
GUILDFORD - EARLSFIELD (2),L74818,2004,stop,2026-04-14,20:08:00,,
GUILDFORD - EARLSFIELD (2),L74818,2004,stop,2026-04-27,20:08:00,,
GUILDFORD - EARLSFIELD (2),L74818,2004,stop,2026-04-29,20:08:00,,
GUILDFORD - EARLSFIELD (2),L74818,2004,stop,2026-04-03,20:08:00,,
GUILDFORD - EARLSFIELD (2),L74818,2004,stop,2026-04-10,20:08:00,,
GUILDFORD - EARLSFIELD (2),L74819,2004,stop,2026-04-25,20:08:00,,
GUILDFORD - EARLSFIELD (2),L74818,2004,stop,2026-04-15,20:08:00,,
GUILDFORD - EARLSFIELD (2),L74818,2004,stop,2026-04-06,20:08:00,,
GUILDFORD - EARLSFIELD (2),Q48610,2004,stop,2026-04-06,20:08:00,,
GUILDFORD - EARLSFIELD (2),Q38321,2004,stop,2026-04-03,20:08:00,,
GUILDFORD - EARLSFIELD (2),L74818,2004,stop,2026-04-30,20:08:00,,
GUILDFORD - EARLSFIELD (2),L74818,2004,stop,2026-04-16,20:08:00,,
GUILDFORD - EARLSFIELD (2),L74818,2004,stop,2026-04-24,20:08:00,,
GUILDFORD - EARLSFIELD (2),L74819,2004,stop,2026-04-11,20:08:00,,
GUILDFORD - EARLSFIELD (2),L74818,2004,stop,2026-04-09,20:08:00,,
GUILDFORD - EARLSFIELD (2),L74818,2004,stop,2026-04-28,20:08:00,,
EFFINGHAM JUNCTION - WORCESTER PARK,Q54761,2015,stop,2026-04-12,20:15:00,,
EARLSFIELD - GUILDFORD,L74800,1933,stop,2026-04-22,20:19:00,,
EARLSFIELD - GUILDFORD,L74800,1933,stop,2026-04-02,20:19:00,,
EARLSFIELD - GUILDFORD,L74801,1933,stop,2026-04-11,20:19:00,,
EARLSFIELD - GUILDFORD,L74800,1933,stop,2026-04-28,20:19:00,,
EARLSFIELD - GUILDFORD,L74800,1933,stop,2026-04-09,20:19:00,,
EARLSFIELD - GUILDFORD,L74800,1933,stop,2026-04-07,20:19:00,,
EARLSFIELD - GUILDFORD,L74800,1933,stop,2026-04-27,20:19:00,,
EARLSFIELD - GUILDFORD,L74800,1933,stop,2026-04-15,20:19:00,,
EARLSFIELD - GUILDFORD,L74800,1933,stop,2026-04-23,20:19:00,,
EARLSFIELD - GUILDFORD,L74800,1933,stop,2026-04-29,20:19:00,,
EARLSFIELD - GUILDFORD,L74800,1933,stop,2026-04-16,20:19:00,,
EARLSFIELD - GUILDFORD,L74800,1933,stop,2026-04-08,20:19:00,,
EARLSFIELD - GUILDFORD,Q38345,1933,stop,2026-04-03,20:19:00,,
EARLSFIELD - GUILDFORD,L74800,1933,stop,2026-04-03,20:19:00,,
EARLSFIELD - GUILDFORD,L74800,1933,stop,2026-04-10,20:19:00,,
EARLSFIELD - GUILDFORD,L74800,1933,stop,2026-04-21,20:19:00,,
EARLSFIELD - GUILDFORD,L74800,1933,stop,2026-04-24,20:19:00,,
EARLSFIELD - GUILDFORD,L74800,1933,stop,2026-04-13,20:19:00,,
EARLSFIELD - GUILDFORD,L74800,1933,stop,2026-04-14,20:19:00,,
EARLSFIELD - GUILDFORD,L74801,1933,stop,2026-04-25,20:19:00,,
EARLSFIELD - GUILDFORD,L74800,1933,stop,2026-04-30,20:19:00,,
EARLSFIELD - GUILDFORD,L74800,1933,stop,2026-04-17,20:19:00,,
EARLSFIELD - GUILDFORD,L74801,1933,stop,2026-04-18,20:19:00,,
EARLSFIELD - GUILDFORD,Q48742,1933,stop,2026-04-06,20:19:00,,
EARLSFIELD - GUILDFORD,L74800,1933,stop,2026-04-06,20:19:00,,
EARLSFIELD - GUILDFORD,L74800,1933,stop,2026-04-20,20:19:00,,
EARLSFIELD - GUILDFORD,L74801,1933,stop,2026-04-04,20:19:00,,
EARLSFIELD - GUILDFORD,L74800,1933,stop,2026-04-01,20:19:00,,
EARLSFIELD - GUILDFORD (2),P61622,1932,stop,2026-04-26,20:21:00,,
EARLSFIELD - GUILDFORD (2),P61622,1932,stop,2026-04-19,20:21:00,,
EARLSFIELD - GUILDFORD (2),P61622,1932,stop,2026-04-12,20:21:00,,
EARLSFIELD - GUILDFORD (2),P61622,1932,stop,2026-04-05,20:21:00,,
GUILDFORD - WEYMOUTH,P61479,1948,pass,2026-04-26,20:21:00,,
PORTSMOUTH HARBOUR - SURBITON (2),L76266,1856,pass,2026-04-26,20:22:00,,
GUILDFORD - EARLSFIELD,L74305,2020,stop,2026-04-05,20:24:00,,
GUILDFORD - EARLSFIELD,L74305,2020,stop,2026-04-19,20:24:00,,
EFFINGHAM JUNCTION - WORCESTER PARK,Q54761,2015,stop,2026-04-12,20:24:00,,
GUILDFORD - EARLSFIELD,L74305,2020,stop,2026-04-12,20:24:00,,
GUILDFORD - EARLSFIELD,L74305,2020,stop,2026-04-26,20:24:00,,
EARLSFIELD - GUILDFORD (3),P61622,1932,stop,2026-04-12,20:25:00,,
EARLSFIELD - GUILDFORD (3),P61622,1932,stop,2026-04-26,20:25:00,,
EARLSFIELD - GUILDFORD (3),P61622,1932,stop,2026-04-05,20:25:00,,
EARLSFIELD - GUILDFORD (3),P61622,1932,stop,2026-04-19,20:25:00,,
WORCESTER PARK - EFFINGHAM JUNCTION,Q54799,1935,stop,2026-04-12,20:30:00,,
HASLEMERE - HASLEMERE,Q89075,1954,pass,2026-04-02,20:31:00,,
HASLEMERE - HASLEMERE,Q89075,1954,pass,2026-04-01,20:31:00,,
SURBITON - PORTSMOUTH HARBOUR (2),L76261,2002,pass,2026-04-26,20:35:00,,
GUILDFORD - EARLSFIELD (2),L74822,2034,stop,2026-04-02,20:38:00,,
GUILDFORD - EARLSFIELD (2),L74822,2034,stop,2026-04-17,20:38:00,,
GUILDFORD - EARLSFIELD (2),L74822,2034,stop,2026-04-22,20:38:00,,
GUILDFORD - EARLSFIELD (2),L74822,2034,stop,2026-04-23,20:38:00,,
GUILDFORD - EARLSFIELD (2),L74822,2034,stop,2026-04-20,20:38:00,,
GUILDFORD - EARLSFIELD (2),L74822,2034,stop,2026-04-01,20:38:00,,
GUILDFORD - EARLSFIELD (2),Q48550,2034,stop,2026-04-06,20:38:00,,
GUILDFORD - EARLSFIELD (2),L74822,2034,stop,2026-04-14,20:38:00,,
GUILDFORD - EARLSFIELD (2),L74822,2034,stop,2026-04-06,20:38:00,,
GUILDFORD - EARLSFIELD (2),L74823,2034,stop,2026-04-11,20:38:00,,
GUILDFORD - EARLSFIELD (2),L74822,2034,stop,2026-04-29,20:38:00,,
GUILDFORD - EARLSFIELD (2),L74823,2034,stop,2026-04-18,20:38:00,,
GUILDFORD - EARLSFIELD (2),L74822,2034,stop,2026-04-07,20:38:00,,
GUILDFORD - EARLSFIELD (2),L74823,2034,stop,2026-04-25,20:38:00,,
GUILDFORD - EARLSFIELD (2),L74823,2034,stop,2026-04-04,20:38:00,,
GUILDFORD - EARLSFIELD (2),L74822,2034,stop,2026-04-27,20:38:00,,
GUILDFORD - EARLSFIELD (2),L74822,2034,stop,2026-04-30,20:38:00,,
GUILDFORD - EARLSFIELD (2),L74822,2034,stop,2026-04-15,20:38:00,,
GUILDFORD - EARLSFIELD (2),Q88837,2034,stop,2026-04-03,20:38:00,,
GUILDFORD - EARLSFIELD (2),L74822,2034,stop,2026-04-28,20:38:00,,
GUILDFORD - EARLSFIELD (2),L74822,2034,stop,2026-04-03,20:38:00,,
GUILDFORD - EARLSFIELD (2),L74822,2034,stop,2026-04-08,20:38:00,,
GUILDFORD - EARLSFIELD (2),L74822,2034,stop,2026-04-16,20:38:00,,
GUILDFORD - EARLSFIELD (2),L74822,2034,stop,2026-04-24,20:38:00,,
GUILDFORD - EARLSFIELD (2),L74822,2034,stop,2026-04-21,20:38:00,,
GUILDFORD - EARLSFIELD (2),L74822,2034,stop,2026-04-10,20:38:00,,
GUILDFORD - EARLSFIELD (2),L74822,2034,stop,2026-04-09,20:38:00,,
GUILDFORD - EARLSFIELD (2),L74822,2034,stop,2026-04-13,20:38:00,,
GUILDFORD - EARLSFIELD,L74305,2020,stop,2026-04-05,20:39:00,,
GUILDFORD - EARLSFIELD,L74305,2020,stop,2026-04-12,20:39:00,,
GUILDFORD - EARLSFIELD,L74305,2020,stop,2026-04-26,20:39:00,,
GUILDFORD - EARLSFIELD,L74305,2020,stop,2026-04-19,20:39:00,,
EARLSFIELD - GUILDFORD (2),P61621,1953,stop,2026-04-04,20:41:00,,
EARLSFIELD - GUILDFORD (2),P61620,1953,stop,2026-04-21,20:41:00,,
EARLSFIELD - GUILDFORD (2),Q38332,1953,stop,2026-04-03,20:41:00,,
EARLSFIELD - GUILDFORD (2),P61620,1953,stop,2026-04-17,20:41:00,,
EARLSFIELD - GUILDFORD (2),P61620,1953,stop,2026-04-23,20:41:00,,
EARLSFIELD - GUILDFORD (2),P61620,1953,stop,2026-04-22,20:41:00,,
EARLSFIELD - GUILDFORD (2),P61620,1953,stop,2026-04-13,20:41:00,,
EARLSFIELD - GUILDFORD (2),P61621,1953,stop,2026-04-11,20:41:00,,
EARLSFIELD - GUILDFORD (2),P61620,1953,stop,2026-04-06,20:41:00,,
EARLSFIELD - GUILDFORD (2),P61620,1953,stop,2026-04-30,20:41:00,,
EARLSFIELD - GUILDFORD (2),Q48635,1953,stop,2026-04-06,20:41:00,,
EARLSFIELD - GUILDFORD (2),P61621,1953,stop,2026-04-18,20:41:00,,
EARLSFIELD - GUILDFORD (2),P61620,1953,stop,2026-04-01,20:41:00,,
EARLSFIELD - GUILDFORD (2),P61620,1953,stop,2026-04-09,20:41:00,,
EARLSFIELD - GUILDFORD (2),P61620,1953,stop,2026-04-20,20:41:00,,
EARLSFIELD - GUILDFORD (2),P61620,1953,stop,2026-04-07,20:41:00,,
EARLSFIELD - GUILDFORD (2),P61620,1953,stop,2026-04-02,20:41:00,,
EARLSFIELD - GUILDFORD (2),P61620,1953,stop,2026-04-16,20:41:00,,
EARLSFIELD - GUILDFORD (2),P61620,1953,stop,2026-04-15,20:41:00,,
EARLSFIELD - GUILDFORD (2),P61620,1953,stop,2026-04-03,20:41:00,,
EARLSFIELD - GUILDFORD (2),P61620,1953,stop,2026-04-24,20:41:00,,
EARLSFIELD - GUILDFORD (2),P61620,1953,stop,2026-04-10,20:41:00,,
EARLSFIELD - GUILDFORD (2),P61620,1953,stop,2026-04-28,20:41:00,,
EARLSFIELD - GUILDFORD (2),P61620,1953,stop,2026-04-27,20:41:00,,
EARLSFIELD - GUILDFORD (2),P61620,1953,stop,2026-04-14,20:41:00,,
EARLSFIELD - GUILDFORD (2),P61621,1953,stop,2026-04-25,20:41:00,,
EARLSFIELD - GUILDFORD (2),P61620,1953,stop,2026-04-08,20:41:00,,
EARLSFIELD - GUILDFORD (2),P61620,1953,stop,2026-04-29,20:41:00,,
GUILDFORD - EARLSFIELD (4),L74824,2039,stop,2026-04-05,20:43:00,,
EARLSFIELD - GUILDFORD (3),P61620,1953,stop,2026-04-14,20:45:00,,
EARLSFIELD - GUILDFORD (3),P61620,1953,stop,2026-04-27,20:45:00,,
EARLSFIELD - GUILDFORD (3),P61621,1953,stop,2026-04-04,20:45:00,,
EARLSFIELD - GUILDFORD (3),P61620,1953,stop,2026-04-01,20:45:00,,
EARLSFIELD - GUILDFORD (3),P61621,1953,stop,2026-04-25,20:45:00,,
EARLSFIELD - GUILDFORD (3),P61620,1953,stop,2026-04-30,20:45:00,,
EARLSFIELD - GUILDFORD (3),P61620,1953,stop,2026-04-29,20:45:00,,
EARLSFIELD - GUILDFORD (3),P61620,1953,stop,2026-04-09,20:45:00,,
EARLSFIELD - GUILDFORD (3),P61620,1953,stop,2026-04-10,20:45:00,,
EARLSFIELD - GUILDFORD (3),P61621,1953,stop,2026-04-18,20:45:00,,
EARLSFIELD - GUILDFORD (3),P61620,1953,stop,2026-04-17,20:45:00,,
EARLSFIELD - GUILDFORD (3),P61620,1953,stop,2026-04-03,20:45:00,,
EARLSFIELD - GUILDFORD (3),P61621,1953,stop,2026-04-11,20:45:00,,
EARLSFIELD - GUILDFORD (3),P61620,1953,stop,2026-04-23,20:45:00,,
EARLSFIELD - GUILDFORD (3),P61620,1953,stop,2026-04-22,20:45:00,,
EARLSFIELD - GUILDFORD (3),P61620,1953,stop,2026-04-21,20:45:00,,
EARLSFIELD - GUILDFORD (3),P61620,1953,stop,2026-04-24,20:45:00,,
EARLSFIELD - GUILDFORD (3),P61620,1953,stop,2026-04-28,20:45:00,,
EARLSFIELD - GUILDFORD (3),Q38332,1953,stop,2026-04-03,20:45:00,,
EARLSFIELD - GUILDFORD (3),P61620,1953,stop,2026-04-08,20:45:00,,
EARLSFIELD - GUILDFORD (3),P61620,1953,stop,2026-04-16,20:45:00,,
EARLSFIELD - GUILDFORD (3),P61620,1953,stop,2026-04-07,20:45:00,,
EARLSFIELD - GUILDFORD (3),Q48635,1953,stop,2026-04-06,20:45:00,,
EARLSFIELD - GUILDFORD (3),P61620,1953,stop,2026-04-13,20:45:00,,
EARLSFIELD - GUILDFORD (3),P61620,1953,stop,2026-04-20,20:45:00,,
EARLSFIELD - GUILDFORD (4),L74807,1957,stop,2026-04-05,20:45:00,,
EARLSFIELD - GUILDFORD (3),P61620,1953,stop,2026-04-06,20:45:00,,
EARLSFIELD - GUILDFORD (3),P61620,1953,stop,2026-04-02,20:45:00,,
EARLSFIELD - GUILDFORD (3),P61620,1953,stop,2026-04-15,20:45:00,,
PORTSMOUTH HARBOUR - SURBITON,P61341,1932,pass,2026-04-26,20:46:00,,
EARLSFIELD - GUILDFORD,P61738,2003,stop,2026-04-03,20:49:00,,
GUILDFORD - EARLSFIELD,L74309,2045,stop,2026-04-03,20:49:00,,
EARLSFIELD - GUILDFORD,Q48614,2003,stop,2026-04-06,20:49:00,,
GUILDFORD - EARLSFIELD,L74309,2045,stop,2026-04-16,20:49:00,,
EARLSFIELD - GUILDFORD,P61738,2003,stop,2026-04-06,20:49:00,,
GUILDFORD - EARLSFIELD,L74309,2045,stop,2026-04-17,20:49:00,,
GUILDFORD - EARLSFIELD,L74309,2045,stop,2026-04-09,20:49:00,,
EARLSFIELD - GUILDFORD,P61738,2003,stop,2026-04-15,20:49:00,,
GUILDFORD - EARLSFIELD,Q38290,2045,stop,2026-04-03,20:49:00,,
EARLSFIELD - GUILDFORD,P61738,2003,stop,2026-04-13,20:49:00,,
GUILDFORD - EARLSFIELD,P61629,2045,stop,2026-04-11,20:49:00,,
EARLSFIELD - GUILDFORD,P61738,2003,stop,2026-04-07,20:49:00,,
EARLSFIELD - GUILDFORD,P61738,2003,stop,2026-04-22,20:49:00,,
GUILDFORD - EARLSFIELD,L74309,2045,stop,2026-04-14,20:49:00,,
GUILDFORD - EARLSFIELD,P61629,2045,stop,2026-04-04,20:49:00,,
GUILDFORD - EARLSFIELD,L74309,2045,stop,2026-04-20,20:49:00,,
EARLSFIELD - GUILDFORD,Q38322,2003,stop,2026-04-03,20:49:00,,
EARLSFIELD - GUILDFORD,P61738,2003,stop,2026-04-24,20:49:00,,
GUILDFORD - EARLSFIELD,L74309,2045,stop,2026-04-06,20:49:00,,
GUILDFORD - EARLSFIELD,L74309,2045,stop,2026-04-30,20:49:00,,
EARLSFIELD - GUILDFORD,P61738,2003,stop,2026-04-21,20:49:00,,
GUILDFORD - EARLSFIELD,L74309,2045,stop,2026-04-27,20:49:00,,
EARLSFIELD - GUILDFORD,P61738,2003,stop,2026-04-28,20:49:00,,
EARLSFIELD - GUILDFORD,P61738,2003,stop,2026-04-23,20:49:00,,
GUILDFORD - EARLSFIELD,Q48401,2045,stop,2026-04-06,20:49:00,,
GUILDFORD - EARLSFIELD,L74309,2045,stop,2026-04-22,20:49:00,,
GUILDFORD - EARLSFIELD,L74309,2045,stop,2026-04-29,20:49:00,,
EARLSFIELD - GUILDFORD,L74806,2003,stop,2026-04-11,20:49:00,,
GUILDFORD - EARLSFIELD,L74309,2045,stop,2026-04-28,20:49:00,,
GUILDFORD - EARLSFIELD,L74309,2045,stop,2026-04-08,20:49:00,,
EARLSFIELD - GUILDFORD,P61738,2003,stop,2026-04-09,20:49:00,,
EARLSFIELD - GUILDFORD,P61738,2003,stop,2026-04-30,20:49:00,,
EARLSFIELD - GUILDFORD,L74806,2003,stop,2026-04-04,20:49:00,,
EARLSFIELD - GUILDFORD,P61738,2003,stop,2026-04-01,20:49:00,,
GUILDFORD - EARLSFIELD,L74309,2045,stop,2026-04-21,20:49:00,,
GUILDFORD - EARLSFIELD,L74309,2045,stop,2026-04-23,20:49:00,,
GUILDFORD - EARLSFIELD,L74309,2045,stop,2026-04-13,20:49:00,,
EARLSFIELD - GUILDFORD,P61738,2003,stop,2026-04-02,20:49:00,,
GUILDFORD - EARLSFIELD,L74309,2045,stop,2026-04-24,20:49:00,,
EARLSFIELD - GUILDFORD,P61738,2003,stop,2026-04-20,20:49:00,,
EARLSFIELD - GUILDFORD,P61738,2003,stop,2026-04-08,20:49:00,,
GUILDFORD - EARLSFIELD,L74309,2045,stop,2026-04-15,20:49:00,,
GUILDFORD - EARLSFIELD,L74309,2045,stop,2026-04-01,20:49:00,,
EARLSFIELD - GUILDFORD,L74806,2003,stop,2026-04-18,20:49:00,,
EARLSFIELD - GUILDFORD,P61738,2003,stop,2026-04-29,20:49:00,,
GUILDFORD - EARLSFIELD,L74309,2045,stop,2026-04-10,20:49:00,,
EARLSFIELD - GUILDFORD,L74806,2003,stop,2026-04-25,20:49:00,,
EARLSFIELD - GUILDFORD,P61738,2003,stop,2026-04-17,20:49:00,,
GUILDFORD - EARLSFIELD,P61629,2045,stop,2026-04-18,20:49:00,,
GUILDFORD - EARLSFIELD,L74309,2045,stop,2026-04-07,20:49:00,,
EARLSFIELD - GUILDFORD,P61738,2003,stop,2026-04-10,20:49:00,,
GUILDFORD - EARLSFIELD,L74309,2045,stop,2026-04-02,20:49:00,,
EARLSFIELD - GUILDFORD,P61738,2003,stop,2026-04-14,20:49:00,,
GUILDFORD - EARLSFIELD,P61629,2045,stop,2026-04-25,20:49:00,,
EARLSFIELD - GUILDFORD,P61738,2003,stop,2026-04-27,20:49:00,,
EARLSFIELD - GUILDFORD,P61738,2003,stop,2026-04-16,20:49:00,,
EARLSFIELD - GUILDFORD,L74807,2006,stop,2026-04-26,20:50:00,,
EARLSFIELD - GUILDFORD,L74807,2006,stop,2026-04-19,20:50:00,,
EARLSFIELD - GUILDFORD,L74807,2006,stop,2026-04-12,20:52:00,,
GUILDFORD - EARLSFIELD (2),L74824,2050,stop,2026-04-26,20:54:00,,
GUILDFORD - EARLSFIELD (2),L74824,2050,stop,2026-04-12,20:54:00,,
GUILDFORD - EARLSFIELD (2),L74824,2050,stop,2026-04-19,20:54:00,,
WEYMOUTH - GUILDFORD,P61482,1745,pass,2026-04-26,20:57:00,,
SURBITON - PORTSMOUTH HARBOUR,L73499,2028H,pass,2026-04-26,20:59:00,,
GUILDFORD - EARLSFIELD,L74309,2045,stop,2026-04-01,21:05:00,,
GUILDFORD - EARLSFIELD,L74309,2045,stop,2026-04-16,21:05:00,,
GUILDFORD - EARLSFIELD,Q38290,2045,stop,2026-04-03,21:05:00,,
GUILDFORD - EARLSFIELD,L74309,2045,stop,2026-04-13,21:05:00,,
GUILDFORD - EARLSFIELD,L74309,2045,stop,2026-04-03,21:05:00,,
GUILDFORD - EARLSFIELD,L74309,2045,stop,2026-04-22,21:05:00,,
GUILDFORD - EARLSFIELD,L74309,2045,stop,2026-04-06,21:05:00,,
GUILDFORD - EARLSFIELD,L74309,2045,stop,2026-04-30,21:05:00,,
GUILDFORD - EARLSFIELD,L74309,2045,stop,2026-04-15,21:05:00,,
GUILDFORD - EARLSFIELD,L74309,2045,stop,2026-04-07,21:05:00,,
GUILDFORD - EARLSFIELD,L74309,2045,stop,2026-04-02,21:05:00,,
GUILDFORD - EARLSFIELD,P61629,2045,stop,2026-04-11,21:05:00,,
GUILDFORD - EARLSFIELD,L74309,2045,stop,2026-04-17,21:05:00,,
GUILDFORD - EARLSFIELD,P61629,2045,stop,2026-04-04,21:05:00,,
GUILDFORD - EARLSFIELD,Q48401,2045,stop,2026-04-06,21:05:00,,
GUILDFORD - EARLSFIELD,L74309,2045,stop,2026-04-21,21:05:00,,
GUILDFORD - EARLSFIELD,L74309,2045,stop,2026-04-23,21:05:00,,
GUILDFORD - EARLSFIELD,L74309,2045,stop,2026-04-20,21:05:00,,
GUILDFORD - EARLSFIELD,L74309,2045,stop,2026-04-27,21:05:00,,
GUILDFORD - EARLSFIELD,L74309,2045,stop,2026-04-24,21:05:00,,
GUILDFORD - EARLSFIELD,L74309,2045,stop,2026-04-08,21:05:00,,
GUILDFORD - EARLSFIELD,L74309,2045,stop,2026-04-09,21:05:00,,
GUILDFORD - EARLSFIELD,L74309,2045,stop,2026-04-10,21:05:00,,
GUILDFORD - EARLSFIELD,L74309,2045,stop,2026-04-29,21:05:00,,
GUILDFORD - EARLSFIELD,L74309,2045,stop,2026-04-28,21:05:00,,
GUILDFORD - EARLSFIELD,P61629,2045,stop,2026-04-18,21:05:00,,
GUILDFORD - EARLSFIELD,L74309,2045,stop,2026-04-14,21:05:00,,
GUILDFORD - EARLSFIELD,P61629,2045,stop,2026-04-25,21:05:00,,
GUILDFORD - EARLSFIELD (2),L74828,2104,stop,2026-04-24,21:08:00,,
GUILDFORD - EARLSFIELD (2),L74828,2104,stop,2026-04-21,21:08:00,,
GUILDFORD - EARLSFIELD (2),L74828,2104,stop,2026-04-01,21:08:00,,
GUILDFORD - EARLSFIELD (2),L74828,2104,stop,2026-04-02,21:08:00,,
GUILDFORD - EARLSFIELD (2),L74828,2104,stop,2026-04-22,21:08:00,,
GUILDFORD - EARLSFIELD (2),L74828,2104,stop,2026-04-17,21:08:00,,
GUILDFORD - EARLSFIELD (2),L74828,2104,stop,2026-04-27,21:08:00,,
GUILDFORD - EARLSFIELD (2),L74828,2104,stop,2026-04-29,21:08:00,,
GUILDFORD - EARLSFIELD (2),L74828,2104,stop,2026-04-28,21:08:00,,
GUILDFORD - EARLSFIELD (2),Q48357,2104,stop,2026-04-06,21:08:00,,
GUILDFORD - EARLSFIELD (2),P61744,2104,stop,2026-04-04,21:08:00,,
GUILDFORD - EARLSFIELD (2),L74828,2104,stop,2026-04-06,21:08:00,,
GUILDFORD - EARLSFIELD (2),L74828,2104,stop,2026-04-16,21:08:00,,
GUILDFORD - EARLSFIELD (2),L74828,2104,stop,2026-04-20,21:08:00,,
GUILDFORD - EARLSFIELD (2),L74828,2104,stop,2026-04-03,21:08:00,,
GUILDFORD - EARLSFIELD (2),L74828,2104,stop,2026-04-15,21:08:00,,
GUILDFORD - EARLSFIELD (2),L74828,2104,stop,2026-04-13,21:08:00,,
GUILDFORD - EARLSFIELD (2),P61744,2104,stop,2026-04-11,21:08:00,,
GUILDFORD - EARLSFIELD (2),P61744,2104,stop,2026-04-25,21:08:00,,
GUILDFORD - EARLSFIELD (2),L74828,2104,stop,2026-04-10,21:08:00,,
GUILDFORD - EARLSFIELD (2),L74828,2104,stop,2026-04-09,21:08:00,,
GUILDFORD - EARLSFIELD (2),L74828,2104,stop,2026-04-30,21:08:00,,
GUILDFORD - EARLSFIELD (2),L74828,2104,stop,2026-04-07,21:08:00,,
GUILDFORD - EARLSFIELD (2),P61744,2104,stop,2026-04-18,21:08:00,,
GUILDFORD - EARLSFIELD (2),L74828,2104,stop,2026-04-08,21:08:00,,
GUILDFORD - EARLSFIELD (2),L74828,2104,stop,2026-04-14,21:08:00,,
GUILDFORD - EARLSFIELD (2),Q38275,2104,stop,2026-04-03,21:08:00,,
GUILDFORD - EARLSFIELD (2),L74828,2104,stop,2026-04-23,21:08:00,,
EFFINGHAM JUNCTION - WORCESTER PARK,Q54760,2115,stop,2026-04-12,21:15:00,,
EARLSFIELD - GUILDFORD,L74810,2033,stop,2026-04-09,21:19:00,,
EARLSFIELD - GUILDFORD,L74810,2033,stop,2026-04-08,21:19:00,,
EARLSFIELD - GUILDFORD,L74810,2033,stop,2026-04-14,21:19:00,,
EARLSFIELD - GUILDFORD,L74810,2033,stop,2026-04-29,21:19:00,,
EARLSFIELD - GUILDFORD,L74810,2033,stop,2026-04-30,21:19:00,,
EARLSFIELD - GUILDFORD,L74810,2033,stop,2026-04-13,21:19:00,,
EARLSFIELD - GUILDFORD,L74811,2033,stop,2026-04-25,21:19:00,,
EARLSFIELD - GUILDFORD,L74810,2033,stop,2026-04-27,21:19:00,,
EARLSFIELD - GUILDFORD,L74810,2033,stop,2026-04-02,21:19:00,,
EARLSFIELD - GUILDFORD,L74810,2033,stop,2026-04-16,21:19:00,,
EARLSFIELD - GUILDFORD,L74810,2033,stop,2026-04-15,21:19:00,,
EARLSFIELD - GUILDFORD,L74810,2033,stop,2026-04-21,21:19:00,,
EARLSFIELD - GUILDFORD,L74810,2033,stop,2026-04-07,21:19:00,,
EARLSFIELD - GUILDFORD,Q38300,2033,stop,2026-04-03,21:19:00,,
EARLSFIELD - GUILDFORD,L74810,2033,stop,2026-04-10,21:19:00,,
EARLSFIELD - GUILDFORD,L74810,2033,stop,2026-04-20,21:19:00,,
EARLSFIELD - GUILDFORD,L74811,2033,stop,2026-04-04,21:19:00,,
EARLSFIELD - GUILDFORD,L74810,2033,stop,2026-04-24,21:19:00,,
EARLSFIELD - GUILDFORD,L74810,2033,stop,2026-04-22,21:19:00,,
EARLSFIELD - GUILDFORD,Q48555,2033,stop,2026-04-06,21:19:00,,
EARLSFIELD - GUILDFORD,L74811,2033,stop,2026-04-11,21:19:00,,
EARLSFIELD - GUILDFORD,L74810,2033,stop,2026-04-03,21:19:00,,
EARLSFIELD - GUILDFORD,L74811,2033,stop,2026-04-18,21:19:00,,
EARLSFIELD - GUILDFORD,L74810,2033,stop,2026-04-17,21:19:00,,
EARLSFIELD - GUILDFORD,L74810,2033,stop,2026-04-28,21:19:00,,
EARLSFIELD - GUILDFORD,L74810,2033,stop,2026-04-23,21:19:00,,
EARLSFIELD - GUILDFORD,L74810,2033,stop,2026-04-06,21:19:00,,
EARLSFIELD - GUILDFORD,L74810,2033,stop,2026-04-01,21:19:00,,
EARLSFIELD - GUILDFORD (2),P61625,2032,stop,2026-04-19,21:21:00,,
EARLSFIELD - GUILDFORD (2),P61625,2032,stop,2026-04-05,21:21:00,,
GUILDFORD - WEYMOUTH,P61487,2048,pass,2026-04-26,21:21:00,,
EARLSFIELD - GUILDFORD (2),P61625,2032,stop,2026-04-12,21:21:00,,
EARLSFIELD - GUILDFORD (2),P61625,2032,stop,2026-04-26,21:21:00,,
PORTSMOUTH HARBOUR - SURBITON (2),P62210,1956,pass,2026-04-26,21:22:00,,
GUILDFORD - EARLSFIELD,L74311,2120,stop,2026-04-05,21:24:00,,
EFFINGHAM JUNCTION - WORCESTER PARK,Q54760,2115,stop,2026-04-12,21:24:00,,
GUILDFORD - EARLSFIELD,L74311,2120,stop,2026-04-12,21:24:00,,
GUILDFORD - EARLSFIELD,L74311,2120,stop,2026-04-19,21:24:00,,
GUILDFORD - EARLSFIELD,L74311,2120,stop,2026-04-26,21:24:00,,
EARLSFIELD - GUILDFORD (3),P61625,2032,stop,2026-04-12,21:25:00,,
EARLSFIELD - GUILDFORD (3),P61625,2032,stop,2026-04-26,21:25:00,,
EARLSFIELD - GUILDFORD (3),P61625,2032,stop,2026-04-19,21:25:00,,
EARLSFIELD - GUILDFORD (3),P61625,2032,stop,2026-04-05,21:25:00,,
WORCESTER PARK - EFFINGHAM JUNCTION,Q54795,2035,stop,2026-04-12,21:30:00,,
SURBITON - PORTSMOUTH HARBOUR (2),L76267,2102,pass,2026-04-26,21:35:00,,
GUILDFORD - EARLSFIELD (2),P61746,2134,stop,2026-04-10,21:38:00,,
GUILDFORD - EARLSFIELD (2),P61746,2134,stop,2026-04-03,21:38:00,,
GUILDFORD - EARLSFIELD (2),P61746,2134,stop,2026-04-21,21:38:00,,
GUILDFORD - EARLSFIELD (2),Q38252,2134,stop,2026-04-03,21:38:00,,
GUILDFORD - EARLSFIELD (2),P61746,2134,stop,2026-04-16,21:38:00,,
GUILDFORD - EARLSFIELD (2),L74833,2134,stop,2026-04-25,21:38:00,,
GUILDFORD - EARLSFIELD (2),P61746,2134,stop,2026-04-30,21:38:00,,
GUILDFORD - EARLSFIELD (2),P61746,2134,stop,2026-04-13,21:38:00,,
GUILDFORD - EARLSFIELD (2),P61746,2134,stop,2026-04-14,21:38:00,,
GUILDFORD - EARLSFIELD (2),P61746,2134,stop,2026-04-22,21:38:00,,
GUILDFORD - EARLSFIELD (2),P61746,2134,stop,2026-04-09,21:38:00,,
GUILDFORD - EARLSFIELD (2),P61746,2134,stop,2026-04-23,21:38:00,,
GUILDFORD - EARLSFIELD (2),P61746,2134,stop,2026-04-07,21:38:00,,
GUILDFORD - EARLSFIELD (2),Q48298,2134,stop,2026-04-06,21:38:00,,
GUILDFORD - EARLSFIELD (2),P61746,2134,stop,2026-04-28,21:38:00,,
GUILDFORD - EARLSFIELD (2),P61746,2134,stop,2026-04-24,21:38:00,,
GUILDFORD - EARLSFIELD (2),L74833,2134,stop,2026-04-04,21:38:00,,
GUILDFORD - EARLSFIELD (2),P61746,2134,stop,2026-04-29,21:38:00,,
GUILDFORD - EARLSFIELD (2),L74833,2134,stop,2026-04-18,21:38:00,,
GUILDFORD - EARLSFIELD (2),P61746,2134,stop,2026-04-08,21:38:00,,
GUILDFORD - EARLSFIELD (2),P61746,2134,stop,2026-04-27,21:38:00,,
GUILDFORD - EARLSFIELD (2),P61746,2134,stop,2026-04-15,21:38:00,,
GUILDFORD - EARLSFIELD (2),P61746,2134,stop,2026-04-17,21:38:00,,
GUILDFORD - EARLSFIELD (2),L74833,2134,stop,2026-04-11,21:38:00,,
GUILDFORD - EARLSFIELD (2),P61746,2134,stop,2026-04-20,21:38:00,,
GUILDFORD - EARLSFIELD (2),P61746,2134,stop,2026-04-02,21:38:00,,
GUILDFORD - EARLSFIELD (2),P61746,2134,stop,2026-04-06,21:38:00,,
GUILDFORD - EARLSFIELD (2),P61746,2134,stop,2026-04-01,21:38:00,,
GUILDFORD - EARLSFIELD,L74311,2120,stop,2026-04-12,21:39:00,,
GUILDFORD - EARLSFIELD,L74311,2120,stop,2026-04-05,21:39:00,,
GUILDFORD - EARLSFIELD,L74311,2120,stop,2026-04-26,21:39:00,,
GUILDFORD - EARLSFIELD,L74311,2120,stop,2026-04-19,21:39:00,,
EARLSFIELD - GUILDFORD (2),P61623,2053,stop,2026-04-17,21:41:00,,
EARLSFIELD - GUILDFORD (2),P61623,2053,stop,2026-04-15,21:41:00,,
EARLSFIELD - GUILDFORD (2),P61623,2053,stop,2026-04-27,21:41:00,,
EARLSFIELD - GUILDFORD (2),P61623,2053,stop,2026-04-02,21:41:00,,
EARLSFIELD - GUILDFORD (2),P61623,2053,stop,2026-04-21,21:41:00,,
EARLSFIELD - GUILDFORD (2),P61623,2053,stop,2026-04-03,21:41:00,,
EARLSFIELD - GUILDFORD (2),P61623,2053,stop,2026-04-06,21:41:00,,
EARLSFIELD - GUILDFORD (2),P61623,2053,stop,2026-04-28,21:41:00,,
EARLSFIELD - GUILDFORD (2),Q48383,2053,stop,2026-04-06,21:41:00,,
EARLSFIELD - GUILDFORD (2),P61624,2053,stop,2026-04-18,21:41:00,,
EARLSFIELD - GUILDFORD (2),Q38286,2053,stop,2026-04-03,21:41:00,,
EARLSFIELD - GUILDFORD (2),P61623,2053,stop,2026-04-09,21:41:00,,
EARLSFIELD - GUILDFORD (2),P61623,2053,stop,2026-04-14,21:41:00,,
EARLSFIELD - GUILDFORD (2),P61623,2053,stop,2026-04-23,21:41:00,,
EARLSFIELD - GUILDFORD (2),P61623,2053,stop,2026-04-24,21:41:00,,
EARLSFIELD - GUILDFORD (2),P61623,2053,stop,2026-04-10,21:41:00,,
EARLSFIELD - GUILDFORD (2),P61623,2053,stop,2026-04-22,21:41:00,,
EARLSFIELD - GUILDFORD (2),P61623,2053,stop,2026-04-13,21:41:00,,
EARLSFIELD - GUILDFORD (2),P61624,2053,stop,2026-04-11,21:41:00,,
EARLSFIELD - GUILDFORD (2),P61624,2053,stop,2026-04-25,21:41:00,,
EARLSFIELD - GUILDFORD (2),P61623,2053,stop,2026-04-16,21:41:00,,
EARLSFIELD - GUILDFORD (2),P61623,2053,stop,2026-04-07,21:41:00,,
EARLSFIELD - GUILDFORD (2),P61624,2053,stop,2026-04-04,21:41:00,,
EARLSFIELD - GUILDFORD (2),P61623,2053,stop,2026-04-29,21:41:00,,
EARLSFIELD - GUILDFORD (2),P61623,2053,stop,2026-04-20,21:41:00,,
EARLSFIELD - GUILDFORD (2),P61623,2053,stop,2026-04-08,21:41:00,,
EARLSFIELD - GUILDFORD (2),P61623,2053,stop,2026-04-01,21:41:00,,
EARLSFIELD - GUILDFORD (2),P61623,2053,stop,2026-04-30,21:41:00,,
GUILDFORD - EARLSFIELD (4),L74834,2139,stop,2026-04-05,21:43:00,,
EARLSFIELD - GUILDFORD (3),P61623,2053,stop,2026-04-15,21:45:00,,
EARLSFIELD - GUILDFORD (3),P61623,2053,stop,2026-04-07,21:45:00,,
EARLSFIELD - GUILDFORD (3),P61623,2053,stop,2026-04-10,21:45:00,,
EARLSFIELD - GUILDFORD (3),Q48383,2053,stop,2026-04-06,21:45:00,,
EARLSFIELD - GUILDFORD (3),P61623,2053,stop,2026-04-06,21:45:00,,
EARLSFIELD - GUILDFORD (4),P61741,2057,stop,2026-04-05,21:45:00,,
EARLSFIELD - GUILDFORD (3),P61624,2053,stop,2026-04-25,21:45:00,,
EARLSFIELD - GUILDFORD (3),P61623,2053,stop,2026-04-22,21:45:00,,
EARLSFIELD - GUILDFORD (3),P61623,2053,stop,2026-04-01,21:45:00,,
EARLSFIELD - GUILDFORD (3),P61623,2053,stop,2026-04-17,21:45:00,,
EARLSFIELD - GUILDFORD (3),P61623,2053,stop,2026-04-09,21:45:00,,
EARLSFIELD - GUILDFORD (3),P61623,2053,stop,2026-04-28,21:45:00,,
EARLSFIELD - GUILDFORD (3),P61623,2053,stop,2026-04-30,21:45:00,,
EARLSFIELD - GUILDFORD (3),P61623,2053,stop,2026-04-14,21:45:00,,
EARLSFIELD - GUILDFORD (3),P61623,2053,stop,2026-04-16,21:45:00,,
EARLSFIELD - GUILDFORD (3),P61623,2053,stop,2026-04-20,21:45:00,,
EARLSFIELD - GUILDFORD (3),P61623,2053,stop,2026-04-03,21:45:00,,
EARLSFIELD - GUILDFORD (3),Q38286,2053,stop,2026-04-03,21:45:00,,
EARLSFIELD - GUILDFORD (3),P61623,2053,stop,2026-04-21,21:45:00,,
EARLSFIELD - GUILDFORD (3),P61624,2053,stop,2026-04-18,21:45:00,,
EARLSFIELD - GUILDFORD (3),P61624,2053,stop,2026-04-11,21:45:00,,
EARLSFIELD - GUILDFORD (3),P61623,2053,stop,2026-04-23,21:45:00,,
EARLSFIELD - GUILDFORD (3),P61623,2053,stop,2026-04-13,21:45:00,,
EARLSFIELD - GUILDFORD (3),P61623,2053,stop,2026-04-24,21:45:00,,
EARLSFIELD - GUILDFORD (3),P61623,2053,stop,2026-04-08,21:45:00,,
EARLSFIELD - GUILDFORD (3),P61623,2053,stop,2026-04-29,21:45:00,,
EARLSFIELD - GUILDFORD (3),P61624,2053,stop,2026-04-04,21:45:00,,
EARLSFIELD - GUILDFORD (3),P61623,2053,stop,2026-04-02,21:45:00,,
EARLSFIELD - GUILDFORD (3),P61623,2053,stop,2026-04-27,21:45:00,,
PORTSMOUTH HARBOUR - SURBITON,L73515,2032,pass,2026-04-26,21:46:00,,
GUILDFORD - EARLSFIELD,Q38246,2145,stop,2026-04-03,21:49:00,,
EARLSFIELD - GUILDFORD,P61739,2103,stop,2026-04-03,21:49:00,,
GUILDFORD - EARLSFIELD,P61633,2145,stop,2026-04-03,21:49:00,,
EARLSFIELD - GUILDFORD,P61739,2103,stop,2026-04-10,21:49:00,,
GUILDFORD - EARLSFIELD,P61633,2145,stop,2026-04-13,21:49:00,,
EARLSFIELD - GUILDFORD,P61739,2103,stop,2026-04-24,21:49:00,,
EARLSFIELD - GUILDFORD,P61739,2103,stop,2026-04-13,21:49:00,,
GUILDFORD - EARLSFIELD,P61633,2145,stop,2026-04-24,21:49:00,,
GUILDFORD - EARLSFIELD,P61633,2145,stop,2026-04-15,21:49:00,,
EARLSFIELD - GUILDFORD,P61739,2103,stop,2026-04-27,21:49:00,,
EARLSFIELD - GUILDFORD,P61740,2103,stop,2026-04-04,21:49:00,,
GUILDFORD - EARLSFIELD,P61633,2145,stop,2026-04-10,21:49:00,,
EARLSFIELD - GUILDFORD,P61740,2103,stop,2026-04-25,21:49:00,,
EARLSFIELD - GUILDFORD,Q48361,2103,stop,2026-04-06,21:49:00,,
GUILDFORD - EARLSFIELD,P61633,2145,stop,2026-04-16,21:49:00,,
GUILDFORD - EARLSFIELD,P61633,2145,stop,2026-04-30,21:49:00,,
EARLSFIELD - GUILDFORD,P61739,2103,stop,2026-04-07,21:49:00,,
GUILDFORD - EARLSFIELD,L74316,2145,stop,2026-04-04,21:49:00,,
EARLSFIELD - GUILDFORD,P61739,2103,stop,2026-04-22,21:49:00,,
GUILDFORD - EARLSFIELD,L74316,2145,stop,2026-04-18,21:49:00,,
GUILDFORD - EARLSFIELD,P61633,2145,stop,2026-04-07,21:49:00,,
EARLSFIELD - GUILDFORD,P61739,2103,stop,2026-04-28,21:49:00,,
GUILDFORD - EARLSFIELD,P61633,2145,stop,2026-04-09,21:49:00,,
EARLSFIELD - GUILDFORD,P61739,2103,stop,2026-04-30,21:49:00,,
EARLSFIELD - GUILDFORD,P61739,2103,stop,2026-04-14,21:49:00,,
GUILDFORD - EARLSFIELD,P61633,2145,stop,2026-04-01,21:49:00,,
EARLSFIELD - GUILDFORD,P61739,2103,stop,2026-04-09,21:49:00,,
GUILDFORD - EARLSFIELD,L74316,2145,stop,2026-04-11,21:49:00,,
EARLSFIELD - GUILDFORD,P61739,2103,stop,2026-04-17,21:49:00,,
EARLSFIELD - GUILDFORD,P61739,2103,stop,2026-04-01,21:49:00,,
EARLSFIELD - GUILDFORD,P61739,2103,stop,2026-04-20,21:49:00,,
GUILDFORD - EARLSFIELD,P61633,2145,stop,2026-04-28,21:49:00,,
EARLSFIELD - GUILDFORD,P61739,2103,stop,2026-04-08,21:49:00,,
GUILDFORD - EARLSFIELD,P61633,2145,stop,2026-04-29,21:49:00,,
EARLSFIELD - GUILDFORD,Q38276,2103,stop,2026-04-03,21:49:00,,
GUILDFORD - EARLSFIELD,P61633,2145,stop,2026-04-27,21:49:00,,
EARLSFIELD - GUILDFORD,P61739,2103,stop,2026-04-06,21:49:00,,
EARLSFIELD - GUILDFORD,P61739,2103,stop,2026-04-16,21:49:00,,
EARLSFIELD - GUILDFORD,P61739,2103,stop,2026-04-23,21:49:00,,
EARLSFIELD - GUILDFORD,P61740,2103,stop,2026-04-18,21:49:00,,
EARLSFIELD - GUILDFORD,P61739,2103,stop,2026-04-15,21:49:00,,
EARLSFIELD - GUILDFORD,P61739,2103,stop,2026-04-02,21:49:00,,
GUILDFORD - EARLSFIELD,P61633,2145,stop,2026-04-02,21:49:00,,
GUILDFORD - EARLSFIELD,P61633,2145,stop,2026-04-22,21:49:00,,
GUILDFORD - EARLSFIELD,P61633,2145,stop,2026-04-23,21:49:00,,
EARLSFIELD - GUILDFORD,P61740,2103,stop,2026-04-11,21:49:00,,
EARLSFIELD - GUILDFORD,P61739,2103,stop,2026-04-21,21:49:00,,
GUILDFORD - EARLSFIELD,P61633,2145,stop,2026-04-14,21:49:00,,
GUILDFORD - EARLSFIELD,L74316,2145,stop,2026-04-25,21:49:00,,
GUILDFORD - EARLSFIELD,P61633,2145,stop,2026-04-20,21:49:00,,
GUILDFORD - EARLSFIELD,P61633,2145,stop,2026-04-06,21:49:00,,
GUILDFORD - EARLSFIELD,P61633,2145,stop,2026-04-08,21:49:00,,
EARLSFIELD - GUILDFORD,P61739,2103,stop,2026-04-29,21:49:00,,
GUILDFORD - EARLSFIELD,Q48279,2145,stop,2026-04-06,21:49:00,,
GUILDFORD - EARLSFIELD,P61633,2145,stop,2026-04-21,21:49:00,,
GUILDFORD - EARLSFIELD,P61633,2145,stop,2026-04-17,21:49:00,,
EARLSFIELD - GUILDFORD,P61741,2106,stop,2026-04-19,21:50:00,,
EARLSFIELD - GUILDFORD,P61741,2106,stop,2026-04-26,21:50:00,,
EARLSFIELD - GUILDFORD,P61741,2106,stop,2026-04-12,21:52:00,,
GUILDFORD - EARLSFIELD (2),L74834,2150,stop,2026-04-19,21:54:00,,
GUILDFORD - EARLSFIELD (2),L74834,2150,stop,2026-04-12,21:54:00,,
GUILDFORD - EARLSFIELD (2),L74834,2150,stop,2026-04-26,21:54:00,,
WEYMOUTH - GUILDFORD,P61490,1848,pass,2026-04-26,21:57:00,,
SURBITON - PORTSMOUTH HARBOUR,P61342,2128H,pass,2026-04-26,21:59:00,,
GUILDFORD - EARLSFIELD,P61633,2145,stop,2026-04-13,22:05:00,,
GUILDFORD - EARLSFIELD,L74316,2145,stop,2026-04-18,22:05:00,,
GUILDFORD - EARLSFIELD,P61633,2145,stop,2026-04-22,22:05:00,,
GUILDFORD - EARLSFIELD,P61633,2145,stop,2026-04-10,22:05:00,,
GUILDFORD - EARLSFIELD,P61633,2145,stop,2026-04-14,22:05:00,,
GUILDFORD - EARLSFIELD,P61633,2145,stop,2026-04-17,22:05:00,,
GUILDFORD - EARLSFIELD,P61633,2145,stop,2026-04-30,22:05:00,,
GUILDFORD - EARLSFIELD,P61633,2145,stop,2026-04-16,22:05:00,,
GUILDFORD - EARLSFIELD,L74316,2145,stop,2026-04-25,22:05:00,,
GUILDFORD - EARLSFIELD,P61633,2145,stop,2026-04-02,22:05:00,,
GUILDFORD - EARLSFIELD,P61633,2145,stop,2026-04-21,22:05:00,,
GUILDFORD - EARLSFIELD,P61633,2145,stop,2026-04-07,22:05:00,,
GUILDFORD - EARLSFIELD,P61633,2145,stop,2026-04-27,22:05:00,,
GUILDFORD - EARLSFIELD,P61633,2145,stop,2026-04-29,22:05:00,,
GUILDFORD - EARLSFIELD,L74316,2145,stop,2026-04-11,22:05:00,,
GUILDFORD - EARLSFIELD,P61633,2145,stop,2026-04-08,22:05:00,,
GUILDFORD - EARLSFIELD,P61633,2145,stop,2026-04-15,22:05:00,,
GUILDFORD - EARLSFIELD,L74316,2145,stop,2026-04-04,22:05:00,,
GUILDFORD - EARLSFIELD,P61633,2145,stop,2026-04-23,22:05:00,,
GUILDFORD - EARLSFIELD,P61633,2145,stop,2026-04-28,22:05:00,,
GUILDFORD - EARLSFIELD,P61633,2145,stop,2026-04-03,22:05:00,,
GUILDFORD - EARLSFIELD,P61633,2145,stop,2026-04-09,22:05:00,,
GUILDFORD - EARLSFIELD,P61633,2145,stop,2026-04-06,22:05:00,,
GUILDFORD - EARLSFIELD,Q48279,2145,stop,2026-04-06,22:05:00,,
GUILDFORD - EARLSFIELD,P61633,2145,stop,2026-04-20,22:05:00,,
GUILDFORD - EARLSFIELD,P61633,2145,stop,2026-04-01,22:05:00,,
GUILDFORD - EARLSFIELD,Q38246,2145,stop,2026-04-03,22:05:00,,
GUILDFORD - EARLSFIELD,P61633,2145,stop,2026-04-24,22:05:00,,
GUILDFORD - EARLSFIELD (2),L74839,2204,stop,2026-04-11,22:08:00,,
GUILDFORD - EARLSFIELD (2),L74839,2204,stop,2026-04-18,22:08:00,,
GUILDFORD - EARLSFIELD (2),P61750,2204,stop,2026-04-30,22:08:00,,
GUILDFORD - EARLSFIELD (2),P61750,2204,stop,2026-04-29,22:08:00,,
GUILDFORD - EARLSFIELD (2),P61750,2204,stop,2026-04-14,22:08:00,,
GUILDFORD - EARLSFIELD (2),P61750,2204,stop,2026-04-02,22:08:00,,
GUILDFORD - EARLSFIELD (2),P61750,2204,stop,2026-04-08,22:08:00,,
GUILDFORD - EARLSFIELD (2),Q48238,2204,stop,2026-04-06,22:08:00,,
GUILDFORD - EARLSFIELD (2),P61750,2204,stop,2026-04-15,22:08:00,,
GUILDFORD - EARLSFIELD (2),L74839,2204,stop,2026-04-04,22:08:00,,
GUILDFORD - EARLSFIELD (2),P61751,2204,stop,2026-04-10,22:08:00,,
GUILDFORD - EARLSFIELD (2),P61750,2204,stop,2026-04-06,22:08:00,,
GUILDFORD - EARLSFIELD (2),P61750,2204,stop,2026-04-01,22:08:00,,
GUILDFORD - EARLSFIELD (2),P61751,2204,stop,2026-04-17,22:08:00,,
GUILDFORD - EARLSFIELD (2),P61750,2204,stop,2026-04-16,22:08:00,,
GUILDFORD - EARLSFIELD (2),P61750,2204,stop,2026-04-28,22:08:00,,
GUILDFORD - EARLSFIELD (2),P61750,2204,stop,2026-04-07,22:08:00,,
GUILDFORD - EARLSFIELD (2),P61751,2204,stop,2026-04-24,22:08:00,,
GUILDFORD - EARLSFIELD (2),P61750,2204,stop,2026-04-13,22:08:00,,
GUILDFORD - EARLSFIELD (2),P61751,2204,stop,2026-04-03,22:08:00,,
GUILDFORD - EARLSFIELD (2),P61750,2204,stop,2026-04-21,22:08:00,,
GUILDFORD - EARLSFIELD (2),P61750,2204,stop,2026-04-09,22:08:00,,
GUILDFORD - EARLSFIELD (2),Q38229,2204,stop,2026-04-03,22:08:00,,
GUILDFORD - EARLSFIELD (2),P61750,2204,stop,2026-04-22,22:08:00,,
GUILDFORD - EARLSFIELD (2),P61750,2204,stop,2026-04-27,22:08:00,,
GUILDFORD - EARLSFIELD (2),P61750,2204,stop,2026-04-23,22:08:00,,
GUILDFORD - EARLSFIELD (2),P61750,2204,stop,2026-04-20,22:08:00,,
GUILDFORD - EARLSFIELD (2),L74839,2204,stop,2026-04-25,22:08:00,,
EFFINGHAM JUNCTION - WORCESTER PARK,Q54759,2215,stop,2026-04-12,22:15:00,,
EARLSFIELD - GUILDFORD,L74820,2133,stop,2026-04-20,22:19:00,,
EARLSFIELD - GUILDFORD,L74820,2133,stop,2026-04-23,22:19:00,,
EARLSFIELD - GUILDFORD,L74820,2133,stop,2026-04-06,22:19:00,,
EARLSFIELD - GUILDFORD,L74820,2133,stop,2026-04-24,22:19:00,,
EARLSFIELD - GUILDFORD,Q48301,2133,stop,2026-04-06,22:19:00,,
EARLSFIELD - GUILDFORD,L74820,2133,stop,2026-04-14,22:19:00,,
EARLSFIELD - GUILDFORD,L74820,2133,stop,2026-04-17,22:19:00,,
EARLSFIELD - GUILDFORD,L74820,2133,stop,2026-04-07,22:19:00,,
EARLSFIELD - GUILDFORD,L74820,2133,stop,2026-04-28,22:19:00,,
EARLSFIELD - GUILDFORD,L74820,2133,stop,2026-04-15,22:19:00,,
EARLSFIELD - GUILDFORD,L74821,2133,stop,2026-04-04,22:19:00,,
EARLSFIELD - GUILDFORD,L74820,2133,stop,2026-04-02,22:19:00,,
EARLSFIELD - GUILDFORD,L74820,2133,stop,2026-04-10,22:19:00,,
EARLSFIELD - GUILDFORD,L74821,2133,stop,2026-04-18,22:19:00,,
EARLSFIELD - GUILDFORD,L74820,2133,stop,2026-04-30,22:19:00,,
EARLSFIELD - GUILDFORD,L74821,2133,stop,2026-04-11,22:19:00,,
EARLSFIELD - GUILDFORD,L74820,2133,stop,2026-04-13,22:19:00,,
EARLSFIELD - GUILDFORD,L74820,2133,stop,2026-04-29,22:19:00,,
EARLSFIELD - GUILDFORD,Q38253,2133,stop,2026-04-03,22:19:00,,
EARLSFIELD - GUILDFORD,L74821,2133,stop,2026-04-25,22:19:00,,
EARLSFIELD - GUILDFORD,L74820,2133,stop,2026-04-27,22:19:00,,
EARLSFIELD - GUILDFORD,L74820,2133,stop,2026-04-01,22:19:00,,
EARLSFIELD - GUILDFORD,L74820,2133,stop,2026-04-03,22:19:00,,
EARLSFIELD - GUILDFORD,L74820,2133,stop,2026-04-22,22:19:00,,
EARLSFIELD - GUILDFORD,L74820,2133,stop,2026-04-16,22:19:00,,
EARLSFIELD - GUILDFORD,L74820,2133,stop,2026-04-08,22:19:00,,
EARLSFIELD - GUILDFORD,L74820,2133,stop,2026-04-21,22:19:00,,
EARLSFIELD - GUILDFORD,L74820,2133,stop,2026-04-09,22:19:00,,
EARLSFIELD - GUILDFORD (2),P61628,2132,stop,2026-04-05,22:21:00,,
GUILDFORD - POOLE (2),P60988,2148,pass,2026-04-26,22:21:00,,
EARLSFIELD - GUILDFORD (2),P61628,2132,stop,2026-04-26,22:21:00,,
EARLSFIELD - GUILDFORD (2),P61628,2132,stop,2026-04-12,22:21:00,,
EARLSFIELD - GUILDFORD (2),P61628,2132,stop,2026-04-19,22:21:00,,
PORTSMOUTH HARBOUR - SURBITON (2),P62214,2055,pass,2026-04-26,22:22:00,,
GUILDFORD - EARLSFIELD,P61635,2220,stop,2026-04-05,22:24:00,,
GUILDFORD - EARLSFIELD,P61635,2220,stop,2026-04-12,22:24:00,,
GUILDFORD - EARLSFIELD,P61635,2220,stop,2026-04-19,22:24:00,,
EFFINGHAM JUNCTION - WORCESTER PARK,Q54759,2215,stop,2026-04-12,22:24:00,,
GUILDFORD - EARLSFIELD,P61635,2220,stop,2026-04-26,22:24:00,,
EARLSFIELD - GUILDFORD (3),P61628,2132,stop,2026-04-19,22:25:00,,
EARLSFIELD - GUILDFORD (3),P61628,2132,stop,2026-04-05,22:25:00,,
EARLSFIELD - GUILDFORD (3),P61628,2132,stop,2026-04-26,22:25:00,,
EARLSFIELD - GUILDFORD (3),P61628,2132,stop,2026-04-12,22:25:00,,
WORCESTER PARK - EFFINGHAM JUNCTION,Q54793,2135,stop,2026-04-12,22:30:00,,
SURBITON - PORTSMOUTH HARBOUR (2),P62211,2202,pass,2026-04-26,22:35:00,,
GUILDFORD - EARLSFIELD (2),L74843,2234,stop,2026-04-14,22:38:00,,
GUILDFORD - EARLSFIELD (2),L74843,2234,stop,2026-04-30,22:38:00,,
GUILDFORD - EARLSFIELD (2),L74843,2234,stop,2026-04-21,22:38:00,,
GUILDFORD - EARLSFIELD (2),L74842,2234,stop,2026-04-24,22:38:00,,
GUILDFORD - EARLSFIELD (2),L74843,2234,stop,2026-04-02,22:38:00,,
GUILDFORD - EARLSFIELD (2),L74843,2234,stop,2026-04-07,22:38:00,,
GUILDFORD - EARLSFIELD (2),P61752,2234,stop,2026-04-25,22:38:00,,
GUILDFORD - EARLSFIELD (2),L74842,2234,stop,2026-04-17,22:38:00,,
GUILDFORD - EARLSFIELD (2),P61752,2234,stop,2026-04-04,22:38:00,,
GUILDFORD - EARLSFIELD (2),Q48187,2234,stop,2026-04-06,22:38:00,,
GUILDFORD - EARLSFIELD (2),L74843,2234,stop,2026-04-29,22:38:00,,
GUILDFORD - EARLSFIELD (2),L74843,2234,stop,2026-04-15,22:38:00,,
GUILDFORD - EARLSFIELD (2),L74843,2234,stop,2026-04-01,22:38:00,,
GUILDFORD - EARLSFIELD (2),L74843,2234,stop,2026-04-22,22:38:00,,
GUILDFORD - EARLSFIELD (2),L74843,2234,stop,2026-04-06,22:38:00,,
GUILDFORD - EARLSFIELD (2),L74843,2234,stop,2026-04-13,22:38:00,,
GUILDFORD - EARLSFIELD (2),L74843,2234,stop,2026-04-16,22:38:00,,
GUILDFORD - EARLSFIELD (2),P61752,2234,stop,2026-04-11,22:38:00,,
GUILDFORD - EARLSFIELD (2),L74842,2234,stop,2026-04-03,22:38:00,,
GUILDFORD - EARLSFIELD (2),L74842,2234,stop,2026-04-10,22:38:00,,
GUILDFORD - EARLSFIELD (2),L74843,2234,stop,2026-04-20,22:38:00,,
GUILDFORD - EARLSFIELD (2),P61752,2234,stop,2026-04-18,22:38:00,,
GUILDFORD - EARLSFIELD (2),L74843,2234,stop,2026-04-08,22:38:00,,
GUILDFORD - EARLSFIELD (2),L74843,2234,stop,2026-04-23,22:38:00,,
GUILDFORD - EARLSFIELD (2),L74843,2234,stop,2026-04-09,22:38:00,,
GUILDFORD - EARLSFIELD (2),L74843,2234,stop,2026-04-28,22:38:00,,
GUILDFORD - EARLSFIELD (2),L74843,2234,stop,2026-04-27,22:38:00,,
GUILDFORD - EARLSFIELD (2),Q38209,2234,stop,2026-04-03,22:38:00,,
GUILDFORD - EARLSFIELD,P61635,2220,stop,2026-04-12,22:39:00,,
GUILDFORD - EARLSFIELD,P61635,2220,stop,2026-04-26,22:39:00,,
GUILDFORD - EARLSFIELD,P61635,2220,stop,2026-04-05,22:39:00,,
GUILDFORD - EARLSFIELD,P61635,2220,stop,2026-04-19,22:39:00,,
EARLSFIELD - GUILDFORD (2),P61626,2153,stop,2026-04-08,22:41:00,,
EARLSFIELD - GUILDFORD (2),P61626,2153,stop,2026-04-03,22:41:00,,
EARLSFIELD - GUILDFORD (2),P61627,2153,stop,2026-04-11,22:41:00,,
EARLSFIELD - GUILDFORD (2),P61626,2153,stop,2026-04-24,22:41:00,,
EARLSFIELD - GUILDFORD (2),P61626,2153,stop,2026-04-16,22:41:00,,
EARLSFIELD - GUILDFORD (2),P61626,2153,stop,2026-04-21,22:41:00,,
EARLSFIELD - GUILDFORD (2),P61626,2153,stop,2026-04-29,22:41:00,,
EARLSFIELD - GUILDFORD (2),P61626,2153,stop,2026-04-14,22:41:00,,
EARLSFIELD - GUILDFORD (2),P61626,2153,stop,2026-04-28,22:41:00,,
EARLSFIELD - GUILDFORD (2),P61626,2153,stop,2026-04-01,22:41:00,,
EARLSFIELD - GUILDFORD (2),P61626,2153,stop,2026-04-15,22:41:00,,
EARLSFIELD - GUILDFORD (2),P61626,2153,stop,2026-04-23,22:41:00,,
EARLSFIELD - GUILDFORD (2),P61626,2153,stop,2026-04-27,22:41:00,,
EARLSFIELD - GUILDFORD (2),P61627,2153,stop,2026-04-18,22:41:00,,
EARLSFIELD - GUILDFORD (2),P61626,2153,stop,2026-04-02,22:41:00,,
EARLSFIELD - GUILDFORD (2),P61626,2153,stop,2026-04-30,22:41:00,,
EARLSFIELD - GUILDFORD (2),Q38237,2153,stop,2026-04-03,22:41:00,,
EARLSFIELD - GUILDFORD (2),P61626,2153,stop,2026-04-22,22:41:00,,
EARLSFIELD - GUILDFORD (2),P61627,2153,stop,2026-04-04,22:41:00,,
EARLSFIELD - GUILDFORD (2),P61626,2153,stop,2026-04-17,22:41:00,,
EARLSFIELD - GUILDFORD (2),P61626,2153,stop,2026-04-20,22:41:00,,
EARLSFIELD - GUILDFORD (2),P61626,2153,stop,2026-04-06,22:41:00,,
EARLSFIELD - GUILDFORD (2),Q48259,2153,stop,2026-04-06,22:41:00,,
EARLSFIELD - GUILDFORD (2),P61626,2153,stop,2026-04-07,22:41:00,,
EARLSFIELD - GUILDFORD (2),P61627,2153,stop,2026-04-25,22:41:00,,
EARLSFIELD - GUILDFORD (2),P61626,2153,stop,2026-04-13,22:41:00,,
EARLSFIELD - GUILDFORD (2),P61626,2153,stop,2026-04-10,22:41:00,,
EARLSFIELD - GUILDFORD (2),P61626,2153,stop,2026-04-09,22:41:00,,
EARLSFIELD - GUILDFORD (3),P61626,2153,stop,2026-04-14,22:45:00,,
EARLSFIELD - GUILDFORD (3),P61626,2153,stop,2026-04-30,22:45:00,,
EARLSFIELD - GUILDFORD (3),P61626,2153,stop,2026-04-29,22:45:00,,
EARLSFIELD - GUILDFORD (3),P61626,2153,stop,2026-04-22,22:45:00,,
EARLSFIELD - GUILDFORD (3),P61626,2153,stop,2026-04-09,22:45:00,,
EARLSFIELD - GUILDFORD (3),P61626,2153,stop,2026-04-01,22:45:00,,
EARLSFIELD - GUILDFORD (3),P61626,2153,stop,2026-04-15,22:45:00,,
EARLSFIELD - GUILDFORD (3),P61626,2153,stop,2026-04-06,22:45:00,,
EARLSFIELD - GUILDFORD (3),Q48259,2153,stop,2026-04-06,22:45:00,,
EARLSFIELD - GUILDFORD (3),P61626,2153,stop,2026-04-16,22:45:00,,
EARLSFIELD - GUILDFORD (3),P61627,2153,stop,2026-04-25,22:45:00,,
EARLSFIELD - GUILDFORD (3),P61626,2153,stop,2026-04-03,22:45:00,,
EARLSFIELD - GUILDFORD (3),Q38237,2153,stop,2026-04-03,22:45:00,,
EARLSFIELD - GUILDFORD (3),P61626,2153,stop,2026-04-24,22:45:00,,
EARLSFIELD - GUILDFORD (3),P61626,2153,stop,2026-04-27,22:45:00,,
EARLSFIELD - GUILDFORD (3),P61626,2153,stop,2026-04-21,22:45:00,,
EARLSFIELD - GUILDFORD (4),L74827,2157,stop,2026-04-05,22:45:00,,
EARLSFIELD - GUILDFORD (3),P61626,2153,stop,2026-04-20,22:45:00,,
EARLSFIELD - GUILDFORD (3),P61626,2153,stop,2026-04-23,22:45:00,,
EARLSFIELD - GUILDFORD (3),P61627,2153,stop,2026-04-04,22:45:00,,
EARLSFIELD - GUILDFORD (3),P61626,2153,stop,2026-04-10,22:45:00,,
EARLSFIELD - GUILDFORD (3),P61626,2153,stop,2026-04-13,22:45:00,,
EARLSFIELD - GUILDFORD (3),P61626,2153,stop,2026-04-28,22:45:00,,
EARLSFIELD - GUILDFORD (3),P61626,2153,stop,2026-04-17,22:45:00,,
EARLSFIELD - GUILDFORD (3),P61626,2153,stop,2026-04-02,22:45:00,,
EARLSFIELD - GUILDFORD (3),P61627,2153,stop,2026-04-11,22:45:00,,
EARLSFIELD - GUILDFORD (3),P61626,2153,stop,2026-04-07,22:45:00,,
EARLSFIELD - GUILDFORD (3),P61626,2153,stop,2026-04-08,22:45:00,,
EARLSFIELD - GUILDFORD (3),P61627,2153,stop,2026-04-18,22:45:00,,
PORTSMOUTH HARBOUR - SURBITON,P61351,2132,pass,2026-04-26,22:46:00,,
EARLSFIELD - GUILDFORD,P61742,2203,stop,2026-04-09,22:49:00,,
GUILDFORD - EARLSFIELD,P61641,2245,stop,2026-04-30,22:49:00,,
GUILDFORD - EARLSFIELD,P61641,2245,stop,2026-04-23,22:49:00,,
GUILDFORD - EARLSFIELD,P61641,2245,stop,2026-04-22,22:49:00,,
EARLSFIELD - GUILDFORD,P61742,2203,stop,2026-04-08,22:49:00,,
GUILDFORD - EARLSFIELD,P61641,2245,stop,2026-04-27,22:49:00,,
GUILDFORD - EARLSFIELD,P61641,2245,stop,2026-04-29,22:49:00,,
GUILDFORD - EARLSFIELD,P61641,2245,stop,2026-04-28,22:49:00,,
EARLSFIELD - GUILDFORD,P61743,2203,stop,2026-04-11,22:49:00,,
GUILDFORD - EARLSFIELD,P61640,2245,stop,2026-04-25,22:49:00,,
EARLSFIELD - GUILDFORD,P61742,2203,stop,2026-04-10,22:49:00,,
GUILDFORD - EARLSFIELD,P61642,2245,stop,2026-04-24,22:49:00,,
EARLSFIELD - GUILDFORD,P61742,2203,stop,2026-04-17,22:49:00,,
GUILDFORD - EARLSFIELD,P61641,2245,stop,2026-04-16,22:49:00,,
GUILDFORD - EARLSFIELD,P61641,2245,stop,2026-04-02,22:49:00,,
EARLSFIELD - GUILDFORD,P61742,2203,stop,2026-04-06,22:49:00,,
EARLSFIELD - GUILDFORD,Q48242,2203,stop,2026-04-06,22:49:00,,
GUILDFORD - EARLSFIELD,P61641,2245,stop,2026-04-20,22:49:00,,
EARLSFIELD - GUILDFORD,P61742,2203,stop,2026-04-28,22:49:00,,
EARLSFIELD - GUILDFORD,P61742,2203,stop,2026-04-20,22:49:00,,
EARLSFIELD - GUILDFORD,P61742,2203,stop,2026-04-29,22:49:00,,
GUILDFORD - EARLSFIELD,P61641,2245,stop,2026-04-01,22:49:00,,
EARLSFIELD - GUILDFORD,P61742,2203,stop,2026-04-24,22:49:00,,
GUILDFORD - EARLSFIELD,P61642,2245,stop,2026-04-03,22:49:00,,
GUILDFORD - EARLSFIELD,Q38202,2245,stop,2026-04-03,22:49:00,,
EARLSFIELD - GUILDFORD,P61742,2203,stop,2026-04-27,22:49:00,,
GUILDFORD - EARLSFIELD,P61640,2245,stop,2026-04-04,22:49:00,,
EARLSFIELD - GUILDFORD,P61742,2203,stop,2026-04-23,22:49:00,,
GUILDFORD - EARLSFIELD,P61641,2245,stop,2026-04-07,22:49:00,,
EARLSFIELD - GUILDFORD,P61742,2203,stop,2026-04-03,22:49:00,,
EARLSFIELD - GUILDFORD,Q38230,2203,stop,2026-04-03,22:49:00,,
GUILDFORD - EARLSFIELD,P61641,2245,stop,2026-04-15,22:49:00,,
EARLSFIELD - GUILDFORD,P61743,2203,stop,2026-04-18,22:49:00,,
EARLSFIELD - GUILDFORD,P61742,2203,stop,2026-04-02,22:49:00,,
EARLSFIELD - GUILDFORD,P61742,2203,stop,2026-04-07,22:49:00,,
EARLSFIELD - GUILDFORD,P61742,2203,stop,2026-04-14,22:49:00,,
GUILDFORD - EARLSFIELD,P61642,2245,stop,2026-04-10,22:49:00,,
GUILDFORD - EARLSFIELD,P61641,2245,stop,2026-04-21,22:49:00,,
GUILDFORD - EARLSFIELD,P61641,2245,stop,2026-04-14,22:49:00,,
GUILDFORD - EARLSFIELD,P61640,2245,stop,2026-04-11,22:49:00,,
EARLSFIELD - GUILDFORD,P61742,2203,stop,2026-04-30,22:49:00,,
GUILDFORD - EARLSFIELD,P61640,2245,stop,2026-04-18,22:49:00,,
GUILDFORD - EARLSFIELD,P61641,2245,stop,2026-04-06,22:49:00,,
EARLSFIELD - GUILDFORD,P61743,2203,stop,2026-04-04,22:49:00,,
EARLSFIELD - GUILDFORD,P61742,2203,stop,2026-04-13,22:49:00,,
EARLSFIELD - GUILDFORD,P61743,2203,stop,2026-04-25,22:49:00,,
EARLSFIELD - GUILDFORD,P61742,2203,stop,2026-04-15,22:49:00,,
EARLSFIELD - GUILDFORD,P61742,2203,stop,2026-04-22,22:49:00,,
GUILDFORD - EARLSFIELD,Q48164,2245,stop,2026-04-06,22:49:00,,
EARLSFIELD - GUILDFORD,P61742,2203,stop,2026-04-01,22:49:00,,
GUILDFORD - EARLSFIELD,P61641,2245,stop,2026-04-13,22:49:00,,
GUILDFORD - EARLSFIELD,P61642,2245,stop,2026-04-17,22:49:00,,
EARLSFIELD - GUILDFORD,P61742,2203,stop,2026-04-16,22:49:00,,
GUILDFORD - EARLSFIELD,P61641,2245,stop,2026-04-09,22:49:00,,
GUILDFORD - EARLSFIELD,P61641,2245,stop,2026-04-08,22:49:00,,
EARLSFIELD - GUILDFORD,P61742,2203,stop,2026-04-21,22:49:00,,
EARLSFIELD - GUILDFORD,L74827,2206H,stop,2026-04-26,22:50:00,,
EARLSFIELD - GUILDFORD,L74827,2206H,stop,2026-04-19,22:50:00,,
EARLSFIELD - GUILDFORD,L74827,2206H,stop,2026-04-12,22:52:00,,
GUILDFORD - EARLSFIELD (2),P61753,2250,stop,2026-04-26,22:54:00,,
GUILDFORD - EARLSFIELD (2),P61753,2250,stop,2026-04-12,22:54:00,,
GUILDFORD - EARLSFIELD (2),P61753,2250,stop,2026-04-05,22:54:00,,
GUILDFORD - EARLSFIELD (2),P61753,2250,stop,2026-04-19,22:54:00,,
SURBITON - PORTSMOUTH HARBOUR,P61349,2228H,pass,2026-04-26,22:59:00,,
GUILDFORD - EARLSFIELD,P61641,2245,stop,2026-04-29,23:05:00,,
GUILDFORD - EARLSFIELD,P61641,2245,stop,2026-04-21,23:05:00,,
GUILDFORD - EARLSFIELD,P61641,2245,stop,2026-04-16,23:05:00,,
GUILDFORD - EARLSFIELD,P61641,2245,stop,2026-04-08,23:05:00,,
GUILDFORD - EARLSFIELD,P61641,2245,stop,2026-04-28,23:05:00,,
GUILDFORD - EARLSFIELD,P61641,2245,stop,2026-04-27,23:05:00,,
GUILDFORD - EARLSFIELD,P61641,2245,stop,2026-04-13,23:05:00,,
GUILDFORD - EARLSFIELD,P61640,2245,stop,2026-04-11,23:05:00,,
GUILDFORD - EARLSFIELD,P61641,2245,stop,2026-04-15,23:05:00,,
GUILDFORD - EARLSFIELD,P61640,2245,stop,2026-04-18,23:05:00,,
GUILDFORD - EARLSFIELD,P61641,2245,stop,2026-04-02,23:05:00,,
GUILDFORD - EARLSFIELD,P61642,2245,stop,2026-04-10,23:05:00,,
GUILDFORD - EARLSFIELD,P61641,2245,stop,2026-04-06,23:05:00,,
GUILDFORD - EARLSFIELD,P61640,2245,stop,2026-04-04,23:05:00,,
GUILDFORD - EARLSFIELD,P61640,2245,stop,2026-04-25,23:05:00,,
GUILDFORD - EARLSFIELD,P61641,2245,stop,2026-04-20,23:05:00,,
GUILDFORD - EARLSFIELD,P61642,2245,stop,2026-04-17,23:05:00,,
GUILDFORD - EARLSFIELD,Q48164,2245,stop,2026-04-06,23:05:00,,
GUILDFORD - EARLSFIELD,P61641,2245,stop,2026-04-01,23:05:00,,
GUILDFORD - EARLSFIELD,P61642,2245,stop,2026-04-03,23:05:00,,
GUILDFORD - EARLSFIELD,P61641,2245,stop,2026-04-30,23:05:00,,
GUILDFORD - EARLSFIELD,P61642,2245,stop,2026-04-24,23:05:00,,
GUILDFORD - EARLSFIELD,P61641,2245,stop,2026-04-23,23:05:00,,
GUILDFORD - EARLSFIELD,P61641,2245,stop,2026-04-14,23:05:00,,
GUILDFORD - EARLSFIELD,Q38202,2245,stop,2026-04-03,23:05:00,,
GUILDFORD - EARLSFIELD,P61641,2245,stop,2026-04-07,23:05:00,,
GUILDFORD - EARLSFIELD,P61641,2245,stop,2026-04-22,23:05:00,,
GUILDFORD - EARLSFIELD,P61641,2245,stop,2026-04-09,23:05:00,,
GUILDFORD - EARLSFIELD (4),P61756,2304,stop,2026-04-04,23:08:00,,
GUILDFORD - RAYNES PARK,Q48129,2304,stop,2026-04-06,23:08:00,,
GUILDFORD - EARLSFIELD (4),Q39765,2304,stop,2026-04-03,23:08:00,,
GUILDFORD - EARLSFIELD (4),P61756,2304,stop,2026-04-18,23:08:00,,
GUILDFORD - EARLSFIELD (4),P61756,2304,stop,2026-04-11,23:08:00,,
GUILDFORD - EARLSFIELD (4),P61756,2304,stop,2026-04-25,23:08:00,,
GUILDFORD - RAYNES PARK,L74853,2307,stop,2026-04-02,23:11:00,,
GUILDFORD - RAYNES PARK,L74853,2307,stop,2026-04-24,23:11:00,,
GUILDFORD - RAYNES PARK,L74853,2307,stop,2026-04-20,23:11:00,,
GUILDFORD - RAYNES PARK,L74853,2307,stop,2026-04-28,23:11:00,,
GUILDFORD - RAYNES PARK,L74853,2307,stop,2026-04-23,23:11:00,,
GUILDFORD - RAYNES PARK,L74853,2307,stop,2026-04-13,23:11:00,,
GUILDFORD - RAYNES PARK,L74853,2307,stop,2026-04-17,23:11:00,,
GUILDFORD - RAYNES PARK,L74853,2307,stop,2026-04-15,23:11:00,,
GUILDFORD - RAYNES PARK,L74853,2307,stop,2026-04-16,23:11:00,,
GUILDFORD - RAYNES PARK,L74853,2307,stop,2026-04-22,23:11:00,,
GUILDFORD - RAYNES PARK,L74853,2307,stop,2026-04-09,23:11:00,,
GUILDFORD - RAYNES PARK,L74853,2307,stop,2026-04-06,23:11:00,,
GUILDFORD - RAYNES PARK,L74853,2307,stop,2026-04-01,23:11:00,,
GUILDFORD - RAYNES PARK,L74853,2307,stop,2026-04-21,23:11:00,,
GUILDFORD - RAYNES PARK,L74853,2307,stop,2026-04-27,23:11:00,,
GUILDFORD - RAYNES PARK,L74853,2307,stop,2026-04-30,23:11:00,,
GUILDFORD - RAYNES PARK,L74853,2307,stop,2026-04-03,23:11:00,,
GUILDFORD - RAYNES PARK,L74853,2307,stop,2026-04-29,23:11:00,,
GUILDFORD - RAYNES PARK,L74853,2307,stop,2026-04-10,23:11:00,,
GUILDFORD - RAYNES PARK,L74853,2307,stop,2026-04-07,23:11:00,,
GUILDFORD - RAYNES PARK,L74853,2307,stop,2026-04-14,23:11:00,,
GUILDFORD - RAYNES PARK,L74853,2307,stop,2026-04-08,23:11:00,,
EFFINGHAM JUNCTION - WORCESTER PARK,Q54756,2313,stop,2026-04-12,23:13:00,,
EARLSFIELD - GUILDFORD,P61745,2233,stop,2026-04-15,23:16:00,,
EARLSFIELD - GUILDFORD,P61745,2233,stop,2026-04-08,23:16:00,,
EARLSFIELD - GUILDFORD,P61745,2233,stop,2026-04-01,23:16:00,,
EARLSFIELD - GUILDFORD,P61745,2233,stop,2026-04-03,23:16:00,,
EARLSFIELD - GUILDFORD,P61745,2233,stop,2026-04-28,23:16:00,,
EARLSFIELD - GUILDFORD,P61745,2233,stop,2026-04-16,23:16:00,,
EARLSFIELD - GUILDFORD,P61745,2233,stop,2026-04-22,23:16:00,,
EARLSFIELD - GUILDFORD,P61745,2233,stop,2026-04-06,23:16:00,,
EARLSFIELD - GUILDFORD,P61745,2233,stop,2026-04-23,23:16:00,,
EARLSFIELD - GUILDFORD,P61745,2233,stop,2026-04-17,23:16:00,,
EARLSFIELD - GUILDFORD,P61745,2233,stop,2026-04-07,23:16:00,,
EARLSFIELD - GUILDFORD,P61745,2233,stop,2026-04-29,23:16:00,,
EARLSFIELD - GUILDFORD,P61745,2233,stop,2026-04-02,23:16:00,,
EARLSFIELD - GUILDFORD,P61745,2233,stop,2026-04-13,23:16:00,,
EARLSFIELD - GUILDFORD,P61745,2233,stop,2026-04-14,23:16:00,,
EARLSFIELD - GUILDFORD,P61745,2233,stop,2026-04-21,23:16:00,,
EARLSFIELD - GUILDFORD,P61745,2233,stop,2026-04-30,23:16:00,,
EARLSFIELD - GUILDFORD,P61745,2233,stop,2026-04-27,23:16:00,,
EARLSFIELD - GUILDFORD,P61745,2233,stop,2026-04-10,23:16:00,,
EARLSFIELD - GUILDFORD,P61745,2233,stop,2026-04-20,23:16:00,,
EARLSFIELD - GUILDFORD,P61745,2233,stop,2026-04-24,23:16:00,,
EARLSFIELD - GUILDFORD,P61745,2233,stop,2026-04-09,23:16:00,,
EARLSFIELD - GUILDFORD,L74831,2233,stop,2026-04-25,23:19:00,,
EARLSFIELD - GUILDFORD,L74831,2233,stop,2026-04-04,23:19:00,,
EARLSFIELD - GUILDFORD,Q38211,2233,stop,2026-04-03,23:19:00,,
EARLSFIELD - GUILDFORD,Q48192,2233,stop,2026-04-06,23:19:00,,
EARLSFIELD - GUILDFORD,L74831,2233,stop,2026-04-11,23:19:00,,
EARLSFIELD - GUILDFORD,L74831,2233,stop,2026-04-18,23:19:00,,
EARLSFIELD - GUILDFORD (2),P61632,2232,stop,2026-04-19,23:21:00,,
GUILDFORD - POOLE,L72828,2248,pass,2026-04-26,23:21:00,,
EARLSFIELD - GUILDFORD (2),P61632,2232,stop,2026-04-12,23:21:00,,
EARLSFIELD - GUILDFORD (2),P61632,2232,stop,2026-04-05,23:21:00,,
EARLSFIELD - GUILDFORD (2),P61632,2232,stop,2026-04-26,23:21:00,,
PORTSMOUTH HARBOUR - SURBITON (2),L76285,2151,pass,2026-04-26,23:22:00,,
EFFINGHAM JUNCTION - WORCESTER PARK,Q54756,2313,stop,2026-04-12,23:22:00,,
EARLSFIELD - GUILDFORD (3),P61632,2232,stop,2026-04-12,23:25:00,,
EARLSFIELD - GUILDFORD (3),P61632,2232,stop,2026-04-05,23:25:00,,
EARLSFIELD - GUILDFORD (3),P61632,2232,stop,2026-04-19,23:25:00,,
EARLSFIELD - GUILDFORD (3),P61632,2232,stop,2026-04-26,23:25:00,,
WEYMOUTH - GUILDFORD (2),P61494,1958,pass,2026-04-26,23:27:00,,
WORCESTER PARK - EFFINGHAM JUNCTION,Q54792,2235,stop,2026-04-12,23:30:00,,
SURBITON - PORTSMOUTH HARBOUR (2),P62217,2302,pass,2026-04-26,23:35:00,,
GUILDFORD - EARLSFIELD (2),Q88836,2334,stop,2026-04-03,23:38:00,,
GUILDFORD - EARLSFIELD (2),P61758,2334,stop,2026-04-11,23:38:00,,
GUILDFORD - EARLSFIELD (2),P61758,2334,stop,2026-04-18,23:38:00,,
GUILDFORD - EARLSFIELD (2),P61758,2334,stop,2026-04-04,23:38:00,,
GUILDFORD - EARLSFIELD (2),P61758,2334,stop,2026-04-25,23:38:00,,
GUILDFORD - EARLSFIELD (2),P61757,2337,stop,2026-04-17,23:41:00,,
EARLSFIELD - GUILDFORD (2),P61630,2253,stop,2026-04-22,23:41:00,,
EARLSFIELD - GUILDFORD (2),P61630,2253,stop,2026-04-16,23:41:00,,
EARLSFIELD - GUILDFORD (2),P61630,2253,stop,2026-04-28,23:41:00,,
EARLSFIELD - GUILDFORD (2),P61630,2253,stop,2026-04-29,23:41:00,,
EARLSFIELD - GUILDFORD (2),P61631,2253,stop,2026-04-11,23:41:00,,
GUILDFORD - EARLSFIELD (2),P61757,2337,stop,2026-04-10,23:41:00,,
EARLSFIELD - GUILDFORD (2),P61630,2253,stop,2026-04-02,23:41:00,,
EARLSFIELD - GUILDFORD (2),P61630,2253,stop,2026-04-01,23:41:00,,
EARLSFIELD - GUILDFORD (2),P61631,2253,stop,2026-04-18,23:41:00,,
EARLSFIELD - GUILDFORD (2),P61630,2253,stop,2026-04-21,23:41:00,,
EARLSFIELD - GUILDFORD (2),P61630,2253,stop,2026-04-08,23:41:00,,
EARLSFIELD - GUILDFORD (2),P61630,2253,stop,2026-04-20,23:41:00,,
EARLSFIELD - GUILDFORD (2),Q38197,2253,stop,2026-04-03,23:41:00,,
EARLSFIELD - GUILDFORD (2),P61630,2253,stop,2026-04-03,23:41:00,,
EARLSFIELD - GUILDFORD (2),P61630,2253,stop,2026-04-30,23:41:00,,
EARLSFIELD - GUILDFORD (2),P61630,2253,stop,2026-04-17,23:41:00,,
EARLSFIELD - GUILDFORD (2),P61630,2253,stop,2026-04-10,23:41:00,,
EARLSFIELD - GUILDFORD (2),Q48151,2253,stop,2026-04-06,23:41:00,,
EARLSFIELD - GUILDFORD (2),P61630,2253,stop,2026-04-06,23:41:00,,
EARLSFIELD - GUILDFORD (2),P61631,2253,stop,2026-04-25,23:41:00,,
EARLSFIELD - GUILDFORD (2),P61630,2253,stop,2026-04-14,23:41:00,,
EARLSFIELD - GUILDFORD (2),P61630,2253,stop,2026-04-27,23:41:00,,
EARLSFIELD - GUILDFORD (2),P61630,2253,stop,2026-04-24,23:41:00,,
EARLSFIELD - GUILDFORD (2),P61631,2253,stop,2026-04-04,23:41:00,,
EARLSFIELD - GUILDFORD (2),P61630,2253,stop,2026-04-13,23:41:00,,
EARLSFIELD - GUILDFORD (2),P61630,2253,stop,2026-04-07,23:41:00,,
EARLSFIELD - GUILDFORD (2),P61630,2253,stop,2026-04-23,23:41:00,,
GUILDFORD - EARLSFIELD (2),P61757,2337,stop,2026-04-24,23:41:00,,
EARLSFIELD - GUILDFORD (2),P61630,2253,stop,2026-04-15,23:41:00,,
GUILDFORD - EARLSFIELD (2),P61757,2337,stop,2026-04-03,23:41:00,,
EARLSFIELD - GUILDFORD (2),P61630,2253,stop,2026-04-09,23:41:00,,
EARLSFIELD - GUILDFORD (3),P61630,2253,stop,2026-04-01,23:45:00,,
EARLSFIELD - GUILDFORD (3),P61630,2253,stop,2026-04-10,23:45:00,,
EARLSFIELD - GUILDFORD (3),P61631,2253,stop,2026-04-18,23:45:00,,
EARLSFIELD - GUILDFORD (3),P61630,2253,stop,2026-04-23,23:45:00,,
EARLSFIELD - GUILDFORD (3),P61630,2253,stop,2026-04-27,23:45:00,,
EARLSFIELD - GUILDFORD (3),P61630,2253,stop,2026-04-06,23:45:00,,
EARLSFIELD - GUILDFORD (3),P61630,2253,stop,2026-04-16,23:45:00,,
EARLSFIELD - GUILDFORD (3),Q38197,2253,stop,2026-04-03,23:45:00,,
EARLSFIELD - GUILDFORD (3),P61630,2253,stop,2026-04-03,23:45:00,,
EARLSFIELD - GUILDFORD (3),P61630,2253,stop,2026-04-28,23:45:00,,
EARLSFIELD - GUILDFORD (3),P61630,2253,stop,2026-04-13,23:45:00,,
EARLSFIELD - GUILDFORD (3),P61630,2253,stop,2026-04-14,23:45:00,,
EARLSFIELD - GUILDFORD (3),P61631,2253,stop,2026-04-04,23:45:00,,
EARLSFIELD - GUILDFORD (3),P61630,2253,stop,2026-04-17,23:45:00,,
EARLSFIELD - GUILDFORD (3),P61631,2253,stop,2026-04-11,23:45:00,,
EARLSFIELD - GUILDFORD (3),Q48151,2253,stop,2026-04-06,23:45:00,,
EARLSFIELD - GUILDFORD (3),P61630,2253,stop,2026-04-21,23:45:00,,
EARLSFIELD - GUILDFORD (3),P61630,2253,stop,2026-04-30,23:45:00,,
EARLSFIELD - GUILDFORD (3),P61630,2253,stop,2026-04-15,23:45:00,,
EARLSFIELD - GUILDFORD (3),P61630,2253,stop,2026-04-09,23:45:00,,
EARLSFIELD - GUILDFORD (3),P61630,2253,stop,2026-04-08,23:45:00,,
EARLSFIELD - GUILDFORD (3),P61630,2253,stop,2026-04-24,23:45:00,,
EARLSFIELD - GUILDFORD (3),P61630,2253,stop,2026-04-29,23:45:00,,
EARLSFIELD - GUILDFORD (3),P61630,2253,stop,2026-04-02,23:45:00,,
EARLSFIELD - GUILDFORD (3),P61630,2253,stop,2026-04-07,23:45:00,,
EARLSFIELD - GUILDFORD (3),P61630,2253,stop,2026-04-22,23:45:00,,
EARLSFIELD - GUILDFORD (3),P61630,2253,stop,2026-04-20,23:45:00,,
EARLSFIELD - GUILDFORD (4),P61749,2257,stop,2026-04-05,23:45:00,,
EARLSFIELD - GUILDFORD (3),P61631,2253,stop,2026-04-25,23:45:00,,
PORTSMOUTH HARBOUR - SURBITON,L73525,2232,pass,2026-04-26,23:46:00,,
SURBITON - PORTSMOUTH HARBOUR,P61352,2328H,pass,2026-04-26,23:59:00,,
WORCESTER PARK - EFFINGHAM JUNCTION,Q54855,2305,stop,2026-04-12,23:59:00,,
