route_variant,train_uid,origin_departure,stop_type,date,departure_time,train_class,number_of_coaches
BALHAM - DORKING (3),P26779,2311,stop,2026-04-12,23:59:00,,
STREATHAM - DORKING (2),P26779,2313,stop,2026-04-19,00:01:00,,
EARLSFIELD - DORKING,P61092,2323,stop,2026-04-24,00:02:00,,
BALHAM - DORKING (3),P26779,2311,stop,2026-04-26,00:02:00,,
BALHAM - DORKING (3),P26778,2311,stop,2026-04-25,00:02:00,,
EARLSFIELD - DORKING,P61094,2323,stop,2026-04-18,00:02:00,,
EARLSFIELD - DORKING,P61094,2323,stop,2026-04-11,00:02:00,,
EARLSFIELD - DORKING,Q48102,2323,stop,2026-04-06,00:02:00,,
EARLSFIELD - DORKING,P61094,2323,stop,2026-04-04,00:02:00,,
EARLSFIELD - DORKING,P61092,2323,stop,2026-04-10,00:02:00,,
EARLSFIELD - DORKING,Q38178,2323,stop,2026-04-03,00:02:00,,
EARLSFIELD - DORKING,P61092,2323,stop,2026-04-03,00:02:00,,
EARLSFIELD - DORKING,P61092,2323,stop,2026-04-17,00:02:00,,
BALHAM - DORKING (3),P26778,2311,stop,2026-04-11,00:02:00,,
DORKING - EARLSFIELD,P61100,2332,stop,2026-04-11,23:58:00,,
DORKING - EARLSFIELD,P61099,2332,stop,2026-04-03,23:58:00,,
DORKING - EPSOM  UP SIDINGS   (TPS ONLY),G71946,2358,stop,2026-04-25,23:58:00,,
DORKING - EPSOM  UP SIDINGS   (TPS ONLY),G71946,2358,stop,2026-04-18,23:58:00,,
DORKING - EPSOM  UP SIDINGS   (TPS ONLY),G71946,2358,stop,2026-04-11,23:58:00,,
DORKING - EPSOM  UP SIDINGS   (TPS ONLY),X02144,2358,stop,2026-04-06,23:58:00,,
DORKING - EPSOM  UP SIDINGS   (TPS ONLY),G71946,2358,stop,2026-04-04,23:58:00,,
DORKING - EPSOM  UP SIDINGS   (TPS ONLY),X92974,2358,stop,2026-04-03,23:58:00,,
DORKING - EARLSFIELD,Q40142,2332,stop,2026-04-03,23:58:00,,
EARLSFIELD - DORKING,P61093,2310,stop,2026-04-22,23:57:00,,
EARLSFIELD - DORKING,P61093,2310,stop,2026-04-21,23:57:00,,
EARLSFIELD - DORKING,P61093,2310,stop,2026-04-30,23:57:00,,
EARLSFIELD - DORKING,P61093,2310,stop,2026-04-29,23:57:00,,
EARLSFIELD - DORKING,P61093,2310,stop,2026-04-28,23:57:00,,
EARLSFIELD - DORKING,P61093,2310,stop,2026-04-01,23:57:00,,
EARLSFIELD - DORKING,P61093,2310,stop,2026-04-02,23:57:00,,
EARLSFIELD - GUILDFORD (2),P61636,2342,stop,2026-04-08,00:07:00,,
EARLSFIELD - GUILDFORD (2),P61636,2342,stop,2026-04-09,00:07:00,,
EARLSFIELD - GUILDFORD (2),P61636,2342,stop,2026-04-02,00:07:00,,
EARLSFIELD - GUILDFORD (2),P61636,2342,stop,2026-04-06,00:07:00,,
EARLSFIELD - GUILDFORD (2),Q48051,2342,stop,2026-04-06,00:07:00,,
EARLSFIELD - GUILDFORD (2),P61636,2342,stop,2026-04-07,00:07:00,,
EARLSFIELD - DORKING,P61094,2323,stop,2026-04-25,00:06:00,,
EARLSFIELD - GUILDFORD (2),P61636,2342,stop,2026-04-21,00:07:00,,
BALHAM - DORKING,X00982,2311,stop,2026-04-06,00:07:00,,
BALHAM - DORKING (7),P26779,2311,stop,2026-04-05,00:07:00,,
EARLSFIELD - GUILDFORD (2),P61636,2342,stop,2026-04-30,00:07:00,,
EARLSFIELD - GUILDFORD (2),P61636,2342,stop,2026-04-29,00:07:00,,
EARLSFIELD - GUILDFORD (2),P61636,2342,stop,2026-04-28,00:07:00,,
EARLSFIELD - GUILDFORD (2),P61636,2342,stop,2026-04-27,00:07:00,,
EARLSFIELD - GUILDFORD (2),P61636,2342,stop,2026-04-23,00:07:00,,
EARLSFIELD - GUILDFORD (2),P61636,2342,stop,2026-04-22,00:07:00,,
EARLSFIELD - GUILDFORD (2),P61636,2342,stop,2026-04-20,00:07:00,,
EARLSFIELD - GUILDFORD (2),P61636,2342,stop,2026-04-16,00:07:00,,
EARLSFIELD - GUILDFORD (2),P61636,2342,stop,2026-04-15,00:07:00,,
EARLSFIELD - GUILDFORD (2),P61636,2342,stop,2026-04-14,00:07:00,,
EARLSFIELD - GUILDFORD (2),P61636,2342,stop,2026-04-13,00:07:00,,
BALHAM - DORKING,X93560,2311,stop,2026-04-03,00:07:00,,
BALHAM - DORKING,P26778,2311,stop,2026-04-04,00:07:00,,
EARLSFIELD - GUILDFORD (2),P61636,2342,stop,2026-04-01,00:07:00,,
GUILDFORD - RAYNES PARK,L74328,2345,stop,2026-04-18,00:10:00,,
GUILDFORD - RAYNES PARK,L74327,2345,stop,2026-04-17,00:10:00,,
GUILDFORD - RAYNES PARK,L74328,2345,stop,2026-04-04,00:10:00,,
GUILDFORD - RAYNES PARK,L74328,2345,stop,2026-04-11,00:10:00,,
GUILDFORD - RAYNES PARK,L74327,2345,stop,2026-04-10,00:10:00,,
GUILDFORD - RAYNES PARK,Q38163,2345,stop,2026-04-03,00:10:00,,
GUILDFORD - RAYNES PARK,L74328,2345,stop,2026-04-25,00:10:00,,
GUILDFORD - RAYNES PARK,L74327,2345,stop,2026-04-24,00:10:00,,
GUILDFORD - RAYNES PARK,L74327,2345,stop,2026-04-03,00:10:00,,
EARLSFIELD - DORKING,P61093,2310,stop,2026-04-06,23:57:00,,
EARLSFIELD - DORKING,P61093,2310,stop,2026-04-07,23:57:00,,
EARLSFIELD - DORKING,P61093,2310,stop,2026-04-08,23:57:00,,
EARLSFIELD - DORKING,P61093,2310,stop,2026-04-09,23:57:00,,
EARLSFIELD - DORKING,P61093,2310,stop,2026-04-13,23:57:00,,
EARLSFIELD - DORKING,P61093,2310,stop,2026-04-14,23:57:00,,
EARLSFIELD - DORKING,P61093,2310,stop,2026-04-27,23:57:00,,
EARLSFIELD - DORKING,P61093,2310,stop,2026-04-23,23:57:00,,
EARLSFIELD - DORKING,P61093,2310,stop,2026-04-16,23:57:00,,
EARLSFIELD - DORKING,P61093,2310,stop,2026-04-20,23:57:00,,
EARLSFIELD - DORKING,P61093,2310,stop,2026-04-15,23:57:00,,
BALHAM - HORSHAM,P26772,2241,stop,2026-04-08,23:53:00,,
BALHAM - HORSHAM,P26772,2241,stop,2026-04-07,23:53:00,,
SUTTON (SURREY) - DORKING,X04905,2255,stop,2026-04-12,23:53:00,,
BALHAM - HORSHAM,P26772,2241,stop,2026-04-09,23:53:00,,
EARLSFIELD - CHESSINGTON SOUTH,P62131,2345,stop,2026-04-18,00:12:00,,
EARLSFIELD - CHESSINGTON SOUTH,P62130,2346,stop,2026-04-17,00:12:00,,
EARLSFIELD - CHESSINGTON SOUTH,P62130,2346,stop,2026-04-03,00:12:00,,
EARLSFIELD - CHESSINGTON SOUTH,Q38162,2345,stop,2026-04-03,00:12:00,,
EARLSFIELD - CHESSINGTON SOUTH,P62131,2345,stop,2026-04-04,00:12:00,,
EARLSFIELD - CHESSINGTON SOUTH,P62130,2346,stop,2026-04-10,00:12:00,,
EARLSFIELD - CHESSINGTON SOUTH,P62131,2345,stop,2026-04-11,00:12:00,,
STREATHAM - DORKING (2),P26778,2316,stop,2026-04-18,00:14:00,,
EARLSFIELD - CHESSINGTON SOUTH,P62131,2345,stop,2026-04-25,00:14:00,,
BALHAM - HORSHAM,P26786,2325,stop,2026-04-03,00:14:00,,
BALHAM - HORSHAM,P26786,2325,stop,2026-04-17,00:14:00,,
EARLSFIELD - CHESSINGTON SOUTH,P62130,2346,stop,2026-04-24,00:12:00,,
BALHAM - HORSHAM,P26786,2327,stop,2026-04-15,00:15:00,,
DORKING - EPSOM  UP SIDINGS   (TPS ONLY),G71937,15,stop,2026-04-13,00:15:00,,
BALHAM - HORSHAM,P26786,2325,stop,2026-04-24,00:14:00,,
BALHAM - HORSHAM,P26786,2325,stop,2026-04-22,00:14:00,,
BALHAM - HORSHAM,P26786,2325,stop,2026-04-23,00:14:00,,
BALHAM - HORSHAM,P26786,2325,stop,2026-04-21,00:14:00,,
BALHAM - HORSHAM,P26786,2325,stop,2026-04-30,00:14:00,,
BALHAM - HORSHAM,P26786,2325,stop,2026-04-27,00:14:00,,
BALHAM - HORSHAM,P26786,2325,stop,2026-04-28,00:14:00,,
BALHAM - HORSHAM,P26786,2325,stop,2026-04-29,00:14:00,,
BALHAM - HORSHAM,P26786,2325,stop,2026-04-20,00:14:00,,
BALHAM - HORSHAM,P26786,2325,stop,2026-04-06,00:14:00,,
BALHAM - HORSHAM,P26786,2325,stop,2026-04-10,00:14:00,,
DORKING - DORKING (2),P62637,9,pass,2026-04-02,00:15:00,,
BALHAM - HORSHAM,P26786,2327,stop,2026-04-14,00:15:00,,
DORKING - DORKING (2),P62637,9,pass,2026-04-15,00:15:00,,
DORKING - DORKING (2),P62637,9,pass,2026-04-21,00:15:00,,
DORKING - DORKING (2),P62637,9,pass,2026-04-28,00:15:00,,
DORKING - DORKING (2),P62637,9,pass,2026-04-29,00:15:00,,
DORKING - DORKING (2),P62637,9,pass,2026-04-24,00:15:00,,
DORKING - DORKING (2),P62637,9,pass,2026-04-30,00:15:00,,
BALHAM - HORSHAM,P26786,2327,stop,2026-04-16,00:15:00,,
DORKING - DORKING (2),P62637,9,pass,2026-04-23,00:15:00,,
DORKING - DORKING (2),P62637,9,pass,2026-04-22,00:15:00,,
DORKING - DORKING (2),P62637,9,pass,2026-04-16,00:15:00,,
BALHAM - HORSHAM,P26786,2327,stop,2026-04-13,00:15:00,,
DORKING - EPSOM  UP SIDINGS   (TPS ONLY),G71937,15,stop,2026-04-27,00:15:00,,
DORKING - DORKING (2),P62637,9,pass,2026-04-17,00:15:00,,
DORKING - EPSOM  UP SIDINGS   (TPS ONLY),G71937,18,stop,2026-04-20,00:18:00,,
EARLSFIELD - GUILDFORD (2),P61637,2353,stop,2026-04-24,00:18:00,,
BALHAM - HORSHAM,P26786,2325,stop,2026-04-01,00:16:00,,
BALHAM - HORSHAM,P26786,2325,stop,2026-04-02,00:16:00,,
DORKING - DORKING (2),P62637,9,pass,2026-04-09,00:15:00,,
DORKING - DORKING (2),P62637,9,pass,2026-04-14,00:15:00,,
DORKING - DORKING (2),P62637,9,pass,2026-04-03,00:15:00,,
DORKING - DORKING (2),P62637,9,pass,2026-04-08,00:15:00,,
DORKING - DORKING (2),P62637,9,pass,2026-04-07,00:15:00,,
DORKING - DORKING (2),P62637,9,pass,2026-04-10,00:15:00,,
DORKING - DORKING (2),P62637,9,pass,2026-04-01,00:15:00,,
EARLSFIELD - GUILDFORD (2),P61637,2353,stop,2026-04-17,00:18:00,,
EARLSFIELD - GUILDFORD (2),P61638,2353,stop,2026-04-04,00:18:00,,
EARLSFIELD - GUILDFORD (2),P61637,2353,stop,2026-04-10,00:18:00,,
EARLSFIELD - GUILDFORD (2),Q88875,2353,stop,2026-04-03,00:18:00,,
EARLSFIELD - GUILDFORD (2),P61637,2353,stop,2026-04-03,00:18:00,,
EARLSFIELD - GUILDFORD (2),P61638,2353,stop,2026-04-25,00:18:00,,
EARLSFIELD - GUILDFORD (2),P61638,2353,stop,2026-04-18,00:18:00,,
EARLSFIELD - GUILDFORD (2),P61638,2353,stop,2026-04-11,00:18:00,,
BALHAM - HORSHAM (2),P26786,2325,stop,2026-04-09,00:19:00,,
BALHAM - HORSHAM (2),P26786,2325,stop,2026-04-08,00:19:00,,
BALHAM - HORSHAM (2),P26786,2325,stop,2026-04-07,00:19:00,,
DORKING - EPSOM  UP SIDINGS   (TPS ONLY),G71937,23,stop,2026-04-06,00:23:00,,
WORCESTER PARK - EARLSFIELD,Q56298,27,stop,2026-04-13,00:27:00,,
DORKING - DORKING (2),L78415,23,pass,2026-04-12,00:28:00,,
DORKING - DORKING (2),Q45469,23,pass,2026-04-04,00:28:00,,
DORKING - DORKING (2),L78415,23,pass,2026-04-26,00:28:00,,
DORKING - DORKING (2),L78415,23,pass,2026-04-05,00:28:00,,
DORKING - DORKING (2),L78415,23,pass,2026-04-19,00:28:00,,
CHESSINGTON SOUTH - RAYNES PARK,Q45465,27,stop,2026-04-04,00:32:00,,
CHESSINGTON SOUTH - RAYNES PARK,L75888,27,stop,2026-04-19,00:32:00,,
CHESSINGTON SOUTH - RAYNES PARK,L75888,27,stop,2026-04-05,00:32:00,,
CHESSINGTON SOUTH - RAYNES PARK,L75888,27,stop,2026-04-26,00:32:00,,
CHESSINGTON SOUTH - RAYNES PARK,L75888,27,stop,2026-04-12,00:32:00,,
DORKING - DORKING (2),Q48020,21,pass,2026-04-07,00:30:00,,
DORKING - DORKING (2),P62641,23,pass,2026-04-11,00:29:00,,
DORKING - DORKING (2),P62641,23,pass,2026-04-25,00:29:00,,
DORKING - DORKING (2),P62641,23,pass,2026-04-18,00:29:00,,
DORKING - DORKING (2),P62641,23,pass,2026-04-04,00:29:00,,
CHESSINGTON SOUTH - RAYNES PARK,L75887,28,stop,2026-04-04,00:33:00,,
CHESSINGTON SOUTH - RAYNES PARK,L75887,28,stop,2026-04-11,00:33:00,,
CHESSINGTON SOUTH - RAYNES PARK,L75887,28,stop,2026-04-25,00:33:00,,
CHESSINGTON SOUTH - RAYNES PARK,L75887,28,stop,2026-04-18,00:33:00,,
SUTTON (SURREY) - DORKING,X04903,2359,stop,2026-04-12,00:36:00,,
EARLSFIELD - DORKING,P61102,25,stop,2026-04-05,00:52:00,,
EARLSFIELD - DORKING,P61101,25,stop,2026-04-25,00:52:00,,
EARLSFIELD - LEATHERHEAD,P61102,25,stop,2026-04-19,00:52:00,,
EARLSFIELD - DORKING,P61101,25,stop,2026-04-18,00:52:00,,
EARLSFIELD - DORKING,P61101,25,stop,2026-04-11,00:52:00,,
EARLSFIELD - DORKING,P61101,25,stop,2026-04-04,00:52:00,,
RAYNES PARK - DORKING,Q62925,51,stop,2026-04-26,01:08:00,,
EARLSFIELD - DORKING,P61102,25,stop,2026-04-26,01:06:00,,
EARLSFIELD - DORKING,P61102,25,stop,2026-04-12,01:06:00,,
EARLSFIELD - DORKING,Q45468,25,stop,2026-04-04,01:06:00,,
SUTTON (SURREY) - DORKING,X02567,24,stop,2026-04-06,01:01:00,,
EPSOM - HORSHAM,X01964,101,stop,2026-04-08,01:11:00,,
EPSOM - HORSHAM,X01964,101,stop,2026-04-10,01:11:00,,
EPSOM - HORSHAM,X01964,101,stop,2026-04-09,01:11:00,,
LEATHERHEAD - DORKING,Q61095,116,stop,2026-04-19,01:16:00,,
LEATHERHEAD - GUILDFORD,Q61096,114,stop,2026-04-19,01:14:00,,
DORKING - DORKING (2),P62639,125,pass,2026-04-19,01:30:00,,
DORKING - DORKING (2),L78428,125,pass,2026-04-11,01:30:00,,
DORKING - DORKING (2),L78428,125,pass,2026-04-04,01:30:00,,
DORKING - DORKING (2),P62639,125,pass,2026-04-05,01:30:00,,
DORKING - DORKING (2),Q44736,125,pass,2026-04-04,01:30:00,,
DORKING - DORKING (2),L78428,125,pass,2026-04-18,01:30:00,,
DORKING - DORKING (2),P62639,125,pass,2026-04-12,01:30:00,,
DORKING - DORKING (2),P62639,125,pass,2026-04-26,01:30:00,,
DORKING - DORKING (2),L78428,125,pass,2026-04-25,01:30:00,,
DORKING - HORSHAM,G71587,430,stop,2026-04-08,04:30:00,,
DORKING - HORSHAM,G71586,430,stop,2026-04-04,04:30:00,,
DORKING - HORSHAM,G71587,430,stop,2026-04-01,04:30:00,,
DORKING - HORSHAM,G71587,430,stop,2026-04-03,04:30:00,,
DORKING - HORSHAM,G71587,430,stop,2026-04-24,04:30:00,,
DORKING - HORSHAM,G71587,430,stop,2026-04-28,04:30:00,,
DORKING - HORSHAM,G71587,430,stop,2026-04-23,04:30:00,,
DORKING - HORSHAM,G71587,430,stop,2026-04-17,04:30:00,,
DORKING - HORSHAM,G71587,430,stop,2026-04-13,04:30:00,,
DORKING - HORSHAM,G71587,430,stop,2026-04-15,04:30:00,,
DORKING - HORSHAM,G71586,430,stop,2026-04-25,04:30:00,,
DORKING - HORSHAM,G71587,430,stop,2026-04-30,04:30:00,,
DORKING - HORSHAM,G71586,430,stop,2026-04-11,04:30:00,,
DORKING - HORSHAM,X97054,430,stop,2026-04-03,04:30:00,,
DORKING - HORSHAM,X00524,430,stop,2026-04-06,04:30:00,,
DORKING - HORSHAM,G71587,430,stop,2026-04-06,04:30:00,,
DORKING - HORSHAM,G71587,430,stop,2026-04-07,04:30:00,,
DORKING - HORSHAM,G71587,430,stop,2026-04-10,04:30:00,,
DORKING - HORSHAM,G71587,430,stop,2026-04-02,04:30:00,,
DORKING - HORSHAM,G71587,430,stop,2026-04-09,04:30:00,,
GUILDFORD - EARLSFIELD,P61576,458,stop,2026-04-27,05:25:00,,
GUILDFORD - EARLSFIELD,P61576,458,stop,2026-04-10,05:25:00,,
GUILDFORD - EARLSFIELD,P61576,458,stop,2026-04-07,05:25:00,,
GUILDFORD - EARLSFIELD,P61576,458,stop,2026-04-03,05:25:00,,
GUILDFORD - EARLSFIELD,P61576,458,stop,2026-04-14,05:25:00,,
GUILDFORD - EARLSFIELD,P61576,458,stop,2026-04-17,05:25:00,,
GUILDFORD - EARLSFIELD,P61576,458,stop,2026-04-08,05:25:00,,
GUILDFORD - EARLSFIELD,P61576,458,stop,2026-04-24,05:25:00,,
DORKING - HORSHAM,G71587,430,stop,2026-04-27,04:30:00,,
DORKING - HORSHAM,G71587,430,stop,2026-04-14,04:30:00,,
DORKING - HORSHAM,G71587,430,stop,2026-04-16,04:30:00,,
DORKING - HORSHAM,G71586,430,stop,2026-04-18,04:30:00,,
DORKING - HORSHAM,G71587,430,stop,2026-04-22,04:30:00,,
DORKING - HORSHAM,G71587,430,stop,2026-04-29,04:30:00,,
DORKING - HORSHAM,G71587,430,stop,2026-04-20,04:30:00,,
DORKING - HORSHAM,G71587,430,stop,2026-04-21,04:30:00,,
GUILDFORD - EARLSFIELD,P61576,458,stop,2026-04-23,05:25:00,,
GUILDFORD - EARLSFIELD,P61576,458,stop,2026-04-28,05:25:00,,
GUILDFORD - EARLSFIELD,P61576,458,stop,2026-04-20,05:25:00,,
GUILDFORD - EARLSFIELD,P61576,458,stop,2026-04-16,05:25:00,,
GUILDFORD - EARLSFIELD,P61576,458,stop,2026-04-22,05:25:00,,
GUILDFORD - EARLSFIELD,P61576,458,stop,2026-04-13,05:25:00,,
GUILDFORD - EARLSFIELD,P61576,458,stop,2026-04-15,05:25:00,,
GUILDFORD - EARLSFIELD,P61576,458,stop,2026-04-09,05:25:00,,
GUILDFORD - EARLSFIELD,P61576,458,stop,2026-04-29,05:25:00,,
GUILDFORD - EARLSFIELD,P61576,458,stop,2026-04-30,05:25:00,,
GUILDFORD - EARLSFIELD,P61576,458,stop,2026-04-06,05:25:00,,
GUILDFORD - EARLSFIELD,P61576,458,stop,2026-04-21,05:25:00,,
GUILDFORD - EARLSFIELD,P61576,458,stop,2026-04-01,05:25:00,,
GUILDFORD - EARLSFIELD,P61576,458,stop,2026-04-02,05:25:00,,
BALHAM - HORSHAM,P26772,2241,stop,2026-04-22,23:51:00,,
BALHAM - HORSHAM,P26772,2241,stop,2026-04-23,23:51:00,,
BALHAM - HORSHAM,P26772,2241,stop,2026-04-30,23:51:00,,
BALHAM - HORSHAM,P26772,2241,stop,2026-04-21,23:51:00,,
BALHAM - HORSHAM,P26772,2241,stop,2026-04-20,23:51:00,,
BALHAM - HORSHAM,P26772,2241,stop,2026-04-17,23:51:00,,
BALHAM - HORSHAM,P26772,2241,stop,2026-04-16,23:51:00,,
BALHAM - HORSHAM,P26772,2241,stop,2026-04-02,23:51:00,,
BALHAM - HORSHAM,P26772,2241,stop,2026-04-15,23:51:00,,
BALHAM - HORSHAM,P26772,2241,stop,2026-04-14,23:51:00,,
BALHAM - HORSHAM,P26772,2241,stop,2026-04-13,23:51:00,,
BALHAM - HORSHAM,P26772,2241,stop,2026-04-27,23:51:00,,
BALHAM - HORSHAM,P26772,2241,stop,2026-04-10,23:51:00,,
BALHAM - HORSHAM,P26772,2241,stop,2026-04-06,23:51:00,,
BALHAM - HORSHAM,P26772,2241,stop,2026-04-03,23:51:00,,
DORKING - BALHAM,P26580,539,stop,2026-04-23,05:39:00,,
DORKING - BALHAM,P26580,539,stop,2026-04-03,05:39:00,,
DORKING - BALHAM,P26580,539,stop,2026-04-07,05:39:00,,
DORKING - BALHAM,P26580,539,stop,2026-04-15,05:39:00,,
DORKING - BALHAM,P26580,539,stop,2026-04-27,05:39:00,,
DORKING - BALHAM,P26580,539,stop,2026-04-02,05:39:00,,
DORKING - BALHAM,P26580,539,stop,2026-04-10,05:39:00,,
DORKING - BALHAM,P26580,539,stop,2026-04-29,05:39:00,,
DORKING - BALHAM,P26580,539,stop,2026-04-28,05:39:00,,
DORKING - BALHAM,P26580,539,stop,2026-04-08,05:39:00,,
DORKING - BALHAM,P26580,539,stop,2026-04-09,05:39:00,,
DORKING - BALHAM,P26580,539,stop,2026-04-13,05:39:00,,
DORKING - BALHAM,P26580,539,stop,2026-04-14,05:39:00,,
DORKING - BALHAM,P26580,539,stop,2026-04-22,05:39:00,,
DORKING - BALHAM,P26580,539,stop,2026-04-16,05:39:00,,
DORKING - BALHAM,P26580,539,stop,2026-04-21,05:39:00,,
DORKING - BALHAM,P26580,539,stop,2026-04-30,05:39:00,,
DORKING - BALHAM,P26580,539,stop,2026-04-01,05:39:00,,
DORKING - BALHAM,P26580,539,stop,2026-04-24,05:39:00,,
DORKING - BALHAM,P26580,539,stop,2026-04-06,05:39:00,,
DORKING - BALHAM,P26580,539,stop,2026-04-20,05:39:00,,
DORKING - BALHAM,P26580,539,stop,2026-04-17,05:39:00,,
EPSOM - EARLSFIELD,Q51842,534,stop,2026-04-06,05:43:00,,
EPSOM - EARLSFIELD,L74206,534,stop,2026-04-25,05:43:00,,
EPSOM - EARLSFIELD,Q88884,534,stop,2026-04-03,05:43:00,,
EPSOM - EARLSFIELD,L74206,534,stop,2026-04-04,05:43:00,,
EPSOM - EARLSFIELD,L74206,534,stop,2026-04-11,05:43:00,,
EPSOM - EARLSFIELD,L74206,534,stop,2026-04-18,05:43:00,,
GUILDFORD - EARLSFIELD,L74210,525,stop,2026-04-29,05:51:00,,
GUILDFORD - EARLSFIELD,L74210,525,stop,2026-04-02,05:51:00,,
GUILDFORD - EARLSFIELD,L74210,525,stop,2026-04-10,05:51:00,,
GUILDFORD - EARLSFIELD,L74210,525,stop,2026-04-14,05:51:00,,
GUILDFORD - EARLSFIELD,L74210,525,stop,2026-04-30,05:51:00,,
GUILDFORD - EARLSFIELD,L74210,525,stop,2026-04-22,05:51:00,,
GUILDFORD - EARLSFIELD,L74210,525,stop,2026-04-20,05:51:00,,
GUILDFORD - EARLSFIELD,L74210,525,stop,2026-04-09,05:51:00,,
GUILDFORD - EARLSFIELD,L74210,525,stop,2026-04-21,05:51:00,,
GUILDFORD - EARLSFIELD,L74210,525,stop,2026-04-17,05:51:00,,
GUILDFORD - EARLSFIELD,L74210,525,stop,2026-04-27,05:51:00,,
GUILDFORD - EARLSFIELD,L74210,525,stop,2026-04-15,05:51:00,,
GUILDFORD - EARLSFIELD,L74210,525,stop,2026-04-28,05:51:00,,
GUILDFORD - EARLSFIELD,L74210,525,stop,2026-04-16,05:51:00,,
GUILDFORD - EARLSFIELD,L74210,525,stop,2026-04-23,05:51:00,,
GUILDFORD - EARLSFIELD,L74210,525,stop,2026-04-24,05:51:00,,
GUILDFORD - EARLSFIELD,L74210,525,stop,2026-04-03,05:51:00,,
GUILDFORD - EARLSFIELD,L74210,525,stop,2026-04-13,05:51:00,,
GUILDFORD - EARLSFIELD,L74210,525,stop,2026-04-01,05:51:00,,
GUILDFORD - EARLSFIELD,L74210,525,stop,2026-04-08,05:51:00,,
GUILDFORD - EARLSFIELD,L74210,525,stop,2026-04-06,05:51:00,,
DORKING - DORKING,P62410,503,pass,2026-04-01,05:53:00,,
DORKING - DORKING,P62410,503,pass,2026-04-16,05:53:00,,
DORKING - DORKING,P62410,503,pass,2026-04-27,05:53:00,,
DORKING - DORKING,P62410,503,pass,2026-04-29,05:53:00,,
DORKING - DORKING,P62410,503,pass,2026-04-20,05:53:00,,
DORKING - DORKING,P62410,503,pass,2026-04-03,05:53:00,,
DORKING - DORKING,P62410,503,pass,2026-04-13,05:53:00,,
DORKING - DORKING,P62410,503,pass,2026-04-14,05:53:00,,
DORKING - DORKING,P62410,503,pass,2026-04-24,05:53:00,,
DORKING - DORKING,P62410,503,pass,2026-04-17,05:53:00,,
DORKING - DORKING,P62410,503,pass,2026-04-21,05:53:00,,
DORKING - DORKING,P62410,503,pass,2026-04-23,05:53:00,,
GUILDFORD - EARLSFIELD,L74210,525,stop,2026-04-07,05:51:00,,
DORKING - DORKING,P62410,503,pass,2026-04-30,05:53:00,,
DORKING - DORKING,P62410,503,pass,2026-04-10,05:53:00,,
DORKING - DORKING,P62410,503,pass,2026-04-07,05:53:00,,
DORKING - DORKING,P62410,503,pass,2026-04-06,05:53:00,,
DORKING - DORKING,P62410,503,pass,2026-04-08,05:53:00,,
DORKING - DORKING,P62410,503,pass,2026-04-09,05:53:00,,
DORKING - DORKING,P62410,503,pass,2026-04-02,05:53:00,,
DORKING - DORKING,P62410,503,pass,2026-04-28,05:53:00,,
DORKING - DORKING,P62410,503,pass,2026-04-15,05:53:00,,
DORKING - DORKING,P62410,503,pass,2026-04-22,05:53:00,,
HORSHAM - BALHAM,P26583,549,stop,2026-04-28,06:00:00,,
HORSHAM - BALHAM,P26583,549,stop,2026-04-20,06:00:00,,
HORSHAM - BALHAM,P26583,549,stop,2026-04-15,06:00:00,,
HORSHAM - BALHAM,P26583,549,stop,2026-04-10,06:00:00,,
HORSHAM - BALHAM,P26583,549,stop,2026-04-13,06:00:00,,
HORSHAM - BALHAM,P26583,549,stop,2026-04-09,06:00:00,,
HORSHAM - BALHAM,P26583,549,stop,2026-04-23,06:00:00,,
HORSHAM - BALHAM,P26583,549,stop,2026-04-07,06:00:00,,
HORSHAM - BALHAM,P26583,549,stop,2026-04-24,06:00:00,,
HORSHAM - BALHAM,P26583,549,stop,2026-04-21,06:00:00,,
HORSHAM - BALHAM,P26583,549,stop,2026-04-16,06:00:00,,
HORSHAM - BALHAM,P26583,549,stop,2026-04-27,06:00:00,,
HORSHAM - BALHAM,P26583,549,stop,2026-04-14,06:00:00,,
HORSHAM - BALHAM,P26583,549,stop,2026-04-17,06:00:00,,
HORSHAM - BALHAM,P26583,549,stop,2026-04-01,06:00:00,,
EARLSFIELD - GUILDFORD,P61574,539,stop,2026-04-17,06:04:00,,
HORSHAM - BALHAM,P26583,549,stop,2026-04-02,06:04:00,,
HORSHAM - BALHAM,P26583,549,stop,2026-04-03,06:04:00,,
EARLSFIELD - GUILDFORD,P61574,539,stop,2026-04-13,06:04:00,,
EARLSFIELD - GUILDFORD,P61574,539,stop,2026-04-07,06:04:00,,
EARLSFIELD - GUILDFORD,P61574,539,stop,2026-04-20,06:04:00,,
EARLSFIELD - GUILDFORD,P61574,539,stop,2026-04-06,06:04:00,,
HORSHAM - BALHAM,P26583,549,stop,2026-04-22,06:00:00,,
HORSHAM - BALHAM,P26583,549,stop,2026-04-08,06:00:00,,
HORSHAM - BALHAM,P26583,549,stop,2026-04-06,06:00:00,,
HORSHAM - BALHAM,P26583,549,stop,2026-04-29,06:00:00,,
HORSHAM - BALHAM,P26583,549,stop,2026-04-30,06:00:00,,
EARLSFIELD - GUILDFORD,P61574,539,stop,2026-04-27,06:04:00,,
EARLSFIELD - GUILDFORD,P61574,539,stop,2026-04-08,06:04:00,,
EARLSFIELD - GUILDFORD,P61574,539,stop,2026-04-16,06:04:00,,
EARLSFIELD - GUILDFORD,P61574,539,stop,2026-04-10,06:04:00,,
EARLSFIELD - GUILDFORD,P61574,539,stop,2026-04-21,06:04:00,,
EARLSFIELD - GUILDFORD,P61574,539,stop,2026-04-15,06:04:00,,
EARLSFIELD - GUILDFORD,P61574,539,stop,2026-04-14,06:04:00,,
EARLSFIELD - GUILDFORD,P61574,539,stop,2026-04-09,06:04:00,,
EARLSFIELD - GUILDFORD,P61574,539,stop,2026-04-23,06:04:00,,
EARLSFIELD - GUILDFORD,P61574,539,stop,2026-04-03,06:04:00,,
EARLSFIELD - GUILDFORD,P61574,539,stop,2026-04-30,06:04:00,,
EARLSFIELD - GUILDFORD,P61574,539,stop,2026-04-24,06:04:00,,
EARLSFIELD - GUILDFORD,P61574,539,stop,2026-04-02,06:04:00,,
EARLSFIELD - GUILDFORD,P61574,539,stop,2026-04-01,06:04:00,,
EARLSFIELD - GUILDFORD,P61574,539,stop,2026-04-28,06:04:00,,
EARLSFIELD - GUILDFORD,P61574,539,stop,2026-04-29,06:04:00,,
EARLSFIELD - GUILDFORD,P61574,539,stop,2026-04-22,06:04:00,,
RAYNES PARK - CHESSINGTON SOUTH,Q51735,603,stop,2026-04-06,06:17:00,,
RAYNES PARK - CHESSINGTON SOUTH,P62026,603,stop,2026-04-25,06:17:00,,
RAYNES PARK - CHESSINGTON SOUTH,P62026,603,stop,2026-04-04,06:17:00,,
RAYNES PARK - CHESSINGTON SOUTH,P62026,603,stop,2026-04-11,06:17:00,,
DORKING - MITCHAM EASTFIELDS,P26584,615,stop,2026-04-18,06:15:00,,
RAYNES PARK - CHESSINGTON SOUTH,Q88761,603,stop,2026-04-03,06:14:00,,
RAYNES PARK - CHESSINGTON SOUTH,P62026,603,stop,2026-04-18,06:14:00,,
RAYNES PARK - CHESSINGTON SOUTH,L75685,609,stop,2026-04-03,06:19:00,,
RAYNES PARK - CHESSINGTON SOUTH,L75685,609,stop,2026-04-17,06:19:00,,
RAYNES PARK - CHESSINGTON SOUTH,L75685,609,stop,2026-04-28,06:19:00,,
RAYNES PARK - CHESSINGTON SOUTH,L75685,609,stop,2026-04-29,06:19:00,,
RAYNES PARK - CHESSINGTON SOUTH,L75685,609,stop,2026-04-14,06:19:00,,
RAYNES PARK - CHESSINGTON SOUTH,L75685,609,stop,2026-04-13,06:19:00,,
RAYNES PARK - CHESSINGTON SOUTH,L75685,609,stop,2026-04-24,06:19:00,,
RAYNES PARK - CHESSINGTON SOUTH,L75685,609,stop,2026-04-23,06:19:00,,
RAYNES PARK - CHESSINGTON SOUTH,L75685,609,stop,2026-04-22,06:19:00,,
RAYNES PARK - CHESSINGTON SOUTH,L75685,609,stop,2026-04-01,06:19:00,,
RAYNES PARK - CHESSINGTON SOUTH,L75685,609,stop,2026-04-16,06:19:00,,
RAYNES PARK - CHESSINGTON SOUTH,L75685,609,stop,2026-04-02,06:19:00,,
RAYNES PARK - CHESSINGTON SOUTH,L75685,609,stop,2026-04-27,06:19:00,,
RAYNES PARK - CHESSINGTON SOUTH,L75685,609,stop,2026-04-21,06:19:00,,
RAYNES PARK - CHESSINGTON SOUTH,L75685,609,stop,2026-04-20,06:19:00,,
RAYNES PARK - CHESSINGTON SOUTH,L75685,609,stop,2026-04-09,06:19:00,,
RAYNES PARK - CHESSINGTON SOUTH,L75685,609,stop,2026-04-08,06:19:00,,
RAYNES PARK - CHESSINGTON SOUTH,L75685,609,stop,2026-04-07,06:19:00,,
RAYNES PARK - CHESSINGTON SOUTH,L75685,609,stop,2026-04-15,06:19:00,,
DORKING - EARLSFIELD,P60999,621,stop,2026-04-21,06:21:00,,
DORKING - EARLSFIELD,P60999,621,stop,2026-04-06,06:21:00,,
DORKING - EARLSFIELD,P60999,621,stop,2026-04-07,06:21:00,,
DORKING - EARLSFIELD,P60999,621,stop,2026-04-20,06:21:00,,
DORKING - EARLSFIELD,P60999,621,stop,2026-04-15,06:21:00,,
RAYNES PARK - CHESSINGTON SOUTH,L75685,609,stop,2026-04-30,06:19:00,,
RAYNES PARK - CHESSINGTON SOUTH,L75685,609,stop,2026-04-06,06:19:00,,
RAYNES PARK - CHESSINGTON SOUTH,L75685,609,stop,2026-04-10,06:19:00,,
DORKING - EARLSFIELD,P60999,621,stop,2026-04-27,06:21:00,,
DORKING - EARLSFIELD,P60999,621,stop,2026-04-28,06:21:00,,
DORKING - EARLSFIELD,P60999,621,stop,2026-04-02,06:21:00,,
DORKING - EARLSFIELD,P60999,621,stop,2026-04-24,06:21:00,,
DORKING - EARLSFIELD,P60999,621,stop,2026-04-29,06:21:00,,
DORKING - EARLSFIELD,P60999,621,stop,2026-04-23,06:21:00,,
DORKING - EARLSFIELD,P60999,621,stop,2026-04-30,06:21:00,,
DORKING - EARLSFIELD,P60999,621,stop,2026-04-03,06:21:00,,
DORKING - EARLSFIELD,P60999,621,stop,2026-04-22,06:21:00,,
DORKING - EARLSFIELD,P60999,621,stop,2026-04-09,06:21:00,,
DORKING - EARLSFIELD,P60999,621,stop,2026-04-14,06:21:00,,
DORKING - EARLSFIELD,P60999,621,stop,2026-04-16,06:21:00,,
DORKING - EARLSFIELD,P60999,621,stop,2026-04-17,06:21:00,,
DORKING - EARLSFIELD,P60999,621,stop,2026-04-13,06:21:00,,
DORKING - EARLSFIELD,P60999,621,stop,2026-04-10,06:21:00,,
DORKING - EARLSFIELD,P60999,621,stop,2026-04-01,06:21:00,,
DORKING - EARLSFIELD,P60999,621,stop,2026-04-08,06:21:00,,
HORSHAM - BALHAM,P26587,615,stop,2026-04-07,06:26:00,,
HORSHAM - BALHAM,P26587,615,stop,2026-04-20,06:26:00,,
HORSHAM - BALHAM,P26587,615,stop,2026-04-13,06:26:00,,
HORSHAM - BALHAM,P26587,615,stop,2026-04-08,06:26:00,,
HORSHAM - BALHAM,P26587,615,stop,2026-04-10,06:26:00,,
HORSHAM - BALHAM,P26587,615,stop,2026-04-27,06:26:00,,
HORSHAM - BALHAM,P26587,615,stop,2026-04-15,06:26:00,,
HORSHAM - BALHAM,P26587,615,stop,2026-04-24,06:26:00,,
HORSHAM - BALHAM,P26587,615,stop,2026-04-14,06:26:00,,
HORSHAM - BALHAM,P26587,615,stop,2026-04-09,06:26:00,,
HORSHAM - BALHAM,P26587,615,stop,2026-04-21,06:26:00,,
HORSHAM - BALHAM,P26587,615,stop,2026-04-29,06:26:00,,
EPSOM - EARLSFIELD,L74211,619,stop,2026-04-04,06:28:00,,
EPSOM - EARLSFIELD,L74326,618,stop,2026-04-13,06:28:00,,
EPSOM - EARLSFIELD,L74211,619,stop,2026-04-25,06:28:00,,
EPSOM - EARLSFIELD,L74326,618,stop,2026-04-06,06:28:00,,
EPSOM - EARLSFIELD,L74326,618,stop,2026-04-08,06:28:00,,
HORSHAM - BALHAM,P26587,615,stop,2026-04-02,06:26:00,,
HORSHAM - BALHAM,P26587,615,stop,2026-04-30,06:26:00,,
HORSHAM - BALHAM,P26587,615,stop,2026-04-03,06:26:00,,
HORSHAM - BALHAM,P26587,615,stop,2026-04-01,06:26:00,,
HORSHAM - BALHAM,P26587,615,stop,2026-04-16,06:26:00,,
HORSHAM - BALHAM,P26587,615,stop,2026-04-23,06:26:00,,
HORSHAM - BALHAM,P26587,615,stop,2026-04-28,06:26:00,,
HORSHAM - BALHAM,P26587,615,stop,2026-04-06,06:26:00,,
HORSHAM - BALHAM,P26587,615,stop,2026-04-22,06:26:00,,
HORSHAM - BALHAM,P26587,615,stop,2026-04-17,06:26:00,,
EPSOM - EARLSFIELD,L74326,618,stop,2026-04-30,06:28:00,,
EPSOM - EARLSFIELD,L74211,619,stop,2026-04-11,06:28:00,,
EPSOM - EARLSFIELD,Q51706,619,stop,2026-04-06,06:28:00,,
EPSOM - EARLSFIELD,L74326,618,stop,2026-04-20,06:28:00,,
EPSOM - EARLSFIELD,L74211,619,stop,2026-04-18,06:28:00,,
EPSOM - EARLSFIELD,L74326,618,stop,2026-04-02,06:28:00,,
EPSOM - EARLSFIELD,L74326,618,stop,2026-04-17,06:28:00,,
EPSOM - EARLSFIELD,L74326,618,stop,2026-04-21,06:28:00,,
EPSOM - EARLSFIELD,L74326,618,stop,2026-04-22,06:28:00,,
EPSOM - EARLSFIELD,L74326,618,stop,2026-04-16,06:28:00,,
EPSOM - EARLSFIELD,L74326,618,stop,2026-04-03,06:28:00,,
EPSOM - EARLSFIELD,L74326,618,stop,2026-04-23,06:28:00,,
EPSOM - EARLSFIELD,Q39212,619,stop,2026-04-03,06:28:00,,
EPSOM - EARLSFIELD,L74326,618,stop,2026-04-15,06:28:00,,
EPSOM - EARLSFIELD,L74326,618,stop,2026-04-24,06:28:00,,
EPSOM - EARLSFIELD,L74326,618,stop,2026-04-14,06:28:00,,
EPSOM - EARLSFIELD,L74326,618,stop,2026-04-27,06:28:00,,
EPSOM - EARLSFIELD,L74326,618,stop,2026-04-09,06:28:00,,
EPSOM - EARLSFIELD,L74326,618,stop,2026-04-10,06:28:00,,
EPSOM - EARLSFIELD,L74326,618,stop,2026-04-28,06:28:00,,
EPSOM - EARLSFIELD,L74326,618,stop,2026-04-29,06:28:00,,
EPSOM - EARLSFIELD,L74326,618,stop,2026-04-07,06:28:00,,
EPSOM - EARLSFIELD,L74326,618,stop,2026-04-01,06:28:00,,
BALHAM - HORSHAM,P26772,2241,stop,2026-04-24,23:51:00,,
BALHAM - HORSHAM,P26772,2241,stop,2026-04-01,23:51:00,,
BALHAM - HORSHAM,P26772,2241,stop,2026-04-29,23:51:00,,
BALHAM - HORSHAM,P26772,2241,stop,2026-04-28,23:51:00,,
CHESSINGTON SOUTH - RAYNES PARK,L75885,2342,stop,2026-04-13,23:49:00,,
CHESSINGTON SOUTH - RAYNES PARK,L75885,2342,stop,2026-04-16,23:49:00,,
CHESSINGTON SOUTH - RAYNES PARK,L75885,2342,stop,2026-04-15,23:49:00,,
CHESSINGTON SOUTH - RAYNES PARK,L75885,2342,stop,2026-04-14,23:49:00,,
CHESSINGTON SOUTH - RAYNES PARK,L75885,2342,stop,2026-04-17,23:49:00,,
CHESSINGTON SOUTH - RAYNES PARK,L75885,2342,stop,2026-04-10,23:49:00,,
EPSOM  UP SIDINGS   (TPS ONLY) - DORKING,X05882,619,pass,2026-04-18,06:33:00,,
DORKING - SUTTON (SURREY),X04900,635,stop,2026-04-12,06:35:00,,
EARLSFIELD - GUILDFORD,P61575,609,stop,2026-04-13,06:35:00,,
EARLSFIELD - GUILDFORD,P61575,609,stop,2026-04-08,06:35:00,,
EARLSFIELD - GUILDFORD,P61575,609,stop,2026-04-29,06:35:00,,
EARLSFIELD - GUILDFORD,P61575,609,stop,2026-04-09,06:35:00,,
EARLSFIELD - GUILDFORD,P61575,609,stop,2026-04-28,06:35:00,,
EARLSFIELD - GUILDFORD,P61575,609,stop,2026-04-07,06:35:00,,
EARLSFIELD - GUILDFORD,P61575,609,stop,2026-04-10,06:35:00,,
EARLSFIELD - GUILDFORD,P61575,609,stop,2026-04-27,06:35:00,,
EARLSFIELD - GUILDFORD,P61575,609,stop,2026-04-23,06:35:00,,
EARLSFIELD - GUILDFORD,P61575,609,stop,2026-04-06,06:35:00,,
EARLSFIELD - GUILDFORD,P61575,609,stop,2026-04-15,06:35:00,,
EARLSFIELD - GUILDFORD,P61575,609,stop,2026-04-24,06:35:00,,
EARLSFIELD - GUILDFORD,P61575,609,stop,2026-04-03,06:35:00,,
EARLSFIELD - GUILDFORD,P61575,609,stop,2026-04-01,06:35:00,,
EARLSFIELD - GUILDFORD,P61575,609,stop,2026-04-14,06:35:00,,
CHESSINGTON SOUTH - EARLSFIELD,L75694,634,stop,2026-04-22,06:39:00,,
CHESSINGTON SOUTH - EARLSFIELD,L75694,634,stop,2026-04-29,06:39:00,,
CHESSINGTON SOUTH - EARLSFIELD,Q51667,634,stop,2026-04-06,06:39:00,,
CHESSINGTON SOUTH - EARLSFIELD,L75694,634,stop,2026-04-10,06:39:00,,
CHESSINGTON SOUTH - EARLSFIELD,L75694,634,stop,2026-04-17,06:39:00,,
EARLSFIELD - GUILDFORD,P61575,609,stop,2026-04-21,06:35:00,,
EARLSFIELD - GUILDFORD,P61575,609,stop,2026-04-02,06:35:00,,
EARLSFIELD - GUILDFORD,P61575,609,stop,2026-04-16,06:35:00,,
EARLSFIELD - GUILDFORD,P61575,609,stop,2026-04-17,06:35:00,,
EARLSFIELD - GUILDFORD,P61575,609,stop,2026-04-22,06:35:00,,
EARLSFIELD - GUILDFORD,P61575,609,stop,2026-04-20,06:35:00,,
EARLSFIELD - GUILDFORD,P61575,609,stop,2026-04-30,06:35:00,,
CHESSINGTON SOUTH - EARLSFIELD,L75695,634,stop,2026-04-04,06:39:00,,
CHESSINGTON SOUTH - EARLSFIELD,L75694,634,stop,2026-04-08,06:39:00,,
CHESSINGTON SOUTH - EARLSFIELD,L75694,634,stop,2026-04-03,06:39:00,,
CHESSINGTON SOUTH - EARLSFIELD,L75694,634,stop,2026-04-21,06:39:00,,
CHESSINGTON SOUTH - EARLSFIELD,L75694,634,stop,2026-04-02,06:39:00,,
CHESSINGTON SOUTH - EARLSFIELD,Q39196,634,stop,2026-04-03,06:39:00,,
CHESSINGTON SOUTH - EARLSFIELD,L75695,634,stop,2026-04-11,06:39:00,,
CHESSINGTON SOUTH - EARLSFIELD,L75695,634,stop,2026-04-25,06:39:00,,
CHESSINGTON SOUTH - EARLSFIELD,L75694,634,stop,2026-04-24,06:39:00,,
CHESSINGTON SOUTH - EARLSFIELD,L75694,634,stop,2026-04-28,06:39:00,,
CHESSINGTON SOUTH - EARLSFIELD,L75694,634,stop,2026-04-13,06:39:00,,
CHESSINGTON SOUTH - EARLSFIELD,L75695,634,stop,2026-04-18,06:39:00,,
CHESSINGTON SOUTH - EARLSFIELD,L75694,634,stop,2026-04-16,06:39:00,,
CHESSINGTON SOUTH - EARLSFIELD,L75694,634,stop,2026-04-30,06:39:00,,
CHESSINGTON SOUTH - EARLSFIELD,L75694,634,stop,2026-04-27,06:39:00,,
CHESSINGTON SOUTH - EARLSFIELD,L75694,634,stop,2026-04-07,06:39:00,,
CHESSINGTON SOUTH - EARLSFIELD,L75694,634,stop,2026-04-20,06:39:00,,
CHESSINGTON SOUTH - EARLSFIELD,L75694,634,stop,2026-04-06,06:39:00,,
CHESSINGTON SOUTH - EARLSFIELD,L75694,634,stop,2026-04-09,06:41:00,,
CHESSINGTON SOUTH - EARLSFIELD,L75694,634,stop,2026-04-23,06:41:00,,
DORKING - MITCHAM EASTFIELDS,P26589,641,stop,2026-04-19,06:41:00,,
CHESSINGTON SOUTH - EARLSFIELD,L75694,634,stop,2026-04-15,06:39:00,,
CHESSINGTON SOUTH - EARLSFIELD,L75694,634,stop,2026-04-01,06:39:00,,
CHESSINGTON SOUTH - EARLSFIELD,L75694,634,stop,2026-04-14,06:39:00,,
EARLSFIELD - CHESSINGTON SOUTH,P62027,617,stop,2026-04-22,06:43:00,,
EARLSFIELD - CHESSINGTON SOUTH,Q51708,617,stop,2026-04-06,06:43:00,,
EARLSFIELD - CHESSINGTON SOUTH,P62027,617,stop,2026-04-13,06:43:00,,
EARLSFIELD - CHESSINGTON SOUTH,P62027,617,stop,2026-04-14,06:43:00,,
EARLSFIELD - CHESSINGTON SOUTH,P62027,617,stop,2026-04-23,06:43:00,,
EARLSFIELD - CHESSINGTON SOUTH,P62027,617,stop,2026-04-10,06:43:00,,
EARLSFIELD - CHESSINGTON SOUTH,P62027,617,stop,2026-04-27,06:43:00,,
EARLSFIELD - CHESSINGTON SOUTH,P62027,617,stop,2026-04-17,06:43:00,,
EARLSFIELD - CHESSINGTON SOUTH,P62027,617,stop,2026-04-02,06:43:00,,
EARLSFIELD - CHESSINGTON SOUTH,P62027,617,stop,2026-04-15,06:43:00,,
EARLSFIELD - CHESSINGTON SOUTH,P62027,617,stop,2026-04-21,06:43:00,,
EARLSFIELD - CHESSINGTON SOUTH,Q39214,617,stop,2026-04-03,06:43:00,,
EARLSFIELD - CHESSINGTON SOUTH,P62027,617,stop,2026-04-06,06:43:00,,
EARLSFIELD - CHESSINGTON SOUTH,P62027,617,stop,2026-04-28,06:43:00,,
EARLSFIELD - CHESSINGTON SOUTH,P62028,617,stop,2026-04-25,06:43:00,,
EARLSFIELD - CHESSINGTON SOUTH,P62028,617,stop,2026-04-11,06:43:00,,
EARLSFIELD - CHESSINGTON SOUTH,P62028,617,stop,2026-04-18,06:43:00,,
EARLSFIELD - CHESSINGTON SOUTH,P62027,617,stop,2026-04-29,06:43:00,,
EARLSFIELD - CHESSINGTON SOUTH,P62027,617,stop,2026-04-30,06:43:00,,
DORKING - BALHAM (4),P26588,644,stop,2026-04-11,06:44:00,,
DORKING - BALHAM (4),P26588,644,stop,2026-04-04,06:44:00,,
DORKING - BALHAM (4),X96890,644,stop,2026-04-03,06:44:00,,
DORKING - BALHAM (4),P26588,644,stop,2026-04-25,06:44:00,,
DORKING - MITCHAM EASTFIELDS,P26588,644,stop,2026-04-18,06:44:00,,
DORKING - BALHAM (4),X00922,644,stop,2026-04-06,06:44:00,,
EARLSFIELD - CHESSINGTON SOUTH,P62027,617,stop,2026-04-08,06:43:00,,
EARLSFIELD - CHESSINGTON SOUTH,P62027,617,stop,2026-04-03,06:43:00,,
EARLSFIELD - CHESSINGTON SOUTH,P62027,617,stop,2026-04-07,06:43:00,,
EARLSFIELD - CHESSINGTON SOUTH,P62027,617,stop,2026-04-01,06:43:00,,
EARLSFIELD - CHESSINGTON SOUTH,P62027,617,stop,2026-04-24,06:43:00,,
EARLSFIELD - CHESSINGTON SOUTH,P62028,617,stop,2026-04-04,06:43:00,,
EARLSFIELD - CHESSINGTON SOUTH,P62027,617,stop,2026-04-09,06:43:00,,
EARLSFIELD - CHESSINGTON SOUTH,P62027,617,stop,2026-04-16,06:43:00,,
EARLSFIELD - CHESSINGTON SOUTH,P62027,617,stop,2026-04-20,06:43:00,,
DORKING - DORKING,L77168,613,pass,2026-04-15,06:45:00,,
DORKING - DORKING,L77168,613,pass,2026-04-21,06:45:00,,
DORKING - DORKING,L77168,613,pass,2026-04-09,06:45:00,,
DORKING - DORKING,L77168,613,pass,2026-04-16,06:45:00,,
DORKING - DORKING,L77168,613,pass,2026-04-02,06:45:00,,
DORKING - DORKING,L77168,613,pass,2026-04-06,06:45:00,,
DORKING - DORKING,L77168,613,pass,2026-04-30,06:45:00,,
DORKING - DORKING,L77168,613,pass,2026-04-20,06:45:00,,
DORKING - DORKING,L77168,613,pass,2026-04-22,06:45:00,,
DORKING - DORKING,L77168,613,pass,2026-04-27,06:45:00,,
DORKING - DORKING,L77168,613,pass,2026-04-14,06:45:00,,
DORKING - DORKING,L77168,613,pass,2026-04-08,06:45:00,,
DORKING - DORKING,L77168,613,pass,2026-04-28,06:45:00,,
DORKING - DORKING,L77168,613,pass,2026-04-24,06:45:00,,
DORKING - DORKING,L77168,613,pass,2026-04-07,06:45:00,,
DORKING - DORKING,L77168,613,pass,2026-04-17,06:45:00,,
DORKING - BALHAM (5),P26589,646,stop,2026-04-05,06:46:00,,
RAYNES PARK - EPSOM,Q61099,614,stop,2026-04-19,06:46:00,,
DORKING - DORKING,L77168,613,pass,2026-04-10,06:45:00,,
DORKING - DORKING,L77168,613,pass,2026-04-01,06:45:00,,
DORKING - DORKING,L77168,613,pass,2026-04-13,06:45:00,,
DORKING - DORKING,L77168,613,pass,2026-04-23,06:45:00,,
DORKING - DORKING,L77168,613,pass,2026-04-29,06:45:00,,
DORKING - DORKING,L77168,613,pass,2026-04-03,06:45:00,,
EARLSFIELD - DORKING,P60995,624,stop,2026-04-23,06:49:00,,
EARLSFIELD - DORKING,P60995,624,stop,2026-04-21,06:49:00,,
EARLSFIELD - DORKING,P60995,624,stop,2026-04-27,06:49:00,,
EARLSFIELD - DORKING,P60995,624,stop,2026-04-30,06:49:00,,
EARLSFIELD - DORKING,P60995,624,stop,2026-04-24,06:49:00,,
EARLSFIELD - DORKING,P60995,624,stop,2026-04-22,06:49:00,,
RAYNES PARK - DORKING,L72839,639,stop,2026-04-25,06:49:00,,
EARLSFIELD - DORKING,P60995,624,stop,2026-04-29,06:49:00,,
EARLSFIELD - DORKING,P60995,624,stop,2026-04-28,06:49:00,,
RAYNES PARK - DORKING,Q39192,639,stop,2026-04-03,06:49:00,,
EARLSFIELD - DORKING,P60995,624,stop,2026-04-15,06:49:00,,
EARLSFIELD - DORKING,P60995,624,stop,2026-04-10,06:49:00,,
EARLSFIELD - DORKING,P60995,624,stop,2026-04-20,06:49:00,,
EARLSFIELD - DORKING,P60995,624,stop,2026-04-01,06:49:00,,
EARLSFIELD - DORKING,P60995,624,stop,2026-04-16,06:49:00,,
EARLSFIELD - DORKING,P60995,624,stop,2026-04-06,06:49:00,,
EARLSFIELD - DORKING,P60995,624,stop,2026-04-08,06:49:00,,
RAYNES PARK - DORKING,Q51659,639,stop,2026-04-06,06:49:00,,
EARLSFIELD - DORKING,P60995,624,stop,2026-04-17,06:49:00,,
RAYNES PARK - DORKING,L72839,639,stop,2026-04-11,06:49:00,,
EARLSFIELD - DORKING,P60995,624,stop,2026-04-09,06:49:00,,
EARLSFIELD - DORKING,P60995,624,stop,2026-04-07,06:49:00,,
EARLSFIELD - DORKING,P60995,624,stop,2026-04-02,06:49:00,,
EARLSFIELD - DORKING,P60995,624,stop,2026-04-14,06:49:00,,
RAYNES PARK - DORKING,L72839,639,stop,2026-04-18,06:49:00,,
EARLSFIELD - DORKING,P60995,624,stop,2026-04-03,06:49:00,,
EARLSFIELD - DORKING,P60995,624,stop,2026-04-13,06:49:00,,
RAYNES PARK - DORKING,L72839,639,stop,2026-04-04,06:49:00,,
GUILDFORD - EARLSFIELD,L74219,628,stop,2026-04-06,06:55:00,,
GUILDFORD - EARLSFIELD,L74219,628,stop,2026-04-20,06:55:00,,
GUILDFORD - EARLSFIELD,L74219,628,stop,2026-04-21,06:55:00,,
GUILDFORD - EARLSFIELD,L74219,628,stop,2026-04-01,06:55:00,,
GUILDFORD - EARLSFIELD,L74219,628,stop,2026-04-27,06:55:00,,
GUILDFORD - EARLSFIELD,L74219,628,stop,2026-04-09,06:55:00,,
GUILDFORD - EARLSFIELD,L74219,628,stop,2026-04-02,06:55:00,,
GUILDFORD - EARLSFIELD,L74219,628,stop,2026-04-07,06:55:00,,
GUILDFORD - EARLSFIELD,L74219,628,stop,2026-04-15,06:55:00,,
GUILDFORD - EARLSFIELD,L74219,628,stop,2026-04-22,06:55:00,,
GUILDFORD - EARLSFIELD,L74219,628,stop,2026-04-10,06:55:00,,
GUILDFORD - EARLSFIELD,L74219,628,stop,2026-04-14,06:55:00,,
GUILDFORD - EARLSFIELD,L74219,628,stop,2026-04-08,06:55:00,,
GUILDFORD - EARLSFIELD,L74219,628,stop,2026-04-30,06:55:00,,
GUILDFORD - EARLSFIELD,L74219,628,stop,2026-04-03,06:55:00,,
GUILDFORD - EARLSFIELD,L74219,628,stop,2026-04-13,06:55:00,,
GUILDFORD - EARLSFIELD,L74219,628,stop,2026-04-28,06:55:00,,
GUILDFORD - EARLSFIELD,L74219,628,stop,2026-04-29,06:55:00,,
GUILDFORD - EARLSFIELD,L74219,628,stop,2026-04-16,06:55:00,,
GUILDFORD - EARLSFIELD,L74219,628,stop,2026-04-23,06:55:00,,
GUILDFORD - EARLSFIELD,L74219,628,stop,2026-04-17,06:55:00,,
GUILDFORD - EARLSFIELD,L74219,628,stop,2026-04-24,06:55:00,,
BALHAM - DORKING,P26581,611,stop,2026-04-20,06:57:00,,
BALHAM - DORKING,P26581,611,stop,2026-04-06,06:57:00,,
BALHAM - DORKING,P26581,611,stop,2026-04-08,06:57:00,,
BALHAM - DORKING,P26581,611,stop,2026-04-16,06:57:00,,
BALHAM - DORKING,P26581,611,stop,2026-04-24,06:57:00,,
BALHAM - DORKING,P26581,611,stop,2026-04-30,06:57:00,,
BALHAM - DORKING,P26581,611,stop,2026-04-23,06:57:00,,
BALHAM - DORKING,P26581,611,stop,2026-04-10,06:57:00,,
BALHAM - DORKING,P26581,611,stop,2026-04-03,06:57:00,,
BALHAM - DORKING,P26581,611,stop,2026-04-22,06:57:00,,
BALHAM - DORKING,P26581,611,stop,2026-04-21,06:57:00,,
BALHAM - DORKING,P26581,611,stop,2026-04-27,06:57:00,,
BALHAM - DORKING,P26581,611,stop,2026-04-07,06:57:00,,
BALHAM - DORKING,P26581,611,stop,2026-04-17,06:57:00,,
BALHAM - DORKING,P26581,611,stop,2026-04-29,06:57:00,,
BALHAM - DORKING,X96949,611,stop,2026-04-03,06:57:00,,
BALHAM - DORKING,P26581,611,stop,2026-04-13,06:57:00,,
BALHAM - DORKING,P26582,611,stop,2026-04-11,06:57:00,,
BALHAM - DORKING,P26581,611,stop,2026-04-14,06:57:00,,
BALHAM - DORKING,P26581,611,stop,2026-04-02,06:57:00,,
BALHAM - DORKING,X01848,611,stop,2026-04-06,06:57:00,,
RAYNES PARK - EPSOM,Q62924,641,stop,2026-04-26,06:58:00,,
STREATHAM - DORKING,P26582,605,stop,2026-04-18,06:58:00,,
RAYNES PARK - EPSOM,P61578,633,stop,2026-04-26,06:58:00,,
EPSOM - EARLSFIELD,L74215,649,stop,2026-04-25,06:58:00,,
EPSOM - EARLSFIELD,L74215,649,stop,2026-04-04,06:58:00,,
EPSOM - EARLSFIELD,Q39184,649,stop,2026-04-03,06:58:00,,
RAYNES PARK - EPSOM,P61578,633,stop,2026-04-05,06:58:00,,
EPSOM - EARLSFIELD,L74215,649,stop,2026-04-11,06:58:00,,
RAYNES PARK - EPSOM,P61578,633,stop,2026-04-19,06:58:00,,
BALHAM - DORKING,P26581,611,stop,2026-04-09,06:57:00,,
BALHAM - DORKING,P26581,611,stop,2026-04-01,06:57:00,,
BALHAM - DORKING,P26581,611,stop,2026-04-28,06:57:00,,
BALHAM - DORKING,P26581,611,stop,2026-04-15,06:57:00,,
BALHAM - DORKING,P26582,611,stop,2026-04-04,06:57:00,,
BALHAM - DORKING,P26582,611,stop,2026-04-25,06:57:00,,
EPSOM - EARLSFIELD,Q51633,649,stop,2026-04-06,06:58:00,,
EPSOM - EARLSFIELD,L74215,649,stop,2026-04-18,06:58:00,,
DORKING - EARLSFIELD,P61000,701,stop,2026-04-02,07:01:00,,
DORKING - EARLSFIELD,P61000,701,stop,2026-04-13,07:01:00,,
DORKING - EARLSFIELD,P61000,701,stop,2026-04-15,07:01:00,,
DORKING - EARLSFIELD,P61000,701,stop,2026-04-03,07:01:00,,
DORKING - EARLSFIELD,P61000,701,stop,2026-04-29,07:01:00,,
DORKING - EARLSFIELD,P61000,701,stop,2026-04-30,07:01:00,,
DORKING - EARLSFIELD,P61000,701,stop,2026-04-09,07:01:00,,
DORKING - EARLSFIELD,P61000,701,stop,2026-04-17,07:01:00,,
DORKING - EARLSFIELD,P61000,701,stop,2026-04-16,07:01:00,,
DORKING - EARLSFIELD,P61000,701,stop,2026-04-20,07:01:00,,
DORKING - EARLSFIELD,P61000,701,stop,2026-04-24,07:01:00,,
DORKING - EARLSFIELD,P61000,701,stop,2026-04-01,07:01:00,,
DORKING - EARLSFIELD,P61000,701,stop,2026-04-23,07:01:00,,
DORKING - EARLSFIELD,P61000,701,stop,2026-04-07,07:01:00,,
DORKING - EARLSFIELD,P61000,701,stop,2026-04-21,07:01:00,,
DORKING - EARLSFIELD,P61000,701,stop,2026-04-22,07:01:00,,
DORKING - EARLSFIELD,P61000,701,stop,2026-04-14,07:01:00,,
DORKING - EARLSFIELD,P61000,701,stop,2026-04-28,07:01:00,,
DORKING - SUTTON (SURREY),X04899,703,stop,2026-04-12,07:03:00,,
DORKING - EARLSFIELD,P61000,701,stop,2026-04-10,07:01:00,,
DORKING - EARLSFIELD,P61000,701,stop,2026-04-27,07:01:00,,
DORKING - EARLSFIELD,P61000,701,stop,2026-04-06,07:01:00,,
DORKING - EARLSFIELD,P61000,701,stop,2026-04-08,07:01:00,,
EARLSFIELD - DORKING,P60996,639,stop,2026-04-09,07:04:00,,
EARLSFIELD - DORKING,P60996,639,stop,2026-04-27,07:04:00,,
EARLSFIELD - DORKING,P60996,639,stop,2026-04-17,07:04:00,,
EARLSFIELD - DORKING,P60996,639,stop,2026-04-01,07:04:00,,
EARLSFIELD - DORKING,P60996,639,stop,2026-04-21,07:04:00,,
EARLSFIELD - DORKING,P60996,639,stop,2026-04-13,07:04:00,,
EARLSFIELD - DORKING,P60996,639,stop,2026-04-03,07:04:00,,
EARLSFIELD - DORKING,P60996,639,stop,2026-04-28,07:04:00,,
GUILDFORD - EARLSFIELD,Q39191,639,stop,2026-04-03,07:04:00,,
EARLSFIELD - DORKING,P60996,639,stop,2026-04-15,07:04:00,,
EARLSFIELD - DORKING,P60996,639,stop,2026-04-29,07:04:00,,
EARLSFIELD - DORKING,P60996,639,stop,2026-04-10,07:04:00,,
GUILDFORD - EARLSFIELD,L74220,639,stop,2026-04-11,07:04:00,,
EARLSFIELD - DORKING,P60996,639,stop,2026-04-08,07:04:00,,
EARLSFIELD - DORKING,P60996,639,stop,2026-04-22,07:04:00,,
GUILDFORD - EARLSFIELD,Q51657,639,stop,2026-04-06,07:04:00,,
EARLSFIELD - DORKING,P60996,639,stop,2026-04-14,07:04:00,,
EARLSFIELD - DORKING,P60996,639,stop,2026-04-24,07:04:00,,
EARLSFIELD - DORKING,P60996,639,stop,2026-04-30,07:04:00,,
GUILDFORD - EARLSFIELD,L74220,639,stop,2026-04-18,07:04:00,,
EARLSFIELD - DORKING,P60996,639,stop,2026-04-07,07:04:00,,
EARLSFIELD - DORKING,P60996,639,stop,2026-04-20,07:04:00,,
EARLSFIELD - DORKING,P60996,639,stop,2026-04-16,07:04:00,,
EARLSFIELD - DORKING,P60996,639,stop,2026-04-02,07:04:00,,
GUILDFORD - EARLSFIELD,L74220,639,stop,2026-04-04,07:04:00,,
EARLSFIELD - DORKING,P60996,639,stop,2026-04-06,07:04:00,,
WORCESTER PARK - DORKING,Q54911,705,stop,2026-04-12,07:05:00,,
EPSOM  UP SIDINGS   (TPS ONLY) - DORKING,X99392,651,pass,2026-04-05,07:05:00,,
GUILDFORD - EARLSFIELD,L74220,639,stop,2026-04-25,07:04:00,,
EARLSFIELD - DORKING,P60996,639,stop,2026-04-23,07:04:00,,
CHESSINGTON SOUTH - EARLSFIELD,L75699,704,stop,2026-04-15,07:09:00,,
CHESSINGTON SOUTH - EARLSFIELD,L75699,704,stop,2026-04-08,07:09:00,,
CHESSINGTON SOUTH - EARLSFIELD,L75700,704,stop,2026-04-18,07:09:00,,
CHESSINGTON SOUTH - EARLSFIELD,L75699,704,stop,2026-04-21,07:09:00,,
CHESSINGTON SOUTH - EARLSFIELD,L75699,704,stop,2026-04-13,07:09:00,,
CHESSINGTON SOUTH - EARLSFIELD,L75699,704,stop,2026-04-29,07:09:00,,
CHESSINGTON SOUTH - EARLSFIELD,Q39170,704,stop,2026-04-03,07:09:00,,
CHESSINGTON SOUTH - EARLSFIELD,L75699,704,stop,2026-04-07,07:09:00,,
CHESSINGTON SOUTH - EARLSFIELD,L75700,704,stop,2026-04-11,07:09:00,,
CHESSINGTON SOUTH - EARLSFIELD,L75700,704,stop,2026-04-04,07:09:00,,
CHESSINGTON SOUTH - EARLSFIELD,L75699,704,stop,2026-04-01,07:09:00,,
CHESSINGTON SOUTH - EARLSFIELD,L75699,704,stop,2026-04-17,07:09:00,,
CHESSINGTON SOUTH - EARLSFIELD,L75699,704,stop,2026-04-24,07:09:00,,
CHESSINGTON SOUTH - EARLSFIELD,L75699,704,stop,2026-04-03,07:09:00,,
CHESSINGTON SOUTH - EARLSFIELD,L75699,704,stop,2026-04-10,07:09:00,,
CHESSINGTON SOUTH - EARLSFIELD,L75699,704,stop,2026-04-27,07:09:00,,
CHESSINGTON SOUTH - EARLSFIELD,L75699,704,stop,2026-04-22,07:09:00,,
CHESSINGTON SOUTH - EARLSFIELD,Q51602,704,stop,2026-04-06,07:09:00,,
CHESSINGTON SOUTH - EARLSFIELD,L75699,704,stop,2026-04-09,07:09:00,,
CHESSINGTON SOUTH - EARLSFIELD,L75699,704,stop,2026-04-16,07:09:00,,
CHESSINGTON SOUTH - EARLSFIELD,L75699,704,stop,2026-04-02,07:09:00,,
CHESSINGTON SOUTH - EARLSFIELD,L75699,704,stop,2026-04-20,07:09:00,,
CHESSINGTON SOUTH - EARLSFIELD,L75699,704,stop,2026-04-23,07:09:00,,
CHESSINGTON SOUTH - EARLSFIELD,L75699,704,stop,2026-04-14,07:09:00,,
CHESSINGTON SOUTH - EARLSFIELD,L75699,704,stop,2026-04-28,07:09:00,,
CHESSINGTON SOUTH - EARLSFIELD,L75699,704,stop,2026-04-06,07:09:00,,
CHESSINGTON SOUTH - EARLSFIELD,L75700,704,stop,2026-04-25,07:09:00,,
SUTTON (SURREY) - DORKING,X04937,634,stop,2026-04-12,07:11:00,,
CHESSINGTON SOUTH - EARLSFIELD,L75699,704,stop,2026-04-30,07:11:00,,
EARLSFIELD - CHESSINGTON SOUTH,P62029,647,stop,2026-04-30,07:13:00,,
EARLSFIELD - CHESSINGTON SOUTH,P62029,647,stop,2026-04-13,07:13:00,,
EARLSFIELD - CHESSINGTON SOUTH,P62029,647,stop,2026-04-10,07:13:00,,
EARLSFIELD - CHESSINGTON SOUTH,Q39658,647,stop,2026-04-03,07:13:00,,
EARLSFIELD - CHESSINGTON SOUTH,P62029,647,stop,2026-04-03,07:13:00,,
EARLSFIELD - CHESSINGTON SOUTH,P62029,647,stop,2026-04-20,07:13:00,,
EARLSFIELD - CHESSINGTON SOUTH,P62029,647,stop,2026-04-09,07:13:00,,
EARLSFIELD - CHESSINGTON SOUTH,P62029,647,stop,2026-04-23,07:13:00,,
EARLSFIELD - CHESSINGTON SOUTH,P62029,647,stop,2026-04-29,07:13:00,,
EARLSFIELD - CHESSINGTON SOUTH,P62029,647,stop,2026-04-06,07:13:00,,
EARLSFIELD - CHESSINGTON SOUTH,P62029,647,stop,2026-04-07,07:13:00,,
EARLSFIELD - CHESSINGTON SOUTH,P62030,647,stop,2026-04-11,07:13:00,,
EARLSFIELD - CHESSINGTON SOUTH,P62030,647,stop,2026-04-18,07:13:00,,
EARLSFIELD - CHESSINGTON SOUTH,P62029,647,stop,2026-04-27,07:13:00,,
EARLSFIELD - CHESSINGTON SOUTH,P62029,647,stop,2026-04-16,07:13:00,,
DORKING - BALHAM (2),P26592,714,stop,2026-04-10,07:14:00,,
DORKING - BALHAM (2),P26592,714,stop,2026-04-07,07:14:00,,
DORKING - BALHAM (2),P26592,714,stop,2026-04-29,07:14:00,,
EARLSFIELD - CHESSINGTON SOUTH,P62029,647,stop,2026-04-21,07:13:00,,
EARLSFIELD - CHESSINGTON SOUTH,P62029,647,stop,2026-04-14,07:13:00,,
EARLSFIELD - CHESSINGTON SOUTH,P62029,647,stop,2026-04-17,07:13:00,,
EARLSFIELD - CHESSINGTON SOUTH,P62029,647,stop,2026-04-15,07:13:00,,
EARLSFIELD - CHESSINGTON SOUTH,P62030,647,stop,2026-04-04,07:13:00,,
EARLSFIELD - CHESSINGTON SOUTH,P62029,647,stop,2026-04-28,07:13:00,,
EARLSFIELD - CHESSINGTON SOUTH,P62029,647,stop,2026-04-22,07:13:00,,
EARLSFIELD - CHESSINGTON SOUTH,Q51639,647,stop,2026-04-06,07:13:00,,
EARLSFIELD - CHESSINGTON SOUTH,P62030,647,stop,2026-04-25,07:13:00,,
EARLSFIELD - CHESSINGTON SOUTH,P62029,647,stop,2026-04-08,07:13:00,,
EARLSFIELD - CHESSINGTON SOUTH,P62029,647,stop,2026-04-02,07:13:00,,
EARLSFIELD - CHESSINGTON SOUTH,P62029,647,stop,2026-04-24,07:13:00,,
EARLSFIELD - CHESSINGTON SOUTH,P62029,647,stop,2026-04-01,07:13:00,,
DORKING - BALHAM (2),P26592,714,stop,2026-04-14,07:14:00,,
DORKING - BALHAM (2),P26592,714,stop,2026-04-27,07:14:00,,
DORKING - BALHAM (2),P26592,714,stop,2026-04-08,07:14:00,,
DORKING - BALHAM (2),P26592,714,stop,2026-04-03,07:14:00,,
DORKING - BALHAM (2),P26592,714,stop,2026-04-02,07:14:00,,
DORKING - BALHAM (2),P26592,714,stop,2026-04-15,07:14:00,,
EPSOM - RAYNES PARK,Q62922,653,stop,2026-04-26,07:14:00,,
DORKING - BALHAM (2),P26592,714,stop,2026-04-16,07:14:00,,
DORKING - BALHAM (2),P26592,714,stop,2026-04-01,07:14:00,,
DORKING - BALHAM (2),P26592,714,stop,2026-04-20,07:14:00,,
DORKING - BALHAM (2),P26592,714,stop,2026-04-09,07:14:00,,
DORKING - BALHAM (2),P26592,714,stop,2026-04-24,07:14:00,,
DORKING - BALHAM (2),P26592,714,stop,2026-04-17,07:14:00,,
DORKING - BALHAM (2),P26592,714,stop,2026-04-30,07:14:00,,
DORKING - BALHAM (2),P26592,714,stop,2026-04-28,07:14:00,,
DORKING - BALHAM (2),P26592,714,stop,2026-04-06,07:14:00,,
DORKING - BALHAM (4),P26781,716,stop,2026-04-26,07:16:00,,
DORKING - BALHAM (2),P26592,714,stop,2026-04-22,07:14:00,,
DORKING - BALHAM (2),P26592,714,stop,2026-04-23,07:14:00,,
DORKING - BALHAM (2),P26592,714,stop,2026-04-21,07:14:00,,
DORKING - BALHAM (2),P26592,714,stop,2026-04-13,07:14:00,,
DORKING - MITCHAM EASTFIELDS,P26781,716,stop,2026-04-19,07:16:00,,
DORKING - BALHAM (5),P26781,716,stop,2026-04-05,07:16:00,,
DORKING - BALHAM (3),P26593,717,stop,2026-04-11,07:17:00,,
DORKING - BALHAM (3),X96842,717,stop,2026-04-03,07:17:00,,
DORKING - BALHAM (3),P26593,717,stop,2026-04-25,07:17:00,,
EPSOM - RAYNES PARK,Q61101,656,stop,2026-04-19,07:17:00,,
DORKING - BALHAM (4),P26781,716,stop,2026-04-12,07:16:00,,
DORKING - BALHAM (3),P26593,717,stop,2026-04-04,07:17:00,,
DORKING - BALHAM (3),X01852,717,stop,2026-04-06,07:17:00,,
DORKING - MITCHAM EASTFIELDS (2),P26593,717,stop,2026-04-18,07:17:00,,
EARLSFIELD - GUILDFORD (2),P61577,654,stop,2026-04-25,07:19:00,,
EARLSFIELD - GUILDFORD (2),P61577,654,stop,2026-04-11,07:19:00,,
EARLSFIELD - GUILDFORD (2),P61577,654,stop,2026-04-18,07:19:00,,
EARLSFIELD - GUILDFORD (2),Q51623,654,stop,2026-04-06,07:19:00,,
EARLSFIELD - GUILDFORD (2),Q39180,654,stop,2026-04-03,07:19:00,,
EARLSFIELD - GUILDFORD (2),P61577,654,stop,2026-04-04,07:19:00,,
GUILDFORD - EARLSFIELD,L74222,658,stop,2026-04-08,07:25:00,,
GUILDFORD - EARLSFIELD,L74222,658,stop,2026-04-13,07:25:00,,
GUILDFORD - EARLSFIELD,L74222,658,stop,2026-04-23,07:25:00,,
GUILDFORD - EARLSFIELD,L74222,658,stop,2026-04-27,07:25:00,,
GUILDFORD - EARLSFIELD,L74222,658,stop,2026-04-20,07:25:00,,
GUILDFORD - EARLSFIELD,L74222,658,stop,2026-04-06,07:25:00,,
GUILDFORD - EARLSFIELD,L74222,658,stop,2026-04-28,07:25:00,,
GUILDFORD - EARLSFIELD,L74222,658,stop,2026-04-16,07:25:00,,
GUILDFORD - EARLSFIELD,L74222,658,stop,2026-04-03,07:25:00,,
GUILDFORD - EARLSFIELD,L74222,658,stop,2026-04-15,07:25:00,,
GUILDFORD - EARLSFIELD,L74222,658,stop,2026-04-02,07:25:00,,
GUILDFORD - EARLSFIELD,L74222,658,stop,2026-04-17,07:25:00,,
GUILDFORD - EARLSFIELD,L74222,658,stop,2026-04-22,07:25:00,,
GUILDFORD - EARLSFIELD,L74222,658,stop,2026-04-30,07:25:00,,
GUILDFORD - EARLSFIELD,L74222,658,stop,2026-04-29,07:25:00,,
GUILDFORD - EARLSFIELD,L74222,658,stop,2026-04-21,07:25:00,,
GUILDFORD - EARLSFIELD,L74222,658,stop,2026-04-01,07:25:00,,
GUILDFORD - EARLSFIELD,L74222,658,stop,2026-04-10,07:25:00,,
GUILDFORD - EARLSFIELD,L74222,658,stop,2026-04-14,07:25:00,,
BALHAM - DORKING (8),P26783,640,stop,2026-04-12,07:27:00,,
GUILDFORD - EARLSFIELD,L74222,658,stop,2026-04-24,07:25:00,,
GUILDFORD - EARLSFIELD,L74222,658,stop,2026-04-07,07:25:00,,
GUILDFORD - EARLSFIELD,L74222,658,stop,2026-04-09,07:25:00,,
MITCHAM EASTFIELDS - DORKING (3),P26783,645,stop,2026-04-19,07:27:00,,
BALHAM - DORKING (4),P26783,640,stop,2026-04-05,07:27:00,,
BALHAM - DORKING (8),P26783,640,stop,2026-04-26,07:27:00,,
HORSHAM - BALHAM,P26596,717,stop,2026-04-10,07:28:00,,
HORSHAM - BALHAM,P26596,717,stop,2026-04-15,07:28:00,,
HORSHAM - BALHAM,P26596,717,stop,2026-04-16,07:28:00,,
HORSHAM - BALHAM,P26596,717,stop,2026-04-23,07:28:00,,
HORSHAM - BALHAM,P26596,717,stop,2026-04-21,07:28:00,,
HORSHAM - BALHAM,P26596,717,stop,2026-04-24,07:28:00,,
HORSHAM - BALHAM,P26596,717,stop,2026-04-20,07:28:00,,
HORSHAM - BALHAM,P26596,717,stop,2026-04-03,07:28:00,,
HORSHAM - BALHAM,P26596,717,stop,2026-04-30,07:28:00,,
HORSHAM - BALHAM,P26596,717,stop,2026-04-27,07:28:00,,
HORSHAM - BALHAM,P26596,717,stop,2026-04-14,07:28:00,,
HORSHAM - BALHAM,P26596,717,stop,2026-04-02,07:28:00,,
HORSHAM - BALHAM,P26596,717,stop,2026-04-29,07:28:00,,
HORSHAM - BALHAM,P26596,717,stop,2026-04-22,07:28:00,,
HORSHAM - BALHAM,P26596,717,stop,2026-04-09,07:28:00,,
HORSHAM - BALHAM,P26596,717,stop,2026-04-08,07:28:00,,
HORSHAM - BALHAM,P26596,717,stop,2026-04-07,07:28:00,,
BALHAM - HORSHAM,P26585,641,stop,2026-04-29,07:29:00,,
BALHAM - HORSHAM,P26585,641,stop,2026-04-21,07:29:00,,
BALHAM - DORKING (3),P26586,641,stop,2026-04-25,07:29:00,,
HORSHAM - BALHAM,P26596,717,stop,2026-04-17,07:28:00,,
HORSHAM - BALHAM,P26596,717,stop,2026-04-06,07:28:00,,
HORSHAM - BALHAM,P26596,717,stop,2026-04-01,07:28:00,,
HORSHAM - BALHAM,P26596,717,stop,2026-04-13,07:28:00,,
HORSHAM - BALHAM,P26596,717,stop,2026-04-28,07:28:00,,
BALHAM - DORKING (3),X96897,641,stop,2026-04-03,07:29:00,,
RAYNES PARK - EPSOM,P61580,720,stop,2026-04-05,07:29:00,,
BALHAM - HORSHAM,P26585,641,stop,2026-04-02,07:29:00,,
BALHAM - HORSHAM,P26585,641,stop,2026-04-22,07:29:00,,
BALHAM - HORSHAM,P26585,641,stop,2026-04-28,07:29:00,,
BALHAM - HORSHAM,P26585,641,stop,2026-04-20,07:29:00,,
BALHAM - HORSHAM,P26585,641,stop,2026-04-17,07:29:00,,
BALHAM - HORSHAM,P26585,641,stop,2026-04-13,07:29:00,,
BALHAM - HORSHAM,P26585,641,stop,2026-04-23,07:29:00,,
BALHAM - HORSHAM,P26585,641,stop,2026-04-01,07:29:00,,
BALHAM - HORSHAM,P26585,641,stop,2026-04-08,07:29:00,,
BALHAM - HORSHAM,P26585,641,stop,2026-04-14,07:29:00,,
BALHAM - HORSHAM,P26585,641,stop,2026-04-16,07:29:00,,
BALHAM - HORSHAM,P26585,641,stop,2026-04-07,07:29:00,,
BALHAM - HORSHAM,P26585,641,stop,2026-04-09,07:29:00,,
RAYNES PARK - EPSOM,P61580,720,stop,2026-04-19,07:29:00,,
BALHAM - HORSHAM,P26585,641,stop,2026-04-27,07:29:00,,
BALHAM - HORSHAM,P26585,641,stop,2026-04-24,07:29:00,,
BALHAM - HORSHAM,P26585,641,stop,2026-04-03,07:29:00,,
BALHAM - DORKING (3),P26586,641,stop,2026-04-11,07:29:00,,
BALHAM - HORSHAM,P26585,641,stop,2026-04-06,07:29:00,,
BALHAM - HORSHAM,P26585,641,stop,2026-04-30,07:29:00,,
BALHAM - HORSHAM,P26585,641,stop,2026-04-10,07:29:00,,
BALHAM - DORKING (3),X01850,641,stop,2026-04-06,07:29:00,,
RAYNES PARK - EPSOM,P61580,720,stop,2026-04-26,07:29:00,,
BALHAM - HORSHAM,P26585,641,stop,2026-04-15,07:29:00,,
BALHAM - DORKING (3),P26586,641,stop,2026-04-04,07:29:00,,
DORKING - EARLSFIELD,P61004,730,stop,2026-04-08,07:30:00,,
DORKING - EARLSFIELD,P61004,730,stop,2026-04-16,07:30:00,,
DORKING - EARLSFIELD,P61004,730,stop,2026-04-01,07:30:00,,
DORKING - EARLSFIELD,Q38905,730,stop,2026-04-03,07:30:00,,
DORKING - EARLSFIELD,P61004,730,stop,2026-04-02,07:30:00,,
DORKING - EARLSFIELD,P61004,730,stop,2026-04-21,07:30:00,,
DORKING - EARLSFIELD,P61004,730,stop,2026-04-15,07:30:00,,
DORKING - EARLSFIELD,P61004,730,stop,2026-04-29,07:30:00,,
DORKING - EARLSFIELD,P61004,730,stop,2026-04-17,07:30:00,,
DORKING - EARLSFIELD,P61004,730,stop,2026-04-30,07:30:00,,
DORKING - EARLSFIELD,P61004,730,stop,2026-04-27,07:30:00,,
DORKING - EARLSFIELD,P61004,730,stop,2026-04-14,07:30:00,,
DORKING - EARLSFIELD,P61004,730,stop,2026-04-22,07:30:00,,
DORKING - EARLSFIELD,P61005,730,stop,2026-04-25,07:30:00,,
DORKING - EARLSFIELD,P61004,730,stop,2026-04-09,07:30:00,,
DORKING - EARLSFIELD,P61004,730,stop,2026-04-06,07:30:00,,
DORKING - EARLSFIELD,P61005,730,stop,2026-04-18,07:30:00,,
DORKING - EARLSFIELD,P61004,730,stop,2026-04-28,07:30:00,,
DORKING - EARLSFIELD,P61004,730,stop,2026-04-20,07:30:00,,
DORKING - EARLSFIELD,P61004,730,stop,2026-04-24,07:30:00,,
DORKING - EARLSFIELD,P61004,730,stop,2026-04-03,07:30:00,,
DORKING - EARLSFIELD,P61004,730,stop,2026-04-23,07:30:00,,
DORKING - EARLSFIELD,Q51470,730,stop,2026-04-06,07:30:00,,
DORKING - EARLSFIELD,P61005,730,stop,2026-04-04,07:30:00,,
DORKING - EARLSFIELD,P61004,730,stop,2026-04-10,07:30:00,,
DORKING - EARLSFIELD,P61005,730,stop,2026-04-11,07:30:00,,
DORKING - EARLSFIELD,P61004,730,stop,2026-04-13,07:30:00,,
DORKING - EARLSFIELD,P61004,730,stop,2026-04-07,07:30:00,,
EPSOM - EARLSFIELD,L74221,723,stop,2026-04-26,07:32:00,,
WORCESTER PARK - EARLSFIELD,L74221,732,stop,2026-04-12,07:32:00,,
EPSOM - EARLSFIELD,L74221,723,stop,2026-04-19,07:32:00,,
HORSHAM - MITCHAM EASTFIELDS,P26597,721,stop,2026-04-18,07:32:00,,
EPSOM - EARLSFIELD,L74221,723,stop,2026-04-05,07:32:00,,
DORKING - SUTTON (SURREY),X04898,733,stop,2026-04-12,07:33:00,,
EARLSFIELD - GUILDFORD (2),P61579,709,stop,2026-04-03,07:34:00,,
EARLSFIELD - GUILDFORD (2),P61579,709,stop,2026-04-27,07:34:00,,
EARLSFIELD - GUILDFORD (2),P61579,709,stop,2026-04-07,07:34:00,,
EARLSFIELD - GUILDFORD (2),P61579,709,stop,2026-04-24,07:34:00,,
EARLSFIELD - GUILDFORD (2),P61579,709,stop,2026-04-09,07:34:00,,
EARLSFIELD - GUILDFORD (2),P61579,709,stop,2026-04-21,07:34:00,,
EARLSFIELD - GUILDFORD (2),P61579,709,stop,2026-04-10,07:34:00,,
EARLSFIELD - GUILDFORD (2),P61579,709,stop,2026-04-06,07:34:00,,
EARLSFIELD - GUILDFORD (2),P61579,709,stop,2026-04-28,07:34:00,,
EARLSFIELD - GUILDFORD (2),P61579,709,stop,2026-04-15,07:34:00,,
EARLSFIELD - GUILDFORD (2),P61579,709,stop,2026-04-29,07:34:00,,
EARLSFIELD - GUILDFORD (2),P61579,709,stop,2026-04-23,07:34:00,,
EARLSFIELD - GUILDFORD (2),P61579,709,stop,2026-04-14,07:34:00,,
EARLSFIELD - GUILDFORD (2),P61579,709,stop,2026-04-02,07:34:00,,
EARLSFIELD - GUILDFORD (2),P61579,709,stop,2026-04-30,07:34:00,,
EARLSFIELD - GUILDFORD (2),P61579,709,stop,2026-04-17,07:34:00,,
EARLSFIELD - GUILDFORD (2),P61579,709,stop,2026-04-13,07:34:00,,
EARLSFIELD - GUILDFORD (2),P61579,709,stop,2026-04-08,07:34:00,,
EARLSFIELD - GUILDFORD (2),P61579,709,stop,2026-04-22,07:34:00,,
EARLSFIELD - GUILDFORD (2),P61579,709,stop,2026-04-01,07:34:00,,
EARLSFIELD - GUILDFORD (2),P61579,709,stop,2026-04-16,07:34:00,,
EARLSFIELD - GUILDFORD (2),P61579,709,stop,2026-04-20,07:34:00,,
WORCESTER PARK - EFFINGHAM JUNCTION,Q54819,735,stop,2026-04-12,07:35:00,,
CHESSINGTON SOUTH - EARLSFIELD,L75704,734,stop,2026-04-22,07:39:00,,
CHESSINGTON SOUTH - EARLSFIELD,L75704,734,stop,2026-04-08,07:39:00,,
CHESSINGTON SOUTH - EARLSFIELD,L75704,734,stop,2026-04-30,07:39:00,,
CHESSINGTON SOUTH - EARLSFIELD,L75704,734,stop,2026-04-28,07:39:00,,
CHESSINGTON SOUTH - EARLSFIELD,L75704,734,stop,2026-04-01,07:39:00,,
CHESSINGTON SOUTH - EARLSFIELD,L75705,734,stop,2026-04-25,07:39:00,,
CHESSINGTON SOUTH - EARLSFIELD,L75704,734,stop,2026-04-10,07:39:00,,
CHESSINGTON SOUTH - EARLSFIELD,L75704,734,stop,2026-04-27,07:39:00,,
CHESSINGTON SOUTH - EARLSFIELD,L75704,734,stop,2026-04-20,07:39:00,,
CHESSINGTON SOUTH - EARLSFIELD,L75704,734,stop,2026-04-06,07:39:00,,
CHESSINGTON SOUTH - EARLSFIELD,L75705,734,stop,2026-04-11,07:39:00,,
CHESSINGTON SOUTH - EARLSFIELD,L75704,734,stop,2026-04-03,07:39:00,,
CHESSINGTON SOUTH - EARLSFIELD,L75705,734,stop,2026-04-18,07:39:00,,
CHESSINGTON SOUTH - EARLSFIELD,L75704,734,stop,2026-04-02,07:39:00,,
CHESSINGTON SOUTH - EARLSFIELD,L75704,734,stop,2026-04-14,07:39:00,,
CHESSINGTON SOUTH - EARLSFIELD,L75704,734,stop,2026-04-07,07:39:00,,
CHESSINGTON SOUTH - EARLSFIELD,Q51282,734,stop,2026-04-06,07:39:00,,
CHESSINGTON SOUTH - EARLSFIELD,L75705,734,stop,2026-04-04,07:39:00,,
CHESSINGTON SOUTH - EARLSFIELD,L75704,734,stop,2026-04-17,07:39:00,,
CHESSINGTON SOUTH - EARLSFIELD,L75704,734,stop,2026-04-24,07:39:00,,
CHESSINGTON SOUTH - EARLSFIELD,L75704,734,stop,2026-04-13,07:39:00,,
CHESSINGTON SOUTH - EARLSFIELD,L75704,734,stop,2026-04-16,07:39:00,,
CHESSINGTON SOUTH - EARLSFIELD,L75704,734,stop,2026-04-21,07:39:00,,
CHESSINGTON SOUTH - EARLSFIELD,Q38896,734,stop,2026-04-03,07:39:00,,
CHESSINGTON SOUTH - EARLSFIELD,L75704,734,stop,2026-04-23,07:39:00,,
CHESSINGTON SOUTH - EARLSFIELD,L75704,734,stop,2026-04-15,07:39:00,,
MITCHAM EASTFIELDS - DORKING,P26586,650,stop,2026-04-18,07:40:00,,
CHESSINGTON SOUTH - EARLSFIELD,L75704,734,stop,2026-04-09,07:39:00,,
CHESSINGTON SOUTH - EARLSFIELD,L75704,734,stop,2026-04-29,07:39:00,,
EARLSFIELD - CHESSINGTON SOUTH,Q39657,717,stop,2026-04-03,07:43:00,,
EARLSFIELD - CHESSINGTON SOUTH,P62032,717,stop,2026-04-18,07:43:00,,
EARLSFIELD - CHESSINGTON SOUTH,P62032,717,stop,2026-04-25,07:43:00,,
EARLSFIELD - CHESSINGTON SOUTH,P62032,717,stop,2026-04-04,07:43:00,,
DORKING - MITCHAM EASTFIELDS,P26598,742,stop,2026-04-19,07:42:00,,
DORKING - BALHAM (4),P26598,742,stop,2026-04-12,07:42:00,,
DORKING - BALHAM (4),P26598,742,stop,2026-04-26,07:42:00,,
EARLSFIELD - CHESSINGTON SOUTH,Q51583,717,stop,2026-04-06,07:43:00,,
EARLSFIELD - CHESSINGTON SOUTH,P62032,717,stop,2026-04-11,07:43:00,,
DORKING - BALHAM (4),P26597,744,stop,2026-04-04,07:44:00,,
DORKING - BALHAM (4),X00923,744,stop,2026-04-06,07:44:00,,
DORKING - BALHAM (4),P26597,744,stop,2026-04-11,07:44:00,,
DORKING - BALHAM (4),P26597,744,stop,2026-04-25,07:44:00,,
DORKING - BALHAM (4),X96804,744,stop,2026-04-03,07:44:00,,
DORKING - BALHAM (5),P26598,746,stop,2026-04-05,07:46:00,,
EARLSFIELD - CHESSINGTON SOUTH,P62031,720,stop,2026-04-08,07:47:00,,
EARLSFIELD - CHESSINGTON SOUTH,P62031,720,stop,2026-04-03,07:47:00,,
RAYNES PARK - CHESSINGTON SOUTH,P62033,737,stop,2026-04-12,07:47:00,,
EARLSFIELD - CHESSINGTON SOUTH,P62031,720,stop,2026-04-27,07:47:00,,
RAYNES PARK - CHESSINGTON SOUTH,P62033,737,stop,2026-04-05,07:47:00,,
EARLSFIELD - CHESSINGTON SOUTH,P62031,720,stop,2026-04-22,07:47:00,,
EARLSFIELD - CHESSINGTON SOUTH,P62031,720,stop,2026-04-23,07:47:00,,
EARLSFIELD - CHESSINGTON SOUTH,P62031,720,stop,2026-04-06,07:47:00,,
EARLSFIELD - CHESSINGTON SOUTH,P62031,720,stop,2026-04-10,07:47:00,,
EARLSFIELD - CHESSINGTON SOUTH,P62031,720,stop,2026-04-30,07:47:00,,
EARLSFIELD - CHESSINGTON SOUTH,P62031,720,stop,2026-04-29,07:47:00,,
RAYNES PARK - CHESSINGTON SOUTH,P62033,737,stop,2026-04-26,07:47:00,,
EARLSFIELD - CHESSINGTON SOUTH,P62031,720,stop,2026-04-15,07:47:00,,
EARLSFIELD - CHESSINGTON SOUTH,P62031,720,stop,2026-04-14,07:47:00,,
EARLSFIELD - CHESSINGTON SOUTH,P62031,720,stop,2026-04-02,07:47:00,,
EARLSFIELD - CHESSINGTON SOUTH,P62031,720,stop,2026-04-07,07:47:00,,
EARLSFIELD - CHESSINGTON SOUTH,P62031,720,stop,2026-04-13,07:47:00,,
RAYNES PARK - CHESSINGTON SOUTH,P62033,737,stop,2026-04-19,07:47:00,,
EARLSFIELD - CHESSINGTON SOUTH,P62031,720,stop,2026-04-21,07:47:00,,
DORKING - EARLSFIELD,P61006,748,stop,2026-04-07,07:48:00,,
DORKING - EARLSFIELD,P61006,748,stop,2026-04-24,07:48:00,,
EARLSFIELD - CHESSINGTON SOUTH,P62031,720,stop,2026-04-17,07:47:00,,
EARLSFIELD - CHESSINGTON SOUTH,P62031,720,stop,2026-04-28,07:47:00,,
EARLSFIELD - CHESSINGTON SOUTH,P62031,720,stop,2026-04-16,07:47:00,,
EARLSFIELD - CHESSINGTON SOUTH,P62031,720,stop,2026-04-20,07:47:00,,
EARLSFIELD - CHESSINGTON SOUTH,P62031,720,stop,2026-04-01,07:47:00,,
EARLSFIELD - CHESSINGTON SOUTH,P62031,720,stop,2026-04-24,07:47:00,,
EARLSFIELD - CHESSINGTON SOUTH,P62031,720,stop,2026-04-09,07:47:00,,
DORKING - EARLSFIELD,P61006,748,stop,2026-04-29,07:48:00,,
DORKING - EARLSFIELD,P61006,748,stop,2026-04-30,07:48:00,,
EARLSFIELD - DORKING,P60998,723,stop,2026-04-18,07:48:00,,
EARLSFIELD - DORKING,Q51573,723,stop,2026-04-06,07:48:00,,
DORKING - EARLSFIELD,P61006,748,stop,2026-04-15,07:48:00,,
DORKING - EARLSFIELD,P61006,748,stop,2026-04-09,07:48:00,,
DORKING - EARLSFIELD,P61006,748,stop,2026-04-08,07:48:00,,
DORKING - EARLSFIELD,P61006,748,stop,2026-04-10,07:48:00,,
DORKING - EARLSFIELD,P61006,748,stop,2026-04-22,07:48:00,,
DORKING - EARLSFIELD,P61006,748,stop,2026-04-27,07:48:00,,
EARLSFIELD - DORKING,P60998,723,stop,2026-04-25,07:48:00,,
DORKING - EARLSFIELD,P61006,748,stop,2026-04-21,07:48:00,,
DORKING - EARLSFIELD,P61006,748,stop,2026-04-23,07:48:00,,
DORKING - EARLSFIELD,P61006,748,stop,2026-04-14,07:48:00,,
DORKING - EARLSFIELD,P61006,748,stop,2026-04-16,07:48:00,,
DORKING - EARLSFIELD,P61006,748,stop,2026-04-01,07:48:00,,
DORKING - EARLSFIELD,P61006,748,stop,2026-04-20,07:48:00,,
DORKING - EARLSFIELD,P61006,748,stop,2026-04-06,07:48:00,,
EARLSFIELD - DORKING,Q39152,723,stop,2026-04-03,07:48:00,,
DORKING - EARLSFIELD,P61006,748,stop,2026-04-13,07:48:00,,
DORKING - EARLSFIELD,P61006,748,stop,2026-04-28,07:48:00,,
EARLSFIELD - DORKING,P60998,723,stop,2026-04-11,07:48:00,,
DORKING - EARLSFIELD,P61006,748,stop,2026-04-03,07:48:00,,
DORKING - EARLSFIELD,P61006,748,stop,2026-04-02,07:48:00,,
EARLSFIELD - DORKING,P60997,723,stop,2026-04-06,07:49:00,,
EARLSFIELD - DORKING,P60997,723,stop,2026-04-30,07:49:00,,
EARLSFIELD - DORKING,P60997,723,stop,2026-04-28,07:49:00,,
EARLSFIELD - DORKING,P60997,723,stop,2026-04-03,07:49:00,,
EARLSFIELD - DORKING,P60997,723,stop,2026-04-24,07:49:00,,
EARLSFIELD - DORKING,P60997,723,stop,2026-04-29,07:49:00,,
EARLSFIELD - DORKING,P60997,723,stop,2026-04-17,07:49:00,,
EARLSFIELD - DORKING,P60997,723,stop,2026-04-22,07:49:00,,
EARLSFIELD - DORKING,P60997,723,stop,2026-04-15,07:49:00,,
EARLSFIELD - DORKING,P60997,723,stop,2026-04-09,07:49:00,,
EARLSFIELD - DORKING,P60997,723,stop,2026-04-16,07:49:00,,
EARLSFIELD - DORKING,P60997,723,stop,2026-04-14,07:49:00,,
EARLSFIELD - DORKING,P60997,723,stop,2026-04-08,07:49:00,,
EARLSFIELD - DORKING,P60997,723,stop,2026-04-20,07:49:00,,
DORKING - EARLSFIELD,P61006,748,stop,2026-04-17,07:48:00,,
EARLSFIELD - DORKING,P60998,723,stop,2026-04-04,07:48:00,,
EARLSFIELD - DORKING,P60997,723,stop,2026-04-13,07:49:00,,
EARLSFIELD - DORKING,P60997,723,stop,2026-04-01,07:49:00,,
EARLSFIELD - DORKING,P60997,723,stop,2026-04-10,07:49:00,,
EARLSFIELD - DORKING,P60997,723,stop,2026-04-02,07:49:00,,
EARLSFIELD - DORKING,P60997,723,stop,2026-04-07,07:49:00,,
EARLSFIELD - DORKING,P60997,723,stop,2026-04-21,07:49:00,,
EARLSFIELD - DORKING,P60997,723,stop,2026-04-27,07:49:00,,
EARLSFIELD - DORKING,P60997,723,stop,2026-04-23,07:49:00,,
BALHAM - DORKING,P26591,711,stop,2026-04-11,07:57:00,,
BALHAM - DORKING,P26591,711,stop,2026-04-04,07:57:00,,
BALHAM - DORKING,X96853,711,stop,2026-04-03,07:57:00,,
RAYNES PARK - GUILDFORD,P61583,748,stop,2026-04-26,07:58:00,,
BALHAM - DORKING (2),P26784,710,stop,2026-04-26,07:58:00,,
BALHAM - DORKING,P26590,711,stop,2026-04-01,07:58:00,,
BALHAM - DORKING,P26590,711,stop,2026-04-22,07:58:00,,
BALHAM - DORKING,X01851,711,stop,2026-04-06,07:57:00,,
BALHAM - DORKING,P26591,711,stop,2026-04-25,07:57:00,,
BALHAM - DORKING,P26590,711,stop,2026-04-07,07:58:00,,
BALHAM - DORKING,P26590,711,stop,2026-04-30,07:58:00,,
BALHAM - DORKING,P26590,711,stop,2026-04-13,07:58:00,,
BALHAM - DORKING,P26590,711,stop,2026-04-15,07:58:00,,
BALHAM - DORKING,P26590,711,stop,2026-04-27,07:58:00,,
BALHAM - DORKING,P26590,711,stop,2026-04-23,07:58:00,,
BALHAM - DORKING (2),P26784,710,stop,2026-04-12,07:58:00,,
BALHAM - DORKING,P26590,711,stop,2026-04-08,07:58:00,,
BALHAM - DORKING,P26590,711,stop,2026-04-28,07:58:00,,
BALHAM - DORKING,P26590,711,stop,2026-04-06,07:58:00,,
RAYNES PARK - GUILDFORD,P61583,748,stop,2026-04-05,07:58:00,,
BALHAM - DORKING,P26590,711,stop,2026-04-16,07:58:00,,
BALHAM - DORKING,P26590,711,stop,2026-04-02,07:58:00,,
BALHAM - DORKING,P26590,711,stop,2026-04-20,07:58:00,,
BALHAM - DORKING,P26590,711,stop,2026-04-29,07:58:00,,
BALHAM - DORKING,P26590,711,stop,2026-04-21,07:58:00,,
BALHAM - DORKING,P26590,711,stop,2026-04-14,07:58:00,,
BALHAM - DORKING,P26590,711,stop,2026-04-24,07:58:00,,
BALHAM - DORKING,P26590,711,stop,2026-04-03,07:58:00,,
BALHAM - DORKING,P26590,711,stop,2026-04-10,07:58:00,,
BALHAM - DORKING,P26590,711,stop,2026-04-17,07:58:00,,
MITCHAM EASTFIELDS - DORKING (2),P26784,713,stop,2026-04-19,07:58:00,,
RAYNES PARK - GUILDFORD,P61583,748,stop,2026-04-19,07:58:00,,
BALHAM - DORKING,P26590,711,stop,2026-04-09,07:58:00,,
BALHAM - DORKING (5),P26784,710,stop,2026-04-05,08:00:00,,
EPSOM - EARLSFIELD,L74223,753,stop,2026-04-19,08:02:00,,
EPSOM - EARLSFIELD,L74223,753,stop,2026-04-05,08:02:00,,
WORCESTER PARK - EARLSFIELD,L74223,802,stop,2026-04-12,08:02:00,,
EPSOM - EARLSFIELD,L74223,753,stop,2026-04-26,08:02:00,,
GUILDFORD - WORCESTER PARK,Q54852,703,stop,2026-04-12,08:05:00,,
WORCESTER PARK - DORKING,Q54910,805,stop,2026-04-12,08:05:00,,
SUTTON (SURREY) - DORKING,X04936,727,stop,2026-04-12,08:04:00,,
DORKING - SUTTON (SURREY),X04897,803,stop,2026-04-12,08:03:00,,
GUILDFORD - EARLSFIELD,L74229,742,stop,2026-04-01,08:08:00,,
GUILDFORD - EARLSFIELD,L74229,742,stop,2026-04-21,08:08:00,,
GUILDFORD - EARLSFIELD,L74229,742,stop,2026-04-23,08:08:00,,
GUILDFORD - EARLSFIELD,L74229,742,stop,2026-04-30,08:08:00,,
GUILDFORD - EARLSFIELD,L74229,742,stop,2026-04-13,08:08:00,,
GUILDFORD - EARLSFIELD,L74229,742,stop,2026-04-17,08:08:00,,
GUILDFORD - EARLSFIELD,L74229,742,stop,2026-04-20,08:08:00,,
GUILDFORD - EARLSFIELD,L74229,742,stop,2026-04-24,08:08:00,,
CHESSINGTON SOUTH - EARLSFIELD,L75709,804,stop,2026-04-20,08:09:00,,
GUILDFORD - EARLSFIELD,L74229,742,stop,2026-04-15,08:08:00,,
GUILDFORD - EARLSFIELD,L74229,742,stop,2026-04-10,08:08:00,,
GUILDFORD - EARLSFIELD,L74229,742,stop,2026-04-22,08:08:00,,
GUILDFORD - EARLSFIELD,L74229,742,stop,2026-04-29,08:08:00,,
GUILDFORD - EARLSFIELD,L74229,742,stop,2026-04-27,08:08:00,,
GUILDFORD - EARLSFIELD,L74229,742,stop,2026-04-07,08:08:00,,
GUILDFORD - EARLSFIELD,L74229,742,stop,2026-04-08,08:08:00,,
GUILDFORD - EARLSFIELD,L74229,742,stop,2026-04-02,08:08:00,,
GUILDFORD - EARLSFIELD,L74229,742,stop,2026-04-03,08:08:00,,
GUILDFORD - EARLSFIELD,L74229,742,stop,2026-04-16,08:08:00,,
GUILDFORD - EARLSFIELD,L74229,742,stop,2026-04-14,08:08:00,,
GUILDFORD - EARLSFIELD,L74229,742,stop,2026-04-09,08:08:00,,
GUILDFORD - EARLSFIELD,L74229,742,stop,2026-04-06,08:08:00,,
GUILDFORD - EARLSFIELD,L74229,742,stop,2026-04-28,08:08:00,,
CHESSINGTON SOUTH - EARLSFIELD,L75709,804,stop,2026-04-02,08:09:00,,
CHESSINGTON SOUTH - EARLSFIELD,L75709,804,stop,2026-04-01,08:09:00,,
CHESSINGTON SOUTH - EARLSFIELD,L75709,804,stop,2026-04-27,08:09:00,,
CHESSINGTON SOUTH - EARLSFIELD,L75709,804,stop,2026-04-03,08:09:00,,
CHESSINGTON SOUTH - EARLSFIELD,L75709,804,stop,2026-04-30,08:09:00,,
CHESSINGTON SOUTH - EARLSFIELD,L75709,804,stop,2026-04-28,08:09:00,,
CHESSINGTON SOUTH - EARLSFIELD,L75709,804,stop,2026-04-17,08:09:00,,
CHESSINGTON SOUTH - EARLSFIELD,L75709,804,stop,2026-04-13,08:09:00,,
CHESSINGTON SOUTH - EARLSFIELD,L75710,804,stop,2026-04-04,08:09:00,,
CHESSINGTON SOUTH - EARLSFIELD,L75709,804,stop,2026-04-07,08:09:00,,
CHESSINGTON SOUTH - EARLSFIELD,L75710,804,stop,2026-04-18,08:09:00,,
CHESSINGTON SOUTH - EARLSFIELD,L75709,804,stop,2026-04-15,08:09:00,,
CHESSINGTON SOUTH - EARLSFIELD,L75709,804,stop,2026-04-10,08:09:00,,
CHESSINGTON SOUTH - EARLSFIELD,L75709,804,stop,2026-04-16,08:09:00,,
CHESSINGTON SOUTH - EARLSFIELD,L75709,804,stop,2026-04-21,08:09:00,,
CHESSINGTON SOUTH - EARLSFIELD,L75710,804,stop,2026-04-11,08:09:00,,
GUILDFORD - EARLSFIELD,L74227,745,stop,2026-04-11,08:10:00,,
GUILDFORD - EARLSFIELD,Q88883,745,stop,2026-04-03,08:10:00,,
GUILDFORD - EARLSFIELD,L74227,745,stop,2026-04-18,08:10:00,,
GUILDFORD - EARLSFIELD,L74227,745,stop,2026-04-25,08:10:00,,
GUILDFORD - EARLSFIELD,Q51145,745,stop,2026-04-06,08:10:00,,
CHESSINGTON SOUTH - EARLSFIELD,Q88760,804,stop,2026-04-03,08:09:00,,
CHESSINGTON SOUTH - EARLSFIELD,L75709,804,stop,2026-04-14,08:09:00,,
CHESSINGTON SOUTH - EARLSFIELD,L75709,804,stop,2026-04-06,08:09:00,,
CHESSINGTON SOUTH - EARLSFIELD,Q51098,804,stop,2026-04-06,08:09:00,,
CHESSINGTON SOUTH - EARLSFIELD,L75709,804,stop,2026-04-08,08:09:00,,
CHESSINGTON SOUTH - EARLSFIELD,L75709,804,stop,2026-04-24,08:09:00,,
CHESSINGTON SOUTH - EARLSFIELD,L75709,804,stop,2026-04-09,08:09:00,,
CHESSINGTON SOUTH - EARLSFIELD,L75709,804,stop,2026-04-29,08:09:00,,
CHESSINGTON SOUTH - EARLSFIELD,L75709,804,stop,2026-04-22,08:09:00,,
CHESSINGTON SOUTH - EARLSFIELD,L75710,804,stop,2026-04-25,08:09:00,,
CHESSINGTON SOUTH - EARLSFIELD,L75709,804,stop,2026-04-23,08:09:00,,
MITCHAM EASTFIELDS - DORKING (2),P26591,720,stop,2026-04-18,08:10:00,,
GUILDFORD - EARLSFIELD,L74227,745,stop,2026-04-04,08:10:00,,
RAYNES PARK - GUILDFORD,P61583,748,stop,2026-04-12,08:11:00,,
EARLSFIELD - CHESSINGTON SOUTH,P62035,747,stop,2026-04-18,08:13:00,,
EARLSFIELD - CHESSINGTON SOUTH,Q38887,747,stop,2026-04-03,08:13:00,,
EARLSFIELD - CHESSINGTON SOUTH,Q51140,747,stop,2026-04-06,08:13:00,,
EARLSFIELD - CHESSINGTON SOUTH,P62035,747,stop,2026-04-25,08:13:00,,
EARLSFIELD - CHESSINGTON SOUTH,P62035,747,stop,2026-04-04,08:13:00,,
DORKING - BALHAM (4),P26603,812,stop,2026-04-26,08:12:00,,
DORKING - BALHAM (4),P26603,812,stop,2026-04-12,08:12:00,,
CHESSINGTON SOUTH - EARLSFIELD,L75711,809,stop,2026-04-05,08:14:00,,
EARLSFIELD - CHESSINGTON SOUTH,P62034,747,stop,2026-04-28,08:14:00,,
EARLSFIELD - CHESSINGTON SOUTH,P62034,747,stop,2026-04-08,08:14:00,,
EARLSFIELD - CHESSINGTON SOUTH,P62034,747,stop,2026-04-20,08:14:00,,
EARLSFIELD - CHESSINGTON SOUTH,P62034,747,stop,2026-04-30,08:14:00,,
EARLSFIELD - CHESSINGTON SOUTH,P62034,747,stop,2026-04-24,08:14:00,,
CHESSINGTON SOUTH - EARLSFIELD,L75711,809,stop,2026-04-12,08:14:00,,
EARLSFIELD - CHESSINGTON SOUTH,P62034,747,stop,2026-04-21,08:14:00,,
EARLSFIELD - CHESSINGTON SOUTH,P62034,747,stop,2026-04-22,08:14:00,,
EARLSFIELD - CHESSINGTON SOUTH,P62034,747,stop,2026-04-14,08:14:00,,
EARLSFIELD - CHESSINGTON SOUTH,P62034,747,stop,2026-04-09,08:14:00,,
EARLSFIELD - CHESSINGTON SOUTH,P62034,747,stop,2026-04-13,08:14:00,,
DORKING - MITCHAM EASTFIELDS,P26603,813,stop,2026-04-19,08:13:00,,
EARLSFIELD - CHESSINGTON SOUTH,P62035,747,stop,2026-04-11,08:13:00,,
DORKING - BALHAM (2),P26601,815,stop,2026-04-16,08:15:00,,
DORKING - BALHAM (2),P26601,815,stop,2026-04-30,08:15:00,,
EARLSFIELD - CHESSINGTON SOUTH,P62034,747,stop,2026-04-17,08:14:00,,
EARLSFIELD - CHESSINGTON SOUTH,P62034,747,stop,2026-04-07,08:14:00,,
EARLSFIELD - CHESSINGTON SOUTH,P62034,747,stop,2026-04-01,08:14:00,,
EARLSFIELD - CHESSINGTON SOUTH,P62034,747,stop,2026-04-16,08:14:00,,
EARLSFIELD - CHESSINGTON SOUTH,P62034,747,stop,2026-04-29,08:14:00,,
EARLSFIELD - CHESSINGTON SOUTH,P62034,747,stop,2026-04-10,08:14:00,,
EARLSFIELD - CHESSINGTON SOUTH,P62034,747,stop,2026-04-03,08:14:00,,
EARLSFIELD - CHESSINGTON SOUTH,P62034,747,stop,2026-04-02,08:14:00,,
EARLSFIELD - CHESSINGTON SOUTH,P62034,747,stop,2026-04-23,08:14:00,,
EARLSFIELD - CHESSINGTON SOUTH,P62034,747,stop,2026-04-27,08:14:00,,
EARLSFIELD - CHESSINGTON SOUTH,P62034,747,stop,2026-04-06,08:14:00,,
CHESSINGTON SOUTH - EARLSFIELD,L75711,809,stop,2026-04-19,08:14:00,,
EARLSFIELD - CHESSINGTON SOUTH,P62034,747,stop,2026-04-15,08:14:00,,
CHESSINGTON SOUTH - EARLSFIELD,L75711,809,stop,2026-04-26,08:14:00,,
DORKING - BALHAM (2),P26601,815,stop,2026-04-20,08:15:00,,
DORKING - BALHAM (2),P26601,815,stop,2026-04-14,08:15:00,,
DORKING - BALHAM (2),P26601,815,stop,2026-04-27,08:15:00,,
DORKING - BALHAM (2),P26601,815,stop,2026-04-29,08:15:00,,
DORKING - BALHAM (2),P26601,815,stop,2026-04-22,08:15:00,,
DORKING - BALHAM (2),P26601,815,stop,2026-04-17,08:15:00,,
DORKING - BALHAM (2),P26601,815,stop,2026-04-07,08:15:00,,
DORKING - BALHAM (2),P26601,815,stop,2026-04-10,08:15:00,,
DORKING - BALHAM (2),P26601,815,stop,2026-04-09,08:15:00,,
DORKING - BALHAM (2),P26601,815,stop,2026-04-15,08:15:00,,
DORKING - BALHAM (2),P26601,815,stop,2026-04-13,08:15:00,,
DORKING - BALHAM (2),P26601,815,stop,2026-04-08,08:15:00,,
DORKING - BALHAM (2),P26601,815,stop,2026-04-06,08:15:00,,
DORKING - BALHAM (2),P26601,815,stop,2026-04-21,08:15:00,,
DORKING - BALHAM (2),P26601,815,stop,2026-04-24,08:15:00,,
DORKING - BALHAM (2),P26601,815,stop,2026-04-01,08:15:00,,
DORKING - BALHAM (2),P26601,815,stop,2026-04-02,08:15:00,,
DORKING - BALHAM (2),P26601,815,stop,2026-04-03,08:15:00,,
DORKING - BALHAM (2),P26601,815,stop,2026-04-23,08:15:00,,
DORKING - BALHAM (2),P26601,815,stop,2026-04-28,08:15:00,,
DORKING - BALHAM (5),P26603,816,stop,2026-04-05,08:16:00,,
DORKING - MITCHAM EASTFIELDS (2),P26602,817,stop,2026-04-18,08:17:00,,
DORKING - BALHAM (3),P26602,817,stop,2026-04-11,08:17:00,,
DORKING - BALHAM (3),X00924,817,stop,2026-04-06,08:17:00,,
GUILDFORD - EPSOM,P62412,756,pass,2026-04-12,08:17:00,,
GUILDFORD - EPSOM,P62412,756,pass,2026-04-26,08:17:00,,
EARLSFIELD - GUILDFORD (2),P61581,753,stop,2026-04-27,08:18:00,,
DORKING - BALHAM (3),P26602,817,stop,2026-04-25,08:17:00,,
GUILDFORD - EPSOM,P62412,756,pass,2026-04-05,08:17:00,,
DORKING - BALHAM (3),X96758,817,stop,2026-04-03,08:17:00,,
GUILDFORD - EPSOM,P62412,756,pass,2026-04-19,08:17:00,,
DORKING - BALHAM (3),P26602,817,stop,2026-04-04,08:17:00,,
EARLSFIELD - GUILDFORD (2),P61581,753,stop,2026-04-28,08:18:00,,
EARLSFIELD - GUILDFORD (2),P61582,753,stop,2026-04-18,08:18:00,,
EARLSFIELD - GUILDFORD (2),Q51125,753,stop,2026-04-06,08:18:00,,
EARLSFIELD - GUILDFORD (2),P61581,753,stop,2026-04-06,08:18:00,,
EARLSFIELD - GUILDFORD (2),P61581,753,stop,2026-04-15,08:18:00,,
RAYNES PARK - CHESSINGTON SOUTH,P62036,808,stop,2026-04-19,08:18:00,,
EARLSFIELD - GUILDFORD (2),P61581,753,stop,2026-04-01,08:18:00,,
RAYNES PARK - CHESSINGTON SOUTH,P62036,808,stop,2026-04-05,08:18:00,,
EARLSFIELD - GUILDFORD (2),P61581,753,stop,2026-04-16,08:18:00,,
EARLSFIELD - GUILDFORD (2),P61581,753,stop,2026-04-13,08:18:00,,
RAYNES PARK - CHESSINGTON SOUTH,P62036,808,stop,2026-04-26,08:18:00,,
EARLSFIELD - GUILDFORD (2),P61581,753,stop,2026-04-10,08:18:00,,
EARLSFIELD - GUILDFORD (2),P61581,753,stop,2026-04-09,08:18:00,,
EARLSFIELD - GUILDFORD (2),P61581,753,stop,2026-04-08,08:18:00,,
EARLSFIELD - GUILDFORD (2),P61581,753,stop,2026-04-29,08:18:00,,
EARLSFIELD - GUILDFORD (2),P61581,753,stop,2026-04-17,08:18:00,,
EARLSFIELD - GUILDFORD (2),P61581,753,stop,2026-04-20,08:18:00,,
EARLSFIELD - GUILDFORD (2),P61581,753,stop,2026-04-03,08:18:00,,
EARLSFIELD - GUILDFORD (2),P61581,753,stop,2026-04-21,08:18:00,,
EARLSFIELD - GUILDFORD (2),P61581,753,stop,2026-04-24,08:18:00,,
EARLSFIELD - GUILDFORD (2),P61581,753,stop,2026-04-02,08:18:00,,
EARLSFIELD - GUILDFORD (2),P61581,753,stop,2026-04-22,08:18:00,,
EARLSFIELD - GUILDFORD (2),P61581,753,stop,2026-04-23,08:18:00,,
EARLSFIELD - GUILDFORD (2),P61581,753,stop,2026-04-30,08:18:00,,
EARLSFIELD - GUILDFORD (2),P61582,753,stop,2026-04-04,08:18:00,,
EARLSFIELD - GUILDFORD (2),Q38883,753,stop,2026-04-03,08:18:00,,
RAYNES PARK - CHESSINGTON SOUTH,P62036,808,stop,2026-04-12,08:18:00,,
EARLSFIELD - GUILDFORD (2),P61582,753,stop,2026-04-25,08:18:00,,
EARLSFIELD - GUILDFORD (2),P61582,753,stop,2026-04-11,08:18:00,,
EARLSFIELD - GUILDFORD (2),P61581,753,stop,2026-04-07,08:18:00,,
EARLSFIELD - GUILDFORD (2),P61581,753,stop,2026-04-14,08:18:00,,
DORKING - WORCESTER PARK,Q54758,821,stop,2026-04-12,08:21:00,,
HORSHAM - BALHAM,P26607,814,stop,2026-04-27,08:26:00,,
HORSHAM - BALHAM,P26607,814,stop,2026-04-08,08:26:00,,
HORSHAM - BALHAM,P26607,814,stop,2026-04-10,08:26:00,,
HORSHAM - BALHAM,P26607,814,stop,2026-04-28,08:26:00,,
HORSHAM - BALHAM,P26607,814,stop,2026-04-06,08:26:00,,
HORSHAM - BALHAM,P26607,814,stop,2026-04-23,08:26:00,,
HORSHAM - BALHAM,P26607,814,stop,2026-04-17,08:26:00,,
HORSHAM - BALHAM,P26607,814,stop,2026-04-01,08:26:00,,
HORSHAM - BALHAM,P26607,814,stop,2026-04-15,08:26:00,,
HORSHAM - BALHAM,P26607,814,stop,2026-04-29,08:26:00,,
HORSHAM - BALHAM,P26607,814,stop,2026-04-02,08:26:00,,
HORSHAM - BALHAM,P26607,814,stop,2026-04-16,08:26:00,,
HORSHAM - BALHAM,P26607,814,stop,2026-04-30,08:26:00,,
HORSHAM - BALHAM,P26607,814,stop,2026-04-24,08:26:00,,
HORSHAM - BALHAM,P26607,814,stop,2026-04-07,08:26:00,,
HORSHAM - BALHAM,P26607,814,stop,2026-04-09,08:26:00,,
HORSHAM - BALHAM,X00926,815,stop,2026-04-06,08:27:00,,
HORSHAM - BALHAM,X96761,815,stop,2026-04-03,08:27:00,,
HORSHAM - BALHAM,P26608,815,stop,2026-04-25,08:27:00,,
HORSHAM - BALHAM,P26607,814,stop,2026-04-22,08:26:00,,
HORSHAM - BALHAM,P26607,814,stop,2026-04-21,08:26:00,,
HORSHAM - BALHAM,P26607,814,stop,2026-04-13,08:26:00,,
HORSHAM - BALHAM,P26607,814,stop,2026-04-20,08:26:00,,
HORSHAM - BALHAM,P26607,814,stop,2026-04-14,08:26:00,,
HORSHAM - BALHAM,P26607,814,stop,2026-04-03,08:26:00,,
HORSHAM - BALHAM,P26608,815,stop,2026-04-04,08:27:00,,
HORSHAM - BALHAM,P26608,815,stop,2026-04-11,08:27:00,,
BALHAM - DORKING (8),P26785,740,stop,2026-04-12,08:27:00,,
EARLSFIELD - DORKING,P61003,802,stop,2026-04-05,08:28:00,,
BALHAM - DORKING (8),P26785,740,stop,2026-04-26,08:27:00,,
BALHAM - DORKING (4),P26785,740,stop,2026-04-05,08:29:00,,
BALHAM - HORSHAM,P26595,741,stop,2026-04-11,08:29:00,,
BALHAM - HORSHAM,P26594,741,stop,2026-04-27,08:29:00,,
BALHAM - HORSHAM,P26594,741,stop,2026-04-29,08:29:00,,
BALHAM - HORSHAM,P26594,741,stop,2026-04-01,08:29:00,,
BALHAM - HORSHAM,P26594,741,stop,2026-04-02,08:29:00,,
BALHAM - HORSHAM,P26594,741,stop,2026-04-03,08:29:00,,
BALHAM - HORSHAM,X96810,741,stop,2026-04-03,08:29:00,,
BALHAM - HORSHAM,P26594,741,stop,2026-04-17,08:29:00,,
BALHAM - HORSHAM,P26594,741,stop,2026-04-07,08:29:00,,
EARLSFIELD - DORKING,P61003,802,stop,2026-04-19,08:28:00,,
MITCHAM EASTFIELDS - DORKING (3),P26785,742,stop,2026-04-19,08:28:00,,
EARLSFIELD - DORKING,P61003,802,stop,2026-04-26,08:28:00,,
BALHAM - HORSHAM,P26594,741,stop,2026-04-16,08:29:00,,
BALHAM - HORSHAM,P26594,741,stop,2026-04-08,08:29:00,,
BALHAM - HORSHAM,P26594,741,stop,2026-04-15,08:29:00,,
BALHAM - HORSHAM,P26595,741,stop,2026-04-25,08:29:00,,
BALHAM - HORSHAM,P26594,741,stop,2026-04-09,08:29:00,,
BALHAM - HORSHAM,P26595,741,stop,2026-04-04,08:29:00,,
BALHAM - HORSHAM,P26594,741,stop,2026-04-20,08:29:00,,
BALHAM - HORSHAM,P26594,741,stop,2026-04-24,08:29:00,,
BALHAM - HORSHAM,P26594,741,stop,2026-04-23,08:29:00,,
BALHAM - HORSHAM,P26594,741,stop,2026-04-13,08:29:00,,
BALHAM - HORSHAM,P26594,741,stop,2026-04-22,08:29:00,,
BALHAM - HORSHAM,P26594,741,stop,2026-04-21,08:29:00,,
BALHAM - HORSHAM,P26594,741,stop,2026-04-30,08:29:00,,
BALHAM - HORSHAM,P26594,741,stop,2026-04-28,08:29:00,,
BALHAM - HORSHAM,P26594,741,stop,2026-04-06,08:29:00,,
BALHAM - HORSHAM,X01853,741,stop,2026-04-06,08:29:00,,
BALHAM - HORSHAM,P26594,741,stop,2026-04-10,08:29:00,,
BALHAM - HORSHAM,P26594,741,stop,2026-04-14,08:29:00,,
HORSHAM - MITCHAM EASTFIELDS,P26608,820,stop,2026-04-18,08:31:00,,
DORKING - EARLSFIELD,P61010,832,stop,2026-04-08,08:32:00,,
DORKING - EARLSFIELD,P61011,832,stop,2026-04-04,08:32:00,,
DORKING - EARLSFIELD,P61010,832,stop,2026-04-21,08:32:00,,
DORKING - EARLSFIELD,P61010,832,stop,2026-04-22,08:32:00,,
DORKING - EARLSFIELD,P61010,832,stop,2026-04-23,08:32:00,,
DORKING - EARLSFIELD,P61010,832,stop,2026-04-24,08:32:00,,
DORKING - EARLSFIELD,P61011,832,stop,2026-04-25,08:32:00,,
DORKING - EARLSFIELD,P61010,832,stop,2026-04-06,08:32:00,,
DORKING - EARLSFIELD,Q51036,832,stop,2026-04-06,08:32:00,,
DORKING - EARLSFIELD,P61010,832,stop,2026-04-27,08:32:00,,
DORKING - EARLSFIELD,P61010,832,stop,2026-04-07,08:32:00,,
DORKING - EARLSFIELD,P61010,832,stop,2026-04-09,08:32:00,,
DORKING - EARLSFIELD,P61010,832,stop,2026-04-20,08:32:00,,
DORKING - EARLSFIELD,P61010,832,stop,2026-04-28,08:32:00,,
DORKING - EARLSFIELD,P61010,832,stop,2026-04-29,08:32:00,,
DORKING - EARLSFIELD,P61010,832,stop,2026-04-30,08:32:00,,
WORCESTER PARK - EARLSFIELD,L74228,832,stop,2026-04-12,08:32:00,,
DORKING - EARLSFIELD,P61010,832,stop,2026-04-13,08:32:00,,
DORKING - EARLSFIELD,P61010,832,stop,2026-04-14,08:32:00,,
DORKING - EARLSFIELD,P61011,832,stop,2026-04-18,08:32:00,,
DORKING - EARLSFIELD,P61010,832,stop,2026-04-17,08:32:00,,
DORKING - EARLSFIELD,P61010,832,stop,2026-04-15,08:32:00,,
DORKING - EARLSFIELD,P61010,832,stop,2026-04-10,08:32:00,,
DORKING - EARLSFIELD,P61011,832,stop,2026-04-11,08:32:00,,
DORKING - EARLSFIELD,Q38844,832,stop,2026-04-03,08:32:00,,
DORKING - EARLSFIELD,P61010,832,stop,2026-04-03,08:32:00,,
DORKING - EARLSFIELD,P61010,832,stop,2026-04-02,08:32:00,,
DORKING - EARLSFIELD,P61010,832,stop,2026-04-01,08:32:00,,
DORKING - EARLSFIELD,P61010,832,stop,2026-04-16,08:35:00,,
SUTTON (SURREY) - DORKING,X04935,757,stop,2026-04-12,08:34:00,,
EPSOM - EARLSFIELD,L74228,824,stop,2026-04-26,08:33:00,,
DORKING - SUTTON (SURREY),X04896,833,stop,2026-04-12,08:33:00,,
EPSOM - EARLSFIELD,L74228,824,stop,2026-04-05,08:33:00,,
EPSOM - EARLSFIELD,L74228,824,stop,2026-04-19,08:33:00,,
WORCESTER PARK - EFFINGHAM JUNCTION,Q54818,835,stop,2026-04-12,08:35:00,,
EFFINGHAM JUNCTION - WORCESTER PARK,Q54781,815,stop,2026-04-12,08:35:00,,
CHESSINGTON SOUTH - EARLSFIELD,L75715,834,stop,2026-04-24,08:39:00,,
CHESSINGTON SOUTH - EARLSFIELD,L75716,834,stop,2026-04-18,08:39:00,,
CHESSINGTON SOUTH - EARLSFIELD,L75715,834,stop,2026-04-27,08:39:00,,
CHESSINGTON SOUTH - EARLSFIELD,L75715,834,stop,2026-04-08,08:39:00,,
CHESSINGTON SOUTH - EARLSFIELD,L75715,834,stop,2026-04-30,08:39:00,,
CHESSINGTON SOUTH - EARLSFIELD,L75715,834,stop,2026-04-02,08:39:00,,
MITCHAM EASTFIELDS - HORSHAM (2),P26595,750,stop,2026-04-18,08:38:00,,
CHESSINGTON SOUTH - EARLSFIELD,L75715,834,stop,2026-04-16,08:39:00,,
CHESSINGTON SOUTH - EARLSFIELD,L75715,834,stop,2026-04-22,08:39:00,,
CHESSINGTON SOUTH - EARLSFIELD,L75715,834,stop,2026-04-09,08:39:00,,
CHESSINGTON SOUTH - EARLSFIELD,Q51028,834,stop,2026-04-06,08:39:00,,
CHESSINGTON SOUTH - EARLSFIELD,L75715,834,stop,2026-04-06,08:39:00,,
CHESSINGTON SOUTH - EARLSFIELD,L75715,834,stop,2026-04-15,08:39:00,,
CHESSINGTON SOUTH - EARLSFIELD,L75716,834,stop,2026-04-04,08:39:00,,
CHESSINGTON SOUTH - EARLSFIELD,L75715,834,stop,2026-04-23,08:39:00,,
CHESSINGTON SOUTH - EARLSFIELD,L75715,834,stop,2026-04-21,08:39:00,,
CHESSINGTON SOUTH - EARLSFIELD,L75716,834,stop,2026-04-25,08:39:00,,
CHESSINGTON SOUTH - EARLSFIELD,L75716,834,stop,2026-04-11,08:39:00,,
CHESSINGTON SOUTH - EARLSFIELD,L75715,834,stop,2026-04-14,08:39:00,,
CHESSINGTON SOUTH - EARLSFIELD,L75715,834,stop,2026-04-17,08:39:00,,
CHESSINGTON SOUTH - EARLSFIELD,L75715,834,stop,2026-04-01,08:39:00,,
CHESSINGTON SOUTH - EARLSFIELD,L75715,834,stop,2026-04-07,08:39:00,,
CHESSINGTON SOUTH - EARLSFIELD,L75715,834,stop,2026-04-10,08:39:00,,
CHESSINGTON SOUTH - EARLSFIELD,L75715,834,stop,2026-04-29,08:39:00,,
CHESSINGTON SOUTH - EARLSFIELD,L75715,834,stop,2026-04-20,08:39:00,,
CHESSINGTON SOUTH - EARLSFIELD,L75715,834,stop,2026-04-13,08:39:00,,
CHESSINGTON SOUTH - EARLSFIELD,L75715,834,stop,2026-04-28,08:39:00,,
CHESSINGTON SOUTH - EARLSFIELD,L75715,834,stop,2026-04-03,08:39:00,,
CHESSINGTON SOUTH - EARLSFIELD,Q38839,834,stop,2026-04-03,08:39:00,,
DORKING - BALHAM (4),P26609,842,stop,2026-04-12,08:42:00,,
DORKING - BALHAM (4),P26609,842,stop,2026-04-26,08:42:00,,
EARLSFIELD - DORKING,P61003,802,stop,2026-04-12,08:42:00,,
EARLSFIELD - CHESSINGTON SOUTH,Q38866,817,stop,2026-04-03,08:43:00,,
EARLSFIELD - CHESSINGTON SOUTH,P62038,817,stop,2026-04-11,08:43:00,,
EARLSFIELD - CHESSINGTON SOUTH,P62038,817,stop,2026-04-18,08:43:00,,
EARLSFIELD - CHESSINGTON SOUTH,P62038,817,stop,2026-04-25,08:43:00,,
EARLSFIELD - CHESSINGTON SOUTH,P62038,817,stop,2026-04-04,08:43:00,,
EARLSFIELD - CHESSINGTON SOUTH,Q51074,817,stop,2026-04-06,08:43:00,,
EARLSFIELD - CHESSINGTON SOUTH,P62037,817,stop,2026-04-21,08:44:00,,
EARLSFIELD - CHESSINGTON SOUTH,P62037,817,stop,2026-04-23,08:44:00,,
EARLSFIELD - CHESSINGTON SOUTH,P62037,817,stop,2026-04-03,08:44:00,,
EARLSFIELD - CHESSINGTON SOUTH,P62037,817,stop,2026-04-06,08:44:00,,
EARLSFIELD - CHESSINGTON SOUTH,P62037,817,stop,2026-04-24,08:44:00,,
EARLSFIELD - CHESSINGTON SOUTH,P62037,817,stop,2026-04-15,08:44:00,,
EARLSFIELD - CHESSINGTON SOUTH,P62037,817,stop,2026-04-30,08:44:00,,
EARLSFIELD - CHESSINGTON SOUTH,P62037,817,stop,2026-04-13,08:44:00,,
EARLSFIELD - CHESSINGTON SOUTH,P62037,817,stop,2026-04-10,08:44:00,,
EARLSFIELD - CHESSINGTON SOUTH,P62037,817,stop,2026-04-28,08:44:00,,
EARLSFIELD - CHESSINGTON SOUTH,P62037,817,stop,2026-04-20,08:44:00,,
EARLSFIELD - CHESSINGTON SOUTH,P62037,817,stop,2026-04-17,08:44:00,,
EARLSFIELD - CHESSINGTON SOUTH,P62037,817,stop,2026-04-16,08:44:00,,
CHESSINGTON SOUTH - EARLSFIELD,L75717,839,stop,2026-04-19,08:44:00,,
EARLSFIELD - CHESSINGTON SOUTH,P62037,817,stop,2026-04-09,08:44:00,,
CHESSINGTON SOUTH - EARLSFIELD,L75717,839,stop,2026-04-12,08:44:00,,
EARLSFIELD - CHESSINGTON SOUTH,P62037,817,stop,2026-04-29,08:44:00,,
CHESSINGTON SOUTH - EARLSFIELD,L75717,839,stop,2026-04-05,08:44:00,,
GUILDFORD - EARLSFIELD,P61587,820,stop,2026-04-05,08:45:00,,
GUILDFORD - EARLSFIELD,P61587,820,stop,2026-04-19,08:45:00,,
EARLSFIELD - CHESSINGTON SOUTH,P62037,817,stop,2026-04-07,08:44:00,,
EARLSFIELD - CHESSINGTON SOUTH,P62037,817,stop,2026-04-08,08:44:00,,
EARLSFIELD - CHESSINGTON SOUTH,P62037,817,stop,2026-04-02,08:44:00,,
EARLSFIELD - CHESSINGTON SOUTH,P62037,817,stop,2026-04-27,08:44:00,,
CHESSINGTON SOUTH - EARLSFIELD,L75717,839,stop,2026-04-26,08:44:00,,
EARLSFIELD - CHESSINGTON SOUTH,P62037,817,stop,2026-04-01,08:44:00,,
EARLSFIELD - CHESSINGTON SOUTH,P62037,817,stop,2026-04-22,08:44:00,,
EARLSFIELD - CHESSINGTON SOUTH,P62037,817,stop,2026-04-14,08:44:00,,
DORKING - MITCHAM EASTFIELDS,P26609,844,stop,2026-04-19,08:44:00,,
GUILDFORD - EARLSFIELD,P61587,820,stop,2026-04-12,08:45:00,,
GUILDFORD - EARLSFIELD,P61587,820,stop,2026-04-26,08:45:00,,
DORKING - BALHAM (5),P26609,846,stop,2026-04-05,08:46:00,,
EARLSFIELD - CHESSINGTON SOUTH,P62039,821,stop,2026-04-19,08:47:00,,
EARLSFIELD - CHESSINGTON SOUTH,P62039,821,stop,2026-04-12,08:47:00,,
EARLSFIELD - CHESSINGTON SOUTH,P62039,821,stop,2026-04-26,08:47:00,,
EARLSFIELD - DORKING,P61001,823,stop,2026-04-02,08:48:00,,
EARLSFIELD - DORKING,P61001,823,stop,2026-04-14,08:48:00,,
EARLSFIELD - DORKING,P61001,823,stop,2026-04-23,08:48:00,,
EARLSFIELD - DORKING,P61002,823,stop,2026-04-18,08:48:00,,
EARLSFIELD - DORKING,P61001,823,stop,2026-04-17,08:48:00,,
EARLSFIELD - DORKING,P61002,823,stop,2026-04-25,08:48:00,,
EARLSFIELD - DORKING,P61001,823,stop,2026-04-09,08:48:00,,
EARLSFIELD - DORKING,P61001,823,stop,2026-04-16,08:48:00,,
EARLSFIELD - DORKING,P61001,823,stop,2026-04-30,08:48:00,,
EARLSFIELD - DORKING,P61001,823,stop,2026-04-15,08:48:00,,
EARLSFIELD - DORKING,P61001,823,stop,2026-04-21,08:48:00,,
EARLSFIELD - DORKING,P61001,823,stop,2026-04-10,08:48:00,,
EARLSFIELD - DORKING,P61001,823,stop,2026-04-13,08:48:00,,
EARLSFIELD - DORKING,P61002,823,stop,2026-04-04,08:48:00,,
EARLSFIELD - DORKING,P61001,823,stop,2026-04-07,08:48:00,,
EARLSFIELD - DORKING,P61001,823,stop,2026-04-22,08:48:00,,
EARLSFIELD - DORKING,P61001,823,stop,2026-04-20,08:48:00,,
MITCHAM EASTFIELDS - DORKING (2),P26787,757,stop,2026-04-19,08:48:00,,
EARLSFIELD - DORKING,P61001,823,stop,2026-04-28,08:48:00,,
EARLSFIELD - DORKING,P61001,823,stop,2026-04-01,08:48:00,,
EARLSFIELD - DORKING,Q38854,823,stop,2026-04-03,08:48:00,,
EARLSFIELD - DORKING,P61001,823,stop,2026-04-03,08:48:00,,
EARLSFIELD - DORKING,P61001,823,stop,2026-04-24,08:48:00,,
EARLSFIELD - DORKING,P61001,823,stop,2026-04-27,08:48:00,,
EARLSFIELD - DORKING,Q51060,823,stop,2026-04-06,08:48:00,,
EARLSFIELD - DORKING,P61001,823,stop,2026-04-06,08:48:00,,
EARLSFIELD - CHESSINGTON SOUTH,P62039,824,stop,2026-04-05,08:50:00,,
DORKING - WORCESTER PARK,Q54851,850,stop,2026-04-12,08:50:00,,
EARLSFIELD - DORKING,P61001,823,stop,2026-04-08,08:48:00,,
EARLSFIELD - DORKING,P61002,823,stop,2026-04-11,08:48:00,,
EARLSFIELD - DORKING,P61001,823,stop,2026-04-29,08:48:00,,
BALHAM - DORKING (2),P26787,810,stop,2026-04-12,08:58:00,,
EARLSFIELD - GUILDFORD (2),P61586,832,stop,2026-04-26,08:58:00,,
BALHAM - DORKING,X01854,811,stop,2026-04-06,08:57:00,,
BALHAM - DORKING,P26600,811,stop,2026-04-25,08:57:00,,
BALHAM - DORKING,P26600,811,stop,2026-04-11,08:57:00,,
BALHAM - DORKING,P26600,811,stop,2026-04-04,08:57:00,,
BALHAM - DORKING,X96769,811,stop,2026-04-03,08:57:00,,
BALHAM - DORKING (2),P26787,810,stop,2026-04-26,08:58:00,,
EARLSFIELD - GUILDFORD (2),P61586,832,stop,2026-04-05,08:58:00,,
BALHAM - DORKING (2),P26599,811,stop,2026-04-21,08:59:00,,
BALHAM - DORKING (2),P26599,811,stop,2026-04-03,08:59:00,,
BALHAM - DORKING (2),P26599,811,stop,2026-04-13,08:59:00,,
BALHAM - DORKING (2),P26599,811,stop,2026-04-23,08:59:00,,
BALHAM - DORKING (2),P26599,811,stop,2026-04-20,08:59:00,,
BALHAM - DORKING (2),P26599,811,stop,2026-04-16,08:59:00,,
BALHAM - DORKING (2),P26599,811,stop,2026-04-15,08:59:00,,
BALHAM - DORKING (2),P26599,811,stop,2026-04-07,08:59:00,,
EARLSFIELD - GUILDFORD (2),P61586,832,stop,2026-04-19,08:58:00,,
BALHAM - DORKING (2),P26599,811,stop,2026-04-28,08:59:00,,
BALHAM - DORKING (2),P26599,811,stop,2026-04-29,08:59:00,,
BALHAM - DORKING (2),P26599,811,stop,2026-04-10,08:59:00,,
BALHAM - DORKING (2),P26599,811,stop,2026-04-06,08:59:00,,
BALHAM - DORKING (2),P26599,811,stop,2026-04-30,08:59:00,,
BALHAM - DORKING (2),P26599,811,stop,2026-04-09,08:59:00,,
BALHAM - DORKING (2),P26599,811,stop,2026-04-08,08:59:00,,
BALHAM - DORKING (2),P26599,811,stop,2026-04-22,08:59:00,,
BALHAM - DORKING (2),P26599,811,stop,2026-04-27,08:59:00,,
BALHAM - DORKING (2),P26599,811,stop,2026-04-02,08:59:00,,
BALHAM - DORKING (5),P26787,810,stop,2026-04-05,08:59:00,,
BALHAM - DORKING (2),P26599,811,stop,2026-04-24,08:59:00,,
BALHAM - DORKING (2),P26599,811,stop,2026-04-14,08:59:00,,
BALHAM - DORKING (2),P26599,811,stop,2026-04-17,08:59:00,,
BALHAM - DORKING (2),P26599,811,stop,2026-04-01,08:59:00,,
DORKING - SUTTON (SURREY),X04895,903,stop,2026-04-12,09:03:00,,
WORCESTER PARK - EARLSFIELD,P61587,902,stop,2026-04-12,09:02:00,,
SUTTON (SURREY) - DORKING,X04934,825,stop,2026-04-12,09:02:00,,
WORCESTER PARK - DORKING,Q54909,905,stop,2026-04-12,09:05:00,,
CHESSINGTON SOUTH - EARLSFIELD,L75721,904,stop,2026-04-17,09:09:00,,
GUILDFORD - EARLSFIELD,L74235,842,stop,2026-04-16,09:09:00,,
CHESSINGTON SOUTH - EARLSFIELD,L75721,904,stop,2026-04-15,09:09:00,,
GUILDFORD - EARLSFIELD,L74235,842,stop,2026-04-02,09:09:00,,
CHESSINGTON SOUTH - EARLSFIELD,L75721,904,stop,2026-04-07,09:09:00,,
GUILDFORD - EARLSFIELD,L74235,842,stop,2026-04-08,09:09:00,,
GUILDFORD - EARLSFIELD,L74235,842,stop,2026-04-01,09:09:00,,
GUILDFORD - EARLSFIELD,L74235,842,stop,2026-04-17,09:09:00,,
GUILDFORD - EARLSFIELD,L74235,842,stop,2026-04-07,09:09:00,,
CHESSINGTON SOUTH - EARLSFIELD,L75721,904,stop,2026-04-08,09:09:00,,
DORKING - EARLSFIELD,P61012,907,stop,2026-04-26,09:07:00,,
DORKING - EARLSFIELD,P61012,907,stop,2026-04-19,09:07:00,,
DORKING - EARLSFIELD,P61012,907,stop,2026-04-12,09:07:00,,
DORKING - EARLSFIELD,P61012,907,stop,2026-04-05,09:07:00,,
CHESSINGTON SOUTH - EARLSFIELD,L75721,904,stop,2026-04-06,09:09:00,,
CHESSINGTON SOUTH - EARLSFIELD,Q50965,904,stop,2026-04-06,09:09:00,,
GUILDFORD - EARLSFIELD,L74235,842,stop,2026-04-30,09:09:00,,
GUILDFORD - EARLSFIELD,L74235,842,stop,2026-04-06,09:09:00,,
GUILDFORD - EARLSFIELD,L74235,842,stop,2026-04-03,09:09:00,,
CHESSINGTON SOUTH - EARLSFIELD,L75721,904,stop,2026-04-29,09:09:00,,
GUILDFORD - EARLSFIELD,L74235,842,stop,2026-04-15,09:09:00,,
GUILDFORD - EARLSFIELD,L74235,842,stop,2026-04-28,09:09:00,,
CHESSINGTON SOUTH - EARLSFIELD,L75721,904,stop,2026-04-13,09:09:00,,
CHESSINGTON SOUTH - EARLSFIELD,L75722,904,stop,2026-04-18,09:09:00,,
CHESSINGTON SOUTH - EARLSFIELD,L75721,904,stop,2026-04-14,09:09:00,,
CHESSINGTON SOUTH - EARLSFIELD,L75721,904,stop,2026-04-20,09:09:00,,
GUILDFORD - EARLSFIELD,L74235,842,stop,2026-04-24,09:09:00,,
CHESSINGTON SOUTH - EARLSFIELD,L75721,904,stop,2026-04-16,09:09:00,,
GUILDFORD - EARLSFIELD,L74235,842,stop,2026-04-27,09:09:00,,
GUILDFORD - EARLSFIELD,L74235,842,stop,2026-04-14,09:09:00,,
CHESSINGTON SOUTH - EARLSFIELD,L75721,904,stop,2026-04-27,09:09:00,,
GUILDFORD - EARLSFIELD,L74235,842,stop,2026-04-21,09:09:00,,
CHESSINGTON SOUTH - EARLSFIELD,L75721,904,stop,2026-04-02,09:09:00,,
GUILDFORD - EARLSFIELD,L74235,842,stop,2026-04-20,09:09:00,,
GUILDFORD - EARLSFIELD,L74235,842,stop,2026-04-10,09:09:00,,
CHESSINGTON SOUTH - EARLSFIELD,L75721,904,stop,2026-04-23,09:09:00,,
GUILDFORD - EARLSFIELD,L74235,842,stop,2026-04-22,09:09:00,,
CHESSINGTON SOUTH - EARLSFIELD,L75721,904,stop,2026-04-21,09:09:00,,
CHESSINGTON SOUTH - EARLSFIELD,L75722,904,stop,2026-04-11,09:09:00,,
CHESSINGTON SOUTH - EARLSFIELD,L75722,904,stop,2026-04-25,09:09:00,,
GUILDFORD - EARLSFIELD,L74235,842,stop,2026-04-09,09:09:00,,
CHESSINGTON SOUTH - EARLSFIELD,L75721,904,stop,2026-04-30,09:09:00,,
GUILDFORD - EARLSFIELD,L74235,842,stop,2026-04-23,09:09:00,,
CHESSINGTON SOUTH - EARLSFIELD,L75721,904,stop,2026-04-28,09:09:00,,
CHESSINGTON SOUTH - EARLSFIELD,L75721,904,stop,2026-04-09,09:09:00,,
GUILDFORD - EARLSFIELD,L74235,842,stop,2026-04-29,09:09:00,,
GUILDFORD - EARLSFIELD,L74234,845,stop,2026-04-25,09:10:00,,
GUILDFORD - EARLSFIELD,Q88882,845,stop,2026-04-03,09:10:00,,
GUILDFORD - EARLSFIELD,L74234,845,stop,2026-04-04,09:10:00,,
GUILDFORD - EARLSFIELD,Q51006,845,stop,2026-04-06,09:10:00,,
GUILDFORD - EARLSFIELD,L74234,845,stop,2026-04-11,09:10:00,,
CHESSINGTON SOUTH - EARLSFIELD,L75721,904,stop,2026-04-10,09:09:00,,
CHESSINGTON SOUTH - EARLSFIELD,L75721,904,stop,2026-04-22,09:09:00,,
CHESSINGTON SOUTH - EARLSFIELD,L75721,904,stop,2026-04-01,09:09:00,,
CHESSINGTON SOUTH - EARLSFIELD,L75721,904,stop,2026-04-03,09:09:00,,
CHESSINGTON SOUTH - EARLSFIELD,Q38816,904,stop,2026-04-03,09:09:00,,
CHESSINGTON SOUTH - EARLSFIELD,L75722,904,stop,2026-04-04,09:09:00,,
GUILDFORD - EARLSFIELD,L74235,842,stop,2026-04-13,09:09:00,,
CHESSINGTON SOUTH - EARLSFIELD,L75721,904,stop,2026-04-24,09:09:00,,
GUILDFORD - EARLSFIELD,L74234,845,stop,2026-04-18,09:10:00,,
MITCHAM EASTFIELDS - DORKING (2),P26600,820,stop,2026-04-18,09:10:00,,
DORKING - BALHAM (4),P26615,912,stop,2026-04-26,09:12:00,,
EARLSFIELD - CHESSINGTON SOUTH,P62041,847,stop,2026-04-18,09:13:00,,
EARLSFIELD - CHESSINGTON SOUTH,P62041,847,stop,2026-04-25,09:13:00,,
EARLSFIELD - CHESSINGTON SOUTH,P62041,847,stop,2026-04-04,09:13:00,,
EARLSFIELD - CHESSINGTON SOUTH,Q38831,847,stop,2026-04-03,09:13:00,,
EARLSFIELD - GUILDFORD (2),P61586,832,stop,2026-04-12,09:12:00,,
DORKING - MITCHAM EASTFIELDS,P26615,912,stop,2026-04-19,09:12:00,,
DORKING - BALHAM (4),P26615,912,stop,2026-04-12,09:12:00,,
CHESSINGTON SOUTH - EARLSFIELD,L75723,909,stop,2026-04-05,09:14:00,,
EARLSFIELD - CHESSINGTON SOUTH,P62040,847,stop,2026-04-22,09:14:00,,
EARLSFIELD - CHESSINGTON SOUTH,P62040,847,stop,2026-04-20,09:14:00,,
EARLSFIELD - CHESSINGTON SOUTH,P62040,847,stop,2026-04-03,09:14:00,,
EARLSFIELD - CHESSINGTON SOUTH,P62040,847,stop,2026-04-09,09:14:00,,
EARLSFIELD - CHESSINGTON SOUTH,P62040,847,stop,2026-04-08,09:14:00,,
EARLSFIELD - CHESSINGTON SOUTH,P62040,847,stop,2026-04-02,09:14:00,,
EARLSFIELD - CHESSINGTON SOUTH,P62040,847,stop,2026-04-10,09:14:00,,
EARLSFIELD - CHESSINGTON SOUTH,P62040,847,stop,2026-04-15,09:14:00,,
EARLSFIELD - CHESSINGTON SOUTH,P62040,847,stop,2026-04-06,09:14:00,,
EARLSFIELD - CHESSINGTON SOUTH,P62040,847,stop,2026-04-13,09:14:00,,
EARLSFIELD - CHESSINGTON SOUTH,P62041,847,stop,2026-04-11,09:13:00,,
EARLSFIELD - CHESSINGTON SOUTH,Q51003,847,stop,2026-04-06,09:13:00,,
EARLSFIELD - CHESSINGTON SOUTH,P62040,847,stop,2026-04-24,09:14:00,,
EARLSFIELD - CHESSINGTON SOUTH,P62040,847,stop,2026-04-14,09:14:00,,
EARLSFIELD - CHESSINGTON SOUTH,P62040,847,stop,2026-04-17,09:14:00,,
EARLSFIELD - CHESSINGTON SOUTH,P62040,847,stop,2026-04-29,09:14:00,,
EARLSFIELD - CHESSINGTON SOUTH,P62040,847,stop,2026-04-16,09:14:00,,
EARLSFIELD - CHESSINGTON SOUTH,P62040,847,stop,2026-04-01,09:14:00,,
EARLSFIELD - CHESSINGTON SOUTH,P62040,847,stop,2026-04-28,09:14:00,,
CHESSINGTON SOUTH - EARLSFIELD,L75723,909,stop,2026-04-26,09:14:00,,
EARLSFIELD - CHESSINGTON SOUTH,P62040,847,stop,2026-04-21,09:14:00,,
EARLSFIELD - CHESSINGTON SOUTH,P62040,847,stop,2026-04-23,09:14:00,,
EARLSFIELD - CHESSINGTON SOUTH,P62040,847,stop,2026-04-27,09:14:00,,
EARLSFIELD - CHESSINGTON SOUTH,P62040,847,stop,2026-04-07,09:14:00,,
CHESSINGTON SOUTH - EARLSFIELD,L75723,909,stop,2026-04-19,09:14:00,,
EARLSFIELD - CHESSINGTON SOUTH,P62040,847,stop,2026-04-30,09:14:00,,
CHESSINGTON SOUTH - EARLSFIELD,L75723,909,stop,2026-04-12,09:14:00,,
DORKING - BALHAM (2),P26613,915,stop,2026-04-03,09:15:00,,
DORKING - BALHAM (2),P26613,915,stop,2026-04-14,09:15:00,,
DORKING - BALHAM (2),P26613,915,stop,2026-04-15,09:15:00,,
DORKING - BALHAM (2),P26613,915,stop,2026-04-09,09:15:00,,
DORKING - BALHAM (2),P26613,915,stop,2026-04-20,09:15:00,,
DORKING - BALHAM (2),P26613,915,stop,2026-04-22,09:15:00,,
DORKING - BALHAM (2),P26613,915,stop,2026-04-13,09:15:00,,
DORKING - BALHAM (2),P26613,915,stop,2026-04-23,09:15:00,,
DORKING - BALHAM (2),P26613,915,stop,2026-04-21,09:15:00,,
DORKING - BALHAM (2),P26613,915,stop,2026-04-16,09:15:00,,
DORKING - BALHAM (2),P26613,915,stop,2026-04-28,09:15:00,,
DORKING - BALHAM (2),P26613,915,stop,2026-04-10,09:15:00,,
DORKING - BALHAM (2),P26613,915,stop,2026-04-02,09:15:00,,
DORKING - BALHAM (2),P26613,915,stop,2026-04-01,09:15:00,,
DORKING - BALHAM (5),P26615,916,stop,2026-04-05,09:16:00,,
DORKING - BALHAM (2),P26613,915,stop,2026-04-08,09:15:00,,
DORKING - BALHAM (2),P26613,915,stop,2026-04-24,09:15:00,,
DORKING - BALHAM (2),P26613,915,stop,2026-04-29,09:15:00,,
DORKING - BALHAM (2),P26613,915,stop,2026-04-27,09:15:00,,
DORKING - BALHAM (2),P26613,915,stop,2026-04-17,09:15:00,,
DORKING - BALHAM (2),P26613,915,stop,2026-04-06,09:15:00,,
DORKING - BALHAM (2),P26613,915,stop,2026-04-07,09:15:00,,
DORKING - BALHAM (2),P26613,915,stop,2026-04-30,09:15:00,,
DORKING - BALHAM (3),X00928,917,stop,2026-04-06,09:17:00,,
DORKING - BALHAM (3),P26614,917,stop,2026-04-11,09:17:00,,
DORKING - BALHAM (3),P26614,917,stop,2026-04-25,09:17:00,,
EARLSFIELD - CHESSINGTON SOUTH,P62042,851,stop,2026-04-05,09:17:00,,
EARLSFIELD - CHESSINGTON SOUTH,P62042,851,stop,2026-04-26,09:17:00,,
EARLSFIELD - GUILDFORD (2),P61585,853,stop,2026-04-04,09:18:00,,
EARLSFIELD - GUILDFORD (2),P61584,853,stop,2026-04-07,09:18:00,,
DORKING - MITCHAM EASTFIELDS (2),P26614,917,stop,2026-04-18,09:17:00,,
EARLSFIELD - CHESSINGTON SOUTH,P62042,851,stop,2026-04-19,09:17:00,,
DORKING - BALHAM (3),X96677,917,stop,2026-04-03,09:17:00,,
EARLSFIELD - CHESSINGTON SOUTH,P62042,851,stop,2026-04-12,09:17:00,,
DORKING - BALHAM (3),P26614,917,stop,2026-04-04,09:17:00,,
EARLSFIELD - GUILDFORD (2),P61584,853,stop,2026-04-24,09:18:00,,
EARLSFIELD - GUILDFORD (2),Q50991,853,stop,2026-04-06,09:18:00,,
EARLSFIELD - GUILDFORD (2),P61584,853,stop,2026-04-16,09:18:00,,
EARLSFIELD - GUILDFORD (2),P61585,853,stop,2026-04-18,09:18:00,,
EARLSFIELD - GUILDFORD (2),P61584,853,stop,2026-04-08,09:18:00,,
EARLSFIELD - GUILDFORD (2),P61584,853,stop,2026-04-30,09:18:00,,
EARLSFIELD - GUILDFORD (2),P61584,853,stop,2026-04-23,09:18:00,,
EARLSFIELD - GUILDFORD (2),P61584,853,stop,2026-04-13,09:18:00,,
EARLSFIELD - GUILDFORD (2),P61584,853,stop,2026-04-09,09:18:00,,
EARLSFIELD - GUILDFORD (2),P61584,853,stop,2026-04-15,09:18:00,,
EARLSFIELD - GUILDFORD (2),P61584,853,stop,2026-04-03,09:18:00,,
EARLSFIELD - GUILDFORD (2),Q38828,853,stop,2026-04-03,09:18:00,,
EARLSFIELD - GUILDFORD (2),P61584,853,stop,2026-04-01,09:19:00,,
EARLSFIELD - GUILDFORD (2),P61584,853,stop,2026-04-21,09:18:00,,
EARLSFIELD - GUILDFORD (2),P61584,853,stop,2026-04-29,09:18:00,,
EARLSFIELD - GUILDFORD (2),P61584,853,stop,2026-04-10,09:18:00,,
EARLSFIELD - GUILDFORD (2),P61584,853,stop,2026-04-20,09:18:00,,
EARLSFIELD - GUILDFORD (2),P61584,853,stop,2026-04-27,09:18:00,,
EARLSFIELD - GUILDFORD (2),P61584,853,stop,2026-04-14,09:18:00,,
EARLSFIELD - GUILDFORD (2),P61584,853,stop,2026-04-22,09:18:00,,
EARLSFIELD - GUILDFORD (2),P61585,853,stop,2026-04-11,09:18:00,,
EARLSFIELD - GUILDFORD (2),P61584,853,stop,2026-04-06,09:18:00,,
EARLSFIELD - GUILDFORD (2),P61584,853,stop,2026-04-02,09:18:00,,
EARLSFIELD - GUILDFORD (2),P61584,853,stop,2026-04-28,09:18:00,,
EARLSFIELD - GUILDFORD (2),P61584,853,stop,2026-04-17,09:18:00,,
EARLSFIELD - GUILDFORD (2),P61585,853,stop,2026-04-25,09:18:00,,
HORSHAM - BALHAM,P26620,914,stop,2026-04-04,09:26:00,,
HORSHAM - BALHAM,P26619,914,stop,2026-04-02,09:26:00,,
HORSHAM - BALHAM,P26619,914,stop,2026-04-30,09:26:00,,
HORSHAM - BALHAM,P26619,914,stop,2026-04-23,09:26:00,,
HORSHAM - BALHAM,P26619,914,stop,2026-04-21,09:26:00,,
HORSHAM - BALHAM,X96682,914,stop,2026-04-03,09:26:00,,
HORSHAM - BALHAM,P26620,914,stop,2026-04-25,09:26:00,,
MITCHAM EASTFIELDS - DORKING (3),P26606,838,stop,2026-04-19,09:26:00,,
HORSHAM - BALHAM,P26619,914,stop,2026-04-10,09:26:00,,
HORSHAM - BALHAM,P26619,914,stop,2026-04-20,09:26:00,,
BALHAM - DORKING (8),P26606,840,stop,2026-04-26,09:26:00,,
HORSHAM - BALHAM,X00930,914,stop,2026-04-06,09:26:00,,
HORSHAM - BALHAM,P26619,914,stop,2026-04-14,09:26:00,,
HORSHAM - BALHAM,P26619,914,stop,2026-04-06,09:26:00,,
HORSHAM - BALHAM,P26619,914,stop,2026-04-13,09:26:00,,
HORSHAM - BALHAM,P26619,914,stop,2026-04-24,09:26:00,,
HORSHAM - BALHAM,P26619,914,stop,2026-04-15,09:26:00,,
HORSHAM - BALHAM,P26619,914,stop,2026-04-03,09:26:00,,
HORSHAM - BALHAM,P26619,914,stop,2026-04-08,09:26:00,,
HORSHAM - BALHAM,P26619,914,stop,2026-04-27,09:26:00,,
HORSHAM - BALHAM,P26619,914,stop,2026-04-07,09:26:00,,
HORSHAM - BALHAM,P26619,914,stop,2026-04-09,09:26:00,,
HORSHAM - BALHAM,P26619,914,stop,2026-04-29,09:26:00,,
HORSHAM - BALHAM,P26619,914,stop,2026-04-28,09:26:00,,
BALHAM - DORKING (4),P26606,840,stop,2026-04-05,09:27:00,,
HORSHAM - BALHAM,P26620,914,stop,2026-04-11,09:26:00,,
HORSHAM - BALHAM,P26619,914,stop,2026-04-16,09:26:00,,
HORSHAM - BALHAM,P26619,914,stop,2026-04-22,09:26:00,,
HORSHAM - BALHAM,P26619,914,stop,2026-04-17,09:26:00,,
BALHAM - DORKING (8),P26606,840,stop,2026-04-12,09:26:00,,
HORSHAM - BALHAM,P26619,914,stop,2026-04-01,09:26:00,,
EARLSFIELD - DORKING,P61009,902,stop,2026-04-05,09:27:00,,
BALHAM - HORSHAM,P26604,841,stop,2026-04-13,09:29:00,,
BALHAM - HORSHAM,P26604,841,stop,2026-04-21,09:29:00,,
BALHAM - HORSHAM,P26605,841,stop,2026-04-11,09:29:00,,
BALHAM - HORSHAM,P26605,841,stop,2026-04-04,09:29:00,,
BALHAM - HORSHAM,P26604,841,stop,2026-04-22,09:29:00,,
BALHAM - HORSHAM,P26604,841,stop,2026-04-14,09:29:00,,
BALHAM - HORSHAM,P26604,841,stop,2026-04-15,09:29:00,,
BALHAM - HORSHAM,P26604,841,stop,2026-04-10,09:29:00,,
BALHAM - HORSHAM,P26604,841,stop,2026-04-06,09:29:00,,
BALHAM - HORSHAM,P26604,841,stop,2026-04-23,09:29:00,,
EARLSFIELD - DORKING,P61009,902,stop,2026-04-26,09:29:00,,
BALHAM - HORSHAM,P26604,841,stop,2026-04-03,09:29:00,,
BALHAM - HORSHAM,P26604,841,stop,2026-04-02,09:29:00,,
BALHAM - HORSHAM,P26604,841,stop,2026-04-24,09:29:00,,
BALHAM - HORSHAM,P26604,841,stop,2026-04-20,09:29:00,,
BALHAM - HORSHAM,P26604,841,stop,2026-04-17,09:29:00,,
BALHAM - HORSHAM,X96728,841,stop,2026-04-03,09:29:00,,
BALHAM - HORSHAM,P26604,841,stop,2026-04-16,09:29:00,,
BALHAM - HORSHAM,X00925,841,stop,2026-04-06,09:29:00,,
BALHAM - HORSHAM,P26604,841,stop,2026-04-28,09:29:00,,
BALHAM - HORSHAM,P26605,841,stop,2026-04-25,09:29:00,,
BALHAM - HORSHAM,P26604,841,stop,2026-04-27,09:29:00,,
BALHAM - HORSHAM,P26604,841,stop,2026-04-01,09:29:00,,
BALHAM - HORSHAM,P26604,841,stop,2026-04-07,09:29:00,,
BALHAM - HORSHAM,P26604,841,stop,2026-04-29,09:29:00,,
BALHAM - HORSHAM,P26604,841,stop,2026-04-08,09:29:00,,
BALHAM - HORSHAM,P26604,841,stop,2026-04-09,09:29:00,,
BALHAM - HORSHAM,P26604,841,stop,2026-04-30,09:29:00,,
EARLSFIELD - DORKING,P61009,902,stop,2026-04-19,09:29:00,,
HORSHAM - MITCHAM EASTFIELDS,P26620,920,stop,2026-04-18,09:31:00,,
DORKING - EARLSFIELD,P61016,932,stop,2026-04-27,09:32:00,,
DORKING - EARLSFIELD,P61016,932,stop,2026-04-17,09:32:00,,
DORKING - EARLSFIELD,P61016,932,stop,2026-04-10,09:32:00,,
DORKING - EARLSFIELD,P61016,932,stop,2026-04-06,09:32:00,,
SUTTON (SURREY) - DORKING,X04933,855,stop,2026-04-12,09:32:00,,
DORKING - EARLSFIELD,P61017,932,stop,2026-04-11,09:32:00,,
DORKING - EARLSFIELD,P61016,932,stop,2026-04-29,09:32:00,,
DORKING - EARLSFIELD,P61016,932,stop,2026-04-03,09:32:00,,
DORKING - EARLSFIELD,P61017,932,stop,2026-04-18,09:32:00,,
DORKING - EARLSFIELD,P61016,932,stop,2026-04-28,09:32:00,,
DORKING - EARLSFIELD,P61016,932,stop,2026-04-20,09:32:00,,
DORKING - EARLSFIELD,P61016,932,stop,2026-04-21,09:32:00,,
DORKING - EARLSFIELD,P61016,932,stop,2026-04-14,09:32:00,,
DORKING - EARLSFIELD,P61016,932,stop,2026-04-02,09:32:00,,
DORKING - EARLSFIELD,Q38798,932,stop,2026-04-03,09:32:00,,
DORKING - EARLSFIELD,P61016,932,stop,2026-04-08,09:32:00,,
DORKING - EARLSFIELD,P61016,932,stop,2026-04-07,09:32:00,,
DORKING - EARLSFIELD,P61017,932,stop,2026-04-25,09:32:00,,
DORKING - EARLSFIELD,P61016,932,stop,2026-04-15,09:32:00,,
DORKING - EARLSFIELD,P61016,932,stop,2026-04-23,09:32:00,,
DORKING - EARLSFIELD,P61017,932,stop,2026-04-04,09:32:00,,
DORKING - EARLSFIELD,P61016,932,stop,2026-04-24,09:32:00,,
DORKING - EARLSFIELD,P61016,932,stop,2026-04-09,09:32:00,,
DORKING - EARLSFIELD,Q50915,932,stop,2026-04-06,09:32:00,,
WORCESTER PARK - EARLSFIELD,P61012,932,stop,2026-04-12,09:32:00,,
DORKING - EARLSFIELD,P61016,932,stop,2026-04-22,09:32:00,,
DORKING - EARLSFIELD,P61016,932,stop,2026-04-01,09:32:00,,
DORKING - SUTTON (SURREY),X04894,933,stop,2026-04-12,09:33:00,,
DORKING - EARLSFIELD,P61016,932,stop,2026-04-30,09:32:00,,
DORKING - EARLSFIELD,P61016,932,stop,2026-04-16,09:32:00,,
DORKING - EARLSFIELD,P61016,932,stop,2026-04-13,09:32:00,,
EFFINGHAM JUNCTION - WORCESTER PARK,Q54780,915,stop,2026-04-12,09:35:00,,
WORCESTER PARK - EFFINGHAM JUNCTION,Q54817,935,stop,2026-04-12,09:35:00,,
CHESSINGTON SOUTH - EARLSFIELD,L75727,934,stop,2026-04-30,09:39:00,,
CHESSINGTON SOUTH - EARLSFIELD,L75727,934,stop,2026-04-15,09:39:00,,
CHESSINGTON SOUTH - EARLSFIELD,L75727,934,stop,2026-04-08,09:39:00,,
CHESSINGTON SOUTH - EARLSFIELD,L75727,934,stop,2026-04-22,09:39:00,,
CHESSINGTON SOUTH - EARLSFIELD,L75727,934,stop,2026-04-28,09:39:00,,
CHESSINGTON SOUTH - EARLSFIELD,L75728,934,stop,2026-04-11,09:39:00,,
CHESSINGTON SOUTH - EARLSFIELD,L75727,934,stop,2026-04-29,09:39:00,,
CHESSINGTON SOUTH - EARLSFIELD,L75727,934,stop,2026-04-23,09:39:00,,
CHESSINGTON SOUTH - EARLSFIELD,L75727,934,stop,2026-04-02,09:39:00,,
CHESSINGTON SOUTH - EARLSFIELD,L75727,934,stop,2026-04-24,09:39:00,,
MITCHAM EASTFIELDS - HORSHAM (2),P26605,850,stop,2026-04-18,09:38:00,,
CHESSINGTON SOUTH - EARLSFIELD,L75727,934,stop,2026-04-14,09:39:00,,
CHESSINGTON SOUTH - EARLSFIELD,L75728,934,stop,2026-04-25,09:39:00,,
CHESSINGTON SOUTH - EARLSFIELD,L75727,934,stop,2026-04-09,09:39:00,,
CHESSINGTON SOUTH - EARLSFIELD,L75727,934,stop,2026-04-01,09:39:00,,
CHESSINGTON SOUTH - EARLSFIELD,L75727,934,stop,2026-04-21,09:39:00,,
CHESSINGTON SOUTH - EARLSFIELD,Q50886,934,stop,2026-04-06,09:39:00,,
CHESSINGTON SOUTH - EARLSFIELD,L75727,934,stop,2026-04-16,09:39:00,,
CHESSINGTON SOUTH - EARLSFIELD,L75727,934,stop,2026-04-06,09:39:00,,
CHESSINGTON SOUTH - EARLSFIELD,L75727,934,stop,2026-04-10,09:39:00,,
CHESSINGTON SOUTH - EARLSFIELD,L75727,934,stop,2026-04-13,09:39:00,,
CHESSINGTON SOUTH - EARLSFIELD,Q38793,934,stop,2026-04-03,09:39:00,,
CHESSINGTON SOUTH - EARLSFIELD,L75727,934,stop,2026-04-03,09:39:00,,
CHESSINGTON SOUTH - EARLSFIELD,L75727,934,stop,2026-04-27,09:39:00,,
CHESSINGTON SOUTH - EARLSFIELD,L75728,934,stop,2026-04-04,09:39:00,,
CHESSINGTON SOUTH - EARLSFIELD,L75727,934,stop,2026-04-17,09:39:00,,
CHESSINGTON SOUTH - EARLSFIELD,L75728,934,stop,2026-04-18,09:39:00,,
CHESSINGTON SOUTH - EARLSFIELD,L75727,934,stop,2026-04-20,09:39:00,,
CHESSINGTON SOUTH - EARLSFIELD,L75727,934,stop,2026-04-07,09:39:00,,
EARLSFIELD - CHESSINGTON SOUTH,P62044,917,stop,2026-04-18,09:43:00,,
DORKING - MITCHAM EASTFIELDS,P26621,942,stop,2026-04-19,09:42:00,,
DORKING - BALHAM (4),P26621,942,stop,2026-04-26,09:42:00,,
DORKING - BALHAM (4),P26621,942,stop,2026-04-12,09:42:00,,
EARLSFIELD - CHESSINGTON SOUTH,P62044,917,stop,2026-04-11,09:43:00,,
EARLSFIELD - CHESSINGTON SOUTH,Q38811,917,stop,2026-04-03,09:43:00,,
EARLSFIELD - CHESSINGTON SOUTH,P62044,917,stop,2026-04-25,09:43:00,,
EARLSFIELD - CHESSINGTON SOUTH,P62044,917,stop,2026-04-04,09:43:00,,
EARLSFIELD - CHESSINGTON SOUTH,P62043,917,stop,2026-04-23,09:44:00,,
EARLSFIELD - CHESSINGTON SOUTH,P62043,917,stop,2026-04-20,09:44:00,,
EARLSFIELD - CHESSINGTON SOUTH,P62043,917,stop,2026-04-15,09:44:00,,
EARLSFIELD - CHESSINGTON SOUTH,P62043,917,stop,2026-04-08,09:44:00,,
EARLSFIELD - DORKING,P61009,902,stop,2026-04-12,09:43:00,,
EARLSFIELD - CHESSINGTON SOUTH,Q50946,917,stop,2026-04-06,09:43:00,,
EARLSFIELD - CHESSINGTON SOUTH,P62043,917,stop,2026-04-28,09:44:00,,
EARLSFIELD - CHESSINGTON SOUTH,P62043,917,stop,2026-04-29,09:44:00,,
CHESSINGTON SOUTH - EARLSFIELD,L75729,939,stop,2026-04-12,09:44:00,,
CHESSINGTON SOUTH - EARLSFIELD,L75729,939,stop,2026-04-05,09:44:00,,
EARLSFIELD - CHESSINGTON SOUTH,P62043,917,stop,2026-04-10,09:44:00,,
EARLSFIELD - CHESSINGTON SOUTH,P62043,917,stop,2026-04-27,09:44:00,,
EARLSFIELD - CHESSINGTON SOUTH,P62043,917,stop,2026-04-17,09:44:00,,
CHESSINGTON SOUTH - EARLSFIELD,L75729,939,stop,2026-04-19,09:44:00,,
EARLSFIELD - CHESSINGTON SOUTH,P62043,917,stop,2026-04-01,09:44:00,,
EARLSFIELD - CHESSINGTON SOUTH,P62043,917,stop,2026-04-30,09:44:00,,
EARLSFIELD - CHESSINGTON SOUTH,P62043,917,stop,2026-04-22,09:44:00,,
EARLSFIELD - CHESSINGTON SOUTH,P62043,917,stop,2026-04-21,09:44:00,,
EARLSFIELD - CHESSINGTON SOUTH,P62043,917,stop,2026-04-14,09:44:00,,
EARLSFIELD - CHESSINGTON SOUTH,P62043,917,stop,2026-04-09,09:44:00,,
CHESSINGTON SOUTH - EARLSFIELD,L75729,939,stop,2026-04-26,09:44:00,,
EARLSFIELD - CHESSINGTON SOUTH,P62043,917,stop,2026-04-24,09:44:00,,
GUILDFORD - EARLSFIELD,L74236,920,stop,2026-04-05,09:45:00,,
GUILDFORD - EARLSFIELD,L74236,920,stop,2026-04-26,09:45:00,,
GUILDFORD - EARLSFIELD,L74236,920,stop,2026-04-19,09:45:00,,
GUILDFORD - EARLSFIELD,L74236,920,stop,2026-04-12,09:45:00,,
EARLSFIELD - CHESSINGTON SOUTH,P62043,917,stop,2026-04-06,09:44:00,,
EARLSFIELD - CHESSINGTON SOUTH,P62043,917,stop,2026-04-02,09:44:00,,
EARLSFIELD - CHESSINGTON SOUTH,P62043,917,stop,2026-04-16,09:44:00,,
EARLSFIELD - CHESSINGTON SOUTH,P62043,917,stop,2026-04-07,09:44:00,,
EARLSFIELD - CHESSINGTON SOUTH,P62043,917,stop,2026-04-03,09:44:00,,
EARLSFIELD - CHESSINGTON SOUTH,P62043,917,stop,2026-04-13,09:44:00,,
DORKING - BALHAM (5),P26621,946,stop,2026-04-05,09:46:00,,
EARLSFIELD - CHESSINGTON SOUTH,P62045,921,stop,2026-04-26,09:47:00,,
EARLSFIELD - CHESSINGTON SOUTH,P62045,921,stop,2026-04-19,09:47:00,,
EARLSFIELD - DORKING,P61008,923,stop,2026-04-11,09:48:00,,
EARLSFIELD - CHESSINGTON SOUTH,P62045,921,stop,2026-04-12,09:47:00,,
EARLSFIELD - DORKING,P61007,923,stop,2026-04-28,09:48:00,,
EARLSFIELD - DORKING,P61008,923,stop,2026-04-25,09:48:00,,
EARLSFIELD - DORKING,P61007,923,stop,2026-04-22,09:48:00,,
EARLSFIELD - DORKING,P61007,923,stop,2026-04-03,09:48:00,,
EARLSFIELD - DORKING,P61007,923,stop,2026-04-29,09:48:00,,
EARLSFIELD - DORKING,Q38807,923,stop,2026-04-03,09:48:00,,
EARLSFIELD - DORKING,P61007,923,stop,2026-04-06,09:48:00,,
EARLSFIELD - DORKING,P61007,923,stop,2026-04-07,09:48:00,,
EARLSFIELD - DORKING,P61007,923,stop,2026-04-09,09:48:00,,
EARLSFIELD - DORKING,P61007,923,stop,2026-04-10,09:48:00,,
EARLSFIELD - DORKING,P61007,923,stop,2026-04-08,09:48:00,,
EARLSFIELD - DORKING,P61007,923,stop,2026-04-13,09:48:00,,
EARLSFIELD - DORKING,P61007,923,stop,2026-04-30,09:48:00,,
EARLSFIELD - DORKING,P61007,923,stop,2026-04-16,09:48:00,,
EARLSFIELD - DORKING,P61007,923,stop,2026-04-02,09:48:00,,
EARLSFIELD - DORKING,P61007,923,stop,2026-04-20,09:48:00,,
EARLSFIELD - DORKING,P61008,923,stop,2026-04-04,09:48:00,,
EARLSFIELD - DORKING,P61007,923,stop,2026-04-14,09:48:00,,
EARLSFIELD - DORKING,P61007,923,stop,2026-04-23,09:48:00,,
EARLSFIELD - DORKING,P61007,923,stop,2026-04-01,09:48:00,,
EARLSFIELD - DORKING,P61007,923,stop,2026-04-24,09:48:00,,
EARLSFIELD - DORKING,Q50937,923,stop,2026-04-06,09:48:00,,
EARLSFIELD - DORKING,P61007,923,stop,2026-04-15,09:48:00,,
EARLSFIELD - DORKING,P61007,923,stop,2026-04-21,09:48:00,,
EARLSFIELD - DORKING,P61007,923,stop,2026-04-27,09:48:00,,
EARLSFIELD - DORKING,P61008,923,stop,2026-04-18,09:48:00,,
EARLSFIELD - DORKING,P61007,923,stop,2026-04-17,09:48:00,,
DORKING - WORCESTER PARK,Q54850,950,stop,2026-04-12,09:50:00,,
EARLSFIELD - CHESSINGTON SOUTH,P62045,924,stop,2026-04-05,09:50:00,,
BALHAM - DORKING,P26610,911,stop,2026-04-09,09:57:00,,
BALHAM - DORKING,P26610,911,stop,2026-04-14,09:57:00,,
BALHAM - DORKING,P26610,911,stop,2026-04-20,09:57:00,,
BALHAM - DORKING,P26610,911,stop,2026-04-22,09:57:00,,
BALHAM - DORKING,P26610,911,stop,2026-04-02,09:57:00,,
BALHAM - DORKING,P26610,911,stop,2026-04-29,09:57:00,,
BALHAM - DORKING,P26610,911,stop,2026-04-08,09:57:00,,
BALHAM - DORKING,P26611,911,stop,2026-04-25,09:57:00,,
BALHAM - DORKING,P26610,911,stop,2026-04-17,09:57:00,,
BALHAM - DORKING,P26610,911,stop,2026-04-03,09:57:00,,
BALHAM - DORKING,X96688,911,stop,2026-04-03,09:57:00,,
BALHAM - DORKING,P26610,911,stop,2026-04-13,09:57:00,,
BALHAM - DORKING,P26610,911,stop,2026-04-06,09:57:00,,
BALHAM - DORKING,P26610,911,stop,2026-04-28,09:57:00,,
BALHAM - DORKING,P26610,911,stop,2026-04-07,09:57:00,,
BALHAM - DORKING,P26611,911,stop,2026-04-11,09:57:00,,
BALHAM - DORKING,P26610,911,stop,2026-04-27,09:57:00,,
BALHAM - DORKING,P26611,911,stop,2026-04-04,09:57:00,,
BALHAM - DORKING,P26610,911,stop,2026-04-15,09:57:00,,
BALHAM - DORKING,P26610,911,stop,2026-04-30,09:57:00,,
BALHAM - DORKING,X00927,911,stop,2026-04-06,09:57:00,,
BALHAM - DORKING,P26610,911,stop,2026-04-21,09:57:00,,
EARLSFIELD - GUILDFORD (2),P61590,932,stop,2026-04-05,09:58:00,,
EARLSFIELD - GUILDFORD (2),P61590,932,stop,2026-04-19,09:58:00,,
EARLSFIELD - GUILDFORD (2),P61590,932,stop,2026-04-26,09:58:00,,
BALHAM - DORKING,P26610,911,stop,2026-04-23,09:57:00,,
BALHAM - DORKING,P26610,911,stop,2026-04-16,09:57:00,,
BALHAM - DORKING,P26610,911,stop,2026-04-10,09:57:00,,
BALHAM - DORKING,P26610,911,stop,2026-04-01,09:57:00,,
BALHAM - DORKING,P26610,911,stop,2026-04-24,09:57:00,,
MITCHAM EASTFIELDS - DORKING (2),P26612,908,stop,2026-04-19,09:58:00,,
BALHAM - DORKING (2),P26612,910,stop,2026-04-12,09:58:00,,
BALHAM - DORKING (5),P26612,910,stop,2026-04-05,10:00:00,,
BALHAM - DORKING (2),P26612,910,stop,2026-04-26,09:58:00,,
WORCESTER PARK - EARLSFIELD,L74236,1002,stop,2026-04-12,10:02:00,,
WORCESTER PARK - DORKING,Q54904,1005,stop,2026-04-12,10:05:00,,
DORKING - SUTTON (SURREY),X04893,1003,stop,2026-04-12,10:03:00,,
SUTTON (SURREY) - DORKING,X04932,925,stop,2026-04-12,10:02:00,,
DORKING - EARLSFIELD,P61018,1007,stop,2026-04-26,10:07:00,,
DORKING - EARLSFIELD,P61018,1007,stop,2026-04-19,10:07:00,,
DORKING - EARLSFIELD,P61018,1007,stop,2026-04-12,10:07:00,,
DORKING - EARLSFIELD,P61018,1007,stop,2026-04-05,10:07:00,,
CHESSINGTON SOUTH - EARLSFIELD,L75733,1004,stop,2026-04-21,10:09:00,,
CHESSINGTON SOUTH - EARLSFIELD,L75733,1004,stop,2026-04-01,10:09:00,,
CHESSINGTON SOUTH - EARLSFIELD,L75733,1004,stop,2026-04-07,10:09:00,,
CHESSINGTON SOUTH - EARLSFIELD,L75733,1004,stop,2026-04-14,10:09:00,,
CHESSINGTON SOUTH - EARLSFIELD,L75734,1004,stop,2026-04-18,10:09:00,,
CHESSINGTON SOUTH - EARLSFIELD,L75733,1004,stop,2026-04-08,10:09:00,,
CHESSINGTON SOUTH - EARLSFIELD,L75733,1004,stop,2026-04-17,10:09:00,,
CHESSINGTON SOUTH - EARLSFIELD,L75733,1004,stop,2026-04-10,10:09:00,,
CHESSINGTON SOUTH - EARLSFIELD,L75734,1004,stop,2026-04-25,10:09:00,,
CHESSINGTON SOUTH - EARLSFIELD,L75733,1004,stop,2026-04-30,10:09:00,,
CHESSINGTON SOUTH - EARLSFIELD,L75733,1004,stop,2026-04-13,10:09:00,,
CHESSINGTON SOUTH - EARLSFIELD,L75733,1004,stop,2026-04-22,10:09:00,,
CHESSINGTON SOUTH - EARLSFIELD,L75733,1004,stop,2026-04-20,10:09:00,,
CHESSINGTON SOUTH - EARLSFIELD,L75733,1004,stop,2026-04-27,10:09:00,,
CHESSINGTON SOUTH - EARLSFIELD,L75734,1004,stop,2026-04-11,10:09:00,,
MITCHAM EASTFIELDS - DORKING (2),P26611,920,stop,2026-04-18,10:10:00,,
GUILDFORD - EARLSFIELD,Q88881,945,stop,2026-04-03,10:10:00,,
GUILDFORD - EARLSFIELD,L74240,945,stop,2026-04-22,10:10:00,,
CHESSINGTON SOUTH - EARLSFIELD,L75733,1004,stop,2026-04-15,10:09:00,,
CHESSINGTON SOUTH - EARLSFIELD,L75733,1004,stop,2026-04-28,10:09:00,,
CHESSINGTON SOUTH - EARLSFIELD,L75733,1004,stop,2026-04-29,10:09:00,,
CHESSINGTON SOUTH - EARLSFIELD,L75733,1004,stop,2026-04-23,10:09:00,,
CHESSINGTON SOUTH - EARLSFIELD,L75733,1004,stop,2026-04-06,10:09:00,,
CHESSINGTON SOUTH - EARLSFIELD,L75733,1004,stop,2026-04-02,10:09:00,,
CHESSINGTON SOUTH - EARLSFIELD,L75733,1004,stop,2026-04-16,10:09:00,,
CHESSINGTON SOUTH - EARLSFIELD,Q50797,1004,stop,2026-04-06,10:09:00,,
CHESSINGTON SOUTH - EARLSFIELD,L75733,1004,stop,2026-04-24,10:09:00,,
CHESSINGTON SOUTH - EARLSFIELD,L75733,1004,stop,2026-04-03,10:09:00,,
CHESSINGTON SOUTH - EARLSFIELD,L75734,1004,stop,2026-04-04,10:09:00,,
CHESSINGTON SOUTH - EARLSFIELD,Q88758,1004,stop,2026-04-03,10:09:00,,
CHESSINGTON SOUTH - EARLSFIELD,L75733,1004,stop,2026-04-09,10:09:00,,
GUILDFORD - EARLSFIELD,L74240,945,stop,2026-04-13,10:10:00,,
GUILDFORD - EARLSFIELD,L74241,945,stop,2026-04-25,10:10:00,,
GUILDFORD - EARLSFIELD,L74240,945,stop,2026-04-23,10:10:00,,
GUILDFORD - EARLSFIELD,L74240,945,stop,2026-04-14,10:10:00,,
GUILDFORD - EARLSFIELD,L74240,945,stop,2026-04-20,10:10:00,,
GUILDFORD - EARLSFIELD,L74240,945,stop,2026-04-06,10:10:00,,
GUILDFORD - EARLSFIELD,L74240,945,stop,2026-04-01,10:10:00,,
GUILDFORD - EARLSFIELD,L74240,945,stop,2026-04-30,10:10:00,,
GUILDFORD - EARLSFIELD,L74240,945,stop,2026-04-24,10:10:00,,
GUILDFORD - EARLSFIELD,L74240,945,stop,2026-04-07,10:10:00,,
GUILDFORD - EARLSFIELD,L74241,945,stop,2026-04-18,10:10:00,,
GUILDFORD - EARLSFIELD,Q50842,945,stop,2026-04-06,10:10:00,,
GUILDFORD - EARLSFIELD,L74240,945,stop,2026-04-27,10:10:00,,
GUILDFORD - EARLSFIELD,L74240,945,stop,2026-04-15,10:10:00,,
GUILDFORD - EARLSFIELD,L74240,945,stop,2026-04-03,10:10:00,,
GUILDFORD - EARLSFIELD,L74240,945,stop,2026-04-10,10:10:00,,
GUILDFORD - EARLSFIELD,L74240,945,stop,2026-04-21,10:10:00,,
GUILDFORD - EARLSFIELD,L74241,945,stop,2026-04-04,10:10:00,,
GUILDFORD - EARLSFIELD,L74241,945,stop,2026-04-11,10:10:00,,
GUILDFORD - EARLSFIELD,L74240,945,stop,2026-04-29,10:10:00,,
GUILDFORD - EARLSFIELD,L74240,945,stop,2026-04-08,10:10:00,,
GUILDFORD - EARLSFIELD,L74240,945,stop,2026-04-02,10:10:00,,
GUILDFORD - EARLSFIELD,L74240,945,stop,2026-04-28,10:10:00,,
GUILDFORD - EARLSFIELD,L74240,945,stop,2026-04-16,10:10:00,,
GUILDFORD - EARLSFIELD,L74240,945,stop,2026-04-09,10:10:00,,
GUILDFORD - EARLSFIELD,L74240,945,stop,2026-04-17,10:10:00,,
EARLSFIELD - CHESSINGTON SOUTH,P62047,947,stop,2026-04-18,10:13:00,,
EARLSFIELD - CHESSINGTON SOUTH,P62046,947,stop,2026-04-02,10:13:00,,
EARLSFIELD - GUILDFORD (2),P61590,932,stop,2026-04-12,10:12:00,,
DORKING - MITCHAM EASTFIELDS,P26627,1012,stop,2026-04-19,10:12:00,,
DORKING - BALHAM (4),P26627,1012,stop,2026-04-12,10:12:00,,
DORKING - BALHAM (4),P26627,1012,stop,2026-04-26,10:12:00,,
EARLSFIELD - CHESSINGTON SOUTH,P62047,947,stop,2026-04-11,10:13:00,,
EARLSFIELD - CHESSINGTON SOUTH,P62046,947,stop,2026-04-20,10:13:00,,
EARLSFIELD - CHESSINGTON SOUTH,P62046,947,stop,2026-04-27,10:13:00,,
EARLSFIELD - CHESSINGTON SOUTH,P62046,947,stop,2026-04-23,10:13:00,,
EARLSFIELD - CHESSINGTON SOUTH,P62046,947,stop,2026-04-21,10:13:00,,
EARLSFIELD - CHESSINGTON SOUTH,Q38786,947,stop,2026-04-03,10:13:00,,
EARLSFIELD - CHESSINGTON SOUTH,P62046,947,stop,2026-04-07,10:13:00,,
EARLSFIELD - CHESSINGTON SOUTH,P62046,947,stop,2026-04-22,10:13:00,,
EARLSFIELD - CHESSINGTON SOUTH,P62046,947,stop,2026-04-08,10:13:00,,
EARLSFIELD - CHESSINGTON SOUTH,P62046,947,stop,2026-04-30,10:13:00,,
EARLSFIELD - CHESSINGTON SOUTH,P62046,947,stop,2026-04-24,10:13:00,,
EARLSFIELD - CHESSINGTON SOUTH,P62047,947,stop,2026-04-04,10:13:00,,
EARLSFIELD - CHESSINGTON SOUTH,P62046,947,stop,2026-04-14,10:13:00,,
EARLSFIELD - CHESSINGTON SOUTH,P62046,947,stop,2026-04-16,10:13:00,,
EARLSFIELD - CHESSINGTON SOUTH,P62046,947,stop,2026-04-29,10:13:00,,
EARLSFIELD - CHESSINGTON SOUTH,P62046,947,stop,2026-04-03,10:13:00,,
EARLSFIELD - CHESSINGTON SOUTH,P62046,947,stop,2026-04-10,10:13:00,,
EARLSFIELD - CHESSINGTON SOUTH,P62046,947,stop,2026-04-01,10:13:00,,
EARLSFIELD - CHESSINGTON SOUTH,P62046,947,stop,2026-04-15,10:13:00,,
EARLSFIELD - CHESSINGTON SOUTH,P62046,947,stop,2026-04-28,10:13:00,,
EARLSFIELD - CHESSINGTON SOUTH,P62046,947,stop,2026-04-09,10:13:00,,
EARLSFIELD - CHESSINGTON SOUTH,P62046,947,stop,2026-04-17,10:13:00,,
CHESSINGTON SOUTH - EARLSFIELD,L75735,1009,stop,2026-04-05,10:14:00,,
CHESSINGTON SOUTH - EARLSFIELD,L75735,1009,stop,2026-04-19,10:14:00,,
CHESSINGTON SOUTH - EARLSFIELD,L75735,1009,stop,2026-04-12,10:14:00,,
CHESSINGTON SOUTH - EARLSFIELD,L75735,1009,stop,2026-04-26,10:14:00,,
EARLSFIELD - CHESSINGTON SOUTH,P62047,947,stop,2026-04-25,10:13:00,,
EARLSFIELD - CHESSINGTON SOUTH,P62046,947,stop,2026-04-13,10:13:00,,
EARLSFIELD - CHESSINGTON SOUTH,P62046,947,stop,2026-04-06,10:13:00,,
EARLSFIELD - CHESSINGTON SOUTH,Q50837,947,stop,2026-04-06,10:13:00,,
DORKING - BALHAM (5),P26627,1016,stop,2026-04-05,10:16:00,,
DORKING - BALHAM (3),P26625,1017,stop,2026-04-23,10:17:00,,
DORKING - BALHAM (3),P26625,1017,stop,2026-04-16,10:17:00,,
DORKING - BALHAM (3),P26625,1017,stop,2026-04-07,10:17:00,,
DORKING - BALHAM (3),P26625,1017,stop,2026-04-29,10:17:00,,
EARLSFIELD - CHESSINGTON SOUTH,P62048,951,stop,2026-04-19,10:17:00,,
DORKING - BALHAM (3),P26626,1017,stop,2026-04-25,10:17:00,,
DORKING - BALHAM (3),P26626,1017,stop,2026-04-04,10:17:00,,
DORKING - BALHAM (3),P26625,1017,stop,2026-04-09,10:17:00,,
DORKING - BALHAM (3),P26625,1017,stop,2026-04-17,10:17:00,,
DORKING - BALHAM (3),P26625,1017,stop,2026-04-24,10:17:00,,
DORKING - BALHAM (3),P26625,1017,stop,2026-04-21,10:17:00,,
DORKING - BALHAM (3),P26625,1017,stop,2026-04-01,10:17:00,,
DORKING - BALHAM (3),P26625,1017,stop,2026-04-27,10:17:00,,
DORKING - BALHAM (3),P26625,1017,stop,2026-04-03,10:17:00,,
DORKING - BALHAM (3),X96595,1017,stop,2026-04-03,10:17:00,,
DORKING - BALHAM (3),P26626,1017,stop,2026-04-11,10:17:00,,
DORKING - BALHAM (3),P26625,1017,stop,2026-04-08,10:17:00,,
DORKING - BALHAM (3),P26625,1017,stop,2026-04-15,10:17:00,,
EARLSFIELD - CHESSINGTON SOUTH,P62048,951,stop,2026-04-26,10:17:00,,
DORKING - BALHAM (3),X00932,1017,stop,2026-04-06,10:17:00,,
DORKING - BALHAM (3),P26625,1017,stop,2026-04-30,10:17:00,,
DORKING - BALHAM (3),P26625,1017,stop,2026-04-06,10:17:00,,
EARLSFIELD - CHESSINGTON SOUTH,P62048,951,stop,2026-04-12,10:17:00,,
EARLSFIELD - GUILDFORD (2),P61588,953,stop,2026-04-23,10:18:00,,
EARLSFIELD - GUILDFORD (2),P61588,953,stop,2026-04-16,10:18:00,,
EARLSFIELD - GUILDFORD (2),P61588,953,stop,2026-04-09,10:18:00,,
EARLSFIELD - GUILDFORD (2),P61588,953,stop,2026-04-01,10:18:00,,
DORKING - BALHAM (3),P26625,1017,stop,2026-04-02,10:17:00,,
DORKING - MITCHAM EASTFIELDS (2),P26626,1017,stop,2026-04-18,10:17:00,,
EARLSFIELD - CHESSINGTON SOUTH,P62048,951,stop,2026-04-05,10:17:00,,
DORKING - BALHAM (3),P26625,1017,stop,2026-04-13,10:17:00,,
DORKING - BALHAM (3),P26625,1017,stop,2026-04-28,10:17:00,,
DORKING - BALHAM (3),P26625,1017,stop,2026-04-22,10:17:00,,
DORKING - BALHAM (3),P26625,1017,stop,2026-04-14,10:17:00,,
DORKING - BALHAM (3),P26625,1017,stop,2026-04-20,10:17:00,,
DORKING - BALHAM (3),P26625,1017,stop,2026-04-10,10:17:00,,
EARLSFIELD - GUILDFORD (2),P61588,953,stop,2026-04-29,10:18:00,,
EARLSFIELD - GUILDFORD (2),P61588,953,stop,2026-04-13,10:18:00,,
EARLSFIELD - GUILDFORD (2),P61588,953,stop,2026-04-27,10:18:00,,
EARLSFIELD - GUILDFORD (2),P61589,953,stop,2026-04-11,10:18:00,,
EARLSFIELD - GUILDFORD (2),P61588,953,stop,2026-04-30,10:18:00,,
EARLSFIELD - GUILDFORD (2),Q50824,953,stop,2026-04-06,10:18:00,,
EARLSFIELD - GUILDFORD (2),P61588,953,stop,2026-04-28,10:18:00,,
EARLSFIELD - GUILDFORD (2),P61588,953,stop,2026-04-22,10:18:00,,
EARLSFIELD - GUILDFORD (2),P61588,953,stop,2026-04-02,10:18:00,,
EARLSFIELD - GUILDFORD (2),P61588,953,stop,2026-04-15,10:18:00,,
EARLSFIELD - GUILDFORD (2),P61588,953,stop,2026-04-08,10:18:00,,
EARLSFIELD - GUILDFORD (2),P61588,953,stop,2026-04-07,10:18:00,,
EARLSFIELD - GUILDFORD (2),P61588,953,stop,2026-04-24,10:18:00,,
EARLSFIELD - GUILDFORD (2),P61589,953,stop,2026-04-04,10:18:00,,
EARLSFIELD - GUILDFORD (2),P61588,953,stop,2026-04-20,10:18:00,,
EARLSFIELD - GUILDFORD (2),P61588,953,stop,2026-04-21,10:18:00,,
EARLSFIELD - GUILDFORD (2),P61588,953,stop,2026-04-17,10:18:00,,
EARLSFIELD - GUILDFORD (2),P61589,953,stop,2026-04-25,10:18:00,,
EARLSFIELD - GUILDFORD (2),P61588,953,stop,2026-04-10,10:18:00,,
EARLSFIELD - GUILDFORD (2),Q38783,953,stop,2026-04-03,10:18:00,,
EARLSFIELD - GUILDFORD (2),P61588,953,stop,2026-04-06,10:18:00,,
EARLSFIELD - GUILDFORD (2),P61588,953,stop,2026-04-03,10:18:00,,
EARLSFIELD - GUILDFORD (2),P61588,953,stop,2026-04-14,10:18:00,,
EARLSFIELD - GUILDFORD (2),P61589,953,stop,2026-04-18,10:18:00,,
HORSHAM - BALHAM,P26632,1014,stop,2026-04-25,10:26:00,,
HORSHAM - BALHAM,P26631,1014,stop,2026-04-03,10:26:00,,
HORSHAM - BALHAM,P26631,1014,stop,2026-04-13,10:26:00,,
HORSHAM - BALHAM,X00934,1014,stop,2026-04-06,10:26:00,,
HORSHAM - BALHAM,P26631,1014,stop,2026-04-10,10:26:00,,
HORSHAM - BALHAM,X96600,1014,stop,2026-04-03,10:26:00,,
HORSHAM - BALHAM,P26631,1014,stop,2026-04-29,10:26:00,,
HORSHAM - BALHAM,P26632,1014,stop,2026-04-04,10:26:00,,
HORSHAM - BALHAM,P26631,1014,stop,2026-04-16,10:26:00,,
HORSHAM - BALHAM,P26631,1014,stop,2026-04-20,10:26:00,,
HORSHAM - BALHAM,P26631,1014,stop,2026-04-28,10:26:00,,
HORSHAM - BALHAM,P26631,1014,stop,2026-04-06,10:26:00,,
HORSHAM - BALHAM,P26631,1014,stop,2026-04-02,10:26:00,,
HORSHAM - BALHAM,P26631,1014,stop,2026-04-07,10:26:00,,
HORSHAM - BALHAM,P26631,1014,stop,2026-04-23,10:26:00,,
HORSHAM - BALHAM,P26631,1014,stop,2026-04-09,10:26:00,,
HORSHAM - BALHAM,P26631,1014,stop,2026-04-21,10:26:00,,
MITCHAM EASTFIELDS - DORKING (3),P26618,938,stop,2026-04-19,10:26:00,,
HORSHAM - BALHAM,P26632,1014,stop,2026-04-11,10:26:00,,
HORSHAM - BALHAM,P26631,1014,stop,2026-04-14,10:26:00,,
HORSHAM - BALHAM,P26631,1014,stop,2026-04-08,10:26:00,,
HORSHAM - BALHAM,P26631,1014,stop,2026-04-17,10:26:00,,
HORSHAM - BALHAM,P26631,1014,stop,2026-04-24,10:26:00,,
HORSHAM - BALHAM,P26631,1014,stop,2026-04-30,10:26:00,,
BALHAM - DORKING (8),P26618,940,stop,2026-04-12,10:26:00,,
HORSHAM - BALHAM,P26631,1014,stop,2026-04-15,10:26:00,,
BALHAM - DORKING (8),P26618,940,stop,2026-04-26,10:26:00,,
HORSHAM - BALHAM,P26631,1014,stop,2026-04-27,10:26:00,,
HORSHAM - BALHAM,P26631,1014,stop,2026-04-22,10:26:00,,
EARLSFIELD - DORKING,P61015,1002,stop,2026-04-05,10:27:00,,
HORSHAM - BALHAM,P26631,1014,stop,2026-04-01,10:26:00,,
BALHAM - DORKING (4),P26618,940,stop,2026-04-05,10:28:00,,
BALHAM - HORSHAM,P26616,941,stop,2026-04-07,10:29:00,,
BALHAM - HORSHAM,P26616,941,stop,2026-04-01,10:29:00,,
BALHAM - HORSHAM,P26617,941,stop,2026-04-25,10:29:00,,
BALHAM - HORSHAM,P26616,941,stop,2026-04-17,10:29:00,,
BALHAM - HORSHAM,P26616,941,stop,2026-04-09,10:29:00,,
BALHAM - HORSHAM,X96646,941,stop,2026-04-03,10:29:00,,
BALHAM - HORSHAM,P26616,941,stop,2026-04-13,10:29:00,,
BALHAM - HORSHAM,P26616,941,stop,2026-04-27,10:29:00,,
BALHAM - HORSHAM,P26616,941,stop,2026-04-03,10:29:00,,
BALHAM - HORSHAM,P26616,941,stop,2026-04-28,10:29:00,,
BALHAM - HORSHAM,P26616,941,stop,2026-04-24,10:29:00,,
BALHAM - HORSHAM,P26616,941,stop,2026-04-15,10:29:00,,
BALHAM - HORSHAM,P26616,941,stop,2026-04-08,10:29:00,,
EARLSFIELD - DORKING,P61015,1002,stop,2026-04-26,10:29:00,,
BALHAM - HORSHAM,P26616,941,stop,2026-04-10,10:29:00,,
BALHAM - HORSHAM,P26616,941,stop,2026-04-23,10:29:00,,
BALHAM - HORSHAM,P26616,941,stop,2026-04-02,10:29:00,,
BALHAM - HORSHAM,P26616,941,stop,2026-04-20,10:29:00,,
BALHAM - HORSHAM,P26616,941,stop,2026-04-16,10:29:00,,
BALHAM - HORSHAM,P26616,941,stop,2026-04-29,10:29:00,,
BALHAM - HORSHAM,P26617,941,stop,2026-04-04,10:29:00,,
EARLSFIELD - DORKING,P61015,1002,stop,2026-04-19,10:29:00,,
BALHAM - HORSHAM,P26616,941,stop,2026-04-06,10:29:00,,
BALHAM - HORSHAM,X00929,941,stop,2026-04-06,10:29:00,,
BALHAM - HORSHAM,P26616,941,stop,2026-04-14,10:29:00,,
BALHAM - HORSHAM,P26616,941,stop,2026-04-21,10:29:00,,
BALHAM - HORSHAM,P26616,941,stop,2026-04-22,10:29:00,,
BALHAM - HORSHAM,P26617,941,stop,2026-04-11,10:29:00,,
BALHAM - HORSHAM,P26616,941,stop,2026-04-30,10:29:00,,
WORCESTER PARK - EARLSFIELD,P61018,1032,stop,2026-04-12,10:32:00,,
HORSHAM - MITCHAM EASTFIELDS,P26632,1020,stop,2026-04-18,10:31:00,,
DORKING - EARLSFIELD,P61022,1032,stop,2026-04-28,10:32:00,,
DORKING - EARLSFIELD,P61022,1032,stop,2026-04-07,10:32:00,,
DORKING - EARLSFIELD,P61022,1032,stop,2026-04-10,10:32:00,,
SUTTON (SURREY) - DORKING,X04931,955,stop,2026-04-12,10:32:00,,
DORKING - EARLSFIELD,P61022,1032,stop,2026-04-06,10:32:00,,
DORKING - EARLSFIELD,P61022,1032,stop,2026-04-27,10:32:00,,
DORKING - EARLSFIELD,P61022,1032,stop,2026-04-14,10:32:00,,
DORKING - EARLSFIELD,P61022,1032,stop,2026-04-20,10:32:00,,
DORKING - EARLSFIELD,P61022,1032,stop,2026-04-15,10:32:00,,
DORKING - EARLSFIELD,P61022,1032,stop,2026-04-16,10:32:00,,
DORKING - EARLSFIELD,Q50746,1032,stop,2026-04-06,10:32:00,,
DORKING - EARLSFIELD,P61023,1032,stop,2026-04-18,10:32:00,,
DORKING - EARLSFIELD,P61022,1032,stop,2026-04-13,10:32:00,,
DORKING - EARLSFIELD,P61022,1032,stop,2026-04-01,10:32:00,,
DORKING - EARLSFIELD,P61022,1032,stop,2026-04-17,10:32:00,,
DORKING - EARLSFIELD,P61023,1032,stop,2026-04-11,10:32:00,,
DORKING - EARLSFIELD,P61022,1032,stop,2026-04-23,10:32:00,,
DORKING - EARLSFIELD,P61022,1032,stop,2026-04-30,10:32:00,,
DORKING - EARLSFIELD,P61022,1032,stop,2026-04-22,10:32:00,,
DORKING - EARLSFIELD,Q38754,1032,stop,2026-04-03,10:32:00,,
DORKING - EARLSFIELD,P61023,1032,stop,2026-04-25,10:32:00,,
DORKING - EARLSFIELD,P61022,1032,stop,2026-04-08,10:32:00,,
DORKING - EARLSFIELD,P61022,1032,stop,2026-04-29,10:32:00,,
DORKING - EARLSFIELD,P61023,1032,stop,2026-04-04,10:32:00,,
DORKING - EARLSFIELD,P61022,1032,stop,2026-04-09,10:32:00,,
DORKING - EARLSFIELD,P61022,1032,stop,2026-04-03,10:32:00,,
DORKING - EARLSFIELD,P61022,1032,stop,2026-04-21,10:32:00,,
DORKING - EARLSFIELD,P61022,1032,stop,2026-04-24,10:32:00,,
WORCESTER PARK - EFFINGHAM JUNCTION,Q54814,1035,stop,2026-04-12,10:35:00,,
DORKING - SUTTON (SURREY),X04892,1033,stop,2026-04-12,10:33:00,,
DORKING - EARLSFIELD,P61022,1032,stop,2026-04-02,10:32:00,,
EFFINGHAM JUNCTION - WORCESTER PARK,Q54777,1015,stop,2026-04-12,10:35:00,,
MITCHAM EASTFIELDS - HORSHAM (2),P26617,950,stop,2026-04-18,10:38:00,,
CHESSINGTON SOUTH - EARLSFIELD,L75739,1034,stop,2026-04-14,10:39:00,,
CHESSINGTON SOUTH - EARLSFIELD,L75740,1034,stop,2026-04-04,10:39:00,,
CHESSINGTON SOUTH - EARLSFIELD,L75739,1034,stop,2026-04-24,10:39:00,,
CHESSINGTON SOUTH - EARLSFIELD,L75739,1034,stop,2026-04-02,10:39:00,,
CHESSINGTON SOUTH - EARLSFIELD,L75740,1034,stop,2026-04-11,10:39:00,,
CHESSINGTON SOUTH - EARLSFIELD,L75739,1034,stop,2026-04-21,10:39:00,,
CHESSINGTON SOUTH - EARLSFIELD,Q38749,1034,stop,2026-04-03,10:39:00,,
CHESSINGTON SOUTH - EARLSFIELD,L75739,1034,stop,2026-04-03,10:39:00,,
CHESSINGTON SOUTH - EARLSFIELD,L75739,1034,stop,2026-04-30,10:39:00,,
CHESSINGTON SOUTH - EARLSFIELD,L75739,1034,stop,2026-04-17,10:39:00,,
CHESSINGTON SOUTH - EARLSFIELD,L75739,1034,stop,2026-04-23,10:39:00,,
CHESSINGTON SOUTH - EARLSFIELD,L75740,1034,stop,2026-04-18,10:39:00,,
CHESSINGTON SOUTH - EARLSFIELD,L75739,1034,stop,2026-04-09,10:39:00,,
CHESSINGTON SOUTH - EARLSFIELD,L75739,1034,stop,2026-04-27,10:39:00,,
CHESSINGTON SOUTH - EARLSFIELD,L75739,1034,stop,2026-04-01,10:39:00,,
CHESSINGTON SOUTH - EARLSFIELD,L75739,1034,stop,2026-04-28,10:39:00,,
CHESSINGTON SOUTH - EARLSFIELD,L75739,1034,stop,2026-04-13,10:39:00,,
CHESSINGTON SOUTH - EARLSFIELD,L75739,1034,stop,2026-04-15,10:39:00,,
CHESSINGTON SOUTH - EARLSFIELD,L75740,1034,stop,2026-04-25,10:39:00,,
CHESSINGTON SOUTH - EARLSFIELD,L75739,1034,stop,2026-04-22,10:39:00,,
CHESSINGTON SOUTH - EARLSFIELD,L75739,1034,stop,2026-04-08,10:39:00,,
CHESSINGTON SOUTH - EARLSFIELD,L75739,1034,stop,2026-04-06,10:39:00,,
CHESSINGTON SOUTH - EARLSFIELD,L75739,1034,stop,2026-04-20,10:39:00,,
CHESSINGTON SOUTH - EARLSFIELD,L75739,1034,stop,2026-04-07,10:39:00,,
CHESSINGTON SOUTH - EARLSFIELD,L75739,1034,stop,2026-04-16,10:39:00,,
CHESSINGTON SOUTH - EARLSFIELD,Q50738,1034,stop,2026-04-06,10:39:00,,
CHESSINGTON SOUTH - EARLSFIELD,L75739,1034,stop,2026-04-29,10:39:00,,
CHESSINGTON SOUTH - EARLSFIELD,L75739,1034,stop,2026-04-10,10:39:00,,
EARLSFIELD - CHESSINGTON SOUTH,P62049,1017,stop,2026-04-03,10:43:00,,
EARLSFIELD - CHESSINGTON SOUTH,P62049,1017,stop,2026-04-14,10:43:00,,
EARLSFIELD - CHESSINGTON SOUTH,P62049,1017,stop,2026-04-27,10:43:00,,
EARLSFIELD - CHESSINGTON SOUTH,P62049,1017,stop,2026-04-06,10:43:00,,
DORKING - BALHAM (4),P26633,1042,stop,2026-04-12,10:42:00,,
DORKING - BALHAM (4),P26633,1042,stop,2026-04-26,10:42:00,,
EARLSFIELD - CHESSINGTON SOUTH,P62049,1017,stop,2026-04-28,10:43:00,,
EARLSFIELD - CHESSINGTON SOUTH,P62049,1017,stop,2026-04-21,10:43:00,,
DORKING - MITCHAM EASTFIELDS,P26633,1043,stop,2026-04-19,10:43:00,,
EARLSFIELD - CHESSINGTON SOUTH,P62049,1017,stop,2026-04-22,10:43:00,,
EARLSFIELD - CHESSINGTON SOUTH,P62049,1017,stop,2026-04-30,10:43:00,,
EARLSFIELD - CHESSINGTON SOUTH,P62050,1017,stop,2026-04-25,10:43:00,,
EARLSFIELD - CHESSINGTON SOUTH,P62050,1017,stop,2026-04-18,10:43:00,,
EARLSFIELD - CHESSINGTON SOUTH,P62049,1017,stop,2026-04-16,10:43:00,,
EARLSFIELD - CHESSINGTON SOUTH,P62049,1017,stop,2026-04-20,10:43:00,,
EARLSFIELD - CHESSINGTON SOUTH,P62049,1017,stop,2026-04-23,10:43:00,,
EARLSFIELD - CHESSINGTON SOUTH,P62049,1017,stop,2026-04-01,10:43:00,,
EARLSFIELD - CHESSINGTON SOUTH,P62050,1017,stop,2026-04-11,10:43:00,,
EARLSFIELD - CHESSINGTON SOUTH,P62049,1017,stop,2026-04-07,10:43:00,,
EARLSFIELD - CHESSINGTON SOUTH,P62049,1017,stop,2026-04-24,10:43:00,,
EARLSFIELD - CHESSINGTON SOUTH,P62050,1017,stop,2026-04-04,10:43:00,,
EARLSFIELD - CHESSINGTON SOUTH,P62049,1017,stop,2026-04-29,10:43:00,,
EARLSFIELD - CHESSINGTON SOUTH,P62049,1017,stop,2026-04-15,10:43:00,,
EARLSFIELD - CHESSINGTON SOUTH,Q50777,1017,stop,2026-04-06,10:43:00,,
EARLSFIELD - CHESSINGTON SOUTH,P62049,1017,stop,2026-04-02,10:43:00,,
EARLSFIELD - CHESSINGTON SOUTH,P62049,1017,stop,2026-04-09,10:43:00,,
EARLSFIELD - DORKING,P61015,1002,stop,2026-04-12,10:43:00,,
CHESSINGTON SOUTH - EARLSFIELD,L75741,1039,stop,2026-04-26,10:44:00,,
CHESSINGTON SOUTH - EARLSFIELD,L75741,1039,stop,2026-04-12,10:44:00,,
CHESSINGTON SOUTH - EARLSFIELD,L75741,1039,stop,2026-04-19,10:44:00,,
EARLSFIELD - CHESSINGTON SOUTH,P62049,1017,stop,2026-04-13,10:43:00,,
EARLSFIELD - CHESSINGTON SOUTH,P62049,1017,stop,2026-04-17,10:43:00,,
EARLSFIELD - CHESSINGTON SOUTH,P62049,1017,stop,2026-04-08,10:43:00,,
EARLSFIELD - CHESSINGTON SOUTH,Q38766,1017,stop,2026-04-03,10:43:00,,
EARLSFIELD - CHESSINGTON SOUTH,P62049,1017,stop,2026-04-10,10:43:00,,
GUILDFORD - EARLSFIELD,L74242,1020,stop,2026-04-19,10:45:00,,
GUILDFORD - EARLSFIELD,L74242,1020,stop,2026-04-05,10:45:00,,
GUILDFORD - EARLSFIELD,L74242,1020,stop,2026-04-26,10:45:00,,
GUILDFORD - EARLSFIELD,L74242,1020,stop,2026-04-12,10:45:00,,
CHESSINGTON SOUTH - EARLSFIELD,L75741,1039,stop,2026-04-05,10:44:00,,
DORKING - BALHAM (5),P26633,1046,stop,2026-04-05,10:46:00,,
EARLSFIELD - CHESSINGTON SOUTH,P62051,1021,stop,2026-04-26,10:47:00,,
EARLSFIELD - DORKING,P61013,1023,stop,2026-04-24,10:48:00,,
EARLSFIELD - DORKING,P61014,1023,stop,2026-04-04,10:48:00,,
EARLSFIELD - DORKING,P61014,1023,stop,2026-04-18,10:48:00,,
EARLSFIELD - DORKING,P61013,1023,stop,2026-04-28,10:48:00,,
EARLSFIELD - DORKING,Q38763,1023,stop,2026-04-03,10:48:00,,
EARLSFIELD - DORKING,P61013,1023,stop,2026-04-03,10:48:00,,
EARLSFIELD - DORKING,Q50768,1023,stop,2026-04-06,10:48:00,,
EARLSFIELD - CHESSINGTON SOUTH,P62051,1021,stop,2026-04-19,10:48:00,,
EARLSFIELD - DORKING,P61014,1023,stop,2026-04-25,10:48:00,,
EARLSFIELD - DORKING,P61013,1023,stop,2026-04-20,10:48:00,,
EARLSFIELD - DORKING,P61013,1023,stop,2026-04-07,10:48:00,,
EARLSFIELD - DORKING,P61013,1023,stop,2026-04-30,10:48:00,,
EARLSFIELD - DORKING,P61013,1023,stop,2026-04-15,10:48:00,,
EARLSFIELD - DORKING,P61013,1023,stop,2026-04-02,10:48:00,,
EARLSFIELD - DORKING,P61013,1023,stop,2026-04-17,10:48:00,,
EARLSFIELD - DORKING,P61013,1023,stop,2026-04-14,10:48:00,,
EARLSFIELD - DORKING,P61013,1023,stop,2026-04-01,10:48:00,,
EARLSFIELD - DORKING,P61013,1023,stop,2026-04-16,10:48:00,,
EARLSFIELD - DORKING,P61013,1023,stop,2026-04-08,10:48:00,,
EARLSFIELD - DORKING,P61013,1023,stop,2026-04-29,10:48:00,,
EARLSFIELD - DORKING,P61013,1023,stop,2026-04-22,10:48:00,,
EARLSFIELD - DORKING,P61013,1023,stop,2026-04-10,10:48:00,,
EARLSFIELD - CHESSINGTON SOUTH,P62051,1024,stop,2026-04-05,10:50:00,,
EARLSFIELD - DORKING,P61014,1023,stop,2026-04-11,10:48:00,,
EARLSFIELD - DORKING,P61013,1023,stop,2026-04-09,10:48:00,,
EARLSFIELD - DORKING,P61013,1023,stop,2026-04-13,10:48:00,,
EARLSFIELD - DORKING,P61013,1023,stop,2026-04-27,10:48:00,,
EARLSFIELD - DORKING,P61013,1023,stop,2026-04-21,10:48:00,,
EARLSFIELD - CHESSINGTON SOUTH,P62051,1021,stop,2026-04-12,10:48:00,,
EARLSFIELD - DORKING,P61013,1023,stop,2026-04-06,10:48:00,,
EARLSFIELD - DORKING,P61013,1023,stop,2026-04-23,10:48:00,,
DORKING - WORCESTER PARK,Q54848,1050,stop,2026-04-12,10:50:00,,
BALHAM - DORKING,P26622,1011,stop,2026-04-06,10:57:00,,
BALHAM - DORKING,P26622,1011,stop,2026-04-02,10:57:00,,
BALHAM - DORKING,P26622,1011,stop,2026-04-28,10:57:00,,
BALHAM - DORKING,P26622,1011,stop,2026-04-23,10:57:00,,
BALHAM - DORKING,P26622,1011,stop,2026-04-08,10:57:00,,
BALHAM - DORKING,P26622,1011,stop,2026-04-22,10:57:00,,
BALHAM - DORKING,P26622,1011,stop,2026-04-07,10:57:00,,
BALHAM - DORKING,P26623,1011,stop,2026-04-04,10:57:00,,
BALHAM - DORKING,P26622,1011,stop,2026-04-13,10:57:00,,
BALHAM - DORKING,P26622,1011,stop,2026-04-15,10:57:00,,
BALHAM - DORKING,P26622,1011,stop,2026-04-03,10:57:00,,
BALHAM - DORKING,X96606,1011,stop,2026-04-03,10:57:00,,
BALHAM - DORKING,P26622,1011,stop,2026-04-20,10:57:00,,
BALHAM - DORKING,X00931,1011,stop,2026-04-06,10:57:00,,
BALHAM - DORKING,P26622,1011,stop,2026-04-30,10:57:00,,
BALHAM - DORKING,P26622,1011,stop,2026-04-24,10:57:00,,
BALHAM - DORKING,P26622,1011,stop,2026-04-27,10:57:00,,
BALHAM - DORKING,P26622,1011,stop,2026-04-29,10:57:00,,
BALHAM - DORKING,P26622,1011,stop,2026-04-10,10:57:00,,
BALHAM - DORKING,P26623,1011,stop,2026-04-25,10:57:00,,
BALHAM - DORKING,P26622,1011,stop,2026-04-21,10:57:00,,
BALHAM - DORKING,P26622,1011,stop,2026-04-09,10:57:00,,
BALHAM - DORKING,P26622,1011,stop,2026-04-16,10:57:00,,
BALHAM - DORKING,P26622,1011,stop,2026-04-14,10:57:00,,
BALHAM - DORKING,P26622,1011,stop,2026-04-01,10:57:00,,
BALHAM - DORKING,P26622,1011,stop,2026-04-17,10:57:00,,
BALHAM - DORKING,P26623,1011,stop,2026-04-11,10:57:00,,
EARLSFIELD - GUILDFORD (2),P61593,1032,stop,2026-04-26,10:58:00,,
MITCHAM EASTFIELDS - DORKING (2),P26624,1008,stop,2026-04-19,10:58:00,,
BALHAM - DORKING (2),P26624,1010,stop,2026-04-12,10:58:00,,
EARLSFIELD - GUILDFORD (2),P61593,1032,stop,2026-04-05,10:58:00,,
BALHAM - DORKING (2),P26624,1010,stop,2026-04-26,10:58:00,,
BALHAM - DORKING (5),P26624,1010,stop,2026-04-05,11:00:00,,
EARLSFIELD - GUILDFORD (2),P61593,1032,stop,2026-04-19,10:59:00,,
WORCESTER PARK - EARLSFIELD,L74242,1102,stop,2026-04-12,11:02:00,,
SUTTON (SURREY) - DORKING,X04930,1025,stop,2026-04-12,11:02:00,,
WORCESTER PARK - DORKING,Q54898,1105,stop,2026-04-12,11:05:00,,
DORKING - SUTTON (SURREY),X04891,1103,stop,2026-04-12,11:03:00,,
CHESSINGTON SOUTH - EARLSFIELD,P62061,1104,stop,2026-04-08,11:09:00,,
CHESSINGTON SOUTH - EARLSFIELD,P62061,1104,stop,2026-04-24,11:09:00,,
CHESSINGTON SOUTH - EARLSFIELD,P62061,1104,stop,2026-04-03,11:09:00,,
CHESSINGTON SOUTH - EARLSFIELD,Q38726,1104,stop,2026-04-03,11:09:00,,
DORKING - EARLSFIELD,P61024,1107,stop,2026-04-26,11:07:00,,
DORKING - EARLSFIELD,P61024,1107,stop,2026-04-05,11:07:00,,
DORKING - EARLSFIELD,P61024,1107,stop,2026-04-12,11:07:00,,
DORKING - EARLSFIELD,P61024,1107,stop,2026-04-19,11:07:00,,
CHESSINGTON SOUTH - EARLSFIELD,P62061,1104,stop,2026-04-07,11:09:00,,
CHESSINGTON SOUTH - EARLSFIELD,P62061,1104,stop,2026-04-16,11:09:00,,
CHESSINGTON SOUTH - EARLSFIELD,L75746,1104,stop,2026-04-04,11:09:00,,
CHESSINGTON SOUTH - EARLSFIELD,P62061,1104,stop,2026-04-29,11:09:00,,
CHESSINGTON SOUTH - EARLSFIELD,Q50675,1104,stop,2026-04-06,11:09:00,,
CHESSINGTON SOUTH - EARLSFIELD,P62061,1104,stop,2026-04-01,11:09:00,,
CHESSINGTON SOUTH - EARLSFIELD,P62061,1104,stop,2026-04-06,11:09:00,,
CHESSINGTON SOUTH - EARLSFIELD,L75746,1104,stop,2026-04-18,11:09:00,,
CHESSINGTON SOUTH - EARLSFIELD,P62061,1104,stop,2026-04-23,11:09:00,,
CHESSINGTON SOUTH - EARLSFIELD,P62061,1104,stop,2026-04-02,11:09:00,,
CHESSINGTON SOUTH - EARLSFIELD,P62061,1104,stop,2026-04-15,11:09:00,,
CHESSINGTON SOUTH - EARLSFIELD,L75746,1104,stop,2026-04-11,11:09:00,,
CHESSINGTON SOUTH - EARLSFIELD,P62061,1104,stop,2026-04-27,11:09:00,,
CHESSINGTON SOUTH - EARLSFIELD,P62061,1104,stop,2026-04-20,11:09:00,,
CHESSINGTON SOUTH - EARLSFIELD,P62061,1104,stop,2026-04-28,11:09:00,,
CHESSINGTON SOUTH - EARLSFIELD,P62061,1104,stop,2026-04-10,11:09:00,,
GUILDFORD - EARLSFIELD,L74246,1045,stop,2026-04-03,11:10:00,,
GUILDFORD - EARLSFIELD,Q38744,1045,stop,2026-04-03,11:10:00,,
GUILDFORD - EARLSFIELD,L74246,1045,stop,2026-04-17,11:10:00,,
GUILDFORD - EARLSFIELD,L74247,1045,stop,2026-04-11,11:10:00,,
GUILDFORD - EARLSFIELD,L74246,1045,stop,2026-04-24,11:10:00,,
MITCHAM EASTFIELDS - DORKING (2),P26623,1020,stop,2026-04-18,11:10:00,,
GUILDFORD - EARLSFIELD,L74246,1045,stop,2026-04-27,11:10:00,,
GUILDFORD - EARLSFIELD,L74246,1045,stop,2026-04-07,11:10:00,,
CHESSINGTON SOUTH - EARLSFIELD,P62061,1104,stop,2026-04-30,11:09:00,,
CHESSINGTON SOUTH - EARLSFIELD,P62061,1104,stop,2026-04-17,11:09:00,,
CHESSINGTON SOUTH - EARLSFIELD,L75746,1104,stop,2026-04-25,11:09:00,,
CHESSINGTON SOUTH - EARLSFIELD,P62061,1104,stop,2026-04-14,11:09:00,,
CHESSINGTON SOUTH - EARLSFIELD,P62061,1104,stop,2026-04-21,11:09:00,,
CHESSINGTON SOUTH - EARLSFIELD,P62061,1104,stop,2026-04-09,11:09:00,,
CHESSINGTON SOUTH - EARLSFIELD,P62061,1104,stop,2026-04-22,11:09:00,,
CHESSINGTON SOUTH - EARLSFIELD,P62061,1104,stop,2026-04-13,11:09:00,,
GUILDFORD - EARLSFIELD,L74246,1045,stop,2026-04-06,11:10:00,,
GUILDFORD - EARLSFIELD,L74247,1045,stop,2026-04-18,11:10:00,,
GUILDFORD - EARLSFIELD,L74246,1045,stop,2026-04-30,11:10:00,,
GUILDFORD - EARLSFIELD,L74246,1045,stop,2026-04-21,11:10:00,,
GUILDFORD - EARLSFIELD,L74246,1045,stop,2026-04-23,11:10:00,,
GUILDFORD - EARLSFIELD,L74246,1045,stop,2026-04-08,11:10:00,,
GUILDFORD - EARLSFIELD,L74246,1045,stop,2026-04-02,11:10:00,,
GUILDFORD - EARLSFIELD,L74246,1045,stop,2026-04-14,11:10:00,,
GUILDFORD - EARLSFIELD,L74246,1045,stop,2026-04-09,11:10:00,,
GUILDFORD - EARLSFIELD,L74246,1045,stop,2026-04-29,11:10:00,,
GUILDFORD - EARLSFIELD,L74246,1045,stop,2026-04-13,11:10:00,,
GUILDFORD - EARLSFIELD,L74246,1045,stop,2026-04-16,11:10:00,,
GUILDFORD - EARLSFIELD,L74246,1045,stop,2026-04-01,11:10:00,,
GUILDFORD - EARLSFIELD,L74246,1045,stop,2026-04-20,11:10:00,,
GUILDFORD - EARLSFIELD,L74246,1045,stop,2026-04-15,11:10:00,,
GUILDFORD - EARLSFIELD,L74247,1045,stop,2026-04-04,11:10:00,,
GUILDFORD - EARLSFIELD,L74246,1045,stop,2026-04-22,11:10:00,,
GUILDFORD - EARLSFIELD,L74246,1045,stop,2026-04-10,11:10:00,,
GUILDFORD - EARLSFIELD,L74247,1045,stop,2026-04-25,11:10:00,,
GUILDFORD - EARLSFIELD,L74246,1045,stop,2026-04-28,11:10:00,,
GUILDFORD - EARLSFIELD,Q50718,1045,stop,2026-04-06,11:10:00,,
EARLSFIELD - CHESSINGTON SOUTH,Q50715,1047,stop,2026-04-06,11:13:00,,
EARLSFIELD - CHESSINGTON SOUTH,P62052,1047,stop,2026-04-15,11:13:00,,
EARLSFIELD - CHESSINGTON SOUTH,P62052,1047,stop,2026-04-02,11:13:00,,
EARLSFIELD - CHESSINGTON SOUTH,P62052,1047,stop,2026-04-09,11:13:00,,
DORKING - BALHAM (4),P26639,1112,stop,2026-04-12,11:12:00,,
DORKING - MITCHAM EASTFIELDS,P26639,1112,stop,2026-04-19,11:12:00,,
DORKING - BALHAM (4),P26639,1112,stop,2026-04-26,11:12:00,,
EARLSFIELD - GUILDFORD (2),P61593,1032,stop,2026-04-12,11:12:00,,
EARLSFIELD - CHESSINGTON SOUTH,P62052,1047,stop,2026-04-30,11:13:00,,
EARLSFIELD - CHESSINGTON SOUTH,P62052,1047,stop,2026-04-01,11:13:00,,
EARLSFIELD - CHESSINGTON SOUTH,P62052,1047,stop,2026-04-07,11:13:00,,
EARLSFIELD - CHESSINGTON SOUTH,P62052,1047,stop,2026-04-24,11:13:00,,
EARLSFIELD - CHESSINGTON SOUTH,P62052,1047,stop,2026-04-17,11:13:00,,
EARLSFIELD - CHESSINGTON SOUTH,P62052,1047,stop,2026-04-16,11:13:00,,
EARLSFIELD - CHESSINGTON SOUTH,P62052,1047,stop,2026-04-29,11:13:00,,
EARLSFIELD - CHESSINGTON SOUTH,P62053,1047,stop,2026-04-18,11:13:00,,
EARLSFIELD - CHESSINGTON SOUTH,P62052,1047,stop,2026-04-13,11:13:00,,
EARLSFIELD - CHESSINGTON SOUTH,P62052,1047,stop,2026-04-10,11:13:00,,
EARLSFIELD - CHESSINGTON SOUTH,P62052,1047,stop,2026-04-06,11:13:00,,
EARLSFIELD - CHESSINGTON SOUTH,P62052,1047,stop,2026-04-27,11:13:00,,
EARLSFIELD - CHESSINGTON SOUTH,P62052,1047,stop,2026-04-28,11:13:00,,
EARLSFIELD - CHESSINGTON SOUTH,P62053,1047,stop,2026-04-04,11:13:00,,
EARLSFIELD - CHESSINGTON SOUTH,Q88759,1047,stop,2026-04-03,11:13:00,,
EARLSFIELD - CHESSINGTON SOUTH,P62052,1047,stop,2026-04-21,11:13:00,,
EARLSFIELD - CHESSINGTON SOUTH,P62052,1047,stop,2026-04-03,11:13:00,,
EARLSFIELD - CHESSINGTON SOUTH,P62052,1047,stop,2026-04-20,11:13:00,,
EARLSFIELD - CHESSINGTON SOUTH,P62052,1047,stop,2026-04-22,11:13:00,,
EARLSFIELD - CHESSINGTON SOUTH,P62052,1047,stop,2026-04-14,11:13:00,,
EARLSFIELD - CHESSINGTON SOUTH,P62053,1047,stop,2026-04-11,11:13:00,,
EARLSFIELD - CHESSINGTON SOUTH,P62053,1047,stop,2026-04-25,11:13:00,,
EARLSFIELD - CHESSINGTON SOUTH,P62052,1047,stop,2026-04-23,11:13:00,,
EARLSFIELD - CHESSINGTON SOUTH,P62052,1047,stop,2026-04-08,11:13:00,,
CHESSINGTON SOUTH - EARLSFIELD,L75747,1109,stop,2026-04-12,11:16:00,,
CHESSINGTON SOUTH - EARLSFIELD,L75747,1109,stop,2026-04-05,11:14:00,,
CHESSINGTON SOUTH - EARLSFIELD,L75747,1109,stop,2026-04-26,11:14:00,,
CHESSINGTON SOUTH - EARLSFIELD,L75747,1109,stop,2026-04-19,11:14:00,,
DORKING - BALHAM (5),P26639,1116,stop,2026-04-05,11:16:00,,
DORKING - BALHAM (3),P26637,1117,stop,2026-04-29,11:17:00,,
DORKING - BALHAM (3),P26638,1117,stop,2026-04-04,11:17:00,,
DORKING - BALHAM (3),P26637,1117,stop,2026-04-17,11:17:00,,
DORKING - MITCHAM EASTFIELDS (2),P26638,1117,stop,2026-04-18,11:17:00,,
DORKING - BALHAM (3),P26637,1117,stop,2026-04-07,11:17:00,,
DORKING - BALHAM (3),P26637,1117,stop,2026-04-28,11:17:00,,
EARLSFIELD - CHESSINGTON SOUTH,P62054,1051,stop,2026-04-05,11:17:00,,
DORKING - BALHAM (3),P26637,1117,stop,2026-04-22,11:17:00,,
DORKING - BALHAM (3),P26637,1117,stop,2026-04-13,11:17:00,,
DORKING - BALHAM (3),X96514,1117,stop,2026-04-03,11:17:00,,
DORKING - BALHAM (3),P26637,1117,stop,2026-04-01,11:17:00,,
DORKING - BALHAM (3),P26637,1117,stop,2026-04-09,11:17:00,,
DORKING - BALHAM (3),P26637,1117,stop,2026-04-16,11:17:00,,
DORKING - BALHAM (3),P26637,1117,stop,2026-04-15,11:17:00,,
DORKING - BALHAM (3),X00936,1117,stop,2026-04-06,11:17:00,,
DORKING - BALHAM (3),P26637,1117,stop,2026-04-10,11:17:00,,
DORKING - BALHAM (3),P26637,1117,stop,2026-04-27,11:17:00,,
DORKING - BALHAM (3),P26637,1117,stop,2026-04-14,11:17:00,,
DORKING - BALHAM (3),P26638,1117,stop,2026-04-11,11:17:00,,
DORKING - BALHAM (3),P26637,1117,stop,2026-04-02,11:17:00,,
DORKING - BALHAM (3),P26637,1117,stop,2026-04-08,11:17:00,,
DORKING - BALHAM (3),P26637,1117,stop,2026-04-20,11:17:00,,
DORKING - BALHAM (3),P26637,1117,stop,2026-04-06,11:17:00,,
DORKING - BALHAM (3),P26638,1117,stop,2026-04-25,11:17:00,,
DORKING - BALHAM (3),P26637,1117,stop,2026-04-24,11:17:00,,
DORKING - BALHAM (3),P26637,1117,stop,2026-04-21,11:17:00,,
DORKING - BALHAM (3),P26637,1117,stop,2026-04-30,11:17:00,,
DORKING - BALHAM (3),P26637,1117,stop,2026-04-03,11:17:00,,
EARLSFIELD - GUILDFORD (2),P61591,1053,stop,2026-04-01,11:18:00,,
EARLSFIELD - GUILDFORD (2),P61591,1053,stop,2026-04-23,11:18:00,,
EARLSFIELD - GUILDFORD (2),P61591,1053,stop,2026-04-21,11:18:00,,
EARLSFIELD - GUILDFORD (2),P61591,1053,stop,2026-04-17,11:18:00,,
EARLSFIELD - CHESSINGTON SOUTH,P62054,1051,stop,2026-04-19,11:18:00,,
EARLSFIELD - GUILDFORD (2),P61591,1053,stop,2026-04-16,11:18:00,,
EARLSFIELD - GUILDFORD (2),P61592,1053,stop,2026-04-18,11:18:00,,
EARLSFIELD - GUILDFORD (2),P61591,1053,stop,2026-04-28,11:18:00,,
EARLSFIELD - GUILDFORD (2),P61591,1053,stop,2026-04-22,11:18:00,,
EARLSFIELD - GUILDFORD (2),Q38738,1053,stop,2026-04-03,11:18:00,,
EARLSFIELD - GUILDFORD (2),P61592,1053,stop,2026-04-11,11:18:00,,
DORKING - BALHAM (3),P26637,1117,stop,2026-04-23,11:17:00,,
EARLSFIELD - CHESSINGTON SOUTH,P62054,1051,stop,2026-04-26,11:17:00,,
EARLSFIELD - GUILDFORD (2),P61591,1053,stop,2026-04-06,11:18:00,,
EARLSFIELD - GUILDFORD (2),P61591,1053,stop,2026-04-13,11:18:00,,
EARLSFIELD - GUILDFORD (2),P61591,1053,stop,2026-04-15,11:18:00,,
EARLSFIELD - GUILDFORD (2),Q50701,1053,stop,2026-04-06,11:18:00,,
EARLSFIELD - GUILDFORD (2),P61591,1053,stop,2026-04-09,11:18:00,,
EARLSFIELD - GUILDFORD (2),P61591,1053,stop,2026-04-24,11:18:00,,
EARLSFIELD - GUILDFORD (2),P61591,1053,stop,2026-04-20,11:18:00,,
EARLSFIELD - GUILDFORD (2),P61591,1053,stop,2026-04-27,11:18:00,,
EARLSFIELD - GUILDFORD (2),P61591,1053,stop,2026-04-08,11:18:00,,
EARLSFIELD - GUILDFORD (2),P61591,1053,stop,2026-04-07,11:18:00,,
EARLSFIELD - GUILDFORD (2),P61591,1053,stop,2026-04-10,11:18:00,,
EARLSFIELD - GUILDFORD (2),P61591,1053,stop,2026-04-14,11:18:00,,
EARLSFIELD - GUILDFORD (2),P61591,1053,stop,2026-04-30,11:18:00,,
EARLSFIELD - GUILDFORD (2),P61591,1053,stop,2026-04-02,11:18:00,,
EARLSFIELD - GUILDFORD (2),P61592,1053,stop,2026-04-04,11:18:00,,
EARLSFIELD - CHESSINGTON SOUTH,P62054,1051,stop,2026-04-12,11:20:00,,
EARLSFIELD - GUILDFORD (2),P61591,1053,stop,2026-04-29,11:18:00,,
EARLSFIELD - GUILDFORD (2),P61592,1053,stop,2026-04-25,11:18:00,,
EARLSFIELD - GUILDFORD (2),P61591,1053,stop,2026-04-03,11:18:00,,
BALHAM - DORKING (3),P26630,1038,stop,2026-04-12,11:26:00,,
HORSHAM - BALHAM,P26643,1114,stop,2026-04-08,11:26:00,,
HORSHAM - BALHAM,P26643,1114,stop,2026-04-09,11:26:00,,
HORSHAM - BALHAM,P26643,1114,stop,2026-04-10,11:26:00,,
BALHAM - DORKING (3),P26630,1038,stop,2026-04-26,11:26:00,,
HORSHAM - BALHAM,P26644,1114,stop,2026-04-25,11:26:00,,
HORSHAM - BALHAM,P26643,1114,stop,2026-04-01,11:26:00,,
HORSHAM - BALHAM,X00938,1114,stop,2026-04-06,11:26:00,,
HORSHAM - BALHAM,P26643,1114,stop,2026-04-17,11:26:00,,
HORSHAM - BALHAM,P26643,1114,stop,2026-04-27,11:26:00,,
HORSHAM - BALHAM,P26643,1114,stop,2026-04-02,11:26:00,,
HORSHAM - BALHAM,P26643,1114,stop,2026-04-13,11:26:00,,
HORSHAM - BALHAM,P26643,1114,stop,2026-04-21,11:26:00,,
HORSHAM - BALHAM,P26643,1114,stop,2026-04-22,11:26:00,,
HORSHAM - BALHAM,P26643,1114,stop,2026-04-24,11:26:00,,
HORSHAM - BALHAM,P26644,1114,stop,2026-04-04,11:26:00,,
HORSHAM - BALHAM,P26643,1114,stop,2026-04-20,11:26:00,,
HORSHAM - BALHAM,P26643,1114,stop,2026-04-28,11:26:00,,
HORSHAM - BALHAM,P26643,1114,stop,2026-04-15,11:26:00,,
HORSHAM - BALHAM,X96519,1114,stop,2026-04-03,11:26:00,,
HORSHAM - BALHAM,P26643,1114,stop,2026-04-30,11:26:00,,
HORSHAM - BALHAM,P26643,1114,stop,2026-04-16,11:26:00,,
HORSHAM - BALHAM,P26643,1114,stop,2026-04-06,11:26:00,,
HORSHAM - BALHAM,P26643,1114,stop,2026-04-23,11:26:00,,
MITCHAM EASTFIELDS - DORKING,P26630,1038,stop,2026-04-19,11:26:00,,
HORSHAM - BALHAM,P26643,1114,stop,2026-04-29,11:26:00,,
HORSHAM - BALHAM,P26643,1114,stop,2026-04-14,11:26:00,,
HORSHAM - BALHAM,P26643,1114,stop,2026-04-07,11:26:00,,
HORSHAM - BALHAM,P26644,1114,stop,2026-04-11,11:26:00,,
HORSHAM - BALHAM,P26643,1114,stop,2026-04-03,11:26:00,,
BALHAM - HORSHAM,P26628,1041,stop,2026-04-09,11:29:00,,
BALHAM - HORSHAM,P26628,1041,stop,2026-04-27,11:29:00,,
BALHAM - HORSHAM,P26629,1041,stop,2026-04-25,11:29:00,,
BALHAM - HORSHAM,P26628,1041,stop,2026-04-01,11:29:00,,
BALHAM - HORSHAM,P26628,1041,stop,2026-04-21,11:29:00,,
BALHAM - HORSHAM,P26628,1041,stop,2026-04-10,11:29:00,,
BALHAM - HORSHAM,P26628,1041,stop,2026-04-16,11:29:00,,
BALHAM - HORSHAM,P26628,1041,stop,2026-04-17,11:29:00,,
BALHAM - HORSHAM,P26628,1041,stop,2026-04-06,11:29:00,,
EARLSFIELD - DORKING,P61021,1102,stop,2026-04-05,11:28:00,,
BALHAM - HORSHAM,P26628,1041,stop,2026-04-28,11:29:00,,
BALHAM - HORSHAM,P26628,1041,stop,2026-04-03,11:29:00,,
BALHAM - HORSHAM,P26628,1041,stop,2026-04-07,11:29:00,,
BALHAM - HORSHAM,P26628,1041,stop,2026-04-23,11:29:00,,
BALHAM - HORSHAM,P26628,1041,stop,2026-04-24,11:29:00,,
BALHAM - HORSHAM,P26629,1041,stop,2026-04-04,11:29:00,,
EARLSFIELD - DORKING,P61021,1102,stop,2026-04-26,11:29:00,,
BALHAM - HORSHAM,P26628,1041,stop,2026-04-22,11:29:00,,
BALHAM - HORSHAM,P26628,1041,stop,2026-04-20,11:29:00,,
BALHAM - HORSHAM,P26628,1041,stop,2026-04-13,11:29:00,,
BALHAM - HORSHAM,X00933,1041,stop,2026-04-06,11:29:00,,
BALHAM - HORSHAM,P26628,1041,stop,2026-04-30,11:29:00,,
BALHAM - HORSHAM,P26629,1041,stop,2026-04-11,11:29:00,,
BALHAM - HORSHAM,X96565,1041,stop,2026-04-03,11:29:00,,
BALHAM - HORSHAM,P26628,1041,stop,2026-04-15,11:29:00,,
BALHAM - HORSHAM,P26628,1041,stop,2026-04-02,11:29:00,,
EARLSFIELD - DORKING,P61021,1102,stop,2026-04-19,11:29:00,,
BALHAM - HORSHAM,P26628,1041,stop,2026-04-14,11:29:00,,
BALHAM - HORSHAM,P26628,1041,stop,2026-04-29,11:29:00,,
BALHAM - HORSHAM,P26628,1041,stop,2026-04-08,11:29:00,,
BALHAM - DORKING (6),P26630,1038,stop,2026-04-05,11:30:00,,
DORKING - EARLSFIELD,P61029,1132,stop,2026-04-18,11:32:00,,
DORKING - EARLSFIELD,P61028,1132,stop,2026-04-06,11:32:00,,
DORKING - EARLSFIELD,P61028,1132,stop,2026-04-27,11:32:00,,
HORSHAM - MITCHAM EASTFIELDS,P26644,1120,stop,2026-04-18,11:31:00,,
DORKING - EARLSFIELD,P61028,1132,stop,2026-04-20,11:32:00,,
DORKING - EARLSFIELD,P61028,1132,stop,2026-04-14,11:32:00,,
DORKING - EARLSFIELD,Q38707,1132,stop,2026-04-03,11:32:00,,
DORKING - EARLSFIELD,P61028,1132,stop,2026-04-07,11:32:00,,
DORKING - EARLSFIELD,P61028,1132,stop,2026-04-28,11:32:00,,
DORKING - EARLSFIELD,P61028,1132,stop,2026-04-17,11:32:00,,
DORKING - EARLSFIELD,Q50622,1132,stop,2026-04-06,11:32:00,,
DORKING - EARLSFIELD,P61028,1132,stop,2026-04-02,11:32:00,,
DORKING - EARLSFIELD,P61029,1132,stop,2026-04-04,11:32:00,,
WORCESTER PARK - EARLSFIELD,P61024,1132,stop,2026-04-12,11:32:00,,
DORKING - EARLSFIELD,P61028,1132,stop,2026-04-24,11:32:00,,
DORKING - EARLSFIELD,P61028,1132,stop,2026-04-29,11:32:00,,
DORKING - EARLSFIELD,P61028,1132,stop,2026-04-08,11:32:00,,
DORKING - EARLSFIELD,P61028,1132,stop,2026-04-23,11:32:00,,
DORKING - EARLSFIELD,P61028,1132,stop,2026-04-15,11:32:00,,
DORKING - EARLSFIELD,P61028,1132,stop,2026-04-03,11:32:00,,
SUTTON (SURREY) - DORKING,X04929,1055,stop,2026-04-12,11:32:00,,
DORKING - EARLSFIELD,P61028,1132,stop,2026-04-30,11:32:00,,
DORKING - EARLSFIELD,P61028,1132,stop,2026-04-10,11:32:00,,
DORKING - EARLSFIELD,P61028,1132,stop,2026-04-21,11:32:00,,
DORKING - EARLSFIELD,P61029,1132,stop,2026-04-11,11:32:00,,
DORKING - EARLSFIELD,P61028,1132,stop,2026-04-16,11:32:00,,
DORKING - EARLSFIELD,P61029,1132,stop,2026-04-25,11:32:00,,
DORKING - EARLSFIELD,P61028,1132,stop,2026-04-22,11:32:00,,
DORKING - SUTTON (SURREY),X04890,1133,stop,2026-04-12,11:33:00,,
DORKING - EARLSFIELD,P61028,1132,stop,2026-04-13,11:32:00,,
DORKING - EARLSFIELD,P61028,1132,stop,2026-04-01,11:32:00,,
DORKING - EARLSFIELD,P61028,1132,stop,2026-04-09,11:32:00,,
WORCESTER PARK - EFFINGHAM JUNCTION,Q54811,1135,stop,2026-04-12,11:35:00,,
EFFINGHAM JUNCTION - WORCESTER PARK,Q54773,1115,stop,2026-04-12,11:35:00,,
CHESSINGTON SOUTH - EARLSFIELD,L75751,1134,stop,2026-04-08,11:39:00,,
CHESSINGTON SOUTH - EARLSFIELD,L75751,1134,stop,2026-04-10,11:39:00,,
CHESSINGTON SOUTH - EARLSFIELD,L75751,1134,stop,2026-04-02,11:39:00,,
CHESSINGTON SOUTH - EARLSFIELD,L75751,1134,stop,2026-04-01,11:39:00,,
MITCHAM EASTFIELDS - HORSHAM (2),P26629,1050,stop,2026-04-18,11:38:00,,
CHESSINGTON SOUTH - EARLSFIELD,L75751,1134,stop,2026-04-30,11:39:00,,
CHESSINGTON SOUTH - EARLSFIELD,L75751,1134,stop,2026-04-17,11:39:00,,
CHESSINGTON SOUTH - EARLSFIELD,Q50614,1134,stop,2026-04-06,11:39:00,,
CHESSINGTON SOUTH - EARLSFIELD,L75751,1134,stop,2026-04-06,11:39:00,,
CHESSINGTON SOUTH - EARLSFIELD,L75751,1134,stop,2026-04-07,11:39:00,,
CHESSINGTON SOUTH - EARLSFIELD,L75752,1134,stop,2026-04-18,11:39:00,,
CHESSINGTON SOUTH - EARLSFIELD,L75751,1134,stop,2026-04-29,11:39:00,,
CHESSINGTON SOUTH - EARLSFIELD,L75751,1134,stop,2026-04-16,11:39:00,,
CHESSINGTON SOUTH - EARLSFIELD,L75751,1134,stop,2026-04-09,11:39:00,,
CHESSINGTON SOUTH - EARLSFIELD,L75752,1134,stop,2026-04-25,11:39:00,,
CHESSINGTON SOUTH - EARLSFIELD,L75751,1134,stop,2026-04-15,11:39:00,,
CHESSINGTON SOUTH - EARLSFIELD,L75751,1134,stop,2026-04-22,11:39:00,,
CHESSINGTON SOUTH - EARLSFIELD,L75751,1134,stop,2026-04-21,11:39:00,,
CHESSINGTON SOUTH - EARLSFIELD,L75751,1134,stop,2026-04-03,11:39:00,,
CHESSINGTON SOUTH - EARLSFIELD,Q38702,1134,stop,2026-04-03,11:39:00,,
CHESSINGTON SOUTH - EARLSFIELD,L75751,1134,stop,2026-04-24,11:39:00,,
CHESSINGTON SOUTH - EARLSFIELD,L75751,1134,stop,2026-04-27,11:39:00,,
CHESSINGTON SOUTH - EARLSFIELD,L75751,1134,stop,2026-04-23,11:39:00,,
CHESSINGTON SOUTH - EARLSFIELD,L75751,1134,stop,2026-04-14,11:39:00,,
CHESSINGTON SOUTH - EARLSFIELD,L75752,1134,stop,2026-04-04,11:39:00,,
CHESSINGTON SOUTH - EARLSFIELD,L75751,1134,stop,2026-04-20,11:39:00,,
CHESSINGTON SOUTH - EARLSFIELD,L75751,1134,stop,2026-04-28,11:39:00,,
CHESSINGTON SOUTH - EARLSFIELD,L75752,1134,stop,2026-04-11,11:39:00,,
CHESSINGTON SOUTH - EARLSFIELD,L75751,1134,stop,2026-04-13,11:39:00,,
EARLSFIELD - CHESSINGTON SOUTH,P62055,1117,stop,2026-04-23,11:43:00,,
DORKING - BALHAM (4),P26645,1142,stop,2026-04-26,11:42:00,,
DORKING - MITCHAM EASTFIELDS,P26645,1142,stop,2026-04-19,11:42:00,,
DORKING - BALHAM (4),P26645,1142,stop,2026-04-12,11:42:00,,
EARLSFIELD - CHESSINGTON SOUTH,P62055,1117,stop,2026-04-08,11:43:00,,
EARLSFIELD - CHESSINGTON SOUTH,P62055,1117,stop,2026-04-10,11:43:00,,
EARLSFIELD - CHESSINGTON SOUTH,P62055,1117,stop,2026-04-28,11:43:00,,
EARLSFIELD - CHESSINGTON SOUTH,P62055,1117,stop,2026-04-27,11:43:00,,
EARLSFIELD - CHESSINGTON SOUTH,P62055,1117,stop,2026-04-30,11:43:00,,
EARLSFIELD - CHESSINGTON SOUTH,P62055,1117,stop,2026-04-16,11:43:00,,
EARLSFIELD - CHESSINGTON SOUTH,P62056,1117,stop,2026-04-11,11:43:00,,
EARLSFIELD - CHESSINGTON SOUTH,P62055,1117,stop,2026-04-20,11:43:00,,
EARLSFIELD - CHESSINGTON SOUTH,P62055,1117,stop,2026-04-29,11:43:00,,
EARLSFIELD - CHESSINGTON SOUTH,P62055,1117,stop,2026-04-15,11:43:00,,
EARLSFIELD - CHESSINGTON SOUTH,P62055,1117,stop,2026-04-13,11:43:00,,
EARLSFIELD - CHESSINGTON SOUTH,P62055,1117,stop,2026-04-14,11:43:00,,
EARLSFIELD - CHESSINGTON SOUTH,P62055,1117,stop,2026-04-17,11:43:00,,
EARLSFIELD - CHESSINGTON SOUTH,P62055,1117,stop,2026-04-22,11:43:00,,
EARLSFIELD - CHESSINGTON SOUTH,P62055,1117,stop,2026-04-21,11:43:00,,
EARLSFIELD - CHESSINGTON SOUTH,P62056,1117,stop,2026-04-18,11:43:00,,
EARLSFIELD - CHESSINGTON SOUTH,P62055,1117,stop,2026-04-03,11:43:00,,
EARLSFIELD - CHESSINGTON SOUTH,Q38721,1117,stop,2026-04-03,11:43:00,,
EARLSFIELD - CHESSINGTON SOUTH,P62056,1117,stop,2026-04-25,11:43:00,,
EARLSFIELD - CHESSINGTON SOUTH,P62055,1117,stop,2026-04-09,11:43:00,,
EARLSFIELD - CHESSINGTON SOUTH,P62055,1117,stop,2026-04-24,11:43:00,,
EARLSFIELD - CHESSINGTON SOUTH,P62055,1117,stop,2026-04-07,11:43:00,,
EARLSFIELD - DORKING,P61021,1102,stop,2026-04-12,11:43:00,,
EARLSFIELD - CHESSINGTON SOUTH,P62055,1117,stop,2026-04-01,11:43:00,,
EARLSFIELD - CHESSINGTON SOUTH,P62055,1117,stop,2026-04-06,11:43:00,,
EARLSFIELD - CHESSINGTON SOUTH,Q50654,1117,stop,2026-04-06,11:43:00,,
EARLSFIELD - CHESSINGTON SOUTH,P62056,1117,stop,2026-04-04,11:43:00,,
GUILDFORD - EARLSFIELD,L74248,1120,stop,2026-04-26,11:45:00,,
GUILDFORD - EARLSFIELD,L74248,1120,stop,2026-04-12,11:45:00,,
GUILDFORD - EARLSFIELD,L74248,1120,stop,2026-04-05,11:45:00,,
GUILDFORD - EARLSFIELD,L74248,1120,stop,2026-04-19,11:45:00,,
CHESSINGTON SOUTH - EARLSFIELD,L75753,1139,stop,2026-04-12,11:44:00,,
CHESSINGTON SOUTH - EARLSFIELD,L75753,1139,stop,2026-04-19,11:44:00,,
CHESSINGTON SOUTH - EARLSFIELD,L75753,1139,stop,2026-04-05,11:44:00,,
CHESSINGTON SOUTH - EARLSFIELD,L75753,1139,stop,2026-04-26,11:44:00,,
EARLSFIELD - CHESSINGTON SOUTH,P62055,1117,stop,2026-04-02,11:43:00,,
DORKING - BALHAM (5),P26645,1146,stop,2026-04-05,11:46:00,,
EARLSFIELD - CHESSINGTON SOUTH,P62057,1121,stop,2026-04-26,11:47:00,,
EARLSFIELD - DORKING,P61020,1123,stop,2026-04-04,11:48:00,,
EARLSFIELD - DORKING,P61019,1123,stop,2026-04-29,11:48:00,,
EARLSFIELD - DORKING,P61019,1123,stop,2026-04-07,11:48:00,,
EARLSFIELD - DORKING,P61019,1123,stop,2026-04-09,11:48:00,,
EARLSFIELD - DORKING,P61019,1123,stop,2026-04-20,11:48:00,,
EARLSFIELD - DORKING,P61019,1123,stop,2026-04-24,11:48:00,,
EARLSFIELD - DORKING,Q50645,1123,stop,2026-04-06,11:48:00,,
EARLSFIELD - DORKING,P61019,1123,stop,2026-04-21,11:48:00,,
EARLSFIELD - DORKING,P61019,1123,stop,2026-04-17,11:48:00,,
EARLSFIELD - DORKING,P61019,1123,stop,2026-04-22,11:48:00,,
EARLSFIELD - DORKING,P61019,1123,stop,2026-04-23,11:48:00,,
EARLSFIELD - DORKING,P61019,1123,stop,2026-04-02,11:48:00,,
EARLSFIELD - DORKING,P61019,1123,stop,2026-04-01,11:48:00,,
EARLSFIELD - DORKING,P61019,1123,stop,2026-04-13,11:48:00,,
EARLSFIELD - DORKING,P61020,1123,stop,2026-04-11,11:48:00,,
EARLSFIELD - DORKING,P61019,1123,stop,2026-04-28,11:48:00,,
EARLSFIELD - CHESSINGTON SOUTH,P62057,1121,stop,2026-04-19,11:48:00,,
EARLSFIELD - CHESSINGTON SOUTH,P62057,1121,stop,2026-04-12,11:48:00,,
EARLSFIELD - DORKING,P61019,1123,stop,2026-04-08,11:48:00,,
EARLSFIELD - DORKING,P61019,1123,stop,2026-04-06,11:48:00,,
EARLSFIELD - DORKING,P61019,1123,stop,2026-04-30,11:48:00,,
EARLSFIELD - DORKING,P61019,1123,stop,2026-04-15,11:48:00,,
EARLSFIELD - DORKING,P61019,1123,stop,2026-04-14,11:48:00,,
EARLSFIELD - DORKING,P61019,1123,stop,2026-04-16,11:48:00,,
DORKING - WORCESTER PARK,Q54847,1150,stop,2026-04-12,11:50:00,,
EARLSFIELD - CHESSINGTON SOUTH,P62057,1124,stop,2026-04-05,11:50:00,,
EARLSFIELD - DORKING,P61019,1123,stop,2026-04-10,11:48:00,,
EARLSFIELD - DORKING,P61019,1123,stop,2026-04-03,11:48:00,,
EARLSFIELD - DORKING,Q38717,1123,stop,2026-04-03,11:48:00,,
EARLSFIELD - DORKING,P61020,1123,stop,2026-04-25,11:48:00,,
EARLSFIELD - DORKING,P61020,1123,stop,2026-04-18,11:48:00,,
EARLSFIELD - DORKING,P61019,1123,stop,2026-04-27,11:48:00,,
BALHAM - DORKING (3),P26636,1108,stop,2026-04-26,11:56:00,,
MITCHAM EASTFIELDS - DORKING,P26636,1108,stop,2026-04-19,11:56:00,,
BALHAM - DORKING,P26634,1111,stop,2026-04-02,11:57:00,,
BALHAM - DORKING,P26634,1111,stop,2026-04-09,11:57:00,,
BALHAM - DORKING,P26634,1111,stop,2026-04-23,11:57:00,,
BALHAM - DORKING,P26634,1111,stop,2026-04-27,11:57:00,,
BALHAM - DORKING,P26634,1111,stop,2026-04-06,11:57:00,,
BALHAM - DORKING,P26634,1111,stop,2026-04-07,11:57:00,,
BALHAM - DORKING,P26634,1111,stop,2026-04-01,11:57:00,,
BALHAM - DORKING,P26634,1111,stop,2026-04-17,11:57:00,,
BALHAM - DORKING,P26634,1111,stop,2026-04-03,11:57:00,,
BALHAM - DORKING,P26635,1111,stop,2026-04-11,11:57:00,,
BALHAM - DORKING,P26635,1111,stop,2026-04-25,11:57:00,,
BALHAM - DORKING,P26634,1111,stop,2026-04-30,11:57:00,,
BALHAM - DORKING,P26634,1111,stop,2026-04-13,11:57:00,,
BALHAM - DORKING,P26635,1111,stop,2026-04-04,11:57:00,,
BALHAM - DORKING (3),P26636,1108,stop,2026-04-12,11:56:00,,
BALHAM - DORKING,X96525,1111,stop,2026-04-03,11:57:00,,
BALHAM - DORKING,P26634,1111,stop,2026-04-20,11:57:00,,
BALHAM - DORKING,P26634,1111,stop,2026-04-24,11:57:00,,
BALHAM - DORKING,P26634,1111,stop,2026-04-16,11:57:00,,
BALHAM - DORKING,P26634,1111,stop,2026-04-29,11:57:00,,
BALHAM - DORKING,P26634,1111,stop,2026-04-22,11:57:00,,
BALHAM - DORKING,P26634,1111,stop,2026-04-08,11:57:00,,
BALHAM - DORKING,P26634,1111,stop,2026-04-28,11:57:00,,
BALHAM - DORKING,P26634,1111,stop,2026-04-15,11:57:00,,
BALHAM - DORKING,P26634,1111,stop,2026-04-21,11:57:00,,
BALHAM - DORKING,P26634,1111,stop,2026-04-10,11:57:00,,
BALHAM - DORKING,X00935,1111,stop,2026-04-06,11:57:00,,
BALHAM - DORKING,P26634,1111,stop,2026-04-14,11:57:00,,
EARLSFIELD - GUILDFORD (2),P61596,1132,stop,2026-04-26,11:58:00,,
EARLSFIELD - GUILDFORD (2),P61596,1132,stop,2026-04-19,11:59:00,,
EARLSFIELD - GUILDFORD (2),P61596,1132,stop,2026-04-05,11:58:00,,
BALHAM - DORKING (6),P26636,1108,stop,2026-04-05,12:00:00,,
SUTTON (SURREY) - DORKING,X04928,1125,stop,2026-04-12,12:02:00,,
WORCESTER PARK - EARLSFIELD,L74248,1202,stop,2026-04-12,12:02:00,,
WORCESTER PARK - DORKING,Q54897,1205,stop,2026-04-12,12:05:00,,
DORKING - SUTTON (SURREY),X04889,1203,stop,2026-04-12,12:03:00,,
CHESSINGTON SOUTH - EARLSFIELD,L75757,1204,stop,2026-04-29,12:09:00,,
CHESSINGTON SOUTH - EARLSFIELD,L75757,1204,stop,2026-04-03,12:09:00,,
CHESSINGTON SOUTH - EARLSFIELD,L75757,1204,stop,2026-04-24,12:09:00,,
CHESSINGTON SOUTH - EARLSFIELD,L75757,1204,stop,2026-04-17,12:09:00,,
CHESSINGTON SOUTH - EARLSFIELD,L75757,1204,stop,2026-04-10,12:09:00,,
DORKING - EARLSFIELD,P61030,1207,stop,2026-04-26,12:07:00,,
DORKING - EARLSFIELD,P61030,1207,stop,2026-04-12,12:07:00,,
DORKING - EARLSFIELD,P61030,1207,stop,2026-04-19,12:07:00,,
DORKING - EARLSFIELD,P61030,1207,stop,2026-04-05,12:07:00,,
CHESSINGTON SOUTH - EARLSFIELD,Q50521,1204,stop,2026-04-06,12:09:00,,
CHESSINGTON SOUTH - EARLSFIELD,L75757,1204,stop,2026-04-30,12:09:00,,
CHESSINGTON SOUTH - EARLSFIELD,L75757,1204,stop,2026-04-28,12:09:00,,
CHESSINGTON SOUTH - EARLSFIELD,L75757,1204,stop,2026-04-09,12:09:00,,
CHESSINGTON SOUTH - EARLSFIELD,L75757,1204,stop,2026-04-16,12:09:00,,
CHESSINGTON SOUTH - EARLSFIELD,L75758,1204,stop,2026-04-25,12:09:00,,
CHESSINGTON SOUTH - EARLSFIELD,L75758,1204,stop,2026-04-18,12:09:00,,
CHESSINGTON SOUTH - EARLSFIELD,L75758,1204,stop,2026-04-11,12:09:00,,
CHESSINGTON SOUTH - EARLSFIELD,L75757,1204,stop,2026-04-01,12:09:00,,
CHESSINGTON SOUTH - EARLSFIELD,L75757,1204,stop,2026-04-15,12:09:00,,
CHESSINGTON SOUTH - EARLSFIELD,L75757,1204,stop,2026-04-22,12:09:00,,
CHESSINGTON SOUTH - EARLSFIELD,L75757,1204,stop,2026-04-02,12:09:00,,
CHESSINGTON SOUTH - EARLSFIELD,L75757,1204,stop,2026-04-14,12:09:00,,
CHESSINGTON SOUTH - EARLSFIELD,L75757,1204,stop,2026-04-23,12:09:00,,
CHESSINGTON SOUTH - EARLSFIELD,L75758,1204,stop,2026-04-04,12:09:00,,
CHESSINGTON SOUTH - EARLSFIELD,Q38680,1204,stop,2026-04-03,12:09:00,,
GUILDFORD - EARLSFIELD,L74253,1145,stop,2026-04-25,12:10:00,,
GUILDFORD - EARLSFIELD,L74252,1145,stop,2026-04-01,12:10:00,,
GUILDFORD - EARLSFIELD,L74252,1145,stop,2026-04-17,12:10:00,,
GUILDFORD - EARLSFIELD,L74252,1145,stop,2026-04-03,12:10:00,,
GUILDFORD - EARLSFIELD,L74252,1145,stop,2026-04-07,12:10:00,,
GUILDFORD - EARLSFIELD,L74252,1145,stop,2026-04-21,12:10:00,,
GUILDFORD - EARLSFIELD,L74252,1145,stop,2026-04-13,12:10:00,,
CHESSINGTON SOUTH - EARLSFIELD,L75757,1204,stop,2026-04-08,12:09:00,,
CHESSINGTON SOUTH - EARLSFIELD,L75757,1204,stop,2026-04-20,12:09:00,,
CHESSINGTON SOUTH - EARLSFIELD,L75757,1204,stop,2026-04-21,12:09:00,,
CHESSINGTON SOUTH - EARLSFIELD,L75757,1204,stop,2026-04-13,12:09:00,,
CHESSINGTON SOUTH - EARLSFIELD,L75757,1204,stop,2026-04-07,12:09:00,,
CHESSINGTON SOUTH - EARLSFIELD,L75757,1204,stop,2026-04-27,12:09:00,,
CHESSINGTON SOUTH - EARLSFIELD,L75757,1204,stop,2026-04-06,12:09:00,,
GUILDFORD - EARLSFIELD,L74252,1145,stop,2026-04-30,12:10:00,,
GUILDFORD - EARLSFIELD,L74253,1145,stop,2026-04-11,12:10:00,,
GUILDFORD - EARLSFIELD,L74252,1145,stop,2026-04-24,12:10:00,,
GUILDFORD - EARLSFIELD,L74253,1145,stop,2026-04-04,12:10:00,,
MITCHAM EASTFIELDS - DORKING (2),P26635,1120,stop,2026-04-18,12:10:00,,
GUILDFORD - EARLSFIELD,Q50594,1145,stop,2026-04-06,12:10:00,,
GUILDFORD - EARLSFIELD,L74252,1145,stop,2026-04-06,12:10:00,,
GUILDFORD - EARLSFIELD,L74252,1145,stop,2026-04-15,12:10:00,,
GUILDFORD - EARLSFIELD,L74252,1145,stop,2026-04-22,12:10:00,,
GUILDFORD - EARLSFIELD,L74252,1145,stop,2026-04-20,12:10:00,,
GUILDFORD - EARLSFIELD,L74252,1145,stop,2026-04-23,12:10:00,,
GUILDFORD - EARLSFIELD,L74252,1145,stop,2026-04-10,12:10:00,,
GUILDFORD - EARLSFIELD,Q38697,1145,stop,2026-04-03,12:10:00,,
GUILDFORD - EARLSFIELD,L74252,1145,stop,2026-04-29,12:10:00,,
GUILDFORD - EARLSFIELD,L74252,1145,stop,2026-04-27,12:10:00,,
GUILDFORD - EARLSFIELD,L74252,1145,stop,2026-04-02,12:10:00,,
GUILDFORD - EARLSFIELD,L74252,1145,stop,2026-04-28,12:10:00,,
GUILDFORD - EARLSFIELD,L74252,1145,stop,2026-04-14,12:10:00,,
GUILDFORD - EARLSFIELD,L74253,1145,stop,2026-04-18,12:10:00,,
GUILDFORD - EARLSFIELD,L74252,1145,stop,2026-04-08,12:10:00,,
GUILDFORD - EARLSFIELD,L74252,1145,stop,2026-04-16,12:10:00,,
GUILDFORD - EARLSFIELD,L74252,1145,stop,2026-04-09,12:10:00,,
EARLSFIELD - CHESSINGTON SOUTH,P62058,1147,stop,2026-04-02,12:13:00,,
EARLSFIELD - CHESSINGTON SOUTH,P62058,1147,stop,2026-04-09,12:13:00,,
EARLSFIELD - CHESSINGTON SOUTH,P62059,1147,stop,2026-04-18,12:13:00,,
EARLSFIELD - CHESSINGTON SOUTH,P62058,1147,stop,2026-04-23,12:13:00,,
EARLSFIELD - CHESSINGTON SOUTH,P62058,1147,stop,2026-04-30,12:13:00,,
DORKING - BALHAM (4),P26651,1212,stop,2026-04-26,12:12:00,,
EARLSFIELD - GUILDFORD (2),P61596,1132,stop,2026-04-12,12:12:00,,
DORKING - MITCHAM EASTFIELDS,P26651,1212,stop,2026-04-19,12:12:00,,
DORKING - BALHAM (4),P26651,1212,stop,2026-04-12,12:12:00,,
EARLSFIELD - CHESSINGTON SOUTH,P62058,1147,stop,2026-04-07,12:13:00,,
EARLSFIELD - CHESSINGTON SOUTH,P62058,1147,stop,2026-04-06,12:13:00,,
EARLSFIELD - CHESSINGTON SOUTH,Q50585,1147,stop,2026-04-06,12:13:00,,
EARLSFIELD - CHESSINGTON SOUTH,P62058,1147,stop,2026-04-24,12:13:00,,
EARLSFIELD - CHESSINGTON SOUTH,P62058,1147,stop,2026-04-16,12:13:00,,
EARLSFIELD - CHESSINGTON SOUTH,P62058,1147,stop,2026-04-10,12:13:00,,
EARLSFIELD - CHESSINGTON SOUTH,P62058,1147,stop,2026-04-13,12:13:00,,
EARLSFIELD - CHESSINGTON SOUTH,P62058,1147,stop,2026-04-14,12:13:00,,
EARLSFIELD - CHESSINGTON SOUTH,P62058,1147,stop,2026-04-03,12:13:00,,
EARLSFIELD - CHESSINGTON SOUTH,Q38696,1147,stop,2026-04-03,12:13:00,,
EARLSFIELD - CHESSINGTON SOUTH,P62058,1147,stop,2026-04-22,12:13:00,,
EARLSFIELD - CHESSINGTON SOUTH,P62058,1147,stop,2026-04-08,12:13:00,,
EARLSFIELD - CHESSINGTON SOUTH,P62058,1147,stop,2026-04-01,12:13:00,,
EARLSFIELD - CHESSINGTON SOUTH,P62059,1147,stop,2026-04-04,12:13:00,,
EARLSFIELD - CHESSINGTON SOUTH,P62058,1147,stop,2026-04-17,12:13:00,,
EARLSFIELD - CHESSINGTON SOUTH,P62058,1147,stop,2026-04-15,12:13:00,,
EARLSFIELD - CHESSINGTON SOUTH,P62058,1147,stop,2026-04-29,12:13:00,,
EARLSFIELD - CHESSINGTON SOUTH,P62058,1147,stop,2026-04-27,12:13:00,,
EARLSFIELD - CHESSINGTON SOUTH,P62058,1147,stop,2026-04-20,12:13:00,,
EARLSFIELD - CHESSINGTON SOUTH,P62058,1147,stop,2026-04-21,12:13:00,,
EARLSFIELD - CHESSINGTON SOUTH,P62058,1147,stop,2026-04-28,12:13:00,,
EARLSFIELD - CHESSINGTON SOUTH,P62059,1147,stop,2026-04-25,12:13:00,,
EARLSFIELD - CHESSINGTON SOUTH,P62059,1147,stop,2026-04-11,12:13:00,,
CHESSINGTON SOUTH - EARLSFIELD,L75759,1209,stop,2026-04-26,12:14:00,,
CHESSINGTON SOUTH - EARLSFIELD,L75759,1209,stop,2026-04-12,12:14:00,,
CHESSINGTON SOUTH - EARLSFIELD,L75759,1209,stop,2026-04-05,12:14:00,,
CHESSINGTON SOUTH - EARLSFIELD,L75759,1209,stop,2026-04-19,12:14:00,,
DORKING - BALHAM (5),P26651,1216,stop,2026-04-05,12:16:00,,
DORKING - BALHAM (3),P26649,1217,stop,2026-04-14,12:17:00,,
DORKING - BALHAM (3),P26649,1217,stop,2026-04-17,12:17:00,,
DORKING - BALHAM (3),P26649,1217,stop,2026-04-03,12:17:00,,
DORKING - BALHAM (3),P26649,1217,stop,2026-04-06,12:17:00,,
DORKING - BALHAM (3),P26649,1217,stop,2026-04-20,12:17:00,,
DORKING - BALHAM (3),P26649,1217,stop,2026-04-23,12:17:00,,
DORKING - BALHAM (3),P26649,1217,stop,2026-04-01,12:17:00,,
DORKING - BALHAM (3),P26649,1217,stop,2026-04-29,12:17:00,,
DORKING - BALHAM (3),P26650,1217,stop,2026-04-25,12:17:00,,
DORKING - BALHAM (3),X00940,1217,stop,2026-04-06,12:17:00,,
DORKING - BALHAM (3),P26649,1217,stop,2026-04-02,12:17:00,,
DORKING - BALHAM (3),P26649,1217,stop,2026-04-27,12:17:00,,
DORKING - BALHAM (3),P26650,1217,stop,2026-04-04,12:17:00,,
DORKING - BALHAM (3),P26649,1217,stop,2026-04-15,12:17:00,,
DORKING - BALHAM (3),P26649,1217,stop,2026-04-22,12:17:00,,
DORKING - BALHAM (3),P26649,1217,stop,2026-04-09,12:17:00,,
DORKING - BALHAM (3),P26649,1217,stop,2026-04-30,12:17:00,,
DORKING - BALHAM (3),P26649,1217,stop,2026-04-16,12:17:00,,
DORKING - BALHAM (3),P26649,1217,stop,2026-04-13,12:17:00,,
DORKING - MITCHAM EASTFIELDS (2),P26650,1217,stop,2026-04-18,12:17:00,,
EARLSFIELD - CHESSINGTON SOUTH,P62060,1151,stop,2026-04-26,12:17:00,,
DORKING - BALHAM (3),P26649,1217,stop,2026-04-24,12:17:00,,
DORKING - BALHAM (3),P26649,1217,stop,2026-04-08,12:17:00,,
EARLSFIELD - CHESSINGTON SOUTH,P62060,1151,stop,2026-04-05,12:17:00,,
DORKING - BALHAM (3),P26649,1217,stop,2026-04-28,12:17:00,,
DORKING - BALHAM (3),P26650,1217,stop,2026-04-11,12:17:00,,
DORKING - BALHAM (3),P26649,1217,stop,2026-04-10,12:17:00,,
DORKING - BALHAM (3),P26649,1217,stop,2026-04-21,12:17:00,,
DORKING - BALHAM (3),X96434,1217,stop,2026-04-03,12:17:00,,
EARLSFIELD - GUILDFORD (2),P61594,1153,stop,2026-04-03,12:18:00,,
EARLSFIELD - CHESSINGTON SOUTH,P62060,1151,stop,2026-04-19,12:18:00,,
EARLSFIELD - GUILDFORD (2),P61594,1153,stop,2026-04-15,12:18:00,,
EARLSFIELD - GUILDFORD (2),Q38692,1153,stop,2026-04-03,12:18:00,,
EARLSFIELD - GUILDFORD (2),P61594,1153,stop,2026-04-10,12:18:00,,
EARLSFIELD - GUILDFORD (2),P61594,1153,stop,2026-04-22,12:18:00,,
EARLSFIELD - GUILDFORD (2),P61595,1153,stop,2026-04-25,12:18:00,,
EARLSFIELD - GUILDFORD (2),P61594,1153,stop,2026-04-01,12:18:00,,
EARLSFIELD - GUILDFORD (2),P61594,1153,stop,2026-04-29,12:18:00,,
EARLSFIELD - GUILDFORD (2),P61595,1153,stop,2026-04-04,12:18:00,,
EARLSFIELD - GUILDFORD (2),P61594,1153,stop,2026-04-14,12:18:00,,
EARLSFIELD - GUILDFORD (2),P61594,1153,stop,2026-04-20,12:18:00,,
EARLSFIELD - GUILDFORD (2),P61594,1153,stop,2026-04-23,12:18:00,,
DORKING - BALHAM (3),P26649,1217,stop,2026-04-07,12:17:00,,
EARLSFIELD - GUILDFORD (2),Q50552,1153,stop,2026-04-06,12:18:00,,
EARLSFIELD - GUILDFORD (2),P61594,1153,stop,2026-04-30,12:18:00,,
EARLSFIELD - GUILDFORD (2),P61594,1153,stop,2026-04-21,12:18:00,,
EARLSFIELD - GUILDFORD (2),P61594,1153,stop,2026-04-06,12:18:00,,
EARLSFIELD - GUILDFORD (2),P61594,1153,stop,2026-04-27,12:18:00,,
EARLSFIELD - GUILDFORD (2),P61594,1153,stop,2026-04-16,12:18:00,,
EARLSFIELD - GUILDFORD (2),P61595,1153,stop,2026-04-11,12:18:00,,
EARLSFIELD - GUILDFORD (2),P61594,1153,stop,2026-04-24,12:18:00,,
EARLSFIELD - GUILDFORD (2),P61594,1153,stop,2026-04-13,12:18:00,,
EARLSFIELD - GUILDFORD (2),P61595,1153,stop,2026-04-18,12:18:00,,
EARLSFIELD - GUILDFORD (2),P61594,1153,stop,2026-04-08,12:18:00,,
EARLSFIELD - GUILDFORD (2),P61594,1153,stop,2026-04-09,12:18:00,,
EARLSFIELD - CHESSINGTON SOUTH,P62060,1151,stop,2026-04-12,12:18:00,,
EARLSFIELD - GUILDFORD (2),P61594,1153,stop,2026-04-17,12:18:00,,
EARLSFIELD - GUILDFORD (2),P61594,1153,stop,2026-04-07,12:18:00,,
EARLSFIELD - GUILDFORD (2),P61594,1153,stop,2026-04-28,12:18:00,,
EARLSFIELD - GUILDFORD (2),P61594,1153,stop,2026-04-02,12:18:00,,
HORSHAM - BALHAM,P26656,1214,stop,2026-04-11,12:26:00,,
MITCHAM EASTFIELDS - DORKING,P26642,1138,stop,2026-04-19,12:26:00,,
HORSHAM - BALHAM,P26655,1214,stop,2026-04-27,12:26:00,,
HORSHAM - BALHAM,P26655,1214,stop,2026-04-21,12:26:00,,
HORSHAM - BALHAM,P26655,1214,stop,2026-04-16,12:26:00,,
HORSHAM - BALHAM,P26655,1214,stop,2026-04-06,12:26:00,,
HORSHAM - BALHAM,P26655,1214,stop,2026-04-15,12:26:00,,
HORSHAM - BALHAM,P26655,1214,stop,2026-04-22,12:26:00,,
HORSHAM - BALHAM,P26655,1214,stop,2026-04-02,12:26:00,,
HORSHAM - BALHAM,P26655,1214,stop,2026-04-01,12:26:00,,
HORSHAM - BALHAM,P26655,1214,stop,2026-04-23,12:26:00,,
HORSHAM - BALHAM,P26655,1214,stop,2026-04-07,12:26:00,,
HORSHAM - BALHAM,P26655,1214,stop,2026-04-08,12:26:00,,
HORSHAM - BALHAM,P26655,1214,stop,2026-04-13,12:26:00,,
HORSHAM - BALHAM,P26655,1214,stop,2026-04-09,12:26:00,,
HORSHAM - BALHAM,P26655,1214,stop,2026-04-14,12:26:00,,
HORSHAM - BALHAM,P26655,1214,stop,2026-04-28,12:26:00,,
HORSHAM - BALHAM,P26655,1214,stop,2026-04-29,12:26:00,,
HORSHAM - BALHAM,P26655,1214,stop,2026-04-10,12:26:00,,
HORSHAM - BALHAM,P26655,1214,stop,2026-04-03,12:26:00,,
BALHAM - DORKING (3),P26642,1138,stop,2026-04-12,12:26:00,,
HORSHAM - BALHAM,X96439,1214,stop,2026-04-03,12:26:00,,
HORSHAM - BALHAM,X00942,1214,stop,2026-04-06,12:26:00,,
HORSHAM - BALHAM,P26656,1214,stop,2026-04-25,12:26:00,,
HORSHAM - BALHAM,P26655,1214,stop,2026-04-24,12:26:00,,
HORSHAM - BALHAM,P26655,1214,stop,2026-04-17,12:26:00,,
BALHAM - DORKING (3),P26642,1138,stop,2026-04-26,12:26:00,,
HORSHAM - BALHAM,P26656,1214,stop,2026-04-04,12:26:00,,
HORSHAM - BALHAM,P26655,1214,stop,2026-04-20,12:26:00,,
HORSHAM - BALHAM,P26655,1214,stop,2026-04-30,12:26:00,,
EARLSFIELD - DORKING,P61027,1202,stop,2026-04-05,12:28:00,,
EARLSFIELD - DORKING,P61027,1202,stop,2026-04-19,12:29:00,,
BALHAM - HORSHAM,P26640,1141,stop,2026-04-27,12:29:00,,
BALHAM - HORSHAM,P26640,1141,stop,2026-04-24,12:29:00,,
BALHAM - HORSHAM,P26640,1141,stop,2026-04-10,12:29:00,,
BALHAM - HORSHAM,P26641,1141,stop,2026-04-11,12:29:00,,
BALHAM - HORSHAM,P26640,1141,stop,2026-04-13,12:29:00,,
BALHAM - HORSHAM,P26640,1141,stop,2026-04-20,12:29:00,,
BALHAM - HORSHAM,P26640,1141,stop,2026-04-08,12:29:00,,
BALHAM - HORSHAM,P26640,1141,stop,2026-04-29,12:29:00,,
BALHAM - HORSHAM,P26640,1141,stop,2026-04-21,12:29:00,,
BALHAM - HORSHAM,P26640,1141,stop,2026-04-30,12:29:00,,
BALHAM - HORSHAM,P26641,1141,stop,2026-04-04,12:29:00,,
BALHAM - HORSHAM,P26640,1141,stop,2026-04-22,12:29:00,,
BALHAM - HORSHAM,P26640,1141,stop,2026-04-16,12:29:00,,
BALHAM - HORSHAM,P26640,1141,stop,2026-04-01,12:29:00,,
BALHAM - HORSHAM,P26640,1141,stop,2026-04-02,12:29:00,,
BALHAM - HORSHAM,P26640,1141,stop,2026-04-09,12:29:00,,
EARLSFIELD - DORKING,P61027,1202,stop,2026-04-26,12:29:00,,
BALHAM - HORSHAM,P26640,1141,stop,2026-04-15,12:29:00,,
BALHAM - HORSHAM,X96485,1141,stop,2026-04-03,12:29:00,,
BALHAM - HORSHAM,P26640,1141,stop,2026-04-03,12:29:00,,
BALHAM - HORSHAM,P26640,1141,stop,2026-04-14,12:29:00,,
BALHAM - HORSHAM,P26640,1141,stop,2026-04-07,12:29:00,,
BALHAM - HORSHAM,P26640,1141,stop,2026-04-28,12:29:00,,
BALHAM - HORSHAM,P26641,1141,stop,2026-04-25,12:29:00,,
BALHAM - HORSHAM,P26640,1141,stop,2026-04-23,12:29:00,,
BALHAM - HORSHAM,P26640,1141,stop,2026-04-17,12:29:00,,
BALHAM - HORSHAM,X00937,1141,stop,2026-04-06,12:29:00,,
BALHAM - HORSHAM,P26640,1141,stop,2026-04-06,12:29:00,,
BALHAM - DORKING (6),P26642,1138,stop,2026-04-05,12:30:00,,
DORKING - EARLSFIELD,P61034,1232,stop,2026-04-23,12:32:00,,
DORKING - EARLSFIELD,P61034,1232,stop,2026-04-22,12:32:00,,
DORKING - EARLSFIELD,P61034,1232,stop,2026-04-21,12:32:00,,
WORCESTER PARK - EARLSFIELD,P61030,1232,stop,2026-04-12,12:32:00,,
DORKING - EARLSFIELD,P61034,1232,stop,2026-04-06,12:32:00,,
DORKING - EARLSFIELD,P61034,1232,stop,2026-04-01,12:32:00,,
HORSHAM - MITCHAM EASTFIELDS,P26656,1220,stop,2026-04-18,12:31:00,,
DORKING - EARLSFIELD,P61034,1232,stop,2026-04-08,12:32:00,,
DORKING - EARLSFIELD,P61035,1232,stop,2026-04-04,12:32:00,,
DORKING - EARLSFIELD,P61034,1232,stop,2026-04-27,12:32:00,,
DORKING - EARLSFIELD,P61035,1232,stop,2026-04-25,12:32:00,,
DORKING - EARLSFIELD,P61034,1232,stop,2026-04-24,12:32:00,,
DORKING - EARLSFIELD,Q50468,1232,stop,2026-04-06,12:32:00,,
DORKING - EARLSFIELD,P61034,1232,stop,2026-04-03,12:32:00,,
DORKING - EARLSFIELD,P61034,1232,stop,2026-04-13,12:32:00,,
DORKING - EARLSFIELD,P61034,1232,stop,2026-04-14,12:32:00,,
DORKING - EARLSFIELD,P61034,1232,stop,2026-04-15,12:32:00,,
DORKING - EARLSFIELD,P61034,1232,stop,2026-04-09,12:32:00,,
SUTTON (SURREY) - DORKING,X04927,1155,stop,2026-04-12,12:32:00,,
DORKING - EARLSFIELD,Q38663,1232,stop,2026-04-03,12:32:00,,
DORKING - EARLSFIELD,P61034,1232,stop,2026-04-10,12:32:00,,
DORKING - EARLSFIELD,P61035,1232,stop,2026-04-11,12:32:00,,
DORKING - EARLSFIELD,P61034,1232,stop,2026-04-02,12:32:00,,
DORKING - EARLSFIELD,P61034,1232,stop,2026-04-07,12:32:00,,
DORKING - EARLSFIELD,P61034,1232,stop,2026-04-17,12:32:00,,
DORKING - EARLSFIELD,P61035,1232,stop,2026-04-18,12:32:00,,
DORKING - EARLSFIELD,P61034,1232,stop,2026-04-20,12:32:00,,
DORKING - EARLSFIELD,P61034,1232,stop,2026-04-30,12:32:00,,
DORKING - EARLSFIELD,P61034,1232,stop,2026-04-29,12:32:00,,
DORKING - EARLSFIELD,P61034,1232,stop,2026-04-28,12:32:00,,
DORKING - SUTTON (SURREY),X04888,1233,stop,2026-04-12,12:33:00,,
DORKING - EARLSFIELD,P61034,1232,stop,2026-04-16,12:32:00,,
CHESSINGTON SOUTH - RAYNES PARK,L75885,2342,stop,2026-04-09,23:49:00,,
DORKING - WEST CROYDON,P46063,2337,stop,2026-04-18,23:49:00,,
CHESSINGTON SOUTH - RAYNES PARK,L75885,2342,stop,2026-04-08,23:49:00,,
DORKING - WEST CROYDON,P46063,2337,stop,2026-04-11,23:49:00,,
CHESSINGTON SOUTH - RAYNES PARK,L75885,2342,stop,2026-04-20,23:49:00,,
CHESSINGTON SOUTH - RAYNES PARK,L75885,2342,stop,2026-04-21,23:49:00,,
CHESSINGTON SOUTH - RAYNES PARK,L75885,2342,stop,2026-04-22,23:49:00,,
CHESSINGTON SOUTH - RAYNES PARK,L75885,2342,stop,2026-04-23,23:49:00,,
CHESSINGTON SOUTH - RAYNES PARK,L75885,2342,stop,2026-04-24,23:49:00,,
CHESSINGTON SOUTH - RAYNES PARK,L75885,2342,stop,2026-04-30,23:49:00,,
CHESSINGTON SOUTH - RAYNES PARK,L75885,2342,stop,2026-04-29,23:49:00,,
WORCESTER PARK - EFFINGHAM JUNCTION,Q54808,1235,stop,2026-04-12,12:35:00,,
EFFINGHAM JUNCTION - WORCESTER PARK,Q54772,1215,stop,2026-04-12,12:35:00,,
CHESSINGTON SOUTH - EARLSFIELD,L75763,1234,stop,2026-04-08,12:39:00,,
CHESSINGTON SOUTH - EARLSFIELD,L75763,1234,stop,2026-04-24,12:39:00,,
CHESSINGTON SOUTH - EARLSFIELD,L75763,1234,stop,2026-04-13,12:39:00,,
CHESSINGTON SOUTH - EARLSFIELD,L75763,1234,stop,2026-04-22,12:39:00,,
CHESSINGTON SOUTH - EARLSFIELD,L75763,1234,stop,2026-04-14,12:39:00,,
MITCHAM EASTFIELDS - HORSHAM (2),P26641,1150,stop,2026-04-18,12:38:00,,
CHESSINGTON SOUTH - EARLSFIELD,L75764,1234,stop,2026-04-11,12:39:00,,
CHESSINGTON SOUTH - EARLSFIELD,Q50459,1234,stop,2026-04-06,12:39:00,,
CHESSINGTON SOUTH - EARLSFIELD,L75764,1234,stop,2026-04-04,12:39:00,,
CHESSINGTON SOUTH - EARLSFIELD,L75763,1234,stop,2026-04-09,12:39:00,,
CHESSINGTON SOUTH - EARLSFIELD,L75763,1234,stop,2026-04-23,12:39:00,,
CHESSINGTON SOUTH - EARLSFIELD,L75764,1234,stop,2026-04-25,12:39:00,,
CHESSINGTON SOUTH - EARLSFIELD,L75763,1234,stop,2026-04-29,12:39:00,,
CHESSINGTON SOUTH - EARLSFIELD,L75763,1234,stop,2026-04-15,12:39:00,,
CHESSINGTON SOUTH - EARLSFIELD,L75763,1234,stop,2026-04-30,12:39:00,,
CHESSINGTON SOUTH - EARLSFIELD,L75763,1234,stop,2026-04-20,12:39:00,,
CHESSINGTON SOUTH - EARLSFIELD,L75763,1234,stop,2026-04-28,12:39:00,,
CHESSINGTON SOUTH - EARLSFIELD,L75763,1234,stop,2026-04-27,12:39:00,,
CHESSINGTON SOUTH - EARLSFIELD,L75763,1234,stop,2026-04-21,12:39:00,,
CHESSINGTON SOUTH - EARLSFIELD,L75763,1234,stop,2026-04-07,12:39:00,,
CHESSINGTON SOUTH - EARLSFIELD,L75763,1234,stop,2026-04-16,12:39:00,,
CHESSINGTON SOUTH - EARLSFIELD,L75763,1234,stop,2026-04-01,12:39:00,,
CHESSINGTON SOUTH - EARLSFIELD,L75763,1234,stop,2026-04-06,12:39:00,,
CHESSINGTON SOUTH - EARLSFIELD,L75763,1234,stop,2026-04-17,12:39:00,,
CHESSINGTON SOUTH - EARLSFIELD,L75764,1234,stop,2026-04-18,12:39:00,,
CHESSINGTON SOUTH - EARLSFIELD,L75763,1234,stop,2026-04-10,12:39:00,,
CHESSINGTON SOUTH - EARLSFIELD,L75763,1234,stop,2026-04-02,12:39:00,,
CHESSINGTON SOUTH - EARLSFIELD,Q38658,1234,stop,2026-04-03,12:39:00,,
CHESSINGTON SOUTH - EARLSFIELD,L75763,1234,stop,2026-04-03,12:39:00,,
EARLSFIELD - CHESSINGTON SOUTH,Q38675,1217,stop,2026-04-03,12:43:00,,
DORKING - MITCHAM EASTFIELDS,P26657,1242,stop,2026-04-19,12:42:00,,
DORKING - BALHAM (4),P26657,1242,stop,2026-04-12,12:42:00,,
DORKING - BALHAM (4),P26657,1242,stop,2026-04-26,12:42:00,,
EARLSFIELD - CHESSINGTON SOUTH,P62062,1217,stop,2026-04-07,12:43:00,,
EARLSFIELD - CHESSINGTON SOUTH,P62062,1217,stop,2026-04-27,12:43:00,,
EARLSFIELD - CHESSINGTON SOUTH,P62063,1217,stop,2026-04-25,12:43:00,,
EARLSFIELD - CHESSINGTON SOUTH,P62062,1217,stop,2026-04-28,12:43:00,,
EARLSFIELD - CHESSINGTON SOUTH,P62062,1217,stop,2026-04-03,12:43:00,,
EARLSFIELD - DORKING,P61027,1202,stop,2026-04-12,12:43:00,,
EARLSFIELD - CHESSINGTON SOUTH,P62062,1217,stop,2026-04-08,12:43:00,,
EARLSFIELD - CHESSINGTON SOUTH,P62062,1217,stop,2026-04-06,12:43:00,,
EARLSFIELD - CHESSINGTON SOUTH,P62062,1217,stop,2026-04-29,12:43:00,,
EARLSFIELD - CHESSINGTON SOUTH,P62062,1217,stop,2026-04-02,12:43:00,,
EARLSFIELD - CHESSINGTON SOUTH,P62063,1217,stop,2026-04-04,12:43:00,,
EARLSFIELD - CHESSINGTON SOUTH,P62062,1217,stop,2026-04-09,12:43:00,,
EARLSFIELD - CHESSINGTON SOUTH,P62062,1217,stop,2026-04-30,12:43:00,,
EARLSFIELD - CHESSINGTON SOUTH,P62063,1217,stop,2026-04-11,12:43:00,,
EARLSFIELD - CHESSINGTON SOUTH,P62062,1217,stop,2026-04-13,12:43:00,,
EARLSFIELD - CHESSINGTON SOUTH,Q50500,1217,stop,2026-04-06,12:43:00,,
EARLSFIELD - CHESSINGTON SOUTH,P62062,1217,stop,2026-04-21,12:43:00,,
EARLSFIELD - CHESSINGTON SOUTH,P62062,1217,stop,2026-04-20,12:43:00,,
EARLSFIELD - CHESSINGTON SOUTH,P62062,1217,stop,2026-04-10,12:43:00,,
EARLSFIELD - CHESSINGTON SOUTH,P62062,1217,stop,2026-04-24,12:43:00,,
EARLSFIELD - CHESSINGTON SOUTH,P62062,1217,stop,2026-04-15,12:43:00,,
EARLSFIELD - CHESSINGTON SOUTH,P62062,1217,stop,2026-04-16,12:43:00,,
EARLSFIELD - CHESSINGTON SOUTH,P62062,1217,stop,2026-04-14,12:43:00,,
EARLSFIELD - CHESSINGTON SOUTH,P62062,1217,stop,2026-04-01,12:43:00,,
EARLSFIELD - CHESSINGTON SOUTH,P62062,1217,stop,2026-04-23,12:43:00,,
EARLSFIELD - CHESSINGTON SOUTH,P62063,1217,stop,2026-04-18,12:43:00,,
EARLSFIELD - CHESSINGTON SOUTH,P62062,1217,stop,2026-04-22,12:43:00,,
GUILDFORD - EARLSFIELD,L74254,1220,stop,2026-04-19,12:45:00,,
GUILDFORD - EARLSFIELD,L74254,1220,stop,2026-04-26,12:45:00,,
GUILDFORD - EARLSFIELD,L74254,1220,stop,2026-04-12,12:45:00,,
GUILDFORD - EARLSFIELD,L74254,1220,stop,2026-04-05,12:45:00,,
CHESSINGTON SOUTH - EARLSFIELD,L75765,1239,stop,2026-04-12,12:44:00,,
CHESSINGTON SOUTH - EARLSFIELD,L75765,1239,stop,2026-04-05,12:44:00,,
CHESSINGTON SOUTH - EARLSFIELD,L75765,1239,stop,2026-04-19,12:44:00,,
CHESSINGTON SOUTH - EARLSFIELD,L75765,1239,stop,2026-04-26,12:44:00,,
EARLSFIELD - CHESSINGTON SOUTH,P62062,1217,stop,2026-04-17,12:43:00,,
DORKING - BALHAM (5),P26657,1246,stop,2026-04-05,12:46:00,,
EARLSFIELD - CHESSINGTON SOUTH,P62064,1221,stop,2026-04-26,12:47:00,,
EARLSFIELD - DORKING,P61025,1223,stop,2026-04-13,12:48:00,,
EARLSFIELD - CHESSINGTON SOUTH,P62064,1221,stop,2026-04-12,12:48:00,,
EARLSFIELD - DORKING,P61025,1223,stop,2026-04-14,12:48:00,,
EARLSFIELD - DORKING,P61025,1223,stop,2026-04-07,12:48:00,,
EARLSFIELD - DORKING,P61025,1223,stop,2026-04-30,12:48:00,,
EARLSFIELD - DORKING,P61025,1223,stop,2026-04-15,12:48:00,,
EARLSFIELD - DORKING,P61025,1223,stop,2026-04-16,12:48:00,,
EARLSFIELD - DORKING,P61025,1223,stop,2026-04-02,12:48:00,,
EARLSFIELD - CHESSINGTON SOUTH,P62064,1221,stop,2026-04-19,12:48:00,,
EARLSFIELD - DORKING,P61026,1223,stop,2026-04-25,12:48:00,,
EARLSFIELD - DORKING,P61025,1223,stop,2026-04-17,12:48:00,,
EARLSFIELD - DORKING,P61026,1223,stop,2026-04-04,12:48:00,,
EARLSFIELD - DORKING,P61025,1223,stop,2026-04-22,12:48:00,,
EARLSFIELD - DORKING,P61025,1223,stop,2026-04-24,12:48:00,,
EARLSFIELD - DORKING,P61025,1223,stop,2026-04-28,12:48:00,,
EARLSFIELD - DORKING,P61025,1223,stop,2026-04-03,12:48:00,,
EARLSFIELD - DORKING,P61025,1223,stop,2026-04-09,12:48:00,,
EARLSFIELD - DORKING,Q38672,1223,stop,2026-04-03,12:48:00,,
EARLSFIELD - DORKING,P61025,1223,stop,2026-04-23,12:48:00,,
EARLSFIELD - DORKING,P61025,1223,stop,2026-04-20,12:48:00,,
EARLSFIELD - DORKING,P61025,1223,stop,2026-04-06,12:48:00,,
EARLSFIELD - DORKING,P61025,1223,stop,2026-04-01,12:48:00,,
EARLSFIELD - DORKING,P61026,1223,stop,2026-04-11,12:48:00,,
EARLSFIELD - DORKING,P61026,1223,stop,2026-04-18,12:48:00,,
EARLSFIELD - DORKING,P61025,1223,stop,2026-04-27,12:48:00,,
EARLSFIELD - CHESSINGTON SOUTH,P62064,1224,stop,2026-04-05,12:50:00,,
DORKING - WORCESTER PARK,Q54844,1250,stop,2026-04-12,12:50:00,,
EARLSFIELD - DORKING,P61025,1223,stop,2026-04-21,12:48:00,,
EARLSFIELD - DORKING,P61025,1223,stop,2026-04-10,12:48:00,,
EARLSFIELD - DORKING,P61025,1223,stop,2026-04-29,12:48:00,,
EARLSFIELD - DORKING,Q50491,1223,stop,2026-04-06,12:48:00,,
EARLSFIELD - DORKING,P61025,1223,stop,2026-04-08,12:48:00,,
BALHAM - DORKING (3),P26648,1208,stop,2026-04-12,12:56:00,,
MITCHAM EASTFIELDS - DORKING,P26648,1208,stop,2026-04-19,12:56:00,,
BALHAM - DORKING,P26646,1211,stop,2026-04-01,12:57:00,,
BALHAM - DORKING,P26646,1211,stop,2026-04-28,12:57:00,,
BALHAM - DORKING,P26647,1211,stop,2026-04-04,12:57:00,,
BALHAM - DORKING,X00939,1211,stop,2026-04-06,12:57:00,,
BALHAM - DORKING,P26646,1211,stop,2026-04-23,12:57:00,,
BALHAM - DORKING,P26647,1211,stop,2026-04-25,12:57:00,,
BALHAM - DORKING,P26646,1211,stop,2026-04-29,12:57:00,,
BALHAM - DORKING,P26646,1211,stop,2026-04-14,12:57:00,,
BALHAM - DORKING,P26646,1211,stop,2026-04-09,12:57:00,,
BALHAM - DORKING,P26646,1211,stop,2026-04-21,12:57:00,,
BALHAM - DORKING,P26646,1211,stop,2026-04-02,12:57:00,,
EARLSFIELD - GUILDFORD (2),P61599,1232,stop,2026-04-05,12:57:00,,
BALHAM - DORKING,P26646,1211,stop,2026-04-15,12:57:00,,
BALHAM - DORKING,P26646,1211,stop,2026-04-07,12:57:00,,
BALHAM - DORKING (3),P26648,1208,stop,2026-04-26,12:56:00,,
BALHAM - DORKING,P26646,1211,stop,2026-04-16,12:57:00,,
BALHAM - DORKING,P26646,1211,stop,2026-04-20,12:57:00,,
BALHAM - DORKING,P26646,1211,stop,2026-04-30,12:57:00,,
BALHAM - DORKING,P26646,1211,stop,2026-04-10,12:57:00,,
BALHAM - DORKING,P26646,1211,stop,2026-04-27,12:57:00,,
BALHAM - DORKING,P26646,1211,stop,2026-04-08,12:57:00,,
BALHAM - DORKING,X96445,1211,stop,2026-04-03,12:57:00,,
BALHAM - DORKING,P26646,1211,stop,2026-04-17,12:57:00,,
BALHAM - DORKING,P26646,1211,stop,2026-04-22,12:57:00,,
BALHAM - DORKING,P26646,1211,stop,2026-04-24,12:57:00,,
BALHAM - DORKING,P26646,1211,stop,2026-04-06,12:57:00,,
BALHAM - DORKING,P26646,1211,stop,2026-04-03,12:57:00,,
BALHAM - DORKING,P26647,1211,stop,2026-04-11,12:57:00,,
BALHAM - DORKING,P26646,1211,stop,2026-04-13,12:57:00,,
EARLSFIELD - GUILDFORD (2),P61599,1232,stop,2026-04-26,12:58:00,,
EARLSFIELD - GUILDFORD (2),P61599,1232,stop,2026-04-19,12:58:00,,
BALHAM - DORKING (6),P26648,1208,stop,2026-04-05,13:00:00,,
DORKING - SUTTON (SURREY),X04887,1303,stop,2026-04-12,13:03:00,,
SUTTON (SURREY) - DORKING,X04926,1225,stop,2026-04-12,13:02:00,,
WORCESTER PARK - EARLSFIELD,L74254,1302,stop,2026-04-12,13:02:00,,
WORCESTER PARK - DORKING,Q54896,1305,stop,2026-04-12,13:05:00,,
CHESSINGTON SOUTH - EARLSFIELD,L75769,1304,stop,2026-04-02,13:09:00,,
CHESSINGTON SOUTH - EARLSFIELD,L75770,1304,stop,2026-04-18,13:09:00,,
CHESSINGTON SOUTH - EARLSFIELD,L75769,1304,stop,2026-04-09,13:09:00,,
CHESSINGTON SOUTH - EARLSFIELD,L75769,1304,stop,2026-04-03,13:09:00,,
CHESSINGTON SOUTH - EARLSFIELD,Q88756,1304,stop,2026-04-03,13:09:00,,
CHESSINGTON SOUTH - EARLSFIELD,L75770,1304,stop,2026-04-25,13:09:00,,
DORKING - EARLSFIELD,P61036,1307,stop,2026-04-26,13:07:00,,
DORKING - EARLSFIELD,P61036,1307,stop,2026-04-12,13:07:00,,
DORKING - EARLSFIELD,P61036,1307,stop,2026-04-19,13:07:00,,
DORKING - EARLSFIELD,P61036,1307,stop,2026-04-05,13:07:00,,
CHESSINGTON SOUTH - EARLSFIELD,L75769,1304,stop,2026-04-14,13:09:00,,
CHESSINGTON SOUTH - EARLSFIELD,L75769,1304,stop,2026-04-16,13:09:00,,
CHESSINGTON SOUTH - EARLSFIELD,L75769,1304,stop,2026-04-29,13:09:00,,
CHESSINGTON SOUTH - EARLSFIELD,L75769,1304,stop,2026-04-10,13:09:00,,
CHESSINGTON SOUTH - EARLSFIELD,L75769,1304,stop,2026-04-07,13:09:00,,
CHESSINGTON SOUTH - EARLSFIELD,L75769,1304,stop,2026-04-27,13:09:00,,
CHESSINGTON SOUTH - EARLSFIELD,L75770,1304,stop,2026-04-11,13:09:00,,
CHESSINGTON SOUTH - EARLSFIELD,L75769,1304,stop,2026-04-06,13:09:00,,
CHESSINGTON SOUTH - EARLSFIELD,L75769,1304,stop,2026-04-30,13:09:00,,
CHESSINGTON SOUTH - EARLSFIELD,Q50394,1304,stop,2026-04-06,13:09:00,,
CHESSINGTON SOUTH - EARLSFIELD,L75769,1304,stop,2026-04-01,13:09:00,,
CHESSINGTON SOUTH - EARLSFIELD,L75769,1304,stop,2026-04-20,13:09:00,,
CHESSINGTON SOUTH - EARLSFIELD,L75770,1304,stop,2026-04-04,13:09:00,,
CHESSINGTON SOUTH - EARLSFIELD,L75769,1304,stop,2026-04-21,13:09:00,,
CHESSINGTON SOUTH - EARLSFIELD,L75769,1304,stop,2026-04-23,13:09:00,,
CHESSINGTON SOUTH - EARLSFIELD,L75769,1304,stop,2026-04-22,13:09:00,,
GUILDFORD - EARLSFIELD,L74258,1245,stop,2026-04-10,13:10:00,,
GUILDFORD - EARLSFIELD,L74258,1245,stop,2026-04-16,13:10:00,,
GUILDFORD - EARLSFIELD,L74258,1245,stop,2026-04-21,13:10:00,,
GUILDFORD - EARLSFIELD,L74258,1245,stop,2026-04-27,13:10:00,,
GUILDFORD - EARLSFIELD,Q50439,1245,stop,2026-04-06,13:10:00,,
GUILDFORD - EARLSFIELD,L74258,1245,stop,2026-04-06,13:10:00,,
GUILDFORD - EARLSFIELD,L74258,1245,stop,2026-04-20,13:10:00,,
GUILDFORD - EARLSFIELD,L74258,1245,stop,2026-04-01,13:10:00,,
GUILDFORD - EARLSFIELD,L74259,1245,stop,2026-04-04,13:10:00,,
CHESSINGTON SOUTH - EARLSFIELD,L75769,1304,stop,2026-04-24,13:09:00,,
CHESSINGTON SOUTH - EARLSFIELD,L75769,1304,stop,2026-04-28,13:09:00,,
CHESSINGTON SOUTH - EARLSFIELD,L75769,1304,stop,2026-04-17,13:09:00,,
CHESSINGTON SOUTH - EARLSFIELD,L75769,1304,stop,2026-04-13,13:09:00,,
CHESSINGTON SOUTH - EARLSFIELD,L75769,1304,stop,2026-04-08,13:09:00,,
CHESSINGTON SOUTH - EARLSFIELD,L75769,1304,stop,2026-04-15,13:09:00,,
GUILDFORD - EARLSFIELD,L74258,1245,stop,2026-04-09,13:10:00,,
GUILDFORD - EARLSFIELD,L74258,1245,stop,2026-04-15,13:10:00,,
GUILDFORD - EARLSFIELD,L74258,1245,stop,2026-04-08,13:10:00,,
GUILDFORD - EARLSFIELD,L74258,1245,stop,2026-04-29,13:10:00,,
GUILDFORD - EARLSFIELD,L74258,1245,stop,2026-04-03,13:10:00,,
GUILDFORD - EARLSFIELD,Q88880,1245,stop,2026-04-03,13:10:00,,
GUILDFORD - EARLSFIELD,L74258,1245,stop,2026-04-24,13:10:00,,
GUILDFORD - EARLSFIELD,L74258,1245,stop,2026-04-02,13:10:00,,
GUILDFORD - EARLSFIELD,L74259,1245,stop,2026-04-11,13:10:00,,
GUILDFORD - EARLSFIELD,L74259,1245,stop,2026-04-25,13:10:00,,
GUILDFORD - EARLSFIELD,L74258,1245,stop,2026-04-23,13:10:00,,
GUILDFORD - EARLSFIELD,L74258,1245,stop,2026-04-22,13:10:00,,
GUILDFORD - EARLSFIELD,L74258,1245,stop,2026-04-28,13:10:00,,
GUILDFORD - EARLSFIELD,L74258,1245,stop,2026-04-13,13:10:00,,
GUILDFORD - EARLSFIELD,L74258,1245,stop,2026-04-17,13:10:00,,
GUILDFORD - EARLSFIELD,L74258,1245,stop,2026-04-07,13:10:00,,
GUILDFORD - EARLSFIELD,L74258,1245,stop,2026-04-14,13:10:00,,
GUILDFORD - EARLSFIELD,L74258,1245,stop,2026-04-30,13:10:00,,
GUILDFORD - EARLSFIELD,L74259,1245,stop,2026-04-18,13:10:00,,
MITCHAM EASTFIELDS - DORKING (2),P26647,1220,stop,2026-04-18,13:10:00,,
EARLSFIELD - CHESSINGTON SOUTH,Q50435,1247,stop,2026-04-06,13:13:00,,
EARLSFIELD - CHESSINGTON SOUTH,P62065,1247,stop,2026-04-15,13:13:00,,
EARLSFIELD - CHESSINGTON SOUTH,P62065,1247,stop,2026-04-20,13:13:00,,
EARLSFIELD - CHESSINGTON SOUTH,P62066,1247,stop,2026-04-25,13:13:00,,
DORKING - BALHAM (4),P26663,1312,stop,2026-04-26,13:12:00,,
DORKING - MITCHAM EASTFIELDS,P26663,1312,stop,2026-04-19,13:12:00,,
DORKING - BALHAM (4),P26663,1312,stop,2026-04-12,13:12:00,,
EARLSFIELD - GUILDFORD (2),P61599,1232,stop,2026-04-12,13:12:00,,
EARLSFIELD - CHESSINGTON SOUTH,P62066,1247,stop,2026-04-18,13:13:00,,
EARLSFIELD - CHESSINGTON SOUTH,P62066,1247,stop,2026-04-11,13:13:00,,
EARLSFIELD - CHESSINGTON SOUTH,P62065,1247,stop,2026-04-02,13:13:00,,
EARLSFIELD - CHESSINGTON SOUTH,P62065,1247,stop,2026-04-09,13:13:00,,
EARLSFIELD - CHESSINGTON SOUTH,P62065,1247,stop,2026-04-24,13:13:00,,
EARLSFIELD - CHESSINGTON SOUTH,P62065,1247,stop,2026-04-29,13:13:00,,
EARLSFIELD - CHESSINGTON SOUTH,Q38652,1247,stop,2026-04-03,13:13:00,,
EARLSFIELD - CHESSINGTON SOUTH,P62065,1247,stop,2026-04-30,13:13:00,,
EARLSFIELD - CHESSINGTON SOUTH,P62065,1247,stop,2026-04-28,13:13:00,,
EARLSFIELD - CHESSINGTON SOUTH,P62065,1247,stop,2026-04-17,13:13:00,,
EARLSFIELD - CHESSINGTON SOUTH,P62066,1247,stop,2026-04-04,13:13:00,,
EARLSFIELD - CHESSINGTON SOUTH,P62065,1247,stop,2026-04-07,13:13:00,,
EARLSFIELD - CHESSINGTON SOUTH,P62065,1247,stop,2026-04-27,13:13:00,,
EARLSFIELD - CHESSINGTON SOUTH,P62065,1247,stop,2026-04-13,13:13:00,,
EARLSFIELD - CHESSINGTON SOUTH,P62065,1247,stop,2026-04-10,13:13:00,,
EARLSFIELD - CHESSINGTON SOUTH,P62065,1247,stop,2026-04-06,13:13:00,,
EARLSFIELD - CHESSINGTON SOUTH,P62065,1247,stop,2026-04-03,13:13:00,,
CHESSINGTON SOUTH - EARLSFIELD,L75771,1309,stop,2026-04-19,13:14:00,,
EARLSFIELD - CHESSINGTON SOUTH,P62065,1247,stop,2026-04-22,13:13:00,,
EARLSFIELD - CHESSINGTON SOUTH,P62065,1247,stop,2026-04-08,13:13:00,,
EARLSFIELD - CHESSINGTON SOUTH,P62065,1247,stop,2026-04-01,13:13:00,,
EARLSFIELD - CHESSINGTON SOUTH,P62065,1247,stop,2026-04-14,13:13:00,,
EARLSFIELD - CHESSINGTON SOUTH,P62065,1247,stop,2026-04-16,13:13:00,,
EARLSFIELD - CHESSINGTON SOUTH,P62065,1247,stop,2026-04-21,13:13:00,,
EARLSFIELD - CHESSINGTON SOUTH,P62065,1247,stop,2026-04-23,13:13:00,,
CHESSINGTON SOUTH - EARLSFIELD,L75771,1309,stop,2026-04-26,13:14:00,,
CHESSINGTON SOUTH - EARLSFIELD,L75771,1309,stop,2026-04-12,13:14:00,,
CHESSINGTON SOUTH - EARLSFIELD,L75771,1309,stop,2026-04-05,13:14:00,,
DORKING - BALHAM (5),P26663,1316,stop,2026-04-05,13:16:00,,
DORKING - BALHAM (3),P26661,1317,stop,2026-04-16,13:17:00,,
DORKING - BALHAM (3),P26661,1317,stop,2026-04-17,13:17:00,,
DORKING - BALHAM (3),P26662,1317,stop,2026-04-25,13:17:00,,
DORKING - BALHAM (3),P26661,1317,stop,2026-04-09,13:17:00,,
DORKING - BALHAM (3),P26661,1317,stop,2026-04-01,13:17:00,,
DORKING - BALHAM (3),P26661,1317,stop,2026-04-24,13:17:00,,
DORKING - BALHAM (3),P26661,1317,stop,2026-04-14,13:17:00,,
DORKING - BALHAM (3),P26661,1317,stop,2026-04-02,13:17:00,,
DORKING - BALHAM (3),P26662,1317,stop,2026-04-04,13:17:00,,
DORKING - BALHAM (3),P26661,1317,stop,2026-04-13,13:17:00,,
EARLSFIELD - CHESSINGTON SOUTH,P62067,1251,stop,2026-04-19,13:17:00,,
EARLSFIELD - CHESSINGTON SOUTH,P62067,1251,stop,2026-04-12,13:17:00,,
DORKING - BALHAM (3),P26661,1317,stop,2026-04-29,13:17:00,,
DORKING - BALHAM (3),P26661,1317,stop,2026-04-23,13:17:00,,
EARLSFIELD - CHESSINGTON SOUTH,P62067,1251,stop,2026-04-05,13:17:00,,
DORKING - BALHAM (3),P26661,1317,stop,2026-04-03,13:17:00,,
DORKING - BALHAM (3),X96356,1317,stop,2026-04-03,13:17:00,,
DORKING - BALHAM (3),P26661,1317,stop,2026-04-22,13:17:00,,
DORKING - BALHAM (3),P26661,1317,stop,2026-04-15,13:17:00,,
DORKING - BALHAM (3),P26661,1317,stop,2026-04-27,13:17:00,,
DORKING - BALHAM (3),P26661,1317,stop,2026-04-30,13:17:00,,
DORKING - BALHAM (3),P26661,1317,stop,2026-04-20,13:17:00,,
DORKING - BALHAM (3),P26661,1317,stop,2026-04-08,13:17:00,,
DORKING - BALHAM (3),X00944,1317,stop,2026-04-06,13:17:00,,
DORKING - BALHAM (3),P26661,1317,stop,2026-04-07,13:17:00,,
DORKING - BALHAM (3),P26662,1317,stop,2026-04-11,13:17:00,,
DORKING - BALHAM (3),P26661,1317,stop,2026-04-10,13:17:00,,
DORKING - BALHAM (3),P26661,1317,stop,2026-04-28,13:17:00,,
DORKING - BALHAM (3),P26661,1317,stop,2026-04-06,13:17:00,,
DORKING - MITCHAM EASTFIELDS (2),P26662,1317,stop,2026-04-18,13:17:00,,
EARLSFIELD - GUILDFORD (2),P61597,1253,stop,2026-04-10,13:18:00,,
EARLSFIELD - GUILDFORD (2),Q38647,1253,stop,2026-04-03,13:18:00,,
EARLSFIELD - GUILDFORD (2),Q50421,1253,stop,2026-04-06,13:18:00,,
EARLSFIELD - GUILDFORD (2),P61597,1253,stop,2026-04-28,13:18:00,,
EARLSFIELD - GUILDFORD (2),P61597,1253,stop,2026-04-08,13:18:00,,
EARLSFIELD - GUILDFORD (2),P61597,1253,stop,2026-04-24,13:18:00,,
EARLSFIELD - GUILDFORD (2),P61597,1253,stop,2026-04-23,13:18:00,,
EARLSFIELD - GUILDFORD (2),P61597,1253,stop,2026-04-02,13:18:00,,
EARLSFIELD - GUILDFORD (2),P61598,1253,stop,2026-04-25,13:18:00,,
EARLSFIELD - GUILDFORD (2),P61597,1253,stop,2026-04-15,13:18:00,,
EARLSFIELD - GUILDFORD (2),P61597,1253,stop,2026-04-16,13:18:00,,
EARLSFIELD - GUILDFORD (2),P61597,1253,stop,2026-04-09,13:18:00,,
EARLSFIELD - GUILDFORD (2),P61598,1253,stop,2026-04-18,13:18:00,,
DORKING - BALHAM (3),P26661,1317,stop,2026-04-21,13:17:00,,
EARLSFIELD - CHESSINGTON SOUTH,P62067,1251,stop,2026-04-26,13:17:00,,
EARLSFIELD - GUILDFORD (2),P61597,1253,stop,2026-04-01,13:18:00,,
EARLSFIELD - GUILDFORD (2),P61597,1253,stop,2026-04-22,13:18:00,,
EARLSFIELD - GUILDFORD (2),P61598,1253,stop,2026-04-11,13:18:00,,
EARLSFIELD - GUILDFORD (2),P61597,1253,stop,2026-04-29,13:18:00,,
EARLSFIELD - GUILDFORD (2),P61597,1253,stop,2026-04-07,13:18:00,,
EARLSFIELD - GUILDFORD (2),P61597,1253,stop,2026-04-17,13:18:00,,
EARLSFIELD - GUILDFORD (2),P61597,1253,stop,2026-04-13,13:18:00,,
EARLSFIELD - GUILDFORD (2),P61597,1253,stop,2026-04-27,13:18:00,,
EARLSFIELD - GUILDFORD (2),P61597,1253,stop,2026-04-20,13:18:00,,
EARLSFIELD - GUILDFORD (2),P61597,1253,stop,2026-04-14,13:18:00,,
EARLSFIELD - GUILDFORD (2),P61597,1253,stop,2026-04-03,13:18:00,,
EARLSFIELD - GUILDFORD (2),P61597,1253,stop,2026-04-21,13:18:00,,
EARLSFIELD - GUILDFORD (2),P61597,1253,stop,2026-04-06,13:18:00,,
EARLSFIELD - GUILDFORD (2),P61598,1253,stop,2026-04-04,13:18:00,,
EARLSFIELD - GUILDFORD (2),P61597,1253,stop,2026-04-30,13:18:00,,
HORSHAM - BALHAM,P26668,1314,stop,2026-04-04,13:26:00,,
MITCHAM EASTFIELDS - DORKING,P26654,1238,stop,2026-04-19,13:26:00,,
HORSHAM - BALHAM,P26668,1314,stop,2026-04-25,13:26:00,,
BALHAM - DORKING (3),P26654,1238,stop,2026-04-26,13:26:00,,
EARLSFIELD - DORKING,P61033,1302,stop,2026-04-05,13:27:00,,
EARLSFIELD - DORKING,P61033,1302,stop,2026-04-19,13:27:00,,
EARLSFIELD - DORKING,P61033,1302,stop,2026-04-26,13:27:00,,
HORSHAM - BALHAM,X96361,1314,stop,2026-04-03,13:26:00,,
HORSHAM - BALHAM,P26668,1314,stop,2026-04-11,13:26:00,,
HORSHAM - BALHAM,X00946,1314,stop,2026-04-06,13:26:00,,
BALHAM - DORKING (3),P26654,1238,stop,2026-04-12,13:26:00,,
BALHAM - HORSHAM,P26652,1241,stop,2026-04-21,13:29:00,,
BALHAM - HORSHAM,P26652,1241,stop,2026-04-30,13:29:00,,
BALHAM - HORSHAM,P26652,1241,stop,2026-04-03,13:29:00,,
BALHAM - HORSHAM,P26652,1241,stop,2026-04-20,13:29:00,,
BALHAM - HORSHAM,P26652,1241,stop,2026-04-28,13:29:00,,
BALHAM - HORSHAM,X00941,1241,stop,2026-04-06,13:29:00,,
BALHAM - HORSHAM,P26652,1241,stop,2026-04-15,13:29:00,,
BALHAM - HORSHAM,P26652,1241,stop,2026-04-23,13:29:00,,
BALHAM - HORSHAM,P26652,1241,stop,2026-04-24,13:29:00,,
BALHAM - HORSHAM,P26652,1241,stop,2026-04-02,13:29:00,,
BALHAM - HORSHAM,P26652,1241,stop,2026-04-27,13:29:00,,
BALHAM - HORSHAM,P26652,1241,stop,2026-04-06,13:29:00,,
BALHAM - HORSHAM,P26652,1241,stop,2026-04-09,13:29:00,,
BALHAM - HORSHAM,P26653,1241,stop,2026-04-04,13:29:00,,
BALHAM - HORSHAM,P26652,1241,stop,2026-04-08,13:29:00,,
HORSHAM - BALHAM,P26667,1317,stop,2026-04-17,13:30:00,,
BALHAM - HORSHAM,P26652,1241,stop,2026-04-29,13:29:00,,
BALHAM - HORSHAM,P26653,1241,stop,2026-04-25,13:29:00,,
BALHAM - HORSHAM,P26652,1241,stop,2026-04-01,13:29:00,,
BALHAM - HORSHAM,X96405,1241,stop,2026-04-03,13:29:00,,
BALHAM - HORSHAM,P26652,1241,stop,2026-04-13,13:29:00,,
BALHAM - HORSHAM,P26652,1241,stop,2026-04-07,13:29:00,,
BALHAM - HORSHAM,P26652,1241,stop,2026-04-16,13:29:00,,
BALHAM - HORSHAM,P26653,1241,stop,2026-04-11,13:29:00,,
BALHAM - HORSHAM,P26652,1241,stop,2026-04-17,13:29:00,,
BALHAM - HORSHAM,P26652,1241,stop,2026-04-22,13:29:00,,
BALHAM - HORSHAM,P26652,1241,stop,2026-04-10,13:29:00,,
BALHAM - HORSHAM,P26652,1241,stop,2026-04-14,13:29:00,,
HORSHAM - BALHAM,P26667,1317,stop,2026-04-06,13:30:00,,
HORSHAM - BALHAM,P26667,1317,stop,2026-04-03,13:30:00,,
HORSHAM - BALHAM,P26667,1317,stop,2026-04-27,13:30:00,,
HORSHAM - BALHAM,P26667,1317,stop,2026-04-08,13:30:00,,
HORSHAM - BALHAM,P26667,1317,stop,2026-04-13,13:30:00,,
HORSHAM - BALHAM,P26667,1317,stop,2026-04-02,13:30:00,,
HORSHAM - BALHAM,P26667,1317,stop,2026-04-21,13:30:00,,
BALHAM - DORKING (6),P26654,1238,stop,2026-04-05,13:30:00,,
HORSHAM - BALHAM,P26667,1317,stop,2026-04-16,13:30:00,,
HORSHAM - BALHAM,P26667,1317,stop,2026-04-28,13:30:00,,
HORSHAM - BALHAM,P26667,1317,stop,2026-04-24,13:30:00,,
HORSHAM - BALHAM,P26667,1317,stop,2026-04-29,13:30:00,,
DORKING - EARLSFIELD,P61040,1332,stop,2026-04-06,13:32:00,,
HORSHAM - MITCHAM EASTFIELDS,P26668,1320,stop,2026-04-18,13:31:00,,
HORSHAM - BALHAM,P26667,1317,stop,2026-04-23,13:30:00,,
HORSHAM - BALHAM,P26667,1317,stop,2026-04-14,13:30:00,,
HORSHAM - BALHAM,P26667,1317,stop,2026-04-01,13:30:00,,
HORSHAM - BALHAM,P26667,1317,stop,2026-04-22,13:30:00,,
HORSHAM - BALHAM,P26667,1317,stop,2026-04-09,13:30:00,,
HORSHAM - BALHAM,P26667,1317,stop,2026-04-15,13:30:00,,
HORSHAM - BALHAM,P26667,1317,stop,2026-04-30,13:30:00,,
HORSHAM - BALHAM,P26667,1317,stop,2026-04-10,13:30:00,,
HORSHAM - BALHAM,P26667,1317,stop,2026-04-20,13:30:00,,
HORSHAM - BALHAM,P26667,1317,stop,2026-04-07,13:30:00,,
DORKING - EARLSFIELD,P61040,1332,stop,2026-04-10,13:32:00,,
DORKING - EARLSFIELD,P61041,1332,stop,2026-04-18,13:32:00,,
DORKING - EARLSFIELD,P61041,1332,stop,2026-04-11,13:32:00,,
DORKING - EARLSFIELD,Q50344,1332,stop,2026-04-06,13:32:00,,
DORKING - EARLSFIELD,P61040,1332,stop,2026-04-13,13:32:00,,
DORKING - EARLSFIELD,P61040,1332,stop,2026-04-20,13:32:00,,
DORKING - EARLSFIELD,P61040,1332,stop,2026-04-17,13:32:00,,
DORKING - EARLSFIELD,P61041,1332,stop,2026-04-04,13:32:00,,
DORKING - EARLSFIELD,P61040,1332,stop,2026-04-14,13:32:00,,
DORKING - EARLSFIELD,P61040,1332,stop,2026-04-08,13:32:00,,
DORKING - EARLSFIELD,P61040,1332,stop,2026-04-16,13:32:00,,
DORKING - EARLSFIELD,Q38617,1332,stop,2026-04-03,13:32:00,,
DORKING - EARLSFIELD,P61040,1332,stop,2026-04-09,13:32:00,,
DORKING - EARLSFIELD,P61040,1332,stop,2026-04-03,13:32:00,,
DORKING - EARLSFIELD,P61040,1332,stop,2026-04-21,13:32:00,,
DORKING - EARLSFIELD,P61040,1332,stop,2026-04-22,13:32:00,,
DORKING - EARLSFIELD,P61040,1332,stop,2026-04-15,13:32:00,,
DORKING - EARLSFIELD,P61040,1332,stop,2026-04-07,13:32:00,,
SUTTON (SURREY) - DORKING,X04925,1255,stop,2026-04-12,13:32:00,,
DORKING - EARLSFIELD,P61040,1332,stop,2026-04-29,13:32:00,,
WORCESTER PARK - EARLSFIELD,P61036,1332,stop,2026-04-12,13:32:00,,
DORKING - EARLSFIELD,P61040,1332,stop,2026-04-27,13:32:00,,
DORKING - EARLSFIELD,P61040,1332,stop,2026-04-01,13:32:00,,
DORKING - EARLSFIELD,P61040,1332,stop,2026-04-02,13:32:00,,
DORKING - EARLSFIELD,P61041,1332,stop,2026-04-25,13:32:00,,
DORKING - EARLSFIELD,P61040,1332,stop,2026-04-24,13:32:00,,
DORKING - EARLSFIELD,P61040,1332,stop,2026-04-23,13:32:00,,
DORKING - SUTTON (SURREY),X04886,1333,stop,2026-04-12,13:33:00,,
DORKING - EARLSFIELD,P61040,1332,stop,2026-04-30,13:32:00,,
DORKING - EARLSFIELD,P61040,1332,stop,2026-04-28,13:32:00,,
WORCESTER PARK - EFFINGHAM JUNCTION,Q54807,1335,stop,2026-04-12,13:35:00,,
EFFINGHAM JUNCTION - WORCESTER PARK,Q54770,1315,stop,2026-04-12,13:35:00,,
CHESSINGTON SOUTH - EARLSFIELD,L75775,1334,stop,2026-04-30,13:39:00,,
CHESSINGTON SOUTH - EARLSFIELD,L75775,1334,stop,2026-04-07,13:39:00,,
CHESSINGTON SOUTH - EARLSFIELD,L75775,1334,stop,2026-04-27,13:39:00,,
CHESSINGTON SOUTH - EARLSFIELD,L75775,1334,stop,2026-04-10,13:39:00,,
CHESSINGTON SOUTH - EARLSFIELD,L75775,1334,stop,2026-04-03,13:39:00,,
CHESSINGTON SOUTH - EARLSFIELD,L75775,1334,stop,2026-04-22,13:39:00,,
MITCHAM EASTFIELDS - HORSHAM (2),P26653,1250,stop,2026-04-18,13:38:00,,
CHESSINGTON SOUTH - EARLSFIELD,L75775,1334,stop,2026-04-29,13:39:00,,
CHESSINGTON SOUTH - EARLSFIELD,L75775,1334,stop,2026-04-24,13:39:00,,
CHESSINGTON SOUTH - EARLSFIELD,L75775,1334,stop,2026-04-28,13:39:00,,
CHESSINGTON SOUTH - EARLSFIELD,L75776,1334,stop,2026-04-04,13:39:00,,
CHESSINGTON SOUTH - EARLSFIELD,L75775,1334,stop,2026-04-23,13:39:00,,
CHESSINGTON SOUTH - EARLSFIELD,L75775,1334,stop,2026-04-13,13:39:00,,
CHESSINGTON SOUTH - EARLSFIELD,L75775,1334,stop,2026-04-14,13:39:00,,
CHESSINGTON SOUTH - EARLSFIELD,L75775,1334,stop,2026-04-02,13:39:00,,
CHESSINGTON SOUTH - EARLSFIELD,L75776,1334,stop,2026-04-25,13:39:00,,
CHESSINGTON SOUTH - EARLSFIELD,L75775,1334,stop,2026-04-20,13:39:00,,
CHESSINGTON SOUTH - EARLSFIELD,L75775,1334,stop,2026-04-21,13:39:00,,
CHESSINGTON SOUTH - EARLSFIELD,Q38613,1334,stop,2026-04-03,13:39:00,,
CHESSINGTON SOUTH - EARLSFIELD,L75775,1334,stop,2026-04-17,13:39:00,,
CHESSINGTON SOUTH - EARLSFIELD,L75775,1334,stop,2026-04-16,13:39:00,,
CHESSINGTON SOUTH - EARLSFIELD,L75775,1334,stop,2026-04-01,13:39:00,,
CHESSINGTON SOUTH - EARLSFIELD,L75776,1334,stop,2026-04-11,13:39:00,,
CHESSINGTON SOUTH - EARLSFIELD,L75776,1334,stop,2026-04-18,13:39:00,,
CHESSINGTON SOUTH - EARLSFIELD,L75775,1334,stop,2026-04-08,13:39:00,,
CHESSINGTON SOUTH - EARLSFIELD,L75775,1334,stop,2026-04-06,13:39:00,,
CHESSINGTON SOUTH - EARLSFIELD,L75775,1334,stop,2026-04-15,13:39:00,,
CHESSINGTON SOUTH - EARLSFIELD,L75775,1334,stop,2026-04-09,13:39:00,,
CHESSINGTON SOUTH - EARLSFIELD,Q50333,1334,stop,2026-04-06,13:39:00,,
DORKING - BALHAM (4),P26669,1342,stop,2026-04-26,13:42:00,,
DORKING - BALHAM (4),P26669,1342,stop,2026-04-12,13:42:00,,
EARLSFIELD - DORKING,P61033,1302,stop,2026-04-12,13:41:00,,
EARLSFIELD - CHESSINGTON SOUTH,P62069,1317,stop,2026-04-18,13:43:00,,
EARLSFIELD - CHESSINGTON SOUTH,P62069,1317,stop,2026-04-25,13:43:00,,
EARLSFIELD - CHESSINGTON SOUTH,P62068,1317,stop,2026-04-14,13:43:00,,
EARLSFIELD - CHESSINGTON SOUTH,P62068,1317,stop,2026-04-22,13:43:00,,
EARLSFIELD - CHESSINGTON SOUTH,P62069,1317,stop,2026-04-04,13:43:00,,
DORKING - MITCHAM EASTFIELDS,P26669,1342,stop,2026-04-19,13:42:00,,
EARLSFIELD - CHESSINGTON SOUTH,P62068,1317,stop,2026-04-15,13:43:00,,
EARLSFIELD - CHESSINGTON SOUTH,P62068,1317,stop,2026-04-07,13:43:00,,
EARLSFIELD - CHESSINGTON SOUTH,P62068,1317,stop,2026-04-10,13:43:00,,
EARLSFIELD - CHESSINGTON SOUTH,P62068,1317,stop,2026-04-24,13:43:00,,
EARLSFIELD - CHESSINGTON SOUTH,P62068,1317,stop,2026-04-28,13:43:00,,
EARLSFIELD - CHESSINGTON SOUTH,P62068,1317,stop,2026-04-16,13:43:00,,
EARLSFIELD - CHESSINGTON SOUTH,P62068,1317,stop,2026-04-01,13:43:00,,
EARLSFIELD - CHESSINGTON SOUTH,P62068,1317,stop,2026-04-27,13:43:00,,
EARLSFIELD - CHESSINGTON SOUTH,P62068,1317,stop,2026-04-29,13:43:00,,
EARLSFIELD - CHESSINGTON SOUTH,P62068,1317,stop,2026-04-30,13:43:00,,
EARLSFIELD - CHESSINGTON SOUTH,Q50375,1317,stop,2026-04-06,13:43:00,,
EARLSFIELD - CHESSINGTON SOUTH,P62068,1317,stop,2026-04-17,13:43:00,,
EARLSFIELD - CHESSINGTON SOUTH,P62068,1317,stop,2026-04-23,13:43:00,,
EARLSFIELD - CHESSINGTON SOUTH,P62068,1317,stop,2026-04-06,13:43:00,,
EARLSFIELD - CHESSINGTON SOUTH,P62069,1317,stop,2026-04-11,13:43:00,,
EARLSFIELD - CHESSINGTON SOUTH,P62068,1317,stop,2026-04-13,13:43:00,,
EARLSFIELD - CHESSINGTON SOUTH,Q38630,1317,stop,2026-04-03,13:43:00,,
EARLSFIELD - CHESSINGTON SOUTH,P62068,1317,stop,2026-04-03,13:43:00,,
EARLSFIELD - CHESSINGTON SOUTH,P62068,1317,stop,2026-04-20,13:43:00,,
GUILDFORD - EARLSFIELD,L74260,1320,stop,2026-04-05,13:45:00,,
GUILDFORD - EARLSFIELD,L74260,1320,stop,2026-04-12,13:45:00,,
CHESSINGTON SOUTH - EARLSFIELD,L75777,1339,stop,2026-04-26,13:44:00,,
CHESSINGTON SOUTH - EARLSFIELD,L75777,1339,stop,2026-04-19,13:44:00,,
CHESSINGTON SOUTH - EARLSFIELD,L75777,1339,stop,2026-04-05,13:44:00,,
CHESSINGTON SOUTH - EARLSFIELD,L75777,1339,stop,2026-04-12,13:44:00,,
EARLSFIELD - CHESSINGTON SOUTH,P62068,1317,stop,2026-04-09,13:43:00,,
EARLSFIELD - CHESSINGTON SOUTH,P62068,1317,stop,2026-04-02,13:43:00,,
EARLSFIELD - CHESSINGTON SOUTH,P62068,1317,stop,2026-04-21,13:43:00,,
EARLSFIELD - CHESSINGTON SOUTH,P62068,1317,stop,2026-04-08,13:43:00,,
DORKING - BALHAM (5),P26669,1346,stop,2026-04-05,13:46:00,,
GUILDFORD - EARLSFIELD,L74260,1320,stop,2026-04-19,13:45:00,,
GUILDFORD - EARLSFIELD,L74260,1320,stop,2026-04-26,13:45:00,,
EARLSFIELD - CHESSINGTON SOUTH,P62070,1321,stop,2026-04-26,13:47:00,,
EARLSFIELD - CHESSINGTON SOUTH,P62070,1321,stop,2026-04-19,13:47:00,,
EARLSFIELD - DORKING,P61031,1323,stop,2026-04-21,13:48:00,,
EARLSFIELD - DORKING,P61031,1323,stop,2026-04-28,13:48:00,,
EARLSFIELD - DORKING,P61031,1323,stop,2026-04-02,13:48:00,,
EARLSFIELD - DORKING,P61031,1323,stop,2026-04-20,13:48:00,,
EARLSFIELD - DORKING,P61031,1323,stop,2026-04-27,13:48:00,,
EARLSFIELD - DORKING,P61031,1323,stop,2026-04-15,13:48:00,,
EARLSFIELD - DORKING,P61031,1323,stop,2026-04-10,13:48:00,,
EARLSFIELD - DORKING,P61031,1323,stop,2026-04-24,13:48:00,,
EARLSFIELD - DORKING,P61031,1323,stop,2026-04-07,13:48:00,,
EARLSFIELD - DORKING,P61031,1323,stop,2026-04-23,13:48:00,,
EARLSFIELD - CHESSINGTON SOUTH,P62070,1321,stop,2026-04-12,13:47:00,,
EARLSFIELD - DORKING,P61031,1323,stop,2026-04-16,13:48:00,,
EARLSFIELD - DORKING,P61031,1323,stop,2026-04-29,13:48:00,,
EARLSFIELD - DORKING,Q50366,1323,stop,2026-04-06,13:48:00,,
EARLSFIELD - DORKING,P61032,1323,stop,2026-04-04,13:48:00,,
EARLSFIELD - DORKING,P61031,1323,stop,2026-04-08,13:48:00,,
EARLSFIELD - DORKING,P61031,1323,stop,2026-04-01,13:48:00,,
EARLSFIELD - DORKING,P61031,1323,stop,2026-04-17,13:48:00,,
EARLSFIELD - DORKING,P61031,1323,stop,2026-04-14,13:48:00,,
EARLSFIELD - DORKING,Q38626,1323,stop,2026-04-03,13:48:00,,
EARLSFIELD - DORKING,P61031,1323,stop,2026-04-03,13:48:00,,
EARLSFIELD - DORKING,P61031,1323,stop,2026-04-22,13:48:00,,
EARLSFIELD - DORKING,P61031,1323,stop,2026-04-06,13:48:00,,
EARLSFIELD - DORKING,P61031,1323,stop,2026-04-30,13:48:00,,
EARLSFIELD - DORKING,P61031,1323,stop,2026-04-13,13:48:00,,
EARLSFIELD - DORKING,P61032,1323,stop,2026-04-25,13:48:00,,
EARLSFIELD - CHESSINGTON SOUTH,P62070,1324,stop,2026-04-05,13:50:00,,
DORKING - WORCESTER PARK,Q54842,1350,stop,2026-04-12,13:50:00,,
EARLSFIELD - DORKING,P61032,1323,stop,2026-04-11,13:48:00,,
EARLSFIELD - DORKING,P61031,1323,stop,2026-04-09,13:48:00,,
EARLSFIELD - DORKING,P61032,1323,stop,2026-04-18,13:48:00,,
MITCHAM EASTFIELDS - DORKING,P26660,1308,stop,2026-04-19,13:56:00,,
BALHAM - DORKING (3),P26660,1308,stop,2026-04-12,13:56:00,,
BALHAM - DORKING (3),P26660,1308,stop,2026-04-26,13:56:00,,
BALHAM - DORKING,P26658,1311,stop,2026-04-28,13:57:00,,
BALHAM - DORKING,P26658,1311,stop,2026-04-29,13:57:00,,
BALHAM - DORKING,P26658,1311,stop,2026-04-10,13:57:00,,
BALHAM - DORKING,P26658,1311,stop,2026-04-16,13:57:00,,
BALHAM - DORKING,P26659,1311,stop,2026-04-25,13:57:00,,
BALHAM - DORKING,P26658,1311,stop,2026-04-09,13:57:00,,
BALHAM - DORKING,P26658,1311,stop,2026-04-15,13:57:00,,
BALHAM - DORKING,P26658,1311,stop,2026-04-08,13:57:00,,
BALHAM - DORKING,P26658,1311,stop,2026-04-22,13:57:00,,
BALHAM - DORKING,X96366,1311,stop,2026-04-03,13:57:00,,
BALHAM - DORKING,P26658,1311,stop,2026-04-03,13:57:00,,
BALHAM - DORKING,P26658,1311,stop,2026-04-23,13:57:00,,
BALHAM - DORKING,P26658,1311,stop,2026-04-14,13:57:00,,
BALHAM - DORKING,P26658,1311,stop,2026-04-27,13:57:00,,
BALHAM - DORKING,P26658,1311,stop,2026-04-24,13:57:00,,
BALHAM - DORKING,P26658,1311,stop,2026-04-30,13:57:00,,
BALHAM - DORKING,P26658,1311,stop,2026-04-13,13:57:00,,
BALHAM - DORKING,P26658,1311,stop,2026-04-02,13:57:00,,
BALHAM - DORKING,P26658,1311,stop,2026-04-01,13:57:00,,
BALHAM - DORKING,P26659,1311,stop,2026-04-11,13:57:00,,
BALHAM - DORKING,P26658,1311,stop,2026-04-20,13:57:00,,
BALHAM - DORKING,P26659,1311,stop,2026-04-04,13:57:00,,
BALHAM - DORKING,P26658,1311,stop,2026-04-07,13:57:00,,
BALHAM - DORKING,X00943,1311,stop,2026-04-06,13:57:00,,
BALHAM - DORKING,P26658,1311,stop,2026-04-06,13:57:00,,
BALHAM - DORKING,P26658,1311,stop,2026-04-17,13:57:00,,
BALHAM - DORKING,P26658,1311,stop,2026-04-21,13:57:00,,
EARLSFIELD - GUILDFORD (2),P61602,1332,stop,2026-04-26,13:58:00,,
EARLSFIELD - GUILDFORD (2),P61602,1332,stop,2026-04-05,13:58:00,,
EARLSFIELD - GUILDFORD (2),P61602,1332,stop,2026-04-19,13:58:00,,
BALHAM - DORKING (6),P26660,1308,stop,2026-04-05,14:00:00,,
DORKING - SUTTON (SURREY),X04885,1403,stop,2026-04-12,14:03:00,,
WORCESTER PARK - EARLSFIELD,L74260,1402,stop,2026-04-12,14:02:00,,
SUTTON (SURREY) - DORKING,X04924,1325,stop,2026-04-12,14:02:00,,
WORCESTER PARK - DORKING,Q54894,1405,stop,2026-04-12,14:05:00,,
CHESSINGTON SOUTH - EARLSFIELD,L75781,1404,stop,2026-04-22,14:09:00,,
CHESSINGTON SOUTH - EARLSFIELD,L75781,1404,stop,2026-04-23,14:09:00,,
CHESSINGTON SOUTH - EARLSFIELD,L75781,1404,stop,2026-04-03,14:09:00,,
CHESSINGTON SOUTH - EARLSFIELD,L75781,1404,stop,2026-04-09,14:09:00,,
CHESSINGTON SOUTH - EARLSFIELD,Q88754,1404,stop,2026-04-03,14:09:00,,
CHESSINGTON SOUTH - EARLSFIELD,L75781,1404,stop,2026-04-10,14:09:00,,
CHESSINGTON SOUTH - EARLSFIELD,L75782,1404,stop,2026-04-04,14:09:00,,
DORKING - EARLSFIELD,P61042,1407,stop,2026-04-05,14:07:00,,
DORKING - EARLSFIELD,P61042,1407,stop,2026-04-19,14:07:00,,
DORKING - EARLSFIELD,P61042,1407,stop,2026-04-26,14:07:00,,
DORKING - EARLSFIELD,P61042,1407,stop,2026-04-12,14:07:00,,
CHESSINGTON SOUTH - EARLSFIELD,Q50253,1404,stop,2026-04-06,14:09:00,,
CHESSINGTON SOUTH - EARLSFIELD,L75781,1404,stop,2026-04-01,14:09:00,,
CHESSINGTON SOUTH - EARLSFIELD,L75781,1404,stop,2026-04-29,14:09:00,,
CHESSINGTON SOUTH - EARLSFIELD,L75781,1404,stop,2026-04-13,14:09:00,,
CHESSINGTON SOUTH - EARLSFIELD,L75781,1404,stop,2026-04-21,14:09:00,,
CHESSINGTON SOUTH - EARLSFIELD,L75782,1404,stop,2026-04-11,14:09:00,,
CHESSINGTON SOUTH - EARLSFIELD,L75782,1404,stop,2026-04-18,14:09:00,,
CHESSINGTON SOUTH - EARLSFIELD,L75781,1404,stop,2026-04-30,14:09:00,,
CHESSINGTON SOUTH - EARLSFIELD,L75781,1404,stop,2026-04-28,14:09:00,,
CHESSINGTON SOUTH - EARLSFIELD,L75781,1404,stop,2026-04-15,14:09:00,,
CHESSINGTON SOUTH - EARLSFIELD,L75781,1404,stop,2026-04-27,14:09:00,,
CHESSINGTON SOUTH - EARLSFIELD,L75781,1404,stop,2026-04-24,14:09:00,,
CHESSINGTON SOUTH - EARLSFIELD,L75781,1404,stop,2026-04-08,14:09:00,,
CHESSINGTON SOUTH - EARLSFIELD,L75781,1404,stop,2026-04-17,14:09:00,,
CHESSINGTON SOUTH - EARLSFIELD,L75781,1404,stop,2026-04-07,14:09:00,,
CHESSINGTON SOUTH - EARLSFIELD,L75781,1404,stop,2026-04-16,14:09:00,,
GUILDFORD - EARLSFIELD,P61606,1345,stop,2026-04-21,14:10:00,,
GUILDFORD - EARLSFIELD,P61606,1345,stop,2026-04-10,14:10:00,,
GUILDFORD - EARLSFIELD,P61606,1345,stop,2026-04-22,14:10:00,,
GUILDFORD - EARLSFIELD,P61606,1345,stop,2026-04-23,14:10:00,,
GUILDFORD - EARLSFIELD,P61606,1345,stop,2026-04-17,14:10:00,,
GUILDFORD - EARLSFIELD,L74265,1345,stop,2026-04-18,14:10:00,,
GUILDFORD - EARLSFIELD,Q50307,1345,stop,2026-04-06,14:10:00,,
GUILDFORD - EARLSFIELD,P61606,1345,stop,2026-04-13,14:10:00,,
GUILDFORD - EARLSFIELD,P61606,1345,stop,2026-04-08,14:10:00,,
GUILDFORD - EARLSFIELD,P61606,1345,stop,2026-04-20,14:10:00,,
GUILDFORD - EARLSFIELD,P61606,1345,stop,2026-04-06,14:10:00,,
CHESSINGTON SOUTH - EARLSFIELD,L75781,1404,stop,2026-04-02,14:09:00,,
CHESSINGTON SOUTH - EARLSFIELD,L75781,1404,stop,2026-04-14,14:09:00,,
CHESSINGTON SOUTH - EARLSFIELD,L75781,1404,stop,2026-04-06,14:09:00,,
CHESSINGTON SOUTH - EARLSFIELD,L75781,1404,stop,2026-04-20,14:09:00,,
CHESSINGTON SOUTH - EARLSFIELD,L75782,1404,stop,2026-04-25,14:09:00,,
GUILDFORD - EARLSFIELD,L74265,1345,stop,2026-04-25,14:10:00,,
GUILDFORD - EARLSFIELD,P61606,1345,stop,2026-04-02,14:10:00,,
GUILDFORD - EARLSFIELD,P61606,1345,stop,2026-04-09,14:10:00,,
GUILDFORD - EARLSFIELD,P61606,1345,stop,2026-04-27,14:10:00,,
GUILDFORD - EARLSFIELD,Q88879,1345,stop,2026-04-03,14:10:00,,
GUILDFORD - EARLSFIELD,L74265,1345,stop,2026-04-11,14:10:00,,
GUILDFORD - EARLSFIELD,P61606,1345,stop,2026-04-30,14:10:00,,
GUILDFORD - EARLSFIELD,P61606,1345,stop,2026-04-07,14:10:00,,
GUILDFORD - EARLSFIELD,P61606,1345,stop,2026-04-16,14:10:00,,
MITCHAM EASTFIELDS - DORKING (2),P26659,1320,stop,2026-04-18,14:10:00,,
GUILDFORD - EARLSFIELD,L74265,1345,stop,2026-04-04,14:10:00,,
GUILDFORD - EARLSFIELD,P61606,1345,stop,2026-04-03,14:10:00,,
GUILDFORD - EARLSFIELD,P61606,1345,stop,2026-04-14,14:10:00,,
GUILDFORD - EARLSFIELD,P61606,1345,stop,2026-04-29,14:10:00,,
GUILDFORD - EARLSFIELD,P61606,1345,stop,2026-04-24,14:10:00,,
GUILDFORD - EARLSFIELD,P61606,1345,stop,2026-04-15,14:10:00,,
GUILDFORD - EARLSFIELD,P61606,1345,stop,2026-04-28,14:10:00,,
GUILDFORD - EARLSFIELD,P61606,1345,stop,2026-04-01,14:10:00,,
EARLSFIELD - GUILDFORD (2),P61602,1332,stop,2026-04-12,14:11:00,,
EARLSFIELD - CHESSINGTON SOUTH,P62071,1347,stop,2026-04-20,14:13:00,,
EARLSFIELD - CHESSINGTON SOUTH,P62072,1347,stop,2026-04-18,14:13:00,,
EARLSFIELD - CHESSINGTON SOUTH,P62071,1347,stop,2026-04-10,14:13:00,,
EARLSFIELD - CHESSINGTON SOUTH,Q50300,1347,stop,2026-04-06,14:13:00,,
EARLSFIELD - CHESSINGTON SOUTH,P62071,1347,stop,2026-04-24,14:13:00,,
DORKING - BALHAM (4),P26675,1412,stop,2026-04-12,14:12:00,,
DORKING - MITCHAM EASTFIELDS,P26675,1412,stop,2026-04-19,14:12:00,,
DORKING - BALHAM (4),P26675,1412,stop,2026-04-26,14:12:00,,
EARLSFIELD - CHESSINGTON SOUTH,P62071,1347,stop,2026-04-16,14:13:00,,
EARLSFIELD - CHESSINGTON SOUTH,Q88757,1347,stop,2026-04-03,14:13:00,,
EARLSFIELD - CHESSINGTON SOUTH,P62071,1347,stop,2026-04-21,14:13:00,,
EARLSFIELD - CHESSINGTON SOUTH,P62071,1347,stop,2026-04-03,14:13:00,,
EARLSFIELD - CHESSINGTON SOUTH,P62071,1347,stop,2026-04-15,14:13:00,,
EARLSFIELD - CHESSINGTON SOUTH,P62071,1347,stop,2026-04-08,14:13:00,,
EARLSFIELD - CHESSINGTON SOUTH,P62071,1347,stop,2026-04-29,14:13:00,,
EARLSFIELD - CHESSINGTON SOUTH,P62071,1347,stop,2026-04-28,14:13:00,,
EARLSFIELD - CHESSINGTON SOUTH,P62071,1347,stop,2026-04-13,14:13:00,,
EARLSFIELD - CHESSINGTON SOUTH,P62071,1347,stop,2026-04-17,14:13:00,,
EARLSFIELD - CHESSINGTON SOUTH,P62071,1347,stop,2026-04-01,14:13:00,,
EARLSFIELD - CHESSINGTON SOUTH,P62071,1347,stop,2026-04-07,14:13:00,,
EARLSFIELD - CHESSINGTON SOUTH,P62071,1347,stop,2026-04-23,14:13:00,,
EARLSFIELD - CHESSINGTON SOUTH,P62072,1347,stop,2026-04-25,14:13:00,,
EARLSFIELD - CHESSINGTON SOUTH,P62071,1347,stop,2026-04-22,14:13:00,,
EARLSFIELD - CHESSINGTON SOUTH,P62071,1347,stop,2026-04-06,14:13:00,,
EARLSFIELD - CHESSINGTON SOUTH,P62072,1347,stop,2026-04-11,14:13:00,,
EARLSFIELD - CHESSINGTON SOUTH,P62071,1347,stop,2026-04-02,14:13:00,,
CHESSINGTON SOUTH - EARLSFIELD,L75783,1409,stop,2026-04-12,14:14:00,,
CHESSINGTON SOUTH - EARLSFIELD,L75783,1409,stop,2026-04-19,14:14:00,,
EARLSFIELD - CHESSINGTON SOUTH,P62072,1347,stop,2026-04-04,14:13:00,,
EARLSFIELD - CHESSINGTON SOUTH,P62071,1347,stop,2026-04-27,14:13:00,,
EARLSFIELD - CHESSINGTON SOUTH,P62071,1347,stop,2026-04-09,14:13:00,,
EARLSFIELD - CHESSINGTON SOUTH,P62071,1347,stop,2026-04-14,14:13:00,,
EARLSFIELD - CHESSINGTON SOUTH,P62071,1347,stop,2026-04-30,14:13:00,,
CHESSINGTON SOUTH - EARLSFIELD,L75783,1409,stop,2026-04-05,14:16:00,,
CHESSINGTON SOUTH - EARLSFIELD,L75783,1409,stop,2026-04-26,14:14:00,,
DORKING - BALHAM (5),P26675,1416,stop,2026-04-05,14:16:00,,
DORKING - BALHAM (3),P26673,1417,stop,2026-04-10,14:17:00,,
DORKING - BALHAM (3),P26673,1417,stop,2026-04-01,14:17:00,,
DORKING - BALHAM (3),X00948,1417,stop,2026-04-06,14:17:00,,
DORKING - BALHAM (3),P26673,1417,stop,2026-04-09,14:17:00,,
EARLSFIELD - CHESSINGTON SOUTH,P62073,1351,stop,2026-04-19,14:17:00,,
EARLSFIELD - CHESSINGTON SOUTH,P62073,1351,stop,2026-04-05,14:17:00,,
DORKING - BALHAM (3),P26674,1417,stop,2026-04-25,14:17:00,,
DORKING - BALHAM (3),P26673,1417,stop,2026-04-20,14:17:00,,
DORKING - BALHAM (3),P26673,1417,stop,2026-04-06,14:17:00,,
DORKING - BALHAM (3),P26673,1417,stop,2026-04-24,14:17:00,,
DORKING - BALHAM (3),P26673,1417,stop,2026-04-03,14:17:00,,
DORKING - BALHAM (3),P26674,1417,stop,2026-04-11,14:17:00,,
DORKING - BALHAM (3),X96279,1417,stop,2026-04-03,14:17:00,,
DORKING - BALHAM (3),P26673,1417,stop,2026-04-30,14:17:00,,
DORKING - MITCHAM EASTFIELDS (2),P26674,1417,stop,2026-04-18,14:17:00,,
DORKING - BALHAM (3),P26673,1417,stop,2026-04-17,14:17:00,,
DORKING - BALHAM (3),P26673,1417,stop,2026-04-16,14:17:00,,
DORKING - BALHAM (3),P26673,1417,stop,2026-04-15,14:17:00,,
DORKING - BALHAM (3),P26673,1417,stop,2026-04-28,14:17:00,,
DORKING - BALHAM (3),P26673,1417,stop,2026-04-07,14:17:00,,
DORKING - BALHAM (3),P26673,1417,stop,2026-04-27,14:17:00,,
DORKING - BALHAM (3),P26673,1417,stop,2026-04-08,14:17:00,,
EARLSFIELD - CHESSINGTON SOUTH,P62073,1351,stop,2026-04-12,14:17:00,,
DORKING - BALHAM (3),P26673,1417,stop,2026-04-23,14:17:00,,
DORKING - BALHAM (3),P26673,1417,stop,2026-04-22,14:17:00,,
DORKING - BALHAM (3),P26674,1417,stop,2026-04-04,14:17:00,,
DORKING - BALHAM (3),P26673,1417,stop,2026-04-14,14:17:00,,
DORKING - BALHAM (3),P26673,1417,stop,2026-04-29,14:17:00,,
DORKING - BALHAM (3),P26673,1417,stop,2026-04-13,14:17:00,,
DORKING - BALHAM (3),P26673,1417,stop,2026-04-02,14:17:00,,
DORKING - BALHAM (3),P26673,1417,stop,2026-04-21,14:17:00,,
EARLSFIELD - GUILDFORD (2),P61600,1353,stop,2026-04-30,14:18:00,,
EARLSFIELD - GUILDFORD (2),P61600,1353,stop,2026-04-06,14:18:00,,
EARLSFIELD - GUILDFORD (2),P61600,1353,stop,2026-04-17,14:18:00,,
EARLSFIELD - GUILDFORD (2),P61600,1353,stop,2026-04-23,14:18:00,,
EARLSFIELD - GUILDFORD (2),Q50283,1353,stop,2026-04-06,14:18:00,,
EARLSFIELD - GUILDFORD (2),P61600,1353,stop,2026-04-28,14:18:00,,
EARLSFIELD - GUILDFORD (2),P61600,1353,stop,2026-04-08,14:18:00,,
EARLSFIELD - GUILDFORD (2),P61600,1353,stop,2026-04-15,14:18:00,,
EARLSFIELD - GUILDFORD (2),Q38602,1353,stop,2026-04-03,14:18:00,,
EARLSFIELD - GUILDFORD (2),P61600,1353,stop,2026-04-07,14:18:00,,
EARLSFIELD - GUILDFORD (2),P61600,1353,stop,2026-04-29,14:18:00,,
EARLSFIELD - GUILDFORD (2),P61600,1353,stop,2026-04-16,14:18:00,,
EARLSFIELD - GUILDFORD (2),P61600,1353,stop,2026-04-03,14:18:00,,
EARLSFIELD - CHESSINGTON SOUTH,P62073,1351,stop,2026-04-26,14:17:00,,
EARLSFIELD - GUILDFORD (2),P61600,1353,stop,2026-04-22,14:18:00,,
EARLSFIELD - GUILDFORD (2),P61600,1353,stop,2026-04-02,14:18:00,,
EARLSFIELD - GUILDFORD (2),P61600,1353,stop,2026-04-13,14:18:00,,
EARLSFIELD - GUILDFORD (2),P61600,1353,stop,2026-04-27,14:18:00,,
EARLSFIELD - GUILDFORD (2),P61601,1353,stop,2026-04-18,14:18:00,,
EARLSFIELD - GUILDFORD (2),P61600,1353,stop,2026-04-20,14:18:00,,
EARLSFIELD - GUILDFORD (2),P61601,1353,stop,2026-04-11,14:18:00,,
EARLSFIELD - GUILDFORD (2),P61600,1353,stop,2026-04-21,14:18:00,,
EARLSFIELD - GUILDFORD (2),P61600,1353,stop,2026-04-14,14:18:00,,
EARLSFIELD - GUILDFORD (2),P61600,1353,stop,2026-04-01,14:18:00,,
EARLSFIELD - GUILDFORD (2),P61601,1353,stop,2026-04-25,14:18:00,,
EARLSFIELD - GUILDFORD (2),P61600,1353,stop,2026-04-09,14:18:00,,
EARLSFIELD - GUILDFORD (2),P61600,1353,stop,2026-04-24,14:18:00,,
EARLSFIELD - GUILDFORD (2),P61601,1353,stop,2026-04-04,14:18:00,,
EARLSFIELD - GUILDFORD (2),P61600,1353,stop,2026-04-10,14:18:00,,
HORSHAM - BALHAM,P26680,1414,stop,2026-04-04,14:26:00,,
HORSHAM - BALHAM,P26679,1414,stop,2026-04-13,14:26:00,,
HORSHAM - BALHAM,P26679,1414,stop,2026-04-09,14:26:00,,
HORSHAM - BALHAM,P26679,1414,stop,2026-04-14,14:26:00,,
HORSHAM - BALHAM,P26680,1414,stop,2026-04-11,14:26:00,,
BALHAM - DORKING (3),P26666,1338,stop,2026-04-12,14:26:00,,
HORSHAM - BALHAM,P26679,1414,stop,2026-04-29,14:26:00,,
HORSHAM - BALHAM,P26679,1414,stop,2026-04-17,14:26:00,,
MITCHAM EASTFIELDS - DORKING,P26666,1338,stop,2026-04-19,14:26:00,,
BALHAM - DORKING (3),P26666,1338,stop,2026-04-26,14:26:00,,
HORSHAM - BALHAM,P26679,1414,stop,2026-04-20,14:26:00,,
HORSHAM - BALHAM,X96284,1414,stop,2026-04-03,14:26:00,,
HORSHAM - BALHAM,P26679,1414,stop,2026-04-03,14:26:00,,
HORSHAM - BALHAM,P26679,1414,stop,2026-04-01,14:26:00,,
HORSHAM - BALHAM,P26679,1414,stop,2026-04-07,14:26:00,,
HORSHAM - BALHAM,P26679,1414,stop,2026-04-06,14:26:00,,
HORSHAM - BALHAM,X00950,1414,stop,2026-04-06,14:26:00,,
HORSHAM - BALHAM,P26679,1414,stop,2026-04-08,14:26:00,,
HORSHAM - BALHAM,P26679,1414,stop,2026-04-10,14:26:00,,
HORSHAM - BALHAM,P26679,1414,stop,2026-04-15,14:26:00,,
HORSHAM - BALHAM,P26679,1414,stop,2026-04-02,14:26:00,,
EARLSFIELD - DORKING,P61039,1402,stop,2026-04-05,14:27:00,,
EARLSFIELD - DORKING,P61039,1402,stop,2026-04-19,14:27:00,,
EARLSFIELD - DORKING,P61039,1402,stop,2026-04-26,14:27:00,,
HORSHAM - BALHAM,P26679,1414,stop,2026-04-30,14:26:00,,
HORSHAM - BALHAM,P26680,1414,stop,2026-04-25,14:26:00,,
HORSHAM - BALHAM,P26679,1414,stop,2026-04-23,14:26:00,,
HORSHAM - BALHAM,P26679,1414,stop,2026-04-28,14:26:00,,
HORSHAM - BALHAM,P26679,1414,stop,2026-04-22,14:26:00,,
HORSHAM - BALHAM,P26679,1414,stop,2026-04-24,14:26:00,,
HORSHAM - BALHAM,P26679,1414,stop,2026-04-21,14:26:00,,
HORSHAM - BALHAM,P26679,1414,stop,2026-04-16,14:26:00,,
HORSHAM - BALHAM,P26679,1414,stop,2026-04-27,14:26:00,,
BALHAM - HORSHAM,P26664,1341,stop,2026-04-23,14:29:00,,
BALHAM - HORSHAM,P26664,1341,stop,2026-04-09,14:29:00,,
BALHAM - HORSHAM,P26664,1341,stop,2026-04-17,14:29:00,,
BALHAM - HORSHAM,P26664,1341,stop,2026-04-30,14:29:00,,
BALHAM - HORSHAM,P26664,1341,stop,2026-04-14,14:29:00,,
BALHAM - HORSHAM,P26664,1341,stop,2026-04-07,14:29:00,,
BALHAM - HORSHAM,P26665,1341,stop,2026-04-11,14:29:00,,
BALHAM - HORSHAM,P26664,1341,stop,2026-04-06,14:29:00,,
BALHAM - HORSHAM,P26664,1341,stop,2026-04-20,14:29:00,,
BALHAM - HORSHAM,P26664,1341,stop,2026-04-22,14:29:00,,
BALHAM - HORSHAM,P26664,1341,stop,2026-04-28,14:29:00,,
BALHAM - HORSHAM,X00945,1341,stop,2026-04-06,14:29:00,,
BALHAM - HORSHAM,P26664,1341,stop,2026-04-03,14:29:00,,
BALHAM - HORSHAM,P26664,1341,stop,2026-04-08,14:29:00,,
BALHAM - HORSHAM,P26665,1341,stop,2026-04-04,14:29:00,,
BALHAM - HORSHAM,P26665,1341,stop,2026-04-25,14:29:00,,
BALHAM - HORSHAM,P26664,1341,stop,2026-04-21,14:29:00,,
BALHAM - HORSHAM,P26664,1341,stop,2026-04-27,14:29:00,,
BALHAM - HORSHAM,P26664,1341,stop,2026-04-13,14:29:00,,
BALHAM - HORSHAM,P26664,1341,stop,2026-04-15,14:29:00,,
BALHAM - HORSHAM,P26664,1341,stop,2026-04-29,14:29:00,,
BALHAM - HORSHAM,P26664,1341,stop,2026-04-24,14:29:00,,
BALHAM - HORSHAM,P26664,1341,stop,2026-04-01,14:29:00,,
BALHAM - HORSHAM,P26664,1341,stop,2026-04-10,14:29:00,,
BALHAM - DORKING (6),P26666,1338,stop,2026-04-05,14:30:00,,
BALHAM - HORSHAM,X96328,1341,stop,2026-04-03,14:29:00,,
BALHAM - HORSHAM,P26664,1341,stop,2026-04-16,14:29:00,,
BALHAM - HORSHAM,P26664,1341,stop,2026-04-02,14:29:00,,
HORSHAM - MITCHAM EASTFIELDS,P26680,1420,stop,2026-04-18,14:31:00,,
DORKING - EARLSFIELD,P61047,1432,stop,2026-04-11,14:32:00,,
WORCESTER PARK - EARLSFIELD,P61042,1432,stop,2026-04-12,14:32:00,,
DORKING - EARLSFIELD,P61046,1432,stop,2026-04-16,14:32:00,,
DORKING - EARLSFIELD,P61046,1432,stop,2026-04-20,14:32:00,,
DORKING - EARLSFIELD,P61047,1432,stop,2026-04-18,14:32:00,,
DORKING - EARLSFIELD,P61046,1432,stop,2026-04-17,14:32:00,,
DORKING - EARLSFIELD,P61046,1432,stop,2026-04-15,14:32:00,,
DORKING - EARLSFIELD,P61046,1432,stop,2026-04-14,14:32:00,,
DORKING - EARLSFIELD,P61046,1432,stop,2026-04-13,14:32:00,,
DORKING - EARLSFIELD,P61046,1432,stop,2026-04-06,14:32:00,,
SUTTON (SURREY) - DORKING,X04923,1355,stop,2026-04-12,14:32:00,,
DORKING - EARLSFIELD,P61047,1432,stop,2026-04-04,14:32:00,,
DORKING - EARLSFIELD,Q38573,1432,stop,2026-04-03,14:32:00,,
DORKING - EARLSFIELD,P61046,1432,stop,2026-04-03,14:32:00,,
DORKING - EARLSFIELD,P61046,1432,stop,2026-04-02,14:32:00,,
DORKING - EARLSFIELD,P61046,1432,stop,2026-04-01,14:32:00,,
DORKING - EARLSFIELD,P61046,1432,stop,2026-04-09,14:32:00,,
DORKING - EARLSFIELD,P61046,1432,stop,2026-04-10,14:32:00,,
DORKING - EARLSFIELD,P61046,1432,stop,2026-04-23,14:32:00,,
DORKING - EARLSFIELD,P61046,1432,stop,2026-04-28,14:32:00,,
DORKING - EARLSFIELD,P61046,1432,stop,2026-04-30,14:32:00,,
DORKING - EARLSFIELD,P61046,1432,stop,2026-04-29,14:32:00,,
DORKING - EARLSFIELD,P61046,1432,stop,2026-04-27,14:32:00,,
DORKING - EARLSFIELD,P61046,1432,stop,2026-04-22,14:32:00,,
DORKING - EARLSFIELD,P61046,1432,stop,2026-04-21,14:32:00,,
DORKING - EARLSFIELD,P61046,1432,stop,2026-04-08,14:32:00,,
DORKING - EARLSFIELD,P61046,1432,stop,2026-04-07,14:32:00,,
DORKING - EARLSFIELD,Q50196,1432,stop,2026-04-06,14:32:00,,
DORKING - SUTTON (SURREY),X04884,1433,stop,2026-04-12,14:33:00,,
DORKING - EARLSFIELD,P61046,1432,stop,2026-04-24,14:32:00,,
DORKING - EARLSFIELD,P61047,1432,stop,2026-04-25,14:32:00,,
WORCESTER PARK - EFFINGHAM JUNCTION,Q54805,1435,stop,2026-04-12,14:35:00,,
EFFINGHAM JUNCTION - WORCESTER PARK,Q54769,1415,stop,2026-04-12,14:35:00,,
CHESSINGTON SOUTH - EARLSFIELD,L75787,1434,stop,2026-04-10,14:39:00,,
CHESSINGTON SOUTH - EARLSFIELD,L75787,1434,stop,2026-04-01,14:39:00,,
CHESSINGTON SOUTH - EARLSFIELD,L75788,1434,stop,2026-04-04,14:39:00,,
CHESSINGTON SOUTH - EARLSFIELD,L75787,1434,stop,2026-04-21,14:39:00,,
CHESSINGTON SOUTH - EARLSFIELD,L75788,1434,stop,2026-04-11,14:39:00,,
CHESSINGTON SOUTH - EARLSFIELD,L75787,1434,stop,2026-04-09,14:39:00,,
CHESSINGTON SOUTH - EARLSFIELD,L75787,1434,stop,2026-04-22,14:39:00,,
MITCHAM EASTFIELDS - HORSHAM (2),P26665,1350,stop,2026-04-18,14:38:00,,
CHESSINGTON SOUTH - EARLSFIELD,L75787,1434,stop,2026-04-20,14:39:00,,
CHESSINGTON SOUTH - EARLSFIELD,L75787,1434,stop,2026-04-24,14:39:00,,
CHESSINGTON SOUTH - EARLSFIELD,L75787,1434,stop,2026-04-07,14:39:00,,
CHESSINGTON SOUTH - EARLSFIELD,L75787,1434,stop,2026-04-16,14:39:00,,
CHESSINGTON SOUTH - EARLSFIELD,L75787,1434,stop,2026-04-03,14:39:00,,
CHESSINGTON SOUTH - EARLSFIELD,L75787,1434,stop,2026-04-27,14:39:00,,
CHESSINGTON SOUTH - EARLSFIELD,L75787,1434,stop,2026-04-29,14:39:00,,
CHESSINGTON SOUTH - EARLSFIELD,L75787,1434,stop,2026-04-14,14:39:00,,
CHESSINGTON SOUTH - EARLSFIELD,L75788,1434,stop,2026-04-18,14:39:00,,
CHESSINGTON SOUTH - EARLSFIELD,Q50177,1434,stop,2026-04-06,14:39:00,,
CHESSINGTON SOUTH - EARLSFIELD,L75787,1434,stop,2026-04-13,14:39:00,,
CHESSINGTON SOUTH - EARLSFIELD,L75787,1434,stop,2026-04-17,14:39:00,,
CHESSINGTON SOUTH - EARLSFIELD,L75788,1434,stop,2026-04-25,14:39:00,,
CHESSINGTON SOUTH - EARLSFIELD,L75787,1434,stop,2026-04-30,14:39:00,,
CHESSINGTON SOUTH - EARLSFIELD,L75787,1434,stop,2026-04-02,14:39:00,,
CHESSINGTON SOUTH - EARLSFIELD,L75787,1434,stop,2026-04-06,14:39:00,,
CHESSINGTON SOUTH - EARLSFIELD,L75787,1434,stop,2026-04-23,14:39:00,,
CHESSINGTON SOUTH - EARLSFIELD,L75787,1434,stop,2026-04-28,14:39:00,,
CHESSINGTON SOUTH - EARLSFIELD,L75787,1434,stop,2026-04-08,14:39:00,,
CHESSINGTON SOUTH - EARLSFIELD,L75787,1434,stop,2026-04-15,14:39:00,,
CHESSINGTON SOUTH - EARLSFIELD,Q38569,1434,stop,2026-04-03,14:39:00,,
DORKING - BALHAM (4),P26681,1442,stop,2026-04-12,14:42:00,,
DORKING - BALHAM (4),P26681,1442,stop,2026-04-26,14:42:00,,
DORKING - MITCHAM EASTFIELDS,P26681,1442,stop,2026-04-19,14:42:00,,
EARLSFIELD - DORKING,P61039,1402,stop,2026-04-12,14:41:00,,
EARLSFIELD - CHESSINGTON SOUTH,P62075,1417,stop,2026-04-11,14:43:00,,
EARLSFIELD - CHESSINGTON SOUTH,Q50232,1417,stop,2026-04-06,14:43:00,,
EARLSFIELD - CHESSINGTON SOUTH,P62074,1417,stop,2026-04-03,14:43:00,,
EARLSFIELD - CHESSINGTON SOUTH,P62074,1417,stop,2026-04-02,14:43:00,,
EARLSFIELD - CHESSINGTON SOUTH,P62074,1417,stop,2026-04-09,14:43:00,,
EARLSFIELD - CHESSINGTON SOUTH,P62074,1417,stop,2026-04-23,14:43:00,,
EARLSFIELD - CHESSINGTON SOUTH,P62074,1417,stop,2026-04-16,14:43:00,,
EARLSFIELD - CHESSINGTON SOUTH,P62074,1417,stop,2026-04-08,14:43:00,,
EARLSFIELD - CHESSINGTON SOUTH,P62074,1417,stop,2026-04-27,14:43:00,,
EARLSFIELD - CHESSINGTON SOUTH,P62075,1417,stop,2026-04-04,14:43:00,,
EARLSFIELD - CHESSINGTON SOUTH,P62074,1417,stop,2026-04-07,14:43:00,,
EARLSFIELD - CHESSINGTON SOUTH,P62075,1417,stop,2026-04-25,14:43:00,,
EARLSFIELD - CHESSINGTON SOUTH,Q38585,1417,stop,2026-04-03,14:43:00,,
EARLSFIELD - CHESSINGTON SOUTH,P62074,1417,stop,2026-04-22,14:43:00,,
EARLSFIELD - CHESSINGTON SOUTH,P62074,1417,stop,2026-04-28,14:43:00,,
EARLSFIELD - CHESSINGTON SOUTH,P62075,1417,stop,2026-04-18,14:43:00,,
EARLSFIELD - CHESSINGTON SOUTH,P62074,1417,stop,2026-04-01,14:43:00,,
EARLSFIELD - CHESSINGTON SOUTH,P62074,1417,stop,2026-04-06,14:43:00,,
EARLSFIELD - CHESSINGTON SOUTH,P62074,1417,stop,2026-04-14,14:43:00,,
EARLSFIELD - CHESSINGTON SOUTH,P62074,1417,stop,2026-04-21,14:43:00,,
EARLSFIELD - CHESSINGTON SOUTH,P62074,1417,stop,2026-04-20,14:43:00,,
EARLSFIELD - CHESSINGTON SOUTH,P62074,1417,stop,2026-04-29,14:43:00,,
EARLSFIELD - CHESSINGTON SOUTH,P62074,1417,stop,2026-04-30,14:43:00,,
EARLSFIELD - CHESSINGTON SOUTH,P62074,1417,stop,2026-04-24,14:43:00,,
EARLSFIELD - CHESSINGTON SOUTH,P62074,1417,stop,2026-04-13,14:43:00,,
EARLSFIELD - CHESSINGTON SOUTH,P62074,1417,stop,2026-04-15,14:43:00,,
GUILDFORD - EARLSFIELD,L74266,1420,stop,2026-04-19,14:45:00,,
GUILDFORD - EARLSFIELD,L74266,1420,stop,2026-04-26,14:45:00,,
GUILDFORD - EARLSFIELD,L74266,1420,stop,2026-04-05,14:45:00,,
CHESSINGTON SOUTH - EARLSFIELD,L75789,1439,stop,2026-04-19,14:44:00,,
CHESSINGTON SOUTH - EARLSFIELD,L75789,1439,stop,2026-04-05,14:44:00,,
CHESSINGTON SOUTH - EARLSFIELD,L75789,1439,stop,2026-04-12,14:44:00,,
CHESSINGTON SOUTH - EARLSFIELD,L75789,1439,stop,2026-04-26,14:44:00,,
EARLSFIELD - CHESSINGTON SOUTH,P62074,1417,stop,2026-04-10,14:43:00,,
EARLSFIELD - CHESSINGTON SOUTH,P62074,1417,stop,2026-04-17,14:43:00,,
GUILDFORD - EARLSFIELD,L74266,1420,stop,2026-04-12,14:45:00,,
DORKING - BALHAM (5),P26681,1446,stop,2026-04-05,14:46:00,,
EARLSFIELD - CHESSINGTON SOUTH,P62076,1421,stop,2026-04-26,14:47:00,,
EARLSFIELD - CHESSINGTON SOUTH,P62076,1421,stop,2026-04-19,14:47:00,,
EARLSFIELD - CHESSINGTON SOUTH,P62076,1421,stop,2026-04-12,14:47:00,,
EARLSFIELD - DORKING,P61037,1423,stop,2026-04-16,14:48:00,,
EARLSFIELD - DORKING,P61037,1423,stop,2026-04-29,14:48:00,,
EARLSFIELD - DORKING,P61037,1423,stop,2026-04-30,14:48:00,,
EARLSFIELD - DORKING,P61037,1423,stop,2026-04-13,14:48:00,,
EARLSFIELD - DORKING,Q50223,1423,stop,2026-04-06,14:48:00,,
EARLSFIELD - DORKING,P61038,1423,stop,2026-04-04,14:48:00,,
EARLSFIELD - DORKING,P61037,1423,stop,2026-04-15,14:48:00,,
EARLSFIELD - DORKING,P61037,1423,stop,2026-04-06,14:48:00,,
EARLSFIELD - DORKING,P61037,1423,stop,2026-04-23,14:48:00,,
EARLSFIELD - DORKING,P61038,1423,stop,2026-04-11,14:48:00,,
EARLSFIELD - DORKING,P61037,1423,stop,2026-04-02,14:48:00,,
EARLSFIELD - DORKING,P61037,1423,stop,2026-04-09,14:48:00,,
EARLSFIELD - DORKING,P61038,1423,stop,2026-04-25,14:48:00,,
EARLSFIELD - DORKING,P61037,1423,stop,2026-04-21,14:48:00,,
EARLSFIELD - DORKING,P61037,1423,stop,2026-04-20,14:48:00,,
EARLSFIELD - DORKING,P61037,1423,stop,2026-04-27,14:48:00,,
EARLSFIELD - DORKING,P61037,1423,stop,2026-04-24,14:48:00,,
EARLSFIELD - DORKING,P61037,1423,stop,2026-04-22,14:48:00,,
EARLSFIELD - DORKING,P61037,1423,stop,2026-04-17,14:48:00,,
EARLSFIELD - DORKING,P61037,1423,stop,2026-04-07,14:48:00,,
EARLSFIELD - DORKING,P61038,1423,stop,2026-04-18,14:48:00,,
EARLSFIELD - DORKING,P61037,1423,stop,2026-04-14,14:48:00,,
EARLSFIELD - DORKING,P61037,1423,stop,2026-04-08,14:48:00,,
EARLSFIELD - DORKING,P61037,1423,stop,2026-04-03,14:48:00,,
EARLSFIELD - DORKING,Q38582,1423,stop,2026-04-03,14:48:00,,
DORKING - WORCESTER PARK,Q54841,1450,stop,2026-04-12,14:50:00,,
EARLSFIELD - CHESSINGTON SOUTH,P62076,1424,stop,2026-04-05,14:50:00,,
EARLSFIELD - DORKING,P61037,1423,stop,2026-04-10,14:48:00,,
EARLSFIELD - DORKING,P61037,1423,stop,2026-04-01,14:48:00,,
EARLSFIELD - DORKING,P61037,1423,stop,2026-04-28,14:48:00,,
BALHAM - DORKING,P26670,1411,stop,2026-04-13,14:57:00,,
BALHAM - DORKING (3),P26672,1408,stop,2026-04-12,14:56:00,,
MITCHAM EASTFIELDS - DORKING,P26672,1408,stop,2026-04-19,14:56:00,,
BALHAM - DORKING (3),P26672,1408,stop,2026-04-26,14:56:00,,
BALHAM - DORKING,P26671,1411,stop,2026-04-04,14:57:00,,
BALHAM - DORKING,P26670,1411,stop,2026-04-23,14:57:00,,
BALHAM - DORKING,P26670,1411,stop,2026-04-08,14:57:00,,
BALHAM - DORKING,P26670,1411,stop,2026-04-03,14:57:00,,
BALHAM - DORKING,P26670,1411,stop,2026-04-17,14:57:00,,
BALHAM - DORKING,P26670,1411,stop,2026-04-06,14:57:00,,
BALHAM - DORKING,P26670,1411,stop,2026-04-22,14:57:00,,
BALHAM - DORKING,P26670,1411,stop,2026-04-21,14:57:00,,
BALHAM - DORKING,X96289,1411,stop,2026-04-03,14:57:00,,
BALHAM - DORKING,P26670,1411,stop,2026-04-07,14:57:00,,
BALHAM - DORKING,P26670,1411,stop,2026-04-24,14:57:00,,
BALHAM - DORKING,P26671,1411,stop,2026-04-25,14:57:00,,
BALHAM - DORKING,P26670,1411,stop,2026-04-09,14:57:00,,
BALHAM - DORKING,P26670,1411,stop,2026-04-10,14:57:00,,
BALHAM - DORKING,P26670,1411,stop,2026-04-02,14:57:00,,
BALHAM - DORKING,P26670,1411,stop,2026-04-28,14:57:00,,
BALHAM - DORKING,P26670,1411,stop,2026-04-01,14:57:00,,
BALHAM - DORKING,P26670,1411,stop,2026-04-20,14:57:00,,
BALHAM - DORKING,P26670,1411,stop,2026-04-30,14:57:00,,
BALHAM - DORKING,X00947,1411,stop,2026-04-06,14:57:00,,
BALHAM - DORKING,P26670,1411,stop,2026-04-27,14:57:00,,
BALHAM - DORKING,P26670,1411,stop,2026-04-15,14:57:00,,
BALHAM - DORKING,P26670,1411,stop,2026-04-14,14:57:00,,
BALHAM - DORKING,P26670,1411,stop,2026-04-16,14:57:00,,
BALHAM - DORKING,P26671,1411,stop,2026-04-11,14:57:00,,
BALHAM - DORKING,P26670,1411,stop,2026-04-29,14:57:00,,
EARLSFIELD - GUILDFORD (2),P61605,1432,stop,2026-04-05,14:58:00,,
EARLSFIELD - GUILDFORD (2),P61605,1432,stop,2026-04-26,14:58:00,,
EARLSFIELD - GUILDFORD (2),P61605,1432,stop,2026-04-19,14:58:00,,
BALHAM - DORKING (6),P26672,1408,stop,2026-04-05,15:00:00,,
WORCESTER PARK - EARLSFIELD,L74266,1502,stop,2026-04-12,15:02:00,,
DORKING - SUTTON (SURREY),X04883,1503,stop,2026-04-12,15:03:00,,
SUTTON (SURREY) - DORKING,X04922,1425,stop,2026-04-12,15:02:00,,
WORCESTER PARK - DORKING,Q54893,1505,stop,2026-04-12,15:05:00,,
CHESSINGTON SOUTH - EARLSFIELD,L75793,1504,stop,2026-04-17,15:09:00,,
CHESSINGTON SOUTH - EARLSFIELD,L75793,1504,stop,2026-04-20,15:09:00,,
CHESSINGTON SOUTH - EARLSFIELD,Q88752,1504,stop,2026-04-03,15:09:00,,
CHESSINGTON SOUTH - EARLSFIELD,L75793,1504,stop,2026-04-09,15:09:00,,
CHESSINGTON SOUTH - EARLSFIELD,L75793,1504,stop,2026-04-28,15:09:00,,
CHESSINGTON SOUTH - EARLSFIELD,L75793,1504,stop,2026-04-13,15:09:00,,
CHESSINGTON SOUTH - EARLSFIELD,L75793,1504,stop,2026-04-01,15:09:00,,
CHESSINGTON SOUTH - EARLSFIELD,L75793,1504,stop,2026-04-03,15:09:00,,
DORKING - EARLSFIELD,P61048,1507,stop,2026-04-05,15:07:00,,
DORKING - EARLSFIELD,P61048,1507,stop,2026-04-26,15:07:00,,
DORKING - EARLSFIELD,P61048,1507,stop,2026-04-12,15:07:00,,
DORKING - EARLSFIELD,P61048,1507,stop,2026-04-19,15:07:00,,
CHESSINGTON SOUTH - EARLSFIELD,L75793,1504,stop,2026-04-02,15:09:00,,
CHESSINGTON SOUTH - EARLSFIELD,L75793,1504,stop,2026-04-22,15:09:00,,
CHESSINGTON SOUTH - EARLSFIELD,L75794,1504,stop,2026-04-11,15:09:00,,
CHESSINGTON SOUTH - EARLSFIELD,L75793,1504,stop,2026-04-21,15:09:00,,
CHESSINGTON SOUTH - EARLSFIELD,L75794,1504,stop,2026-04-25,15:09:00,,
CHESSINGTON SOUTH - EARLSFIELD,L75793,1504,stop,2026-04-29,15:09:00,,
CHESSINGTON SOUTH - EARLSFIELD,L75793,1504,stop,2026-04-24,15:09:00,,
CHESSINGTON SOUTH - EARLSFIELD,L75793,1504,stop,2026-04-10,15:09:00,,
CHESSINGTON SOUTH - EARLSFIELD,L75793,1504,stop,2026-04-27,15:09:00,,
CHESSINGTON SOUTH - EARLSFIELD,L75793,1504,stop,2026-04-08,15:09:00,,
CHESSINGTON SOUTH - EARLSFIELD,L75793,1504,stop,2026-04-14,15:09:00,,
CHESSINGTON SOUTH - EARLSFIELD,L75794,1504,stop,2026-04-18,15:09:00,,
CHESSINGTON SOUTH - EARLSFIELD,L75793,1504,stop,2026-04-23,15:09:00,,
CHESSINGTON SOUTH - EARLSFIELD,L75793,1504,stop,2026-04-15,15:09:00,,
CHESSINGTON SOUTH - EARLSFIELD,L75793,1504,stop,2026-04-07,15:09:00,,
CHESSINGTON SOUTH - EARLSFIELD,L75793,1504,stop,2026-04-16,15:09:00,,
GUILDFORD - EARLSFIELD,L74270,1445,stop,2026-04-22,15:10:00,,
GUILDFORD - EARLSFIELD,L74270,1445,stop,2026-04-01,15:10:00,,
GUILDFORD - EARLSFIELD,L74270,1445,stop,2026-04-07,15:10:00,,
GUILDFORD - EARLSFIELD,L74270,1445,stop,2026-04-14,15:10:00,,
GUILDFORD - EARLSFIELD,L74270,1445,stop,2026-04-28,15:10:00,,
GUILDFORD - EARLSFIELD,L74270,1445,stop,2026-04-06,15:10:00,,
GUILDFORD - EARLSFIELD,L74270,1445,stop,2026-04-13,15:10:00,,
GUILDFORD - EARLSFIELD,Q50139,1445,stop,2026-04-06,15:10:00,,
GUILDFORD - EARLSFIELD,L74271,1445,stop,2026-04-11,15:10:00,,
GUILDFORD - EARLSFIELD,L74270,1445,stop,2026-04-16,15:10:00,,
CHESSINGTON SOUTH - EARLSFIELD,Q50095,1504,stop,2026-04-06,15:09:00,,
CHESSINGTON SOUTH - EARLSFIELD,L75794,1504,stop,2026-04-04,15:09:00,,
CHESSINGTON SOUTH - EARLSFIELD,L75793,1504,stop,2026-04-06,15:09:00,,
CHESSINGTON SOUTH - EARLSFIELD,L75793,1504,stop,2026-04-30,15:09:00,,
GUILDFORD - EARLSFIELD,L74271,1445,stop,2026-04-25,15:10:00,,
GUILDFORD - EARLSFIELD,L74270,1445,stop,2026-04-08,15:10:00,,
GUILDFORD - EARLSFIELD,L74271,1445,stop,2026-04-18,15:10:00,,
GUILDFORD - EARLSFIELD,L74270,1445,stop,2026-04-29,15:10:00,,
GUILDFORD - EARLSFIELD,L74270,1445,stop,2026-04-10,15:10:00,,
GUILDFORD - EARLSFIELD,L74270,1445,stop,2026-04-24,15:10:00,,
GUILDFORD - EARLSFIELD,L74271,1445,stop,2026-04-04,15:10:00,,
GUILDFORD - EARLSFIELD,Q88878,1445,stop,2026-04-03,15:10:00,,
GUILDFORD - EARLSFIELD,L74270,1445,stop,2026-04-15,15:10:00,,
GUILDFORD - EARLSFIELD,L74270,1445,stop,2026-04-09,15:10:00,,
GUILDFORD - EARLSFIELD,L74270,1445,stop,2026-04-23,15:10:00,,
GUILDFORD - EARLSFIELD,L74270,1445,stop,2026-04-30,15:10:00,,
GUILDFORD - EARLSFIELD,L74270,1445,stop,2026-04-03,15:10:00,,
MITCHAM EASTFIELDS - DORKING (2),P26671,1420,stop,2026-04-18,15:10:00,,
GUILDFORD - EARLSFIELD,L74270,1445,stop,2026-04-17,15:10:00,,
GUILDFORD - EARLSFIELD,L74270,1445,stop,2026-04-27,15:10:00,,
GUILDFORD - EARLSFIELD,L74270,1445,stop,2026-04-20,15:10:00,,
GUILDFORD - EARLSFIELD,L74270,1445,stop,2026-04-02,15:10:00,,
GUILDFORD - EARLSFIELD,L74270,1445,stop,2026-04-21,15:10:00,,
EARLSFIELD - GUILDFORD (2),P61605,1432,stop,2026-04-12,15:11:00,,
EARLSFIELD - CHESSINGTON SOUTH,P62077,1447,stop,2026-04-09,15:13:00,,
EARLSFIELD - CHESSINGTON SOUTH,P62078,1447,stop,2026-04-04,15:13:00,,
EARLSFIELD - CHESSINGTON SOUTH,P62077,1447,stop,2026-04-20,15:13:00,,
EARLSFIELD - CHESSINGTON SOUTH,P62077,1447,stop,2026-04-23,15:13:00,,
EARLSFIELD - CHESSINGTON SOUTH,P62077,1447,stop,2026-04-22,15:13:00,,
EARLSFIELD - CHESSINGTON SOUTH,P62077,1447,stop,2026-04-28,15:13:00,,
EARLSFIELD - CHESSINGTON SOUTH,P62077,1447,stop,2026-04-29,15:13:00,,
DORKING - BALHAM (4),P26687,1512,stop,2026-04-12,15:12:00,,
DORKING - MITCHAM EASTFIELDS,P26687,1512,stop,2026-04-19,15:12:00,,
DORKING - BALHAM (4),P26687,1512,stop,2026-04-26,15:12:00,,
EARLSFIELD - CHESSINGTON SOUTH,P62077,1447,stop,2026-04-21,15:13:00,,
EARLSFIELD - CHESSINGTON SOUTH,P62077,1447,stop,2026-04-24,15:13:00,,
EARLSFIELD - CHESSINGTON SOUTH,P62077,1447,stop,2026-04-27,15:13:00,,
EARLSFIELD - CHESSINGTON SOUTH,P62078,1447,stop,2026-04-25,15:13:00,,
EARLSFIELD - CHESSINGTON SOUTH,P62077,1447,stop,2026-04-30,15:13:00,,
EARLSFIELD - CHESSINGTON SOUTH,Q50135,1447,stop,2026-04-06,15:13:00,,
EARLSFIELD - CHESSINGTON SOUTH,P62077,1447,stop,2026-04-06,15:13:00,,
EARLSFIELD - CHESSINGTON SOUTH,P62077,1447,stop,2026-04-07,15:13:00,,
EARLSFIELD - CHESSINGTON SOUTH,P62077,1447,stop,2026-04-01,15:13:00,,
EARLSFIELD - CHESSINGTON SOUTH,P62077,1447,stop,2026-04-15,15:13:00,,
EARLSFIELD - CHESSINGTON SOUTH,P62077,1447,stop,2026-04-03,15:13:00,,
EARLSFIELD - CHESSINGTON SOUTH,P62078,1447,stop,2026-04-11,15:13:00,,
EARLSFIELD - CHESSINGTON SOUTH,Q88755,1447,stop,2026-04-03,15:13:00,,
EARLSFIELD - CHESSINGTON SOUTH,P62078,1447,stop,2026-04-18,15:13:00,,
CHESSINGTON SOUTH - EARLSFIELD,L75795,1509,stop,2026-04-05,15:14:00,,
CHESSINGTON SOUTH - EARLSFIELD,L75795,1509,stop,2026-04-12,15:14:00,,
EARLSFIELD - CHESSINGTON SOUTH,P62077,1447,stop,2026-04-16,15:13:00,,
EARLSFIELD - CHESSINGTON SOUTH,P62077,1447,stop,2026-04-02,15:13:00,,
EARLSFIELD - CHESSINGTON SOUTH,P62077,1447,stop,2026-04-13,15:13:00,,
EARLSFIELD - CHESSINGTON SOUTH,P62077,1447,stop,2026-04-17,15:13:00,,
EARLSFIELD - CHESSINGTON SOUTH,P62077,1447,stop,2026-04-08,15:13:00,,
EARLSFIELD - CHESSINGTON SOUTH,P62077,1447,stop,2026-04-10,15:13:00,,
EARLSFIELD - CHESSINGTON SOUTH,P62077,1447,stop,2026-04-14,15:13:00,,
CHESSINGTON SOUTH - EARLSFIELD,L75795,1509,stop,2026-04-26,15:14:00,,
CHESSINGTON SOUTH - EARLSFIELD,L75795,1509,stop,2026-04-19,15:14:00,,
DORKING - BALHAM (3),P26685,1517,stop,2026-04-20,15:17:00,,
DORKING - BALHAM (5),P26687,1516,stop,2026-04-05,15:16:00,,
EARLSFIELD - CHESSINGTON SOUTH,P62079,1451,stop,2026-04-05,15:17:00,,
DORKING - BALHAM (3),P26685,1517,stop,2026-04-17,15:17:00,,
DORKING - BALHAM (3),P26685,1517,stop,2026-04-29,15:17:00,,
DORKING - BALHAM (3),X00952,1517,stop,2026-04-06,15:17:00,,
DORKING - BALHAM (3),P26686,1517,stop,2026-04-04,15:17:00,,
DORKING - MITCHAM EASTFIELDS (2),P26686,1517,stop,2026-04-18,15:17:00,,
DORKING - BALHAM (3),P26685,1517,stop,2026-04-14,15:17:00,,
DORKING - BALHAM (3),P26685,1517,stop,2026-04-06,15:17:00,,
DORKING - BALHAM (3),P26686,1517,stop,2026-04-11,15:17:00,,
DORKING - BALHAM (3),P26685,1517,stop,2026-04-10,15:17:00,,
DORKING - BALHAM (3),P26685,1517,stop,2026-04-01,15:17:00,,
DORKING - BALHAM (3),P26685,1517,stop,2026-04-15,15:17:00,,
DORKING - BALHAM (3),P26685,1517,stop,2026-04-02,15:17:00,,
EARLSFIELD - CHESSINGTON SOUTH,P62079,1451,stop,2026-04-26,15:17:00,,
DORKING - BALHAM (3),P26685,1517,stop,2026-04-07,15:17:00,,
DORKING - BALHAM (3),P26685,1517,stop,2026-04-08,15:17:00,,
DORKING - BALHAM (3),P26685,1517,stop,2026-04-23,15:17:00,,
DORKING - BALHAM (3),P26685,1517,stop,2026-04-22,15:17:00,,
DORKING - BALHAM (3),P26685,1517,stop,2026-04-21,15:17:00,,
EARLSFIELD - CHESSINGTON SOUTH,P62079,1451,stop,2026-04-12,15:17:00,,
DORKING - BALHAM (3),X96198,1517,stop,2026-04-03,15:17:00,,
DORKING - BALHAM (3),P26685,1517,stop,2026-04-30,15:17:00,,
EARLSFIELD - CHESSINGTON SOUTH,P62079,1451,stop,2026-04-19,15:17:00,,
DORKING - BALHAM (3),P26685,1517,stop,2026-04-03,15:17:00,,
DORKING - BALHAM (3),P26685,1517,stop,2026-04-24,15:17:00,,
DORKING - BALHAM (3),P26685,1517,stop,2026-04-16,15:17:00,,
DORKING - BALHAM (3),P26685,1517,stop,2026-04-13,15:17:00,,
DORKING - BALHAM (3),P26686,1517,stop,2026-04-25,15:17:00,,
DORKING - BALHAM (3),P26685,1517,stop,2026-04-27,15:17:00,,
DORKING - BALHAM (3),P26685,1517,stop,2026-04-28,15:17:00,,
DORKING - BALHAM (3),P26685,1517,stop,2026-04-09,15:17:00,,
EARLSFIELD - GUILDFORD (2),P61603,1453,stop,2026-04-13,15:18:00,,
EARLSFIELD - GUILDFORD (2),P61603,1453,stop,2026-04-02,15:18:00,,
EARLSFIELD - GUILDFORD (2),Q50121,1453,stop,2026-04-06,15:18:00,,
EARLSFIELD - GUILDFORD (2),P61603,1453,stop,2026-04-14,15:18:00,,
EARLSFIELD - GUILDFORD (2),P61604,1453,stop,2026-04-18,15:18:00,,
EARLSFIELD - GUILDFORD (2),P61603,1453,stop,2026-04-10,15:18:00,,
EARLSFIELD - GUILDFORD (2),P61603,1453,stop,2026-04-16,15:18:00,,
EARLSFIELD - GUILDFORD (2),P61604,1453,stop,2026-04-04,15:18:00,,
EARLSFIELD - GUILDFORD (2),P61603,1453,stop,2026-04-22,15:18:00,,
EARLSFIELD - GUILDFORD (2),P61604,1453,stop,2026-04-25,15:18:00,,
EARLSFIELD - GUILDFORD (2),P61603,1453,stop,2026-04-29,15:18:00,,
EARLSFIELD - GUILDFORD (2),P61603,1453,stop,2026-04-03,15:18:00,,
EARLSFIELD - GUILDFORD (2),Q38558,1453,stop,2026-04-03,15:18:00,,
EARLSFIELD - GUILDFORD (2),P61603,1453,stop,2026-04-28,15:18:00,,
EARLSFIELD - GUILDFORD (2),P61603,1453,stop,2026-04-15,15:18:00,,
EARLSFIELD - GUILDFORD (2),P61604,1453,stop,2026-04-11,15:18:00,,
EARLSFIELD - GUILDFORD (2),P61603,1453,stop,2026-04-20,15:18:00,,
EARLSFIELD - GUILDFORD (2),P61603,1453,stop,2026-04-01,15:18:00,,
EARLSFIELD - GUILDFORD (2),P61603,1453,stop,2026-04-30,15:18:00,,
EARLSFIELD - GUILDFORD (2),P61603,1453,stop,2026-04-08,15:18:00,,
EARLSFIELD - GUILDFORD (2),P61603,1453,stop,2026-04-23,15:18:00,,
EARLSFIELD - GUILDFORD (2),P61603,1453,stop,2026-04-17,15:18:00,,
EARLSFIELD - GUILDFORD (2),P61603,1453,stop,2026-04-27,15:18:00,,
EARLSFIELD - GUILDFORD (2),P61603,1453,stop,2026-04-07,15:18:00,,
EARLSFIELD - GUILDFORD (2),P61603,1453,stop,2026-04-21,15:18:00,,
EARLSFIELD - GUILDFORD (2),P61603,1453,stop,2026-04-24,15:18:00,,
EARLSFIELD - GUILDFORD (2),P61603,1453,stop,2026-04-09,15:18:00,,
EARLSFIELD - GUILDFORD (2),P61603,1453,stop,2026-04-06,15:18:00,,
HORSHAM - BALHAM,P26691,1514,stop,2026-04-15,15:26:00,,
HORSHAM - BALHAM,P26691,1514,stop,2026-04-03,15:26:00,,
HORSHAM - BALHAM,P26691,1514,stop,2026-04-10,15:26:00,,
HORSHAM - BALHAM,P26691,1514,stop,2026-04-16,15:26:00,,
HORSHAM - BALHAM,P26691,1514,stop,2026-04-28,15:26:00,,
HORSHAM - BALHAM,P26691,1514,stop,2026-04-14,15:26:00,,
HORSHAM - BALHAM,P26692,1514,stop,2026-04-11,15:26:00,,
BALHAM - DORKING (3),P26678,1438,stop,2026-04-12,15:26:00,,
HORSHAM - BALHAM,P26691,1514,stop,2026-04-06,15:26:00,,
HORSHAM - BALHAM,P26691,1514,stop,2026-04-01,15:26:00,,
HORSHAM - BALHAM,P26691,1514,stop,2026-04-24,15:26:00,,
MITCHAM EASTFIELDS - DORKING,P26678,1438,stop,2026-04-19,15:26:00,,
HORSHAM - BALHAM,P26691,1514,stop,2026-04-09,15:26:00,,
HORSHAM - BALHAM,P26691,1514,stop,2026-04-27,15:26:00,,
HORSHAM - BALHAM,P26691,1514,stop,2026-04-29,15:26:00,,
HORSHAM - BALHAM,P26691,1514,stop,2026-04-22,15:26:00,,
HORSHAM - BALHAM,P26691,1514,stop,2026-04-08,15:26:00,,
HORSHAM - BALHAM,X96203,1514,stop,2026-04-03,15:26:00,,
HORSHAM - BALHAM,P26692,1514,stop,2026-04-04,15:26:00,,
HORSHAM - BALHAM,P26691,1514,stop,2026-04-07,15:26:00,,
HORSHAM - BALHAM,P26691,1514,stop,2026-04-02,15:26:00,,
HORSHAM - BALHAM,P26691,1514,stop,2026-04-17,15:26:00,,
EARLSFIELD - DORKING,P61045,1502,stop,2026-04-19,15:27:00,,
EARLSFIELD - DORKING,P61045,1502,stop,2026-04-05,15:27:00,,
EARLSFIELD - DORKING,P61045,1502,stop,2026-04-26,15:27:00,,
HORSHAM - BALHAM,P26691,1514,stop,2026-04-20,15:26:00,,
HORSHAM - BALHAM,P26691,1514,stop,2026-04-30,15:26:00,,
BALHAM - DORKING (3),P26678,1438,stop,2026-04-26,15:26:00,,
HORSHAM - BALHAM,P26691,1514,stop,2026-04-23,15:26:00,,
HORSHAM - BALHAM,P26691,1514,stop,2026-04-13,15:26:00,,
HORSHAM - BALHAM,P26692,1514,stop,2026-04-25,15:26:00,,
HORSHAM - BALHAM,P26691,1514,stop,2026-04-21,15:26:00,,
HORSHAM - BALHAM,X00954,1514,stop,2026-04-06,15:26:00,,
BALHAM - HORSHAM,P26676,1441,stop,2026-04-22,15:29:00,,
BALHAM - HORSHAM,P26676,1441,stop,2026-04-24,15:29:00,,
BALHAM - HORSHAM,P26676,1441,stop,2026-04-03,15:29:00,,
BALHAM - HORSHAM,X96249,1441,stop,2026-04-03,15:29:00,,
BALHAM - HORSHAM,P26677,1441,stop,2026-04-04,15:29:00,,
BALHAM - HORSHAM,P26676,1441,stop,2026-04-23,15:29:00,,
BALHAM - HORSHAM,P26676,1441,stop,2026-04-07,15:29:00,,
BALHAM - HORSHAM,P26676,1441,stop,2026-04-29,15:29:00,,
BALHAM - HORSHAM,P26676,1441,stop,2026-04-10,15:29:00,,
BALHAM - HORSHAM,P26676,1441,stop,2026-04-30,15:29:00,,
BALHAM - HORSHAM,P26676,1441,stop,2026-04-08,15:29:00,,
BALHAM - HORSHAM,X00949,1441,stop,2026-04-06,15:29:00,,
BALHAM - HORSHAM,P26677,1441,stop,2026-04-25,15:29:00,,
BALHAM - HORSHAM,P26676,1441,stop,2026-04-14,15:29:00,,
BALHAM - HORSHAM,P26676,1441,stop,2026-04-17,15:29:00,,
BALHAM - HORSHAM,P26676,1441,stop,2026-04-01,15:29:00,,
BALHAM - HORSHAM,P26676,1441,stop,2026-04-16,15:29:00,,
BALHAM - HORSHAM,P26676,1441,stop,2026-04-20,15:29:00,,
BALHAM - HORSHAM,P26676,1441,stop,2026-04-13,15:29:00,,
BALHAM - HORSHAM,P26676,1441,stop,2026-04-02,15:29:00,,
BALHAM - HORSHAM,P26677,1441,stop,2026-04-11,15:29:00,,
BALHAM - HORSHAM,P26676,1441,stop,2026-04-21,15:29:00,,
BALHAM - HORSHAM,P26676,1441,stop,2026-04-09,15:29:00,,
BALHAM - HORSHAM,P26676,1441,stop,2026-04-15,15:29:00,,
BALHAM - DORKING (6),P26678,1438,stop,2026-04-05,15:30:00,,
BALHAM - HORSHAM,P26676,1441,stop,2026-04-06,15:29:00,,
BALHAM - HORSHAM,P26676,1441,stop,2026-04-27,15:29:00,,
BALHAM - HORSHAM,P26676,1441,stop,2026-04-28,15:29:00,,
HORSHAM - MITCHAM EASTFIELDS,P26692,1520,stop,2026-04-18,15:31:00,,
DORKING - EARLSFIELD,Q50045,1532,stop,2026-04-06,15:32:00,,
DORKING - EARLSFIELD,P61052,1532,stop,2026-04-09,15:32:00,,
DORKING - EARLSFIELD,P61052,1532,stop,2026-04-30,15:32:00,,
DORKING - EARLSFIELD,P61052,1532,stop,2026-04-29,15:32:00,,
DORKING - EARLSFIELD,P61052,1532,stop,2026-04-28,15:32:00,,
DORKING - EARLSFIELD,P61052,1532,stop,2026-04-27,15:32:00,,
DORKING - EARLSFIELD,P61052,1532,stop,2026-04-10,15:32:00,,
DORKING - EARLSFIELD,P61053,1532,stop,2026-04-11,15:32:00,,
DORKING - EARLSFIELD,P61053,1532,stop,2026-04-25,15:32:00,,
DORKING - EARLSFIELD,P61052,1532,stop,2026-04-23,15:32:00,,
DORKING - EARLSFIELD,P61052,1532,stop,2026-04-24,15:32:00,,
DORKING - EARLSFIELD,P61053,1532,stop,2026-04-04,15:32:00,,
DORKING - EARLSFIELD,P61052,1532,stop,2026-04-06,15:32:00,,
DORKING - EARLSFIELD,P61052,1532,stop,2026-04-07,15:32:00,,
WORCESTER PARK - EARLSFIELD,P61048,1532,stop,2026-04-12,15:32:00,,
DORKING - EARLSFIELD,P61052,1532,stop,2026-04-08,15:32:00,,
DORKING - EARLSFIELD,P61052,1532,stop,2026-04-22,15:32:00,,
DORKING - EARLSFIELD,Q38529,1532,stop,2026-04-03,15:32:00,,
DORKING - EARLSFIELD,P61052,1532,stop,2026-04-02,15:32:00,,
DORKING - EARLSFIELD,P61052,1532,stop,2026-04-01,15:32:00,,
DORKING - EARLSFIELD,P61052,1532,stop,2026-04-13,15:32:00,,
DORKING - EARLSFIELD,P61052,1532,stop,2026-04-14,15:32:00,,
SUTTON (SURREY) - DORKING,X04921,1455,stop,2026-04-12,15:32:00,,
DORKING - EARLSFIELD,P61052,1532,stop,2026-04-15,15:32:00,,
DORKING - EARLSFIELD,P61053,1532,stop,2026-04-18,15:32:00,,
DORKING - EARLSFIELD,P61052,1532,stop,2026-04-17,15:32:00,,
DORKING - EARLSFIELD,P61052,1532,stop,2026-04-16,15:32:00,,
DORKING - SUTTON (SURREY),X04882,1533,stop,2026-04-12,15:33:00,,
DORKING - EARLSFIELD,P61052,1532,stop,2026-04-03,15:32:00,,
DORKING - EARLSFIELD,P61052,1532,stop,2026-04-20,15:32:00,,
DORKING - EARLSFIELD,P61052,1532,stop,2026-04-21,15:32:00,,
EFFINGHAM JUNCTION - WORCESTER PARK,Q54768,1515,stop,2026-04-12,15:35:00,,
WORCESTER PARK - EFFINGHAM JUNCTION,Q54804,1535,stop,2026-04-12,15:35:00,,
CHESSINGTON SOUTH - EARLSFIELD,L75799,1534,stop,2026-04-27,15:39:00,,
CHESSINGTON SOUTH - EARLSFIELD,L75799,1534,stop,2026-04-15,15:39:00,,
CHESSINGTON SOUTH - EARLSFIELD,L75799,1534,stop,2026-04-01,15:39:00,,
CHESSINGTON SOUTH - EARLSFIELD,L75799,1534,stop,2026-04-10,15:39:00,,
CHESSINGTON SOUTH - EARLSFIELD,L75799,1534,stop,2026-04-21,15:39:00,,
CHESSINGTON SOUTH - EARLSFIELD,L75799,1534,stop,2026-04-02,15:39:00,,
CHESSINGTON SOUTH - EARLSFIELD,L75799,1534,stop,2026-04-24,15:39:00,,
CHESSINGTON SOUTH - EARLSFIELD,L75799,1534,stop,2026-04-14,15:39:00,,
MITCHAM EASTFIELDS - HORSHAM (2),P26677,1450,stop,2026-04-18,15:38:00,,
CHESSINGTON SOUTH - EARLSFIELD,L75799,1534,stop,2026-04-07,15:39:00,,
CHESSINGTON SOUTH - EARLSFIELD,L75799,1534,stop,2026-04-03,15:39:00,,
CHESSINGTON SOUTH - EARLSFIELD,L75799,1534,stop,2026-04-13,15:39:00,,
CHESSINGTON SOUTH - EARLSFIELD,L75799,1534,stop,2026-04-16,15:39:00,,
CHESSINGTON SOUTH - EARLSFIELD,L75799,1534,stop,2026-04-30,15:39:00,,
CHESSINGTON SOUTH - EARLSFIELD,L75800,1534,stop,2026-04-04,15:39:00,,
CHESSINGTON SOUTH - EARLSFIELD,L75800,1534,stop,2026-04-25,15:39:00,,
CHESSINGTON SOUTH - EARLSFIELD,L75799,1534,stop,2026-04-09,15:39:00,,
CHESSINGTON SOUTH - EARLSFIELD,L75799,1534,stop,2026-04-22,15:39:00,,
CHESSINGTON SOUTH - EARLSFIELD,Q50036,1534,stop,2026-04-06,15:39:00,,
CHESSINGTON SOUTH - EARLSFIELD,L75799,1534,stop,2026-04-23,15:39:00,,
CHESSINGTON SOUTH - EARLSFIELD,L75799,1534,stop,2026-04-28,15:39:00,,
CHESSINGTON SOUTH - EARLSFIELD,L75800,1534,stop,2026-04-18,15:39:00,,
CHESSINGTON SOUTH - EARLSFIELD,L75800,1534,stop,2026-04-11,15:39:00,,
CHESSINGTON SOUTH - EARLSFIELD,L75799,1534,stop,2026-04-29,15:39:00,,
CHESSINGTON SOUTH - EARLSFIELD,L75799,1534,stop,2026-04-20,15:39:00,,
CHESSINGTON SOUTH - EARLSFIELD,L75799,1534,stop,2026-04-06,15:39:00,,
CHESSINGTON SOUTH - EARLSFIELD,Q38524,1534,stop,2026-04-03,15:39:00,,
CHESSINGTON SOUTH - EARLSFIELD,L75799,1534,stop,2026-04-17,15:39:00,,
CHESSINGTON SOUTH - EARLSFIELD,L75799,1534,stop,2026-04-08,15:39:00,,
EARLSFIELD - DORKING,P61045,1502,stop,2026-04-12,15:41:00,,
DORKING - BALHAM (4),P26693,1542,stop,2026-04-12,15:42:00,,
DORKING - MITCHAM EASTFIELDS,P26693,1542,stop,2026-04-19,15:42:00,,
DORKING - BALHAM (4),P26693,1542,stop,2026-04-26,15:42:00,,
EARLSFIELD - CHESSINGTON SOUTH,P62080,1517,stop,2026-04-29,15:43:00,,
EARLSFIELD - CHESSINGTON SOUTH,P62080,1517,stop,2026-04-20,15:43:00,,
EARLSFIELD - CHESSINGTON SOUTH,P62080,1517,stop,2026-04-27,15:43:00,,
EARLSFIELD - CHESSINGTON SOUTH,P62080,1517,stop,2026-04-30,15:43:00,,
EARLSFIELD - CHESSINGTON SOUTH,P62081,1517,stop,2026-04-11,15:43:00,,
EARLSFIELD - CHESSINGTON SOUTH,P62080,1517,stop,2026-04-01,15:43:00,,
EARLSFIELD - CHESSINGTON SOUTH,P62080,1517,stop,2026-04-13,15:43:00,,
EARLSFIELD - CHESSINGTON SOUTH,P62080,1517,stop,2026-04-09,15:43:00,,
EARLSFIELD - CHESSINGTON SOUTH,P62081,1517,stop,2026-04-25,15:43:00,,
EARLSFIELD - CHESSINGTON SOUTH,P62080,1517,stop,2026-04-28,15:43:00,,
EARLSFIELD - CHESSINGTON SOUTH,P62081,1517,stop,2026-04-04,15:43:00,,
EARLSFIELD - CHESSINGTON SOUTH,P62080,1517,stop,2026-04-10,15:43:00,,
EARLSFIELD - CHESSINGTON SOUTH,P62080,1517,stop,2026-04-07,15:43:00,,
EARLSFIELD - CHESSINGTON SOUTH,P62080,1517,stop,2026-04-02,15:43:00,,
EARLSFIELD - CHESSINGTON SOUTH,Q50076,1517,stop,2026-04-06,15:43:00,,
EARLSFIELD - CHESSINGTON SOUTH,P62080,1517,stop,2026-04-14,15:43:00,,
EARLSFIELD - CHESSINGTON SOUTH,Q38542,1517,stop,2026-04-03,15:43:00,,
EARLSFIELD - CHESSINGTON SOUTH,P62080,1517,stop,2026-04-16,15:43:00,,
EARLSFIELD - CHESSINGTON SOUTH,P62080,1517,stop,2026-04-06,15:43:00,,
EARLSFIELD - CHESSINGTON SOUTH,P62080,1517,stop,2026-04-03,15:43:00,,
EARLSFIELD - CHESSINGTON SOUTH,P62080,1517,stop,2026-04-21,15:43:00,,
EARLSFIELD - CHESSINGTON SOUTH,P62080,1517,stop,2026-04-24,15:43:00,,
EARLSFIELD - CHESSINGTON SOUTH,P62080,1517,stop,2026-04-17,15:43:00,,
EARLSFIELD - CHESSINGTON SOUTH,P62080,1517,stop,2026-04-08,15:43:00,,
EARLSFIELD - CHESSINGTON SOUTH,P62080,1517,stop,2026-04-15,15:43:00,,
EARLSFIELD - CHESSINGTON SOUTH,P62080,1517,stop,2026-04-23,15:43:00,,
EARLSFIELD - CHESSINGTON SOUTH,P62080,1517,stop,2026-04-22,15:43:00,,
GUILDFORD - EARLSFIELD,L74272,1520,stop,2026-04-12,15:45:00,,
GUILDFORD - EARLSFIELD,L74272,1520,stop,2026-04-05,15:45:00,,
GUILDFORD - EARLSFIELD,L74272,1520,stop,2026-04-19,15:45:00,,
GUILDFORD - EARLSFIELD,L74272,1520,stop,2026-04-26,15:45:00,,
CHESSINGTON SOUTH - EARLSFIELD,L75801,1539,stop,2026-04-19,15:44:00,,
CHESSINGTON SOUTH - EARLSFIELD,L75801,1539,stop,2026-04-12,15:44:00,,
CHESSINGTON SOUTH - EARLSFIELD,L75801,1539,stop,2026-04-26,15:44:00,,
CHESSINGTON SOUTH - EARLSFIELD,L75801,1539,stop,2026-04-05,15:44:00,,
EARLSFIELD - CHESSINGTON SOUTH,P62081,1517,stop,2026-04-18,15:43:00,,
DORKING - BALHAM (5),P26693,1546,stop,2026-04-05,15:46:00,,
EARLSFIELD - CHESSINGTON SOUTH,P62082,1521,stop,2026-04-26,15:47:00,,
EARLSFIELD - CHESSINGTON SOUTH,P62082,1521,stop,2026-04-19,15:47:00,,
EARLSFIELD - DORKING,P61043,1523,stop,2026-04-15,15:48:00,,
EARLSFIELD - DORKING,P61043,1523,stop,2026-04-06,15:48:00,,
EARLSFIELD - DORKING,P61043,1523,stop,2026-04-10,15:48:00,,
EARLSFIELD - DORKING,P61043,1523,stop,2026-04-02,15:48:00,,
EARLSFIELD - DORKING,P61043,1523,stop,2026-04-07,15:48:00,,
EARLSFIELD - DORKING,P61043,1523,stop,2026-04-21,15:48:00,,
EARLSFIELD - DORKING,P61043,1523,stop,2026-04-22,15:48:00,,
EARLSFIELD - DORKING,P61043,1523,stop,2026-04-29,15:48:00,,
EARLSFIELD - DORKING,P61043,1523,stop,2026-04-24,15:48:00,,
EARLSFIELD - DORKING,P61043,1523,stop,2026-04-27,15:48:00,,
EARLSFIELD - DORKING,P61043,1523,stop,2026-04-17,15:48:00,,
EARLSFIELD - CHESSINGTON SOUTH,P62082,1521,stop,2026-04-12,15:47:00,,
EARLSFIELD - DORKING,P61043,1523,stop,2026-04-23,15:48:00,,
EARLSFIELD - DORKING,P61043,1523,stop,2026-04-30,15:48:00,,
EARLSFIELD - DORKING,P61043,1523,stop,2026-04-01,15:48:00,,
EARLSFIELD - DORKING,P61044,1523,stop,2026-04-11,15:48:00,,
EARLSFIELD - DORKING,P61043,1523,stop,2026-04-20,15:48:00,,
EARLSFIELD - DORKING,P61043,1523,stop,2026-04-16,15:48:00,,
EARLSFIELD - DORKING,P61043,1523,stop,2026-04-28,15:48:00,,
EARLSFIELD - DORKING,Q50067,1523,stop,2026-04-06,15:48:00,,
EARLSFIELD - DORKING,Q38538,1523,stop,2026-04-03,15:48:00,,
EARLSFIELD - DORKING,P61043,1523,stop,2026-04-03,15:48:00,,
EARLSFIELD - DORKING,P61043,1523,stop,2026-04-08,15:48:00,,
EARLSFIELD - DORKING,P61043,1523,stop,2026-04-14,15:48:00,,
EARLSFIELD - DORKING,P61043,1523,stop,2026-04-09,15:48:00,,
EARLSFIELD - DORKING,P61044,1523,stop,2026-04-18,15:48:00,,
EARLSFIELD - DORKING,P61044,1523,stop,2026-04-25,15:48:00,,
EARLSFIELD - CHESSINGTON SOUTH,P62082,1524,stop,2026-04-05,15:50:00,,
DORKING - WORCESTER PARK,Q54834,1550,stop,2026-04-12,15:50:00,,
EARLSFIELD - DORKING,P61044,1523,stop,2026-04-04,15:48:00,,
EARLSFIELD - DORKING,P61043,1523,stop,2026-04-13,15:48:00,,
GUILDFORD - EARLSFIELD,L74276,1528,stop,2026-04-22,15:54:00,,
GUILDFORD - EARLSFIELD,L74276,1528,stop,2026-04-07,15:54:00,,
GUILDFORD - EARLSFIELD,L74276,1528,stop,2026-04-27,15:54:00,,
GUILDFORD - EARLSFIELD,L74276,1528,stop,2026-04-28,15:54:00,,
GUILDFORD - EARLSFIELD,L74276,1528,stop,2026-04-14,15:54:00,,
GUILDFORD - EARLSFIELD,L74276,1528,stop,2026-04-17,15:54:00,,
GUILDFORD - EARLSFIELD,L74276,1528,stop,2026-04-09,15:54:00,,
GUILDFORD - EARLSFIELD,L74276,1528,stop,2026-04-06,15:54:00,,
GUILDFORD - EARLSFIELD,L74276,1528,stop,2026-04-21,15:54:00,,
GUILDFORD - EARLSFIELD,L74276,1528,stop,2026-04-13,15:54:00,,
GUILDFORD - EARLSFIELD,L74276,1528,stop,2026-04-02,15:54:00,,
GUILDFORD - EARLSFIELD,L74276,1528,stop,2026-04-24,15:54:00,,
GUILDFORD - EARLSFIELD,L74276,1528,stop,2026-04-16,15:54:00,,
GUILDFORD - EARLSFIELD,L74276,1528,stop,2026-04-30,15:54:00,,
GUILDFORD - EARLSFIELD,L74276,1528,stop,2026-04-10,15:54:00,,
GUILDFORD - EARLSFIELD,L74276,1528,stop,2026-04-29,15:54:00,,
GUILDFORD - EARLSFIELD,L74276,1528,stop,2026-04-20,15:54:00,,
GUILDFORD - EARLSFIELD,L74276,1528,stop,2026-04-01,15:54:00,,
GUILDFORD - EARLSFIELD,L74276,1528,stop,2026-04-23,15:54:00,,
GUILDFORD - EARLSFIELD,L74276,1528,stop,2026-04-08,15:54:00,,
GUILDFORD - EARLSFIELD,L74276,1528,stop,2026-04-03,15:54:00,,
GUILDFORD - EARLSFIELD,L74276,1528,stop,2026-04-15,15:54:00,,
BALHAM - DORKING,P26682,1511,stop,2026-04-16,15:57:00,,
BALHAM - DORKING,X96209,1511,stop,2026-04-03,15:57:00,,
BALHAM - DORKING,P26682,1511,stop,2026-04-20,15:57:00,,
BALHAM - DORKING,P26682,1511,stop,2026-04-10,15:57:00,,
BALHAM - DORKING,P26682,1511,stop,2026-04-13,15:57:00,,
BALHAM - DORKING,X00951,1511,stop,2026-04-06,15:57:00,,
BALHAM - DORKING,P26682,1511,stop,2026-04-15,15:57:00,,
BALHAM - DORKING,P26682,1511,stop,2026-04-07,15:57:00,,
BALHAM - DORKING,P26682,1511,stop,2026-04-02,15:57:00,,
BALHAM - DORKING,P26682,1511,stop,2026-04-06,15:57:00,,
BALHAM - DORKING,P26682,1511,stop,2026-04-17,15:57:00,,
BALHAM - DORKING (3),P26684,1508,stop,2026-04-26,15:56:00,,
MITCHAM EASTFIELDS - DORKING,P26684,1508,stop,2026-04-19,15:56:00,,
BALHAM - DORKING (3),P26684,1508,stop,2026-04-12,15:56:00,,
BALHAM - DORKING,P26682,1511,stop,2026-04-23,15:57:00,,
BALHAM - DORKING,P26682,1511,stop,2026-04-21,15:57:00,,
BALHAM - DORKING,P26682,1511,stop,2026-04-27,15:57:00,,
BALHAM - DORKING,P26683,1511,stop,2026-04-04,15:57:00,,
BALHAM - DORKING,P26682,1511,stop,2026-04-14,15:57:00,,
BALHAM - DORKING,P26682,1511,stop,2026-04-29,15:57:00,,
BALHAM - DORKING,P26682,1511,stop,2026-04-24,15:57:00,,
BALHAM - DORKING,P26683,1511,stop,2026-04-25,15:57:00,,
BALHAM - DORKING,P26682,1511,stop,2026-04-28,15:57:00,,
BALHAM - DORKING,P26682,1511,stop,2026-04-08,15:57:00,,
BALHAM - DORKING,P26682,1511,stop,2026-04-22,15:57:00,,
BALHAM - DORKING,P26682,1511,stop,2026-04-09,15:57:00,,
BALHAM - DORKING,P26683,1511,stop,2026-04-11,15:57:00,,
BALHAM - DORKING,P26682,1511,stop,2026-04-30,15:57:00,,
BALHAM - DORKING,P26682,1511,stop,2026-04-01,15:57:00,,
BALHAM - DORKING,P26682,1511,stop,2026-04-03,15:57:00,,
EARLSFIELD - GUILDFORD (2),P61609,1532,stop,2026-04-26,15:58:00,,
EARLSFIELD - GUILDFORD (2),P61609,1532,stop,2026-04-05,15:58:00,,
EARLSFIELD - GUILDFORD (2),P61609,1532,stop,2026-04-19,15:58:00,,
BALHAM - DORKING (6),P26684,1508,stop,2026-04-05,16:00:00,,
WORCESTER PARK - EARLSFIELD,L74272,1602,stop,2026-04-12,16:02:00,,
SUTTON (SURREY) - DORKING,X04920,1525,stop,2026-04-12,16:02:00,,
WORCESTER PARK - DORKING,Q54892,1605,stop,2026-04-12,16:05:00,,
DORKING - SUTTON (SURREY),X04881,1603,stop,2026-04-12,16:03:00,,
DORKING - EARLSFIELD,P61054,1607,stop,2026-04-26,16:07:00,,
DORKING - EARLSFIELD,P61054,1607,stop,2026-04-12,16:07:00,,
DORKING - EARLSFIELD,P61054,1607,stop,2026-04-05,16:07:00,,
CHESSINGTON SOUTH - EARLSFIELD,L75805,1604,stop,2026-04-29,16:09:00,,
CHESSINGTON SOUTH - EARLSFIELD,L75806,1604,stop,2026-04-18,16:09:00,,
CHESSINGTON SOUTH - EARLSFIELD,L75806,1604,stop,2026-04-11,16:09:00,,
CHESSINGTON SOUTH - EARLSFIELD,L75805,1604,stop,2026-04-16,16:09:00,,
CHESSINGTON SOUTH - EARLSFIELD,L75805,1604,stop,2026-04-01,16:09:00,,
CHESSINGTON SOUTH - EARLSFIELD,L75805,1604,stop,2026-04-02,16:09:00,,
CHESSINGTON SOUTH - EARLSFIELD,L75806,1604,stop,2026-04-04,16:09:00,,
CHESSINGTON SOUTH - EARLSFIELD,L75805,1604,stop,2026-04-20,16:09:00,,
CHESSINGTON SOUTH - EARLSFIELD,L75806,1604,stop,2026-04-25,16:09:00,,
CHESSINGTON SOUTH - EARLSFIELD,Q49382,1604,stop,2026-04-06,16:09:00,,
CHESSINGTON SOUTH - EARLSFIELD,L75805,1604,stop,2026-04-28,16:09:00,,
CHESSINGTON SOUTH - EARLSFIELD,L75805,1604,stop,2026-04-21,16:09:00,,
CHESSINGTON SOUTH - EARLSFIELD,L75805,1604,stop,2026-04-10,16:09:00,,
DORKING - EARLSFIELD,P61054,1607,stop,2026-04-19,16:07:00,,
MITCHAM EASTFIELDS - DORKING (2),P26683,1520,stop,2026-04-18,16:10:00,,
CHESSINGTON SOUTH - EARLSFIELD,L75805,1604,stop,2026-04-08,16:09:00,,
CHESSINGTON SOUTH - EARLSFIELD,L75805,1604,stop,2026-04-22,16:09:00,,
CHESSINGTON SOUTH - EARLSFIELD,L75805,1604,stop,2026-04-30,16:09:00,,
CHESSINGTON SOUTH - EARLSFIELD,L75805,1604,stop,2026-04-15,16:09:00,,
CHESSINGTON SOUTH - EARLSFIELD,L75805,1604,stop,2026-04-23,16:09:00,,
CHESSINGTON SOUTH - EARLSFIELD,L75805,1604,stop,2026-04-06,16:09:00,,
CHESSINGTON SOUTH - EARLSFIELD,L75805,1604,stop,2026-04-17,16:09:00,,
CHESSINGTON SOUTH - EARLSFIELD,L75805,1604,stop,2026-04-27,16:09:00,,
CHESSINGTON SOUTH - EARLSFIELD,L75805,1604,stop,2026-04-07,16:09:00,,
CHESSINGTON SOUTH - EARLSFIELD,Q88750,1604,stop,2026-04-03,16:09:00,,
CHESSINGTON SOUTH - EARLSFIELD,L75805,1604,stop,2026-04-24,16:09:00,,
CHESSINGTON SOUTH - EARLSFIELD,L75805,1604,stop,2026-04-14,16:09:00,,
CHESSINGTON SOUTH - EARLSFIELD,L75805,1604,stop,2026-04-13,16:09:00,,
CHESSINGTON SOUTH - EARLSFIELD,L75805,1604,stop,2026-04-03,16:09:00,,
CHESSINGTON SOUTH - EARLSFIELD,L75805,1604,stop,2026-04-09,16:09:00,,
EARLSFIELD - GUILDFORD (2),P61609,1532,stop,2026-04-12,16:11:00,,
GUILDFORD - EARLSFIELD,L74277,1545,stop,2026-04-18,16:10:00,,
GUILDFORD - EARLSFIELD,Q88877,1545,stop,2026-04-03,16:10:00,,
GUILDFORD - EARLSFIELD,L74277,1545,stop,2026-04-04,16:10:00,,
GUILDFORD - EARLSFIELD,L74277,1545,stop,2026-04-25,16:10:00,,
GUILDFORD - EARLSFIELD,L74277,1545,stop,2026-04-11,16:10:00,,
GUILDFORD - EARLSFIELD,Q49431,1545,stop,2026-04-06,16:10:00,,
EARLSFIELD - CHESSINGTON SOUTH,P62083,1547,stop,2026-04-09,16:13:00,,
EARLSFIELD - CHESSINGTON SOUTH,P62084,1547,stop,2026-04-04,16:13:00,,
EARLSFIELD - CHESSINGTON SOUTH,P62083,1547,stop,2026-04-27,16:13:00,,
EARLSFIELD - CHESSINGTON SOUTH,P62083,1547,stop,2026-04-28,16:13:00,,
EARLSFIELD - CHESSINGTON SOUTH,P62083,1547,stop,2026-04-13,16:13:00,,
EARLSFIELD - CHESSINGTON SOUTH,P62083,1547,stop,2026-04-29,16:13:00,,
DORKING - BALHAM (4),P26699,1612,stop,2026-04-26,16:12:00,,
DORKING - BALHAM (4),P26699,1612,stop,2026-04-12,16:12:00,,
DORKING - MITCHAM EASTFIELDS,P26699,1612,stop,2026-04-19,16:12:00,,
EARLSFIELD - CHESSINGTON SOUTH,P62083,1547,stop,2026-04-22,16:13:00,,
EARLSFIELD - CHESSINGTON SOUTH,P62084,1547,stop,2026-04-11,16:13:00,,
EARLSFIELD - CHESSINGTON SOUTH,P62083,1547,stop,2026-04-17,16:13:00,,
EARLSFIELD - CHESSINGTON SOUTH,P62083,1547,stop,2026-04-10,16:13:00,,
EARLSFIELD - CHESSINGTON SOUTH,P62083,1547,stop,2026-04-23,16:13:00,,
EARLSFIELD - CHESSINGTON SOUTH,P62084,1547,stop,2026-04-18,16:13:00,,
EARLSFIELD - CHESSINGTON SOUTH,Q49426,1547,stop,2026-04-06,16:13:00,,
EARLSFIELD - CHESSINGTON SOUTH,P62083,1547,stop,2026-04-30,16:13:00,,
EARLSFIELD - CHESSINGTON SOUTH,P62083,1547,stop,2026-04-06,16:13:00,,
EARLSFIELD - CHESSINGTON SOUTH,P62083,1547,stop,2026-04-07,16:13:00,,
EARLSFIELD - CHESSINGTON SOUTH,P62083,1547,stop,2026-04-02,16:13:00,,
EARLSFIELD - CHESSINGTON SOUTH,P62084,1547,stop,2026-04-25,16:13:00,,
EARLSFIELD - CHESSINGTON SOUTH,P62083,1547,stop,2026-04-14,16:13:00,,
CHESSINGTON SOUTH - EARLSFIELD,L75807,1609,stop,2026-04-19,16:14:00,,
CHESSINGTON SOUTH - EARLSFIELD,L75807,1609,stop,2026-04-26,16:14:00,,
CHESSINGTON SOUTH - EARLSFIELD,L75807,1609,stop,2026-04-12,16:14:00,,
EARLSFIELD - CHESSINGTON SOUTH,P62083,1547,stop,2026-04-16,16:13:00,,
EARLSFIELD - CHESSINGTON SOUTH,P62083,1547,stop,2026-04-03,16:13:00,,
EARLSFIELD - CHESSINGTON SOUTH,P62083,1547,stop,2026-04-15,16:13:00,,
EARLSFIELD - CHESSINGTON SOUTH,P62083,1547,stop,2026-04-01,16:13:00,,
EARLSFIELD - CHESSINGTON SOUTH,P62083,1547,stop,2026-04-21,16:13:00,,
EARLSFIELD - CHESSINGTON SOUTH,P62083,1547,stop,2026-04-08,16:13:00,,
EARLSFIELD - CHESSINGTON SOUTH,P62083,1547,stop,2026-04-24,16:13:00,,
EARLSFIELD - CHESSINGTON SOUTH,Q88753,1547,stop,2026-04-03,16:13:00,,
EARLSFIELD - CHESSINGTON SOUTH,P62083,1547,stop,2026-04-20,16:13:00,,
CHESSINGTON SOUTH - EARLSFIELD,L75807,1609,stop,2026-04-05,16:14:00,,
DORKING - BALHAM (3),P26698,1617,stop,2026-04-11,16:17:00,,
DORKING - BALHAM (3),P26697,1617,stop,2026-04-17,16:17:00,,
DORKING - BALHAM (5),P26699,1616,stop,2026-04-05,16:16:00,,
DORKING - BALHAM (3),P26697,1617,stop,2026-04-21,16:17:00,,
DORKING - BALHAM (3),X00956,1617,stop,2026-04-06,16:17:00,,
DORKING - BALHAM (3),P26697,1617,stop,2026-04-30,16:17:00,,
DORKING - BALHAM (3),P26697,1617,stop,2026-04-06,16:17:00,,
DORKING - BALHAM (3),P26697,1617,stop,2026-04-07,16:17:00,,
DORKING - MITCHAM EASTFIELDS (2),P26698,1617,stop,2026-04-18,16:17:00,,
DORKING - BALHAM (3),P26697,1617,stop,2026-04-09,16:17:00,,
DORKING - BALHAM (3),P26697,1617,stop,2026-04-10,16:17:00,,
EARLSFIELD - CHESSINGTON SOUTH,P62085,1551,stop,2026-04-19,16:17:00,,
DORKING - BALHAM (3),X96117,1617,stop,2026-04-03,16:17:00,,
EARLSFIELD - CHESSINGTON SOUTH,P62085,1551,stop,2026-04-05,16:17:00,,
DORKING - BALHAM (3),P26698,1617,stop,2026-04-25,16:17:00,,
EARLSFIELD - CHESSINGTON SOUTH,P62085,1551,stop,2026-04-12,16:17:00,,
DORKING - BALHAM (3),P26697,1617,stop,2026-04-03,16:17:00,,
DORKING - BALHAM (3),P26698,1617,stop,2026-04-04,16:17:00,,
DORKING - BALHAM (3),P26697,1617,stop,2026-04-27,16:17:00,,
EARLSFIELD - GUILDFORD (2),P61607,1553,stop,2026-04-22,16:18:00,,
DORKING - BALHAM (3),P26697,1617,stop,2026-04-29,16:17:00,,
DORKING - BALHAM (3),P26697,1617,stop,2026-04-14,16:17:00,,
DORKING - BALHAM (3),P26697,1617,stop,2026-04-20,16:17:00,,
DORKING - BALHAM (3),P26697,1617,stop,2026-04-24,16:17:00,,
EARLSFIELD - CHESSINGTON SOUTH,P62085,1551,stop,2026-04-26,16:17:00,,
DORKING - BALHAM (3),P26697,1617,stop,2026-04-15,16:17:00,,
DORKING - BALHAM (3),P26697,1617,stop,2026-04-13,16:17:00,,
DORKING - BALHAM (3),P26697,1617,stop,2026-04-16,16:17:00,,
DORKING - BALHAM (3),P26697,1617,stop,2026-04-28,16:17:00,,
DORKING - BALHAM (3),P26697,1617,stop,2026-04-01,16:17:00,,
DORKING - BALHAM (3),P26697,1617,stop,2026-04-22,16:17:00,,
DORKING - BALHAM (3),P26697,1617,stop,2026-04-23,16:17:00,,
DORKING - BALHAM (3),P26697,1617,stop,2026-04-08,16:17:00,,
DORKING - BALHAM (3),P26697,1617,stop,2026-04-02,16:17:00,,
EARLSFIELD - GUILDFORD (2),P61608,1553,stop,2026-04-11,16:18:00,,
EARLSFIELD - GUILDFORD (2),P61607,1553,stop,2026-04-20,16:18:00,,
EARLSFIELD - GUILDFORD (2),P61608,1553,stop,2026-04-04,16:18:00,,
EARLSFIELD - GUILDFORD (2),P61607,1553,stop,2026-04-27,16:18:00,,
EARLSFIELD - GUILDFORD (2),P61607,1553,stop,2026-04-01,16:18:00,,
EARLSFIELD - GUILDFORD (2),Q49409,1553,stop,2026-04-06,16:18:00,,
EARLSFIELD - GUILDFORD (2),P61607,1553,stop,2026-04-24,16:18:00,,
EARLSFIELD - GUILDFORD (2),P61607,1553,stop,2026-04-03,16:18:00,,
EARLSFIELD - GUILDFORD (2),P61607,1553,stop,2026-04-23,16:18:00,,
EARLSFIELD - GUILDFORD (2),P61607,1553,stop,2026-04-29,16:18:00,,
EARLSFIELD - GUILDFORD (2),Q38513,1553,stop,2026-04-03,16:18:00,,
EARLSFIELD - GUILDFORD (2),P61607,1553,stop,2026-04-28,16:18:00,,
EARLSFIELD - GUILDFORD (2),P61607,1553,stop,2026-04-10,16:18:00,,
EARLSFIELD - GUILDFORD (2),P61607,1553,stop,2026-04-14,16:18:00,,
EARLSFIELD - GUILDFORD (2),P61607,1553,stop,2026-04-06,16:18:00,,
EARLSFIELD - GUILDFORD (2),P61607,1553,stop,2026-04-21,16:18:00,,
EARLSFIELD - GUILDFORD (2),P61607,1553,stop,2026-04-07,16:18:00,,
EARLSFIELD - GUILDFORD (2),P61608,1553,stop,2026-04-18,16:18:00,,
EARLSFIELD - GUILDFORD (2),P61607,1553,stop,2026-04-13,16:18:00,,
EARLSFIELD - GUILDFORD (2),P61607,1553,stop,2026-04-15,16:18:00,,
EARLSFIELD - GUILDFORD (2),P61607,1553,stop,2026-04-16,16:18:00,,
EARLSFIELD - GUILDFORD (2),P61607,1553,stop,2026-04-30,16:18:00,,
EARLSFIELD - GUILDFORD (2),P61607,1553,stop,2026-04-17,16:18:00,,
EARLSFIELD - GUILDFORD (2),P61607,1553,stop,2026-04-02,16:18:00,,
EARLSFIELD - GUILDFORD (2),P61607,1553,stop,2026-04-08,16:18:00,,
EARLSFIELD - GUILDFORD (2),P61608,1553,stop,2026-04-25,16:18:00,,
EARLSFIELD - GUILDFORD (2),P61607,1553,stop,2026-04-09,16:18:00,,
HORSHAM - BALHAM,P26703,1614,stop,2026-04-17,16:26:00,,
HORSHAM - BALHAM,X96122,1614,stop,2026-04-03,16:26:00,,
HORSHAM - BALHAM,P26703,1614,stop,2026-04-14,16:26:00,,
HORSHAM - BALHAM,P26704,1614,stop,2026-04-25,16:26:00,,
HORSHAM - BALHAM,P26703,1614,stop,2026-04-06,16:26:00,,
HORSHAM - BALHAM,P26703,1614,stop,2026-04-15,16:26:00,,
HORSHAM - BALHAM,P26703,1614,stop,2026-04-27,16:26:00,,
HORSHAM - BALHAM,P26703,1614,stop,2026-04-24,16:26:00,,
HORSHAM - BALHAM,P26703,1614,stop,2026-04-23,16:26:00,,
HORSHAM - BALHAM,P26703,1614,stop,2026-04-21,16:26:00,,
HORSHAM - BALHAM,P26703,1614,stop,2026-04-08,16:26:00,,
HORSHAM - BALHAM,P26703,1614,stop,2026-04-09,16:26:00,,
HORSHAM - BALHAM,P26704,1614,stop,2026-04-04,16:26:00,,
HORSHAM - BALHAM,P26703,1614,stop,2026-04-28,16:26:00,,
BALHAM - DORKING (3),P26690,1538,stop,2026-04-26,16:26:00,,
HORSHAM - BALHAM,P26703,1614,stop,2026-04-30,16:26:00,,
MITCHAM EASTFIELDS - DORKING,P26690,1538,stop,2026-04-19,16:26:00,,
EARLSFIELD - DORKING,P61051,1602,stop,2026-04-05,16:27:00,,
EARLSFIELD - DORKING,P61051,1602,stop,2026-04-26,16:27:00,,
HORSHAM - BALHAM,P26703,1614,stop,2026-04-16,16:26:00,,
HORSHAM - BALHAM,P26703,1614,stop,2026-04-13,16:26:00,,
HORSHAM - BALHAM,P26703,1614,stop,2026-04-29,16:26:00,,
HORSHAM - BALHAM,P26703,1614,stop,2026-04-10,16:26:00,,
BALHAM - DORKING (3),P26690,1538,stop,2026-04-12,16:26:00,,
HORSHAM - BALHAM,P26703,1614,stop,2026-04-03,16:26:00,,
HORSHAM - BALHAM,P26703,1614,stop,2026-04-22,16:26:00,,
HORSHAM - BALHAM,P26703,1614,stop,2026-04-20,16:26:00,,
HORSHAM - BALHAM,P26703,1614,stop,2026-04-07,16:26:00,,
HORSHAM - BALHAM,P26703,1614,stop,2026-04-01,16:26:00,,
HORSHAM - BALHAM,X00958,1614,stop,2026-04-06,16:26:00,,
HORSHAM - BALHAM,P26704,1614,stop,2026-04-11,16:26:00,,
HORSHAM - BALHAM,P26703,1614,stop,2026-04-02,16:26:00,,
GUILDFORD - EARLSFIELD,P61613,1559,stop,2026-04-14,16:28:00,,
GUILDFORD - EARLSFIELD,P61613,1559,stop,2026-04-01,16:28:00,,
GUILDFORD - EARLSFIELD,P61613,1559,stop,2026-04-29,16:28:00,,
GUILDFORD - EARLSFIELD,P61613,1559,stop,2026-04-03,16:28:00,,
GUILDFORD - EARLSFIELD,P61613,1559,stop,2026-04-16,16:28:00,,
EARLSFIELD - DORKING,P61051,1602,stop,2026-04-19,16:27:00,,
GUILDFORD - EARLSFIELD,P61613,1559,stop,2026-04-27,16:28:00,,
GUILDFORD - EARLSFIELD,P61613,1559,stop,2026-04-28,16:28:00,,
GUILDFORD - EARLSFIELD,P61613,1559,stop,2026-04-15,16:28:00,,
GUILDFORD - EARLSFIELD,P61613,1559,stop,2026-04-22,16:28:00,,
GUILDFORD - EARLSFIELD,P61613,1559,stop,2026-04-06,16:28:00,,
GUILDFORD - EARLSFIELD,P61613,1559,stop,2026-04-09,16:28:00,,
GUILDFORD - EARLSFIELD,P61613,1559,stop,2026-04-08,16:28:00,,
GUILDFORD - EARLSFIELD,P61613,1559,stop,2026-04-07,16:28:00,,
GUILDFORD - EARLSFIELD,P61613,1559,stop,2026-04-20,16:28:00,,
GUILDFORD - EARLSFIELD,P61613,1559,stop,2026-04-13,16:28:00,,
GUILDFORD - EARLSFIELD,P61613,1559,stop,2026-04-17,16:28:00,,
GUILDFORD - EARLSFIELD,P61613,1559,stop,2026-04-02,16:28:00,,
BALHAM - HORSHAM,P26688,1541,stop,2026-04-14,16:29:00,,
BALHAM - HORSHAM,X96168,1541,stop,2026-04-03,16:29:00,,
BALHAM - HORSHAM,P26689,1541,stop,2026-04-04,16:29:00,,
BALHAM - HORSHAM,P26688,1541,stop,2026-04-30,16:29:00,,
BALHAM - HORSHAM,P26688,1541,stop,2026-04-01,16:29:00,,
BALHAM - HORSHAM,P26688,1541,stop,2026-04-13,16:29:00,,
GUILDFORD - EARLSFIELD,P61613,1559,stop,2026-04-21,16:28:00,,
GUILDFORD - EARLSFIELD,P61613,1559,stop,2026-04-10,16:28:00,,
GUILDFORD - EARLSFIELD,P61613,1559,stop,2026-04-30,16:28:00,,
GUILDFORD - EARLSFIELD,P61613,1559,stop,2026-04-24,16:28:00,,
GUILDFORD - EARLSFIELD,P61613,1559,stop,2026-04-23,16:28:00,,
BALHAM - HORSHAM,P26688,1541,stop,2026-04-17,16:29:00,,
BALHAM - HORSHAM,P26688,1541,stop,2026-04-28,16:29:00,,
BALHAM - HORSHAM,P26688,1541,stop,2026-04-10,16:29:00,,
BALHAM - HORSHAM,X00953,1541,stop,2026-04-06,16:29:00,,
BALHAM - HORSHAM,P26688,1541,stop,2026-04-27,16:29:00,,
BALHAM - HORSHAM,P26688,1541,stop,2026-04-21,16:29:00,,
BALHAM - HORSHAM,P26688,1541,stop,2026-04-16,16:29:00,,
BALHAM - HORSHAM,P26689,1541,stop,2026-04-11,16:29:00,,
BALHAM - HORSHAM,P26688,1541,stop,2026-04-08,16:29:00,,
BALHAM - HORSHAM,P26688,1541,stop,2026-04-06,16:29:00,,
BALHAM - HORSHAM,P26688,1541,stop,2026-04-20,16:29:00,,
BALHAM - HORSHAM,P26689,1541,stop,2026-04-25,16:29:00,,
BALHAM - HORSHAM,P26688,1541,stop,2026-04-29,16:29:00,,
BALHAM - HORSHAM,P26688,1541,stop,2026-04-02,16:29:00,,
BALHAM - HORSHAM,P26688,1541,stop,2026-04-03,16:29:00,,
BALHAM - HORSHAM,P26688,1541,stop,2026-04-09,16:29:00,,
BALHAM - HORSHAM,P26688,1541,stop,2026-04-15,16:29:00,,
BALHAM - HORSHAM,P26688,1541,stop,2026-04-24,16:29:00,,
BALHAM - HORSHAM,P26688,1541,stop,2026-04-22,16:29:00,,
BALHAM - HORSHAM,P26688,1541,stop,2026-04-07,16:29:00,,
BALHAM - HORSHAM,P26688,1541,stop,2026-04-23,16:29:00,,
BALHAM - DORKING (6),P26690,1538,stop,2026-04-05,16:30:00,,
DORKING - EARLSFIELD,P61058,1632,stop,2026-04-09,16:32:00,,
DORKING - EARLSFIELD,P61058,1632,stop,2026-04-08,16:32:00,,
DORKING - EARLSFIELD,P61058,1632,stop,2026-04-10,16:32:00,,
WORCESTER PARK - EARLSFIELD,P61054,1632,stop,2026-04-12,16:32:00,,
HORSHAM - MITCHAM EASTFIELDS,P26704,1620,stop,2026-04-18,16:31:00,,
DORKING - EARLSFIELD,Q49328,1632,stop,2026-04-06,16:32:00,,
DORKING - EARLSFIELD,P61058,1632,stop,2026-04-28,16:32:00,,
DORKING - EARLSFIELD,P61058,1632,stop,2026-04-01,16:32:00,,
DORKING - EARLSFIELD,P61058,1632,stop,2026-04-02,16:32:00,,
DORKING - EARLSFIELD,P61058,1632,stop,2026-04-29,16:32:00,,
DORKING - EARLSFIELD,P61058,1632,stop,2026-04-03,16:32:00,,
DORKING - EARLSFIELD,Q38484,1632,stop,2026-04-03,16:32:00,,
DORKING - EARLSFIELD,P61059,1632,stop,2026-04-04,16:32:00,,
DORKING - EARLSFIELD,P61058,1632,stop,2026-04-06,16:32:00,,
DORKING - EARLSFIELD,P61058,1632,stop,2026-04-07,16:32:00,,
DORKING - EARLSFIELD,P61059,1632,stop,2026-04-11,16:32:00,,
DORKING - EARLSFIELD,P61058,1632,stop,2026-04-27,16:32:00,,
DORKING - EARLSFIELD,P61058,1632,stop,2026-04-22,16:32:00,,
DORKING - EARLSFIELD,P61058,1632,stop,2026-04-21,16:32:00,,
DORKING - EARLSFIELD,P61058,1632,stop,2026-04-20,16:32:00,,
DORKING - EARLSFIELD,P61059,1632,stop,2026-04-18,16:32:00,,
SUTTON (SURREY) - DORKING,X04919,1555,stop,2026-04-12,16:32:00,,
DORKING - EARLSFIELD,P61058,1632,stop,2026-04-15,16:32:00,,
DORKING - EARLSFIELD,P61058,1632,stop,2026-04-30,16:32:00,,
DORKING - EARLSFIELD,P61058,1632,stop,2026-04-23,16:32:00,,
DORKING - EARLSFIELD,P61058,1632,stop,2026-04-24,16:32:00,,
DORKING - EARLSFIELD,P61059,1632,stop,2026-04-25,16:32:00,,
DORKING - EARLSFIELD,P61058,1632,stop,2026-04-17,16:32:00,,
DORKING - EARLSFIELD,P61058,1632,stop,2026-04-13,16:32:00,,
DORKING - EARLSFIELD,P61058,1632,stop,2026-04-14,16:32:00,,
EFFINGHAM JUNCTION - WORCESTER PARK,Q54765,1615,stop,2026-04-12,16:35:00,,
DORKING - SUTTON (SURREY),X04880,1633,stop,2026-04-12,16:33:00,,
DORKING - EARLSFIELD,P61058,1632,stop,2026-04-16,16:32:00,,
WORCESTER PARK - EFFINGHAM JUNCTION,Q54803,1635,stop,2026-04-12,16:35:00,,
CHESSINGTON SOUTH - EARLSFIELD,L75811,1634,stop,2026-04-01,16:39:00,,
CHESSINGTON SOUTH - EARLSFIELD,L75811,1634,stop,2026-04-10,16:39:00,,
CHESSINGTON SOUTH - EARLSFIELD,L75811,1634,stop,2026-04-02,16:39:00,,
CHESSINGTON SOUTH - EARLSFIELD,L75811,1634,stop,2026-04-03,16:39:00,,
CHESSINGTON SOUTH - EARLSFIELD,Q38479,1634,stop,2026-04-03,16:39:00,,
CHESSINGTON SOUTH - EARLSFIELD,L75811,1634,stop,2026-04-22,16:39:00,,
CHESSINGTON SOUTH - EARLSFIELD,L75811,1634,stop,2026-04-28,16:39:00,,
CHESSINGTON SOUTH - EARLSFIELD,L75812,1634,stop,2026-04-25,16:39:00,,
CHESSINGTON SOUTH - EARLSFIELD,L75811,1634,stop,2026-04-08,16:39:00,,
CHESSINGTON SOUTH - EARLSFIELD,L75811,1634,stop,2026-04-06,16:39:00,,
CHESSINGTON SOUTH - EARLSFIELD,Q49319,1634,stop,2026-04-06,16:39:00,,
CHESSINGTON SOUTH - EARLSFIELD,L75811,1634,stop,2026-04-21,16:39:00,,
CHESSINGTON SOUTH - EARLSFIELD,L75811,1634,stop,2026-04-07,16:39:00,,
MITCHAM EASTFIELDS - HORSHAM (2),P26689,1550,stop,2026-04-18,16:38:00,,
CHESSINGTON SOUTH - EARLSFIELD,L75811,1634,stop,2026-04-13,16:39:00,,
CHESSINGTON SOUTH - EARLSFIELD,L75812,1634,stop,2026-04-18,16:39:00,,
CHESSINGTON SOUTH - EARLSFIELD,L75811,1634,stop,2026-04-14,16:39:00,,
CHESSINGTON SOUTH - EARLSFIELD,L75811,1634,stop,2026-04-29,16:39:00,,
CHESSINGTON SOUTH - EARLSFIELD,L75811,1634,stop,2026-04-27,16:39:00,,
CHESSINGTON SOUTH - EARLSFIELD,L75811,1634,stop,2026-04-15,16:39:00,,
CHESSINGTON SOUTH - EARLSFIELD,L75811,1634,stop,2026-04-20,16:39:00,,
CHESSINGTON SOUTH - EARLSFIELD,L75811,1634,stop,2026-04-17,16:39:00,,
CHESSINGTON SOUTH - EARLSFIELD,L75811,1634,stop,2026-04-30,16:39:00,,
CHESSINGTON SOUTH - EARLSFIELD,L75811,1634,stop,2026-04-16,16:39:00,,
CHESSINGTON SOUTH - EARLSFIELD,L75811,1634,stop,2026-04-09,16:39:00,,
CHESSINGTON SOUTH - EARLSFIELD,L75812,1634,stop,2026-04-11,16:39:00,,
CHESSINGTON SOUTH - EARLSFIELD,L75812,1634,stop,2026-04-04,16:39:00,,
CHESSINGTON SOUTH - EARLSFIELD,L75811,1634,stop,2026-04-23,16:39:00,,
CHESSINGTON SOUTH - EARLSFIELD,L75811,1634,stop,2026-04-24,16:39:00,,
EARLSFIELD - CHESSINGTON SOUTH,P62087,1617,stop,2026-04-11,16:43:00,,
EARLSFIELD - CHESSINGTON SOUTH,P62086,1617,stop,2026-04-09,16:43:00,,
EARLSFIELD - CHESSINGTON SOUTH,Q38496,1617,stop,2026-04-03,16:43:00,,
EARLSFIELD - CHESSINGTON SOUTH,P62086,1617,stop,2026-04-03,16:43:00,,
EARLSFIELD - CHESSINGTON SOUTH,P62086,1617,stop,2026-04-10,16:43:00,,
EARLSFIELD - CHESSINGTON SOUTH,P62086,1617,stop,2026-04-06,16:43:00,,
DORKING - BALHAM (4),P26705,1642,stop,2026-04-26,16:42:00,,
DORKING - BALHAM (4),P26705,1642,stop,2026-04-12,16:42:00,,
DORKING - MITCHAM EASTFIELDS,P26705,1642,stop,2026-04-19,16:42:00,,
EARLSFIELD - DORKING,P61051,1602,stop,2026-04-12,16:41:00,,
EARLSFIELD - CHESSINGTON SOUTH,P62086,1617,stop,2026-04-01,16:43:00,,
EARLSFIELD - CHESSINGTON SOUTH,Q49362,1617,stop,2026-04-06,16:43:00,,
EARLSFIELD - CHESSINGTON SOUTH,P62087,1617,stop,2026-04-04,16:43:00,,
EARLSFIELD - CHESSINGTON SOUTH,P62086,1617,stop,2026-04-08,16:43:00,,
EARLSFIELD - CHESSINGTON SOUTH,P62086,1617,stop,2026-04-27,16:43:00,,
EARLSFIELD - CHESSINGTON SOUTH,P62086,1617,stop,2026-04-28,16:43:00,,
EARLSFIELD - CHESSINGTON SOUTH,P62086,1617,stop,2026-04-29,16:43:00,,
EARLSFIELD - CHESSINGTON SOUTH,P62086,1617,stop,2026-04-02,16:43:00,,
EARLSFIELD - CHESSINGTON SOUTH,P62087,1617,stop,2026-04-25,16:43:00,,
EARLSFIELD - CHESSINGTON SOUTH,P62086,1617,stop,2026-04-21,16:43:00,,
EARLSFIELD - CHESSINGTON SOUTH,P62087,1617,stop,2026-04-18,16:43:00,,
EARLSFIELD - CHESSINGTON SOUTH,P62086,1617,stop,2026-04-22,16:43:00,,
EARLSFIELD - CHESSINGTON SOUTH,P62086,1617,stop,2026-04-17,16:43:00,,
EARLSFIELD - CHESSINGTON SOUTH,P62086,1617,stop,2026-04-14,16:43:00,,
EARLSFIELD - CHESSINGTON SOUTH,P62086,1617,stop,2026-04-16,16:43:00,,
EARLSFIELD - CHESSINGTON SOUTH,P62086,1617,stop,2026-04-13,16:43:00,,
EARLSFIELD - CHESSINGTON SOUTH,P62086,1617,stop,2026-04-15,16:43:00,,
EARLSFIELD - CHESSINGTON SOUTH,P62086,1617,stop,2026-04-20,16:43:00,,
EARLSFIELD - CHESSINGTON SOUTH,P62086,1617,stop,2026-04-23,16:43:00,,
EARLSFIELD - CHESSINGTON SOUTH,P62086,1617,stop,2026-04-07,16:43:00,,
EARLSFIELD - CHESSINGTON SOUTH,P62086,1617,stop,2026-04-30,16:43:00,,
EARLSFIELD - CHESSINGTON SOUTH,P62086,1617,stop,2026-04-24,16:43:00,,
GUILDFORD - EARLSFIELD,L74279,1620,stop,2026-04-05,16:45:00,,
GUILDFORD - EARLSFIELD,L74279,1620,stop,2026-04-12,16:45:00,,
GUILDFORD - EARLSFIELD,L74279,1620,stop,2026-04-19,16:45:00,,
GUILDFORD - EARLSFIELD,L74279,1620,stop,2026-04-26,16:45:00,,
CHESSINGTON SOUTH - EARLSFIELD,L75813,1639,stop,2026-04-26,16:44:00,,
CHESSINGTON SOUTH - EARLSFIELD,L75813,1639,stop,2026-04-19,16:44:00,,
CHESSINGTON SOUTH - EARLSFIELD,L75813,1639,stop,2026-04-12,16:44:00,,
CHESSINGTON SOUTH - EARLSFIELD,L75813,1639,stop,2026-04-05,16:44:00,,
DORKING - BALHAM (5),P26705,1646,stop,2026-04-05,16:46:00,,
EARLSFIELD - CHESSINGTON SOUTH,P62088,1621,stop,2026-04-26,16:47:00,,
EARLSFIELD - DORKING,P61049,1623,stop,2026-04-07,16:48:00,,
EARLSFIELD - DORKING,P61050,1623,stop,2026-04-25,16:48:00,,
EARLSFIELD - DORKING,P61049,1623,stop,2026-04-08,16:48:00,,
EARLSFIELD - CHESSINGTON SOUTH,P62088,1621,stop,2026-04-19,16:47:00,,
EARLSFIELD - CHESSINGTON SOUTH,P62088,1621,stop,2026-04-12,16:47:00,,
EARLSFIELD - DORKING,P61049,1623,stop,2026-04-24,16:48:00,,
EARLSFIELD - DORKING,P61049,1623,stop,2026-04-20,16:48:00,,
EARLSFIELD - DORKING,P61049,1623,stop,2026-04-29,16:48:00,,
EARLSFIELD - DORKING,P61049,1623,stop,2026-04-27,16:48:00,,
EARLSFIELD - DORKING,P61049,1623,stop,2026-04-28,16:48:00,,
EARLSFIELD - DORKING,Q49353,1623,stop,2026-04-06,16:48:00,,
EARLSFIELD - DORKING,P61049,1623,stop,2026-04-30,16:48:00,,
EARLSFIELD - DORKING,P61050,1623,stop,2026-04-11,16:48:00,,
EARLSFIELD - DORKING,P61049,1623,stop,2026-04-13,16:48:00,,
EARLSFIELD - DORKING,P61049,1623,stop,2026-04-01,16:48:00,,
EARLSFIELD - DORKING,P61049,1623,stop,2026-04-14,16:48:00,,
EARLSFIELD - DORKING,P61049,1623,stop,2026-04-15,16:48:00,,
EARLSFIELD - DORKING,P61049,1623,stop,2026-04-16,16:48:00,,
EARLSFIELD - DORKING,P61049,1623,stop,2026-04-02,16:48:00,,
EARLSFIELD - DORKING,P61049,1623,stop,2026-04-17,16:48:00,,
EARLSFIELD - DORKING,Q38493,1623,stop,2026-04-03,16:48:00,,
EARLSFIELD - DORKING,P61050,1623,stop,2026-04-18,16:48:00,,
EARLSFIELD - DORKING,P61049,1623,stop,2026-04-21,16:48:00,,
EARLSFIELD - DORKING,P61050,1623,stop,2026-04-04,16:48:00,,
EARLSFIELD - DORKING,P61049,1623,stop,2026-04-22,16:48:00,,
EARLSFIELD - DORKING,P61049,1623,stop,2026-04-23,16:48:00,,
EARLSFIELD - DORKING,P61049,1623,stop,2026-04-06,16:48:00,,
EARLSFIELD - DORKING,P61049,1623,stop,2026-04-03,16:48:00,,
DORKING - WORCESTER PARK,Q54833,1650,stop,2026-04-12,16:50:00,,
EARLSFIELD - CHESSINGTON SOUTH,P62088,1624,stop,2026-04-05,16:50:00,,
EARLSFIELD - DORKING,P61049,1623,stop,2026-04-09,16:48:00,,
EARLSFIELD - DORKING,P61049,1623,stop,2026-04-10,16:48:00,,
GUILDFORD - EARLSFIELD,L74283,1628,stop,2026-04-23,16:54:00,,
GUILDFORD - EARLSFIELD,L74283,1628,stop,2026-04-03,16:54:00,,
GUILDFORD - EARLSFIELD,L74283,1628,stop,2026-04-09,16:54:00,,
GUILDFORD - EARLSFIELD,L74283,1628,stop,2026-04-24,16:54:00,,
GUILDFORD - EARLSFIELD,L74283,1628,stop,2026-04-21,16:54:00,,
GUILDFORD - EARLSFIELD,L74283,1628,stop,2026-04-01,16:54:00,,
GUILDFORD - EARLSFIELD,L74283,1628,stop,2026-04-08,16:54:00,,
GUILDFORD - EARLSFIELD,L74283,1628,stop,2026-04-20,16:54:00,,
GUILDFORD - EARLSFIELD,L74283,1628,stop,2026-04-15,16:54:00,,
GUILDFORD - EARLSFIELD,L74283,1628,stop,2026-04-30,16:54:00,,
GUILDFORD - EARLSFIELD,L74283,1628,stop,2026-04-06,16:54:00,,
GUILDFORD - EARLSFIELD,L74283,1628,stop,2026-04-27,16:54:00,,
GUILDFORD - EARLSFIELD,L74283,1628,stop,2026-04-02,16:54:00,,
GUILDFORD - EARLSFIELD,L74283,1628,stop,2026-04-17,16:54:00,,
GUILDFORD - EARLSFIELD,L74283,1628,stop,2026-04-16,16:54:00,,
GUILDFORD - EARLSFIELD,L74283,1628,stop,2026-04-13,16:54:00,,
GUILDFORD - EARLSFIELD,L74283,1628,stop,2026-04-28,16:54:00,,
GUILDFORD - EARLSFIELD,L74283,1628,stop,2026-04-07,16:54:00,,
GUILDFORD - EARLSFIELD,L74283,1628,stop,2026-04-29,16:54:00,,
GUILDFORD - EARLSFIELD,L74283,1628,stop,2026-04-14,16:54:00,,
GUILDFORD - EARLSFIELD,L74283,1628,stop,2026-04-22,16:54:00,,
GUILDFORD - EARLSFIELD,L74283,1628,stop,2026-04-10,16:54:00,,
BALHAM - DORKING,X00955,1611,stop,2026-04-06,16:57:00,,
BALHAM - DORKING,X96128,1611,stop,2026-04-03,16:57:00,,
BALHAM - DORKING,P26695,1611,stop,2026-04-04,16:57:00,,
BALHAM - DORKING,P26695,1611,stop,2026-04-11,16:57:00,,
BALHAM - DORKING,P26695,1611,stop,2026-04-25,16:57:00,,
BALHAM - DORKING (3),P26696,1608,stop,2026-04-26,16:56:00,,
BALHAM - DORKING (3),P26696,1608,stop,2026-04-12,16:56:00,,
MITCHAM EASTFIELDS - DORKING,P26696,1608,stop,2026-04-19,16:56:00,,
EARLSFIELD - GUILDFORD (2),P61612,1632,stop,2026-04-26,16:58:00,,
EARLSFIELD - GUILDFORD (2),P61612,1632,stop,2026-04-19,16:58:00,,
EARLSFIELD - GUILDFORD (2),P61612,1632,stop,2026-04-05,16:58:00,,
BALHAM - DORKING (2),P26694,1612,stop,2026-04-27,16:59:00,,
BALHAM - DORKING (2),P26694,1612,stop,2026-04-20,16:59:00,,
BALHAM - DORKING (2),P26694,1612,stop,2026-04-03,16:59:00,,
BALHAM - DORKING (2),P26694,1612,stop,2026-04-10,16:59:00,,
BALHAM - DORKING (2),P26694,1612,stop,2026-04-29,16:59:00,,
BALHAM - DORKING (2),P26694,1612,stop,2026-04-07,16:59:00,,
BALHAM - DORKING (2),P26694,1612,stop,2026-04-17,16:59:00,,
BALHAM - DORKING (2),P26694,1612,stop,2026-04-24,16:59:00,,
BALHAM - DORKING (2),P26694,1612,stop,2026-04-16,16:59:00,,
BALHAM - DORKING (2),P26694,1612,stop,2026-04-01,16:59:00,,
BALHAM - DORKING (2),P26694,1612,stop,2026-04-08,16:59:00,,
BALHAM - DORKING (2),P26694,1612,stop,2026-04-30,16:59:00,,
BALHAM - DORKING (2),P26694,1612,stop,2026-04-02,16:59:00,,
BALHAM - DORKING (2),P26694,1612,stop,2026-04-14,16:59:00,,
BALHAM - DORKING (2),P26694,1612,stop,2026-04-28,16:59:00,,
BALHAM - DORKING (2),P26694,1612,stop,2026-04-23,16:59:00,,
BALHAM - DORKING (2),P26694,1612,stop,2026-04-22,16:59:00,,
BALHAM - DORKING (2),P26694,1612,stop,2026-04-21,16:59:00,,
BALHAM - DORKING (6),P26696,1608,stop,2026-04-05,17:00:00,,
BALHAM - DORKING (2),P26694,1612,stop,2026-04-15,16:59:00,,
BALHAM - DORKING (2),P26694,1612,stop,2026-04-13,16:59:00,,
BALHAM - DORKING (2),P26694,1612,stop,2026-04-09,16:59:00,,
BALHAM - DORKING (2),P26694,1612,stop,2026-04-06,16:59:00,,
SUTTON (SURREY) - DORKING,X04918,1625,stop,2026-04-12,17:02:00,,
WORCESTER PARK - EARLSFIELD,L74279,1702,stop,2026-04-12,17:02:00,,
WORCESTER PARK - DORKING,Q54889,1705,stop,2026-04-12,17:05:00,,
DORKING - SUTTON (SURREY),X04879,1703,stop,2026-04-12,17:03:00,,
DORKING - EARLSFIELD,P61061,1707,stop,2026-04-12,17:07:00,,
DORKING - EARLSFIELD,P61061,1707,stop,2026-04-19,17:07:00,,
CHESSINGTON SOUTH - EARLSFIELD,L75818,1704,stop,2026-04-18,17:09:00,,
CHESSINGTON SOUTH - EARLSFIELD,L75817,1704,stop,2026-04-20,17:09:00,,
CHESSINGTON SOUTH - EARLSFIELD,L75817,1704,stop,2026-04-07,17:09:00,,
CHESSINGTON SOUTH - EARLSFIELD,L75817,1704,stop,2026-04-16,17:09:00,,
CHESSINGTON SOUTH - EARLSFIELD,L75817,1704,stop,2026-04-15,17:09:00,,
CHESSINGTON SOUTH - EARLSFIELD,L75817,1704,stop,2026-04-10,17:09:00,,
CHESSINGTON SOUTH - EARLSFIELD,L75818,1704,stop,2026-04-25,17:09:00,,
CHESSINGTON SOUTH - EARLSFIELD,L75817,1704,stop,2026-04-08,17:09:00,,
CHESSINGTON SOUTH - EARLSFIELD,L75817,1704,stop,2026-04-13,17:09:00,,
CHESSINGTON SOUTH - EARLSFIELD,L75817,1704,stop,2026-04-17,17:09:00,,
CHESSINGTON SOUTH - EARLSFIELD,L75817,1704,stop,2026-04-22,17:09:00,,
CHESSINGTON SOUTH - EARLSFIELD,L75817,1704,stop,2026-04-30,17:09:00,,
DORKING - EARLSFIELD,P61061,1707,stop,2026-04-26,17:07:00,,
DORKING - EARLSFIELD,P61061,1707,stop,2026-04-05,17:07:00,,
CHESSINGTON SOUTH - EARLSFIELD,Q49206,1704,stop,2026-04-06,17:09:00,,
CHESSINGTON SOUTH - EARLSFIELD,L75817,1704,stop,2026-04-09,17:09:00,,
CHESSINGTON SOUTH - EARLSFIELD,L75818,1704,stop,2026-04-11,17:09:00,,
CHESSINGTON SOUTH - EARLSFIELD,L75818,1704,stop,2026-04-04,17:09:00,,
CHESSINGTON SOUTH - EARLSFIELD,L75817,1704,stop,2026-04-28,17:09:00,,
CHESSINGTON SOUTH - EARLSFIELD,L75817,1704,stop,2026-04-29,17:09:00,,
CHESSINGTON SOUTH - EARLSFIELD,Q88748,1704,stop,2026-04-03,17:09:00,,
CHESSINGTON SOUTH - EARLSFIELD,L75817,1704,stop,2026-04-03,17:09:00,,
CHESSINGTON SOUTH - EARLSFIELD,L75817,1704,stop,2026-04-06,17:09:00,,
CHESSINGTON SOUTH - EARLSFIELD,L75817,1704,stop,2026-04-23,17:09:00,,
CHESSINGTON SOUTH - EARLSFIELD,L75817,1704,stop,2026-04-27,17:09:00,,
CHESSINGTON SOUTH - EARLSFIELD,L75817,1704,stop,2026-04-24,17:09:00,,
CHESSINGTON SOUTH - EARLSFIELD,L75817,1704,stop,2026-04-02,17:09:00,,
CHESSINGTON SOUTH - EARLSFIELD,L75817,1704,stop,2026-04-01,17:09:00,,
CHESSINGTON SOUTH - EARLSFIELD,L75817,1704,stop,2026-04-21,17:09:00,,
CHESSINGTON SOUTH - EARLSFIELD,L75817,1704,stop,2026-04-14,17:09:00,,
GUILDFORD - EARLSFIELD,Q49298,1645,stop,2026-04-06,17:10:00,,
GUILDFORD - EARLSFIELD,L74284,1645,stop,2026-04-11,17:10:00,,
MITCHAM EASTFIELDS - DORKING (2),P26695,1620,stop,2026-04-18,17:10:00,,
GUILDFORD - EARLSFIELD,L74284,1645,stop,2026-04-25,17:10:00,,
GUILDFORD - EARLSFIELD,Q88876,1645,stop,2026-04-03,17:10:00,,
GUILDFORD - EARLSFIELD,L74284,1645,stop,2026-04-18,17:10:00,,
GUILDFORD - EARLSFIELD,L74284,1645,stop,2026-04-04,17:10:00,,
EARLSFIELD - GUILDFORD (2),P61612,1632,stop,2026-04-12,17:11:00,,
EARLSFIELD - CHESSINGTON SOUTH,P62089,1647,stop,2026-04-21,17:13:00,,
EARLSFIELD - CHESSINGTON SOUTH,P62089,1647,stop,2026-04-13,17:13:00,,
EARLSFIELD - CHESSINGTON SOUTH,P62089,1647,stop,2026-04-02,17:13:00,,
EARLSFIELD - CHESSINGTON SOUTH,P62089,1647,stop,2026-04-30,17:13:00,,
EARLSFIELD - CHESSINGTON SOUTH,P62089,1647,stop,2026-04-14,17:13:00,,
DORKING - BALHAM (4),P26711,1712,stop,2026-04-12,17:12:00,,
DORKING - BALHAM (4),P26711,1712,stop,2026-04-26,17:12:00,,
DORKING - MITCHAM EASTFIELDS,P26711,1712,stop,2026-04-19,17:12:00,,
EARLSFIELD - CHESSINGTON SOUTH,P62090,1647,stop,2026-04-18,17:13:00,,
EARLSFIELD - CHESSINGTON SOUTH,P62089,1647,stop,2026-04-28,17:13:00,,
EARLSFIELD - CHESSINGTON SOUTH,P62090,1647,stop,2026-04-25,17:13:00,,
EARLSFIELD - CHESSINGTON SOUTH,P62089,1647,stop,2026-04-01,17:13:00,,
EARLSFIELD - CHESSINGTON SOUTH,P62089,1647,stop,2026-04-24,17:13:00,,
EARLSFIELD - CHESSINGTON SOUTH,P62089,1647,stop,2026-04-08,17:13:00,,
EARLSFIELD - CHESSINGTON SOUTH,P62090,1647,stop,2026-04-11,17:13:00,,
EARLSFIELD - CHESSINGTON SOUTH,Q49294,1647,stop,2026-04-06,17:13:00,,
EARLSFIELD - CHESSINGTON SOUTH,P62089,1647,stop,2026-04-15,17:13:00,,
EARLSFIELD - CHESSINGTON SOUTH,P62089,1647,stop,2026-04-20,17:13:00,,
EARLSFIELD - CHESSINGTON SOUTH,P62089,1647,stop,2026-04-09,17:13:00,,
EARLSFIELD - CHESSINGTON SOUTH,P62089,1647,stop,2026-04-17,17:13:00,,
CHESSINGTON SOUTH - EARLSFIELD,L75819,1709,stop,2026-04-26,17:14:00,,
CHESSINGTON SOUTH - EARLSFIELD,L75819,1709,stop,2026-04-12,17:14:00,,
CHESSINGTON SOUTH - EARLSFIELD,L75819,1709,stop,2026-04-05,17:14:00,,
EARLSFIELD - CHESSINGTON SOUTH,P62090,1647,stop,2026-04-04,17:13:00,,
EARLSFIELD - CHESSINGTON SOUTH,Q88751,1647,stop,2026-04-03,17:13:00,,
EARLSFIELD - CHESSINGTON SOUTH,P62089,1647,stop,2026-04-23,17:13:00,,
EARLSFIELD - CHESSINGTON SOUTH,P62089,1647,stop,2026-04-10,17:13:00,,
EARLSFIELD - CHESSINGTON SOUTH,P62089,1647,stop,2026-04-29,17:13:00,,
EARLSFIELD - CHESSINGTON SOUTH,P62089,1647,stop,2026-04-03,17:13:00,,
EARLSFIELD - CHESSINGTON SOUTH,P62089,1647,stop,2026-04-27,17:13:00,,
EARLSFIELD - CHESSINGTON SOUTH,P62089,1647,stop,2026-04-06,17:13:00,,
EARLSFIELD - CHESSINGTON SOUTH,P62089,1647,stop,2026-04-07,17:13:00,,
EARLSFIELD - CHESSINGTON SOUTH,P62089,1647,stop,2026-04-22,17:13:00,,
EARLSFIELD - CHESSINGTON SOUTH,P62089,1647,stop,2026-04-16,17:13:00,,
CHESSINGTON SOUTH - EARLSFIELD,L75819,1709,stop,2026-04-19,17:14:00,,
DORKING - BALHAM (3),P26709,1717,stop,2026-04-27,17:17:00,,
DORKING - BALHAM (5),P26711,1716,stop,2026-04-05,17:16:00,,
DORKING - BALHAM (3),P26709,1717,stop,2026-04-30,17:17:00,,
EARLSFIELD - CHESSINGTON SOUTH,P62091,1651,stop,2026-04-12,17:17:00,,
DORKING - BALHAM (3),P26709,1717,stop,2026-04-21,17:17:00,,
DORKING - BALHAM (3),P26710,1717,stop,2026-04-11,17:17:00,,
DORKING - BALHAM (3),X96036,1717,stop,2026-04-03,17:17:00,,
DORKING - BALHAM (3),P26709,1717,stop,2026-04-24,17:17:00,,
DORKING - BALHAM (3),P26709,1717,stop,2026-04-03,17:17:00,,
DORKING - BALHAM (3),P26709,1717,stop,2026-04-28,17:17:00,,
DORKING - BALHAM (3),P26709,1717,stop,2026-04-22,17:17:00,,
EARLSFIELD - CHESSINGTON SOUTH,P62091,1651,stop,2026-04-26,17:17:00,,
DORKING - BALHAM (3),P26709,1717,stop,2026-04-06,17:17:00,,
DORKING - BALHAM (3),P26709,1717,stop,2026-04-14,17:17:00,,
DORKING - BALHAM (3),X00960,1717,stop,2026-04-06,17:17:00,,
DORKING - BALHAM (3),P26709,1717,stop,2026-04-13,17:17:00,,
DORKING - BALHAM (3),P26709,1717,stop,2026-04-29,17:17:00,,
DORKING - BALHAM (3),P26709,1717,stop,2026-04-16,17:17:00,,
DORKING - BALHAM (3),P26709,1717,stop,2026-04-09,17:17:00,,
DORKING - BALHAM (3),P26709,1717,stop,2026-04-02,17:17:00,,
DORKING - BALHAM (3),P26709,1717,stop,2026-04-15,17:17:00,,
EARLSFIELD - CHESSINGTON SOUTH,P62091,1651,stop,2026-04-19,17:17:00,,
DORKING - MITCHAM EASTFIELDS (2),P26710,1717,stop,2026-04-18,17:17:00,,
DORKING - BALHAM (3),P26709,1717,stop,2026-04-07,17:17:00,,
DORKING - BALHAM (3),P26709,1717,stop,2026-04-20,17:17:00,,
DORKING - BALHAM (3),P26710,1717,stop,2026-04-25,17:17:00,,
DORKING - BALHAM (3),P26709,1717,stop,2026-04-01,17:17:00,,
EARLSFIELD - CHESSINGTON SOUTH,P62091,1651,stop,2026-04-05,17:17:00,,
DORKING - BALHAM (3),P26709,1717,stop,2026-04-10,17:17:00,,
EARLSFIELD - GUILDFORD (2),P61611,1653,stop,2026-04-11,17:18:00,,
EARLSFIELD - GUILDFORD (2),P61611,1653,stop,2026-04-18,17:18:00,,
EARLSFIELD - GUILDFORD (2),Q49278,1653,stop,2026-04-06,17:18:00,,
EARLSFIELD - GUILDFORD (2),P61611,1653,stop,2026-04-04,17:18:00,,
EARLSFIELD - GUILDFORD (2),Q38468,1653,stop,2026-04-03,17:18:00,,
DORKING - BALHAM (3),P26709,1717,stop,2026-04-23,17:17:00,,
DORKING - BALHAM (3),P26709,1717,stop,2026-04-17,17:17:00,,
DORKING - BALHAM (3),P26710,1717,stop,2026-04-04,17:17:00,,
DORKING - BALHAM (3),P26709,1717,stop,2026-04-08,17:17:00,,
EARLSFIELD - GUILDFORD (2),P61610,1653,stop,2026-04-02,17:19:00,,
EARLSFIELD - GUILDFORD (2),P61610,1653,stop,2026-04-07,17:19:00,,
EARLSFIELD - GUILDFORD (2),P61610,1653,stop,2026-04-28,17:19:00,,
EARLSFIELD - GUILDFORD (2),P61610,1653,stop,2026-04-03,17:19:00,,
EARLSFIELD - GUILDFORD (2),P61610,1653,stop,2026-04-13,17:19:00,,
EARLSFIELD - GUILDFORD (2),P61610,1653,stop,2026-04-16,17:19:00,,
EARLSFIELD - GUILDFORD (2),P61610,1653,stop,2026-04-29,17:19:00,,
EARLSFIELD - GUILDFORD (2),P61610,1653,stop,2026-04-15,17:19:00,,
EARLSFIELD - GUILDFORD (2),P61610,1653,stop,2026-04-23,17:19:00,,
EARLSFIELD - GUILDFORD (2),P61610,1653,stop,2026-04-30,17:19:00,,
EARLSFIELD - GUILDFORD (2),P61610,1653,stop,2026-04-09,17:19:00,,
EARLSFIELD - GUILDFORD (2),P61610,1653,stop,2026-04-27,17:19:00,,
EARLSFIELD - GUILDFORD (2),P61610,1653,stop,2026-04-10,17:19:00,,
EARLSFIELD - GUILDFORD (2),P61610,1653,stop,2026-04-21,17:19:00,,
EARLSFIELD - GUILDFORD (2),P61610,1653,stop,2026-04-08,17:19:00,,
EARLSFIELD - GUILDFORD (2),P61611,1653,stop,2026-04-25,17:18:00,,
EARLSFIELD - GUILDFORD (2),P61610,1653,stop,2026-04-22,17:19:00,,
EARLSFIELD - GUILDFORD (2),P61610,1653,stop,2026-04-20,17:19:00,,
EARLSFIELD - GUILDFORD (2),P61610,1653,stop,2026-04-17,17:19:00,,
EARLSFIELD - GUILDFORD (2),P61610,1653,stop,2026-04-14,17:19:00,,
EARLSFIELD - GUILDFORD (2),P61610,1653,stop,2026-04-06,17:19:00,,
EARLSFIELD - GUILDFORD (2),P61610,1653,stop,2026-04-01,17:19:00,,
EARLSFIELD - GUILDFORD (2),P61610,1653,stop,2026-04-24,17:19:00,,
HORSHAM - BALHAM,P26715,1714,stop,2026-04-06,17:26:00,,
MITCHAM EASTFIELDS - DORKING,P26702,1638,stop,2026-04-19,17:26:00,,
BALHAM - DORKING (3),P26702,1638,stop,2026-04-12,17:26:00,,
HORSHAM - BALHAM,P26715,1714,stop,2026-04-13,17:26:00,,
HORSHAM - BALHAM,P26715,1714,stop,2026-04-15,17:26:00,,
HORSHAM - BALHAM,P26715,1714,stop,2026-04-30,17:26:00,,
HORSHAM - BALHAM,P26716,1714,stop,2026-04-04,17:26:00,,
HORSHAM - BALHAM,P26715,1714,stop,2026-04-08,17:26:00,,
HORSHAM - BALHAM,P26715,1714,stop,2026-04-23,17:26:00,,
HORSHAM - BALHAM,P26715,1714,stop,2026-04-20,17:26:00,,
HORSHAM - BALHAM,P26715,1714,stop,2026-04-09,17:26:00,,
HORSHAM - BALHAM,P26715,1714,stop,2026-04-02,17:26:00,,
HORSHAM - BALHAM,P26715,1714,stop,2026-04-28,17:26:00,,
HORSHAM - BALHAM,P26715,1714,stop,2026-04-10,17:26:00,,
HORSHAM - BALHAM,P26715,1714,stop,2026-04-24,17:26:00,,
HORSHAM - BALHAM,X00962,1714,stop,2026-04-06,17:26:00,,
HORSHAM - BALHAM,P26715,1714,stop,2026-04-22,17:26:00,,
EARLSFIELD - DORKING,P61057,1702,stop,2026-04-19,17:27:00,,
HORSHAM - BALHAM,P26715,1714,stop,2026-04-21,17:26:00,,
HORSHAM - BALHAM,P26715,1714,stop,2026-04-29,17:26:00,,
HORSHAM - BALHAM,P26715,1714,stop,2026-04-14,17:26:00,,
HORSHAM - BALHAM,P26715,1714,stop,2026-04-16,17:26:00,,
HORSHAM - BALHAM,P26716,1714,stop,2026-04-11,17:26:00,,
HORSHAM - BALHAM,P26715,1714,stop,2026-04-03,17:26:00,,
HORSHAM - BALHAM,P26715,1714,stop,2026-04-07,17:26:00,,
HORSHAM - BALHAM,X96041,1714,stop,2026-04-03,17:26:00,,
HORSHAM - BALHAM,P26716,1714,stop,2026-04-25,17:26:00,,
HORSHAM - BALHAM,P26715,1714,stop,2026-04-17,17:26:00,,
HORSHAM - BALHAM,P26715,1714,stop,2026-04-27,17:26:00,,
BALHAM - DORKING (3),P26702,1638,stop,2026-04-26,17:26:00,,
HORSHAM - BALHAM,P26715,1714,stop,2026-04-01,17:26:00,,
GUILDFORD - EARLSFIELD,P61616,1659,stop,2026-04-07,17:28:00,,
GUILDFORD - EARLSFIELD,P61616,1659,stop,2026-04-13,17:28:00,,
GUILDFORD - EARLSFIELD,P61616,1659,stop,2026-04-10,17:28:00,,
GUILDFORD - EARLSFIELD,P61616,1659,stop,2026-04-17,17:28:00,,
GUILDFORD - EARLSFIELD,P61616,1659,stop,2026-04-20,17:28:00,,
GUILDFORD - EARLSFIELD,P61616,1659,stop,2026-04-16,17:28:00,,
EARLSFIELD - DORKING,P61057,1702,stop,2026-04-05,17:27:00,,
EARLSFIELD - DORKING,P61057,1702,stop,2026-04-26,17:27:00,,
GUILDFORD - EARLSFIELD,P61616,1659,stop,2026-04-21,17:28:00,,
GUILDFORD - EARLSFIELD,P61616,1659,stop,2026-04-03,17:28:00,,
GUILDFORD - EARLSFIELD,P61616,1659,stop,2026-04-14,17:28:00,,
GUILDFORD - EARLSFIELD,P61616,1659,stop,2026-04-22,17:28:00,,
GUILDFORD - EARLSFIELD,P61616,1659,stop,2026-04-15,17:28:00,,
GUILDFORD - EARLSFIELD,P61616,1659,stop,2026-04-06,17:28:00,,
GUILDFORD - EARLSFIELD,P61616,1659,stop,2026-04-23,17:28:00,,
GUILDFORD - EARLSFIELD,P61616,1659,stop,2026-04-28,17:28:00,,
GUILDFORD - EARLSFIELD,P61616,1659,stop,2026-04-29,17:28:00,,
GUILDFORD - EARLSFIELD,P61616,1659,stop,2026-04-24,17:28:00,,
GUILDFORD - EARLSFIELD,P61616,1659,stop,2026-04-09,17:28:00,,
GUILDFORD - EARLSFIELD,P61616,1659,stop,2026-04-02,17:28:00,,
BALHAM - HORSHAM,P26700,1641,stop,2026-04-23,17:29:00,,
BALHAM - HORSHAM,P26700,1641,stop,2026-04-29,17:29:00,,
BALHAM - HORSHAM,P26701,1641,stop,2026-04-25,17:29:00,,
BALHAM - HORSHAM,P26700,1641,stop,2026-04-27,17:29:00,,
BALHAM - HORSHAM,P26700,1641,stop,2026-04-17,17:29:00,,
BALHAM - HORSHAM,P26700,1641,stop,2026-04-08,17:29:00,,
GUILDFORD - EARLSFIELD,P61616,1659,stop,2026-04-27,17:28:00,,
GUILDFORD - EARLSFIELD,P61616,1659,stop,2026-04-30,17:28:00,,
GUILDFORD - EARLSFIELD,P61616,1659,stop,2026-04-01,17:28:00,,
GUILDFORD - EARLSFIELD,P61616,1659,stop,2026-04-08,17:28:00,,
BALHAM - HORSHAM,P26700,1641,stop,2026-04-22,17:29:00,,
BALHAM - HORSHAM,P26700,1641,stop,2026-04-07,17:29:00,,
BALHAM - HORSHAM,P26700,1641,stop,2026-04-01,17:29:00,,
BALHAM - HORSHAM,P26700,1641,stop,2026-04-03,17:29:00,,
BALHAM - HORSHAM,P26700,1641,stop,2026-04-09,17:29:00,,
BALHAM - HORSHAM,P26700,1641,stop,2026-04-14,17:29:00,,
BALHAM - HORSHAM,X96087,1641,stop,2026-04-03,17:29:00,,
BALHAM - HORSHAM,P26701,1641,stop,2026-04-04,17:29:00,,
BALHAM - HORSHAM,P26700,1641,stop,2026-04-21,17:29:00,,
BALHAM - HORSHAM,P26701,1641,stop,2026-04-11,17:29:00,,
BALHAM - HORSHAM,P26700,1641,stop,2026-04-02,17:29:00,,
BALHAM - HORSHAM,P26700,1641,stop,2026-04-15,17:29:00,,
BALHAM - HORSHAM,P26700,1641,stop,2026-04-13,17:29:00,,
BALHAM - HORSHAM,P26700,1641,stop,2026-04-20,17:29:00,,
BALHAM - HORSHAM,P26700,1641,stop,2026-04-06,17:29:00,,
BALHAM - HORSHAM,P26700,1641,stop,2026-04-24,17:29:00,,
BALHAM - HORSHAM,X00957,1641,stop,2026-04-06,17:29:00,,
BALHAM - HORSHAM,P26700,1641,stop,2026-04-10,17:29:00,,
BALHAM - HORSHAM,P26700,1641,stop,2026-04-16,17:29:00,,
BALHAM - HORSHAM,P26700,1641,stop,2026-04-30,17:29:00,,
BALHAM - HORSHAM,P26700,1641,stop,2026-04-28,17:29:00,,
BALHAM - DORKING (6),P26702,1638,stop,2026-04-05,17:30:00,,
DORKING - EARLSFIELD,P61065,1732,stop,2026-04-24,17:32:00,,
DORKING - EARLSFIELD,P61065,1732,stop,2026-04-27,17:32:00,,
DORKING - EARLSFIELD,P61065,1732,stop,2026-04-01,17:32:00,,
HORSHAM - MITCHAM EASTFIELDS,P26716,1720,stop,2026-04-18,17:31:00,,
DORKING - EARLSFIELD,P61065,1732,stop,2026-04-02,17:32:00,,
DORKING - EARLSFIELD,P61065,1732,stop,2026-04-29,17:32:00,,
DORKING - EARLSFIELD,P61065,1732,stop,2026-04-21,17:32:00,,
DORKING - EARLSFIELD,P61065,1732,stop,2026-04-22,17:32:00,,
DORKING - EARLSFIELD,P61065,1732,stop,2026-04-23,17:32:00,,
DORKING - EARLSFIELD,P61065,1732,stop,2026-04-28,17:32:00,,
DORKING - EARLSFIELD,P61065,1732,stop,2026-04-03,17:32:00,,
DORKING - EARLSFIELD,P61065,1732,stop,2026-04-16,17:32:00,,
DORKING - EARLSFIELD,P61065,1732,stop,2026-04-13,17:32:00,,
DORKING - EARLSFIELD,P61066,1732,stop,2026-04-11,17:32:00,,
DORKING - EARLSFIELD,Q38437,1732,stop,2026-04-03,17:32:00,,
DORKING - EARLSFIELD,P61066,1732,stop,2026-04-04,17:32:00,,
DORKING - EARLSFIELD,P61066,1732,stop,2026-04-25,17:32:00,,
DORKING - EARLSFIELD,P61065,1732,stop,2026-04-20,17:32:00,,
DORKING - EARLSFIELD,P61065,1732,stop,2026-04-30,17:32:00,,
DORKING - EARLSFIELD,P61065,1732,stop,2026-04-17,17:32:00,,
DORKING - EARLSFIELD,P61065,1732,stop,2026-04-14,17:32:00,,
DORKING - EARLSFIELD,P61065,1732,stop,2026-04-07,17:32:00,,
DORKING - EARLSFIELD,P61065,1732,stop,2026-04-10,17:32:00,,
DORKING - EARLSFIELD,P61065,1732,stop,2026-04-15,17:32:00,,
DORKING - EARLSFIELD,P61065,1732,stop,2026-04-09,17:32:00,,
DORKING - EARLSFIELD,P61066,1732,stop,2026-04-18,17:32:00,,
DORKING - EARLSFIELD,P61065,1732,stop,2026-04-08,17:32:00,,
DORKING - EARLSFIELD,Q49131,1732,stop,2026-04-06,17:32:00,,
DORKING - EARLSFIELD,P61065,1732,stop,2026-04-06,17:32:00,,
WORCESTER PARK - EARLSFIELD,P61061,1732,stop,2026-04-12,17:32:00,,
SUTTON (SURREY) - DORKING,X04917,1655,stop,2026-04-12,17:32:00,,
WORCESTER PARK - EFFINGHAM JUNCTION,Q54802,1735,stop,2026-04-12,17:35:00,,
DORKING - SUTTON (SURREY),X04878,1733,stop,2026-04-12,17:33:00,,
EFFINGHAM JUNCTION - WORCESTER PARK,Q54764,1715,stop,2026-04-12,17:35:00,,
CHESSINGTON SOUTH - EARLSFIELD,L75823,1731,stop,2026-04-07,17:36:00,,
CHESSINGTON SOUTH - EARLSFIELD,L75823,1731,stop,2026-04-14,17:36:00,,
CHESSINGTON SOUTH - EARLSFIELD,L75823,1731,stop,2026-04-16,17:36:00,,
CHESSINGTON SOUTH - EARLSFIELD,L75823,1731,stop,2026-04-24,17:36:00,,
CHESSINGTON SOUTH - EARLSFIELD,L75823,1731,stop,2026-04-23,17:36:00,,
CHESSINGTON SOUTH - EARLSFIELD,L75823,1731,stop,2026-04-30,17:36:00,,
CHESSINGTON SOUTH - EARLSFIELD,L75823,1731,stop,2026-04-28,17:36:00,,
CHESSINGTON SOUTH - EARLSFIELD,L75823,1731,stop,2026-04-17,17:36:00,,
CHESSINGTON SOUTH - EARLSFIELD,L75823,1731,stop,2026-04-13,17:36:00,,
CHESSINGTON SOUTH - EARLSFIELD,L75823,1731,stop,2026-04-27,17:36:00,,
CHESSINGTON SOUTH - EARLSFIELD,L75823,1731,stop,2026-04-01,17:36:00,,
CHESSINGTON SOUTH - EARLSFIELD,L75823,1731,stop,2026-04-20,17:36:00,,
CHESSINGTON SOUTH - EARLSFIELD,L75823,1731,stop,2026-04-02,17:36:00,,
CHESSINGTON SOUTH - EARLSFIELD,L75823,1731,stop,2026-04-29,17:36:00,,
CHESSINGTON SOUTH - EARLSFIELD,L75823,1731,stop,2026-04-15,17:36:00,,
CHESSINGTON SOUTH - EARLSFIELD,L75823,1731,stop,2026-04-21,17:36:00,,
CHESSINGTON SOUTH - EARLSFIELD,L75823,1731,stop,2026-04-06,17:36:00,,
CHESSINGTON SOUTH - EARLSFIELD,L75823,1731,stop,2026-04-22,17:36:00,,
CHESSINGTON SOUTH - EARLSFIELD,L75823,1731,stop,2026-04-08,17:36:00,,
CHESSINGTON SOUTH - EARLSFIELD,L75823,1731,stop,2026-04-03,17:36:00,,
CHESSINGTON SOUTH - EARLSFIELD,L75823,1731,stop,2026-04-10,17:36:00,,
CHESSINGTON SOUTH - EARLSFIELD,L75823,1731,stop,2026-04-09,17:36:00,,
MITCHAM EASTFIELDS - HORSHAM (2),P26701,1650,stop,2026-04-18,17:38:00,,
CHESSINGTON SOUTH - EARLSFIELD,L75824,1734,stop,2026-04-18,17:39:00,,
CHESSINGTON SOUTH - EARLSFIELD,Q49122,1734,stop,2026-04-06,17:39:00,,
CHESSINGTON SOUTH - EARLSFIELD,L75824,1734,stop,2026-04-04,17:39:00,,
CHESSINGTON SOUTH - EARLSFIELD,L75824,1734,stop,2026-04-25,17:39:00,,
CHESSINGTON SOUTH - EARLSFIELD,Q38432,1734,stop,2026-04-03,17:39:00,,
CHESSINGTON SOUTH - EARLSFIELD,L75824,1734,stop,2026-04-11,17:39:00,,
DORKING - BALHAM (4),P26717,1742,stop,2026-04-26,17:42:00,,
DORKING - BALHAM (4),P26717,1742,stop,2026-04-12,17:42:00,,
DORKING - MITCHAM EASTFIELDS,P26717,1742,stop,2026-04-19,17:42:00,,
EARLSFIELD - DORKING,P61057,1702,stop,2026-04-12,17:41:00,,
EARLSFIELD - CHESSINGTON SOUTH,P62093,1717,stop,2026-04-11,17:43:00,,
EARLSFIELD - CHESSINGTON SOUTH,P62093,1717,stop,2026-04-25,17:43:00,,
EARLSFIELD - CHESSINGTON SOUTH,Q49185,1717,stop,2026-04-06,17:43:00,,
EARLSFIELD - CHESSINGTON SOUTH,P62093,1717,stop,2026-04-04,17:43:00,,
EARLSFIELD - CHESSINGTON SOUTH,P62093,1717,stop,2026-04-18,17:43:00,,
EARLSFIELD - CHESSINGTON SOUTH,Q38450,1717,stop,2026-04-03,17:43:00,,
EARLSFIELD - CHESSINGTON SOUTH,P62092,1717,stop,2026-04-07,17:44:00,,
EARLSFIELD - CHESSINGTON SOUTH,P62092,1717,stop,2026-04-08,17:44:00,,
EARLSFIELD - CHESSINGTON SOUTH,P62092,1717,stop,2026-04-14,17:44:00,,
EARLSFIELD - CHESSINGTON SOUTH,P62092,1717,stop,2026-04-13,17:44:00,,
EARLSFIELD - CHESSINGTON SOUTH,P62092,1717,stop,2026-04-03,17:44:00,,
EARLSFIELD - CHESSINGTON SOUTH,P62092,1717,stop,2026-04-24,17:44:00,,
CHESSINGTON SOUTH - EARLSFIELD,L75825,1739,stop,2026-04-26,17:44:00,,
EARLSFIELD - CHESSINGTON SOUTH,P62092,1717,stop,2026-04-15,17:44:00,,
EARLSFIELD - CHESSINGTON SOUTH,P62092,1717,stop,2026-04-30,17:44:00,,
EARLSFIELD - CHESSINGTON SOUTH,P62092,1717,stop,2026-04-17,17:44:00,,
EARLSFIELD - CHESSINGTON SOUTH,P62092,1717,stop,2026-04-02,17:44:00,,
EARLSFIELD - CHESSINGTON SOUTH,P62092,1717,stop,2026-04-21,17:44:00,,
EARLSFIELD - CHESSINGTON SOUTH,P62092,1717,stop,2026-04-20,17:44:00,,
CHESSINGTON SOUTH - EARLSFIELD,L75825,1739,stop,2026-04-19,17:44:00,,
EARLSFIELD - CHESSINGTON SOUTH,P62092,1717,stop,2026-04-06,17:44:00,,
EARLSFIELD - CHESSINGTON SOUTH,P62092,1717,stop,2026-04-29,17:44:00,,
EARLSFIELD - CHESSINGTON SOUTH,P62092,1717,stop,2026-04-23,17:44:00,,
EARLSFIELD - CHESSINGTON SOUTH,P62092,1717,stop,2026-04-28,17:44:00,,
EARLSFIELD - CHESSINGTON SOUTH,P62092,1717,stop,2026-04-01,17:44:00,,
EARLSFIELD - CHESSINGTON SOUTH,P62092,1717,stop,2026-04-22,17:44:00,,
GUILDFORD - EARLSFIELD,L74287,1720,stop,2026-04-26,17:45:00,,
GUILDFORD - EARLSFIELD,L74287,1720,stop,2026-04-05,17:45:00,,
GUILDFORD - EARLSFIELD,L74287,1720,stop,2026-04-12,17:45:00,,
GUILDFORD - EARLSFIELD,L74287,1720,stop,2026-04-19,17:45:00,,
EARLSFIELD - CHESSINGTON SOUTH,P62092,1717,stop,2026-04-16,17:44:00,,
CHESSINGTON SOUTH - EARLSFIELD,L75825,1739,stop,2026-04-05,17:44:00,,
EARLSFIELD - CHESSINGTON SOUTH,P62092,1717,stop,2026-04-27,17:44:00,,
CHESSINGTON SOUTH - EARLSFIELD,L75825,1739,stop,2026-04-12,17:44:00,,
EARLSFIELD - CHESSINGTON SOUTH,P62092,1717,stop,2026-04-09,17:44:00,,
EARLSFIELD - CHESSINGTON SOUTH,P62092,1717,stop,2026-04-10,17:44:00,,
DORKING - BALHAM (5),P26717,1746,stop,2026-04-05,17:46:00,,
EARLSFIELD - CHESSINGTON SOUTH,P62094,1721,stop,2026-04-19,17:47:00,,
EARLSFIELD - CHESSINGTON SOUTH,P62094,1721,stop,2026-04-12,17:47:00,,
EARLSFIELD - CHESSINGTON SOUTH,P62094,1721,stop,2026-04-26,17:47:00,,
EARLSFIELD - DORKING,P61055,1723,stop,2026-04-13,17:48:00,,
EARLSFIELD - DORKING,P61055,1723,stop,2026-04-10,17:48:00,,
EARLSFIELD - DORKING,P61055,1723,stop,2026-04-15,17:48:00,,
EARLSFIELD - DORKING,P61055,1723,stop,2026-04-08,17:48:00,,
EARLSFIELD - DORKING,P61055,1723,stop,2026-04-14,17:48:00,,
EARLSFIELD - DORKING,P61055,1723,stop,2026-04-21,17:48:00,,
EARLSFIELD - DORKING,P61055,1723,stop,2026-04-16,17:48:00,,
EARLSFIELD - DORKING,P61056,1723,stop,2026-04-18,17:48:00,,
EARLSFIELD - DORKING,P61055,1723,stop,2026-04-17,17:48:00,,
EARLSFIELD - DORKING,P61055,1723,stop,2026-04-20,17:48:00,,
EARLSFIELD - DORKING,P61055,1723,stop,2026-04-28,17:48:00,,
EARLSFIELD - DORKING,P61055,1723,stop,2026-04-23,17:48:00,,
EARLSFIELD - DORKING,P61055,1723,stop,2026-04-06,17:48:00,,
EARLSFIELD - DORKING,Q49175,1723,stop,2026-04-06,17:48:00,,
EARLSFIELD - DORKING,P61055,1723,stop,2026-04-01,17:48:00,,
EARLSFIELD - DORKING,P61055,1723,stop,2026-04-09,17:48:00,,
EARLSFIELD - DORKING,P61056,1723,stop,2026-04-11,17:48:00,,
EARLSFIELD - DORKING,P61055,1723,stop,2026-04-22,17:48:00,,
EARLSFIELD - DORKING,P61055,1723,stop,2026-04-30,17:48:00,,
EARLSFIELD - DORKING,P61056,1723,stop,2026-04-25,17:48:00,,
EARLSFIELD - DORKING,Q38446,1723,stop,2026-04-03,17:48:00,,
EARLSFIELD - DORKING,P61056,1723,stop,2026-04-04,17:48:00,,
EARLSFIELD - DORKING,P61055,1723,stop,2026-04-03,17:48:00,,
EARLSFIELD - DORKING,P61055,1723,stop,2026-04-27,17:48:00,,
EARLSFIELD - DORKING,P61055,1723,stop,2026-04-02,17:48:00,,
EARLSFIELD - DORKING,P61055,1723,stop,2026-04-24,17:48:00,,
EARLSFIELD - CHESSINGTON SOUTH,P62094,1724,stop,2026-04-05,17:50:00,,
DORKING - WORCESTER PARK,Q54830,1750,stop,2026-04-12,17:50:00,,
EARLSFIELD - DORKING,P61055,1723,stop,2026-04-07,17:48:00,,
EARLSFIELD - DORKING,P61055,1723,stop,2026-04-29,17:48:00,,
MITCHAM EASTFIELDS - DORKING,P26708,1708,stop,2026-04-19,17:56:00,,
BALHAM - DORKING (3),P26708,1708,stop,2026-04-26,17:56:00,,
BALHAM - DORKING (3),P26708,1708,stop,2026-04-12,17:56:00,,
EARLSFIELD - GUILDFORD (2),P61615,1732,stop,2026-04-05,17:58:00,,
BALHAM - DORKING,P26707,1711,stop,2026-04-25,17:57:00,,
BALHAM - DORKING,P26707,1711,stop,2026-04-04,17:57:00,,
BALHAM - DORKING,P26707,1711,stop,2026-04-11,17:57:00,,
BALHAM - DORKING,X96047,1711,stop,2026-04-03,17:57:00,,
BALHAM - DORKING,X00959,1711,stop,2026-04-06,17:57:00,,
EARLSFIELD - GUILDFORD (2),P61615,1732,stop,2026-04-26,17:58:00,,
EARLSFIELD - GUILDFORD (2),P61615,1732,stop,2026-04-19,17:58:00,,
BALHAM - DORKING (2),P26706,1711,stop,2026-04-22,17:59:00,,
BALHAM - DORKING (2),P26706,1711,stop,2026-04-28,17:59:00,,
BALHAM - DORKING (2),P26706,1711,stop,2026-04-13,17:59:00,,
BALHAM - DORKING (2),P26706,1711,stop,2026-04-29,17:59:00,,
BALHAM - DORKING (2),P26706,1711,stop,2026-04-10,17:59:00,,
BALHAM - DORKING (2),P26706,1711,stop,2026-04-03,17:59:00,,
BALHAM - DORKING (2),P26706,1711,stop,2026-04-15,17:59:00,,
BALHAM - DORKING (2),P26706,1711,stop,2026-04-23,17:59:00,,
BALHAM - DORKING (2),P26706,1711,stop,2026-04-07,17:59:00,,
BALHAM - DORKING (2),P26706,1711,stop,2026-04-27,17:59:00,,
BALHAM - DORKING (2),P26706,1711,stop,2026-04-06,17:59:00,,
BALHAM - DORKING (2),P26706,1711,stop,2026-04-14,17:59:00,,
BALHAM - DORKING (2),P26706,1711,stop,2026-04-30,17:59:00,,
BALHAM - DORKING (2),P26706,1711,stop,2026-04-24,17:59:00,,
BALHAM - DORKING (2),P26706,1711,stop,2026-04-21,17:59:00,,
BALHAM - DORKING (2),P26706,1711,stop,2026-04-02,17:59:00,,
BALHAM - DORKING (2),P26706,1711,stop,2026-04-20,17:59:00,,
BALHAM - DORKING (2),P26706,1711,stop,2026-04-09,17:59:00,,
BALHAM - DORKING (2),P26706,1711,stop,2026-04-17,17:59:00,,
BALHAM - DORKING (2),P26706,1711,stop,2026-04-08,17:59:00,,
BALHAM - DORKING (2),P26706,1711,stop,2026-04-01,17:59:00,,
BALHAM - DORKING (2),P26706,1711,stop,2026-04-16,17:59:00,,
BALHAM - DORKING (6),P26708,1708,stop,2026-04-05,18:00:00,,
SUTTON (SURREY) - DORKING,X04916,1725,stop,2026-04-12,18:02:00,,
WORCESTER PARK - EARLSFIELD,L74287,1802,stop,2026-04-12,18:02:00,,
WORCESTER PARK - GUILDFORD,L74280,1739,stop,2026-04-03,18:03:00,,
WORCESTER PARK - GUILDFORD,L74280,1739,stop,2026-04-15,18:03:00,,
WORCESTER PARK - GUILDFORD,L74280,1739,stop,2026-04-08,18:03:00,,
WORCESTER PARK - GUILDFORD,L74280,1739,stop,2026-04-13,18:03:00,,
WORCESTER PARK - GUILDFORD,L74280,1739,stop,2026-04-23,18:03:00,,
WORCESTER PARK - GUILDFORD,L74280,1739,stop,2026-04-07,18:03:00,,
WORCESTER PARK - GUILDFORD,L74280,1739,stop,2026-04-22,18:03:00,,
WORCESTER PARK - GUILDFORD,L74280,1739,stop,2026-04-16,18:03:00,,
WORCESTER PARK - GUILDFORD,L74280,1739,stop,2026-04-24,18:03:00,,
WORCESTER PARK - GUILDFORD,L74280,1739,stop,2026-04-14,18:03:00,,
WORCESTER PARK - GUILDFORD,L74280,1739,stop,2026-04-09,18:03:00,,
WORCESTER PARK - GUILDFORD,L74280,1739,stop,2026-04-21,18:03:00,,
WORCESTER PARK - GUILDFORD,L74280,1739,stop,2026-04-20,18:03:00,,
WORCESTER PARK - GUILDFORD,L74280,1739,stop,2026-04-17,18:03:00,,
DORKING - SUTTON (SURREY),X04877,1803,stop,2026-04-12,18:03:00,,
WORCESTER PARK - GUILDFORD,L74280,1739,stop,2026-04-02,18:03:00,,
WORCESTER PARK - GUILDFORD,L74280,1739,stop,2026-04-27,18:03:00,,
WORCESTER PARK - GUILDFORD,L74280,1739,stop,2026-04-01,18:03:00,,
WORCESTER PARK - GUILDFORD,L74280,1739,stop,2026-04-10,18:03:00,,
WORCESTER PARK - GUILDFORD,L74280,1739,stop,2026-04-06,18:03:00,,
WORCESTER PARK - GUILDFORD,L74280,1739,stop,2026-04-29,18:03:00,,
WORCESTER PARK - DORKING,Q54879,1805,stop,2026-04-12,18:05:00,,
WORCESTER PARK - GUILDFORD,L74280,1739,stop,2026-04-28,18:03:00,,
WORCESTER PARK - GUILDFORD,L74280,1739,stop,2026-04-30,18:03:00,,
DORKING - EARLSFIELD,P61067,1807,stop,2026-04-12,18:07:00,,
CHESSINGTON SOUTH - EARLSFIELD,Q49056,1804,stop,2026-04-06,18:09:00,,
DORKING - EARLSFIELD,P61067,1807,stop,2026-04-26,18:07:00,,
DORKING - EARLSFIELD,P61067,1807,stop,2026-04-05,18:07:00,,
DORKING - EARLSFIELD,P61067,1807,stop,2026-04-19,18:07:00,,
CHESSINGTON SOUTH - EARLSFIELD,L75829,1804,stop,2026-04-03,18:09:00,,
CHESSINGTON SOUTH - EARLSFIELD,L75829,1804,stop,2026-04-09,18:09:00,,
CHESSINGTON SOUTH - EARLSFIELD,L75829,1804,stop,2026-04-27,18:09:00,,
CHESSINGTON SOUTH - EARLSFIELD,L75829,1804,stop,2026-04-29,18:09:00,,
CHESSINGTON SOUTH - EARLSFIELD,L75829,1804,stop,2026-04-08,18:09:00,,
CHESSINGTON SOUTH - EARLSFIELD,L75829,1804,stop,2026-04-28,18:09:00,,
CHESSINGTON SOUTH - EARLSFIELD,L75829,1804,stop,2026-04-14,18:09:00,,
CHESSINGTON SOUTH - EARLSFIELD,L75829,1804,stop,2026-04-30,18:09:00,,
CHESSINGTON SOUTH - EARLSFIELD,L75829,1804,stop,2026-04-06,18:09:00,,
CHESSINGTON SOUTH - EARLSFIELD,L75829,1804,stop,2026-04-24,18:09:00,,
CHESSINGTON SOUTH - EARLSFIELD,L75830,1804,stop,2026-04-04,18:09:00,,
CHESSINGTON SOUTH - EARLSFIELD,L75829,1804,stop,2026-04-07,18:09:00,,
CHESSINGTON SOUTH - EARLSFIELD,L75829,1804,stop,2026-04-17,18:09:00,,
CHESSINGTON SOUTH - EARLSFIELD,L75829,1804,stop,2026-04-22,18:09:00,,
CHESSINGTON SOUTH - EARLSFIELD,L75829,1804,stop,2026-04-23,18:09:00,,
CHESSINGTON SOUTH - EARLSFIELD,L75829,1804,stop,2026-04-16,18:09:00,,
MITCHAM EASTFIELDS - HORSHAM,P25171,1725,stop,2026-04-13,18:10:00,,
MITCHAM EASTFIELDS - HORSHAM,P25171,1725,stop,2026-04-03,18:10:00,,
MITCHAM EASTFIELDS - HORSHAM,P25171,1725,stop,2026-04-09,18:10:00,,
MITCHAM EASTFIELDS - HORSHAM,P25171,1725,stop,2026-04-30,18:10:00,,
MITCHAM EASTFIELDS - HORSHAM,P25171,1725,stop,2026-04-02,18:10:00,,
CHESSINGTON SOUTH - EARLSFIELD,L75829,1804,stop,2026-04-10,18:09:00,,
CHESSINGTON SOUTH - EARLSFIELD,L75830,1804,stop,2026-04-18,18:09:00,,
CHESSINGTON SOUTH - EARLSFIELD,L75829,1804,stop,2026-04-02,18:09:00,,
CHESSINGTON SOUTH - EARLSFIELD,L75830,1804,stop,2026-04-11,18:09:00,,
CHESSINGTON SOUTH - EARLSFIELD,L75829,1804,stop,2026-04-20,18:09:00,,
CHESSINGTON SOUTH - EARLSFIELD,L75829,1804,stop,2026-04-21,18:09:00,,
CHESSINGTON SOUTH - EARLSFIELD,L75829,1804,stop,2026-04-13,18:09:00,,
CHESSINGTON SOUTH - EARLSFIELD,Q88746,1804,stop,2026-04-03,18:09:00,,
CHESSINGTON SOUTH - EARLSFIELD,L75829,1804,stop,2026-04-01,18:09:00,,
CHESSINGTON SOUTH - EARLSFIELD,L75829,1804,stop,2026-04-15,18:09:00,,
CHESSINGTON SOUTH - EARLSFIELD,L75830,1804,stop,2026-04-25,18:09:00,,
GUILDFORD - EARLSFIELD,L74291,1745,stop,2026-04-14,18:10:00,,
GUILDFORD - EARLSFIELD,L74291,1745,stop,2026-04-24,18:10:00,,
GUILDFORD - EARLSFIELD,L74291,1745,stop,2026-04-20,18:10:00,,
GUILDFORD - EARLSFIELD,L74291,1745,stop,2026-04-27,18:10:00,,
GUILDFORD - EARLSFIELD,L74291,1745,stop,2026-04-09,18:10:00,,
GUILDFORD - EARLSFIELD,L74292,1745,stop,2026-04-04,18:10:00,,
GUILDFORD - EARLSFIELD,L74291,1745,stop,2026-04-28,18:10:00,,
GUILDFORD - EARLSFIELD,L74291,1745,stop,2026-04-13,18:10:00,,
MITCHAM EASTFIELDS - HORSHAM,P25171,1725,stop,2026-04-10,18:10:00,,
GUILDFORD - EARLSFIELD,L74291,1745,stop,2026-04-30,18:10:00,,
GUILDFORD - EARLSFIELD,L74291,1745,stop,2026-04-15,18:10:00,,
GUILDFORD - EARLSFIELD,L74291,1745,stop,2026-04-16,18:10:00,,
MITCHAM EASTFIELDS - HORSHAM,P25171,1725,stop,2026-04-07,18:10:00,,
MITCHAM EASTFIELDS - HORSHAM,P25171,1725,stop,2026-04-21,18:10:00,,
MITCHAM EASTFIELDS - HORSHAM,P25171,1725,stop,2026-04-15,18:10:00,,
GUILDFORD - EARLSFIELD,L74291,1745,stop,2026-04-06,18:10:00,,
GUILDFORD - EARLSFIELD,L74292,1745,stop,2026-04-18,18:10:00,,
GUILDFORD - EARLSFIELD,L74291,1745,stop,2026-04-17,18:10:00,,
MITCHAM EASTFIELDS - HORSHAM,P25171,1725,stop,2026-04-14,18:10:00,,
GUILDFORD - EARLSFIELD,L74291,1745,stop,2026-04-10,18:10:00,,
GUILDFORD - EARLSFIELD,L74292,1745,stop,2026-04-11,18:10:00,,
MITCHAM EASTFIELDS - HORSHAM,P25171,1725,stop,2026-04-16,18:10:00,,
GUILDFORD - EARLSFIELD,L74291,1745,stop,2026-04-21,18:10:00,,
MITCHAM EASTFIELDS - HORSHAM,P25171,1725,stop,2026-04-17,18:10:00,,
MITCHAM EASTFIELDS - DORKING (2),P26707,1720,stop,2026-04-18,18:10:00,,
GUILDFORD - EARLSFIELD,Q38427,1745,stop,2026-04-03,18:10:00,,
GUILDFORD - EARLSFIELD,L74291,1745,stop,2026-04-07,18:10:00,,
MITCHAM EASTFIELDS - HORSHAM,P25171,1725,stop,2026-04-06,18:10:00,,
MITCHAM EASTFIELDS - HORSHAM,P25171,1725,stop,2026-04-27,18:10:00,,
GUILDFORD - EARLSFIELD,L74291,1745,stop,2026-04-22,18:10:00,,
MITCHAM EASTFIELDS - HORSHAM,P25171,1725,stop,2026-04-20,18:10:00,,
GUILDFORD - EARLSFIELD,L74291,1745,stop,2026-04-29,18:10:00,,
MITCHAM EASTFIELDS - HORSHAM,P25171,1725,stop,2026-04-22,18:10:00,,
MITCHAM EASTFIELDS - HORSHAM,P25171,1725,stop,2026-04-01,18:10:00,,
GUILDFORD - EARLSFIELD,L74291,1745,stop,2026-04-01,18:10:00,,
MITCHAM EASTFIELDS - HORSHAM,P25171,1725,stop,2026-04-28,18:10:00,,
GUILDFORD - EARLSFIELD,L74291,1745,stop,2026-04-02,18:10:00,,
GUILDFORD - EARLSFIELD,L74291,1745,stop,2026-04-08,18:10:00,,
GUILDFORD - EARLSFIELD,L74291,1745,stop,2026-04-03,18:10:00,,
MITCHAM EASTFIELDS - HORSHAM,P25171,1725,stop,2026-04-23,18:10:00,,
GUILDFORD - EARLSFIELD,L74291,1745,stop,2026-04-23,18:10:00,,
MITCHAM EASTFIELDS - HORSHAM,P25171,1725,stop,2026-04-29,18:10:00,,
GUILDFORD - EARLSFIELD,L74292,1745,stop,2026-04-25,18:10:00,,
GUILDFORD - EARLSFIELD,Q49102,1745,stop,2026-04-06,18:10:00,,
MITCHAM EASTFIELDS - HORSHAM,P25171,1725,stop,2026-04-08,18:10:00,,
MITCHAM EASTFIELDS - HORSHAM,P25171,1725,stop,2026-04-24,18:10:00,,
EARLSFIELD - GUILDFORD (2),P61615,1732,stop,2026-04-12,18:11:00,,
DORKING - MITCHAM EASTFIELDS,P26723,1812,stop,2026-04-19,18:12:00,,
DORKING - BALHAM (4),P26723,1812,stop,2026-04-26,18:12:00,,
DORKING - BALHAM (4),P26723,1812,stop,2026-04-12,18:12:00,,
EARLSFIELD - CHESSINGTON SOUTH,P62096,1747,stop,2026-04-11,18:13:00,,
EARLSFIELD - CHESSINGTON SOUTH,P62096,1747,stop,2026-04-18,18:13:00,,
EARLSFIELD - CHESSINGTON SOUTH,Q49097,1747,stop,2026-04-06,18:13:00,,
EARLSFIELD - CHESSINGTON SOUTH,Q88749,1747,stop,2026-04-03,18:13:00,,
EARLSFIELD - CHESSINGTON SOUTH,P62095,1747,stop,2026-04-01,18:14:00,,
EARLSFIELD - CHESSINGTON SOUTH,P62095,1747,stop,2026-04-30,18:14:00,,
EARLSFIELD - CHESSINGTON SOUTH,P62095,1747,stop,2026-04-20,18:14:00,,
EARLSFIELD - CHESSINGTON SOUTH,P62095,1747,stop,2026-04-07,18:14:00,,
EARLSFIELD - CHESSINGTON SOUTH,P62095,1747,stop,2026-04-02,18:14:00,,
EARLSFIELD - CHESSINGTON SOUTH,P62095,1747,stop,2026-04-27,18:14:00,,
EARLSFIELD - CHESSINGTON SOUTH,P62096,1747,stop,2026-04-04,18:13:00,,
EARLSFIELD - CHESSINGTON SOUTH,P62096,1747,stop,2026-04-25,18:13:00,,
CHESSINGTON SOUTH - EARLSFIELD,L75831,1809,stop,2026-04-19,18:14:00,,
EARLSFIELD - CHESSINGTON SOUTH,P62095,1747,stop,2026-04-28,18:14:00,,
EARLSFIELD - CHESSINGTON SOUTH,P62095,1747,stop,2026-04-08,18:14:00,,
EARLSFIELD - CHESSINGTON SOUTH,P62095,1747,stop,2026-04-06,18:14:00,,
CHESSINGTON SOUTH - EARLSFIELD,L75831,1809,stop,2026-04-05,18:14:00,,
EARLSFIELD - CHESSINGTON SOUTH,P62095,1747,stop,2026-04-16,18:14:00,,
EARLSFIELD - CHESSINGTON SOUTH,P62095,1747,stop,2026-04-09,18:14:00,,
EARLSFIELD - CHESSINGTON SOUTH,P62095,1747,stop,2026-04-21,18:14:00,,
EARLSFIELD - CHESSINGTON SOUTH,P62095,1747,stop,2026-04-24,18:14:00,,
EARLSFIELD - CHESSINGTON SOUTH,P62095,1747,stop,2026-04-29,18:14:00,,
CHESSINGTON SOUTH - EARLSFIELD,L75831,1809,stop,2026-04-26,18:14:00,,
EARLSFIELD - CHESSINGTON SOUTH,P62095,1747,stop,2026-04-23,18:14:00,,
EARLSFIELD - CHESSINGTON SOUTH,P62095,1747,stop,2026-04-13,18:14:00,,
EARLSFIELD - CHESSINGTON SOUTH,P62095,1747,stop,2026-04-22,18:14:00,,
EARLSFIELD - CHESSINGTON SOUTH,P62095,1747,stop,2026-04-17,18:14:00,,
EARLSFIELD - CHESSINGTON SOUTH,P62095,1747,stop,2026-04-15,18:14:00,,
EARLSFIELD - CHESSINGTON SOUTH,P62095,1747,stop,2026-04-03,18:14:00,,
EARLSFIELD - CHESSINGTON SOUTH,P62095,1747,stop,2026-04-10,18:14:00,,
CHESSINGTON SOUTH - EARLSFIELD,L75831,1809,stop,2026-04-12,18:14:00,,
EARLSFIELD - CHESSINGTON SOUTH,P62095,1747,stop,2026-04-14,18:14:00,,
DORKING - BALHAM (3),P26721,1817,stop,2026-04-29,18:17:00,,
DORKING - BALHAM (5),P26723,1816,stop,2026-04-05,18:16:00,,
DORKING - BALHAM (3),P26721,1817,stop,2026-04-21,18:17:00,,
EARLSFIELD - CHESSINGTON SOUTH,P62097,1751,stop,2026-04-19,18:17:00,,
DORKING - BALHAM (3),P26721,1817,stop,2026-04-09,18:17:00,,
DORKING - BALHAM (3),P26721,1817,stop,2026-04-10,18:17:00,,
DORKING - BALHAM (3),P26721,1817,stop,2026-04-01,18:17:00,,
DORKING - BALHAM (3),X95562,1817,stop,2026-04-03,18:17:00,,
EARLSFIELD - CHESSINGTON SOUTH,P62097,1751,stop,2026-04-12,18:17:00,,
DORKING - BALHAM (3),P26722,1817,stop,2026-04-25,18:17:00,,
DORKING - BALHAM (3),P26721,1817,stop,2026-04-07,18:17:00,,
DORKING - BALHAM (3),P26721,1817,stop,2026-04-28,18:17:00,,
DORKING - BALHAM (3),P26721,1817,stop,2026-04-14,18:17:00,,
DORKING - BALHAM (3),P26722,1817,stop,2026-04-04,18:17:00,,
DORKING - MITCHAM EASTFIELDS (2),P26722,1817,stop,2026-04-18,18:17:00,,
DORKING - BALHAM (3),P26722,1817,stop,2026-04-11,18:17:00,,
DORKING - BALHAM (3),P26721,1817,stop,2026-04-24,18:17:00,,
DORKING - BALHAM (3),P26721,1817,stop,2026-04-16,18:17:00,,
DORKING - BALHAM (3),P26721,1817,stop,2026-04-08,18:17:00,,
DORKING - BALHAM (3),P26721,1817,stop,2026-04-03,18:17:00,,
DORKING - BALHAM (3),P26721,1817,stop,2026-04-02,18:17:00,,
DORKING - BALHAM (3),P26721,1817,stop,2026-04-13,18:17:00,,
EARLSFIELD - CHESSINGTON SOUTH,P62097,1751,stop,2026-04-05,18:17:00,,
DORKING - BALHAM (3),P26721,1817,stop,2026-04-27,18:17:00,,
DORKING - BALHAM (3),P26721,1817,stop,2026-04-20,18:17:00,,
DORKING - BALHAM (3),P26721,1817,stop,2026-04-15,18:17:00,,
EARLSFIELD - CHESSINGTON SOUTH,P62097,1751,stop,2026-04-26,18:17:00,,
EARLSFIELD - GUILDFORD (2),Q49084,1753,stop,2026-04-06,18:18:00,,
DORKING - BALHAM (3),P26721,1817,stop,2026-04-22,18:17:00,,
DORKING - BALHAM (3),X00964,1817,stop,2026-04-06,18:17:00,,
DORKING - BALHAM (3),P26721,1817,stop,2026-04-06,18:17:00,,
DORKING - BALHAM (3),P26721,1817,stop,2026-04-30,18:17:00,,
DORKING - BALHAM (3),P26721,1817,stop,2026-04-23,18:17:00,,
DORKING - BALHAM (3),P26721,1817,stop,2026-04-17,18:17:00,,
EARLSFIELD - GUILDFORD (2),Q38422,1753,stop,2026-04-03,18:18:00,,
EARLSFIELD - GUILDFORD (2),P61614,1753,stop,2026-04-18,18:18:00,,
EARLSFIELD - GUILDFORD (2),P61614,1753,stop,2026-04-11,18:18:00,,
EARLSFIELD - GUILDFORD (2),P61614,1753,stop,2026-04-04,18:18:00,,
EARLSFIELD - DORKING,P61060,1753,stop,2026-04-24,18:19:00,,
EARLSFIELD - DORKING,P61060,1753,stop,2026-04-20,18:19:00,,
EARLSFIELD - DORKING,P61060,1753,stop,2026-04-27,18:19:00,,
EARLSFIELD - DORKING,P61060,1753,stop,2026-04-07,18:19:00,,
EARLSFIELD - DORKING,P61060,1753,stop,2026-04-13,18:19:00,,
EARLSFIELD - DORKING,P61060,1753,stop,2026-04-09,18:19:00,,
EARLSFIELD - GUILDFORD (2),P61614,1753,stop,2026-04-25,18:18:00,,
EARLSFIELD - DORKING,P61060,1753,stop,2026-04-28,18:19:00,,
EARLSFIELD - DORKING,P61060,1753,stop,2026-04-22,18:19:00,,
EARLSFIELD - DORKING,P61060,1753,stop,2026-04-14,18:19:00,,
EARLSFIELD - DORKING,P61060,1753,stop,2026-04-30,18:19:00,,
EARLSFIELD - DORKING,P61060,1753,stop,2026-04-29,18:19:00,,
EARLSFIELD - DORKING,P61060,1753,stop,2026-04-17,18:19:00,,
EARLSFIELD - DORKING,P61060,1753,stop,2026-04-06,18:19:00,,
EARLSFIELD - DORKING,P61060,1753,stop,2026-04-08,18:19:00,,
EARLSFIELD - DORKING,P61060,1753,stop,2026-04-16,18:19:00,,
EARLSFIELD - DORKING,P61060,1753,stop,2026-04-03,18:19:00,,
EARLSFIELD - DORKING,P61060,1753,stop,2026-04-21,18:19:00,,
EARLSFIELD - DORKING,P61060,1753,stop,2026-04-02,18:19:00,,
EARLSFIELD - DORKING,P61060,1753,stop,2026-04-10,18:19:00,,
EARLSFIELD - DORKING,P61060,1753,stop,2026-04-23,18:19:00,,
EARLSFIELD - DORKING,P61060,1753,stop,2026-04-01,18:19:00,,
EARLSFIELD - DORKING,P61060,1753,stop,2026-04-15,18:19:00,,
HORSHAM - BALHAM,P26727,1814,stop,2026-04-08,18:26:00,,
MITCHAM EASTFIELDS - DORKING,P26714,1738,stop,2026-04-19,18:26:00,,
BALHAM - DORKING (3),P26714,1738,stop,2026-04-12,18:26:00,,
HORSHAM - BALHAM,P26728,1814,stop,2026-04-11,18:26:00,,
HORSHAM - BALHAM,X95567,1814,stop,2026-04-03,18:26:00,,
HORSHAM - BALHAM,P26727,1814,stop,2026-04-09,18:26:00,,
HORSHAM - BALHAM,P26727,1814,stop,2026-04-30,18:26:00,,
HORSHAM - BALHAM,X00966,1814,stop,2026-04-06,18:26:00,,
HORSHAM - BALHAM,P26727,1814,stop,2026-04-06,18:26:00,,
HORSHAM - BALHAM,P26727,1814,stop,2026-04-27,18:26:00,,
HORSHAM - BALHAM,P26727,1814,stop,2026-04-16,18:26:00,,
HORSHAM - BALHAM,P26727,1814,stop,2026-04-23,18:26:00,,
HORSHAM - BALHAM,P26727,1814,stop,2026-04-21,18:26:00,,
HORSHAM - BALHAM,P26727,1814,stop,2026-04-01,18:26:00,,
HORSHAM - BALHAM,P26728,1814,stop,2026-04-25,18:26:00,,
HORSHAM - BALHAM,P26727,1814,stop,2026-04-22,18:26:00,,
HORSHAM - BALHAM,P26727,1814,stop,2026-04-02,18:26:00,,
HORSHAM - BALHAM,P26727,1814,stop,2026-04-14,18:26:00,,
HORSHAM - BALHAM,P26727,1814,stop,2026-04-03,18:26:00,,
BALHAM - DORKING (3),P26714,1738,stop,2026-04-26,18:26:00,,
HORSHAM - BALHAM,P26727,1814,stop,2026-04-24,18:26:00,,
HORSHAM - BALHAM,P26727,1814,stop,2026-04-07,18:26:00,,
HORSHAM - BALHAM,P26727,1814,stop,2026-04-28,18:26:00,,
HORSHAM - BALHAM,P26727,1814,stop,2026-04-17,18:26:00,,
HORSHAM - BALHAM,P26727,1814,stop,2026-04-29,18:26:00,,
HORSHAM - BALHAM,P26728,1814,stop,2026-04-04,18:26:00,,
HORSHAM - BALHAM,P26727,1814,stop,2026-04-15,18:26:00,,
EARLSFIELD - DORKING,P61064,1802,stop,2026-04-26,18:27:00,,
EARLSFIELD - DORKING,P61064,1802,stop,2026-04-05,18:27:00,,
EARLSFIELD - DORKING,P61064,1802,stop,2026-04-19,18:27:00,,
HORSHAM - BALHAM,P26727,1814,stop,2026-04-20,18:26:00,,
HORSHAM - BALHAM,P26727,1814,stop,2026-04-10,18:26:00,,
HORSHAM - BALHAM,P26727,1814,stop,2026-04-13,18:26:00,,
BALHAM - HORSHAM,P26713,1741,stop,2026-04-11,18:29:00,,
BALHAM - HORSHAM,P26712,1741,stop,2026-04-24,18:29:00,,
BALHAM - HORSHAM,P26712,1741,stop,2026-04-08,18:29:00,,
BALHAM - HORSHAM,P26712,1741,stop,2026-04-21,18:29:00,,
BALHAM - HORSHAM,P26712,1741,stop,2026-04-23,18:29:00,,
BALHAM - HORSHAM,P26712,1741,stop,2026-04-20,18:29:00,,
BALHAM - HORSHAM,P26712,1741,stop,2026-04-15,18:29:00,,
BALHAM - HORSHAM,P26712,1741,stop,2026-04-02,18:29:00,,
BALHAM - HORSHAM,P26712,1741,stop,2026-04-22,18:29:00,,
BALHAM - HORSHAM,P26712,1741,stop,2026-04-14,18:29:00,,
BALHAM - HORSHAM,P26712,1741,stop,2026-04-13,18:29:00,,
BALHAM - HORSHAM,P26712,1741,stop,2026-04-09,18:29:00,,
BALHAM - HORSHAM,P26712,1741,stop,2026-04-06,18:29:00,,
BALHAM - HORSHAM,P26712,1741,stop,2026-04-10,18:29:00,,
BALHAM - HORSHAM,P26712,1741,stop,2026-04-16,18:29:00,,
BALHAM - HORSHAM,P26713,1741,stop,2026-04-04,18:29:00,,
BALHAM - HORSHAM,X00961,1741,stop,2026-04-06,18:29:00,,
BALHAM - HORSHAM,P26712,1741,stop,2026-04-30,18:29:00,,
BALHAM - HORSHAM,P26713,1741,stop,2026-04-25,18:29:00,,
BALHAM - HORSHAM,X95613,1741,stop,2026-04-03,18:29:00,,
BALHAM - HORSHAM,P26712,1741,stop,2026-04-03,18:29:00,,
BALHAM - HORSHAM,P26712,1741,stop,2026-04-07,18:29:00,,
BALHAM - HORSHAM,P26712,1741,stop,2026-04-17,18:29:00,,
BALHAM - HORSHAM,P26712,1741,stop,2026-04-01,18:29:00,,
BALHAM - HORSHAM,P26712,1741,stop,2026-04-29,18:29:00,,
BALHAM - HORSHAM,P26712,1741,stop,2026-04-27,18:29:00,,
BALHAM - DORKING (6),P26714,1738,stop,2026-04-05,18:30:00,,
BALHAM - HORSHAM,P26712,1741,stop,2026-04-28,18:29:00,,
WORCESTER PARK - GUILDFORD,L74285,1809,stop,2026-04-09,18:32:00,,
DORKING - EARLSFIELD,P61071,1832,stop,2026-04-24,18:32:00,,
WORCESTER PARK - GUILDFORD,L74285,1809,stop,2026-04-02,18:32:00,,
DORKING - EARLSFIELD,P61071,1832,stop,2026-04-01,18:32:00,,
WORCESTER PARK - GUILDFORD,L74285,1809,stop,2026-04-30,18:32:00,,
WORCESTER PARK - GUILDFORD,L74285,1809,stop,2026-04-21,18:32:00,,
WORCESTER PARK - EARLSFIELD,P61067,1832,stop,2026-04-12,18:32:00,,
DORKING - EARLSFIELD,P61071,1832,stop,2026-04-22,18:32:00,,
DORKING - EARLSFIELD,P61072,1832,stop,2026-04-25,18:32:00,,
DORKING - EARLSFIELD,P61071,1832,stop,2026-04-13,18:32:00,,
DORKING - EARLSFIELD,P61071,1832,stop,2026-04-23,18:32:00,,
HORSHAM - MITCHAM EASTFIELDS,P26728,1820,stop,2026-04-18,18:31:00,,
WORCESTER PARK - GUILDFORD,L74285,1809,stop,2026-04-24,18:32:00,,
WORCESTER PARK - GUILDFORD,L74285,1809,stop,2026-04-15,18:32:00,,
SUTTON (SURREY) - DORKING,X04915,1755,stop,2026-04-12,18:32:00,,
WORCESTER PARK - GUILDFORD,L74285,1809,stop,2026-04-06,18:32:00,,
DORKING - EARLSFIELD,P61072,1832,stop,2026-04-04,18:32:00,,
DORKING - EARLSFIELD,P61071,1832,stop,2026-04-30,18:32:00,,
DORKING - EARLSFIELD,P61071,1832,stop,2026-04-02,18:32:00,,
DORKING - EARLSFIELD,P61071,1832,stop,2026-04-06,18:32:00,,
DORKING - EARLSFIELD,P61071,1832,stop,2026-04-10,18:32:00,,
DORKING - EARLSFIELD,P61071,1832,stop,2026-04-27,18:32:00,,
WORCESTER PARK - GUILDFORD,L74285,1809,stop,2026-04-27,18:32:00,,
WORCESTER PARK - GUILDFORD,L74285,1809,stop,2026-04-13,18:32:00,,
DORKING - EARLSFIELD,P61072,1832,stop,2026-04-11,18:32:00,,
WORCESTER PARK - GUILDFORD,L74285,1809,stop,2026-04-08,18:32:00,,
DORKING - EARLSFIELD,Q49005,1832,stop,2026-04-06,18:32:00,,
WORCESTER PARK - GUILDFORD,L74285,1809,stop,2026-04-16,18:32:00,,
DORKING - EARLSFIELD,P61071,1832,stop,2026-04-03,18:32:00,,
WORCESTER PARK - GUILDFORD,L74285,1809,stop,2026-04-23,18:32:00,,
DORKING - EARLSFIELD,Q38393,1832,stop,2026-04-03,18:32:00,,
DORKING - EARLSFIELD,P61071,1832,stop,2026-04-28,18:32:00,,
DORKING - EARLSFIELD,P61071,1832,stop,2026-04-07,18:32:00,,
WORCESTER PARK - GUILDFORD,L74285,1809,stop,2026-04-14,18:32:00,,
WORCESTER PARK - GUILDFORD,L74285,1809,stop,2026-04-17,18:32:00,,
WORCESTER PARK - GUILDFORD,L74285,1809,stop,2026-04-07,18:32:00,,
DORKING - EARLSFIELD,P61071,1832,stop,2026-04-29,18:32:00,,
WORCESTER PARK - GUILDFORD,L74285,1809,stop,2026-04-22,18:32:00,,
DORKING - EARLSFIELD,P61071,1832,stop,2026-04-08,18:32:00,,
WORCESTER PARK - GUILDFORD,L74285,1809,stop,2026-04-03,18:32:00,,
DORKING - EARLSFIELD,P61071,1832,stop,2026-04-09,18:32:00,,
WORCESTER PARK - GUILDFORD,L74285,1809,stop,2026-04-28,18:32:00,,
DORKING - EARLSFIELD,P61071,1832,stop,2026-04-17,18:32:00,,
DORKING - EARLSFIELD,P61071,1832,stop,2026-04-14,18:32:00,,
DORKING - EARLSFIELD,P61071,1832,stop,2026-04-16,18:32:00,,
DORKING - EARLSFIELD,P61071,1832,stop,2026-04-20,18:32:00,,
DORKING - EARLSFIELD,P61071,1832,stop,2026-04-21,18:32:00,,
WORCESTER PARK - GUILDFORD,L74285,1809,stop,2026-04-29,18:32:00,,
WORCESTER PARK - GUILDFORD,L74285,1809,stop,2026-04-01,18:32:00,,
WORCESTER PARK - GUILDFORD,L74285,1809,stop,2026-04-20,18:32:00,,
WORCESTER PARK - GUILDFORD,L74285,1809,stop,2026-04-10,18:32:00,,
DORKING - EARLSFIELD,P61071,1832,stop,2026-04-15,18:32:00,,
DORKING - EARLSFIELD,P61072,1832,stop,2026-04-18,18:32:00,,
DORKING - SUTTON (SURREY),X04876,1833,stop,2026-04-12,18:33:00,,
WORCESTER PARK - EFFINGHAM JUNCTION,Q54800,1835,stop,2026-04-12,18:35:00,,
EFFINGHAM JUNCTION - WORCESTER PARK,Q54763,1815,stop,2026-04-12,18:35:00,,
MITCHAM EASTFIELDS - HORSHAM (2),P26713,1750,stop,2026-04-18,18:38:00,,
CHESSINGTON SOUTH - EARLSFIELD,L75835,1834,stop,2026-04-22,18:39:00,,
CHESSINGTON SOUTH - EARLSFIELD,L75835,1834,stop,2026-04-16,18:39:00,,
CHESSINGTON SOUTH - EARLSFIELD,Q38388,1834,stop,2026-04-03,18:39:00,,
CHESSINGTON SOUTH - EARLSFIELD,L75835,1834,stop,2026-04-10,18:39:00,,
CHESSINGTON SOUTH - EARLSFIELD,L75835,1834,stop,2026-04-08,18:39:00,,
CHESSINGTON SOUTH - EARLSFIELD,L75835,1834,stop,2026-04-17,18:39:00,,
CHESSINGTON SOUTH - EARLSFIELD,L75835,1834,stop,2026-04-28,18:39:00,,
CHESSINGTON SOUTH - EARLSFIELD,L75835,1834,stop,2026-04-20,18:39:00,,
CHESSINGTON SOUTH - EARLSFIELD,L75835,1834,stop,2026-04-30,18:39:00,,
CHESSINGTON SOUTH - EARLSFIELD,L75835,1834,stop,2026-04-01,18:39:00,,
CHESSINGTON SOUTH - EARLSFIELD,L75835,1834,stop,2026-04-07,18:39:00,,
CHESSINGTON SOUTH - EARLSFIELD,L75835,1834,stop,2026-04-06,18:39:00,,
CHESSINGTON SOUTH - EARLSFIELD,L75836,1834,stop,2026-04-04,18:39:00,,
CHESSINGTON SOUTH - EARLSFIELD,L75835,1834,stop,2026-04-27,18:39:00,,
CHESSINGTON SOUTH - EARLSFIELD,L75835,1834,stop,2026-04-09,18:39:00,,
CHESSINGTON SOUTH - EARLSFIELD,L75836,1834,stop,2026-04-18,18:39:00,,
CHESSINGTON SOUTH - EARLSFIELD,L75835,1834,stop,2026-04-13,18:39:00,,
CHESSINGTON SOUTH - EARLSFIELD,L75835,1834,stop,2026-04-23,18:39:00,,
CHESSINGTON SOUTH - EARLSFIELD,L75835,1834,stop,2026-04-15,18:39:00,,
CHESSINGTON SOUTH - EARLSFIELD,L75835,1834,stop,2026-04-14,18:39:00,,
CHESSINGTON SOUTH - EARLSFIELD,L75835,1834,stop,2026-04-29,18:39:00,,
CHESSINGTON SOUTH - EARLSFIELD,L75835,1834,stop,2026-04-03,18:39:00,,
CHESSINGTON SOUTH - EARLSFIELD,L75835,1834,stop,2026-04-24,18:39:00,,
CHESSINGTON SOUTH - EARLSFIELD,L75836,1834,stop,2026-04-25,18:39:00,,
CHESSINGTON SOUTH - EARLSFIELD,Q48964,1834,stop,2026-04-06,18:39:00,,
CHESSINGTON SOUTH - EARLSFIELD,L75835,1834,stop,2026-04-21,18:39:00,,
CHESSINGTON SOUTH - EARLSFIELD,L75835,1834,stop,2026-04-02,18:39:00,,
CHESSINGTON SOUTH - EARLSFIELD,L75836,1834,stop,2026-04-11,18:39:00,,
EARLSFIELD - DORKING,P61064,1802,stop,2026-04-12,18:41:00,,
DORKING - MITCHAM EASTFIELDS,P26729,1842,stop,2026-04-19,18:42:00,,
DORKING - BALHAM (4),P26729,1842,stop,2026-04-26,18:42:00,,
DORKING - BALHAM (4),P26729,1842,stop,2026-04-12,18:42:00,,
EARLSFIELD - CHESSINGTON SOUTH,P62099,1817,stop,2026-04-04,18:43:00,,
EARLSFIELD - CHESSINGTON SOUTH,P62099,1817,stop,2026-04-25,18:43:00,,
EARLSFIELD - CHESSINGTON SOUTH,P62099,1817,stop,2026-04-11,18:43:00,,
EARLSFIELD - CHESSINGTON SOUTH,Q49036,1817,stop,2026-04-06,18:43:00,,
EARLSFIELD - CHESSINGTON SOUTH,Q38405,1817,stop,2026-04-03,18:43:00,,
EARLSFIELD - CHESSINGTON SOUTH,P62099,1817,stop,2026-04-18,18:43:00,,
EARLSFIELD - CHESSINGTON SOUTH,P62098,1817,stop,2026-04-14,18:44:00,,
EARLSFIELD - CHESSINGTON SOUTH,P62098,1817,stop,2026-04-30,18:44:00,,
EARLSFIELD - CHESSINGTON SOUTH,P62098,1817,stop,2026-04-28,18:44:00,,
EARLSFIELD - CHESSINGTON SOUTH,P62098,1817,stop,2026-04-02,18:44:00,,
EARLSFIELD - CHESSINGTON SOUTH,P62098,1817,stop,2026-04-01,18:44:00,,
EARLSFIELD - CHESSINGTON SOUTH,P62098,1817,stop,2026-04-09,18:44:00,,
EARLSFIELD - CHESSINGTON SOUTH,P62098,1817,stop,2026-04-13,18:44:00,,
CHESSINGTON SOUTH - EARLSFIELD,L75837,1839,stop,2026-04-12,18:44:00,,
EARLSFIELD - CHESSINGTON SOUTH,P62098,1817,stop,2026-04-10,18:44:00,,
EARLSFIELD - CHESSINGTON SOUTH,P62098,1817,stop,2026-04-15,18:44:00,,
EARLSFIELD - CHESSINGTON SOUTH,P62098,1817,stop,2026-04-29,18:44:00,,
CHESSINGTON SOUTH - EARLSFIELD,L75837,1839,stop,2026-04-19,18:44:00,,
EARLSFIELD - CHESSINGTON SOUTH,P62098,1817,stop,2026-04-27,18:44:00,,
GUILDFORD - EARLSFIELD,L74293,1820,stop,2026-04-26,18:45:00,,
EARLSFIELD - CHESSINGTON SOUTH,P62098,1817,stop,2026-04-22,18:44:00,,
EARLSFIELD - CHESSINGTON SOUTH,P62098,1817,stop,2026-04-08,18:44:00,,
EARLSFIELD - CHESSINGTON SOUTH,P62098,1817,stop,2026-04-24,18:44:00,,
EARLSFIELD - CHESSINGTON SOUTH,P62098,1817,stop,2026-04-21,18:44:00,,
EARLSFIELD - CHESSINGTON SOUTH,P62098,1817,stop,2026-04-07,18:44:00,,
EARLSFIELD - CHESSINGTON SOUTH,P62098,1817,stop,2026-04-23,18:44:00,,
CHESSINGTON SOUTH - EARLSFIELD,L75837,1839,stop,2026-04-05,18:44:00,,
EARLSFIELD - CHESSINGTON SOUTH,P62098,1817,stop,2026-04-20,18:44:00,,
EARLSFIELD - CHESSINGTON SOUTH,P62098,1817,stop,2026-04-17,18:44:00,,
EARLSFIELD - CHESSINGTON SOUTH,P62098,1817,stop,2026-04-06,18:44:00,,
EARLSFIELD - CHESSINGTON SOUTH,P62098,1817,stop,2026-04-16,18:44:00,,
EARLSFIELD - CHESSINGTON SOUTH,P62098,1817,stop,2026-04-03,18:44:00,,
CHESSINGTON SOUTH - EARLSFIELD,L75837,1839,stop,2026-04-26,18:44:00,,
GUILDFORD - EARLSFIELD,L74293,1820,stop,2026-04-05,18:45:00,,
GUILDFORD - EARLSFIELD,L74293,1820,stop,2026-04-12,18:45:00,,
GUILDFORD - EARLSFIELD,L74293,1820,stop,2026-04-19,18:45:00,,
DORKING - BALHAM (5),P26729,1846,stop,2026-04-05,18:46:00,,
EARLSFIELD - CHESSINGTON SOUTH,P62100,1821,stop,2026-04-12,18:47:00,,
EARLSFIELD - CHESSINGTON SOUTH,P62100,1821,stop,2026-04-19,18:47:00,,
EARLSFIELD - CHESSINGTON SOUTH,P62100,1821,stop,2026-04-26,18:47:00,,
EARLSFIELD - DORKING,P61062,1823,stop,2026-04-20,18:48:00,,
EARLSFIELD - DORKING,P61063,1823,stop,2026-04-25,18:48:00,,
EARLSFIELD - DORKING,P61062,1823,stop,2026-04-02,18:48:00,,
EARLSFIELD - DORKING,P61062,1823,stop,2026-04-10,18:48:00,,
EARLSFIELD - DORKING,P61063,1823,stop,2026-04-11,18:48:00,,
EARLSFIELD - DORKING,P61062,1823,stop,2026-04-28,18:48:00,,
EARLSFIELD - DORKING,P61063,1823,stop,2026-04-18,18:48:00,,
EARLSFIELD - DORKING,P61062,1823,stop,2026-04-09,18:48:00,,
EARLSFIELD - DORKING,P61062,1823,stop,2026-04-21,18:48:00,,
EARLSFIELD - DORKING,P61062,1823,stop,2026-04-24,18:48:00,,
EARLSFIELD - DORKING,P61062,1823,stop,2026-04-06,18:48:00,,
EARLSFIELD - DORKING,P61062,1823,stop,2026-04-13,18:48:00,,
EARLSFIELD - DORKING,P61062,1823,stop,2026-04-22,18:48:00,,
EARLSFIELD - DORKING,P61062,1823,stop,2026-04-29,18:48:00,,
EARLSFIELD - DORKING,P61062,1823,stop,2026-04-03,18:48:00,,
EARLSFIELD - DORKING,P61062,1823,stop,2026-04-30,18:48:00,,
EARLSFIELD - DORKING,Q38402,1823,stop,2026-04-03,18:48:00,,
EARLSFIELD - DORKING,P61063,1823,stop,2026-04-04,18:48:00,,
EARLSFIELD - DORKING,P61062,1823,stop,2026-04-01,18:48:00,,
EARLSFIELD - DORKING,P61062,1823,stop,2026-04-27,18:48:00,,
EARLSFIELD - DORKING,P61062,1823,stop,2026-04-23,18:48:00,,
EARLSFIELD - DORKING,P61062,1823,stop,2026-04-08,18:48:00,,
EARLSFIELD - DORKING,P61062,1823,stop,2026-04-16,18:48:00,,
EARLSFIELD - DORKING,P61062,1823,stop,2026-04-17,18:48:00,,
EARLSFIELD - DORKING,P61062,1823,stop,2026-04-07,18:48:00,,
EARLSFIELD - DORKING,P61062,1823,stop,2026-04-14,18:48:00,,
EARLSFIELD - DORKING,P61062,1823,stop,2026-04-15,18:48:00,,
EARLSFIELD - DORKING,Q49027,1823,stop,2026-04-06,18:48:00,,
EARLSFIELD - CHESSINGTON SOUTH,P62100,1824,stop,2026-04-05,18:50:00,,
DORKING - WORCESTER PARK,Q54829,1850,stop,2026-04-12,18:50:00,,
CHESSINGTON SOUTH - RAYNES PARK,L75885,2342,stop,2026-04-28,23:49:00,,
CHESSINGTON SOUTH - RAYNES PARK,L75885,2342,stop,2026-04-27,23:49:00,,
DORKING - WEST CROYDON,X01002,2337,stop,2026-04-06,23:49:00,,
DORKING - WEST CROYDON,P46063,2337,stop,2026-04-25,23:49:00,,
CHESSINGTON SOUTH - RAYNES PARK,L75885,2342,stop,2026-04-01,23:49:00,,
CHESSINGTON SOUTH - RAYNES PARK,L75885,2342,stop,2026-04-02,23:49:00,,
CHESSINGTON SOUTH - RAYNES PARK,L75885,2342,stop,2026-04-03,23:49:00,,
CHESSINGTON SOUTH - RAYNES PARK,L75885,2342,stop,2026-04-06,23:49:00,,
DORKING - WEST CROYDON,P46063,2337,stop,2026-04-04,23:49:00,,
DORKING - WEST CROYDON,X93531,2337,stop,2026-04-03,23:49:00,,
CHESSINGTON SOUTH - RAYNES PARK,L75885,2342,stop,2026-04-07,23:49:00,,
CHESSINGTON SOUTH - RAYNES PARK,Q48070,2342,stop,2026-04-06,23:49:00,,
CHESSINGTON SOUTH - RAYNES PARK,Q88740,2341,stop,2026-04-03,23:48:00,,
CHESSINGTON SOUTH - RAYNES PARK,L75886,2341,stop,2026-04-11,23:48:00,,
BALHAM - DORKING (3),P26720,1808,stop,2026-04-12,18:56:00,,
EARLSFIELD - GUILDFORD (2),P61619,1832,stop,2026-04-26,18:58:00,,
BALHAM - DORKING (3),P26720,1808,stop,2026-04-26,18:56:00,,
MITCHAM EASTFIELDS - DORKING,P26720,1808,stop,2026-04-19,18:56:00,,
BALHAM - DORKING (2),P26718,1811,stop,2026-04-14,18:59:00,,
BALHAM - DORKING (2),P26718,1811,stop,2026-04-30,18:59:00,,
BALHAM - DORKING (2),X95573,1811,stop,2026-04-03,18:59:00,,
BALHAM - DORKING (2),P26718,1811,stop,2026-04-21,18:59:00,,
BALHAM - DORKING (2),P26718,1811,stop,2026-04-23,18:59:00,,
BALHAM - DORKING (2),P26718,1811,stop,2026-04-27,18:59:00,,
BALHAM - DORKING (2),P26718,1811,stop,2026-04-17,18:59:00,,
BALHAM - DORKING (2),P26718,1811,stop,2026-04-24,18:59:00,,
BALHAM - DORKING (2),P26718,1811,stop,2026-04-22,18:59:00,,
BALHAM - DORKING (2),P26719,1811,stop,2026-04-25,18:59:00,,
BALHAM - DORKING (2),P26718,1811,stop,2026-04-01,18:59:00,,
EARLSFIELD - GUILDFORD (2),P61619,1832,stop,2026-04-05,18:58:00,,
EARLSFIELD - GUILDFORD (2),P61619,1832,stop,2026-04-19,18:58:00,,
BALHAM - DORKING (2),P26718,1811,stop,2026-04-08,18:59:00,,
BALHAM - DORKING (2),P26718,1811,stop,2026-04-03,18:59:00,,
BALHAM - DORKING (2),P26718,1811,stop,2026-04-07,18:59:00,,
BALHAM - DORKING (2),P26718,1811,stop,2026-04-09,18:59:00,,
BALHAM - DORKING (2),P26718,1811,stop,2026-04-15,18:59:00,,
BALHAM - DORKING (2),P26718,1811,stop,2026-04-28,18:59:00,,
BALHAM - DORKING (2),P26719,1811,stop,2026-04-11,18:59:00,,
BALHAM - DORKING (2),P26718,1811,stop,2026-04-20,18:59:00,,
BALHAM - DORKING (2),P26719,1811,stop,2026-04-04,18:59:00,,
BALHAM - DORKING (2),P26718,1811,stop,2026-04-13,18:59:00,,
BALHAM - DORKING (2),P26718,1811,stop,2026-04-16,18:59:00,,
BALHAM - DORKING (2),P26718,1811,stop,2026-04-10,18:59:00,,
BALHAM - DORKING (2),P26718,1811,stop,2026-04-29,18:59:00,,
BALHAM - DORKING (2),X00963,1811,stop,2026-04-06,18:59:00,,
DORKING - DORKING (2),P62621,1854,pass,2026-04-14,19:00:00,,
BALHAM - DORKING (6),P26720,1808,stop,2026-04-05,19:00:00,,
DORKING - DORKING (2),P62621,1854,pass,2026-04-24,19:00:00,,
DORKING - DORKING (2),P62621,1854,pass,2026-04-20,19:00:00,,
DORKING - DORKING (2),P62621,1854,pass,2026-04-09,19:00:00,,
DORKING - DORKING (2),P62621,1854,pass,2026-04-17,19:00:00,,
DORKING - DORKING (2),P62621,1854,pass,2026-04-23,19:00:00,,
DORKING - DORKING (2),P62621,1854,pass,2026-04-13,19:00:00,,
DORKING - DORKING (2),P62621,1854,pass,2026-04-28,19:00:00,,
DORKING - DORKING (2),P62621,1854,pass,2026-04-21,19:00:00,,
DORKING - DORKING (2),P62621,1854,pass,2026-04-10,19:00:00,,
DORKING - DORKING (2),P62621,1854,pass,2026-04-07,19:00:00,,
DORKING - DORKING (2),P62621,1854,pass,2026-04-02,19:00:00,,
BALHAM - DORKING (2),P26718,1811,stop,2026-04-06,18:59:00,,
BALHAM - DORKING (2),P26718,1811,stop,2026-04-02,18:59:00,,
DORKING - DORKING (2),P62621,1854,pass,2026-04-15,19:00:00,,
DORKING - DORKING (2),P62621,1854,pass,2026-04-03,19:00:00,,
DORKING - DORKING (2),P62621,1854,pass,2026-04-30,19:00:00,,
DORKING - DORKING (2),P62621,1854,pass,2026-04-06,19:00:00,,
DORKING - DORKING (2),P62621,1854,pass,2026-04-08,19:00:00,,
DORKING - DORKING (2),P62621,1854,pass,2026-04-22,19:00:00,,
DORKING - DORKING (2),P62621,1854,pass,2026-04-27,19:00:00,,
DORKING - DORKING (2),P62621,1854,pass,2026-04-29,19:00:00,,
DORKING - DORKING (2),P62621,1854,pass,2026-04-01,19:00:00,,
DORKING - DORKING (2),P62621,1854,pass,2026-04-16,19:00:00,,
SUTTON (SURREY) - DORKING,X04914,1825,stop,2026-04-12,19:02:00,,
WORCESTER PARK - EARLSFIELD,L74293,1902,stop,2026-04-12,19:02:00,,
DORKING - SUTTON (SURREY),X04875,1903,stop,2026-04-12,19:03:00,,
WORCESTER PARK - DORKING,Q54877,1905,stop,2026-04-12,19:05:00,,
DORKING - EARLSFIELD,P61073,1907,stop,2026-04-19,19:07:00,,
DORKING - EARLSFIELD,P61073,1907,stop,2026-04-12,19:07:00,,
DORKING - EARLSFIELD,P61073,1907,stop,2026-04-05,19:07:00,,
DORKING - EARLSFIELD,P61073,1907,stop,2026-04-26,19:07:00,,
CHESSINGTON SOUTH - EARLSFIELD,L75840,1904,stop,2026-04-03,19:09:00,,
CHESSINGTON SOUTH - EARLSFIELD,L75840,1904,stop,2026-04-24,19:09:00,,
CHESSINGTON SOUTH - EARLSFIELD,L75840,1904,stop,2026-04-02,19:09:00,,
CHESSINGTON SOUTH - EARLSFIELD,L75840,1904,stop,2026-04-23,19:09:00,,
CHESSINGTON SOUTH - EARLSFIELD,L75840,1904,stop,2026-04-10,19:09:00,,
CHESSINGTON SOUTH - EARLSFIELD,Q48795,1904,stop,2026-04-06,19:09:00,,
CHESSINGTON SOUTH - EARLSFIELD,L75840,1904,stop,2026-04-13,19:09:00,,
CHESSINGTON SOUTH - EARLSFIELD,L75840,1904,stop,2026-04-27,19:09:00,,
CHESSINGTON SOUTH - EARLSFIELD,L75840,1904,stop,2026-04-01,19:09:00,,
CHESSINGTON SOUTH - EARLSFIELD,L75841,1904,stop,2026-04-04,19:09:00,,
CHESSINGTON SOUTH - EARLSFIELD,L75840,1904,stop,2026-04-30,19:09:00,,
CHESSINGTON SOUTH - EARLSFIELD,L75840,1904,stop,2026-04-06,19:09:00,,
CHESSINGTON SOUTH - EARLSFIELD,L75840,1904,stop,2026-04-17,19:09:00,,
CHESSINGTON SOUTH - EARLSFIELD,L75841,1904,stop,2026-04-25,19:09:00,,
GUILDFORD - EARLSFIELD,L74297,1845,stop,2026-04-23,19:10:00,,
GUILDFORD - EARLSFIELD,L74297,1845,stop,2026-04-16,19:10:00,,
CHESSINGTON SOUTH - EARLSFIELD,L75840,1904,stop,2026-04-15,19:09:00,,
CHESSINGTON SOUTH - EARLSFIELD,Q88744,1904,stop,2026-04-03,19:09:00,,
CHESSINGTON SOUTH - EARLSFIELD,L75841,1904,stop,2026-04-18,19:09:00,,
CHESSINGTON SOUTH - EARLSFIELD,L75841,1904,stop,2026-04-11,19:09:00,,
CHESSINGTON SOUTH - EARLSFIELD,L75840,1904,stop,2026-04-28,19:09:00,,
CHESSINGTON SOUTH - EARLSFIELD,L75840,1904,stop,2026-04-22,19:09:00,,
CHESSINGTON SOUTH - EARLSFIELD,L75840,1904,stop,2026-04-14,19:09:00,,
CHESSINGTON SOUTH - EARLSFIELD,L75840,1904,stop,2026-04-08,19:09:00,,
CHESSINGTON SOUTH - EARLSFIELD,L75840,1904,stop,2026-04-29,19:09:00,,
CHESSINGTON SOUTH - EARLSFIELD,L75840,1904,stop,2026-04-09,19:09:00,,
CHESSINGTON SOUTH - EARLSFIELD,L75840,1904,stop,2026-04-07,19:09:00,,
CHESSINGTON SOUTH - EARLSFIELD,L75840,1904,stop,2026-04-20,19:09:00,,
CHESSINGTON SOUTH - EARLSFIELD,L75840,1904,stop,2026-04-21,19:09:00,,
CHESSINGTON SOUTH - EARLSFIELD,L75840,1904,stop,2026-04-16,19:09:00,,
GUILDFORD - EARLSFIELD,L74297,1845,stop,2026-04-13,19:10:00,,
GUILDFORD - EARLSFIELD,L74297,1845,stop,2026-04-20,19:10:00,,
GUILDFORD - EARLSFIELD,L74297,1845,stop,2026-04-24,19:10:00,,
GUILDFORD - EARLSFIELD,L74297,1845,stop,2026-04-29,19:10:00,,
GUILDFORD - EARLSFIELD,L74297,1845,stop,2026-04-06,19:10:00,,
GUILDFORD - EARLSFIELD,L74298,1845,stop,2026-04-04,19:10:00,,
GUILDFORD - EARLSFIELD,L74297,1845,stop,2026-04-14,19:10:00,,
GUILDFORD - EARLSFIELD,L74297,1845,stop,2026-04-08,19:10:00,,
GUILDFORD - EARLSFIELD,L74298,1845,stop,2026-04-25,19:10:00,,
GUILDFORD - EARLSFIELD,Q48944,1845,stop,2026-04-06,19:10:00,,
GUILDFORD - EARLSFIELD,L74297,1845,stop,2026-04-09,19:10:00,,
GUILDFORD - EARLSFIELD,L74297,1845,stop,2026-04-21,19:10:00,,
GUILDFORD - EARLSFIELD,L74297,1845,stop,2026-04-17,19:10:00,,
GUILDFORD - EARLSFIELD,L74297,1845,stop,2026-04-28,19:10:00,,
GUILDFORD - EARLSFIELD,L74297,1845,stop,2026-04-30,19:10:00,,
GUILDFORD - EARLSFIELD,Q38383,1845,stop,2026-04-03,19:10:00,,
GUILDFORD - EARLSFIELD,L74298,1845,stop,2026-04-18,19:10:00,,
GUILDFORD - EARLSFIELD,L74298,1845,stop,2026-04-11,19:10:00,,
GUILDFORD - EARLSFIELD,L74297,1845,stop,2026-04-22,19:10:00,,
GUILDFORD - EARLSFIELD,L74297,1845,stop,2026-04-03,19:10:00,,
MITCHAM EASTFIELDS - DORKING (2),P26719,1820,stop,2026-04-18,19:10:00,,
GUILDFORD - EARLSFIELD,L74297,1845,stop,2026-04-10,19:10:00,,
GUILDFORD - EARLSFIELD,L74297,1845,stop,2026-04-15,19:10:00,,
GUILDFORD - EARLSFIELD,L74297,1845,stop,2026-04-02,19:10:00,,
GUILDFORD - EARLSFIELD,L74297,1845,stop,2026-04-01,19:10:00,,
GUILDFORD - EARLSFIELD,L74297,1845,stop,2026-04-27,19:10:00,,
GUILDFORD - EARLSFIELD,L74297,1845,stop,2026-04-07,19:10:00,,
EARLSFIELD - GUILDFORD (2),P61619,1832,stop,2026-04-12,19:11:00,,
EARLSFIELD - CHESSINGTON SOUTH,P62102,1847,stop,2026-04-04,19:13:00,,
DORKING - BALHAM (4),P26735,1912,stop,2026-04-12,19:12:00,,
DORKING - MITCHAM EASTFIELDS,P26735,1912,stop,2026-04-19,19:12:00,,
DORKING - BALHAM (4),P26735,1912,stop,2026-04-26,19:12:00,,
EPSOM - EPSOM,G71926,1907,pass,2026-04-07,19:13:00,,
EARLSFIELD - CHESSINGTON SOUTH,P62101,1847,stop,2026-04-16,19:13:00,,
EARLSFIELD - CHESSINGTON SOUTH,P62101,1847,stop,2026-04-27,19:13:00,,
EPSOM - EPSOM,G71926,1907,pass,2026-04-27,19:13:00,,
EARLSFIELD - CHESSINGTON SOUTH,P62101,1847,stop,2026-04-03,19:13:00,,
EPSOM - EPSOM,G71926,1907,pass,2026-04-03,19:13:00,,
EARLSFIELD - CHESSINGTON SOUTH,P62101,1847,stop,2026-04-14,19:13:00,,
EPSOM - EPSOM,G71926,1907,pass,2026-04-17,19:13:00,,
EPSOM - EPSOM,G71926,1907,pass,2026-04-23,19:13:00,,
EPSOM - EPSOM,G71926,1907,pass,2026-04-30,19:13:00,,
EARLSFIELD - CHESSINGTON SOUTH,P62101,1847,stop,2026-04-08,19:13:00,,
EPSOM - EPSOM,G71926,1907,pass,2026-04-14,19:13:00,,
EARLSFIELD - CHESSINGTON SOUTH,P62101,1847,stop,2026-04-20,19:13:00,,
EPSOM - EPSOM,G71926,1907,pass,2026-04-28,19:13:00,,
EPSOM - EPSOM,G71926,1907,pass,2026-04-13,19:13:00,,
EPSOM - EPSOM,G71926,1907,pass,2026-04-10,19:13:00,,
EARLSFIELD - CHESSINGTON SOUTH,P62101,1847,stop,2026-04-28,19:13:00,,
EARLSFIELD - CHESSINGTON SOUTH,P62102,1847,stop,2026-04-18,19:13:00,,
EARLSFIELD - CHESSINGTON SOUTH,P62101,1847,stop,2026-04-17,19:13:00,,
EARLSFIELD - CHESSINGTON SOUTH,P62101,1847,stop,2026-04-01,19:13:00,,
EARLSFIELD - CHESSINGTON SOUTH,P62101,1847,stop,2026-04-21,19:13:00,,
EPSOM - EPSOM,G71926,1907,pass,2026-04-02,19:13:00,,
EARLSFIELD - CHESSINGTON SOUTH,P62101,1847,stop,2026-04-09,19:13:00,,
EPSOM - EPSOM,G71926,1907,pass,2026-04-20,19:13:00,,
EPSOM - EPSOM,G71926,1907,pass,2026-04-09,19:13:00,,
EARLSFIELD - CHESSINGTON SOUTH,P62101,1847,stop,2026-04-29,19:13:00,,
EPSOM - EPSOM,G71926,1907,pass,2026-04-08,19:13:00,,
EARLSFIELD - CHESSINGTON SOUTH,P62102,1847,stop,2026-04-25,19:13:00,,
EARLSFIELD - CHESSINGTON SOUTH,Q88747,1847,stop,2026-04-03,19:13:00,,
EARLSFIELD - CHESSINGTON SOUTH,P62101,1847,stop,2026-04-15,19:13:00,,
EPSOM - EPSOM,G71926,1907,pass,2026-04-22,19:13:00,,
EARLSFIELD - CHESSINGTON SOUTH,P62102,1847,stop,2026-04-11,19:13:00,,
EARLSFIELD - CHESSINGTON SOUTH,Q48939,1847,stop,2026-04-06,19:13:00,,
EARLSFIELD - CHESSINGTON SOUTH,P62101,1847,stop,2026-04-30,19:13:00,,
EARLSFIELD - CHESSINGTON SOUTH,P62101,1847,stop,2026-04-07,19:13:00,,
EARLSFIELD - CHESSINGTON SOUTH,P62101,1847,stop,2026-04-22,19:13:00,,
EPSOM - EPSOM,G71926,1907,pass,2026-04-15,19:13:00,,
EARLSFIELD - CHESSINGTON SOUTH,P62101,1847,stop,2026-04-13,19:13:00,,
CHESSINGTON SOUTH - EARLSFIELD,L75842,1909,stop,2026-04-19,19:14:00,,
CHESSINGTON SOUTH - EARLSFIELD,L75842,1909,stop,2026-04-12,19:14:00,,
EPSOM - EPSOM,G71926,1907,pass,2026-04-29,19:13:00,,
EPSOM - EPSOM,G71926,1907,pass,2026-04-06,19:13:00,,
EARLSFIELD - CHESSINGTON SOUTH,P62101,1847,stop,2026-04-06,19:13:00,,
EARLSFIELD - CHESSINGTON SOUTH,P62101,1847,stop,2026-04-10,19:13:00,,
EARLSFIELD - CHESSINGTON SOUTH,P62101,1847,stop,2026-04-23,19:13:00,,
EARLSFIELD - CHESSINGTON SOUTH,P62101,1847,stop,2026-04-24,19:13:00,,
EPSOM - EPSOM,G71926,1907,pass,2026-04-16,19:13:00,,
EPSOM - EPSOM,G71926,1907,pass,2026-04-01,19:13:00,,
EARLSFIELD - CHESSINGTON SOUTH,P62101,1847,stop,2026-04-02,19:13:00,,
EPSOM - EPSOM,G71926,1907,pass,2026-04-21,19:13:00,,
EPSOM - EPSOM,G71926,1907,pass,2026-04-24,19:13:00,,
CHESSINGTON SOUTH - EARLSFIELD,L75842,1909,stop,2026-04-26,19:14:00,,
CHESSINGTON SOUTH - EARLSFIELD,L75842,1909,stop,2026-04-05,19:14:00,,
DORKING - BALHAM,X00968,1916,stop,2026-04-06,19:16:00,,
DORKING - BALHAM,P26734,1916,stop,2026-04-04,19:16:00,,
DORKING - BALHAM,P26734,1916,stop,2026-04-25,19:16:00,,
DORKING - BALHAM,P26734,1916,stop,2026-04-11,19:16:00,,
DORKING - BALHAM,X95301,1916,stop,2026-04-03,19:16:00,,
DORKING - MITCHAM EASTFIELDS,P26734,1916,stop,2026-04-18,19:16:00,,
DORKING - BALHAM (5),P26735,1916,stop,2026-04-05,19:16:00,,
DORKING - BALHAM (3),P26733,1917,stop,2026-04-17,19:17:00,,
DORKING - BALHAM (3),P26733,1917,stop,2026-04-16,19:17:00,,
DORKING - BALHAM (3),P26733,1917,stop,2026-04-28,19:17:00,,
DORKING - BALHAM (3),P26733,1917,stop,2026-04-22,19:17:00,,
DORKING - BALHAM (3),P26733,1917,stop,2026-04-27,19:17:00,,
DORKING - BALHAM (3),P26733,1917,stop,2026-04-20,19:17:00,,
DORKING - BALHAM (3),P26733,1917,stop,2026-04-21,19:17:00,,
DORKING - BALHAM (3),P26733,1917,stop,2026-04-09,19:17:00,,
DORKING - BALHAM (3),P26733,1917,stop,2026-04-29,19:17:00,,
EARLSFIELD - CHESSINGTON SOUTH,P62103,1851,stop,2026-04-12,19:17:00,,
DORKING - BALHAM (3),P26733,1917,stop,2026-04-14,19:17:00,,
DORKING - BALHAM (3),P26733,1917,stop,2026-04-10,19:17:00,,
DORKING - BALHAM (3),P26733,1917,stop,2026-04-06,19:17:00,,
DORKING - BALHAM (3),P26733,1917,stop,2026-04-08,19:17:00,,
DORKING - BALHAM (3),P26733,1917,stop,2026-04-30,19:17:00,,
EARLSFIELD - CHESSINGTON SOUTH,P62103,1851,stop,2026-04-05,19:17:00,,
DORKING - BALHAM (3),P26733,1917,stop,2026-04-23,19:17:00,,
DORKING - BALHAM (3),P26733,1917,stop,2026-04-03,19:17:00,,
DORKING - BALHAM (3),P26733,1917,stop,2026-04-24,19:17:00,,
DORKING - BALHAM (3),P26733,1917,stop,2026-04-15,19:17:00,,
DORKING - BALHAM (3),P26733,1917,stop,2026-04-02,19:17:00,,
DORKING - BALHAM (3),P26733,1917,stop,2026-04-13,19:17:00,,
DORKING - BALHAM (3),P26733,1917,stop,2026-04-01,19:17:00,,
EARLSFIELD - CHESSINGTON SOUTH,P62103,1851,stop,2026-04-19,19:17:00,,
DORKING - BALHAM (3),P26733,1917,stop,2026-04-07,19:17:00,,
EARLSFIELD - CHESSINGTON SOUTH,P62103,1851,stop,2026-04-26,19:17:00,,
EARLSFIELD - GUILDFORD (2),P61617,1853,stop,2026-04-14,19:19:00,,
EARLSFIELD - GUILDFORD (2),P61617,1853,stop,2026-04-03,19:19:00,,
EARLSFIELD - GUILDFORD (2),P61617,1853,stop,2026-04-16,19:19:00,,
EARLSFIELD - GUILDFORD (2),P61617,1853,stop,2026-04-29,19:19:00,,
EARLSFIELD - GUILDFORD (2),Q48925,1853,stop,2026-04-06,19:18:00,,
EARLSFIELD - GUILDFORD (2),P61618,1853,stop,2026-04-11,19:18:00,,
EARLSFIELD - GUILDFORD (2),P61618,1853,stop,2026-04-04,19:18:00,,
EARLSFIELD - GUILDFORD (2),Q38377,1853,stop,2026-04-03,19:18:00,,
EARLSFIELD - GUILDFORD (2),P61618,1853,stop,2026-04-25,19:18:00,,
EARLSFIELD - GUILDFORD (2),P61618,1853,stop,2026-04-18,19:18:00,,
EARLSFIELD - GUILDFORD (2),P61617,1853,stop,2026-04-10,19:19:00,,
EARLSFIELD - GUILDFORD (2),P61617,1853,stop,2026-04-09,19:19:00,,
EARLSFIELD - GUILDFORD (2),P61617,1853,stop,2026-04-27,19:19:00,,
EARLSFIELD - GUILDFORD (2),P61617,1853,stop,2026-04-01,19:19:00,,
EARLSFIELD - GUILDFORD (2),P61617,1853,stop,2026-04-22,19:19:00,,
EARLSFIELD - GUILDFORD (2),P61617,1853,stop,2026-04-08,19:19:00,,
EARLSFIELD - GUILDFORD (2),P61617,1853,stop,2026-04-07,19:19:00,,
EARLSFIELD - GUILDFORD (2),P61617,1853,stop,2026-04-06,19:19:00,,
EARLSFIELD - GUILDFORD (2),P61617,1853,stop,2026-04-17,19:19:00,,
EARLSFIELD - GUILDFORD (2),P61617,1853,stop,2026-04-28,19:19:00,,
EARLSFIELD - GUILDFORD (2),P61617,1853,stop,2026-04-20,19:19:00,,
EARLSFIELD - GUILDFORD (2),P61617,1853,stop,2026-04-13,19:19:00,,
EARLSFIELD - GUILDFORD (2),P61617,1853,stop,2026-04-23,19:19:00,,
EARLSFIELD - GUILDFORD (2),P61617,1853,stop,2026-04-21,19:19:00,,
EARLSFIELD - GUILDFORD (2),P61617,1853,stop,2026-04-02,19:19:00,,
EARLSFIELD - GUILDFORD (2),P61617,1853,stop,2026-04-24,19:19:00,,
EARLSFIELD - GUILDFORD (2),P61617,1853,stop,2026-04-15,19:19:00,,
EARLSFIELD - GUILDFORD (2),P61617,1853,stop,2026-04-30,19:19:00,,
HORSHAM - BALHAM,P26739,1914,stop,2026-04-10,19:26:00,,
HORSHAM - BALHAM,P26739,1914,stop,2026-04-24,19:26:00,,
HORSHAM - BALHAM,P26739,1914,stop,2026-04-28,19:26:00,,
HORSHAM - BALHAM,P26739,1914,stop,2026-04-02,19:26:00,,
HORSHAM - BALHAM,P26739,1914,stop,2026-04-15,19:26:00,,
HORSHAM - BALHAM,P26739,1914,stop,2026-04-23,19:26:00,,
HORSHAM - BALHAM,P26739,1914,stop,2026-04-16,19:26:00,,
HORSHAM - BALHAM,P26739,1914,stop,2026-04-14,19:26:00,,
HORSHAM - BALHAM,P26739,1914,stop,2026-04-27,19:26:00,,
BALHAM - DORKING (3),P26726,1838,stop,2026-04-12,19:26:00,,
EARLSFIELD - DORKING,P61070,1902,stop,2026-04-05,19:27:00,,
MITCHAM EASTFIELDS - DORKING,P26726,1838,stop,2026-04-19,19:26:00,,
HORSHAM - BALHAM,P26739,1914,stop,2026-04-20,19:26:00,,
HORSHAM - BALHAM,P26739,1914,stop,2026-04-29,19:26:00,,
HORSHAM - BALHAM,P26739,1914,stop,2026-04-09,19:26:00,,
HORSHAM - BALHAM,P26739,1914,stop,2026-04-13,19:26:00,,
HORSHAM - BALHAM,P26739,1914,stop,2026-04-08,19:26:00,,
HORSHAM - BALHAM,P26739,1914,stop,2026-04-17,19:26:00,,
HORSHAM - BALHAM,P26739,1914,stop,2026-04-30,19:26:00,,
HORSHAM - BALHAM,P26739,1914,stop,2026-04-22,19:26:00,,
HORSHAM - BALHAM,P26739,1914,stop,2026-04-03,19:26:00,,
HORSHAM - BALHAM,P26739,1914,stop,2026-04-06,19:26:00,,
HORSHAM - BALHAM,P26739,1914,stop,2026-04-07,19:26:00,,
HORSHAM - BALHAM,P26739,1914,stop,2026-04-21,19:26:00,,
BALHAM - DORKING (3),P26726,1838,stop,2026-04-26,19:26:00,,
HORSHAM - BALHAM,P26739,1914,stop,2026-04-01,19:26:00,,
EARLSFIELD - DORKING,P61070,1902,stop,2026-04-26,19:27:00,,
EARLSFIELD - DORKING,P61070,1902,stop,2026-04-19,19:27:00,,
BALHAM - DORKING (3),X00965,1841,stop,2026-04-06,19:29:00,,
BALHAM - HORSHAM,P26724,1841,stop,2026-04-13,19:29:00,,
BALHAM - HORSHAM,P26724,1841,stop,2026-04-29,19:29:00,,
BALHAM - DORKING (3),X95437,1841,stop,2026-04-03,19:29:00,,
BALHAM - DORKING (3),P26725,1841,stop,2026-04-11,19:29:00,,
BALHAM - HORSHAM,P26724,1841,stop,2026-04-02,19:29:00,,
BALHAM - HORSHAM,P26724,1841,stop,2026-04-16,19:29:00,,
BALHAM - HORSHAM,P26724,1841,stop,2026-04-23,19:29:00,,
BALHAM - HORSHAM,P26724,1841,stop,2026-04-01,19:29:00,,
BALHAM - HORSHAM,P26724,1841,stop,2026-04-30,19:29:00,,
BALHAM - HORSHAM,P26724,1841,stop,2026-04-17,19:29:00,,
BALHAM - HORSHAM,P26724,1841,stop,2026-04-21,19:29:00,,
BALHAM - HORSHAM,P26724,1841,stop,2026-04-22,19:29:00,,
BALHAM - HORSHAM,P26724,1841,stop,2026-04-03,19:29:00,,
BALHAM - HORSHAM,P26724,1841,stop,2026-04-20,19:29:00,,
BALHAM - HORSHAM,P26724,1841,stop,2026-04-24,19:29:00,,
BALHAM - HORSHAM,P26724,1841,stop,2026-04-09,19:29:00,,
BALHAM - HORSHAM,P26724,1841,stop,2026-04-28,19:29:00,,
BALHAM - HORSHAM,P26724,1841,stop,2026-04-06,19:29:00,,
BALHAM - HORSHAM,P26724,1841,stop,2026-04-07,19:29:00,,
BALHAM - DORKING (3),P26725,1841,stop,2026-04-25,19:29:00,,
BALHAM - HORSHAM,P26724,1841,stop,2026-04-27,19:29:00,,
BALHAM - HORSHAM,P26724,1841,stop,2026-04-14,19:29:00,,
BALHAM - HORSHAM,P26724,1841,stop,2026-04-10,19:29:00,,
BALHAM - DORKING (3),P26725,1841,stop,2026-04-04,19:29:00,,
BALHAM - HORSHAM,P26724,1841,stop,2026-04-15,19:29:00,,
BALHAM - HORSHAM,P26724,1841,stop,2026-04-08,19:29:00,,
BALHAM - DORKING (6),P26726,1838,stop,2026-04-05,19:30:00,,
DORKING - EARLSFIELD,P61078,1932,stop,2026-04-25,19:32:00,,
DORKING - EARLSFIELD,Q38347,1932,stop,2026-04-03,19:32:00,,
DORKING - EARLSFIELD,P61077,1932,stop,2026-04-27,19:32:00,,
DORKING - EARLSFIELD,P61077,1932,stop,2026-04-28,19:32:00,,
DORKING - EARLSFIELD,P61077,1932,stop,2026-04-03,19:32:00,,
DORKING - EARLSFIELD,P61077,1932,stop,2026-04-29,19:32:00,,
DORKING - EARLSFIELD,P61077,1932,stop,2026-04-08,19:32:00,,
DORKING - EARLSFIELD,P61077,1932,stop,2026-04-10,19:32:00,,
DORKING - EARLSFIELD,P61077,1932,stop,2026-04-09,19:32:00,,
SUTTON (SURREY) - DORKING,X04913,1855,stop,2026-04-12,19:32:00,,
DORKING - EARLSFIELD,P61078,1932,stop,2026-04-11,19:32:00,,
WORCESTER PARK - EARLSFIELD,P61073,1932,stop,2026-04-12,19:32:00,,
DORKING - EARLSFIELD,P61077,1932,stop,2026-04-13,19:32:00,,
DORKING - EARLSFIELD,P61078,1932,stop,2026-04-04,19:32:00,,
DORKING - EARLSFIELD,P61077,1932,stop,2026-04-14,19:32:00,,
DORKING - EARLSFIELD,P61077,1932,stop,2026-04-02,19:32:00,,
DORKING - EARLSFIELD,P61077,1932,stop,2026-04-07,19:32:00,,
DORKING - EARLSFIELD,P61077,1932,stop,2026-04-23,19:32:00,,
DORKING - EARLSFIELD,P61077,1932,stop,2026-04-01,19:32:00,,
DORKING - EARLSFIELD,P61077,1932,stop,2026-04-30,19:32:00,,
DORKING - EARLSFIELD,P61077,1932,stop,2026-04-17,19:32:00,,
DORKING - EARLSFIELD,P61077,1932,stop,2026-04-16,19:32:00,,
DORKING - EARLSFIELD,P61077,1932,stop,2026-04-22,19:32:00,,
DORKING - EARLSFIELD,P61077,1932,stop,2026-04-21,19:32:00,,
DORKING - EARLSFIELD,P61077,1932,stop,2026-04-06,19:32:00,,
DORKING - EARLSFIELD,P61077,1932,stop,2026-04-24,19:32:00,,
DORKING - EARLSFIELD,P61078,1932,stop,2026-04-18,19:32:00,,
DORKING - EARLSFIELD,Q48745,1932,stop,2026-04-06,19:32:00,,
DORKING - EARLSFIELD,P61077,1932,stop,2026-04-15,19:35:00,,
DORKING - SUTTON (SURREY),X04874,1933,stop,2026-04-12,19:33:00,,
DORKING - EARLSFIELD,P61077,1932,stop,2026-04-20,19:32:00,,
EFFINGHAM JUNCTION - WORCESTER PARK,Q54762,1915,stop,2026-04-12,19:35:00,,
WORCESTER PARK - EFFINGHAM JUNCTION,Q54799,1935,stop,2026-04-12,19:35:00,,
CHESSINGTON SOUTH - EARLSFIELD,L75846,1934,stop,2026-04-07,19:39:00,,
CHESSINGTON SOUTH - EARLSFIELD,L75846,1934,stop,2026-04-27,19:39:00,,
CHESSINGTON SOUTH - EARLSFIELD,L75846,1934,stop,2026-04-15,19:39:00,,
CHESSINGTON SOUTH - EARLSFIELD,L75846,1934,stop,2026-04-22,19:39:00,,
CHESSINGTON SOUTH - EARLSFIELD,L75846,1934,stop,2026-04-29,19:39:00,,
CHESSINGTON SOUTH - EARLSFIELD,L75847,1934,stop,2026-04-11,19:39:00,,
CHESSINGTON SOUTH - EARLSFIELD,L75847,1934,stop,2026-04-04,19:39:00,,
CHESSINGTON SOUTH - EARLSFIELD,L75846,1934,stop,2026-04-10,19:39:00,,
CHESSINGTON SOUTH - EARLSFIELD,Q48737,1934,stop,2026-04-06,19:39:00,,
CHESSINGTON SOUTH - EARLSFIELD,L75846,1934,stop,2026-04-17,19:39:00,,
CHESSINGTON SOUTH - EARLSFIELD,L75846,1934,stop,2026-04-01,19:39:00,,
CHESSINGTON SOUTH - EARLSFIELD,L75846,1934,stop,2026-04-06,19:39:00,,
CHESSINGTON SOUTH - EARLSFIELD,L75846,1934,stop,2026-04-09,19:39:00,,
CHESSINGTON SOUTH - EARLSFIELD,L75846,1934,stop,2026-04-16,19:39:00,,
MITCHAM EASTFIELDS - HORSHAM (2),P26725,1850,stop,2026-04-18,19:38:00,,
CHESSINGTON SOUTH - EARLSFIELD,L75846,1934,stop,2026-04-30,19:39:00,,
CHESSINGTON SOUTH - EARLSFIELD,Q38342,1934,stop,2026-04-03,19:39:00,,
CHESSINGTON SOUTH - EARLSFIELD,L75846,1934,stop,2026-04-08,19:39:00,,
CHESSINGTON SOUTH - EARLSFIELD,L75846,1934,stop,2026-04-23,19:39:00,,
CHESSINGTON SOUTH - EARLSFIELD,L75847,1934,stop,2026-04-25,19:39:00,,
CHESSINGTON SOUTH - EARLSFIELD,L75846,1934,stop,2026-04-02,19:39:00,,
CHESSINGTON SOUTH - EARLSFIELD,L75846,1934,stop,2026-04-03,19:39:00,,
CHESSINGTON SOUTH - EARLSFIELD,L75846,1934,stop,2026-04-21,19:39:00,,
CHESSINGTON SOUTH - EARLSFIELD,L75846,1934,stop,2026-04-20,19:39:00,,
CHESSINGTON SOUTH - EARLSFIELD,L75846,1934,stop,2026-04-24,19:39:00,,
CHESSINGTON SOUTH - EARLSFIELD,L75846,1934,stop,2026-04-28,19:39:00,,
CHESSINGTON SOUTH - EARLSFIELD,L75846,1934,stop,2026-04-13,19:39:00,,
CHESSINGTON SOUTH - EARLSFIELD,L75847,1934,stop,2026-04-18,19:39:00,,
CHESSINGTON SOUTH - EARLSFIELD,L75846,1934,stop,2026-04-14,19:39:00,,
EARLSFIELD - DORKING,P61070,1902,stop,2026-04-12,19:41:00,,
EARLSFIELD - CHESSINGTON SOUTH,P62104,1917,stop,2026-04-07,19:43:00,,
DORKING - BALHAM (4),P26741,1942,stop,2026-04-26,19:42:00,,
DORKING - BALHAM (4),P26741,1942,stop,2026-04-12,19:42:00,,
DORKING - MITCHAM EASTFIELDS,P26741,1942,stop,2026-04-19,19:42:00,,
EARLSFIELD - CHESSINGTON SOUTH,P62104,1917,stop,2026-04-01,19:43:00,,
EARLSFIELD - CHESSINGTON SOUTH,P62104,1917,stop,2026-04-14,19:43:00,,
EARLSFIELD - CHESSINGTON SOUTH,P62104,1917,stop,2026-04-02,19:43:00,,
EARLSFIELD - CHESSINGTON SOUTH,P62104,1917,stop,2026-04-22,19:43:00,,
EARLSFIELD - CHESSINGTON SOUTH,P62104,1917,stop,2026-04-27,19:43:00,,
EARLSFIELD - CHESSINGTON SOUTH,P62104,1917,stop,2026-04-24,19:43:00,,
EARLSFIELD - CHESSINGTON SOUTH,P62105,1917,stop,2026-04-18,19:43:00,,
EARLSFIELD - CHESSINGTON SOUTH,P62104,1917,stop,2026-04-16,19:43:00,,
EARLSFIELD - CHESSINGTON SOUTH,P62105,1917,stop,2026-04-11,19:43:00,,
EARLSFIELD - CHESSINGTON SOUTH,P62104,1917,stop,2026-04-23,19:43:00,,
EARLSFIELD - CHESSINGTON SOUTH,P62104,1917,stop,2026-04-30,19:43:00,,
EARLSFIELD - CHESSINGTON SOUTH,P62104,1917,stop,2026-04-20,19:43:00,,
EARLSFIELD - CHESSINGTON SOUTH,P62104,1917,stop,2026-04-15,19:43:00,,
EARLSFIELD - CHESSINGTON SOUTH,P62104,1917,stop,2026-04-10,19:43:00,,
EARLSFIELD - CHESSINGTON SOUTH,P62105,1917,stop,2026-04-25,19:43:00,,
EARLSFIELD - CHESSINGTON SOUTH,P62104,1917,stop,2026-04-13,19:43:00,,
EARLSFIELD - CHESSINGTON SOUTH,P62104,1917,stop,2026-04-21,19:43:00,,
EARLSFIELD - CHESSINGTON SOUTH,Q48776,1917,stop,2026-04-06,19:43:00,,
EARLSFIELD - CHESSINGTON SOUTH,P62104,1917,stop,2026-04-06,19:43:00,,
EARLSFIELD - CHESSINGTON SOUTH,P62105,1917,stop,2026-04-04,19:43:00,,
EARLSFIELD - CHESSINGTON SOUTH,P62104,1917,stop,2026-04-28,19:43:00,,
EARLSFIELD - CHESSINGTON SOUTH,P62104,1917,stop,2026-04-08,19:43:00,,
CHESSINGTON SOUTH - EARLSFIELD,L75848,1939,stop,2026-04-19,19:44:00,,
CHESSINGTON SOUTH - EARLSFIELD,L75848,1939,stop,2026-04-12,19:44:00,,
CHESSINGTON SOUTH - EARLSFIELD,L75848,1939,stop,2026-04-26,19:44:00,,
CHESSINGTON SOUTH - EARLSFIELD,L75848,1939,stop,2026-04-05,19:44:00,,
EARLSFIELD - CHESSINGTON SOUTH,P62104,1917,stop,2026-04-29,19:43:00,,
EARLSFIELD - CHESSINGTON SOUTH,P62104,1917,stop,2026-04-17,19:43:00,,
EARLSFIELD - CHESSINGTON SOUTH,P62104,1917,stop,2026-04-09,19:43:00,,
EARLSFIELD - CHESSINGTON SOUTH,P62104,1917,stop,2026-04-03,19:43:00,,
EARLSFIELD - CHESSINGTON SOUTH,Q38360,1917,stop,2026-04-03,19:43:00,,
DORKING - BALHAM (2),X00970,1946,stop,2026-04-06,19:46:00,,
DORKING - BALHAM (2),P26740,1946,stop,2026-04-04,19:46:00,,
GUILDFORD - EARLSFIELD,L74299,1920,stop,2026-04-26,19:45:00,,
GUILDFORD - EARLSFIELD,L74299,1920,stop,2026-04-19,19:45:00,,
GUILDFORD - EARLSFIELD,L74299,1920,stop,2026-04-12,19:45:00,,
GUILDFORD - EARLSFIELD,L74299,1920,stop,2026-04-05,19:45:00,,
DORKING - BALHAM (2),P26740,1946,stop,2026-04-11,19:46:00,,
DORKING - BALHAM (2),X95261,1946,stop,2026-04-03,19:46:00,,
DORKING - MITCHAM EASTFIELDS (2),P26740,1946,stop,2026-04-18,19:46:00,,
DORKING - BALHAM (2),P26740,1946,stop,2026-04-25,19:46:00,,
DORKING - BALHAM (5),P26741,1946,stop,2026-04-05,19:46:00,,
EARLSFIELD - CHESSINGTON SOUTH,P62106,1921,stop,2026-04-19,19:47:00,,
EARLSFIELD - CHESSINGTON SOUTH,P62106,1921,stop,2026-04-12,19:47:00,,
EARLSFIELD - CHESSINGTON SOUTH,P62106,1921,stop,2026-04-26,19:47:00,,
EARLSFIELD - DORKING,P61069,1923,stop,2026-04-04,19:48:00,,
EARLSFIELD - DORKING,P61068,1923,stop,2026-04-27,19:48:00,,
EARLSFIELD - DORKING,P61068,1923,stop,2026-04-08,19:48:00,,
EARLSFIELD - DORKING,P61068,1923,stop,2026-04-09,19:48:00,,
EARLSFIELD - DORKING,P61068,1923,stop,2026-04-13,19:48:00,,
EARLSFIELD - DORKING,P61069,1923,stop,2026-04-18,19:48:00,,
EARLSFIELD - DORKING,P61068,1923,stop,2026-04-10,19:48:00,,
EARLSFIELD - DORKING,P61068,1923,stop,2026-04-14,19:48:00,,
EARLSFIELD - DORKING,P61068,1923,stop,2026-04-17,19:48:00,,
EARLSFIELD - DORKING,P61068,1923,stop,2026-04-07,19:48:00,,
EARLSFIELD - DORKING,P61068,1923,stop,2026-04-21,19:48:00,,
EARLSFIELD - DORKING,P61068,1923,stop,2026-04-15,19:48:00,,
EARLSFIELD - DORKING,P61068,1923,stop,2026-04-20,19:48:00,,
EARLSFIELD - DORKING,P61069,1923,stop,2026-04-11,19:48:00,,
EARLSFIELD - DORKING,P61068,1923,stop,2026-04-16,19:48:00,,
EARLSFIELD - DORKING,P61068,1923,stop,2026-04-28,19:48:00,,
EARLSFIELD - DORKING,P61068,1923,stop,2026-04-29,19:48:00,,
EARLSFIELD - DORKING,Q48768,1923,stop,2026-04-06,19:48:00,,
EARLSFIELD - DORKING,P61068,1923,stop,2026-04-06,19:48:00,,
EARLSFIELD - DORKING,P61068,1923,stop,2026-04-23,19:48:00,,
EARLSFIELD - DORKING,P61068,1923,stop,2026-04-30,19:48:00,,
EARLSFIELD - DORKING,P61068,1923,stop,2026-04-03,19:48:00,,
EARLSFIELD - DORKING,Q38357,1923,stop,2026-04-03,19:48:00,,
EARLSFIELD - DORKING,P61068,1923,stop,2026-04-01,19:48:00,,
EARLSFIELD - DORKING,P61068,1923,stop,2026-04-24,19:48:00,,
EARLSFIELD - DORKING,P61069,1923,stop,2026-04-25,19:48:00,,
DORKING - WORCESTER PARK,Q54828,1950,stop,2026-04-12,19:50:00,,
EARLSFIELD - CHESSINGTON SOUTH,P62106,1924,stop,2026-04-05,19:50:00,,
EARLSFIELD - DORKING,P61068,1923,stop,2026-04-22,19:48:00,,
EARLSFIELD - DORKING,P61068,1923,stop,2026-04-02,19:48:00,,
BALHAM - DORKING,P26730,1911,stop,2026-04-10,19:57:00,,
BALHAM - DORKING,P26730,1911,stop,2026-04-27,19:57:00,,
BALHAM - DORKING,P26730,1911,stop,2026-04-09,19:57:00,,
BALHAM - DORKING,P26730,1911,stop,2026-04-17,19:57:00,,
BALHAM - DORKING,P26730,1911,stop,2026-04-13,19:57:00,,
BALHAM - DORKING,P26730,1911,stop,2026-04-22,19:57:00,,
BALHAM - DORKING,P26730,1911,stop,2026-04-16,19:57:00,,
BALHAM - DORKING (3),P26732,1908,stop,2026-04-12,19:56:00,,
MITCHAM EASTFIELDS - DORKING,P26732,1908,stop,2026-04-19,19:56:00,,
BALHAM - DORKING (3),P26732,1908,stop,2026-04-26,19:56:00,,
BALHAM - DORKING,P26730,1911,stop,2026-04-30,19:57:00,,
BALHAM - DORKING,P26730,1911,stop,2026-04-28,19:57:00,,
BALHAM - DORKING,P26730,1911,stop,2026-04-24,19:57:00,,
BALHAM - DORKING,P26730,1911,stop,2026-04-21,19:57:00,,
BALHAM - DORKING,P26730,1911,stop,2026-04-20,19:57:00,,
BALHAM - DORKING,P26730,1911,stop,2026-04-07,19:57:00,,
BALHAM - DORKING,P26730,1911,stop,2026-04-03,19:57:00,,
BALHAM - DORKING,P26730,1911,stop,2026-04-08,19:57:00,,
BALHAM - DORKING,P26730,1911,stop,2026-04-29,19:57:00,,
BALHAM - DORKING,P26730,1911,stop,2026-04-02,19:57:00,,
BALHAM - DORKING,P26730,1911,stop,2026-04-15,19:57:00,,
BALHAM - DORKING,P26730,1911,stop,2026-04-14,19:57:00,,
BALHAM - DORKING,P26730,1911,stop,2026-04-06,19:57:00,,
BALHAM - DORKING,P26730,1911,stop,2026-04-01,19:57:00,,
BALHAM - DORKING,P26730,1911,stop,2026-04-23,19:57:00,,
EARLSFIELD - GUILDFORD (2),P61622,1932,stop,2026-04-26,19:58:00,,
EARLSFIELD - GUILDFORD (2),P61622,1932,stop,2026-04-19,19:58:00,,
EARLSFIELD - GUILDFORD (2),P61622,1932,stop,2026-04-05,19:58:00,,
BALHAM - DORKING (6),P26732,1908,stop,2026-04-05,20:00:00,,
BALHAM - DORKING (2),P26731,1911,stop,2026-04-11,19:59:00,,
BALHAM - DORKING (2),P26731,1911,stop,2026-04-04,19:59:00,,
BALHAM - DORKING (2),P26731,1911,stop,2026-04-25,19:59:00,,
BALHAM - DORKING (2),X95312,1911,stop,2026-04-03,19:59:00,,
BALHAM - DORKING (2),X00967,1911,stop,2026-04-06,19:59:00,,
SUTTON (SURREY) - DORKING,X04912,1925,stop,2026-04-12,20:02:00,,
WORCESTER PARK - EARLSFIELD,L74299,2002,stop,2026-04-12,20:02:00,,
WORCESTER PARK - DORKING,Q54875,2005,stop,2026-04-12,20:05:00,,
DORKING - SUTTON (SURREY),X04873,2003,stop,2026-04-12,20:03:00,,
DORKING - EARLSFIELD,P61079,2007,stop,2026-04-19,20:07:00,,
DORKING - EARLSFIELD,P61079,2007,stop,2026-04-26,20:07:00,,
DORKING - EARLSFIELD,P61079,2007,stop,2026-04-12,20:07:00,,
DORKING - EARLSFIELD,P61079,2007,stop,2026-04-05,20:07:00,,
GUILDFORD - EARLSFIELD,L74304,1945,stop,2026-04-04,20:10:00,,
MITCHAM EASTFIELDS - DORKING (2),P26731,1920,stop,2026-04-18,20:10:00,,
GUILDFORD - EARLSFIELD,L74303,1945,stop,2026-04-20,20:10:00,,
GUILDFORD - EARLSFIELD,L74303,1945,stop,2026-04-23,20:10:00,,
GUILDFORD - EARLSFIELD,L74303,1945,stop,2026-04-07,20:10:00,,
GUILDFORD - EARLSFIELD,L74304,1945,stop,2026-04-18,20:10:00,,
CHESSINGTON SOUTH - EARLSFIELD,L75852,2004,stop,2026-04-25,20:09:00,,
CHESSINGTON SOUTH - EARLSFIELD,L75852,2004,stop,2026-04-18,20:09:00,,
CHESSINGTON SOUTH - EARLSFIELD,L75852,2004,stop,2026-04-04,20:09:00,,
CHESSINGTON SOUTH - EARLSFIELD,Q38319,2004,stop,2026-04-03,20:09:00,,
CHESSINGTON SOUTH - EARLSFIELD,Q48608,2004,stop,2026-04-06,20:09:00,,
CHESSINGTON SOUTH - EARLSFIELD,L75852,2004,stop,2026-04-11,20:09:00,,
GUILDFORD - EARLSFIELD,L74303,1945,stop,2026-04-16,20:10:00,,
GUILDFORD - EARLSFIELD,L74303,1945,stop,2026-04-22,20:10:00,,
GUILDFORD - EARLSFIELD,L74303,1945,stop,2026-04-13,20:10:00,,
GUILDFORD - EARLSFIELD,Q48717,1945,stop,2026-04-06,20:10:00,,
GUILDFORD - EARLSFIELD,L74303,1945,stop,2026-04-06,20:10:00,,
GUILDFORD - EARLSFIELD,L74304,1945,stop,2026-04-11,20:10:00,,
GUILDFORD - EARLSFIELD,L74303,1945,stop,2026-04-01,20:10:00,,
GUILDFORD - EARLSFIELD,Q38337,1945,stop,2026-04-03,20:10:00,,
GUILDFORD - EARLSFIELD,L74303,1945,stop,2026-04-02,20:10:00,,
GUILDFORD - EARLSFIELD,L74303,1945,stop,2026-04-15,20:10:00,,
GUILDFORD - EARLSFIELD,L74303,1945,stop,2026-04-10,20:10:00,,
GUILDFORD - EARLSFIELD,L74304,1945,stop,2026-04-25,20:10:00,,
GUILDFORD - EARLSFIELD,L74303,1945,stop,2026-04-21,20:10:00,,
GUILDFORD - EARLSFIELD,L74303,1945,stop,2026-04-28,20:10:00,,
GUILDFORD - EARLSFIELD,L74303,1945,stop,2026-04-17,20:10:00,,
GUILDFORD - EARLSFIELD,L74303,1945,stop,2026-04-24,20:10:00,,
GUILDFORD - EARLSFIELD,L74303,1945,stop,2026-04-29,20:10:00,,
GUILDFORD - EARLSFIELD,L74303,1945,stop,2026-04-27,20:10:00,,
GUILDFORD - EARLSFIELD,L74303,1945,stop,2026-04-14,20:10:00,,
GUILDFORD - EARLSFIELD,L74303,1945,stop,2026-04-03,20:10:00,,
GUILDFORD - EARLSFIELD,L74303,1945,stop,2026-04-08,20:10:00,,
GUILDFORD - EARLSFIELD,L74303,1945,stop,2026-04-30,20:10:00,,
GUILDFORD - EARLSFIELD,L74303,1945,stop,2026-04-09,20:10:00,,
EARLSFIELD - GUILDFORD (2),P61622,1932,stop,2026-04-12,20:11:00,,
DORKING - BALHAM (4),P26747,2012,stop,2026-04-26,20:12:00,,
EARLSFIELD - CHESSINGTON SOUTH,P62108,1947,stop,2026-04-04,20:13:00,,
EARLSFIELD - CHESSINGTON SOUTH,P62107,1947,stop,2026-04-01,20:13:00,,
EARLSFIELD - CHESSINGTON SOUTH,P62108,1947,stop,2026-04-11,20:13:00,,
EARLSFIELD - CHESSINGTON SOUTH,P62107,1947,stop,2026-04-02,20:13:00,,
EARLSFIELD - CHESSINGTON SOUTH,P62108,1947,stop,2026-04-25,20:13:00,,
EARLSFIELD - CHESSINGTON SOUTH,P62107,1947,stop,2026-04-20,20:13:00,,
EARLSFIELD - CHESSINGTON SOUTH,P62107,1947,stop,2026-04-16,20:13:00,,
EARLSFIELD - CHESSINGTON SOUTH,P62107,1947,stop,2026-04-09,20:13:00,,
DORKING - BALHAM (4),P26747,2012,stop,2026-04-12,20:12:00,,
DORKING - MITCHAM EASTFIELDS,P26747,2012,stop,2026-04-19,20:12:00,,
EARLSFIELD - CHESSINGTON SOUTH,P62108,1947,stop,2026-04-18,20:13:00,,
EARLSFIELD - CHESSINGTON SOUTH,P62107,1947,stop,2026-04-27,20:13:00,,
EARLSFIELD - CHESSINGTON SOUTH,P62107,1947,stop,2026-04-17,20:13:00,,
EARLSFIELD - CHESSINGTON SOUTH,Q48713,1947,stop,2026-04-06,20:13:00,,
EARLSFIELD - CHESSINGTON SOUTH,P62107,1947,stop,2026-04-03,20:13:00,,
EARLSFIELD - CHESSINGTON SOUTH,P62107,1947,stop,2026-04-28,20:13:00,,
EARLSFIELD - CHESSINGTON SOUTH,P62107,1947,stop,2026-04-06,20:13:00,,
EARLSFIELD - CHESSINGTON SOUTH,P62107,1947,stop,2026-04-29,20:13:00,,
EARLSFIELD - CHESSINGTON SOUTH,P62107,1947,stop,2026-04-14,20:13:00,,
EARLSFIELD - CHESSINGTON SOUTH,P62107,1947,stop,2026-04-23,20:13:00,,
EARLSFIELD - CHESSINGTON SOUTH,P62107,1947,stop,2026-04-30,20:13:00,,
EARLSFIELD - CHESSINGTON SOUTH,Q88745,1947,stop,2026-04-03,20:13:00,,
EARLSFIELD - CHESSINGTON SOUTH,P62107,1947,stop,2026-04-13,20:13:00,,
EARLSFIELD - CHESSINGTON SOUTH,P62107,1947,stop,2026-04-07,20:13:00,,
CHESSINGTON SOUTH - EARLSFIELD,L75853,2009,stop,2026-04-26,20:14:00,,
CHESSINGTON SOUTH - EARLSFIELD,L75853,2009,stop,2026-04-12,20:14:00,,
CHESSINGTON SOUTH - EARLSFIELD,L75853,2009,stop,2026-04-19,20:14:00,,
CHESSINGTON SOUTH - EARLSFIELD,L75853,2009,stop,2026-04-05,20:14:00,,
EARLSFIELD - CHESSINGTON SOUTH,P62107,1947,stop,2026-04-08,20:13:00,,
EARLSFIELD - CHESSINGTON SOUTH,P62107,1947,stop,2026-04-21,20:13:00,,
EARLSFIELD - CHESSINGTON SOUTH,P62107,1947,stop,2026-04-10,20:13:00,,
EARLSFIELD - CHESSINGTON SOUTH,P62107,1947,stop,2026-04-15,20:13:00,,
EARLSFIELD - CHESSINGTON SOUTH,P62107,1947,stop,2026-04-24,20:13:00,,
EARLSFIELD - CHESSINGTON SOUTH,P62107,1947,stop,2026-04-22,20:13:00,,
CHESSINGTON SOUTH - EARLSFIELD,L75851,2010,stop,2026-04-17,20:15:00,,
CHESSINGTON SOUTH - EARLSFIELD,L75851,2010,stop,2026-04-03,20:15:00,,
CHESSINGTON SOUTH - EARLSFIELD,L75851,2010,stop,2026-04-21,20:15:00,,
CHESSINGTON SOUTH - EARLSFIELD,L75851,2010,stop,2026-04-02,20:15:00,,
CHESSINGTON SOUTH - EARLSFIELD,L75851,2010,stop,2026-04-09,20:15:00,,
CHESSINGTON SOUTH - EARLSFIELD,L75851,2010,stop,2026-04-20,20:15:00,,
CHESSINGTON SOUTH - EARLSFIELD,L75851,2010,stop,2026-04-08,20:15:00,,
CHESSINGTON SOUTH - EARLSFIELD,L75851,2010,stop,2026-04-16,20:15:00,,
CHESSINGTON SOUTH - EARLSFIELD,L75851,2010,stop,2026-04-28,20:15:00,,
CHESSINGTON SOUTH - EARLSFIELD,L75851,2010,stop,2026-04-01,20:15:00,,
CHESSINGTON SOUTH - EARLSFIELD,L75851,2010,stop,2026-04-30,20:15:00,,
CHESSINGTON SOUTH - EARLSFIELD,L75851,2010,stop,2026-04-29,20:15:00,,
CHESSINGTON SOUTH - EARLSFIELD,L75851,2010,stop,2026-04-23,20:15:00,,
CHESSINGTON SOUTH - EARLSFIELD,L75851,2010,stop,2026-04-24,20:15:00,,
CHESSINGTON SOUTH - EARLSFIELD,L75851,2010,stop,2026-04-15,20:15:00,,
CHESSINGTON SOUTH - EARLSFIELD,L75851,2010,stop,2026-04-27,20:15:00,,
CHESSINGTON SOUTH - EARLSFIELD,L75851,2010,stop,2026-04-10,20:15:00,,
CHESSINGTON SOUTH - EARLSFIELD,L75851,2010,stop,2026-04-22,20:15:00,,
CHESSINGTON SOUTH - EARLSFIELD,L75851,2010,stop,2026-04-07,20:15:00,,
CHESSINGTON SOUTH - EARLSFIELD,L75851,2010,stop,2026-04-06,20:15:00,,
CHESSINGTON SOUTH - EARLSFIELD,L75851,2010,stop,2026-04-13,20:15:00,,
CHESSINGTON SOUTH - EARLSFIELD,L75851,2010,stop,2026-04-14,20:15:00,,
DORKING - BALHAM,X93887,2016,stop,2026-04-03,20:16:00,,
DORKING - MITCHAM EASTFIELDS,P26746,2016,stop,2026-04-18,20:16:00,,
DORKING - BALHAM,P26746,2016,stop,2026-04-11,20:16:00,,
DORKING - BALHAM (5),P26747,2016,stop,2026-04-05,20:16:00,,
DORKING - BALHAM,X00972,2016,stop,2026-04-06,20:16:00,,
DORKING - BALHAM,P26746,2016,stop,2026-04-04,20:16:00,,
DORKING - BALHAM (3),P26745,2017,stop,2026-04-22,20:17:00,,
DORKING - BALHAM (3),P26745,2017,stop,2026-04-28,20:17:00,,
DORKING - BALHAM (3),P26745,2017,stop,2026-04-17,20:17:00,,
DORKING - BALHAM (3),P26745,2017,stop,2026-04-01,20:17:00,,
DORKING - BALHAM (3),P26745,2017,stop,2026-04-08,20:17:00,,
DORKING - BALHAM,P26746,2016,stop,2026-04-25,20:16:00,,
DORKING - BALHAM (3),P26745,2017,stop,2026-04-10,20:17:00,,
DORKING - BALHAM (3),P26745,2017,stop,2026-04-30,20:17:00,,
DORKING - BALHAM (3),P26745,2017,stop,2026-04-27,20:17:00,,
DORKING - BALHAM (3),P26745,2017,stop,2026-04-07,20:17:00,,
DORKING - BALHAM (3),P26745,2017,stop,2026-04-21,20:17:00,,
DORKING - BALHAM (3),P26745,2017,stop,2026-04-23,20:17:00,,
DORKING - BALHAM (3),P26745,2017,stop,2026-04-13,20:17:00,,
DORKING - BALHAM (3),P26745,2017,stop,2026-04-09,20:17:00,,
DORKING - BALHAM (3),P26745,2017,stop,2026-04-02,20:17:00,,
DORKING - BALHAM (3),P26745,2017,stop,2026-04-29,20:17:00,,
DORKING - BALHAM (3),P26745,2017,stop,2026-04-14,20:17:00,,
DORKING - BALHAM (3),P26745,2017,stop,2026-04-20,20:17:00,,
DORKING - BALHAM (3),P26745,2017,stop,2026-04-06,20:17:00,,
DORKING - BALHAM (3),P26745,2017,stop,2026-04-24,20:17:00,,
DORKING - BALHAM (3),P26745,2017,stop,2026-04-03,20:17:00,,
EARLSFIELD - GUILDFORD (2),P61620,1953,stop,2026-04-30,20:18:00,,
EARLSFIELD - GUILDFORD (2),P61620,1953,stop,2026-04-20,20:18:00,,
EARLSFIELD - GUILDFORD (2),P61620,1953,stop,2026-04-29,20:18:00,,
EARLSFIELD - GUILDFORD (2),P61620,1953,stop,2026-04-24,20:18:00,,
EARLSFIELD - GUILDFORD (2),P61620,1953,stop,2026-04-06,20:18:00,,
EARLSFIELD - GUILDFORD (2),Q48635,1953,stop,2026-04-06,20:18:00,,
EARLSFIELD - GUILDFORD (2),Q38332,1953,stop,2026-04-03,20:18:00,,
DORKING - BALHAM (3),P26745,2017,stop,2026-04-16,20:17:00,,
DORKING - BALHAM (3),P26745,2017,stop,2026-04-15,20:17:00,,
EARLSFIELD - GUILDFORD (2),P61620,1953,stop,2026-04-27,20:18:00,,
EARLSFIELD - GUILDFORD (2),P61620,1953,stop,2026-04-07,20:18:00,,
EARLSFIELD - GUILDFORD (2),P61620,1953,stop,2026-04-16,20:18:00,,
EARLSFIELD - GUILDFORD (2),P61620,1953,stop,2026-04-15,20:18:00,,
EARLSFIELD - GUILDFORD (2),P61620,1953,stop,2026-04-02,20:18:00,,
EARLSFIELD - GUILDFORD (2),P61620,1953,stop,2026-04-13,20:18:00,,
EARLSFIELD - GUILDFORD (2),P61620,1953,stop,2026-04-08,20:18:00,,
EARLSFIELD - GUILDFORD (2),P61620,1953,stop,2026-04-09,20:18:00,,
EARLSFIELD - GUILDFORD (2),P61620,1953,stop,2026-04-22,20:18:00,,
EARLSFIELD - GUILDFORD (2),P61620,1953,stop,2026-04-28,20:18:00,,
EARLSFIELD - GUILDFORD (2),P61620,1953,stop,2026-04-03,20:18:00,,
EARLSFIELD - GUILDFORD (2),P61621,1953,stop,2026-04-04,20:18:00,,
EARLSFIELD - GUILDFORD (2),P61620,1953,stop,2026-04-01,20:18:00,,
EARLSFIELD - GUILDFORD (2),P61620,1953,stop,2026-04-21,20:18:00,,
EARLSFIELD - GUILDFORD (2),P61620,1953,stop,2026-04-10,20:18:00,,
EARLSFIELD - GUILDFORD (2),P61620,1953,stop,2026-04-14,20:18:00,,
EARLSFIELD - GUILDFORD (2),P61621,1953,stop,2026-04-11,20:18:00,,
EARLSFIELD - GUILDFORD (2),P61621,1953,stop,2026-04-18,20:18:00,,
EARLSFIELD - GUILDFORD (2),P61620,1953,stop,2026-04-23,20:18:00,,
EARLSFIELD - GUILDFORD (2),P61620,1953,stop,2026-04-17,20:18:00,,
EARLSFIELD - GUILDFORD (2),P61621,1953,stop,2026-04-25,20:18:00,,
BALHAM - DORKING (3),P26738,1938,stop,2026-04-12,20:26:00,,
HORSHAM - BALHAM,P26751,2014,stop,2026-04-07,20:26:00,,
HORSHAM - BALHAM,P26751,2014,stop,2026-04-02,20:26:00,,
HORSHAM - BALHAM,P26751,2014,stop,2026-04-28,20:26:00,,
HORSHAM - BALHAM,P26751,2014,stop,2026-04-03,20:26:00,,
HORSHAM - BALHAM,P26751,2014,stop,2026-04-29,20:26:00,,
HORSHAM - BALHAM,P26751,2014,stop,2026-04-10,20:26:00,,
HORSHAM - BALHAM,P26751,2014,stop,2026-04-01,20:26:00,,
HORSHAM - BALHAM,P26751,2014,stop,2026-04-14,20:26:00,,
HORSHAM - BALHAM,P26751,2014,stop,2026-04-06,20:26:00,,
HORSHAM - BALHAM,P26751,2014,stop,2026-04-09,20:26:00,,
HORSHAM - BALHAM,P26751,2014,stop,2026-04-23,20:26:00,,
HORSHAM - BALHAM,P26751,2014,stop,2026-04-13,20:26:00,,
MITCHAM EASTFIELDS - DORKING,P26738,1938,stop,2026-04-19,20:26:00,,
EARLSFIELD - DORKING,P61076,2002,stop,2026-04-19,20:27:00,,
EARLSFIELD - DORKING,P61076,2002,stop,2026-04-05,20:27:00,,
EARLSFIELD - DORKING,P61076,2002,stop,2026-04-26,20:27:00,,
HORSHAM - BALHAM,P26751,2014,stop,2026-04-15,20:26:00,,
HORSHAM - BALHAM,P26751,2014,stop,2026-04-30,20:26:00,,
HORSHAM - BALHAM,P26751,2014,stop,2026-04-27,20:26:00,,
HORSHAM - BALHAM,P26751,2014,stop,2026-04-16,20:26:00,,
HORSHAM - BALHAM,P26751,2014,stop,2026-04-21,20:26:00,,
BALHAM - DORKING (3),P26738,1938,stop,2026-04-26,20:26:00,,
HORSHAM - BALHAM,P26751,2014,stop,2026-04-17,20:26:00,,
HORSHAM - BALHAM,P26751,2014,stop,2026-04-20,20:26:00,,
HORSHAM - BALHAM,P26751,2014,stop,2026-04-24,20:26:00,,
HORSHAM - BALHAM,P26751,2014,stop,2026-04-08,20:26:00,,
HORSHAM - BALHAM,P26751,2014,stop,2026-04-22,20:26:00,,
BALHAM - HORSHAM,P26736,1941,stop,2026-04-17,20:29:00,,
BALHAM - HORSHAM,P26736,1941,stop,2026-04-30,20:29:00,,
BALHAM - HORSHAM,P26736,1941,stop,2026-04-29,20:29:00,,
BALHAM - HORSHAM,P26736,1941,stop,2026-04-20,20:29:00,,
BALHAM - DORKING (3),P26737,1941,stop,2026-04-04,20:29:00,,
BALHAM - HORSHAM,P26736,1941,stop,2026-04-06,20:29:00,,
BALHAM - HORSHAM,P26736,1941,stop,2026-04-16,20:29:00,,
BALHAM - HORSHAM,P26736,1941,stop,2026-04-09,20:29:00,,
BALHAM - HORSHAM,P26736,1941,stop,2026-04-14,20:29:00,,
BALHAM - HORSHAM,P26736,1941,stop,2026-04-03,20:29:00,,
BALHAM - HORSHAM,P26736,1941,stop,2026-04-02,20:29:00,,
BALHAM - HORSHAM,P26736,1941,stop,2026-04-01,20:29:00,,
BALHAM - DORKING (3),X95271,1941,stop,2026-04-03,20:29:00,,
BALHAM - DORKING (3),X00969,1941,stop,2026-04-06,20:29:00,,
BALHAM - HORSHAM,P26736,1941,stop,2026-04-24,20:29:00,,
BALHAM - HORSHAM,P26736,1941,stop,2026-04-28,20:29:00,,
BALHAM - HORSHAM,P26736,1941,stop,2026-04-15,20:29:00,,
BALHAM - HORSHAM,P26736,1941,stop,2026-04-22,20:29:00,,
BALHAM - DORKING (3),P26737,1941,stop,2026-04-25,20:29:00,,
BALHAM - HORSHAM,P26736,1941,stop,2026-04-21,20:29:00,,
BALHAM - HORSHAM,P26736,1941,stop,2026-04-08,20:29:00,,
BALHAM - HORSHAM,P26736,1941,stop,2026-04-13,20:29:00,,
BALHAM - HORSHAM,P26736,1941,stop,2026-04-23,20:29:00,,
BALHAM - HORSHAM,P26736,1941,stop,2026-04-10,20:29:00,,
BALHAM - DORKING (3),P26737,1941,stop,2026-04-11,20:29:00,,
BALHAM - HORSHAM,P26736,1941,stop,2026-04-27,20:29:00,,
BALHAM - HORSHAM,P26736,1941,stop,2026-04-07,20:29:00,,
DORKING - EARLSFIELD,P61083,2032,stop,2026-04-22,20:32:00,,
DORKING - EARLSFIELD,P61083,2032,stop,2026-04-15,20:32:00,,
DORKING - EARLSFIELD,P61083,2032,stop,2026-04-24,20:32:00,,
BALHAM - DORKING (6),P26738,1938,stop,2026-04-05,20:30:00,,
DORKING - EARLSFIELD,P61083,2032,stop,2026-04-13,20:32:00,,
DORKING - EARLSFIELD,P61083,2032,stop,2026-04-17,20:32:00,,
DORKING - EARLSFIELD,P61084,2032,stop,2026-04-18,20:32:00,,
DORKING - EARLSFIELD,P61083,2032,stop,2026-04-23,20:32:00,,
DORKING - EARLSFIELD,P61083,2032,stop,2026-04-27,20:32:00,,
DORKING - EARLSFIELD,P61083,2032,stop,2026-04-14,20:32:00,,
DORKING - EARLSFIELD,P61084,2032,stop,2026-04-25,20:32:00,,
DORKING - EARLSFIELD,P61084,2032,stop,2026-04-04,20:32:00,,
DORKING - EARLSFIELD,Q38302,2032,stop,2026-04-03,20:32:00,,
DORKING - EARLSFIELD,P61083,2032,stop,2026-04-03,20:32:00,,
DORKING - EARLSFIELD,P61083,2032,stop,2026-04-28,20:32:00,,
DORKING - EARLSFIELD,P61083,2032,stop,2026-04-16,20:32:00,,
DORKING - EARLSFIELD,P61083,2032,stop,2026-04-20,20:32:00,,
DORKING - EARLSFIELD,P61083,2032,stop,2026-04-02,20:32:00,,
SUTTON (SURREY) - DORKING,X04911,1955,stop,2026-04-12,20:32:00,,
DORKING - EARLSFIELD,P61083,2032,stop,2026-04-10,20:32:00,,
DORKING - EARLSFIELD,P61083,2032,stop,2026-04-29,20:32:00,,
DORKING - EARLSFIELD,P61084,2032,stop,2026-04-11,20:32:00,,
DORKING - EARLSFIELD,P61083,2032,stop,2026-04-01,20:32:00,,
DORKING - EARLSFIELD,P61083,2032,stop,2026-04-07,20:32:00,,
DORKING - EARLSFIELD,P61083,2032,stop,2026-04-21,20:32:00,,
DORKING - EARLSFIELD,P61083,2032,stop,2026-04-08,20:32:00,,
WORCESTER PARK - EARLSFIELD,P61079,2032,stop,2026-04-12,20:32:00,,
DORKING - EARLSFIELD,P61083,2032,stop,2026-04-30,20:32:00,,
DORKING - EARLSFIELD,P61083,2032,stop,2026-04-09,20:32:00,,
DORKING - SUTTON (SURREY),X04872,2033,stop,2026-04-12,20:33:00,,
DORKING - EARLSFIELD,P61083,2032,stop,2026-04-06,20:32:00,,
DORKING - EARLSFIELD,Q48558,2032,stop,2026-04-06,20:32:00,,
EFFINGHAM JUNCTION - WORCESTER PARK,Q54761,2015,stop,2026-04-12,20:35:00,,
WORCESTER PARK - EFFINGHAM JUNCTION,Q54795,2035,stop,2026-04-12,20:35:00,,
CHESSINGTON SOUTH - EARLSFIELD,L75857,2034,stop,2026-04-06,20:39:00,,
CHESSINGTON SOUTH - EARLSFIELD,L75857,2034,stop,2026-04-17,20:39:00,,
CHESSINGTON SOUTH - EARLSFIELD,L75857,2034,stop,2026-04-15,20:39:00,,
CHESSINGTON SOUTH - EARLSFIELD,L75857,2034,stop,2026-04-29,20:39:00,,
CHESSINGTON SOUTH - EARLSFIELD,L75857,2034,stop,2026-04-16,20:39:00,,
CHESSINGTON SOUTH - EARLSFIELD,Q48548,2034,stop,2026-04-06,20:39:00,,
CHESSINGTON SOUTH - EARLSFIELD,L75857,2034,stop,2026-04-28,20:39:00,,
CHESSINGTON SOUTH - EARLSFIELD,L75858,2034,stop,2026-04-18,20:39:00,,
CHESSINGTON SOUTH - EARLSFIELD,L75857,2034,stop,2026-04-14,20:39:00,,
CHESSINGTON SOUTH - EARLSFIELD,L75857,2034,stop,2026-04-13,20:39:00,,
CHESSINGTON SOUTH - EARLSFIELD,L75857,2034,stop,2026-04-30,20:39:00,,
CHESSINGTON SOUTH - EARLSFIELD,L75858,2034,stop,2026-04-11,20:39:00,,
MITCHAM EASTFIELDS - DORKING,P26737,1950,stop,2026-04-18,20:38:00,,
CHESSINGTON SOUTH - EARLSFIELD,L75857,2034,stop,2026-04-24,20:39:00,,
CHESSINGTON SOUTH - EARLSFIELD,L75857,2034,stop,2026-04-23,20:39:00,,
CHESSINGTON SOUTH - EARLSFIELD,L75858,2034,stop,2026-04-25,20:39:00,,
CHESSINGTON SOUTH - EARLSFIELD,L75857,2034,stop,2026-04-27,20:39:00,,
CHESSINGTON SOUTH - EARLSFIELD,L75857,2034,stop,2026-04-22,20:39:00,,
CHESSINGTON SOUTH - EARLSFIELD,L75857,2034,stop,2026-04-10,20:39:00,,
CHESSINGTON SOUTH - EARLSFIELD,L75857,2034,stop,2026-04-07,20:39:00,,
CHESSINGTON SOUTH - EARLSFIELD,L75857,2034,stop,2026-04-03,20:39:00,,
CHESSINGTON SOUTH - EARLSFIELD,L75857,2034,stop,2026-04-21,20:39:00,,
CHESSINGTON SOUTH - EARLSFIELD,Q38296,2034,stop,2026-04-03,20:39:00,,
CHESSINGTON SOUTH - EARLSFIELD,L75857,2034,stop,2026-04-01,20:39:00,,
CHESSINGTON SOUTH - EARLSFIELD,L75857,2034,stop,2026-04-02,20:39:00,,
CHESSINGTON SOUTH - EARLSFIELD,L75857,2034,stop,2026-04-20,20:39:00,,
CHESSINGTON SOUTH - EARLSFIELD,L75858,2034,stop,2026-04-04,20:39:00,,
CHESSINGTON SOUTH - EARLSFIELD,L75857,2034,stop,2026-04-09,20:39:00,,
CHESSINGTON SOUTH - EARLSFIELD,L75857,2034,stop,2026-04-08,20:39:00,,
EARLSFIELD - DORKING,P61076,2002,stop,2026-04-12,20:41:00,,
EARLSFIELD - CHESSINGTON SOUTH,P62109,2017,stop,2026-04-27,20:43:00,,
EARLSFIELD - CHESSINGTON SOUTH,P62109,2017,stop,2026-04-17,20:43:00,,
EARLSFIELD - CHESSINGTON SOUTH,Q48588,2017,stop,2026-04-06,20:43:00,,
DORKING - BALHAM (4),P26753,2042,stop,2026-04-26,20:42:00,,
DORKING - BALHAM (4),P26753,2042,stop,2026-04-12,20:42:00,,
DORKING - MITCHAM EASTFIELDS,P26753,2042,stop,2026-04-19,20:42:00,,
EARLSFIELD - CHESSINGTON SOUTH,P62109,2017,stop,2026-04-16,20:43:00,,
EARLSFIELD - CHESSINGTON SOUTH,P62109,2017,stop,2026-04-21,20:43:00,,
EARLSFIELD - CHESSINGTON SOUTH,P62109,2017,stop,2026-04-24,20:43:00,,
EARLSFIELD - CHESSINGTON SOUTH,P62109,2017,stop,2026-04-06,20:43:00,,
EARLSFIELD - CHESSINGTON SOUTH,P62109,2017,stop,2026-04-08,20:43:00,,
EARLSFIELD - CHESSINGTON SOUTH,P62109,2017,stop,2026-04-02,20:43:00,,
EARLSFIELD - CHESSINGTON SOUTH,P62109,2017,stop,2026-04-30,20:43:00,,
EARLSFIELD - CHESSINGTON SOUTH,P62110,2017,stop,2026-04-11,20:43:00,,
EARLSFIELD - CHESSINGTON SOUTH,P62110,2017,stop,2026-04-25,20:43:00,,
EARLSFIELD - CHESSINGTON SOUTH,P62109,2017,stop,2026-04-14,20:43:00,,
EARLSFIELD - CHESSINGTON SOUTH,P62109,2017,stop,2026-04-13,20:43:00,,
EARLSFIELD - CHESSINGTON SOUTH,P62109,2017,stop,2026-04-03,20:43:00,,
EARLSFIELD - CHESSINGTON SOUTH,P62109,2017,stop,2026-04-29,20:43:00,,
EARLSFIELD - CHESSINGTON SOUTH,Q38314,2017,stop,2026-04-03,20:43:00,,
EARLSFIELD - CHESSINGTON SOUTH,P62109,2017,stop,2026-04-23,20:43:00,,
EARLSFIELD - CHESSINGTON SOUTH,P62109,2017,stop,2026-04-15,20:43:00,,
EARLSFIELD - CHESSINGTON SOUTH,P62109,2017,stop,2026-04-28,20:43:00,,
EARLSFIELD - CHESSINGTON SOUTH,P62109,2017,stop,2026-04-20,20:43:00,,
EARLSFIELD - CHESSINGTON SOUTH,P62110,2017,stop,2026-04-18,20:43:00,,
EARLSFIELD - CHESSINGTON SOUTH,P62109,2017,stop,2026-04-01,20:43:00,,
EARLSFIELD - CHESSINGTON SOUTH,P62109,2017,stop,2026-04-07,20:43:00,,
EARLSFIELD - CHESSINGTON SOUTH,P62109,2017,stop,2026-04-09,20:43:00,,
EARLSFIELD - CHESSINGTON SOUTH,P62109,2017,stop,2026-04-22,20:43:00,,
GUILDFORD - EARLSFIELD,L74305,2020,stop,2026-04-05,20:45:00,,
GUILDFORD - EARLSFIELD,L74305,2020,stop,2026-04-12,20:45:00,,
GUILDFORD - EARLSFIELD,L74305,2020,stop,2026-04-19,20:45:00,,
GUILDFORD - EARLSFIELD,L74305,2020,stop,2026-04-26,20:45:00,,
EARLSFIELD - CHESSINGTON SOUTH,P62109,2017,stop,2026-04-10,20:43:00,,
EARLSFIELD - CHESSINGTON SOUTH,P62110,2017,stop,2026-04-04,20:43:00,,
DORKING - BALHAM (2),P26752,2046,stop,2026-04-04,20:46:00,,
DORKING - MITCHAM EASTFIELDS (2),P26752,2046,stop,2026-04-18,20:46:00,,
DORKING - BALHAM (2),P26752,2046,stop,2026-04-11,20:46:00,,
DORKING - BALHAM (2),X00974,2046,stop,2026-04-06,20:46:00,,
DORKING - BALHAM (5),P26753,2046,stop,2026-04-05,20:46:00,,
DORKING - BALHAM (2),X93843,2046,stop,2026-04-03,20:46:00,,
DORKING - BALHAM (2),P26752,2046,stop,2026-04-25,20:46:00,,
EARLSFIELD - CHESSINGTON SOUTH,P62111,2021,stop,2026-04-19,20:47:00,,
EARLSFIELD - CHESSINGTON SOUTH,P62111,2021,stop,2026-04-12,20:47:00,,
EARLSFIELD - DORKING,Q48581,2023,stop,2026-04-06,20:48:00,,
EARLSFIELD - DORKING,P61074,2023,stop,2026-04-17,20:48:00,,
EARLSFIELD - DORKING,P61074,2023,stop,2026-04-08,20:48:00,,
EARLSFIELD - DORKING,P61074,2023,stop,2026-04-16,20:48:00,,
EARLSFIELD - DORKING,P61074,2023,stop,2026-04-09,20:48:00,,
EARLSFIELD - DORKING,P61075,2023,stop,2026-04-25,20:48:00,,
EARLSFIELD - DORKING,P61074,2023,stop,2026-04-06,20:48:00,,
EARLSFIELD - DORKING,P61074,2023,stop,2026-04-01,20:48:00,,
EARLSFIELD - DORKING,P61074,2023,stop,2026-04-24,20:48:00,,
EARLSFIELD - DORKING,P61075,2023,stop,2026-04-18,20:48:00,,
EARLSFIELD - CHESSINGTON SOUTH,P62111,2021,stop,2026-04-26,20:47:00,,
EARLSFIELD - DORKING,P61074,2023,stop,2026-04-10,20:48:00,,
EARLSFIELD - DORKING,P61074,2023,stop,2026-04-14,20:48:00,,
EARLSFIELD - DORKING,P61074,2023,stop,2026-04-28,20:48:00,,
EARLSFIELD - DORKING,P61074,2023,stop,2026-04-22,20:48:00,,
EARLSFIELD - DORKING,P61074,2023,stop,2026-04-30,20:48:00,,
EARLSFIELD - DORKING,P61074,2023,stop,2026-04-13,20:48:00,,
EARLSFIELD - DORKING,P61074,2023,stop,2026-04-23,20:48:00,,
EARLSFIELD - DORKING,P61074,2023,stop,2026-04-20,20:48:00,,
EARLSFIELD - DORKING,P61074,2023,stop,2026-04-21,20:48:00,,
EARLSFIELD - DORKING,Q38311,2023,stop,2026-04-03,20:48:00,,
EARLSFIELD - DORKING,P61074,2023,stop,2026-04-29,20:48:00,,
EARLSFIELD - DORKING,P61075,2023,stop,2026-04-04,20:48:00,,
EARLSFIELD - DORKING,P61074,2023,stop,2026-04-07,20:48:00,,
EARLSFIELD - CHESSINGTON SOUTH,P62111,2024,stop,2026-04-05,20:50:00,,
DORKING - WORCESTER PARK,Q54827,2050,stop,2026-04-12,20:50:00,,
EARLSFIELD - DORKING,P61074,2023,stop,2026-04-15,20:48:00,,
EARLSFIELD - DORKING,P61074,2023,stop,2026-04-02,20:48:00,,
EARLSFIELD - DORKING,P61074,2023,stop,2026-04-27,20:48:00,,
EARLSFIELD - DORKING,P61074,2023,stop,2026-04-03,20:48:00,,
EARLSFIELD - DORKING,P61075,2023,stop,2026-04-11,20:48:00,,
BALHAM - DORKING,P26742,2011,stop,2026-04-29,20:57:00,,
BALHAM - DORKING,P26742,2011,stop,2026-04-28,20:57:00,,
BALHAM - DORKING,P26742,2011,stop,2026-04-07,20:57:00,,
BALHAM - DORKING,P26742,2011,stop,2026-04-14,20:57:00,,
MITCHAM EASTFIELDS - DORKING,P26744,2008,stop,2026-04-19,20:56:00,,
BALHAM - DORKING (3),P26744,2008,stop,2026-04-26,20:56:00,,
BALHAM - DORKING (3),P26744,2008,stop,2026-04-12,20:56:00,,
BALHAM - DORKING,P26742,2011,stop,2026-04-02,20:57:00,,
BALHAM - DORKING,P26742,2011,stop,2026-04-20,20:57:00,,
BALHAM - DORKING,P26742,2011,stop,2026-04-09,20:57:00,,
BALHAM - DORKING,P26742,2011,stop,2026-04-23,20:57:00,,
BALHAM - DORKING,P26742,2011,stop,2026-04-16,20:57:00,,
BALHAM - DORKING,P26742,2011,stop,2026-04-13,20:57:00,,
BALHAM - DORKING,P26742,2011,stop,2026-04-08,20:57:00,,
BALHAM - DORKING,P26742,2011,stop,2026-04-24,20:57:00,,
BALHAM - DORKING,P26742,2011,stop,2026-04-22,20:57:00,,
BALHAM - DORKING,P26742,2011,stop,2026-04-06,20:57:00,,
BALHAM - DORKING,P26742,2011,stop,2026-04-17,20:57:00,,
BALHAM - DORKING,P26742,2011,stop,2026-04-21,20:57:00,,
BALHAM - DORKING,P26742,2011,stop,2026-04-15,20:57:00,,
BALHAM - DORKING,P26742,2011,stop,2026-04-10,20:57:00,,
BALHAM - DORKING,P26742,2011,stop,2026-04-27,20:57:00,,
BALHAM - DORKING,P26742,2011,stop,2026-04-30,20:57:00,,
EARLSFIELD - GUILDFORD (2),P61625,2032,stop,2026-04-19,20:58:00,,
BALHAM - DORKING,P26742,2011,stop,2026-04-01,20:57:00,,
BALHAM - DORKING,P26742,2011,stop,2026-04-03,20:57:00,,
EARLSFIELD - GUILDFORD (2),P61625,2032,stop,2026-04-05,20:58:00,,
BALHAM - DORKING (6),P26744,2008,stop,2026-04-05,21:00:00,,
BALHAM - DORKING (2),P26743,2011,stop,2026-04-25,20:59:00,,
BALHAM - DORKING (2),P26743,2011,stop,2026-04-11,20:59:00,,
BALHAM - DORKING (2),X00971,2011,stop,2026-04-06,20:59:00,,
BALHAM - DORKING (2),X94908,2011,stop,2026-04-03,20:59:00,,
BALHAM - DORKING (2),P26743,2011,stop,2026-04-04,20:59:00,,
EARLSFIELD - GUILDFORD (2),P61625,2032,stop,2026-04-26,20:58:00,,
WORCESTER PARK - EARLSFIELD,L74305,2102,stop,2026-04-12,21:02:00,,
WORCESTER PARK - DORKING,Q54871,2105,stop,2026-04-12,21:05:00,,
DORKING - SUTTON (SURREY),X04871,2103,stop,2026-04-12,21:03:00,,
SUTTON (SURREY) - DORKING,X04910,2025,stop,2026-04-12,21:02:00,,
DORKING - EARLSFIELD,P61085,2107,stop,2026-04-05,21:07:00,,
DORKING - EARLSFIELD,P61085,2107,stop,2026-04-26,21:07:00,,
DORKING - EARLSFIELD,P61085,2107,stop,2026-04-12,21:07:00,,
CHESSINGTON SOUTH - EARLSFIELD,L75861,2104,stop,2026-04-03,21:09:00,,
CHESSINGTON SOUTH - EARLSFIELD,L75861,2104,stop,2026-04-30,21:09:00,,
CHESSINGTON SOUTH - EARLSFIELD,L75861,2104,stop,2026-04-29,21:09:00,,
CHESSINGTON SOUTH - EARLSFIELD,L75861,2104,stop,2026-04-17,21:09:00,,
CHESSINGTON SOUTH - EARLSFIELD,L75861,2104,stop,2026-04-10,21:09:00,,
CHESSINGTON SOUTH - EARLSFIELD,L75861,2104,stop,2026-04-23,21:09:00,,
CHESSINGTON SOUTH - EARLSFIELD,L75861,2104,stop,2026-04-02,21:09:00,,
CHESSINGTON SOUTH - EARLSFIELD,L75861,2104,stop,2026-04-27,21:09:00,,
CHESSINGTON SOUTH - EARLSFIELD,L75861,2104,stop,2026-04-07,21:09:00,,
CHESSINGTON SOUTH - EARLSFIELD,L75861,2104,stop,2026-04-08,21:09:00,,
CHESSINGTON SOUTH - EARLSFIELD,L75861,2104,stop,2026-04-09,21:09:00,,
CHESSINGTON SOUTH - EARLSFIELD,L75861,2104,stop,2026-04-13,21:09:00,,
CHESSINGTON SOUTH - EARLSFIELD,L75861,2104,stop,2026-04-14,21:09:00,,
DORKING - EARLSFIELD,P61085,2107,stop,2026-04-19,21:07:00,,
CHESSINGTON SOUTH - EARLSFIELD,L75861,2104,stop,2026-04-22,21:09:00,,
CHESSINGTON SOUTH - EARLSFIELD,L75861,2104,stop,2026-04-24,21:09:00,,
CHESSINGTON SOUTH - EARLSFIELD,P62119,2104,stop,2026-04-11,21:09:00,,
CHESSINGTON SOUTH - EARLSFIELD,Q38273,2104,stop,2026-04-03,21:09:00,,
CHESSINGTON SOUTH - EARLSFIELD,L75861,2104,stop,2026-04-28,21:09:00,,
CHESSINGTON SOUTH - EARLSFIELD,L75861,2104,stop,2026-04-01,21:09:00,,
CHESSINGTON SOUTH - EARLSFIELD,P62119,2104,stop,2026-04-25,21:09:00,,
CHESSINGTON SOUTH - EARLSFIELD,L75861,2104,stop,2026-04-21,21:09:00,,
CHESSINGTON SOUTH - EARLSFIELD,L75861,2104,stop,2026-04-16,21:09:00,,
CHESSINGTON SOUTH - EARLSFIELD,L75861,2104,stop,2026-04-06,21:09:00,,
CHESSINGTON SOUTH - EARLSFIELD,Q48355,2104,stop,2026-04-06,21:09:00,,
CHESSINGTON SOUTH - EARLSFIELD,L75861,2104,stop,2026-04-15,21:09:00,,
CHESSINGTON SOUTH - EARLSFIELD,P62119,2104,stop,2026-04-18,21:09:00,,
CHESSINGTON SOUTH - EARLSFIELD,L75861,2104,stop,2026-04-20,21:09:00,,
CHESSINGTON SOUTH - EARLSFIELD,P62119,2104,stop,2026-04-04,21:09:00,,
GUILDFORD - EARLSFIELD,Q48401,2045,stop,2026-04-06,21:10:00,,
GUILDFORD - EARLSFIELD,L74309,2045,stop,2026-04-17,21:10:00,,
GUILDFORD - EARLSFIELD,L74309,2045,stop,2026-04-28,21:10:00,,
GUILDFORD - EARLSFIELD,L74309,2045,stop,2026-04-24,21:10:00,,
GUILDFORD - EARLSFIELD,L74309,2045,stop,2026-04-09,21:10:00,,
GUILDFORD - EARLSFIELD,L74309,2045,stop,2026-04-16,21:10:00,,
GUILDFORD - EARLSFIELD,L74309,2045,stop,2026-04-13,21:10:00,,
MITCHAM EASTFIELDS - DORKING (2),P26743,2020,stop,2026-04-18,21:10:00,,
GUILDFORD - EARLSFIELD,L74309,2045,stop,2026-04-14,21:10:00,,
GUILDFORD - EARLSFIELD,P61629,2045,stop,2026-04-04,21:10:00,,
GUILDFORD - EARLSFIELD,L74309,2045,stop,2026-04-02,21:10:00,,
GUILDFORD - EARLSFIELD,L74309,2045,stop,2026-04-07,21:10:00,,
GUILDFORD - EARLSFIELD,P61629,2045,stop,2026-04-18,21:10:00,,
GUILDFORD - EARLSFIELD,L74309,2045,stop,2026-04-10,21:10:00,,
GUILDFORD - EARLSFIELD,L74309,2045,stop,2026-04-23,21:10:00,,
GUILDFORD - EARLSFIELD,P61629,2045,stop,2026-04-25,21:10:00,,
GUILDFORD - EARLSFIELD,L74309,2045,stop,2026-04-30,21:10:00,,
GUILDFORD - EARLSFIELD,L74309,2045,stop,2026-04-08,21:10:00,,
GUILDFORD - EARLSFIELD,L74309,2045,stop,2026-04-15,21:10:00,,
GUILDFORD - EARLSFIELD,L74309,2045,stop,2026-04-21,21:10:00,,
GUILDFORD - EARLSFIELD,L74309,2045,stop,2026-04-29,21:10:00,,
GUILDFORD - EARLSFIELD,L74309,2045,stop,2026-04-06,21:10:00,,
GUILDFORD - EARLSFIELD,L74309,2045,stop,2026-04-20,21:10:00,,
GUILDFORD - EARLSFIELD,L74309,2045,stop,2026-04-01,21:10:00,,
GUILDFORD - EARLSFIELD,Q38290,2045,stop,2026-04-03,21:10:00,,
GUILDFORD - EARLSFIELD,L74309,2045,stop,2026-04-03,21:10:00,,
GUILDFORD - EARLSFIELD,L74309,2045,stop,2026-04-27,21:10:00,,
GUILDFORD - EARLSFIELD,P61629,2045,stop,2026-04-11,21:10:00,,
GUILDFORD - EARLSFIELD,L74309,2045,stop,2026-04-22,21:10:00,,
DORKING - BALHAM (4),P26759,2112,stop,2026-04-12,21:12:00,,
DORKING - BALHAM (4),P26759,2112,stop,2026-04-26,21:12:00,,
DORKING - MITCHAM EASTFIELDS,P26759,2112,stop,2026-04-19,21:12:00,,
EARLSFIELD - GUILDFORD (2),P61625,2032,stop,2026-04-12,21:11:00,,
EARLSFIELD - CHESSINGTON SOUTH,P62112,2047,stop,2026-04-20,21:14:00,,
EARLSFIELD - CHESSINGTON SOUTH,P62112,2047,stop,2026-04-08,21:14:00,,
EARLSFIELD - CHESSINGTON SOUTH,Q48396,2047,stop,2026-04-06,21:13:00,,
EARLSFIELD - CHESSINGTON SOUTH,P62113,2047,stop,2026-04-11,21:13:00,,
EARLSFIELD - CHESSINGTON SOUTH,P62113,2047,stop,2026-04-04,21:13:00,,
EARLSFIELD - CHESSINGTON SOUTH,P62113,2047,stop,2026-04-25,21:13:00,,
EARLSFIELD - CHESSINGTON SOUTH,P62113,2047,stop,2026-04-18,21:13:00,,
EARLSFIELD - CHESSINGTON SOUTH,Q88743,2047,stop,2026-04-03,21:13:00,,
EARLSFIELD - CHESSINGTON SOUTH,P62112,2047,stop,2026-04-01,21:14:00,,
EARLSFIELD - CHESSINGTON SOUTH,P62112,2047,stop,2026-04-30,21:14:00,,
EARLSFIELD - CHESSINGTON SOUTH,P62112,2047,stop,2026-04-07,21:14:00,,
EARLSFIELD - CHESSINGTON SOUTH,P62112,2047,stop,2026-04-23,21:14:00,,
EARLSFIELD - CHESSINGTON SOUTH,P62112,2047,stop,2026-04-09,21:14:00,,
EARLSFIELD - CHESSINGTON SOUTH,P62112,2047,stop,2026-04-22,21:14:00,,
EARLSFIELD - CHESSINGTON SOUTH,P62112,2047,stop,2026-04-29,21:14:00,,
EARLSFIELD - CHESSINGTON SOUTH,P62112,2047,stop,2026-04-17,21:14:00,,
EARLSFIELD - CHESSINGTON SOUTH,P62112,2047,stop,2026-04-27,21:14:00,,
EARLSFIELD - CHESSINGTON SOUTH,P62112,2047,stop,2026-04-02,21:14:00,,
EARLSFIELD - CHESSINGTON SOUTH,P62112,2047,stop,2026-04-28,21:14:00,,
EARLSFIELD - CHESSINGTON SOUTH,P62112,2047,stop,2026-04-13,21:14:00,,
CHESSINGTON SOUTH - EARLSFIELD,L75863,2109,stop,2026-04-05,21:14:00,,
EARLSFIELD - CHESSINGTON SOUTH,P62112,2047,stop,2026-04-15,21:14:00,,
EARLSFIELD - CHESSINGTON SOUTH,P62112,2047,stop,2026-04-16,21:14:00,,
EARLSFIELD - CHESSINGTON SOUTH,P62112,2047,stop,2026-04-03,21:14:00,,
CHESSINGTON SOUTH - EARLSFIELD,L75863,2109,stop,2026-04-19,21:14:00,,
EARLSFIELD - CHESSINGTON SOUTH,P62112,2047,stop,2026-04-21,21:14:00,,
CHESSINGTON SOUTH - EARLSFIELD,L75863,2109,stop,2026-04-12,21:14:00,,
CHESSINGTON SOUTH - EARLSFIELD,L75863,2109,stop,2026-04-26,21:14:00,,
EARLSFIELD - CHESSINGTON SOUTH,P62112,2047,stop,2026-04-10,21:14:00,,
EARLSFIELD - CHESSINGTON SOUTH,P62112,2047,stop,2026-04-14,21:14:00,,
EARLSFIELD - CHESSINGTON SOUTH,P62112,2047,stop,2026-04-06,21:14:00,,
EARLSFIELD - CHESSINGTON SOUTH,P62112,2047,stop,2026-04-24,21:14:00,,
DORKING - BALHAM,P26758,2116,stop,2026-04-25,21:16:00,,
DORKING - BALHAM,P26758,2116,stop,2026-04-04,21:16:00,,
DORKING - BALHAM,X00976,2116,stop,2026-04-06,21:16:00,,
DORKING - BALHAM (3),P26757,2117,stop,2026-04-01,21:17:00,,
DORKING - BALHAM (3),P26757,2117,stop,2026-04-29,21:17:00,,
DORKING - BALHAM (3),P26757,2117,stop,2026-04-17,21:17:00,,
DORKING - MITCHAM EASTFIELDS,P26758,2116,stop,2026-04-18,21:16:00,,
DORKING - BALHAM,X93809,2116,stop,2026-04-03,21:16:00,,
DORKING - BALHAM,P26758,2116,stop,2026-04-11,21:16:00,,
DORKING - BALHAM (5),P26759,2116,stop,2026-04-05,21:16:00,,
DORKING - BALHAM (3),P26757,2117,stop,2026-04-07,21:17:00,,
DORKING - BALHAM (3),P26757,2117,stop,2026-04-02,21:17:00,,
DORKING - BALHAM (3),P26757,2117,stop,2026-04-03,21:17:00,,
DORKING - BALHAM (3),P26757,2117,stop,2026-04-24,21:17:00,,
DORKING - BALHAM (3),P26757,2117,stop,2026-04-22,21:17:00,,
DORKING - BALHAM (3),P26757,2117,stop,2026-04-30,21:17:00,,
DORKING - BALHAM (3),P26757,2117,stop,2026-04-10,21:17:00,,
DORKING - BALHAM (3),P26757,2117,stop,2026-04-28,21:17:00,,
DORKING - BALHAM (3),P26757,2117,stop,2026-04-23,21:17:00,,
DORKING - BALHAM (3),P26757,2117,stop,2026-04-16,21:17:00,,
DORKING - BALHAM (3),P26757,2117,stop,2026-04-21,21:17:00,,
DORKING - BALHAM (3),P26757,2117,stop,2026-04-06,21:17:00,,
DORKING - BALHAM (3),P26757,2117,stop,2026-04-08,21:17:00,,
DORKING - BALHAM (3),P26757,2117,stop,2026-04-09,21:17:00,,
DORKING - BALHAM (3),P26757,2117,stop,2026-04-14,21:17:00,,
DORKING - BALHAM (3),P26757,2117,stop,2026-04-27,21:17:00,,
DORKING - BALHAM (3),P26757,2117,stop,2026-04-20,21:17:00,,
EARLSFIELD - GUILDFORD (2),P61623,2053,stop,2026-04-10,21:18:00,,
EARLSFIELD - GUILDFORD (2),P61623,2053,stop,2026-04-06,21:18:00,,
EARLSFIELD - GUILDFORD (2),P61623,2053,stop,2026-04-17,21:18:00,,
EARLSFIELD - GUILDFORD (2),P61624,2053,stop,2026-04-25,21:18:00,,
EARLSFIELD - GUILDFORD (2),P61623,2053,stop,2026-04-07,21:18:00,,
EARLSFIELD - GUILDFORD (2),P61623,2053,stop,2026-04-27,21:18:00,,
EARLSFIELD - GUILDFORD (2),P61623,2053,stop,2026-04-23,21:18:00,,
EARLSFIELD - GUILDFORD (2),P61623,2053,stop,2026-04-14,21:18:00,,
DORKING - BALHAM (3),P26757,2117,stop,2026-04-15,21:17:00,,
DORKING - BALHAM (3),P26757,2117,stop,2026-04-13,21:17:00,,
EARLSFIELD - GUILDFORD (2),P61623,2053,stop,2026-04-30,21:18:00,,
EARLSFIELD - GUILDFORD (2),P61623,2053,stop,2026-04-24,21:18:00,,
EARLSFIELD - GUILDFORD (2),P61623,2053,stop,2026-04-16,21:18:00,,
EARLSFIELD - GUILDFORD (2),P61623,2053,stop,2026-04-08,21:18:00,,
EARLSFIELD - GUILDFORD (2),P61623,2053,stop,2026-04-13,21:18:00,,
EARLSFIELD - GUILDFORD (2),P61623,2053,stop,2026-04-01,21:18:00,,
EARLSFIELD - GUILDFORD (2),P61623,2053,stop,2026-04-20,21:18:00,,
EARLSFIELD - GUILDFORD (2),P61623,2053,stop,2026-04-02,21:18:00,,
EARLSFIELD - GUILDFORD (2),P61623,2053,stop,2026-04-28,21:18:00,,
EARLSFIELD - GUILDFORD (2),P61624,2053,stop,2026-04-11,21:18:00,,
EARLSFIELD - GUILDFORD (2),P61623,2053,stop,2026-04-22,21:18:00,,
EARLSFIELD - GUILDFORD (2),P61624,2053,stop,2026-04-18,21:18:00,,
EARLSFIELD - GUILDFORD (2),Q48383,2053,stop,2026-04-06,21:18:00,,
EARLSFIELD - GUILDFORD (2),P61623,2053,stop,2026-04-03,21:18:00,,
EARLSFIELD - GUILDFORD (2),Q38286,2053,stop,2026-04-03,21:18:00,,
EARLSFIELD - GUILDFORD (2),P61623,2053,stop,2026-04-29,21:18:00,,
EARLSFIELD - GUILDFORD (2),P61623,2053,stop,2026-04-15,21:18:00,,
EARLSFIELD - GUILDFORD (2),P61623,2053,stop,2026-04-09,21:18:00,,
EARLSFIELD - GUILDFORD (2),P61623,2053,stop,2026-04-21,21:18:00,,
EARLSFIELD - GUILDFORD (2),P61624,2053,stop,2026-04-04,21:18:00,,
HORSHAM - BALHAM,P26763,2114,stop,2026-04-21,21:26:00,,
HORSHAM - BALHAM,P26763,2114,stop,2026-04-01,21:26:00,,
HORSHAM - BALHAM,P26763,2114,stop,2026-04-03,21:26:00,,
HORSHAM - BALHAM,P26763,2114,stop,2026-04-07,21:26:00,,
HORSHAM - BALHAM,P26763,2114,stop,2026-04-10,21:26:00,,
HORSHAM - BALHAM,P26763,2114,stop,2026-04-30,21:26:00,,
HORSHAM - BALHAM,P26763,2114,stop,2026-04-23,21:26:00,,
HORSHAM - BALHAM,P26763,2114,stop,2026-04-22,21:26:00,,
HORSHAM - BALHAM,P26763,2114,stop,2026-04-09,21:26:00,,
HORSHAM - BALHAM,P26763,2114,stop,2026-04-16,21:26:00,,
HORSHAM - BALHAM,P26763,2114,stop,2026-04-13,21:26:00,,
HORSHAM - BALHAM,P26763,2114,stop,2026-04-27,21:26:00,,
HORSHAM - BALHAM,P26763,2114,stop,2026-04-28,21:26:00,,
EARLSFIELD - DORKING,P61082,2102,stop,2026-04-26,21:27:00,,
EARLSFIELD - DORKING,P61082,2102,stop,2026-04-19,21:27:00,,
EARLSFIELD - DORKING,P61082,2102,stop,2026-04-05,21:27:00,,
HORSHAM - BALHAM,P26763,2114,stop,2026-04-24,21:26:00,,
HORSHAM - BALHAM,P26763,2114,stop,2026-04-29,21:26:00,,
HORSHAM - BALHAM,P26763,2114,stop,2026-04-14,21:26:00,,
HORSHAM - BALHAM,P26763,2114,stop,2026-04-02,21:26:00,,
HORSHAM - BALHAM,P26763,2114,stop,2026-04-06,21:26:00,,
HORSHAM - BALHAM,P26763,2114,stop,2026-04-15,21:26:00,,
HORSHAM - BALHAM,P26763,2114,stop,2026-04-20,21:26:00,,
HORSHAM - BALHAM,P26763,2114,stop,2026-04-08,21:26:00,,
HORSHAM - BALHAM,P26763,2114,stop,2026-04-17,21:26:00,,
BALHAM - HORSHAM,P26748,2041,stop,2026-04-02,21:29:00,,
BALHAM - HORSHAM,P26748,2041,stop,2026-04-28,21:29:00,,
BALHAM - HORSHAM,P26748,2041,stop,2026-04-27,21:29:00,,
BALHAM - DORKING (3),P26749,2041,stop,2026-04-04,21:29:00,,
BALHAM - HORSHAM,P26748,2041,stop,2026-04-13,21:29:00,,
BALHAM - HORSHAM,P26748,2041,stop,2026-04-14,21:29:00,,
BALHAM - HORSHAM,P26748,2041,stop,2026-04-10,21:29:00,,
BALHAM - HORSHAM,P26748,2041,stop,2026-04-07,21:29:00,,
BALHAM - HORSHAM,P26748,2041,stop,2026-04-24,21:29:00,,
BALHAM - HORSHAM,P26748,2041,stop,2026-04-22,21:29:00,,
BALHAM - HORSHAM,P26748,2041,stop,2026-04-15,21:29:00,,
BALHAM - HORSHAM,P26748,2041,stop,2026-04-20,21:29:00,,
BALHAM - HORSHAM,P26748,2041,stop,2026-04-23,21:29:00,,
BALHAM - HORSHAM,P26748,2041,stop,2026-04-21,21:29:00,,
BALHAM - HORSHAM,P26748,2041,stop,2026-04-01,21:29:00,,
BALHAM - HORSHAM,P26748,2041,stop,2026-04-08,21:29:00,,
BALHAM - HORSHAM,P26748,2041,stop,2026-04-30,21:29:00,,
BALHAM - HORSHAM,P26748,2041,stop,2026-04-06,21:29:00,,
BALHAM - HORSHAM,P26748,2041,stop,2026-04-17,21:29:00,,
BALHAM - DORKING (3),X00973,2041,stop,2026-04-06,21:29:00,,
BALHAM - HORSHAM,P26748,2041,stop,2026-04-09,21:29:00,,
BALHAM - DORKING (3),P26749,2041,stop,2026-04-11,21:29:00,,
BALHAM - HORSHAM,P26748,2041,stop,2026-04-03,21:29:00,,
BALHAM - DORKING (3),X93851,2041,stop,2026-04-03,21:29:00,,
BALHAM - HORSHAM,P26748,2041,stop,2026-04-29,21:29:00,,
BALHAM - DORKING (3),P26749,2041,stop,2026-04-25,21:29:00,,
BALHAM - HORSHAM,P26748,2041,stop,2026-04-16,21:29:00,,
DORKING - EARLSFIELD,P61089,2132,stop,2026-04-21,21:32:00,,
DORKING - EARLSFIELD,P61089,2132,stop,2026-04-27,21:32:00,,
DORKING - EARLSFIELD,P61090,2132,stop,2026-04-11,21:32:00,,
DORKING - EARLSFIELD,P61089,2132,stop,2026-04-13,21:32:00,,
DORKING - EARLSFIELD,P61089,2132,stop,2026-04-14,21:32:00,,
DORKING - EARLSFIELD,P61089,2132,stop,2026-04-20,21:32:00,,
DORKING - EARLSFIELD,P61089,2132,stop,2026-04-23,21:32:00,,
DORKING - EARLSFIELD,P61089,2132,stop,2026-04-28,21:32:00,,
DORKING - EARLSFIELD,P61089,2132,stop,2026-04-17,21:32:00,,
DORKING - EARLSFIELD,P61089,2132,stop,2026-04-16,21:32:00,,
DORKING - EARLSFIELD,P61089,2132,stop,2026-04-15,21:32:00,,
DORKING - EARLSFIELD,P61090,2132,stop,2026-04-25,21:32:00,,
DORKING - EARLSFIELD,P61089,2132,stop,2026-04-22,21:32:00,,
DORKING - EARLSFIELD,P61090,2132,stop,2026-04-18,21:32:00,,
DORKING - EARLSFIELD,P61089,2132,stop,2026-04-24,21:32:00,,
DORKING - EARLSFIELD,P61089,2132,stop,2026-04-06,21:32:00,,
DORKING - EARLSFIELD,P61089,2132,stop,2026-04-07,21:32:00,,
DORKING - EARLSFIELD,P61089,2132,stop,2026-04-08,21:32:00,,
WORCESTER PARK - EARLSFIELD,P61085,2132,stop,2026-04-12,21:32:00,,
DORKING - EARLSFIELD,P61089,2132,stop,2026-04-01,21:32:00,,
DORKING - EARLSFIELD,P61089,2132,stop,2026-04-03,21:32:00,,
SUTTON (SURREY) - DORKING,X04909,2055,stop,2026-04-12,21:32:00,,
DORKING - EARLSFIELD,Q38255,2132,stop,2026-04-03,21:32:00,,
DORKING - EARLSFIELD,P61089,2132,stop,2026-04-10,21:32:00,,
DORKING - EARLSFIELD,P61089,2132,stop,2026-04-30,21:32:00,,
DORKING - EARLSFIELD,P61089,2132,stop,2026-04-09,21:32:00,,
DORKING - EARLSFIELD,P61089,2132,stop,2026-04-29,21:32:00,,
DORKING - EARLSFIELD,Q48305,2132,stop,2026-04-06,21:32:00,,
DORKING - EARLSFIELD,P61090,2132,stop,2026-04-04,21:32:00,,
DORKING - EARLSFIELD,P61089,2132,stop,2026-04-02,21:32:00,,
DORKING - SUTTON (SURREY),X04870,2133,stop,2026-04-12,21:33:00,,
EFFINGHAM JUNCTION - WORCESTER PARK,Q54760,2115,stop,2026-04-12,21:35:00,,
WORCESTER PARK - EFFINGHAM JUNCTION,Q54793,2135,stop,2026-04-12,21:35:00,,
CHESSINGTON SOUTH - EARLSFIELD,P62123,2134,stop,2026-04-07,21:39:00,,
CHESSINGTON SOUTH - EARLSFIELD,P62123,2134,stop,2026-04-08,21:39:00,,
CHESSINGTON SOUTH - EARLSFIELD,P62123,2134,stop,2026-04-06,21:39:00,,
CHESSINGTON SOUTH - EARLSFIELD,Q38250,2134,stop,2026-04-03,21:39:00,,
CHESSINGTON SOUTH - EARLSFIELD,P62123,2134,stop,2026-04-03,21:39:00,,
CHESSINGTON SOUTH - EARLSFIELD,P62123,2134,stop,2026-04-23,21:39:00,,
CHESSINGTON SOUTH - EARLSFIELD,P62123,2134,stop,2026-04-21,21:39:00,,
MITCHAM EASTFIELDS - DORKING,P26749,2050,stop,2026-04-18,21:38:00,,
CHESSINGTON SOUTH - EARLSFIELD,P62124,2134,stop,2026-04-11,21:39:00,,
CHESSINGTON SOUTH - EARLSFIELD,P62123,2134,stop,2026-04-17,21:39:00,,
CHESSINGTON SOUTH - EARLSFIELD,P62124,2134,stop,2026-04-18,21:39:00,,
CHESSINGTON SOUTH - EARLSFIELD,P62123,2134,stop,2026-04-13,21:39:00,,
CHESSINGTON SOUTH - EARLSFIELD,P62123,2134,stop,2026-04-30,21:39:00,,
CHESSINGTON SOUTH - EARLSFIELD,P62123,2134,stop,2026-04-27,21:39:00,,
CHESSINGTON SOUTH - EARLSFIELD,Q48296,2134,stop,2026-04-06,21:39:00,,
CHESSINGTON SOUTH - EARLSFIELD,P62123,2134,stop,2026-04-02,21:39:00,,
CHESSINGTON SOUTH - EARLSFIELD,P62123,2134,stop,2026-04-10,21:39:00,,
CHESSINGTON SOUTH - EARLSFIELD,P62123,2134,stop,2026-04-01,21:39:00,,
CHESSINGTON SOUTH - EARLSFIELD,P62123,2134,stop,2026-04-22,21:39:00,,
CHESSINGTON SOUTH - EARLSFIELD,P62123,2134,stop,2026-04-09,21:39:00,,
CHESSINGTON SOUTH - EARLSFIELD,P62124,2134,stop,2026-04-25,21:39:00,,
CHESSINGTON SOUTH - EARLSFIELD,P62124,2134,stop,2026-04-04,21:39:00,,
CHESSINGTON SOUTH - EARLSFIELD,P62123,2134,stop,2026-04-24,21:39:00,,
CHESSINGTON SOUTH - EARLSFIELD,P62123,2134,stop,2026-04-20,21:39:00,,
CHESSINGTON SOUTH - EARLSFIELD,P62123,2134,stop,2026-04-28,21:39:00,,
CHESSINGTON SOUTH - EARLSFIELD,P62123,2134,stop,2026-04-16,21:39:00,,
CHESSINGTON SOUTH - EARLSFIELD,P62123,2134,stop,2026-04-29,21:39:00,,
CHESSINGTON SOUTH - EARLSFIELD,P62123,2134,stop,2026-04-15,21:39:00,,
CHESSINGTON SOUTH - EARLSFIELD,P62123,2134,stop,2026-04-14,21:39:00,,
EARLSFIELD - DORKING,P61082,2102,stop,2026-04-12,21:41:00,,
EARLSFIELD - CHESSINGTON SOUTH,P62115,2117,stop,2026-04-25,21:43:00,,
EARLSFIELD - CHESSINGTON SOUTH,P62114,2117,stop,2026-04-27,21:43:00,,
EARLSFIELD - CHESSINGTON SOUTH,P62115,2117,stop,2026-04-04,21:43:00,,
EARLSFIELD - CHESSINGTON SOUTH,P62114,2117,stop,2026-04-03,21:43:00,,
EARLSFIELD - CHESSINGTON SOUTH,P62114,2117,stop,2026-04-10,21:43:00,,
EARLSFIELD - CHESSINGTON SOUTH,P62114,2117,stop,2026-04-23,21:43:00,,
EARLSFIELD - CHESSINGTON SOUTH,P62114,2117,stop,2026-04-24,21:43:00,,
EARLSFIELD - CHESSINGTON SOUTH,P62115,2117,stop,2026-04-11,21:43:00,,
EARLSFIELD - CHESSINGTON SOUTH,P62114,2117,stop,2026-04-01,21:43:00,,
EARLSFIELD - CHESSINGTON SOUTH,P62114,2117,stop,2026-04-02,21:43:00,,
EARLSFIELD - CHESSINGTON SOUTH,P62114,2117,stop,2026-04-17,21:43:00,,
EARLSFIELD - CHESSINGTON SOUTH,P62115,2117,stop,2026-04-18,21:43:00,,
EARLSFIELD - CHESSINGTON SOUTH,P62114,2117,stop,2026-04-09,21:43:00,,
EARLSFIELD - CHESSINGTON SOUTH,Q38268,2117,stop,2026-04-03,21:43:00,,
EARLSFIELD - CHESSINGTON SOUTH,P62114,2117,stop,2026-04-16,21:43:00,,
EARLSFIELD - CHESSINGTON SOUTH,P62114,2117,stop,2026-04-20,21:43:00,,
EARLSFIELD - CHESSINGTON SOUTH,P62114,2117,stop,2026-04-08,21:43:00,,
EARLSFIELD - CHESSINGTON SOUTH,P62114,2117,stop,2026-04-21,21:43:00,,
EARLSFIELD - CHESSINGTON SOUTH,P62114,2117,stop,2026-04-07,21:43:00,,
EARLSFIELD - CHESSINGTON SOUTH,P62114,2117,stop,2026-04-22,21:43:00,,
EARLSFIELD - CHESSINGTON SOUTH,P62114,2117,stop,2026-04-30,21:43:00,,
EARLSFIELD - CHESSINGTON SOUTH,P62114,2117,stop,2026-04-13,21:43:00,,
EARLSFIELD - CHESSINGTON SOUTH,P62114,2117,stop,2026-04-15,21:43:00,,
EARLSFIELD - CHESSINGTON SOUTH,P62114,2117,stop,2026-04-28,21:43:00,,
DORKING - MITCHAM EASTFIELDS (2),P26764,2146,stop,2026-04-18,21:46:00,,
GUILDFORD - EARLSFIELD,L74311,2120,stop,2026-04-19,21:45:00,,
GUILDFORD - EARLSFIELD,L74311,2120,stop,2026-04-26,21:45:00,,
GUILDFORD - EARLSFIELD,L74311,2120,stop,2026-04-12,21:45:00,,
GUILDFORD - EARLSFIELD,L74311,2120,stop,2026-04-05,21:45:00,,
EARLSFIELD - CHESSINGTON SOUTH,P62114,2117,stop,2026-04-06,21:43:00,,
EARLSFIELD - CHESSINGTON SOUTH,P62114,2117,stop,2026-04-14,21:43:00,,
EARLSFIELD - CHESSINGTON SOUTH,Q48337,2117,stop,2026-04-06,21:43:00,,
EARLSFIELD - CHESSINGTON SOUTH,P62114,2117,stop,2026-04-29,21:43:00,,
DORKING - BALHAM (2),X00978,2146,stop,2026-04-06,21:46:00,,
DORKING - BALHAM (2),P26764,2146,stop,2026-04-11,21:46:00,,
DORKING - BALHAM (2),X93774,2146,stop,2026-04-03,21:46:00,,
DORKING - BALHAM (2),P26764,2146,stop,2026-04-25,21:46:00,,
DORKING - BALHAM (2),P26764,2146,stop,2026-04-04,21:46:00,,
EARLSFIELD - CHESSINGTON SOUTH,P62116,2121,stop,2026-04-26,21:47:00,,
EARLSFIELD - CHESSINGTON SOUTH,P62116,2121,stop,2026-04-19,21:47:00,,
EARLSFIELD - CHESSINGTON SOUTH,P62116,2121,stop,2026-04-12,21:47:00,,
EARLSFIELD - DORKING,P61080,2123,stop,2026-04-09,21:48:00,,
EARLSFIELD - DORKING,P61081,2123,stop,2026-04-11,21:48:00,,
EARLSFIELD - DORKING,P61080,2123,stop,2026-04-14,21:48:00,,
EARLSFIELD - DORKING,P61080,2123,stop,2026-04-07,21:48:00,,
EARLSFIELD - DORKING,P61080,2123,stop,2026-04-10,21:48:00,,
EARLSFIELD - DORKING,P61080,2123,stop,2026-04-16,21:48:00,,
EARLSFIELD - DORKING,P61081,2123,stop,2026-04-18,21:48:00,,
EARLSFIELD - DORKING,P61080,2123,stop,2026-04-08,21:48:00,,
EARLSFIELD - DORKING,P61080,2123,stop,2026-04-15,21:48:00,,
EARLSFIELD - DORKING,P61080,2123,stop,2026-04-17,21:48:00,,
EARLSFIELD - DORKING,Q48328,2123,stop,2026-04-06,21:48:00,,
EARLSFIELD - DORKING,P61081,2123,stop,2026-04-04,21:48:00,,
EARLSFIELD - DORKING,P61080,2123,stop,2026-04-29,21:48:00,,
EARLSFIELD - DORKING,P61080,2123,stop,2026-04-27,21:48:00,,
EARLSFIELD - DORKING,P61080,2123,stop,2026-04-24,21:48:00,,
EARLSFIELD - DORKING,P61080,2123,stop,2026-04-21,21:48:00,,
EARLSFIELD - DORKING,P61080,2123,stop,2026-04-02,21:48:00,,
EARLSFIELD - DORKING,P61080,2123,stop,2026-04-01,21:48:00,,
EARLSFIELD - DORKING,P61080,2123,stop,2026-04-03,21:48:00,,
EARLSFIELD - DORKING,Q38265,2123,stop,2026-04-03,21:48:00,,
EARLSFIELD - DORKING,P61080,2123,stop,2026-04-23,21:48:00,,
EARLSFIELD - DORKING,P61080,2123,stop,2026-04-28,21:48:00,,
EARLSFIELD - DORKING,P61080,2123,stop,2026-04-06,21:48:00,,
EARLSFIELD - DORKING,P61080,2123,stop,2026-04-13,21:48:00,,
EARLSFIELD - CHESSINGTON SOUTH,P62116,2124,stop,2026-04-05,21:50:00,,
DORKING - WORCESTER PARK,Q54823,2150,stop,2026-04-12,21:50:00,,
EARLSFIELD - DORKING,P61080,2123,stop,2026-04-30,21:48:00,,
EARLSFIELD - DORKING,P61080,2123,stop,2026-04-22,21:48:00,,
EARLSFIELD - DORKING,P61081,2123,stop,2026-04-25,21:48:00,,
EARLSFIELD - DORKING,P61080,2123,stop,2026-04-20,21:48:00,,
BALHAM - DORKING (3),P26756,2108,stop,2026-04-12,21:56:00,,
BALHAM - DORKING (3),P26756,2108,stop,2026-04-26,21:56:00,,
BALHAM - DORKING,P26754,2111,stop,2026-04-20,21:57:00,,
BALHAM - DORKING,P26754,2111,stop,2026-04-16,21:57:00,,
BALHAM - DORKING,P26754,2111,stop,2026-04-09,21:57:00,,
BALHAM - DORKING,P26754,2111,stop,2026-04-07,21:57:00,,
BALHAM - DORKING,P26754,2111,stop,2026-04-14,21:57:00,,
BALHAM - DORKING,P26754,2111,stop,2026-04-24,21:57:00,,
BALHAM - DORKING,P26754,2111,stop,2026-04-02,21:57:00,,
BALHAM - DORKING,P26754,2111,stop,2026-04-23,21:57:00,,
BALHAM - DORKING,P26754,2111,stop,2026-04-10,21:57:00,,
BALHAM - DORKING,P26754,2111,stop,2026-04-03,21:57:00,,
BALHAM - DORKING,P26754,2111,stop,2026-04-22,21:57:00,,
BALHAM - DORKING,P26754,2111,stop,2026-04-15,21:57:00,,
BALHAM - DORKING,P26754,2111,stop,2026-04-27,21:57:00,,
BALHAM - DORKING,P26754,2111,stop,2026-04-01,21:57:00,,
BALHAM - DORKING,P26754,2111,stop,2026-04-06,21:57:00,,
MITCHAM EASTFIELDS - DORKING,P26756,2108,stop,2026-04-19,21:56:00,,
EARLSFIELD - GUILDFORD (2),P61628,2132,stop,2026-04-19,21:58:00,,
BALHAM - DORKING,P26754,2111,stop,2026-04-17,21:57:00,,
BALHAM - DORKING,P26754,2111,stop,2026-04-08,21:57:00,,
BALHAM - DORKING,P26754,2111,stop,2026-04-30,21:57:00,,
BALHAM - DORKING,P26754,2111,stop,2026-04-29,21:57:00,,
BALHAM - DORKING,P26754,2111,stop,2026-04-21,21:57:00,,
BALHAM - DORKING,P26754,2111,stop,2026-04-13,21:57:00,,
BALHAM - DORKING,P26754,2111,stop,2026-04-28,21:57:00,,
EARLSFIELD - GUILDFORD (2),P61628,2132,stop,2026-04-26,21:58:00,,
BALHAM - DORKING (2),X93818,2111,stop,2026-04-03,21:59:00,,
BALHAM - DORKING (2),X00975,2111,stop,2026-04-06,21:59:00,,
BALHAM - DORKING (2),P26755,2111,stop,2026-04-11,21:59:00,,
BALHAM - DORKING (2),P26755,2111,stop,2026-04-25,21:59:00,,
BALHAM - DORKING (2),P26755,2111,stop,2026-04-04,21:59:00,,
EARLSFIELD - GUILDFORD (2),P61628,2132,stop,2026-04-05,21:58:00,,
BALHAM - DORKING (6),P26756,2108,stop,2026-04-05,22:00:00,,
WORCESTER PARK - EARLSFIELD,L74311,2202,stop,2026-04-12,22:02:00,,
DORKING - SUTTON (SURREY),X04869,2203,stop,2026-04-12,22:03:00,,
WORCESTER PARK - DORKING,Q54861,2205,stop,2026-04-12,22:05:00,,
CHESSINGTON SOUTH - EARLSFIELD,L75872,2204,stop,2026-04-01,22:09:00,,
MITCHAM EASTFIELDS - DORKING (2),P26755,2120,stop,2026-04-18,22:09:00,,
CHESSINGTON SOUTH - EARLSFIELD,L75872,2204,stop,2026-04-14,22:09:00,,
CHESSINGTON SOUTH - EARLSFIELD,L75872,2204,stop,2026-04-24,22:09:00,,
CHESSINGTON SOUTH - EARLSFIELD,L75873,2204,stop,2026-04-25,22:09:00,,
CHESSINGTON SOUTH - EARLSFIELD,L75872,2204,stop,2026-04-06,22:09:00,,
CHESSINGTON SOUTH - EARLSFIELD,Q48236,2204,stop,2026-04-06,22:09:00,,
CHESSINGTON SOUTH - EARLSFIELD,L75872,2204,stop,2026-04-09,22:09:00,,
CHESSINGTON SOUTH - EARLSFIELD,L75872,2204,stop,2026-04-23,22:09:00,,
DORKING - EARLSFIELD,P61091,2207,stop,2026-04-05,22:07:00,,
DORKING - EARLSFIELD,P61091,2207,stop,2026-04-26,22:07:00,,
DORKING - EARLSFIELD,P61091,2207,stop,2026-04-12,22:07:00,,
DORKING - EARLSFIELD,P61091,2207,stop,2026-04-19,22:07:00,,
CHESSINGTON SOUTH - EARLSFIELD,L75872,2204,stop,2026-04-07,22:09:00,,
CHESSINGTON SOUTH - EARLSFIELD,L75872,2204,stop,2026-04-10,22:09:00,,
CHESSINGTON SOUTH - EARLSFIELD,L75872,2204,stop,2026-04-28,22:09:00,,
CHESSINGTON SOUTH - EARLSFIELD,L75872,2204,stop,2026-04-16,22:09:00,,
CHESSINGTON SOUTH - EARLSFIELD,L75872,2204,stop,2026-04-08,22:09:00,,
CHESSINGTON SOUTH - EARLSFIELD,L75872,2204,stop,2026-04-02,22:09:00,,
CHESSINGTON SOUTH - EARLSFIELD,L75873,2204,stop,2026-04-18,22:09:00,,
CHESSINGTON SOUTH - EARLSFIELD,L75872,2204,stop,2026-04-22,22:09:00,,
CHESSINGTON SOUTH - EARLSFIELD,L75872,2204,stop,2026-04-21,22:09:00,,
CHESSINGTON SOUTH - EARLSFIELD,L75872,2204,stop,2026-04-03,22:09:00,,
CHESSINGTON SOUTH - EARLSFIELD,Q88741,2204,stop,2026-04-03,22:09:00,,
CHESSINGTON SOUTH - EARLSFIELD,L75872,2204,stop,2026-04-15,22:09:00,,
CHESSINGTON SOUTH - EARLSFIELD,L75873,2204,stop,2026-04-04,22:09:00,,
CHESSINGTON SOUTH - EARLSFIELD,L75872,2204,stop,2026-04-20,22:09:00,,
CHESSINGTON SOUTH - EARLSFIELD,L75872,2204,stop,2026-04-27,22:09:00,,
CHESSINGTON SOUTH - EARLSFIELD,L75873,2204,stop,2026-04-11,22:09:00,,
GUILDFORD - EARLSFIELD,P61633,2145,stop,2026-04-08,22:10:00,,
GUILDFORD - EARLSFIELD,Q48279,2145,stop,2026-04-06,22:10:00,,
GUILDFORD - EARLSFIELD,P61633,2145,stop,2026-04-06,22:10:00,,
GUILDFORD - EARLSFIELD,L74316,2145,stop,2026-04-04,22:10:00,,
GUILDFORD - EARLSFIELD,P61633,2145,stop,2026-04-29,22:10:00,,
GUILDFORD - EARLSFIELD,P61633,2145,stop,2026-04-22,22:10:00,,
GUILDFORD - EARLSFIELD,L74316,2145,stop,2026-04-11,22:10:00,,
GUILDFORD - EARLSFIELD,P61633,2145,stop,2026-04-24,22:10:00,,
GUILDFORD - EARLSFIELD,P61633,2145,stop,2026-04-01,22:10:00,,
GUILDFORD - EARLSFIELD,P61633,2145,stop,2026-04-10,22:10:00,,
CHESSINGTON SOUTH - EARLSFIELD,L75872,2204,stop,2026-04-17,22:09:00,,
CHESSINGTON SOUTH - EARLSFIELD,L75872,2204,stop,2026-04-29,22:09:00,,
CHESSINGTON SOUTH - EARLSFIELD,L75872,2204,stop,2026-04-13,22:09:00,,
CHESSINGTON SOUTH - EARLSFIELD,L75872,2204,stop,2026-04-30,22:09:00,,
GUILDFORD - EARLSFIELD,P61633,2145,stop,2026-04-02,22:10:00,,
GUILDFORD - EARLSFIELD,P61633,2145,stop,2026-04-16,22:10:00,,
GUILDFORD - EARLSFIELD,P61633,2145,stop,2026-04-15,22:10:00,,
GUILDFORD - EARLSFIELD,P61633,2145,stop,2026-04-14,22:10:00,,
GUILDFORD - EARLSFIELD,Q38246,2145,stop,2026-04-03,22:10:00,,
GUILDFORD - EARLSFIELD,P61633,2145,stop,2026-04-17,22:10:00,,
GUILDFORD - EARLSFIELD,L74316,2145,stop,2026-04-18,22:10:00,,
GUILDFORD - EARLSFIELD,P61633,2145,stop,2026-04-07,22:10:00,,
GUILDFORD - EARLSFIELD,P61633,2145,stop,2026-04-09,22:10:00,,
GUILDFORD - EARLSFIELD,P61633,2145,stop,2026-04-30,22:10:00,,
GUILDFORD - EARLSFIELD,P61633,2145,stop,2026-04-20,22:10:00,,
GUILDFORD - EARLSFIELD,P61633,2145,stop,2026-04-21,22:10:00,,
GUILDFORD - EARLSFIELD,P61633,2145,stop,2026-04-28,22:10:00,,
GUILDFORD - EARLSFIELD,P61633,2145,stop,2026-04-23,22:10:00,,
GUILDFORD - EARLSFIELD,P61633,2145,stop,2026-04-03,22:10:00,,
GUILDFORD - EARLSFIELD,P61633,2145,stop,2026-04-27,22:10:00,,
GUILDFORD - EARLSFIELD,L74316,2145,stop,2026-04-25,22:10:00,,
GUILDFORD - EARLSFIELD,P61633,2145,stop,2026-04-13,22:10:00,,
EARLSFIELD - GUILDFORD (2),P61628,2132,stop,2026-04-12,22:11:00,,
EARLSFIELD - CHESSINGTON SOUTH,P62117,2147,stop,2026-04-13,22:13:00,,
EARLSFIELD - CHESSINGTON SOUTH,P62117,2147,stop,2026-04-14,22:13:00,,
EARLSFIELD - CHESSINGTON SOUTH,P62117,2147,stop,2026-04-15,22:13:00,,
EARLSFIELD - CHESSINGTON SOUTH,P62118,2147,stop,2026-04-18,22:13:00,,
EARLSFIELD - CHESSINGTON SOUTH,P62117,2147,stop,2026-04-28,22:13:00,,
EARLSFIELD - CHESSINGTON SOUTH,P62117,2147,stop,2026-04-17,22:13:00,,
EARLSFIELD - CHESSINGTON SOUTH,P62117,2147,stop,2026-04-16,22:13:00,,
EARLSFIELD - CHESSINGTON SOUTH,P62118,2147,stop,2026-04-11,22:13:00,,
DORKING - BALHAM (4),P26771,2212,stop,2026-04-12,22:12:00,,
DORKING - BALHAM (4),P26771,2212,stop,2026-04-26,22:12:00,,
DORKING - MITCHAM EASTFIELDS,P26771,2212,stop,2026-04-19,22:12:00,,
EARLSFIELD - CHESSINGTON SOUTH,P62118,2147,stop,2026-04-04,22:13:00,,
EARLSFIELD - CHESSINGTON SOUTH,P62118,2147,stop,2026-04-25,22:13:00,,
EARLSFIELD - CHESSINGTON SOUTH,P62117,2147,stop,2026-04-01,22:13:00,,
EARLSFIELD - CHESSINGTON SOUTH,P62117,2147,stop,2026-04-06,22:13:00,,
EARLSFIELD - CHESSINGTON SOUTH,Q48273,2147,stop,2026-04-06,22:13:00,,
EARLSFIELD - CHESSINGTON SOUTH,P62117,2147,stop,2026-04-24,22:13:00,,
EARLSFIELD - CHESSINGTON SOUTH,P62117,2147,stop,2026-04-20,22:13:00,,
EARLSFIELD - CHESSINGTON SOUTH,P62117,2147,stop,2026-04-21,22:13:00,,
EARLSFIELD - CHESSINGTON SOUTH,P62117,2147,stop,2026-04-07,22:13:00,,
EARLSFIELD - CHESSINGTON SOUTH,P62117,2147,stop,2026-04-30,22:13:00,,
EARLSFIELD - CHESSINGTON SOUTH,Q88742,2147,stop,2026-04-03,22:13:00,,
EARLSFIELD - CHESSINGTON SOUTH,P62117,2147,stop,2026-04-03,22:13:00,,
EARLSFIELD - CHESSINGTON SOUTH,P62117,2147,stop,2026-04-27,22:13:00,,
EARLSFIELD - CHESSINGTON SOUTH,P62117,2147,stop,2026-04-29,22:13:00,,
EARLSFIELD - CHESSINGTON SOUTH,P62117,2147,stop,2026-04-02,22:13:00,,
CHESSINGTON SOUTH - EARLSFIELD,L75874,2209,stop,2026-04-19,22:14:00,,
CHESSINGTON SOUTH - EARLSFIELD,L75874,2209,stop,2026-04-05,22:14:00,,
CHESSINGTON SOUTH - EARLSFIELD,L75874,2209,stop,2026-04-12,22:14:00,,
CHESSINGTON SOUTH - EARLSFIELD,L75874,2209,stop,2026-04-26,22:14:00,,
EARLSFIELD - CHESSINGTON SOUTH,P62117,2147,stop,2026-04-09,22:13:00,,
EARLSFIELD - CHESSINGTON SOUTH,P62117,2147,stop,2026-04-23,22:13:00,,
EARLSFIELD - CHESSINGTON SOUTH,P62117,2147,stop,2026-04-08,22:13:00,,
EARLSFIELD - CHESSINGTON SOUTH,P62117,2147,stop,2026-04-22,22:13:00,,
EARLSFIELD - CHESSINGTON SOUTH,P62117,2147,stop,2026-04-10,22:13:00,,
DORKING - BALHAM,X93688,2216,stop,2026-04-03,22:16:00,,
DORKING - MITCHAM EASTFIELDS,P26770,2216,stop,2026-04-18,22:16:00,,
DORKING - BALHAM,X00980,2216,stop,2026-04-06,22:16:00,,
DORKING - BALHAM,P26770,2216,stop,2026-04-11,22:16:00,,
DORKING - BALHAM,P26770,2216,stop,2026-04-04,22:16:00,,
DORKING - BALHAM (5),P26771,2216,stop,2026-04-05,22:16:00,,
DORKING - BALHAM,P26770,2216,stop,2026-04-25,22:16:00,,
DORKING - BALHAM (3),P26769,2217,stop,2026-04-22,22:17:00,,
DORKING - BALHAM (3),P26769,2217,stop,2026-04-21,22:17:00,,
DORKING - BALHAM (3),P26769,2217,stop,2026-04-16,22:17:00,,
DORKING - BALHAM (3),P26769,2217,stop,2026-04-17,22:17:00,,
DORKING - BALHAM (3),P26769,2217,stop,2026-04-01,22:17:00,,
DORKING - BALHAM (3),P26769,2217,stop,2026-04-14,22:17:00,,
DORKING - BALHAM (3),P26769,2217,stop,2026-04-30,22:17:00,,
DORKING - BALHAM (3),P26769,2217,stop,2026-04-08,22:17:00,,
DORKING - BALHAM (3),P26769,2217,stop,2026-04-09,22:17:00,,
DORKING - BALHAM (3),P26769,2217,stop,2026-04-03,22:17:00,,
DORKING - BALHAM (3),P26769,2217,stop,2026-04-10,22:17:00,,
DORKING - BALHAM (3),P26769,2217,stop,2026-04-07,22:17:00,,
DORKING - BALHAM (3),P26769,2217,stop,2026-04-02,22:17:00,,
EARLSFIELD - GUILDFORD (2),Q48259,2153,stop,2026-04-06,22:18:00,,
EARLSFIELD - GUILDFORD (2),P61626,2153,stop,2026-04-03,22:18:00,,
EARLSFIELD - GUILDFORD (2),P61626,2153,stop,2026-04-08,22:18:00,,
EARLSFIELD - GUILDFORD (2),P61626,2153,stop,2026-04-02,22:18:00,,
EARLSFIELD - GUILDFORD (2),P61626,2153,stop,2026-04-01,22:18:00,,
DORKING - BALHAM (3),P26769,2217,stop,2026-04-27,22:17:00,,
DORKING - BALHAM (3),P26769,2217,stop,2026-04-29,22:17:00,,
DORKING - BALHAM (3),P26769,2217,stop,2026-04-24,22:17:00,,
DORKING - BALHAM (3),P26769,2217,stop,2026-04-13,22:17:00,,
DORKING - BALHAM (3),P26769,2217,stop,2026-04-06,22:17:00,,
DORKING - BALHAM (3),P26769,2217,stop,2026-04-23,22:17:00,,
DORKING - BALHAM (3),P26769,2217,stop,2026-04-28,22:17:00,,
DORKING - BALHAM (3),P26769,2217,stop,2026-04-20,22:17:00,,
DORKING - BALHAM (3),P26769,2217,stop,2026-04-15,22:17:00,,
EARLSFIELD - GUILDFORD (2),P61626,2153,stop,2026-04-22,22:18:00,,
EARLSFIELD - GUILDFORD (2),P61626,2153,stop,2026-04-16,22:18:00,,
EARLSFIELD - GUILDFORD (2),P61626,2153,stop,2026-04-09,22:18:00,,
EARLSFIELD - GUILDFORD (2),P61626,2153,stop,2026-04-17,22:18:00,,
EARLSFIELD - GUILDFORD (2),P61627,2153,stop,2026-04-18,22:18:00,,
EARLSFIELD - GUILDFORD (2),P61626,2153,stop,2026-04-06,22:18:00,,
EARLSFIELD - GUILDFORD (2),P61626,2153,stop,2026-04-29,22:18:00,,
EARLSFIELD - GUILDFORD (2),P61626,2153,stop,2026-04-30,22:18:00,,
EARLSFIELD - GUILDFORD (2),P61627,2153,stop,2026-04-04,22:18:00,,
EARLSFIELD - GUILDFORD (2),P61626,2153,stop,2026-04-28,22:18:00,,
EARLSFIELD - GUILDFORD (2),Q38237,2153,stop,2026-04-03,22:18:00,,
EARLSFIELD - GUILDFORD (2),P61626,2153,stop,2026-04-07,22:18:00,,
EARLSFIELD - GUILDFORD (2),P61626,2153,stop,2026-04-27,22:18:00,,
EARLSFIELD - GUILDFORD (2),P61626,2153,stop,2026-04-10,22:18:00,,
EARLSFIELD - GUILDFORD (2),P61627,2153,stop,2026-04-25,22:18:00,,
EARLSFIELD - GUILDFORD (2),P61626,2153,stop,2026-04-23,22:18:00,,
EARLSFIELD - GUILDFORD (2),P61626,2153,stop,2026-04-21,22:18:00,,
EARLSFIELD - GUILDFORD (2),P61626,2153,stop,2026-04-20,22:18:00,,
EARLSFIELD - GUILDFORD (2),P61626,2153,stop,2026-04-15,22:18:00,,
EARLSFIELD - GUILDFORD (2),P61626,2153,stop,2026-04-13,22:18:00,,
EARLSFIELD - GUILDFORD (2),P61627,2153,stop,2026-04-11,22:18:00,,
EARLSFIELD - GUILDFORD (2),P61626,2153,stop,2026-04-24,22:18:00,,
EARLSFIELD - GUILDFORD (2),P61626,2153,stop,2026-04-14,22:18:00,,
EARLSFIELD - DORKING,P61088,2202,stop,2026-04-05,22:27:00,,
EARLSFIELD - DORKING,P61088,2202,stop,2026-04-19,22:27:00,,
EARLSFIELD - DORKING,P61088,2202,stop,2026-04-26,22:27:00,,
BALHAM - HORSHAM,P26760,2141,stop,2026-04-16,22:29:00,,
BALHAM - HORSHAM,P26760,2141,stop,2026-04-21,22:29:00,,
BALHAM - HORSHAM,P26760,2141,stop,2026-04-27,22:29:00,,
BALHAM - HORSHAM,P26760,2141,stop,2026-04-24,22:29:00,,
BALHAM - DORKING (3),P26761,2141,stop,2026-04-25,22:29:00,,
BALHAM - HORSHAM,P26760,2141,stop,2026-04-13,22:29:00,,
BALHAM - DORKING (3),P26761,2141,stop,2026-04-04,22:29:00,,
BALHAM - HORSHAM,P26760,2141,stop,2026-04-07,22:29:00,,
BALHAM - DORKING (3),X93781,2141,stop,2026-04-03,22:29:00,,
BALHAM - HORSHAM,P26760,2141,stop,2026-04-03,22:29:00,,
BALHAM - HORSHAM,P26760,2141,stop,2026-04-08,22:29:00,,
BALHAM - DORKING (3),X00977,2141,stop,2026-04-06,22:29:00,,
BALHAM - HORSHAM,P26760,2141,stop,2026-04-06,22:29:00,,
DORKING - DORKING,X05871,2226,pass,2026-04-18,22:31:00,,
EPSOM - EPSOM,G71930,2225,pass,2026-04-12,22:31:00,,
BALHAM - HORSHAM,P26760,2141,stop,2026-04-02,22:29:00,,
BALHAM - HORSHAM,P26760,2141,stop,2026-04-23,22:29:00,,
BALHAM - HORSHAM,P26760,2141,stop,2026-04-14,22:29:00,,
BALHAM - HORSHAM,P26760,2141,stop,2026-04-30,22:29:00,,
BALHAM - HORSHAM,P26760,2141,stop,2026-04-10,22:29:00,,
BALHAM - HORSHAM,P26760,2141,stop,2026-04-22,22:29:00,,
BALHAM - HORSHAM,P26760,2141,stop,2026-04-01,22:29:00,,
BALHAM - HORSHAM,P26760,2141,stop,2026-04-15,22:29:00,,
BALHAM - HORSHAM,P26760,2141,stop,2026-04-29,22:29:00,,
BALHAM - HORSHAM,P26760,2141,stop,2026-04-28,22:29:00,,
BALHAM - HORSHAM,P26760,2142,stop,2026-04-17,22:29:00,,
BALHAM - HORSHAM,P26760,2141,stop,2026-04-20,22:29:00,,
BALHAM - DORKING (3),P26761,2141,stop,2026-04-11,22:29:00,,
BALHAM - HORSHAM,P26760,2141,stop,2026-04-09,22:29:00,,
DORKING - EARLSFIELD,P61095,2232,stop,2026-04-09,22:32:00,,
DORKING - EARLSFIELD,P61095,2232,stop,2026-04-22,22:32:00,,
DORKING - EARLSFIELD,P61095,2232,stop,2026-04-21,22:32:00,,
SUTTON (SURREY) - DORKING,X04907,2155,stop,2026-04-12,22:32:00,,
DORKING - EARLSFIELD,P61095,2232,stop,2026-04-23,22:32:00,,
EPSOM - EPSOM,G71930,2225,pass,2026-04-26,22:31:00,,
EPSOM - EPSOM,G71930,2225,pass,2026-04-19,22:31:00,,
WORCESTER PARK - EARLSFIELD,P61091,2232,stop,2026-04-12,22:32:00,,
DORKING - EARLSFIELD,P61097,2232,stop,2026-04-18,22:32:00,,
DORKING - EARLSFIELD,P61095,2232,stop,2026-04-13,22:32:00,,
DORKING - EARLSFIELD,P61096,2232,stop,2026-04-17,22:32:00,,
DORKING - EARLSFIELD,P61095,2232,stop,2026-04-16,22:32:00,,
DORKING - EARLSFIELD,P61096,2232,stop,2026-04-10,22:32:00,,
DORKING - EARLSFIELD,P61097,2232,stop,2026-04-25,22:32:00,,
DORKING - EARLSFIELD,P61096,2232,stop,2026-04-24,22:32:00,,
DORKING - EARLSFIELD,P61095,2232,stop,2026-04-20,22:32:00,,
DORKING - EARLSFIELD,P61095,2232,stop,2026-04-14,22:32:00,,
DORKING - EARLSFIELD,P61095,2232,stop,2026-04-08,22:32:00,,
DORKING - EARLSFIELD,P61095,2232,stop,2026-04-07,22:32:00,,
DORKING - EARLSFIELD,Q48194,2232,stop,2026-04-06,22:32:00,,
DORKING - EARLSFIELD,P61095,2232,stop,2026-04-06,22:32:00,,
DORKING - EARLSFIELD,P61097,2232,stop,2026-04-04,22:32:00,,
DORKING - EARLSFIELD,P61095,2232,stop,2026-04-27,22:32:00,,
DORKING - EARLSFIELD,P61095,2232,stop,2026-04-02,22:32:00,,
DORKING - EARLSFIELD,P61095,2232,stop,2026-04-15,22:32:00,,
DORKING - EARLSFIELD,P61095,2232,stop,2026-04-01,22:32:00,,
DORKING - EARLSFIELD,Q38212,2232,stop,2026-04-03,22:32:00,,
DORKING - EARLSFIELD,P61095,2232,stop,2026-04-29,22:35:00,,
DORKING - EARLSFIELD,P61095,2232,stop,2026-04-28,22:35:00,,
DORKING - EARLSFIELD,P61095,2232,stop,2026-04-30,22:35:00,,
DORKING - EARLSFIELD,P61096,2232,stop,2026-04-03,22:32:00,,
DORKING - EARLSFIELD,P61097,2232,stop,2026-04-11,22:32:00,,
EFFINGHAM JUNCTION - WORCESTER PARK,Q54759,2215,stop,2026-04-12,22:35:00,,
WORCESTER PARK - EFFINGHAM JUNCTION,Q54792,2235,stop,2026-04-12,22:35:00,,
EPSOM - EPSOM,G71930,2229,pass,2026-04-05,22:35:00,,
WORCESTER PARK - DORKING,Q54854,2236,stop,2026-04-12,22:36:00,,
CHESSINGTON SOUTH - EARLSFIELD,Q48185,2234,stop,2026-04-06,22:39:00,,
CHESSINGTON SOUTH - EARLSFIELD,L75877,2234,stop,2026-04-25,22:39:00,,
CHESSINGTON SOUTH - EARLSFIELD,L75877,2234,stop,2026-04-18,22:39:00,,
CHESSINGTON SOUTH - EARLSFIELD,L75877,2234,stop,2026-04-04,22:39:00,,
CHESSINGTON SOUTH - EARLSFIELD,Q38207,2234,stop,2026-04-03,22:39:00,,
CHESSINGTON SOUTH - EARLSFIELD,L75877,2234,stop,2026-04-11,22:39:00,,
MITCHAM EASTFIELDS - DORKING,P26761,2150,stop,2026-04-18,22:38:00,,
DORKING - SUTTON (SURREY),X04868,2237,stop,2026-04-12,22:37:00,,
CHESSINGTON SOUTH - EARLSFIELD,P62128,2238,stop,2026-04-23,22:43:00,,
EARLSFIELD - CHESSINGTON SOUTH,P62121,2217,stop,2026-04-04,22:43:00,,
EARLSFIELD - CHESSINGTON SOUTH,P62120,2217,stop,2026-04-28,22:43:00,,
EARLSFIELD - DORKING,P61088,2202,stop,2026-04-12,22:41:00,,
CHESSINGTON SOUTH - EARLSFIELD,P62128,2238,stop,2026-04-16,22:43:00,,
CHESSINGTON SOUTH - EARLSFIELD,P62128,2238,stop,2026-04-30,22:43:00,,
CHESSINGTON SOUTH - EARLSFIELD,P62128,2238,stop,2026-04-29,22:43:00,,
CHESSINGTON SOUTH - EARLSFIELD,P62128,2238,stop,2026-04-06,22:43:00,,
EARLSFIELD - CHESSINGTON SOUTH,P62120,2217,stop,2026-04-10,22:43:00,,
EARLSFIELD - CHESSINGTON SOUTH,P62120,2217,stop,2026-04-23,22:43:00,,
CHESSINGTON SOUTH - EARLSFIELD,P62128,2238,stop,2026-04-02,22:43:00,,
CHESSINGTON SOUTH - EARLSFIELD,P62128,2238,stop,2026-04-01,22:43:00,,
EARLSFIELD - CHESSINGTON SOUTH,P62120,2217,stop,2026-04-30,22:43:00,,
EARLSFIELD - CHESSINGTON SOUTH,P62120,2217,stop,2026-04-24,22:43:00,,
EARLSFIELD - CHESSINGTON SOUTH,P62120,2217,stop,2026-04-29,22:43:00,,
CHESSINGTON SOUTH - EARLSFIELD,P62128,2238,stop,2026-04-22,22:43:00,,
CHESSINGTON SOUTH - EARLSFIELD,P62128,2238,stop,2026-04-03,22:43:00,,
EARLSFIELD - CHESSINGTON SOUTH,P62120,2217,stop,2026-04-27,22:43:00,,
EARLSFIELD - CHESSINGTON SOUTH,P62121,2217,stop,2026-04-25,22:43:00,,
CHESSINGTON SOUTH - EARLSFIELD,P62128,2238,stop,2026-04-21,22:43:00,,
EARLSFIELD - CHESSINGTON SOUTH,P62121,2217,stop,2026-04-18,22:43:00,,
EARLSFIELD - CHESSINGTON SOUTH,P62120,2217,stop,2026-04-17,22:43:00,,
CHESSINGTON SOUTH - EARLSFIELD,P62128,2238,stop,2026-04-10,22:43:00,,
EARLSFIELD - CHESSINGTON SOUTH,P62120,2217,stop,2026-04-16,22:43:00,,
EARLSFIELD - CHESSINGTON SOUTH,P62120,2217,stop,2026-04-08,22:43:00,,
CHESSINGTON SOUTH - EARLSFIELD,P62128,2238,stop,2026-04-27,22:43:00,,
EARLSFIELD - CHESSINGTON SOUTH,P62120,2217,stop,2026-04-15,22:43:00,,
CHESSINGTON SOUTH - EARLSFIELD,P62128,2238,stop,2026-04-13,22:43:00,,
EARLSFIELD - CHESSINGTON SOUTH,P62120,2217,stop,2026-04-14,22:43:00,,
CHESSINGTON SOUTH - EARLSFIELD,P62128,2238,stop,2026-04-14,22:43:00,,
EARLSFIELD - CHESSINGTON SOUTH,P62120,2217,stop,2026-04-09,22:43:00,,
EARLSFIELD - CHESSINGTON SOUTH,P62120,2217,stop,2026-04-13,22:43:00,,
CHESSINGTON SOUTH - EARLSFIELD,P62128,2238,stop,2026-04-15,22:43:00,,
EARLSFIELD - CHESSINGTON SOUTH,P62121,2217,stop,2026-04-11,22:43:00,,
CHESSINGTON SOUTH - EARLSFIELD,P62128,2238,stop,2026-04-28,22:43:00,,
CHESSINGTON SOUTH - EARLSFIELD,P62128,2238,stop,2026-04-17,22:43:00,,
CHESSINGTON SOUTH - EARLSFIELD,P62128,2238,stop,2026-04-24,22:43:00,,
CHESSINGTON SOUTH - EARLSFIELD,P62128,2238,stop,2026-04-08,22:43:00,,
EARLSFIELD - CHESSINGTON SOUTH,P62120,2217,stop,2026-04-22,22:43:00,,
EARLSFIELD - CHESSINGTON SOUTH,P62120,2217,stop,2026-04-21,22:43:00,,
EARLSFIELD - CHESSINGTON SOUTH,P62120,2217,stop,2026-04-06,22:43:00,,
EARLSFIELD - CHESSINGTON SOUTH,P62120,2217,stop,2026-04-20,22:43:00,,
CHESSINGTON SOUTH - EARLSFIELD,P62128,2238,stop,2026-04-07,22:43:00,,
EARLSFIELD - CHESSINGTON SOUTH,Q48221,2217,stop,2026-04-06,22:43:00,,
CHESSINGTON SOUTH - EARLSFIELD,P62128,2238,stop,2026-04-09,22:43:00,,
CHESSINGTON SOUTH - EARLSFIELD,P62128,2238,stop,2026-04-20,22:43:00,,
EARLSFIELD - CHESSINGTON SOUTH,P62120,2217,stop,2026-04-07,22:43:00,,
EARLSFIELD - CHESSINGTON SOUTH,P62120,2217,stop,2026-04-01,22:43:00,,
EARLSFIELD - CHESSINGTON SOUTH,P62120,2217,stop,2026-04-02,22:43:00,,
EARLSFIELD - CHESSINGTON SOUTH,Q38223,2217,stop,2026-04-03,22:43:00,,
EARLSFIELD - CHESSINGTON SOUTH,P62120,2217,stop,2026-04-03,22:43:00,,
GUILDFORD - EARLSFIELD,P61635,2220,stop,2026-04-19,22:45:00,,
GUILDFORD - EARLSFIELD,P61635,2220,stop,2026-04-05,22:45:00,,
GUILDFORD - EARLSFIELD,P61635,2220,stop,2026-04-26,22:45:00,,
GUILDFORD - EARLSFIELD,P61635,2220,stop,2026-04-12,22:45:00,,
EARLSFIELD - CHESSINGTON SOUTH,P62122,2221,stop,2026-04-26,22:47:00,,
EARLSFIELD - CHESSINGTON SOUTH,P62122,2221,stop,2026-04-12,22:47:00,,
EARLSFIELD - CHESSINGTON SOUTH,P62122,2221,stop,2026-04-19,22:47:00,,
EARLSFIELD - DORKING,Q38219,2223,stop,2026-04-03,22:48:00,,
EARLSFIELD - DORKING,P61086,2223,stop,2026-04-07,22:48:00,,
EARLSFIELD - DORKING,Q48213,2223,stop,2026-04-06,22:48:00,,
EARLSFIELD - DORKING,P61086,2223,stop,2026-04-06,22:48:00,,
EARLSFIELD - DORKING,P61086,2223,stop,2026-04-08,22:48:00,,
EARLSFIELD - DORKING,P61086,2223,stop,2026-04-01,22:48:00,,
EARLSFIELD - DORKING,P61086,2223,stop,2026-04-09,22:48:00,,
EARLSFIELD - DORKING,P61086,2223,stop,2026-04-10,22:48:00,,
EARLSFIELD - DORKING,P61086,2223,stop,2026-04-02,22:48:00,,
EARLSFIELD - DORKING,P61086,2223,stop,2026-04-03,22:48:00,,
EARLSFIELD - DORKING,P61087,2223,stop,2026-04-04,22:48:00,,
EARLSFIELD - DORKING,P61086,2223,stop,2026-04-21,22:48:00,,
EARLSFIELD - DORKING,P61086,2223,stop,2026-04-17,22:48:00,,
EARLSFIELD - DORKING,P61086,2223,stop,2026-04-22,22:48:00,,
EARLSFIELD - DORKING,P61086,2223,stop,2026-04-23,22:48:00,,
EARLSFIELD - DORKING,P61086,2223,stop,2026-04-16,22:48:00,,
EARLSFIELD - DORKING,P61086,2223,stop,2026-04-30,22:48:00,,
EARLSFIELD - DORKING,P61086,2223,stop,2026-04-13,22:48:00,,
EARLSFIELD - DORKING,P61086,2223,stop,2026-04-24,22:48:00,,
EARLSFIELD - DORKING,P61087,2223,stop,2026-04-25,22:48:00,,
EARLSFIELD - DORKING,P61086,2223,stop,2026-04-29,22:48:00,,
EARLSFIELD - DORKING,P61086,2223,stop,2026-04-28,22:48:00,,
EARLSFIELD - DORKING,P61086,2223,stop,2026-04-14,22:48:00,,
EARLSFIELD - DORKING,P61086,2223,stop,2026-04-20,22:48:00,,
EARLSFIELD - DORKING,P61087,2223,stop,2026-04-11,22:48:00,,
EARLSFIELD - DORKING,P61087,2223,stop,2026-04-18,22:48:00,,
EARLSFIELD - CHESSINGTON SOUTH,P62122,2224,stop,2026-04-05,22:50:00,,
EARLSFIELD - DORKING,P61086,2223,stop,2026-04-15,22:48:00,,
EARLSFIELD - DORKING,P61086,2223,stop,2026-04-27,22:48:00,,
BALHAM - DORKING,P26766,2211,stop,2026-04-14,22:57:00,,
BALHAM - DORKING,P26766,2211,stop,2026-04-29,22:57:00,,
BALHAM - DORKING,P26766,2211,stop,2026-04-21,22:57:00,,
BALHAM - DORKING,P26766,2211,stop,2026-04-22,22:57:00,,
BALHAM - DORKING,P26766,2211,stop,2026-04-06,22:57:00,,
BALHAM - DORKING,P26766,2211,stop,2026-04-10,22:57:00,,
BALHAM - DORKING,P26766,2211,stop,2026-04-30,22:57:00,,
BALHAM - DORKING,P26766,2211,stop,2026-04-13,22:57:00,,
BALHAM - DORKING,P26766,2211,stop,2026-04-03,22:57:00,,
BALHAM - DORKING,P26766,2211,stop,2026-04-07,22:57:00,,
BALHAM - DORKING,P26766,2211,stop,2026-04-23,22:57:00,,
BALHAM - DORKING,P26766,2211,stop,2026-04-16,22:57:00,,
BALHAM - DORKING,P26766,2211,stop,2026-04-09,22:57:00,,
BALHAM - DORKING,P26766,2211,stop,2026-04-02,22:57:00,,
BALHAM - DORKING,P26766,2211,stop,2026-04-15,22:57:00,,
BALHAM - DORKING,P26766,2211,stop,2026-04-01,22:57:00,,
BALHAM - DORKING,P26766,2211,stop,2026-04-27,22:57:00,,
BALHAM - DORKING,P26766,2211,stop,2026-04-20,22:57:00,,
BALHAM - DORKING,P26766,2211,stop,2026-04-24,22:57:00,,
BALHAM - DORKING,P26766,2212,stop,2026-04-17,22:57:00,,
BALHAM - DORKING,P26766,2211,stop,2026-04-08,22:57:00,,
BALHAM - DORKING,P26766,2211,stop,2026-04-28,22:57:00,,
EARLSFIELD - GUILDFORD (2),P61632,2232,stop,2026-04-05,22:58:00,,
BALHAM - DORKING (2),P26767,2211,stop,2026-04-04,22:59:00,,
BALHAM - DORKING (2),X93697,2211,stop,2026-04-03,22:59:00,,
BALHAM - DORKING (2),P26767,2211,stop,2026-04-11,22:59:00,,
BALHAM - DORKING (2),X00979,2211,stop,2026-04-06,22:59:00,,
BALHAM - DORKING (3),P26768,2211,stop,2026-04-12,22:59:00,,
BALHAM - DORKING (3),P26768,2211,stop,2026-04-26,22:59:00,,
BALHAM - DORKING (2),P26767,2211,stop,2026-04-25,22:59:00,,
EARLSFIELD - GUILDFORD (2),P61632,2232,stop,2026-04-26,22:58:00,,
EARLSFIELD - GUILDFORD (2),P61632,2232,stop,2026-04-19,22:58:00,,
BALHAM - DORKING (6),P26768,2211,stop,2026-04-05,23:00:00,,
MITCHAM EASTFIELDS - DORKING,P26768,2208,stop,2026-04-19,22:59:00,,
WORCESTER PARK - EARLSFIELD,P61635,2302,stop,2026-04-12,23:02:00,,
WORCESTER PARK - EFFINGHAM JUNCTION,Q54855,2305,stop,2026-04-12,23:05:00,,
DORKING - EARLSFIELD,P61098,2307,stop,2026-04-05,23:07:00,,
DORKING - EARLSFIELD,P61098,2307,stop,2026-04-26,23:07:00,,
DORKING - WEST CROYDON,P46057,2307,stop,2026-04-25,23:07:00,,
MITCHAM EASTFIELDS - DORKING (2),P26767,2220,stop,2026-04-18,23:07:00,,
DORKING - STREATHAM HILL,P46057,2307,stop,2026-04-18,23:07:00,,
DORKING - WEST CROYDON,P46057,2307,stop,2026-04-11,23:07:00,,
DORKING - WEST CROYDON,X01000,2307,stop,2026-04-06,23:07:00,,
DORKING - WEST CROYDON,P46057,2307,stop,2026-04-04,23:07:00,,
DORKING - EARLSFIELD,P61098,2307,stop,2026-04-12,23:07:00,,
DORKING - WEST CROYDON,X93566,2307,stop,2026-04-03,23:07:00,,
DORKING - EARLSFIELD,P61098,2307,stop,2026-04-19,23:07:00,,
DORKING - WORCESTER PARK,Q54757,2307,stop,2026-04-12,23:07:00,,
GUILDFORD - EARLSFIELD,P61642,2245,stop,2026-04-03,23:10:00,,
GUILDFORD - EARLSFIELD,P61640,2245,stop,2026-04-25,23:10:00,,
GUILDFORD - EARLSFIELD,P61641,2245,stop,2026-04-09,23:10:00,,
GUILDFORD - EARLSFIELD,P61641,2245,stop,2026-04-14,23:10:00,,
CHESSINGTON SOUTH - EARLSFIELD,P62132,2304,stop,2026-04-11,23:09:00,,
CHESSINGTON SOUTH - EARLSFIELD,P62132,2304,stop,2026-04-18,23:09:00,,
CHESSINGTON SOUTH - EARLSFIELD,Q39656,2304,stop,2026-04-03,23:09:00,,
CHESSINGTON SOUTH - EARLSFIELD,P62132,2304,stop,2026-04-04,23:09:00,,
CHESSINGTON SOUTH - EARLSFIELD,P62132,2304,stop,2026-04-25,23:09:00,,
CHESSINGTON SOUTH - RAYNES PARK,Q48127,2304,stop,2026-04-06,23:09:00,,
GUILDFORD - EARLSFIELD,P61641,2245,stop,2026-04-16,23:10:00,,
GUILDFORD - EARLSFIELD,P61641,2245,stop,2026-04-02,23:10:00,,
GUILDFORD - EARLSFIELD,P61641,2245,stop,2026-04-21,23:10:00,,
GUILDFORD - EARLSFIELD,P61641,2245,stop,2026-04-06,23:10:00,,
GUILDFORD - EARLSFIELD,Q38202,2245,stop,2026-04-03,23:10:00,,
GUILDFORD - EARLSFIELD,P61641,2245,stop,2026-04-27,23:10:00,,
GUILDFORD - EARLSFIELD,P61641,2245,stop,2026-04-07,23:10:00,,
GUILDFORD - EARLSFIELD,P61641,2245,stop,2026-04-30,23:10:00,,
GUILDFORD - EARLSFIELD,P61641,2245,stop,2026-04-29,23:10:00,,
GUILDFORD - EARLSFIELD,P61641,2245,stop,2026-04-28,23:10:00,,
GUILDFORD - EARLSFIELD,P61641,2245,stop,2026-04-13,23:10:00,,
GUILDFORD - EARLSFIELD,P61641,2245,stop,2026-04-08,23:10:00,,
GUILDFORD - EARLSFIELD,P61642,2245,stop,2026-04-24,23:10:00,,
GUILDFORD - EARLSFIELD,P61642,2245,stop,2026-04-17,23:10:00,,
GUILDFORD - EARLSFIELD,P61642,2245,stop,2026-04-10,23:10:00,,
GUILDFORD - EARLSFIELD,P61640,2245,stop,2026-04-11,23:10:00,,
GUILDFORD - EARLSFIELD,P61641,2245,stop,2026-04-23,23:10:00,,
GUILDFORD - EARLSFIELD,P61641,2245,stop,2026-04-20,23:10:00,,
GUILDFORD - EARLSFIELD,P61640,2245,stop,2026-04-18,23:10:00,,
GUILDFORD - EARLSFIELD,P61641,2245,stop,2026-04-01,23:10:00,,
GUILDFORD - EARLSFIELD,P61641,2245,stop,2026-04-15,23:10:00,,
GUILDFORD - EARLSFIELD,Q48164,2245,stop,2026-04-06,23:10:00,,
GUILDFORD - EARLSFIELD,P61640,2245,stop,2026-04-04,23:10:00,,
GUILDFORD - EARLSFIELD,P61641,2245,stop,2026-04-22,23:10:00,,
EARLSFIELD - GUILDFORD (2),P61632,2232,stop,2026-04-12,23:11:00,,
DORKING - BALHAM (4),P26776,2313,stop,2026-04-20,23:13:00,,
DORKING - BALHAM (4),P26776,2313,stop,2026-04-21,23:13:00,,
DORKING - BALHAM (4),P26776,2313,stop,2026-04-23,23:13:00,,
CHESSINGTON SOUTH - RAYNES PARK,L75884,2308,stop,2026-04-13,23:13:00,,
CHESSINGTON SOUTH - RAYNES PARK,L75884,2308,stop,2026-04-14,23:13:00,,
CHESSINGTON SOUTH - RAYNES PARK,L75884,2308,stop,2026-04-15,23:13:00,,
CHESSINGTON SOUTH - RAYNES PARK,L75884,2308,stop,2026-04-30,23:13:00,,
CHESSINGTON SOUTH - RAYNES PARK,L75884,2308,stop,2026-04-01,23:13:00,,
CHESSINGTON SOUTH - RAYNES PARK,L75884,2308,stop,2026-04-02,23:13:00,,
CHESSINGTON SOUTH - EARLSFIELD,L75880,2308,stop,2026-04-03,23:13:00,,
CHESSINGTON SOUTH - RAYNES PARK,L75884,2308,stop,2026-04-06,23:13:00,,
CHESSINGTON SOUTH - RAYNES PARK,L75884,2308,stop,2026-04-08,23:13:00,,
CHESSINGTON SOUTH - RAYNES PARK,L75884,2308,stop,2026-04-09,23:13:00,,
CHESSINGTON SOUTH - EARLSFIELD,L75880,2308,stop,2026-04-10,23:13:00,,
CHESSINGTON SOUTH - RAYNES PARK,L75884,2308,stop,2026-04-21,23:13:00,,
CHESSINGTON SOUTH - RAYNES PARK,L75884,2308,stop,2026-04-22,23:13:00,,
CHESSINGTON SOUTH - RAYNES PARK,L75884,2308,stop,2026-04-23,23:13:00,,
DORKING - BALHAM (4),P26776,2313,stop,2026-04-22,23:13:00,,
CHESSINGTON SOUTH - RAYNES PARK,L75884,2308,stop,2026-04-16,23:13:00,,
CHESSINGTON SOUTH - RAYNES PARK,L75884,2308,stop,2026-04-07,23:13:00,,
CHESSINGTON SOUTH - EARLSFIELD,P62133,2309,stop,2026-04-26,23:14:00,,
CHESSINGTON SOUTH - EARLSFIELD,P62133,2309,stop,2026-04-05,23:14:00,,
CHESSINGTON SOUTH - EARLSFIELD,P62133,2309,stop,2026-04-19,23:14:00,,
CHESSINGTON SOUTH - EARLSFIELD,P62133,2309,stop,2026-04-12,23:14:00,,
CHESSINGTON SOUTH - RAYNES PARK,L75884,2308,stop,2026-04-29,23:13:00,,
CHESSINGTON SOUTH - RAYNES PARK,L75884,2308,stop,2026-04-20,23:13:00,,
CHESSINGTON SOUTH - EARLSFIELD,L75880,2308,stop,2026-04-24,23:13:00,,
CHESSINGTON SOUTH - EARLSFIELD,L75880,2308,stop,2026-04-17,23:13:00,,
CHESSINGTON SOUTH - RAYNES PARK,L75884,2308,stop,2026-04-28,23:13:00,,
CHESSINGTON SOUTH - RAYNES PARK,L75884,2308,stop,2026-04-27,23:13:00,,
DORKING - BALHAM (4),P26776,2315,stop,2026-04-01,23:15:00,,
DORKING - BALHAM (4),P26776,2315,stop,2026-04-28,23:15:00,,
DORKING - BALHAM (4),P26776,2315,stop,2026-04-29,23:15:00,,
DORKING - BALHAM (4),P26776,2315,stop,2026-04-30,23:15:00,,
DORKING - BALHAM (5),P26776,2315,stop,2026-04-07,23:15:00,,
DORKING - BALHAM (5),P26776,2315,stop,2026-04-09,23:15:00,,
DORKING - BALHAM (4),P26776,2315,stop,2026-04-13,23:15:00,,
DORKING - BALHAM (4),P26776,2315,stop,2026-04-14,23:15:00,,
DORKING - BALHAM (4),P26776,2315,stop,2026-04-15,23:15:00,,
DORKING - BALHAM (4),P26776,2315,stop,2026-04-16,23:15:00,,
DORKING - BALHAM (4),P26775,2315,stop,2026-04-17,23:15:00,,
DORKING - BALHAM (4),P26776,2315,stop,2026-04-02,23:15:00,,
DORKING - BALHAM (4),P26775,2315,stop,2026-04-24,23:15:00,,
DORKING - BALHAM (4),P26776,2315,stop,2026-04-27,23:15:00,,
DORKING - SUTTON (SURREY),X04867,2316,stop,2026-04-12,23:16:00,,
DORKING - MITCHAM EASTFIELDS,P26788,2316,stop,2026-04-19,23:16:00,,
DORKING - BATTERSEA PARK LONDON (2),P26788,2316,stop,2026-04-12,23:16:00,,
DORKING - BATTERSEA PARK LONDON (2),P26788,2316,stop,2026-04-26,23:16:00,,
DORKING - BALHAM (4),P26775,2315,stop,2026-04-03,23:15:00,,
DORKING - BALHAM (4),P26775,2315,stop,2026-04-10,23:15:00,,
DORKING - BALHAM (4),P26776,2315,stop,2026-04-06,23:15:00,,
DORKING - BALHAM (5),P26776,2315,stop,2026-04-08,23:15:00,,
EARLSFIELD - CHESSINGTON SOUTH,P62127,2251,stop,2026-04-05,23:17:00,,
EARLSFIELD - CHESSINGTON SOUTH,P62127,2251,stop,2026-04-19,23:17:00,,
EARLSFIELD - CHESSINGTON SOUTH,P62127,2251,stop,2026-04-26,23:17:00,,
EARLSFIELD - CHESSINGTON SOUTH,P62127,2251,stop,2026-04-12,23:17:00,,
DORKING - BATTERSEA PARK LONDON,P26788,2316,stop,2026-04-05,23:16:00,,
EARLSFIELD - GUILDFORD (2),P61630,2253,stop,2026-04-22,23:18:00,,
EARLSFIELD - GUILDFORD (2),P61630,2253,stop,2026-04-24,23:18:00,,
EARLSFIELD - GUILDFORD (2),P61630,2253,stop,2026-04-02,23:18:00,,
EARLSFIELD - GUILDFORD (2),P61630,2253,stop,2026-04-01,23:18:00,,
EARLSFIELD - GUILDFORD (2),P61630,2253,stop,2026-04-03,23:18:00,,
EARLSFIELD - GUILDFORD (2),Q38197,2253,stop,2026-04-03,23:18:00,,
EARLSFIELD - GUILDFORD (2),P61630,2253,stop,2026-04-30,23:18:00,,
EARLSFIELD - GUILDFORD (2),P61630,2253,stop,2026-04-10,23:18:00,,
EARLSFIELD - GUILDFORD (2),P61631,2253,stop,2026-04-18,23:18:00,,
EARLSFIELD - GUILDFORD (2),P61630,2253,stop,2026-04-20,23:18:00,,
EARLSFIELD - GUILDFORD (2),P61630,2253,stop,2026-04-27,23:18:00,,
EARLSFIELD - GUILDFORD (2),P61630,2253,stop,2026-04-06,23:18:00,,
EARLSFIELD - GUILDFORD (2),P61630,2253,stop,2026-04-17,23:18:00,,
EARLSFIELD - GUILDFORD (2),P61630,2253,stop,2026-04-21,23:18:00,,
EARLSFIELD - GUILDFORD (2),P61630,2253,stop,2026-04-16,23:18:00,,
EARLSFIELD - GUILDFORD (2),P61630,2253,stop,2026-04-28,23:18:00,,
EARLSFIELD - GUILDFORD (2),P61630,2253,stop,2026-04-15,23:18:00,,
EARLSFIELD - GUILDFORD (2),P61631,2253,stop,2026-04-25,23:18:00,,
EARLSFIELD - GUILDFORD (2),P61630,2253,stop,2026-04-14,23:18:00,,
EARLSFIELD - GUILDFORD (2),P61630,2253,stop,2026-04-13,23:18:00,,
EARLSFIELD - GUILDFORD (2),Q48151,2253,stop,2026-04-06,23:18:00,,
EARLSFIELD - GUILDFORD (2),P61631,2253,stop,2026-04-11,23:18:00,,
EARLSFIELD - GUILDFORD (2),P61630,2253,stop,2026-04-08,23:18:00,,
EARLSFIELD - GUILDFORD (2),P61631,2253,stop,2026-04-04,23:18:00,,
EARLSFIELD - GUILDFORD (2),P61630,2253,stop,2026-04-09,23:18:00,,
EARLSFIELD - GUILDFORD (2),P61630,2253,stop,2026-04-07,23:18:00,,
EARLSFIELD - GUILDFORD (2),P61630,2253,stop,2026-04-23,23:18:00,,
EARLSFIELD - GUILDFORD (2),P61630,2253,stop,2026-04-29,23:18:00,,
CHESSINGTON SOUTH - RAYNES PARK,L75886,2341,stop,2026-04-18,23:48:00,,
CHESSINGTON SOUTH - RAYNES PARK,L75886,2341,stop,2026-04-25,23:48:00,,
CHESSINGTON SOUTH - RAYNES PARK,L75886,2341,stop,2026-04-04,23:48:00,,
CHESSINGTON SOUTH - RAYNES PARK,L75883,2340,stop,2026-04-12,23:47:00,,
CHESSINGTON SOUTH - RAYNES PARK,L75883,2340,stop,2026-04-19,23:47:00,,
CHESSINGTON SOUTH - RAYNES PARK,L75883,2340,stop,2026-04-05,23:47:00,,
CHESSINGTON SOUTH - RAYNES PARK,L75883,2340,stop,2026-04-26,23:47:00,,
EARLSFIELD - CHESSINGTON SOUTH,P62126,2300,stop,2026-04-04,23:26:00,,
EARLSFIELD - CHESSINGTON SOUTH,P62126,2300,stop,2026-04-11,23:26:00,,
EARLSFIELD - CHESSINGTON SOUTH,P62126,2300,stop,2026-04-18,23:26:00,,
EARLSFIELD - CHESSINGTON SOUTH,Q48139,2300,stop,2026-04-06,23:26:00,,
EARLSFIELD - CHESSINGTON SOUTH,Q38192,2300,stop,2026-04-03,23:26:00,,
EARLSFIELD - CHESSINGTON SOUTH,P62126,2300,stop,2026-04-25,23:26:00,,
EARLSFIELD - CHESSINGTON SOUTH,P62125,2300,stop,2026-04-09,23:27:00,,
EARLSFIELD - CHESSINGTON SOUTH,P62125,2300,stop,2026-04-15,23:27:00,,
EARLSFIELD - CHESSINGTON SOUTH,P62125,2300,stop,2026-04-27,23:27:00,,
EARLSFIELD - CHESSINGTON SOUTH,P62125,2300,stop,2026-04-07,23:27:00,,
EARLSFIELD - CHESSINGTON SOUTH,P62125,2300,stop,2026-04-10,23:27:00,,
EARLSFIELD - CHESSINGTON SOUTH,P62125,2300,stop,2026-04-14,23:27:00,,
EARLSFIELD - CHESSINGTON SOUTH,P62125,2300,stop,2026-04-06,23:27:00,,
EARLSFIELD - CHESSINGTON SOUTH,P62125,2300,stop,2026-04-16,23:27:00,,
EARLSFIELD - CHESSINGTON SOUTH,P62125,2300,stop,2026-04-02,23:27:00,,
EARLSFIELD - CHESSINGTON SOUTH,P62125,2300,stop,2026-04-30,23:27:00,,
EARLSFIELD - CHESSINGTON SOUTH,P62125,2300,stop,2026-04-28,23:27:00,,
EARLSFIELD - EPSOM,P61634,2302,stop,2026-04-19,23:27:00,,
EARLSFIELD - CHESSINGTON SOUTH,P62125,2300,stop,2026-04-29,23:27:00,,
EARLSFIELD - CHESSINGTON SOUTH,P62125,2300,stop,2026-04-22,23:27:00,,
EARLSFIELD - CHESSINGTON SOUTH,P62125,2300,stop,2026-04-23,23:27:00,,
EARLSFIELD - EPSOM,P61634,2302,stop,2026-04-05,23:27:00,,
EARLSFIELD - CHESSINGTON SOUTH,P62125,2300,stop,2026-04-24,23:27:00,,
EARLSFIELD - CHESSINGTON SOUTH,P62125,2300,stop,2026-04-21,23:27:00,,
EARLSFIELD - CHESSINGTON SOUTH,P62125,2300,stop,2026-04-20,23:27:00,,
EARLSFIELD - CHESSINGTON SOUTH,P62125,2300,stop,2026-04-08,23:27:00,,
EARLSFIELD - CHESSINGTON SOUTH,P62125,2300,stop,2026-04-13,23:27:00,,
EARLSFIELD - CHESSINGTON SOUTH,P62125,2300,stop,2026-04-03,23:27:00,,
EARLSFIELD - CHESSINGTON SOUTH,P62125,2300,stop,2026-04-01,23:27:00,,
EARLSFIELD - CHESSINGTON SOUTH,P62125,2300,stop,2026-04-17,23:27:00,,
EARLSFIELD - EPSOM,P61634,2302,stop,2026-04-26,23:27:00,,
BALHAM - DORKING (3),P26773,2241,stop,2026-04-25,23:29:00,,
BALHAM - DORKING (3),P26773,2241,stop,2026-04-11,23:29:00,,
BALHAM - DORKING (3),X00981,2241,stop,2026-04-06,23:29:00,,
BALHAM - DORKING (3),X93592,2241,stop,2026-04-03,23:29:00,,
BALHAM - DORKING (3),P26773,2241,stop,2026-04-04,23:29:00,,
DORKING - DORKING (2),P02609,2325,pass,2026-04-09,23:31:00,,
DORKING - DORKING (2),P02609,2325,pass,2026-04-13,23:31:00,,
DORKING - DORKING (2),P02609,2325,pass,2026-04-30,23:31:00,,
DORKING - DORKING (2),P02609,2325,pass,2026-04-14,23:31:00,,
DORKING - DORKING (2),P02609,2325,pass,2026-04-29,23:31:00,,
DORKING - DORKING (2),P02609,2325,pass,2026-04-15,23:31:00,,
DORKING - DORKING (2),P02609,2325,pass,2026-04-28,23:31:00,,
DORKING - DORKING (2),P02609,2325,pass,2026-04-27,23:31:00,,
DORKING - DORKING (2),P02609,2325,pass,2026-04-23,23:31:00,,
DORKING - DORKING (2),P02609,2325,pass,2026-04-22,23:31:00,,
DORKING - DORKING (2),P02609,2325,pass,2026-04-21,23:31:00,,
DORKING - DORKING (2),P02609,2325,pass,2026-04-16,23:31:00,,
DORKING - DORKING (2),P02609,2325,pass,2026-04-02,23:31:00,,
DORKING - DORKING (2),P02609,2325,pass,2026-04-01,23:31:00,,
DORKING - DORKING (2),P02609,2325,pass,2026-04-20,23:31:00,,
DORKING - DORKING (2),P02609,2325,pass,2026-04-06,23:31:00,,
DORKING - DORKING (2),P02609,2325,pass,2026-04-07,23:31:00,,
DORKING - DORKING (2),P02609,2325,pass,2026-04-08,23:31:00,,
WORCESTER PARK - EARLSFIELD,P61098,2332,stop,2026-04-12,23:32:00,,
DORKING - EARLSFIELD,P61099,2332,stop,2026-04-10,23:32:00,,
DORKING - EARLSFIELD,P61099,2332,stop,2026-04-17,23:32:00,,
DORKING - EARLSFIELD,P61100,2332,stop,2026-04-18,23:32:00,,
DORKING - EARLSFIELD,P61099,2332,stop,2026-04-24,23:32:00,,
DORKING - EARLSFIELD,P61100,2332,stop,2026-04-25,23:32:00,,
EFFINGHAM JUNCTION - WORCESTER PARK,Q54756,2313,stop,2026-04-12,23:33:00,,
DORKING - EARLSFIELD,P61100,2332,stop,2026-04-04,23:32:00,,
WORCESTER PARK - EPSOM,Q54787,2335,stop,2026-04-12,23:35:00,,
MITCHAM EASTFIELDS - DORKING,P26773,2250,stop,2026-04-18,23:37:00,,
EARLSFIELD - EPSOM,P61639,2332,stop,2026-04-05,23:58:00,,
EARLSFIELD - EPSOM,P61639,2332,stop,2026-04-19,23:58:00,,
EARLSFIELD - EPSOM,P61639,2332,stop,2026-04-26,23:58:00,,
WORCESTER PARK - EPSOM,Q56814,5,stop,2026-04-13,00:05:00,,
,L78393,2337,stop,2026-04-12,23:37:00,,
,Q54912,2303,stop,2026-04-12,23:03:00,,
,Q54913,2233,stop,2026-04-12,22:33:00,,
,Q54915,2203,stop,2026-04-12,22:03:00,,
,Q54917,2133,stop,2026-04-12,21:33:00,,
,Q54919,2103,stop,2026-04-12,21:03:00,,
,Q54922,2033,stop,2026-04-12,20:33:00,,
,Q54924,2003,stop,2026-04-12,20:03:00,,
,Q54925,1933,stop,2026-04-12,19:33:00,,
,Q54930,1903,stop,2026-04-12,19:03:00,,
,Q54931,1833,stop,2026-04-12,18:33:00,,
,Q54932,1803,stop,2026-04-12,18:03:00,,
,Q54933,1733,stop,2026-04-12,17:33:00,,
,Q54934,1703,stop,2026-04-12,17:03:00,,
,Q54936,1633,stop,2026-04-12,16:33:00,,
,Q54937,1603,stop,2026-04-12,16:03:00,,
,Q54938,1533,stop,2026-04-12,15:33:00,,
,Q54939,1503,stop,2026-04-12,15:03:00,,
,Q54940,1433,stop,2026-04-12,14:33:00,,
,Q54941,1403,stop,2026-04-12,14:03:00,,
,Q54942,1333,stop,2026-04-12,13:33:00,,
,Q54943,1303,stop,2026-04-12,13:03:00,,
,Q54944,1233,stop,2026-04-12,12:33:00,,
,Q54945,1203,stop,2026-04-12,12:03:00,,
,Q54946,1133,stop,2026-04-12,11:33:00,,
,Q54947,1103,stop,2026-04-12,11:03:00,,
,Q54948,1033,stop,2026-04-12,10:33:00,,
,Q54949,1003,stop,2026-04-12,10:03:00,,
,Q54950,933,stop,2026-04-12,09:33:00,,
,Q54951,903,stop,2026-04-12,09:03:00,,
,Q54952,833,stop,2026-04-12,08:33:00,,
,Q54953,803,stop,2026-04-12,08:03:00,,
,Q54954,733,stop,2026-04-12,07:33:00,,
,Q54955,703,stop,2026-04-12,07:03:00,,
,G71911,630,stop,2026-04-04,06:30:00,,
,G71911,630,stop,2026-04-11,06:30:00,,
,X96918,630,stop,2026-04-03,06:30:00,,
,G71911,630,stop,2026-04-18,06:30:00,,
,G71911,630,stop,2026-04-25,06:30:00,,
,X02139,630,stop,2026-04-06,06:30:00,,
,X05874,559,stop,2026-04-18,05:59:00,,
,G71902,526,stop,2026-04-03,05:26:00,,
,G71902,526,stop,2026-04-24,05:26:00,,
,G71902,526,stop,2026-04-20,05:26:00,,
,G71902,526,stop,2026-04-13,05:26:00,,
,G71902,526,stop,2026-04-17,05:26:00,,
,G71902,526,stop,2026-04-16,05:26:00,,
,G71902,526,stop,2026-04-15,05:26:00,,
,G71902,526,stop,2026-04-27,05:26:00,,
,G71902,526,stop,2026-04-30,05:26:00,,
,G71902,526,stop,2026-04-29,05:26:00,,
,G71902,526,stop,2026-04-08,05:26:00,,
,G71902,526,stop,2026-04-06,05:26:00,,
,G71902,526,stop,2026-04-09,05:26:00,,
,G71902,526,stop,2026-04-14,05:26:00,,
,G71902,526,stop,2026-04-23,05:26:00,,
,G71902,526,stop,2026-04-02,05:26:00,,
,G71902,526,stop,2026-04-21,05:26:00,,
,G71902,526,stop,2026-04-28,05:26:00,,
,G71902,526,stop,2026-04-22,05:26:00,,
,G71902,526,stop,2026-04-10,05:26:00,,
,G71902,526,stop,2026-04-07,05:26:00,,
,G71902,526,stop,2026-04-01,05:26:00,,
,X04866,19,stop,2026-04-12,00:19:00,,
,Q56297,8,stop,2026-04-13,00:08:00,,
