route_variant,train_uid,origin_departure,stop_type,date,departure_time,train_class,number_of_coaches
REIGATE - REDHILL,G72554,2359,stop,2026-04-28,23:59:00,,
REIGATE - REDHILL,G72553,1,stop,2026-04-12,00:01:00,,
REIGATE - REDHILL,G72553,1,stop,2026-04-26,00:01:00,,
REIGATE - REDHILL,X99156,1,stop,2026-04-04,00:01:00,,
REIGATE - REDHILL,X02745,1,stop,2026-04-07,00:01:00,,
REIGATE - REDHILL,G72554,2359,stop,2026-04-17,23:59:00,,
REIGATE - REDHILL,G72554,2359,stop,2026-04-09,23:59:00,,
REIGATE - REDHILL,G72554,2359,stop,2026-04-30,23:59:00,,
REIGATE - REDHILL,G72554,2359,stop,2026-04-29,23:59:00,,
REIGATE - REDHILL,G72554,2359,stop,2026-04-08,23:59:00,,
REIGATE - REDHILL,G72554,2359,stop,2026-04-22,23:59:00,,
REDHILL - TONBRIDGE,P43503,2329,stop,2026-04-26,23:33:00,,
REIGATE - REDHILL,X05887,2331,stop,2026-04-18,23:31:00,,
TONBRIDGE - REDHILL,P43507,2304,stop,2026-04-19,23:31:00,,
TONBRIDGE - REDHILL,P43504,2302,stop,2026-04-14,23:30:00,,
TONBRIDGE - REDHILL,P43504,2302,stop,2026-04-13,23:30:00,,
REIGATE - REDHILL,W58397,2330,stop,2026-04-18,23:30:00,,
REIGATE - REDHILL,W58397,2330,stop,2026-04-04,23:30:00,,
TONBRIDGE - REDHILL,P43504,2302,stop,2026-04-15,23:30:00,,
REIGATE - REDHILL,W58397,2330,stop,2026-04-25,23:30:00,,
REIGATE - REDHILL,X93537,2330,stop,2026-04-03,23:30:00,,
REIGATE - REDHILL,X04998,5,stop,2026-04-14,00:05:00,,
REIGATE - REDHILL,X04998,5,stop,2026-04-16,00:05:00,,
REIGATE - REDHILL,X04998,5,stop,2026-04-17,00:05:00,,
TONBRIDGE - REDHILL,P43505,2337,stop,2026-04-25,00:04:00,,
TONBRIDGE - REDHILL,X01709,2336,stop,2026-04-06,00:03:00,,
TONBRIDGE - REDHILL,P43506,2336,stop,2026-04-09,00:03:00,,
TONBRIDGE - REDHILL,P43506,2336,stop,2026-04-08,00:03:00,,
TONBRIDGE - REDHILL,P43506,2336,stop,2026-04-20,00:03:00,,
TONBRIDGE - REDHILL,P43506,2336,stop,2026-04-27,00:03:00,,
TONBRIDGE - REDHILL,P43506,2336,stop,2026-04-29,00:03:00,,
TONBRIDGE - REDHILL,P43506,2336,stop,2026-04-23,00:03:00,,
TONBRIDGE - REDHILL,P43506,2336,stop,2026-04-21,00:03:00,,
TONBRIDGE - REDHILL,P43506,2336,stop,2026-04-22,00:03:00,,
TONBRIDGE - REDHILL,P43505,2336,stop,2026-04-18,00:03:00,,
TONBRIDGE - REDHILL,P43506,2336,stop,2026-04-10,00:03:00,,
TONBRIDGE - REDHILL,P43506,2336,stop,2026-04-24,00:03:00,,
REDHILL - TONBRIDGE,P43509,28,stop,2026-04-08,00:33:00,,
REDHILL - TONBRIDGE,P43508,28,stop,2026-04-18,00:33:00,,
REDHILL - TONBRIDGE,P43509,28,stop,2026-04-10,00:33:00,,
REDHILL - TONBRIDGE,P43509,28,stop,2026-04-23,00:33:00,,
REDHILL - TONBRIDGE,P43509,28,stop,2026-04-17,00:33:00,,
REDHILL - TONBRIDGE,P43509,28,stop,2026-04-01,00:33:00,,
REDHILL - TONBRIDGE,P43508,28,stop,2026-04-25,00:33:00,,
REDHILL - TONBRIDGE,P43509,28,stop,2026-04-02,00:33:00,,
REDHILL - TONBRIDGE,P43509,28,stop,2026-04-07,00:33:00,,
REDHILL - TONBRIDGE,P43510,27,stop,2026-04-19,00:31:00,,
REDHILL - TONBRIDGE,P43510,27,stop,2026-04-05,00:31:00,,
REDHILL - TONBRIDGE,P43510,23,stop,2026-04-12,00:27:00,,
REDHILL - TONBRIDGE,X02766,23,stop,2026-04-07,00:27:00,,
REDHILL - TONBRIDGE,P43510,23,stop,2026-04-26,00:27:00,,
REDHILL - TONBRIDGE,X99132,23,stop,2026-04-04,00:27:00,,
REIGATE - REDHILL,X04998,5,stop,2026-04-15,00:05:00,,
TONBRIDGE - REDHILL,P43392,442,stop,2026-04-22,05:09:00,,
TONBRIDGE - REDHILL,P43392,442,stop,2026-04-06,05:09:00,,
TONBRIDGE - REDHILL,P43392,442,stop,2026-04-13,05:09:00,,
REDHILL - TONBRIDGE,P43509,28,stop,2026-04-16,00:33:00,,
REDHILL - TONBRIDGE,P43508,28,stop,2026-04-04,00:33:00,,
REDHILL - TONBRIDGE,P43509,28,stop,2026-04-15,00:33:00,,
REDHILL - TONBRIDGE,P43509,28,stop,2026-04-03,00:33:00,,
REDHILL - TONBRIDGE,P43509,28,stop,2026-04-30,00:33:00,,
REDHILL - TONBRIDGE,P43509,28,stop,2026-04-14,00:33:00,,
REDHILL - TONBRIDGE,P43509,28,stop,2026-04-24,00:33:00,,
REDHILL - TONBRIDGE,P43508,28,stop,2026-04-11,00:33:00,,
REDHILL - TONBRIDGE,P43509,28,stop,2026-04-28,00:33:00,,
REDHILL - TONBRIDGE,P43509,28,stop,2026-04-29,00:33:00,,
REDHILL - TONBRIDGE,P43509,28,stop,2026-04-21,00:33:00,,
REDHILL - TONBRIDGE,P43509,28,stop,2026-04-09,00:33:00,,
REDHILL - TONBRIDGE,P43509,28,stop,2026-04-22,00:33:00,,
TONBRIDGE - REDHILL,P43392,442,stop,2026-04-03,05:09:00,,
TONBRIDGE - REDHILL,P43392,442,stop,2026-04-02,05:09:00,,
TONBRIDGE - REDHILL,P43392,442,stop,2026-04-29,05:09:00,,
TONBRIDGE - REDHILL,P43392,442,stop,2026-04-23,05:09:00,,
TONBRIDGE - REDHILL,P43392,442,stop,2026-04-14,05:09:00,,
TONBRIDGE - REDHILL,P43392,442,stop,2026-04-28,05:09:00,,
TONBRIDGE - REDHILL,P43392,442,stop,2026-04-17,05:09:00,,
TONBRIDGE - REDHILL,P43392,442,stop,2026-04-01,05:09:00,,
TONBRIDGE - REDHILL,P43392,442,stop,2026-04-24,05:09:00,,
TONBRIDGE - REDHILL,P43392,442,stop,2026-04-30,05:09:00,,
TONBRIDGE - REDHILL,P43392,442,stop,2026-04-08,05:09:00,,
TONBRIDGE - REDHILL,P43392,442,stop,2026-04-15,05:09:00,,
TONBRIDGE - REDHILL,P43392,442,stop,2026-04-27,05:09:00,,
TONBRIDGE - REDHILL,P43392,442,stop,2026-04-09,05:09:00,,
TONBRIDGE - REDHILL,P43392,442,stop,2026-04-20,05:09:00,,
TONBRIDGE - REDHILL,P43392,442,stop,2026-04-10,05:09:00,,
REDHILL - TONBRIDGE,P43393,524,stop,2026-04-01,05:28:00,,
REDHILL - TONBRIDGE,P43393,524,stop,2026-04-21,05:28:00,,
REDHILL - TONBRIDGE,P43393,524,stop,2026-04-16,05:28:00,,
REDHILL - TONBRIDGE,P43393,524,stop,2026-04-03,05:28:00,,
REDHILL - TONBRIDGE,P43393,524,stop,2026-04-07,05:28:00,,
REDHILL - TONBRIDGE,P43393,524,stop,2026-04-02,05:28:00,,
REDHILL - TONBRIDGE,P43393,524,stop,2026-04-06,05:28:00,,
REDHILL - TONBRIDGE,P43393,524,stop,2026-04-10,05:28:00,,
REDHILL - TONBRIDGE,P43393,524,stop,2026-04-22,05:28:00,,
REDHILL - TONBRIDGE,P43393,524,stop,2026-04-24,05:28:00,,
REDHILL - TONBRIDGE,P43393,524,stop,2026-04-30,05:28:00,,
REDHILL - TONBRIDGE,P43393,524,stop,2026-04-23,05:28:00,,
REDHILL - TONBRIDGE,P43393,524,stop,2026-04-09,05:28:00,,
TONBRIDGE - REDHILL,P43392,442,stop,2026-04-21,05:09:00,,
TONBRIDGE - REDHILL,P43392,442,stop,2026-04-07,05:09:00,,
TONBRIDGE - REDHILL,P43392,442,stop,2026-04-16,05:09:00,,
REIGATE - EAST CROYDON,P25768,558,stop,2026-04-14,05:58:00,,
TONBRIDGE - REDHILL,P43394,524,stop,2026-04-04,05:51:00,,
TONBRIDGE - REDHILL,X97012,524,stop,2026-04-03,05:51:00,,
TONBRIDGE - REDHILL,P43394,524,stop,2026-04-11,05:51:00,,
TONBRIDGE - REDHILL,X01686,524,stop,2026-04-06,05:51:00,,
TONBRIDGE - REDHILL,P43394,524,stop,2026-04-25,05:51:00,,
TONBRIDGE - REDHILL,P43394,520,stop,2026-04-18,05:47:00,,
REDHILL - TONBRIDGE,P43393,524,stop,2026-04-15,05:28:00,,
REDHILL - TONBRIDGE,P43393,524,stop,2026-04-08,05:28:00,,
REDHILL - TONBRIDGE,P43393,524,stop,2026-04-20,05:28:00,,
REDHILL - TONBRIDGE,P43393,524,stop,2026-04-27,05:28:00,,
REDHILL - TONBRIDGE,P43393,524,stop,2026-04-29,05:28:00,,
REDHILL - TONBRIDGE,P43393,524,stop,2026-04-17,05:28:00,,
REDHILL - TONBRIDGE,P43393,524,stop,2026-04-28,05:28:00,,
REDHILL - TONBRIDGE,P43393,524,stop,2026-04-14,05:28:00,,
REDHILL - TONBRIDGE,P43393,524,stop,2026-04-13,05:28:00,,
REDHILL - TONBRIDGE,P43395,553,stop,2026-04-14,05:58:00,,
REDHILL - TONBRIDGE,P43395,553,stop,2026-04-07,05:58:00,,
REDHILL - TONBRIDGE,P43395,553,stop,2026-04-13,05:58:00,,
REDHILL - TONBRIDGE,P43395,553,stop,2026-04-08,05:58:00,,
REDHILL - TONBRIDGE,P43395,553,stop,2026-04-09,05:58:00,,
REDHILL - TONBRIDGE,P43395,553,stop,2026-04-10,05:58:00,,
REDHILL - TONBRIDGE,P43395,553,stop,2026-04-24,05:58:00,,
REIGATE - EAST CROYDON,P25768,558,stop,2026-04-29,05:58:00,,
REDHILL - TONBRIDGE,P43395,553,stop,2026-04-27,05:58:00,,
REDHILL - TONBRIDGE,P43395,553,stop,2026-04-28,05:58:00,,
REIGATE - EAST CROYDON,P25768,558,stop,2026-04-09,05:58:00,,
REIGATE - EAST CROYDON,P25768,558,stop,2026-04-08,05:58:00,,
REIGATE - EAST CROYDON,P25768,558,stop,2026-04-07,05:58:00,,
REIGATE - EAST CROYDON,P25768,558,stop,2026-04-06,05:58:00,,
REIGATE - EAST CROYDON,P25768,558,stop,2026-04-13,05:58:00,,
REIGATE - EAST CROYDON,P25768,558,stop,2026-04-10,05:58:00,,
REDHILL - TONBRIDGE,P43395,553,stop,2026-04-22,05:58:00,,
REIGATE - EAST CROYDON,P25768,558,stop,2026-04-21,05:58:00,,
REIGATE - EAST CROYDON,P25768,558,stop,2026-04-22,05:58:00,,
REIGATE - EAST CROYDON,P25768,558,stop,2026-04-23,05:58:00,,
REIGATE - EAST CROYDON,P25768,558,stop,2026-04-24,05:58:00,,
REDHILL - TONBRIDGE,P43395,553,stop,2026-04-20,05:58:00,,
REIGATE - EAST CROYDON,P25768,558,stop,2026-04-27,05:58:00,,
REIGATE - EAST CROYDON,P25768,558,stop,2026-04-28,05:58:00,,
REDHILL - TONBRIDGE,P43395,553,stop,2026-04-17,05:58:00,,
REIGATE - EAST CROYDON,P25768,558,stop,2026-04-15,05:58:00,,
REDHILL - TONBRIDGE,P43395,553,stop,2026-04-01,05:58:00,,
REDHILL - TONBRIDGE,P43395,553,stop,2026-04-02,05:58:00,,
REDHILL - TONBRIDGE,P43395,553,stop,2026-04-16,05:58:00,,
REDHILL - TONBRIDGE,P43395,553,stop,2026-04-03,05:58:00,,
REDHILL - TONBRIDGE,P43395,553,stop,2026-04-15,05:58:00,,
REDHILL - TONBRIDGE,P43395,553,stop,2026-04-06,05:58:00,,
TONBRIDGE - REDHILL,P43396,559,stop,2026-04-17,06:26:00,,
TONBRIDGE - REDHILL,P43396,559,stop,2026-04-21,06:26:00,,
TONBRIDGE - REDHILL,P43396,559,stop,2026-04-22,06:26:00,,
TONBRIDGE - REDHILL,P43396,559,stop,2026-04-23,06:26:00,,
TONBRIDGE - REDHILL,P43396,559,stop,2026-04-24,06:26:00,,
REIGATE - EAST CROYDON,P25768,558,stop,2026-04-02,05:58:00,,
REIGATE - EAST CROYDON,P25768,558,stop,2026-04-03,05:58:00,,
REDHILL - TONBRIDGE,P43395,553,stop,2026-04-30,05:58:00,,
REDHILL - TONBRIDGE,P43395,553,stop,2026-04-21,05:58:00,,
REIGATE - EAST CROYDON,P25768,558,stop,2026-04-01,05:58:00,,
REDHILL - TONBRIDGE,P43395,553,stop,2026-04-29,05:58:00,,
REIGATE - EAST CROYDON,P25768,558,stop,2026-04-30,05:58:00,,
REIGATE - EAST CROYDON,P25768,558,stop,2026-04-16,05:58:00,,
REIGATE - EAST CROYDON,P25768,558,stop,2026-04-17,05:58:00,,
REDHILL - TONBRIDGE,P43395,553,stop,2026-04-23,05:58:00,,
REIGATE - EAST CROYDON,P25768,558,stop,2026-04-20,05:58:00,,
TONBRIDGE - REDHILL,P43396,559,stop,2026-04-20,06:26:00,,
TONBRIDGE - REDHILL,P43396,559,stop,2026-04-28,06:26:00,,
TONBRIDGE - REDHILL,P43396,559,stop,2026-04-27,06:26:00,,
TONBRIDGE - REDHILL,P43396,559,stop,2026-04-10,06:26:00,,
TONBRIDGE - REDHILL,P43396,559,stop,2026-04-09,06:26:00,,
TONBRIDGE - REDHILL,P43396,559,stop,2026-04-08,06:26:00,,
TONBRIDGE - REDHILL,P43396,559,stop,2026-04-13,06:26:00,,
TONBRIDGE - REDHILL,P43396,559,stop,2026-04-07,06:26:00,,
TONBRIDGE - REDHILL,P43396,559,stop,2026-04-14,06:26:00,,
TONBRIDGE - REDHILL,P43396,559,stop,2026-04-06,06:26:00,,
TONBRIDGE - REDHILL,P43396,559,stop,2026-04-15,06:26:00,,
TONBRIDGE - REDHILL,P43396,559,stop,2026-04-03,06:26:00,,
TONBRIDGE - REDHILL,P43396,559,stop,2026-04-16,06:26:00,,
TONBRIDGE - REDHILL,P43396,559,stop,2026-04-02,06:26:00,,
TONBRIDGE - REDHILL,P43396,559,stop,2026-04-01,06:26:00,,
TONBRIDGE - REDHILL,P43396,559,stop,2026-04-30,06:26:00,,
REIGATE - EAST CROYDON,P25769,629,stop,2026-04-14,06:29:00,,
REIGATE - EAST CROYDON,P25769,629,stop,2026-04-29,06:29:00,,
REIGATE - EAST CROYDON,P25769,629,stop,2026-04-21,06:29:00,,
REIGATE - EAST CROYDON,P25769,629,stop,2026-04-07,06:29:00,,
REIGATE - EAST CROYDON,P25769,629,stop,2026-04-27,06:29:00,,
REIGATE - EAST CROYDON,P25769,629,stop,2026-04-06,06:29:00,,
REIGATE - EAST CROYDON,P25769,629,stop,2026-04-24,06:29:00,,
REIGATE - EAST CROYDON,P25769,629,stop,2026-04-08,06:29:00,,
REIGATE - EAST CROYDON,P25769,629,stop,2026-04-16,06:29:00,,
REIGATE - EAST CROYDON,P25769,629,stop,2026-04-28,06:29:00,,
REIGATE - EAST CROYDON,P25769,629,stop,2026-04-10,06:29:00,,
REIGATE - EAST CROYDON,P25769,629,stop,2026-04-23,06:29:00,,
REIGATE - EAST CROYDON,P25769,629,stop,2026-04-03,06:29:00,,
REIGATE - EAST CROYDON,P25769,629,stop,2026-04-09,06:29:00,,
REIGATE - EAST CROYDON,P25769,629,stop,2026-04-13,06:29:00,,
TONBRIDGE - REDHILL,P43396,559,stop,2026-04-29,06:26:00,,
REIGATE - EAST CROYDON,X96914,631,stop,2026-04-03,06:31:00,,
REIGATE - EAST CROYDON,P25607,631,stop,2026-04-25,06:31:00,,
REIGATE - REDHILL,P25607,631,stop,2026-04-18,06:31:00,,
REIGATE - EAST CROYDON,P25607,631,stop,2026-04-04,06:31:00,,
REDHILL - TONBRIDGE,P43398,625,stop,2026-04-25,06:30:00,,
REDHILL - TONBRIDGE,X01687,625,stop,2026-04-06,06:30:00,,
REDHILL - TONBRIDGE,P43398,625,stop,2026-04-04,06:30:00,,
REDHILL - TONBRIDGE,P43398,625,stop,2026-04-11,06:30:00,,
REDHILL - TONBRIDGE,X96928,625,stop,2026-04-03,06:30:00,,
REIGATE - EAST CROYDON,P25769,629,stop,2026-04-15,06:29:00,,
REIGATE - EAST CROYDON,P25769,629,stop,2026-04-20,06:29:00,,
REIGATE - EAST CROYDON,P25769,629,stop,2026-04-02,06:29:00,,
REIGATE - EAST CROYDON,P25769,629,stop,2026-04-22,06:29:00,,
REIGATE - EAST CROYDON,P25769,629,stop,2026-04-01,06:29:00,,
REIGATE - EAST CROYDON,P25769,629,stop,2026-04-17,06:29:00,,
REIGATE - EAST CROYDON,P25769,629,stop,2026-04-30,06:29:00,,
REDHILL - TONBRIDGE,P43397,639,stop,2026-04-27,06:44:00,,
REDHILL - TONBRIDGE,P43397,639,stop,2026-04-20,06:44:00,,
REDHILL - TONBRIDGE,P43397,639,stop,2026-04-15,06:44:00,,
REDHILL - TONBRIDGE,P43397,639,stop,2026-04-29,06:44:00,,
REDHILL - TONBRIDGE,P43397,639,stop,2026-04-21,06:44:00,,
REDHILL - TONBRIDGE,P43397,639,stop,2026-04-09,06:44:00,,
REDHILL - TONBRIDGE,P43397,639,stop,2026-04-13,06:44:00,,
REDHILL - TONBRIDGE,P43397,639,stop,2026-04-07,06:44:00,,
REDHILL - TONBRIDGE,P43397,639,stop,2026-04-14,06:44:00,,
REDHILL - TONBRIDGE,P43397,639,stop,2026-04-16,06:44:00,,
REDHILL - TONBRIDGE,P43397,639,stop,2026-04-30,06:44:00,,
REDHILL - TONBRIDGE,P43397,639,stop,2026-04-28,06:44:00,,
REDHILL - TONBRIDGE,P43397,639,stop,2026-04-06,06:44:00,,
REDHILL - TONBRIDGE,P43398,627,stop,2026-04-18,06:32:00,,
REIGATE - EAST CROYDON,X01520,631,stop,2026-04-06,06:31:00,,
REIGATE - EAST CROYDON,P25607,631,stop,2026-04-11,06:31:00,,
TONBRIDGE - REDHILL,P43399,629,stop,2026-04-27,06:57:00,,
TONBRIDGE - REDHILL,P43399,629,stop,2026-04-22,06:57:00,,
TONBRIDGE - REDHILL,P43399,629,stop,2026-04-28,06:57:00,,
TONBRIDGE - REDHILL,P43399,629,stop,2026-04-02,06:57:00,,
TONBRIDGE - REDHILL,P43399,629,stop,2026-04-08,06:57:00,,
TONBRIDGE - REDHILL,P43399,629,stop,2026-04-09,06:57:00,,
TONBRIDGE - REDHILL,P43399,629,stop,2026-04-13,06:57:00,,
REDHILL - TONBRIDGE,P43397,639,stop,2026-04-10,06:44:00,,
REDHILL - TONBRIDGE,P43397,639,stop,2026-04-01,06:44:00,,
REDHILL - TONBRIDGE,P43397,639,stop,2026-04-23,06:44:00,,
REDHILL - TONBRIDGE,P43397,639,stop,2026-04-02,06:44:00,,
REDHILL - TONBRIDGE,P43397,639,stop,2026-04-17,06:44:00,,
REDHILL - TONBRIDGE,P43397,639,stop,2026-04-03,06:44:00,,
REDHILL - TONBRIDGE,P43397,639,stop,2026-04-08,06:44:00,,
REDHILL - TONBRIDGE,P43397,639,stop,2026-04-24,06:44:00,,
REDHILL - TONBRIDGE,P43397,639,stop,2026-04-22,06:44:00,,
REIGATE - EAST CROYDON,P25770,659,stop,2026-04-22,06:59:00,,
TONBRIDGE - REDHILL,P43399,629,stop,2026-04-20,06:57:00,,
TONBRIDGE - REDHILL,P43399,629,stop,2026-04-06,06:57:00,,
TONBRIDGE - REDHILL,P43399,629,stop,2026-04-01,06:57:00,,
TONBRIDGE - REDHILL,P43399,629,stop,2026-04-14,06:57:00,,
TONBRIDGE - REDHILL,P43399,629,stop,2026-04-07,06:57:00,,
TONBRIDGE - REDHILL,P43399,629,stop,2026-04-21,06:57:00,,
TONBRIDGE - REDHILL,P43399,629,stop,2026-04-10,06:57:00,,
TONBRIDGE - REDHILL,P43399,629,stop,2026-04-03,06:57:00,,
TONBRIDGE - REDHILL,P43399,629,stop,2026-04-15,06:57:00,,
TONBRIDGE - REDHILL,P43399,629,stop,2026-04-24,06:57:00,,
TONBRIDGE - REDHILL,P43399,629,stop,2026-04-16,06:57:00,,
TONBRIDGE - REDHILL,P43399,629,stop,2026-04-23,06:57:00,,
TONBRIDGE - REDHILL,P43399,629,stop,2026-04-29,06:57:00,,
TONBRIDGE - REDHILL,P43399,629,stop,2026-04-30,06:57:00,,
TONBRIDGE - REDHILL,P43399,629,stop,2026-04-17,06:57:00,,
REIGATE - EAST CROYDON,P25770,659,stop,2026-04-02,06:59:00,,
REIGATE - EAST CROYDON,P25770,659,stop,2026-04-06,06:59:00,,
REIGATE - EAST CROYDON,P25770,659,stop,2026-04-15,06:59:00,,
REIGATE - EAST CROYDON,P25770,659,stop,2026-04-21,06:59:00,,
REIGATE - EAST CROYDON,P25770,659,stop,2026-04-03,06:59:00,,
REIGATE - EAST CROYDON,P25770,659,stop,2026-04-09,06:59:00,,
REIGATE - EAST CROYDON,P25770,659,stop,2026-04-14,06:59:00,,
REIGATE - EAST CROYDON,P25770,659,stop,2026-04-23,06:59:00,,
REIGATE - EAST CROYDON,P25770,659,stop,2026-04-13,06:59:00,,
REIGATE - EAST CROYDON,P25770,659,stop,2026-04-10,06:59:00,,
REIGATE - EAST CROYDON,P25770,659,stop,2026-04-30,06:59:00,,
REIGATE - EAST CROYDON,P25770,659,stop,2026-04-28,06:59:00,,
REIGATE - EAST CROYDON,P25770,659,stop,2026-04-08,06:59:00,,
REIGATE - EAST CROYDON,P25770,659,stop,2026-04-24,06:59:00,,
REIGATE - EAST CROYDON,P25770,659,stop,2026-04-16,06:59:00,,
REIGATE - EAST CROYDON,P25770,659,stop,2026-04-27,06:59:00,,
REDHILL - TONBRIDGE,P43401,711,stop,2026-04-11,07:15:00,,
REDHILL - TONBRIDGE,P43401,711,stop,2026-04-25,07:15:00,,
REDHILL - TONBRIDGE,X01688,711,stop,2026-04-06,07:15:00,,
REDHILL - TONBRIDGE,X96855,711,stop,2026-04-03,07:15:00,,
REDHILL - TONBRIDGE,P43401,711,stop,2026-04-04,07:15:00,,
REIGATE - EAST CROYDON,P25610,702,stop,2026-04-11,07:02:00,,
REIGATE - EAST CROYDON,X96865,702,stop,2026-04-03,07:02:00,,
REIGATE - EAST CROYDON,X01522,702,stop,2026-04-06,07:02:00,,
REIGATE - EAST CROYDON,P25610,702,stop,2026-04-04,07:02:00,,
REIGATE - EAST CROYDON,P25610,702,stop,2026-04-25,07:02:00,,
REIGATE - REDHILL,P25610,702,stop,2026-04-18,07:02:00,,
REIGATE - EAST CROYDON,P25770,659,stop,2026-04-20,06:59:00,,
REIGATE - EAST CROYDON,P25770,659,stop,2026-04-17,06:59:00,,
REIGATE - EAST CROYDON,P25770,659,stop,2026-04-07,06:59:00,,
REIGATE - EAST CROYDON,P25770,659,stop,2026-04-29,06:59:00,,
REIGATE - EAST CROYDON,P25770,659,stop,2026-04-01,06:59:00,,
REDHILL - TONBRIDGE,P43400,722,stop,2026-04-21,07:27:00,,
REDHILL - TONBRIDGE,P43400,722,stop,2026-04-07,07:27:00,,
REDHILL - TONBRIDGE,P43400,722,stop,2026-04-10,07:27:00,,
REDHILL - TONBRIDGE,P43400,722,stop,2026-04-24,07:27:00,,
REDHILL - TONBRIDGE,P43400,722,stop,2026-04-20,07:27:00,,
REDHILL - TONBRIDGE,P43400,722,stop,2026-04-28,07:27:00,,
REDHILL - TONBRIDGE,P43400,722,stop,2026-04-02,07:27:00,,
REDHILL - TONBRIDGE,P43400,722,stop,2026-04-01,07:27:00,,
REDHILL - TONBRIDGE,P43400,722,stop,2026-04-13,07:27:00,,
REDHILL - TONBRIDGE,P43400,722,stop,2026-04-27,07:27:00,,
REDHILL - TONBRIDGE,P43400,722,stop,2026-04-17,07:27:00,,
REDHILL - TONBRIDGE,P43400,722,stop,2026-04-16,07:27:00,,
REDHILL - TONBRIDGE,P43400,722,stop,2026-04-29,07:27:00,,
REDHILL - TONBRIDGE,P43400,722,stop,2026-04-22,07:27:00,,
REDHILL - TONBRIDGE,P43400,722,stop,2026-04-15,07:27:00,,
REDHILL - TONBRIDGE,P43400,722,stop,2026-04-06,07:27:00,,
REIGATE - EAST CROYDON,X96820,728,stop,2026-04-03,07:28:00,,
REIGATE - EAST CROYDON,P25771,728,stop,2026-04-27,07:28:00,,
REIGATE - EAST CROYDON,P25771,728,stop,2026-04-07,07:28:00,,
REIGATE - EAST CROYDON,P25771,728,stop,2026-04-16,07:28:00,,
REIGATE - EAST CROYDON,P25771,728,stop,2026-04-14,07:28:00,,
REIGATE - EAST CROYDON,P25771,728,stop,2026-04-03,07:28:00,,
REIGATE - EAST CROYDON,P25771,728,stop,2026-04-15,07:28:00,,
REIGATE - EAST CROYDON,P25771,728,stop,2026-04-09,07:28:00,,
REIGATE - EAST CROYDON,P25771,728,stop,2026-04-29,07:28:00,,
REIGATE - EAST CROYDON,P25771,728,stop,2026-04-08,07:28:00,,
REDHILL - TONBRIDGE,P43400,722,stop,2026-04-09,07:27:00,,
REDHILL - TONBRIDGE,P43400,722,stop,2026-04-03,07:27:00,,
REDHILL - TONBRIDGE,P43400,722,stop,2026-04-30,07:27:00,,
REDHILL - TONBRIDGE,P43400,722,stop,2026-04-14,07:27:00,,
REDHILL - TONBRIDGE,P43400,722,stop,2026-04-23,07:27:00,,
REDHILL - TONBRIDGE,P43400,722,stop,2026-04-08,07:27:00,,
TONBRIDGE - REDHILL,P43403,701,stop,2026-04-25,07:29:00,,
REDHILL - TONBRIDGE,P43401,725,stop,2026-04-18,07:29:00,,
REIGATE - EAST CROYDON,P25771,728,stop,2026-04-30,07:28:00,,
REIGATE - EAST CROYDON,P25771,728,stop,2026-04-01,07:28:00,,
REIGATE - EAST CROYDON,P25771,728,stop,2026-04-22,07:28:00,,
REIGATE - EAST CROYDON,P25771,728,stop,2026-04-13,07:28:00,,
REIGATE - EAST CROYDON,P25771,728,stop,2026-04-20,07:28:00,,
REIGATE - EAST CROYDON,P25771,728,stop,2026-04-17,07:28:00,,
REIGATE - EAST CROYDON,P25771,728,stop,2026-04-06,07:28:00,,
REIGATE - EAST CROYDON,P25771,728,stop,2026-04-28,07:28:00,,
REIGATE - EAST CROYDON,X01524,728,stop,2026-04-06,07:28:00,,
REIGATE - EAST CROYDON,P25771,728,stop,2026-04-10,07:28:00,,
REIGATE - EAST CROYDON,P25771,728,stop,2026-04-21,07:28:00,,
REIGATE - EAST CROYDON,P25771,728,stop,2026-04-24,07:28:00,,
REIGATE - EAST CROYDON,P25771,728,stop,2026-04-02,07:28:00,,
REIGATE - EAST CROYDON,P25771,728,stop,2026-04-23,07:28:00,,
TONBRIDGE - REDHILL,P43402,716,stop,2026-04-20,07:44:00,,
TONBRIDGE - REDHILL,P43402,716,stop,2026-04-09,07:44:00,,
TONBRIDGE - REDHILL,P43402,716,stop,2026-04-08,07:44:00,,
TONBRIDGE - REDHILL,P43402,716,stop,2026-04-16,07:44:00,,
TONBRIDGE - REDHILL,P43402,716,stop,2026-04-21,07:44:00,,
TONBRIDGE - REDHILL,P43404,716,stop,2026-04-26,07:43:00,,
TONBRIDGE - REDHILL,P43404,716,stop,2026-04-12,07:43:00,,
REIGATE - EAST CROYDON,P25613,732,stop,2026-04-25,07:32:00,,
REIGATE - EAST CROYDON,P25613,732,stop,2026-04-11,07:32:00,,
REIGATE - EAST CROYDON,P25613,732,stop,2026-04-04,07:32:00,,
REIGATE - REDHILL,P25613,732,stop,2026-04-18,07:32:00,,
TONBRIDGE - REDHILL,P43403,703,stop,2026-04-04,07:31:00,,
TONBRIDGE - REDHILL,X01689,701,stop,2026-04-06,07:29:00,,
TONBRIDGE - REDHILL,P43403,701,stop,2026-04-11,07:29:00,,
TONBRIDGE - REDHILL,X92921,701,stop,2026-04-03,07:29:00,,
TONBRIDGE - REDHILL,P43403,701,stop,2026-04-18,07:29:00,,
TONBRIDGE - REDHILL,P43402,716,stop,2026-04-13,07:44:00,,
TONBRIDGE - REDHILL,P43402,716,stop,2026-04-06,07:44:00,,
TONBRIDGE - REDHILL,P43402,716,stop,2026-04-17,07:44:00,,
TONBRIDGE - REDHILL,P43402,716,stop,2026-04-22,07:44:00,,
TONBRIDGE - REDHILL,P43402,716,stop,2026-04-27,07:44:00,,
TONBRIDGE - REDHILL,P43402,716,stop,2026-04-10,07:44:00,,
TONBRIDGE - REDHILL,P43402,716,stop,2026-04-28,07:44:00,,
TONBRIDGE - REDHILL,P43402,716,stop,2026-04-03,07:44:00,,
TONBRIDGE - REDHILL,P43402,716,stop,2026-04-14,07:44:00,,
TONBRIDGE - REDHILL,P43402,716,stop,2026-04-01,07:44:00,,
TONBRIDGE - REDHILL,P43402,716,stop,2026-04-23,07:44:00,,
TONBRIDGE - REDHILL,P43402,716,stop,2026-04-24,07:44:00,,
TONBRIDGE - REDHILL,P43402,716,stop,2026-04-15,07:44:00,,
TONBRIDGE - REDHILL,P43402,716,stop,2026-04-07,07:44:00,,
TONBRIDGE - REDHILL,P43402,716,stop,2026-04-29,07:44:00,,
TONBRIDGE - REDHILL,P43402,716,stop,2026-04-30,07:44:00,,
REIGATE - EAST CROYDON,P25772,758,stop,2026-04-08,07:58:00,,
REIGATE - EAST CROYDON,P25772,758,stop,2026-04-29,07:58:00,,
REIGATE - EAST CROYDON,P25772,758,stop,2026-04-06,07:58:00,,
REIGATE - EAST CROYDON,P25772,758,stop,2026-04-24,07:58:00,,
REIGATE - EAST CROYDON,P25772,758,stop,2026-04-13,07:58:00,,
REIGATE - EAST CROYDON,P25772,758,stop,2026-04-28,07:58:00,,
REIGATE - EAST CROYDON,P25772,758,stop,2026-04-15,07:58:00,,
REIGATE - EAST CROYDON,P25772,758,stop,2026-04-30,07:58:00,,
REIGATE - EAST CROYDON,P25772,758,stop,2026-04-20,07:58:00,,
REIGATE - EAST CROYDON,P25772,758,stop,2026-04-09,07:58:00,,
REIGATE - EAST CROYDON,P25772,758,stop,2026-04-10,07:58:00,,
REIGATE - EAST CROYDON,P25772,758,stop,2026-04-03,07:58:00,,
REIGATE - EAST CROYDON,P25772,758,stop,2026-04-17,07:58:00,,
TONBRIDGE - REDHILL,P43404,726,stop,2026-04-05,07:53:00,,
TONBRIDGE - REDHILL,P43404,718,stop,2026-04-19,07:45:00,,
TONBRIDGE - REDHILL,P43402,716,stop,2026-04-02,07:44:00,,
REDHILL - TONBRIDGE,P43405,754,stop,2026-04-16,07:59:00,,
REDHILL - TONBRIDGE,P43405,754,stop,2026-04-08,07:59:00,,
REDHILL - TONBRIDGE,P43405,754,stop,2026-04-30,07:59:00,,
REDHILL - TONBRIDGE,P43405,754,stop,2026-04-22,07:59:00,,
REDHILL - TONBRIDGE,P43405,754,stop,2026-04-06,07:59:00,,
REDHILL - TONBRIDGE,P43405,754,stop,2026-04-14,07:59:00,,
REDHILL - TONBRIDGE,P43405,754,stop,2026-04-01,07:59:00,,
REIGATE - EAST CROYDON,P25772,758,stop,2026-04-27,07:58:00,,
REIGATE - EAST CROYDON,P25772,758,stop,2026-04-14,07:58:00,,
REIGATE - EAST CROYDON,P25772,758,stop,2026-04-07,07:58:00,,
REIGATE - EAST CROYDON,P25772,758,stop,2026-04-23,07:58:00,,
REIGATE - EAST CROYDON,P25772,758,stop,2026-04-22,07:58:00,,
REIGATE - EAST CROYDON,P25772,758,stop,2026-04-02,07:58:00,,
REIGATE - EAST CROYDON,P25772,758,stop,2026-04-21,07:58:00,,
REIGATE - EAST CROYDON,P25772,758,stop,2026-04-01,07:58:00,,
REIGATE - EAST CROYDON,P25772,758,stop,2026-04-16,07:58:00,,
REIGATE - EAST CROYDON,P25616,802,stop,2026-04-11,08:02:00,,
REDHILL - TONBRIDGE,P43405,754,stop,2026-04-07,07:59:00,,
REDHILL - TONBRIDGE,P43405,754,stop,2026-04-09,07:59:00,,
REDHILL - TONBRIDGE,P43405,754,stop,2026-04-27,07:59:00,,
REDHILL - TONBRIDGE,P43405,754,stop,2026-04-21,07:59:00,,
REDHILL - TONBRIDGE,P43405,754,stop,2026-04-23,07:59:00,,
REDHILL - TONBRIDGE,P43405,754,stop,2026-04-02,07:59:00,,
REDHILL - TONBRIDGE,P43405,754,stop,2026-04-03,07:59:00,,
REDHILL - TONBRIDGE,P43405,754,stop,2026-04-24,07:59:00,,
REDHILL - TONBRIDGE,P43405,754,stop,2026-04-29,07:59:00,,
REDHILL - TONBRIDGE,P43405,754,stop,2026-04-15,07:59:00,,
REDHILL - TONBRIDGE,P43405,754,stop,2026-04-20,07:59:00,,
REDHILL - TONBRIDGE,P43405,754,stop,2026-04-13,07:59:00,,
REDHILL - TONBRIDGE,P43405,754,stop,2026-04-17,07:59:00,,
REDHILL - TONBRIDGE,P43405,754,stop,2026-04-10,07:59:00,,
REDHILL - TONBRIDGE,P43405,754,stop,2026-04-28,07:59:00,,
REDHILL - TONBRIDGE,P43410,819,stop,2026-04-05,08:23:00,,
REDHILL - TONBRIDGE,P43410,819,stop,2026-04-26,08:23:00,,
REDHILL - TONBRIDGE,P43410,819,stop,2026-04-12,08:23:00,,
REIGATE - REDHILL,X06708,812,stop,2026-04-19,08:12:00,,
REIGATE - REDHILL,X24332,808,stop,2026-04-26,08:08:00,,
REDHILL - TONBRIDGE,P43406,800,stop,2026-04-11,08:05:00,,
REDHILL - TONBRIDGE,P43406,800,stop,2026-04-25,08:05:00,,
REDHILL - TONBRIDGE,P43406,800,stop,2026-04-04,08:05:00,,
REDHILL - TONBRIDGE,P43406,800,stop,2026-04-18,08:05:00,,
REDHILL - TONBRIDGE,X92660,800,stop,2026-04-03,08:05:00,,
REDHILL - TONBRIDGE,X01690,800,stop,2026-04-06,08:05:00,,
REIGATE - EAST CROYDON,P25616,802,stop,2026-04-25,08:02:00,,
REIGATE - EAST CROYDON,P25616,802,stop,2026-04-04,08:02:00,,
REIGATE - REDHILL,P25616,802,stop,2026-04-18,08:02:00,,
REIGATE - EAST CROYDON,X96780,802,stop,2026-04-03,08:02:00,,
REIGATE - EAST CROYDON,X01525,802,stop,2026-04-06,08:02:00,,
TONBRIDGE - REDHILL,P43407,758,stop,2026-04-23,08:26:00,,
TONBRIDGE - REDHILL,P43407,758,stop,2026-04-24,08:26:00,,
TONBRIDGE - REDHILL,P43407,758,stop,2026-04-14,08:26:00,,
TONBRIDGE - REDHILL,P43407,758,stop,2026-04-07,08:26:00,,
TONBRIDGE - REDHILL,P43407,758,stop,2026-04-20,08:26:00,,
TONBRIDGE - REDHILL,P43407,758,stop,2026-04-27,08:26:00,,
TONBRIDGE - REDHILL,P43407,758,stop,2026-04-15,08:26:00,,
TONBRIDGE - REDHILL,P43407,758,stop,2026-04-21,08:26:00,,
TONBRIDGE - REDHILL,P43407,758,stop,2026-04-16,08:26:00,,
TONBRIDGE - REDHILL,P43407,758,stop,2026-04-22,08:26:00,,
TONBRIDGE - REDHILL,P43407,758,stop,2026-04-09,08:26:00,,
TONBRIDGE - REDHILL,P43407,758,stop,2026-04-08,08:26:00,,
TONBRIDGE - REDHILL,P43407,758,stop,2026-04-01,08:26:00,,
TONBRIDGE - REDHILL,P43407,758,stop,2026-04-10,08:26:00,,
TONBRIDGE - REDHILL,P43407,758,stop,2026-04-30,08:26:00,,
TONBRIDGE - REDHILL,P43407,758,stop,2026-04-03,08:26:00,,
TONBRIDGE - REDHILL,X92748,801,stop,2026-04-03,08:29:00,,
REIGATE - EAST CROYDON,P25773,829,stop,2026-04-30,08:29:00,,
REIGATE - EAST CROYDON,P25773,829,stop,2026-04-13,08:29:00,,
REIGATE - EAST CROYDON,P25773,829,stop,2026-04-29,08:29:00,,
REIGATE - EAST CROYDON,P25773,829,stop,2026-04-20,08:29:00,,
REIGATE - EAST CROYDON,P25773,829,stop,2026-04-02,08:29:00,,
REIGATE - EAST CROYDON,P25773,829,stop,2026-04-16,08:29:00,,
REIGATE - EAST CROYDON,P25773,829,stop,2026-04-21,08:29:00,,
REIGATE - EAST CROYDON,P25773,829,stop,2026-04-14,08:29:00,,
REIGATE - EAST CROYDON,P25773,829,stop,2026-04-17,08:29:00,,
TONBRIDGE - REDHILL,P43407,758,stop,2026-04-29,08:26:00,,
TONBRIDGE - REDHILL,P43407,758,stop,2026-04-06,08:26:00,,
TONBRIDGE - REDHILL,P43407,758,stop,2026-04-02,08:26:00,,
TONBRIDGE - REDHILL,P43407,758,stop,2026-04-13,08:26:00,,
TONBRIDGE - REDHILL,P43407,758,stop,2026-04-28,08:26:00,,
TONBRIDGE - REDHILL,P43407,758,stop,2026-04-17,08:26:00,,
TONBRIDGE - REDHILL,P43408,801,stop,2026-04-25,08:29:00,,
REIGATE - EAST CROYDON,P25773,829,stop,2026-04-08,08:29:00,,
REIGATE - EAST CROYDON,P25773,829,stop,2026-04-01,08:29:00,,
REIGATE - EAST CROYDON,P25773,829,stop,2026-04-23,08:29:00,,
REIGATE - EAST CROYDON,P25773,829,stop,2026-04-09,08:29:00,,
TONBRIDGE - REDHILL,P43408,801,stop,2026-04-18,08:29:00,,
REIGATE - EAST CROYDON,P25773,829,stop,2026-04-22,08:29:00,,
REIGATE - EAST CROYDON,P25773,829,stop,2026-04-07,08:29:00,,
REIGATE - EAST CROYDON,P25773,829,stop,2026-04-28,08:29:00,,
TONBRIDGE - REDHILL,X01691,801,stop,2026-04-06,08:29:00,,
REIGATE - EAST CROYDON,P25773,829,stop,2026-04-06,08:29:00,,
REIGATE - EAST CROYDON,P25773,829,stop,2026-04-24,08:29:00,,
REIGATE - EAST CROYDON,X01527,829,stop,2026-04-06,08:29:00,,
TONBRIDGE - REDHILL,P43408,801,stop,2026-04-11,08:29:00,,
REIGATE - EAST CROYDON,X96737,829,stop,2026-04-03,08:29:00,,
REIGATE - EAST CROYDON,P25773,829,stop,2026-04-15,08:29:00,,
REDHILL - TONBRIDGE,P43409,841,stop,2026-04-29,08:46:00,,
REDHILL - TONBRIDGE,P43409,841,stop,2026-04-23,08:46:00,,
REDHILL - TONBRIDGE,P43409,841,stop,2026-04-13,08:46:00,,
REDHILL - TONBRIDGE,P43409,841,stop,2026-04-21,08:46:00,,
REDHILL - TONBRIDGE,P43409,841,stop,2026-04-24,08:46:00,,
REDHILL - TONBRIDGE,P43409,841,stop,2026-04-28,08:46:00,,
REDHILL - TONBRIDGE,P43409,841,stop,2026-04-09,08:46:00,,
REIGATE - REDHILL,P25619,832,stop,2026-04-18,08:32:00,,
REIGATE - EAST CROYDON,P25619,832,stop,2026-04-11,08:32:00,,
REIGATE - EAST CROYDON,P25619,832,stop,2026-04-04,08:32:00,,
REIGATE - EAST CROYDON,P25619,832,stop,2026-04-25,08:32:00,,
REDHILL - TONBRIDGE,P43410,827,stop,2026-04-19,08:31:00,,
TONBRIDGE - REDHILL,P43408,803,stop,2026-04-04,08:31:00,,
REIGATE - EAST CROYDON,P25773,829,stop,2026-04-03,08:29:00,,
REIGATE - EAST CROYDON,P25773,829,stop,2026-04-27,08:29:00,,
REIGATE - EAST CROYDON,P25773,829,stop,2026-04-10,08:29:00,,
TONBRIDGE - REDHILL,P43412,826,stop,2026-04-26,08:53:00,,
REDHILL - TONBRIDGE,P43409,841,stop,2026-04-02,08:46:00,,
REDHILL - TONBRIDGE,P43409,841,stop,2026-04-03,08:46:00,,
REDHILL - TONBRIDGE,P43409,841,stop,2026-04-20,08:46:00,,
REDHILL - TONBRIDGE,P43409,841,stop,2026-04-06,08:46:00,,
REDHILL - TONBRIDGE,P43409,841,stop,2026-04-22,08:46:00,,
REDHILL - TONBRIDGE,P43409,841,stop,2026-04-30,08:46:00,,
REDHILL - TONBRIDGE,P43409,841,stop,2026-04-16,08:46:00,,
REDHILL - TONBRIDGE,P43409,841,stop,2026-04-01,08:46:00,,
REDHILL - TONBRIDGE,P43409,841,stop,2026-04-10,08:46:00,,
REDHILL - TONBRIDGE,P43409,841,stop,2026-04-08,08:46:00,,
REDHILL - TONBRIDGE,P43409,841,stop,2026-04-14,08:46:00,,
REDHILL - TONBRIDGE,P43409,841,stop,2026-04-27,08:46:00,,
REDHILL - TONBRIDGE,P43409,841,stop,2026-04-17,08:46:00,,
REDHILL - TONBRIDGE,P43409,841,stop,2026-04-07,08:46:00,,
REDHILL - TONBRIDGE,P43409,841,stop,2026-04-15,08:46:00,,
REIGATE - EAST CROYDON,P25774,858,stop,2026-04-21,08:58:00,,
REIGATE - EAST CROYDON,P25774,858,stop,2026-04-27,08:58:00,,
REIGATE - EAST CROYDON,P25774,858,stop,2026-04-01,08:58:00,,
REIGATE - EAST CROYDON,P25774,858,stop,2026-04-02,08:58:00,,
REIGATE - EAST CROYDON,P25774,858,stop,2026-04-03,08:58:00,,
REIGATE - EAST CROYDON,P25774,858,stop,2026-04-08,08:58:00,,
REIGATE - EAST CROYDON,P25774,858,stop,2026-04-09,08:58:00,,
REIGATE - EAST CROYDON,P25774,858,stop,2026-04-20,08:58:00,,
REIGATE - EAST CROYDON,P25774,858,stop,2026-04-16,08:58:00,,
REIGATE - EAST CROYDON,P25774,858,stop,2026-04-24,08:58:00,,
REIGATE - EAST CROYDON,P25774,858,stop,2026-04-15,08:58:00,,
REIGATE - EAST CROYDON,P25774,858,stop,2026-04-06,08:58:00,,
REIGATE - EAST CROYDON,P25774,858,stop,2026-04-23,08:58:00,,
TONBRIDGE - REDHILL,P43412,829,stop,2026-04-05,08:56:00,,
TONBRIDGE - REDHILL,P43412,826,stop,2026-04-12,08:53:00,,
TONBRIDGE - REDHILL,P43412,826,stop,2026-04-19,08:53:00,,
TONBRIDGE - REDHILL,P43411,833,stop,2026-04-08,09:00:00,,
TONBRIDGE - REDHILL,P43411,833,stop,2026-04-02,09:00:00,,
TONBRIDGE - REDHILL,P43411,833,stop,2026-04-15,09:00:00,,
TONBRIDGE - REDHILL,P43411,833,stop,2026-04-14,09:00:00,,
TONBRIDGE - REDHILL,P43411,833,stop,2026-04-01,09:00:00,,
REIGATE - EAST CROYDON,X96698,859,stop,2026-04-03,08:59:00,,
REIGATE - EAST CROYDON,X00704,859,stop,2026-04-06,08:59:00,,
REIGATE - EAST CROYDON,P25774,858,stop,2026-04-28,08:58:00,,
REIGATE - EAST CROYDON,P25774,858,stop,2026-04-30,08:58:00,,
REIGATE - EAST CROYDON,P25774,858,stop,2026-04-10,08:58:00,,
REIGATE - EAST CROYDON,P25774,858,stop,2026-04-13,08:58:00,,
REIGATE - EAST CROYDON,P25774,858,stop,2026-04-22,08:58:00,,
REIGATE - EAST CROYDON,P25774,858,stop,2026-04-07,08:58:00,,
REIGATE - EAST CROYDON,P25774,858,stop,2026-04-14,08:58:00,,
REIGATE - EAST CROYDON,P25774,858,stop,2026-04-17,08:58:00,,
REIGATE - EAST CROYDON,P25774,858,stop,2026-04-29,08:58:00,,
TONBRIDGE - REDHILL,P43411,833,stop,2026-04-06,09:00:00,,
TONBRIDGE - REDHILL,P43411,833,stop,2026-04-17,09:00:00,,
TONBRIDGE - REDHILL,P43411,833,stop,2026-04-24,09:00:00,,
TONBRIDGE - REDHILL,P43411,833,stop,2026-04-09,09:00:00,,
TONBRIDGE - REDHILL,P43411,833,stop,2026-04-29,09:00:00,,
TONBRIDGE - REDHILL,P43411,833,stop,2026-04-30,09:00:00,,
TONBRIDGE - REDHILL,P43411,833,stop,2026-04-13,09:00:00,,
TONBRIDGE - REDHILL,P43411,833,stop,2026-04-23,09:00:00,,
TONBRIDGE - REDHILL,P43411,833,stop,2026-04-28,09:00:00,,
TONBRIDGE - REDHILL,P43411,833,stop,2026-04-16,09:00:00,,
TONBRIDGE - REDHILL,P43411,833,stop,2026-04-20,09:00:00,,
TONBRIDGE - REDHILL,P43411,833,stop,2026-04-03,09:00:00,,
TONBRIDGE - REDHILL,P43411,833,stop,2026-04-07,09:00:00,,
TONBRIDGE - REDHILL,P43411,833,stop,2026-04-10,09:00:00,,
TONBRIDGE - REDHILL,P43411,833,stop,2026-04-22,09:00:00,,
TONBRIDGE - REDHILL,P43411,833,stop,2026-04-27,09:00:00,,
REIGATE - REDHILL,X24330,922,stop,2026-04-26,09:22:00,,
REIGATE - REDHILL,P25623,922,stop,2026-04-19,09:22:00,,
REDHILL - TONBRIDGE,X96701,900,stop,2026-04-03,09:05:00,,
REDHILL - TONBRIDGE,P43413,900,stop,2026-04-04,09:05:00,,
REDHILL - TONBRIDGE,P43413,900,stop,2026-04-18,09:05:00,,
REIGATE - EAST CROYDON,P25623,905,stop,2026-04-12,09:05:00,,
REDHILL - TONBRIDGE,P43413,900,stop,2026-04-11,09:05:00,,
REIGATE - EAST CROYDON,P25623,905,stop,2026-04-05,09:05:00,,
REDHILL - TONBRIDGE,P43413,900,stop,2026-04-25,09:05:00,,
REDHILL - TONBRIDGE,X01131,900,stop,2026-04-06,09:05:00,,
REIGATE - EAST CROYDON,P25623,905,stop,2026-04-26,09:05:00,,
REIGATE - EAST CROYDON,P25622,902,stop,2026-04-04,09:02:00,,
REIGATE - REDHILL,P25622,902,stop,2026-04-18,09:02:00,,
REIGATE - EAST CROYDON,P25622,902,stop,2026-04-11,09:02:00,,
REIGATE - EAST CROYDON,P25622,902,stop,2026-04-25,09:02:00,,
TONBRIDGE - REDHILL,P43411,833,stop,2026-04-21,09:00:00,,
REIGATE - EAST CROYDON,P25775,928,stop,2026-04-09,09:28:00,,
REIGATE - EAST CROYDON,P25775,928,stop,2026-04-30,09:28:00,,
REIGATE - EAST CROYDON,P25775,928,stop,2026-04-03,09:28:00,,
REIGATE - EAST CROYDON,P25775,928,stop,2026-04-22,09:28:00,,
REIGATE - EAST CROYDON,P25775,928,stop,2026-04-21,09:28:00,,
REIGATE - EAST CROYDON,P25775,928,stop,2026-04-28,09:28:00,,
REIGATE - EAST CROYDON,P25775,928,stop,2026-04-02,09:28:00,,
REIGATE - EAST CROYDON,P25775,928,stop,2026-04-01,09:28:00,,
REIGATE - EAST CROYDON,P25775,928,stop,2026-04-06,09:28:00,,
REIGATE - EAST CROYDON,P25775,928,stop,2026-04-14,09:28:00,,
REIGATE - EAST CROYDON,P25775,928,stop,2026-04-17,09:28:00,,
REIGATE - EAST CROYDON,P25775,928,stop,2026-04-07,09:28:00,,
REIGATE - EAST CROYDON,P25775,928,stop,2026-04-15,09:28:00,,
REIGATE - EAST CROYDON,P25775,928,stop,2026-04-10,09:28:00,,
REDHILL - TONBRIDGE,P43414,921,stop,2026-04-12,09:25:00,,
REDHILL - TONBRIDGE,P43414,921,stop,2026-04-05,09:25:00,,
REDHILL - TONBRIDGE,P43416,925,stop,2026-04-02,09:30:00,,
REDHILL - TONBRIDGE,P43416,925,stop,2026-04-16,09:30:00,,
REDHILL - TONBRIDGE,P43416,925,stop,2026-04-10,09:30:00,,
TONBRIDGE - REDHILL,X01692,901,stop,2026-04-06,09:29:00,,
TONBRIDGE - REDHILL,P43415,901,stop,2026-04-11,09:29:00,,
TONBRIDGE - REDHILL,P43415,901,stop,2026-04-25,09:29:00,,
TONBRIDGE - REDHILL,X92836,901,stop,2026-04-03,09:29:00,,
TONBRIDGE - REDHILL,P43415,901,stop,2026-04-18,09:29:00,,
REIGATE - EAST CROYDON,P25775,928,stop,2026-04-23,09:28:00,,
REIGATE - EAST CROYDON,P25775,928,stop,2026-04-08,09:28:00,,
REIGATE - EAST CROYDON,P25775,928,stop,2026-04-13,09:28:00,,
REIGATE - EAST CROYDON,P25775,928,stop,2026-04-27,09:28:00,,
REIGATE - EAST CROYDON,P25775,928,stop,2026-04-29,09:28:00,,
REIGATE - EAST CROYDON,P25775,928,stop,2026-04-24,09:28:00,,
REIGATE - EAST CROYDON,P25775,928,stop,2026-04-16,09:28:00,,
REIGATE - EAST CROYDON,P25775,928,stop,2026-04-20,09:28:00,,
REDHILL - TONBRIDGE,P43416,925,stop,2026-04-27,09:30:00,,
REDHILL - TONBRIDGE,P43416,925,stop,2026-04-09,09:30:00,,
REDHILL - TONBRIDGE,P43416,925,stop,2026-04-30,09:30:00,,
REDHILL - TONBRIDGE,P43416,925,stop,2026-04-21,09:30:00,,
REDHILL - TONBRIDGE,P43416,925,stop,2026-04-07,09:30:00,,
REDHILL - TONBRIDGE,P43416,925,stop,2026-04-17,09:30:00,,
REDHILL - TONBRIDGE,P43416,925,stop,2026-04-24,09:30:00,,
REDHILL - TONBRIDGE,P43416,925,stop,2026-04-08,09:30:00,,
REDHILL - TONBRIDGE,P43416,925,stop,2026-04-13,09:30:00,,
REDHILL - TONBRIDGE,P43416,925,stop,2026-04-03,09:30:00,,
REDHILL - TONBRIDGE,P43416,925,stop,2026-04-06,09:30:00,,
REDHILL - TONBRIDGE,P43416,925,stop,2026-04-15,09:30:00,,
REDHILL - TONBRIDGE,P43416,925,stop,2026-04-14,09:30:00,,
REDHILL - TONBRIDGE,P43416,925,stop,2026-04-20,09:30:00,,
REDHILL - TONBRIDGE,P43416,925,stop,2026-04-28,09:30:00,,
REDHILL - TONBRIDGE,P43416,925,stop,2026-04-22,09:30:00,,
TONBRIDGE - REDHILL,P43417,924,stop,2026-04-03,09:51:00,,
TONBRIDGE - REDHILL,P43417,924,stop,2026-04-14,09:51:00,,
TONBRIDGE - REDHILL,P43417,924,stop,2026-04-22,09:51:00,,
TONBRIDGE - REDHILL,P43417,924,stop,2026-04-30,09:51:00,,
REDHILL - TONBRIDGE,P43414,937,stop,2026-04-26,09:41:00,,
REDHILL - TONBRIDGE,P43414,930,stop,2026-04-19,09:34:00,,
REIGATE - EAST CROYDON,P25626,932,stop,2026-04-25,09:32:00,,
REIGATE - REDHILL,P25626,932,stop,2026-04-18,09:32:00,,
REIGATE - EAST CROYDON,P25626,932,stop,2026-04-04,09:32:00,,
REIGATE - EAST CROYDON,P25626,932,stop,2026-04-11,09:32:00,,
REIGATE - EAST CROYDON,X96656,932,stop,2026-04-03,09:32:00,,
REIGATE - EAST CROYDON,X01530,932,stop,2026-04-06,09:32:00,,
TONBRIDGE - REDHILL,P43415,903,stop,2026-04-04,09:31:00,,
REDHILL - TONBRIDGE,P43416,925,stop,2026-04-23,09:30:00,,
REDHILL - TONBRIDGE,P43416,925,stop,2026-04-01,09:30:00,,
REDHILL - TONBRIDGE,P43416,925,stop,2026-04-29,09:30:00,,
TONBRIDGE - REDHILL,P43417,924,stop,2026-04-20,09:51:00,,
TONBRIDGE - REDHILL,P43417,924,stop,2026-04-16,09:51:00,,
TONBRIDGE - REDHILL,P43417,924,stop,2026-04-09,09:51:00,,
TONBRIDGE - REDHILL,P43417,924,stop,2026-04-29,09:51:00,,
TONBRIDGE - REDHILL,P43417,924,stop,2026-04-10,09:51:00,,
TONBRIDGE - REDHILL,P43417,924,stop,2026-04-01,09:51:00,,
TONBRIDGE - REDHILL,P43417,924,stop,2026-04-08,09:51:00,,
TONBRIDGE - REDHILL,P43417,924,stop,2026-04-27,09:51:00,,
TONBRIDGE - REDHILL,P43417,924,stop,2026-04-02,09:51:00,,
TONBRIDGE - REDHILL,P43417,924,stop,2026-04-13,09:51:00,,
TONBRIDGE - REDHILL,P43417,924,stop,2026-04-07,09:51:00,,
TONBRIDGE - REDHILL,P43417,924,stop,2026-04-24,09:51:00,,
TONBRIDGE - REDHILL,P43417,924,stop,2026-04-06,09:51:00,,
TONBRIDGE - REDHILL,P43417,924,stop,2026-04-17,09:51:00,,
TONBRIDGE - REDHILL,P43417,924,stop,2026-04-21,09:51:00,,
TONBRIDGE - REDHILL,P43417,924,stop,2026-04-15,09:51:00,,
REIGATE - EAST CROYDON,P25630,1002,stop,2026-04-20,10:02:00,,
REIGATE - EAST CROYDON,P25630,1002,stop,2026-04-27,10:02:00,,
REIGATE - EAST CROYDON,P25630,1002,stop,2026-04-28,10:02:00,,
REIGATE - EAST CROYDON,P25630,1002,stop,2026-04-23,10:02:00,,
REIGATE - EAST CROYDON,P25630,1002,stop,2026-04-24,10:02:00,,
REIGATE - EAST CROYDON,X96616,1002,stop,2026-04-03,10:02:00,,
REIGATE - EAST CROYDON,P25630,1002,stop,2026-04-30,10:02:00,,
REIGATE - EAST CROYDON,P25630,1002,stop,2026-04-21,10:02:00,,
REIGATE - EAST CROYDON,P25630,1002,stop,2026-04-29,10:02:00,,
REIGATE - EAST CROYDON,P25630,1002,stop,2026-04-03,10:02:00,,
TONBRIDGE - REDHILL,P43418,929,stop,2026-04-05,09:56:00,,
TONBRIDGE - REDHILL,P43418,926,stop,2026-04-26,09:53:00,,
TONBRIDGE - REDHILL,P43418,926,stop,2026-04-19,09:53:00,,
TONBRIDGE - REDHILL,P43418,926,stop,2026-04-12,09:53:00,,
TONBRIDGE - REDHILL,P43417,924,stop,2026-04-28,09:51:00,,
TONBRIDGE - REDHILL,P43417,924,stop,2026-04-23,09:51:00,,
REIGATE - EAST CROYDON,X00705,1002,stop,2026-04-06,10:02:00,,
REIGATE - EAST CROYDON,P25630,1002,stop,2026-04-08,10:02:00,,
REIGATE - EAST CROYDON,P25631,1002,stop,2026-04-04,10:02:00,,
REIGATE - REDHILL,P25631,1002,stop,2026-04-18,10:02:00,,
REIGATE - EAST CROYDON,P25630,1002,stop,2026-04-14,10:02:00,,
REIGATE - EAST CROYDON,P25631,1002,stop,2026-04-11,10:02:00,,
REIGATE - EAST CROYDON,P25630,1002,stop,2026-04-10,10:02:00,,
REIGATE - EAST CROYDON,P25630,1002,stop,2026-04-09,10:02:00,,
REIGATE - EAST CROYDON,P25630,1002,stop,2026-04-07,10:02:00,,
REIGATE - EAST CROYDON,P25630,1002,stop,2026-04-01,10:02:00,,
REIGATE - EAST CROYDON,P25630,1002,stop,2026-04-17,10:02:00,,
REIGATE - EAST CROYDON,P25630,1002,stop,2026-04-16,10:02:00,,
REIGATE - EAST CROYDON,P25630,1002,stop,2026-04-02,10:02:00,,
REIGATE - EAST CROYDON,P25630,1002,stop,2026-04-15,10:02:00,,
REIGATE - EAST CROYDON,P25631,1002,stop,2026-04-25,10:02:00,,
REIGATE - EAST CROYDON,P25630,1002,stop,2026-04-22,10:02:00,,
REDHILL - TONBRIDGE,P43419,1000,stop,2026-04-06,10:05:00,,
REDHILL - TONBRIDGE,X01132,1000,stop,2026-04-06,10:05:00,,
REDHILL - TONBRIDGE,P43419,1000,stop,2026-04-14,10:05:00,,
REDHILL - TONBRIDGE,P43419,1000,stop,2026-04-01,10:05:00,,
REDHILL - TONBRIDGE,P43419,1000,stop,2026-04-13,10:05:00,,
REDHILL - TONBRIDGE,P43419,1000,stop,2026-04-24,10:05:00,,
REDHILL - TONBRIDGE,P43419,1000,stop,2026-04-07,10:05:00,,
REDHILL - TONBRIDGE,P43419,1000,stop,2026-04-15,10:05:00,,
REDHILL - TONBRIDGE,P43419,1000,stop,2026-04-27,10:05:00,,
REDHILL - TONBRIDGE,P43419,1000,stop,2026-04-21,10:05:00,,
REDHILL - TONBRIDGE,P43419,1000,stop,2026-04-03,10:05:00,,
REDHILL - TONBRIDGE,P43419,1000,stop,2026-04-17,10:05:00,,
REDHILL - TONBRIDGE,P43420,1000,stop,2026-04-04,10:05:00,,
REDHILL - TONBRIDGE,P43419,1000,stop,2026-04-08,10:05:00,,
REIGATE - EAST CROYDON,P25630,1002,stop,2026-04-13,10:02:00,,
REIGATE - EAST CROYDON,P25630,1002,stop,2026-04-06,10:02:00,,
REIGATE - EAST CROYDON,P25632,1005,stop,2026-04-05,10:05:00,,
REDHILL - TONBRIDGE,P43419,1000,stop,2026-04-23,10:05:00,,
REDHILL - TONBRIDGE,P43419,1000,stop,2026-04-16,10:05:00,,
REDHILL - TONBRIDGE,P43419,1000,stop,2026-04-29,10:05:00,,
REDHILL - TONBRIDGE,P43419,1000,stop,2026-04-10,10:05:00,,
REDHILL - TONBRIDGE,P43419,1000,stop,2026-04-20,10:05:00,,
REDHILL - TONBRIDGE,P43419,1000,stop,2026-04-02,10:05:00,,
REDHILL - TONBRIDGE,P43419,1000,stop,2026-04-28,10:05:00,,
REDHILL - TONBRIDGE,P43419,1000,stop,2026-04-30,10:05:00,,
REIGATE - EAST CROYDON,P25632,1005,stop,2026-04-26,10:05:00,,
REDHILL - TONBRIDGE,P43419,1000,stop,2026-04-22,10:05:00,,
REDHILL - TONBRIDGE,P43419,1000,stop,2026-04-09,10:05:00,,
REDHILL - TONBRIDGE,P43420,1000,stop,2026-04-18,10:05:00,,
REDHILL - TONBRIDGE,X96619,1000,stop,2026-04-03,10:05:00,,
REDHILL - TONBRIDGE,P43420,1000,stop,2026-04-25,10:05:00,,
REIGATE - EAST CROYDON,P25632,1005,stop,2026-04-12,10:05:00,,
TONBRIDGE - REDHILL,P43422,1001,stop,2026-04-13,10:29:00,,
TONBRIDGE - REDHILL,P43422,1001,stop,2026-04-06,10:29:00,,
TONBRIDGE - REDHILL,P43423,1001,stop,2026-04-18,10:29:00,,
TONBRIDGE - REDHILL,P43423,1001,stop,2026-04-25,10:29:00,,
TONBRIDGE - REDHILL,P43422,1001,stop,2026-04-09,10:29:00,,
TONBRIDGE - REDHILL,P43422,1001,stop,2026-04-28,10:29:00,,
TONBRIDGE - REDHILL,P43422,1001,stop,2026-04-29,10:29:00,,
TONBRIDGE - REDHILL,P43423,1001,stop,2026-04-11,10:29:00,,
TONBRIDGE - REDHILL,P43422,1001,stop,2026-04-21,10:29:00,,
TONBRIDGE - REDHILL,P43422,1001,stop,2026-04-14,10:29:00,,
TONBRIDGE - REDHILL,P43422,1001,stop,2026-04-17,10:29:00,,
REDHILL - TONBRIDGE,P43421,1021,stop,2026-04-05,10:25:00,,
REDHILL - TONBRIDGE,P43421,1021,stop,2026-04-12,10:25:00,,
REIGATE - REDHILL,P25632,1022,stop,2026-04-19,10:22:00,,
REIGATE - REDHILL,X24316,1022,stop,2026-04-26,10:22:00,,
REDHILL - TONBRIDGE,P43420,1000,stop,2026-04-11,10:05:00,,
TONBRIDGE - REDHILL,P43422,1001,stop,2026-04-24,10:29:00,,
TONBRIDGE - REDHILL,P43422,1001,stop,2026-04-23,10:29:00,,
TONBRIDGE - REDHILL,P43422,1001,stop,2026-04-03,10:29:00,,
TONBRIDGE - REDHILL,P43422,1001,stop,2026-04-15,10:29:00,,
TONBRIDGE - REDHILL,P43422,1001,stop,2026-04-22,10:29:00,,
TONBRIDGE - REDHILL,P43422,1001,stop,2026-04-30,10:29:00,,
TONBRIDGE - REDHILL,P43422,1001,stop,2026-04-02,10:29:00,,
TONBRIDGE - REDHILL,P43422,1001,stop,2026-04-16,10:29:00,,
TONBRIDGE - REDHILL,X92747,1001,stop,2026-04-03,10:29:00,,
TONBRIDGE - REDHILL,X01693,1001,stop,2026-04-06,10:29:00,,
TONBRIDGE - REDHILL,P43422,1001,stop,2026-04-01,10:29:00,,
TONBRIDGE - REDHILL,P43422,1001,stop,2026-04-10,10:29:00,,
TONBRIDGE - REDHILL,P43422,1001,stop,2026-04-08,10:29:00,,
TONBRIDGE - REDHILL,P43422,1001,stop,2026-04-27,10:29:00,,
TONBRIDGE - REDHILL,P43422,1001,stop,2026-04-07,10:29:00,,
TONBRIDGE - REDHILL,P43422,1001,stop,2026-04-20,10:29:00,,
REIGATE - EAST CROYDON,P25635,1032,stop,2026-04-03,10:32:00,,
REIGATE - EAST CROYDON,P25635,1032,stop,2026-04-01,10:32:00,,
REIGATE - EAST CROYDON,P25635,1032,stop,2026-04-28,10:32:00,,
REIGATE - EAST CROYDON,P25635,1032,stop,2026-04-22,10:32:00,,
REIGATE - EAST CROYDON,P25635,1032,stop,2026-04-20,10:32:00,,
REIGATE - EAST CROYDON,P25635,1032,stop,2026-04-16,10:32:00,,
REIGATE - EAST CROYDON,P25636,1032,stop,2026-04-11,10:32:00,,
REIGATE - EAST CROYDON,P25635,1032,stop,2026-04-23,10:32:00,,
REIGATE - EAST CROYDON,P25635,1032,stop,2026-04-27,10:32:00,,
REIGATE - EAST CROYDON,P25635,1032,stop,2026-04-08,10:32:00,,
REIGATE - EAST CROYDON,P25635,1032,stop,2026-04-15,10:32:00,,
REIGATE - EAST CROYDON,P25635,1032,stop,2026-04-10,10:32:00,,
REIGATE - EAST CROYDON,P25635,1032,stop,2026-04-24,10:32:00,,
REIGATE - EAST CROYDON,P25635,1032,stop,2026-04-13,10:32:00,,
REIGATE - EAST CROYDON,P25635,1032,stop,2026-04-17,10:32:00,,
TONBRIDGE - REDHILL,P43423,1003,stop,2026-04-04,10:31:00,,
TONBRIDGE - REDHILL,P43424,1026,stop,2026-04-26,10:53:00,,
REDHILL - TONBRIDGE,P43421,1037,stop,2026-04-26,10:41:00,,
REDHILL - TONBRIDGE,P43421,1030,stop,2026-04-19,10:34:00,,
REIGATE - EAST CROYDON,P25636,1032,stop,2026-04-25,10:32:00,,
REIGATE - EAST CROYDON,P25635,1032,stop,2026-04-29,10:32:00,,
REIGATE - EAST CROYDON,P25636,1032,stop,2026-04-04,10:32:00,,
REIGATE - EAST CROYDON,P25635,1032,stop,2026-04-30,10:32:00,,
REIGATE - EAST CROYDON,P25635,1032,stop,2026-04-09,10:32:00,,
REIGATE - EAST CROYDON,X96575,1032,stop,2026-04-03,10:32:00,,
REIGATE - EAST CROYDON,P25635,1032,stop,2026-04-06,10:32:00,,
REIGATE - REDHILL,P25636,1032,stop,2026-04-18,10:32:00,,
REIGATE - EAST CROYDON,P25635,1032,stop,2026-04-21,10:32:00,,
REIGATE - EAST CROYDON,P25635,1032,stop,2026-04-02,10:32:00,,
REIGATE - EAST CROYDON,P25635,1032,stop,2026-04-14,10:32:00,,
REIGATE - EAST CROYDON,X01533,1032,stop,2026-04-06,10:32:00,,
REIGATE - EAST CROYDON,P25635,1032,stop,2026-04-07,10:32:00,,
REIGATE - EAST CROYDON,P25640,1102,stop,2026-04-07,11:02:00,,
REIGATE - EAST CROYDON,P25640,1102,stop,2026-04-17,11:02:00,,
REIGATE - EAST CROYDON,P25640,1102,stop,2026-04-01,11:02:00,,
REIGATE - EAST CROYDON,P25640,1102,stop,2026-04-24,11:02:00,,
REIGATE - EAST CROYDON,P25640,1102,stop,2026-04-27,11:02:00,,
REIGATE - EAST CROYDON,P25640,1102,stop,2026-04-08,11:02:00,,
REIGATE - EAST CROYDON,P25640,1102,stop,2026-04-16,11:02:00,,
REIGATE - EAST CROYDON,P25640,1102,stop,2026-04-28,11:02:00,,
REIGATE - EAST CROYDON,P25640,1102,stop,2026-04-14,11:02:00,,
REIGATE - EAST CROYDON,P25640,1102,stop,2026-04-23,11:02:00,,
REIGATE - EAST CROYDON,X96535,1102,stop,2026-04-03,11:02:00,,
REIGATE - EAST CROYDON,P25640,1102,stop,2026-04-03,11:02:00,,
REIGATE - EAST CROYDON,P25640,1102,stop,2026-04-09,11:02:00,,
TONBRIDGE - REDHILL,P43424,1029,stop,2026-04-05,10:56:00,,
TONBRIDGE - REDHILL,P43424,1026,stop,2026-04-19,10:53:00,,
TONBRIDGE - REDHILL,P43424,1026,stop,2026-04-12,10:53:00,,
REDHILL - TONBRIDGE,P43425,1100,stop,2026-04-29,11:05:00,,
REIGATE - EAST CROYDON,P25640,1102,stop,2026-04-15,11:02:00,,
REIGATE - EAST CROYDON,P25640,1102,stop,2026-04-22,11:02:00,,
REIGATE - EAST CROYDON,P25640,1102,stop,2026-04-21,11:02:00,,
REIGATE - EAST CROYDON,P25640,1102,stop,2026-04-13,11:02:00,,
REIGATE - EAST CROYDON,P25640,1102,stop,2026-04-29,11:02:00,,
REIGATE - EAST CROYDON,P25640,1102,stop,2026-04-30,11:02:00,,
REIGATE - EAST CROYDON,P25641,1102,stop,2026-04-11,11:02:00,,
REIGATE - EAST CROYDON,P25640,1102,stop,2026-04-02,11:02:00,,
REIGATE - EAST CROYDON,P25641,1102,stop,2026-04-04,11:02:00,,
REIGATE - EAST CROYDON,P25640,1102,stop,2026-04-10,11:02:00,,
REIGATE - EAST CROYDON,P25640,1102,stop,2026-04-20,11:02:00,,
REIGATE - REDHILL,P25641,1102,stop,2026-04-18,11:02:00,,
REIGATE - EAST CROYDON,P25641,1102,stop,2026-04-25,11:02:00,,
REIGATE - EAST CROYDON,P25640,1102,stop,2026-04-06,11:02:00,,
REIGATE - EAST CROYDON,X00706,1102,stop,2026-04-06,11:02:00,,
REIGATE - EAST CROYDON,P25642,1105,stop,2026-04-05,11:05:00,,
REDHILL - TONBRIDGE,P43425,1100,stop,2026-04-09,11:05:00,,
REDHILL - TONBRIDGE,P43425,1100,stop,2026-04-08,11:05:00,,
REDHILL - TONBRIDGE,P43425,1100,stop,2026-04-22,11:05:00,,
REDHILL - TONBRIDGE,P43425,1100,stop,2026-04-10,11:05:00,,
REDHILL - TONBRIDGE,P43426,1100,stop,2026-04-18,11:05:00,,
REDHILL - TONBRIDGE,P43425,1100,stop,2026-04-30,11:05:00,,
REIGATE - EAST CROYDON,P25642,1105,stop,2026-04-12,11:05:00,,
REDHILL - TONBRIDGE,P43425,1100,stop,2026-04-17,11:05:00,,
REDHILL - TONBRIDGE,P43426,1100,stop,2026-04-04,11:05:00,,
REDHILL - TONBRIDGE,P43425,1100,stop,2026-04-03,11:05:00,,
REDHILL - TONBRIDGE,P43426,1100,stop,2026-04-25,11:05:00,,
REDHILL - TONBRIDGE,P43425,1100,stop,2026-04-21,11:05:00,,
REDHILL - TONBRIDGE,P43425,1100,stop,2026-04-24,11:05:00,,
REDHILL - TONBRIDGE,P43425,1100,stop,2026-04-23,11:05:00,,
REDHILL - TONBRIDGE,P43425,1100,stop,2026-04-15,11:05:00,,
REIGATE - REDHILL,X24315,1122,stop,2026-04-26,11:22:00,,
REIGATE - REDHILL,P25642,1122,stop,2026-04-19,11:22:00,,
REDHILL - TONBRIDGE,P43425,1100,stop,2026-04-07,11:05:00,,
REIGATE - EAST CROYDON,P25642,1105,stop,2026-04-26,11:05:00,,
REDHILL - TONBRIDGE,P43425,1100,stop,2026-04-14,11:05:00,,
REDHILL - TONBRIDGE,P43426,1100,stop,2026-04-11,11:05:00,,
REDHILL - TONBRIDGE,P43425,1100,stop,2026-04-16,11:05:00,,
REDHILL - TONBRIDGE,P43425,1100,stop,2026-04-20,11:05:00,,
REDHILL - TONBRIDGE,P43425,1100,stop,2026-04-27,11:05:00,,
REDHILL - TONBRIDGE,P43425,1100,stop,2026-04-02,11:05:00,,
REDHILL - TONBRIDGE,P43425,1100,stop,2026-04-06,11:05:00,,
REDHILL - TONBRIDGE,X01133,1100,stop,2026-04-06,11:05:00,,
REDHILL - TONBRIDGE,P43425,1100,stop,2026-04-28,11:05:00,,
REDHILL - TONBRIDGE,P43425,1100,stop,2026-04-01,11:05:00,,
REDHILL - TONBRIDGE,P43425,1100,stop,2026-04-13,11:05:00,,
REDHILL - TONBRIDGE,X96538,1100,stop,2026-04-03,11:05:00,,
TONBRIDGE - REDHILL,P43428,1101,stop,2026-04-16,11:29:00,,
TONBRIDGE - REDHILL,P43428,1101,stop,2026-04-03,11:29:00,,
TONBRIDGE - REDHILL,P43428,1101,stop,2026-04-01,11:29:00,,
TONBRIDGE - REDHILL,P43428,1101,stop,2026-04-06,11:29:00,,
TONBRIDGE - REDHILL,X01694,1101,stop,2026-04-06,11:29:00,,
TONBRIDGE - REDHILL,P43428,1101,stop,2026-04-13,11:29:00,,
TONBRIDGE - REDHILL,P43428,1101,stop,2026-04-29,11:29:00,,
TONBRIDGE - REDHILL,P43428,1101,stop,2026-04-21,11:29:00,,
TONBRIDGE - REDHILL,P43428,1101,stop,2026-04-14,11:29:00,,
TONBRIDGE - REDHILL,P43428,1101,stop,2026-04-28,11:29:00,,
TONBRIDGE - REDHILL,P43428,1101,stop,2026-04-09,11:29:00,,
TONBRIDGE - REDHILL,P43428,1101,stop,2026-04-22,11:29:00,,
TONBRIDGE - REDHILL,P43429,1101,stop,2026-04-11,11:29:00,,
TONBRIDGE - REDHILL,P43428,1101,stop,2026-04-02,11:29:00,,
REDHILL - TONBRIDGE,P43427,1121,stop,2026-04-05,11:25:00,,
REDHILL - TONBRIDGE,P43427,1121,stop,2026-04-12,11:25:00,,
REIGATE - EAST CROYDON,P25645,1132,stop,2026-04-21,11:32:00,,
REIGATE - REDHILL,P25646,1132,stop,2026-04-18,11:32:00,,
TONBRIDGE - REDHILL,P43429,1103,stop,2026-04-04,11:31:00,,
TONBRIDGE - REDHILL,P43428,1101,stop,2026-04-23,11:29:00,,
TONBRIDGE - REDHILL,P43428,1101,stop,2026-04-20,11:29:00,,
TONBRIDGE - REDHILL,P43428,1101,stop,2026-04-30,11:29:00,,
TONBRIDGE - REDHILL,P43428,1101,stop,2026-04-17,11:29:00,,
TONBRIDGE - REDHILL,P43428,1101,stop,2026-04-08,11:29:00,,
TONBRIDGE - REDHILL,P43429,1101,stop,2026-04-25,11:29:00,,
TONBRIDGE - REDHILL,P43429,1101,stop,2026-04-18,11:29:00,,
TONBRIDGE - REDHILL,P43428,1101,stop,2026-04-27,11:29:00,,
TONBRIDGE - REDHILL,P43428,1101,stop,2026-04-15,11:29:00,,
TONBRIDGE - REDHILL,P43428,1101,stop,2026-04-24,11:29:00,,
TONBRIDGE - REDHILL,X92920,1101,stop,2026-04-03,11:29:00,,
TONBRIDGE - REDHILL,P43428,1101,stop,2026-04-10,11:29:00,,
TONBRIDGE - REDHILL,P43428,1101,stop,2026-04-07,11:29:00,,
REIGATE - EAST CROYDON,P25645,1132,stop,2026-04-16,11:32:00,,
REIGATE - EAST CROYDON,P25645,1132,stop,2026-04-08,11:32:00,,
REIGATE - EAST CROYDON,P25645,1132,stop,2026-04-22,11:32:00,,
REIGATE - EAST CROYDON,P25645,1132,stop,2026-04-14,11:32:00,,
REIGATE - EAST CROYDON,P25646,1132,stop,2026-04-11,11:32:00,,
REIGATE - EAST CROYDON,P25645,1132,stop,2026-04-23,11:32:00,,
REIGATE - EAST CROYDON,P25645,1132,stop,2026-04-09,11:32:00,,
REIGATE - EAST CROYDON,P25645,1132,stop,2026-04-20,11:32:00,,
REIGATE - EAST CROYDON,P25645,1132,stop,2026-04-03,11:32:00,,
REIGATE - EAST CROYDON,P25645,1132,stop,2026-04-29,11:32:00,,
REIGATE - EAST CROYDON,P25645,1132,stop,2026-04-10,11:32:00,,
REIGATE - EAST CROYDON,P25645,1132,stop,2026-04-02,11:32:00,,
REIGATE - EAST CROYDON,P25646,1132,stop,2026-04-04,11:32:00,,
REIGATE - EAST CROYDON,P25645,1132,stop,2026-04-06,11:32:00,,
REIGATE - EAST CROYDON,P25646,1132,stop,2026-04-25,11:32:00,,
REIGATE - EAST CROYDON,X01536,1132,stop,2026-04-06,11:32:00,,
TONBRIDGE - REDHILL,P43430,1129,stop,2026-04-05,11:56:00,,
TONBRIDGE - REDHILL,P43430,1126,stop,2026-04-12,11:53:00,,
TONBRIDGE - REDHILL,P43430,1126,stop,2026-04-19,11:53:00,,
TONBRIDGE - REDHILL,P43430,1126,stop,2026-04-26,11:53:00,,
REDHILL - TONBRIDGE,P43427,1137,stop,2026-04-26,11:41:00,,
REDHILL - TONBRIDGE,P43427,1130,stop,2026-04-19,11:34:00,,
REIGATE - EAST CROYDON,P25645,1132,stop,2026-04-13,11:32:00,,
REIGATE - EAST CROYDON,P25645,1132,stop,2026-04-01,11:32:00,,
REIGATE - EAST CROYDON,P25645,1132,stop,2026-04-07,11:32:00,,
REIGATE - EAST CROYDON,P25645,1132,stop,2026-04-24,11:32:00,,
REIGATE - EAST CROYDON,P25645,1132,stop,2026-04-30,11:32:00,,
REIGATE - EAST CROYDON,P25645,1132,stop,2026-04-17,11:32:00,,
REIGATE - EAST CROYDON,P25645,1132,stop,2026-04-28,11:32:00,,
REIGATE - EAST CROYDON,P25645,1132,stop,2026-04-15,11:32:00,,
REIGATE - EAST CROYDON,X96495,1132,stop,2026-04-03,11:32:00,,
REIGATE - EAST CROYDON,P25645,1132,stop,2026-04-27,11:32:00,,
REIGATE - EAST CROYDON,P25650,1202,stop,2026-04-22,12:02:00,,
REIGATE - EAST CROYDON,P25650,1202,stop,2026-04-14,12:02:00,,
REIGATE - EAST CROYDON,P25650,1202,stop,2026-04-23,12:02:00,,
REIGATE - EAST CROYDON,P25651,1202,stop,2026-04-11,12:02:00,,
REIGATE - EAST CROYDON,P25650,1202,stop,2026-04-17,12:02:00,,
REIGATE - EAST CROYDON,P25650,1202,stop,2026-04-07,12:02:00,,
REIGATE - REDHILL,P25651,1202,stop,2026-04-18,12:02:00,,
REIGATE - EAST CROYDON,P25650,1202,stop,2026-04-20,12:02:00,,
REIGATE - EAST CROYDON,P25651,1202,stop,2026-04-25,12:02:00,,
REIGATE - EAST CROYDON,P25650,1202,stop,2026-04-28,12:02:00,,
REIGATE - EAST CROYDON,P25650,1202,stop,2026-04-02,12:02:00,,
REIGATE - EAST CROYDON,P25650,1202,stop,2026-04-27,12:02:00,,
REIGATE - EAST CROYDON,P25650,1202,stop,2026-04-30,12:02:00,,
REIGATE - EAST CROYDON,P25650,1202,stop,2026-04-29,12:02:00,,
REIGATE - EAST CROYDON,P25650,1202,stop,2026-04-01,12:02:00,,
REIGATE - EAST CROYDON,P25651,1202,stop,2026-04-04,12:02:00,,
REDHILL - TONBRIDGE,P43432,1200,stop,2026-04-11,12:05:00,,
REDHILL - TONBRIDGE,P43432,1200,stop,2026-04-04,12:05:00,,
REDHILL - TONBRIDGE,P43431,1200,stop,2026-04-07,12:05:00,,
REDHILL - TONBRIDGE,P43431,1200,stop,2026-04-06,12:05:00,,
REIGATE - EAST CROYDON,P25650,1202,stop,2026-04-03,12:02:00,,
REIGATE - EAST CROYDON,P25650,1202,stop,2026-04-21,12:02:00,,
REIGATE - EAST CROYDON,P25650,1202,stop,2026-04-15,12:02:00,,
REIGATE - EAST CROYDON,P25650,1202,stop,2026-04-16,12:02:00,,
REIGATE - EAST CROYDON,P25650,1202,stop,2026-04-09,12:02:00,,
REIGATE - EAST CROYDON,X96455,1202,stop,2026-04-03,12:02:00,,
REIGATE - EAST CROYDON,X00707,1202,stop,2026-04-06,12:02:00,,
REIGATE - EAST CROYDON,P25650,1202,stop,2026-04-08,12:02:00,,
REIGATE - EAST CROYDON,P25650,1202,stop,2026-04-13,12:02:00,,
REIGATE - EAST CROYDON,P25650,1202,stop,2026-04-10,12:02:00,,
REIGATE - EAST CROYDON,P25650,1202,stop,2026-04-06,12:02:00,,
REIGATE - EAST CROYDON,P25650,1202,stop,2026-04-24,12:02:00,,
REDHILL - TONBRIDGE,P43431,1200,stop,2026-04-29,12:05:00,,
REDHILL - TONBRIDGE,P43431,1200,stop,2026-04-14,12:05:00,,
REDHILL - TONBRIDGE,P43431,1200,stop,2026-04-21,12:05:00,,
REDHILL - TONBRIDGE,P43431,1200,stop,2026-04-03,12:05:00,,
REDHILL - TONBRIDGE,X96458,1200,stop,2026-04-03,12:05:00,,
REDHILL - TONBRIDGE,P43431,1200,stop,2026-04-27,12:05:00,,
REDHILL - TONBRIDGE,P43431,1200,stop,2026-04-23,12:05:00,,
REDHILL - TONBRIDGE,P43431,1200,stop,2026-04-30,12:05:00,,
REDHILL - TONBRIDGE,P43431,1200,stop,2026-04-13,12:05:00,,
REDHILL - TONBRIDGE,P43431,1200,stop,2026-04-17,12:05:00,,
REIGATE - EAST CROYDON,P25652,1205,stop,2026-04-12,12:05:00,,
REDHILL - TONBRIDGE,P43432,1200,stop,2026-04-25,12:05:00,,
REDHILL - TONBRIDGE,P43431,1200,stop,2026-04-28,12:05:00,,
REDHILL - TONBRIDGE,P43431,1200,stop,2026-04-09,12:05:00,,
REDHILL - TONBRIDGE,P43432,1200,stop,2026-04-18,12:05:00,,
REDHILL - TONBRIDGE,P43431,1200,stop,2026-04-16,12:05:00,,
TONBRIDGE - REDHILL,P43434,1201,stop,2026-04-14,12:29:00,,
REDHILL - TONBRIDGE,P43433,1221,stop,2026-04-12,12:25:00,,
REDHILL - TONBRIDGE,P43433,1221,stop,2026-04-05,12:25:00,,
REIGATE - REDHILL,P25652,1222,stop,2026-04-19,12:22:00,,
REIGATE - REDHILL,X24314,1222,stop,2026-04-26,12:22:00,,
REIGATE - EAST CROYDON,P25652,1205,stop,2026-04-05,12:05:00,,
REIGATE - EAST CROYDON,P25652,1205,stop,2026-04-26,12:05:00,,
REDHILL - TONBRIDGE,P43431,1200,stop,2026-04-02,12:05:00,,
REDHILL - TONBRIDGE,P43431,1200,stop,2026-04-15,12:05:00,,
REDHILL - TONBRIDGE,P43431,1200,stop,2026-04-24,12:05:00,,
REDHILL - TONBRIDGE,P43431,1200,stop,2026-04-20,12:05:00,,
REDHILL - TONBRIDGE,P43431,1200,stop,2026-04-10,12:05:00,,
REDHILL - TONBRIDGE,P43431,1200,stop,2026-04-22,12:05:00,,
REDHILL - TONBRIDGE,X01134,1200,stop,2026-04-06,12:05:00,,
REDHILL - TONBRIDGE,P43431,1200,stop,2026-04-01,12:05:00,,
REDHILL - TONBRIDGE,P43431,1200,stop,2026-04-08,12:05:00,,
TONBRIDGE - REDHILL,P43434,1201,stop,2026-04-15,12:29:00,,
TONBRIDGE - REDHILL,P43434,1201,stop,2026-04-27,12:29:00,,
TONBRIDGE - REDHILL,P43434,1201,stop,2026-04-10,12:29:00,,
TONBRIDGE - REDHILL,X92746,1201,stop,2026-04-03,12:29:00,,
TONBRIDGE - REDHILL,P43434,1201,stop,2026-04-20,12:29:00,,
TONBRIDGE - REDHILL,P43434,1201,stop,2026-04-09,12:29:00,,
TONBRIDGE - REDHILL,P43434,1201,stop,2026-04-03,12:29:00,,
TONBRIDGE - REDHILL,P43434,1201,stop,2026-04-17,12:29:00,,
TONBRIDGE - REDHILL,P43434,1201,stop,2026-04-28,12:29:00,,
TONBRIDGE - REDHILL,P43434,1201,stop,2026-04-06,12:29:00,,
TONBRIDGE - REDHILL,X01695,1201,stop,2026-04-06,12:29:00,,
TONBRIDGE - REDHILL,P43434,1201,stop,2026-04-23,12:29:00,,
TONBRIDGE - REDHILL,P43434,1201,stop,2026-04-30,12:29:00,,
TONBRIDGE - REDHILL,P43434,1201,stop,2026-04-08,12:29:00,,
TONBRIDGE - REDHILL,P43434,1201,stop,2026-04-21,12:29:00,,
TONBRIDGE - REDHILL,P43434,1201,stop,2026-04-13,12:29:00,,
REIGATE - EAST CROYDON,P25655,1232,stop,2026-04-16,12:32:00,,
REIGATE - EAST CROYDON,P25655,1232,stop,2026-04-30,12:32:00,,
REIGATE - EAST CROYDON,P25655,1232,stop,2026-04-06,12:32:00,,
REIGATE - EAST CROYDON,P25655,1232,stop,2026-04-22,12:32:00,,
REIGATE - EAST CROYDON,P25655,1232,stop,2026-04-20,12:32:00,,
TONBRIDGE - REDHILL,P43435,1203,stop,2026-04-04,12:31:00,,
TONBRIDGE - REDHILL,P43434,1201,stop,2026-04-07,12:29:00,,
TONBRIDGE - REDHILL,P43434,1201,stop,2026-04-22,12:29:00,,
TONBRIDGE - REDHILL,P43434,1201,stop,2026-04-24,12:29:00,,
TONBRIDGE - REDHILL,P43435,1201,stop,2026-04-18,12:29:00,,
TONBRIDGE - REDHILL,P43434,1201,stop,2026-04-01,12:29:00,,
TONBRIDGE - REDHILL,P43434,1201,stop,2026-04-16,12:29:00,,
TONBRIDGE - REDHILL,P43435,1201,stop,2026-04-11,12:29:00,,
TONBRIDGE - REDHILL,P43435,1201,stop,2026-04-25,12:29:00,,
TONBRIDGE - REDHILL,P43434,1201,stop,2026-04-29,12:29:00,,
TONBRIDGE - REDHILL,P43434,1201,stop,2026-04-02,12:29:00,,
REIGATE - EAST CROYDON,P25656,1232,stop,2026-04-25,12:32:00,,
REIGATE - EAST CROYDON,P25655,1232,stop,2026-04-02,12:32:00,,
REIGATE - EAST CROYDON,X01539,1232,stop,2026-04-06,12:32:00,,
REIGATE - EAST CROYDON,P25655,1232,stop,2026-04-10,12:32:00,,
REIGATE - EAST CROYDON,P25655,1232,stop,2026-04-15,12:32:00,,
REIGATE - EAST CROYDON,P25655,1232,stop,2026-04-29,12:32:00,,
REIGATE - EAST CROYDON,P25655,1232,stop,2026-04-14,12:32:00,,
REIGATE - EAST CROYDON,P25655,1232,stop,2026-04-09,12:32:00,,
REIGATE - EAST CROYDON,P25656,1232,stop,2026-04-04,12:32:00,,
REIGATE - EAST CROYDON,P25655,1232,stop,2026-04-01,12:32:00,,
REIGATE - EAST CROYDON,P25655,1232,stop,2026-04-03,12:32:00,,
REIGATE - EAST CROYDON,P25656,1232,stop,2026-04-11,12:32:00,,
REIGATE - EAST CROYDON,P25655,1232,stop,2026-04-08,12:32:00,,
REIGATE - EAST CROYDON,X96415,1232,stop,2026-04-03,12:32:00,,
REIGATE - EAST CROYDON,P25655,1232,stop,2026-04-21,12:32:00,,
REIGATE - EAST CROYDON,P25655,1232,stop,2026-04-13,12:32:00,,
REIGATE - EAST CROYDON,P25660,1302,stop,2026-04-16,13:02:00,,
REIGATE - EAST CROYDON,P25660,1302,stop,2026-04-09,13:02:00,,
REIGATE - EAST CROYDON,P25661,1302,stop,2026-04-04,13:02:00,,
TONBRIDGE - REDHILL,P43436,1229,stop,2026-04-05,12:56:00,,
TONBRIDGE - REDHILL,P43436,1226,stop,2026-04-19,12:53:00,,
TONBRIDGE - REDHILL,P43436,1226,stop,2026-04-26,12:53:00,,
TONBRIDGE - REDHILL,P43436,1226,stop,2026-04-12,12:53:00,,
REDHILL - TONBRIDGE,P43433,1237,stop,2026-04-26,12:41:00,,
REDHILL - TONBRIDGE,P43433,1230,stop,2026-04-19,12:34:00,,
REIGATE - EAST CROYDON,P25655,1232,stop,2026-04-17,12:32:00,,
REIGATE - EAST CROYDON,P25655,1232,stop,2026-04-27,12:32:00,,
REIGATE - EAST CROYDON,P25655,1232,stop,2026-04-24,12:32:00,,
REIGATE - EAST CROYDON,P25655,1232,stop,2026-04-07,12:32:00,,
REIGATE - REDHILL,P25656,1232,stop,2026-04-18,12:32:00,,
REIGATE - EAST CROYDON,P25655,1232,stop,2026-04-28,12:32:00,,
REIGATE - EAST CROYDON,P25655,1232,stop,2026-04-23,12:32:00,,
REIGATE - EAST CROYDON,P25660,1302,stop,2026-04-02,13:02:00,,
REIGATE - EAST CROYDON,P25661,1302,stop,2026-04-11,13:02:00,,
REIGATE - EAST CROYDON,P25660,1302,stop,2026-04-22,13:02:00,,
REIGATE - EAST CROYDON,P25661,1302,stop,2026-04-25,13:02:00,,
REIGATE - EAST CROYDON,P25660,1302,stop,2026-04-20,13:02:00,,
REIGATE - EAST CROYDON,P25660,1302,stop,2026-04-23,13:02:00,,
REIGATE - EAST CROYDON,P25660,1302,stop,2026-04-06,13:02:00,,
REIGATE - EAST CROYDON,P25660,1302,stop,2026-04-08,13:02:00,,
REIGATE - REDHILL,P25661,1302,stop,2026-04-18,13:02:00,,
REIGATE - EAST CROYDON,X00708,1302,stop,2026-04-06,13:02:00,,
REIGATE - EAST CROYDON,P25660,1302,stop,2026-04-14,13:02:00,,
REIGATE - EAST CROYDON,P25660,1302,stop,2026-04-17,13:02:00,,
REIGATE - EAST CROYDON,P25660,1302,stop,2026-04-21,13:02:00,,
REIGATE - EAST CROYDON,X96376,1302,stop,2026-04-03,13:02:00,,
REIGATE - EAST CROYDON,P25660,1302,stop,2026-04-30,13:02:00,,
REIGATE - EAST CROYDON,P25660,1302,stop,2026-04-03,13:02:00,,
REIGATE - EAST CROYDON,P25662,1305,stop,2026-04-05,13:05:00,,
REDHILL - TONBRIDGE,P43438,1300,stop,2026-04-04,13:05:00,,
REDHILL - TONBRIDGE,P43437,1300,stop,2026-04-29,13:05:00,,
REDHILL - TONBRIDGE,P43437,1300,stop,2026-04-15,13:05:00,,
REDHILL - TONBRIDGE,P43437,1300,stop,2026-04-07,13:05:00,,
REDHILL - TONBRIDGE,P43438,1300,stop,2026-04-11,13:05:00,,
REDHILL - TONBRIDGE,P43437,1300,stop,2026-04-22,13:05:00,,
REIGATE - EAST CROYDON,P25660,1302,stop,2026-04-28,13:02:00,,
REIGATE - EAST CROYDON,P25660,1302,stop,2026-04-24,13:02:00,,
REIGATE - EAST CROYDON,P25660,1302,stop,2026-04-29,13:02:00,,
REIGATE - EAST CROYDON,P25660,1302,stop,2026-04-15,13:02:00,,
REIGATE - EAST CROYDON,P25660,1302,stop,2026-04-13,13:02:00,,
REIGATE - EAST CROYDON,P25660,1302,stop,2026-04-01,13:02:00,,
REIGATE - EAST CROYDON,P25660,1302,stop,2026-04-07,13:02:00,,
REIGATE - EAST CROYDON,P25660,1302,stop,2026-04-27,13:02:00,,
REIGATE - EAST CROYDON,P25660,1302,stop,2026-04-10,13:02:00,,
REIGATE - EAST CROYDON,P25662,1305,stop,2026-04-26,13:05:00,,
REDHILL - TONBRIDGE,P43437,1300,stop,2026-04-17,13:05:00,,
REDHILL - TONBRIDGE,P43437,1300,stop,2026-04-30,13:05:00,,
REDHILL - TONBRIDGE,P43437,1300,stop,2026-04-16,13:05:00,,
REDHILL - TONBRIDGE,P43437,1300,stop,2026-04-08,13:05:00,,
REDHILL - TONBRIDGE,P43437,1300,stop,2026-04-13,13:05:00,,
REDHILL - TONBRIDGE,P43437,1300,stop,2026-04-14,13:05:00,,
REDHILL - TONBRIDGE,P43437,1300,stop,2026-04-21,13:05:00,,
REDHILL - TONBRIDGE,X92835,1300,stop,2026-04-03,13:05:00,,
REDHILL - TONBRIDGE,X01696,1300,stop,2026-04-06,13:05:00,,
REDHILL - TONBRIDGE,P43437,1300,stop,2026-04-03,13:05:00,,
REDHILL - TONBRIDGE,P43437,1300,stop,2026-04-23,13:05:00,,
REDHILL - TONBRIDGE,P43438,1300,stop,2026-04-18,13:05:00,,
REDHILL - TONBRIDGE,P43437,1300,stop,2026-04-27,13:05:00,,
REDHILL - TONBRIDGE,P43437,1300,stop,2026-04-24,13:05:00,,
REDHILL - TONBRIDGE,P43438,1300,stop,2026-04-25,13:05:00,,
TONBRIDGE - REDHILL,P43440,1301,stop,2026-04-29,13:29:00,,
TONBRIDGE - REDHILL,P43440,1301,stop,2026-04-30,13:29:00,,
TONBRIDGE - REDHILL,P43440,1301,stop,2026-04-01,13:29:00,,
TONBRIDGE - REDHILL,P43440,1301,stop,2026-04-16,13:29:00,,
REDHILL - TONBRIDGE,P43439,1321,stop,2026-04-12,13:25:00,,
REDHILL - TONBRIDGE,P43439,1321,stop,2026-04-05,13:25:00,,
REIGATE - REDHILL,P25662,1322,stop,2026-04-19,13:22:00,,
REIGATE - REDHILL,X24313,1322,stop,2026-04-26,13:22:00,,
REDHILL - TONBRIDGE,P43437,1300,stop,2026-04-01,13:05:00,,
REDHILL - TONBRIDGE,P43437,1300,stop,2026-04-06,13:05:00,,
REDHILL - TONBRIDGE,P43437,1300,stop,2026-04-02,13:05:00,,
REDHILL - TONBRIDGE,P43437,1300,stop,2026-04-28,13:05:00,,
REDHILL - TONBRIDGE,P43437,1300,stop,2026-04-10,13:05:00,,
REIGATE - EAST CROYDON,P25662,1305,stop,2026-04-12,13:05:00,,
REDHILL - TONBRIDGE,P43437,1300,stop,2026-04-09,13:05:00,,
REDHILL - TONBRIDGE,P43437,1300,stop,2026-04-20,13:05:00,,
TONBRIDGE - REDHILL,P43440,1301,stop,2026-04-24,13:29:00,,
TONBRIDGE - REDHILL,P43440,1301,stop,2026-04-17,13:29:00,,
TONBRIDGE - REDHILL,P43440,1301,stop,2026-04-06,13:29:00,,
TONBRIDGE - REDHILL,P43440,1301,stop,2026-04-08,13:29:00,,
TONBRIDGE - REDHILL,P43440,1301,stop,2026-04-14,13:29:00,,
TONBRIDGE - REDHILL,P43440,1301,stop,2026-04-21,13:29:00,,
TONBRIDGE - REDHILL,P43441,1301,stop,2026-04-18,13:29:00,,
TONBRIDGE - REDHILL,P43440,1301,stop,2026-04-28,13:29:00,,
TONBRIDGE - REDHILL,P43440,1301,stop,2026-04-27,13:29:00,,
TONBRIDGE - REDHILL,P43440,1301,stop,2026-04-09,13:29:00,,
TONBRIDGE - REDHILL,P43440,1301,stop,2026-04-03,13:29:00,,
TONBRIDGE - REDHILL,X01697,1301,stop,2026-04-06,13:29:00,,
TONBRIDGE - REDHILL,P43440,1301,stop,2026-04-02,13:29:00,,
TONBRIDGE - REDHILL,P43440,1301,stop,2026-04-22,13:29:00,,
TONBRIDGE - REDHILL,P43440,1301,stop,2026-04-23,13:29:00,,
TONBRIDGE - REDHILL,P43440,1301,stop,2026-04-13,13:29:00,,
REIGATE - REDHILL,P25666,1332,stop,2026-04-18,13:32:00,,
REIGATE - EAST CROYDON,P25665,1332,stop,2026-04-13,13:32:00,,
REIGATE - EAST CROYDON,P25665,1332,stop,2026-04-24,13:32:00,,
REIGATE - EAST CROYDON,P25665,1332,stop,2026-04-15,13:32:00,,
REIGATE - EAST CROYDON,P25665,1332,stop,2026-04-27,13:32:00,,
REIGATE - EAST CROYDON,P25666,1332,stop,2026-04-25,13:32:00,,
REIGATE - EAST CROYDON,P25665,1332,stop,2026-04-06,13:32:00,,
REIGATE - EAST CROYDON,X01542,1332,stop,2026-04-06,13:32:00,,
TONBRIDGE - REDHILL,P43441,1303,stop,2026-04-04,13:31:00,,
TONBRIDGE - REDHILL,X92745,1301,stop,2026-04-03,13:29:00,,
TONBRIDGE - REDHILL,P43441,1301,stop,2026-04-25,13:29:00,,
TONBRIDGE - REDHILL,P43440,1301,stop,2026-04-10,13:29:00,,
TONBRIDGE - REDHILL,P43440,1301,stop,2026-04-07,13:29:00,,
TONBRIDGE - REDHILL,P43440,1301,stop,2026-04-20,13:29:00,,
TONBRIDGE - REDHILL,P43441,1301,stop,2026-04-11,13:29:00,,
TONBRIDGE - REDHILL,P43440,1301,stop,2026-04-15,13:29:00,,
REIGATE - EAST CROYDON,P25666,1332,stop,2026-04-04,13:32:00,,
REIGATE - EAST CROYDON,P25665,1332,stop,2026-04-08,13:32:00,,
REIGATE - EAST CROYDON,P25665,1332,stop,2026-04-30,13:32:00,,
REIGATE - EAST CROYDON,P25665,1332,stop,2026-04-01,13:32:00,,
REIGATE - EAST CROYDON,P25665,1332,stop,2026-04-03,13:32:00,,
REIGATE - EAST CROYDON,P25665,1332,stop,2026-04-16,13:32:00,,
REIGATE - EAST CROYDON,P25665,1332,stop,2026-04-28,13:32:00,,
REIGATE - EAST CROYDON,P25665,1332,stop,2026-04-09,13:32:00,,
REIGATE - EAST CROYDON,P25665,1332,stop,2026-04-02,13:32:00,,
REIGATE - EAST CROYDON,P25665,1332,stop,2026-04-20,13:32:00,,
REIGATE - EAST CROYDON,P25666,1332,stop,2026-04-11,13:32:00,,
REIGATE - EAST CROYDON,X96338,1332,stop,2026-04-03,13:32:00,,
REIGATE - EAST CROYDON,P25665,1332,stop,2026-04-29,13:32:00,,
REIGATE - EAST CROYDON,P25665,1332,stop,2026-04-17,13:32:00,,
REIGATE - EAST CROYDON,P25665,1332,stop,2026-04-23,13:32:00,,
REIGATE - EAST CROYDON,P25665,1332,stop,2026-04-14,13:32:00,,
REIGATE - EAST CROYDON,P25670,1402,stop,2026-04-15,14:02:00,,
REIGATE - EAST CROYDON,P25671,1402,stop,2026-04-11,14:02:00,,
REIGATE - EAST CROYDON,P25670,1402,stop,2026-04-02,14:02:00,,
REIGATE - EAST CROYDON,P25670,1402,stop,2026-04-13,14:02:00,,
REIGATE - EAST CROYDON,P25670,1402,stop,2026-04-16,14:02:00,,
REIGATE - EAST CROYDON,P25670,1402,stop,2026-04-17,14:02:00,,
TONBRIDGE - REDHILL,P43442,1329,stop,2026-04-05,13:56:00,,
TONBRIDGE - REDHILL,P43442,1326,stop,2026-04-19,13:53:00,,
TONBRIDGE - REDHILL,P43442,1326,stop,2026-04-26,13:53:00,,
TONBRIDGE - REDHILL,P43442,1326,stop,2026-04-12,13:53:00,,
REDHILL - TONBRIDGE,P43439,1337,stop,2026-04-26,13:41:00,,
REDHILL - TONBRIDGE,P43439,1330,stop,2026-04-19,13:34:00,,
REIGATE - EAST CROYDON,P25665,1332,stop,2026-04-21,13:32:00,,
REIGATE - EAST CROYDON,P25665,1332,stop,2026-04-07,13:32:00,,
REIGATE - EAST CROYDON,P25665,1332,stop,2026-04-22,13:32:00,,
REIGATE - EAST CROYDON,P25665,1332,stop,2026-04-10,13:32:00,,
REIGATE - EAST CROYDON,P25670,1402,stop,2026-04-07,14:02:00,,
REIGATE - EAST CROYDON,P25671,1402,stop,2026-04-25,14:02:00,,
REIGATE - EAST CROYDON,P25670,1402,stop,2026-04-22,14:02:00,,
REIGATE - EAST CROYDON,P25670,1402,stop,2026-04-09,14:02:00,,
REIGATE - EAST CROYDON,P25670,1402,stop,2026-04-29,14:02:00,,
REIGATE - EAST CROYDON,P25670,1402,stop,2026-04-10,14:02:00,,
REIGATE - EAST CROYDON,P25670,1402,stop,2026-04-27,14:02:00,,
REIGATE - EAST CROYDON,P25670,1402,stop,2026-04-08,14:02:00,,
REIGATE - EAST CROYDON,P25670,1402,stop,2026-04-24,14:02:00,,
REIGATE - EAST CROYDON,P25670,1402,stop,2026-04-14,14:02:00,,
REIGATE - EAST CROYDON,P25670,1402,stop,2026-04-20,14:02:00,,
REIGATE - EAST CROYDON,P25670,1402,stop,2026-04-30,14:02:00,,
REIGATE - EAST CROYDON,X00709,1402,stop,2026-04-06,14:02:00,,
REIGATE - EAST CROYDON,P25670,1402,stop,2026-04-01,14:02:00,,
REIGATE - EAST CROYDON,P25670,1402,stop,2026-04-06,14:02:00,,
REIGATE - EAST CROYDON,P25670,1402,stop,2026-04-21,14:02:00,,
REDHILL - TONBRIDGE,P43443,1400,stop,2026-04-23,14:05:00,,
REDHILL - TONBRIDGE,P43443,1400,stop,2026-04-20,14:05:00,,
REDHILL - TONBRIDGE,P43443,1400,stop,2026-04-17,14:05:00,,
REDHILL - TONBRIDGE,P43443,1400,stop,2026-04-09,14:05:00,,
REDHILL - TONBRIDGE,P43444,1400,stop,2026-04-11,14:05:00,,
REDHILL - TONBRIDGE,P43444,1400,stop,2026-04-18,14:05:00,,
REDHILL - TONBRIDGE,P43443,1400,stop,2026-04-24,14:05:00,,
REDHILL - TONBRIDGE,P43444,1400,stop,2026-04-04,14:05:00,,
REDHILL - TONBRIDGE,P43443,1400,stop,2026-04-28,14:05:00,,
REDHILL - TONBRIDGE,P43443,1400,stop,2026-04-27,14:05:00,,
REIGATE - EAST CROYDON,P25670,1402,stop,2026-04-23,14:02:00,,
REIGATE - REDHILL,P25671,1402,stop,2026-04-18,14:02:00,,
REIGATE - EAST CROYDON,X96299,1402,stop,2026-04-03,14:02:00,,
REIGATE - EAST CROYDON,P25670,1402,stop,2026-04-03,14:02:00,,
REIGATE - EAST CROYDON,P25671,1402,stop,2026-04-04,14:02:00,,
REIGATE - EAST CROYDON,P25670,1402,stop,2026-04-28,14:02:00,,
REIGATE - EAST CROYDON,P25672,1405,stop,2026-04-05,14:05:00,,
REDHILL - TONBRIDGE,P43443,1400,stop,2026-04-29,14:05:00,,
REIGATE - EAST CROYDON,P25672,1405,stop,2026-04-26,14:05:00,,
REDHILL - TONBRIDGE,P43443,1400,stop,2026-04-10,14:05:00,,
REDHILL - TONBRIDGE,P43443,1400,stop,2026-04-02,14:05:00,,
REDHILL - TONBRIDGE,P43443,1400,stop,2026-04-13,14:05:00,,
REDHILL - TONBRIDGE,P43443,1400,stop,2026-04-16,14:05:00,,
REDHILL - TONBRIDGE,P43443,1400,stop,2026-04-01,14:05:00,,
REDHILL - TONBRIDGE,P43443,1400,stop,2026-04-08,14:05:00,,
REDHILL - TONBRIDGE,P43443,1400,stop,2026-04-21,14:05:00,,
REDHILL - TONBRIDGE,X92834,1400,stop,2026-04-03,14:05:00,,
REDHILL - TONBRIDGE,P43443,1400,stop,2026-04-15,14:05:00,,
REDHILL - TONBRIDGE,P43443,1400,stop,2026-04-14,14:05:00,,
REDHILL - TONBRIDGE,P43443,1400,stop,2026-04-06,14:05:00,,
REDHILL - TONBRIDGE,P43443,1400,stop,2026-04-03,14:05:00,,
REIGATE - EAST CROYDON,P25672,1405,stop,2026-04-12,14:05:00,,
TONBRIDGE - REDHILL,P26000,1401,stop,2026-04-03,14:29:00,,
TONBRIDGE - REDHILL,X92919,1401,stop,2026-04-03,14:29:00,,
TONBRIDGE - REDHILL,P26000,1401,stop,2026-04-20,14:29:00,,
TONBRIDGE - REDHILL,P26000,1401,stop,2026-04-09,14:29:00,,
TONBRIDGE - REDHILL,P26000,1401,stop,2026-04-06,14:29:00,,
TONBRIDGE - REDHILL,X01699,1401,stop,2026-04-06,14:29:00,,
TONBRIDGE - REDHILL,P26000,1401,stop,2026-04-10,14:29:00,,
REDHILL - TONBRIDGE,P43445,1421,stop,2026-04-12,14:25:00,,
REDHILL - TONBRIDGE,P43445,1421,stop,2026-04-05,14:25:00,,
REIGATE - REDHILL,X24312,1422,stop,2026-04-26,14:22:00,,
REIGATE - REDHILL,P25672,1422,stop,2026-04-19,14:22:00,,
REDHILL - TONBRIDGE,X01698,1400,stop,2026-04-06,14:05:00,,
REDHILL - TONBRIDGE,P43443,1400,stop,2026-04-07,14:05:00,,
REDHILL - TONBRIDGE,P43444,1400,stop,2026-04-25,14:05:00,,
REDHILL - TONBRIDGE,P43443,1400,stop,2026-04-30,14:05:00,,
REDHILL - TONBRIDGE,P43443,1400,stop,2026-04-22,14:05:00,,
TONBRIDGE - REDHILL,P26000,1401,stop,2026-04-29,14:29:00,,
TONBRIDGE - REDHILL,P26000,1401,stop,2026-04-13,14:29:00,,
TONBRIDGE - REDHILL,P26000,1401,stop,2026-04-14,14:29:00,,
TONBRIDGE - REDHILL,P26000,1401,stop,2026-04-07,14:29:00,,
TONBRIDGE - REDHILL,P26000,1401,stop,2026-04-21,14:29:00,,
TONBRIDGE - REDHILL,P26000,1401,stop,2026-04-08,14:29:00,,
TONBRIDGE - REDHILL,P26000,1401,stop,2026-04-30,14:29:00,,
TONBRIDGE - REDHILL,P26000,1401,stop,2026-04-22,14:29:00,,
TONBRIDGE - REDHILL,P26000,1401,stop,2026-04-17,14:29:00,,
TONBRIDGE - REDHILL,P26000,1401,stop,2026-04-23,14:29:00,,
TONBRIDGE - REDHILL,P26000,1401,stop,2026-04-01,14:29:00,,
TONBRIDGE - REDHILL,P26000,1401,stop,2026-04-24,14:29:00,,
TONBRIDGE - REDHILL,P26000,1401,stop,2026-04-16,14:29:00,,
TONBRIDGE - REDHILL,P43447,1401,stop,2026-04-18,14:29:00,,
TONBRIDGE - REDHILL,P43447,1401,stop,2026-04-11,14:29:00,,
TONBRIDGE - REDHILL,P26000,1401,stop,2026-04-02,14:29:00,,
REIGATE - REDHILL,P25676,1432,stop,2026-04-18,14:32:00,,
REIGATE - EAST CROYDON,P25675,1432,stop,2026-04-10,14:32:00,,
REIGATE - EAST CROYDON,P25675,1432,stop,2026-04-03,14:32:00,,
REIGATE - EAST CROYDON,X96259,1432,stop,2026-04-03,14:32:00,,
REIGATE - EAST CROYDON,P25675,1432,stop,2026-04-13,14:32:00,,
REIGATE - EAST CROYDON,P25675,1432,stop,2026-04-17,14:32:00,,
REIGATE - EAST CROYDON,P25675,1432,stop,2026-04-15,14:32:00,,
REIGATE - EAST CROYDON,P25675,1432,stop,2026-04-24,14:32:00,,
REIGATE - EAST CROYDON,P25675,1432,stop,2026-04-06,14:32:00,,
REIGATE - EAST CROYDON,P25675,1432,stop,2026-04-27,14:32:00,,
REIGATE - EAST CROYDON,P25676,1432,stop,2026-04-25,14:32:00,,
TONBRIDGE - REDHILL,P43447,1403,stop,2026-04-04,14:31:00,,
TONBRIDGE - REDHILL,P26000,1401,stop,2026-04-28,14:29:00,,
TONBRIDGE - REDHILL,P43447,1401,stop,2026-04-25,14:29:00,,
TONBRIDGE - REDHILL,P26000,1401,stop,2026-04-15,14:29:00,,
TONBRIDGE - REDHILL,P26000,1401,stop,2026-04-27,14:29:00,,
REIGATE - EAST CROYDON,X01545,1432,stop,2026-04-06,14:32:00,,
REIGATE - EAST CROYDON,P25675,1432,stop,2026-04-23,14:32:00,,
REIGATE - EAST CROYDON,P25675,1432,stop,2026-04-28,14:32:00,,
REIGATE - EAST CROYDON,P25675,1432,stop,2026-04-07,14:32:00,,
REIGATE - EAST CROYDON,P25675,1432,stop,2026-04-22,14:32:00,,
REIGATE - EAST CROYDON,P25675,1432,stop,2026-04-29,14:32:00,,
REIGATE - EAST CROYDON,P25676,1432,stop,2026-04-04,14:32:00,,
REIGATE - EAST CROYDON,P25675,1432,stop,2026-04-08,14:32:00,,
REIGATE - EAST CROYDON,P25675,1432,stop,2026-04-21,14:32:00,,
REIGATE - EAST CROYDON,P25675,1432,stop,2026-04-30,14:32:00,,
REIGATE - EAST CROYDON,P25675,1432,stop,2026-04-16,14:32:00,,
REIGATE - EAST CROYDON,P25675,1432,stop,2026-04-01,14:32:00,,
REIGATE - EAST CROYDON,P25675,1432,stop,2026-04-09,14:32:00,,
REIGATE - EAST CROYDON,P25675,1432,stop,2026-04-02,14:32:00,,
REIGATE - EAST CROYDON,P25675,1432,stop,2026-04-20,14:32:00,,
REIGATE - EAST CROYDON,P25676,1432,stop,2026-04-11,14:32:00,,
REIGATE - EAST CROYDON,P25680,1502,stop,2026-04-29,15:02:00,,
REIGATE - EAST CROYDON,P25680,1502,stop,2026-04-02,15:02:00,,
REIGATE - EAST CROYDON,P25680,1502,stop,2026-04-16,15:02:00,,
REIGATE - EAST CROYDON,P25680,1502,stop,2026-04-22,15:02:00,,
REIGATE - EAST CROYDON,P25680,1502,stop,2026-04-07,15:02:00,,
REIGATE - EAST CROYDON,P25680,1502,stop,2026-04-28,15:02:00,,
REIGATE - EAST CROYDON,P25680,1502,stop,2026-04-23,15:02:00,,
REIGATE - EAST CROYDON,P25680,1502,stop,2026-04-13,15:02:00,,
REIGATE - EAST CROYDON,P25680,1502,stop,2026-04-14,15:02:00,,
TONBRIDGE - REDHILL,P43448,1429,stop,2026-04-05,14:56:00,,
TONBRIDGE - REDHILL,P43448,1426,stop,2026-04-12,14:53:00,,
TONBRIDGE - REDHILL,P43448,1426,stop,2026-04-19,14:53:00,,
TONBRIDGE - REDHILL,P43448,1426,stop,2026-04-26,14:53:00,,
REDHILL - TONBRIDGE,P43445,1437,stop,2026-04-26,14:41:00,,
REDHILL - TONBRIDGE,P43445,1430,stop,2026-04-19,14:34:00,,
REIGATE - EAST CROYDON,P25675,1432,stop,2026-04-14,14:32:00,,
REIGATE - EAST CROYDON,P25681,1502,stop,2026-04-25,15:02:00,,
REIGATE - EAST CROYDON,P25681,1502,stop,2026-04-04,15:02:00,,
REIGATE - EAST CROYDON,P25680,1502,stop,2026-04-06,15:02:00,,
REIGATE - EAST CROYDON,P25680,1502,stop,2026-04-08,15:02:00,,
REIGATE - REDHILL,P25681,1502,stop,2026-04-18,15:02:00,,
REIGATE - EAST CROYDON,P25680,1502,stop,2026-04-10,15:02:00,,
REIGATE - EAST CROYDON,P25680,1502,stop,2026-04-20,15:02:00,,
REIGATE - EAST CROYDON,P25680,1502,stop,2026-04-03,15:02:00,,
REIGATE - EAST CROYDON,P25680,1502,stop,2026-04-17,15:02:00,,
REIGATE - EAST CROYDON,P25680,1502,stop,2026-04-09,15:02:00,,
REIGATE - EAST CROYDON,P25680,1502,stop,2026-04-01,15:02:00,,
REIGATE - EAST CROYDON,P25680,1502,stop,2026-04-30,15:02:00,,
REIGATE - EAST CROYDON,X96219,1502,stop,2026-04-03,15:02:00,,
REIGATE - EAST CROYDON,X00710,1502,stop,2026-04-06,15:02:00,,
REIGATE - EAST CROYDON,P25680,1502,stop,2026-04-21,15:02:00,,
REIGATE - EAST CROYDON,P25681,1502,stop,2026-04-11,15:02:00,,
REDHILL - TONBRIDGE,P43449,1500,stop,2026-04-23,15:05:00,,
REDHILL - TONBRIDGE,P43449,1500,stop,2026-04-28,15:05:00,,
REDHILL - TONBRIDGE,P43449,1500,stop,2026-04-08,15:05:00,,
REDHILL - TONBRIDGE,P43449,1500,stop,2026-04-02,15:05:00,,
REDHILL - TONBRIDGE,P43449,1500,stop,2026-04-15,15:05:00,,
REDHILL - TONBRIDGE,P43449,1500,stop,2026-04-27,15:05:00,,
REDHILL - TONBRIDGE,P43449,1500,stop,2026-04-07,15:05:00,,
REDHILL - TONBRIDGE,P43449,1500,stop,2026-04-21,15:05:00,,
REDHILL - TONBRIDGE,P43449,1500,stop,2026-04-10,15:05:00,,
REDHILL - TONBRIDGE,P43449,1500,stop,2026-04-17,15:05:00,,
REDHILL - TONBRIDGE,P43449,1500,stop,2026-04-29,15:05:00,,
REIGATE - EAST CROYDON,P25682,1505,stop,2026-04-26,15:05:00,,
REIGATE - EAST CROYDON,P25682,1505,stop,2026-04-12,15:05:00,,
REIGATE - EAST CROYDON,P25680,1502,stop,2026-04-15,15:02:00,,
REIGATE - EAST CROYDON,P25680,1502,stop,2026-04-24,15:02:00,,
REIGATE - EAST CROYDON,P25680,1502,stop,2026-04-27,15:02:00,,
REDHILL - TONBRIDGE,P43450,1501,stop,2026-04-04,15:06:00,,
REDHILL - TONBRIDGE,P43450,1501,stop,2026-04-18,15:06:00,,
REDHILL - TONBRIDGE,P43450,1501,stop,2026-04-25,15:06:00,,
REDHILL - TONBRIDGE,P43450,1501,stop,2026-04-11,15:06:00,,
REDHILL - TONBRIDGE,P43449,1500,stop,2026-04-20,15:05:00,,
REDHILL - TONBRIDGE,P43449,1500,stop,2026-04-30,15:05:00,,
REIGATE - EAST CROYDON,P25682,1505,stop,2026-04-05,15:05:00,,
REDHILL - TONBRIDGE,P43449,1500,stop,2026-04-24,15:05:00,,
REDHILL - TONBRIDGE,P43449,1500,stop,2026-04-22,15:05:00,,
REDHILL - TONBRIDGE,P43449,1500,stop,2026-04-09,15:05:00,,
REDHILL - TONBRIDGE,P43449,1500,stop,2026-04-01,15:05:00,,
REDHILL - TONBRIDGE,P43449,1500,stop,2026-04-14,15:05:00,,
REDHILL - TONBRIDGE,P43449,1500,stop,2026-04-13,15:05:00,,
REDHILL - TONBRIDGE,P43449,1500,stop,2026-04-06,15:05:00,,
REDHILL - TONBRIDGE,P43449,1500,stop,2026-04-16,15:05:00,,
REDHILL - TONBRIDGE,P43449,1500,stop,2026-04-03,15:05:00,,
TONBRIDGE - REDHILL,P43452,1454,stop,2026-04-30,15:22:00,,
TONBRIDGE - REDHILL,P43452,1454,stop,2026-04-22,15:22:00,,
TONBRIDGE - REDHILL,P43452,1454,stop,2026-04-07,15:22:00,,
TONBRIDGE - REDHILL,P43452,1454,stop,2026-04-28,15:22:00,,
TONBRIDGE - REDHILL,P43452,1454,stop,2026-04-02,15:22:00,,
TONBRIDGE - REDHILL,P43452,1454,stop,2026-04-10,15:22:00,,
REIGATE - REDHILL,P25682,1522,stop,2026-04-19,15:22:00,,
TONBRIDGE - REDHILL,P43452,1454,stop,2026-04-15,15:22:00,,
TONBRIDGE - REDHILL,P43452,1454,stop,2026-04-06,15:22:00,,
TONBRIDGE - REDHILL,P43452,1454,stop,2026-04-17,15:22:00,,
TONBRIDGE - REDHILL,P43452,1454,stop,2026-04-13,15:22:00,,
REIGATE - REDHILL,X24311,1522,stop,2026-04-26,15:22:00,,
TONBRIDGE - REDHILL,P43452,1454,stop,2026-04-01,15:22:00,,
TONBRIDGE - REDHILL,P43452,1454,stop,2026-04-21,15:22:00,,
REDHILL - TONBRIDGE,X01135,1501,stop,2026-04-06,15:06:00,,
REDHILL - TONBRIDGE,X96221,1501,stop,2026-04-03,15:06:00,,
TONBRIDGE - REDHILL,X92918,1501,stop,2026-04-03,15:29:00,,
TONBRIDGE - REDHILL,P43453,1501,stop,2026-04-25,15:29:00,,
TONBRIDGE - REDHILL,P43453,1501,stop,2026-04-11,15:29:00,,
TONBRIDGE - REDHILL,P43453,1501,stop,2026-04-18,15:29:00,,
REDHILL - TONBRIDGE,P43451,1521,stop,2026-04-12,15:25:00,,
REDHILL - TONBRIDGE,P43451,1521,stop,2026-04-05,15:25:00,,
TONBRIDGE - REDHILL,P43452,1454,stop,2026-04-20,15:22:00,,
TONBRIDGE - REDHILL,P43452,1454,stop,2026-04-09,15:22:00,,
TONBRIDGE - REDHILL,P43452,1454,stop,2026-04-27,15:22:00,,
TONBRIDGE - REDHILL,P43452,1454,stop,2026-04-29,15:22:00,,
TONBRIDGE - REDHILL,P43452,1454,stop,2026-04-14,15:22:00,,
TONBRIDGE - REDHILL,P43452,1454,stop,2026-04-03,15:22:00,,
TONBRIDGE - REDHILL,P43452,1454,stop,2026-04-23,15:22:00,,
TONBRIDGE - REDHILL,P43452,1454,stop,2026-04-08,15:22:00,,
TONBRIDGE - REDHILL,P43452,1454,stop,2026-04-16,15:22:00,,
TONBRIDGE - REDHILL,P43452,1454,stop,2026-04-24,15:22:00,,
REIGATE - EAST CROYDON,P25685,1532,stop,2026-04-29,15:32:00,,
REIGATE - EAST CROYDON,P25686,1532,stop,2026-04-04,15:32:00,,
REIGATE - EAST CROYDON,P25685,1532,stop,2026-04-17,15:32:00,,
REIGATE - EAST CROYDON,P25685,1532,stop,2026-04-09,15:32:00,,
REIGATE - EAST CROYDON,X96178,1532,stop,2026-04-03,15:32:00,,
REIGATE - EAST CROYDON,P25685,1532,stop,2026-04-23,15:32:00,,
REIGATE - EAST CROYDON,P25685,1532,stop,2026-04-06,15:32:00,,
REIGATE - EAST CROYDON,P25685,1532,stop,2026-04-27,15:32:00,,
REIGATE - EAST CROYDON,X01548,1532,stop,2026-04-06,15:32:00,,
REIGATE - REDHILL,P25686,1532,stop,2026-04-18,15:32:00,,
REIGATE - EAST CROYDON,P25685,1532,stop,2026-04-10,15:32:00,,
REIGATE - EAST CROYDON,P25685,1532,stop,2026-04-14,15:32:00,,
REIGATE - EAST CROYDON,P25685,1532,stop,2026-04-13,15:32:00,,
REIGATE - EAST CROYDON,P25685,1532,stop,2026-04-20,15:32:00,,
TONBRIDGE - REDHILL,P43453,1503,stop,2026-04-04,15:31:00,,
TONBRIDGE - REDHILL,X01700,1501,stop,2026-04-06,15:29:00,,
REDHILL - TONBRIDGE,P43454,1531,stop,2026-04-08,15:36:00,,
REDHILL - TONBRIDGE,P43451,1530,stop,2026-04-19,15:34:00,,
REIGATE - EAST CROYDON,P25686,1532,stop,2026-04-11,15:32:00,,
REIGATE - EAST CROYDON,P25685,1532,stop,2026-04-16,15:32:00,,
REIGATE - EAST CROYDON,P25685,1532,stop,2026-04-15,15:32:00,,
REIGATE - EAST CROYDON,P25685,1532,stop,2026-04-01,15:32:00,,
REIGATE - EAST CROYDON,P25685,1532,stop,2026-04-07,15:32:00,,
REIGATE - EAST CROYDON,P25685,1532,stop,2026-04-30,15:32:00,,
REIGATE - EAST CROYDON,P25685,1532,stop,2026-04-24,15:32:00,,
REIGATE - EAST CROYDON,P25685,1532,stop,2026-04-08,15:32:00,,
REIGATE - EAST CROYDON,P25685,1532,stop,2026-04-03,15:32:00,,
REIGATE - EAST CROYDON,P25686,1532,stop,2026-04-25,15:32:00,,
REIGATE - EAST CROYDON,P25685,1532,stop,2026-04-28,15:32:00,,
REIGATE - EAST CROYDON,P25685,1532,stop,2026-04-02,15:32:00,,
REIGATE - EAST CROYDON,P25685,1532,stop,2026-04-21,15:32:00,,
REIGATE - EAST CROYDON,P25685,1532,stop,2026-04-22,15:32:00,,
REDHILL - TONBRIDGE,P43454,1531,stop,2026-04-06,15:36:00,,
REDHILL - TONBRIDGE,P43454,1531,stop,2026-04-03,15:36:00,,
REDHILL - TONBRIDGE,P43454,1531,stop,2026-04-15,15:36:00,,
REDHILL - TONBRIDGE,P43454,1531,stop,2026-04-20,15:36:00,,
REDHILL - TONBRIDGE,P43454,1531,stop,2026-04-22,15:36:00,,
REDHILL - TONBRIDGE,P43454,1531,stop,2026-04-28,15:36:00,,
REDHILL - TONBRIDGE,P43454,1531,stop,2026-04-09,15:36:00,,
REDHILL - TONBRIDGE,P43454,1531,stop,2026-04-29,15:36:00,,
REDHILL - TONBRIDGE,P43454,1531,stop,2026-04-30,15:36:00,,
REDHILL - TONBRIDGE,P43454,1531,stop,2026-04-01,15:36:00,,
REDHILL - TONBRIDGE,P43454,1531,stop,2026-04-23,15:36:00,,
REDHILL - TONBRIDGE,P43454,1531,stop,2026-04-13,15:36:00,,
REDHILL - TONBRIDGE,P43454,1531,stop,2026-04-16,15:36:00,,
REDHILL - TONBRIDGE,P43454,1531,stop,2026-04-24,15:36:00,,
REDHILL - TONBRIDGE,P43454,1531,stop,2026-04-10,15:36:00,,
REDHILL - TONBRIDGE,P43454,1531,stop,2026-04-14,15:36:00,,
REIGATE - EAST CROYDON,P25690,1602,stop,2026-04-02,16:02:00,,
REIGATE - EAST CROYDON,P25691,1602,stop,2026-04-04,16:02:00,,
REIGATE - EAST CROYDON,P25690,1602,stop,2026-04-03,16:02:00,,
REIGATE - EAST CROYDON,X00711,1602,stop,2026-04-06,16:02:00,,
REIGATE - EAST CROYDON,P25690,1602,stop,2026-04-15,16:02:00,,
REIGATE - EAST CROYDON,P25690,1602,stop,2026-04-24,16:02:00,,
TONBRIDGE - REDHILL,P43455,1529,stop,2026-04-05,15:56:00,,
TONBRIDGE - REDHILL,P43455,1526,stop,2026-04-26,15:53:00,,
TONBRIDGE - REDHILL,P43455,1526,stop,2026-04-19,15:53:00,,
TONBRIDGE - REDHILL,P43455,1526,stop,2026-04-12,15:53:00,,
REDHILL - TONBRIDGE,P43451,1537,stop,2026-04-26,15:41:00,,
REDHILL - TONBRIDGE,P43454,1531,stop,2026-04-07,15:36:00,,
REDHILL - TONBRIDGE,P43454,1531,stop,2026-04-17,15:36:00,,
REDHILL - TONBRIDGE,P43454,1531,stop,2026-04-02,15:36:00,,
REDHILL - TONBRIDGE,P43454,1531,stop,2026-04-27,15:36:00,,
REDHILL - TONBRIDGE,P43454,1531,stop,2026-04-21,15:36:00,,
REIGATE - REDHILL,P25691,1602,stop,2026-04-18,16:02:00,,
REIGATE - EAST CROYDON,P25690,1602,stop,2026-04-27,16:02:00,,
REIGATE - EAST CROYDON,P25690,1602,stop,2026-04-01,16:02:00,,
REIGATE - EAST CROYDON,P25690,1602,stop,2026-04-13,16:02:00,,
REIGATE - EAST CROYDON,P25690,1602,stop,2026-04-10,16:02:00,,
REIGATE - EAST CROYDON,P25690,1602,stop,2026-04-29,16:02:00,,
REIGATE - EAST CROYDON,P25690,1602,stop,2026-04-30,16:02:00,,
REIGATE - EAST CROYDON,P25690,1602,stop,2026-04-08,16:02:00,,
REIGATE - EAST CROYDON,P25690,1602,stop,2026-04-17,16:02:00,,
REIGATE - EAST CROYDON,P25690,1602,stop,2026-04-09,16:02:00,,
REIGATE - EAST CROYDON,P25690,1602,stop,2026-04-16,16:02:00,,
REIGATE - EAST CROYDON,P25690,1602,stop,2026-04-21,16:02:00,,
REIGATE - EAST CROYDON,P25690,1602,stop,2026-04-20,16:02:00,,
REIGATE - EAST CROYDON,P25691,1602,stop,2026-04-11,16:02:00,,
REIGATE - EAST CROYDON,P25690,1602,stop,2026-04-06,16:02:00,,
REIGATE - EAST CROYDON,P25691,1602,stop,2026-04-25,16:02:00,,
TONBRIDGE - REDHILL,P43458,1554,stop,2026-04-14,16:21:00,,
REIGATE - EAST CROYDON,P25692,1605,stop,2026-04-12,16:05:00,,
REDHILL - TONBRIDGE,P43456,1600,stop,2026-04-18,16:05:00,,
REDHILL - TONBRIDGE,X01136,1600,stop,2026-04-06,16:05:00,,
REIGATE - EAST CROYDON,P25692,1605,stop,2026-04-05,16:05:00,,
REDHILL - TONBRIDGE,P43456,1600,stop,2026-04-11,16:05:00,,
REDHILL - TONBRIDGE,X96141,1600,stop,2026-04-03,16:05:00,,
REDHILL - TONBRIDGE,P43456,1600,stop,2026-04-04,16:05:00,,
REIGATE - EAST CROYDON,P25692,1605,stop,2026-04-26,16:05:00,,
REDHILL - TONBRIDGE,P43456,1600,stop,2026-04-25,16:05:00,,
REIGATE - EAST CROYDON,P25690,1602,stop,2026-04-28,16:02:00,,
REIGATE - EAST CROYDON,P25690,1602,stop,2026-04-07,16:02:00,,
REIGATE - EAST CROYDON,P25690,1602,stop,2026-04-23,16:02:00,,
REIGATE - EAST CROYDON,X96138,1602,stop,2026-04-03,16:02:00,,
REIGATE - EAST CROYDON,P25690,1602,stop,2026-04-14,16:02:00,,
REIGATE - EAST CROYDON,P25690,1602,stop,2026-04-22,16:02:00,,
TONBRIDGE - REDHILL,P43458,1554,stop,2026-04-07,16:21:00,,
TONBRIDGE - REDHILL,P43458,1554,stop,2026-04-10,16:21:00,,
TONBRIDGE - REDHILL,P43458,1554,stop,2026-04-06,16:21:00,,
TONBRIDGE - REDHILL,P43458,1554,stop,2026-04-22,16:21:00,,
TONBRIDGE - REDHILL,P43458,1554,stop,2026-04-16,16:21:00,,
TONBRIDGE - REDHILL,P43458,1554,stop,2026-04-29,16:21:00,,
TONBRIDGE - REDHILL,P43458,1554,stop,2026-04-17,16:21:00,,
TONBRIDGE - REDHILL,P43458,1554,stop,2026-04-03,16:21:00,,
TONBRIDGE - REDHILL,P43458,1554,stop,2026-04-21,16:21:00,,
TONBRIDGE - REDHILL,P43458,1554,stop,2026-04-13,16:21:00,,
TONBRIDGE - REDHILL,P43458,1554,stop,2026-04-08,16:21:00,,
TONBRIDGE - REDHILL,P43458,1554,stop,2026-04-23,16:21:00,,
TONBRIDGE - REDHILL,P43458,1554,stop,2026-04-27,16:21:00,,
TONBRIDGE - REDHILL,P43458,1554,stop,2026-04-20,16:21:00,,
TONBRIDGE - REDHILL,P43458,1554,stop,2026-04-09,16:21:00,,
TONBRIDGE - REDHILL,P43458,1554,stop,2026-04-24,16:21:00,,
REIGATE - EAST CROYDON,X96097,1632,stop,2026-04-03,16:32:00,,
TONBRIDGE - REDHILL,P43459,1603,stop,2026-04-04,16:31:00,,
TONBRIDGE - REDHILL,P43459,1601,stop,2026-04-18,16:29:00,,
TONBRIDGE - REDHILL,P43459,1601,stop,2026-04-25,16:29:00,,
TONBRIDGE - REDHILL,P43459,1601,stop,2026-04-11,16:29:00,,
TONBRIDGE - REDHILL,X92917,1601,stop,2026-04-03,16:29:00,,
TONBRIDGE - REDHILL,X01701,1601,stop,2026-04-06,16:29:00,,
REDHILL - TONBRIDGE,P43457,1621,stop,2026-04-12,16:25:00,,
REDHILL - TONBRIDGE,P43457,1621,stop,2026-04-05,16:25:00,,
REIGATE - REDHILL,P25692,1622,stop,2026-04-19,16:22:00,,
REIGATE - REDHILL,X24310,1622,stop,2026-04-26,16:22:00,,
TONBRIDGE - REDHILL,P43458,1554,stop,2026-04-30,16:21:00,,
TONBRIDGE - REDHILL,P43458,1554,stop,2026-04-01,16:21:00,,
TONBRIDGE - REDHILL,P43458,1554,stop,2026-04-15,16:21:00,,
TONBRIDGE - REDHILL,P43458,1554,stop,2026-04-28,16:21:00,,
TONBRIDGE - REDHILL,P43458,1554,stop,2026-04-02,16:21:00,,
REIGATE - EAST CROYDON,P25695,1632,stop,2026-04-01,16:32:00,,
REIGATE - EAST CROYDON,P25695,1632,stop,2026-04-24,16:32:00,,
REIGATE - EAST CROYDON,P25696,1632,stop,2026-04-25,16:32:00,,
REIGATE - EAST CROYDON,P25695,1632,stop,2026-04-15,16:32:00,,
REIGATE - EAST CROYDON,P25695,1632,stop,2026-04-27,16:32:00,,
REIGATE - EAST CROYDON,P25695,1632,stop,2026-04-03,16:32:00,,
REIGATE - EAST CROYDON,P25695,1632,stop,2026-04-14,16:32:00,,
REIGATE - EAST CROYDON,P25695,1632,stop,2026-04-28,16:32:00,,
REIGATE - EAST CROYDON,P25695,1632,stop,2026-04-13,16:32:00,,
REIGATE - EAST CROYDON,P25695,1632,stop,2026-04-10,16:32:00,,
REIGATE - EAST CROYDON,P25695,1632,stop,2026-04-23,16:32:00,,
REIGATE - EAST CROYDON,P25695,1632,stop,2026-04-06,16:32:00,,
REIGATE - EAST CROYDON,X01551,1632,stop,2026-04-06,16:32:00,,
REIGATE - EAST CROYDON,P25695,1632,stop,2026-04-07,16:32:00,,
REIGATE - REDHILL,P25696,1632,stop,2026-04-18,16:32:00,,
REIGATE - EAST CROYDON,P25695,1632,stop,2026-04-22,16:32:00,,
REDHILL - TONBRIDGE,P43460,1631,stop,2026-04-06,16:36:00,,
REDHILL - TONBRIDGE,P43460,1631,stop,2026-04-20,16:36:00,,
REDHILL - TONBRIDGE,P43460,1631,stop,2026-04-01,16:36:00,,
REDHILL - TONBRIDGE,P43460,1631,stop,2026-04-16,16:36:00,,
REDHILL - TONBRIDGE,P43457,1630,stop,2026-04-19,16:34:00,,
REIGATE - EAST CROYDON,P25695,1632,stop,2026-04-21,16:32:00,,
REIGATE - EAST CROYDON,P25695,1632,stop,2026-04-02,16:32:00,,
REIGATE - EAST CROYDON,P25695,1632,stop,2026-04-17,16:32:00,,
REIGATE - EAST CROYDON,P25696,1632,stop,2026-04-04,16:32:00,,
REIGATE - EAST CROYDON,P25695,1632,stop,2026-04-29,16:32:00,,
REIGATE - EAST CROYDON,P25696,1632,stop,2026-04-11,16:32:00,,
REIGATE - EAST CROYDON,P25695,1632,stop,2026-04-09,16:32:00,,
REIGATE - EAST CROYDON,P25695,1632,stop,2026-04-08,16:32:00,,
REIGATE - EAST CROYDON,P25695,1632,stop,2026-04-16,16:32:00,,
REIGATE - EAST CROYDON,P25695,1632,stop,2026-04-20,16:32:00,,
REIGATE - EAST CROYDON,P25695,1632,stop,2026-04-30,16:32:00,,
REDHILL - TONBRIDGE,P43460,1631,stop,2026-04-17,16:36:00,,
REDHILL - TONBRIDGE,P43460,1631,stop,2026-04-02,16:36:00,,
REDHILL - TONBRIDGE,P43460,1631,stop,2026-04-27,16:36:00,,
REDHILL - TONBRIDGE,P43460,1631,stop,2026-04-07,16:36:00,,
REDHILL - TONBRIDGE,P43460,1631,stop,2026-04-24,16:36:00,,
REDHILL - TONBRIDGE,P43460,1631,stop,2026-04-08,16:36:00,,
REDHILL - TONBRIDGE,P43460,1631,stop,2026-04-14,16:36:00,,
REDHILL - TONBRIDGE,P43460,1631,stop,2026-04-28,16:36:00,,
REDHILL - TONBRIDGE,P43460,1631,stop,2026-04-23,16:36:00,,
REDHILL - TONBRIDGE,P43460,1631,stop,2026-04-10,16:36:00,,
REDHILL - TONBRIDGE,P43460,1631,stop,2026-04-30,16:36:00,,
REDHILL - TONBRIDGE,P43460,1631,stop,2026-04-21,16:36:00,,
REDHILL - TONBRIDGE,P43460,1631,stop,2026-04-03,16:36:00,,
REDHILL - TONBRIDGE,P43460,1631,stop,2026-04-13,16:36:00,,
REDHILL - TONBRIDGE,P43460,1631,stop,2026-04-09,16:36:00,,
REDHILL - TONBRIDGE,P43460,1631,stop,2026-04-29,16:36:00,,
TONBRIDGE - REDHILL,P43461,1624,stop,2026-04-17,16:51:00,,
TONBRIDGE - REDHILL,P43461,1624,stop,2026-04-08,16:51:00,,
TONBRIDGE - REDHILL,P43461,1624,stop,2026-04-20,16:51:00,,
TONBRIDGE - REDHILL,P43461,1624,stop,2026-04-22,16:51:00,,
TONBRIDGE - REDHILL,P43461,1624,stop,2026-04-28,16:51:00,,
TONBRIDGE - REDHILL,P43461,1624,stop,2026-04-23,16:51:00,,
TONBRIDGE - REDHILL,P43461,1624,stop,2026-04-14,16:51:00,,
TONBRIDGE - REDHILL,P43461,1624,stop,2026-04-15,16:51:00,,
TONBRIDGE - REDHILL,P43461,1624,stop,2026-04-24,16:51:00,,
TONBRIDGE - REDHILL,P43461,1624,stop,2026-04-29,16:51:00,,
TONBRIDGE - REDHILL,P43461,1624,stop,2026-04-09,16:51:00,,
TONBRIDGE - REDHILL,P43461,1624,stop,2026-04-03,16:51:00,,
TONBRIDGE - REDHILL,P43461,1624,stop,2026-04-10,16:51:00,,
REDHILL - TONBRIDGE,P43457,1637,stop,2026-04-26,16:41:00,,
REDHILL - TONBRIDGE,P43460,1631,stop,2026-04-15,16:36:00,,
REDHILL - TONBRIDGE,P43460,1631,stop,2026-04-22,16:36:00,,
REIGATE - EAST CROYDON,P25700,1702,stop,2026-04-30,17:02:00,,
REIGATE - EAST CROYDON,P25700,1702,stop,2026-04-20,17:02:00,,
REIGATE - EAST CROYDON,P25700,1702,stop,2026-04-17,17:02:00,,
TONBRIDGE - REDHILL,P43462,1629,stop,2026-04-05,16:56:00,,
TONBRIDGE - REDHILL,P43462,1626,stop,2026-04-26,16:53:00,,
TONBRIDGE - REDHILL,P43462,1626,stop,2026-04-12,16:53:00,,
TONBRIDGE - REDHILL,P43462,1626,stop,2026-04-19,16:53:00,,
TONBRIDGE - REDHILL,P43461,1624,stop,2026-04-16,16:51:00,,
TONBRIDGE - REDHILL,P43461,1624,stop,2026-04-01,16:51:00,,
TONBRIDGE - REDHILL,P43461,1624,stop,2026-04-27,16:51:00,,
TONBRIDGE - REDHILL,P43461,1624,stop,2026-04-21,16:51:00,,
TONBRIDGE - REDHILL,P43461,1624,stop,2026-04-06,16:51:00,,
TONBRIDGE - REDHILL,P43461,1624,stop,2026-04-07,16:51:00,,
TONBRIDGE - REDHILL,P43461,1624,stop,2026-04-13,16:51:00,,
TONBRIDGE - REDHILL,P43461,1624,stop,2026-04-30,16:51:00,,
TONBRIDGE - REDHILL,P43461,1624,stop,2026-04-02,16:51:00,,
REIGATE - EAST CROYDON,P25700,1702,stop,2026-04-28,17:02:00,,
REIGATE - EAST CROYDON,P25700,1702,stop,2026-04-07,17:02:00,,
REIGATE - EAST CROYDON,P25700,1702,stop,2026-04-03,17:02:00,,
REIGATE - EAST CROYDON,X96057,1702,stop,2026-04-03,17:02:00,,
REIGATE - EAST CROYDON,P25700,1702,stop,2026-04-15,17:02:00,,
REIGATE - EAST CROYDON,X00712,1702,stop,2026-04-06,17:02:00,,
REIGATE - EAST CROYDON,P25700,1702,stop,2026-04-13,17:02:00,,
REIGATE - EAST CROYDON,P25700,1702,stop,2026-04-23,17:02:00,,
REIGATE - EAST CROYDON,P25700,1702,stop,2026-04-08,17:02:00,,
REIGATE - EAST CROYDON,P25700,1702,stop,2026-04-29,17:02:00,,
REIGATE - EAST CROYDON,P25700,1702,stop,2026-04-09,17:02:00,,
REIGATE - EAST CROYDON,P25701,1702,stop,2026-04-25,17:02:00,,
REIGATE - EAST CROYDON,P25700,1702,stop,2026-04-14,17:02:00,,
REIGATE - EAST CROYDON,P25700,1702,stop,2026-04-10,17:02:00,,
REIGATE - EAST CROYDON,P25701,1702,stop,2026-04-04,17:02:00,,
REIGATE - EAST CROYDON,P25700,1702,stop,2026-04-24,17:02:00,,
REDHILL - TONBRIDGE,P43463,1700,stop,2026-04-28,17:05:00,,
REDHILL - TONBRIDGE,P43463,1700,stop,2026-04-15,17:05:00,,
REDHILL - TONBRIDGE,P43463,1700,stop,2026-04-20,17:05:00,,
REDHILL - TONBRIDGE,P43463,1700,stop,2026-04-13,17:05:00,,
REDHILL - TONBRIDGE,P43463,1700,stop,2026-04-16,17:05:00,,
REDHILL - TONBRIDGE,P43463,1700,stop,2026-04-30,17:05:00,,
REDHILL - TONBRIDGE,P43463,1700,stop,2026-04-29,17:05:00,,
REIGATE - EAST CROYDON,P25700,1702,stop,2026-04-27,17:02:00,,
REIGATE - EAST CROYDON,P25700,1702,stop,2026-04-02,17:02:00,,
REIGATE - EAST CROYDON,P25700,1702,stop,2026-04-01,17:02:00,,
REIGATE - EAST CROYDON,P25701,1702,stop,2026-04-11,17:02:00,,
REIGATE - EAST CROYDON,P25700,1702,stop,2026-04-21,17:02:00,,
REIGATE - EAST CROYDON,P25700,1702,stop,2026-04-06,17:02:00,,
REIGATE - EAST CROYDON,P25700,1702,stop,2026-04-22,17:02:00,,
REIGATE - REDHILL,P25701,1702,stop,2026-04-18,17:02:00,,
REIGATE - EAST CROYDON,P25700,1702,stop,2026-04-16,17:02:00,,
REDHILL - TONBRIDGE,P43463,1700,stop,2026-04-06,17:05:00,,
REDHILL - TONBRIDGE,P43463,1700,stop,2026-04-09,17:05:00,,
REDHILL - TONBRIDGE,P43463,1700,stop,2026-04-02,17:05:00,,
REIGATE - EAST CROYDON,P25702,1705,stop,2026-04-05,17:05:00,,
REDHILL - TONBRIDGE,P43463,1700,stop,2026-04-01,17:05:00,,
REDHILL - TONBRIDGE,P43463,1700,stop,2026-04-03,17:05:00,,
REDHILL - TONBRIDGE,P43464,1700,stop,2026-04-25,17:05:00,,
REDHILL - TONBRIDGE,P43463,1700,stop,2026-04-22,17:05:00,,
REDHILL - TONBRIDGE,P43463,1700,stop,2026-04-27,17:05:00,,
REDHILL - TONBRIDGE,P43463,1700,stop,2026-04-24,17:05:00,,
REDHILL - TONBRIDGE,P43464,1700,stop,2026-04-11,17:05:00,,
REDHILL - TONBRIDGE,P43463,1700,stop,2026-04-23,17:05:00,,
REDHILL - TONBRIDGE,P43463,1700,stop,2026-04-17,17:05:00,,
REDHILL - TONBRIDGE,P43463,1700,stop,2026-04-14,17:05:00,,
REDHILL - TONBRIDGE,P43463,1700,stop,2026-04-21,17:05:00,,
REDHILL - TONBRIDGE,P43464,1700,stop,2026-04-18,17:05:00,,
TONBRIDGE - REDHILL,P43466,1701,stop,2026-04-11,17:29:00,,
TONBRIDGE - REDHILL,X01702,1701,stop,2026-04-06,17:29:00,,
TONBRIDGE - REDHILL,X92659,1701,stop,2026-04-03,17:29:00,,
TONBRIDGE - REDHILL,P43466,1701,stop,2026-04-25,17:29:00,,
REDHILL - TONBRIDGE,P43465,1721,stop,2026-04-05,17:25:00,,
REDHILL - TONBRIDGE,P43465,1721,stop,2026-04-12,17:25:00,,
REIGATE - REDHILL,X24309,1722,stop,2026-04-26,17:22:00,,
REIGATE - REDHILL,P25702,1722,stop,2026-04-19,17:22:00,,
REIGATE - EAST CROYDON,P25702,1705,stop,2026-04-12,17:05:00,,
REDHILL - TONBRIDGE,P43464,1700,stop,2026-04-04,17:05:00,,
REDHILL - TONBRIDGE,P43463,1700,stop,2026-04-10,17:05:00,,
REIGATE - EAST CROYDON,P25702,1705,stop,2026-04-26,17:05:00,,
REDHILL - TONBRIDGE,P43463,1700,stop,2026-04-07,17:05:00,,
REDHILL - TONBRIDGE,P43463,1700,stop,2026-04-08,17:05:00,,
REDHILL - TONBRIDGE,X96060,1700,stop,2026-04-03,17:05:00,,
REDHILL - TONBRIDGE,X01137,1700,stop,2026-04-06,17:05:00,,
REIGATE - EAST CROYDON,P25705,1732,stop,2026-04-13,17:32:00,,
REIGATE - EAST CROYDON,P25706,1732,stop,2026-04-04,17:32:00,,
REIGATE - EAST CROYDON,P25705,1732,stop,2026-04-23,17:32:00,,
REIGATE - EAST CROYDON,P25705,1732,stop,2026-04-09,17:32:00,,
REIGATE - EAST CROYDON,P25705,1732,stop,2026-04-10,17:32:00,,
REIGATE - EAST CROYDON,P25705,1732,stop,2026-04-14,17:32:00,,
REIGATE - EAST CROYDON,P25706,1732,stop,2026-04-25,17:32:00,,
REIGATE - EAST CROYDON,P25705,1732,stop,2026-04-29,17:32:00,,
REIGATE - EAST CROYDON,P25705,1732,stop,2026-04-28,17:32:00,,
REIGATE - EAST CROYDON,P25706,1732,stop,2026-04-11,17:32:00,,
REIGATE - EAST CROYDON,P25705,1732,stop,2026-04-01,17:32:00,,
REIGATE - EAST CROYDON,P25705,1732,stop,2026-04-24,17:32:00,,
REIGATE - EAST CROYDON,P25705,1732,stop,2026-04-22,17:32:00,,
REIGATE - EAST CROYDON,P25705,1732,stop,2026-04-17,17:32:00,,
TONBRIDGE - REDHILL,P43466,1703,stop,2026-04-04,17:31:00,,
TONBRIDGE - REDHILL,P43466,1701,stop,2026-04-18,17:29:00,,
REDHILL - TONBRIDGE,P43465,1737,stop,2026-04-26,17:41:00,,
REDHILL - TONBRIDGE,P43465,1730,stop,2026-04-19,17:34:00,,
REIGATE - EAST CROYDON,P25705,1732,stop,2026-04-03,17:32:00,,
REIGATE - EAST CROYDON,P25705,1732,stop,2026-04-27,17:32:00,,
REIGATE - EAST CROYDON,X01554,1732,stop,2026-04-06,17:32:00,,
REIGATE - EAST CROYDON,X95623,1732,stop,2026-04-03,17:32:00,,
REIGATE - EAST CROYDON,P25705,1732,stop,2026-04-02,17:32:00,,
REIGATE - EAST CROYDON,P25705,1732,stop,2026-04-20,17:32:00,,
REIGATE - EAST CROYDON,P25705,1732,stop,2026-04-07,17:32:00,,
REIGATE - EAST CROYDON,P25705,1732,stop,2026-04-08,17:32:00,,
REIGATE - EAST CROYDON,P25705,1732,stop,2026-04-15,17:32:00,,
REIGATE - EAST CROYDON,P25705,1732,stop,2026-04-16,17:32:00,,
REIGATE - REDHILL,P25706,1732,stop,2026-04-18,17:32:00,,
REIGATE - EAST CROYDON,P25705,1732,stop,2026-04-21,17:32:00,,
REIGATE - EAST CROYDON,P25705,1732,stop,2026-04-06,17:32:00,,
REIGATE - EAST CROYDON,P25705,1732,stop,2026-04-30,17:32:00,,
TONBRIDGE - REDHILL,P43467,1717,stop,2026-04-16,17:45:00,,
TONBRIDGE - REDHILL,P43467,1717,stop,2026-04-02,17:45:00,,
TONBRIDGE - REDHILL,P43467,1717,stop,2026-04-22,17:45:00,,
TONBRIDGE - REDHILL,P43467,1717,stop,2026-04-14,17:45:00,,
TONBRIDGE - REDHILL,P43467,1717,stop,2026-04-24,17:45:00,,
TONBRIDGE - REDHILL,P43467,1717,stop,2026-04-15,17:45:00,,
TONBRIDGE - REDHILL,P43467,1717,stop,2026-04-08,17:45:00,,
TONBRIDGE - REDHILL,P43467,1717,stop,2026-04-23,17:45:00,,
TONBRIDGE - REDHILL,P43467,1717,stop,2026-04-29,17:45:00,,
TONBRIDGE - REDHILL,P43467,1717,stop,2026-04-06,17:45:00,,
TONBRIDGE - REDHILL,P43467,1717,stop,2026-04-20,17:45:00,,
TONBRIDGE - REDHILL,P43467,1717,stop,2026-04-13,17:45:00,,
TONBRIDGE - REDHILL,P43467,1717,stop,2026-04-07,17:45:00,,
TONBRIDGE - REDHILL,P43467,1717,stop,2026-04-30,17:45:00,,
TONBRIDGE - REDHILL,P43467,1717,stop,2026-04-27,17:45:00,,
TONBRIDGE - REDHILL,P43467,1717,stop,2026-04-17,17:45:00,,
REIGATE - EAST CROYDON,P25710,1800,stop,2026-04-07,18:00:00,,
REIGATE - EAST CROYDON,P25710,1800,stop,2026-04-29,18:00:00,,
REIGATE - EAST CROYDON,P25710,1800,stop,2026-04-27,18:00:00,,
REIGATE - EAST CROYDON,P25710,1800,stop,2026-04-28,18:00:00,,
REIGATE - EAST CROYDON,P25710,1800,stop,2026-04-20,18:00:00,,
REIGATE - EAST CROYDON,P25710,1800,stop,2026-04-03,18:00:00,,
TONBRIDGE - REDHILL,P43468,1729,stop,2026-04-05,17:56:00,,
TONBRIDGE - REDHILL,P43468,1726,stop,2026-04-26,17:53:00,,
TONBRIDGE - REDHILL,P43468,1726,stop,2026-04-12,17:53:00,,
TONBRIDGE - REDHILL,P43468,1726,stop,2026-04-19,17:53:00,,
TONBRIDGE - REDHILL,P43467,1717,stop,2026-04-09,17:45:00,,
TONBRIDGE - REDHILL,P43467,1717,stop,2026-04-21,17:45:00,,
TONBRIDGE - REDHILL,P43467,1717,stop,2026-04-03,17:45:00,,
TONBRIDGE - REDHILL,P43467,1717,stop,2026-04-01,17:45:00,,
TONBRIDGE - REDHILL,P43467,1717,stop,2026-04-10,17:45:00,,
TONBRIDGE - REDHILL,P43467,1717,stop,2026-04-28,17:45:00,,
REIGATE - EAST CROYDON,P25710,1800,stop,2026-04-08,18:00:00,,
REIGATE - EAST CROYDON,P25710,1800,stop,2026-04-06,18:00:00,,
REIGATE - EAST CROYDON,P25710,1800,stop,2026-04-13,18:00:00,,
REIGATE - EAST CROYDON,P25710,1800,stop,2026-04-23,18:00:00,,
REIGATE - EAST CROYDON,P25710,1800,stop,2026-04-30,18:00:00,,
REIGATE - EAST CROYDON,P25710,1800,stop,2026-04-10,18:00:00,,
REIGATE - EAST CROYDON,P25710,1800,stop,2026-04-09,18:00:00,,
REIGATE - EAST CROYDON,P25710,1800,stop,2026-04-01,18:00:00,,
REIGATE - EAST CROYDON,P25710,1800,stop,2026-04-22,18:00:00,,
REIGATE - EAST CROYDON,P25710,1800,stop,2026-04-24,18:00:00,,
REIGATE - EAST CROYDON,P25710,1800,stop,2026-04-14,18:00:00,,
REIGATE - EAST CROYDON,P25710,1800,stop,2026-04-17,18:00:00,,
REIGATE - EAST CROYDON,P25710,1800,stop,2026-04-15,18:00:00,,
REIGATE - EAST CROYDON,P25710,1800,stop,2026-04-21,18:00:00,,
REIGATE - EAST CROYDON,P25710,1800,stop,2026-04-02,18:00:00,,
REIGATE - EAST CROYDON,P25710,1800,stop,2026-04-16,18:00:00,,
REDHILL - TONBRIDGE,P43469,1804,stop,2026-04-24,18:08:00,,
REIGATE - EAST CROYDON,P25712,1805,stop,2026-04-05,18:05:00,,
REDHILL - TONBRIDGE,P43470,1800,stop,2026-04-11,18:05:00,,
REDHILL - TONBRIDGE,P43470,1800,stop,2026-04-18,18:05:00,,
REIGATE - EAST CROYDON,P25712,1805,stop,2026-04-26,18:05:00,,
REDHILL - TONBRIDGE,X95586,1800,stop,2026-04-03,18:05:00,,
REDHILL - TONBRIDGE,P43470,1800,stop,2026-04-25,18:05:00,,
REDHILL - TONBRIDGE,P43470,1800,stop,2026-04-04,18:05:00,,
REIGATE - EAST CROYDON,P25712,1805,stop,2026-04-12,18:05:00,,
REDHILL - TONBRIDGE,X01138,1800,stop,2026-04-06,18:05:00,,
REIGATE - EAST CROYDON,P25711,1802,stop,2026-04-04,18:02:00,,
REIGATE - EAST CROYDON,X95583,1802,stop,2026-04-03,18:02:00,,
REIGATE - EAST CROYDON,P25711,1802,stop,2026-04-11,18:02:00,,
REIGATE - EAST CROYDON,P25711,1802,stop,2026-04-25,18:02:00,,
REIGATE - EAST CROYDON,X00713,1802,stop,2026-04-06,18:02:00,,
REIGATE - REDHILL,P25711,1802,stop,2026-04-18,18:02:00,,
REDHILL - TONBRIDGE,P43469,1804,stop,2026-04-10,18:08:00,,
REDHILL - TONBRIDGE,P43469,1804,stop,2026-04-15,18:08:00,,
REDHILL - TONBRIDGE,P43469,1804,stop,2026-04-17,18:08:00,,
REDHILL - TONBRIDGE,P43469,1804,stop,2026-04-14,18:08:00,,
REDHILL - TONBRIDGE,P43469,1804,stop,2026-04-21,18:08:00,,
REDHILL - TONBRIDGE,P43469,1804,stop,2026-04-28,18:08:00,,
REDHILL - TONBRIDGE,P43469,1804,stop,2026-04-27,18:08:00,,
REDHILL - TONBRIDGE,P43469,1804,stop,2026-04-07,18:08:00,,
REDHILL - TONBRIDGE,P43469,1804,stop,2026-04-29,18:08:00,,
REDHILL - TONBRIDGE,P43469,1804,stop,2026-04-02,18:08:00,,
REDHILL - TONBRIDGE,P43469,1804,stop,2026-04-09,18:08:00,,
REDHILL - TONBRIDGE,P43469,1804,stop,2026-04-23,18:08:00,,
REDHILL - TONBRIDGE,P43469,1804,stop,2026-04-16,18:08:00,,
REDHILL - TONBRIDGE,P43469,1804,stop,2026-04-20,18:08:00,,
REDHILL - TONBRIDGE,P43469,1804,stop,2026-04-01,18:08:00,,
REDHILL - TONBRIDGE,P43469,1804,stop,2026-04-30,18:08:00,,
TONBRIDGE - REDHILL,P43472,1747,stop,2026-04-01,18:15:00,,
TONBRIDGE - REDHILL,P43472,1747,stop,2026-04-22,18:15:00,,
TONBRIDGE - REDHILL,P43472,1747,stop,2026-04-10,18:15:00,,
TONBRIDGE - REDHILL,P43472,1747,stop,2026-04-15,18:15:00,,
TONBRIDGE - REDHILL,P43472,1747,stop,2026-04-21,18:15:00,,
TONBRIDGE - REDHILL,P43472,1747,stop,2026-04-09,18:15:00,,
TONBRIDGE - REDHILL,P43472,1747,stop,2026-04-23,18:15:00,,
TONBRIDGE - REDHILL,P43472,1747,stop,2026-04-13,18:15:00,,
TONBRIDGE - REDHILL,P43472,1747,stop,2026-04-14,18:15:00,,
TONBRIDGE - REDHILL,P43472,1747,stop,2026-04-16,18:15:00,,
TONBRIDGE - REDHILL,P43472,1747,stop,2026-04-28,18:15:00,,
REDHILL - TONBRIDGE,P43469,1804,stop,2026-04-06,18:08:00,,
REDHILL - TONBRIDGE,P43469,1804,stop,2026-04-13,18:08:00,,
REDHILL - TONBRIDGE,P43469,1804,stop,2026-04-03,18:08:00,,
REDHILL - TONBRIDGE,P43469,1804,stop,2026-04-22,18:08:00,,
REDHILL - TONBRIDGE,P43469,1804,stop,2026-04-08,18:08:00,,
TONBRIDGE - REDHILL,X01703,1801,stop,2026-04-06,18:29:00,,
REDHILL - TONBRIDGE,P43471,1821,stop,2026-04-05,18:25:00,,
REDHILL - TONBRIDGE,P43471,1821,stop,2026-04-12,18:25:00,,
REIGATE - REDHILL,X24308,1822,stop,2026-04-26,18:22:00,,
REIGATE - REDHILL,P25712,1822,stop,2026-04-19,18:22:00,,
TONBRIDGE - REDHILL,P43472,1747,stop,2026-04-17,18:15:00,,
TONBRIDGE - REDHILL,P43472,1747,stop,2026-04-08,18:15:00,,
TONBRIDGE - REDHILL,P43472,1747,stop,2026-04-30,18:15:00,,
TONBRIDGE - REDHILL,P43472,1747,stop,2026-04-07,18:15:00,,
TONBRIDGE - REDHILL,P43472,1747,stop,2026-04-20,18:15:00,,
TONBRIDGE - REDHILL,P43472,1747,stop,2026-04-06,18:15:00,,
TONBRIDGE - REDHILL,P43472,1747,stop,2026-04-03,18:15:00,,
TONBRIDGE - REDHILL,P43472,1747,stop,2026-04-27,18:15:00,,
TONBRIDGE - REDHILL,P43472,1747,stop,2026-04-29,18:15:00,,
TONBRIDGE - REDHILL,P43472,1747,stop,2026-04-24,18:15:00,,
TONBRIDGE - REDHILL,P43472,1747,stop,2026-04-02,18:15:00,,
REIGATE - EAST CROYDON,P25715,1832,stop,2026-04-15,18:32:00,,
REIGATE - EAST CROYDON,P25715,1832,stop,2026-04-16,18:32:00,,
REIGATE - EAST CROYDON,P25715,1832,stop,2026-04-20,18:32:00,,
REIGATE - EAST CROYDON,P25715,1832,stop,2026-04-24,18:32:00,,
REIGATE - EAST CROYDON,P25715,1832,stop,2026-04-29,18:32:00,,
TONBRIDGE - REDHILL,P43473,1803,stop,2026-04-04,18:31:00,,
REIGATE - EAST CROYDON,P25716,1830,stop,2026-04-25,18:30:00,,
REIGATE - EAST CROYDON,P25716,1830,stop,2026-04-11,18:30:00,,
REIGATE - EAST CROYDON,P25716,1830,stop,2026-04-04,18:30:00,,
REIGATE - REDHILL,P25716,1830,stop,2026-04-18,18:30:00,,
REIGATE - EAST CROYDON,X95460,1830,stop,2026-04-03,18:30:00,,
REIGATE - EAST CROYDON,X01557,1830,stop,2026-04-06,18:30:00,,
TONBRIDGE - REDHILL,X92658,1801,stop,2026-04-03,18:29:00,,
TONBRIDGE - REDHILL,P43473,1801,stop,2026-04-18,18:29:00,,
TONBRIDGE - REDHILL,P43473,1801,stop,2026-04-25,18:29:00,,
TONBRIDGE - REDHILL,P43473,1801,stop,2026-04-11,18:29:00,,
REIGATE - EAST CROYDON,P25715,1832,stop,2026-04-01,18:32:00,,
REIGATE - EAST CROYDON,P25715,1832,stop,2026-04-02,18:32:00,,
REIGATE - EAST CROYDON,P25715,1832,stop,2026-04-10,18:32:00,,
REIGATE - EAST CROYDON,P25715,1832,stop,2026-04-08,18:32:00,,
REIGATE - EAST CROYDON,P25715,1832,stop,2026-04-22,18:32:00,,
REIGATE - EAST CROYDON,P25715,1832,stop,2026-04-23,18:32:00,,
REIGATE - EAST CROYDON,P25715,1832,stop,2026-04-13,18:32:00,,
REIGATE - EAST CROYDON,P25715,1832,stop,2026-04-14,18:32:00,,
REIGATE - EAST CROYDON,P25715,1832,stop,2026-04-17,18:32:00,,
REIGATE - EAST CROYDON,P25715,1832,stop,2026-04-28,18:32:00,,
REIGATE - EAST CROYDON,P25715,1832,stop,2026-04-07,18:32:00,,
REIGATE - EAST CROYDON,P25715,1832,stop,2026-04-21,18:32:00,,
REIGATE - EAST CROYDON,P25715,1832,stop,2026-04-06,18:32:00,,
REIGATE - EAST CROYDON,P25715,1832,stop,2026-04-03,18:32:00,,
REIGATE - EAST CROYDON,P25715,1832,stop,2026-04-30,18:32:00,,
REIGATE - EAST CROYDON,P25715,1832,stop,2026-04-27,18:32:00,,
REDHILL - TONBRIDGE,P43474,1834,stop,2026-04-30,18:38:00,,
REDHILL - TONBRIDGE,P43474,1834,stop,2026-04-28,18:38:00,,
REDHILL - TONBRIDGE,P43474,1834,stop,2026-04-13,18:38:00,,
REDHILL - TONBRIDGE,P43474,1834,stop,2026-04-24,18:38:00,,
REDHILL - TONBRIDGE,P43474,1834,stop,2026-04-17,18:38:00,,
REDHILL - TONBRIDGE,P43474,1834,stop,2026-04-10,18:38:00,,
REDHILL - TONBRIDGE,P43474,1834,stop,2026-04-06,18:38:00,,
REDHILL - TONBRIDGE,P43474,1834,stop,2026-04-08,18:38:00,,
REDHILL - TONBRIDGE,P43474,1834,stop,2026-04-20,18:38:00,,
REDHILL - TONBRIDGE,P43474,1834,stop,2026-04-16,18:38:00,,
REDHILL - TONBRIDGE,P43474,1834,stop,2026-04-01,18:38:00,,
REDHILL - TONBRIDGE,P43474,1834,stop,2026-04-14,18:38:00,,
REDHILL - TONBRIDGE,P43474,1834,stop,2026-04-23,18:38:00,,
REDHILL - TONBRIDGE,P43474,1834,stop,2026-04-02,18:38:00,,
REDHILL - TONBRIDGE,P43471,1830,stop,2026-04-19,18:34:00,,
REIGATE - EAST CROYDON,P25715,1832,stop,2026-04-09,18:32:00,,
REIGATE - EAST CROYDON,P25720,1902,stop,2026-04-21,19:02:00,,
REIGATE - EAST CROYDON,P25720,1902,stop,2026-04-09,19:02:00,,
REIGATE - EAST CROYDON,P25720,1902,stop,2026-04-20,19:02:00,,
TONBRIDGE - REDHILL,P43476,1829,stop,2026-04-05,18:56:00,,
TONBRIDGE - REDHILL,P43476,1826,stop,2026-04-12,18:53:00,,
TONBRIDGE - REDHILL,P43476,1826,stop,2026-04-26,18:53:00,,
TONBRIDGE - REDHILL,P43476,1826,stop,2026-04-19,18:53:00,,
REDHILL - TONBRIDGE,P43471,1837,stop,2026-04-26,18:41:00,,
REDHILL - TONBRIDGE,P43474,1834,stop,2026-04-29,18:38:00,,
REDHILL - TONBRIDGE,P43474,1834,stop,2026-04-27,18:38:00,,
REDHILL - TONBRIDGE,P43474,1834,stop,2026-04-15,18:38:00,,
REDHILL - TONBRIDGE,P43474,1834,stop,2026-04-07,18:38:00,,
REDHILL - TONBRIDGE,P43474,1834,stop,2026-04-09,18:38:00,,
REDHILL - TONBRIDGE,P43474,1834,stop,2026-04-03,18:38:00,,
REDHILL - TONBRIDGE,P43474,1834,stop,2026-04-21,18:38:00,,
REDHILL - TONBRIDGE,P43474,1834,stop,2026-04-22,18:38:00,,
REIGATE - EAST CROYDON,P25720,1902,stop,2026-04-24,19:02:00,,
REIGATE - EAST CROYDON,P25720,1902,stop,2026-04-01,19:02:00,,
REIGATE - EAST CROYDON,P25720,1902,stop,2026-04-17,19:02:00,,
REIGATE - EAST CROYDON,P25720,1902,stop,2026-04-15,19:02:00,,
REIGATE - EAST CROYDON,P25720,1902,stop,2026-04-22,19:02:00,,
REIGATE - EAST CROYDON,P25721,1902,stop,2026-04-25,19:02:00,,
REIGATE - EAST CROYDON,P25720,1902,stop,2026-04-13,19:02:00,,
REIGATE - EAST CROYDON,P25720,1902,stop,2026-04-16,19:02:00,,
REIGATE - EAST CROYDON,P25720,1902,stop,2026-04-08,19:02:00,,
REIGATE - EAST CROYDON,P25720,1902,stop,2026-04-07,19:02:00,,
REIGATE - EAST CROYDON,P25720,1902,stop,2026-04-29,19:02:00,,
REIGATE - EAST CROYDON,X00714,1902,stop,2026-04-06,19:02:00,,
REIGATE - EAST CROYDON,P25720,1902,stop,2026-04-06,19:02:00,,
REIGATE - EAST CROYDON,X95322,1902,stop,2026-04-03,19:02:00,,
REIGATE - EAST CROYDON,P25720,1902,stop,2026-04-02,19:02:00,,
REIGATE - EAST CROYDON,P25720,1902,stop,2026-04-03,19:02:00,,
REDHILL - TONBRIDGE,X01139,1900,stop,2026-04-06,19:05:00,,
REIGATE - EAST CROYDON,P25722,1905,stop,2026-04-12,19:05:00,,
REDHILL - TONBRIDGE,P43478,1900,stop,2026-04-11,19:05:00,,
REIGATE - EAST CROYDON,P25722,1905,stop,2026-04-26,19:05:00,,
REDHILL - TONBRIDGE,P43478,1900,stop,2026-04-04,19:05:00,,
REIGATE - EAST CROYDON,P25722,1905,stop,2026-04-05,19:05:00,,
REDHILL - TONBRIDGE,X95327,1900,stop,2026-04-03,19:05:00,,
REIGATE - EAST CROYDON,P25721,1902,stop,2026-04-11,19:02:00,,
REIGATE - EAST CROYDON,P25720,1902,stop,2026-04-28,19:02:00,,
REIGATE - EAST CROYDON,P25720,1902,stop,2026-04-30,19:02:00,,
REIGATE - EAST CROYDON,P25721,1902,stop,2026-04-04,19:02:00,,
REIGATE - EAST CROYDON,P25720,1902,stop,2026-04-27,19:02:00,,
REIGATE - EAST CROYDON,P25720,1902,stop,2026-04-14,19:02:00,,
REIGATE - REDHILL,P25721,1902,stop,2026-04-18,19:02:00,,
REIGATE - EAST CROYDON,P25720,1902,stop,2026-04-23,19:02:00,,
REIGATE - EAST CROYDON,P25720,1902,stop,2026-04-10,19:02:00,,
TONBRIDGE - REDHILL,P43475,1840,stop,2026-04-02,19:08:00,,
TONBRIDGE - REDHILL,P43475,1840,stop,2026-04-03,19:08:00,,
TONBRIDGE - REDHILL,P43475,1840,stop,2026-04-23,19:08:00,,
TONBRIDGE - REDHILL,P43475,1840,stop,2026-04-30,19:08:00,,
TONBRIDGE - REDHILL,P43475,1840,stop,2026-04-09,19:08:00,,
TONBRIDGE - REDHILL,P43475,1840,stop,2026-04-20,19:08:00,,
TONBRIDGE - REDHILL,P43475,1840,stop,2026-04-07,19:08:00,,
TONBRIDGE - REDHILL,P43475,1840,stop,2026-04-13,19:08:00,,
TONBRIDGE - REDHILL,P43475,1840,stop,2026-04-27,19:08:00,,
TONBRIDGE - REDHILL,P43475,1840,stop,2026-04-17,19:08:00,,
TONBRIDGE - REDHILL,P43475,1840,stop,2026-04-21,19:08:00,,
TONBRIDGE - REDHILL,P43475,1840,stop,2026-04-28,19:08:00,,
TONBRIDGE - REDHILL,P43475,1840,stop,2026-04-06,19:08:00,,
TONBRIDGE - REDHILL,P43475,1840,stop,2026-04-08,19:08:00,,
REDHILL - TONBRIDGE,P43478,1900,stop,2026-04-25,19:05:00,,
REDHILL - TONBRIDGE,P43478,1900,stop,2026-04-18,19:05:00,,
TONBRIDGE - REDHILL,X92744,1901,stop,2026-04-03,19:29:00,,
TONBRIDGE - REDHILL,P43481,1901,stop,2026-04-11,19:29:00,,
TONBRIDGE - REDHILL,P43481,1901,stop,2026-04-25,19:29:00,,
TONBRIDGE - REDHILL,X01704,1901,stop,2026-04-06,19:29:00,,
REDHILL - TONBRIDGE,P43479,1921,stop,2026-04-12,19:25:00,,
REDHILL - TONBRIDGE,P43479,1921,stop,2026-04-05,19:25:00,,
REIGATE - REDHILL,X24307,1922,stop,2026-04-26,19:22:00,,
REIGATE - REDHILL,P25722,1922,stop,2026-04-19,19:22:00,,
TONBRIDGE - REDHILL,P43475,1840,stop,2026-04-10,19:08:00,,
TONBRIDGE - REDHILL,P43475,1840,stop,2026-04-14,19:08:00,,
TONBRIDGE - REDHILL,P43475,1840,stop,2026-04-01,19:08:00,,
TONBRIDGE - REDHILL,P43475,1840,stop,2026-04-15,19:08:00,,
TONBRIDGE - REDHILL,P43475,1840,stop,2026-04-22,19:08:00,,
TONBRIDGE - REDHILL,P43475,1840,stop,2026-04-29,19:08:00,,
TONBRIDGE - REDHILL,P43475,1840,stop,2026-04-16,19:08:00,,
TONBRIDGE - REDHILL,P43475,1840,stop,2026-04-24,19:08:00,,
REDHILL - TONBRIDGE,P43477,1925,stop,2026-04-21,19:30:00,,
REDHILL - TONBRIDGE,P43477,1925,stop,2026-04-30,19:30:00,,
REDHILL - TONBRIDGE,P43477,1925,stop,2026-04-06,19:30:00,,
REDHILL - TONBRIDGE,P43477,1925,stop,2026-04-03,19:30:00,,
REDHILL - TONBRIDGE,P43477,1925,stop,2026-04-07,19:30:00,,
REDHILL - TONBRIDGE,P43477,1925,stop,2026-04-22,19:30:00,,
REDHILL - TONBRIDGE,P43477,1925,stop,2026-04-15,19:30:00,,
REDHILL - TONBRIDGE,P43477,1925,stop,2026-04-28,19:30:00,,
REDHILL - TONBRIDGE,P43477,1925,stop,2026-04-10,19:30:00,,
REDHILL - TONBRIDGE,P43477,1925,stop,2026-04-23,19:30:00,,
REDHILL - TONBRIDGE,P43477,1925,stop,2026-04-08,19:30:00,,
REDHILL - TONBRIDGE,P43477,1925,stop,2026-04-20,19:30:00,,
REDHILL - TONBRIDGE,P43477,1925,stop,2026-04-13,19:30:00,,
REDHILL - TONBRIDGE,P43477,1925,stop,2026-04-24,19:30:00,,
REDHILL - TONBRIDGE,P43477,1925,stop,2026-04-29,19:30:00,,
TONBRIDGE - REDHILL,P43481,1901,stop,2026-04-18,19:29:00,,
REIGATE - EAST CROYDON,P25725,1932,stop,2026-04-16,19:32:00,,
REIGATE - EAST CROYDON,P25725,1932,stop,2026-04-02,19:32:00,,
REIGATE - EAST CROYDON,P25726,1932,stop,2026-04-11,19:32:00,,
REIGATE - EAST CROYDON,P25725,1932,stop,2026-04-06,19:32:00,,
REIGATE - EAST CROYDON,P25725,1932,stop,2026-04-23,19:32:00,,
REIGATE - EAST CROYDON,P25726,1932,stop,2026-04-04,19:32:00,,
REIGATE - EAST CROYDON,P25725,1932,stop,2026-04-29,19:32:00,,
REIGATE - EAST CROYDON,P25725,1932,stop,2026-04-14,19:32:00,,
TONBRIDGE - REDHILL,P43481,1903,stop,2026-04-04,19:31:00,,
REDHILL - TONBRIDGE,P43477,1925,stop,2026-04-01,19:30:00,,
REDHILL - TONBRIDGE,P43477,1925,stop,2026-04-14,19:30:00,,
REDHILL - TONBRIDGE,P43477,1925,stop,2026-04-17,19:30:00,,
REDHILL - TONBRIDGE,P43477,1925,stop,2026-04-16,19:30:00,,
REDHILL - TONBRIDGE,P43477,1925,stop,2026-04-09,19:30:00,,
REDHILL - TONBRIDGE,P43477,1925,stop,2026-04-27,19:30:00,,
REDHILL - TONBRIDGE,P43477,1925,stop,2026-04-02,19:30:00,,
REIGATE - EAST CROYDON,P25725,1932,stop,2026-04-28,19:32:00,,
REIGATE - EAST CROYDON,P25725,1932,stop,2026-04-07,19:32:00,,
REIGATE - EAST CROYDON,X01560,1932,stop,2026-04-06,19:32:00,,
REIGATE - EAST CROYDON,P25725,1932,stop,2026-04-13,19:32:00,,
REIGATE - EAST CROYDON,P25725,1932,stop,2026-04-22,19:32:00,,
REIGATE - REDHILL,P25726,1932,stop,2026-04-18,19:32:00,,
REIGATE - EAST CROYDON,P25725,1932,stop,2026-04-20,19:32:00,,
REIGATE - EAST CROYDON,P25725,1932,stop,2026-04-08,19:32:00,,
REIGATE - EAST CROYDON,P25725,1932,stop,2026-04-15,19:32:00,,
REIGATE - EAST CROYDON,P25725,1932,stop,2026-04-10,19:32:00,,
REIGATE - EAST CROYDON,P25725,1932,stop,2026-04-17,19:32:00,,
REIGATE - EAST CROYDON,P25725,1932,stop,2026-04-01,19:32:00,,
REIGATE - EAST CROYDON,P25726,1932,stop,2026-04-25,19:32:00,,
REIGATE - EAST CROYDON,P25725,1932,stop,2026-04-03,19:32:00,,
REIGATE - EAST CROYDON,P25725,1932,stop,2026-04-24,19:32:00,,
REIGATE - EAST CROYDON,X95281,1932,stop,2026-04-03,19:32:00,,
TONBRIDGE - REDHILL,P43480,1925,stop,2026-04-08,19:52:00,,
TONBRIDGE - REDHILL,P43480,1925,stop,2026-04-29,19:52:00,,
TONBRIDGE - REDHILL,P43480,1925,stop,2026-04-21,19:52:00,,
TONBRIDGE - REDHILL,P43480,1925,stop,2026-04-09,19:52:00,,
TONBRIDGE - REDHILL,P43480,1925,stop,2026-04-03,19:52:00,,
TONBRIDGE - REDHILL,P43480,1925,stop,2026-04-22,19:52:00,,
TONBRIDGE - REDHILL,P43480,1925,stop,2026-04-01,19:52:00,,
TONBRIDGE - REDHILL,P43480,1925,stop,2026-04-17,19:52:00,,
TONBRIDGE - REDHILL,P43480,1925,stop,2026-04-15,19:52:00,,
TONBRIDGE - REDHILL,P43480,1925,stop,2026-04-16,19:52:00,,
REDHILL - TONBRIDGE,P43479,1937,stop,2026-04-26,19:41:00,,
REDHILL - TONBRIDGE,P43479,1930,stop,2026-04-19,19:34:00,,
REIGATE - EAST CROYDON,P25725,1932,stop,2026-04-21,19:32:00,,
REIGATE - EAST CROYDON,P25725,1932,stop,2026-04-09,19:32:00,,
REIGATE - EAST CROYDON,P25725,1932,stop,2026-04-30,19:32:00,,
REIGATE - EAST CROYDON,P25725,1932,stop,2026-04-27,19:32:00,,
TONBRIDGE - REDHILL,P43482,1929,stop,2026-04-05,19:56:00,,
TONBRIDGE - REDHILL,P43482,1926,stop,2026-04-12,19:53:00,,
TONBRIDGE - REDHILL,P43482,1926,stop,2026-04-19,19:53:00,,
TONBRIDGE - REDHILL,P43482,1926,stop,2026-04-26,19:53:00,,
TONBRIDGE - REDHILL,P43480,1925,stop,2026-04-23,19:52:00,,
TONBRIDGE - REDHILL,P43480,1925,stop,2026-04-13,19:52:00,,
TONBRIDGE - REDHILL,P43480,1925,stop,2026-04-30,19:52:00,,
TONBRIDGE - REDHILL,P43480,1925,stop,2026-04-02,19:52:00,,
TONBRIDGE - REDHILL,P43480,1925,stop,2026-04-14,19:52:00,,
TONBRIDGE - REDHILL,P43480,1925,stop,2026-04-07,19:52:00,,
TONBRIDGE - REDHILL,P43480,1925,stop,2026-04-10,19:52:00,,
TONBRIDGE - REDHILL,P43480,1925,stop,2026-04-06,19:52:00,,
TONBRIDGE - REDHILL,P43480,1925,stop,2026-04-20,19:52:00,,
TONBRIDGE - REDHILL,P43480,1925,stop,2026-04-24,19:52:00,,
TONBRIDGE - REDHILL,P43480,1925,stop,2026-04-27,19:52:00,,
TONBRIDGE - REDHILL,P43480,1925,stop,2026-04-28,19:52:00,,
REIGATE - EAST CROYDON,P25730,2002,stop,2026-04-10,20:02:00,,
REIGATE - EAST CROYDON,P25730,2002,stop,2026-04-07,20:02:00,,
REIGATE - EAST CROYDON,P25730,2002,stop,2026-04-13,20:02:00,,
REIGATE - EAST CROYDON,P25731,2002,stop,2026-04-04,20:02:00,,
REIGATE - EAST CROYDON,P25730,2002,stop,2026-04-23,20:02:00,,
REIGATE - EAST CROYDON,P25730,2002,stop,2026-04-21,20:02:00,,
REIGATE - EAST CROYDON,P25730,2002,stop,2026-04-15,20:02:00,,
REIGATE - EAST CROYDON,P25730,2002,stop,2026-04-24,20:02:00,,
REIGATE - EAST CROYDON,P25730,2002,stop,2026-04-06,20:02:00,,
REIGATE - EAST CROYDON,P25730,2002,stop,2026-04-22,20:02:00,,
REIGATE - EAST CROYDON,P25730,2002,stop,2026-04-17,20:02:00,,
REIGATE - EAST CROYDON,X00715,2002,stop,2026-04-06,20:02:00,,
REIGATE - EAST CROYDON,P25730,2002,stop,2026-04-20,20:02:00,,
REIGATE - EAST CROYDON,P25730,2002,stop,2026-04-16,20:02:00,,
REIGATE - REDHILL,P25731,2002,stop,2026-04-18,20:02:00,,
REIGATE - EAST CROYDON,P25730,2002,stop,2026-04-09,20:02:00,,
REDHILL - TONBRIDGE,P43484,2000,stop,2026-04-04,20:05:00,,
REDHILL - TONBRIDGE,X01140,2000,stop,2026-04-06,20:05:00,,
REDHILL - TONBRIDGE,P43484,2000,stop,2026-04-11,20:05:00,,
REDHILL - TONBRIDGE,P43484,2000,stop,2026-04-25,20:05:00,,
REIGATE - EAST CROYDON,P25730,2002,stop,2026-04-28,20:02:00,,
REIGATE - EAST CROYDON,P25730,2002,stop,2026-04-08,20:02:00,,
REIGATE - EAST CROYDON,P25730,2002,stop,2026-04-30,20:02:00,,
REIGATE - EAST CROYDON,P25730,2002,stop,2026-04-27,20:02:00,,
REIGATE - EAST CROYDON,P25731,2002,stop,2026-04-25,20:02:00,,
REIGATE - EAST CROYDON,X95240,2002,stop,2026-04-03,20:02:00,,
REIGATE - EAST CROYDON,P25730,2002,stop,2026-04-03,20:02:00,,
REIGATE - EAST CROYDON,P25731,2002,stop,2026-04-11,20:02:00,,
REIGATE - EAST CROYDON,P25730,2002,stop,2026-04-02,20:02:00,,
REIGATE - EAST CROYDON,P25730,2002,stop,2026-04-29,20:02:00,,
REIGATE - EAST CROYDON,P25730,2002,stop,2026-04-01,20:02:00,,
REIGATE - EAST CROYDON,P25730,2002,stop,2026-04-14,20:02:00,,
REDHILL - TONBRIDGE,P43483,2001,stop,2026-04-27,20:06:00,,
REDHILL - TONBRIDGE,P43483,2001,stop,2026-04-07,20:06:00,,
REDHILL - TONBRIDGE,P43483,2001,stop,2026-04-09,20:06:00,,
REDHILL - TONBRIDGE,P43483,2001,stop,2026-04-17,20:06:00,,
REDHILL - TONBRIDGE,P43483,2001,stop,2026-04-16,20:06:00,,
REDHILL - TONBRIDGE,P43483,2001,stop,2026-04-30,20:06:00,,
REDHILL - TONBRIDGE,P43483,2001,stop,2026-04-14,20:06:00,,
REDHILL - TONBRIDGE,P43483,2001,stop,2026-04-24,20:06:00,,
REDHILL - TONBRIDGE,P43483,2001,stop,2026-04-02,20:06:00,,
REDHILL - TONBRIDGE,P43483,2001,stop,2026-04-08,20:06:00,,
REDHILL - TONBRIDGE,P43483,2001,stop,2026-04-13,20:06:00,,
REDHILL - TONBRIDGE,P43484,2000,stop,2026-04-18,20:05:00,,
REDHILL - TONBRIDGE,X95244,2000,stop,2026-04-03,20:05:00,,
REIGATE - EAST CROYDON,P25732,2005,stop,2026-04-12,20:05:00,,
REIGATE - EAST CROYDON,P25732,2005,stop,2026-04-26,20:05:00,,
REIGATE - EAST CROYDON,P25732,2005,stop,2026-04-05,20:05:00,,
TONBRIDGE - REDHILL,X92833,2001,stop,2026-04-03,20:29:00,,
REDHILL - TONBRIDGE,P43485,2021,stop,2026-04-05,20:25:00,,
REDHILL - TONBRIDGE,P43485,2021,stop,2026-04-12,20:25:00,,
REIGATE - REDHILL,P25732,2022,stop,2026-04-19,20:22:00,,
REIGATE - REDHILL,X24306,2022,stop,2026-04-26,20:22:00,,
REDHILL - TONBRIDGE,P43483,2001,stop,2026-04-29,20:06:00,,
REDHILL - TONBRIDGE,P43483,2001,stop,2026-04-23,20:06:00,,
REDHILL - TONBRIDGE,P43483,2001,stop,2026-04-22,20:06:00,,
REDHILL - TONBRIDGE,P43483,2001,stop,2026-04-15,20:06:00,,
REDHILL - TONBRIDGE,P43483,2001,stop,2026-04-28,20:06:00,,
REDHILL - TONBRIDGE,P43483,2001,stop,2026-04-10,20:06:00,,
REDHILL - TONBRIDGE,P43483,2001,stop,2026-04-03,20:06:00,,
REDHILL - TONBRIDGE,P43483,2001,stop,2026-04-20,20:06:00,,
REDHILL - TONBRIDGE,P43483,2001,stop,2026-04-21,20:06:00,,
REDHILL - TONBRIDGE,P43483,2001,stop,2026-04-06,20:06:00,,
REDHILL - TONBRIDGE,P43483,2001,stop,2026-04-01,20:06:00,,
TONBRIDGE - REDHILL,P43486,2001,stop,2026-04-01,20:29:00,,
TONBRIDGE - REDHILL,P43486,2001,stop,2026-04-06,20:29:00,,
TONBRIDGE - REDHILL,P43486,2001,stop,2026-04-30,20:29:00,,
TONBRIDGE - REDHILL,P43486,2001,stop,2026-04-07,20:29:00,,
TONBRIDGE - REDHILL,P43486,2001,stop,2026-04-09,20:29:00,,
TONBRIDGE - REDHILL,P43486,2001,stop,2026-04-20,20:29:00,,
TONBRIDGE - REDHILL,P43486,2001,stop,2026-04-22,20:29:00,,
TONBRIDGE - REDHILL,P43486,2001,stop,2026-04-28,20:29:00,,
TONBRIDGE - REDHILL,P43486,2001,stop,2026-04-10,20:29:00,,
TONBRIDGE - REDHILL,P43486,2001,stop,2026-04-16,20:29:00,,
TONBRIDGE - REDHILL,P43486,2001,stop,2026-04-17,20:29:00,,
TONBRIDGE - REDHILL,P43486,2001,stop,2026-04-15,20:29:00,,
TONBRIDGE - REDHILL,P43486,2001,stop,2026-04-03,20:29:00,,
TONBRIDGE - REDHILL,P43486,2001,stop,2026-04-23,20:29:00,,
TONBRIDGE - REDHILL,P43487,2001,stop,2026-04-11,20:29:00,,
TONBRIDGE - REDHILL,P43486,2001,stop,2026-04-27,20:29:00,,
REIGATE - REDHILL,P25737,2032,stop,2026-04-18,20:32:00,,
REIGATE - EAST CROYDON,P25735,2032,stop,2026-04-20,20:32:00,,
REIGATE - EAST CROYDON,P25737,2032,stop,2026-04-11,20:32:00,,
REIGATE - EAST CROYDON,P25735,2032,stop,2026-04-16,20:32:00,,
REIGATE - EAST CROYDON,P25735,2032,stop,2026-04-06,20:32:00,,
TONBRIDGE - REDHILL,P43487,2003,stop,2026-04-04,20:31:00,,
TONBRIDGE - REDHILL,P43487,2001,stop,2026-04-18,20:29:00,,
TONBRIDGE - REDHILL,P43486,2001,stop,2026-04-24,20:29:00,,
TONBRIDGE - REDHILL,P43486,2001,stop,2026-04-08,20:29:00,,
TONBRIDGE - REDHILL,P43486,2001,stop,2026-04-13,20:29:00,,
TONBRIDGE - REDHILL,P43486,2001,stop,2026-04-02,20:29:00,,
TONBRIDGE - REDHILL,P43486,2001,stop,2026-04-14,20:29:00,,
TONBRIDGE - REDHILL,P43486,2001,stop,2026-04-21,20:29:00,,
TONBRIDGE - REDHILL,P43487,2001,stop,2026-04-25,20:29:00,,
TONBRIDGE - REDHILL,X01705,2001,stop,2026-04-06,20:29:00,,
TONBRIDGE - REDHILL,P43486,2001,stop,2026-04-29,20:29:00,,
REIGATE - EAST CROYDON,P25737,2032,stop,2026-04-04,20:32:00,,
REIGATE - EAST CROYDON,P25735,2032,stop,2026-04-14,20:32:00,,
REIGATE - EAST CROYDON,P25735,2032,stop,2026-04-13,20:32:00,,
REIGATE - EAST CROYDON,P25735,2032,stop,2026-04-15,20:32:00,,
REIGATE - EAST CROYDON,P25736,2032,stop,2026-04-10,20:32:00,,
REIGATE - EAST CROYDON,P25735,2032,stop,2026-04-23,20:32:00,,
REIGATE - EAST CROYDON,P25735,2032,stop,2026-04-28,20:32:00,,
REIGATE - EAST CROYDON,P25735,2032,stop,2026-04-22,20:32:00,,
REIGATE - EAST CROYDON,P25735,2032,stop,2026-04-08,20:32:00,,
REIGATE - EAST CROYDON,P25735,2032,stop,2026-04-09,20:32:00,,
REIGATE - EAST CROYDON,P25735,2032,stop,2026-04-30,20:32:00,,
REIGATE - EAST CROYDON,P25736,2032,stop,2026-04-17,20:32:00,,
REIGATE - EAST CROYDON,P25736,2032,stop,2026-04-03,20:32:00,,
REIGATE - EAST CROYDON,P25735,2032,stop,2026-04-02,20:32:00,,
REIGATE - EAST CROYDON,X01563,2032,stop,2026-04-06,20:32:00,,
REIGATE - EAST CROYDON,P25735,2032,stop,2026-04-07,20:32:00,,
REIGATE - EAST CROYDON,P25741,2102,stop,2026-04-17,21:02:00,,
REIGATE - EAST CROYDON,P25741,2102,stop,2026-04-30,21:02:00,,
REIGATE - EAST CROYDON,P25741,2102,stop,2026-04-29,21:02:00,,
TONBRIDGE - REDHILL,P43488,2029,stop,2026-04-05,20:56:00,,
TONBRIDGE - REDHILL,P43488,2026,stop,2026-04-12,20:53:00,,
TONBRIDGE - REDHILL,P43488,2026,stop,2026-04-19,20:53:00,,
TONBRIDGE - REDHILL,P43488,2026,stop,2026-04-26,20:53:00,,
REDHILL - TONBRIDGE,P43485,2037,stop,2026-04-26,20:41:00,,
REDHILL - TONBRIDGE,P43485,2030,stop,2026-04-19,20:34:00,,
REIGATE - EAST CROYDON,P25735,2032,stop,2026-04-27,20:32:00,,
REIGATE - EAST CROYDON,P25735,2032,stop,2026-04-01,20:32:00,,
REIGATE - EAST CROYDON,P25735,2032,stop,2026-04-29,20:32:00,,
REIGATE - EAST CROYDON,X93868,2032,stop,2026-04-03,20:32:00,,
REIGATE - EAST CROYDON,P25736,2032,stop,2026-04-24,20:32:00,,
REIGATE - EAST CROYDON,P25737,2032,stop,2026-04-25,20:32:00,,
REIGATE - EAST CROYDON,P25735,2032,stop,2026-04-21,20:32:00,,
REIGATE - EAST CROYDON,P25741,2102,stop,2026-04-23,21:02:00,,
REIGATE - EAST CROYDON,P25741,2102,stop,2026-04-06,21:02:00,,
REIGATE - EAST CROYDON,X00716,2102,stop,2026-04-06,21:02:00,,
REIGATE - EAST CROYDON,P25741,2102,stop,2026-04-10,21:02:00,,
REIGATE - EAST CROYDON,P25741,2102,stop,2026-04-01,21:02:00,,
REIGATE - EAST CROYDON,P25741,2102,stop,2026-04-27,21:02:00,,
REIGATE - EAST CROYDON,P25741,2102,stop,2026-04-15,21:02:00,,
REIGATE - EAST CROYDON,P25742,2102,stop,2026-04-04,21:02:00,,
REIGATE - EAST CROYDON,P25741,2102,stop,2026-04-21,21:02:00,,
REIGATE - EAST CROYDON,P25742,2102,stop,2026-04-25,21:02:00,,
REIGATE - EAST CROYDON,P25742,2102,stop,2026-04-11,21:02:00,,
REIGATE - EAST CROYDON,X93827,2102,stop,2026-04-03,21:02:00,,
REIGATE - EAST CROYDON,P25741,2102,stop,2026-04-20,21:02:00,,
REIGATE - EAST CROYDON,P25741,2102,stop,2026-04-16,21:02:00,,
REIGATE - EAST CROYDON,P25741,2102,stop,2026-04-24,21:02:00,,
REIGATE - EAST CROYDON,P25741,2102,stop,2026-04-03,21:02:00,,
REDHILL - TONBRIDGE,P43489,2100,stop,2026-04-01,21:05:00,,
REDHILL - TONBRIDGE,P43490,2100,stop,2026-04-18,21:05:00,,
REDHILL - TONBRIDGE,P43490,2100,stop,2026-04-25,21:05:00,,
REDHILL - TONBRIDGE,P43489,2100,stop,2026-04-23,21:05:00,,
REIGATE - EAST CROYDON,P25743,2105,stop,2026-04-12,21:05:00,,
REDHILL - TONBRIDGE,P43489,2100,stop,2026-04-27,21:05:00,,
REDHILL - TONBRIDGE,P43489,2100,stop,2026-04-24,21:05:00,,
REIGATE - REDHILL,P25742,2102,stop,2026-04-18,21:02:00,,
REIGATE - EAST CROYDON,P25741,2102,stop,2026-04-02,21:02:00,,
REIGATE - EAST CROYDON,P25741,2102,stop,2026-04-22,21:02:00,,
REIGATE - EAST CROYDON,P25741,2102,stop,2026-04-14,21:02:00,,
REIGATE - EAST CROYDON,P25741,2102,stop,2026-04-13,21:02:00,,
REIGATE - EAST CROYDON,P25741,2102,stop,2026-04-08,21:02:00,,
REIGATE - EAST CROYDON,P25741,2102,stop,2026-04-07,21:02:00,,
REIGATE - EAST CROYDON,P25741,2102,stop,2026-04-09,21:02:00,,
REIGATE - EAST CROYDON,P25741,2102,stop,2026-04-28,21:02:00,,
REDHILL - TONBRIDGE,X93829,2100,stop,2026-04-03,21:05:00,,
REDHILL - TONBRIDGE,P43489,2100,stop,2026-04-29,21:05:00,,
REDHILL - TONBRIDGE,P43489,2100,stop,2026-04-02,21:05:00,,
REDHILL - TONBRIDGE,P43489,2100,stop,2026-04-16,21:05:00,,
REDHILL - TONBRIDGE,P43489,2100,stop,2026-04-14,21:05:00,,
REDHILL - TONBRIDGE,P43490,2100,stop,2026-04-04,21:05:00,,
REDHILL - TONBRIDGE,P43489,2100,stop,2026-04-17,21:05:00,,
REDHILL - TONBRIDGE,P43489,2100,stop,2026-04-06,21:05:00,,
REDHILL - TONBRIDGE,P43489,2100,stop,2026-04-08,21:05:00,,
REIGATE - EAST CROYDON,P25743,2105,stop,2026-04-26,21:05:00,,
REDHILL - TONBRIDGE,P43489,2100,stop,2026-04-15,21:05:00,,
REDHILL - TONBRIDGE,X01141,2100,stop,2026-04-06,21:05:00,,
REDHILL - TONBRIDGE,P43489,2100,stop,2026-04-28,21:05:00,,
REDHILL - TONBRIDGE,P43489,2100,stop,2026-04-07,21:05:00,,
REDHILL - TONBRIDGE,P43489,2100,stop,2026-04-20,21:05:00,,
REIGATE - EAST CROYDON,P25743,2105,stop,2026-04-05,21:05:00,,
TONBRIDGE - REDHILL,P43492,2101,stop,2026-04-09,21:29:00,,
TONBRIDGE - REDHILL,P43493,2101,stop,2026-04-25,21:29:00,,
TONBRIDGE - REDHILL,P43492,2101,stop,2026-04-14,21:29:00,,
TONBRIDGE - REDHILL,P43492,2101,stop,2026-04-16,21:29:00,,
REIGATE - REDHILL,X24305,2126,stop,2026-04-26,21:26:00,,
REDHILL - TONBRIDGE,P43491,2121,stop,2026-04-12,21:25:00,,
REDHILL - TONBRIDGE,P43491,2121,stop,2026-04-05,21:25:00,,
REIGATE - REDHILL,P25743,2122,stop,2026-04-19,21:22:00,,
REDHILL - TONBRIDGE,P43489,2100,stop,2026-04-09,21:05:00,,
REDHILL - TONBRIDGE,P43490,2100,stop,2026-04-11,21:05:00,,
REDHILL - TONBRIDGE,P43489,2100,stop,2026-04-22,21:05:00,,
REDHILL - TONBRIDGE,P43489,2100,stop,2026-04-30,21:05:00,,
REDHILL - TONBRIDGE,P43489,2100,stop,2026-04-10,21:05:00,,
REDHILL - TONBRIDGE,P43489,2100,stop,2026-04-03,21:05:00,,
REDHILL - TONBRIDGE,P43489,2100,stop,2026-04-21,21:05:00,,
REDHILL - TONBRIDGE,P43489,2100,stop,2026-04-13,21:05:00,,
TONBRIDGE - REDHILL,P43492,2101,stop,2026-04-10,21:29:00,,
TONBRIDGE - REDHILL,P43492,2101,stop,2026-04-24,21:29:00,,
TONBRIDGE - REDHILL,P43492,2101,stop,2026-04-28,21:29:00,,
TONBRIDGE - REDHILL,X92916,2101,stop,2026-04-03,21:29:00,,
TONBRIDGE - REDHILL,P43492,2101,stop,2026-04-29,21:29:00,,
TONBRIDGE - REDHILL,P43492,2101,stop,2026-04-15,21:29:00,,
TONBRIDGE - REDHILL,X01706,2101,stop,2026-04-06,21:29:00,,
TONBRIDGE - REDHILL,P43493,2101,stop,2026-04-11,21:29:00,,
TONBRIDGE - REDHILL,P43492,2101,stop,2026-04-06,21:29:00,,
TONBRIDGE - REDHILL,P43492,2101,stop,2026-04-30,21:29:00,,
TONBRIDGE - REDHILL,P43492,2101,stop,2026-04-17,21:29:00,,
TONBRIDGE - REDHILL,P43492,2101,stop,2026-04-27,21:29:00,,
TONBRIDGE - REDHILL,P43492,2101,stop,2026-04-21,21:29:00,,
TONBRIDGE - REDHILL,P43493,2101,stop,2026-04-18,21:29:00,,
TONBRIDGE - REDHILL,P43492,2101,stop,2026-04-13,21:29:00,,
TONBRIDGE - REDHILL,P43492,2101,stop,2026-04-22,21:29:00,,
REIGATE - EAST CROYDON,P25746,2132,stop,2026-04-07,21:32:00,,
REIGATE - EAST CROYDON,P25746,2132,stop,2026-04-17,21:32:00,,
REIGATE - EAST CROYDON,P25746,2132,stop,2026-04-02,21:32:00,,
REIGATE - EAST CROYDON,X01566,2132,stop,2026-04-06,21:32:00,,
REIGATE - EAST CROYDON,P25747,2132,stop,2026-04-11,21:32:00,,
REIGATE - EAST CROYDON,P25746,2132,stop,2026-04-13,21:32:00,,
REIGATE - EAST CROYDON,P25746,2132,stop,2026-04-03,21:32:00,,
REIGATE - EAST CROYDON,P25746,2132,stop,2026-04-29,21:32:00,,
TONBRIDGE - REDHILL,P43493,2103,stop,2026-04-04,21:31:00,,
TONBRIDGE - REDHILL,P43492,2101,stop,2026-04-03,21:29:00,,
TONBRIDGE - REDHILL,P43492,2101,stop,2026-04-02,21:29:00,,
TONBRIDGE - REDHILL,P43492,2101,stop,2026-04-01,21:29:00,,
TONBRIDGE - REDHILL,P43492,2101,stop,2026-04-23,21:29:00,,
TONBRIDGE - REDHILL,P43492,2101,stop,2026-04-07,21:29:00,,
TONBRIDGE - REDHILL,P43492,2101,stop,2026-04-08,21:29:00,,
TONBRIDGE - REDHILL,P43492,2101,stop,2026-04-20,21:29:00,,
REIGATE - EAST CROYDON,P25746,2132,stop,2026-04-16,21:32:00,,
REIGATE - EAST CROYDON,P25746,2132,stop,2026-04-27,21:32:00,,
REIGATE - EAST CROYDON,P25747,2132,stop,2026-04-25,21:32:00,,
REIGATE - EAST CROYDON,P25746,2132,stop,2026-04-06,21:32:00,,
REIGATE - REDHILL,P25747,2132,stop,2026-04-18,21:32:00,,
REIGATE - EAST CROYDON,X93791,2132,stop,2026-04-03,21:32:00,,
REIGATE - EAST CROYDON,P25746,2132,stop,2026-04-23,21:32:00,,
REIGATE - EAST CROYDON,P25746,2132,stop,2026-04-08,21:32:00,,
REIGATE - EAST CROYDON,P25746,2132,stop,2026-04-22,21:32:00,,
REIGATE - EAST CROYDON,P25746,2132,stop,2026-04-20,21:32:00,,
REIGATE - EAST CROYDON,P25746,2132,stop,2026-04-15,21:32:00,,
REIGATE - EAST CROYDON,P25746,2132,stop,2026-04-09,21:32:00,,
REIGATE - EAST CROYDON,P25746,2132,stop,2026-04-21,21:32:00,,
REIGATE - EAST CROYDON,P25746,2132,stop,2026-04-24,21:32:00,,
REIGATE - EAST CROYDON,P25746,2132,stop,2026-04-01,21:32:00,,
REIGATE - EAST CROYDON,P25746,2132,stop,2026-04-30,21:32:00,,
REIGATE - EAST CROYDON,P25751,2202,stop,2026-04-10,22:02:00,,
REIGATE - EAST CROYDON,P25751,2202,stop,2026-04-08,22:02:00,,
REIGATE - EAST CROYDON,P25751,2202,stop,2026-04-02,22:02:00,,
REIGATE - EAST CROYDON,P25752,2202,stop,2026-04-11,22:02:00,,
REIGATE - EAST CROYDON,P25751,2202,stop,2026-04-09,22:02:00,,
REIGATE - EAST CROYDON,P25751,2202,stop,2026-04-01,22:02:00,,
TONBRIDGE - REDHILL,P43494,2129,stop,2026-04-05,21:56:00,,
TONBRIDGE - REDHILL,P43494,2126,stop,2026-04-12,21:53:00,,
TONBRIDGE - REDHILL,P43494,2126,stop,2026-04-26,21:53:00,,
TONBRIDGE - REDHILL,P43494,2126,stop,2026-04-19,21:53:00,,
REDHILL - TONBRIDGE,P43491,2138,stop,2026-04-26,21:42:00,,
REDHILL - TONBRIDGE,P43491,2130,stop,2026-04-19,21:34:00,,
REIGATE - EAST CROYDON,P25747,2132,stop,2026-04-04,21:32:00,,
REIGATE - EAST CROYDON,P25746,2132,stop,2026-04-28,21:32:00,,
REIGATE - EAST CROYDON,P25746,2132,stop,2026-04-14,21:32:00,,
REIGATE - EAST CROYDON,P25746,2132,stop,2026-04-10,21:32:00,,
REIGATE - EAST CROYDON,P25751,2202,stop,2026-04-24,22:02:00,,
REIGATE - EAST CROYDON,P25751,2202,stop,2026-04-20,22:02:00,,
REIGATE - EAST CROYDON,P25751,2202,stop,2026-04-13,22:02:00,,
REIGATE - EAST CROYDON,P25751,2202,stop,2026-04-28,22:02:00,,
REIGATE - EAST CROYDON,X93739,2202,stop,2026-04-03,22:02:00,,
REIGATE - EAST CROYDON,P25751,2202,stop,2026-04-15,22:02:00,,
REIGATE - EAST CROYDON,P25751,2202,stop,2026-04-27,22:02:00,,
REIGATE - EAST CROYDON,P25751,2202,stop,2026-04-21,22:02:00,,
REIGATE - EAST CROYDON,P25751,2202,stop,2026-04-22,22:02:00,,
REIGATE - EAST CROYDON,P25751,2202,stop,2026-04-14,22:02:00,,
REIGATE - EAST CROYDON,P25752,2202,stop,2026-04-25,22:02:00,,
REIGATE - EAST CROYDON,P25752,2202,stop,2026-04-04,22:02:00,,
REIGATE - EAST CROYDON,P25751,2202,stop,2026-04-23,22:02:00,,
REIGATE - EAST CROYDON,P25751,2202,stop,2026-04-07,22:02:00,,
REIGATE - EAST CROYDON,P25751,2202,stop,2026-04-03,22:02:00,,
REIGATE - EAST CROYDON,P25751,2202,stop,2026-04-17,22:02:00,,
REDHILL - TONBRIDGE,P43495,2200,stop,2026-04-07,22:05:00,,
REDHILL - TONBRIDGE,P43496,2200,stop,2026-04-11,22:05:00,,
REDHILL - TONBRIDGE,P43495,2200,stop,2026-04-21,22:05:00,,
REIGATE - EAST CROYDON,P25753,2205,stop,2026-04-05,22:05:00,,
REDHILL - TONBRIDGE,P43495,2200,stop,2026-04-08,22:05:00,,
REDHILL - TONBRIDGE,P43495,2200,stop,2026-04-10,22:05:00,,
REDHILL - TONBRIDGE,P43495,2200,stop,2026-04-27,22:05:00,,
REDHILL - TONBRIDGE,P43495,2200,stop,2026-04-22,22:05:00,,
REDHILL - TONBRIDGE,P43495,2200,stop,2026-04-20,22:05:00,,
REDHILL - TONBRIDGE,P43495,2200,stop,2026-04-30,22:05:00,,
REIGATE - EAST CROYDON,P25751,2202,stop,2026-04-16,22:02:00,,
REIGATE - REDHILL,P25752,2202,stop,2026-04-18,22:02:00,,
REIGATE - EAST CROYDON,P25751,2202,stop,2026-04-06,22:02:00,,
REIGATE - EAST CROYDON,P25751,2202,stop,2026-04-30,22:02:00,,
REIGATE - EAST CROYDON,X00717,2202,stop,2026-04-06,22:02:00,,
REIGATE - EAST CROYDON,P25751,2202,stop,2026-04-29,22:02:00,,
REDHILL - TONBRIDGE,P43495,2200,stop,2026-04-13,22:05:00,,
REDHILL - TONBRIDGE,P43495,2200,stop,2026-04-14,22:05:00,,
REDHILL - TONBRIDGE,P43495,2200,stop,2026-04-17,22:05:00,,
REDHILL - TONBRIDGE,P43495,2200,stop,2026-04-16,22:05:00,,
REDHILL - TONBRIDGE,P43495,2200,stop,2026-04-23,22:05:00,,
REDHILL - TONBRIDGE,P43495,2200,stop,2026-04-01,22:05:00,,
REDHILL - TONBRIDGE,P43495,2200,stop,2026-04-02,22:05:00,,
REDHILL - TONBRIDGE,X92657,2200,stop,2026-04-03,22:05:00,,
REDHILL - TONBRIDGE,P43495,2200,stop,2026-04-03,22:05:00,,
REDHILL - TONBRIDGE,P43495,2200,stop,2026-04-24,22:05:00,,
REDHILL - TONBRIDGE,P43495,2200,stop,2026-04-29,22:05:00,,
REIGATE - EAST CROYDON,P25753,2205,stop,2026-04-12,22:05:00,,
REDHILL - TONBRIDGE,X01707,2200,stop,2026-04-06,22:05:00,,
REDHILL - TONBRIDGE,P43495,2200,stop,2026-04-28,22:05:00,,
REDHILL - TONBRIDGE,P43495,2200,stop,2026-04-15,22:05:00,,
REDHILL - TONBRIDGE,P43495,2200,stop,2026-04-09,22:05:00,,
TONBRIDGE - REDHILL,P43498,2201,stop,2026-04-03,22:29:00,,
TONBRIDGE - REDHILL,P43498,2201,stop,2026-04-10,22:29:00,,
TONBRIDGE - REDHILL,P43498,2201,stop,2026-04-29,22:29:00,,
TONBRIDGE - REDHILL,P43498,2201,stop,2026-04-30,22:29:00,,
TONBRIDGE - REDHILL,P43498,2201,stop,2026-04-28,22:29:00,,
TONBRIDGE - REDHILL,P43498,2201,stop,2026-04-27,22:29:00,,
REDHILL - TONBRIDGE,P43497,2221,stop,2026-04-26,22:25:00,,
REDHILL - TONBRIDGE,P43497,2221,stop,2026-04-12,22:25:00,,
REDHILL - TONBRIDGE,P43497,2221,stop,2026-04-05,22:25:00,,
REIGATE - REDHILL,P25753,2221,stop,2026-04-19,22:21:00,,
REIGATE - REDHILL,X24304,2210,stop,2026-04-26,22:10:00,,
REDHILL - TONBRIDGE,P43496,2202,stop,2026-04-25,22:07:00,,
REDHILL - TONBRIDGE,P43496,2200,stop,2026-04-04,22:05:00,,
REDHILL - TONBRIDGE,P43495,2200,stop,2026-04-06,22:05:00,,
REIGATE - EAST CROYDON,P25753,2205,stop,2026-04-26,22:05:00,,
REDHILL - TONBRIDGE,P43496,2200,stop,2026-04-18,22:05:00,,
TONBRIDGE - REDHILL,P43498,2201,stop,2026-04-02,22:29:00,,
TONBRIDGE - REDHILL,P43498,2201,stop,2026-04-16,22:29:00,,
TONBRIDGE - REDHILL,X01708,2201,stop,2026-04-06,22:29:00,,
TONBRIDGE - REDHILL,P43499,2201,stop,2026-04-11,22:29:00,,
TONBRIDGE - REDHILL,P43498,2201,stop,2026-04-20,22:29:00,,
TONBRIDGE - REDHILL,P43498,2201,stop,2026-04-15,22:29:00,,
TONBRIDGE - REDHILL,P43498,2201,stop,2026-04-06,22:29:00,,
TONBRIDGE - REDHILL,X92743,2201,stop,2026-04-03,22:29:00,,
TONBRIDGE - REDHILL,P43498,2201,stop,2026-04-08,22:29:00,,
TONBRIDGE - REDHILL,P43498,2201,stop,2026-04-24,22:29:00,,
TONBRIDGE - REDHILL,P43498,2201,stop,2026-04-21,22:29:00,,
TONBRIDGE - REDHILL,P43498,2201,stop,2026-04-14,22:29:00,,
TONBRIDGE - REDHILL,P43498,2201,stop,2026-04-22,22:29:00,,
TONBRIDGE - REDHILL,P43498,2201,stop,2026-04-07,22:29:00,,
TONBRIDGE - REDHILL,P43498,2201,stop,2026-04-13,22:29:00,,
TONBRIDGE - REDHILL,P43498,2201,stop,2026-04-23,22:29:00,,
REIGATE - EAST CROYDON,P25758,2232,stop,2026-04-25,22:32:00,,
REIGATE - EAST CROYDON,P25758,2232,stop,2026-04-04,22:32:00,,
REIGATE - EAST CROYDON,P25757,2232,stop,2026-04-17,22:32:00,,
REIGATE - EAST CROYDON,P25757,2232,stop,2026-04-03,22:32:00,,
REIGATE - EAST CROYDON,P25757,2232,stop,2026-04-06,22:32:00,,
REIGATE - EAST CROYDON,X01568,2232,stop,2026-04-06,22:32:00,,
REIGATE - EAST CROYDON,P25757,2232,stop,2026-04-01,22:32:00,,
REIGATE - EAST CROYDON,P25757,2232,stop,2026-04-28,22:32:00,,
REIGATE - EAST CROYDON,P25757,2232,stop,2026-04-30,22:32:00,,
REIGATE - EAST CROYDON,P25757,2232,stop,2026-04-16,22:32:00,,
TONBRIDGE - REDHILL,P43499,2203,stop,2026-04-04,22:31:00,,
TONBRIDGE - REDHILL,P43498,2201,stop,2026-04-17,22:29:00,,
TONBRIDGE - REDHILL,P43498,2201,stop,2026-04-01,22:29:00,,
TONBRIDGE - REDHILL,P43498,2201,stop,2026-04-09,22:29:00,,
TONBRIDGE - REDHILL,P43499,2201,stop,2026-04-18,22:29:00,,
TONBRIDGE - REDHILL,P43499,2201,stop,2026-04-25,22:29:00,,
REIGATE - EAST CROYDON,P25757,2232,stop,2026-04-13,22:32:00,,
REIGATE - EAST CROYDON,P25757,2232,stop,2026-04-10,22:32:00,,
REIGATE - EAST CROYDON,P25757,2232,stop,2026-04-07,22:32:00,,
REIGATE - EAST CROYDON,P25757,2232,stop,2026-04-09,22:32:00,,
REIGATE - EAST CROYDON,P25758,2232,stop,2026-04-11,22:32:00,,
REIGATE - EAST CROYDON,P25757,2232,stop,2026-04-15,22:32:00,,
REIGATE - EAST CROYDON,P25757,2232,stop,2026-04-29,22:32:00,,
REIGATE - REDHILL,P25758,2232,stop,2026-04-18,22:32:00,,
REIGATE - EAST CROYDON,X93604,2232,stop,2026-04-03,22:32:00,,
REIGATE - EAST CROYDON,P25757,2232,stop,2026-04-24,22:32:00,,
REIGATE - EAST CROYDON,P25757,2232,stop,2026-04-23,22:32:00,,
REIGATE - EAST CROYDON,P25757,2232,stop,2026-04-27,22:32:00,,
REIGATE - EAST CROYDON,P25757,2232,stop,2026-04-22,22:32:00,,
REIGATE - EAST CROYDON,P25757,2232,stop,2026-04-21,22:32:00,,
REIGATE - EAST CROYDON,P25757,2232,stop,2026-04-02,22:32:00,,
REIGATE - EAST CROYDON,P25757,2232,stop,2026-04-20,22:32:00,,
REIGATE - EAST CROYDON,P25761,2304,stop,2026-04-15,23:04:00,,
REIGATE - EAST CROYDON,P25761,2304,stop,2026-04-09,23:04:00,,
REIGATE - EAST CROYDON,P25763,2304,stop,2026-04-04,23:04:00,,
REIGATE - EAST CROYDON,P25761,2304,stop,2026-04-07,23:04:00,,
REIGATE - EAST CROYDON,P25761,2304,stop,2026-04-01,23:04:00,,
REIGATE - EAST CROYDON,P25762,2304,stop,2026-04-10,23:04:00,,
REIGATE - EAST CROYDON,P25761,2304,stop,2026-04-22,23:04:00,,
REIGATE - EAST CROYDON,P25763,2304,stop,2026-04-25,23:04:00,,
REIGATE - EAST CROYDON,P25762,2304,stop,2026-04-03,23:04:00,,
TONBRIDGE - REDHILL,P43500,2229,stop,2026-04-05,22:56:00,,
TONBRIDGE - REDHILL,P43500,2226,stop,2026-04-12,22:53:00,,
TONBRIDGE - REDHILL,P43500,2226,stop,2026-04-19,22:53:00,,
TONBRIDGE - REDHILL,P43500,2226,stop,2026-04-26,22:53:00,,
REDHILL - TONBRIDGE,P43497,2230,stop,2026-04-19,22:34:00,,
REIGATE - EAST CROYDON,P25757,2232,stop,2026-04-14,22:32:00,,
REIGATE - EAST CROYDON,P25757,2232,stop,2026-04-08,22:32:00,,
REIGATE - EAST CROYDON,P25762,2304,stop,2026-04-17,23:04:00,,
REIGATE - EAST CROYDON,P25761,2304,stop,2026-04-27,23:04:00,,
REIGATE - EAST CROYDON,P25761,2304,stop,2026-04-14,23:04:00,,
REIGATE - EAST CROYDON,P25761,2304,stop,2026-04-13,23:04:00,,
REIGATE - EAST CROYDON,P25761,2304,stop,2026-04-20,23:04:00,,
REIGATE - EAST CROYDON,X93572,2304,stop,2026-04-03,23:04:00,,
REIGATE - EAST CROYDON,P25761,2304,stop,2026-04-06,23:04:00,,
REIGATE - EAST CROYDON,P25761,2304,stop,2026-04-30,23:04:00,,
REIGATE - EAST CROYDON,P25761,2304,stop,2026-04-21,23:04:00,,
REIGATE - EAST CROYDON,P25761,2304,stop,2026-04-02,23:04:00,,
REIGATE - EAST CROYDON,X01570,2304,stop,2026-04-06,23:04:00,,
REIGATE - EAST CROYDON,P25762,2304,stop,2026-04-24,23:04:00,,
REIGATE - EAST CROYDON,P25761,2304,stop,2026-04-16,23:04:00,,
REIGATE - EAST CROYDON,P25761,2304,stop,2026-04-23,23:04:00,,
REIGATE - EAST CROYDON,P25763,2304,stop,2026-04-11,23:04:00,,
REIGATE - EAST CROYDON,P25761,2304,stop,2026-04-28,23:04:00,,
REDHILL - TONBRIDGE,P43501,2300,stop,2026-04-13,23:05:00,,
REDHILL - TONBRIDGE,P43501,2300,stop,2026-04-23,23:05:00,,
REDHILL - TONBRIDGE,P43501,2300,stop,2026-04-30,23:05:00,,
REDHILL - TONBRIDGE,P43501,2300,stop,2026-04-20,23:05:00,,
REDHILL - TONBRIDGE,P43501,2300,stop,2026-04-02,23:05:00,,
REDHILL - TONBRIDGE,P43502,2300,stop,2026-04-18,23:05:00,,
REDHILL - TONBRIDGE,P43501,2300,stop,2026-04-09,23:05:00,,
REDHILL - TONBRIDGE,P43501,2300,stop,2026-04-28,23:05:00,,
REDHILL - TONBRIDGE,P43501,2300,stop,2026-04-01,23:05:00,,
REDHILL - TONBRIDGE,P43501,2300,stop,2026-04-17,23:05:00,,
REDHILL - TONBRIDGE,P43501,2300,stop,2026-04-16,23:05:00,,
REDHILL - TONBRIDGE,P43502,2300,stop,2026-04-11,23:05:00,,
REDHILL - TONBRIDGE,P43501,2300,stop,2026-04-10,23:05:00,,
REIGATE - EAST CROYDON,P25761,2304,stop,2026-04-08,23:04:00,,
REIGATE - EAST CROYDON,P25761,2304,stop,2026-04-29,23:04:00,,
REIGATE - REDHILL,P25763,2304,stop,2026-04-18,23:04:00,,
TONBRIDGE - REDHILL,P43504,2258,stop,2026-04-03,23:25:00,,
REDHILL - TONBRIDGE,P43502,2302,stop,2026-04-25,23:07:00,,
REDHILL - TONBRIDGE,P43501,2300,stop,2026-04-08,23:05:00,,
REDHILL - TONBRIDGE,P43501,2300,stop,2026-04-03,23:05:00,,
REDHILL - TONBRIDGE,X93575,2300,stop,2026-04-03,23:05:00,,
REDHILL - TONBRIDGE,P43501,2300,stop,2026-04-29,23:05:00,,
REDHILL - TONBRIDGE,P43501,2300,stop,2026-04-15,23:05:00,,
REDHILL - TONBRIDGE,P43501,2300,stop,2026-04-24,23:05:00,,
REDHILL - TONBRIDGE,P43501,2300,stop,2026-04-14,23:05:00,,
REDHILL - TONBRIDGE,P43501,2300,stop,2026-04-21,23:05:00,,
REDHILL - TONBRIDGE,P43502,2300,stop,2026-04-04,23:05:00,,
REDHILL - TONBRIDGE,P43501,2300,stop,2026-04-07,23:05:00,,
REDHILL - TONBRIDGE,P43501,2300,stop,2026-04-22,23:05:00,,
REDHILL - TONBRIDGE,X01142,2300,stop,2026-04-06,23:05:00,,
REDHILL - TONBRIDGE,P43501,2300,stop,2026-04-06,23:05:00,,
REDHILL - TONBRIDGE,P43501,2300,stop,2026-04-27,23:05:00,,
TONBRIDGE - REDHILL,P43504,2258,stop,2026-04-20,23:25:00,,
TONBRIDGE - REDHILL,P43504,2258,stop,2026-04-27,23:25:00,,
TONBRIDGE - REDHILL,P43504,2258,stop,2026-04-22,23:25:00,,
TONBRIDGE - REDHILL,P43504,2258,stop,2026-04-23,23:25:00,,
TONBRIDGE - REDHILL,P43504,2258,stop,2026-04-30,23:25:00,,
TONBRIDGE - REDHILL,P43504,2258,stop,2026-04-28,23:25:00,,
REDHILL - TONBRIDGE,P43503,2321,stop,2026-04-05,23:25:00,,
TONBRIDGE - REDHILL,P43504,2258,stop,2026-04-01,23:25:00,,
TONBRIDGE - REDHILL,P43504,2258,stop,2026-04-02,23:25:00,,
REDHILL - TONBRIDGE,P43503,2321,stop,2026-04-12,23:25:00,,
TONBRIDGE - REDHILL,P43504,2258,stop,2026-04-07,23:25:00,,
TONBRIDGE - REDHILL,P43504,2258,stop,2026-04-09,23:25:00,,
TONBRIDGE - REDHILL,P43504,2258,stop,2026-04-10,23:25:00,,
TONBRIDGE - REDHILL,P43504,2258,stop,2026-04-06,23:25:00,,
TONBRIDGE - REDHILL,P43504,2258,stop,2026-04-08,23:25:00,,
TONBRIDGE - REDHILL,P43504,2258,stop,2026-04-29,23:25:00,,
REIGATE - THREE BRIDGES,G72549,2328,stop,2026-04-24,23:28:00,,
REIGATE - THREE BRIDGES,G72549,2328,stop,2026-04-10,23:28:00,,
REIGATE - THREE BRIDGES,G72548,2328,stop,2026-04-01,23:28:00,,
REIGATE - THREE BRIDGES,G72548,2328,stop,2026-04-02,23:28:00,,
TONBRIDGE - REDHILL,P43504,2258,stop,2026-04-17,23:25:00,,
TONBRIDGE - REDHILL,P43504,2258,stop,2026-04-21,23:25:00,,
TONBRIDGE - REDHILL,P43504,2258,stop,2026-04-24,23:25:00,,
REDHILL - TONBRIDGE,P43503,2321,stop,2026-04-19,23:25:00,,
REIGATE - REDHILL,W58397,2330,stop,2026-04-11,23:30:00,,
TONBRIDGE - REDHILL,P43504,2302,stop,2026-04-16,23:30:00,,
REIGATE - REDHILL,X02188,2330,stop,2026-04-06,23:30:00,,
TONBRIDGE - REDHILL,P43507,2302,stop,2026-04-26,23:29:00,,
TONBRIDGE - REDHILL,P43507,2302,stop,2026-04-05,23:29:00,,
TONBRIDGE - REDHILL,P43507,2302,stop,2026-04-12,23:29:00,,
REIGATE - THREE BRIDGES,G72549,2328,stop,2026-04-03,23:28:00,,
REIGATE - THREE BRIDGES,G72549,2328,stop,2026-04-17,23:28:00,,
REIGATE - REDHILL,G72553,1,stop,2026-04-19,00:01:00,,
REIGATE - REDHILL,G72554,2359,stop,2026-04-20,23:59:00,,
REIGATE - REDHILL,G72554,2359,stop,2026-04-01,23:59:00,,
REIGATE - REDHILL,G72554,2359,stop,2026-04-16,23:59:00,,
REIGATE - REDHILL,G72554,2359,stop,2026-04-23,23:59:00,,
REIGATE - REDHILL,G72554,2359,stop,2026-04-15,23:59:00,,
REIGATE - REDHILL,G72554,2359,stop,2026-04-24,23:59:00,,
REIGATE - REDHILL,G72554,2359,stop,2026-04-14,23:59:00,,
REIGATE - REDHILL,G72554,2359,stop,2026-04-06,23:59:00,,
REIGATE - REDHILL,G72554,2359,stop,2026-04-02,23:59:00,,
REIGATE - REDHILL,G72554,2359,stop,2026-04-13,23:59:00,,
REIGATE - REDHILL,G72554,2359,stop,2026-04-21,23:59:00,,
REIGATE - REDHILL,G72554,2359,stop,2026-04-03,23:59:00,,
REIGATE - REDHILL,G72554,2359,stop,2026-04-27,23:59:00,,
REIGATE - REDHILL,G72554,2359,stop,2026-04-07,23:59:00,,
REIGATE - REDHILL,G72554,2359,stop,2026-04-10,23:59:00,,
TONBRIDGE - REDHILL,P43506,2336,stop,2026-04-06,00:03:00,,
TONBRIDGE - REDHILL,P43506,2336,stop,2026-04-13,00:03:00,,
TONBRIDGE - REDHILL,P43506,2336,stop,2026-04-01,00:03:00,,
TONBRIDGE - REDHILL,P43506,2336,stop,2026-04-07,00:03:00,,
TONBRIDGE - REDHILL,P43506,2336,stop,2026-04-15,00:03:00,,
TONBRIDGE - REDHILL,P43505,2336,stop,2026-04-04,00:03:00,,
TONBRIDGE - REDHILL,P43506,2336,stop,2026-04-16,00:03:00,,
TONBRIDGE - REDHILL,X93533,2336,stop,2026-04-03,00:03:00,,
TONBRIDGE - REDHILL,P43506,2336,stop,2026-04-03,00:03:00,,
TONBRIDGE - REDHILL,P43506,2336,stop,2026-04-14,00:03:00,,
TONBRIDGE - REDHILL,P43505,2336,stop,2026-04-11,00:03:00,,
TONBRIDGE - REDHILL,P43506,2336,stop,2026-04-28,00:03:00,,
TONBRIDGE - REDHILL,P43506,2336,stop,2026-04-30,00:03:00,,
TONBRIDGE - REDHILL,P43506,2336,stop,2026-04-02,00:03:00,,
TONBRIDGE - REDHILL,P43506,2336,stop,2026-04-17,00:03:00,,
REIGATE - REDHILL,G72553,1,stop,2026-04-05,00:01:00,,
,G72548,2328,stop,2026-04-15,23:28:00,,
,G72548,2328,stop,2026-04-14,23:28:00,,
,G72548,2328,stop,2026-04-30,23:28:00,,
,G72548,2328,stop,2026-04-27,23:28:00,,
,G72548,2328,stop,2026-04-13,23:28:00,,
,G72548,2328,stop,2026-04-09,23:28:00,,
,G72548,2328,stop,2026-04-16,23:28:00,,
,G72548,2328,stop,2026-04-29,23:28:00,,
,G72548,2328,stop,2026-04-07,23:28:00,,
,G72548,2328,stop,2026-04-20,23:28:00,,
,G72548,2328,stop,2026-04-08,23:28:00,,
,G72548,2328,stop,2026-04-21,23:28:00,,
,G72548,2328,stop,2026-04-22,23:28:00,,
,G72548,2328,stop,2026-04-06,23:28:00,,
,G72548,2328,stop,2026-04-28,23:28:00,,
,G72548,2328,stop,2026-04-23,23:28:00,,
