route_variant,train_uid,origin_departure,stop_type,date,departure_time,train_class,number_of_coaches
BALHAM - HORSHAM,P26786,2325,stop,2026-04-30,23:59:00,,
DORKING - SUTTON (SURREY),X04867,2316,stop,2026-04-12,00:01:00,,
BALHAM - HORSHAM,P26786,2325,stop,2026-04-01,00:01:00,,
BALHAM - HORSHAM,P26786,2325,stop,2026-04-02,00:01:00,,
BALHAM - HORSHAM,P26786,2325,stop,2026-04-06,00:02:00,,
BALHAM - HORSHAM,P26786,2325,stop,2026-04-29,00:02:00,,
BALHAM - HORSHAM,P26786,2325,stop,2026-04-24,00:02:00,,
BALHAM - HORSHAM,P26786,2325,stop,2026-04-23,00:02:00,,
BALHAM - HORSHAM,P26786,2325,stop,2026-04-22,00:02:00,,
BALHAM - HORSHAM,P26786,2325,stop,2026-04-21,00:02:00,,
BALHAM - HORSHAM,P26786,2325,stop,2026-04-20,00:02:00,,
STREATHAM - DORKING (2),P26778,2316,stop,2026-04-18,00:02:00,,
BALHAM - HORSHAM,P26786,2325,stop,2026-04-17,00:02:00,,
BALHAM - HORSHAM,P26786,2325,stop,2026-04-28,00:02:00,,
EPSOM - EPSOM,X27347,2348,pass,2026-04-06,23:59:00,,
DORKING - WEST CROYDON,P46063,2337,stop,2026-04-25,23:59:00,,
EPSOM - EPSOM,W58281,2348,pass,2026-04-04,23:59:00,,
BALHAM - HORSHAM,P26786,2325,stop,2026-04-03,23:59:00,,
BALHAM - HORSHAM,P26786,2325,stop,2026-04-27,23:59:00,,
EPSOM - EPSOM,W58281,2348,pass,2026-04-25,23:59:00,,
BALHAM - DORKING (5),P26779,2311,stop,2026-04-05,23:57:00,,
EARLSFIELD - EPSOM,P61639,2332,stop,2026-04-05,00:04:00,,
EARLSFIELD - EPSOM,P61639,2332,stop,2026-04-12,00:04:00,,
EARLSFIELD - EPSOM,P61639,2332,stop,2026-04-19,00:04:00,,
EARLSFIELD - EPSOM,P61639,2332,stop,2026-04-26,00:04:00,,
BALHAM - HORSHAM,P26786,2327,stop,2026-04-13,00:03:00,,
BALHAM - HORSHAM (2),P26786,2325,stop,2026-04-09,00:03:00,,
SUTTON (SURREY) - DORKING,X04903,2359,stop,2026-04-12,00:07:00,,
BALHAM - HORSHAM (2),P26786,2325,stop,2026-04-08,00:06:00,,
BALHAM - HORSHAM (2),P26786,2325,stop,2026-04-07,00:06:00,,
BALHAM - HORSHAM,P26786,2327,stop,2026-04-16,00:06:00,,
BALHAM - HORSHAM,P26786,2327,stop,2026-04-15,00:06:00,,
BALHAM - HORSHAM,P26786,2327,stop,2026-04-14,00:06:00,,
BALHAM - HORSHAM,P26786,2325,stop,2026-04-10,00:05:00,,
ST ALBANS CITY - SUTTON (SURREY) (2),G85023,2237,stop,2026-04-06,00:08:00,,
ST ALBANS CITY - SUTTON (SURREY) (2),G85023,2237,stop,2026-04-07,00:08:00,,
ST ALBANS CITY - SUTTON (SURREY) (2),G85023,2237,stop,2026-04-09,00:08:00,,
ST ALBANS CITY - SUTTON (SURREY) (2),G85023,2237,stop,2026-04-08,00:08:00,,
ST ALBANS CITY - SUTTON (SURREY) (2),G85023,2237,stop,2026-04-20,00:08:00,,
ST ALBANS CITY - SUTTON (SURREY) (2),G85023,2237,stop,2026-04-28,00:08:00,,
ST ALBANS CITY - SUTTON (SURREY) (2),G85023,2237,stop,2026-04-22,00:08:00,,
ST ALBANS CITY - SUTTON (SURREY) (2),G85023,2237,stop,2026-04-30,00:08:00,,
ST ALBANS CITY - SUTTON (SURREY) (2),G85023,2237,stop,2026-04-24,00:08:00,,
ST ALBANS CITY - SUTTON (SURREY) (2),G85023,2237,stop,2026-04-21,00:08:00,,
ST ALBANS CITY - SUTTON (SURREY) (2),G85023,2237,stop,2026-04-23,00:08:00,,
ST ALBANS CITY - SUTTON (SURREY) (2),G25511,2237,stop,2026-04-25,00:08:00,,
ST ALBANS CITY - SUTTON (SURREY) (2),G85023,2237,stop,2026-04-27,00:08:00,,
ST ALBANS CITY - SUTTON (SURREY) (2),G85023,2237,stop,2026-04-29,00:08:00,,
DORKING - WEST CROYDON,X93531,2337,stop,2026-04-03,00:07:00,,
WEST CROYDON - WEST CROYDON (2),G72110,4,pass,2026-04-28,00:11:00,,
WEST CROYDON - WEST CROYDON (2),G72109,4,pass,2026-04-25,00:11:00,,
ST ALBANS CITY - SUTTON (SURREY) (2),G85023,2237,stop,2026-04-15,00:08:00,,
ST ALBANS CITY - SUTTON (SURREY) (2),G25511,2237,stop,2026-04-18,00:08:00,,
ST ALBANS CITY - SUTTON (SURREY) (2),G85023,2237,stop,2026-04-17,00:08:00,,
ST ALBANS CITY - SUTTON (SURREY) (2),G85023,2237,stop,2026-04-16,00:08:00,,
ST ALBANS CITY - SUTTON (SURREY) (2),G85023,2237,stop,2026-04-03,00:08:00,,
ST ALBANS CITY - SUTTON (SURREY) (2),G85023,2237,stop,2026-04-14,00:08:00,,
ST ALBANS CITY - SUTTON (SURREY) (2),G25511,2237,stop,2026-04-04,00:08:00,,
ST ALBANS CITY - SUTTON (SURREY) (2),G85023,2237,stop,2026-04-13,00:08:00,,
ST ALBANS CITY - SUTTON (SURREY) (2),G25511,2237,stop,2026-04-11,00:08:00,,
ST ALBANS CITY - SUTTON (SURREY) (2),G85023,2237,stop,2026-04-10,00:08:00,,
WEST CROYDON - WEST CROYDON (2),G72110,4,pass,2026-04-22,00:11:00,,
WEST CROYDON - WEST CROYDON (2),G72110,4,pass,2026-04-07,00:11:00,,
WEST CROYDON - WEST CROYDON (2),G72110,4,pass,2026-04-14,00:11:00,,
WEST CROYDON - WEST CROYDON (2),G72109,4,pass,2026-04-11,00:11:00,,
WEST CROYDON - WEST CROYDON (2),G72110,4,pass,2026-04-23,00:11:00,,
WEST CROYDON - WEST CROYDON (2),G72110,4,pass,2026-04-30,00:11:00,,
WEST CROYDON - WEST CROYDON (2),G72110,4,pass,2026-04-15,00:11:00,,
WEST CROYDON - WEST CROYDON (2),G72110,4,pass,2026-04-17,00:11:00,,
WEST CROYDON - WEST CROYDON (2),G72110,4,pass,2026-04-09,00:11:00,,
WEST CROYDON - WEST CROYDON (2),G72110,4,pass,2026-04-24,00:11:00,,
WEST CROYDON - WEST CROYDON (2),G72109,4,pass,2026-04-04,00:11:00,,
WEST CROYDON - WEST CROYDON (2),G72110,4,pass,2026-04-16,00:11:00,,
WEST CROYDON - WEST CROYDON (2),G72110,4,pass,2026-04-29,00:11:00,,
WEST CROYDON - WEST CROYDON (2),G72110,4,pass,2026-04-08,00:11:00,,
EARLSFIELD - GUILDFORD (2),P61636,2342,stop,2026-04-22,00:13:00,,
EARLSFIELD - GUILDFORD (2),P61636,2342,stop,2026-04-21,00:13:00,,
EARLSFIELD - GUILDFORD (2),P61636,2342,stop,2026-04-20,00:13:00,,
EARLSFIELD - GUILDFORD (2),P61636,2342,stop,2026-04-30,00:13:00,,
EARLSFIELD - GUILDFORD (2),P61636,2342,stop,2026-04-16,00:13:00,,
EARLSFIELD - GUILDFORD (2),P61636,2342,stop,2026-04-28,00:13:00,,
EARLSFIELD - GUILDFORD (2),P61636,2342,stop,2026-04-13,00:13:00,,
EARLSFIELD - GUILDFORD (2),P61636,2342,stop,2026-04-09,00:13:00,,
EARLSFIELD - GUILDFORD (2),P61636,2342,stop,2026-04-08,00:13:00,,
EARLSFIELD - GUILDFORD (2),P61636,2342,stop,2026-04-07,00:13:00,,
EARLSFIELD - GUILDFORD (2),Q48051,2342,stop,2026-04-06,00:13:00,,
EARLSFIELD - GUILDFORD (2),P61636,2342,stop,2026-04-06,00:13:00,,
WEST CROYDON - WEST CROYDON (2),G72109,5,pass,2026-04-18,00:12:00,,
WEST CROYDON - WEST CROYDON (2),G72110,4,pass,2026-04-10,00:11:00,,
WEST CROYDON - WEST CROYDON (2),G72110,4,pass,2026-04-21,00:11:00,,
BALHAM - EPSOM,P26780,2345,stop,2026-04-25,00:17:00,,
BALHAM - EPSOM,X92990,2345,stop,2026-04-03,00:17:00,,
BALHAM - EPSOM,P26780,2345,stop,2026-04-18,00:17:00,,
BALHAM - EPSOM (2),X01855,2345,stop,2026-04-06,00:17:00,,
BALHAM - EPSOM,P26780,2345,stop,2026-04-04,00:17:00,,
SUTTON (SURREY) - BATTERSEA PARK LONDON (3),X05009,16,stop,2026-04-13,00:16:00,,
WEST CROYDON - WEST CROYDON (2),G72110,4,pass,2026-04-01,00:14:00,,
WEST CROYDON - WEST CROYDON (2),G72110,4,pass,2026-04-03,00:14:00,,
WEST CROYDON - WEST CROYDON (2),G72110,4,pass,2026-04-02,00:14:00,,
EARLSFIELD - GUILDFORD (2),P61636,2342,stop,2026-04-02,00:13:00,,
EARLSFIELD - GUILDFORD (2),P61636,2342,stop,2026-04-01,00:13:00,,
EARLSFIELD - GUILDFORD (2),P61636,2342,stop,2026-04-14,00:13:00,,
EARLSFIELD - GUILDFORD (2),P61636,2342,stop,2026-04-15,00:13:00,,
EARLSFIELD - GUILDFORD (2),P61636,2342,stop,2026-04-27,00:13:00,,
EARLSFIELD - GUILDFORD (2),P61636,2342,stop,2026-04-29,00:13:00,,
EARLSFIELD - GUILDFORD (2),P61636,2342,stop,2026-04-23,00:13:00,,
BALHAM - EPSOM,P26780,2345,stop,2026-04-11,00:17:00,,
SUTTON (SURREY) - BLACKFRIARS LONDON,G83451,2355,stop,2026-04-18,23:55:00,,
EARLSFIELD - DORKING,P61094,2323,stop,2026-04-04,23:54:00,,
EARLSFIELD - DORKING,P61092,2323,stop,2026-04-10,23:54:00,,
EARLSFIELD - DORKING,P61094,2323,stop,2026-04-11,23:54:00,,
EARLSFIELD - DORKING,Q38178,2323,stop,2026-04-03,23:54:00,,
EARLSFIELD - DORKING,P61092,2323,stop,2026-04-17,23:54:00,,
EARLSFIELD - DORKING,P61094,2323,stop,2026-04-18,23:54:00,,
EARLSFIELD - DORKING,P61092,2323,stop,2026-04-03,23:54:00,,
GUILDFORD - RAYNES PARK,L74328,2345,stop,2026-04-04,00:22:00,,
WORCESTER PARK - EPSOM,Q56814,5,stop,2026-04-13,00:18:00,,
EARLSFIELD - DORKING,P61092,2323,stop,2026-04-24,23:54:00,,
EARLSFIELD - DORKING,P61094,2323,stop,2026-04-25,23:54:00,,
EARLSFIELD - DORKING,Q48102,2323,stop,2026-04-06,23:54:00,,
SUTTON (SURREY) - BATTERSEA PARK LONDON (2),X27274,2353,stop,2026-04-05,23:53:00,,
DORKING - EARLSFIELD,P61099,2332,stop,2026-04-24,23:52:00,,
DORKING - EARLSFIELD,P61100,2332,stop,2026-04-11,23:52:00,,
DORKING - EARLSFIELD,P61100,2332,stop,2026-04-18,23:52:00,,
SUTTON (SURREY) - BALHAM,X27490,2352,stop,2026-04-09,23:52:00,,
DORKING - EARLSFIELD,P61100,2332,stop,2026-04-04,23:52:00,,
SUTTON (SURREY) - BALHAM,X27490,2352,stop,2026-04-08,23:52:00,,
DORKING - EARLSFIELD,P61099,2332,stop,2026-04-10,23:52:00,,
SUTTON (SURREY) - BALHAM,X27490,2352,stop,2026-04-07,23:52:00,,
STREATHAM - DORKING,P26779,2313,stop,2026-04-19,23:52:00,,
GUILDFORD - RAYNES PARK,L74327,2345,stop,2026-04-17,00:22:00,,
GUILDFORD - RAYNES PARK,L74328,2345,stop,2026-04-18,00:22:00,,
GUILDFORD - RAYNES PARK,L74328,2345,stop,2026-04-11,00:22:00,,
GUILDFORD - RAYNES PARK,L74327,2345,stop,2026-04-10,00:22:00,,
GUILDFORD - RAYNES PARK,L74327,2345,stop,2026-04-03,00:22:00,,
GUILDFORD - RAYNES PARK,L74328,2345,stop,2026-04-25,00:22:00,,
GUILDFORD - RAYNES PARK,Q38163,2345,stop,2026-04-03,00:22:00,,
GUILDFORD - RAYNES PARK,L74327,2345,stop,2026-04-24,00:22:00,,
DORKING - EARLSFIELD,P61099,2332,stop,2026-04-17,23:52:00,,
EPSOM DOWNS - WEST CROYDON,X01719,2338,stop,2026-04-06,23:52:00,,
DORKING - EARLSFIELD,P61100,2332,stop,2026-04-25,23:52:00,,
DORKING - EARLSFIELD,Q40142,2332,stop,2026-04-03,23:52:00,,
DORKING - EARLSFIELD,P61099,2332,stop,2026-04-03,23:52:00,,
EPSOM DOWNS - WEST CROYDON,X93529,2338,stop,2026-04-03,23:51:00,,
EPSOM DOWNS - WEST CROYDON,P26197,2338,stop,2026-04-11,23:51:00,,
EPSOM DOWNS - WEST CROYDON,P26197,2338,stop,2026-04-04,23:51:00,,
DORKING - WORCESTER PARK,Q54757,2307,stop,2026-04-12,23:51:00,,
EPSOM DOWNS - WEST CROYDON,P26197,2338,stop,2026-04-25,23:51:00,,
EPSOM DOWNS - WEST CROYDON,P26197,2338,stop,2026-04-18,23:51:00,,
BATTERSEA PARK LONDON - EPSOM DOWNS,P26175,2300,stop,2026-04-09,23:49:00,,
BALHAM - DORKING (2),P26778,2311,stop,2026-04-04,23:49:00,,
BATTERSEA PARK LONDON - EPSOM DOWNS,P26175,2300,stop,2026-04-10,23:49:00,,
BATTERSEA PARK LONDON - EPSOM DOWNS,P26175,2300,stop,2026-04-22,23:49:00,,
EARLSFIELD - GUILDFORD (2),Q88875,2353,stop,2026-04-03,00:24:00,,
EARLSFIELD - GUILDFORD (2),P61638,2353,stop,2026-04-11,00:24:00,,
EARLSFIELD - GUILDFORD (2),P61637,2353,stop,2026-04-03,00:24:00,,
EARLSFIELD - GUILDFORD (2),P61637,2353,stop,2026-04-24,00:24:00,,
EARLSFIELD - GUILDFORD (2),P61638,2353,stop,2026-04-25,00:24:00,,
SUTTON (SURREY) - DORKING,X02567,24,stop,2026-04-06,00:24:00,,
EARLSFIELD - GUILDFORD (2),P61638,2353,stop,2026-04-04,00:24:00,,
EARLSFIELD - GUILDFORD (2),P61637,2353,stop,2026-04-10,00:24:00,,
EARLSFIELD - GUILDFORD (2),P61638,2353,stop,2026-04-18,00:24:00,,
EARLSFIELD - GUILDFORD (2),P61637,2353,stop,2026-04-17,00:24:00,,
STREATHAM HILL - EPSOM DOWNS,P26189,2357,stop,2026-04-18,00:33:00,,
SUTTON (SURREY) - T & RSMD,G72709,33,stop,2026-04-26,00:33:00,,
STREATHAM COMMON - EPSOM,X27491,2352,stop,2026-04-09,00:29:00,,
STREATHAM COMMON - EPSOM,X27491,2352,stop,2026-04-08,00:29:00,,
STREATHAM COMMON - EPSOM,X27491,2352,stop,2026-04-07,00:29:00,,
WEST CROYDON - SELHURST  T&RS  MD  M&EE   NSC,X06690,15,pass,2026-04-19,00:28:00,,
SUTTON (SURREY) - BATTERSEA PARK LONDON (3),X05008,26,stop,2026-04-13,00:26:00,,
BALHAM - DORKING (2),X00982,2311,stop,2026-04-06,23:49:00,,
BATTERSEA PARK LONDON - EPSOM DOWNS,P26175,2300,stop,2026-04-08,23:49:00,,
BATTERSEA PARK LONDON - EPSOM DOWNS,P26175,2300,stop,2026-04-13,23:49:00,,
BATTERSEA PARK LONDON - EPSOM DOWNS,P26176,2300,stop,2026-04-11,23:49:00,,
BALHAM - DORKING (2),P26779,2311,stop,2026-04-26,23:49:00,,
BATTERSEA PARK LONDON - EPSOM DOWNS,P26175,2300,stop,2026-04-24,23:49:00,,
BALHAM - DORKING (2),P26779,2311,stop,2026-04-12,23:49:00,,
STREATHAM HILL - EPSOM DOWNS,P26176,2313,stop,2026-04-18,23:49:00,,
BATTERSEA PARK LONDON - EPSOM DOWNS,P26175,2300,stop,2026-04-17,23:49:00,,
BALHAM - DORKING (2),P26778,2311,stop,2026-04-25,23:49:00,,
BATTERSEA PARK LONDON - EPSOM DOWNS,P26175,2300,stop,2026-04-16,23:49:00,,
BATTERSEA PARK LONDON - EPSOM DOWNS,P26176,2300,stop,2026-04-25,23:49:00,,
BATTERSEA PARK LONDON - EPSOM DOWNS,P26175,2300,stop,2026-04-29,23:49:00,,
BATTERSEA PARK LONDON - EPSOM DOWNS,P26175,2300,stop,2026-04-15,23:49:00,,
BATTERSEA PARK LONDON - EPSOM DOWNS,P26175,2300,stop,2026-04-14,23:49:00,,
BALHAM - DORKING (2),P26778,2311,stop,2026-04-11,23:49:00,,
BATTERSEA PARK LONDON - EPSOM DOWNS,P26175,2301,stop,2026-04-01,23:49:00,,
BATTERSEA PARK LONDON - EPSOM DOWNS,P26175,2300,stop,2026-04-27,23:49:00,,
BATTERSEA PARK LONDON - EPSOM DOWNS,P26175,2300,stop,2026-04-21,23:49:00,,
BATTERSEA PARK LONDON - EPSOM DOWNS,P26175,2300,stop,2026-04-07,23:49:00,,
BATTERSEA PARK LONDON - EPSOM DOWNS,P26175,2300,stop,2026-04-20,23:49:00,,
BATTERSEA PARK LONDON - EPSOM DOWNS,P26176,2300,stop,2026-04-04,23:49:00,,
BATTERSEA PARK LONDON - EPSOM DOWNS,X93574,2300,stop,2026-04-03,23:49:00,,
BATTERSEA PARK LONDON - EPSOM DOWNS,P26175,2300,stop,2026-04-28,23:49:00,,
BATTERSEA PARK LONDON - EPSOM DOWNS,P26175,2301,stop,2026-04-02,23:49:00,,
BALHAM - DORKING (2),X93560,2311,stop,2026-04-03,23:49:00,,
BATTERSEA PARK LONDON - EPSOM DOWNS,X00780,2300,stop,2026-04-06,23:49:00,,
BATTERSEA PARK LONDON - EPSOM DOWNS,P26175,2300,stop,2026-04-30,23:49:00,,
BATTERSEA PARK LONDON - EPSOM DOWNS,P26175,2300,stop,2026-04-06,23:49:00,,
BATTERSEA PARK LONDON - EPSOM DOWNS,P26175,2300,stop,2026-04-23,23:49:00,,
BATTERSEA PARK LONDON - EPSOM DOWNS,P26175,2300,stop,2026-04-03,23:49:00,,
LUTON - SUTTON (SURREY) (2),W59688,2254,stop,2026-04-17,00:37:00,,
LUTON - SUTTON (SURREY) (2),G25516,2254,stop,2026-04-04,00:37:00,,
LUTON - SUTTON (SURREY) (2),W59688,2254,stop,2026-04-06,00:37:00,,
LUTON - SUTTON (SURREY) (2),W59688,2254,stop,2026-04-23,00:37:00,,
SUTTON (SURREY) - BLACKFRIARS LONDON,G83455,2348,stop,2026-04-03,23:48:00,,
SUTTON (SURREY) - BLACKFRIARS LONDON,G83455,2348,stop,2026-04-27,23:48:00,,
SUTTON (SURREY) - BLACKFRIARS LONDON,G83455,2348,stop,2026-04-24,23:48:00,,
SUTTON (SURREY) - BLACKFRIARS LONDON,G83455,2348,stop,2026-04-15,23:48:00,,
SUTTON (SURREY) - BLACKFRIARS LONDON,G83455,2348,stop,2026-04-30,23:48:00,,
SUTTON (SURREY) - BLACKFRIARS LONDON,G83455,2348,stop,2026-04-17,23:48:00,,
SUTTON (SURREY) - BLACKFRIARS LONDON,G83455,2348,stop,2026-04-13,23:48:00,,
SUTTON (SURREY) - BLACKFRIARS LONDON,G83455,2348,stop,2026-04-28,23:48:00,,
SUTTON (SURREY) - BLACKFRIARS LONDON,G83455,2348,stop,2026-04-16,23:48:00,,
WORCESTER PARK - EPSOM,Q54787,2335,stop,2026-04-12,23:48:00,,
SUTTON (SURREY) - BLACKFRIARS LONDON,G83455,2348,stop,2026-04-10,23:48:00,,
LUTON - SUTTON (SURREY) (2),W59688,2254,stop,2026-04-21,00:37:00,,
LUTON - SUTTON (SURREY) (2),W59688,2254,stop,2026-04-16,00:37:00,,
LUTON - SUTTON (SURREY) (2),W59688,2254,stop,2026-04-13,00:37:00,,
LUTON - SUTTON (SURREY) (2),G25516,2254,stop,2026-04-25,00:37:00,,
LUTON - SUTTON (SURREY) (2),G25516,2254,stop,2026-04-11,00:37:00,,
LUTON - SUTTON (SURREY) (2),W59688,2254,stop,2026-04-08,00:37:00,,
LUTON - SUTTON (SURREY) (2),W59688,2254,stop,2026-04-28,00:37:00,,
LUTON - SUTTON (SURREY) (2),W59688,2254,stop,2026-04-14,00:37:00,,
LUTON - SUTTON (SURREY) (2),W59688,2254,stop,2026-04-30,00:37:00,,
LUTON - SUTTON (SURREY) (2),W59688,2254,stop,2026-04-07,00:37:00,,
LUTON - SUTTON (SURREY) (2),W59688,2254,stop,2026-04-10,00:37:00,,
LUTON - SUTTON (SURREY) (2),W59688,2254,stop,2026-04-24,00:37:00,,
LUTON - SUTTON (SURREY) (2),W59688,2254,stop,2026-04-22,00:37:00,,
ST ALBANS CITY - SUTTON (SURREY) (2),G25516,2309,stop,2026-04-18,00:37:00,,
MITCHAM EASTFIELDS - EPSOM (2),X06899,18,stop,2026-04-19,00:46:00,,
EPSOM - EPSOM,G71266,36,pass,2026-04-12,00:42:00,,
LUTON - SUTTON (SURREY) (2),W59688,2254,stop,2026-04-20,00:37:00,,
LUTON - SUTTON (SURREY) (2),W59688,2254,stop,2026-04-29,00:37:00,,
LUTON - SUTTON (SURREY) (2),W59688,2254,stop,2026-04-27,00:37:00,,
LUTON - SUTTON (SURREY) (2),W59688,2254,stop,2026-04-09,00:37:00,,
LUTON - SUTTON (SURREY) (2),W59688,2254,stop,2026-04-03,00:37:00,,
LUTON - SUTTON (SURREY) (2),W59688,2254,stop,2026-04-15,00:37:00,,
SUTTON (SURREY) - BLACKFRIARS LONDON,G83455,2348,stop,2026-04-29,23:48:00,,
SUTTON (SURREY) - BLACKFRIARS LONDON,G83455,2348,stop,2026-04-14,23:48:00,,
EPSOM DOWNS - WEST CROYDON,P43739,2337,stop,2026-04-21,23:47:00,,
EPSOM DOWNS - WEST CROYDON,P43739,2337,stop,2026-04-24,23:47:00,,
EPSOM DOWNS - WEST CROYDON,P43739,2337,stop,2026-04-27,23:47:00,,
EPSOM DOWNS - WEST CROYDON,P43739,2337,stop,2026-04-02,23:47:00,,
EPSOM DOWNS - WEST CROYDON,P43739,2337,stop,2026-04-01,23:47:00,,
EPSOM DOWNS - WEST CROYDON,P43739,2337,stop,2026-04-16,23:47:00,,
EPSOM DOWNS - WEST CROYDON,P43739,2337,stop,2026-04-03,23:47:00,,
EPSOM DOWNS - WEST CROYDON,P43739,2337,stop,2026-04-15,23:47:00,,
EPSOM DOWNS - WEST CROYDON,P43739,2337,stop,2026-04-28,23:47:00,,
EPSOM DOWNS - WEST CROYDON,P43739,2337,stop,2026-04-17,23:47:00,,
EPSOM DOWNS - WEST CROYDON,P43739,2337,stop,2026-04-30,23:47:00,,
EPSOM DOWNS - WEST CROYDON,P43739,2337,stop,2026-04-14,23:47:00,,
EARLSFIELD - DORKING,P61101,25,stop,2026-04-25,00:58:00,,
EARLSFIELD - DORKING,P61101,25,stop,2026-04-11,00:58:00,,
EARLSFIELD - DORKING,P61101,25,stop,2026-04-18,00:58:00,,
EARLSFIELD - DORKING,P61101,25,stop,2026-04-04,00:58:00,,
EARLSFIELD - DORKING,Q45468,25,stop,2026-04-04,00:58:00,,
EARLSFIELD - LEATHERHEAD,P61102,25,stop,2026-04-19,00:58:00,,
EARLSFIELD - DORKING,P61102,25,stop,2026-04-26,00:58:00,,
EARLSFIELD - DORKING,P61102,25,stop,2026-04-12,00:58:00,,
EARLSFIELD - DORKING,P61102,25,stop,2026-04-05,00:58:00,,
EPSOM DOWNS - WEST CROYDON,P43739,2337,stop,2026-04-13,23:47:00,,
EPSOM DOWNS - WEST CROYDON,P43739,2337,stop,2026-04-22,23:47:00,,
EPSOM DOWNS - WEST CROYDON,P43739,2337,stop,2026-04-10,23:47:00,,
EPSOM DOWNS - WEST CROYDON,P43739,2337,stop,2026-04-29,23:47:00,,
EPSOM DOWNS - WEST CROYDON,P43739,2337,stop,2026-04-07,23:47:00,,
EPSOM DOWNS - WEST CROYDON,P43739,2337,stop,2026-04-06,23:47:00,,
EPSOM DOWNS - WEST CROYDON,P43739,2337,stop,2026-04-08,23:47:00,,
EPSOM DOWNS - WEST CROYDON,P43739,2337,stop,2026-04-09,23:47:00,,
EPSOM DOWNS - WEST CROYDON,P43739,2337,stop,2026-04-23,23:47:00,,
EPSOM DOWNS - WEST CROYDON,P43739,2337,stop,2026-04-20,23:47:00,,
SUTTON (SURREY) - SELHURST  T&RS  MD  M&EE   NSC,W58280,126,stop,2026-04-19,01:26:00,,
SUTTON (SURREY) - SELHURST  T&RS  MD  M&EE   NSC,W58280,123,stop,2026-04-12,01:23:00,,
SUTTON (SURREY) - SELHURST  T&RS  MD  M&EE   NSC,W58280,123,stop,2026-04-26,01:23:00,,
SUTTON (SURREY) - SELHURST  T&RS  MD  M&EE   NSC,X99097,123,stop,2026-04-04,01:23:00,,
SUTTON (SURREY) - SELHURST  T&RS  MD  M&EE   NSC,X02759,123,stop,2026-04-07,01:23:00,,
SUTTON (SURREY) - SELHURST  T&RS  MD  M&EE   NSC,W58280,123,stop,2026-04-05,01:23:00,,
RAYNES PARK - DORKING,Q62925,51,stop,2026-04-26,01:21:00,,
BALHAM - EPSOM,X27503,7,stop,2026-04-07,01:17:00,,
SELHURST  T&RS  MD  M&EE   NSC - SELHURST  T&RS  MD  M&EE   NSC,G71305,440,pass,2026-04-27,05:24:00,,
SUTTON (SURREY) - BATTERSEA PARK LONDON (3),P26788,2346,stop,2026-04-12,23:46:00,,
DORKING - BATTERSEA PARK LONDON,P26788,2316,stop,2026-04-05,23:46:00,,
DORKING - MITCHAM EASTFIELDS,P26788,2316,stop,2026-04-19,23:46:00,,
DORKING - BATTERSEA PARK LONDON (2),P26788,2316,stop,2026-04-26,23:46:00,,
SUTTON (SURREY) - SELHURST  T&RS  MD  M&EE   NSC,X06595,2346,stop,2026-04-19,23:46:00,,
DORKING - BALHAM (4),P26776,2315,stop,2026-04-27,23:42:00,,
GUILDFORD - EARLSFIELD,P61576,458,stop,2026-04-24,05:37:00,,
GUILDFORD - EARLSFIELD,P61576,458,stop,2026-04-17,05:37:00,,
GUILDFORD - EARLSFIELD,P61576,458,stop,2026-04-01,05:37:00,,
GUILDFORD - EARLSFIELD,P61576,458,stop,2026-04-23,05:37:00,,
GUILDFORD - EARLSFIELD,P61576,458,stop,2026-04-28,05:37:00,,
GUILDFORD - EARLSFIELD,P61576,458,stop,2026-04-30,05:37:00,,
GUILDFORD - EARLSFIELD,P61576,458,stop,2026-04-13,05:37:00,,
GUILDFORD - EARLSFIELD,P61576,458,stop,2026-04-20,05:37:00,,
GUILDFORD - EARLSFIELD,P61576,458,stop,2026-04-10,05:37:00,,
GUILDFORD - EARLSFIELD,P61576,458,stop,2026-04-08,05:37:00,,
EPSOM - EARLSFIELD,Q88884,534,stop,2026-04-03,05:37:00,,
EPSOM - WEST CROYDON,X05888,523,stop,2026-04-18,05:34:00,,
GUILDFORD - EARLSFIELD,P61576,458,stop,2026-04-02,05:37:00,,
GUILDFORD - EARLSFIELD,P61576,458,stop,2026-04-16,05:37:00,,
EPSOM - EARLSFIELD,L74206,534,stop,2026-04-25,05:37:00,,
EPSOM - EARLSFIELD,L74206,534,stop,2026-04-11,05:37:00,,
EPSOM - EARLSFIELD,Q51842,534,stop,2026-04-06,05:37:00,,
GUILDFORD - EARLSFIELD,P61576,458,stop,2026-04-22,05:37:00,,
GUILDFORD - EARLSFIELD,P61576,458,stop,2026-04-06,05:37:00,,
EPSOM - EARLSFIELD,L74206,534,stop,2026-04-18,05:37:00,,
GUILDFORD - EARLSFIELD,P61576,458,stop,2026-04-09,05:37:00,,
GUILDFORD - EARLSFIELD,P61576,458,stop,2026-04-21,05:37:00,,
GUILDFORD - EARLSFIELD,P61576,458,stop,2026-04-15,05:37:00,,
EPSOM - EARLSFIELD,L74206,534,stop,2026-04-04,05:37:00,,
GUILDFORD - EARLSFIELD,P61576,458,stop,2026-04-27,05:37:00,,
GUILDFORD - EARLSFIELD,P61576,458,stop,2026-04-03,05:37:00,,
GUILDFORD - EARLSFIELD,P61576,458,stop,2026-04-29,05:37:00,,
GUILDFORD - EARLSFIELD,P61576,458,stop,2026-04-07,05:37:00,,
SUTTON (SURREY) - ST ALBANS CITY (3),G84839,546,stop,2026-04-10,05:46:00,,
SUTTON (SURREY) - ST ALBANS CITY (3),G84839,546,stop,2026-04-08,05:46:00,,
SUTTON (SURREY) - ST ALBANS CITY (3),G84839,546,stop,2026-04-21,05:46:00,,
SUTTON (SURREY) - ST ALBANS CITY (6),G25091,546,stop,2026-04-25,05:46:00,,
SUTTON (SURREY) - ST ALBANS CITY (3),G84839,546,stop,2026-04-20,05:46:00,,
SUTTON (SURREY) - ST ALBANS CITY (6),G84839,546,stop,2026-04-03,05:46:00,,
SUTTON (SURREY) - ST ALBANS CITY (3),G84839,546,stop,2026-04-16,05:46:00,,
SUTTON (SURREY) - ST ALBANS CITY (3),G84839,546,stop,2026-04-02,05:46:00,,
SUTTON (SURREY) - ST ALBANS CITY (3),G84839,546,stop,2026-04-23,05:46:00,,
SUTTON (SURREY) - ST ALBANS CITY (3),G84839,546,stop,2026-04-09,05:46:00,,
SUTTON (SURREY) - ST ALBANS CITY (6),G84839,546,stop,2026-04-06,05:46:00,,
WEST CROYDON - WEST CROYDON,G73275,503,pass,2026-04-21,05:38:00,,
WEST CROYDON - WEST CROYDON,G73275,503,pass,2026-04-23,05:38:00,,
WEST CROYDON - WEST CROYDON,G73275,503,pass,2026-04-22,05:38:00,,
WEST CROYDON - WEST CROYDON,G73275,503,pass,2026-04-24,05:38:00,,
GUILDFORD - EARLSFIELD,P61576,458,stop,2026-04-14,05:37:00,,
EPSOM - NORWOOD JUNCTION,P25176,545,stop,2026-04-09,05:49:00,,
SUTTON (SURREY) - ST ALBANS CITY (3),G84839,546,stop,2026-04-28,05:46:00,,
SUTTON (SURREY) - ST ALBANS CITY (3),G84839,546,stop,2026-04-27,05:46:00,,
SUTTON (SURREY) - ST ALBANS CITY (3),G84839,546,stop,2026-04-07,05:46:00,,
SUTTON (SURREY) - ST ALBANS CITY (3),G84839,546,stop,2026-04-17,05:46:00,,
SUTTON (SURREY) - ST ALBANS CITY (3),G84839,546,stop,2026-04-15,05:46:00,,
SUTTON (SURREY) - ST ALBANS CITY (6),G25091,546,stop,2026-04-11,05:46:00,,
SUTTON (SURREY) - ST ALBANS CITY (3),G84839,546,stop,2026-04-29,05:46:00,,
SUTTON (SURREY) - ST ALBANS CITY (6),G25091,546,stop,2026-04-04,05:46:00,,
SUTTON (SURREY) - ST ALBANS CITY (3),G84839,546,stop,2026-04-22,05:46:00,,
SUTTON (SURREY) - ST ALBANS CITY (6),G25091,546,stop,2026-04-18,05:46:00,,
SUTTON (SURREY) - ST ALBANS CITY (3),G84839,546,stop,2026-04-13,05:46:00,,
SUTTON (SURREY) - ST ALBANS CITY (3),G84839,546,stop,2026-04-30,05:46:00,,
SUTTON (SURREY) - ST ALBANS CITY (3),G84839,546,stop,2026-04-14,05:46:00,,
SUTTON (SURREY) - ST ALBANS CITY (3),G84839,546,stop,2026-04-01,05:46:00,,
SUTTON (SURREY) - ST ALBANS CITY (3),G84839,546,stop,2026-04-24,05:46:00,,
SUTTON (SURREY) - ST ALBANS CITY (5),G25092,549,stop,2026-04-11,05:49:00,,
SUTTON (SURREY) - ST ALBANS CITY,G83870,549,stop,2026-04-17,05:49:00,,
SUTTON (SURREY) - ST ALBANS CITY (5),G25092,549,stop,2026-04-18,05:49:00,,
EPSOM - NORWOOD JUNCTION,P25176,545,stop,2026-04-16,05:49:00,,
SUTTON (SURREY) - ST ALBANS CITY,G83870,549,stop,2026-04-09,05:49:00,,
SUTTON (SURREY) - ST ALBANS CITY,G83870,549,stop,2026-04-30,05:49:00,,
EPSOM - NORWOOD JUNCTION,P25176,545,stop,2026-04-15,05:49:00,,
EPSOM - NORWOOD JUNCTION,P25176,545,stop,2026-04-10,05:49:00,,
SUTTON (SURREY) - ST ALBANS CITY,G83870,549,stop,2026-04-10,05:49:00,,
EPSOM - NORWOOD JUNCTION,P25176,545,stop,2026-04-29,05:49:00,,
SUTTON (SURREY) - ST ALBANS CITY (5),G25092,549,stop,2026-04-25,05:49:00,,
SUTTON (SURREY) - ST ALBANS CITY,G83870,549,stop,2026-04-28,05:49:00,,
EPSOM - NORWOOD JUNCTION,P25176,545,stop,2026-04-02,05:49:00,,
SUTTON (SURREY) - ST ALBANS CITY,G83870,549,stop,2026-04-01,05:49:00,,
EPSOM - NORWOOD JUNCTION,P25176,545,stop,2026-04-01,05:49:00,,
EPSOM - NORWOOD JUNCTION,P25176,545,stop,2026-04-30,05:49:00,,
EPSOM - NORWOOD JUNCTION,P25176,545,stop,2026-04-08,05:49:00,,
SUTTON (SURREY) - ST ALBANS CITY,G83870,549,stop,2026-04-13,05:49:00,,
EPSOM - NORWOOD JUNCTION,P25176,545,stop,2026-04-23,05:49:00,,
EPSOM - NORWOOD JUNCTION,P25176,545,stop,2026-04-24,05:49:00,,
EPSOM - NORWOOD JUNCTION,P25176,545,stop,2026-04-28,05:49:00,,
EPSOM - NORWOOD JUNCTION,P25176,545,stop,2026-04-17,05:49:00,,
EPSOM - NORWOOD JUNCTION,P25176,545,stop,2026-04-14,05:49:00,,
SUTTON (SURREY) - ST ALBANS CITY (5),G25092,549,stop,2026-04-04,05:49:00,,
EPSOM - NORWOOD JUNCTION,P25176,545,stop,2026-04-03,05:49:00,,
SUTTON (SURREY) - ST ALBANS CITY,G83870,549,stop,2026-04-29,05:49:00,,
SUTTON (SURREY) - ST ALBANS CITY (5),G83870,549,stop,2026-04-03,05:49:00,,
EPSOM - NORWOOD JUNCTION,P25176,545,stop,2026-04-13,05:49:00,,
SUTTON (SURREY) - ST ALBANS CITY (5),G83870,549,stop,2026-04-06,05:49:00,,
EPSOM - NORWOOD JUNCTION,P25176,545,stop,2026-04-21,05:49:00,,
EPSOM - NORWOOD JUNCTION,P25176,545,stop,2026-04-20,05:49:00,,
EPSOM - NORWOOD JUNCTION,P25176,545,stop,2026-04-06,05:49:00,,
SUTTON (SURREY) - BATTERSEA PARK LONDON,P26010,551,stop,2026-04-29,05:51:00,,
SUTTON (SURREY) - BATTERSEA PARK LONDON,P26010,551,stop,2026-04-13,05:51:00,,
SUTTON (SURREY) - BATTERSEA PARK LONDON,P26010,551,stop,2026-04-22,05:51:00,,
SUTTON (SURREY) - BATTERSEA PARK LONDON,P26010,551,stop,2026-04-21,05:51:00,,
SUTTON (SURREY) - ST ALBANS CITY,G83870,549,stop,2026-04-14,05:49:00,,
SUTTON (SURREY) - ST ALBANS CITY,G83870,549,stop,2026-04-02,05:49:00,,
EPSOM - NORWOOD JUNCTION,P25176,545,stop,2026-04-27,05:49:00,,
SUTTON (SURREY) - ST ALBANS CITY,G83870,549,stop,2026-04-07,05:49:00,,
EPSOM DOWNS - EPSOM DOWNS,X05861,510,pass,2026-04-18,05:49:00,,
EPSOM - NORWOOD JUNCTION,P25176,545,stop,2026-04-07,05:49:00,,
SUTTON (SURREY) - ST ALBANS CITY,G83870,549,stop,2026-04-27,05:49:00,,
SUTTON (SURREY) - ST ALBANS CITY,G83870,549,stop,2026-04-08,05:49:00,,
SUTTON (SURREY) - ST ALBANS CITY,G83870,549,stop,2026-04-20,05:49:00,,
SUTTON (SURREY) - ST ALBANS CITY,G83870,549,stop,2026-04-15,05:49:00,,
EPSOM - NORWOOD JUNCTION,P25176,545,stop,2026-04-22,05:49:00,,
SUTTON (SURREY) - ST ALBANS CITY,G83870,549,stop,2026-04-16,05:49:00,,
SUTTON (SURREY) - ST ALBANS CITY,G83870,551,stop,2026-04-23,05:51:00,,
SUTTON (SURREY) - BATTERSEA PARK LONDON,P26010,551,stop,2026-04-07,05:51:00,,
SUTTON (SURREY) - BATTERSEA PARK LONDON,P26010,551,stop,2026-04-20,05:51:00,,
SUTTON (SURREY) - BATTERSEA PARK LONDON,P26010,551,stop,2026-04-24,05:51:00,,
SUTTON (SURREY) - BATTERSEA PARK LONDON,P26010,551,stop,2026-04-16,05:51:00,,
SUTTON (SURREY) - BATTERSEA PARK LONDON,P26010,551,stop,2026-04-14,05:51:00,,
SUTTON (SURREY) - BATTERSEA PARK LONDON,P26010,551,stop,2026-04-06,05:51:00,,
SUTTON (SURREY) - ST ALBANS CITY,G83870,551,stop,2026-04-24,05:51:00,,
SUTTON (SURREY) - BATTERSEA PARK LONDON,P26010,551,stop,2026-04-10,05:51:00,,
SUTTON (SURREY) - BATTERSEA PARK LONDON,P26010,551,stop,2026-04-09,05:51:00,,
SUTTON (SURREY) - BATTERSEA PARK LONDON,P26010,551,stop,2026-04-23,05:51:00,,
SUTTON (SURREY) - ST ALBANS CITY,G83870,551,stop,2026-04-22,05:51:00,,
SUTTON (SURREY) - BATTERSEA PARK LONDON,P26010,551,stop,2026-04-03,05:51:00,,
SUTTON (SURREY) - BATTERSEA PARK LONDON,P26010,551,stop,2026-04-28,05:51:00,,
SUTTON (SURREY) - BATTERSEA PARK LONDON,P26010,551,stop,2026-04-27,05:51:00,,
SUTTON (SURREY) - ST ALBANS CITY,G83870,551,stop,2026-04-21,05:51:00,,
SUTTON (SURREY) - BATTERSEA PARK LONDON,P26010,551,stop,2026-04-08,05:51:00,,
SUTTON (SURREY) - BATTERSEA PARK LONDON,P26010,551,stop,2026-04-02,05:51:00,,
SUTTON (SURREY) - BATTERSEA PARK LONDON,P26010,551,stop,2026-04-15,05:51:00,,
SUTTON (SURREY) - BATTERSEA PARK LONDON,P26010,551,stop,2026-04-30,05:51:00,,
SUTTON (SURREY) - BATTERSEA PARK LONDON,P26010,551,stop,2026-04-17,05:51:00,,
SUTTON (SURREY) - BATTERSEA PARK LONDON,P26010,551,stop,2026-04-01,05:51:00,,
WEST CROYDON - WEST CROYDON,G73275,505,pass,2026-04-20,05:53:00,,
WEST CROYDON - WEST CROYDON,G73275,505,pass,2026-04-16,05:53:00,,
WEST CROYDON - WEST CROYDON,G73275,505,pass,2026-04-02,05:53:00,,
WEST CROYDON - WEST CROYDON,G73275,505,pass,2026-04-14,05:53:00,,
WEST CROYDON - WEST CROYDON,G73275,505,pass,2026-04-13,05:53:00,,
WEST CROYDON - WEST CROYDON,G73275,505,pass,2026-04-10,05:53:00,,
WEST CROYDON - WEST CROYDON,G73275,505,pass,2026-04-30,05:53:00,,
WEST CROYDON - WEST CROYDON,G73275,505,pass,2026-04-08,05:53:00,,
WEST CROYDON - WEST CROYDON,G73275,505,pass,2026-04-09,05:53:00,,
WEST CROYDON - WEST CROYDON,G73275,505,pass,2026-04-29,05:53:00,,
WEST CROYDON - WEST CROYDON,G73275,505,pass,2026-04-15,05:53:00,,
WEST CROYDON - WEST CROYDON,G73275,505,pass,2026-04-06,05:53:00,,
WEST CROYDON - WEST CROYDON,G73275,505,pass,2026-04-17,05:53:00,,
WEST CROYDON - WEST CROYDON,G73275,505,pass,2026-04-01,05:53:00,,
WEST CROYDON - WEST CROYDON,G73275,505,pass,2026-04-28,05:53:00,,
WEST CROYDON - WEST CROYDON,G73275,505,pass,2026-04-03,05:53:00,,
WEST CROYDON - WEST CROYDON,G73275,505,pass,2026-04-27,05:53:00,,
GUILDFORD - EARLSFIELD,L74210,525,stop,2026-04-10,06:07:00,,
GUILDFORD - EARLSFIELD,L74210,525,stop,2026-04-07,06:07:00,,
LUTON - SUTTON (SURREY),W59660,420,stop,2026-04-07,06:07:00,,
GUILDFORD - EARLSFIELD,L74210,525,stop,2026-04-29,06:07:00,,
LUTON - SUTTON (SURREY),W59660,420,stop,2026-04-21,06:07:00,,
LUTON - SUTTON (SURREY) (2),G25060,420,stop,2026-04-11,06:07:00,,
WEST CROYDON - WEST CROYDON,G73275,505,pass,2026-04-07,05:59:00,,
EPSOM - EPSOM (2),W58310,536,pass,2026-04-11,05:58:00,,
EPSOM - EPSOM (2),X02137,536,pass,2026-04-06,05:58:00,,
EPSOM - EPSOM (2),X97002,536,pass,2026-04-03,05:58:00,,
EPSOM - EPSOM (2),W58310,536,pass,2026-04-04,05:58:00,,
EPSOM - EPSOM (2),W58310,536,pass,2026-04-25,05:58:00,,
EPSOM - EPSOM (2),W58310,536,pass,2026-04-18,05:58:00,,
GUILDFORD - EARLSFIELD,L74210,525,stop,2026-04-22,06:07:00,,
GUILDFORD - EARLSFIELD,L74210,525,stop,2026-04-24,06:07:00,,
GUILDFORD - EARLSFIELD,L74210,525,stop,2026-04-06,06:07:00,,
LUTON - SUTTON (SURREY) (2),G25060,420,stop,2026-04-25,06:07:00,,
GUILDFORD - EARLSFIELD,L74210,525,stop,2026-04-23,06:07:00,,
GUILDFORD - EARLSFIELD,L74210,525,stop,2026-04-08,06:07:00,,
LUTON - SUTTON (SURREY),W59660,420,stop,2026-04-01,06:07:00,,
LUTON - SUTTON (SURREY) (2),W59660,420,stop,2026-04-03,06:07:00,,
LUTON - SUTTON (SURREY),W59660,420,stop,2026-04-28,06:07:00,,
GUILDFORD - EARLSFIELD,L74210,525,stop,2026-04-01,06:07:00,,
GUILDFORD - EARLSFIELD,L74210,525,stop,2026-04-27,06:07:00,,
GUILDFORD - EARLSFIELD,L74210,525,stop,2026-04-21,06:07:00,,
GUILDFORD - EARLSFIELD,L74210,525,stop,2026-04-15,06:07:00,,
LUTON - SUTTON (SURREY),W59660,420,stop,2026-04-14,06:07:00,,
GUILDFORD - EARLSFIELD,L74210,525,stop,2026-04-20,06:07:00,,
LUTON - SUTTON (SURREY),W59660,420,stop,2026-04-29,06:07:00,,
GUILDFORD - EARLSFIELD,L74210,525,stop,2026-04-30,06:07:00,,
LUTON - SUTTON (SURREY),W59660,420,stop,2026-04-10,06:07:00,,
LUTON - SUTTON (SURREY),W59660,420,stop,2026-04-02,06:07:00,,
GUILDFORD - EARLSFIELD,L74210,525,stop,2026-04-13,06:07:00,,
LUTON - SUTTON (SURREY),W59660,420,stop,2026-04-09,06:07:00,,
GUILDFORD - EARLSFIELD,L74210,525,stop,2026-04-02,06:07:00,,
LUTON - SUTTON (SURREY),W59660,420,stop,2026-04-17,06:07:00,,
LUTON - SUTTON (SURREY),W59660,420,stop,2026-04-15,06:07:00,,
LUTON - SUTTON (SURREY),W59660,420,stop,2026-04-22,06:07:00,,
LUTON - SUTTON (SURREY),W59660,420,stop,2026-04-08,06:07:00,,
GUILDFORD - EARLSFIELD,L74210,525,stop,2026-04-09,06:07:00,,
LUTON - SUTTON (SURREY),W59660,420,stop,2026-04-13,06:07:00,,
LUTON - SUTTON (SURREY) (2),G25060,420,stop,2026-04-04,06:07:00,,
GUILDFORD - EARLSFIELD,L74210,525,stop,2026-04-28,06:07:00,,
GUILDFORD - EARLSFIELD,L74210,525,stop,2026-04-14,06:07:00,,
LUTON - SUTTON (SURREY),W59660,420,stop,2026-04-23,06:07:00,,
DORKING - BALHAM,P26580,539,stop,2026-04-30,06:09:00,,
DORKING - BALHAM,P26580,539,stop,2026-04-15,06:09:00,,
DORKING - BALHAM,P26580,539,stop,2026-04-22,06:09:00,,
DORKING - BALHAM,P26580,539,stop,2026-04-03,06:09:00,,
DORKING - BALHAM,P26580,539,stop,2026-04-07,06:09:00,,
DORKING - BALHAM,P26580,539,stop,2026-04-29,06:09:00,,
LUTON - SUTTON (SURREY),W59660,420,stop,2026-04-24,06:07:00,,
GUILDFORD - EARLSFIELD,L74210,525,stop,2026-04-03,06:07:00,,
LUTON - SUTTON (SURREY),W59660,420,stop,2026-04-27,06:07:00,,
GUILDFORD - EARLSFIELD,L74210,525,stop,2026-04-16,06:07:00,,
LUTON - SUTTON (SURREY),W59660,420,stop,2026-04-30,06:07:00,,
ST ALBANS CITY - SUTTON (SURREY) (2),G25060,435,stop,2026-04-18,06:07:00,,
LUTON - SUTTON (SURREY),W59660,420,stop,2026-04-16,06:07:00,,
LUTON - SUTTON (SURREY) (2),W59660,420,stop,2026-04-06,06:07:00,,
LUTON - SUTTON (SURREY),W59660,420,stop,2026-04-20,06:07:00,,
GUILDFORD - EARLSFIELD,L74210,525,stop,2026-04-17,06:07:00,,
DORKING - BALHAM,P26580,539,stop,2026-04-17,06:09:00,,
DORKING - BALHAM,P26580,539,stop,2026-04-21,06:09:00,,
DORKING - BALHAM,P26580,539,stop,2026-04-13,06:09:00,,
DORKING - BALHAM,P26580,539,stop,2026-04-20,06:09:00,,
DORKING - BALHAM,P26580,539,stop,2026-04-23,06:09:00,,
DORKING - BALHAM,P26580,539,stop,2026-04-08,06:09:00,,
DORKING - BALHAM,P26580,539,stop,2026-04-14,06:09:00,,
DORKING - BALHAM,P26580,539,stop,2026-04-02,06:09:00,,
DORKING - BALHAM,P26580,539,stop,2026-04-16,06:09:00,,
DORKING - BALHAM,P26580,539,stop,2026-04-24,06:09:00,,
DORKING - BALHAM,P26580,539,stop,2026-04-01,06:09:00,,
DORKING - BALHAM,P26580,539,stop,2026-04-09,06:09:00,,
DORKING - BALHAM,P26580,539,stop,2026-04-06,06:09:00,,
DORKING - BALHAM,P26580,539,stop,2026-04-27,06:09:00,,
DORKING - BALHAM,P26580,539,stop,2026-04-10,06:09:00,,
DORKING - BALHAM,P26580,539,stop,2026-04-28,06:09:00,,
EARLSFIELD - GUILDFORD,P61574,539,stop,2026-04-14,06:10:00,,
EARLSFIELD - GUILDFORD,P61574,539,stop,2026-04-08,06:10:00,,
EARLSFIELD - GUILDFORD,P61574,539,stop,2026-04-24,06:10:00,,
EARLSFIELD - GUILDFORD,P61574,539,stop,2026-04-17,06:10:00,,
EARLSFIELD - GUILDFORD,P61574,539,stop,2026-04-27,06:10:00,,
EARLSFIELD - GUILDFORD,P61574,539,stop,2026-04-21,06:10:00,,
EARLSFIELD - GUILDFORD,P61574,539,stop,2026-04-10,06:10:00,,
EARLSFIELD - GUILDFORD,P61574,539,stop,2026-04-09,06:10:00,,
EARLSFIELD - GUILDFORD,P61574,539,stop,2026-04-15,06:10:00,,
EARLSFIELD - GUILDFORD,P61574,539,stop,2026-04-02,06:10:00,,
EARLSFIELD - GUILDFORD,P61574,539,stop,2026-04-23,06:10:00,,
EARLSFIELD - GUILDFORD,P61574,539,stop,2026-04-06,06:10:00,,
EARLSFIELD - GUILDFORD,P61574,539,stop,2026-04-28,06:10:00,,
SUTTON (SURREY) - STREATHAM HILL,P27079,610,stop,2026-04-18,06:10:00,,
EARLSFIELD - GUILDFORD,P61574,539,stop,2026-04-01,06:10:00,,
EARLSFIELD - GUILDFORD,P61574,539,stop,2026-04-16,06:10:00,,
EPSOM - STREATHAM HILL,X06813,607,stop,2026-04-19,06:11:00,,
EARLSFIELD - GUILDFORD,P61574,539,stop,2026-04-22,06:10:00,,
EARLSFIELD - GUILDFORD,P61574,539,stop,2026-04-07,06:10:00,,
EARLSFIELD - GUILDFORD,P61574,539,stop,2026-04-03,06:10:00,,
EARLSFIELD - GUILDFORD,P61574,539,stop,2026-04-30,06:10:00,,
EARLSFIELD - GUILDFORD,P61574,539,stop,2026-04-13,06:10:00,,
EARLSFIELD - GUILDFORD,P61574,539,stop,2026-04-20,06:10:00,,
EARLSFIELD - GUILDFORD,P61574,539,stop,2026-04-29,06:10:00,,
BALHAM - EPSOM,P26782,541,stop,2026-04-20,06:13:00,,
BALHAM - EPSOM,P26782,541,stop,2026-04-10,06:13:00,,
BALHAM - EPSOM,P26782,541,stop,2026-04-16,06:13:00,,
BALHAM - EPSOM,P26782,541,stop,2026-04-28,06:13:00,,
BALHAM - EPSOM,P26782,541,stop,2026-04-09,06:13:00,,
BALHAM - EPSOM,P26782,541,stop,2026-04-01,06:13:00,,
BALHAM - EPSOM,P26782,541,stop,2026-04-14,06:13:00,,
BALHAM - EPSOM,P26782,541,stop,2026-04-24,06:13:00,,
BALHAM - EPSOM,P26782,541,stop,2026-04-13,06:13:00,,
BALHAM - EPSOM,P26782,541,stop,2026-04-27,06:13:00,,
BALHAM - EPSOM,P26782,541,stop,2026-04-29,06:13:00,,
BALHAM - EPSOM,P26782,541,stop,2026-04-21,06:13:00,,
BALHAM - EPSOM,P26782,541,stop,2026-04-03,06:13:00,,
BALHAM - EPSOM,P26782,541,stop,2026-04-15,06:13:00,,
BALHAM - EPSOM,P26782,541,stop,2026-04-22,06:13:00,,
BALHAM - EPSOM,P26782,541,stop,2026-04-02,06:13:00,,
BALHAM - EPSOM,P26782,541,stop,2026-04-06,06:13:00,,
BALHAM - EPSOM,P26782,541,stop,2026-04-07,06:13:00,,
SUTTON (SURREY) - ST ALBANS CITY (3),G84843,616,stop,2026-04-14,06:16:00,,
SUTTON (SURREY) - BATTERSEA PARK LONDON,P26025,616,stop,2026-04-03,06:16:00,,
SUTTON (SURREY) - ST ALBANS CITY (6),G25105,616,stop,2026-04-11,06:16:00,,
SUTTON (SURREY) - ST ALBANS CITY (3),G84843,616,stop,2026-04-21,06:16:00,,
SUTTON (SURREY) - BATTERSEA PARK LONDON,P26025,616,stop,2026-04-23,06:16:00,,
SUTTON (SURREY) - BATTERSEA PARK LONDON,P26025,616,stop,2026-04-21,06:16:00,,
BALHAM - EPSOM,P26782,541,stop,2026-04-08,06:13:00,,
BALHAM - EPSOM,P26782,541,stop,2026-04-30,06:13:00,,
BALHAM - EPSOM,P26782,541,stop,2026-04-23,06:13:00,,
BALHAM - EPSOM,P26782,541,stop,2026-04-17,06:13:00,,
SUTTON (SURREY) - ST ALBANS CITY (3),G84843,616,stop,2026-04-07,06:16:00,,
SUTTON (SURREY) - ST ALBANS CITY (6),G25105,616,stop,2026-04-04,06:16:00,,
SUTTON (SURREY) - ST ALBANS CITY (3),G84843,616,stop,2026-04-13,06:16:00,,
SUTTON (SURREY) - ST ALBANS CITY (3),G84843,616,stop,2026-04-28,06:16:00,,
SUTTON (SURREY) - BATTERSEA PARK LONDON,P26025,616,stop,2026-04-24,06:16:00,,
SUTTON (SURREY) - ST ALBANS CITY (3),G84843,616,stop,2026-04-08,06:16:00,,
SUTTON (SURREY) - BATTERSEA PARK LONDON,P26025,616,stop,2026-04-13,06:16:00,,
SUTTON (SURREY) - ST ALBANS CITY (3),G84843,616,stop,2026-04-01,06:16:00,,
SUTTON (SURREY) - BATTERSEA PARK LONDON,P26025,616,stop,2026-04-28,06:16:00,,
SUTTON (SURREY) - BATTERSEA PARK LONDON,P26025,616,stop,2026-04-27,06:16:00,,
SUTTON (SURREY) - BATTERSEA PARK LONDON,P26025,616,stop,2026-04-29,06:16:00,,
SUTTON (SURREY) - ST ALBANS CITY (3),G84843,616,stop,2026-04-29,06:16:00,,
SUTTON (SURREY) - BATTERSEA PARK LONDON,P26025,616,stop,2026-04-20,06:16:00,,
SUTTON (SURREY) - BATTERSEA PARK LONDON,P26025,616,stop,2026-04-08,06:16:00,,
SUTTON (SURREY) - BATTERSEA PARK LONDON,P26025,616,stop,2026-04-02,06:16:00,,
SUTTON (SURREY) - ST ALBANS CITY (6),G84843,616,stop,2026-04-06,06:16:00,,
SUTTON (SURREY) - BATTERSEA PARK LONDON,P26025,616,stop,2026-04-06,06:16:00,,
SUTTON (SURREY) - ST ALBANS CITY (3),G84843,616,stop,2026-04-30,06:16:00,,
SUTTON (SURREY) - ST ALBANS CITY (3),G84843,616,stop,2026-04-09,06:16:00,,
SUTTON (SURREY) - BATTERSEA PARK LONDON,P26025,616,stop,2026-04-17,06:16:00,,
SUTTON (SURREY) - ST ALBANS CITY (3),G84843,616,stop,2026-04-17,06:16:00,,
SUTTON (SURREY) - ST ALBANS CITY (3),G84843,616,stop,2026-04-24,06:16:00,,
SUTTON (SURREY) - ST ALBANS CITY (3),G84843,616,stop,2026-04-15,06:16:00,,
SUTTON (SURREY) - BATTERSEA PARK LONDON,P26025,616,stop,2026-04-14,06:16:00,,
SUTTON (SURREY) - BATTERSEA PARK LONDON,P26025,616,stop,2026-04-10,06:16:00,,
SUTTON (SURREY) - ST ALBANS CITY (3),G84843,616,stop,2026-04-27,06:16:00,,
SUTTON (SURREY) - BATTERSEA PARK LONDON,P26025,616,stop,2026-04-15,06:16:00,,
SUTTON (SURREY) - ST ALBANS CITY (3),G84843,616,stop,2026-04-10,06:16:00,,
SUTTON (SURREY) - ST ALBANS CITY (3),G84843,616,stop,2026-04-16,06:16:00,,
SUTTON (SURREY) - ST ALBANS CITY (3),G84843,616,stop,2026-04-20,06:16:00,,
SUTTON (SURREY) - BATTERSEA PARK LONDON,P26025,616,stop,2026-04-22,06:16:00,,
SUTTON (SURREY) - ST ALBANS CITY (6),G25105,616,stop,2026-04-18,06:16:00,,
SUTTON (SURREY) - ST ALBANS CITY (3),G84843,616,stop,2026-04-02,06:16:00,,
SUTTON (SURREY) - ST ALBANS CITY,G83874,619,stop,2026-04-07,06:19:00,,
EPSOM - NORWOOD JUNCTION,P25178,615,stop,2026-04-16,06:19:00,,
EPSOM - NORWOOD JUNCTION,P25178,615,stop,2026-04-29,06:19:00,,
SUTTON (SURREY) - ST ALBANS CITY (3),G84843,616,stop,2026-04-22,06:16:00,,
SUTTON (SURREY) - ST ALBANS CITY (6),G25105,616,stop,2026-04-25,06:16:00,,
SUTTON (SURREY) - ST ALBANS CITY (6),G84843,616,stop,2026-04-03,06:16:00,,
SUTTON (SURREY) - ST ALBANS CITY (3),G84843,616,stop,2026-04-23,06:16:00,,
SUTTON (SURREY) - BATTERSEA PARK LONDON,P26025,616,stop,2026-04-01,06:16:00,,
SUTTON (SURREY) - BATTERSEA PARK LONDON,P26025,616,stop,2026-04-30,06:16:00,,
SUTTON (SURREY) - BATTERSEA PARK LONDON,P26025,616,stop,2026-04-09,06:16:00,,
SUTTON (SURREY) - BATTERSEA PARK LONDON,P26025,616,stop,2026-04-07,06:16:00,,
SUTTON (SURREY) - BATTERSEA PARK LONDON,P26025,616,stop,2026-04-16,06:16:00,,
SUTTON (SURREY) - ST ALBANS CITY (5),G25106,619,stop,2026-04-18,06:19:00,,
EPSOM - NORWOOD JUNCTION,P25178,615,stop,2026-04-17,06:19:00,,
SUTTON (SURREY) - ST ALBANS CITY,G83874,619,stop,2026-04-10,06:19:00,,
SUTTON (SURREY) - ST ALBANS CITY,G83874,619,stop,2026-04-24,06:19:00,,
SUTTON (SURREY) - ST ALBANS CITY,G83874,619,stop,2026-04-17,06:19:00,,
EPSOM - NORWOOD JUNCTION,P25178,615,stop,2026-04-10,06:19:00,,
SUTTON (SURREY) - ST ALBANS CITY,G83874,619,stop,2026-04-29,06:19:00,,
SUTTON (SURREY) - ST ALBANS CITY,G83874,619,stop,2026-04-14,06:19:00,,
SUTTON (SURREY) - ST ALBANS CITY,G83874,619,stop,2026-04-23,06:19:00,,
EPSOM - NORWOOD JUNCTION,P25178,615,stop,2026-04-08,06:19:00,,
EPSOM - NORWOOD JUNCTION,P25178,615,stop,2026-04-06,06:19:00,,
EPSOM - NORWOOD JUNCTION,P25178,615,stop,2026-04-23,06:19:00,,
EPSOM - NORWOOD JUNCTION,P25178,615,stop,2026-04-01,06:19:00,,
SUTTON (SURREY) - ST ALBANS CITY (5),G83874,619,stop,2026-04-06,06:19:00,,
SUTTON (SURREY) - ST ALBANS CITY,G83874,619,stop,2026-04-20,06:19:00,,
SUTTON (SURREY) - ST ALBANS CITY (5),G25106,619,stop,2026-04-11,06:19:00,,
SUTTON (SURREY) - ST ALBANS CITY,G83874,619,stop,2026-04-02,06:19:00,,
EPSOM - NORWOOD JUNCTION,P25178,615,stop,2026-04-28,06:19:00,,
SUTTON (SURREY) - ST ALBANS CITY,G83874,619,stop,2026-04-21,06:19:00,,
EPSOM - NORWOOD JUNCTION,P25178,615,stop,2026-04-20,06:19:00,,
EPSOM - NORWOOD JUNCTION,P25178,615,stop,2026-04-15,06:19:00,,
EPSOM - NORWOOD JUNCTION,P25178,615,stop,2026-04-24,06:19:00,,
EPSOM - NORWOOD JUNCTION,P25178,615,stop,2026-04-03,06:19:00,,
SUTTON (SURREY) - ST ALBANS CITY,G83874,619,stop,2026-04-28,06:19:00,,
EPSOM - NORWOOD JUNCTION,P25178,615,stop,2026-04-14,06:19:00,,
EPSOM - NORWOOD JUNCTION,P25178,615,stop,2026-04-07,06:19:00,,
SUTTON (SURREY) - ST ALBANS CITY,G83874,619,stop,2026-04-30,06:19:00,,
SUTTON (SURREY) - ST ALBANS CITY,G83874,619,stop,2026-04-16,06:19:00,,
EPSOM - NORWOOD JUNCTION,P25178,615,stop,2026-04-30,06:19:00,,
EPSOM - NORWOOD JUNCTION,P25178,615,stop,2026-04-27,06:19:00,,
EPSOM - NORWOOD JUNCTION,P25178,615,stop,2026-04-13,06:19:00,,
SUTTON (SURREY) - ST ALBANS CITY,G83874,619,stop,2026-04-09,06:19:00,,
EPSOM - NORWOOD JUNCTION,P25178,615,stop,2026-04-21,06:19:00,,
SUTTON (SURREY) - ST ALBANS CITY (5),G25106,619,stop,2026-04-25,06:19:00,,
SUTTON (SURREY) - ST ALBANS CITY,G83874,619,stop,2026-04-08,06:19:00,,
SUTTON (SURREY) - ST ALBANS CITY (5),G25106,619,stop,2026-04-04,06:19:00,,
SUTTON (SURREY) - ST ALBANS CITY,G83874,619,stop,2026-04-13,06:19:00,,
EPSOM - NORWOOD JUNCTION,P25178,615,stop,2026-04-22,06:19:00,,
SUTTON (SURREY) - ST ALBANS CITY,G83874,619,stop,2026-04-27,06:19:00,,
EPSOM - NORWOOD JUNCTION,P25178,615,stop,2026-04-09,06:19:00,,
SUTTON (SURREY) - ST ALBANS CITY (5),G83874,619,stop,2026-04-03,06:19:00,,
SUTTON (SURREY) - ST ALBANS CITY,G83874,619,stop,2026-04-01,06:19:00,,
EPSOM - NORWOOD JUNCTION,P25178,615,stop,2026-04-02,06:19:00,,
SUTTON (SURREY) - ST ALBANS CITY,G83874,619,stop,2026-04-22,06:19:00,,
SELHURST - EPSOM DOWNS,P26006,556,stop,2026-04-22,06:20:00,,
SELHURST - EPSOM DOWNS,P26006,556,stop,2026-04-30,06:20:00,,
SELHURST - EPSOM DOWNS,P26006,556,stop,2026-04-17,06:20:00,,
SELHURST - EPSOM DOWNS,P26006,556,stop,2026-04-10,06:20:00,,
SELHURST - EPSOM DOWNS,P26006,556,stop,2026-04-20,06:20:00,,
SELHURST - EPSOM DOWNS,P26006,556,stop,2026-04-13,06:20:00,,
SELHURST - EPSOM DOWNS,P26006,556,stop,2026-04-14,06:20:00,,
SELHURST - EPSOM DOWNS,P26006,556,stop,2026-04-03,06:20:00,,
SELHURST - EPSOM DOWNS,P26006,556,stop,2026-04-27,06:20:00,,
SELHURST - EPSOM DOWNS,P26006,556,stop,2026-04-07,06:20:00,,
SELHURST - EPSOM DOWNS,P26006,556,stop,2026-04-15,06:20:00,,
SELHURST - EPSOM DOWNS,P26006,556,stop,2026-04-24,06:20:00,,
SELHURST - EPSOM DOWNS,P26006,556,stop,2026-04-29,06:20:00,,
SELHURST - EPSOM DOWNS,P26006,556,stop,2026-04-23,06:20:00,,
SUTTON (SURREY) - ST ALBANS CITY,G83874,619,stop,2026-04-15,06:19:00,,
EPSOM DOWNS - STREATHAM HILL,P26026,611,stop,2026-04-18,06:21:00,,
EPSOM - EARLSFIELD,L74326,618,stop,2026-04-29,06:21:00,,
SUTTON (SURREY) - BATTERSEA PARK LONDON,P26026,621,stop,2026-04-11,06:21:00,,
EPSOM - EARLSFIELD,L74326,618,stop,2026-04-14,06:21:00,,
EPSOM - EARLSFIELD,L74326,618,stop,2026-04-02,06:21:00,,
EPSOM - EARLSFIELD,L74326,618,stop,2026-04-09,06:21:00,,
SUTTON (SURREY) - BATTERSEA PARK LONDON,X96932,621,stop,2026-04-03,06:21:00,,
SUTTON (SURREY) - BATTERSEA PARK LONDON,P26026,621,stop,2026-04-04,06:21:00,,
SELHURST - EPSOM DOWNS,P26006,556,stop,2026-04-08,06:20:00,,
SELHURST - EPSOM DOWNS,P26006,556,stop,2026-04-09,06:20:00,,
SELHURST - EPSOM DOWNS,P26006,556,stop,2026-04-02,06:20:00,,
SELHURST - EPSOM DOWNS,P26006,556,stop,2026-04-21,06:20:00,,
SELHURST - EPSOM DOWNS,P26006,556,stop,2026-04-06,06:20:00,,
SELHURST - EPSOM DOWNS,P26006,556,stop,2026-04-16,06:20:00,,
SELHURST - EPSOM DOWNS,P26006,556,stop,2026-04-28,06:20:00,,
SELHURST - EPSOM DOWNS,P26006,556,stop,2026-04-01,06:20:00,,
EPSOM - EARLSFIELD,L74326,618,stop,2026-04-24,06:21:00,,
SUTTON (SURREY) - BATTERSEA PARK LONDON,X01713,621,stop,2026-04-06,06:21:00,,
EPSOM - EARLSFIELD,L74326,618,stop,2026-04-21,06:21:00,,
EPSOM - EARLSFIELD,L74326,618,stop,2026-04-20,06:21:00,,
EPSOM - EARLSFIELD,L74326,618,stop,2026-04-27,06:21:00,,
EPSOM - EARLSFIELD,L74326,618,stop,2026-04-30,06:21:00,,
EPSOM - EARLSFIELD,L74326,618,stop,2026-04-01,06:21:00,,
EPSOM - EARLSFIELD,L74326,618,stop,2026-04-15,06:21:00,,
EPSOM - EARLSFIELD,L74326,618,stop,2026-04-17,06:21:00,,
EPSOM - EARLSFIELD,L74326,618,stop,2026-04-06,06:21:00,,
SUTTON (SURREY) - BATTERSEA PARK LONDON,P26026,621,stop,2026-04-25,06:21:00,,
EPSOM - EARLSFIELD,L74326,618,stop,2026-04-10,06:21:00,,
EPSOM - EARLSFIELD,L74326,618,stop,2026-04-07,06:21:00,,
EPSOM - EARLSFIELD,L74326,618,stop,2026-04-08,06:21:00,,
EPSOM - EARLSFIELD,L74326,618,stop,2026-04-28,06:21:00,,
EPSOM - EARLSFIELD,L74326,618,stop,2026-04-16,06:21:00,,
EPSOM - EARLSFIELD,L74211,619,stop,2026-04-18,06:22:00,,
EPSOM - EARLSFIELD,L74211,619,stop,2026-04-04,06:22:00,,
EPSOM - EARLSFIELD,L74211,619,stop,2026-04-11,06:22:00,,
EPSOM - EARLSFIELD,Q51706,619,stop,2026-04-06,06:22:00,,
EPSOM - EARLSFIELD,L74326,618,stop,2026-04-03,06:21:00,,
EPSOM - EARLSFIELD,L74326,618,stop,2026-04-13,06:21:00,,
EPSOM - EARLSFIELD,L74326,618,stop,2026-04-23,06:21:00,,
EPSOM - EARLSFIELD,L74326,618,stop,2026-04-22,06:21:00,,
EPSOM - EARLSFIELD,L74211,619,stop,2026-04-25,06:22:00,,
EPSOM - EARLSFIELD,Q39212,619,stop,2026-04-03,06:22:00,,
NORWOOD JUNCTION - EPSOM,P25177,555,stop,2026-04-30,06:28:00,,
NORWOOD JUNCTION - EPSOM,P25177,555,stop,2026-04-17,06:28:00,,
NORWOOD JUNCTION - EPSOM,W57482,555,stop,2026-04-27,06:28:00,,
NORWOOD JUNCTION - EPSOM,P25177,555,stop,2026-04-15,06:28:00,,
NORWOOD JUNCTION - EPSOM,P25177,555,stop,2026-04-21,06:28:00,,
NORWOOD JUNCTION - EPSOM,P25177,555,stop,2026-04-16,06:28:00,,
NORWOOD JUNCTION - EPSOM,P25177,555,stop,2026-04-10,06:28:00,,
NORWOOD JUNCTION - EPSOM,W57482,555,stop,2026-04-13,06:28:00,,
NORWOOD JUNCTION - EPSOM,P25177,555,stop,2026-04-22,06:28:00,,
NORWOOD JUNCTION - EPSOM,W57482,555,stop,2026-04-06,06:28:00,,
NORWOOD JUNCTION - EPSOM,P25177,555,stop,2026-04-23,06:28:00,,
NORWOOD JUNCTION - EPSOM,P25177,555,stop,2026-04-28,06:28:00,,
NORWOOD JUNCTION - EPSOM,P25177,555,stop,2026-04-07,06:28:00,,
NORWOOD JUNCTION - EPSOM,P25177,555,stop,2026-04-09,06:28:00,,
NORWOOD JUNCTION - EPSOM,W57482,555,stop,2026-04-20,06:28:00,,
NORWOOD JUNCTION - EPSOM,P25177,555,stop,2026-04-24,06:28:00,,
NORWOOD JUNCTION - EPSOM,P25177,555,stop,2026-04-29,06:28:00,,
NORWOOD JUNCTION - EPSOM,P25177,555,stop,2026-04-14,06:28:00,,
EPSOM - SUTTON (SURREY),X04902,620,stop,2026-04-12,06:28:00,,
NORWOOD JUNCTION - EPSOM,P25177,555,stop,2026-04-01,06:28:00,,
NORWOOD JUNCTION - EPSOM,P25177,555,stop,2026-04-08,06:28:00,,
NORWOOD JUNCTION - EPSOM,P25177,555,stop,2026-04-02,06:28:00,,
NORWOOD JUNCTION - EPSOM,P25177,555,stop,2026-04-03,06:28:00,,
DORKING - BALHAM (5),P26776,2315,stop,2026-04-08,23:42:00,,
DORKING - BALHAM (4),P26775,2315,stop,2026-04-03,23:42:00,,
DORKING - BALHAM (5),P26776,2315,stop,2026-04-07,23:42:00,,
DORKING - BALHAM (4),P26776,2315,stop,2026-04-16,23:42:00,,
DORKING - BALHAM (4),P26776,2315,stop,2026-04-06,23:42:00,,
DORKING - BALHAM (5),P26776,2315,stop,2026-04-09,23:42:00,,
DORKING - BALHAM (4),P26775,2315,stop,2026-04-17,23:42:00,,
DORKING - BALHAM (4),P26776,2315,stop,2026-04-02,23:42:00,,
DORKING - BALHAM (4),P26775,2315,stop,2026-04-10,23:42:00,,
DORKING - BALHAM (4),P26776,2315,stop,2026-04-15,23:42:00,,
DORKING - BALHAM (4),P26776,2315,stop,2026-04-01,23:42:00,,
DORKING - BALHAM (4),P26776,2315,stop,2026-04-28,23:42:00,,
DORKING - BALHAM (4),P26776,2315,stop,2026-04-14,23:42:00,,
DORKING - BALHAM (4),P26776,2315,stop,2026-04-30,23:42:00,,
DORKING - BALHAM (4),P26775,2315,stop,2026-04-24,23:42:00,,
DORKING - BALHAM (4),P26776,2315,stop,2026-04-29,23:42:00,,
SELHURST  T&RS  MD  M&EE   NSC - SELHURST  T&RS  MD  M&EE   NSC,G10086,550,pass,2026-04-28,06:34:00,,
SELHURST  T&RS  MD  M&EE   NSC - SELHURST  T&RS  MD  M&EE   NSC,G10086,550,pass,2026-04-17,06:34:00,,
SELHURST  T&RS  MD  M&EE   NSC - SELHURST  T&RS  MD  M&EE   NSC,G10086,550,pass,2026-04-30,06:34:00,,
SELHURST  T&RS  MD  M&EE   NSC - SELHURST  T&RS  MD  M&EE   NSC,G10086,550,pass,2026-04-14,06:34:00,,
SELHURST  T&RS  MD  M&EE   NSC - SELHURST  T&RS  MD  M&EE   NSC,G10086,550,pass,2026-04-02,06:34:00,,
SELHURST  T&RS  MD  M&EE   NSC - SELHURST  T&RS  MD  M&EE   NSC,G10086,550,pass,2026-04-08,06:34:00,,
SELHURST  T&RS  MD  M&EE   NSC - SELHURST  T&RS  MD  M&EE   NSC,G10086,550,pass,2026-04-23,06:34:00,,
SUTTON (SURREY) - DORKING,X04937,634,stop,2026-04-12,06:34:00,,
T & RSMD - T & RSMD,W57581,520,pass,2026-04-27,06:34:00,,
SELHURST  T&RS  MD  M&EE   NSC - SELHURST  T&RS  MD  M&EE   NSC,G10086,550,pass,2026-04-22,06:34:00,,
SELHURST  T&RS  MD  M&EE   NSC - SELHURST  T&RS  MD  M&EE   NSC,G10086,550,pass,2026-04-16,06:34:00,,
SELHURST  T&RS  MD  M&EE   NSC - SELHURST  T&RS  MD  M&EE   NSC,G10086,550,pass,2026-04-10,06:34:00,,
SELHURST  T&RS  MD  M&EE   NSC - SELHURST  T&RS  MD  M&EE   NSC,G10086,550,pass,2026-04-21,06:34:00,,
SELHURST  T&RS  MD  M&EE   NSC - SELHURST  T&RS  MD  M&EE   NSC,G10086,550,pass,2026-04-09,06:34:00,,
SELHURST  T&RS  MD  M&EE   NSC - SELHURST  T&RS  MD  M&EE   NSC,G10086,550,pass,2026-04-15,06:34:00,,
HORSHAM - BALHAM,P26583,549,stop,2026-04-08,06:35:00,,
HORSHAM - BALHAM,P26583,549,stop,2026-04-20,06:35:00,,
HORSHAM - BALHAM,P26583,549,stop,2026-04-24,06:35:00,,
EPSOM - BALHAM,P26584,631,stop,2026-04-04,06:35:00,,
HORSHAM - BALHAM,P26583,549,stop,2026-04-30,06:35:00,,
HORSHAM - BALHAM,P26583,549,stop,2026-04-10,06:35:00,,
HORSHAM - BALHAM,P26583,549,stop,2026-04-21,06:35:00,,
EPSOM - BALHAM,X01849,631,stop,2026-04-06,06:35:00,,
HORSHAM - BALHAM,P26583,549,stop,2026-04-27,06:35:00,,
SELHURST  T&RS  MD  M&EE   NSC - SELHURST  T&RS  MD  M&EE   NSC,G10086,550,pass,2026-04-07,06:34:00,,
SELHURST  T&RS  MD  M&EE   NSC - SELHURST  T&RS  MD  M&EE   NSC,G10086,550,pass,2026-04-01,06:34:00,,
SELHURST  T&RS  MD  M&EE   NSC - SELHURST  T&RS  MD  M&EE   NSC,G10086,550,pass,2026-04-03,06:34:00,,
SELHURST  T&RS  MD  M&EE   NSC - SELHURST  T&RS  MD  M&EE   NSC,G10086,550,pass,2026-04-29,06:34:00,,
SELHURST  T&RS  MD  M&EE   NSC - SELHURST  T&RS  MD  M&EE   NSC,G10086,550,pass,2026-04-24,06:34:00,,
HORSHAM - BALHAM,P26583,549,stop,2026-04-14,06:35:00,,
HORSHAM - BALHAM,P26583,549,stop,2026-04-07,06:35:00,,
HORSHAM - BALHAM,P26583,549,stop,2026-04-01,06:35:00,,
EPSOM - BALHAM,P26584,631,stop,2026-04-25,06:35:00,,
HORSHAM - BALHAM,P26583,549,stop,2026-04-03,06:35:00,,
HORSHAM - BALHAM,P26583,549,stop,2026-04-22,06:35:00,,
HORSHAM - BALHAM,P26583,549,stop,2026-04-29,06:35:00,,
HORSHAM - BALHAM,P26583,549,stop,2026-04-15,06:35:00,,
HORSHAM - BALHAM,P26583,549,stop,2026-04-06,06:35:00,,
HORSHAM - BALHAM,P26583,549,stop,2026-04-02,06:35:00,,
HORSHAM - BALHAM,P26583,549,stop,2026-04-16,06:35:00,,
HORSHAM - BALHAM,P26583,549,stop,2026-04-17,06:35:00,,
HORSHAM - BALHAM,P26583,549,stop,2026-04-09,06:35:00,,
HORSHAM - BALHAM,P26583,549,stop,2026-04-28,06:35:00,,
HORSHAM - BALHAM,P26583,549,stop,2026-04-23,06:35:00,,
EPSOM - BALHAM,P26584,631,stop,2026-04-11,06:35:00,,
SUTTON (SURREY) - STREATHAM HILL,P27083,637,stop,2026-04-18,06:37:00,,
LUTON - SUTTON (SURREY),W59661,450,stop,2026-04-20,06:37:00,,
LUTON - SUTTON (SURREY) (2),W59661,450,stop,2026-04-06,06:37:00,,
LUTON - SUTTON (SURREY),W59661,450,stop,2026-04-28,06:37:00,,
LUTON - SUTTON (SURREY),W59661,450,stop,2026-04-21,06:37:00,,
LUTON - SUTTON (SURREY),W59661,450,stop,2026-04-23,06:37:00,,
LUTON - SUTTON (SURREY) (2),G25070,450,stop,2026-04-04,06:37:00,,
LUTON - SUTTON (SURREY),W59661,450,stop,2026-04-15,06:37:00,,
LUTON - SUTTON (SURREY),W59661,450,stop,2026-04-10,06:37:00,,
LUTON - SUTTON (SURREY),W59661,450,stop,2026-04-01,06:37:00,,
LUTON - SUTTON (SURREY),W59661,450,stop,2026-04-02,06:37:00,,
ST ALBANS CITY - SUTTON (SURREY) (2),G25070,505,stop,2026-04-18,06:37:00,,
LUTON - SUTTON (SURREY),W59661,450,stop,2026-04-17,06:37:00,,
DORKING - MITCHAM EASTFIELDS,P26584,615,stop,2026-04-18,06:36:00,,
HORSHAM - BALHAM,P26583,549,stop,2026-04-13,06:35:00,,
EPSOM - BALHAM,X96913,631,stop,2026-04-03,06:35:00,,
LUTON - SUTTON (SURREY) (2),W59661,450,stop,2026-04-03,06:37:00,,
LUTON - SUTTON (SURREY),W59661,450,stop,2026-04-07,06:37:00,,
LUTON - SUTTON (SURREY),W59661,450,stop,2026-04-24,06:37:00,,
LUTON - SUTTON (SURREY),W59661,450,stop,2026-04-30,06:37:00,,
LUTON - SUTTON (SURREY),W59661,450,stop,2026-04-22,06:37:00,,
LUTON - SUTTON (SURREY),W59661,450,stop,2026-04-08,06:37:00,,
LUTON - SUTTON (SURREY),W59661,450,stop,2026-04-13,06:37:00,,
LUTON - SUTTON (SURREY) (2),G25070,450,stop,2026-04-11,06:37:00,,
LUTON - SUTTON (SURREY) (2),G25070,450,stop,2026-04-25,06:37:00,,
LUTON - SUTTON (SURREY),W59661,450,stop,2026-04-16,06:37:00,,
LUTON - SUTTON (SURREY),W59661,450,stop,2026-04-09,06:37:00,,
LUTON - SUTTON (SURREY),W59661,450,stop,2026-04-29,06:37:00,,
LUTON - SUTTON (SURREY),W59661,450,stop,2026-04-27,06:37:00,,
LUTON - SUTTON (SURREY),W59661,450,stop,2026-04-14,06:37:00,,
DORKING - EARLSFIELD,P60999,621,stop,2026-04-22,06:41:00,,
EARLSFIELD - GUILDFORD,P61575,609,stop,2026-04-13,06:41:00,,
EARLSFIELD - GUILDFORD,P61575,609,stop,2026-04-22,06:41:00,,
EARLSFIELD - GUILDFORD,P61575,609,stop,2026-04-10,06:41:00,,
DORKING - EARLSFIELD,P60999,621,stop,2026-04-10,06:41:00,,
DORKING - EARLSFIELD,P60999,621,stop,2026-04-13,06:41:00,,
SUTTON (SURREY) - BATTERSEA PARK LONDON,P26032,641,stop,2026-04-09,06:41:00,,
SUTTON (SURREY) - BATTERSEA PARK LONDON,P26032,641,stop,2026-04-23,06:41:00,,
EARLSFIELD - GUILDFORD,P61575,609,stop,2026-04-09,06:41:00,,
DORKING - EARLSFIELD,P60999,621,stop,2026-04-09,06:41:00,,
DORKING - EARLSFIELD,P60999,621,stop,2026-04-27,06:41:00,,
SUTTON (SURREY) - BATTERSEA PARK LONDON,P26032,641,stop,2026-04-28,06:41:00,,
DORKING - EARLSFIELD,P60999,621,stop,2026-04-14,06:41:00,,
EARLSFIELD - GUILDFORD,P61575,609,stop,2026-04-14,06:41:00,,
EARLSFIELD - GUILDFORD,P61575,609,stop,2026-04-28,06:41:00,,
DORKING - EARLSFIELD,P60999,621,stop,2026-04-28,06:41:00,,
EARLSFIELD - GUILDFORD,P61575,609,stop,2026-04-06,06:41:00,,
SUTTON (SURREY) - BATTERSEA PARK LONDON,P26032,641,stop,2026-04-30,06:41:00,,
EARLSFIELD - GUILDFORD,P61575,609,stop,2026-04-03,06:41:00,,
SUTTON (SURREY) - BATTERSEA PARK LONDON,P26032,641,stop,2026-04-02,06:41:00,,
DORKING - EARLSFIELD,P60999,621,stop,2026-04-07,06:41:00,,
EARLSFIELD - GUILDFORD,P61575,609,stop,2026-04-07,06:41:00,,
EARLSFIELD - GUILDFORD,P61575,609,stop,2026-04-01,06:41:00,,
DORKING - EARLSFIELD,P60999,621,stop,2026-04-03,06:41:00,,
SUTTON (SURREY) - BATTERSEA PARK LONDON,P26032,641,stop,2026-04-29,06:41:00,,
DORKING - EARLSFIELD,P60999,621,stop,2026-04-20,06:41:00,,
SUTTON (SURREY) - BATTERSEA PARK LONDON,P26032,641,stop,2026-04-20,06:41:00,,
EARLSFIELD - GUILDFORD,P61575,609,stop,2026-04-20,06:41:00,,
SUTTON (SURREY) - BATTERSEA PARK LONDON,P26032,641,stop,2026-04-03,06:41:00,,
SUTTON (SURREY) - BATTERSEA PARK LONDON,P26032,641,stop,2026-04-01,06:41:00,,
SUTTON (SURREY) - BATTERSEA PARK LONDON,P26032,641,stop,2026-04-08,06:41:00,,
EARLSFIELD - GUILDFORD,P61575,609,stop,2026-04-15,06:41:00,,
DORKING - EARLSFIELD,P60999,621,stop,2026-04-15,06:41:00,,
EARLSFIELD - GUILDFORD,P61575,609,stop,2026-04-24,06:41:00,,
DORKING - EARLSFIELD,P60999,621,stop,2026-04-24,06:41:00,,
DORKING - EARLSFIELD,P60999,621,stop,2026-04-06,06:41:00,,
DORKING - EARLSFIELD,P60999,621,stop,2026-04-21,06:41:00,,
EARLSFIELD - GUILDFORD,P61575,609,stop,2026-04-21,06:41:00,,
EARLSFIELD - GUILDFORD,P61575,609,stop,2026-04-27,06:41:00,,
SUTTON (SURREY) - BATTERSEA PARK LONDON,P26032,641,stop,2026-04-16,06:41:00,,
EARLSFIELD - GUILDFORD,P61575,609,stop,2026-04-29,06:41:00,,
DORKING - EARLSFIELD,P60999,621,stop,2026-04-08,06:41:00,,
EARLSFIELD - GUILDFORD,P61575,609,stop,2026-04-08,06:41:00,,
EARLSFIELD - GUILDFORD,P61575,609,stop,2026-04-02,06:41:00,,
DORKING - EARLSFIELD,P60999,621,stop,2026-04-23,06:41:00,,
SUTTON (SURREY) - BATTERSEA PARK LONDON,P26032,641,stop,2026-04-13,06:41:00,,
SUTTON (SURREY) - BATTERSEA PARK LONDON,P26032,641,stop,2026-04-10,06:41:00,,
EARLSFIELD - GUILDFORD,P61575,609,stop,2026-04-23,06:41:00,,
SUTTON (SURREY) - BATTERSEA PARK LONDON,P26032,641,stop,2026-04-14,06:41:00,,
EARLSFIELD - GUILDFORD,P61575,609,stop,2026-04-17,06:41:00,,
DORKING - EARLSFIELD,P60999,621,stop,2026-04-17,06:41:00,,
SUTTON (SURREY) - BATTERSEA PARK LONDON,P26032,641,stop,2026-04-06,06:41:00,,
SUTTON (SURREY) - BATTERSEA PARK LONDON,P26032,641,stop,2026-04-15,06:41:00,,
SUTTON (SURREY) - BATTERSEA PARK LONDON,P26032,641,stop,2026-04-27,06:41:00,,
DORKING - EARLSFIELD,P60999,621,stop,2026-04-30,06:41:00,,
DORKING - EARLSFIELD,P60999,621,stop,2026-04-02,06:41:00,,
EARLSFIELD - GUILDFORD,P61575,609,stop,2026-04-30,06:41:00,,
DORKING - EARLSFIELD,P60999,621,stop,2026-04-01,06:41:00,,
SUTTON (SURREY) - BATTERSEA PARK LONDON,P26032,641,stop,2026-04-21,06:41:00,,
DORKING - EARLSFIELD,P60999,621,stop,2026-04-16,06:41:00,,
EARLSFIELD - GUILDFORD,P61575,609,stop,2026-04-16,06:41:00,,
SUTTON (SURREY) - BATTERSEA PARK LONDON,P26032,641,stop,2026-04-17,06:41:00,,
SUTTON (SURREY) - BATTERSEA PARK LONDON,P26032,641,stop,2026-04-22,06:41:00,,
SUTTON (SURREY) - BATTERSEA PARK LONDON,P26032,641,stop,2026-04-24,06:41:00,,
DORKING - EARLSFIELD,P60999,621,stop,2026-04-29,06:41:00,,
SUTTON (SURREY) - BATTERSEA PARK LONDON,P26032,641,stop,2026-04-07,06:41:00,,
STREATHAM - DORKING,P26582,605,stop,2026-04-18,06:42:00,,
BALHAM - DORKING,P26581,611,stop,2026-04-17,06:43:00,,
BALHAM - DORKING,P26581,611,stop,2026-04-10,06:43:00,,
BALHAM - DORKING,P26581,611,stop,2026-04-14,06:43:00,,
BALHAM - DORKING,X01848,611,stop,2026-04-06,06:43:00,,
BALHAM - DORKING,P26581,611,stop,2026-04-28,06:43:00,,
BALHAM - DORKING,P26581,611,stop,2026-04-13,06:43:00,,
BALHAM - DORKING,P26581,611,stop,2026-04-08,06:43:00,,
BALHAM - DORKING,P26581,611,stop,2026-04-21,06:43:00,,
BALHAM - DORKING,X96949,611,stop,2026-04-03,06:43:00,,
BALHAM - DORKING,P26582,611,stop,2026-04-25,06:43:00,,
BALHAM - DORKING,P26581,611,stop,2026-04-03,06:43:00,,
BALHAM - DORKING,P26581,611,stop,2026-04-22,06:43:00,,
BALHAM - DORKING,P26581,611,stop,2026-04-24,06:43:00,,
BALHAM - DORKING,P26581,611,stop,2026-04-16,06:43:00,,
BALHAM - DORKING,P26581,611,stop,2026-04-29,06:43:00,,
BALHAM - DORKING,P26581,611,stop,2026-04-20,06:43:00,,
BALHAM - DORKING,P26581,611,stop,2026-04-07,06:43:00,,
BALHAM - DORKING,P26581,611,stop,2026-04-27,06:43:00,,
BALHAM - DORKING,P26581,611,stop,2026-04-23,06:43:00,,
BALHAM - DORKING,P26581,611,stop,2026-04-06,06:43:00,,
BALHAM - DORKING,P26581,611,stop,2026-04-15,06:43:00,,
BALHAM - DORKING,P26581,611,stop,2026-04-30,06:43:00,,
SUTTON (SURREY) - ST ALBANS CITY (3),G84847,646,stop,2026-04-14,06:46:00,,
SUTTON (SURREY) - ST ALBANS CITY (3),G84847,646,stop,2026-04-07,06:46:00,,
SUTTON (SURREY) - ST ALBANS CITY (3),G84847,646,stop,2026-04-10,06:46:00,,
BALHAM - DORKING,P26581,611,stop,2026-04-02,06:46:00,,
SUTTON (SURREY) - ST ALBANS CITY (3),G84847,646,stop,2026-04-15,06:46:00,,
SUTTON (SURREY) - ST ALBANS CITY (6),G25119,646,stop,2026-04-11,06:46:00,,
SUTTON (SURREY) - ST ALBANS CITY (3),G84847,646,stop,2026-04-09,06:46:00,,
BALHAM - DORKING,P26581,611,stop,2026-04-09,06:43:00,,
BALHAM - DORKING,P26582,611,stop,2026-04-11,06:43:00,,
BALHAM - DORKING,P26582,611,stop,2026-04-04,06:43:00,,
BALHAM - DORKING,P26581,611,stop,2026-04-01,06:43:00,,
SUTTON (SURREY) - ST ALBANS CITY (6),G25119,646,stop,2026-04-04,06:46:00,,
SUTTON (SURREY) - ST ALBANS CITY (6),G84847,646,stop,2026-04-06,06:46:00,,
SUTTON (SURREY) - ST ALBANS CITY (3),G84847,646,stop,2026-04-13,06:46:00,,
SUTTON (SURREY) - ST ALBANS CITY (3),G84847,646,stop,2026-04-08,06:46:00,,
SUTTON (SURREY) - ST ALBANS CITY (3),G84847,646,stop,2026-04-17,06:46:00,,
SUTTON (SURREY) - ST ALBANS CITY (3),G84847,646,stop,2026-04-16,06:46:00,,
SUTTON (SURREY) - ST ALBANS CITY (3),G84847,646,stop,2026-04-23,06:46:00,,
SUTTON (SURREY) - ST ALBANS CITY (3),G84847,646,stop,2026-04-21,06:46:00,,
SUTTON (SURREY) - ST ALBANS CITY (3),G84847,646,stop,2026-04-27,06:46:00,,
SUTTON (SURREY) - ST ALBANS CITY (3),G84847,646,stop,2026-04-24,06:46:00,,
SUTTON (SURREY) - ST ALBANS CITY (3),G84847,646,stop,2026-04-30,06:46:00,,
SUTTON (SURREY) - ST ALBANS CITY (3),G84847,646,stop,2026-04-20,06:46:00,,
SUTTON (SURREY) - ST ALBANS CITY (6),G84847,646,stop,2026-04-03,06:46:00,,
SUTTON (SURREY) - ST ALBANS CITY (6),G25119,646,stop,2026-04-25,06:46:00,,
SUTTON (SURREY) - ST ALBANS CITY (3),G84847,646,stop,2026-04-22,06:46:00,,
SUTTON (SURREY) - ST ALBANS CITY (3),G84847,646,stop,2026-04-02,06:46:00,,
EPSOM - STREATHAM HILL,P26031,643,stop,2026-04-19,06:47:00,,
EPSOM - BATTERSEA PARK LONDON,P26031,643,stop,2026-04-05,06:47:00,,
EPSOM - BATTERSEA PARK LONDON,P26031,643,stop,2026-04-12,06:47:00,,
EPSOM - BATTERSEA PARK LONDON,P26031,643,stop,2026-04-26,06:47:00,,
SUTTON (SURREY) - ST ALBANS CITY (3),G84847,646,stop,2026-04-29,06:46:00,,
SUTTON (SURREY) - ST ALBANS CITY (3),G84847,646,stop,2026-04-28,06:46:00,,
SUTTON (SURREY) - ST ALBANS CITY (3),G84847,646,stop,2026-04-01,06:46:00,,
SUTTON (SURREY) - ST ALBANS CITY (6),G25119,646,stop,2026-04-18,06:46:00,,
EPSOM - SUTTON (SURREY),X04901,641,stop,2026-04-12,06:49:00,,
SUTTON (SURREY) - ST ALBANS CITY (2),G83878,649,stop,2026-04-17,06:49:00,,
STREATHAM HILL - EPSOM DOWNS,P26014,613,stop,2026-04-18,06:49:00,,
SUTTON (SURREY) - ST ALBANS CITY (2),G83878,649,stop,2026-04-29,06:49:00,,
BATTERSEA PARK LONDON - EPSOM DOWNS,P26013,601,stop,2026-04-10,06:49:00,,
EPSOM - NORWOOD JUNCTION,P25180,645,stop,2026-04-20,06:49:00,,
SUTTON (SURREY) - ST ALBANS CITY (5),G25120,649,stop,2026-04-18,06:49:00,,
SUTTON (SURREY) - ST ALBANS CITY (2),G83878,649,stop,2026-04-13,06:49:00,,
BATTERSEA PARK LONDON - EPSOM DOWNS,P26013,600,stop,2026-04-01,06:49:00,,
SUTTON (SURREY) - ST ALBANS CITY (2),G83878,649,stop,2026-04-08,06:49:00,,
SUTTON (SURREY) - ST ALBANS CITY (5),G83878,649,stop,2026-04-03,06:49:00,,
EPSOM - NORWOOD JUNCTION,P25180,645,stop,2026-04-24,06:49:00,,
SUTTON (SURREY) - ST ALBANS CITY (2),G83878,649,stop,2026-04-07,06:49:00,,
SUTTON (SURREY) - ST ALBANS CITY (5),G25120,649,stop,2026-04-04,06:49:00,,
EPSOM - NORWOOD JUNCTION,P25181,645,stop,2026-04-04,06:49:00,,
SUTTON (SURREY) - ST ALBANS CITY (2),G83878,649,stop,2026-04-24,06:49:00,,
EPSOM - NORWOOD JUNCTION,P25180,645,stop,2026-04-14,06:49:00,,
BATTERSEA PARK LONDON - EPSOM DOWNS,P26013,600,stop,2026-04-22,06:49:00,,
SUTTON (SURREY) - ST ALBANS CITY (2),G83878,649,stop,2026-04-30,06:49:00,,
SUTTON (SURREY) - ST ALBANS CITY (2),G83878,649,stop,2026-04-10,06:49:00,,
BATTERSEA PARK LONDON - EPSOM DOWNS,P26013,600,stop,2026-04-09,06:49:00,,
SUTTON (SURREY) - ST ALBANS CITY (2),G83878,649,stop,2026-04-21,06:49:00,,
EPSOM - NORWOOD JUNCTION,P25180,645,stop,2026-04-07,06:49:00,,
BATTERSEA PARK LONDON - EPSOM DOWNS,P26014,602,stop,2026-04-04,06:49:00,,
EPSOM - NORWOOD JUNCTION,P25181,645,stop,2026-04-25,06:49:00,,
EPSOM - NORWOOD JUNCTION,P25180,645,stop,2026-04-15,06:49:00,,
BATTERSEA PARK LONDON - EPSOM DOWNS,P26013,600,stop,2026-04-13,06:49:00,,
EPSOM - NORWOOD JUNCTION,P25180,645,stop,2026-04-16,06:49:00,,
EPSOM - NORWOOD JUNCTION,P25180,645,stop,2026-04-03,06:49:00,,
EPSOM - NORWOOD JUNCTION,X96888,645,stop,2026-04-03,06:49:00,,
BATTERSEA PARK LONDON - EPSOM DOWNS,P26013,601,stop,2026-04-20,06:49:00,,
EPSOM - NORWOOD JUNCTION,P25180,645,stop,2026-04-22,06:49:00,,
BATTERSEA PARK LONDON - EPSOM DOWNS,P26013,600,stop,2026-04-07,06:49:00,,
BATTERSEA PARK LONDON - EPSOM DOWNS,P26013,600,stop,2026-04-30,06:49:00,,
SUTTON (SURREY) - ST ALBANS CITY (2),G83878,649,stop,2026-04-22,06:49:00,,
EPSOM - NORWOOD JUNCTION,P25181,645,stop,2026-04-18,06:49:00,,
BATTERSEA PARK LONDON - EPSOM DOWNS,P26013,600,stop,2026-04-24,06:49:00,,
BATTERSEA PARK LONDON - EPSOM DOWNS,P26013,600,stop,2026-04-29,06:49:00,,
BATTERSEA PARK LONDON - EPSOM DOWNS,P26013,600,stop,2026-04-17,06:49:00,,
BATTERSEA PARK LONDON - EPSOM DOWNS,P26013,600,stop,2026-04-15,06:49:00,,
SUTTON (SURREY) - ST ALBANS CITY (2),G83878,649,stop,2026-04-15,06:49:00,,
SUTTON (SURREY) - ST ALBANS CITY (2),G83878,649,stop,2026-04-02,06:49:00,,
EPSOM - NORWOOD JUNCTION,P25180,645,stop,2026-04-21,06:49:00,,
EPSOM - NORWOOD JUNCTION,P25180,645,stop,2026-04-09,06:49:00,,
BATTERSEA PARK LONDON - EPSOM DOWNS,P26013,600,stop,2026-04-06,06:49:00,,
EPSOM - NORWOOD JUNCTION,P25180,645,stop,2026-04-17,06:49:00,,
SUTTON (SURREY) - ST ALBANS CITY (2),G83878,649,stop,2026-04-09,06:49:00,,
EPSOM - NORWOOD JUNCTION,X01376,645,stop,2026-04-06,06:49:00,,
SUTTON (SURREY) - ST ALBANS CITY (2),G83878,649,stop,2026-04-14,06:49:00,,
BATTERSEA PARK LONDON - EPSOM DOWNS,P26013,600,stop,2026-04-27,06:49:00,,
BATTERSEA PARK LONDON - EPSOM DOWNS,P26013,600,stop,2026-04-02,06:49:00,,
EPSOM - NORWOOD JUNCTION,P25180,645,stop,2026-04-27,06:49:00,,
SUTTON (SURREY) - ST ALBANS CITY (5),G25120,649,stop,2026-04-25,06:49:00,,
BATTERSEA PARK LONDON - EPSOM DOWNS,X01712,602,stop,2026-04-06,06:49:00,,
EPSOM - NORWOOD JUNCTION,P25180,645,stop,2026-04-29,06:49:00,,
SUTTON (SURREY) - ST ALBANS CITY (2),G83878,649,stop,2026-04-16,06:49:00,,
BATTERSEA PARK LONDON - EPSOM DOWNS,P26013,600,stop,2026-04-21,06:49:00,,
EPSOM - NORWOOD JUNCTION,P25180,645,stop,2026-04-08,06:49:00,,
BATTERSEA PARK LONDON - EPSOM DOWNS,P26013,600,stop,2026-04-14,06:49:00,,
BATTERSEA PARK LONDON - EPSOM DOWNS,P26013,600,stop,2026-04-16,06:49:00,,
SUTTON (SURREY) - ST ALBANS CITY (2),G83878,649,stop,2026-04-20,06:49:00,,
BATTERSEA PARK LONDON - EPSOM DOWNS,P26014,602,stop,2026-04-25,06:49:00,,
BATTERSEA PARK LONDON - EPSOM DOWNS,P26014,602,stop,2026-04-11,06:49:00,,
EPSOM - NORWOOD JUNCTION,P25180,645,stop,2026-04-13,06:49:00,,
BATTERSEA PARK LONDON - EPSOM DOWNS,P26013,600,stop,2026-04-08,06:49:00,,
EPSOM - NORWOOD JUNCTION,P25180,645,stop,2026-04-02,06:49:00,,
SUTTON (SURREY) - ST ALBANS CITY (2),G83878,649,stop,2026-04-28,06:49:00,,
BATTERSEA PARK LONDON - EPSOM DOWNS,X96966,602,stop,2026-04-03,06:49:00,,
SUTTON (SURREY) - ST ALBANS CITY (2),G83878,649,stop,2026-04-01,06:49:00,,
BATTERSEA PARK LONDON - EPSOM DOWNS,P26013,600,stop,2026-04-28,06:49:00,,
BATTERSEA PARK LONDON - EPSOM DOWNS,P26013,600,stop,2026-04-23,06:49:00,,
EPSOM - NORWOOD JUNCTION,P25180,645,stop,2026-04-10,06:49:00,,
SUTTON (SURREY) - ST ALBANS CITY (5),G83878,649,stop,2026-04-06,06:49:00,,
SUTTON (SURREY) - ST ALBANS CITY (2),G83878,649,stop,2026-04-27,06:49:00,,
BATTERSEA PARK LONDON - EPSOM DOWNS,P26013,600,stop,2026-04-03,06:49:00,,
EPSOM - NORWOOD JUNCTION,P25180,645,stop,2026-04-30,06:49:00,,
EPSOM - NORWOOD JUNCTION,P25180,645,stop,2026-04-01,06:49:00,,
EPSOM - NORWOOD JUNCTION,P25180,645,stop,2026-04-23,06:49:00,,
SUTTON (SURREY) - ST ALBANS CITY (2),G83878,649,stop,2026-04-23,06:49:00,,
EPSOM DOWNS - BATTERSEA PARK LONDON,P26041,638,stop,2026-04-27,06:51:00,,
EPSOM DOWNS - BATTERSEA PARK LONDON,P26041,638,stop,2026-04-07,06:51:00,,
EPSOM DOWNS - BATTERSEA PARK LONDON,P26041,638,stop,2026-04-22,06:51:00,,
EPSOM DOWNS - BATTERSEA PARK LONDON,P26041,638,stop,2026-04-16,06:51:00,,
SUTTON (SURREY) - BATTERSEA PARK LONDON,X01715,651,stop,2026-04-06,06:51:00,,
SUTTON (SURREY) - BATTERSEA PARK LONDON,X96878,651,stop,2026-04-03,06:51:00,,
EPSOM DOWNS - BATTERSEA PARK LONDON,P26041,638,stop,2026-04-24,06:51:00,,
EPSOM DOWNS - BATTERSEA PARK LONDON,P26041,638,stop,2026-04-09,06:51:00,,
EPSOM - NORWOOD JUNCTION,P25180,645,stop,2026-04-06,06:49:00,,
EPSOM - NORWOOD JUNCTION,P25180,645,stop,2026-04-28,06:49:00,,
EPSOM - NORWOOD JUNCTION,P25181,645,stop,2026-04-11,06:49:00,,
SUTTON (SURREY) - ST ALBANS CITY (5),G25120,649,stop,2026-04-11,06:49:00,,
EPSOM DOWNS - BATTERSEA PARK LONDON,P26041,638,stop,2026-04-17,06:51:00,,
EPSOM DOWNS - BATTERSEA PARK LONDON,P26041,638,stop,2026-04-14,06:51:00,,
SUTTON (SURREY) - STREATHAM HILL,P26042,651,stop,2026-04-18,06:51:00,,
EPSOM DOWNS - BATTERSEA PARK LONDON,P26041,638,stop,2026-04-21,06:51:00,,
SUTTON (SURREY) - BATTERSEA PARK LONDON,P26042,651,stop,2026-04-04,06:51:00,,
EPSOM DOWNS - BATTERSEA PARK LONDON,P26041,638,stop,2026-04-06,06:51:00,,
EPSOM DOWNS - BATTERSEA PARK LONDON,P26041,638,stop,2026-04-10,06:51:00,,
EPSOM DOWNS - BATTERSEA PARK LONDON,P26041,638,stop,2026-04-23,06:51:00,,
EPSOM DOWNS - BATTERSEA PARK LONDON,P26041,638,stop,2026-04-29,06:51:00,,
EPSOM DOWNS - BATTERSEA PARK LONDON,P26041,638,stop,2026-04-08,06:51:00,,
EPSOM DOWNS - BATTERSEA PARK LONDON,P26041,638,stop,2026-04-02,06:51:00,,
SUTTON (SURREY) - BATTERSEA PARK LONDON,P26042,651,stop,2026-04-25,06:51:00,,
EPSOM DOWNS - BATTERSEA PARK LONDON,P26041,638,stop,2026-04-01,06:51:00,,
SUTTON (SURREY) - BATTERSEA PARK LONDON,P26042,651,stop,2026-04-11,06:51:00,,
EPSOM DOWNS - BATTERSEA PARK LONDON,P26041,638,stop,2026-04-15,06:51:00,,
EPSOM DOWNS - BATTERSEA PARK LONDON,P26041,638,stop,2026-04-30,06:51:00,,
EPSOM - EARLSFIELD,L74215,649,stop,2026-04-18,06:52:00,,
EPSOM - EARLSFIELD,Q51633,649,stop,2026-04-06,06:52:00,,
EPSOM DOWNS - BATTERSEA PARK LONDON,P26041,638,stop,2026-04-20,06:51:00,,
EPSOM DOWNS - BATTERSEA PARK LONDON,P26041,638,stop,2026-04-13,06:51:00,,
EPSOM DOWNS - BATTERSEA PARK LONDON,P26041,638,stop,2026-04-03,06:51:00,,
EPSOM DOWNS - BATTERSEA PARK LONDON,P26041,638,stop,2026-04-28,06:51:00,,
EPSOM - EARLSFIELD,L74215,649,stop,2026-04-04,06:52:00,,
EPSOM - EARLSFIELD,L74215,649,stop,2026-04-25,06:52:00,,
EPSOM - EARLSFIELD,L74215,649,stop,2026-04-11,06:52:00,,
RAYNES PARK - DORKING,Q39192,639,stop,2026-04-03,06:54:00,,
RAYNES PARK - DORKING,Q51659,639,stop,2026-04-06,06:54:00,,
RAYNES PARK - DORKING,L72839,639,stop,2026-04-25,06:54:00,,
RAYNES PARK - DORKING,L72839,639,stop,2026-04-11,06:54:00,,
RAYNES PARK - DORKING,L72839,639,stop,2026-04-04,06:54:00,,
SUTTON (SURREY) - BATTERSEA PARK LONDON,P26031,653,stop,2026-04-12,06:53:00,,
EPSOM - EARLSFIELD,Q39184,649,stop,2026-04-03,06:52:00,,
EARLSFIELD - DORKING,P60995,624,stop,2026-04-22,06:55:00,,
EARLSFIELD - DORKING,P60995,624,stop,2026-04-28,06:55:00,,
EARLSFIELD - DORKING,P60995,624,stop,2026-04-16,06:55:00,,
EARLSFIELD - DORKING,P60995,624,stop,2026-04-09,06:55:00,,
EARLSFIELD - DORKING,P60995,624,stop,2026-04-20,06:55:00,,
EARLSFIELD - DORKING,P60995,624,stop,2026-04-06,06:55:00,,
EARLSFIELD - DORKING,P60995,624,stop,2026-04-24,06:55:00,,
EARLSFIELD - DORKING,P60995,624,stop,2026-04-17,06:55:00,,
EARLSFIELD - DORKING,P60995,624,stop,2026-04-03,06:55:00,,
EARLSFIELD - DORKING,P60995,624,stop,2026-04-08,06:55:00,,
EARLSFIELD - DORKING,P60995,624,stop,2026-04-14,06:55:00,,
EARLSFIELD - DORKING,P60995,624,stop,2026-04-27,06:55:00,,
EARLSFIELD - DORKING,P60995,624,stop,2026-04-30,06:55:00,,
EARLSFIELD - DORKING,P60995,624,stop,2026-04-23,06:55:00,,
EARLSFIELD - DORKING,P60995,624,stop,2026-04-07,06:55:00,,
RAYNES PARK - DORKING,L72839,639,stop,2026-04-18,06:54:00,,
EARLSFIELD - DORKING,P60995,624,stop,2026-04-01,06:55:00,,
EARLSFIELD - DORKING,P60995,624,stop,2026-04-10,06:55:00,,
EARLSFIELD - DORKING,P60995,624,stop,2026-04-21,06:55:00,,
EARLSFIELD - DORKING,P60995,624,stop,2026-04-29,06:55:00,,
EARLSFIELD - DORKING,P60995,624,stop,2026-04-15,06:55:00,,
EARLSFIELD - DORKING,P60995,624,stop,2026-04-02,06:55:00,,
EARLSFIELD - DORKING,P60995,624,stop,2026-04-13,06:55:00,,
NORWOOD JUNCTION - EPSOM,P25179,625,stop,2026-04-03,06:58:00,,
NORWOOD JUNCTION - EPSOM,P25179,625,stop,2026-04-27,06:58:00,,
NORWOOD JUNCTION - EPSOM,P25179,625,stop,2026-04-29,06:58:00,,
NORWOOD JUNCTION - EPSOM,P25179,625,stop,2026-04-07,06:58:00,,
NORWOOD JUNCTION - EPSOM,P25179,625,stop,2026-04-28,06:58:00,,
NORWOOD JUNCTION - EPSOM,P25179,625,stop,2026-04-22,06:58:00,,
NORWOOD JUNCTION - EPSOM,P25179,625,stop,2026-04-10,06:58:00,,
NORWOOD JUNCTION - EPSOM,P25179,625,stop,2026-04-17,06:58:00,,
NORWOOD JUNCTION - EPSOM,P25179,625,stop,2026-04-09,06:58:00,,
NORWOOD JUNCTION - EPSOM,P25179,625,stop,2026-04-06,06:58:00,,
NORWOOD JUNCTION - EPSOM,P25179,625,stop,2026-04-13,06:58:00,,
NORWOOD JUNCTION - EPSOM,P25179,625,stop,2026-04-08,06:58:00,,
NORWOOD JUNCTION - EPSOM,P25179,625,stop,2026-04-24,06:58:00,,
EPSOM - CARSHALTON,P25167,653,stop,2026-04-16,06:59:00,,
EPSOM - CARSHALTON,P25167,653,stop,2026-04-27,06:59:00,,
EPSOM - CARSHALTON,P25167,653,stop,2026-04-29,06:59:00,,
EPSOM - CARSHALTON,P25167,653,stop,2026-04-02,06:59:00,,
EPSOM - CARSHALTON,P25167,653,stop,2026-04-15,06:59:00,,
EPSOM - CARSHALTON,P25167,653,stop,2026-04-23,06:59:00,,
EPSOM - CARSHALTON,P25167,653,stop,2026-04-03,06:59:00,,
NORWOOD JUNCTION - EPSOM,P25179,625,stop,2026-04-02,06:58:00,,
NORWOOD JUNCTION - EPSOM,P25179,625,stop,2026-04-01,06:58:00,,
NORWOOD JUNCTION - EPSOM,P25179,625,stop,2026-04-14,06:58:00,,
NORWOOD JUNCTION - EPSOM,P25179,625,stop,2026-04-15,06:58:00,,
NORWOOD JUNCTION - EPSOM,P25179,625,stop,2026-04-21,06:58:00,,
NORWOOD JUNCTION - EPSOM,P25179,625,stop,2026-04-20,06:58:00,,
NORWOOD JUNCTION - EPSOM,P25179,625,stop,2026-04-16,06:58:00,,
NORWOOD JUNCTION - EPSOM,P25179,625,stop,2026-04-30,06:58:00,,
NORWOOD JUNCTION - EPSOM,P25179,625,stop,2026-04-23,06:58:00,,
EPSOM - CARSHALTON,P25167,653,stop,2026-04-07,06:59:00,,
EPSOM - CARSHALTON,P25167,653,stop,2026-04-13,06:59:00,,
EPSOM - CARSHALTON,P25167,653,stop,2026-04-17,06:59:00,,
EPSOM - CARSHALTON,P25167,653,stop,2026-04-01,06:59:00,,
EPSOM - CARSHALTON,P25167,653,stop,2026-04-28,06:59:00,,
EPSOM - CARSHALTON,P25167,653,stop,2026-04-20,06:59:00,,
RAYNES PARK - EPSOM,Q61099,614,stop,2026-04-19,06:59:00,,
EPSOM - CARSHALTON,P25167,653,stop,2026-04-22,06:59:00,,
EPSOM - CARSHALTON,P25167,653,stop,2026-04-21,06:59:00,,
EPSOM - CARSHALTON,P25167,653,stop,2026-04-30,06:59:00,,
EPSOM - CARSHALTON,P25167,653,stop,2026-04-08,06:59:00,,
EPSOM - CARSHALTON,P25167,653,stop,2026-04-06,06:59:00,,
EPSOM - CARSHALTON,P25167,653,stop,2026-04-24,06:59:00,,
EPSOM - CARSHALTON,P25167,653,stop,2026-04-14,06:59:00,,
EPSOM - CARSHALTON,P25167,653,stop,2026-04-09,06:59:00,,
EPSOM - CARSHALTON,P25167,653,stop,2026-04-10,06:59:00,,
SUTTON (SURREY) - SOUTH BERMONDSEY (3),P26790,700,stop,2026-04-03,07:00:00,,
SUTTON (SURREY) - SOUTH BERMONDSEY (3),P26790,700,stop,2026-04-07,07:00:00,,
SUTTON (SURREY) - SOUTH BERMONDSEY (3),P26790,700,stop,2026-04-29,07:00:00,,
SUTTON (SURREY) - SOUTH BERMONDSEY (3),P26790,700,stop,2026-04-06,07:00:00,,
SUTTON (SURREY) - SOUTH BERMONDSEY (3),P26790,700,stop,2026-04-02,07:00:00,,
SUTTON (SURREY) - SOUTH BERMONDSEY (3),P26790,700,stop,2026-04-20,07:00:00,,
SUTTON (SURREY) - SOUTH BERMONDSEY (3),P26790,700,stop,2026-04-14,07:00:00,,
SUTTON (SURREY) - SOUTH BERMONDSEY (3),P26790,700,stop,2026-04-10,07:00:00,,
SUTTON (SURREY) - SOUTH BERMONDSEY (3),P26790,700,stop,2026-04-01,07:00:00,,
SUTTON (SURREY) - TULSE HILL,X27268,700,stop,2026-04-05,07:00:00,,
SUTTON (SURREY) - SOUTH BERMONDSEY (3),P26790,700,stop,2026-04-15,07:00:00,,
SUTTON (SURREY) - SOUTH BERMONDSEY (3),P26790,700,stop,2026-04-09,07:00:00,,
SUTTON (SURREY) - SOUTH BERMONDSEY (3),P26790,700,stop,2026-04-13,07:00:00,,
SUTTON (SURREY) - SOUTH BERMONDSEY (3),P26790,700,stop,2026-04-27,07:00:00,,
SUTTON (SURREY) - SOUTH BERMONDSEY (3),P26790,700,stop,2026-04-24,07:00:00,,
SUTTON (SURREY) - SOUTH BERMONDSEY (3),P26790,700,stop,2026-04-16,07:00:00,,
SUTTON (SURREY) - SOUTH BERMONDSEY (3),P26790,700,stop,2026-04-22,07:00:00,,
SUTTON (SURREY) - SOUTH BERMONDSEY (3),P26790,700,stop,2026-04-21,07:00:00,,
SUTTON (SURREY) - SOUTH BERMONDSEY (3),P26790,700,stop,2026-04-08,07:00:00,,
SUTTON (SURREY) - SOUTH BERMONDSEY (3),P26790,700,stop,2026-04-28,07:00:00,,
SUTTON (SURREY) - SOUTH BERMONDSEY (3),P26790,700,stop,2026-04-17,07:00:00,,
SUTTON (SURREY) - SOUTH BERMONDSEY (3),P26790,700,stop,2026-04-30,07:00:00,,
SUTTON (SURREY) - SOUTH BERMONDSEY (3),P26790,700,stop,2026-04-23,07:00:00,,
EPSOM - RAYNES PARK,Q62922,653,stop,2026-04-26,07:01:00,,
DORKING - MITCHAM EASTFIELDS,P26589,641,stop,2026-04-19,07:02:00,,
EPSOM - RAYNES PARK,Q61101,656,stop,2026-04-19,07:04:00,,
RAYNES PARK - EPSOM,P61578,633,stop,2026-04-19,07:03:00,,
RAYNES PARK - EPSOM,P61578,633,stop,2026-04-05,07:03:00,,
RAYNES PARK - EPSOM,P61578,633,stop,2026-04-12,07:03:00,,
RAYNES PARK - EPSOM,P61578,633,stop,2026-04-26,07:03:00,,
EPSOM - WORCESTER PARK,Q54783,656,stop,2026-04-12,07:04:00,,
HORSHAM - BALHAM,P26587,615,stop,2026-04-20,07:06:00,,
DORKING - BALHAM (2),X96890,644,stop,2026-04-03,07:06:00,,
HORSHAM - BALHAM,P26587,615,stop,2026-04-22,07:06:00,,
HORSHAM - BALHAM,P26587,615,stop,2026-04-06,07:06:00,,
HORSHAM - BALHAM,P26587,615,stop,2026-04-13,07:06:00,,
HORSHAM - BALHAM,P26587,615,stop,2026-04-09,07:06:00,,
HORSHAM - BALHAM,P26587,615,stop,2026-04-08,07:06:00,,
HORSHAM - BALHAM,P26587,615,stop,2026-04-29,07:06:00,,
HORSHAM - BALHAM,P26587,615,stop,2026-04-21,07:06:00,,
HORSHAM - BALHAM,P26587,615,stop,2026-04-02,07:06:00,,
HORSHAM - BALHAM,P26587,615,stop,2026-04-30,07:06:00,,
HORSHAM - BALHAM,P26587,615,stop,2026-04-27,07:06:00,,
HORSHAM - BALHAM,P26587,615,stop,2026-04-17,07:06:00,,
HORSHAM - BALHAM,P26587,615,stop,2026-04-14,07:06:00,,
LUTON - SUTTON (SURREY),W59662,520,stop,2026-04-14,07:07:00,,
LUTON - SUTTON (SURREY),W59662,520,stop,2026-04-13,07:07:00,,
HORSHAM - BALHAM,P26587,615,stop,2026-04-28,07:06:00,,
DORKING - BALHAM (2),X00922,644,stop,2026-04-06,07:06:00,,
HORSHAM - BALHAM,P26587,615,stop,2026-04-24,07:06:00,,
DORKING - MITCHAM EASTFIELDS,P26588,644,stop,2026-04-18,07:06:00,,
HORSHAM - BALHAM,P26587,615,stop,2026-04-01,07:06:00,,
DORKING - BALHAM (2),P26588,644,stop,2026-04-04,07:06:00,,
DORKING - BALHAM (2),P26588,644,stop,2026-04-25,07:06:00,,
HORSHAM - BALHAM,P26587,615,stop,2026-04-07,07:06:00,,
DORKING - BALHAM (2),P26588,644,stop,2026-04-11,07:06:00,,
HORSHAM - BALHAM,P26587,615,stop,2026-04-10,07:06:00,,
HORSHAM - BALHAM,P26587,615,stop,2026-04-16,07:06:00,,
HORSHAM - BALHAM,P26587,615,stop,2026-04-15,07:06:00,,
HORSHAM - BALHAM,P26587,615,stop,2026-04-03,07:06:00,,
HORSHAM - BALHAM,P26587,615,stop,2026-04-23,07:06:00,,
LUTON - SUTTON (SURREY),W59662,520,stop,2026-04-27,07:07:00,,
LUTON - SUTTON (SURREY),W59662,520,stop,2026-04-08,07:07:00,,
LUTON - SUTTON (SURREY),W59662,520,stop,2026-04-17,07:07:00,,
LUTON - SUTTON (SURREY) (2),G25079,520,stop,2026-04-04,07:07:00,,
LUTON - SUTTON (SURREY),W59662,520,stop,2026-04-24,07:07:00,,
EPSOM - BALHAM,P26589,703,stop,2026-04-26,07:07:00,,
LUTON - SUTTON (SURREY) (2),G25079,520,stop,2026-04-11,07:07:00,,
LUTON - SUTTON (SURREY),W59662,520,stop,2026-04-29,07:07:00,,
LUTON - SUTTON (SURREY),W59662,520,stop,2026-04-10,07:07:00,,
LUTON - SUTTON (SURREY),W59662,520,stop,2026-04-07,07:07:00,,
LUTON - SUTTON (SURREY),W59662,520,stop,2026-04-21,07:07:00,,
ST ALBANS CITY - SUTTON (SURREY) (2),G25079,535,stop,2026-04-18,07:07:00,,
LUTON - SUTTON (SURREY),W59662,520,stop,2026-04-09,07:07:00,,
EPSOM - BALHAM,P26589,703,stop,2026-04-12,07:07:00,,
LUTON - SUTTON (SURREY),W59662,520,stop,2026-04-22,07:07:00,,
LUTON - SUTTON (SURREY) (2),W59662,520,stop,2026-04-03,07:07:00,,
LUTON - SUTTON (SURREY),W59662,520,stop,2026-04-23,07:07:00,,
LUTON - SUTTON (SURREY),W59662,520,stop,2026-04-01,07:07:00,,
LUTON - SUTTON (SURREY),W59662,520,stop,2026-04-28,07:07:00,,
LUTON - SUTTON (SURREY) (2),G25079,520,stop,2026-04-25,07:07:00,,
LUTON - SUTTON (SURREY),W59662,520,stop,2026-04-02,07:07:00,,
LUTON - SUTTON (SURREY),W59662,520,stop,2026-04-16,07:07:00,,
DORKING - BALHAM (3),P26589,646,stop,2026-04-05,07:07:00,,
LUTON - SUTTON (SURREY),W59662,520,stop,2026-04-20,07:07:00,,
LUTON - SUTTON (SURREY) (2),W59662,520,stop,2026-04-06,07:07:00,,
LUTON - SUTTON (SURREY),W59662,520,stop,2026-04-15,07:07:00,,
LUTON - SUTTON (SURREY),W59662,520,stop,2026-04-30,07:07:00,,
EARLSFIELD - DORKING,P60996,639,stop,2026-04-07,07:10:00,,
EARLSFIELD - DORKING,P60996,639,stop,2026-04-24,07:10:00,,
EARLSFIELD - DORKING,P60996,639,stop,2026-04-13,07:10:00,,
EARLSFIELD - DORKING,P60996,639,stop,2026-04-16,07:10:00,,
EARLSFIELD - DORKING,P60996,639,stop,2026-04-10,07:10:00,,
EARLSFIELD - DORKING,P60996,639,stop,2026-04-29,07:10:00,,
EARLSFIELD - DORKING,P60996,639,stop,2026-04-02,07:10:00,,
SUTTON (SURREY) - STREATHAM HILL,P27087,710,stop,2026-04-18,07:10:00,,
EARLSFIELD - DORKING,P60996,639,stop,2026-04-14,07:10:00,,
EARLSFIELD - DORKING,P60996,639,stop,2026-04-27,07:10:00,,
EARLSFIELD - DORKING,P60996,639,stop,2026-04-23,07:10:00,,
EARLSFIELD - DORKING,P60996,639,stop,2026-04-17,07:10:00,,
EARLSFIELD - DORKING,P60996,639,stop,2026-04-22,07:10:00,,
EARLSFIELD - DORKING,P60996,639,stop,2026-04-20,07:10:00,,
EARLSFIELD - DORKING,P60996,639,stop,2026-04-06,07:10:00,,
EARLSFIELD - DORKING,P60996,639,stop,2026-04-21,07:10:00,,
EARLSFIELD - DORKING,P60996,639,stop,2026-04-01,07:10:00,,
EARLSFIELD - DORKING,P60996,639,stop,2026-04-28,07:10:00,,
EARLSFIELD - DORKING,P60996,639,stop,2026-04-30,07:10:00,,
EARLSFIELD - DORKING,P60996,639,stop,2026-04-09,07:10:00,,
EARLSFIELD - DORKING,P60996,639,stop,2026-04-15,07:10:00,,
GUILDFORD - EARLSFIELD,L74219,628,stop,2026-04-27,07:11:00,,
GUILDFORD - EARLSFIELD,L74219,628,stop,2026-04-06,07:11:00,,
SUTTON (SURREY) - BATTERSEA PARK LONDON,P26048,711,stop,2026-04-22,07:11:00,,
SUTTON (SURREY) - BATTERSEA PARK LONDON,P26047,711,stop,2026-04-12,07:11:00,,
SUTTON (SURREY) - BATTERSEA PARK LONDON,P26048,711,stop,2026-04-07,07:11:00,,
SUTTON (SURREY) - BATTERSEA PARK LONDON,P26047,711,stop,2026-04-26,07:11:00,,
GUILDFORD - EARLSFIELD,L74219,628,stop,2026-04-22,07:11:00,,
GUILDFORD - EARLSFIELD,L74219,628,stop,2026-04-23,07:11:00,,
GUILDFORD - EARLSFIELD,L74219,628,stop,2026-04-30,07:11:00,,
SUTTON (SURREY) - BATTERSEA PARK LONDON,P26048,711,stop,2026-04-23,07:11:00,,
SUTTON (SURREY) - BATTERSEA PARK LONDON,P26048,711,stop,2026-04-10,07:11:00,,
GUILDFORD - EARLSFIELD,L74219,628,stop,2026-04-21,07:11:00,,
GUILDFORD - EARLSFIELD,L74219,628,stop,2026-04-08,07:11:00,,
GUILDFORD - EARLSFIELD,L74219,628,stop,2026-04-03,07:11:00,,
EARLSFIELD - DORKING,P60996,639,stop,2026-04-03,07:10:00,,
EARLSFIELD - DORKING,P60996,639,stop,2026-04-08,07:10:00,,
GUILDFORD - EARLSFIELD,L74219,628,stop,2026-04-13,07:11:00,,
SUTTON (SURREY) - BATTERSEA PARK LONDON,P26048,711,stop,2026-04-06,07:11:00,,
SUTTON (SURREY) - BATTERSEA PARK LONDON,P26048,711,stop,2026-04-21,07:11:00,,
GUILDFORD - EARLSFIELD,L74219,628,stop,2026-04-09,07:11:00,,
GUILDFORD - EARLSFIELD,L74219,628,stop,2026-04-24,07:11:00,,
GUILDFORD - EARLSFIELD,L74219,628,stop,2026-04-07,07:11:00,,
GUILDFORD - EARLSFIELD,L74219,628,stop,2026-04-29,07:11:00,,
SUTTON (SURREY) - BATTERSEA PARK LONDON,P26048,711,stop,2026-04-13,07:11:00,,
SUTTON (SURREY) - BATTERSEA PARK LONDON,P26048,711,stop,2026-04-16,07:11:00,,
SUTTON (SURREY) - BATTERSEA PARK LONDON,P26048,711,stop,2026-04-30,07:11:00,,
GUILDFORD - EARLSFIELD,L74219,628,stop,2026-04-28,07:11:00,,
RAYNES PARK - EPSOM,Q62924,641,stop,2026-04-26,07:11:00,,
SUTTON (SURREY) - BATTERSEA PARK LONDON,P26048,711,stop,2026-04-24,07:11:00,,
SUTTON (SURREY) - BATTERSEA PARK LONDON,P26048,711,stop,2026-04-14,07:11:00,,
GUILDFORD - EARLSFIELD,L74219,628,stop,2026-04-02,07:11:00,,
SUTTON (SURREY) - BATTERSEA PARK LONDON,P26048,711,stop,2026-04-09,07:11:00,,
SUTTON (SURREY) - BATTERSEA PARK LONDON,P26048,711,stop,2026-04-02,07:11:00,,
SUTTON (SURREY) - BATTERSEA PARK LONDON,P26048,711,stop,2026-04-20,07:11:00,,
GUILDFORD - EARLSFIELD,L74219,628,stop,2026-04-01,07:11:00,,
SUTTON (SURREY) - BATTERSEA PARK LONDON,P26048,711,stop,2026-04-15,07:11:00,,
SUTTON (SURREY) - BATTERSEA PARK LONDON,P26048,711,stop,2026-04-27,07:11:00,,
GUILDFORD - EARLSFIELD,L74219,628,stop,2026-04-17,07:11:00,,
SUTTON (SURREY) - BATTERSEA PARK LONDON,P26048,711,stop,2026-04-01,07:11:00,,
SUTTON (SURREY) - BATTERSEA PARK LONDON,P26048,711,stop,2026-04-29,07:11:00,,
GUILDFORD - EARLSFIELD,L74219,628,stop,2026-04-16,07:11:00,,
SUTTON (SURREY) - BATTERSEA PARK LONDON,P26048,711,stop,2026-04-03,07:11:00,,
GUILDFORD - EARLSFIELD,L74219,628,stop,2026-04-14,07:11:00,,
SUTTON (SURREY) - BATTERSEA PARK LONDON,P26048,711,stop,2026-04-28,07:11:00,,
GUILDFORD - EARLSFIELD,L74219,628,stop,2026-04-10,07:11:00,,
GUILDFORD - EARLSFIELD,L74219,628,stop,2026-04-20,07:11:00,,
SUTTON (SURREY) - BATTERSEA PARK LONDON,P26048,711,stop,2026-04-08,07:11:00,,
SUTTON (SURREY) - BATTERSEA PARK LONDON,P26048,711,stop,2026-04-17,07:11:00,,
GUILDFORD - EARLSFIELD,L74219,628,stop,2026-04-15,07:11:00,,
BALHAM - HORSHAM,P26585,641,stop,2026-04-29,07:13:00,,
BALHAM - HORSHAM,P26585,641,stop,2026-04-23,07:13:00,,
MITCHAM EASTFIELDS - DORKING (3),P26783,645,stop,2026-04-19,07:13:00,,
BALHAM - HORSHAM,P26585,641,stop,2026-04-20,07:13:00,,
BALHAM - HORSHAM,P26585,641,stop,2026-04-21,07:13:00,,
BALHAM - DORKING (4),P26783,640,stop,2026-04-05,07:13:00,,
BALHAM - DORKING (3),P26586,641,stop,2026-04-25,07:13:00,,
BALHAM - HORSHAM,P26585,641,stop,2026-04-30,07:13:00,,
BALHAM - HORSHAM,P26585,641,stop,2026-04-15,07:13:00,,
BALHAM - HORSHAM,P26585,641,stop,2026-04-27,07:13:00,,
BALHAM - HORSHAM,P26585,641,stop,2026-04-14,07:13:00,,
BALHAM - HORSHAM,P26585,641,stop,2026-04-22,07:13:00,,
BALHAM - HORSHAM,P26585,641,stop,2026-04-09,07:13:00,,
BALHAM - DORKING (3),P26586,641,stop,2026-04-04,07:13:00,,
BALHAM - HORSHAM,P26585,641,stop,2026-04-24,07:13:00,,
BALHAM - HORSHAM,P26585,641,stop,2026-04-08,07:13:00,,
BALHAM - HORSHAM,P26585,641,stop,2026-04-07,07:13:00,,
SUTTON (SURREY) - STREATHAM HILL,P26047,713,stop,2026-04-19,07:13:00,,
BALHAM - HORSHAM,P26585,641,stop,2026-04-17,07:13:00,,
SUTTON (SURREY) - ST ALBANS CITY (3),G84851,716,stop,2026-04-17,07:16:00,,
SUTTON (SURREY) - BALHAM (2),P26589,714,stop,2026-04-12,07:14:00,,
BALHAM - HORSHAM,P26585,641,stop,2026-04-28,07:13:00,,
BALHAM - HORSHAM,P26585,641,stop,2026-04-13,07:13:00,,
BALHAM - DORKING (3),X01850,641,stop,2026-04-06,07:13:00,,
BALHAM - HORSHAM,P26585,641,stop,2026-04-06,07:13:00,,
BALHAM - DORKING (3),P26586,641,stop,2026-04-11,07:13:00,,
BALHAM - HORSHAM,P26585,641,stop,2026-04-01,07:13:00,,
BALHAM - HORSHAM,P26585,641,stop,2026-04-16,07:13:00,,
BALHAM - DORKING (3),X96897,641,stop,2026-04-03,07:13:00,,
BALHAM - HORSHAM,P26585,641,stop,2026-04-03,07:13:00,,
BALHAM - HORSHAM,P26585,641,stop,2026-04-10,07:13:00,,
BALHAM - HORSHAM,P26585,641,stop,2026-04-02,07:13:00,,
BALHAM - DORKING (8),P26783,640,stop,2026-04-26,07:13:00,,
SUTTON (SURREY) - ST ALBANS CITY (6),G25133,716,stop,2026-04-25,07:16:00,,
SUTTON (SURREY) - ST ALBANS CITY (3),G84851,716,stop,2026-04-20,07:16:00,,
SUTTON (SURREY) - ST ALBANS CITY (3),G84851,716,stop,2026-04-16,07:16:00,,
SUTTON (SURREY) - ST ALBANS CITY (3),G84851,716,stop,2026-04-09,07:16:00,,
SUTTON (SURREY) - ST ALBANS CITY (3),G84851,716,stop,2026-04-29,07:16:00,,
SUTTON (SURREY) - ST ALBANS CITY (3),G84851,716,stop,2026-04-07,07:16:00,,
SUTTON (SURREY) - ST ALBANS CITY (6),G84851,716,stop,2026-04-03,07:16:00,,
SUTTON (SURREY) - ST ALBANS CITY (3),G84851,716,stop,2026-04-15,07:16:00,,
SUTTON (SURREY) - ST ALBANS CITY (3),G84851,716,stop,2026-04-01,07:16:00,,
SUTTON (SURREY) - ST ALBANS CITY (3),G84851,716,stop,2026-04-08,07:16:00,,
SUTTON (SURREY) - ST ALBANS CITY (6),G25133,716,stop,2026-04-11,07:16:00,,
SUTTON (SURREY) - ST ALBANS CITY (3),G84851,716,stop,2026-04-28,07:16:00,,
BALHAM - DORKING (8),P26783,640,stop,2026-04-12,07:16:00,,
SUTTON (SURREY) - ST ALBANS CITY (3),G84851,716,stop,2026-04-14,07:16:00,,
SUTTON (SURREY) - ST ALBANS CITY (3),G84851,716,stop,2026-04-23,07:16:00,,
SUTTON (SURREY) - ST ALBANS CITY (3),G84851,716,stop,2026-04-22,07:16:00,,
SUTTON (SURREY) - ST ALBANS CITY (3),G84851,716,stop,2026-04-27,07:16:00,,
SUTTON (SURREY) - ST ALBANS CITY (3),G84851,716,stop,2026-04-02,07:16:00,,
SUTTON (SURREY) - ST ALBANS CITY (3),G84851,716,stop,2026-04-10,07:16:00,,
SUTTON (SURREY) - ST ALBANS CITY (6),G84851,716,stop,2026-04-06,07:16:00,,
SUTTON (SURREY) - ST ALBANS CITY (6),G25133,716,stop,2026-04-04,07:16:00,,
SUTTON (SURREY) - ST ALBANS CITY (3),G84851,716,stop,2026-04-30,07:16:00,,
SUTTON (SURREY) - ST ALBANS CITY (2),G83882,719,stop,2026-04-24,07:19:00,,
SUTTON (SURREY) - ST ALBANS CITY (2),G83882,719,stop,2026-04-23,07:19:00,,
BATTERSEA PARK LONDON - EPSOM DOWNS,P26028,630,stop,2026-04-24,07:19:00,,
BATTERSEA PARK LONDON - EPSOM DOWNS,P26028,630,stop,2026-04-15,07:19:00,,
SUTTON (SURREY) - ST ALBANS CITY (2),G83882,719,stop,2026-04-14,07:19:00,,
SUTTON (SURREY) - ST ALBANS CITY (5),G25134,719,stop,2026-04-11,07:19:00,,
WORCESTER PARK - DORKING,Q54911,705,stop,2026-04-12,07:18:00,,
SUTTON (SURREY) - ST ALBANS CITY (3),G84851,716,stop,2026-04-24,07:16:00,,
SUTTON (SURREY) - ST ALBANS CITY (3),G84851,716,stop,2026-04-21,07:16:00,,
SUTTON (SURREY) - ST ALBANS CITY (3),G84851,716,stop,2026-04-13,07:16:00,,
SUTTON (SURREY) - ST ALBANS CITY (6),G25133,716,stop,2026-04-18,07:16:00,,
SUTTON (SURREY) - ST ALBANS CITY (2),G83882,719,stop,2026-04-09,07:19:00,,
SUTTON (SURREY) - ST ALBANS CITY (2),G83882,719,stop,2026-04-21,07:19:00,,
SUTTON (SURREY) - ST ALBANS CITY (2),G83882,719,stop,2026-04-15,07:19:00,,
EPSOM - NORWOOD JUNCTION,P25185,715,stop,2026-04-18,07:19:00,,
EPSOM - NORWOOD JUNCTION,P25184,715,stop,2026-04-13,07:19:00,,
EPSOM - NORWOOD JUNCTION,P25184,715,stop,2026-04-20,07:19:00,,
EPSOM - NORWOOD JUNCTION,P25184,715,stop,2026-04-29,07:19:00,,
EPSOM - NORWOOD JUNCTION,P25184,715,stop,2026-04-21,07:19:00,,
SUTTON (SURREY) - ST ALBANS CITY (2),G83882,719,stop,2026-04-20,07:19:00,,
EPSOM - NORWOOD JUNCTION,P25184,715,stop,2026-04-09,07:19:00,,
SUTTON (SURREY) - ST ALBANS CITY (5),G25134,719,stop,2026-04-25,07:19:00,,
BATTERSEA PARK LONDON - EPSOM DOWNS,P26028,630,stop,2026-04-13,07:19:00,,
BATTERSEA PARK LONDON - EPSOM DOWNS,P26028,630,stop,2026-04-17,07:19:00,,
SUTTON (SURREY) - ST ALBANS CITY (2),G83882,719,stop,2026-04-01,07:19:00,,
SUTTON (SURREY) - ST ALBANS CITY (2),G83882,719,stop,2026-04-10,07:19:00,,
SUTTON (SURREY) - ST ALBANS CITY (2),G83882,719,stop,2026-04-30,07:19:00,,
BATTERSEA PARK LONDON - EPSOM DOWNS,P26028,630,stop,2026-04-22,07:19:00,,
BATTERSEA PARK LONDON - EPSOM DOWNS,P26029,630,stop,2026-04-11,07:19:00,,
BATTERSEA PARK LONDON - EPSOM DOWNS,P26028,630,stop,2026-04-09,07:19:00,,
EPSOM - NORWOOD JUNCTION,P25184,715,stop,2026-04-17,07:19:00,,
EPSOM - NORWOOD JUNCTION,P25185,715,stop,2026-04-25,07:19:00,,
EPSOM - NORWOOD JUNCTION,P25184,715,stop,2026-04-14,07:19:00,,
EPSOM - NORWOOD JUNCTION,P25184,715,stop,2026-04-27,07:19:00,,
EPSOM - NORWOOD JUNCTION,X92775,715,stop,2026-04-03,07:19:00,,
BATTERSEA PARK LONDON - EPSOM DOWNS,P26028,630,stop,2026-04-29,07:19:00,,
BATTERSEA PARK LONDON - EPSOM DOWNS,P26028,630,stop,2026-04-23,07:19:00,,
SUTTON (SURREY) - ST ALBANS CITY (5),G83882,719,stop,2026-04-03,07:19:00,,
EPSOM - NORWOOD JUNCTION,P25184,715,stop,2026-04-23,07:19:00,,
BATTERSEA PARK LONDON - EPSOM DOWNS,P26028,631,stop,2026-04-20,07:19:00,,
SUTTON (SURREY) - ST ALBANS CITY (2),G83882,719,stop,2026-04-13,07:19:00,,
SUTTON (SURREY) - ST ALBANS CITY (5),G83882,719,stop,2026-04-06,07:19:00,,
DORKING - SUTTON (SURREY),X04900,635,stop,2026-04-12,07:19:00,,
EPSOM - NORWOOD JUNCTION,P25184,715,stop,2026-04-01,07:19:00,,
SUTTON (SURREY) - ST ALBANS CITY (2),G83882,719,stop,2026-04-16,07:19:00,,
EPSOM - NORWOOD JUNCTION,P25184,715,stop,2026-04-28,07:19:00,,
BATTERSEA PARK LONDON - EPSOM DOWNS,X96920,630,stop,2026-04-03,07:19:00,,
SUTTON (SURREY) - ST ALBANS CITY (2),G83882,719,stop,2026-04-28,07:19:00,,
EPSOM - NORWOOD JUNCTION,P25184,715,stop,2026-04-02,07:19:00,,
BATTERSEA PARK LONDON - EPSOM DOWNS,X01714,630,stop,2026-04-06,07:19:00,,
BATTERSEA PARK LONDON - EPSOM DOWNS,P26028,630,stop,2026-04-06,07:19:00,,
SUTTON (SURREY) - ST ALBANS CITY (2),G83882,719,stop,2026-04-02,07:19:00,,
BATTERSEA PARK LONDON - EPSOM DOWNS,P26028,630,stop,2026-04-16,07:19:00,,
SUTTON (SURREY) - ST ALBANS CITY (2),G83882,719,stop,2026-04-17,07:19:00,,
SUTTON (SURREY) - ST ALBANS CITY (5),G25134,719,stop,2026-04-18,07:19:00,,
SUTTON (SURREY) - ST ALBANS CITY (2),G83882,719,stop,2026-04-22,07:19:00,,
SUTTON (SURREY) - ST ALBANS CITY (2),G83882,719,stop,2026-04-27,07:19:00,,
BATTERSEA PARK LONDON - EPSOM DOWNS,P26028,630,stop,2026-04-21,07:19:00,,
EPSOM - NORWOOD JUNCTION,P25184,715,stop,2026-04-08,07:19:00,,
BATTERSEA PARK LONDON - EPSOM DOWNS,P26028,630,stop,2026-04-08,07:19:00,,
BATTERSEA PARK LONDON - EPSOM DOWNS,P26029,630,stop,2026-04-04,07:19:00,,
BATTERSEA PARK LONDON - EPSOM DOWNS,P26028,630,stop,2026-04-10,07:19:00,,
EPSOM - NORWOOD JUNCTION,X01378,715,stop,2026-04-06,07:19:00,,
BATTERSEA PARK LONDON - EPSOM DOWNS,P26028,630,stop,2026-04-01,07:19:00,,
EPSOM - NORWOOD JUNCTION,P25184,715,stop,2026-04-03,07:19:00,,
EPSOM - NORWOOD JUNCTION,P25184,715,stop,2026-04-06,07:19:00,,
BATTERSEA PARK LONDON - EPSOM DOWNS,P26028,630,stop,2026-04-28,07:19:00,,
EPSOM - NORWOOD JUNCTION,P25184,715,stop,2026-04-30,07:19:00,,
SUTTON (SURREY) - ST ALBANS CITY (5),G25134,719,stop,2026-04-04,07:19:00,,
BATTERSEA PARK LONDON - EPSOM DOWNS,P26028,630,stop,2026-04-02,07:19:00,,
BATTERSEA PARK LONDON - EPSOM DOWNS,P26028,630,stop,2026-04-03,07:19:00,,
STREATHAM HILL - EPSOM DOWNS,P26029,643,stop,2026-04-18,07:19:00,,
SUTTON (SURREY) - ST ALBANS CITY (2),G83882,719,stop,2026-04-08,07:19:00,,
EPSOM - NORWOOD JUNCTION,P25184,715,stop,2026-04-22,07:19:00,,
SUTTON (SURREY) - BATTERSEA PARK LONDON,P26047,719,stop,2026-04-05,07:19:00,,
EPSOM - NORWOOD JUNCTION,P25184,715,stop,2026-04-10,07:19:00,,
EPSOM - NORWOOD JUNCTION,P25185,715,stop,2026-04-04,07:19:00,,
BATTERSEA PARK LONDON - EPSOM DOWNS,P26029,630,stop,2026-04-25,07:19:00,,
EPSOM - NORWOOD JUNCTION,P25185,715,stop,2026-04-11,07:19:00,,
BATTERSEA PARK LONDON - EPSOM DOWNS,P26028,630,stop,2026-04-27,07:19:00,,
SUTTON (SURREY) - ST ALBANS CITY (2),G83882,719,stop,2026-04-29,07:19:00,,
SUTTON (SURREY) - ST ALBANS CITY (2),G83882,719,stop,2026-04-07,07:19:00,,
EPSOM - NORWOOD JUNCTION,P25184,715,stop,2026-04-24,07:19:00,,
BATTERSEA PARK LONDON - EPSOM DOWNS,P26028,630,stop,2026-04-30,07:19:00,,
BATTERSEA PARK LONDON - EPSOM DOWNS,P26028,630,stop,2026-04-07,07:19:00,,
DORKING - EARLSFIELD,P61000,701,stop,2026-04-01,07:21:00,,
EPSOM DOWNS - BATTERSEA PARK LONDON,P26057,708,stop,2026-04-25,07:21:00,,
DORKING - EARLSFIELD,P61000,701,stop,2026-04-28,07:21:00,,
EPSOM DOWNS - BATTERSEA PARK LONDON,P26056,708,stop,2026-04-02,07:21:00,,
EPSOM DOWNS - BATTERSEA PARK LONDON,P26057,708,stop,2026-04-04,07:21:00,,
EPSOM DOWNS - BATTERSEA PARK LONDON,P26056,708,stop,2026-04-15,07:21:00,,
EPSOM DOWNS - BATTERSEA PARK LONDON,P26056,708,stop,2026-04-10,07:21:00,,
DORKING - EARLSFIELD,P61000,701,stop,2026-04-27,07:21:00,,
BATTERSEA PARK LONDON - EPSOM DOWNS,P26028,630,stop,2026-04-14,07:19:00,,
EPSOM - NORWOOD JUNCTION,P25184,715,stop,2026-04-15,07:19:00,,
EPSOM - NORWOOD JUNCTION,P25184,715,stop,2026-04-16,07:19:00,,
EPSOM - NORWOOD JUNCTION,P25184,715,stop,2026-04-07,07:19:00,,
DORKING - EARLSFIELD,P61000,701,stop,2026-04-15,07:21:00,,
DORKING - EARLSFIELD,P61000,701,stop,2026-04-14,07:21:00,,
DORKING - EARLSFIELD,P61000,701,stop,2026-04-16,07:21:00,,
EPSOM DOWNS - BATTERSEA PARK LONDON,P26056,708,stop,2026-04-03,07:21:00,,
EPSOM DOWNS - BATTERSEA PARK LONDON,P26056,708,stop,2026-04-23,07:21:00,,
DORKING - EARLSFIELD,P61000,701,stop,2026-04-29,07:21:00,,
DORKING - EARLSFIELD,P61000,701,stop,2026-04-30,07:21:00,,
EPSOM DOWNS - BATTERSEA PARK LONDON,P26056,708,stop,2026-04-08,07:21:00,,
DORKING - EARLSFIELD,P61000,701,stop,2026-04-13,07:21:00,,
DORKING - EARLSFIELD,P61000,701,stop,2026-04-03,07:21:00,,
EPSOM DOWNS - BATTERSEA PARK LONDON,P26056,708,stop,2026-04-22,07:21:00,,
EPSOM DOWNS - BATTERSEA PARK LONDON,P26056,708,stop,2026-04-30,07:21:00,,
EPSOM DOWNS - BATTERSEA PARK LONDON,P26057,708,stop,2026-04-11,07:21:00,,
EPSOM DOWNS - STREATHAM HILL,P26057,708,stop,2026-04-18,07:21:00,,
EPSOM DOWNS - BATTERSEA PARK LONDON,P26056,708,stop,2026-04-06,07:21:00,,
EPSOM DOWNS - BATTERSEA PARK LONDON,X01717,708,stop,2026-04-06,07:21:00,,
EPSOM DOWNS - BATTERSEA PARK LONDON,P26056,708,stop,2026-04-27,07:21:00,,
DORKING - EARLSFIELD,P61000,701,stop,2026-04-21,07:21:00,,
DORKING - EARLSFIELD,P61000,701,stop,2026-04-20,07:21:00,,
DORKING - EARLSFIELD,P61000,701,stop,2026-04-09,07:21:00,,
DORKING - EARLSFIELD,P61000,701,stop,2026-04-24,07:21:00,,
EPSOM DOWNS - BATTERSEA PARK LONDON,P26056,708,stop,2026-04-21,07:21:00,,
EPSOM DOWNS - BATTERSEA PARK LONDON,X96859,708,stop,2026-04-03,07:21:00,,
DORKING - EARLSFIELD,P61000,701,stop,2026-04-07,07:21:00,,
EPSOM DOWNS - BATTERSEA PARK LONDON,P26056,708,stop,2026-04-17,07:21:00,,
EPSOM DOWNS - BATTERSEA PARK LONDON,P26056,708,stop,2026-04-28,07:21:00,,
DORKING - EARLSFIELD,P61000,701,stop,2026-04-17,07:21:00,,
DORKING - EARLSFIELD,P61000,701,stop,2026-04-06,07:21:00,,
EPSOM DOWNS - BATTERSEA PARK LONDON,P26056,708,stop,2026-04-14,07:21:00,,
EPSOM DOWNS - BATTERSEA PARK LONDON,P26056,708,stop,2026-04-24,07:21:00,,
EPSOM DOWNS - BATTERSEA PARK LONDON,P26056,708,stop,2026-04-16,07:21:00,,
EPSOM DOWNS - BATTERSEA PARK LONDON,P26056,708,stop,2026-04-20,07:21:00,,
GUILDFORD - EARLSFIELD,L74220,639,stop,2026-04-11,07:22:00,,
GUILDFORD - EARLSFIELD,L74220,639,stop,2026-04-18,07:22:00,,
GUILDFORD - EARLSFIELD,Q39191,639,stop,2026-04-03,07:22:00,,
EPSOM DOWNS - BATTERSEA PARK LONDON,P26056,708,stop,2026-04-01,07:21:00,,
EPSOM DOWNS - BATTERSEA PARK LONDON,P26056,708,stop,2026-04-13,07:21:00,,
EPSOM DOWNS - BATTERSEA PARK LONDON,P26056,708,stop,2026-04-07,07:21:00,,
DORKING - EARLSFIELD,P61000,701,stop,2026-04-08,07:21:00,,
DORKING - EARLSFIELD,P61000,701,stop,2026-04-23,07:21:00,,
DORKING - EARLSFIELD,P61000,701,stop,2026-04-10,07:21:00,,
DORKING - EARLSFIELD,P61000,701,stop,2026-04-22,07:21:00,,
EPSOM DOWNS - BATTERSEA PARK LONDON,P26056,708,stop,2026-04-09,07:21:00,,
EPSOM DOWNS - BATTERSEA PARK LONDON,P26056,708,stop,2026-04-29,07:21:00,,
DORKING - EARLSFIELD,P61000,701,stop,2026-04-02,07:21:00,,
MITCHAM EASTFIELDS - DORKING,P26586,650,stop,2026-04-18,07:22:00,,
GUILDFORD - EARLSFIELD,L74220,639,stop,2026-04-25,07:22:00,,
GUILDFORD - EARLSFIELD,L74220,639,stop,2026-04-04,07:22:00,,
CARSHALTON - EPSOM,P25168,655,stop,2026-04-17,07:24:00,,
CARSHALTON - EPSOM,P25168,655,stop,2026-04-15,07:24:00,,
CARSHALTON - EPSOM,P25168,655,stop,2026-04-20,07:24:00,,
GUILDFORD - EARLSFIELD,Q51657,639,stop,2026-04-06,07:22:00,,
CARSHALTON - EPSOM,P25168,655,stop,2026-04-01,07:24:00,,
CARSHALTON - EPSOM,P25168,655,stop,2026-04-06,07:24:00,,
CARSHALTON - EPSOM,P25168,655,stop,2026-04-03,07:24:00,,
CARSHALTON - EPSOM,P25168,655,stop,2026-04-10,07:24:00,,
CARSHALTON - EPSOM,P25168,655,stop,2026-04-09,07:24:00,,
CARSHALTON - EPSOM,P25168,655,stop,2026-04-13,07:24:00,,
CARSHALTON - EPSOM,P25168,655,stop,2026-04-22,07:24:00,,
CARSHALTON - EPSOM,P25168,655,stop,2026-04-07,07:24:00,,
CARSHALTON - EPSOM,P25168,655,stop,2026-04-14,07:24:00,,
CARSHALTON - EPSOM,P25168,655,stop,2026-04-21,07:24:00,,
CARSHALTON - EPSOM,P25168,655,stop,2026-04-30,07:24:00,,
CARSHALTON - EPSOM,P25168,655,stop,2026-04-27,07:24:00,,
CARSHALTON - EPSOM,P25168,655,stop,2026-04-23,07:24:00,,
CARSHALTON - EPSOM,P25168,655,stop,2026-04-29,07:24:00,,
CARSHALTON - EPSOM,P25168,655,stop,2026-04-08,07:24:00,,
EARLSFIELD - GUILDFORD (2),Q51623,654,stop,2026-04-06,07:25:00,,
EARLSFIELD - GUILDFORD (2),P61577,654,stop,2026-04-25,07:25:00,,
EARLSFIELD - GUILDFORD (2),P61577,654,stop,2026-04-04,07:25:00,,
EARLSFIELD - GUILDFORD (2),Q39180,654,stop,2026-04-03,07:25:00,,
EARLSFIELD - GUILDFORD (2),P61577,654,stop,2026-04-18,07:25:00,,
EARLSFIELD - GUILDFORD (2),P61577,654,stop,2026-04-11,07:25:00,,
CARSHALTON - EPSOM,P25168,655,stop,2026-04-24,07:24:00,,
CARSHALTON - EPSOM,P25168,655,stop,2026-04-16,07:24:00,,
CARSHALTON - EPSOM,P25168,655,stop,2026-04-02,07:24:00,,
CARSHALTON - EPSOM,P25168,655,stop,2026-04-28,07:24:00,,
EPSOM - EARLSFIELD,L74221,723,stop,2026-04-19,07:26:00,,
EPSOM - EARLSFIELD,L74221,723,stop,2026-04-12,07:26:00,,
EPSOM - EARLSFIELD,L74221,723,stop,2026-04-26,07:26:00,,
EPSOM - EARLSFIELD,L74221,723,stop,2026-04-05,07:26:00,,
SUTTON (SURREY) - DORKING,X04936,727,stop,2026-04-12,07:27:00,,
SUTTON (SURREY) - TULSE HILL,X27307,727,stop,2026-04-05,07:27:00,,
NORWOOD JUNCTION - EPSOM,P25182,655,stop,2026-04-03,07:28:00,,
NORWOOD JUNCTION - EPSOM,P25182,655,stop,2026-04-07,07:28:00,,
NORWOOD JUNCTION - EPSOM,P25183,655,stop,2026-04-11,07:28:00,,
NORWOOD JUNCTION - EPSOM,P25182,655,stop,2026-04-06,07:28:00,,
NORWOOD JUNCTION - EPSOM,P25182,655,stop,2026-04-22,07:28:00,,
NORWOOD JUNCTION - EPSOM,P25182,655,stop,2026-04-27,07:28:00,,
NORWOOD JUNCTION - EPSOM,P25182,655,stop,2026-04-24,07:28:00,,
NORWOOD JUNCTION - EPSOM,P25182,655,stop,2026-04-16,07:28:00,,
NORWOOD JUNCTION - EPSOM,P25182,655,stop,2026-04-30,07:28:00,,
NORWOOD JUNCTION - EPSOM,P25182,655,stop,2026-04-13,07:28:00,,
NORWOOD JUNCTION - EPSOM,X01377,655,stop,2026-04-06,07:28:00,,
NORWOOD JUNCTION - EPSOM,P25182,655,stop,2026-04-29,07:28:00,,
NORWOOD JUNCTION - EPSOM,P25182,655,stop,2026-04-21,07:28:00,,
NORWOOD JUNCTION - EPSOM,P25182,655,stop,2026-04-15,07:28:00,,
NORWOOD JUNCTION - EPSOM,P25182,655,stop,2026-04-02,07:28:00,,
NORWOOD JUNCTION - EPSOM,P25182,655,stop,2026-04-10,07:28:00,,
NORWOOD JUNCTION - EPSOM,P25182,655,stop,2026-04-08,07:28:00,,
NORWOOD JUNCTION - EPSOM,P25182,655,stop,2026-04-28,07:28:00,,
NORWOOD JUNCTION - EPSOM,P25182,655,stop,2026-04-23,07:28:00,,
NORWOOD JUNCTION - EPSOM,P25182,655,stop,2026-04-01,07:28:00,,
NORWOOD JUNCTION - EPSOM,X96875,655,stop,2026-04-03,07:28:00,,
NORWOOD JUNCTION - EPSOM,P25182,655,stop,2026-04-09,07:28:00,,
NORWOOD JUNCTION - EPSOM,P25182,655,stop,2026-04-14,07:28:00,,
NORWOOD JUNCTION - EPSOM,P25183,655,stop,2026-04-18,07:28:00,,
NORWOOD JUNCTION - EPSOM,P25182,655,stop,2026-04-20,07:28:00,,
NORWOOD JUNCTION - EPSOM,P25183,655,stop,2026-04-04,07:28:00,,
NORWOOD JUNCTION - EPSOM,P25182,655,stop,2026-04-17,07:28:00,,
NORWOOD JUNCTION - EPSOM,P25183,655,stop,2026-04-25,07:28:00,,
EPSOM - MITCHAM EASTFIELDS,P25169,723,stop,2026-04-01,07:29:00,,
EPSOM - MITCHAM EASTFIELDS,P25169,723,stop,2026-04-03,07:29:00,,
EPSOM - MITCHAM EASTFIELDS,P25169,723,stop,2026-04-07,07:29:00,,
EPSOM - MITCHAM EASTFIELDS,P25169,723,stop,2026-04-10,07:29:00,,
EPSOM - MITCHAM EASTFIELDS,P25169,723,stop,2026-04-27,07:29:00,,
EPSOM - MITCHAM EASTFIELDS,P25169,723,stop,2026-04-24,07:29:00,,
EPSOM - MITCHAM EASTFIELDS,P25169,723,stop,2026-04-21,07:29:00,,
EPSOM - MITCHAM EASTFIELDS,P25169,723,stop,2026-04-16,07:29:00,,
EPSOM - MITCHAM EASTFIELDS,P25169,723,stop,2026-04-08,07:29:00,,
EPSOM - MITCHAM EASTFIELDS,P25169,723,stop,2026-04-29,07:29:00,,
EPSOM - MITCHAM EASTFIELDS,P25169,723,stop,2026-04-15,07:29:00,,
EPSOM - MITCHAM EASTFIELDS,P25169,723,stop,2026-04-30,07:29:00,,
EPSOM - MITCHAM EASTFIELDS,P25169,723,stop,2026-04-09,07:29:00,,
EPSOM - MITCHAM EASTFIELDS,P25169,723,stop,2026-04-14,07:29:00,,
EPSOM - MITCHAM EASTFIELDS,P25169,723,stop,2026-04-22,07:29:00,,
EPSOM - MITCHAM EASTFIELDS,P25169,723,stop,2026-04-06,07:29:00,,
EPSOM - MITCHAM EASTFIELDS,P25169,723,stop,2026-04-28,07:29:00,,
EPSOM - MITCHAM EASTFIELDS,P25169,723,stop,2026-04-17,07:29:00,,
EPSOM - MITCHAM EASTFIELDS,P25169,723,stop,2026-04-20,07:29:00,,
EPSOM - MITCHAM EASTFIELDS,P25169,723,stop,2026-04-02,07:29:00,,
EPSOM - MITCHAM EASTFIELDS,P25169,723,stop,2026-04-13,07:29:00,,
EPSOM - MITCHAM EASTFIELDS,P25169,723,stop,2026-04-23,07:29:00,,
EPSOM - WORCESTER PARK,Q54853,726,stop,2026-04-12,07:34:00,,
DORKING - BALHAM,P26592,714,stop,2026-04-28,07:36:00,,
DORKING - BALHAM,P26592,714,stop,2026-04-30,07:36:00,,
DORKING - BALHAM,P26592,714,stop,2026-04-02,07:36:00,,
DORKING - BALHAM,P26592,714,stop,2026-04-24,07:36:00,,
DORKING - BALHAM,P26592,714,stop,2026-04-08,07:36:00,,
DORKING - BALHAM,P26592,714,stop,2026-04-06,07:36:00,,
RAYNES PARK - EPSOM,P61580,720,stop,2026-04-19,07:35:00,,
RAYNES PARK - EPSOM,P61580,720,stop,2026-04-05,07:35:00,,
RAYNES PARK - EPSOM,P61580,720,stop,2026-04-12,07:35:00,,
RAYNES PARK - EPSOM,P61580,720,stop,2026-04-26,07:35:00,,
DORKING - BALHAM,P26592,714,stop,2026-04-27,07:36:00,,
DORKING - BALHAM,P26592,714,stop,2026-04-03,07:36:00,,
DORKING - BALHAM,P26592,714,stop,2026-04-29,07:36:00,,
DORKING - BALHAM,P26592,714,stop,2026-04-16,07:36:00,,
DORKING - BALHAM,P26592,714,stop,2026-04-07,07:36:00,,
DORKING - BALHAM,P26592,714,stop,2026-04-10,07:36:00,,
DORKING - BALHAM,P26592,714,stop,2026-04-21,07:36:00,,
DORKING - BALHAM,P26592,714,stop,2026-04-09,07:36:00,,
DORKING - BALHAM,P26592,714,stop,2026-04-15,07:36:00,,
DORKING - BALHAM,P26592,714,stop,2026-04-20,07:36:00,,
DORKING - BALHAM,P26592,714,stop,2026-04-01,07:36:00,,
DORKING - BALHAM,P26592,714,stop,2026-04-17,07:36:00,,
DORKING - BALHAM,P26592,714,stop,2026-04-13,07:36:00,,
DORKING - BALHAM,P26592,714,stop,2026-04-22,07:36:00,,
DORKING - BALHAM,P26592,714,stop,2026-04-14,07:36:00,,
DORKING - BALHAM,P26592,714,stop,2026-04-23,07:36:00,,
WEST HAMPSTEAD THAMESLINK - SUTTON (SURREY),G84852,632,stop,2026-04-17,07:37:00,,
WEST HAMPSTEAD THAMESLINK - SUTTON (SURREY),G84852,632,stop,2026-04-07,07:37:00,,
WEST HAMPSTEAD THAMESLINK - SUTTON (SURREY),G84852,632,stop,2026-04-10,07:37:00,,
DORKING - BALHAM (2),P26781,716,stop,2026-04-12,07:37:00,,
WEST HAMPSTEAD THAMESLINK - SUTTON (SURREY) (2),G84852,632,stop,2026-04-03,07:37:00,,
DORKING - MITCHAM EASTFIELDS (2),P26593,717,stop,2026-04-18,07:37:00,,
WEST HAMPSTEAD THAMESLINK - SUTTON (SURREY),G84852,632,stop,2026-04-24,07:37:00,,
WEST HAMPSTEAD THAMESLINK - SUTTON (SURREY),G84852,632,stop,2026-04-01,07:37:00,,
WEST HAMPSTEAD THAMESLINK - SUTTON (SURREY),G84852,632,stop,2026-04-22,07:37:00,,
WEST HAMPSTEAD THAMESLINK - SUTTON (SURREY),G84852,632,stop,2026-04-02,07:37:00,,
WEST HAMPSTEAD THAMESLINK - SUTTON (SURREY),G84852,632,stop,2026-04-13,07:37:00,,
WEST HAMPSTEAD THAMESLINK - SUTTON (SURREY) (2),G25114,632,stop,2026-04-04,07:37:00,,
WEST HAMPSTEAD THAMESLINK - SUTTON (SURREY) (2),G25114,632,stop,2026-04-11,07:37:00,,
WEST HAMPSTEAD THAMESLINK - SUTTON (SURREY),G84852,632,stop,2026-04-15,07:37:00,,
WEST HAMPSTEAD THAMESLINK - SUTTON (SURREY),G84852,632,stop,2026-04-29,07:37:00,,
WEST HAMPSTEAD THAMESLINK - SUTTON (SURREY) (2),G84852,632,stop,2026-04-06,07:37:00,,
DORKING - BALHAM (2),P26781,716,stop,2026-04-26,07:37:00,,
WEST HAMPSTEAD THAMESLINK - SUTTON (SURREY),G84852,632,stop,2026-04-20,07:37:00,,
WEST HAMPSTEAD THAMESLINK - SUTTON (SURREY),G84852,632,stop,2026-04-08,07:37:00,,
WEST HAMPSTEAD THAMESLINK - SUTTON (SURREY),G84852,632,stop,2026-04-23,07:37:00,,
WEST HAMPSTEAD THAMESLINK - SUTTON (SURREY) (2),G25114,632,stop,2026-04-25,07:37:00,,
DORKING - MITCHAM EASTFIELDS,P26781,716,stop,2026-04-19,07:37:00,,
WEST HAMPSTEAD THAMESLINK - SUTTON (SURREY),G84852,632,stop,2026-04-16,07:37:00,,
WEST HAMPSTEAD THAMESLINK - SUTTON (SURREY),G84852,632,stop,2026-04-09,07:37:00,,
WEST HAMPSTEAD THAMESLINK - SUTTON (SURREY),G84852,632,stop,2026-04-14,07:37:00,,
WEST HAMPSTEAD THAMESLINK - SUTTON (SURREY),G84852,632,stop,2026-04-28,07:37:00,,
WEST HAMPSTEAD THAMESLINK - SUTTON (SURREY),G84852,632,stop,2026-04-21,07:37:00,,
WEST HAMPSTEAD THAMESLINK - SUTTON (SURREY) (2),G25114,632,stop,2026-04-18,07:37:00,,
DORKING - BALHAM (3),P26781,716,stop,2026-04-05,07:37:00,,
WEST HAMPSTEAD THAMESLINK - SUTTON (SURREY),G84852,632,stop,2026-04-30,07:37:00,,
WEST HAMPSTEAD THAMESLINK - SUTTON (SURREY),G84852,632,stop,2026-04-27,07:37:00,,
DORKING - BALHAM (3),X96842,717,stop,2026-04-03,07:39:00,,
DORKING - BALHAM (3),X01852,717,stop,2026-04-06,07:39:00,,
DORKING - BALHAM (3),P26593,717,stop,2026-04-04,07:39:00,,
EARLSFIELD - GUILDFORD (2),P61579,709,stop,2026-04-30,07:40:00,,
GUILDFORD - EARLSFIELD,L74222,658,stop,2026-04-30,07:40:00,,
GUILDFORD - EARLSFIELD,L74222,658,stop,2026-04-13,07:40:00,,
EARLSFIELD - GUILDFORD (2),P61579,709,stop,2026-04-13,07:40:00,,
EARLSFIELD - GUILDFORD (2),P61579,709,stop,2026-04-20,07:40:00,,
GUILDFORD - EARLSFIELD,L74222,658,stop,2026-04-01,07:40:00,,
DORKING - BALHAM (3),P26593,717,stop,2026-04-25,07:39:00,,
DORKING - BALHAM (3),P26593,717,stop,2026-04-11,07:39:00,,
GUILDFORD - EARLSFIELD,L74222,658,stop,2026-04-08,07:40:00,,
EARLSFIELD - GUILDFORD (2),P61579,709,stop,2026-04-21,07:40:00,,
GUILDFORD - EARLSFIELD,L74222,658,stop,2026-04-21,07:40:00,,
GUILDFORD - EARLSFIELD,L74222,658,stop,2026-04-20,07:40:00,,
GUILDFORD - EARLSFIELD,L74222,658,stop,2026-04-29,07:40:00,,
GUILDFORD - EARLSFIELD,L74222,658,stop,2026-04-23,07:40:00,,
SUTTON (SURREY) - STREATHAM HILL,P27091,740,stop,2026-04-18,07:40:00,,
EARLSFIELD - GUILDFORD (2),P61579,709,stop,2026-04-23,07:40:00,,
EARLSFIELD - GUILDFORD (2),P61579,709,stop,2026-04-29,07:40:00,,
GUILDFORD - EARLSFIELD,L74222,658,stop,2026-04-17,07:40:00,,
GUILDFORD - EARLSFIELD,L74222,658,stop,2026-04-24,07:40:00,,
GUILDFORD - EARLSFIELD,L74222,658,stop,2026-04-28,07:40:00,,
EARLSFIELD - GUILDFORD (2),P61579,709,stop,2026-04-02,07:40:00,,
GUILDFORD - EARLSFIELD,L74222,658,stop,2026-04-10,07:40:00,,
EARLSFIELD - GUILDFORD (2),P61579,709,stop,2026-04-28,07:40:00,,
GUILDFORD - EARLSFIELD,L74222,658,stop,2026-04-16,07:40:00,,
EARLSFIELD - GUILDFORD (2),P61579,709,stop,2026-04-09,07:40:00,,
EARLSFIELD - GUILDFORD (2),P61579,709,stop,2026-04-17,07:40:00,,
GUILDFORD - EARLSFIELD,L74222,658,stop,2026-04-07,07:40:00,,
EARLSFIELD - GUILDFORD (2),P61579,709,stop,2026-04-22,07:40:00,,
GUILDFORD - EARLSFIELD,L74222,658,stop,2026-04-22,07:40:00,,
GUILDFORD - EARLSFIELD,L74222,658,stop,2026-04-02,07:40:00,,
EARLSFIELD - GUILDFORD (2),P61579,709,stop,2026-04-24,07:40:00,,
GUILDFORD - EARLSFIELD,L74222,658,stop,2026-04-27,07:40:00,,
EARLSFIELD - GUILDFORD (2),P61579,709,stop,2026-04-27,07:40:00,,
EARLSFIELD - GUILDFORD (2),P61579,709,stop,2026-04-08,07:40:00,,
EARLSFIELD - GUILDFORD (2),P61579,709,stop,2026-04-07,07:40:00,,
SUTTON (SURREY) - BATTERSEA PARK LONDON,P26063,741,stop,2026-04-28,07:41:00,,
SUTTON (SURREY) - BATTERSEA PARK LONDON,P26063,741,stop,2026-04-06,07:41:00,,
SUTTON (SURREY) - BATTERSEA PARK LONDON,P26063,741,stop,2026-04-10,07:41:00,,
EARLSFIELD - GUILDFORD (2),P61579,709,stop,2026-04-01,07:40:00,,
GUILDFORD - EARLSFIELD,L74222,658,stop,2026-04-06,07:40:00,,
EARLSFIELD - GUILDFORD (2),P61579,709,stop,2026-04-06,07:40:00,,
EARLSFIELD - GUILDFORD (2),P61579,709,stop,2026-04-03,07:40:00,,
GUILDFORD - EARLSFIELD,L74222,658,stop,2026-04-14,07:40:00,,
EARLSFIELD - GUILDFORD (2),P61579,709,stop,2026-04-15,07:40:00,,
EARLSFIELD - GUILDFORD (2),P61579,709,stop,2026-04-14,07:40:00,,
GUILDFORD - EARLSFIELD,L74222,658,stop,2026-04-15,07:40:00,,
GUILDFORD - EARLSFIELD,L74222,658,stop,2026-04-03,07:40:00,,
GUILDFORD - EARLSFIELD,L74222,658,stop,2026-04-09,07:40:00,,
EARLSFIELD - GUILDFORD (2),P61579,709,stop,2026-04-10,07:40:00,,
EARLSFIELD - GUILDFORD (2),P61579,709,stop,2026-04-16,07:40:00,,
SUTTON (SURREY) - BATTERSEA PARK LONDON,P26063,741,stop,2026-04-16,07:41:00,,
SUTTON (SURREY) - BATTERSEA PARK LONDON,P26063,741,stop,2026-04-14,07:41:00,,
SUTTON (SURREY) - BATTERSEA PARK LONDON,P26063,741,stop,2026-04-29,07:41:00,,
SUTTON (SURREY) - BATTERSEA PARK LONDON,P26063,741,stop,2026-04-27,07:41:00,,
SUTTON (SURREY) - BATTERSEA PARK LONDON,P26063,741,stop,2026-04-23,07:41:00,,
SUTTON (SURREY) - BATTERSEA PARK LONDON,P26063,741,stop,2026-04-03,07:41:00,,
SUTTON (SURREY) - BATTERSEA PARK LONDON,P26063,741,stop,2026-04-20,07:41:00,,
SUTTON (SURREY) - BATTERSEA PARK LONDON,P26063,741,stop,2026-04-30,07:41:00,,
SUTTON (SURREY) - BATTERSEA PARK LONDON,P26063,741,stop,2026-04-07,07:41:00,,
SUTTON (SURREY) - BATTERSEA PARK LONDON,P26063,741,stop,2026-04-09,07:41:00,,
SUTTON (SURREY) - BATTERSEA PARK LONDON,P26063,741,stop,2026-04-24,07:41:00,,
SUTTON (SURREY) - BATTERSEA PARK LONDON,P26063,741,stop,2026-04-13,07:41:00,,
SUTTON (SURREY) - BATTERSEA PARK LONDON,P26063,741,stop,2026-04-15,07:41:00,,
SUTTON (SURREY) - BATTERSEA PARK LONDON,P26063,741,stop,2026-04-21,07:41:00,,
SUTTON (SURREY) - BATTERSEA PARK LONDON,P26063,741,stop,2026-04-08,07:41:00,,
SUTTON (SURREY) - BATTERSEA PARK LONDON,P26063,741,stop,2026-04-02,07:41:00,,
SUTTON (SURREY) - BATTERSEA PARK LONDON,P26063,741,stop,2026-04-17,07:41:00,,
SUTTON (SURREY) - BATTERSEA PARK LONDON,P26063,741,stop,2026-04-01,07:41:00,,
SUTTON (SURREY) - BATTERSEA PARK LONDON,P26063,741,stop,2026-04-22,07:41:00,,
MITCHAM EASTFIELDS - DORKING (2),P26784,713,stop,2026-04-19,07:42:00,,
BALHAM - DORKING (2),P26784,710,stop,2026-04-26,07:42:00,,
BALHAM - DORKING,P26591,711,stop,2026-04-25,07:43:00,,
BALHAM - DORKING,P26590,711,stop,2026-04-21,07:43:00,,
BALHAM - DORKING,X01851,711,stop,2026-04-06,07:43:00,,
BALHAM - DORKING,P26590,711,stop,2026-04-15,07:43:00,,
BALHAM - DORKING,P26590,711,stop,2026-04-24,07:43:00,,
BALHAM - DORKING,P26590,711,stop,2026-04-06,07:43:00,,
BALHAM - DORKING,P26590,711,stop,2026-04-14,07:43:00,,
BALHAM - DORKING,P26590,711,stop,2026-04-07,07:43:00,,
BALHAM - DORKING,P26590,711,stop,2026-04-23,07:43:00,,
BALHAM - DORKING,P26590,711,stop,2026-04-09,07:43:00,,
BALHAM - DORKING,P26590,711,stop,2026-04-27,07:43:00,,
BALHAM - DORKING,P26590,711,stop,2026-04-22,07:43:00,,
BALHAM - DORKING,P26590,711,stop,2026-04-29,07:43:00,,
BALHAM - DORKING,P26590,711,stop,2026-04-01,07:43:00,,
BALHAM - DORKING,P26590,711,stop,2026-04-08,07:43:00,,
BALHAM - DORKING,P26590,711,stop,2026-04-13,07:43:00,,
BALHAM - DORKING (5),P26784,710,stop,2026-04-05,07:45:00,,
SUTTON (SURREY) - BALHAM (2),P26781,744,stop,2026-04-12,07:44:00,,
BALHAM - DORKING,P26590,711,stop,2026-04-16,07:43:00,,
BALHAM - DORKING,P26590,711,stop,2026-04-20,07:43:00,,
BALHAM - DORKING,P26590,711,stop,2026-04-17,07:43:00,,
BALHAM - DORKING,P26590,711,stop,2026-04-03,07:43:00,,
BALHAM - DORKING,X96853,711,stop,2026-04-03,07:43:00,,
BALHAM - DORKING,P26591,711,stop,2026-04-04,07:43:00,,
BALHAM - DORKING,P26591,711,stop,2026-04-11,07:43:00,,
BALHAM - DORKING,P26590,711,stop,2026-04-30,07:43:00,,
BALHAM - DORKING,P26590,711,stop,2026-04-28,07:43:00,,
BALHAM - DORKING,P26590,711,stop,2026-04-02,07:43:00,,
BALHAM - DORKING,P26590,711,stop,2026-04-10,07:43:00,,
SUTTON (SURREY) - ST ALBANS CITY (6),G84855,746,stop,2026-04-03,07:46:00,,
SUTTON (SURREY) - ST ALBANS CITY (3),G84855,746,stop,2026-04-02,07:46:00,,
SUTTON (SURREY) - ST ALBANS CITY (3),G84855,746,stop,2026-04-23,07:46:00,,
SUTTON (SURREY) - ST ALBANS CITY (3),G84855,746,stop,2026-04-28,07:46:00,,
SUTTON (SURREY) - ST ALBANS CITY (3),G84855,746,stop,2026-04-21,07:46:00,,
SUTTON (SURREY) - ST ALBANS CITY (6),G25146,746,stop,2026-04-11,07:46:00,,
BALHAM - DORKING (2),P26784,710,stop,2026-04-12,07:45:00,,
SUTTON (SURREY) - ST ALBANS CITY (3),G84855,746,stop,2026-04-07,07:46:00,,
SUTTON (SURREY) - ST ALBANS CITY (3),G84855,746,stop,2026-04-24,07:46:00,,
SUTTON (SURREY) - ST ALBANS CITY (3),G84855,746,stop,2026-04-17,07:46:00,,
SUTTON (SURREY) - ST ALBANS CITY (3),G84855,746,stop,2026-04-10,07:46:00,,
SUTTON (SURREY) - ST ALBANS CITY (3),G84855,746,stop,2026-04-13,07:46:00,,
SUTTON (SURREY) - ST ALBANS CITY (3),G84855,746,stop,2026-04-01,07:46:00,,
SUTTON (SURREY) - ST ALBANS CITY (3),G84855,746,stop,2026-04-22,07:46:00,,
SUTTON (SURREY) - ST ALBANS CITY (6),G25146,746,stop,2026-04-04,07:46:00,,
SUTTON (SURREY) - ST ALBANS CITY (3),G84855,746,stop,2026-04-14,07:46:00,,
SUTTON (SURREY) - ST ALBANS CITY (3),G84855,746,stop,2026-04-20,07:46:00,,
SUTTON (SURREY) - ST ALBANS CITY (6),G25146,746,stop,2026-04-25,07:46:00,,
SUTTON (SURREY) - ST ALBANS CITY (3),G84855,746,stop,2026-04-16,07:46:00,,
SUTTON (SURREY) - ST ALBANS CITY (3),G84855,746,stop,2026-04-09,07:46:00,,
SUTTON (SURREY) - ST ALBANS CITY (3),G84855,746,stop,2026-04-08,07:46:00,,
SUTTON (SURREY) - ST ALBANS CITY (3),G84855,746,stop,2026-04-15,07:46:00,,
SUTTON (SURREY) - ST ALBANS CITY (5),G25148,749,stop,2026-04-18,07:49:00,,
WORCESTER PARK - EFFINGHAM JUNCTION,Q54819,735,stop,2026-04-12,07:48:00,,
SUTTON (SURREY) - ST ALBANS CITY (6),G25146,747,stop,2026-04-18,07:47:00,,
DORKING - SUTTON (SURREY),X04899,703,stop,2026-04-12,07:47:00,,
SUTTON (SURREY) - ST ALBANS CITY (3),G84855,746,stop,2026-04-30,07:46:00,,
SUTTON (SURREY) - ST ALBANS CITY (6),G84855,746,stop,2026-04-06,07:46:00,,
SUTTON (SURREY) - ST ALBANS CITY (3),G84855,746,stop,2026-04-27,07:46:00,,
SUTTON (SURREY) - ST ALBANS CITY (3),G84855,746,stop,2026-04-29,07:46:00,,
SUTTON (SURREY) - ST ALBANS CITY,G83886,749,stop,2026-04-30,07:49:00,,
STREATHAM HILL - EPSOM DOWNS,P26045,713,stop,2026-04-18,07:49:00,,
SUTTON (SURREY) - ST ALBANS CITY (5),G25148,749,stop,2026-04-25,07:49:00,,
SUTTON (SURREY) - ST ALBANS CITY,G83886,749,stop,2026-04-29,07:49:00,,
EPSOM - NORWOOD JUNCTION,P25189,745,stop,2026-04-04,07:49:00,,
EPSOM - NORWOOD JUNCTION,P25188,745,stop,2026-04-03,07:49:00,,
SUTTON (SURREY) - ST ALBANS CITY,G83886,749,stop,2026-04-01,07:49:00,,
EPSOM - NORWOOD JUNCTION,P25188,745,stop,2026-04-24,07:49:00,,
EPSOM - NORWOOD JUNCTION,P25188,745,stop,2026-04-29,07:49:00,,
EPSOM - NORWOOD JUNCTION,P25188,745,stop,2026-04-28,07:49:00,,
BATTERSEA PARK LONDON - EPSOM DOWNS,X01716,700,stop,2026-04-06,07:49:00,,
BATTERSEA PARK LONDON - EPSOM DOWNS,P26044,700,stop,2026-04-06,07:49:00,,
SUTTON (SURREY) - ST ALBANS CITY,G83886,749,stop,2026-04-02,07:49:00,,
SUTTON (SURREY) - ST ALBANS CITY,G83886,749,stop,2026-04-13,07:49:00,,
EPSOM - NORWOOD JUNCTION,P25188,745,stop,2026-04-22,07:49:00,,
EPSOM - NORWOOD JUNCTION,P25188,745,stop,2026-04-30,07:49:00,,
BATTERSEA PARK LONDON - EPSOM DOWNS,P26044,700,stop,2026-04-27,07:49:00,,
BATTERSEA PARK LONDON - EPSOM DOWNS,P26044,700,stop,2026-04-22,07:49:00,,
SUTTON (SURREY) - ST ALBANS CITY (5),G25148,749,stop,2026-04-11,07:49:00,,
SUTTON (SURREY) - ST ALBANS CITY,G83886,749,stop,2026-04-16,07:49:00,,
BATTERSEA PARK LONDON - EPSOM DOWNS,P26045,700,stop,2026-04-11,07:49:00,,
SUTTON (SURREY) - ST ALBANS CITY,G83886,749,stop,2026-04-15,07:49:00,,
BATTERSEA PARK LONDON - EPSOM DOWNS,P26044,700,stop,2026-04-10,07:49:00,,
SUTTON (SURREY) - ST ALBANS CITY,G83886,749,stop,2026-04-28,07:49:00,,
BATTERSEA PARK LONDON - EPSOM DOWNS,P26045,700,stop,2026-04-25,07:49:00,,
BATTERSEA PARK LONDON - EPSOM DOWNS,P26044,700,stop,2026-04-15,07:49:00,,
EPSOM - NORWOOD JUNCTION,P25189,745,stop,2026-04-11,07:49:00,,
SUTTON (SURREY) - ST ALBANS CITY,G83886,749,stop,2026-04-08,07:49:00,,
SUTTON (SURREY) - ST ALBANS CITY,G83886,749,stop,2026-04-23,07:49:00,,
BATTERSEA PARK LONDON - EPSOM DOWNS,P26044,700,stop,2026-04-29,07:49:00,,
EPSOM - NORWOOD JUNCTION,P25188,745,stop,2026-04-08,07:49:00,,
BATTERSEA PARK LONDON - EPSOM DOWNS,P26044,700,stop,2026-04-02,07:49:00,,
BATTERSEA PARK LONDON - EPSOM DOWNS,P26044,700,stop,2026-04-08,07:49:00,,
BATTERSEA PARK LONDON - EPSOM DOWNS,P26044,700,stop,2026-04-28,07:49:00,,
SUTTON (SURREY) - ST ALBANS CITY,G83886,749,stop,2026-04-14,07:49:00,,
BATTERSEA PARK LONDON - EPSOM DOWNS,P26044,700,stop,2026-04-14,07:49:00,,
EPSOM - NORWOOD JUNCTION,P25188,745,stop,2026-04-01,07:49:00,,
SUTTON (SURREY) - ST ALBANS CITY (5),G83886,749,stop,2026-04-06,07:49:00,,
BATTERSEA PARK LONDON - EPSOM DOWNS,P26045,700,stop,2026-04-04,07:49:00,,
EPSOM - NORWOOD JUNCTION,P25188,745,stop,2026-04-02,07:49:00,,
EPSOM - NORWOOD JUNCTION,P25188,745,stop,2026-04-07,07:49:00,,
SUTTON (SURREY) - ST ALBANS CITY,G83886,749,stop,2026-04-21,07:49:00,,
EPSOM - NORWOOD JUNCTION,X96802,745,stop,2026-04-03,07:49:00,,
SUTTON (SURREY) - ST ALBANS CITY,G83886,749,stop,2026-04-07,07:49:00,,
BATTERSEA PARK LONDON - EPSOM DOWNS,P26044,700,stop,2026-04-30,07:49:00,,
BATTERSEA PARK LONDON - EPSOM DOWNS,P26044,700,stop,2026-04-24,07:49:00,,
SUTTON (SURREY) - ST ALBANS CITY (5),G83886,749,stop,2026-04-03,07:49:00,,
EPSOM - NORWOOD JUNCTION,P25188,745,stop,2026-04-21,07:49:00,,
SUTTON (SURREY) - ST ALBANS CITY,G83886,749,stop,2026-04-09,07:49:00,,
SUTTON (SURREY) - ST ALBANS CITY,G83886,749,stop,2026-04-20,07:49:00,,
EPSOM - NORWOOD JUNCTION,P25188,745,stop,2026-04-27,07:49:00,,
BATTERSEA PARK LONDON - EPSOM DOWNS,P26044,700,stop,2026-04-23,07:49:00,,
EPSOM - NORWOOD JUNCTION,P25188,745,stop,2026-04-14,07:49:00,,
BATTERSEA PARK LONDON - EPSOM DOWNS,P26044,700,stop,2026-04-16,07:49:00,,
SUTTON (SURREY) - ST ALBANS CITY,G83886,749,stop,2026-04-22,07:49:00,,
SUTTON (SURREY) - ST ALBANS CITY,G83886,749,stop,2026-04-10,07:49:00,,
SUTTON (SURREY) - ST ALBANS CITY (5),G25148,749,stop,2026-04-04,07:49:00,,
BATTERSEA PARK LONDON - EPSOM DOWNS,P26044,700,stop,2026-04-01,07:49:00,,
EPSOM - NORWOOD JUNCTION,P25189,745,stop,2026-04-18,07:49:00,,
BATTERSEA PARK LONDON - EPSOM DOWNS,P26044,700,stop,2026-04-13,07:49:00,,
BATTERSEA PARK LONDON - EPSOM DOWNS,P26044,700,stop,2026-04-17,07:49:00,,
SUTTON (SURREY) - ST ALBANS CITY,G83886,749,stop,2026-04-17,07:49:00,,
BATTERSEA PARK LONDON - EPSOM DOWNS,X96869,700,stop,2026-04-03,07:49:00,,
EPSOM - NORWOOD JUNCTION,P25189,745,stop,2026-04-25,07:49:00,,
BATTERSEA PARK LONDON - EPSOM DOWNS,P26044,700,stop,2026-04-21,07:49:00,,
EPSOM - NORWOOD JUNCTION,P25188,745,stop,2026-04-20,07:49:00,,
SUTTON (SURREY) - ST ALBANS CITY,G83886,749,stop,2026-04-27,07:49:00,,
EPSOM - NORWOOD JUNCTION,X01380,745,stop,2026-04-06,07:49:00,,
EPSOM - NORWOOD JUNCTION,P25188,745,stop,2026-04-06,07:49:00,,
SUTTON (SURREY) - ST ALBANS CITY,G83886,749,stop,2026-04-24,07:49:00,,
EPSOM - NORWOOD JUNCTION,P25188,745,stop,2026-04-10,07:49:00,,
EPSOM - NORWOOD JUNCTION,P25188,745,stop,2026-04-09,07:49:00,,
BATTERSEA PARK LONDON - EPSOM DOWNS,P26044,700,stop,2026-04-07,07:49:00,,
BATTERSEA PARK LONDON - EPSOM DOWNS,P26044,700,stop,2026-04-03,07:49:00,,
EPSOM - NORWOOD JUNCTION,P25188,745,stop,2026-04-15,07:49:00,,
EPSOM - NORWOOD JUNCTION,P25188,745,stop,2026-04-17,07:49:00,,
BATTERSEA PARK LONDON - EPSOM DOWNS,P26044,700,stop,2026-04-09,07:49:00,,
EPSOM - NORWOOD JUNCTION,P25188,745,stop,2026-04-13,07:49:00,,
EPSOM - NORWOOD JUNCTION,P25188,745,stop,2026-04-23,07:49:00,,
EPSOM - NORWOOD JUNCTION,P25188,745,stop,2026-04-16,07:49:00,,
DORKING - EARLSFIELD,P61004,730,stop,2026-04-13,07:50:00,,
DORKING - EARLSFIELD,P61004,730,stop,2026-04-01,07:50:00,,
DORKING - EARLSFIELD,P61004,730,stop,2026-04-20,07:50:00,,
DORKING - EARLSFIELD,P61004,730,stop,2026-04-14,07:50:00,,
DORKING - EARLSFIELD,P61004,730,stop,2026-04-29,07:50:00,,
DORKING - EARLSFIELD,P61004,730,stop,2026-04-16,07:50:00,,
DORKING - EARLSFIELD,P61004,730,stop,2026-04-10,07:50:00,,
DORKING - EARLSFIELD,P61004,730,stop,2026-04-24,07:50:00,,
DORKING - EARLSFIELD,P61004,730,stop,2026-04-17,07:50:00,,
DORKING - EARLSFIELD,P61004,730,stop,2026-04-06,07:50:00,,
DORKING - EARLSFIELD,P61004,730,stop,2026-04-15,07:50:00,,
DORKING - EARLSFIELD,P61004,730,stop,2026-04-27,07:50:00,,
DORKING - EARLSFIELD,P61004,730,stop,2026-04-08,07:50:00,,
DORKING - EARLSFIELD,P61004,730,stop,2026-04-23,07:50:00,,
DORKING - EARLSFIELD,P61004,730,stop,2026-04-07,07:50:00,,
BATTERSEA PARK LONDON - EPSOM DOWNS,P26044,700,stop,2026-04-20,07:49:00,,
EPSOM DOWNS - BATTERSEA PARK LONDON,P26072,738,stop,2026-04-15,07:51:00,,
EPSOM DOWNS - BATTERSEA PARK LONDON,P26072,738,stop,2026-04-17,07:51:00,,
EPSOM DOWNS - BATTERSEA PARK LONDON,P26072,738,stop,2026-04-21,07:51:00,,
EPSOM DOWNS - BATTERSEA PARK LONDON,P26072,738,stop,2026-04-13,07:51:00,,
EPSOM DOWNS - BATTERSEA PARK LONDON,P26072,738,stop,2026-04-28,07:51:00,,
EPSOM DOWNS - BATTERSEA PARK LONDON,P26072,738,stop,2026-04-10,07:51:00,,
EPSOM DOWNS - BATTERSEA PARK LONDON,P26072,738,stop,2026-04-08,07:51:00,,
EPSOM DOWNS - BATTERSEA PARK LONDON,P26073,738,stop,2026-04-04,07:51:00,,
EPSOM DOWNS - BATTERSEA PARK LONDON,P26072,738,stop,2026-04-14,07:51:00,,
DORKING - EARLSFIELD,P61004,730,stop,2026-04-03,07:50:00,,
DORKING - EARLSFIELD,P61004,730,stop,2026-04-21,07:50:00,,
DORKING - EARLSFIELD,P61004,730,stop,2026-04-28,07:50:00,,
DORKING - EARLSFIELD,P61004,730,stop,2026-04-02,07:50:00,,
DORKING - EARLSFIELD,P61004,730,stop,2026-04-30,07:50:00,,
DORKING - EARLSFIELD,P61004,730,stop,2026-04-09,07:50:00,,
DORKING - EARLSFIELD,P61004,730,stop,2026-04-22,07:50:00,,
EPSOM DOWNS - BATTERSEA PARK LONDON,P26072,738,stop,2026-04-27,07:51:00,,
EPSOM DOWNS - STREATHAM HILL,P26073,738,stop,2026-04-18,07:51:00,,
EPSOM DOWNS - BATTERSEA PARK LONDON,P26072,738,stop,2026-04-06,07:51:00,,
EPSOM DOWNS - BATTERSEA PARK LONDON,P26072,738,stop,2026-04-30,07:51:00,,
EPSOM DOWNS - BATTERSEA PARK LONDON,P26072,738,stop,2026-04-02,07:51:00,,
EPSOM DOWNS - BATTERSEA PARK LONDON,P26072,738,stop,2026-04-24,07:51:00,,
EPSOM DOWNS - BATTERSEA PARK LONDON,X96812,738,stop,2026-04-03,07:51:00,,
EPSOM DOWNS - BATTERSEA PARK LONDON,P26072,738,stop,2026-04-22,07:51:00,,
EPSOM DOWNS - BATTERSEA PARK LONDON,P26072,738,stop,2026-04-20,07:51:00,,
EPSOM DOWNS - BATTERSEA PARK LONDON,P26073,738,stop,2026-04-25,07:51:00,,
EPSOM DOWNS - BATTERSEA PARK LONDON,P26073,738,stop,2026-04-11,07:51:00,,
EPSOM DOWNS - BATTERSEA PARK LONDON,X00750,738,stop,2026-04-06,07:51:00,,
EPSOM DOWNS - BATTERSEA PARK LONDON,P26072,738,stop,2026-04-09,07:51:00,,
EPSOM DOWNS - BATTERSEA PARK LONDON,P26072,738,stop,2026-04-01,07:51:00,,
EPSOM DOWNS - BATTERSEA PARK LONDON,P26072,738,stop,2026-04-07,07:51:00,,
EPSOM DOWNS - BATTERSEA PARK LONDON,P26072,738,stop,2026-04-16,07:51:00,,
EPSOM DOWNS - BATTERSEA PARK LONDON,P26072,738,stop,2026-04-23,07:51:00,,
EPSOM DOWNS - BATTERSEA PARK LONDON,P26072,738,stop,2026-04-29,07:51:00,,
EPSOM DOWNS - BATTERSEA PARK LONDON,P26072,738,stop,2026-04-03,07:51:00,,
DORKING - EARLSFIELD,P61005,730,stop,2026-04-04,07:52:00,,
DORKING - EARLSFIELD,P61005,730,stop,2026-04-18,07:52:00,,
DORKING - EARLSFIELD,P61005,730,stop,2026-04-25,07:52:00,,
DORKING - EARLSFIELD,P61005,730,stop,2026-04-11,07:52:00,,
EARLSFIELD - DORKING,Q39152,723,stop,2026-04-03,07:54:00,,
EARLSFIELD - DORKING,P60997,723,stop,2026-04-30,07:54:00,,
EARLSFIELD - DORKING,P60997,723,stop,2026-04-10,07:54:00,,
EARLSFIELD - DORKING,P60998,723,stop,2026-04-18,07:54:00,,
MITCHAM EASTFIELDS - DORKING (2),P26591,720,stop,2026-04-18,07:53:00,,
SUTTON (SURREY) - BATTERSEA PARK LONDON,P26071,753,stop,2026-04-12,07:53:00,,
SUTTON (SURREY) - BATTERSEA PARK LONDON,P26071,753,stop,2026-04-26,07:53:00,,
SUTTON (SURREY) - BATTERSEA PARK LONDON,P26071,753,stop,2026-04-05,07:53:00,,
SUTTON (SURREY) - STREATHAM HILL,P26071,753,stop,2026-04-19,07:53:00,,
DORKING - EARLSFIELD,Q38905,730,stop,2026-04-03,07:52:00,,
DORKING - EARLSFIELD,Q51470,730,stop,2026-04-06,07:52:00,,
EARLSFIELD - DORKING,P60997,723,stop,2026-04-14,07:54:00,,
EARLSFIELD - DORKING,P60997,723,stop,2026-04-20,07:54:00,,
EARLSFIELD - DORKING,P60997,723,stop,2026-04-21,07:54:00,,
EARLSFIELD - DORKING,P60997,723,stop,2026-04-07,07:54:00,,
EARLSFIELD - DORKING,P60997,723,stop,2026-04-29,07:54:00,,
EARLSFIELD - DORKING,P60997,723,stop,2026-04-01,07:54:00,,
EARLSFIELD - DORKING,P60997,723,stop,2026-04-06,07:54:00,,
EARLSFIELD - DORKING,P60997,723,stop,2026-04-27,07:54:00,,
EARLSFIELD - DORKING,P60997,723,stop,2026-04-22,07:54:00,,
EARLSFIELD - DORKING,P60997,723,stop,2026-04-09,07:54:00,,
EARLSFIELD - DORKING,P60998,723,stop,2026-04-25,07:54:00,,
EARLSFIELD - DORKING,P60997,723,stop,2026-04-23,07:54:00,,
EARLSFIELD - DORKING,P60997,723,stop,2026-04-13,07:54:00,,
EARLSFIELD - DORKING,P60997,723,stop,2026-04-03,07:54:00,,
EARLSFIELD - DORKING,P60998,723,stop,2026-04-11,07:54:00,,
EARLSFIELD - DORKING,P60997,723,stop,2026-04-24,07:54:00,,
EARLSFIELD - DORKING,P60997,723,stop,2026-04-02,07:54:00,,
EARLSFIELD - DORKING,P60998,723,stop,2026-04-04,07:54:00,,
EARLSFIELD - DORKING,P60997,723,stop,2026-04-17,07:54:00,,
EARLSFIELD - DORKING,P60997,723,stop,2026-04-08,07:54:00,,
EARLSFIELD - DORKING,P60997,723,stop,2026-04-15,07:54:00,,
EARLSFIELD - DORKING,P60997,723,stop,2026-04-16,07:54:00,,
EARLSFIELD - DORKING,P60997,723,stop,2026-04-28,07:54:00,,
EARLSFIELD - DORKING,Q51573,723,stop,2026-04-06,07:54:00,,
NORWOOD JUNCTION - EPSOM,P25186,725,stop,2026-04-01,07:58:00,,
NORWOOD JUNCTION - EPSOM,P25186,725,stop,2026-04-30,07:58:00,,
NORWOOD JUNCTION - EPSOM,P25186,725,stop,2026-04-14,07:58:00,,
NORWOOD JUNCTION - EPSOM,P25186,725,stop,2026-04-10,07:58:00,,
NORWOOD JUNCTION - EPSOM,P25186,725,stop,2026-04-28,07:58:00,,
SUTTON (SURREY) - TULSE HILL,X27306,757,stop,2026-04-05,07:57:00,,
SUTTON (SURREY) - DORKING,X04935,757,stop,2026-04-12,07:57:00,,
EPSOM - EARLSFIELD,L74223,753,stop,2026-04-05,07:56:00,,
EPSOM - EARLSFIELD,L74223,753,stop,2026-04-26,07:56:00,,
EPSOM - EARLSFIELD,L74223,753,stop,2026-04-12,07:56:00,,
EPSOM - EARLSFIELD,L74223,753,stop,2026-04-19,07:56:00,,
NORWOOD JUNCTION - EPSOM,P25186,725,stop,2026-04-16,07:58:00,,
NORWOOD JUNCTION - EPSOM,X96833,725,stop,2026-04-03,07:58:00,,
NORWOOD JUNCTION - EPSOM,P25186,725,stop,2026-04-22,07:58:00,,
NORWOOD JUNCTION - EPSOM,P25187,725,stop,2026-04-25,07:58:00,,
NORWOOD JUNCTION - EPSOM,P25186,725,stop,2026-04-21,07:58:00,,
NORWOOD JUNCTION - EPSOM,P25186,725,stop,2026-04-07,07:58:00,,
NORWOOD JUNCTION - EPSOM,P25187,725,stop,2026-04-11,07:58:00,,
NORWOOD JUNCTION - EPSOM,P25186,725,stop,2026-04-13,07:58:00,,
NORWOOD JUNCTION - EPSOM,P25186,725,stop,2026-04-24,07:58:00,,
NORWOOD JUNCTION - EPSOM,P25186,725,stop,2026-04-09,07:58:00,,
NORWOOD JUNCTION - EPSOM,P25186,725,stop,2026-04-20,07:58:00,,
NORWOOD JUNCTION - EPSOM,P25186,725,stop,2026-04-29,07:58:00,,
NORWOOD JUNCTION - EPSOM,P25186,725,stop,2026-04-02,07:58:00,,
NORWOOD JUNCTION - EPSOM,P25186,725,stop,2026-04-08,07:58:00,,
NORWOOD JUNCTION - EPSOM,P25186,725,stop,2026-04-17,07:58:00,,
NORWOOD JUNCTION - EPSOM,P25187,725,stop,2026-04-18,07:58:00,,
EPSOM - MITCHAM EASTFIELDS,P25170,753,stop,2026-04-02,07:59:00,,
EPSOM - MITCHAM EASTFIELDS,P25170,753,stop,2026-04-20,07:59:00,,
EPSOM - MITCHAM EASTFIELDS,P25170,753,stop,2026-04-09,07:59:00,,
EPSOM - MITCHAM EASTFIELDS,P25170,753,stop,2026-04-10,07:59:00,,
EPSOM - MITCHAM EASTFIELDS,P25170,753,stop,2026-04-27,07:59:00,,
EPSOM - MITCHAM EASTFIELDS,P25170,753,stop,2026-04-16,07:59:00,,
EPSOM - MITCHAM EASTFIELDS,P25170,753,stop,2026-04-01,07:59:00,,
EPSOM - MITCHAM EASTFIELDS,P25170,753,stop,2026-04-14,07:59:00,,
NORWOOD JUNCTION - EPSOM,P25186,725,stop,2026-04-06,07:58:00,,
NORWOOD JUNCTION - EPSOM,X01379,725,stop,2026-04-06,07:58:00,,
NORWOOD JUNCTION - EPSOM,P25186,725,stop,2026-04-23,07:58:00,,
NORWOOD JUNCTION - EPSOM,P25187,725,stop,2026-04-04,07:58:00,,
NORWOOD JUNCTION - EPSOM,P25186,725,stop,2026-04-27,07:58:00,,
NORWOOD JUNCTION - EPSOM,P25186,725,stop,2026-04-15,07:58:00,,
NORWOOD JUNCTION - EPSOM,P25186,725,stop,2026-04-03,07:58:00,,
SUTTON (SURREY) - SOUTH BERMONDSEY,P26796,800,stop,2026-04-22,08:00:00,,
SUTTON (SURREY) - SOUTH BERMONDSEY,P26796,800,stop,2026-04-09,08:00:00,,
EPSOM - MITCHAM EASTFIELDS,P25170,753,stop,2026-04-07,07:59:00,,
EPSOM - MITCHAM EASTFIELDS,P25170,753,stop,2026-04-21,07:59:00,,
EPSOM - MITCHAM EASTFIELDS,P25170,753,stop,2026-04-17,07:59:00,,
EPSOM - MITCHAM EASTFIELDS,P25170,753,stop,2026-04-13,07:59:00,,
EPSOM - MITCHAM EASTFIELDS,P25170,753,stop,2026-04-06,07:59:00,,
EPSOM - MITCHAM EASTFIELDS,P25170,753,stop,2026-04-23,07:59:00,,
EPSOM - MITCHAM EASTFIELDS,P25170,753,stop,2026-04-22,07:59:00,,
EPSOM - MITCHAM EASTFIELDS,P25170,753,stop,2026-04-29,07:59:00,,
EPSOM - MITCHAM EASTFIELDS,P25170,753,stop,2026-04-24,07:59:00,,
EPSOM - MITCHAM EASTFIELDS,P25170,753,stop,2026-04-03,07:59:00,,
EPSOM - MITCHAM EASTFIELDS,P25170,753,stop,2026-04-15,07:59:00,,
EPSOM - MITCHAM EASTFIELDS,P25170,753,stop,2026-04-30,07:59:00,,
EPSOM - MITCHAM EASTFIELDS,P25170,753,stop,2026-04-08,07:59:00,,
EPSOM - MITCHAM EASTFIELDS,P25170,753,stop,2026-04-28,07:59:00,,
SUTTON (SURREY) - SOUTH BERMONDSEY,P26796,800,stop,2026-04-15,08:00:00,,
SUTTON (SURREY) - SOUTH BERMONDSEY,P26796,800,stop,2026-04-28,08:00:00,,
SUTTON (SURREY) - SOUTH BERMONDSEY,P26796,800,stop,2026-04-07,08:00:00,,
SUTTON (SURREY) - SOUTH BERMONDSEY,P26796,800,stop,2026-04-03,08:00:00,,
SUTTON (SURREY) - SOUTH BERMONDSEY,P26796,800,stop,2026-04-24,08:00:00,,
SUTTON (SURREY) - SOUTH BERMONDSEY,P26796,800,stop,2026-04-20,08:00:00,,
SUTTON (SURREY) - SOUTH BERMONDSEY,P26796,800,stop,2026-04-21,08:00:00,,
SUTTON (SURREY) - SOUTH BERMONDSEY,P26796,800,stop,2026-04-01,08:00:00,,
SUTTON (SURREY) - SOUTH BERMONDSEY,P26796,800,stop,2026-04-10,08:00:00,,
SUTTON (SURREY) - SOUTH BERMONDSEY,P26796,800,stop,2026-04-06,08:00:00,,
SUTTON (SURREY) - SOUTH BERMONDSEY,P26796,800,stop,2026-04-14,08:00:00,,
SUTTON (SURREY) - SOUTH BERMONDSEY,P26796,800,stop,2026-04-13,08:00:00,,
SUTTON (SURREY) - SOUTH BERMONDSEY,P26796,800,stop,2026-04-17,08:00:00,,
SUTTON (SURREY) - SOUTH BERMONDSEY,P26796,800,stop,2026-04-30,08:00:00,,
SUTTON (SURREY) - SOUTH BERMONDSEY,P26796,800,stop,2026-04-16,08:00:00,,
SUTTON (SURREY) - SOUTH BERMONDSEY,P26796,800,stop,2026-04-29,08:00:00,,
SUTTON (SURREY) - SOUTH BERMONDSEY,P26796,800,stop,2026-04-08,08:00:00,,
SUTTON (SURREY) - SOUTH BERMONDSEY,P26796,800,stop,2026-04-23,08:00:00,,
SUTTON (SURREY) - SOUTH BERMONDSEY,P26796,800,stop,2026-04-27,08:00:00,,
SUTTON (SURREY) - SOUTH BERMONDSEY,P26796,800,stop,2026-04-02,08:00:00,,
RAYNES PARK - GUILDFORD,P61583,748,stop,2026-04-26,08:03:00,,
RAYNES PARK - GUILDFORD,P61583,748,stop,2026-04-19,08:03:00,,
RAYNES PARK - GUILDFORD,P61583,748,stop,2026-04-12,08:03:00,,
RAYNES PARK - GUILDFORD,P61583,748,stop,2026-04-05,08:03:00,,
HORSHAM - BALHAM,P26596,717,stop,2026-04-16,08:06:00,,
HORSHAM - BALHAM,P26596,717,stop,2026-04-27,08:06:00,,
HORSHAM - BALHAM,P26596,717,stop,2026-04-07,08:06:00,,
HORSHAM - BALHAM,P26596,717,stop,2026-04-21,08:06:00,,
HORSHAM - BALHAM,P26596,717,stop,2026-04-13,08:06:00,,
DORKING - MITCHAM EASTFIELDS,P26598,742,stop,2026-04-19,08:05:00,,
DORKING - BALHAM (2),P26598,742,stop,2026-04-26,08:05:00,,
DORKING - BALHAM (2),P26598,742,stop,2026-04-12,08:05:00,,
EPSOM - WORCESTER PARK,Q54782,756,stop,2026-04-12,08:04:00,,
HORSHAM - BALHAM,P26596,717,stop,2026-04-06,08:06:00,,
HORSHAM - BALHAM,P26596,717,stop,2026-04-10,08:06:00,,
HORSHAM - BALHAM,P26596,717,stop,2026-04-20,08:06:00,,
DORKING - BALHAM (2),P26597,744,stop,2026-04-25,08:06:00,,
HORSHAM - BALHAM,P26596,717,stop,2026-04-01,08:06:00,,
HORSHAM - BALHAM,P26596,717,stop,2026-04-15,08:06:00,,
HORSHAM - BALHAM,P26596,717,stop,2026-04-14,08:06:00,,
HORSHAM - BALHAM,P26596,717,stop,2026-04-28,08:06:00,,
DORKING - BALHAM (2),P26597,744,stop,2026-04-11,08:06:00,,
HORSHAM - BALHAM,P26596,717,stop,2026-04-22,08:06:00,,
HORSHAM - BALHAM,P26596,717,stop,2026-04-24,08:06:00,,
HORSHAM - BALHAM,P26596,717,stop,2026-04-29,08:06:00,,
HORSHAM - BALHAM,P26596,717,stop,2026-04-08,08:06:00,,
HORSHAM - BALHAM,P26596,717,stop,2026-04-02,08:06:00,,
HORSHAM - BALHAM,P26596,717,stop,2026-04-09,08:06:00,,
DORKING - BALHAM (2),X96804,744,stop,2026-04-03,08:06:00,,
SUTTON (SURREY) - SOUTH BERMONDSEY (2),W58056,807,stop,2026-04-09,08:07:00,,
SUTTON (SURREY) - SOUTH BERMONDSEY (2),W58056,807,stop,2026-04-27,08:07:00,,
BEDFORD MIDLAND - SUTTON (SURREY),W57874,556,stop,2026-04-25,08:07:00,,
ST ALBANS CITY - SUTTON (SURREY),G84856,637,stop,2026-04-17,08:07:00,,
SUTTON (SURREY) - SOUTH BERMONDSEY (2),W58056,807,stop,2026-04-03,08:07:00,,
ST ALBANS CITY - SUTTON (SURREY),G84856,637,stop,2026-04-21,08:07:00,,
ST ALBANS CITY - SUTTON (SURREY),G84856,637,stop,2026-04-23,08:07:00,,
SUTTON (SURREY) - SOUTH BERMONDSEY (2),W58056,807,stop,2026-04-22,08:07:00,,
ST ALBANS CITY - SUTTON (SURREY),G84856,637,stop,2026-04-13,08:07:00,,
HORSHAM - BALHAM,P26596,717,stop,2026-04-03,08:06:00,,
HORSHAM - BALHAM,P26596,717,stop,2026-04-30,08:06:00,,
HORSHAM - MITCHAM EASTFIELDS,P26597,721,stop,2026-04-18,08:06:00,,
HORSHAM - BALHAM,P26596,717,stop,2026-04-23,08:06:00,,
HORSHAM - BALHAM,P26596,717,stop,2026-04-17,08:06:00,,
DORKING - BALHAM (2),X00923,744,stop,2026-04-06,08:06:00,,
DORKING - BALHAM (2),P26597,744,stop,2026-04-04,08:06:00,,
SUTTON (SURREY) - SOUTH BERMONDSEY (2),W58056,807,stop,2026-04-28,08:07:00,,
SUTTON (SURREY) - SOUTH BERMONDSEY (2),W58056,807,stop,2026-04-02,08:07:00,,
ST ALBANS CITY - SUTTON (SURREY),G84856,637,stop,2026-04-15,08:07:00,,
SUTTON (SURREY) - SOUTH BERMONDSEY (2),W58056,807,stop,2026-04-23,08:07:00,,
SUTTON (SURREY) - SOUTH BERMONDSEY (2),W58056,807,stop,2026-04-20,08:07:00,,
SUTTON (SURREY) - SOUTH BERMONDSEY (2),W58056,807,stop,2026-04-08,08:07:00,,
SUTTON (SURREY) - SOUTH BERMONDSEY (2),W58056,807,stop,2026-04-29,08:07:00,,
ST ALBANS CITY - SUTTON (SURREY),G84856,637,stop,2026-04-16,08:07:00,,
SUTTON (SURREY) - SOUTH BERMONDSEY (2),W58056,807,stop,2026-04-06,08:07:00,,
BEDFORD MIDLAND - SUTTON (SURREY),G84856,556,stop,2026-04-06,08:07:00,,
SUTTON (SURREY) - SOUTH BERMONDSEY (2),W58056,807,stop,2026-04-01,08:07:00,,
SUTTON (SURREY) - SOUTH BERMONDSEY (2),W58056,807,stop,2026-04-16,08:07:00,,
ST ALBANS CITY - SUTTON (SURREY),G84856,637,stop,2026-04-27,08:07:00,,
BEDFORD MIDLAND - SUTTON (SURREY),W57874,556,stop,2026-04-04,08:07:00,,
SUTTON (SURREY) - SOUTH BERMONDSEY (2),W58056,807,stop,2026-04-14,08:07:00,,
ST ALBANS CITY - SUTTON (SURREY),G84856,637,stop,2026-04-08,08:07:00,,
ST ALBANS CITY - SUTTON (SURREY),G84856,637,stop,2026-04-24,08:07:00,,
BEDFORD MIDLAND - SUTTON (SURREY),G84856,556,stop,2026-04-03,08:07:00,,
SUTTON (SURREY) - SOUTH BERMONDSEY (2),W58056,807,stop,2026-04-07,08:07:00,,
ST ALBANS CITY - SUTTON (SURREY),G84856,637,stop,2026-04-28,08:07:00,,
ST ALBANS CITY - SUTTON (SURREY),G84856,637,stop,2026-04-10,08:07:00,,
SUTTON (SURREY) - SOUTH BERMONDSEY (2),W58056,807,stop,2026-04-21,08:07:00,,
ST ALBANS CITY - SUTTON (SURREY),G84856,637,stop,2026-04-14,08:07:00,,
SUTTON (SURREY) - SOUTH BERMONDSEY (2),W58056,807,stop,2026-04-15,08:07:00,,
SUTTON (SURREY) - SOUTH BERMONDSEY (2),W58056,807,stop,2026-04-24,08:07:00,,
SUTTON (SURREY) - SOUTH BERMONDSEY (2),W58056,807,stop,2026-04-30,08:07:00,,
ST ALBANS CITY - SUTTON (SURREY),G84856,637,stop,2026-04-02,08:07:00,,
ST ALBANS CITY - SUTTON (SURREY),G84856,637,stop,2026-04-29,08:07:00,,
ST ALBANS CITY - SUTTON (SURREY),G84856,637,stop,2026-04-09,08:07:00,,
ST ALBANS CITY - SUTTON (SURREY),G84856,637,stop,2026-04-07,08:07:00,,
SUTTON (SURREY) - SOUTH BERMONDSEY (2),W58056,807,stop,2026-04-10,08:07:00,,
ST ALBANS CITY - SUTTON (SURREY),G84856,637,stop,2026-04-22,08:07:00,,
DORKING - BALHAM (3),P26598,746,stop,2026-04-05,08:08:00,,
ST ALBANS CITY - SUTTON (SURREY),G84856,637,stop,2026-04-20,08:07:00,,
SUTTON (SURREY) - SOUTH BERMONDSEY (2),W58056,807,stop,2026-04-17,08:07:00,,
SUTTON (SURREY) - SOUTH BERMONDSEY (2),W58056,807,stop,2026-04-13,08:07:00,,
ST ALBANS CITY - SUTTON (SURREY) (2),W57874,637,stop,2026-04-18,08:07:00,,
ST ALBANS CITY - SUTTON (SURREY),G84856,637,stop,2026-04-30,08:07:00,,
BEDFORD MIDLAND - SUTTON (SURREY),W57874,556,stop,2026-04-11,08:07:00,,
ST ALBANS CITY - SUTTON (SURREY),G84856,637,stop,2026-04-01,08:07:00,,
DORKING - EARLSFIELD,P61006,748,stop,2026-04-09,08:10:00,,
DORKING - EARLSFIELD,P61006,748,stop,2026-04-15,08:10:00,,
DORKING - EARLSFIELD,P61006,748,stop,2026-04-30,08:10:00,,
DORKING - EARLSFIELD,P61006,748,stop,2026-04-01,08:10:00,,
DORKING - EARLSFIELD,P61006,748,stop,2026-04-20,08:10:00,,
DORKING - EARLSFIELD,P61006,748,stop,2026-04-06,08:10:00,,
DORKING - EARLSFIELD,P61006,748,stop,2026-04-17,08:10:00,,
DORKING - EARLSFIELD,P61006,748,stop,2026-04-14,08:10:00,,
DORKING - EARLSFIELD,P61006,748,stop,2026-04-13,08:10:00,,
SUTTON (SURREY) - BATTERSEA PARK LONDON,P26079,811,stop,2026-04-13,08:11:00,,
DORKING - EARLSFIELD,P61006,748,stop,2026-04-02,08:10:00,,
DORKING - EARLSFIELD,P61006,748,stop,2026-04-29,08:10:00,,
DORKING - EARLSFIELD,P61006,748,stop,2026-04-28,08:10:00,,
DORKING - EARLSFIELD,P61006,748,stop,2026-04-23,08:10:00,,
DORKING - EARLSFIELD,P61006,748,stop,2026-04-03,08:10:00,,
DORKING - EARLSFIELD,P61006,748,stop,2026-04-22,08:10:00,,
DORKING - EARLSFIELD,P61006,748,stop,2026-04-21,08:10:00,,
DORKING - EARLSFIELD,P61006,748,stop,2026-04-24,08:10:00,,
DORKING - EARLSFIELD,P61006,748,stop,2026-04-16,08:10:00,,
DORKING - EARLSFIELD,P61006,748,stop,2026-04-27,08:10:00,,
DORKING - EARLSFIELD,P61006,748,stop,2026-04-08,08:10:00,,
DORKING - EARLSFIELD,P61006,748,stop,2026-04-10,08:10:00,,
DORKING - EARLSFIELD,P61006,748,stop,2026-04-07,08:10:00,,
SUTTON (SURREY) - STREATHAM HILL,P27095,810,stop,2026-04-18,08:10:00,,
SUTTON (SURREY) - BATTERSEA PARK LONDON,P26079,811,stop,2026-04-01,08:11:00,,
SUTTON (SURREY) - BATTERSEA PARK LONDON,P26079,811,stop,2026-04-07,08:11:00,,
SUTTON (SURREY) - BATTERSEA PARK LONDON,P26079,811,stop,2026-04-27,08:11:00,,
SUTTON (SURREY) - BATTERSEA PARK LONDON,P26079,811,stop,2026-04-06,08:11:00,,
SUTTON (SURREY) - BATTERSEA PARK LONDON,P26079,811,stop,2026-04-29,08:11:00,,
SUTTON (SURREY) - BATTERSEA PARK LONDON,P26079,811,stop,2026-04-08,08:11:00,,
SUTTON (SURREY) - BATTERSEA PARK LONDON,P26079,811,stop,2026-04-03,08:11:00,,
SUTTON (SURREY) - BATTERSEA PARK LONDON,P26079,811,stop,2026-04-02,08:11:00,,
SUTTON (SURREY) - BATTERSEA PARK LONDON,P26079,811,stop,2026-04-15,08:11:00,,
SUTTON (SURREY) - BATTERSEA PARK LONDON,P26079,811,stop,2026-04-16,08:11:00,,
SUTTON (SURREY) - BATTERSEA PARK LONDON,P26079,811,stop,2026-04-24,08:11:00,,
SUTTON (SURREY) - BATTERSEA PARK LONDON,P26079,811,stop,2026-04-09,08:11:00,,
SUTTON (SURREY) - BATTERSEA PARK LONDON,P26079,811,stop,2026-04-30,08:11:00,,
SUTTON (SURREY) - BATTERSEA PARK LONDON,P26079,811,stop,2026-04-17,08:11:00,,
SUTTON (SURREY) - BATTERSEA PARK LONDON,P26079,811,stop,2026-04-14,08:11:00,,
SUTTON (SURREY) - BATTERSEA PARK LONDON,P26079,811,stop,2026-04-20,08:11:00,,
SUTTON (SURREY) - BATTERSEA PARK LONDON,P26079,811,stop,2026-04-21,08:11:00,,
SUTTON (SURREY) - BATTERSEA PARK LONDON,P26079,811,stop,2026-04-10,08:11:00,,
SUTTON (SURREY) - BATTERSEA PARK LONDON,P26079,811,stop,2026-04-28,08:11:00,,
SUTTON (SURREY) - BATTERSEA PARK LONDON,P26079,811,stop,2026-04-23,08:11:00,,
SUTTON (SURREY) - BATTERSEA PARK LONDON,P26079,811,stop,2026-04-22,08:11:00,,
SUTTON (SURREY) - BALHAM (2),P26598,812,stop,2026-04-12,08:12:00,,
BALHAM - HORSHAM,X96810,741,stop,2026-04-03,08:13:00,,
BALHAM - HORSHAM,P26594,741,stop,2026-04-16,08:13:00,,
BALHAM - HORSHAM,P26594,741,stop,2026-04-29,08:13:00,,
BALHAM - HORSHAM,P26594,741,stop,2026-04-06,08:13:00,,
BALHAM - HORSHAM,P26594,741,stop,2026-04-02,08:13:00,,
BALHAM - HORSHAM,P26594,741,stop,2026-04-30,08:13:00,,
BALHAM - HORSHAM,P26594,741,stop,2026-04-14,08:13:00,,
BALHAM - HORSHAM,P26595,741,stop,2026-04-11,08:13:00,,
BALHAM - HORSHAM,P26594,741,stop,2026-04-01,08:13:00,,
BALHAM - HORSHAM,X01853,741,stop,2026-04-06,08:13:00,,
BALHAM - HORSHAM,P26594,741,stop,2026-04-20,08:13:00,,
BALHAM - HORSHAM,P26594,741,stop,2026-04-13,08:13:00,,
BALHAM - HORSHAM,P26594,741,stop,2026-04-15,08:13:00,,
BALHAM - HORSHAM,P26594,741,stop,2026-04-28,08:13:00,,
BALHAM - HORSHAM,P26594,741,stop,2026-04-09,08:13:00,,
BALHAM - HORSHAM,P26594,741,stop,2026-04-10,08:13:00,,
BALHAM - HORSHAM,P26594,741,stop,2026-04-23,08:13:00,,
BALHAM - HORSHAM,P26594,741,stop,2026-04-08,08:13:00,,
BALHAM - DORKING (8),P26785,740,stop,2026-04-26,08:13:00,,
BALHAM - HORSHAM,P26595,741,stop,2026-04-04,08:13:00,,
BALHAM - HORSHAM,P26595,741,stop,2026-04-25,08:13:00,,
BALHAM - HORSHAM,P26594,741,stop,2026-04-07,08:13:00,,
BALHAM - HORSHAM,P26594,741,stop,2026-04-22,08:13:00,,
BALHAM - HORSHAM,P26594,741,stop,2026-04-24,08:13:00,,
BALHAM - HORSHAM,P26594,741,stop,2026-04-03,08:13:00,,
BALHAM - HORSHAM,P26594,741,stop,2026-04-27,08:13:00,,
BALHAM - HORSHAM,P26594,741,stop,2026-04-17,08:13:00,,
BALHAM - HORSHAM,P26594,741,stop,2026-04-21,08:13:00,,
SUTTON (SURREY) - ST ALBANS CITY (3),G84859,816,stop,2026-04-27,08:16:00,,
SUTTON (SURREY) - ST ALBANS CITY (3),G84859,816,stop,2026-04-09,08:16:00,,
SUTTON (SURREY) - ST ALBANS CITY (3),G84859,816,stop,2026-04-13,08:16:00,,
SUTTON (SURREY) - ST ALBANS CITY (3),G84859,816,stop,2026-04-23,08:16:00,,
SUTTON (SURREY) - ST ALBANS CITY (3),G84859,816,stop,2026-04-08,08:16:00,,
BALHAM - DORKING (4),P26785,740,stop,2026-04-05,08:15:00,,
MITCHAM EASTFIELDS - DORKING (3),P26785,742,stop,2026-04-19,08:14:00,,
SUTTON (SURREY) - ST ALBANS CITY (6),G84859,816,stop,2026-04-06,08:16:00,,
SUTTON (SURREY) - ST ALBANS CITY (3),G84859,816,stop,2026-04-22,08:16:00,,
SUTTON (SURREY) - ST ALBANS CITY (6),G25158,816,stop,2026-04-11,08:16:00,,
SUTTON (SURREY) - ST ALBANS CITY (3),G84859,816,stop,2026-04-30,08:16:00,,
SUTTON (SURREY) - ST ALBANS CITY (3),G84859,816,stop,2026-04-15,08:16:00,,
BALHAM - DORKING (8),P26785,740,stop,2026-04-12,08:16:00,,
SUTTON (SURREY) - ST ALBANS CITY (6),G25158,816,stop,2026-04-04,08:16:00,,
SUTTON (SURREY) - ST ALBANS CITY (3),G84859,816,stop,2026-04-02,08:16:00,,
SUTTON (SURREY) - ST ALBANS CITY (3),G84859,816,stop,2026-04-17,08:16:00,,
SUTTON (SURREY) - ST ALBANS CITY (3),G84859,816,stop,2026-04-29,08:16:00,,
SUTTON (SURREY) - ST ALBANS CITY (3),G84859,816,stop,2026-04-14,08:16:00,,
SUTTON (SURREY) - ST ALBANS CITY (6),G25158,816,stop,2026-04-25,08:16:00,,
SUTTON (SURREY) - ST ALBANS CITY (3),G84859,816,stop,2026-04-10,08:16:00,,
SUTTON (SURREY) - ST ALBANS CITY (3),G84859,816,stop,2026-04-24,08:16:00,,
SUTTON (SURREY) - ST ALBANS CITY (3),G84859,816,stop,2026-04-16,08:16:00,,
SUTTON (SURREY) - ST ALBANS CITY (3),G84859,816,stop,2026-04-07,08:16:00,,
BATTERSEA PARK LONDON - EPSOM DOWNS,P26061,730,stop,2026-04-04,08:19:00,,
WORCESTER PARK - DORKING,Q54910,805,stop,2026-04-12,08:18:00,,
DORKING - SUTTON (SURREY),X04898,733,stop,2026-04-12,08:17:00,,
SUTTON (SURREY) - ST ALBANS CITY (3),G84859,816,stop,2026-04-28,08:16:00,,
SUTTON (SURREY) - ST ALBANS CITY (3),G84859,816,stop,2026-04-20,08:16:00,,
SUTTON (SURREY) - ST ALBANS CITY (3),G84859,816,stop,2026-04-21,08:16:00,,
SUTTON (SURREY) - ST ALBANS CITY (6),G25158,816,stop,2026-04-18,08:16:00,,
SUTTON (SURREY) - ST ALBANS CITY (6),G84859,816,stop,2026-04-03,08:16:00,,
SUTTON (SURREY) - ST ALBANS CITY (3),G84859,816,stop,2026-04-01,08:16:00,,
BATTERSEA PARK LONDON - EPSOM DOWNS,P26061,730,stop,2026-04-25,08:19:00,,
SUTTON (SURREY) - ST ALBANS CITY,G83890,819,stop,2026-04-16,08:19:00,,
SUTTON (SURREY) - ST ALBANS CITY,G83890,819,stop,2026-04-22,08:19:00,,
SUTTON (SURREY) - ST ALBANS CITY,G25160,819,stop,2026-04-25,08:19:00,,
BATTERSEA PARK LONDON - EPSOM DOWNS,P26060,730,stop,2026-04-06,08:19:00,,
SUTTON (SURREY) - ST ALBANS CITY,G83890,819,stop,2026-04-01,08:19:00,,
BATTERSEA PARK LONDON - EPSOM DOWNS,P26060,730,stop,2026-04-10,08:19:00,,
SUTTON (SURREY) - ST ALBANS CITY,G25160,819,stop,2026-04-18,08:19:00,,
BATTERSEA PARK LONDON - EPSOM DOWNS,X00748,730,stop,2026-04-06,08:19:00,,
BATTERSEA PARK LONDON - EPSOM DOWNS,P26061,730,stop,2026-04-11,08:19:00,,
EPSOM - NORWOOD JUNCTION,P25192,815,stop,2026-04-21,08:19:00,,
EPSOM - NORWOOD JUNCTION,P25192,815,stop,2026-04-14,08:19:00,,
BATTERSEA PARK LONDON - EPSOM DOWNS,P26060,730,stop,2026-04-21,08:19:00,,
EPSOM - NORWOOD JUNCTION,P25192,815,stop,2026-04-16,08:19:00,,
EPSOM - NORWOOD JUNCTION,P25192,815,stop,2026-04-03,08:19:00,,
BATTERSEA PARK LONDON - EPSOM DOWNS,P26060,730,stop,2026-04-20,08:19:00,,
EPSOM - NORWOOD JUNCTION,P25192,815,stop,2026-04-27,08:19:00,,
EPSOM - NORWOOD JUNCTION,P25192,815,stop,2026-04-28,08:19:00,,
SUTTON (SURREY) - ST ALBANS CITY,G83890,819,stop,2026-04-15,08:19:00,,
SUTTON (SURREY) - ST ALBANS CITY,G83890,819,stop,2026-04-03,08:19:00,,
SUTTON (SURREY) - ST ALBANS CITY,G83890,819,stop,2026-04-14,08:19:00,,
EPSOM - NORWOOD JUNCTION,P25192,815,stop,2026-04-29,08:19:00,,
EPSOM - NORWOOD JUNCTION,P25192,815,stop,2026-04-07,08:19:00,,
SUTTON (SURREY) - ST ALBANS CITY,G83890,819,stop,2026-04-20,08:19:00,,
BATTERSEA PARK LONDON - EPSOM DOWNS,P26060,730,stop,2026-04-02,08:19:00,,
SUTTON (SURREY) - ST ALBANS CITY,G83890,819,stop,2026-04-30,08:19:00,,
BATTERSEA PARK LONDON - EPSOM DOWNS,P26060,730,stop,2026-04-22,08:19:00,,
EPSOM - NORWOOD JUNCTION,P25192,815,stop,2026-04-02,08:19:00,,
BATTERSEA PARK LONDON - EPSOM DOWNS,P26060,730,stop,2026-04-30,08:19:00,,
BATTERSEA PARK LONDON - EPSOM DOWNS,P26060,730,stop,2026-04-24,08:19:00,,
BATTERSEA PARK LONDON - EPSOM DOWNS,P26060,730,stop,2026-04-16,08:19:00,,
SUTTON (SURREY) - ST ALBANS CITY,G83890,819,stop,2026-04-17,08:19:00,,
SUTTON (SURREY) - ST ALBANS CITY,G83890,819,stop,2026-04-08,08:19:00,,
BATTERSEA PARK LONDON - EPSOM DOWNS,P26060,730,stop,2026-04-13,08:19:00,,
BATTERSEA PARK LONDON - EPSOM DOWNS,P26060,730,stop,2026-04-29,08:19:00,,
EPSOM - NORWOOD JUNCTION,P25193,815,stop,2026-04-11,08:19:00,,
EPSOM - NORWOOD JUNCTION,X96762,815,stop,2026-04-03,08:19:00,,
EPSOM - NORWOOD JUNCTION,P25192,815,stop,2026-04-06,08:19:00,,
EPSOM - NORWOOD JUNCTION,P25192,815,stop,2026-04-20,08:19:00,,
BATTERSEA PARK LONDON - EPSOM DOWNS,P26060,730,stop,2026-04-01,08:19:00,,
SUTTON (SURREY) - ST ALBANS CITY,G25160,819,stop,2026-04-04,08:19:00,,
EPSOM - NORWOOD JUNCTION,P25192,815,stop,2026-04-30,08:19:00,,
EPSOM - NORWOOD JUNCTION,X01382,815,stop,2026-04-06,08:19:00,,
BATTERSEA PARK LONDON - EPSOM DOWNS,P26060,730,stop,2026-04-28,08:19:00,,
SUTTON (SURREY) - ST ALBANS CITY,G25160,819,stop,2026-04-11,08:19:00,,
EPSOM - NORWOOD JUNCTION,P25192,815,stop,2026-04-08,08:19:00,,
EPSOM - NORWOOD JUNCTION,P25192,815,stop,2026-04-09,08:19:00,,
SUTTON (SURREY) - ST ALBANS CITY,G83890,819,stop,2026-04-13,08:19:00,,
BATTERSEA PARK LONDON - EPSOM DOWNS,P26060,730,stop,2026-04-03,08:19:00,,
EPSOM - NORWOOD JUNCTION,P25192,815,stop,2026-04-15,08:19:00,,
BATTERSEA PARK LONDON - EPSOM DOWNS,X96824,730,stop,2026-04-03,08:19:00,,
EPSOM - NORWOOD JUNCTION,P25192,815,stop,2026-04-22,08:19:00,,
EPSOM - NORWOOD JUNCTION,P25192,815,stop,2026-04-01,08:19:00,,
SUTTON (SURREY) - ST ALBANS CITY,G83890,819,stop,2026-04-07,08:19:00,,
BATTERSEA PARK LONDON - EPSOM DOWNS,P26060,730,stop,2026-04-17,08:19:00,,
SUTTON (SURREY) - ST ALBANS CITY,G83890,819,stop,2026-04-10,08:19:00,,
EPSOM - NORWOOD JUNCTION,P25192,815,stop,2026-04-17,08:19:00,,
SUTTON (SURREY) - ST ALBANS CITY,G83890,819,stop,2026-04-23,08:19:00,,
SUTTON (SURREY) - ST ALBANS CITY,G83890,819,stop,2026-04-21,08:19:00,,
EPSOM - NORWOOD JUNCTION,P25193,815,stop,2026-04-25,08:19:00,,
BATTERSEA PARK LONDON - EPSOM DOWNS,P26060,730,stop,2026-04-14,08:19:00,,
SUTTON (SURREY) - ST ALBANS CITY,G83890,819,stop,2026-04-06,08:19:00,,
EPSOM - NORWOOD JUNCTION,P25192,815,stop,2026-04-23,08:19:00,,
SUTTON (SURREY) - ST ALBANS CITY,G83890,819,stop,2026-04-24,08:19:00,,
BATTERSEA PARK LONDON - EPSOM DOWNS,P26060,730,stop,2026-04-09,08:19:00,,
SUTTON (SURREY) - ST ALBANS CITY,G83890,819,stop,2026-04-29,08:19:00,,
EPSOM - NORWOOD JUNCTION,P25192,815,stop,2026-04-13,08:19:00,,
BATTERSEA PARK LONDON - EPSOM DOWNS,P26060,730,stop,2026-04-27,08:19:00,,
EPSOM - NORWOOD JUNCTION,P25193,815,stop,2026-04-04,08:19:00,,
SUTTON (SURREY) - ST ALBANS CITY,G83890,819,stop,2026-04-09,08:19:00,,
SUTTON (SURREY) - ST ALBANS CITY,G83890,819,stop,2026-04-02,08:19:00,,
SUTTON (SURREY) - ST ALBANS CITY,G83890,819,stop,2026-04-27,08:19:00,,
GUILDFORD - EARLSFIELD,L74229,742,stop,2026-04-10,08:20:00,,
GUILDFORD - EARLSFIELD,L74229,742,stop,2026-04-24,08:20:00,,
GUILDFORD - EARLSFIELD,L74229,742,stop,2026-04-07,08:20:00,,
GUILDFORD - EARLSFIELD,L74229,742,stop,2026-04-16,08:20:00,,
EPSOM - NORWOOD JUNCTION,P25193,815,stop,2026-04-18,08:19:00,,
EPSOM - NORWOOD JUNCTION,P25192,815,stop,2026-04-10,08:19:00,,
BATTERSEA PARK LONDON - EPSOM DOWNS,P26060,730,stop,2026-04-08,08:19:00,,
STREATHAM HILL - EPSOM DOWNS,P26061,743,stop,2026-04-18,08:19:00,,
BATTERSEA PARK LONDON - EPSOM DOWNS,P26060,730,stop,2026-04-23,08:19:00,,
EPSOM - NORWOOD JUNCTION,P25192,815,stop,2026-04-24,08:19:00,,
BATTERSEA PARK LONDON - EPSOM DOWNS,P26060,730,stop,2026-04-15,08:19:00,,
BATTERSEA PARK LONDON - EPSOM DOWNS,P26060,730,stop,2026-04-07,08:19:00,,
SUTTON (SURREY) - ST ALBANS CITY,G83890,819,stop,2026-04-28,08:19:00,,
GUILDFORD - EARLSFIELD,L74229,742,stop,2026-04-01,08:20:00,,
GUILDFORD - EARLSFIELD,L74229,742,stop,2026-04-21,08:20:00,,
GUILDFORD - EARLSFIELD,L74229,742,stop,2026-04-03,08:20:00,,
GUILDFORD - EARLSFIELD,L74229,742,stop,2026-04-13,08:20:00,,
GUILDFORD - EARLSFIELD,L74229,742,stop,2026-04-02,08:20:00,,
GUILDFORD - EARLSFIELD,L74229,742,stop,2026-04-27,08:20:00,,
GUILDFORD - EARLSFIELD,L74229,742,stop,2026-04-06,08:20:00,,
GUILDFORD - EARLSFIELD,L74229,742,stop,2026-04-08,08:20:00,,
GUILDFORD - EARLSFIELD,L74229,742,stop,2026-04-09,08:20:00,,
GUILDFORD - EARLSFIELD,L74229,742,stop,2026-04-14,08:20:00,,
GUILDFORD - EARLSFIELD,L74229,742,stop,2026-04-22,08:20:00,,
GUILDFORD - EARLSFIELD,L74229,742,stop,2026-04-23,08:20:00,,
GUILDFORD - EARLSFIELD,L74229,742,stop,2026-04-17,08:20:00,,
GUILDFORD - EARLSFIELD,L74229,742,stop,2026-04-15,08:20:00,,
GUILDFORD - EARLSFIELD,L74229,742,stop,2026-04-28,08:20:00,,
GUILDFORD - EARLSFIELD,L74229,742,stop,2026-04-30,08:20:00,,
EPSOM DOWNS - BATTERSEA PARK LONDON,P26089,808,stop,2026-04-11,08:21:00,,
EPSOM DOWNS - BATTERSEA PARK LONDON,P26088,808,stop,2026-04-14,08:21:00,,
EPSOM DOWNS - BATTERSEA PARK LONDON,P26089,808,stop,2026-04-25,08:21:00,,
EPSOM DOWNS - BATTERSEA PARK LONDON,P26088,808,stop,2026-04-13,08:21:00,,
EPSOM DOWNS - BATTERSEA PARK LONDON,P26088,808,stop,2026-04-27,08:21:00,,
EPSOM DOWNS - BATTERSEA PARK LONDON,P26088,808,stop,2026-04-22,08:21:00,,
EPSOM DOWNS - BATTERSEA PARK LONDON,P26088,808,stop,2026-04-10,08:21:00,,
EPSOM DOWNS - BATTERSEA PARK LONDON,P26088,808,stop,2026-04-28,08:21:00,,
EPSOM DOWNS - BATTERSEA PARK LONDON,P26088,808,stop,2026-04-24,08:21:00,,
EPSOM DOWNS - BATTERSEA PARK LONDON,P26088,808,stop,2026-04-23,08:21:00,,
EPSOM DOWNS - BATTERSEA PARK LONDON,P26088,808,stop,2026-04-15,08:21:00,,
EPSOM DOWNS - BATTERSEA PARK LONDON,P26089,808,stop,2026-04-04,08:21:00,,
EPSOM DOWNS - BATTERSEA PARK LONDON,X96772,808,stop,2026-04-03,08:21:00,,
BATTERSEA PARK LONDON - EPSOM DOWNS,P26059,734,stop,2026-04-05,08:21:00,,
GUILDFORD - EARLSFIELD,L74229,742,stop,2026-04-20,08:20:00,,
GUILDFORD - EARLSFIELD,L74229,742,stop,2026-04-29,08:20:00,,
EPSOM DOWNS - BATTERSEA PARK LONDON,P26088,808,stop,2026-04-16,08:21:00,,
EPSOM DOWNS - BATTERSEA PARK LONDON,P26088,808,stop,2026-04-20,08:21:00,,
EPSOM DOWNS - BATTERSEA PARK LONDON,P26088,808,stop,2026-04-01,08:21:00,,
BATTERSEA PARK LONDON - EPSOM DOWNS,P26059,734,stop,2026-04-12,08:21:00,,
EPSOM DOWNS - BATTERSEA PARK LONDON,P26088,808,stop,2026-04-09,08:21:00,,
EPSOM DOWNS - BATTERSEA PARK LONDON,X00754,808,stop,2026-04-06,08:21:00,,
EPSOM DOWNS - BATTERSEA PARK LONDON,P26088,808,stop,2026-04-17,08:21:00,,
EPSOM DOWNS - BATTERSEA PARK LONDON,P26088,808,stop,2026-04-08,08:21:00,,
BATTERSEA PARK LONDON - EPSOM DOWNS,P26059,734,stop,2026-04-26,08:21:00,,
EPSOM DOWNS - BATTERSEA PARK LONDON,P26088,808,stop,2026-04-06,08:21:00,,
EPSOM DOWNS - BATTERSEA PARK LONDON,P26088,808,stop,2026-04-30,08:21:00,,
EPSOM DOWNS - STREATHAM HILL,P26089,808,stop,2026-04-18,08:21:00,,
EPSOM DOWNS - BATTERSEA PARK LONDON,P26088,808,stop,2026-04-02,08:21:00,,
STREATHAM HILL - EPSOM DOWNS,P26059,745,stop,2026-04-19,08:21:00,,
EPSOM DOWNS - BATTERSEA PARK LONDON,P26088,808,stop,2026-04-07,08:21:00,,
EPSOM DOWNS - BATTERSEA PARK LONDON,P26088,808,stop,2026-04-21,08:21:00,,
GUILDFORD - EARLSFIELD,L74227,745,stop,2026-04-18,08:22:00,,
GUILDFORD - EARLSFIELD,Q88883,745,stop,2026-04-03,08:22:00,,
EPSOM DOWNS - BATTERSEA PARK LONDON,P26088,808,stop,2026-04-29,08:21:00,,
EPSOM DOWNS - BATTERSEA PARK LONDON,P26088,808,stop,2026-04-03,08:21:00,,
MITCHAM EASTFIELDS - HORSHAM (2),P26595,750,stop,2026-04-18,08:22:00,,
GUILDFORD - EARLSFIELD,L74227,745,stop,2026-04-25,08:22:00,,
GUILDFORD - EARLSFIELD,L74227,745,stop,2026-04-04,08:22:00,,
GUILDFORD - EARLSFIELD,L74227,745,stop,2026-04-11,08:22:00,,
EARLSFIELD - GUILDFORD (2),P61581,753,stop,2026-04-27,08:24:00,,
EARLSFIELD - GUILDFORD (2),P61581,753,stop,2026-04-21,08:24:00,,
EARLSFIELD - GUILDFORD (2),P61582,753,stop,2026-04-11,08:24:00,,
EARLSFIELD - GUILDFORD (2),P61581,753,stop,2026-04-20,08:24:00,,
EARLSFIELD - GUILDFORD (2),P61581,753,stop,2026-04-03,08:24:00,,
EARLSFIELD - GUILDFORD (2),P61581,753,stop,2026-04-28,08:24:00,,
SUTTON (SURREY) - STREATHAM HILL,P26087,823,stop,2026-04-19,08:23:00,,
SUTTON (SURREY) - BATTERSEA PARK LONDON,P26087,823,stop,2026-04-12,08:23:00,,
SUTTON (SURREY) - BATTERSEA PARK LONDON,P26087,823,stop,2026-04-05,08:23:00,,
SUTTON (SURREY) - BATTERSEA PARK LONDON,P26087,823,stop,2026-04-26,08:23:00,,
GUILDFORD - EARLSFIELD,Q51145,745,stop,2026-04-06,08:22:00,,
EARLSFIELD - GUILDFORD (2),P61581,753,stop,2026-04-30,08:24:00,,
EARLSFIELD - GUILDFORD (2),P61581,753,stop,2026-04-01,08:24:00,,
EARLSFIELD - GUILDFORD (2),P61581,753,stop,2026-04-02,08:24:00,,
EARLSFIELD - GUILDFORD (2),P61581,753,stop,2026-04-09,08:24:00,,
EARLSFIELD - GUILDFORD (2),P61582,753,stop,2026-04-18,08:24:00,,
EARLSFIELD - GUILDFORD (2),P61582,753,stop,2026-04-04,08:24:00,,
EARLSFIELD - GUILDFORD (2),P61582,753,stop,2026-04-25,08:24:00,,
EARLSFIELD - GUILDFORD (2),P61581,753,stop,2026-04-29,08:24:00,,
EARLSFIELD - GUILDFORD (2),P61581,753,stop,2026-04-17,08:24:00,,
EARLSFIELD - GUILDFORD (2),Q51125,753,stop,2026-04-06,08:24:00,,
EARLSFIELD - GUILDFORD (2),P61581,753,stop,2026-04-07,08:24:00,,
EARLSFIELD - GUILDFORD (2),P61581,753,stop,2026-04-22,08:24:00,,
EARLSFIELD - GUILDFORD (2),P61581,753,stop,2026-04-08,08:24:00,,
EARLSFIELD - GUILDFORD (2),P61581,753,stop,2026-04-06,08:24:00,,
EARLSFIELD - GUILDFORD (2),P61581,753,stop,2026-04-13,08:24:00,,
EARLSFIELD - GUILDFORD (2),Q38883,753,stop,2026-04-03,08:24:00,,
SUTTON (SURREY) - DORKING,X04934,825,stop,2026-04-12,08:25:00,,
EARLSFIELD - GUILDFORD (2),P61581,753,stop,2026-04-15,08:24:00,,
EARLSFIELD - GUILDFORD (2),P61581,753,stop,2026-04-23,08:24:00,,
EARLSFIELD - GUILDFORD (2),P61581,753,stop,2026-04-16,08:24:00,,
EARLSFIELD - GUILDFORD (2),P61581,753,stop,2026-04-10,08:24:00,,
EARLSFIELD - GUILDFORD (2),P61581,753,stop,2026-04-14,08:24:00,,
EARLSFIELD - GUILDFORD (2),P61581,753,stop,2026-04-24,08:24:00,,
NORWOOD JUNCTION - EPSOM,P25191,755,stop,2026-04-04,08:28:00,,
NORWOOD JUNCTION - EPSOM,P25191,755,stop,2026-04-18,08:28:00,,
NORWOOD JUNCTION - EPSOM,P25191,755,stop,2026-04-25,08:28:00,,
NORWOOD JUNCTION - EPSOM,P25191,755,stop,2026-04-11,08:28:00,,
NORWOOD JUNCTION - EPSOM,X01381,755,stop,2026-04-06,08:28:00,,
NORWOOD JUNCTION - EPSOM,X92859,755,stop,2026-04-03,08:28:00,,
EPSOM - EARLSFIELD,L74228,824,stop,2026-04-12,08:27:00,,
EPSOM - EARLSFIELD,L74228,824,stop,2026-04-19,08:27:00,,
EPSOM - EARLSFIELD,L74228,824,stop,2026-04-26,08:27:00,,
SUTTON (SURREY) - TULSE HILL,X27305,827,stop,2026-04-05,08:27:00,,
EPSOM - EARLSFIELD,L74228,824,stop,2026-04-05,08:27:00,,
NORWOOD JUNCTION - EPSOM,P25190,755,stop,2026-04-27,08:29:00,,
NORWOOD JUNCTION - EPSOM,P25190,755,stop,2026-04-23,08:29:00,,
NORWOOD JUNCTION - EPSOM,P25190,755,stop,2026-04-21,08:29:00,,
NORWOOD JUNCTION - EPSOM,P25190,755,stop,2026-04-28,08:29:00,,
NORWOOD JUNCTION - EPSOM,P25190,755,stop,2026-04-20,08:29:00,,
NORWOOD JUNCTION - EPSOM,P25190,755,stop,2026-04-22,08:29:00,,
NORWOOD JUNCTION - EPSOM,P25190,755,stop,2026-04-02,08:29:00,,
NORWOOD JUNCTION - EPSOM,P25190,755,stop,2026-04-14,08:29:00,,
NORWOOD JUNCTION - EPSOM,P25190,755,stop,2026-04-13,08:29:00,,
NORWOOD JUNCTION - EPSOM,P25190,755,stop,2026-04-16,08:29:00,,
NORWOOD JUNCTION - EPSOM,P25190,755,stop,2026-04-09,08:29:00,,
NORWOOD JUNCTION - EPSOM,P25190,755,stop,2026-04-07,08:29:00,,
NORWOOD JUNCTION - EPSOM,P25190,755,stop,2026-04-30,08:29:00,,
NORWOOD JUNCTION - EPSOM,P25190,755,stop,2026-04-06,08:29:00,,
NORWOOD JUNCTION - EPSOM,P25190,755,stop,2026-04-10,08:29:00,,
NORWOOD JUNCTION - EPSOM,P25190,755,stop,2026-04-17,08:29:00,,
MITCHAM EASTFIELDS - DORKING (2),P26787,757,stop,2026-04-19,08:31:00,,
NORWOOD JUNCTION - EPSOM,P25190,755,stop,2026-04-15,08:29:00,,
NORWOOD JUNCTION - EPSOM,P25190,755,stop,2026-04-29,08:29:00,,
NORWOOD JUNCTION - EPSOM,P25190,755,stop,2026-04-03,08:29:00,,
NORWOOD JUNCTION - EPSOM,P25190,755,stop,2026-04-01,08:29:00,,
NORWOOD JUNCTION - EPSOM,P25190,755,stop,2026-04-08,08:29:00,,
NORWOOD JUNCTION - EPSOM,P25190,755,stop,2026-04-24,08:29:00,,
GUILDFORD - WORCESTER PARK,Q54852,703,stop,2026-04-12,08:34:00,,
EARLSFIELD - DORKING,P61003,802,stop,2026-04-12,08:33:00,,
EARLSFIELD - DORKING,P61003,802,stop,2026-04-05,08:33:00,,
EARLSFIELD - DORKING,P61003,802,stop,2026-04-26,08:33:00,,
EARLSFIELD - DORKING,P61003,802,stop,2026-04-19,08:33:00,,
DORKING - BALHAM (2),P26603,812,stop,2026-04-26,08:35:00,,
DORKING - BALHAM (2),P26603,812,stop,2026-04-12,08:35:00,,
DORKING - BALHAM,P26601,815,stop,2026-04-22,08:36:00,,
DORKING - BALHAM,P26601,815,stop,2026-04-01,08:36:00,,
DORKING - BALHAM,P26601,815,stop,2026-04-28,08:36:00,,
DORKING - BALHAM,P26601,815,stop,2026-04-15,08:36:00,,
DORKING - BALHAM,P26601,815,stop,2026-04-20,08:36:00,,
DORKING - BALHAM,P26601,815,stop,2026-04-30,08:36:00,,
DORKING - BALHAM,P26601,815,stop,2026-04-06,08:36:00,,
DORKING - MITCHAM EASTFIELDS,P26603,813,stop,2026-04-19,08:35:00,,
ST ALBANS CITY - SUTTON (SURREY),G84860,707,stop,2026-04-01,08:37:00,,
DORKING - BALHAM,P26601,815,stop,2026-04-14,08:36:00,,
DORKING - BALHAM,P26601,815,stop,2026-04-24,08:36:00,,
DORKING - BALHAM,P26601,815,stop,2026-04-09,08:36:00,,
DORKING - BALHAM,P26601,815,stop,2026-04-23,08:36:00,,
DORKING - BALHAM,P26601,815,stop,2026-04-29,08:36:00,,
DORKING - BALHAM,P26601,815,stop,2026-04-07,08:36:00,,
DORKING - BALHAM,P26601,815,stop,2026-04-08,08:36:00,,
DORKING - BALHAM,P26601,815,stop,2026-04-16,08:36:00,,
DORKING - BALHAM,P26601,815,stop,2026-04-17,08:36:00,,
DORKING - BALHAM,P26601,815,stop,2026-04-03,08:36:00,,
DORKING - BALHAM,P26601,815,stop,2026-04-21,08:36:00,,
DORKING - BALHAM,P26601,815,stop,2026-04-02,08:36:00,,
DORKING - BALHAM,P26601,815,stop,2026-04-27,08:36:00,,
DORKING - BALHAM,P26601,815,stop,2026-04-13,08:36:00,,
DORKING - BALHAM,P26601,815,stop,2026-04-10,08:36:00,,
ST ALBANS CITY - SUTTON (SURREY) (2),G25129,707,stop,2026-04-04,08:37:00,,
DORKING - MITCHAM EASTFIELDS (2),P26602,817,stop,2026-04-18,08:37:00,,
ST ALBANS CITY - SUTTON (SURREY) (2),G25129,707,stop,2026-04-25,08:37:00,,
ST ALBANS CITY - SUTTON (SURREY),G84860,707,stop,2026-04-29,08:37:00,,
ST ALBANS CITY - SUTTON (SURREY),G84860,707,stop,2026-04-17,08:37:00,,
ST ALBANS CITY - SUTTON (SURREY),G84860,707,stop,2026-04-30,08:37:00,,
ST ALBANS CITY - SUTTON (SURREY),G84860,707,stop,2026-04-10,08:37:00,,
ST ALBANS CITY - SUTTON (SURREY),G84860,707,stop,2026-04-24,08:37:00,,
ST ALBANS CITY - SUTTON (SURREY),G84860,707,stop,2026-04-28,08:37:00,,
ST ALBANS CITY - SUTTON (SURREY),G84860,707,stop,2026-04-23,08:37:00,,
ST ALBANS CITY - SUTTON (SURREY) (2),G84860,707,stop,2026-04-03,08:37:00,,
ST ALBANS CITY - SUTTON (SURREY),G84860,707,stop,2026-04-20,08:37:00,,
ST ALBANS CITY - SUTTON (SURREY) (2),G25129,707,stop,2026-04-11,08:37:00,,
ST ALBANS CITY - SUTTON (SURREY) (2),G25129,707,stop,2026-04-18,08:37:00,,
ST ALBANS CITY - SUTTON (SURREY),G84860,707,stop,2026-04-02,08:37:00,,
DORKING - BALHAM (3),P26603,816,stop,2026-04-05,08:38:00,,
ST ALBANS CITY - SUTTON (SURREY),G84860,707,stop,2026-04-14,08:37:00,,
ST ALBANS CITY - SUTTON (SURREY),G84860,707,stop,2026-04-16,08:37:00,,
ST ALBANS CITY - SUTTON (SURREY),G84860,707,stop,2026-04-09,08:37:00,,
ST ALBANS CITY - SUTTON (SURREY),G84860,707,stop,2026-04-15,08:37:00,,
ST ALBANS CITY - SUTTON (SURREY) (2),G84860,707,stop,2026-04-06,08:37:00,,
ST ALBANS CITY - SUTTON (SURREY),G84860,707,stop,2026-04-27,08:37:00,,
ST ALBANS CITY - SUTTON (SURREY),G84860,707,stop,2026-04-13,08:37:00,,
ST ALBANS CITY - SUTTON (SURREY),G84860,707,stop,2026-04-08,08:37:00,,
ST ALBANS CITY - SUTTON (SURREY),G84860,707,stop,2026-04-22,08:37:00,,
ST ALBANS CITY - SUTTON (SURREY),G84860,707,stop,2026-04-07,08:37:00,,
ST ALBANS CITY - SUTTON (SURREY),G84860,707,stop,2026-04-21,08:37:00,,
DORKING - BALHAM (3),P26602,817,stop,2026-04-04,08:39:00,,
DORKING - BALHAM (3),X96758,817,stop,2026-04-03,08:39:00,,
DORKING - BALHAM (3),P26602,817,stop,2026-04-25,08:39:00,,
SUTTON (SURREY) - BATTERSEA PARK LONDON,P26094,841,stop,2026-04-15,08:41:00,,
SUTTON (SURREY) - BATTERSEA PARK LONDON,P26094,841,stop,2026-04-29,08:41:00,,
SUTTON (SURREY) - STREATHAM HILL,P27099,840,stop,2026-04-18,08:40:00,,
DORKING - BALHAM (3),P26602,817,stop,2026-04-11,08:39:00,,
DORKING - BALHAM (3),X00924,817,stop,2026-04-06,08:39:00,,
SUTTON (SURREY) - BATTERSEA PARK LONDON,P26094,841,stop,2026-04-01,08:41:00,,
SUTTON (SURREY) - BATTERSEA PARK LONDON,P26094,841,stop,2026-04-28,08:41:00,,
SUTTON (SURREY) - BATTERSEA PARK LONDON,P26094,841,stop,2026-04-10,08:41:00,,
SUTTON (SURREY) - BATTERSEA PARK LONDON,P26094,841,stop,2026-04-03,08:41:00,,
SUTTON (SURREY) - BATTERSEA PARK LONDON,P26094,841,stop,2026-04-16,08:41:00,,
SUTTON (SURREY) - BATTERSEA PARK LONDON,P26094,841,stop,2026-04-14,08:41:00,,
SUTTON (SURREY) - BATTERSEA PARK LONDON,P26094,841,stop,2026-04-17,08:41:00,,
SUTTON (SURREY) - BATTERSEA PARK LONDON,P26094,841,stop,2026-04-09,08:41:00,,
SUTTON (SURREY) - BATTERSEA PARK LONDON,P26094,841,stop,2026-04-06,08:41:00,,
SUTTON (SURREY) - BATTERSEA PARK LONDON,P26094,841,stop,2026-04-24,08:41:00,,
SUTTON (SURREY) - BATTERSEA PARK LONDON,P26094,841,stop,2026-04-07,08:41:00,,
SUTTON (SURREY) - BATTERSEA PARK LONDON,P26094,841,stop,2026-04-21,08:41:00,,
SUTTON (SURREY) - BATTERSEA PARK LONDON,P26094,841,stop,2026-04-20,08:41:00,,
SUTTON (SURREY) - BATTERSEA PARK LONDON,P26094,841,stop,2026-04-23,08:41:00,,
SUTTON (SURREY) - BATTERSEA PARK LONDON,P26094,841,stop,2026-04-22,08:41:00,,
SUTTON (SURREY) - BATTERSEA PARK LONDON,P26094,841,stop,2026-04-13,08:41:00,,
BALHAM - DORKING (2),P26787,810,stop,2026-04-26,08:42:00,,
SUTTON (SURREY) - BATTERSEA PARK LONDON,P26094,841,stop,2026-04-27,08:41:00,,
SUTTON (SURREY) - BATTERSEA PARK LONDON,P26094,841,stop,2026-04-30,08:41:00,,
SUTTON (SURREY) - BATTERSEA PARK LONDON,P26094,841,stop,2026-04-02,08:41:00,,
SUTTON (SURREY) - BATTERSEA PARK LONDON,P26094,841,stop,2026-04-08,08:41:00,,
SUTTON (SURREY) - BALHAM (2),P26603,842,stop,2026-04-12,08:42:00,,
BALHAM - DORKING (2),P26599,811,stop,2026-04-09,08:43:00,,
BALHAM - DORKING,X96769,811,stop,2026-04-03,08:43:00,,
BALHAM - DORKING (2),P26599,811,stop,2026-04-30,08:43:00,,
BALHAM - DORKING (2),P26599,811,stop,2026-04-28,08:43:00,,
BALHAM - DORKING,P26600,811,stop,2026-04-11,08:43:00,,
BALHAM - DORKING (2),P26599,811,stop,2026-04-02,08:43:00,,
BALHAM - DORKING (2),P26599,811,stop,2026-04-20,08:43:00,,
BALHAM - DORKING (2),P26599,811,stop,2026-04-01,08:43:00,,
BALHAM - DORKING,X01854,811,stop,2026-04-06,08:43:00,,
BALHAM - DORKING (2),P26599,811,stop,2026-04-14,08:43:00,,
BALHAM - DORKING (2),P26599,811,stop,2026-04-06,08:43:00,,
BALHAM - DORKING (2),P26599,811,stop,2026-04-08,08:43:00,,
BALHAM - DORKING (2),P26599,811,stop,2026-04-13,08:43:00,,
BALHAM - DORKING (2),P26599,811,stop,2026-04-22,08:43:00,,
BALHAM - DORKING,P26600,811,stop,2026-04-04,08:43:00,,
BALHAM - DORKING (2),P26599,811,stop,2026-04-10,08:43:00,,
BALHAM - DORKING (2),P26599,811,stop,2026-04-17,08:43:00,,
BALHAM - DORKING (2),P26599,811,stop,2026-04-16,08:43:00,,
BALHAM - DORKING (2),P26599,811,stop,2026-04-24,08:43:00,,
BALHAM - DORKING (2),P26599,811,stop,2026-04-29,08:43:00,,
BALHAM - DORKING (5),P26787,810,stop,2026-04-05,08:43:00,,
BALHAM - DORKING (2),P26599,811,stop,2026-04-27,08:43:00,,
BALHAM - DORKING,P26600,811,stop,2026-04-25,08:43:00,,
BALHAM - DORKING (2),P26599,811,stop,2026-04-23,08:43:00,,
BALHAM - DORKING (2),P26599,811,stop,2026-04-03,08:43:00,,
BALHAM - DORKING (2),P26599,811,stop,2026-04-07,08:43:00,,
BALHAM - DORKING (2),P26599,811,stop,2026-04-21,08:43:00,,
BALHAM - DORKING (2),P26599,811,stop,2026-04-15,08:43:00,,
SUTTON (SURREY) - ST ALBANS CITY (3),G84863,846,stop,2026-04-23,08:46:00,,
SUTTON (SURREY) - ST ALBANS CITY (3),G84863,846,stop,2026-04-22,08:46:00,,
SUTTON (SURREY) - ST ALBANS CITY (3),G84863,846,stop,2026-04-21,08:46:00,,
SUTTON (SURREY) - ST ALBANS CITY (3),G84863,846,stop,2026-04-14,08:46:00,,
SUTTON (SURREY) - ST ALBANS CITY (3),G84863,846,stop,2026-04-13,08:46:00,,
BALHAM - DORKING (2),P26787,810,stop,2026-04-12,08:45:00,,
SUTTON (SURREY) - ST ALBANS CITY (3),G84863,846,stop,2026-04-06,08:46:00,,
SUTTON (SURREY) - ST ALBANS CITY (3),G84863,846,stop,2026-04-28,08:46:00,,
SUTTON (SURREY) - ST ALBANS CITY (3),G84863,846,stop,2026-04-29,08:46:00,,
SUTTON (SURREY) - ST ALBANS CITY (3),G84863,846,stop,2026-04-17,08:46:00,,
SUTTON (SURREY) - ST ALBANS CITY (3),G84863,846,stop,2026-04-20,08:46:00,,
SUTTON (SURREY) - ST ALBANS CITY (3),G84863,846,stop,2026-04-15,08:46:00,,
SUTTON (SURREY) - ST ALBANS CITY (3),G84863,846,stop,2026-04-16,08:46:00,,
SUTTON (SURREY) - ST ALBANS CITY (3),G84863,846,stop,2026-04-27,08:46:00,,
SUTTON (SURREY) - ST ALBANS CITY (3),G25170,846,stop,2026-04-11,08:46:00,,
SUTTON (SURREY) - ST ALBANS CITY (3),G84863,846,stop,2026-04-30,08:46:00,,
SUTTON (SURREY) - ST ALBANS CITY (3),G84863,846,stop,2026-04-01,08:46:00,,
SUTTON (SURREY) - ST ALBANS CITY (3),G25170,846,stop,2026-04-25,08:46:00,,
SUTTON (SURREY) - ST ALBANS CITY (3),G84863,846,stop,2026-04-02,08:46:00,,
SUTTON (SURREY) - ST ALBANS CITY (3),G84863,846,stop,2026-04-03,08:46:00,,
SUTTON (SURREY) - ST ALBANS CITY (3),G25170,846,stop,2026-04-04,08:46:00,,
SUTTON (SURREY) - ST ALBANS CITY (3),G84863,846,stop,2026-04-24,08:46:00,,
SUTTON (SURREY) - ST ALBANS CITY (3),G84863,846,stop,2026-04-07,08:46:00,,
SUTTON (SURREY) - ST ALBANS CITY (3),G84863,846,stop,2026-04-10,08:46:00,,
BATTERSEA PARK LONDON - EPSOM DOWNS,P26076,800,stop,2026-04-01,08:49:00,,
EPSOM - NORWOOD JUNCTION,X01384,845,stop,2026-04-06,08:49:00,,
WORCESTER PARK - EFFINGHAM JUNCTION,Q54818,835,stop,2026-04-12,08:48:00,,
TULSE HILL - WIMBLEDON,W59400,807,stop,2026-04-05,08:47:00,,
SUTTON (SURREY) - ST ALBANS CITY (3),G25170,847,stop,2026-04-18,08:47:00,,
DORKING - SUTTON (SURREY),X04897,803,stop,2026-04-12,08:47:00,,
SUTTON (SURREY) - ST ALBANS CITY (3),G84863,846,stop,2026-04-09,08:46:00,,
SUTTON (SURREY) - ST ALBANS CITY (3),G84863,846,stop,2026-04-08,08:46:00,,
EPSOM - NORWOOD JUNCTION,P25196,845,stop,2026-04-24,08:49:00,,
EPSOM - NORWOOD JUNCTION,P25196,845,stop,2026-04-01,08:49:00,,
BATTERSEA PARK LONDON - EPSOM DOWNS,P26076,800,stop,2026-04-02,08:49:00,,
SUTTON (SURREY) - ST ALBANS CITY,G83894,849,stop,2026-04-17,08:49:00,,
EPSOM - NORWOOD JUNCTION,P25197,845,stop,2026-04-18,08:49:00,,
SUTTON (SURREY) - ST ALBANS CITY,G83894,849,stop,2026-04-27,08:49:00,,
EPSOM - NORWOOD JUNCTION,P25196,845,stop,2026-04-15,08:49:00,,
SUTTON (SURREY) - ST ALBANS CITY,G83894,849,stop,2026-04-28,08:49:00,,
SUTTON (SURREY) - ST ALBANS CITY,G83894,849,stop,2026-04-01,08:49:00,,
BATTERSEA PARK LONDON - EPSOM DOWNS,P26076,800,stop,2026-04-08,08:49:00,,
EPSOM - NORWOOD JUNCTION,P25196,845,stop,2026-04-22,08:49:00,,
SUTTON (SURREY) - ST ALBANS CITY,G83894,849,stop,2026-04-13,08:49:00,,
BATTERSEA PARK LONDON - EPSOM DOWNS,P26076,800,stop,2026-04-10,08:49:00,,
BATTERSEA PARK LONDON - EPSOM DOWNS,P26076,800,stop,2026-04-15,08:49:00,,
EPSOM - NORWOOD JUNCTION,P25197,845,stop,2026-04-11,08:49:00,,
BATTERSEA PARK LONDON - EPSOM DOWNS,P26076,800,stop,2026-04-20,08:49:00,,
BATTERSEA PARK LONDON - EPSOM DOWNS,X96783,800,stop,2026-04-03,08:49:00,,
EPSOM - NORWOOD JUNCTION,P25196,845,stop,2026-04-17,08:49:00,,
SUTTON (SURREY) - ST ALBANS CITY,G83894,849,stop,2026-04-29,08:49:00,,
SUTTON (SURREY) - ST ALBANS CITY,G83894,849,stop,2026-04-16,08:49:00,,
BATTERSEA PARK LONDON - EPSOM DOWNS,P26076,800,stop,2026-04-16,08:49:00,,
BATTERSEA PARK LONDON - EPSOM DOWNS,P26076,800,stop,2026-04-06,08:49:00,,
BATTERSEA PARK LONDON - EPSOM DOWNS,P26076,800,stop,2026-04-21,08:49:00,,
BATTERSEA PARK LONDON - EPSOM DOWNS,X00751,800,stop,2026-04-06,08:49:00,,
BATTERSEA PARK LONDON - EPSOM DOWNS,P26076,800,stop,2026-04-30,08:49:00,,
EPSOM - NORWOOD JUNCTION,P25196,845,stop,2026-04-14,08:49:00,,
EPSOM - NORWOOD JUNCTION,P25196,845,stop,2026-04-09,08:49:00,,
SUTTON (SURREY) - ST ALBANS CITY,G83894,849,stop,2026-04-22,08:49:00,,
BATTERSEA PARK LONDON - EPSOM DOWNS,P26076,800,stop,2026-04-03,08:49:00,,
BATTERSEA PARK LONDON - EPSOM DOWNS,P26077,800,stop,2026-04-25,08:49:00,,
BATTERSEA PARK LONDON - EPSOM DOWNS,P26076,800,stop,2026-04-27,08:49:00,,
EPSOM - NORWOOD JUNCTION,P25196,845,stop,2026-04-06,08:49:00,,
EPSOM - NORWOOD JUNCTION,P25197,845,stop,2026-04-25,08:49:00,,
SUTTON (SURREY) - ST ALBANS CITY,G83894,849,stop,2026-04-23,08:49:00,,
BATTERSEA PARK LONDON - EPSOM DOWNS,P26076,800,stop,2026-04-14,08:49:00,,
EPSOM - NORWOOD JUNCTION,P25196,845,stop,2026-04-27,08:49:00,,
BATTERSEA PARK LONDON - EPSOM DOWNS,P26077,800,stop,2026-04-04,08:49:00,,
SUTTON (SURREY) - ST ALBANS CITY,G83894,849,stop,2026-04-15,08:49:00,,
EPSOM - NORWOOD JUNCTION,P25196,845,stop,2026-04-07,08:49:00,,
BATTERSEA PARK LONDON - EPSOM DOWNS,P26076,800,stop,2026-04-29,08:49:00,,
SUTTON (SURREY) - ST ALBANS CITY,G83894,849,stop,2026-04-07,08:49:00,,
SUTTON (SURREY) - ST ALBANS CITY,G83894,849,stop,2026-04-24,08:49:00,,
SUTTON (SURREY) - ST ALBANS CITY,G83894,849,stop,2026-04-09,08:49:00,,
EPSOM - NORWOOD JUNCTION,P25196,845,stop,2026-04-13,08:49:00,,
SUTTON (SURREY) - ST ALBANS CITY,G83894,849,stop,2026-04-10,08:49:00,,
EPSOM - NORWOOD JUNCTION,P25196,845,stop,2026-04-21,08:49:00,,
BATTERSEA PARK LONDON - EPSOM DOWNS,P26076,800,stop,2026-04-13,08:49:00,,
SUTTON (SURREY) - ST ALBANS CITY,G83894,849,stop,2026-04-06,08:49:00,,
SUTTON (SURREY) - ST ALBANS CITY,G83894,849,stop,2026-04-08,08:49:00,,
BATTERSEA PARK LONDON - EPSOM DOWNS,P26076,800,stop,2026-04-22,08:49:00,,
EPSOM - NORWOOD JUNCTION,P25196,845,stop,2026-04-16,08:49:00,,
EPSOM - NORWOOD JUNCTION,X96721,845,stop,2026-04-03,08:49:00,,
SUTTON (SURREY) - ST ALBANS CITY,G83894,849,stop,2026-04-14,08:49:00,,
STREATHAM HILL - EPSOM DOWNS,P26077,813,stop,2026-04-18,08:49:00,,
BATTERSEA PARK LONDON - EPSOM DOWNS,P26076,800,stop,2026-04-23,08:49:00,,
EPSOM - NORWOOD JUNCTION,P25196,845,stop,2026-04-08,08:49:00,,
EPSOM - NORWOOD JUNCTION,P25196,845,stop,2026-04-20,08:49:00,,
SUTTON (SURREY) - ST ALBANS CITY,G83894,849,stop,2026-04-03,08:49:00,,
EPSOM - NORWOOD JUNCTION,P25196,845,stop,2026-04-29,08:49:00,,
SUTTON (SURREY) - ST ALBANS CITY,G25172,849,stop,2026-04-04,08:49:00,,
EPSOM - NORWOOD JUNCTION,P25196,845,stop,2026-04-10,08:49:00,,
SUTTON (SURREY) - ST ALBANS CITY,G25172,849,stop,2026-04-25,08:49:00,,
BATTERSEA PARK LONDON - EPSOM DOWNS,P26077,800,stop,2026-04-11,08:49:00,,
BATTERSEA PARK LONDON - EPSOM DOWNS,P26076,800,stop,2026-04-07,08:49:00,,
SUTTON (SURREY) - ST ALBANS CITY,G25172,849,stop,2026-04-11,08:49:00,,
SUTTON (SURREY) - ST ALBANS CITY,G83894,849,stop,2026-04-21,08:49:00,,
EPSOM - NORWOOD JUNCTION,P25196,845,stop,2026-04-02,08:49:00,,
SUTTON (SURREY) - ST ALBANS CITY,G83894,849,stop,2026-04-30,08:49:00,,
SUTTON (SURREY) - ST ALBANS CITY,G83894,849,stop,2026-04-20,08:49:00,,
BATTERSEA PARK LONDON - EPSOM DOWNS,P26076,800,stop,2026-04-24,08:49:00,,
BATTERSEA PARK LONDON - EPSOM DOWNS,P26076,800,stop,2026-04-28,08:49:00,,
SUTTON (SURREY) - ST ALBANS CITY,G83894,849,stop,2026-04-02,08:49:00,,
EPSOM - NORWOOD JUNCTION,P25196,845,stop,2026-04-03,08:49:00,,
SUTTON (SURREY) - ST ALBANS CITY,G25172,849,stop,2026-04-18,08:49:00,,
EPSOM - NORWOOD JUNCTION,P25197,845,stop,2026-04-04,08:49:00,,
BATTERSEA PARK LONDON - EPSOM DOWNS,P26076,800,stop,2026-04-17,08:49:00,,
BATTERSEA PARK LONDON - EPSOM DOWNS,P26076,800,stop,2026-04-09,08:49:00,,
EPSOM - NORWOOD JUNCTION,P25196,845,stop,2026-04-30,08:49:00,,
EPSOM - NORWOOD JUNCTION,P25196,845,stop,2026-04-28,08:49:00,,
BATTERSEA PARK LONDON - EPSOM DOWNS,P26075,804,stop,2026-04-12,08:50:00,,
BATTERSEA PARK LONDON - EPSOM DOWNS,P26075,804,stop,2026-04-26,08:50:00,,
STREATHAM HILL - EPSOM DOWNS,P26075,813,stop,2026-04-19,08:50:00,,
EPSOM - NORWOOD JUNCTION,P25196,845,stop,2026-04-23,08:49:00,,
EPSOM DOWNS - BATTERSEA PARK LONDON,P26103,838,stop,2026-04-16,08:51:00,,
EPSOM DOWNS - STREATHAM HILL,P26102,838,stop,2026-04-19,08:51:00,,
EPSOM DOWNS - BATTERSEA PARK LONDON,P26103,838,stop,2026-04-07,08:51:00,,
EPSOM DOWNS - BATTERSEA PARK LONDON,P26103,838,stop,2026-04-20,08:51:00,,
EPSOM DOWNS - BATTERSEA PARK LONDON,P26104,838,stop,2026-04-25,08:51:00,,
EPSOM DOWNS - BATTERSEA PARK LONDON,P26102,838,stop,2026-04-12,08:51:00,,
EPSOM DOWNS - BATTERSEA PARK LONDON,P26103,838,stop,2026-04-28,08:51:00,,
EPSOM DOWNS - STREATHAM HILL,P26104,838,stop,2026-04-18,08:51:00,,
EPSOM DOWNS - BATTERSEA PARK LONDON,P26103,838,stop,2026-04-23,08:51:00,,
EPSOM DOWNS - BATTERSEA PARK LONDON,P26104,838,stop,2026-04-11,08:51:00,,
EPSOM DOWNS - BATTERSEA PARK LONDON,P26103,838,stop,2026-04-13,08:51:00,,
EPSOM DOWNS - BATTERSEA PARK LONDON,P26103,838,stop,2026-04-03,08:51:00,,
EPSOM DOWNS - BATTERSEA PARK LONDON,P26103,838,stop,2026-04-02,08:51:00,,
EPSOM DOWNS - BATTERSEA PARK LONDON,X00758,838,stop,2026-04-06,08:51:00,,
EPSOM DOWNS - BATTERSEA PARK LONDON,P26103,838,stop,2026-04-17,08:51:00,,
EPSOM DOWNS - BATTERSEA PARK LONDON,P26103,838,stop,2026-04-01,08:51:00,,
EPSOM DOWNS - BATTERSEA PARK LONDON,P26102,838,stop,2026-04-05,08:51:00,,
EPSOM DOWNS - BATTERSEA PARK LONDON,P26104,838,stop,2026-04-04,08:51:00,,
BATTERSEA PARK LONDON - EPSOM DOWNS,P26075,805,stop,2026-04-05,08:51:00,,
EPSOM DOWNS - BATTERSEA PARK LONDON,P26102,838,stop,2026-04-26,08:51:00,,
EPSOM DOWNS - BATTERSEA PARK LONDON,P26103,838,stop,2026-04-09,08:51:00,,
EPSOM DOWNS - BATTERSEA PARK LONDON,P26103,838,stop,2026-04-29,08:51:00,,
DORKING - EARLSFIELD,P61010,832,stop,2026-04-01,08:52:00,,
DORKING - EARLSFIELD,P61010,832,stop,2026-04-28,08:52:00,,
DORKING - EARLSFIELD,P61010,832,stop,2026-04-27,08:52:00,,
EPSOM DOWNS - BATTERSEA PARK LONDON,P26103,838,stop,2026-04-27,08:51:00,,
EPSOM DOWNS - BATTERSEA PARK LONDON,P26103,838,stop,2026-04-24,08:51:00,,
EPSOM DOWNS - BATTERSEA PARK LONDON,P26103,838,stop,2026-04-08,08:51:00,,
EPSOM DOWNS - BATTERSEA PARK LONDON,P26103,838,stop,2026-04-10,08:51:00,,
EPSOM DOWNS - BATTERSEA PARK LONDON,P26103,838,stop,2026-04-06,08:51:00,,
EPSOM DOWNS - BATTERSEA PARK LONDON,P26103,838,stop,2026-04-15,08:51:00,,
EPSOM DOWNS - BATTERSEA PARK LONDON,X96730,838,stop,2026-04-03,08:51:00,,
EPSOM DOWNS - BATTERSEA PARK LONDON,P26103,838,stop,2026-04-21,08:51:00,,
EPSOM DOWNS - BATTERSEA PARK LONDON,P26103,838,stop,2026-04-22,08:51:00,,
EPSOM DOWNS - BATTERSEA PARK LONDON,P26103,838,stop,2026-04-30,08:51:00,,
EPSOM DOWNS - BATTERSEA PARK LONDON,P26103,838,stop,2026-04-14,08:51:00,,
DORKING - EARLSFIELD,P61011,832,stop,2026-04-11,08:52:00,,
DORKING - EARLSFIELD,P61010,832,stop,2026-04-10,08:52:00,,
DORKING - EARLSFIELD,Q38844,832,stop,2026-04-03,08:52:00,,
DORKING - EARLSFIELD,P61010,832,stop,2026-04-21,08:52:00,,
DORKING - EARLSFIELD,P61010,832,stop,2026-04-07,08:52:00,,
DORKING - EARLSFIELD,P61010,832,stop,2026-04-29,08:52:00,,
DORKING - EARLSFIELD,P61010,832,stop,2026-04-08,08:52:00,,
DORKING - EARLSFIELD,P61011,832,stop,2026-04-18,08:52:00,,
DORKING - EARLSFIELD,P61010,832,stop,2026-04-23,08:52:00,,
DORKING - EARLSFIELD,P61010,832,stop,2026-04-14,08:52:00,,
DORKING - EARLSFIELD,P61011,832,stop,2026-04-25,08:52:00,,
DORKING - EARLSFIELD,P61010,832,stop,2026-04-15,08:52:00,,
DORKING - EARLSFIELD,P61010,832,stop,2026-04-13,08:52:00,,
DORKING - EARLSFIELD,P61010,832,stop,2026-04-16,08:52:00,,
DORKING - EARLSFIELD,P61010,832,stop,2026-04-02,08:52:00,,
DORKING - EARLSFIELD,P61010,832,stop,2026-04-20,08:52:00,,
DORKING - EARLSFIELD,Q51036,832,stop,2026-04-06,08:52:00,,
DORKING - EARLSFIELD,P61010,832,stop,2026-04-17,08:52:00,,
DORKING - EARLSFIELD,P61010,832,stop,2026-04-24,08:52:00,,
DORKING - EARLSFIELD,P61010,832,stop,2026-04-03,08:52:00,,
DORKING - EARLSFIELD,P61010,832,stop,2026-04-09,08:52:00,,
DORKING - EARLSFIELD,P61010,832,stop,2026-04-06,08:52:00,,
DORKING - EARLSFIELD,P61011,832,stop,2026-04-04,08:52:00,,
DORKING - EARLSFIELD,P61010,832,stop,2026-04-22,08:52:00,,
DORKING - EARLSFIELD,P61010,832,stop,2026-04-30,08:52:00,,
EARLSFIELD - DORKING,P61002,823,stop,2026-04-04,08:54:00,,
EARLSFIELD - DORKING,P61001,823,stop,2026-04-14,08:54:00,,
EARLSFIELD - DORKING,P61001,823,stop,2026-04-01,08:54:00,,
EARLSFIELD - DORKING,P61002,823,stop,2026-04-11,08:54:00,,
EARLSFIELD - DORKING,P61001,823,stop,2026-04-23,08:54:00,,
EARLSFIELD - DORKING,P61001,823,stop,2026-04-21,08:54:00,,
EARLSFIELD - DORKING,P61001,823,stop,2026-04-02,08:54:00,,
EARLSFIELD - DORKING,P61001,823,stop,2026-04-28,08:54:00,,
EARLSFIELD - DORKING,P61001,823,stop,2026-04-13,08:54:00,,
EARLSFIELD - DORKING,Q38854,823,stop,2026-04-03,08:54:00,,
EARLSFIELD - DORKING,P61001,823,stop,2026-04-08,08:54:00,,
MITCHAM EASTFIELDS - DORKING (2),P26600,820,stop,2026-04-18,08:53:00,,
EARLSFIELD - DORKING,P61002,823,stop,2026-04-25,08:54:00,,
EARLSFIELD - DORKING,P61001,823,stop,2026-04-27,08:54:00,,
EARLSFIELD - DORKING,P61001,823,stop,2026-04-15,08:54:00,,
EARLSFIELD - DORKING,P61001,823,stop,2026-04-07,08:54:00,,
EARLSFIELD - DORKING,P61001,823,stop,2026-04-16,08:54:00,,
EARLSFIELD - DORKING,P61001,823,stop,2026-04-10,08:54:00,,
EARLSFIELD - DORKING,P61001,823,stop,2026-04-30,08:54:00,,
EARLSFIELD - DORKING,P61001,823,stop,2026-04-09,08:54:00,,
EARLSFIELD - DORKING,P61001,823,stop,2026-04-20,08:54:00,,
EARLSFIELD - DORKING,P61001,823,stop,2026-04-24,08:54:00,,
EARLSFIELD - DORKING,Q51060,823,stop,2026-04-06,08:54:00,,
EARLSFIELD - DORKING,P61001,823,stop,2026-04-06,08:54:00,,
EARLSFIELD - DORKING,P61001,823,stop,2026-04-17,08:54:00,,
EARLSFIELD - DORKING,P61001,823,stop,2026-04-29,08:54:00,,
EARLSFIELD - DORKING,P61001,823,stop,2026-04-22,08:54:00,,
EARLSFIELD - DORKING,P61001,823,stop,2026-04-03,08:54:00,,
SUTTON (SURREY) - DORKING,X04933,855,stop,2026-04-12,08:55:00,,
EARLSFIELD - DORKING,P61002,823,stop,2026-04-18,08:54:00,,
GUILDFORD - EARLSFIELD,P61587,820,stop,2026-04-19,08:57:00,,
NORWOOD JUNCTION - EPSOM,P25194,825,stop,2026-04-16,08:58:00,,
NORWOOD JUNCTION - EPSOM,P25194,825,stop,2026-04-23,08:58:00,,
NORWOOD JUNCTION - EPSOM,P25194,825,stop,2026-04-13,08:58:00,,
NORWOOD JUNCTION - EPSOM,P25194,825,stop,2026-04-10,08:58:00,,
NORWOOD JUNCTION - EPSOM,P25195,825,stop,2026-04-18,08:58:00,,
NORWOOD JUNCTION - EPSOM,P25194,825,stop,2026-04-24,08:58:00,,
NORWOOD JUNCTION - EPSOM,P25194,825,stop,2026-04-03,08:58:00,,
NORWOOD JUNCTION - EPSOM,X92685,825,stop,2026-04-03,08:58:00,,
NORWOOD JUNCTION - EPSOM,P25195,825,stop,2026-04-11,08:58:00,,
NORWOOD JUNCTION - EPSOM,P25194,825,stop,2026-04-08,08:58:00,,
NORWOOD JUNCTION - EPSOM,P25195,825,stop,2026-04-04,08:58:00,,
NORWOOD JUNCTION - EPSOM,P25194,825,stop,2026-04-27,08:58:00,,
GUILDFORD - EARLSFIELD,P61587,820,stop,2026-04-05,08:57:00,,
GUILDFORD - EARLSFIELD,P61587,820,stop,2026-04-12,08:57:00,,
SUTTON (SURREY) - TULSE HILL,X27304,857,stop,2026-04-05,08:57:00,,
GUILDFORD - EARLSFIELD,P61587,820,stop,2026-04-26,08:57:00,,
NORWOOD JUNCTION - EPSOM,P25194,825,stop,2026-04-09,08:58:00,,
NORWOOD JUNCTION - EPSOM,P25195,825,stop,2026-04-25,08:58:00,,
NORWOOD JUNCTION - EPSOM,P25194,825,stop,2026-04-30,08:58:00,,
NORWOOD JUNCTION - EPSOM,P25194,825,stop,2026-04-07,08:58:00,,
NORWOOD JUNCTION - EPSOM,P25194,825,stop,2026-04-14,08:58:00,,
NORWOOD JUNCTION - EPSOM,P25194,825,stop,2026-04-15,08:58:00,,
NORWOOD JUNCTION - EPSOM,P25194,825,stop,2026-04-17,08:58:00,,
NORWOOD JUNCTION - EPSOM,P25194,825,stop,2026-04-21,08:58:00,,
NORWOOD JUNCTION - EPSOM,P25194,825,stop,2026-04-02,08:58:00,,
NORWOOD JUNCTION - EPSOM,P25194,825,stop,2026-04-06,08:58:00,,
NORWOOD JUNCTION - EPSOM,P25194,825,stop,2026-04-20,08:58:00,,
NORWOOD JUNCTION - EPSOM,X01383,825,stop,2026-04-06,08:58:00,,
NORWOOD JUNCTION - EPSOM,P25194,825,stop,2026-04-29,08:58:00,,
NORWOOD JUNCTION - EPSOM,P25194,825,stop,2026-04-01,08:58:00,,
NORWOOD JUNCTION - EPSOM,P25194,825,stop,2026-04-22,08:58:00,,
NORWOOD JUNCTION - EPSOM,P25194,825,stop,2026-04-28,08:58:00,,
EARLSFIELD - GUILDFORD (2),P61586,832,stop,2026-04-12,09:04:00,,
EARLSFIELD - GUILDFORD (2),P61586,832,stop,2026-04-26,09:04:00,,
EARLSFIELD - GUILDFORD (2),P61586,832,stop,2026-04-05,09:04:00,,
DORKING - BALHAM (2),P26609,842,stop,2026-04-12,09:05:00,,
EARLSFIELD - GUILDFORD (2),P61586,832,stop,2026-04-19,09:04:00,,
EFFINGHAM JUNCTION - WORCESTER PARK,Q54781,815,stop,2026-04-12,09:04:00,,
HORSHAM - BALHAM,P26607,814,stop,2026-04-06,09:06:00,,
HORSHAM - BALHAM,P26607,814,stop,2026-04-01,09:06:00,,
HORSHAM - MITCHAM EASTFIELDS,P26608,820,stop,2026-04-18,09:06:00,,
HORSHAM - BALHAM,P26607,814,stop,2026-04-09,09:06:00,,
HORSHAM - BALHAM,P26607,814,stop,2026-04-21,09:06:00,,
HORSHAM - BALHAM,P26607,814,stop,2026-04-23,09:06:00,,
HORSHAM - BALHAM,P26607,814,stop,2026-04-14,09:06:00,,
HORSHAM - BALHAM,X00926,815,stop,2026-04-06,09:06:00,,
HORSHAM - BALHAM,P26607,814,stop,2026-04-10,09:06:00,,
HORSHAM - BALHAM,P26607,814,stop,2026-04-17,09:06:00,,
HORSHAM - BALHAM,P26607,814,stop,2026-04-15,09:06:00,,
HORSHAM - BALHAM,P26608,815,stop,2026-04-11,09:06:00,,
HORSHAM - BALHAM,P26607,814,stop,2026-04-02,09:06:00,,
DORKING - WORCESTER PARK,Q54758,821,stop,2026-04-12,09:05:00,,
DORKING - BALHAM (2),P26609,842,stop,2026-04-26,09:05:00,,
DORKING - MITCHAM EASTFIELDS,P26609,844,stop,2026-04-19,09:05:00,,
ST ALBANS CITY - SUTTON (SURREY),G84864,737,stop,2026-04-10,09:07:00,,
HORSHAM - BALHAM,P26608,815,stop,2026-04-25,09:06:00,,
HORSHAM - BALHAM,P26607,814,stop,2026-04-24,09:06:00,,
HORSHAM - BALHAM,P26607,814,stop,2026-04-13,09:06:00,,
HORSHAM - BALHAM,P26607,814,stop,2026-04-22,09:06:00,,
HORSHAM - BALHAM,P26607,814,stop,2026-04-07,09:06:00,,
HORSHAM - BALHAM,P26607,814,stop,2026-04-30,09:06:00,,
HORSHAM - BALHAM,P26607,814,stop,2026-04-16,09:06:00,,
HORSHAM - BALHAM,P26608,815,stop,2026-04-04,09:06:00,,
HORSHAM - BALHAM,P26607,814,stop,2026-04-08,09:06:00,,
HORSHAM - BALHAM,P26607,814,stop,2026-04-29,09:06:00,,
HORSHAM - BALHAM,P26607,814,stop,2026-04-28,09:06:00,,
HORSHAM - BALHAM,P26607,814,stop,2026-04-03,09:06:00,,
HORSHAM - BALHAM,X96761,815,stop,2026-04-03,09:06:00,,
HORSHAM - BALHAM,P26607,814,stop,2026-04-20,09:06:00,,
HORSHAM - BALHAM,P26607,814,stop,2026-04-27,09:06:00,,
ST ALBANS CITY - SUTTON (SURREY),G84864,737,stop,2026-04-24,09:07:00,,
ST ALBANS CITY - SUTTON (SURREY) (2),G25143,737,stop,2026-04-11,09:07:00,,
ST ALBANS CITY - SUTTON (SURREY),G84864,737,stop,2026-04-27,09:07:00,,
ST ALBANS CITY - SUTTON (SURREY),G84864,737,stop,2026-04-22,09:07:00,,
ST ALBANS CITY - SUTTON (SURREY) (2),G84864,737,stop,2026-04-03,09:07:00,,
ST ALBANS CITY - SUTTON (SURREY),G84864,737,stop,2026-04-01,09:07:00,,
ST ALBANS CITY - SUTTON (SURREY),G84864,737,stop,2026-04-02,09:07:00,,
ST ALBANS CITY - SUTTON (SURREY),G84864,737,stop,2026-04-30,09:07:00,,
ST ALBANS CITY - SUTTON (SURREY),G84864,737,stop,2026-04-07,09:07:00,,
ST ALBANS CITY - SUTTON (SURREY) (2),G25143,737,stop,2026-04-04,09:07:00,,
ST ALBANS CITY - SUTTON (SURREY) (2),G84864,737,stop,2026-04-06,09:07:00,,
ST ALBANS CITY - SUTTON (SURREY),G84864,737,stop,2026-04-21,09:07:00,,
ST ALBANS CITY - SUTTON (SURREY),G84864,737,stop,2026-04-08,09:07:00,,
ST ALBANS CITY - SUTTON (SURREY),G84864,737,stop,2026-04-20,09:07:00,,
ST ALBANS CITY - SUTTON (SURREY),G84864,737,stop,2026-04-17,09:07:00,,
ST ALBANS CITY - SUTTON (SURREY),G84864,737,stop,2026-04-15,09:07:00,,
DORKING - BALHAM (3),P26609,846,stop,2026-04-05,09:08:00,,
ST ALBANS CITY - SUTTON (SURREY),G84864,737,stop,2026-04-09,09:07:00,,
ST ALBANS CITY - SUTTON (SURREY) (2),G25143,737,stop,2026-04-25,09:07:00,,
ST ALBANS CITY - SUTTON (SURREY),G84864,737,stop,2026-04-13,09:07:00,,
ST ALBANS CITY - SUTTON (SURREY),G84864,737,stop,2026-04-16,09:07:00,,
ST ALBANS CITY - SUTTON (SURREY),G84864,737,stop,2026-04-14,09:07:00,,
ST ALBANS CITY - SUTTON (SURREY) (2),G25143,737,stop,2026-04-18,09:07:00,,
ST ALBANS CITY - SUTTON (SURREY),G84864,737,stop,2026-04-23,09:07:00,,
ST ALBANS CITY - SUTTON (SURREY),G84864,737,stop,2026-04-28,09:07:00,,
ST ALBANS CITY - SUTTON (SURREY),G84864,737,stop,2026-04-29,09:07:00,,
SUTTON (SURREY) - BATTERSEA PARK LONDON,P26108,911,stop,2026-04-21,09:11:00,,
SUTTON (SURREY) - BATTERSEA PARK LONDON,P26108,911,stop,2026-04-09,09:11:00,,
SUTTON (SURREY) - BATTERSEA PARK LONDON,P26108,911,stop,2026-04-08,09:11:00,,
SUTTON (SURREY) - BATTERSEA PARK LONDON,P26108,911,stop,2026-04-28,09:11:00,,
SUTTON (SURREY) - BATTERSEA PARK LONDON,P26108,911,stop,2026-04-22,09:11:00,,
SUTTON (SURREY) - STREATHAM HILL,P27103,910,stop,2026-04-18,09:10:00,,
SUTTON (SURREY) - BATTERSEA PARK LONDON,P26108,911,stop,2026-04-01,09:11:00,,
SUTTON (SURREY) - BATTERSEA PARK LONDON,P26108,911,stop,2026-04-23,09:11:00,,
SUTTON (SURREY) - BATTERSEA PARK LONDON,P26108,911,stop,2026-04-03,09:11:00,,
SUTTON (SURREY) - BATTERSEA PARK LONDON,P26108,911,stop,2026-04-17,09:11:00,,
SUTTON (SURREY) - BATTERSEA PARK LONDON,P26108,911,stop,2026-04-15,09:11:00,,
SUTTON (SURREY) - BATTERSEA PARK LONDON,P26108,911,stop,2026-04-30,09:11:00,,
SUTTON (SURREY) - BATTERSEA PARK LONDON,P26108,911,stop,2026-04-27,09:11:00,,
SUTTON (SURREY) - BATTERSEA PARK LONDON,P26108,911,stop,2026-04-10,09:11:00,,
SUTTON (SURREY) - BATTERSEA PARK LONDON,P26108,911,stop,2026-04-02,09:11:00,,
SUTTON (SURREY) - BATTERSEA PARK LONDON,P26108,911,stop,2026-04-29,09:11:00,,
SUTTON (SURREY) - BATTERSEA PARK LONDON,P26108,911,stop,2026-04-06,09:11:00,,
SUTTON (SURREY) - BATTERSEA PARK LONDON,P26108,911,stop,2026-04-16,09:11:00,,
SUTTON (SURREY) - BATTERSEA PARK LONDON,P26108,911,stop,2026-04-07,09:11:00,,
SUTTON (SURREY) - BATTERSEA PARK LONDON,P26108,911,stop,2026-04-13,09:11:00,,
SUTTON (SURREY) - BATTERSEA PARK LONDON,P26108,911,stop,2026-04-20,09:11:00,,
MITCHAM EASTFIELDS - DORKING (3),P26606,838,stop,2026-04-19,09:12:00,,
BALHAM - DORKING (8),P26606,840,stop,2026-04-26,09:12:00,,
SUTTON (SURREY) - BATTERSEA PARK LONDON,P26108,911,stop,2026-04-24,09:11:00,,
SUTTON (SURREY) - BATTERSEA PARK LONDON,P26108,911,stop,2026-04-14,09:11:00,,
SUTTON (SURREY) - BALHAM (2),P26609,912,stop,2026-04-12,09:12:00,,
BALHAM - HORSHAM,P26604,841,stop,2026-04-30,09:13:00,,
BALHAM - HORSHAM,P26604,841,stop,2026-04-27,09:13:00,,
BALHAM - DORKING (4),P26606,840,stop,2026-04-05,09:13:00,,
BALHAM - HORSHAM,P26604,841,stop,2026-04-10,09:13:00,,
BALHAM - HORSHAM,P26604,841,stop,2026-04-06,09:13:00,,
BALHAM - HORSHAM,P26604,841,stop,2026-04-15,09:13:00,,
BALHAM - HORSHAM,P26604,841,stop,2026-04-29,09:13:00,,
BALHAM - HORSHAM,P26604,841,stop,2026-04-02,09:13:00,,
BALHAM - HORSHAM,P26604,841,stop,2026-04-03,09:13:00,,
BALHAM - HORSHAM,P26604,841,stop,2026-04-22,09:13:00,,
BALHAM - HORSHAM,X00925,841,stop,2026-04-06,09:13:00,,
BALHAM - HORSHAM,X96728,841,stop,2026-04-03,09:13:00,,
BALHAM - HORSHAM,P26604,841,stop,2026-04-16,09:13:00,,
BALHAM - HORSHAM,P26605,841,stop,2026-04-25,09:13:00,,
BALHAM - HORSHAM,P26604,841,stop,2026-04-08,09:13:00,,
BALHAM - HORSHAM,P26604,841,stop,2026-04-17,09:13:00,,
BALHAM - HORSHAM,P26604,841,stop,2026-04-01,09:13:00,,
BALHAM - HORSHAM,P26604,841,stop,2026-04-07,09:13:00,,
BALHAM - HORSHAM,P26604,841,stop,2026-04-09,09:13:00,,
BALHAM - HORSHAM,P26604,841,stop,2026-04-28,09:13:00,,
BALHAM - HORSHAM,P26604,841,stop,2026-04-14,09:13:00,,
BALHAM - HORSHAM,P26604,841,stop,2026-04-20,09:13:00,,
BALHAM - HORSHAM,P26605,841,stop,2026-04-04,09:13:00,,
BALHAM - HORSHAM,P26604,841,stop,2026-04-23,09:13:00,,
BALHAM - HORSHAM,P26604,841,stop,2026-04-13,09:13:00,,
BALHAM - HORSHAM,P26605,841,stop,2026-04-11,09:13:00,,
BALHAM - HORSHAM,P26604,841,stop,2026-04-24,09:13:00,,
BALHAM - HORSHAM,P26604,841,stop,2026-04-21,09:13:00,,
SUTTON (SURREY) - ST ALBANS CITY (3),G25183,916,stop,2026-04-11,09:16:00,,
TULSE HILL - WIMBLEDON,G83904,832,stop,2026-04-05,09:16:00,,
SUTTON (SURREY) - ST ALBANS CITY (3),G84868,916,stop,2026-04-21,09:16:00,,
SUTTON (SURREY) - ST ALBANS CITY (3),G84868,916,stop,2026-04-30,09:16:00,,
SUTTON (SURREY) - ST ALBANS CITY (3),G25183,916,stop,2026-04-04,09:16:00,,
SUTTON (SURREY) - ST ALBANS CITY (3),G84868,916,stop,2026-04-27,09:16:00,,
SUTTON (SURREY) - ST ALBANS CITY (3),G25183,916,stop,2026-04-18,09:16:00,,
SUTTON (SURREY) - ST ALBANS CITY (3),G84868,916,stop,2026-04-03,09:16:00,,
BALHAM - DORKING (8),P26606,840,stop,2026-04-12,09:15:00,,
SUTTON (SURREY) - ST ALBANS CITY (3),G84868,916,stop,2026-04-07,09:16:00,,
SUTTON (SURREY) - ST ALBANS CITY (3),G84868,916,stop,2026-04-29,09:16:00,,
SUTTON (SURREY) - ST ALBANS CITY (3),G25183,916,stop,2026-04-25,09:16:00,,
SUTTON (SURREY) - ST ALBANS CITY (3),G84868,916,stop,2026-04-24,09:16:00,,
SUTTON (SURREY) - ST ALBANS CITY (3),G84868,916,stop,2026-04-09,09:16:00,,
SUTTON (SURREY) - ST ALBANS CITY (3),G84868,916,stop,2026-04-10,09:16:00,,
SUTTON (SURREY) - ST ALBANS CITY (3),G84868,916,stop,2026-04-20,09:16:00,,
SUTTON (SURREY) - ST ALBANS CITY (3),G84868,916,stop,2026-04-08,09:16:00,,
SUTTON (SURREY) - ST ALBANS CITY (3),G84868,916,stop,2026-04-23,09:16:00,,
SUTTON (SURREY) - ST ALBANS CITY (3),G84868,916,stop,2026-04-02,09:16:00,,
SUTTON (SURREY) - ST ALBANS CITY (3),G84868,916,stop,2026-04-17,09:16:00,,
SUTTON (SURREY) - ST ALBANS CITY (3),G84868,916,stop,2026-04-14,09:16:00,,
SUTTON (SURREY) - ST ALBANS CITY (3),G84868,916,stop,2026-04-22,09:16:00,,
SUTTON (SURREY) - ST ALBANS CITY (3),G84868,916,stop,2026-04-13,09:16:00,,
SUTTON (SURREY) - ST ALBANS CITY (3),G84868,916,stop,2026-04-01,09:16:00,,
SUTTON (SURREY) - ST ALBANS CITY (3),G84868,916,stop,2026-04-06,09:16:00,,
SUTTON (SURREY) - ST ALBANS CITY,G83900,919,stop,2026-04-13,09:19:00,,
EPSOM - NORWOOD JUNCTION,P25200,915,stop,2026-04-28,09:19:00,,
WORCESTER PARK - DORKING,Q54909,905,stop,2026-04-12,09:18:00,,
DORKING - SUTTON (SURREY),X04896,833,stop,2026-04-12,09:17:00,,
SUTTON (SURREY) - ST ALBANS CITY (3),G84868,916,stop,2026-04-16,09:16:00,,
SUTTON (SURREY) - ST ALBANS CITY (3),G84868,916,stop,2026-04-15,09:16:00,,
SUTTON (SURREY) - ST ALBANS CITY (3),G84868,916,stop,2026-04-28,09:16:00,,
SUTTON (SURREY) - ST ALBANS CITY,G25185,919,stop,2026-04-18,09:19:00,,
SUTTON (SURREY) - ST ALBANS CITY,G83900,919,stop,2026-04-28,09:19:00,,
EPSOM - NORWOOD JUNCTION,P25201,915,stop,2026-04-25,09:19:00,,
EPSOM - NORWOOD JUNCTION,P25200,915,stop,2026-04-20,09:19:00,,
BATTERSEA PARK LONDON - EPSOM DOWNS,P26092,830,stop,2026-04-29,09:19:00,,
EPSOM - NORWOOD JUNCTION,P25200,915,stop,2026-04-03,09:19:00,,
EPSOM - NORWOOD JUNCTION,P25200,915,stop,2026-04-27,09:19:00,,
EPSOM - NORWOOD JUNCTION,P25200,915,stop,2026-04-16,09:19:00,,
EPSOM - NORWOOD JUNCTION,X96680,915,stop,2026-04-03,09:19:00,,
BATTERSEA PARK LONDON - EPSOM DOWNS,P26093,830,stop,2026-04-25,09:19:00,,
EPSOM - NORWOOD JUNCTION,P25200,915,stop,2026-04-30,09:19:00,,
SUTTON (SURREY) - ST ALBANS CITY,G83900,919,stop,2026-04-29,09:19:00,,
SUTTON (SURREY) - ST ALBANS CITY,G83900,919,stop,2026-04-22,09:19:00,,
SUTTON (SURREY) - ST ALBANS CITY,G25185,919,stop,2026-04-25,09:19:00,,
EPSOM - NORWOOD JUNCTION,P25201,915,stop,2026-04-04,09:19:00,,
BATTERSEA PARK LONDON - EPSOM DOWNS,P26092,830,stop,2026-04-07,09:19:00,,
BATTERSEA PARK LONDON - EPSOM DOWNS,P26092,830,stop,2026-04-09,09:19:00,,
EPSOM - NORWOOD JUNCTION,P25200,915,stop,2026-04-08,09:19:00,,
EPSOM - NORWOOD JUNCTION,P25200,915,stop,2026-04-29,09:19:00,,
SUTTON (SURREY) - ST ALBANS CITY,G83900,919,stop,2026-04-08,09:19:00,,
BATTERSEA PARK LONDON - EPSOM DOWNS,P26092,830,stop,2026-04-22,09:19:00,,
SUTTON (SURREY) - ST ALBANS CITY,G83900,919,stop,2026-04-14,09:19:00,,
BATTERSEA PARK LONDON - EPSOM DOWNS,P26092,830,stop,2026-04-17,09:19:00,,
EPSOM - NORWOOD JUNCTION,P25200,915,stop,2026-04-17,09:19:00,,
SUTTON (SURREY) - ST ALBANS CITY,G83900,919,stop,2026-04-06,09:19:00,,
SUTTON (SURREY) - WEST HAMPSTEAD THAMESLINK,G83899,919,stop,2026-04-19,09:19:00,,
SUTTON (SURREY) - ST ALBANS CITY,G83900,919,stop,2026-04-01,09:19:00,,
BATTERSEA PARK LONDON - EPSOM DOWNS,P26092,830,stop,2026-04-16,09:19:00,,
EPSOM - NORWOOD JUNCTION,P25200,915,stop,2026-04-07,09:19:00,,
SUTTON (SURREY) - ST ALBANS CITY,G83900,919,stop,2026-04-02,09:19:00,,
STREATHAM HILL - EPSOM DOWNS,P26093,843,stop,2026-04-18,09:19:00,,
SUTTON (SURREY) - ST ALBANS CITY,G83900,919,stop,2026-04-03,09:19:00,,
EPSOM - NORWOOD JUNCTION,P25200,915,stop,2026-04-13,09:19:00,,
EPSOM - NORWOOD JUNCTION,P25200,915,stop,2026-04-22,09:19:00,,
BATTERSEA PARK LONDON - EPSOM DOWNS,P26092,830,stop,2026-04-27,09:19:00,,
SUTTON (SURREY) - ST ALBANS CITY,G83900,919,stop,2026-04-07,09:19:00,,
EPSOM - NORWOOD JUNCTION,P25201,915,stop,2026-04-11,09:19:00,,
BATTERSEA PARK LONDON - EPSOM DOWNS,P26092,830,stop,2026-04-02,09:19:00,,
EPSOM - NORWOOD JUNCTION,X01386,915,stop,2026-04-06,09:19:00,,
BATTERSEA PARK LONDON - EPSOM DOWNS,P26092,830,stop,2026-04-30,09:19:00,,
BATTERSEA PARK LONDON - EPSOM DOWNS,P26092,830,stop,2026-04-20,09:19:00,,
BATTERSEA PARK LONDON - EPSOM DOWNS,P26093,830,stop,2026-04-11,09:19:00,,
EPSOM - NORWOOD JUNCTION,P25200,915,stop,2026-04-23,09:19:00,,
BATTERSEA PARK LONDON - EPSOM DOWNS,P26092,830,stop,2026-04-24,09:19:00,,
SUTTON (SURREY) - ST ALBANS CITY,G83900,919,stop,2026-04-10,09:19:00,,
BATTERSEA PARK LONDON - EPSOM DOWNS,P26092,830,stop,2026-04-13,09:19:00,,
SUTTON (SURREY) - ST ALBANS CITY,G83900,919,stop,2026-04-24,09:19:00,,
SUTTON (SURREY) - LUTON,G83899,919,stop,2026-04-26,09:19:00,,
SUTTON (SURREY) - ST ALBANS CITY,G25185,919,stop,2026-04-11,09:19:00,,
BATTERSEA PARK LONDON - EPSOM DOWNS,P26092,830,stop,2026-04-14,09:19:00,,
SUTTON (SURREY) - ST ALBANS CITY,G83900,919,stop,2026-04-30,09:19:00,,
SUTTON (SURREY) - ST ALBANS CITY,G83900,919,stop,2026-04-16,09:19:00,,
EPSOM - NORWOOD JUNCTION,P25200,915,stop,2026-04-24,09:19:00,,
SUTTON (SURREY) - ST ALBANS CITY,G83900,919,stop,2026-04-21,09:19:00,,
EPSOM - NORWOOD JUNCTION,P25200,915,stop,2026-04-01,09:19:00,,
BATTERSEA PARK LONDON - EPSOM DOWNS,P26092,830,stop,2026-04-15,09:19:00,,
EPSOM - NORWOOD JUNCTION,P25201,915,stop,2026-04-18,09:19:00,,
SUTTON (SURREY) - ST ALBANS CITY,G83900,919,stop,2026-04-23,09:19:00,,
EPSOM - NORWOOD JUNCTION,P25200,915,stop,2026-04-15,09:19:00,,
EPSOM - NORWOOD JUNCTION,P25200,915,stop,2026-04-06,09:19:00,,
SUTTON (SURREY) - ST ALBANS CITY,G83900,919,stop,2026-04-27,09:19:00,,
EPSOM - NORWOOD JUNCTION,P25200,915,stop,2026-04-09,09:19:00,,
EPSOM - NORWOOD JUNCTION,P25200,915,stop,2026-04-14,09:19:00,,
BATTERSEA PARK LONDON - EPSOM DOWNS,P26092,830,stop,2026-04-06,09:19:00,,
BATTERSEA PARK LONDON - EPSOM DOWNS,X00755,830,stop,2026-04-06,09:19:00,,
BATTERSEA PARK LONDON - EPSOM DOWNS,P26092,830,stop,2026-04-03,09:19:00,,
BATTERSEA PARK LONDON - EPSOM DOWNS,X96740,830,stop,2026-04-03,09:19:00,,
BATTERSEA PARK LONDON - EPSOM DOWNS,P26092,830,stop,2026-04-10,09:19:00,,
BATTERSEA PARK LONDON - EPSOM DOWNS,P26092,830,stop,2026-04-28,09:19:00,,
SUTTON (SURREY) - ST ALBANS CITY,G83900,919,stop,2026-04-09,09:19:00,,
SUTTON (SURREY) - ST ALBANS CITY,G83900,919,stop,2026-04-17,09:19:00,,
BATTERSEA PARK LONDON - EPSOM DOWNS,P26093,830,stop,2026-04-04,09:19:00,,
SUTTON (SURREY) - ST ALBANS CITY,G83900,919,stop,2026-04-15,09:19:00,,
SUTTON (SURREY) - ST ALBANS CITY,G83900,919,stop,2026-04-20,09:19:00,,
BATTERSEA PARK LONDON - EPSOM DOWNS,P26092,830,stop,2026-04-23,09:19:00,,
EPSOM DOWNS - BATTERSEA PARK LONDON,P26116,908,stop,2026-04-05,09:21:00,,
BATTERSEA PARK LONDON - EPSOM DOWNS,P26091,834,stop,2026-04-26,09:20:00,,
BATTERSEA PARK LONDON - EPSOM DOWNS,P26091,834,stop,2026-04-12,09:20:00,,
STREATHAM HILL - EPSOM DOWNS,P26091,844,stop,2026-04-19,09:20:00,,
SUTTON (SURREY) - LUTON,G83899,919,stop,2026-04-12,09:19:00,,
EPSOM - NORWOOD JUNCTION,P25200,915,stop,2026-04-02,09:19:00,,
BATTERSEA PARK LONDON - EPSOM DOWNS,P26092,830,stop,2026-04-01,09:19:00,,
SUTTON (SURREY) - ST ALBANS CITY,G25185,919,stop,2026-04-04,09:19:00,,
BATTERSEA PARK LONDON - EPSOM DOWNS,P26092,830,stop,2026-04-21,09:19:00,,
BATTERSEA PARK LONDON - EPSOM DOWNS,P26092,830,stop,2026-04-08,09:19:00,,
EPSOM - NORWOOD JUNCTION,P25200,915,stop,2026-04-10,09:19:00,,
EPSOM - NORWOOD JUNCTION,P25200,915,stop,2026-04-21,09:19:00,,
GUILDFORD - EARLSFIELD,L74235,842,stop,2026-04-28,09:21:00,,
GUILDFORD - EARLSFIELD,L74235,842,stop,2026-04-23,09:21:00,,
EPSOM DOWNS - BATTERSEA PARK LONDON,P26117,908,stop,2026-04-22,09:21:00,,
EPSOM DOWNS - BATTERSEA PARK LONDON,P26117,908,stop,2026-04-07,09:21:00,,
EPSOM DOWNS - BATTERSEA PARK LONDON,P26117,908,stop,2026-04-27,09:21:00,,
EPSOM DOWNS - BATTERSEA PARK LONDON,P26116,908,stop,2026-04-26,09:21:00,,
GUILDFORD - EARLSFIELD,L74235,842,stop,2026-04-01,09:21:00,,
GUILDFORD - EARLSFIELD,L74235,842,stop,2026-04-03,09:21:00,,
EPSOM DOWNS - BATTERSEA PARK LONDON,P26117,908,stop,2026-04-29,09:21:00,,
EPSOM DOWNS - BATTERSEA PARK LONDON,P26117,908,stop,2026-04-16,09:21:00,,
EPSOM DOWNS - BATTERSEA PARK LONDON,P26118,908,stop,2026-04-04,09:21:00,,
GUILDFORD - EARLSFIELD,L74235,842,stop,2026-04-24,09:21:00,,
GUILDFORD - EARLSFIELD,L74235,842,stop,2026-04-29,09:21:00,,
EPSOM DOWNS - BATTERSEA PARK LONDON,P26117,908,stop,2026-04-01,09:21:00,,
BATTERSEA PARK LONDON - EPSOM DOWNS,P26091,834,stop,2026-04-05,09:21:00,,
EPSOM DOWNS - BATTERSEA PARK LONDON,P26117,908,stop,2026-04-08,09:21:00,,
EPSOM DOWNS - BATTERSEA PARK LONDON,P26117,908,stop,2026-04-23,09:21:00,,
EPSOM DOWNS - STREATHAM HILL,P26116,908,stop,2026-04-19,09:21:00,,
GUILDFORD - EARLSFIELD,L74235,842,stop,2026-04-17,09:21:00,,
EPSOM DOWNS - BATTERSEA PARK LONDON,X00762,908,stop,2026-04-06,09:21:00,,
EPSOM DOWNS - BATTERSEA PARK LONDON,P26117,908,stop,2026-04-21,09:21:00,,
GUILDFORD - EARLSFIELD,L74235,842,stop,2026-04-20,09:21:00,,
GUILDFORD - EARLSFIELD,L74235,842,stop,2026-04-06,09:21:00,,
GUILDFORD - EARLSFIELD,L74235,842,stop,2026-04-22,09:21:00,,
EPSOM DOWNS - BATTERSEA PARK LONDON,P26117,908,stop,2026-04-10,09:21:00,,
EPSOM DOWNS - BATTERSEA PARK LONDON,P26118,908,stop,2026-04-25,09:21:00,,
EPSOM DOWNS - BATTERSEA PARK LONDON,P26117,908,stop,2026-04-15,09:21:00,,
EPSOM DOWNS - STREATHAM HILL,P26118,908,stop,2026-04-18,09:21:00,,
GUILDFORD - EARLSFIELD,L74235,842,stop,2026-04-07,09:21:00,,
GUILDFORD - EARLSFIELD,L74235,842,stop,2026-04-27,09:21:00,,
GUILDFORD - EARLSFIELD,L74235,842,stop,2026-04-08,09:21:00,,
GUILDFORD - EARLSFIELD,L74235,842,stop,2026-04-21,09:21:00,,
EPSOM DOWNS - BATTERSEA PARK LONDON,P26117,908,stop,2026-04-13,09:21:00,,
GUILDFORD - EARLSFIELD,L74235,842,stop,2026-04-10,09:21:00,,
GUILDFORD - EARLSFIELD,L74235,842,stop,2026-04-16,09:21:00,,
EPSOM DOWNS - BATTERSEA PARK LONDON,P26117,908,stop,2026-04-20,09:21:00,,
EPSOM DOWNS - BATTERSEA PARK LONDON,P26117,908,stop,2026-04-03,09:21:00,,
EPSOM DOWNS - BATTERSEA PARK LONDON,X96691,908,stop,2026-04-03,09:21:00,,
GUILDFORD - EARLSFIELD,L74235,842,stop,2026-04-15,09:21:00,,
EPSOM DOWNS - BATTERSEA PARK LONDON,P26117,908,stop,2026-04-06,09:21:00,,
EPSOM DOWNS - BATTERSEA PARK LONDON,P26117,908,stop,2026-04-24,09:21:00,,
GUILDFORD - EARLSFIELD,L74235,842,stop,2026-04-02,09:21:00,,
GUILDFORD - EARLSFIELD,L74235,842,stop,2026-04-14,09:21:00,,
EPSOM DOWNS - BATTERSEA PARK LONDON,P26116,908,stop,2026-04-12,09:21:00,,
EPSOM DOWNS - BATTERSEA PARK LONDON,P26117,908,stop,2026-04-09,09:21:00,,
GUILDFORD - EARLSFIELD,L74235,842,stop,2026-04-13,09:21:00,,
EPSOM DOWNS - BATTERSEA PARK LONDON,P26117,908,stop,2026-04-28,09:21:00,,
EPSOM DOWNS - BATTERSEA PARK LONDON,P26117,908,stop,2026-04-17,09:21:00,,
GUILDFORD - EARLSFIELD,L74234,845,stop,2026-04-04,09:22:00,,
MITCHAM EASTFIELDS - HORSHAM (2),P26605,850,stop,2026-04-18,09:22:00,,
GUILDFORD - EARLSFIELD,Q88882,845,stop,2026-04-03,09:22:00,,
EPSOM DOWNS - BATTERSEA PARK LONDON,P26118,908,stop,2026-04-11,09:21:00,,
EPSOM DOWNS - BATTERSEA PARK LONDON,P26117,908,stop,2026-04-02,09:21:00,,
GUILDFORD - EARLSFIELD,L74235,842,stop,2026-04-09,09:21:00,,
GUILDFORD - EARLSFIELD,L74235,842,stop,2026-04-30,09:21:00,,
EPSOM DOWNS - BATTERSEA PARK LONDON,P26117,908,stop,2026-04-30,09:21:00,,
EPSOM DOWNS - BATTERSEA PARK LONDON,P26117,908,stop,2026-04-14,09:21:00,,
GUILDFORD - EARLSFIELD,L74234,845,stop,2026-04-25,09:22:00,,
GUILDFORD - EARLSFIELD,Q51006,845,stop,2026-04-06,09:22:00,,
GUILDFORD - EARLSFIELD,L74234,845,stop,2026-04-11,09:22:00,,
EARLSFIELD - GUILDFORD (2),P61584,853,stop,2026-04-09,09:24:00,,
EARLSFIELD - GUILDFORD (2),P61585,853,stop,2026-04-11,09:24:00,,
EARLSFIELD - GUILDFORD (2),P61584,853,stop,2026-04-17,09:24:00,,
EARLSFIELD - GUILDFORD (2),P61585,853,stop,2026-04-18,09:24:00,,
EARLSFIELD - GUILDFORD (2),P61584,853,stop,2026-04-10,09:24:00,,
EARLSFIELD - GUILDFORD (2),Q50991,853,stop,2026-04-06,09:24:00,,
GUILDFORD - EARLSFIELD,L74234,845,stop,2026-04-18,09:22:00,,
EARLSFIELD - GUILDFORD (2),P61584,853,stop,2026-04-14,09:24:00,,
EARLSFIELD - GUILDFORD (2),P61585,853,stop,2026-04-25,09:24:00,,
EARLSFIELD - GUILDFORD (2),P61584,853,stop,2026-04-15,09:24:00,,
EARLSFIELD - GUILDFORD (2),P61584,853,stop,2026-04-07,09:24:00,,
EARLSFIELD - GUILDFORD (2),P61584,853,stop,2026-04-24,09:24:00,,
EARLSFIELD - GUILDFORD (2),P61584,853,stop,2026-04-22,09:24:00,,
EARLSFIELD - GUILDFORD (2),P61584,853,stop,2026-04-16,09:24:00,,
EARLSFIELD - GUILDFORD (2),P61584,853,stop,2026-04-30,09:24:00,,
EARLSFIELD - GUILDFORD (2),P61584,853,stop,2026-04-21,09:24:00,,
EARLSFIELD - GUILDFORD (2),P61584,853,stop,2026-04-28,09:24:00,,
EARLSFIELD - GUILDFORD (2),P61584,853,stop,2026-04-01,09:24:00,,
EARLSFIELD - GUILDFORD (2),P61584,853,stop,2026-04-20,09:24:00,,
EARLSFIELD - GUILDFORD (2),P61584,853,stop,2026-04-06,09:24:00,,
EARLSFIELD - GUILDFORD (2),P61584,853,stop,2026-04-27,09:24:00,,
EARLSFIELD - GUILDFORD (2),P61584,853,stop,2026-04-02,09:24:00,,
WIMBLEDON - LUTON,G83899,912,stop,2026-04-05,09:24:00,,
SUTTON (SURREY) - DORKING,X04932,925,stop,2026-04-12,09:25:00,,
EARLSFIELD - GUILDFORD (2),P61584,853,stop,2026-04-29,09:24:00,,
EARLSFIELD - GUILDFORD (2),Q38828,853,stop,2026-04-03,09:24:00,,
EARLSFIELD - GUILDFORD (2),P61584,853,stop,2026-04-08,09:24:00,,
EARLSFIELD - GUILDFORD (2),P61584,853,stop,2026-04-23,09:24:00,,
EARLSFIELD - GUILDFORD (2),P61584,853,stop,2026-04-03,09:24:00,,
EARLSFIELD - GUILDFORD (2),P61584,853,stop,2026-04-13,09:24:00,,
EARLSFIELD - GUILDFORD (2),P61585,853,stop,2026-04-04,09:24:00,,
NORWOOD JUNCTION - EPSOM,P25198,855,stop,2026-04-02,09:28:00,,
NORWOOD JUNCTION - EPSOM,P25199,855,stop,2026-04-25,09:28:00,,
NORWOOD JUNCTION - EPSOM,P25198,855,stop,2026-04-20,09:28:00,,
NORWOOD JUNCTION - EPSOM,P25198,855,stop,2026-04-15,09:28:00,,
NORWOOD JUNCTION - EPSOM,P25199,855,stop,2026-04-04,09:28:00,,
NORWOOD JUNCTION - EPSOM,P25199,855,stop,2026-04-18,09:28:00,,
SUTTON (SURREY) - TULSE HILL,X27303,927,stop,2026-04-05,09:27:00,,
DORKING - EARLSFIELD,P61012,907,stop,2026-04-12,09:27:00,,
DORKING - EARLSFIELD,P61012,907,stop,2026-04-26,09:27:00,,
DORKING - EARLSFIELD,P61012,907,stop,2026-04-19,09:27:00,,
DORKING - EARLSFIELD,P61012,907,stop,2026-04-05,09:27:00,,
NORWOOD JUNCTION - EPSOM,P25198,855,stop,2026-04-30,09:28:00,,
NORWOOD JUNCTION - EPSOM,P25198,855,stop,2026-04-14,09:28:00,,
NORWOOD JUNCTION - EPSOM,P25198,855,stop,2026-04-06,09:28:00,,
NORWOOD JUNCTION - EPSOM,X92941,855,stop,2026-04-03,09:28:00,,
NORWOOD JUNCTION - EPSOM,P25198,855,stop,2026-04-27,09:28:00,,
NORWOOD JUNCTION - EPSOM,P25198,855,stop,2026-04-16,09:28:00,,
NORWOOD JUNCTION - EPSOM,P25198,855,stop,2026-04-07,09:28:00,,
NORWOOD JUNCTION - EPSOM,P25198,855,stop,2026-04-13,09:28:00,,
NORWOOD JUNCTION - EPSOM,P25199,855,stop,2026-04-11,09:28:00,,
NORWOOD JUNCTION - EPSOM,P25198,855,stop,2026-04-03,09:28:00,,
NORWOOD JUNCTION - EPSOM,P25198,855,stop,2026-04-29,09:28:00,,
NORWOOD JUNCTION - EPSOM,P25198,855,stop,2026-04-10,09:28:00,,
NORWOOD JUNCTION - EPSOM,P25198,855,stop,2026-04-22,09:28:00,,
NORWOOD JUNCTION - EPSOM,P25198,855,stop,2026-04-21,09:28:00,,
NORWOOD JUNCTION - EPSOM,P25198,855,stop,2026-04-17,09:28:00,,
NORWOOD JUNCTION - EPSOM,P25198,855,stop,2026-04-09,09:28:00,,
NORWOOD JUNCTION - EPSOM,P25198,855,stop,2026-04-23,09:31:00,,
NORWOOD JUNCTION - EPSOM,P25198,855,stop,2026-04-01,09:28:00,,
NORWOOD JUNCTION - EPSOM,P25198,855,stop,2026-04-28,09:28:00,,
NORWOOD JUNCTION - EPSOM,P25198,855,stop,2026-04-24,09:28:00,,
NORWOOD JUNCTION - EPSOM,P25198,855,stop,2026-04-08,09:28:00,,
NORWOOD JUNCTION - EPSOM,X01385,855,stop,2026-04-06,09:28:00,,
EARLSFIELD - DORKING,P61009,902,stop,2026-04-05,09:33:00,,
EARLSFIELD - DORKING,P61009,902,stop,2026-04-19,09:34:00,,
EARLSFIELD - DORKING,P61009,902,stop,2026-04-26,09:34:00,,
DORKING - BALHAM,P26613,915,stop,2026-04-22,09:36:00,,
DORKING - BALHAM,P26613,915,stop,2026-04-15,09:36:00,,
DORKING - BALHAM,P26613,915,stop,2026-04-23,09:36:00,,
DORKING - BALHAM,P26613,915,stop,2026-04-02,09:36:00,,
DORKING - BALHAM,P26613,915,stop,2026-04-10,09:36:00,,
DORKING - BALHAM,P26613,915,stop,2026-04-30,09:36:00,,
DORKING - BALHAM,P26613,915,stop,2026-04-03,09:36:00,,
DORKING - BALHAM,P26613,915,stop,2026-04-24,09:36:00,,
DORKING - BALHAM (2),P26615,912,stop,2026-04-26,09:35:00,,
DORKING - BALHAM (2),P26615,912,stop,2026-04-12,09:35:00,,
DORKING - MITCHAM EASTFIELDS,P26615,912,stop,2026-04-19,09:35:00,,
DORKING - WORCESTER PARK,Q54851,850,stop,2026-04-12,09:34:00,,
EARLSFIELD - DORKING,P61009,902,stop,2026-04-12,09:34:00,,
DORKING - MITCHAM EASTFIELDS (2),P26614,917,stop,2026-04-18,09:37:00,,
ST ALBANS CITY - SUTTON (SURREY),G84869,807,stop,2026-04-07,09:37:00,,
DORKING - BALHAM,P26613,915,stop,2026-04-27,09:36:00,,
DORKING - BALHAM,P26613,915,stop,2026-04-06,09:36:00,,
DORKING - BALHAM,P26613,915,stop,2026-04-29,09:36:00,,
DORKING - BALHAM,P26613,915,stop,2026-04-14,09:36:00,,
DORKING - BALHAM,P26613,915,stop,2026-04-01,09:36:00,,
DORKING - BALHAM,P26613,915,stop,2026-04-20,09:36:00,,
DORKING - BALHAM,P26613,915,stop,2026-04-07,09:36:00,,
DORKING - BALHAM,P26613,915,stop,2026-04-08,09:36:00,,
DORKING - BALHAM,P26613,915,stop,2026-04-16,09:36:00,,
DORKING - BALHAM,P26613,915,stop,2026-04-13,09:36:00,,
DORKING - BALHAM,P26613,915,stop,2026-04-09,09:36:00,,
DORKING - BALHAM,P26613,915,stop,2026-04-17,09:36:00,,
DORKING - BALHAM,P26613,915,stop,2026-04-28,09:36:00,,
DORKING - BALHAM,P26613,915,stop,2026-04-21,09:36:00,,
ST ALBANS CITY - SUTTON (SURREY),G84869,807,stop,2026-04-22,09:37:00,,
ST ALBANS CITY - SUTTON (SURREY),G84869,807,stop,2026-04-29,09:37:00,,
ST ALBANS CITY - SUTTON (SURREY),G84869,807,stop,2026-04-23,09:37:00,,
ST ALBANS CITY - SUTTON (SURREY) (2),G25155,807,stop,2026-04-04,09:37:00,,
ST ALBANS CITY - SUTTON (SURREY),G84869,807,stop,2026-04-02,09:37:00,,
ST ALBANS CITY - SUTTON (SURREY),G84869,807,stop,2026-04-28,09:37:00,,
ST ALBANS CITY - SUTTON (SURREY),G84869,807,stop,2026-04-13,09:37:00,,
ST ALBANS CITY - SUTTON (SURREY) (2),G25155,807,stop,2026-04-25,09:37:00,,
ST ALBANS CITY - SUTTON (SURREY),G84869,807,stop,2026-04-20,09:37:00,,
ST ALBANS CITY - SUTTON (SURREY),G84869,807,stop,2026-04-30,09:37:00,,
ST ALBANS CITY - SUTTON (SURREY) (2),G25155,807,stop,2026-04-11,09:37:00,,
ST ALBANS CITY - SUTTON (SURREY),G84869,807,stop,2026-04-16,09:37:00,,
ST ALBANS CITY - SUTTON (SURREY) (2),G84869,807,stop,2026-04-03,09:37:00,,
ST ALBANS CITY - SUTTON (SURREY),G84869,807,stop,2026-04-10,09:37:00,,
ST ALBANS CITY - SUTTON (SURREY),G84869,807,stop,2026-04-24,09:37:00,,
ST ALBANS CITY - SUTTON (SURREY),G84869,807,stop,2026-04-14,09:37:00,,
DORKING - BALHAM (3),X96677,917,stop,2026-04-03,09:39:00,,
DORKING - BALHAM (3),P26615,916,stop,2026-04-05,09:38:00,,
ST ALBANS CITY - SUTTON (SURREY),G84869,807,stop,2026-04-09,09:37:00,,
ST ALBANS CITY - SUTTON (SURREY),G84869,807,stop,2026-04-17,09:37:00,,
ST ALBANS CITY - SUTTON (SURREY) (2),G84869,807,stop,2026-04-06,09:37:00,,
ST ALBANS CITY - SUTTON (SURREY),G84869,807,stop,2026-04-15,09:37:00,,
ST ALBANS CITY - SUTTON (SURREY) (2),G25155,807,stop,2026-04-18,09:37:00,,
ST ALBANS CITY - SUTTON (SURREY),G84869,807,stop,2026-04-27,09:37:00,,
ST ALBANS CITY - SUTTON (SURREY),G84869,807,stop,2026-04-08,09:37:00,,
ST ALBANS CITY - SUTTON (SURREY),G84869,807,stop,2026-04-21,09:37:00,,
ST ALBANS CITY - SUTTON (SURREY),G84869,807,stop,2026-04-01,09:37:00,,
DORKING - BALHAM (3),X00928,917,stop,2026-04-06,09:39:00,,
DORKING - BALHAM (3),P26614,917,stop,2026-04-04,09:39:00,,
SUTTON (SURREY) - SELHURST,P26240,941,stop,2026-04-03,09:41:00,,
SUTTON (SURREY) - SELHURST,P26240,941,stop,2026-04-02,09:41:00,,
SUTTON (SURREY) - SELHURST,P26240,941,stop,2026-04-15,09:41:00,,
SUTTON (SURREY) - SELHURST,P26240,941,stop,2026-04-23,09:41:00,,
SUTTON (SURREY) - STREATHAM HILL,P27107,940,stop,2026-04-18,09:40:00,,
DORKING - BALHAM (3),P26614,917,stop,2026-04-11,09:39:00,,
DORKING - BALHAM (3),P26614,917,stop,2026-04-25,09:39:00,,
SUTTON (SURREY) - SELHURST,P26240,941,stop,2026-04-10,09:41:00,,
SUTTON (SURREY) - SELHURST,P26240,941,stop,2026-04-27,09:41:00,,
SUTTON (SURREY) - SELHURST,P26240,941,stop,2026-04-16,09:41:00,,
SUTTON (SURREY) - SELHURST,P26240,941,stop,2026-04-30,09:41:00,,
SUTTON (SURREY) - SELHURST,P26240,941,stop,2026-04-14,09:41:00,,
SUTTON (SURREY) - SELHURST,P26240,941,stop,2026-04-20,09:41:00,,
SUTTON (SURREY) - SELHURST,P26240,941,stop,2026-04-29,09:41:00,,
SUTTON (SURREY) - SELHURST,P26240,941,stop,2026-04-28,09:41:00,,
SUTTON (SURREY) - SELHURST,P26240,941,stop,2026-04-13,09:41:00,,
SUTTON (SURREY) - SELHURST,P26240,941,stop,2026-04-22,09:41:00,,
SUTTON (SURREY) - SELHURST,P26240,941,stop,2026-04-07,09:41:00,,
SUTTON (SURREY) - SELHURST,P26240,941,stop,2026-04-01,09:41:00,,
SUTTON (SURREY) - SELHURST,P26240,941,stop,2026-04-17,09:41:00,,
SUTTON (SURREY) - SELHURST,P26240,941,stop,2026-04-06,09:41:00,,
SUTTON (SURREY) - SELHURST,P26240,941,stop,2026-04-21,09:41:00,,
SUTTON (SURREY) - SELHURST,P26240,941,stop,2026-04-09,09:41:00,,
SUTTON (SURREY) - BALHAM (2),P26615,942,stop,2026-04-12,09:42:00,,
SUTTON (SURREY) - SELHURST,P26240,941,stop,2026-04-24,09:41:00,,
SUTTON (SURREY) - SELHURST,P26240,941,stop,2026-04-08,09:41:00,,
BALHAM - DORKING (2),P26612,910,stop,2026-04-26,09:42:00,,
MITCHAM EASTFIELDS - DORKING (2),P26612,908,stop,2026-04-19,09:42:00,,
BALHAM - DORKING,P26610,911,stop,2026-04-06,09:43:00,,
BALHAM - DORKING,P26610,911,stop,2026-04-24,09:43:00,,
BALHAM - DORKING,P26610,911,stop,2026-04-23,09:43:00,,
BALHAM - DORKING,P26611,911,stop,2026-04-11,09:43:00,,
BALHAM - DORKING,P26610,911,stop,2026-04-29,09:43:00,,
BALHAM - DORKING,P26610,911,stop,2026-04-20,09:43:00,,
BALHAM - DORKING,P26610,911,stop,2026-04-16,09:43:00,,
BALHAM - DORKING,P26610,911,stop,2026-04-27,09:43:00,,
BALHAM - DORKING,P26611,911,stop,2026-04-25,09:43:00,,
BALHAM - DORKING,P26610,911,stop,2026-04-17,09:43:00,,
BALHAM - DORKING,P26610,911,stop,2026-04-02,09:43:00,,
BALHAM - DORKING,P26610,911,stop,2026-04-21,09:43:00,,
BALHAM - DORKING,P26610,911,stop,2026-04-01,09:43:00,,
BALHAM - DORKING (2),P26612,910,stop,2026-04-12,09:45:00,,
BALHAM - DORKING (5),P26612,910,stop,2026-04-05,09:44:00,,
BALHAM - DORKING,P26610,911,stop,2026-04-14,09:43:00,,
BALHAM - DORKING,P26610,911,stop,2026-04-08,09:43:00,,
BALHAM - DORKING,P26610,911,stop,2026-04-09,09:43:00,,
BALHAM - DORKING,P26610,911,stop,2026-04-30,09:43:00,,
BALHAM - DORKING,P26610,911,stop,2026-04-03,09:43:00,,
BALHAM - DORKING,P26610,911,stop,2026-04-22,09:43:00,,
BALHAM - DORKING,P26610,911,stop,2026-04-13,09:43:00,,
BALHAM - DORKING,X96688,911,stop,2026-04-03,09:43:00,,
BALHAM - DORKING,P26610,911,stop,2026-04-10,09:43:00,,
BALHAM - DORKING,P26610,911,stop,2026-04-07,09:43:00,,
BALHAM - DORKING,P26611,911,stop,2026-04-04,09:43:00,,
BALHAM - DORKING,P26610,911,stop,2026-04-28,09:43:00,,
BALHAM - DORKING,X00927,911,stop,2026-04-06,09:43:00,,
BALHAM - DORKING,P26610,911,stop,2026-04-15,09:43:00,,
SUTTON (SURREY) - ST ALBANS CITY (3),G84872,946,stop,2026-04-09,09:46:00,,
SUTTON (SURREY) - ST ALBANS CITY (3),G84872,946,stop,2026-04-24,09:46:00,,
SUTTON (SURREY) - ST ALBANS CITY (3),G84872,946,stop,2026-04-10,09:46:00,,
SUTTON (SURREY) - ST ALBANS CITY (3),G84872,946,stop,2026-04-22,09:46:00,,
SUTTON (SURREY) - ST ALBANS CITY (3),G84872,946,stop,2026-04-07,09:46:00,,
SUTTON (SURREY) - ST ALBANS CITY (3),G84872,946,stop,2026-04-27,09:46:00,,
SUTTON (SURREY) - ST ALBANS CITY (3),G84872,946,stop,2026-04-08,09:46:00,,
SUTTON (SURREY) - ST ALBANS CITY (3),G84872,946,stop,2026-04-03,09:46:00,,
SUTTON (SURREY) - ST ALBANS CITY (3),G84872,946,stop,2026-04-14,09:46:00,,
SUTTON (SURREY) - ST ALBANS CITY (3),G84872,946,stop,2026-04-20,09:46:00,,
SUTTON (SURREY) - ST ALBANS CITY (3),G25195,946,stop,2026-04-04,09:46:00,,
SUTTON (SURREY) - ST ALBANS CITY (3),G25195,946,stop,2026-04-25,09:46:00,,
SUTTON (SURREY) - ST ALBANS CITY (3),G25195,946,stop,2026-04-11,09:46:00,,
SUTTON (SURREY) - ST ALBANS CITY (3),G84872,946,stop,2026-04-21,09:46:00,,
SUTTON (SURREY) - ST ALBANS CITY (3),G84872,946,stop,2026-04-30,09:46:00,,
SUTTON (SURREY) - ST ALBANS CITY (3),G84872,946,stop,2026-04-16,09:46:00,,
SUTTON (SURREY) - ST ALBANS CITY (3),G84872,946,stop,2026-04-29,09:46:00,,
SUTTON (SURREY) - ST ALBANS CITY (3),G84872,946,stop,2026-04-06,09:46:00,,
SUTTON (SURREY) - ST ALBANS CITY (3),G84872,946,stop,2026-04-13,09:46:00,,
SUTTON (SURREY) - ST ALBANS CITY (3),G84872,946,stop,2026-04-17,09:46:00,,
SUTTON (SURREY) - ST ALBANS CITY (3),G84872,946,stop,2026-04-15,09:46:00,,
SUTTON (SURREY) - ST ALBANS CITY (3),G84872,946,stop,2026-04-28,09:46:00,,
BATTERSEA PARK LONDON - EPSOM DOWNS,P26106,900,stop,2026-04-22,09:49:00,,
EPSOM - NORWOOD JUNCTION,P25204,945,stop,2026-04-27,09:49:00,,
WORCESTER PARK - EFFINGHAM JUNCTION,Q54817,935,stop,2026-04-12,09:48:00,,
DORKING - SUTTON (SURREY),X04895,903,stop,2026-04-12,09:47:00,,
SUTTON (SURREY) - ST ALBANS CITY (3),G25195,947,stop,2026-04-18,09:47:00,,
SUTTON (SURREY) - ST ALBANS CITY (3),G84872,946,stop,2026-04-23,09:46:00,,
SUTTON (SURREY) - ST ALBANS CITY (3),G84872,946,stop,2026-04-01,09:46:00,,
SUTTON (SURREY) - ST ALBANS CITY (3),G84872,946,stop,2026-04-02,09:46:00,,
BATTERSEA PARK LONDON - EPSOM DOWNS,P26106,900,stop,2026-04-24,09:49:00,,
SUTTON (SURREY) - ST ALBANS CITY,G83906,949,stop,2026-04-27,09:49:00,,
BATTERSEA PARK LONDON - EPSOM DOWNS,P26106,900,stop,2026-04-16,09:49:00,,
SUTTON (SURREY) - WEST HAMPSTEAD THAMESLINK,G83905,949,stop,2026-04-19,09:49:00,,
EPSOM - NORWOOD JUNCTION,P25204,945,stop,2026-04-23,09:49:00,,
SUTTON (SURREY) - ST ALBANS CITY,G83906,949,stop,2026-04-07,09:49:00,,
SUTTON (SURREY) - ST ALBANS CITY,G25197,949,stop,2026-04-18,09:49:00,,
BATTERSEA PARK LONDON - EPSOM DOWNS,P26106,900,stop,2026-04-13,09:49:00,,
STREATHAM HILL - EPSOM DOWNS,P26107,913,stop,2026-04-18,09:49:00,,
BATTERSEA PARK LONDON - EPSOM DOWNS,P26106,900,stop,2026-04-14,09:49:00,,
BATTERSEA PARK LONDON - EPSOM DOWNS,P26107,900,stop,2026-04-25,09:49:00,,
SUTTON (SURREY) - ST ALBANS CITY,G83906,949,stop,2026-04-16,09:49:00,,
EPSOM - NORWOOD JUNCTION,P25204,945,stop,2026-04-14,09:49:00,,
SUTTON (SURREY) - ST ALBANS CITY,G25197,949,stop,2026-04-04,09:49:00,,
EPSOM - NORWOOD JUNCTION,P25204,945,stop,2026-04-29,09:49:00,,
EPSOM - NORWOOD JUNCTION,P25204,945,stop,2026-04-22,09:49:00,,
EPSOM - NORWOOD JUNCTION,P25204,945,stop,2026-04-30,09:49:00,,
EPSOM - NORWOOD JUNCTION,P25204,945,stop,2026-04-13,09:49:00,,
SUTTON (SURREY) - ST ALBANS CITY,G83906,949,stop,2026-04-09,09:49:00,,
EPSOM - NORWOOD JUNCTION,P25204,945,stop,2026-04-03,09:49:00,,
STREATHAM HILL - EPSOM DOWNS,P26105,913,stop,2026-04-19,09:49:00,,
BATTERSEA PARK LONDON - EPSOM DOWNS,P26105,900,stop,2026-04-12,09:49:00,,
EPSOM - NORWOOD JUNCTION,P25204,945,stop,2026-04-24,09:49:00,,
EPSOM - NORWOOD JUNCTION,P25204,945,stop,2026-04-01,09:49:00,,
SUTTON (SURREY) - ST ALBANS CITY,G83906,949,stop,2026-04-29,09:49:00,,
EPSOM - NORWOOD JUNCTION,P25205,945,stop,2026-04-25,09:49:00,,
BATTERSEA PARK LONDON - EPSOM DOWNS,X00759,900,stop,2026-04-06,09:49:00,,
SUTTON (SURREY) - ST ALBANS CITY,G83906,949,stop,2026-04-08,09:49:00,,
SUTTON (SURREY) - ST ALBANS CITY,G83906,949,stop,2026-04-15,09:49:00,,
BATTERSEA PARK LONDON - EPSOM DOWNS,P26106,900,stop,2026-04-27,09:49:00,,
EPSOM - NORWOOD JUNCTION,P25204,945,stop,2026-04-02,09:49:00,,
EPSOM - NORWOOD JUNCTION,P25204,945,stop,2026-04-08,09:49:00,,
BATTERSEA PARK LONDON - EPSOM DOWNS,P26105,900,stop,2026-04-26,09:49:00,,
BATTERSEA PARK LONDON - EPSOM DOWNS,P26106,900,stop,2026-04-09,09:49:00,,
SUTTON (SURREY) - ST ALBANS CITY,G83906,949,stop,2026-04-01,09:49:00,,
BATTERSEA PARK LONDON - EPSOM DOWNS,P26106,900,stop,2026-04-08,09:49:00,,
SUTTON (SURREY) - LUTON,G83905,949,stop,2026-04-12,09:49:00,,
SUTTON (SURREY) - ST ALBANS CITY,G83906,949,stop,2026-04-28,09:49:00,,
BATTERSEA PARK LONDON - EPSOM DOWNS,P26106,900,stop,2026-04-17,09:49:00,,
BATTERSEA PARK LONDON - EPSOM DOWNS,P26107,900,stop,2026-04-04,09:49:00,,
SUTTON (SURREY) - ST ALBANS CITY,G83906,949,stop,2026-04-17,09:49:00,,
SUTTON (SURREY) - ST ALBANS CITY,G83906,949,stop,2026-04-06,09:49:00,,
BATTERSEA PARK LONDON - EPSOM DOWNS,P26106,900,stop,2026-04-15,09:49:00,,
EPSOM - NORWOOD JUNCTION,P25204,945,stop,2026-04-15,09:49:00,,
EPSOM - NORWOOD JUNCTION,P25204,945,stop,2026-04-10,09:49:00,,
EPSOM - NORWOOD JUNCTION,P25205,945,stop,2026-04-18,09:49:00,,
SUTTON (SURREY) - ST ALBANS CITY,G25197,949,stop,2026-04-11,09:49:00,,
SUTTON (SURREY) - ST ALBANS CITY,G83906,949,stop,2026-04-30,09:49:00,,
BATTERSEA PARK LONDON - EPSOM DOWNS,P26106,900,stop,2026-04-07,09:49:00,,
EPSOM - NORWOOD JUNCTION,P25204,945,stop,2026-04-07,09:49:00,,
SUTTON (SURREY) - ST ALBANS CITY,G83906,949,stop,2026-04-22,09:49:00,,
BATTERSEA PARK LONDON - EPSOM DOWNS,P26106,900,stop,2026-04-06,09:49:00,,
SUTTON (SURREY) - ST ALBANS CITY,G83906,949,stop,2026-04-21,09:49:00,,
BATTERSEA PARK LONDON - EPSOM DOWNS,P26106,900,stop,2026-04-23,09:49:00,,
EPSOM - NORWOOD JUNCTION,P25204,945,stop,2026-04-28,09:49:00,,
EPSOM - NORWOOD JUNCTION,P25204,945,stop,2026-04-20,09:49:00,,
BATTERSEA PARK LONDON - EPSOM DOWNS,P26106,900,stop,2026-04-21,09:49:00,,
SUTTON (SURREY) - ST ALBANS CITY,G83906,949,stop,2026-04-23,09:49:00,,
SUTTON (SURREY) - ST ALBANS CITY,G83906,949,stop,2026-04-02,09:49:00,,
EPSOM - NORWOOD JUNCTION,P25205,945,stop,2026-04-11,09:49:00,,
BATTERSEA PARK LONDON - EPSOM DOWNS,P26106,900,stop,2026-04-30,09:49:00,,
BATTERSEA PARK LONDON - EPSOM DOWNS,P26106,900,stop,2026-04-03,09:49:00,,
BATTERSEA PARK LONDON - EPSOM DOWNS,X96700,900,stop,2026-04-03,09:49:00,,
BATTERSEA PARK LONDON - EPSOM DOWNS,P26106,900,stop,2026-04-28,09:49:00,,
SUTTON (SURREY) - ST ALBANS CITY,G83906,949,stop,2026-04-13,09:49:00,,
BATTERSEA PARK LONDON - EPSOM DOWNS,P26107,900,stop,2026-04-11,09:49:00,,
SUTTON (SURREY) - ST ALBANS CITY,G83906,949,stop,2026-04-03,09:49:00,,
SUTTON (SURREY) - ST ALBANS CITY,G25197,949,stop,2026-04-25,09:49:00,,
BATTERSEA PARK LONDON - EPSOM DOWNS,P26106,900,stop,2026-04-20,09:49:00,,
SUTTON (SURREY) - ST ALBANS CITY,G83906,949,stop,2026-04-24,09:49:00,,
EPSOM - NORWOOD JUNCTION,X96639,945,stop,2026-04-03,09:49:00,,
BATTERSEA PARK LONDON - EPSOM DOWNS,P26106,900,stop,2026-04-01,09:49:00,,
SUTTON (SURREY) - ST ALBANS CITY,G83906,949,stop,2026-04-20,09:49:00,,
EPSOM - NORWOOD JUNCTION,P25204,945,stop,2026-04-17,09:49:00,,
EPSOM - NORWOOD JUNCTION,X01388,945,stop,2026-04-06,09:49:00,,
SUTTON (SURREY) - ST ALBANS CITY,G83906,949,stop,2026-04-14,09:49:00,,
EPSOM - NORWOOD JUNCTION,P25204,945,stop,2026-04-09,09:49:00,,
EPSOM - NORWOOD JUNCTION,P25204,945,stop,2026-04-06,09:49:00,,
EPSOM - NORWOOD JUNCTION,P25204,945,stop,2026-04-21,09:49:00,,
BATTERSEA PARK LONDON - EPSOM DOWNS,P26106,900,stop,2026-04-10,09:49:00,,
EPSOM DOWNS - BATTERSEA PARK LONDON,P26128,938,stop,2026-04-12,09:51:00,,
EPSOM DOWNS - BATTERSEA PARK LONDON,X00766,938,stop,2026-04-06,09:51:00,,
EPSOM DOWNS - BATTERSEA PARK LONDON,P26129,938,stop,2026-04-02,09:51:00,,
EPSOM DOWNS - BATTERSEA PARK LONDON,P26129,938,stop,2026-04-20,09:51:00,,
EPSOM DOWNS - BATTERSEA PARK LONDON,P26129,938,stop,2026-04-28,09:51:00,,
EPSOM DOWNS - BATTERSEA PARK LONDON,P26130,938,stop,2026-04-04,09:51:00,,
EPSOM DOWNS - BATTERSEA PARK LONDON,P26129,938,stop,2026-04-30,09:51:00,,
EPSOM DOWNS - STREATHAM HILL,P26128,938,stop,2026-04-19,09:51:00,,
EPSOM DOWNS - BATTERSEA PARK LONDON,P26129,938,stop,2026-04-06,09:51:00,,
SUTTON (SURREY) - ST ALBANS CITY,G83906,949,stop,2026-04-10,09:49:00,,
EPSOM - NORWOOD JUNCTION,P25205,945,stop,2026-04-04,09:49:00,,
BATTERSEA PARK LONDON - EPSOM DOWNS,P26106,900,stop,2026-04-29,09:49:00,,
EPSOM - NORWOOD JUNCTION,P25204,945,stop,2026-04-16,09:49:00,,
BATTERSEA PARK LONDON - EPSOM DOWNS,P26106,900,stop,2026-04-02,09:49:00,,
SUTTON (SURREY) - LUTON,G83905,949,stop,2026-04-26,09:49:00,,
EPSOM DOWNS - BATTERSEA PARK LONDON,P26130,938,stop,2026-04-11,09:51:00,,
EPSOM DOWNS - BATTERSEA PARK LONDON,P26128,938,stop,2026-04-26,09:51:00,,
BATTERSEA PARK LONDON - EPSOM DOWNS,P26105,900,stop,2026-04-05,09:51:00,,
EPSOM DOWNS - BATTERSEA PARK LONDON,P26129,938,stop,2026-04-09,09:51:00,,
EPSOM DOWNS - BATTERSEA PARK LONDON,P26129,938,stop,2026-04-07,09:51:00,,
EPSOM DOWNS - BATTERSEA PARK LONDON,P26129,938,stop,2026-04-16,09:51:00,,
EPSOM DOWNS - BATTERSEA PARK LONDON,P26129,938,stop,2026-04-13,09:51:00,,
EPSOM DOWNS - STREATHAM HILL,P26130,938,stop,2026-04-18,09:51:00,,
EPSOM DOWNS - BATTERSEA PARK LONDON,P26129,938,stop,2026-04-17,09:51:00,,
EPSOM DOWNS - BATTERSEA PARK LONDON,P26129,938,stop,2026-04-10,09:51:00,,
EPSOM DOWNS - BATTERSEA PARK LONDON,P26129,938,stop,2026-04-27,09:51:00,,
EPSOM DOWNS - BATTERSEA PARK LONDON,P26130,938,stop,2026-04-25,09:51:00,,
EPSOM DOWNS - BATTERSEA PARK LONDON,P26129,938,stop,2026-04-01,09:51:00,,
EPSOM DOWNS - BATTERSEA PARK LONDON,P26129,938,stop,2026-04-15,09:51:00,,
EPSOM DOWNS - BATTERSEA PARK LONDON,P26129,938,stop,2026-04-08,09:51:00,,
EPSOM DOWNS - BATTERSEA PARK LONDON,P26129,938,stop,2026-04-14,09:51:00,,
DORKING - EARLSFIELD,P61016,932,stop,2026-04-02,09:52:00,,
DORKING - EARLSFIELD,Q38798,932,stop,2026-04-03,09:52:00,,
DORKING - EARLSFIELD,P61016,932,stop,2026-04-03,09:52:00,,
DORKING - EARLSFIELD,P61017,932,stop,2026-04-25,09:52:00,,
EPSOM DOWNS - BATTERSEA PARK LONDON,P26129,938,stop,2026-04-23,09:51:00,,
EPSOM DOWNS - BATTERSEA PARK LONDON,P26129,938,stop,2026-04-03,09:51:00,,
EPSOM DOWNS - BATTERSEA PARK LONDON,P26129,938,stop,2026-04-24,09:51:00,,
EPSOM DOWNS - BATTERSEA PARK LONDON,X96649,938,stop,2026-04-03,09:51:00,,
EPSOM DOWNS - BATTERSEA PARK LONDON,P26129,938,stop,2026-04-29,09:51:00,,
EPSOM DOWNS - BATTERSEA PARK LONDON,P26128,938,stop,2026-04-05,09:51:00,,
EPSOM DOWNS - BATTERSEA PARK LONDON,P26129,938,stop,2026-04-21,09:51:00,,
EPSOM DOWNS - BATTERSEA PARK LONDON,P26129,938,stop,2026-04-22,09:51:00,,
DORKING - EARLSFIELD,P61016,932,stop,2026-04-08,09:52:00,,
DORKING - EARLSFIELD,P61016,932,stop,2026-04-07,09:52:00,,
DORKING - EARLSFIELD,P61016,932,stop,2026-04-23,09:52:00,,
DORKING - EARLSFIELD,P61016,932,stop,2026-04-13,09:52:00,,
DORKING - EARLSFIELD,P61016,932,stop,2026-04-14,09:52:00,,
DORKING - EARLSFIELD,P61016,932,stop,2026-04-15,09:52:00,,
DORKING - EARLSFIELD,P61016,932,stop,2026-04-30,09:52:00,,
DORKING - EARLSFIELD,P61016,932,stop,2026-04-21,09:52:00,,
DORKING - EARLSFIELD,P61016,932,stop,2026-04-22,09:52:00,,
DORKING - EARLSFIELD,P61016,932,stop,2026-04-24,09:52:00,,
DORKING - EARLSFIELD,P61016,932,stop,2026-04-09,09:52:00,,
DORKING - EARLSFIELD,P61016,932,stop,2026-04-17,09:52:00,,
DORKING - EARLSFIELD,P61016,932,stop,2026-04-28,09:52:00,,
DORKING - EARLSFIELD,P61016,932,stop,2026-04-01,09:52:00,,
DORKING - EARLSFIELD,P61016,932,stop,2026-04-27,09:52:00,,
DORKING - EARLSFIELD,P61017,932,stop,2026-04-11,09:52:00,,
DORKING - EARLSFIELD,P61016,932,stop,2026-04-06,09:52:00,,
DORKING - EARLSFIELD,P61016,932,stop,2026-04-16,09:52:00,,
DORKING - EARLSFIELD,P61016,932,stop,2026-04-20,09:52:00,,
DORKING - EARLSFIELD,P61016,932,stop,2026-04-29,09:52:00,,
DORKING - EARLSFIELD,P61016,932,stop,2026-04-10,09:52:00,,
DORKING - EARLSFIELD,P61017,932,stop,2026-04-18,09:52:00,,
DORKING - EARLSFIELD,Q50915,932,stop,2026-04-06,09:52:00,,
EARLSFIELD - DORKING,P61007,923,stop,2026-04-01,09:54:00,,
EARLSFIELD - DORKING,P61007,923,stop,2026-04-07,09:54:00,,
EARLSFIELD - DORKING,P61008,923,stop,2026-04-18,09:54:00,,
EARLSFIELD - DORKING,P61007,923,stop,2026-04-22,09:54:00,,
EARLSFIELD - DORKING,P61007,923,stop,2026-04-10,09:54:00,,
EARLSFIELD - DORKING,P61007,923,stop,2026-04-29,09:54:00,,
EARLSFIELD - DORKING,P61007,923,stop,2026-04-02,09:54:00,,
EARLSFIELD - DORKING,P61007,923,stop,2026-04-24,09:54:00,,
EARLSFIELD - DORKING,P61007,923,stop,2026-04-23,09:54:00,,
WIMBLEDON - WIMBLEDON,X98380,915,pass,2026-04-05,09:54:00,,
EARLSFIELD - DORKING,Q38807,923,stop,2026-04-03,09:54:00,,
WIMBLEDON - LUTON,G83905,942,stop,2026-04-05,09:54:00,,
EARLSFIELD - DORKING,P61007,923,stop,2026-04-03,09:54:00,,
EARLSFIELD - DORKING,P61008,923,stop,2026-04-11,09:54:00,,
MITCHAM EASTFIELDS - DORKING (2),P26611,920,stop,2026-04-18,09:53:00,,
DORKING - EARLSFIELD,P61017,932,stop,2026-04-04,09:52:00,,
EARLSFIELD - DORKING,P61008,923,stop,2026-04-04,09:54:00,,
EARLSFIELD - DORKING,P61007,923,stop,2026-04-16,09:54:00,,
EARLSFIELD - DORKING,P61007,923,stop,2026-04-06,09:54:00,,
EARLSFIELD - DORKING,Q50937,923,stop,2026-04-06,09:54:00,,
EARLSFIELD - DORKING,P61007,923,stop,2026-04-13,09:54:00,,
EARLSFIELD - DORKING,P61007,923,stop,2026-04-14,09:54:00,,
EARLSFIELD - DORKING,P61007,923,stop,2026-04-15,09:54:00,,
EARLSFIELD - DORKING,P61007,923,stop,2026-04-30,09:54:00,,
EARLSFIELD - DORKING,P61007,923,stop,2026-04-20,09:54:00,,
EARLSFIELD - DORKING,P61007,923,stop,2026-04-08,09:54:00,,
EARLSFIELD - DORKING,P61007,923,stop,2026-04-21,09:54:00,,
EARLSFIELD - DORKING,P61007,923,stop,2026-04-27,09:54:00,,
EARLSFIELD - DORKING,P61008,923,stop,2026-04-25,09:54:00,,
EARLSFIELD - DORKING,P61007,923,stop,2026-04-28,09:54:00,,
EARLSFIELD - DORKING,P61007,923,stop,2026-04-17,09:54:00,,
EARLSFIELD - DORKING,P61007,923,stop,2026-04-09,09:54:00,,
SUTTON (SURREY) - DORKING,X04931,955,stop,2026-04-12,09:55:00,,
GUILDFORD - EARLSFIELD,L74236,920,stop,2026-04-05,09:57:00,,
GUILDFORD - EARLSFIELD,L74236,920,stop,2026-04-19,09:57:00,,
NORWOOD JUNCTION - EPSOM,P25202,925,stop,2026-04-06,09:58:00,,
NORWOOD JUNCTION - EPSOM,P25202,925,stop,2026-04-15,09:58:00,,
NORWOOD JUNCTION - EPSOM,P25202,925,stop,2026-04-07,09:58:00,,
NORWOOD JUNCTION - EPSOM,P25202,925,stop,2026-04-29,09:58:00,,
NORWOOD JUNCTION - EPSOM,P25202,925,stop,2026-04-21,09:58:00,,
NORWOOD JUNCTION - EPSOM,P25202,925,stop,2026-04-09,09:58:00,,
NORWOOD JUNCTION - EPSOM,P25202,925,stop,2026-04-03,09:58:00,,
NORWOOD JUNCTION - EPSOM,P25202,925,stop,2026-04-08,09:58:00,,
NORWOOD JUNCTION - EPSOM,P25202,925,stop,2026-04-01,09:58:00,,
NORWOOD JUNCTION - EPSOM,P25202,925,stop,2026-04-23,09:58:00,,
NORWOOD JUNCTION - EPSOM,P25202,925,stop,2026-04-17,09:58:00,,
NORWOOD JUNCTION - EPSOM,P25202,925,stop,2026-04-14,09:58:00,,
NORWOOD JUNCTION - EPSOM,P25202,925,stop,2026-04-10,09:58:00,,
SUTTON (SURREY) - TULSE HILL,X27302,957,stop,2026-04-05,09:57:00,,
GUILDFORD - EARLSFIELD,L74236,920,stop,2026-04-12,09:57:00,,
GUILDFORD - EARLSFIELD,L74236,920,stop,2026-04-26,09:57:00,,
NORWOOD JUNCTION - EPSOM,P25203,925,stop,2026-04-11,09:59:00,,
NORWOOD JUNCTION - EPSOM,P25203,925,stop,2026-04-18,09:59:00,,
NORWOOD JUNCTION - EPSOM,X92940,925,stop,2026-04-03,09:59:00,,
NORWOOD JUNCTION - EPSOM,X01387,925,stop,2026-04-06,09:59:00,,
NORWOOD JUNCTION - EPSOM,P25203,925,stop,2026-04-25,09:59:00,,
NORWOOD JUNCTION - EPSOM,P25203,925,stop,2026-04-04,09:59:00,,
NORWOOD JUNCTION - EPSOM,P25202,925,stop,2026-04-20,09:58:00,,
NORWOOD JUNCTION - EPSOM,P25202,925,stop,2026-04-30,09:58:00,,
NORWOOD JUNCTION - EPSOM,P25202,925,stop,2026-04-13,09:58:00,,
NORWOOD JUNCTION - EPSOM,P25202,925,stop,2026-04-27,09:58:00,,
NORWOOD JUNCTION - EPSOM,P25202,925,stop,2026-04-28,09:58:00,,
NORWOOD JUNCTION - EPSOM,P25202,925,stop,2026-04-02,09:58:00,,
NORWOOD JUNCTION - EPSOM,P25202,925,stop,2026-04-22,09:58:00,,
NORWOOD JUNCTION - EPSOM,P25202,925,stop,2026-04-24,09:58:00,,
NORWOOD JUNCTION - EPSOM,P25202,925,stop,2026-04-16,09:58:00,,
EARLSFIELD - GUILDFORD (2),P61590,932,stop,2026-04-05,10:04:00,,
EARLSFIELD - GUILDFORD (2),P61590,932,stop,2026-04-26,10:04:00,,
EARLSFIELD - GUILDFORD (2),P61590,932,stop,2026-04-19,10:04:00,,
DORKING - MITCHAM EASTFIELDS,P26621,942,stop,2026-04-19,10:05:00,,
DORKING - BALHAM (2),P26621,942,stop,2026-04-12,10:05:00,,
DORKING - BALHAM (2),P26621,942,stop,2026-04-26,10:05:00,,
EFFINGHAM JUNCTION - WORCESTER PARK,Q54780,915,stop,2026-04-12,10:04:00,,
EARLSFIELD - GUILDFORD (2),P61590,932,stop,2026-04-12,10:04:00,,
HORSHAM - BALHAM,P26619,914,stop,2026-04-02,10:06:00,,
HORSHAM - BALHAM,P26619,914,stop,2026-04-20,10:06:00,,
HORSHAM - BALHAM,P26619,914,stop,2026-04-01,10:06:00,,
HORSHAM - BALHAM,P26619,914,stop,2026-04-30,10:06:00,,
HORSHAM - BALHAM,P26620,914,stop,2026-04-25,10:06:00,,
HORSHAM - BALHAM,P26620,914,stop,2026-04-04,10:06:00,,
HORSHAM - BALHAM,P26619,914,stop,2026-04-06,10:06:00,,
HORSHAM - BALHAM,X00930,914,stop,2026-04-06,10:06:00,,
HORSHAM - BALHAM,P26619,914,stop,2026-04-21,10:06:00,,
HORSHAM - BALHAM,P26619,914,stop,2026-04-07,10:06:00,,
HORSHAM - BALHAM,P26619,914,stop,2026-04-17,10:06:00,,
HORSHAM - BALHAM,P26619,914,stop,2026-04-28,10:06:00,,
HORSHAM - BALHAM,P26619,914,stop,2026-04-08,10:06:00,,
HORSHAM - BALHAM,P26619,914,stop,2026-04-09,10:06:00,,
HORSHAM - MITCHAM EASTFIELDS,P26620,920,stop,2026-04-18,10:06:00,,
ST ALBANS CITY - SUTTON (SURREY),G84873,837,stop,2026-04-24,10:07:00,,
ST ALBANS CITY - SUTTON (SURREY),G84873,837,stop,2026-04-06,10:07:00,,
ST ALBANS CITY - SUTTON (SURREY),G84873,837,stop,2026-04-20,10:07:00,,
HORSHAM - BALHAM,P26619,914,stop,2026-04-24,10:06:00,,
HORSHAM - BALHAM,P26619,914,stop,2026-04-16,10:06:00,,
HORSHAM - BALHAM,P26620,914,stop,2026-04-11,10:06:00,,
HORSHAM - BALHAM,P26619,914,stop,2026-04-27,10:06:00,,
HORSHAM - BALHAM,P26619,914,stop,2026-04-13,10:06:00,,
HORSHAM - BALHAM,P26619,914,stop,2026-04-22,10:06:00,,
HORSHAM - BALHAM,P26619,914,stop,2026-04-14,10:06:00,,
HORSHAM - BALHAM,P26619,914,stop,2026-04-23,10:06:00,,
HORSHAM - BALHAM,P26619,914,stop,2026-04-15,10:06:00,,
HORSHAM - BALHAM,P26619,914,stop,2026-04-03,10:06:00,,
HORSHAM - BALHAM,P26619,914,stop,2026-04-10,10:06:00,,
HORSHAM - BALHAM,P26619,914,stop,2026-04-29,10:06:00,,
HORSHAM - BALHAM,X96682,914,stop,2026-04-03,10:06:00,,
BLACKFRIARS LONDON - WIMBLEDON,G83910,927,stop,2026-04-05,10:07:00,,
ST ALBANS CITY - SUTTON (SURREY),G25167,837,stop,2026-04-18,10:07:00,,
ST ALBANS CITY - SUTTON (SURREY),G84873,837,stop,2026-04-17,10:07:00,,
ST ALBANS CITY - SUTTON (SURREY),G84873,837,stop,2026-04-29,10:07:00,,
ST ALBANS CITY - SUTTON (SURREY),G25167,837,stop,2026-04-11,10:07:00,,
ST ALBANS CITY - SUTTON (SURREY),G84873,837,stop,2026-04-14,10:07:00,,
ST ALBANS CITY - SUTTON (SURREY),G84873,837,stop,2026-04-27,10:07:00,,
ST ALBANS CITY - SUTTON (SURREY),G84873,837,stop,2026-04-23,10:07:00,,
ST ALBANS CITY - SUTTON (SURREY),G84873,837,stop,2026-04-13,10:07:00,,
ST ALBANS CITY - SUTTON (SURREY),G84873,837,stop,2026-04-08,10:07:00,,
ST ALBANS CITY - SUTTON (SURREY),G84873,837,stop,2026-04-21,10:07:00,,
ST ALBANS CITY - SUTTON (SURREY),G84873,837,stop,2026-04-07,10:07:00,,
ST ALBANS CITY - SUTTON (SURREY),G84873,837,stop,2026-04-28,10:07:00,,
ST ALBANS CITY - SUTTON (SURREY),G25167,837,stop,2026-04-25,10:07:00,,
ST ALBANS CITY - SUTTON (SURREY),G84873,837,stop,2026-04-22,10:07:00,,
ST ALBANS CITY - SUTTON (SURREY),G84873,837,stop,2026-04-01,10:07:00,,
DORKING - BALHAM (3),P26621,946,stop,2026-04-05,10:08:00,,
ST ALBANS CITY - SUTTON (SURREY),G84873,837,stop,2026-04-30,10:07:00,,
ST ALBANS CITY - SUTTON (SURREY),G84873,837,stop,2026-04-02,10:07:00,,
ST ALBANS CITY - SUTTON (SURREY),G84873,837,stop,2026-04-10,10:07:00,,
ST ALBANS CITY - SUTTON (SURREY),G25167,837,stop,2026-04-04,10:07:00,,
ST ALBANS CITY - SUTTON (SURREY),G84873,837,stop,2026-04-09,10:07:00,,
ST ALBANS CITY - SUTTON (SURREY),G84873,837,stop,2026-04-16,10:07:00,,
ST ALBANS CITY - SUTTON (SURREY),G84873,837,stop,2026-04-03,10:07:00,,
ST ALBANS CITY - SUTTON (SURREY),G84873,837,stop,2026-04-15,10:07:00,,
MITCHAM EASTFIELDS - DORKING (3),P26618,938,stop,2026-04-19,10:12:00,,
SUTTON (SURREY) - STREATHAM HILL,P27111,1010,stop,2026-04-18,10:10:00,,
SUTTON (SURREY) - BALHAM (2),P26621,1012,stop,2026-04-12,10:12:00,,
BALHAM - HORSHAM,P26616,941,stop,2026-04-09,10:13:00,,
BALHAM - HORSHAM,X00929,941,stop,2026-04-06,10:13:00,,
BALHAM - HORSHAM,P26616,941,stop,2026-04-10,10:13:00,,
BALHAM - HORSHAM,P26616,941,stop,2026-04-16,10:13:00,,
BALHAM - DORKING (8),P26618,940,stop,2026-04-26,10:12:00,,
BALHAM - HORSHAM,P26616,941,stop,2026-04-17,10:13:00,,
BALHAM - HORSHAM,X96646,941,stop,2026-04-03,10:13:00,,
BALHAM - HORSHAM,P26617,941,stop,2026-04-11,10:13:00,,
BALHAM - HORSHAM,P26616,941,stop,2026-04-28,10:13:00,,
BALHAM - HORSHAM,P26616,941,stop,2026-04-27,10:13:00,,
BALHAM - HORSHAM,P26616,941,stop,2026-04-14,10:13:00,,
BALHAM - HORSHAM,P26616,941,stop,2026-04-08,10:13:00,,
BALHAM - HORSHAM,P26616,941,stop,2026-04-30,10:13:00,,
BALHAM - HORSHAM,P26616,941,stop,2026-04-20,10:13:00,,
BALHAM - HORSHAM,P26616,941,stop,2026-04-29,10:13:00,,
BALHAM - HORSHAM,P26616,941,stop,2026-04-07,10:13:00,,
BALHAM - HORSHAM,P26616,941,stop,2026-04-01,10:13:00,,
BALHAM - HORSHAM,P26616,941,stop,2026-04-13,10:13:00,,
BALHAM - HORSHAM,P26616,941,stop,2026-04-21,10:13:00,,
BALHAM - HORSHAM,P26616,941,stop,2026-04-06,10:13:00,,
BALHAM - HORSHAM,P26616,941,stop,2026-04-02,10:13:00,,
SUTTON (SURREY) - ST ALBANS CITY (3),G84876,1016,stop,2026-04-22,10:16:00,,
BALHAM - HORSHAM,P26616,941,stop,2026-04-23,10:16:00,,
SUTTON (SURREY) - ST ALBANS CITY (3),G84876,1016,stop,2026-04-02,10:16:00,,
BALHAM - DORKING (8),P26618,940,stop,2026-04-12,10:15:00,,
BALHAM - DORKING (4),P26618,940,stop,2026-04-05,10:14:00,,
BALHAM - HORSHAM,P26616,941,stop,2026-04-24,10:13:00,,
BALHAM - HORSHAM,P26617,941,stop,2026-04-25,10:13:00,,
BALHAM - HORSHAM,P26617,941,stop,2026-04-04,10:13:00,,
BALHAM - HORSHAM,P26616,941,stop,2026-04-03,10:13:00,,
BALHAM - HORSHAM,P26616,941,stop,2026-04-22,10:13:00,,
BALHAM - HORSHAM,P26616,941,stop,2026-04-15,10:13:00,,
SUTTON (SURREY) - ST ALBANS CITY (3),G84876,1016,stop,2026-04-27,10:16:00,,
SUTTON (SURREY) - ST ALBANS CITY (3),G84876,1016,stop,2026-04-03,10:16:00,,
SUTTON (SURREY) - ST ALBANS CITY (3),G25207,1016,stop,2026-04-04,10:16:00,,
SUTTON (SURREY) - ST ALBANS CITY (3),G84876,1016,stop,2026-04-29,10:16:00,,
SUTTON (SURREY) - ST ALBANS CITY (3),G25207,1016,stop,2026-04-25,10:16:00,,
SUTTON (SURREY) - ST ALBANS CITY (3),G84876,1016,stop,2026-04-24,10:16:00,,
SUTTON (SURREY) - ST ALBANS CITY (3),G84876,1016,stop,2026-04-30,10:16:00,,
SUTTON (SURREY) - ST ALBANS CITY (3),G84876,1016,stop,2026-04-21,10:16:00,,
SUTTON (SURREY) - ST ALBANS CITY (3),G84876,1016,stop,2026-04-01,10:16:00,,
SUTTON (SURREY) - ST ALBANS CITY (3),G84876,1016,stop,2026-04-14,10:16:00,,
SUTTON (SURREY) - ST ALBANS CITY (3),G84876,1016,stop,2026-04-10,10:16:00,,
SUTTON (SURREY) - ST ALBANS CITY (3),G25207,1016,stop,2026-04-11,10:16:00,,
SUTTON (SURREY) - ST ALBANS CITY (3),G84876,1016,stop,2026-04-13,10:16:00,,
SUTTON (SURREY) - ST ALBANS CITY (3),G84876,1016,stop,2026-04-20,10:16:00,,
SUTTON (SURREY) - ST ALBANS CITY (3),G84876,1016,stop,2026-04-23,10:16:00,,
SUTTON (SURREY) - ST ALBANS CITY (3),G84876,1016,stop,2026-04-28,10:16:00,,
SUTTON (SURREY) - ST ALBANS CITY (3),G84876,1016,stop,2026-04-16,10:16:00,,
SUTTON (SURREY) - ST ALBANS CITY (3),G25207,1016,stop,2026-04-18,10:16:00,,
SUTTON (SURREY) - ST ALBANS CITY (3),G84876,1016,stop,2026-04-06,10:16:00,,
SUTTON (SURREY) - ST ALBANS CITY (3),G84876,1016,stop,2026-04-07,10:16:00,,
SUTTON (SURREY) - ST ALBANS CITY (3),G84876,1016,stop,2026-04-17,10:16:00,,
SUTTON (SURREY) - ST ALBANS CITY (3),G84876,1016,stop,2026-04-08,10:16:00,,
SUTTON (SURREY) - ST ALBANS CITY (3),G84876,1016,stop,2026-04-15,10:16:00,,
SUTTON (SURREY) - ST ALBANS CITY (3),G84876,1016,stop,2026-04-09,10:16:00,,
EPSOM - NORWOOD JUNCTION,P25208,1015,stop,2026-04-20,10:19:00,,
SUTTON (SURREY) - ST ALBANS CITY,G83912,1019,stop,2026-04-02,10:19:00,,
SUTTON (SURREY) - ST ALBANS CITY,G83912,1019,stop,2026-04-01,10:19:00,,
EPSOM - NORWOOD JUNCTION,P25208,1015,stop,2026-04-30,10:19:00,,
BATTERSEA PARK LONDON - EPSOM DOWNS,P26120,930,stop,2026-04-23,10:19:00,,
EPSOM - NORWOOD JUNCTION,P25209,1015,stop,2026-04-25,10:19:00,,
EPSOM - NORWOOD JUNCTION,P25209,1015,stop,2026-04-04,10:19:00,,
EPSOM - NORWOOD JUNCTION,P25208,1015,stop,2026-04-06,10:19:00,,
WORCESTER PARK - DORKING,Q54904,1005,stop,2026-04-12,10:18:00,,
DORKING - SUTTON (SURREY),X04894,933,stop,2026-04-12,10:17:00,,
BATTERSEA PARK LONDON - EPSOM DOWNS,P26120,930,stop,2026-04-07,10:19:00,,
BATTERSEA PARK LONDON - EPSOM DOWNS,P26120,930,stop,2026-04-22,10:19:00,,
EPSOM - NORWOOD JUNCTION,X01390,1015,stop,2026-04-06,10:19:00,,
EPSOM - NORWOOD JUNCTION,P25208,1015,stop,2026-04-01,10:19:00,,
BATTERSEA PARK LONDON - EPSOM DOWNS,P26119,930,stop,2026-04-12,10:19:00,,
SUTTON (SURREY) - ST ALBANS CITY,G25209,1019,stop,2026-04-04,10:19:00,,
EPSOM - NORWOOD JUNCTION,P25208,1015,stop,2026-04-02,10:19:00,,
EPSOM - NORWOOD JUNCTION,P25208,1015,stop,2026-04-03,10:19:00,,
EPSOM - NORWOOD JUNCTION,X96598,1015,stop,2026-04-03,10:19:00,,
SUTTON (SURREY) - ST ALBANS CITY,G83912,1019,stop,2026-04-03,10:19:00,,
EPSOM - NORWOOD JUNCTION,P25208,1015,stop,2026-04-29,10:19:00,,
EPSOM - NORWOOD JUNCTION,P25208,1015,stop,2026-04-08,10:19:00,,
EPSOM - NORWOOD JUNCTION,P25209,1015,stop,2026-04-18,10:19:00,,
BATTERSEA PARK LONDON - EPSOM DOWNS,P26120,930,stop,2026-04-16,10:19:00,,
BATTERSEA PARK LONDON - EPSOM DOWNS,P26120,930,stop,2026-04-17,10:19:00,,
BATTERSEA PARK LONDON - EPSOM DOWNS,P26121,930,stop,2026-04-11,10:19:00,,
EPSOM - NORWOOD JUNCTION,P25208,1015,stop,2026-04-28,10:19:00,,
STREATHAM HILL - EPSOM DOWNS,P26119,943,stop,2026-04-19,10:19:00,,
EPSOM - NORWOOD JUNCTION,P25208,1015,stop,2026-04-10,10:19:00,,
BATTERSEA PARK LONDON - EPSOM DOWNS,P26120,930,stop,2026-04-21,10:19:00,,
EPSOM - NORWOOD JUNCTION,P25209,1015,stop,2026-04-11,10:19:00,,
EPSOM - NORWOOD JUNCTION,P25208,1015,stop,2026-04-22,10:19:00,,
SUTTON (SURREY) - ST ALBANS CITY,G83912,1019,stop,2026-04-21,10:19:00,,
BATTERSEA PARK LONDON - EPSOM DOWNS,P26120,930,stop,2026-04-01,10:19:00,,
SUTTON (SURREY) - ST ALBANS CITY,G83912,1019,stop,2026-04-20,10:19:00,,
SUTTON (SURREY) - WEST HAMPSTEAD THAMESLINK,G83911,1019,stop,2026-04-19,10:19:00,,
BATTERSEA PARK LONDON - EPSOM DOWNS,P26120,930,stop,2026-04-13,10:19:00,,
EPSOM - NORWOOD JUNCTION,P25208,1015,stop,2026-04-24,10:19:00,,
SUTTON (SURREY) - ST ALBANS CITY,G83912,1019,stop,2026-04-06,10:19:00,,
BATTERSEA PARK LONDON - EPSOM DOWNS,P26121,930,stop,2026-04-04,10:19:00,,
BATTERSEA PARK LONDON - EPSOM DOWNS,P26120,930,stop,2026-04-24,10:19:00,,
EPSOM - NORWOOD JUNCTION,P25208,1015,stop,2026-04-09,10:19:00,,
EPSOM - NORWOOD JUNCTION,P25208,1015,stop,2026-04-07,10:19:00,,
BATTERSEA PARK LONDON - EPSOM DOWNS,P26120,930,stop,2026-04-06,10:19:00,,
BATTERSEA PARK LONDON - EPSOM DOWNS,X00763,930,stop,2026-04-06,10:19:00,,
SUTTON (SURREY) - ST ALBANS CITY,G83912,1019,stop,2026-04-30,10:19:00,,
SUTTON (SURREY) - ST ALBANS CITY,G83912,1019,stop,2026-04-28,10:19:00,,
SUTTON (SURREY) - ST ALBANS CITY,G83912,1019,stop,2026-04-27,10:19:00,,
SUTTON (SURREY) - LUTON,G83911,1019,stop,2026-04-26,10:19:00,,
BATTERSEA PARK LONDON - EPSOM DOWNS,P26120,930,stop,2026-04-14,10:19:00,,
BATTERSEA PARK LONDON - EPSOM DOWNS,P26120,930,stop,2026-04-30,10:19:00,,
EPSOM - NORWOOD JUNCTION,P25208,1015,stop,2026-04-23,10:19:00,,
SUTTON (SURREY) - ST ALBANS CITY,G83912,1019,stop,2026-04-29,10:19:00,,
SUTTON (SURREY) - ST ALBANS CITY,G25209,1019,stop,2026-04-25,10:19:00,,
SUTTON (SURREY) - ST ALBANS CITY,G83912,1019,stop,2026-04-24,10:19:00,,
SUTTON (SURREY) - ST ALBANS CITY,G83912,1019,stop,2026-04-23,10:19:00,,
SUTTON (SURREY) - ST ALBANS CITY,G25209,1019,stop,2026-04-18,10:19:00,,
BATTERSEA PARK LONDON - EPSOM DOWNS,P26120,930,stop,2026-04-29,10:19:00,,
SUTTON (SURREY) - ST ALBANS CITY,G83912,1019,stop,2026-04-22,10:19:00,,
BATTERSEA PARK LONDON - EPSOM DOWNS,P26119,930,stop,2026-04-26,10:19:00,,
BATTERSEA PARK LONDON - EPSOM DOWNS,P26120,930,stop,2026-04-03,10:19:00,,
EPSOM - NORWOOD JUNCTION,P25208,1015,stop,2026-04-21,10:19:00,,
STREATHAM HILL - EPSOM DOWNS,P26121,943,stop,2026-04-18,10:19:00,,
BATTERSEA PARK LONDON - EPSOM DOWNS,P26120,930,stop,2026-04-15,10:19:00,,
BATTERSEA PARK LONDON - EPSOM DOWNS,X96658,930,stop,2026-04-03,10:19:00,,
SUTTON (SURREY) - ST ALBANS CITY,G25209,1019,stop,2026-04-11,10:19:00,,
SUTTON (SURREY) - ST ALBANS CITY,G83912,1019,stop,2026-04-10,10:19:00,,
SUTTON (SURREY) - ST ALBANS CITY,G83912,1019,stop,2026-04-09,10:19:00,,
BATTERSEA PARK LONDON - EPSOM DOWNS,P26121,930,stop,2026-04-25,10:19:00,,
SUTTON (SURREY) - ST ALBANS CITY,G83912,1019,stop,2026-04-08,10:19:00,,
SUTTON (SURREY) - ST ALBANS CITY,G83912,1019,stop,2026-04-07,10:19:00,,
EPSOM - NORWOOD JUNCTION,P25208,1015,stop,2026-04-17,10:19:00,,
SUTTON (SURREY) - ST ALBANS CITY,G83912,1019,stop,2026-04-17,10:19:00,,
BATTERSEA PARK LONDON - EPSOM DOWNS,P26120,930,stop,2026-04-28,10:19:00,,
BATTERSEA PARK LONDON - EPSOM DOWNS,P26120,930,stop,2026-04-08,10:19:00,,
EPSOM - NORWOOD JUNCTION,P25208,1015,stop,2026-04-27,10:19:00,,
BATTERSEA PARK LONDON - EPSOM DOWNS,P26120,930,stop,2026-04-20,10:19:00,,
EPSOM - NORWOOD JUNCTION,P25208,1015,stop,2026-04-13,10:19:00,,
BATTERSEA PARK LONDON - EPSOM DOWNS,P26120,930,stop,2026-04-02,10:19:00,,
SUTTON (SURREY) - ST ALBANS CITY,G83912,1019,stop,2026-04-16,10:19:00,,
BATTERSEA PARK LONDON - EPSOM DOWNS,P26120,930,stop,2026-04-09,10:19:00,,
SUTTON (SURREY) - ST ALBANS CITY,G83912,1019,stop,2026-04-15,10:19:00,,
BATTERSEA PARK LONDON - EPSOM DOWNS,P26120,930,stop,2026-04-27,10:19:00,,
SUTTON (SURREY) - ST ALBANS CITY,G83912,1019,stop,2026-04-14,10:19:00,,
BATTERSEA PARK LONDON - EPSOM DOWNS,P26120,930,stop,2026-04-10,10:19:00,,
SUTTON (SURREY) - ST ALBANS CITY,G83912,1019,stop,2026-04-13,10:19:00,,
SUTTON (SURREY) - LUTON,G83911,1019,stop,2026-04-12,10:19:00,,
EPSOM DOWNS - BATTERSEA PARK LONDON,P26142,1008,stop,2026-04-23,10:21:00,,
EPSOM DOWNS - BATTERSEA PARK LONDON,P26143,1008,stop,2026-04-04,10:21:00,,
EPSOM DOWNS - BATTERSEA PARK LONDON,P26142,1008,stop,2026-04-14,10:21:00,,
EPSOM DOWNS - BATTERSEA PARK LONDON,P26142,1008,stop,2026-04-30,10:21:00,,
EPSOM DOWNS - BATTERSEA PARK LONDON,P26142,1008,stop,2026-04-27,10:21:00,,
EPSOM DOWNS - BATTERSEA PARK LONDON,X96609,1008,stop,2026-04-03,10:21:00,,
EPSOM DOWNS - BATTERSEA PARK LONDON,P26143,1008,stop,2026-04-11,10:21:00,,
EPSOM DOWNS - BATTERSEA PARK LONDON,P26142,1008,stop,2026-04-20,10:21:00,,
BATTERSEA PARK LONDON - EPSOM DOWNS,P26119,930,stop,2026-04-05,10:20:00,,
EPSOM - NORWOOD JUNCTION,P25208,1015,stop,2026-04-16,10:19:00,,
EPSOM - NORWOOD JUNCTION,P25208,1015,stop,2026-04-15,10:19:00,,
EPSOM - NORWOOD JUNCTION,P25208,1015,stop,2026-04-14,10:19:00,,
EPSOM DOWNS - BATTERSEA PARK LONDON,P26142,1008,stop,2026-04-28,10:21:00,,
EPSOM DOWNS - BATTERSEA PARK LONDON,P26141,1008,stop,2026-04-12,10:21:00,,
EPSOM DOWNS - BATTERSEA PARK LONDON,P26142,1008,stop,2026-04-06,10:21:00,,
EPSOM DOWNS - BATTERSEA PARK LONDON,X00770,1008,stop,2026-04-06,10:21:00,,
EPSOM DOWNS - BATTERSEA PARK LONDON,P26142,1008,stop,2026-04-13,10:21:00,,
EPSOM DOWNS - STREATHAM HILL,P26141,1008,stop,2026-04-19,10:21:00,,
EPSOM DOWNS - BATTERSEA PARK LONDON,P26142,1008,stop,2026-04-09,10:21:00,,
EPSOM DOWNS - BATTERSEA PARK LONDON,P26142,1008,stop,2026-04-29,10:21:00,,
EPSOM DOWNS - BATTERSEA PARK LONDON,P26142,1008,stop,2026-04-03,10:21:00,,
EPSOM DOWNS - STREATHAM HILL,P26143,1008,stop,2026-04-18,10:21:00,,
EPSOM DOWNS - BATTERSEA PARK LONDON,P26141,1008,stop,2026-04-05,10:21:00,,
EPSOM DOWNS - BATTERSEA PARK LONDON,P26142,1008,stop,2026-04-15,10:21:00,,
EPSOM DOWNS - BATTERSEA PARK LONDON,P26142,1008,stop,2026-04-21,10:21:00,,
EPSOM DOWNS - BATTERSEA PARK LONDON,P26141,1008,stop,2026-04-26,10:21:00,,
EPSOM DOWNS - BATTERSEA PARK LONDON,P26143,1008,stop,2026-04-25,10:21:00,,
EPSOM DOWNS - BATTERSEA PARK LONDON,P26142,1008,stop,2026-04-08,10:21:00,,
GUILDFORD - EARLSFIELD,L74240,945,stop,2026-04-15,10:22:00,,
GUILDFORD - EARLSFIELD,L74240,945,stop,2026-04-16,10:22:00,,
GUILDFORD - EARLSFIELD,L74240,945,stop,2026-04-22,10:22:00,,
GUILDFORD - EARLSFIELD,L74240,945,stop,2026-04-23,10:22:00,,
GUILDFORD - EARLSFIELD,L74241,945,stop,2026-04-11,10:22:00,,
EPSOM DOWNS - BATTERSEA PARK LONDON,P26142,1008,stop,2026-04-02,10:21:00,,
EPSOM DOWNS - BATTERSEA PARK LONDON,P26142,1008,stop,2026-04-16,10:21:00,,
EPSOM DOWNS - BATTERSEA PARK LONDON,P26142,1008,stop,2026-04-10,10:21:00,,
EPSOM DOWNS - BATTERSEA PARK LONDON,P26142,1008,stop,2026-04-24,10:21:00,,
EPSOM DOWNS - BATTERSEA PARK LONDON,P26142,1008,stop,2026-04-17,10:21:00,,
EPSOM DOWNS - BATTERSEA PARK LONDON,P26142,1008,stop,2026-04-07,10:21:00,,
EPSOM DOWNS - BATTERSEA PARK LONDON,P26142,1008,stop,2026-04-01,10:21:00,,
EPSOM DOWNS - BATTERSEA PARK LONDON,P26142,1008,stop,2026-04-22,10:21:00,,
GUILDFORD - EARLSFIELD,L74240,945,stop,2026-04-21,10:22:00,,
GUILDFORD - EARLSFIELD,L74240,945,stop,2026-04-10,10:22:00,,
GUILDFORD - EARLSFIELD,L74240,945,stop,2026-04-17,10:22:00,,
GUILDFORD - EARLSFIELD,L74240,945,stop,2026-04-07,10:22:00,,
GUILDFORD - EARLSFIELD,L74240,945,stop,2026-04-06,10:22:00,,
GUILDFORD - EARLSFIELD,Q50842,945,stop,2026-04-06,10:22:00,,
GUILDFORD - EARLSFIELD,L74240,945,stop,2026-04-13,10:22:00,,
GUILDFORD - EARLSFIELD,L74240,945,stop,2026-04-14,10:22:00,,
GUILDFORD - EARLSFIELD,L74240,945,stop,2026-04-30,10:22:00,,
GUILDFORD - EARLSFIELD,L74240,945,stop,2026-04-27,10:22:00,,
GUILDFORD - EARLSFIELD,L74240,945,stop,2026-04-09,10:22:00,,
GUILDFORD - EARLSFIELD,L74240,945,stop,2026-04-20,10:22:00,,
GUILDFORD - EARLSFIELD,L74241,945,stop,2026-04-18,10:22:00,,
GUILDFORD - EARLSFIELD,L74240,945,stop,2026-04-08,10:22:00,,
GUILDFORD - EARLSFIELD,L74240,945,stop,2026-04-24,10:22:00,,
GUILDFORD - EARLSFIELD,Q88881,945,stop,2026-04-03,10:22:00,,
GUILDFORD - EARLSFIELD,L74240,945,stop,2026-04-29,10:22:00,,
MITCHAM EASTFIELDS - HORSHAM (2),P26617,950,stop,2026-04-18,10:22:00,,
GUILDFORD - EARLSFIELD,L74240,945,stop,2026-04-01,10:22:00,,
GUILDFORD - EARLSFIELD,L74241,945,stop,2026-04-25,10:22:00,,
GUILDFORD - EARLSFIELD,L74240,945,stop,2026-04-28,10:22:00,,
GUILDFORD - EARLSFIELD,L74240,945,stop,2026-04-02,10:22:00,,
GUILDFORD - EARLSFIELD,L74241,945,stop,2026-04-04,10:22:00,,
GUILDFORD - EARLSFIELD,L74240,945,stop,2026-04-03,10:22:00,,
EARLSFIELD - GUILDFORD (2),P61589,953,stop,2026-04-11,10:24:00,,
EARLSFIELD - GUILDFORD (2),P61588,953,stop,2026-04-13,10:24:00,,
EARLSFIELD - GUILDFORD (2),P61588,953,stop,2026-04-03,10:24:00,,
EARLSFIELD - GUILDFORD (2),P61588,953,stop,2026-04-02,10:24:00,,
EARLSFIELD - GUILDFORD (2),P61588,953,stop,2026-04-10,10:24:00,,
EARLSFIELD - GUILDFORD (2),P61588,953,stop,2026-04-01,10:24:00,,
EARLSFIELD - GUILDFORD (2),P61588,953,stop,2026-04-28,10:24:00,,
EARLSFIELD - GUILDFORD (2),P61588,953,stop,2026-04-09,10:24:00,,
EARLSFIELD - GUILDFORD (2),P61588,953,stop,2026-04-08,10:24:00,,
EARLSFIELD - GUILDFORD (2),P61589,953,stop,2026-04-18,10:24:00,,
EARLSFIELD - GUILDFORD (2),P61588,953,stop,2026-04-27,10:24:00,,
EARLSFIELD - GUILDFORD (2),P61588,953,stop,2026-04-15,10:24:00,,
EARLSFIELD - GUILDFORD (2),P61588,953,stop,2026-04-14,10:24:00,,
EARLSFIELD - GUILDFORD (2),P61588,953,stop,2026-04-17,10:24:00,,
EARLSFIELD - GUILDFORD (2),P61588,953,stop,2026-04-30,10:24:00,,
EARLSFIELD - GUILDFORD (2),P61588,953,stop,2026-04-20,10:24:00,,
EARLSFIELD - GUILDFORD (2),P61589,953,stop,2026-04-25,10:24:00,,
EARLSFIELD - GUILDFORD (2),P61588,953,stop,2026-04-24,10:24:00,,
EARLSFIELD - GUILDFORD (2),P61588,953,stop,2026-04-07,10:24:00,,
WIMBLEDON - LUTON,G83911,1012,stop,2026-04-05,10:24:00,,
EARLSFIELD - GUILDFORD (2),P61588,953,stop,2026-04-06,10:24:00,,
EARLSFIELD - GUILDFORD (2),Q50824,953,stop,2026-04-06,10:24:00,,
EARLSFIELD - GUILDFORD (2),P61588,953,stop,2026-04-22,10:24:00,,
EARLSFIELD - GUILDFORD (2),P61589,953,stop,2026-04-04,10:24:00,,
EARLSFIELD - GUILDFORD (2),P61588,953,stop,2026-04-23,10:24:00,,
EARLSFIELD - GUILDFORD (2),P61588,953,stop,2026-04-21,10:24:00,,
EARLSFIELD - GUILDFORD (2),P61588,953,stop,2026-04-29,10:24:00,,
EARLSFIELD - GUILDFORD (2),P61588,953,stop,2026-04-16,10:24:00,,
EARLSFIELD - GUILDFORD (2),Q38783,953,stop,2026-04-03,10:24:00,,
SUTTON (SURREY) - DORKING,X04930,1025,stop,2026-04-12,10:25:00,,
DORKING - EARLSFIELD,P61018,1007,stop,2026-04-26,10:27:00,,
DORKING - EARLSFIELD,P61018,1007,stop,2026-04-05,10:27:00,,
DORKING - EARLSFIELD,P61018,1007,stop,2026-04-19,10:27:00,,
NORWOOD JUNCTION - EPSOM,P25206,955,stop,2026-04-15,10:28:00,,
NORWOOD JUNCTION - EPSOM,P25206,955,stop,2026-04-08,10:28:00,,
NORWOOD JUNCTION - EPSOM,X92719,955,stop,2026-04-03,10:28:00,,
NORWOOD JUNCTION - EPSOM,P25206,955,stop,2026-04-02,10:28:00,,
NORWOOD JUNCTION - EPSOM,P25206,955,stop,2026-04-03,10:28:00,,
NORWOOD JUNCTION - EPSOM,P25206,955,stop,2026-04-13,10:28:00,,
NORWOOD JUNCTION - EPSOM,P25206,955,stop,2026-04-20,10:28:00,,
NORWOOD JUNCTION - EPSOM,P25206,955,stop,2026-04-28,10:28:00,,
NORWOOD JUNCTION - EPSOM,P25206,955,stop,2026-04-01,10:28:00,,
NORWOOD JUNCTION - EPSOM,P25206,955,stop,2026-04-17,10:28:00,,
NORWOOD JUNCTION - EPSOM,P25206,955,stop,2026-04-24,10:28:00,,
NORWOOD JUNCTION - EPSOM,P25206,955,stop,2026-04-22,10:28:00,,
NORWOOD JUNCTION - EPSOM,P25206,955,stop,2026-04-07,10:28:00,,
SUTTON (SURREY) - TULSE HILL,X27301,1027,stop,2026-04-05,10:27:00,,
DORKING - EARLSFIELD,P61018,1007,stop,2026-04-12,10:27:00,,
NORWOOD JUNCTION - EPSOM,X01389,955,stop,2026-04-06,10:28:00,,
NORWOOD JUNCTION - EPSOM,P25206,955,stop,2026-04-27,10:28:00,,
NORWOOD JUNCTION - EPSOM,P25206,955,stop,2026-04-09,10:28:00,,
NORWOOD JUNCTION - EPSOM,P25206,955,stop,2026-04-10,10:28:00,,
NORWOOD JUNCTION - EPSOM,P25206,955,stop,2026-04-30,10:28:00,,
NORWOOD JUNCTION - EPSOM,P25206,955,stop,2026-04-14,10:28:00,,
NORWOOD JUNCTION - EPSOM,P25207,955,stop,2026-04-11,10:28:00,,
NORWOOD JUNCTION - EPSOM,P25206,955,stop,2026-04-16,10:28:00,,
NORWOOD JUNCTION - EPSOM,P25206,955,stop,2026-04-29,10:28:00,,
NORWOOD JUNCTION - EPSOM,P25207,955,stop,2026-04-04,10:28:00,,
NORWOOD JUNCTION - EPSOM,P25207,955,stop,2026-04-25,10:28:00,,
NORWOOD JUNCTION - EPSOM,P25206,955,stop,2026-04-23,10:28:00,,
NORWOOD JUNCTION - EPSOM,P25207,955,stop,2026-04-18,10:28:00,,
NORWOOD JUNCTION - EPSOM,P25206,955,stop,2026-04-06,10:28:00,,
NORWOOD JUNCTION - EPSOM,P25206,955,stop,2026-04-21,10:28:00,,
LUTON - WIMBLEDON,W59663,852,stop,2026-04-05,10:31:00,,
EARLSFIELD - DORKING,P61015,1002,stop,2026-04-05,10:33:00,,
EARLSFIELD - DORKING,P61015,1002,stop,2026-04-26,10:34:00,,
DORKING - MITCHAM EASTFIELDS,P26627,1012,stop,2026-04-19,10:35:00,,
DORKING - BALHAM (2),P26627,1012,stop,2026-04-26,10:35:00,,
EARLSFIELD - DORKING,P61015,1002,stop,2026-04-12,10:34:00,,
DORKING - WORCESTER PARK,Q54850,950,stop,2026-04-12,10:34:00,,
EARLSFIELD - DORKING,P61015,1002,stop,2026-04-19,10:34:00,,
ST ALBANS CITY - SUTTON (SURREY),G25179,907,stop,2026-04-25,10:37:00,,
ST ALBANS CITY - SUTTON (SURREY),G84877,907,stop,2026-04-30,10:37:00,,
ST ALBANS CITY - SUTTON (SURREY),G84877,907,stop,2026-04-02,10:37:00,,
ST ALBANS CITY - SUTTON (SURREY),G25179,907,stop,2026-04-11,10:37:00,,
ST ALBANS CITY - SUTTON (SURREY),G84877,907,stop,2026-04-15,10:37:00,,
ST ALBANS CITY - SUTTON (SURREY),G84877,907,stop,2026-04-16,10:37:00,,
ST ALBANS CITY - SUTTON (SURREY),G84877,907,stop,2026-04-22,10:37:00,,
ST ALBANS CITY - SUTTON (SURREY),G84877,907,stop,2026-04-03,10:37:00,,
ST ALBANS CITY - SUTTON (SURREY),G84877,907,stop,2026-04-21,10:37:00,,
ST ALBANS CITY - SUTTON (SURREY),G84877,907,stop,2026-04-29,10:37:00,,
ST ALBANS CITY - SUTTON (SURREY),G84877,907,stop,2026-04-10,10:37:00,,
ST ALBANS CITY - SUTTON (SURREY),G84877,907,stop,2026-04-01,10:37:00,,
ST ALBANS CITY - SUTTON (SURREY),G84877,907,stop,2026-04-13,10:37:00,,
ST ALBANS CITY - SUTTON (SURREY),G84877,907,stop,2026-04-24,10:37:00,,
ST ALBANS CITY - SUTTON (SURREY),G84877,907,stop,2026-04-23,10:37:00,,
DORKING - BALHAM (2),P26627,1012,stop,2026-04-12,10:35:00,,
ST ALBANS CITY - SUTTON (SURREY),G84877,907,stop,2026-04-20,10:37:00,,
ST ALBANS CITY - SUTTON (SURREY),G84877,907,stop,2026-04-09,10:37:00,,
CRICKLEWOOD - SUTTON (SURREY),W59663,927,stop,2026-04-19,10:37:00,,
ST ALBANS CITY - SUTTON (SURREY),G25179,907,stop,2026-04-04,10:37:00,,
ST ALBANS CITY - SUTTON (SURREY),G84877,907,stop,2026-04-27,10:37:00,,
ST ALBANS CITY - SUTTON (SURREY),G84877,907,stop,2026-04-08,10:37:00,,
LUTON - SUTTON (SURREY) (2),W59663,852,stop,2026-04-26,10:37:00,,
ST ALBANS CITY - SUTTON (SURREY),G84877,907,stop,2026-04-06,10:37:00,,
ST ALBANS CITY - SUTTON (SURREY),G84877,907,stop,2026-04-28,10:37:00,,
ST ALBANS CITY - SUTTON (SURREY),G84877,907,stop,2026-04-17,10:37:00,,
ST ALBANS CITY - SUTTON (SURREY),G25179,907,stop,2026-04-18,10:37:00,,
DORKING - MITCHAM EASTFIELDS (2),P26626,1017,stop,2026-04-18,10:37:00,,
ST ALBANS CITY - SUTTON (SURREY),G84877,907,stop,2026-04-07,10:37:00,,
LUTON - SUTTON (SURREY) (2),W59663,852,stop,2026-04-12,10:37:00,,
ST ALBANS CITY - SUTTON (SURREY),G84877,907,stop,2026-04-14,10:37:00,,
DORKING - BALHAM (3),P26625,1017,stop,2026-04-13,10:39:00,,
DORKING - BALHAM (3),P26625,1017,stop,2026-04-08,10:39:00,,
DORKING - BALHAM (3),P26625,1017,stop,2026-04-02,10:39:00,,
DORKING - BALHAM (3),P26625,1017,stop,2026-04-21,10:39:00,,
DORKING - BALHAM (3),P26625,1017,stop,2026-04-10,10:39:00,,
DORKING - BALHAM (3),P26625,1017,stop,2026-04-20,10:39:00,,
DORKING - BALHAM (3),P26625,1017,stop,2026-04-14,10:39:00,,
DORKING - BALHAM (3),P26625,1017,stop,2026-04-27,10:39:00,,
DORKING - BALHAM (3),P26625,1017,stop,2026-04-23,10:39:00,,
DORKING - BALHAM (3),P26625,1017,stop,2026-04-09,10:39:00,,
DORKING - BALHAM (3),P26626,1017,stop,2026-04-04,10:39:00,,
DORKING - BALHAM (3),P26625,1017,stop,2026-04-22,10:39:00,,
DORKING - BALHAM (3),P26627,1016,stop,2026-04-05,10:38:00,,
SUTTON (SURREY) - STREATHAM HILL,P27115,1040,stop,2026-04-18,10:40:00,,
DORKING - BALHAM (3),X00932,1017,stop,2026-04-06,10:39:00,,
DORKING - BALHAM (3),P26625,1017,stop,2026-04-24,10:39:00,,
DORKING - BALHAM (3),P26625,1017,stop,2026-04-15,10:39:00,,
DORKING - BALHAM (3),P26625,1017,stop,2026-04-07,10:39:00,,
DORKING - BALHAM (3),P26625,1017,stop,2026-04-16,10:39:00,,
DORKING - BALHAM (3),X96595,1017,stop,2026-04-03,10:39:00,,
DORKING - BALHAM (3),P26625,1017,stop,2026-04-06,10:39:00,,
DORKING - BALHAM (3),P26625,1017,stop,2026-04-30,10:39:00,,
DORKING - BALHAM (3),P26625,1017,stop,2026-04-29,10:39:00,,
DORKING - BALHAM (3),P26626,1017,stop,2026-04-11,10:39:00,,
DORKING - BALHAM (3),P26625,1017,stop,2026-04-17,10:39:00,,
DORKING - BALHAM (3),P26626,1017,stop,2026-04-25,10:39:00,,
DORKING - BALHAM (3),P26625,1017,stop,2026-04-03,10:39:00,,
DORKING - BALHAM (3),P26625,1017,stop,2026-04-01,10:39:00,,
DORKING - BALHAM (3),P26625,1017,stop,2026-04-28,10:39:00,,
SUTTON (SURREY) - BALHAM (2),P26627,1042,stop,2026-04-12,10:42:00,,
MITCHAM EASTFIELDS - DORKING (2),P26624,1008,stop,2026-04-19,10:42:00,,
BALHAM - DORKING (2),P26624,1010,stop,2026-04-26,10:42:00,,
BALHAM - DORKING,P26622,1011,stop,2026-04-15,10:43:00,,
BALHAM - DORKING,P26622,1011,stop,2026-04-27,10:43:00,,
BALHAM - DORKING,P26622,1011,stop,2026-04-02,10:43:00,,
BALHAM - DORKING,P26622,1011,stop,2026-04-01,10:43:00,,
BALHAM - DORKING,P26622,1011,stop,2026-04-13,10:43:00,,
BALHAM - DORKING,P26622,1011,stop,2026-04-10,10:43:00,,
BALHAM - DORKING,X96606,1011,stop,2026-04-03,10:43:00,,
BALHAM - DORKING,P26622,1011,stop,2026-04-03,10:43:00,,
BALHAM - DORKING,P26622,1011,stop,2026-04-28,10:43:00,,
BALHAM - DORKING,P26622,1011,stop,2026-04-30,10:43:00,,
BALHAM - DORKING,P26622,1011,stop,2026-04-08,10:43:00,,
BALHAM - DORKING,P26622,1011,stop,2026-04-21,10:43:00,,
BALHAM - DORKING,P26623,1011,stop,2026-04-11,10:43:00,,
BALHAM - DORKING (2),P26624,1010,stop,2026-04-12,10:45:00,,
BALHAM - DORKING (5),P26624,1010,stop,2026-04-05,10:44:00,,
BALHAM - DORKING,P26622,1011,stop,2026-04-29,10:43:00,,
BALHAM - DORKING,P26622,1011,stop,2026-04-24,10:43:00,,
BALHAM - DORKING,P26622,1011,stop,2026-04-22,10:43:00,,
BALHAM - DORKING,P26623,1011,stop,2026-04-25,10:43:00,,
BALHAM - DORKING,P26622,1011,stop,2026-04-16,10:43:00,,
BALHAM - DORKING,P26622,1011,stop,2026-04-14,10:43:00,,
BALHAM - DORKING,P26623,1011,stop,2026-04-04,10:43:00,,
BALHAM - DORKING,P26622,1011,stop,2026-04-07,10:43:00,,
BALHAM - DORKING,P26622,1011,stop,2026-04-17,10:43:00,,
BALHAM - DORKING,P26622,1011,stop,2026-04-23,10:43:00,,
BALHAM - DORKING,P26622,1011,stop,2026-04-06,10:43:00,,
BALHAM - DORKING,P26622,1011,stop,2026-04-20,10:43:00,,
BALHAM - DORKING,X00931,1011,stop,2026-04-06,10:43:00,,
BALHAM - DORKING,P26622,1011,stop,2026-04-09,10:43:00,,
SUTTON (SURREY) - ST ALBANS CITY (3),G84882,1046,stop,2026-04-09,10:46:00,,
SUTTON (SURREY) - ST ALBANS CITY (6),G84880,1046,stop,2026-04-12,10:46:00,,
SUTTON (SURREY) - ST ALBANS CITY (3),G84882,1046,stop,2026-04-07,10:46:00,,
SUTTON (SURREY) - ST ALBANS CITY (6),G84880,1046,stop,2026-04-05,10:46:00,,
WIMBLEDON - LUTON,G83917,1033,stop,2026-04-05,10:45:00,,
SUTTON (SURREY) - ST ALBANS CITY (3),G84882,1046,stop,2026-04-24,10:46:00,,
SUTTON (SURREY) - ST ALBANS CITY (3),G84882,1046,stop,2026-04-10,10:46:00,,
SUTTON (SURREY) - ST ALBANS CITY (6),G84880,1046,stop,2026-04-26,10:46:00,,
SUTTON (SURREY) - ST ALBANS CITY (3),G25220,1046,stop,2026-04-04,10:46:00,,
SUTTON (SURREY) - ST ALBANS CITY (3),G84882,1046,stop,2026-04-08,10:46:00,,
SUTTON (SURREY) - ST ALBANS CITY (6),G84880,1046,stop,2026-04-19,10:46:00,,
SUTTON (SURREY) - ST ALBANS CITY (3),G84882,1046,stop,2026-04-29,10:46:00,,
SUTTON (SURREY) - ST ALBANS CITY (3),G84882,1046,stop,2026-04-27,10:46:00,,
SUTTON (SURREY) - ST ALBANS CITY (3),G84882,1046,stop,2026-04-17,10:46:00,,
SUTTON (SURREY) - ST ALBANS CITY (3),G25220,1046,stop,2026-04-25,10:46:00,,
SUTTON (SURREY) - ST ALBANS CITY (3),G84882,1046,stop,2026-04-14,10:46:00,,
SUTTON (SURREY) - ST ALBANS CITY (3),G84882,1046,stop,2026-04-23,10:46:00,,
SUTTON (SURREY) - ST ALBANS CITY (3),G84882,1046,stop,2026-04-01,10:46:00,,
SUTTON (SURREY) - ST ALBANS CITY (3),G84882,1046,stop,2026-04-13,10:46:00,,
SUTTON (SURREY) - ST ALBANS CITY (3),G84882,1046,stop,2026-04-30,10:46:00,,
SUTTON (SURREY) - ST ALBANS CITY (3),G84882,1046,stop,2026-04-02,10:46:00,,
SUTTON (SURREY) - ST ALBANS CITY (3),G84882,1046,stop,2026-04-22,10:46:00,,
WORCESTER PARK - EFFINGHAM JUNCTION,Q54814,1035,stop,2026-04-12,10:48:00,,
DORKING - SUTTON (SURREY),X04893,1003,stop,2026-04-12,10:47:00,,
SUTTON (SURREY) - ST ALBANS CITY (3),G25220,1047,stop,2026-04-18,10:47:00,,
SUTTON (SURREY) - ST ALBANS CITY (3),G84882,1046,stop,2026-04-20,10:46:00,,
SUTTON (SURREY) - ST ALBANS CITY (3),G84882,1046,stop,2026-04-21,10:46:00,,
SUTTON (SURREY) - ST ALBANS CITY (3),G84882,1046,stop,2026-04-28,10:46:00,,
SUTTON (SURREY) - ST ALBANS CITY (3),G84882,1046,stop,2026-04-15,10:46:00,,
SUTTON (SURREY) - ST ALBANS CITY (3),G25220,1046,stop,2026-04-11,10:46:00,,
SUTTON (SURREY) - ST ALBANS CITY (3),G84882,1046,stop,2026-04-03,10:46:00,,
SUTTON (SURREY) - ST ALBANS CITY (3),G84882,1046,stop,2026-04-06,10:46:00,,
SUTTON (SURREY) - ST ALBANS CITY (3),G84882,1046,stop,2026-04-16,10:46:00,,
BATTERSEA PARK LONDON - EPSOM DOWNS,P26131,1000,stop,2026-04-26,10:49:00,,
SUTTON (SURREY) - ST ALBANS CITY,G25222,1049,stop,2026-04-18,10:49:00,,
BATTERSEA PARK LONDON - EPSOM DOWNS,P26132,1000,stop,2026-04-17,10:49:00,,
BATTERSEA PARK LONDON - EPSOM DOWNS,P26132,1000,stop,2026-04-28,10:49:00,,
BATTERSEA PARK LONDON - EPSOM DOWNS,P26132,1000,stop,2026-04-13,10:49:00,,
SUTTON (SURREY) - ST ALBANS CITY,G83918,1049,stop,2026-04-28,10:49:00,,
SUTTON (SURREY) - ST ALBANS CITY,G83918,1049,stop,2026-04-17,10:49:00,,
SUTTON (SURREY) - ST ALBANS CITY,G83918,1049,stop,2026-04-06,10:49:00,,
SUTTON (SURREY) - ST ALBANS CITY,G83918,1049,stop,2026-04-27,10:49:00,,
EPSOM - NORWOOD JUNCTION,P25212,1045,stop,2026-04-17,10:49:00,,
SUTTON (SURREY) - LUTON,G83917,1049,stop,2026-04-26,10:49:00,,
SUTTON (SURREY) - WEST HAMPSTEAD THAMESLINK,G83917,1049,stop,2026-04-19,10:49:00,,
EPSOM - NORWOOD JUNCTION,P25212,1045,stop,2026-04-24,10:49:00,,
EPSOM - NORWOOD JUNCTION,P25212,1045,stop,2026-04-15,10:49:00,,
SUTTON (SURREY) - ST ALBANS CITY,G83918,1049,stop,2026-04-23,10:49:00,,
SUTTON (SURREY) - LUTON,G83917,1049,stop,2026-04-12,10:49:00,,
SUTTON (SURREY) - ST ALBANS CITY,G83918,1049,stop,2026-04-30,10:49:00,,
EPSOM - NORWOOD JUNCTION,P25212,1045,stop,2026-04-22,10:49:00,,
SUTTON (SURREY) - ST ALBANS CITY,G83918,1049,stop,2026-04-13,10:49:00,,
SUTTON (SURREY) - ST ALBANS CITY,G83918,1049,stop,2026-04-22,10:49:00,,
BATTERSEA PARK LONDON - EPSOM DOWNS,P26132,1000,stop,2026-04-29,10:49:00,,
BATTERSEA PARK LONDON - EPSOM DOWNS,P26132,1000,stop,2026-04-27,10:49:00,,
SUTTON (SURREY) - ST ALBANS CITY,G83918,1049,stop,2026-04-24,10:49:00,,
SUTTON (SURREY) - ST ALBANS CITY,G83918,1049,stop,2026-04-14,10:49:00,,
EPSOM - NORWOOD JUNCTION,P25212,1045,stop,2026-04-21,10:49:00,,
BATTERSEA PARK LONDON - EPSOM DOWNS,P26132,1000,stop,2026-04-15,10:49:00,,
SUTTON (SURREY) - ST ALBANS CITY,G83918,1049,stop,2026-04-21,10:49:00,,
SUTTON (SURREY) - ST ALBANS CITY,G25222,1049,stop,2026-04-25,10:49:00,,
BATTERSEA PARK LONDON - EPSOM DOWNS,P26132,1000,stop,2026-04-09,10:49:00,,
SUTTON (SURREY) - ST ALBANS CITY,G83918,1049,stop,2026-04-29,10:49:00,,
BATTERSEA PARK LONDON - EPSOM DOWNS,P26132,1000,stop,2026-04-03,10:49:00,,
BATTERSEA PARK LONDON - EPSOM DOWNS,X96618,1000,stop,2026-04-03,10:49:00,,
SUTTON (SURREY) - ST ALBANS CITY,G83918,1049,stop,2026-04-10,10:49:00,,
BATTERSEA PARK LONDON - EPSOM DOWNS,P26132,1000,stop,2026-04-02,10:49:00,,
STREATHAM HILL - EPSOM DOWNS,P26133,1013,stop,2026-04-18,10:49:00,,
SUTTON (SURREY) - ST ALBANS CITY,G83918,1049,stop,2026-04-15,10:49:00,,
BATTERSEA PARK LONDON - EPSOM DOWNS,P26133,1000,stop,2026-04-25,10:49:00,,
BATTERSEA PARK LONDON - EPSOM DOWNS,P26132,1000,stop,2026-04-14,10:49:00,,
SUTTON (SURREY) - ST ALBANS CITY,G83918,1049,stop,2026-04-08,10:49:00,,
BATTERSEA PARK LONDON - EPSOM DOWNS,P26132,1000,stop,2026-04-01,10:49:00,,
SUTTON (SURREY) - ST ALBANS CITY,G83918,1049,stop,2026-04-20,10:49:00,,
BATTERSEA PARK LONDON - EPSOM DOWNS,P26132,1000,stop,2026-04-30,10:49:00,,
EPSOM - NORWOOD JUNCTION,P25212,1045,stop,2026-04-16,10:49:00,,
SUTTON (SURREY) - ST ALBANS CITY,G25222,1049,stop,2026-04-11,10:49:00,,
SUTTON (SURREY) - ST ALBANS CITY,G83918,1049,stop,2026-04-07,10:49:00,,
EPSOM - NORWOOD JUNCTION,P25212,1045,stop,2026-04-07,10:49:00,,
EPSOM - NORWOOD JUNCTION,P25212,1045,stop,2026-04-30,10:49:00,,
EPSOM - NORWOOD JUNCTION,P25212,1045,stop,2026-04-10,10:49:00,,
BATTERSEA PARK LONDON - EPSOM DOWNS,P26133,1000,stop,2026-04-11,10:49:00,,
BATTERSEA PARK LONDON - EPSOM DOWNS,P26132,1000,stop,2026-04-23,10:49:00,,
EPSOM - NORWOOD JUNCTION,P25213,1045,stop,2026-04-18,10:49:00,,
BATTERSEA PARK LONDON - EPSOM DOWNS,P26132,1000,stop,2026-04-08,10:49:00,,
EPSOM - NORWOOD JUNCTION,P25212,1045,stop,2026-04-29,10:49:00,,
EPSOM - NORWOOD JUNCTION,P25212,1045,stop,2026-04-06,10:49:00,,
EPSOM - NORWOOD JUNCTION,P25212,1045,stop,2026-04-13,10:49:00,,
SUTTON (SURREY) - ST ALBANS CITY,G83918,1049,stop,2026-04-02,10:49:00,,
EPSOM - NORWOOD JUNCTION,X01392,1045,stop,2026-04-06,10:49:00,,
BATTERSEA PARK LONDON - EPSOM DOWNS,P26132,1000,stop,2026-04-07,10:49:00,,
SUTTON (SURREY) - ST ALBANS CITY,G83918,1049,stop,2026-04-09,10:49:00,,
EPSOM - NORWOOD JUNCTION,P25212,1045,stop,2026-04-23,10:49:00,,
SUTTON (SURREY) - ST ALBANS CITY,G83918,1049,stop,2026-04-16,10:49:00,,
EPSOM - NORWOOD JUNCTION,P25212,1045,stop,2026-04-20,10:49:00,,
BATTERSEA PARK LONDON - EPSOM DOWNS,P26132,1000,stop,2026-04-16,10:49:00,,
EPSOM - NORWOOD JUNCTION,P25213,1045,stop,2026-04-11,10:49:00,,
EPSOM - NORWOOD JUNCTION,P25212,1045,stop,2026-04-02,10:49:00,,
EPSOM - NORWOOD JUNCTION,P25212,1045,stop,2026-04-14,10:49:00,,
SUTTON (SURREY) - ST ALBANS CITY,G83918,1049,stop,2026-04-01,10:49:00,,
BATTERSEA PARK LONDON - EPSOM DOWNS,X00767,1000,stop,2026-04-06,10:49:00,,
BATTERSEA PARK LONDON - EPSOM DOWNS,P26132,1000,stop,2026-04-06,10:49:00,,
EPSOM - NORWOOD JUNCTION,P25212,1045,stop,2026-04-01,10:49:00,,
EPSOM - NORWOOD JUNCTION,P25212,1045,stop,2026-04-28,10:49:00,,
EPSOM - NORWOOD JUNCTION,P25212,1045,stop,2026-04-27,10:49:00,,
EPSOM - NORWOOD JUNCTION,P25213,1045,stop,2026-04-25,10:49:00,,
BATTERSEA PARK LONDON - EPSOM DOWNS,P26133,1000,stop,2026-04-04,10:49:00,,
BATTERSEA PARK LONDON - EPSOM DOWNS,P26132,1000,stop,2026-04-22,10:49:00,,
EPSOM - NORWOOD JUNCTION,P25213,1045,stop,2026-04-04,10:49:00,,
BATTERSEA PARK LONDON - EPSOM DOWNS,P26131,1000,stop,2026-04-12,10:49:00,,
EPSOM DOWNS - BATTERSEA PARK LONDON,P26154,1038,stop,2026-04-30,10:51:00,,
EPSOM DOWNS - BATTERSEA PARK LONDON,P26154,1038,stop,2026-04-03,10:51:00,,
EPSOM DOWNS - BATTERSEA PARK LONDON,P26153,1038,stop,2026-04-26,10:51:00,,
SUTTON (SURREY) - ST ALBANS CITY,G83918,1049,stop,2026-04-03,10:49:00,,
BATTERSEA PARK LONDON - EPSOM DOWNS,P26132,1000,stop,2026-04-10,10:49:00,,
SUTTON (SURREY) - ST ALBANS CITY,G25222,1049,stop,2026-04-04,10:49:00,,
EPSOM - NORWOOD JUNCTION,P25212,1045,stop,2026-04-08,10:49:00,,
BATTERSEA PARK LONDON - EPSOM DOWNS,P26132,1000,stop,2026-04-20,10:49:00,,
EPSOM - NORWOOD JUNCTION,P25212,1045,stop,2026-04-09,10:49:00,,
BATTERSEA PARK LONDON - EPSOM DOWNS,P26132,1000,stop,2026-04-21,10:49:00,,
STREATHAM HILL - EPSOM DOWNS,P26131,1013,stop,2026-04-19,10:49:00,,
BATTERSEA PARK LONDON - EPSOM DOWNS,P26131,1000,stop,2026-04-05,10:49:00,,
BATTERSEA PARK LONDON - EPSOM DOWNS,P26132,1000,stop,2026-04-24,10:49:00,,
EPSOM - NORWOOD JUNCTION,X96558,1045,stop,2026-04-03,10:49:00,,
EPSOM - NORWOOD JUNCTION,P25212,1045,stop,2026-04-03,10:49:00,,
EPSOM DOWNS - BATTERSEA PARK LONDON,P26153,1038,stop,2026-04-12,10:51:00,,
EPSOM DOWNS - BATTERSEA PARK LONDON,P26155,1038,stop,2026-04-11,10:51:00,,
EPSOM DOWNS - BATTERSEA PARK LONDON,P26154,1038,stop,2026-04-10,10:51:00,,
EPSOM DOWNS - BATTERSEA PARK LONDON,P26154,1038,stop,2026-04-28,10:51:00,,
EPSOM DOWNS - BATTERSEA PARK LONDON,P26154,1038,stop,2026-04-14,10:51:00,,
EPSOM DOWNS - BATTERSEA PARK LONDON,X96568,1038,stop,2026-04-03,10:51:00,,
EPSOM DOWNS - BATTERSEA PARK LONDON,P26155,1038,stop,2026-04-25,10:51:00,,
EPSOM DOWNS - BATTERSEA PARK LONDON,P26154,1038,stop,2026-04-23,10:51:00,,
EPSOM DOWNS - STREATHAM HILL,P26155,1038,stop,2026-04-18,10:51:00,,
EPSOM DOWNS - BATTERSEA PARK LONDON,P26154,1038,stop,2026-04-21,10:51:00,,
EPSOM DOWNS - BATTERSEA PARK LONDON,P26154,1038,stop,2026-04-08,10:51:00,,
EPSOM DOWNS - STREATHAM HILL,P26153,1038,stop,2026-04-19,10:51:00,,
EPSOM DOWNS - BATTERSEA PARK LONDON,P26155,1038,stop,2026-04-04,10:51:00,,
EPSOM DOWNS - BATTERSEA PARK LONDON,P26154,1038,stop,2026-04-15,10:51:00,,
EPSOM DOWNS - BATTERSEA PARK LONDON,P26154,1038,stop,2026-04-07,10:51:00,,
EPSOM DOWNS - BATTERSEA PARK LONDON,P26154,1038,stop,2026-04-27,10:51:00,,
DORKING - EARLSFIELD,P61022,1032,stop,2026-04-23,10:52:00,,
DORKING - EARLSFIELD,P61022,1032,stop,2026-04-10,10:52:00,,
EPSOM DOWNS - BATTERSEA PARK LONDON,P26154,1038,stop,2026-04-13,10:51:00,,
EPSOM DOWNS - BATTERSEA PARK LONDON,P26154,1038,stop,2026-04-09,10:51:00,,
EPSOM DOWNS - BATTERSEA PARK LONDON,P26154,1038,stop,2026-04-01,10:51:00,,
EPSOM DOWNS - BATTERSEA PARK LONDON,P26154,1038,stop,2026-04-16,10:51:00,,
EPSOM DOWNS - BATTERSEA PARK LONDON,P26154,1038,stop,2026-04-24,10:51:00,,
EPSOM DOWNS - BATTERSEA PARK LONDON,P26154,1038,stop,2026-04-17,10:51:00,,
EPSOM DOWNS - BATTERSEA PARK LONDON,P26154,1038,stop,2026-04-20,10:51:00,,
EPSOM DOWNS - BATTERSEA PARK LONDON,P26154,1038,stop,2026-04-06,10:51:00,,
EPSOM DOWNS - BATTERSEA PARK LONDON,P26154,1038,stop,2026-04-02,10:51:00,,
EPSOM DOWNS - BATTERSEA PARK LONDON,P26154,1038,stop,2026-04-22,10:51:00,,
EPSOM DOWNS - BATTERSEA PARK LONDON,P26154,1038,stop,2026-04-29,10:51:00,,
EPSOM DOWNS - BATTERSEA PARK LONDON,X00774,1038,stop,2026-04-06,10:51:00,,
DORKING - EARLSFIELD,P61022,1032,stop,2026-04-07,10:52:00,,
DORKING - EARLSFIELD,P61022,1032,stop,2026-04-17,10:52:00,,
DORKING - EARLSFIELD,P61022,1032,stop,2026-04-13,10:52:00,,
DORKING - EARLSFIELD,P61023,1032,stop,2026-04-11,10:52:00,,
DORKING - EARLSFIELD,P61022,1032,stop,2026-04-24,10:52:00,,
DORKING - EARLSFIELD,P61023,1032,stop,2026-04-04,10:52:00,,
DORKING - EARLSFIELD,P61022,1032,stop,2026-04-22,10:52:00,,
DORKING - EARLSFIELD,P61022,1032,stop,2026-04-08,10:52:00,,
DORKING - EARLSFIELD,P61022,1032,stop,2026-04-14,10:52:00,,
DORKING - EARLSFIELD,P61022,1032,stop,2026-04-06,10:52:00,,
DORKING - EARLSFIELD,Q50746,1032,stop,2026-04-06,10:52:00,,
DORKING - EARLSFIELD,P61022,1032,stop,2026-04-15,10:52:00,,
DORKING - EARLSFIELD,P61022,1032,stop,2026-04-21,10:52:00,,
DORKING - EARLSFIELD,P61022,1032,stop,2026-04-20,10:52:00,,
DORKING - EARLSFIELD,P61022,1032,stop,2026-04-16,10:52:00,,
DORKING - EARLSFIELD,P61023,1032,stop,2026-04-18,10:52:00,,
DORKING - EARLSFIELD,P61022,1032,stop,2026-04-02,10:52:00,,
DORKING - EARLSFIELD,P61022,1032,stop,2026-04-29,10:52:00,,
DORKING - EARLSFIELD,P61022,1032,stop,2026-04-01,10:52:00,,
DORKING - EARLSFIELD,P61023,1032,stop,2026-04-25,10:52:00,,
DORKING - EARLSFIELD,P61022,1032,stop,2026-04-03,10:52:00,,
DORKING - EARLSFIELD,Q38754,1032,stop,2026-04-03,10:52:00,,
DORKING - EARLSFIELD,P61022,1032,stop,2026-04-09,10:52:00,,
EARLSFIELD - DORKING,P61013,1023,stop,2026-04-02,10:54:00,,
EARLSFIELD - DORKING,P61013,1023,stop,2026-04-09,10:54:00,,
EARLSFIELD - DORKING,P61013,1023,stop,2026-04-22,10:54:00,,
EARLSFIELD - DORKING,P61014,1023,stop,2026-04-25,10:54:00,,
EARLSFIELD - DORKING,Q50768,1023,stop,2026-04-06,10:54:00,,
EARLSFIELD - DORKING,P61013,1023,stop,2026-04-10,10:54:00,,
EARLSFIELD - DORKING,P61013,1023,stop,2026-04-14,10:54:00,,
EARLSFIELD - DORKING,P61013,1023,stop,2026-04-06,10:54:00,,
EARLSFIELD - DORKING,P61014,1023,stop,2026-04-11,10:54:00,,
EARLSFIELD - DORKING,P61014,1023,stop,2026-04-04,10:54:00,,
MITCHAM EASTFIELDS - DORKING (2),P26623,1020,stop,2026-04-18,10:53:00,,
DORKING - EARLSFIELD,P61022,1032,stop,2026-04-28,10:52:00,,
DORKING - EARLSFIELD,P61022,1032,stop,2026-04-30,10:52:00,,
DORKING - EARLSFIELD,P61022,1032,stop,2026-04-27,10:52:00,,
EARLSFIELD - DORKING,P61013,1023,stop,2026-04-16,10:54:00,,
EARLSFIELD - DORKING,P61013,1023,stop,2026-04-30,10:54:00,,
EARLSFIELD - DORKING,P61013,1023,stop,2026-04-03,10:54:00,,
EARLSFIELD - DORKING,P61013,1023,stop,2026-04-24,10:54:00,,
EARLSFIELD - DORKING,Q38763,1023,stop,2026-04-03,10:54:00,,
EARLSFIELD - DORKING,P61013,1023,stop,2026-04-17,10:54:00,,
EARLSFIELD - DORKING,P61013,1023,stop,2026-04-28,10:54:00,,
EARLSFIELD - DORKING,P61013,1023,stop,2026-04-27,10:54:00,,
EARLSFIELD - DORKING,P61013,1023,stop,2026-04-07,10:54:00,,
EARLSFIELD - DORKING,P61013,1023,stop,2026-04-08,10:54:00,,
EARLSFIELD - DORKING,P61013,1023,stop,2026-04-23,10:54:00,,
EARLSFIELD - DORKING,P61013,1023,stop,2026-04-13,10:54:00,,
EARLSFIELD - DORKING,P61013,1023,stop,2026-04-20,10:54:00,,
EARLSFIELD - DORKING,P61013,1023,stop,2026-04-21,10:54:00,,
EARLSFIELD - DORKING,P61014,1023,stop,2026-04-18,10:54:00,,
EARLSFIELD - DORKING,P61013,1023,stop,2026-04-29,10:54:00,,
SUTTON (SURREY) - DORKING,X04929,1055,stop,2026-04-12,10:55:00,,
EARLSFIELD - DORKING,P61013,1023,stop,2026-04-01,10:54:00,,
EARLSFIELD - DORKING,P61013,1023,stop,2026-04-15,10:54:00,,
NORWOOD JUNCTION - EPSOM,P25210,1025,stop,2026-04-02,10:58:00,,
NORWOOD JUNCTION - EPSOM,P25211,1025,stop,2026-04-18,10:58:00,,
NORWOOD JUNCTION - EPSOM,P25210,1025,stop,2026-04-22,10:58:00,,
NORWOOD JUNCTION - EPSOM,P25211,1025,stop,2026-04-04,10:58:00,,
NORWOOD JUNCTION - EPSOM,P25210,1025,stop,2026-04-10,10:58:00,,
NORWOOD JUNCTION - EPSOM,P25210,1025,stop,2026-04-27,10:58:00,,
NORWOOD JUNCTION - EPSOM,P25210,1025,stop,2026-04-28,10:58:00,,
NORWOOD JUNCTION - EPSOM,P25210,1025,stop,2026-04-08,10:58:00,,
NORWOOD JUNCTION - EPSOM,P25210,1025,stop,2026-04-07,10:58:00,,
NORWOOD JUNCTION - EPSOM,P25211,1025,stop,2026-04-11,10:58:00,,
NORWOOD JUNCTION - EPSOM,P25210,1025,stop,2026-04-29,10:58:00,,
SUTTON (SURREY) - TULSE HILL,X27300,1057,stop,2026-04-05,10:57:00,,
GUILDFORD - EARLSFIELD,L74242,1020,stop,2026-04-26,10:57:00,,
GUILDFORD - EARLSFIELD,L74242,1020,stop,2026-04-12,10:57:00,,
GUILDFORD - EARLSFIELD,L74242,1020,stop,2026-04-19,10:57:00,,
GUILDFORD - EARLSFIELD,L74242,1020,stop,2026-04-05,10:57:00,,
NORWOOD JUNCTION - EPSOM,P25210,1025,stop,2026-04-14,10:58:00,,
NORWOOD JUNCTION - EPSOM,P25210,1025,stop,2026-04-01,10:58:00,,
NORWOOD JUNCTION - EPSOM,P25210,1025,stop,2026-04-17,10:58:00,,
EPSOM DOWNS - BATTERSEA PARK LONDON,P26153,1038,stop,2026-04-05,10:58:00,,
NORWOOD JUNCTION - EPSOM,P25210,1025,stop,2026-04-03,10:58:00,,
NORWOOD JUNCTION - EPSOM,P25210,1025,stop,2026-04-24,10:58:00,,
NORWOOD JUNCTION - EPSOM,P25210,1025,stop,2026-04-20,10:58:00,,
NORWOOD JUNCTION - EPSOM,P25210,1025,stop,2026-04-13,10:58:00,,
NORWOOD JUNCTION - EPSOM,P25210,1025,stop,2026-04-09,10:58:00,,
NORWOOD JUNCTION - EPSOM,X01391,1025,stop,2026-04-06,10:58:00,,
NORWOOD JUNCTION - EPSOM,P25210,1025,stop,2026-04-06,10:58:00,,
NORWOOD JUNCTION - EPSOM,P25210,1025,stop,2026-04-30,10:58:00,,
NORWOOD JUNCTION - EPSOM,P25211,1025,stop,2026-04-25,10:58:00,,
NORWOOD JUNCTION - EPSOM,P25210,1025,stop,2026-04-21,10:58:00,,
NORWOOD JUNCTION - EPSOM,P25210,1025,stop,2026-04-15,10:58:00,,
NORWOOD JUNCTION - EPSOM,P25210,1025,stop,2026-04-16,10:58:00,,
NORWOOD JUNCTION - EPSOM,X92718,1025,stop,2026-04-03,11:01:00,,
NORWOOD JUNCTION - EPSOM,P25210,1025,stop,2026-04-23,10:58:00,,
LUTON - WIMBLEDON,W59664,922,stop,2026-04-05,11:01:00,,
EARLSFIELD - GUILDFORD (2),P61593,1032,stop,2026-04-19,11:04:00,,
EARLSFIELD - GUILDFORD (2),P61593,1032,stop,2026-04-26,11:03:00,,
EARLSFIELD - GUILDFORD (2),P61593,1032,stop,2026-04-05,11:03:00,,
EARLSFIELD - GUILDFORD (2),P61593,1032,stop,2026-04-12,11:04:00,,
EFFINGHAM JUNCTION - WORCESTER PARK,Q54777,1015,stop,2026-04-12,11:04:00,,
HORSHAM - BALHAM,P26632,1014,stop,2026-04-04,11:06:00,,
HORSHAM - BALHAM,P26631,1014,stop,2026-04-30,11:06:00,,
HORSHAM - BALHAM,P26631,1014,stop,2026-04-06,11:06:00,,
HORSHAM - BALHAM,P26631,1014,stop,2026-04-09,11:06:00,,
HORSHAM - BALHAM,P26631,1014,stop,2026-04-08,11:06:00,,
HORSHAM - MITCHAM EASTFIELDS,P26632,1020,stop,2026-04-18,11:06:00,,
HORSHAM - BALHAM,P26631,1014,stop,2026-04-13,11:06:00,,
HORSHAM - BALHAM,P26631,1014,stop,2026-04-07,11:06:00,,
HORSHAM - BALHAM,P26631,1014,stop,2026-04-16,11:06:00,,
HORSHAM - BALHAM,P26631,1014,stop,2026-04-29,11:06:00,,
HORSHAM - BALHAM,P26631,1014,stop,2026-04-24,11:06:00,,
DORKING - MITCHAM EASTFIELDS,P26633,1043,stop,2026-04-19,11:05:00,,
DORKING - BALHAM (2),P26633,1042,stop,2026-04-26,11:05:00,,
DORKING - BALHAM (2),P26633,1042,stop,2026-04-12,11:05:00,,
HORSHAM - BALHAM,P26631,1014,stop,2026-04-21,11:06:00,,
HORSHAM - BALHAM,P26631,1014,stop,2026-04-10,11:06:00,,
HORSHAM - BALHAM,P26631,1014,stop,2026-04-15,11:06:00,,
HORSHAM - BALHAM,P26632,1014,stop,2026-04-11,11:06:00,,
HORSHAM - BALHAM,P26631,1014,stop,2026-04-02,11:06:00,,
HORSHAM - BALHAM,P26631,1014,stop,2026-04-17,11:06:00,,
HORSHAM - BALHAM,P26631,1014,stop,2026-04-27,11:06:00,,
HORSHAM - BALHAM,P26631,1014,stop,2026-04-01,11:06:00,,
HORSHAM - BALHAM,P26632,1014,stop,2026-04-25,11:06:00,,
HORSHAM - BALHAM,P26631,1014,stop,2026-04-23,11:06:00,,
HORSHAM - BALHAM,P26631,1014,stop,2026-04-22,11:06:00,,
HORSHAM - BALHAM,P26631,1014,stop,2026-04-14,11:06:00,,
HORSHAM - BALHAM,X00934,1014,stop,2026-04-06,11:06:00,,
HORSHAM - BALHAM,P26631,1014,stop,2026-04-28,11:06:00,,
HORSHAM - BALHAM,P26631,1014,stop,2026-04-03,11:06:00,,
HORSHAM - BALHAM,X96600,1014,stop,2026-04-03,11:06:00,,
ST ALBANS CITY - SUTTON (SURREY),G25192,937,stop,2026-04-25,11:07:00,,
LUTON - SUTTON (SURREY) (2),W59664,922,stop,2026-04-12,11:07:00,,
ST ALBANS CITY - SUTTON (SURREY),G84883,937,stop,2026-04-13,11:07:00,,
ST ALBANS CITY - SUTTON (SURREY),G84883,937,stop,2026-04-24,11:07:00,,
LUTON - SUTTON (SURREY) (2),W59664,922,stop,2026-04-26,11:07:00,,
ST ALBANS CITY - SUTTON (SURREY),G84883,937,stop,2026-04-01,11:07:00,,
ST ALBANS CITY - SUTTON (SURREY),G84883,937,stop,2026-04-21,11:07:00,,
ST ALBANS CITY - SUTTON (SURREY),G84883,937,stop,2026-04-14,11:07:00,,
ST ALBANS CITY - SUTTON (SURREY),G84883,937,stop,2026-04-06,11:07:00,,
ST ALBANS CITY - SUTTON (SURREY),G84883,937,stop,2026-04-02,11:07:00,,
ST ALBANS CITY - SUTTON (SURREY),G84883,937,stop,2026-04-09,11:07:00,,
ST ALBANS CITY - SUTTON (SURREY),G84883,937,stop,2026-04-10,11:07:00,,
ST ALBANS CITY - SUTTON (SURREY),G25192,937,stop,2026-04-18,11:07:00,,
ST ALBANS CITY - SUTTON (SURREY),G25192,937,stop,2026-04-04,11:07:00,,
ST ALBANS CITY - SUTTON (SURREY),G84883,937,stop,2026-04-29,11:07:00,,
HORSHAM - BALHAM,P26631,1014,stop,2026-04-20,11:06:00,,
ST ALBANS CITY - SUTTON (SURREY),G84883,937,stop,2026-04-17,11:07:00,,
ST ALBANS CITY - SUTTON (SURREY),G25192,937,stop,2026-04-11,11:07:00,,
ST ALBANS CITY - SUTTON (SURREY),G84883,937,stop,2026-04-28,11:07:00,,
ST ALBANS CITY - SUTTON (SURREY),G84883,937,stop,2026-04-22,11:07:00,,
ST ALBANS CITY - SUTTON (SURREY),G84883,937,stop,2026-04-07,11:07:00,,
ST ALBANS CITY - SUTTON (SURREY),G84883,937,stop,2026-04-16,11:07:00,,
ST ALBANS CITY - SUTTON (SURREY),G84883,937,stop,2026-04-20,11:07:00,,
ST ALBANS CITY - SUTTON (SURREY),G84883,937,stop,2026-04-23,11:07:00,,
ST ALBANS CITY - SUTTON (SURREY),G84883,937,stop,2026-04-30,11:07:00,,
ST ALBANS CITY - SUTTON (SURREY),G84883,937,stop,2026-04-08,11:07:00,,
ST ALBANS CITY - SUTTON (SURREY) (2),W59664,936,stop,2026-04-19,11:07:00,,
ST ALBANS CITY - SUTTON (SURREY),G84883,937,stop,2026-04-15,11:07:00,,
ST ALBANS CITY - SUTTON (SURREY),G84883,937,stop,2026-04-27,11:07:00,,
ST ALBANS CITY - SUTTON (SURREY),G84883,937,stop,2026-04-03,11:07:00,,
DORKING - BALHAM (3),P26633,1046,stop,2026-04-05,11:08:00,,
MITCHAM EASTFIELDS - DORKING,P26630,1038,stop,2026-04-19,11:10:00,,
BALHAM - DORKING (3),P26630,1038,stop,2026-04-26,11:10:00,,
SUTTON (SURREY) - STREATHAM HILL,P27119,1110,stop,2026-04-18,11:10:00,,
SUTTON (SURREY) - BALHAM (2),P26633,1112,stop,2026-04-12,11:12:00,,
BALHAM - HORSHAM,P26628,1041,stop,2026-04-08,11:13:00,,
BALHAM - HORSHAM,P26628,1041,stop,2026-04-03,11:13:00,,
BALHAM - HORSHAM,P26628,1041,stop,2026-04-24,11:13:00,,
BALHAM - HORSHAM,P26629,1041,stop,2026-04-11,11:13:00,,
BALHAM - HORSHAM,P26628,1041,stop,2026-04-21,11:13:00,,
BALHAM - HORSHAM,P26628,1041,stop,2026-04-16,11:13:00,,
BALHAM - HORSHAM,P26628,1041,stop,2026-04-30,11:13:00,,
BALHAM - HORSHAM,P26628,1041,stop,2026-04-10,11:13:00,,
BALHAM - HORSHAM,P26628,1041,stop,2026-04-14,11:13:00,,
BALHAM - HORSHAM,P26628,1041,stop,2026-04-07,11:13:00,,
BALHAM - DORKING (3),P26630,1038,stop,2026-04-12,11:13:00,,
BALHAM - HORSHAM,P26628,1041,stop,2026-04-29,11:13:00,,
BALHAM - HORSHAM,X00933,1041,stop,2026-04-06,11:13:00,,
BALHAM - HORSHAM,P26628,1041,stop,2026-04-23,11:13:00,,
BALHAM - HORSHAM,P26628,1041,stop,2026-04-01,11:13:00,,
BALHAM - HORSHAM,P26628,1041,stop,2026-04-15,11:13:00,,
BALHAM - HORSHAM,P26628,1041,stop,2026-04-17,11:13:00,,
BALHAM - HORSHAM,P26628,1041,stop,2026-04-20,11:13:00,,
BALHAM - HORSHAM,P26628,1041,stop,2026-04-06,11:13:00,,
BALHAM - HORSHAM,P26628,1041,stop,2026-04-09,11:13:00,,
BALHAM - HORSHAM,P26628,1041,stop,2026-04-27,11:13:00,,
BALHAM - HORSHAM,P26629,1041,stop,2026-04-04,11:13:00,,
BALHAM - HORSHAM,P26628,1041,stop,2026-04-13,11:13:00,,
BALHAM - HORSHAM,X96565,1041,stop,2026-04-03,11:13:00,,
BALHAM - HORSHAM,P26628,1041,stop,2026-04-28,11:13:00,,
BALHAM - HORSHAM,P26629,1041,stop,2026-04-25,11:13:00,,
BALHAM - HORSHAM,P26628,1041,stop,2026-04-02,11:13:00,,
BALHAM - HORSHAM,P26628,1041,stop,2026-04-22,11:13:00,,
SUTTON (SURREY) - ST ALBANS CITY (3),G84888,1116,stop,2026-04-02,11:16:00,,
SUTTON (SURREY) - ST ALBANS CITY (3),G84888,1116,stop,2026-04-22,11:16:00,,
SUTTON (SURREY) - ST ALBANS CITY (6),G84886,1116,stop,2026-04-12,11:16:00,,
SUTTON (SURREY) - ST ALBANS CITY (3),G84888,1116,stop,2026-04-29,11:16:00,,
SUTTON (SURREY) - ST ALBANS CITY (3),G84888,1116,stop,2026-04-16,11:16:00,,
SUTTON (SURREY) - ST ALBANS CITY (3),G84888,1116,stop,2026-04-01,11:16:00,,
WIMBLEDON - LUTON,G83923,1103,stop,2026-04-05,11:15:00,,
BALHAM - DORKING (6),P26630,1038,stop,2026-04-05,11:14:00,,
SUTTON (SURREY) - ST ALBANS CITY (3),G84888,1116,stop,2026-04-15,11:16:00,,
SUTTON (SURREY) - ST ALBANS CITY (3),G84888,1116,stop,2026-04-14,11:16:00,,
SUTTON (SURREY) - ST ALBANS CITY (3),G84888,1116,stop,2026-04-10,11:16:00,,
SUTTON (SURREY) - ST ALBANS CITY (3),G84888,1116,stop,2026-04-03,11:16:00,,
SUTTON (SURREY) - ST ALBANS CITY (3),G84888,1116,stop,2026-04-13,11:16:00,,
SUTTON (SURREY) - ST ALBANS CITY (3),G84888,1116,stop,2026-04-24,11:16:00,,
SUTTON (SURREY) - ST ALBANS CITY (3),G84888,1116,stop,2026-04-23,11:16:00,,
SUTTON (SURREY) - ST ALBANS CITY (3),G84888,1116,stop,2026-04-20,11:16:00,,
SUTTON (SURREY) - ST ALBANS CITY (3),G84888,1116,stop,2026-04-21,11:16:00,,
SUTTON (SURREY) - ST ALBANS CITY (6),G84886,1116,stop,2026-04-19,11:16:00,,
SUTTON (SURREY) - ST ALBANS CITY (3),G84888,1116,stop,2026-04-27,11:16:00,,
SUTTON (SURREY) - ST ALBANS CITY (3),G84888,1116,stop,2026-04-08,11:16:00,,
SUTTON (SURREY) - ST ALBANS CITY (3),G25233,1116,stop,2026-04-18,11:16:00,,
SUTTON (SURREY) - ST ALBANS CITY (3),G84888,1116,stop,2026-04-09,11:16:00,,
SUTTON (SURREY) - ST ALBANS CITY (3),G25233,1116,stop,2026-04-11,11:16:00,,
SUTTON (SURREY) - ST ALBANS CITY (3),G84888,1116,stop,2026-04-30,11:16:00,,
DORKING - SUTTON (SURREY),X04892,1033,stop,2026-04-12,11:17:00,,
SUTTON (SURREY) - ST ALBANS CITY (3),G84888,1116,stop,2026-04-17,11:16:00,,
SUTTON (SURREY) - ST ALBANS CITY (3),G84888,1116,stop,2026-04-28,11:16:00,,
SUTTON (SURREY) - ST ALBANS CITY (6),G84886,1116,stop,2026-04-05,11:16:00,,
SUTTON (SURREY) - ST ALBANS CITY (3),G25233,1116,stop,2026-04-04,11:16:00,,
SUTTON (SURREY) - ST ALBANS CITY (6),G84886,1116,stop,2026-04-26,11:16:00,,
SUTTON (SURREY) - ST ALBANS CITY (3),G25233,1116,stop,2026-04-25,11:16:00,,
SUTTON (SURREY) - ST ALBANS CITY (3),G84888,1116,stop,2026-04-07,11:16:00,,
SUTTON (SURREY) - ST ALBANS CITY (3),G84888,1116,stop,2026-04-06,11:16:00,,
EPSOM - NORWOOD JUNCTION,P25216,1115,stop,2026-04-03,11:19:00,,
BATTERSEA PARK LONDON - EPSOM DOWNS,P26144,1030,stop,2026-04-12,11:19:00,,
SUTTON (SURREY) - ST ALBANS CITY,G83924,1119,stop,2026-04-03,11:19:00,,
EPSOM - NORWOOD JUNCTION,P25216,1115,stop,2026-04-13,11:19:00,,
SUTTON (SURREY) - ST ALBANS CITY,G83924,1119,stop,2026-04-02,11:19:00,,
BATTERSEA PARK LONDON - EPSOM DOWNS,P26146,1030,stop,2026-04-25,11:19:00,,
BATTERSEA PARK LONDON - EPSOM DOWNS,P26146,1030,stop,2026-04-04,11:19:00,,
SUTTON (SURREY) - ST ALBANS CITY,G83924,1119,stop,2026-04-07,11:19:00,,
EPSOM - NORWOOD JUNCTION,X96517,1115,stop,2026-04-03,11:19:00,,
BATTERSEA PARK LONDON - EPSOM DOWNS,P26145,1030,stop,2026-04-30,11:19:00,,
WORCESTER PARK - DORKING,Q54898,1105,stop,2026-04-12,11:18:00,,
BATTERSEA PARK LONDON - EPSOM DOWNS,P26145,1030,stop,2026-04-20,11:19:00,,
BATTERSEA PARK LONDON - EPSOM DOWNS,P26145,1030,stop,2026-04-03,11:19:00,,
BATTERSEA PARK LONDON - EPSOM DOWNS,X96577,1030,stop,2026-04-03,11:19:00,,
SUTTON (SURREY) - ST ALBANS CITY,G83924,1119,stop,2026-04-10,11:19:00,,
EPSOM - NORWOOD JUNCTION,P25217,1115,stop,2026-04-11,11:19:00,,
EPSOM - NORWOOD JUNCTION,P25216,1115,stop,2026-04-23,11:19:00,,
STREATHAM HILL - EPSOM DOWNS,P26144,1043,stop,2026-04-19,11:19:00,,
BATTERSEA PARK LONDON - EPSOM DOWNS,P26145,1030,stop,2026-04-17,11:19:00,,
EPSOM - NORWOOD JUNCTION,P25216,1115,stop,2026-04-02,11:19:00,,
BATTERSEA PARK LONDON - EPSOM DOWNS,P26145,1030,stop,2026-04-15,11:19:00,,
BATTERSEA PARK LONDON - EPSOM DOWNS,P26145,1030,stop,2026-04-21,11:19:00,,
STREATHAM HILL - EPSOM DOWNS,P26146,1043,stop,2026-04-18,11:19:00,,
SUTTON (SURREY) - ST ALBANS CITY,G25235,1119,stop,2026-04-04,11:19:00,,
SUTTON (SURREY) - ST ALBANS CITY,G83924,1119,stop,2026-04-01,11:19:00,,
EPSOM - NORWOOD JUNCTION,P25216,1115,stop,2026-04-27,11:19:00,,
EPSOM - NORWOOD JUNCTION,P25216,1115,stop,2026-04-20,11:19:00,,
EPSOM - NORWOOD JUNCTION,P25216,1115,stop,2026-04-01,11:19:00,,
SUTTON (SURREY) - ST ALBANS CITY,G25235,1119,stop,2026-04-11,11:19:00,,
SUTTON (SURREY) - LUTON,G83923,1119,stop,2026-04-26,11:19:00,,
SUTTON (SURREY) - ST ALBANS CITY,G83924,1119,stop,2026-04-27,11:19:00,,
BATTERSEA PARK LONDON - EPSOM DOWNS,P26145,1030,stop,2026-04-07,11:19:00,,
SUTTON (SURREY) - ST ALBANS CITY,G83924,1119,stop,2026-04-28,11:19:00,,
EPSOM - NORWOOD JUNCTION,P25216,1115,stop,2026-04-14,11:19:00,,
SUTTON (SURREY) - ST ALBANS CITY,G83924,1119,stop,2026-04-09,11:19:00,,
SUTTON (SURREY) - ST ALBANS CITY,G83924,1119,stop,2026-04-08,11:19:00,,
BATTERSEA PARK LONDON - EPSOM DOWNS,P26145,1030,stop,2026-04-14,11:19:00,,
BATTERSEA PARK LONDON - EPSOM DOWNS,P26146,1030,stop,2026-04-11,11:19:00,,
SUTTON (SURREY) - ST ALBANS CITY,G83924,1119,stop,2026-04-16,11:19:00,,
BATTERSEA PARK LONDON - EPSOM DOWNS,P26145,1030,stop,2026-04-29,11:19:00,,
SUTTON (SURREY) - ST ALBANS CITY,G25235,1119,stop,2026-04-25,11:19:00,,
BATTERSEA PARK LONDON - EPSOM DOWNS,P26145,1030,stop,2026-04-02,11:19:00,,
EPSOM - NORWOOD JUNCTION,P25216,1115,stop,2026-04-09,11:19:00,,
EPSOM - NORWOOD JUNCTION,P25217,1115,stop,2026-04-18,11:19:00,,
BATTERSEA PARK LONDON - EPSOM DOWNS,P26145,1030,stop,2026-04-24,11:19:00,,
EPSOM - NORWOOD JUNCTION,P25216,1115,stop,2026-04-24,11:19:00,,
SUTTON (SURREY) - ST ALBANS CITY,G83924,1119,stop,2026-04-17,11:19:00,,
EPSOM - NORWOOD JUNCTION,P25216,1115,stop,2026-04-07,11:19:00,,
EPSOM - NORWOOD JUNCTION,P25216,1115,stop,2026-04-16,11:19:00,,
EPSOM - NORWOOD JUNCTION,P25216,1115,stop,2026-04-17,11:19:00,,
SUTTON (SURREY) - ST ALBANS CITY,G25235,1119,stop,2026-04-18,11:19:00,,
EPSOM - NORWOOD JUNCTION,P25216,1115,stop,2026-04-08,11:19:00,,
BATTERSEA PARK LONDON - EPSOM DOWNS,P26145,1030,stop,2026-04-08,11:19:00,,
SUTTON (SURREY) - WEST HAMPSTEAD THAMESLINK,G83923,1119,stop,2026-04-19,11:19:00,,
BATTERSEA PARK LONDON - EPSOM DOWNS,P26145,1030,stop,2026-04-16,11:19:00,,
BATTERSEA PARK LONDON - EPSOM DOWNS,P26145,1030,stop,2026-04-09,11:19:00,,
BATTERSEA PARK LONDON - EPSOM DOWNS,P26145,1030,stop,2026-04-06,11:19:00,,
BATTERSEA PARK LONDON - EPSOM DOWNS,X00771,1030,stop,2026-04-06,11:19:00,,
SUTTON (SURREY) - ST ALBANS CITY,G83924,1119,stop,2026-04-20,11:19:00,,
BATTERSEA PARK LONDON - EPSOM DOWNS,P26145,1030,stop,2026-04-01,11:19:00,,
EPSOM - NORWOOD JUNCTION,P25216,1115,stop,2026-04-29,11:19:00,,
SUTTON (SURREY) - ST ALBANS CITY,G83924,1119,stop,2026-04-22,11:19:00,,
BATTERSEA PARK LONDON - EPSOM DOWNS,P26144,1030,stop,2026-04-26,11:19:00,,
EPSOM - NORWOOD JUNCTION,P25216,1115,stop,2026-04-15,11:19:00,,
EPSOM - NORWOOD JUNCTION,P25216,1115,stop,2026-04-30,11:19:00,,
SUTTON (SURREY) - ST ALBANS CITY,G83924,1119,stop,2026-04-14,11:19:00,,
SUTTON (SURREY) - ST ALBANS CITY,G83924,1119,stop,2026-04-29,11:19:00,,
SUTTON (SURREY) - ST ALBANS CITY,G83924,1119,stop,2026-04-24,11:19:00,,
SUTTON (SURREY) - ST ALBANS CITY,G83924,1119,stop,2026-04-13,11:19:00,,
EPSOM - NORWOOD JUNCTION,P25217,1115,stop,2026-04-04,11:19:00,,
EPSOM - NORWOOD JUNCTION,X01394,1115,stop,2026-04-06,11:19:00,,
SUTTON (SURREY) - ST ALBANS CITY,G83924,1119,stop,2026-04-06,11:19:00,,
BATTERSEA PARK LONDON - EPSOM DOWNS,P26145,1030,stop,2026-04-22,11:19:00,,
BATTERSEA PARK LONDON - EPSOM DOWNS,P26145,1030,stop,2026-04-28,11:19:00,,
SUTTON (SURREY) - ST ALBANS CITY,G83924,1119,stop,2026-04-21,11:19:00,,
BATTERSEA PARK LONDON - EPSOM DOWNS,P26145,1030,stop,2026-04-13,11:19:00,,
SUTTON (SURREY) - ST ALBANS CITY,G83924,1119,stop,2026-04-23,11:19:00,,
SUTTON (SURREY) - ST ALBANS CITY,G83924,1119,stop,2026-04-30,11:19:00,,
SUTTON (SURREY) - ST ALBANS CITY,G83924,1119,stop,2026-04-15,11:19:00,,
EPSOM - NORWOOD JUNCTION,P25216,1115,stop,2026-04-06,11:19:00,,
EPSOM - NORWOOD JUNCTION,P25216,1115,stop,2026-04-28,11:19:00,,
EPSOM - NORWOOD JUNCTION,P25217,1115,stop,2026-04-25,11:19:00,,
BATTERSEA PARK LONDON - EPSOM DOWNS,P26145,1030,stop,2026-04-23,11:19:00,,
EPSOM - NORWOOD JUNCTION,P25216,1115,stop,2026-04-10,11:19:00,,
SUTTON (SURREY) - LUTON,G83923,1119,stop,2026-04-12,11:19:00,,
EPSOM DOWNS - BATTERSEA PARK LONDON,P26166,1108,stop,2026-04-03,11:21:00,,
EPSOM DOWNS - BATTERSEA PARK LONDON,X96528,1108,stop,2026-04-03,11:21:00,,
EPSOM DOWNS - BATTERSEA PARK LONDON,P26166,1108,stop,2026-04-09,11:21:00,,
EPSOM DOWNS - BATTERSEA PARK LONDON,P26166,1108,stop,2026-04-10,11:21:00,,
EPSOM DOWNS - BATTERSEA PARK LONDON,P26165,1108,stop,2026-04-12,11:21:00,,
EPSOM DOWNS - BATTERSEA PARK LONDON,X00778,1108,stop,2026-04-06,11:21:00,,
EPSOM DOWNS - BATTERSEA PARK LONDON,P26166,1108,stop,2026-04-06,11:21:00,,
EPSOM DOWNS - BATTERSEA PARK LONDON,P26166,1108,stop,2026-04-07,11:21:00,,
EPSOM DOWNS - BATTERSEA PARK LONDON,P26166,1108,stop,2026-04-01,11:21:00,,
BATTERSEA PARK LONDON - EPSOM DOWNS,P26144,1030,stop,2026-04-05,11:20:00,,
EPSOM - NORWOOD JUNCTION,P25216,1115,stop,2026-04-21,11:19:00,,
EPSOM - NORWOOD JUNCTION,P25216,1115,stop,2026-04-22,11:19:00,,
BATTERSEA PARK LONDON - EPSOM DOWNS,P26145,1030,stop,2026-04-27,11:19:00,,
BATTERSEA PARK LONDON - EPSOM DOWNS,P26145,1030,stop,2026-04-10,11:19:00,,
EPSOM DOWNS - BATTERSEA PARK LONDON,P26166,1108,stop,2026-04-16,11:21:00,,
EPSOM DOWNS - BATTERSEA PARK LONDON,P26166,1108,stop,2026-04-22,11:21:00,,
EPSOM DOWNS - BATTERSEA PARK LONDON,P26166,1108,stop,2026-04-20,11:21:00,,
EPSOM DOWNS - BATTERSEA PARK LONDON,P26166,1108,stop,2026-04-17,11:21:00,,
EPSOM DOWNS - BATTERSEA PARK LONDON,P26166,1108,stop,2026-04-21,11:21:00,,
EPSOM DOWNS - BATTERSEA PARK LONDON,P26167,1108,stop,2026-04-25,11:21:00,,
EPSOM DOWNS - BATTERSEA PARK LONDON,P26166,1108,stop,2026-04-15,11:21:00,,
EPSOM DOWNS - STREATHAM HILL,P26165,1108,stop,2026-04-19,11:21:00,,
EPSOM DOWNS - BATTERSEA PARK LONDON,P26166,1108,stop,2026-04-28,11:21:00,,
EPSOM DOWNS - BATTERSEA PARK LONDON,P26166,1108,stop,2026-04-23,11:21:00,,
EPSOM DOWNS - BATTERSEA PARK LONDON,P26166,1108,stop,2026-04-14,11:21:00,,
EPSOM DOWNS - BATTERSEA PARK LONDON,P26166,1108,stop,2026-04-02,11:21:00,,
EPSOM DOWNS - BATTERSEA PARK LONDON,P26166,1108,stop,2026-04-08,11:21:00,,
EPSOM DOWNS - BATTERSEA PARK LONDON,P26167,1108,stop,2026-04-11,11:21:00,,
EPSOM DOWNS - BATTERSEA PARK LONDON,P26167,1108,stop,2026-04-04,11:21:00,,
EPSOM DOWNS - BATTERSEA PARK LONDON,P26166,1108,stop,2026-04-13,11:21:00,,
GUILDFORD - EARLSFIELD,L74247,1045,stop,2026-04-04,11:22:00,,
GUILDFORD - EARLSFIELD,L74246,1045,stop,2026-04-07,11:22:00,,
GUILDFORD - EARLSFIELD,L74246,1045,stop,2026-04-23,11:22:00,,
GUILDFORD - EARLSFIELD,L74246,1045,stop,2026-04-30,11:22:00,,
GUILDFORD - EARLSFIELD,L74246,1045,stop,2026-04-15,11:22:00,,
MITCHAM EASTFIELDS - HORSHAM (2),P26629,1050,stop,2026-04-18,11:22:00,,
GUILDFORD - EARLSFIELD,L74246,1045,stop,2026-04-16,11:22:00,,
EPSOM DOWNS - STREATHAM HILL,P26167,1108,stop,2026-04-18,11:21:00,,
EPSOM DOWNS - BATTERSEA PARK LONDON,P26166,1108,stop,2026-04-30,11:21:00,,
EPSOM DOWNS - BATTERSEA PARK LONDON,P26166,1108,stop,2026-04-27,11:21:00,,
EPSOM DOWNS - BATTERSEA PARK LONDON,P26166,1108,stop,2026-04-24,11:21:00,,
EPSOM DOWNS - BATTERSEA PARK LONDON,P26165,1108,stop,2026-04-26,11:21:00,,
EPSOM DOWNS - BATTERSEA PARK LONDON,P26166,1108,stop,2026-04-29,11:21:00,,
GUILDFORD - EARLSFIELD,L74246,1045,stop,2026-04-10,11:22:00,,
GUILDFORD - EARLSFIELD,L74246,1045,stop,2026-04-29,11:22:00,,
GUILDFORD - EARLSFIELD,L74246,1045,stop,2026-04-21,11:22:00,,
GUILDFORD - EARLSFIELD,L74246,1045,stop,2026-04-17,11:22:00,,
GUILDFORD - EARLSFIELD,L74246,1045,stop,2026-04-01,11:22:00,,
GUILDFORD - EARLSFIELD,L74246,1045,stop,2026-04-22,11:22:00,,
GUILDFORD - EARLSFIELD,L74246,1045,stop,2026-04-08,11:22:00,,
GUILDFORD - EARLSFIELD,L74246,1045,stop,2026-04-20,11:22:00,,
GUILDFORD - EARLSFIELD,L74247,1045,stop,2026-04-11,11:22:00,,
GUILDFORD - EARLSFIELD,Q38744,1045,stop,2026-04-03,11:22:00,,
GUILDFORD - EARLSFIELD,L74246,1045,stop,2026-04-03,11:22:00,,
GUILDFORD - EARLSFIELD,L74246,1045,stop,2026-04-09,11:22:00,,
GUILDFORD - EARLSFIELD,L74247,1045,stop,2026-04-18,11:22:00,,
GUILDFORD - EARLSFIELD,L74247,1045,stop,2026-04-25,11:22:00,,
GUILDFORD - EARLSFIELD,L74246,1045,stop,2026-04-28,11:22:00,,
GUILDFORD - EARLSFIELD,Q50718,1045,stop,2026-04-06,11:22:00,,
GUILDFORD - EARLSFIELD,L74246,1045,stop,2026-04-24,11:22:00,,
GUILDFORD - EARLSFIELD,L74246,1045,stop,2026-04-14,11:22:00,,
GUILDFORD - EARLSFIELD,L74246,1045,stop,2026-04-27,11:22:00,,
GUILDFORD - EARLSFIELD,L74246,1045,stop,2026-04-06,11:22:00,,
GUILDFORD - EARLSFIELD,L74246,1045,stop,2026-04-02,11:22:00,,
GUILDFORD - EARLSFIELD,L74246,1045,stop,2026-04-13,11:22:00,,
EARLSFIELD - GUILDFORD (2),P61591,1053,stop,2026-04-30,11:24:00,,
EARLSFIELD - GUILDFORD (2),P61592,1053,stop,2026-04-04,11:24:00,,
EARLSFIELD - GUILDFORD (2),P61591,1053,stop,2026-04-23,11:24:00,,
EARLSFIELD - GUILDFORD (2),P61591,1053,stop,2026-04-06,11:24:00,,
EARLSFIELD - GUILDFORD (2),P61592,1053,stop,2026-04-18,11:24:00,,
EARLSFIELD - GUILDFORD (2),Q50701,1053,stop,2026-04-06,11:24:00,,
EARLSFIELD - GUILDFORD (2),P61591,1053,stop,2026-04-10,11:24:00,,
EARLSFIELD - GUILDFORD (2),P61591,1053,stop,2026-04-09,11:24:00,,
EARLSFIELD - GUILDFORD (2),P61592,1053,stop,2026-04-11,11:24:00,,
EARLSFIELD - GUILDFORD (2),P61591,1053,stop,2026-04-08,11:24:00,,
EARLSFIELD - GUILDFORD (2),P61591,1053,stop,2026-04-13,11:24:00,,
EARLSFIELD - GUILDFORD (2),P61591,1053,stop,2026-04-14,11:24:00,,
EARLSFIELD - GUILDFORD (2),P61591,1053,stop,2026-04-15,11:24:00,,
EARLSFIELD - GUILDFORD (2),P61591,1053,stop,2026-04-16,11:24:00,,
EARLSFIELD - GUILDFORD (2),P61591,1053,stop,2026-04-17,11:24:00,,
EARLSFIELD - GUILDFORD (2),P61591,1053,stop,2026-04-07,11:24:00,,
SUTTON (SURREY) - DORKING,X04928,1125,stop,2026-04-12,11:25:00,,
EARLSFIELD - GUILDFORD (2),P61591,1053,stop,2026-04-01,11:24:00,,
EARLSFIELD - GUILDFORD (2),P61591,1053,stop,2026-04-20,11:24:00,,
EARLSFIELD - GUILDFORD (2),P61591,1053,stop,2026-04-03,11:24:00,,
EARLSFIELD - GUILDFORD (2),P61592,1053,stop,2026-04-25,11:24:00,,
EARLSFIELD - GUILDFORD (2),P61591,1053,stop,2026-04-22,11:24:00,,
EARLSFIELD - GUILDFORD (2),P61591,1053,stop,2026-04-21,11:24:00,,
EARLSFIELD - GUILDFORD (2),Q38738,1053,stop,2026-04-03,11:24:00,,
EARLSFIELD - GUILDFORD (2),P61591,1053,stop,2026-04-27,11:24:00,,
EARLSFIELD - GUILDFORD (2),P61591,1053,stop,2026-04-24,11:24:00,,
EARLSFIELD - GUILDFORD (2),P61591,1053,stop,2026-04-28,11:24:00,,
EARLSFIELD - GUILDFORD (2),P61591,1053,stop,2026-04-29,11:24:00,,
EARLSFIELD - GUILDFORD (2),P61591,1053,stop,2026-04-02,11:24:00,,
NORWOOD JUNCTION - EPSOM,P25214,1055,stop,2026-04-27,11:28:00,,
DORKING - EARLSFIELD,P61024,1107,stop,2026-04-05,11:27:00,,
DORKING - EARLSFIELD,P61024,1107,stop,2026-04-19,11:27:00,,
DORKING - EARLSFIELD,P61024,1107,stop,2026-04-26,11:27:00,,
SUTTON (SURREY) - TULSE HILL,X27299,1127,stop,2026-04-05,11:27:00,,
DORKING - EARLSFIELD,P61024,1107,stop,2026-04-12,11:27:00,,
NORWOOD JUNCTION - EPSOM,P25214,1055,stop,2026-04-20,11:28:00,,
NORWOOD JUNCTION - EPSOM,P25214,1055,stop,2026-04-03,11:28:00,,
NORWOOD JUNCTION - EPSOM,P25214,1055,stop,2026-04-29,11:28:00,,
NORWOOD JUNCTION - EPSOM,X92893,1055,stop,2026-04-03,11:28:00,,
NORWOOD JUNCTION - EPSOM,P25214,1055,stop,2026-04-07,11:28:00,,
NORWOOD JUNCTION - EPSOM,P25214,1055,stop,2026-04-23,11:28:00,,
NORWOOD JUNCTION - EPSOM,P25215,1055,stop,2026-04-11,11:28:00,,
NORWOOD JUNCTION - EPSOM,P25214,1055,stop,2026-04-10,11:28:00,,
NORWOOD JUNCTION - EPSOM,P25214,1055,stop,2026-04-01,11:28:00,,
NORWOOD JUNCTION - EPSOM,P25215,1055,stop,2026-04-18,11:28:00,,
NORWOOD JUNCTION - EPSOM,P25214,1055,stop,2026-04-16,11:28:00,,
NORWOOD JUNCTION - EPSOM,P25215,1055,stop,2026-04-25,11:28:00,,
EPSOM DOWNS - BATTERSEA PARK LONDON,P26165,1108,stop,2026-04-05,11:28:00,,
NORWOOD JUNCTION - EPSOM,P25214,1055,stop,2026-04-15,11:28:00,,
NORWOOD JUNCTION - EPSOM,P25214,1055,stop,2026-04-14,11:28:00,,
NORWOOD JUNCTION - EPSOM,P25214,1055,stop,2026-04-09,11:28:00,,
NORWOOD JUNCTION - EPSOM,P25214,1055,stop,2026-04-02,11:31:00,,
NORWOOD JUNCTION - EPSOM,P25214,1055,stop,2026-04-08,11:28:00,,
NORWOOD JUNCTION - EPSOM,P25214,1055,stop,2026-04-24,11:28:00,,
NORWOOD JUNCTION - EPSOM,P25214,1055,stop,2026-04-30,11:28:00,,
NORWOOD JUNCTION - EPSOM,P25215,1055,stop,2026-04-04,11:28:00,,
NORWOOD JUNCTION - EPSOM,P25214,1055,stop,2026-04-13,11:28:00,,
NORWOOD JUNCTION - EPSOM,P25214,1055,stop,2026-04-28,11:28:00,,
NORWOOD JUNCTION - EPSOM,P25214,1055,stop,2026-04-17,11:28:00,,
NORWOOD JUNCTION - EPSOM,P25214,1055,stop,2026-04-21,11:28:00,,
NORWOOD JUNCTION - EPSOM,X01393,1055,stop,2026-04-06,11:28:00,,
NORWOOD JUNCTION - EPSOM,P25214,1055,stop,2026-04-22,11:28:00,,
NORWOOD JUNCTION - EPSOM,P25214,1055,stop,2026-04-06,11:28:00,,
LUTON - WIMBLEDON,W59665,952,stop,2026-04-05,11:31:00,,
EARLSFIELD - DORKING,P61021,1102,stop,2026-04-05,11:34:00,,
ST ALBANS CITY - SUTTON (SURREY),G84889,1007,stop,2026-04-21,11:37:00,,
EARLSFIELD - DORKING,P61021,1102,stop,2026-04-12,11:35:00,,
DORKING - BALHAM (2),P26639,1112,stop,2026-04-26,11:35:00,,
EARLSFIELD - DORKING,P61021,1102,stop,2026-04-19,11:35:00,,
DORKING - BALHAM (2),P26639,1112,stop,2026-04-12,11:35:00,,
EARLSFIELD - DORKING,P61021,1102,stop,2026-04-26,11:35:00,,
DORKING - MITCHAM EASTFIELDS,P26639,1112,stop,2026-04-19,11:35:00,,
DORKING - WORCESTER PARK,Q54848,1050,stop,2026-04-12,11:34:00,,
ST ALBANS CITY - SUTTON (SURREY),G84889,1007,stop,2026-04-29,11:37:00,,
ST ALBANS CITY - SUTTON (SURREY),G84889,1007,stop,2026-04-02,11:37:00,,
ST ALBANS CITY - SUTTON (SURREY),G84889,1007,stop,2026-04-24,11:37:00,,
ST ALBANS CITY - SUTTON (SURREY),G84889,1007,stop,2026-04-23,11:37:00,,
ST ALBANS CITY - SUTTON (SURREY),G84889,1007,stop,2026-04-10,11:37:00,,
ST ALBANS CITY - SUTTON (SURREY),G84889,1007,stop,2026-04-16,11:37:00,,
ST ALBANS CITY - SUTTON (SURREY),G84889,1007,stop,2026-04-09,11:37:00,,
ST ALBANS CITY - SUTTON (SURREY),G84889,1007,stop,2026-04-30,11:37:00,,
ST ALBANS CITY - SUTTON (SURREY),G84889,1007,stop,2026-04-27,11:37:00,,
DORKING - MITCHAM EASTFIELDS (2),P26638,1117,stop,2026-04-18,11:37:00,,
ST ALBANS CITY - SUTTON (SURREY),G84889,1007,stop,2026-04-17,11:37:00,,
ST ALBANS CITY - SUTTON (SURREY),G84889,1007,stop,2026-04-28,11:37:00,,
ST ALBANS CITY - SUTTON (SURREY),G84889,1007,stop,2026-04-06,11:37:00,,
ST ALBANS CITY - SUTTON (SURREY),G84889,1007,stop,2026-04-22,11:37:00,,
ST ALBANS CITY - SUTTON (SURREY),G84889,1007,stop,2026-04-15,11:37:00,,
ST ALBANS CITY - SUTTON (SURREY),G84889,1007,stop,2026-04-01,11:37:00,,
DORKING - BALHAM (3),P26639,1116,stop,2026-04-05,11:38:00,,
ST ALBANS CITY - SUTTON (SURREY),G25204,1007,stop,2026-04-11,11:37:00,,
ST ALBANS CITY - SUTTON (SURREY),G84889,1007,stop,2026-04-08,11:37:00,,
ST ALBANS CITY - SUTTON (SURREY),G84889,1007,stop,2026-04-13,11:37:00,,
LUTON - SUTTON (SURREY) (2),W59665,952,stop,2026-04-26,11:37:00,,
ST ALBANS CITY - SUTTON (SURREY),G84889,1007,stop,2026-04-14,11:37:00,,
ST ALBANS CITY - SUTTON (SURREY),G84889,1007,stop,2026-04-03,11:37:00,,
ST ALBANS CITY - SUTTON (SURREY),G25204,1007,stop,2026-04-18,11:37:00,,
ST ALBANS CITY - SUTTON (SURREY),G25204,1007,stop,2026-04-04,11:37:00,,
LUTON - SUTTON (SURREY) (2),W59665,952,stop,2026-04-12,11:37:00,,
ST ALBANS CITY - SUTTON (SURREY) (2),W59665,1006,stop,2026-04-19,11:37:00,,
ST ALBANS CITY - SUTTON (SURREY),G25204,1007,stop,2026-04-25,11:37:00,,
ST ALBANS CITY - SUTTON (SURREY),G84889,1007,stop,2026-04-20,11:37:00,,
ST ALBANS CITY - SUTTON (SURREY),G84889,1007,stop,2026-04-07,11:37:00,,
DORKING - BALHAM (3),P26637,1117,stop,2026-04-14,11:39:00,,
DORKING - BALHAM (3),P26637,1117,stop,2026-04-08,11:39:00,,
DORKING - BALHAM (3),P26637,1117,stop,2026-04-13,11:39:00,,
DORKING - BALHAM (3),X96514,1117,stop,2026-04-03,11:39:00,,
DORKING - BALHAM (3),P26638,1117,stop,2026-04-04,11:39:00,,
DORKING - BALHAM (3),P26637,1117,stop,2026-04-01,11:39:00,,
DORKING - BALHAM (3),P26637,1117,stop,2026-04-09,11:39:00,,
DORKING - BALHAM (3),P26637,1117,stop,2026-04-03,11:39:00,,
DORKING - BALHAM (3),P26637,1117,stop,2026-04-30,11:39:00,,
DORKING - BALHAM (3),P26637,1117,stop,2026-04-15,11:39:00,,
DORKING - BALHAM (3),P26637,1117,stop,2026-04-02,11:39:00,,
DORKING - BALHAM (3),P26637,1117,stop,2026-04-16,11:39:00,,
DORKING - BALHAM (3),P26637,1117,stop,2026-04-07,11:39:00,,
DORKING - BALHAM (3),P26637,1117,stop,2026-04-17,11:39:00,,
MITCHAM EASTFIELDS - DORKING,P26636,1108,stop,2026-04-19,11:40:00,,
BALHAM - DORKING (3),P26636,1108,stop,2026-04-26,11:40:00,,
SUTTON (SURREY) - STREATHAM HILL,P27123,1140,stop,2026-04-18,11:40:00,,
DORKING - BALHAM (3),P26637,1117,stop,2026-04-23,11:39:00,,
DORKING - BALHAM (3),P26638,1117,stop,2026-04-11,11:39:00,,
DORKING - BALHAM (3),P26637,1117,stop,2026-04-24,11:39:00,,
DORKING - BALHAM (3),P26638,1117,stop,2026-04-25,11:39:00,,
DORKING - BALHAM (3),P26637,1117,stop,2026-04-28,11:39:00,,
DORKING - BALHAM (3),P26637,1117,stop,2026-04-27,11:39:00,,
DORKING - BALHAM (3),P26637,1117,stop,2026-04-06,11:39:00,,
DORKING - BALHAM (3),P26637,1117,stop,2026-04-21,11:39:00,,
DORKING - BALHAM (3),P26637,1117,stop,2026-04-10,11:39:00,,
DORKING - BALHAM (3),X00936,1117,stop,2026-04-06,11:39:00,,
DORKING - BALHAM (3),P26637,1117,stop,2026-04-22,11:39:00,,
DORKING - BALHAM (3),P26637,1117,stop,2026-04-20,11:39:00,,
DORKING - BALHAM (3),P26637,1117,stop,2026-04-29,11:39:00,,
SUTTON (SURREY) - BALHAM (2),P26639,1142,stop,2026-04-12,11:42:00,,
BALHAM - DORKING (3),P26636,1108,stop,2026-04-12,11:43:00,,
BALHAM - DORKING,P26634,1111,stop,2026-04-13,11:43:00,,
BALHAM - DORKING,P26634,1111,stop,2026-04-08,11:43:00,,
BALHAM - DORKING,P26634,1111,stop,2026-04-10,11:43:00,,
BALHAM - DORKING,P26634,1111,stop,2026-04-30,11:43:00,,
BALHAM - DORKING,P26634,1111,stop,2026-04-28,11:43:00,,
BALHAM - DORKING,P26634,1111,stop,2026-04-29,11:43:00,,
BALHAM - DORKING,X00935,1111,stop,2026-04-06,11:43:00,,
BALHAM - DORKING,P26635,1111,stop,2026-04-25,11:43:00,,
BALHAM - DORKING,P26634,1111,stop,2026-04-02,11:43:00,,
BALHAM - DORKING,P26634,1111,stop,2026-04-21,11:43:00,,
BALHAM - DORKING,P26634,1111,stop,2026-04-16,11:43:00,,
BALHAM - DORKING,P26634,1111,stop,2026-04-22,11:43:00,,
BALHAM - DORKING,P26634,1111,stop,2026-04-01,11:43:00,,
BALHAM - DORKING (6),P26636,1108,stop,2026-04-05,11:44:00,,
BALHAM - DORKING,P26635,1111,stop,2026-04-04,11:43:00,,
BALHAM - DORKING,P26634,1111,stop,2026-04-15,11:43:00,,
BALHAM - DORKING,P26634,1111,stop,2026-04-23,11:43:00,,
BALHAM - DORKING,X96525,1111,stop,2026-04-03,11:43:00,,
BALHAM - DORKING,P26634,1111,stop,2026-04-07,11:43:00,,
BALHAM - DORKING,P26634,1111,stop,2026-04-03,11:43:00,,
BALHAM - DORKING,P26634,1111,stop,2026-04-06,11:43:00,,
BALHAM - DORKING,P26635,1111,stop,2026-04-11,11:43:00,,
BALHAM - DORKING,P26634,1111,stop,2026-04-20,11:43:00,,
BALHAM - DORKING,P26634,1111,stop,2026-04-27,11:43:00,,
BALHAM - DORKING,P26634,1111,stop,2026-04-24,11:43:00,,
BALHAM - DORKING,P26634,1111,stop,2026-04-14,11:43:00,,
BALHAM - DORKING,P26634,1111,stop,2026-04-09,11:43:00,,
BALHAM - DORKING,P26634,1111,stop,2026-04-17,11:43:00,,
SUTTON (SURREY) - ST ALBANS CITY (3),G84894,1146,stop,2026-04-21,11:46:00,,
SUTTON (SURREY) - ST ALBANS CITY (3),G84894,1146,stop,2026-04-28,11:46:00,,
SUTTON (SURREY) - ST ALBANS CITY (3),G84894,1146,stop,2026-04-27,11:46:00,,
SUTTON (SURREY) - ST ALBANS CITY (3),G84894,1146,stop,2026-04-20,11:46:00,,
SUTTON (SURREY) - ST ALBANS CITY (3),G84894,1146,stop,2026-04-08,11:46:00,,
SUTTON (SURREY) - ST ALBANS CITY (3),G84894,1146,stop,2026-04-06,11:46:00,,
WIMBLEDON - LUTON,G83929,1133,stop,2026-04-05,11:45:00,,
SUTTON (SURREY) - ST ALBANS CITY (3),G84894,1146,stop,2026-04-15,11:46:00,,
SUTTON (SURREY) - ST ALBANS CITY (6),G84892,1146,stop,2026-04-05,11:46:00,,
SUTTON (SURREY) - ST ALBANS CITY (3),G25245,1146,stop,2026-04-04,11:46:00,,
SUTTON (SURREY) - ST ALBANS CITY (3),G25245,1146,stop,2026-04-25,11:46:00,,
SUTTON (SURREY) - ST ALBANS CITY (3),G84894,1146,stop,2026-04-09,11:46:00,,
SUTTON (SURREY) - ST ALBANS CITY (3),G84894,1146,stop,2026-04-07,11:46:00,,
SUTTON (SURREY) - ST ALBANS CITY (3),G25245,1146,stop,2026-04-11,11:46:00,,
SUTTON (SURREY) - ST ALBANS CITY (6),G84892,1146,stop,2026-04-26,11:46:00,,
SUTTON (SURREY) - ST ALBANS CITY (3),G84894,1146,stop,2026-04-22,11:46:00,,
SUTTON (SURREY) - ST ALBANS CITY (6),G84892,1146,stop,2026-04-12,11:46:00,,
SUTTON (SURREY) - ST ALBANS CITY (3),G84894,1146,stop,2026-04-29,11:46:00,,
SUTTON (SURREY) - ST ALBANS CITY (3),G84894,1146,stop,2026-04-01,11:46:00,,
SUTTON (SURREY) - ST ALBANS CITY (3),G84894,1146,stop,2026-04-02,11:46:00,,
SUTTON (SURREY) - ST ALBANS CITY (3),G84894,1146,stop,2026-04-14,11:46:00,,
SUTTON (SURREY) - ST ALBANS CITY (3),G84894,1146,stop,2026-04-24,11:46:00,,
SUTTON (SURREY) - ST ALBANS CITY (3),G25245,1147,stop,2026-04-18,11:47:00,,
DORKING - SUTTON (SURREY),X04891,1103,stop,2026-04-12,11:47:00,,
SUTTON (SURREY) - ST ALBANS CITY (3),G84894,1146,stop,2026-04-30,11:46:00,,
SUTTON (SURREY) - ST ALBANS CITY (3),G84894,1146,stop,2026-04-13,11:46:00,,
SUTTON (SURREY) - ST ALBANS CITY (6),G84892,1146,stop,2026-04-19,11:46:00,,
SUTTON (SURREY) - ST ALBANS CITY (3),G84894,1146,stop,2026-04-03,11:46:00,,
SUTTON (SURREY) - ST ALBANS CITY (3),G84894,1146,stop,2026-04-23,11:46:00,,
SUTTON (SURREY) - ST ALBANS CITY (3),G84894,1146,stop,2026-04-16,11:46:00,,
SUTTON (SURREY) - ST ALBANS CITY (3),G84894,1146,stop,2026-04-10,11:46:00,,
SUTTON (SURREY) - ST ALBANS CITY (3),G84894,1146,stop,2026-04-17,11:46:00,,
EPSOM - NORWOOD JUNCTION,P25220,1145,stop,2026-04-06,11:49:00,,
EPSOM - NORWOOD JUNCTION,X01396,1145,stop,2026-04-06,11:49:00,,
BATTERSEA PARK LONDON - EPSOM DOWNS,P26158,1100,stop,2026-04-25,11:49:00,,
BATTERSEA PARK LONDON - EPSOM DOWNS,P26157,1100,stop,2026-04-17,11:49:00,,
BATTERSEA PARK LONDON - EPSOM DOWNS,P26157,1100,stop,2026-04-10,11:49:00,,
BATTERSEA PARK LONDON - EPSOM DOWNS,P26157,1100,stop,2026-04-06,11:49:00,,
BATTERSEA PARK LONDON - EPSOM DOWNS,P26157,1100,stop,2026-04-08,11:49:00,,
EPSOM - NORWOOD JUNCTION,P25220,1145,stop,2026-04-07,11:49:00,,
EPSOM - NORWOOD JUNCTION,P25220,1145,stop,2026-04-08,11:49:00,,
BATTERSEA PARK LONDON - EPSOM DOWNS,P26158,1100,stop,2026-04-11,11:49:00,,
EPSOM - NORWOOD JUNCTION,P25220,1145,stop,2026-04-30,11:49:00,,
BATTERSEA PARK LONDON - EPSOM DOWNS,P26156,1100,stop,2026-04-12,11:49:00,,
EPSOM - NORWOOD JUNCTION,P25221,1145,stop,2026-04-18,11:49:00,,
STREATHAM HILL - EPSOM DOWNS,P26156,1113,stop,2026-04-19,11:49:00,,
BATTERSEA PARK LONDON - EPSOM DOWNS,P26157,1100,stop,2026-04-07,11:49:00,,
WORCESTER PARK - EFFINGHAM JUNCTION,Q54811,1135,stop,2026-04-12,11:48:00,,
EPSOM - NORWOOD JUNCTION,P25220,1145,stop,2026-04-14,11:49:00,,
EPSOM - NORWOOD JUNCTION,P25220,1145,stop,2026-04-29,11:49:00,,
EPSOM - NORWOOD JUNCTION,P25220,1145,stop,2026-04-22,11:49:00,,
EPSOM - NORWOOD JUNCTION,P25220,1145,stop,2026-04-27,11:49:00,,
EPSOM - NORWOOD JUNCTION,P25220,1145,stop,2026-04-03,11:49:00,,
EPSOM - NORWOOD JUNCTION,X96478,1145,stop,2026-04-03,11:49:00,,
SUTTON (SURREY) - ST ALBANS CITY,G83930,1149,stop,2026-04-03,11:49:00,,
BATTERSEA PARK LONDON - EPSOM DOWNS,P26157,1100,stop,2026-04-24,11:49:00,,
EPSOM - NORWOOD JUNCTION,P25221,1145,stop,2026-04-04,11:49:00,,
SUTTON (SURREY) - ST ALBANS CITY,G83930,1149,stop,2026-04-01,11:49:00,,
BATTERSEA PARK LONDON - EPSOM DOWNS,P26157,1100,stop,2026-04-22,11:49:00,,
BATTERSEA PARK LONDON - EPSOM DOWNS,X00775,1100,stop,2026-04-06,11:49:00,,
EPSOM - NORWOOD JUNCTION,P25221,1145,stop,2026-04-25,11:49:00,,
SUTTON (SURREY) - ST ALBANS CITY,G83930,1149,stop,2026-04-09,11:49:00,,
EPSOM - NORWOOD JUNCTION,P25220,1145,stop,2026-04-17,11:49:00,,
BATTERSEA PARK LONDON - EPSOM DOWNS,P26157,1100,stop,2026-04-15,11:49:00,,
BATTERSEA PARK LONDON - EPSOM DOWNS,P26157,1100,stop,2026-04-16,11:49:00,,
SUTTON (SURREY) - ST ALBANS CITY,G83930,1149,stop,2026-04-02,11:49:00,,
SUTTON (SURREY) - ST ALBANS CITY,G83930,1149,stop,2026-04-08,11:49:00,,
EPSOM - NORWOOD JUNCTION,P25221,1145,stop,2026-04-11,11:49:00,,
EPSOM - NORWOOD JUNCTION,P25220,1145,stop,2026-04-20,11:49:00,,
BATTERSEA PARK LONDON - EPSOM DOWNS,P26157,1100,stop,2026-04-23,11:49:00,,
EPSOM - NORWOOD JUNCTION,P25220,1145,stop,2026-04-13,11:49:00,,
BATTERSEA PARK LONDON - EPSOM DOWNS,P26157,1100,stop,2026-04-21,11:49:00,,
EPSOM - NORWOOD JUNCTION,P25220,1145,stop,2026-04-09,11:49:00,,
EPSOM - NORWOOD JUNCTION,P25220,1145,stop,2026-04-21,11:49:00,,
SUTTON (SURREY) - ST ALBANS CITY,G25247,1149,stop,2026-04-04,11:49:00,,
BATTERSEA PARK LONDON - EPSOM DOWNS,P26158,1100,stop,2026-04-04,11:49:00,,
EPSOM - NORWOOD JUNCTION,P25220,1145,stop,2026-04-15,11:49:00,,
BATTERSEA PARK LONDON - EPSOM DOWNS,P26157,1100,stop,2026-04-09,11:49:00,,
EPSOM - NORWOOD JUNCTION,P25220,1145,stop,2026-04-16,11:49:00,,
EPSOM - NORWOOD JUNCTION,P25220,1145,stop,2026-04-01,11:49:00,,
SUTTON (SURREY) - ST ALBANS CITY,G83930,1149,stop,2026-04-23,11:49:00,,
SUTTON (SURREY) - WEST HAMPSTEAD THAMESLINK,G83929,1149,stop,2026-04-19,11:49:00,,
BATTERSEA PARK LONDON - EPSOM DOWNS,P26157,1100,stop,2026-04-27,11:49:00,,
SUTTON (SURREY) - ST ALBANS CITY,G83930,1149,stop,2026-04-16,11:49:00,,
BATTERSEA PARK LONDON - EPSOM DOWNS,P26157,1100,stop,2026-04-28,11:49:00,,
EPSOM - NORWOOD JUNCTION,P25220,1145,stop,2026-04-02,11:49:00,,
SUTTON (SURREY) - ST ALBANS CITY,G83930,1149,stop,2026-04-10,11:49:00,,
EPSOM - NORWOOD JUNCTION,P25220,1145,stop,2026-04-24,11:49:00,,
SUTTON (SURREY) - ST ALBANS CITY,G83930,1149,stop,2026-04-06,11:49:00,,
BATTERSEA PARK LONDON - EPSOM DOWNS,P26156,1100,stop,2026-04-05,11:49:00,,
EPSOM - NORWOOD JUNCTION,P25220,1145,stop,2026-04-23,11:49:00,,
BATTERSEA PARK LONDON - EPSOM DOWNS,P26157,1100,stop,2026-04-20,11:49:00,,
STREATHAM HILL - EPSOM DOWNS,P26158,1113,stop,2026-04-18,11:49:00,,
SUTTON (SURREY) - ST ALBANS CITY,G83930,1149,stop,2026-04-07,11:49:00,,
EPSOM - NORWOOD JUNCTION,P25220,1145,stop,2026-04-10,11:49:00,,
EPSOM - NORWOOD JUNCTION,P25220,1145,stop,2026-04-28,11:49:00,,
SUTTON (SURREY) - ST ALBANS CITY,G83930,1149,stop,2026-04-27,11:49:00,,
SUTTON (SURREY) - ST ALBANS CITY,G83930,1149,stop,2026-04-30,11:49:00,,
BATTERSEA PARK LONDON - EPSOM DOWNS,P26157,1100,stop,2026-04-01,11:49:00,,
SUTTON (SURREY) - ST ALBANS CITY,G83930,1149,stop,2026-04-14,11:49:00,,
SUTTON (SURREY) - ST ALBANS CITY,G83930,1149,stop,2026-04-15,11:49:00,,
SUTTON (SURREY) - LUTON,G83929,1149,stop,2026-04-12,11:49:00,,
SUTTON (SURREY) - ST ALBANS CITY,G83930,1149,stop,2026-04-24,11:49:00,,
BATTERSEA PARK LONDON - EPSOM DOWNS,P26157,1100,stop,2026-04-03,11:49:00,,
BATTERSEA PARK LONDON - EPSOM DOWNS,X96537,1100,stop,2026-04-03,11:49:00,,
BATTERSEA PARK LONDON - EPSOM DOWNS,P26157,1100,stop,2026-04-14,11:49:00,,
BATTERSEA PARK LONDON - EPSOM DOWNS,P26157,1100,stop,2026-04-13,11:49:00,,
SUTTON (SURREY) - ST ALBANS CITY,G83930,1149,stop,2026-04-21,11:49:00,,
BATTERSEA PARK LONDON - EPSOM DOWNS,P26157,1100,stop,2026-04-30,11:49:00,,
SUTTON (SURREY) - LUTON,G83929,1149,stop,2026-04-26,11:49:00,,
SUTTON (SURREY) - ST ALBANS CITY,G83930,1149,stop,2026-04-13,11:49:00,,
SUTTON (SURREY) - ST ALBANS CITY,G25247,1149,stop,2026-04-25,11:49:00,,
EPSOM DOWNS - BATTERSEA PARK LONDON,P26178,1138,stop,2026-04-06,11:51:00,,
EPSOM DOWNS - BATTERSEA PARK LONDON,P26178,1138,stop,2026-04-07,11:51:00,,
EPSOM DOWNS - BATTERSEA PARK LONDON,P26179,1138,stop,2026-04-04,11:51:00,,
EPSOM DOWNS - BATTERSEA PARK LONDON,P26178,1138,stop,2026-04-08,11:51:00,,
EPSOM DOWNS - BATTERSEA PARK LONDON,X00527,1138,stop,2026-04-06,11:51:00,,
BATTERSEA PARK LONDON - EPSOM DOWNS,P26156,1100,stop,2026-04-26,11:49:00,,
SUTTON (SURREY) - ST ALBANS CITY,G25247,1149,stop,2026-04-18,11:49:00,,
BATTERSEA PARK LONDON - EPSOM DOWNS,P26157,1100,stop,2026-04-02,11:49:00,,
SUTTON (SURREY) - ST ALBANS CITY,G25247,1149,stop,2026-04-11,11:49:00,,
BATTERSEA PARK LONDON - EPSOM DOWNS,P26157,1100,stop,2026-04-29,11:49:00,,
SUTTON (SURREY) - ST ALBANS CITY,G83930,1149,stop,2026-04-28,11:49:00,,
SUTTON (SURREY) - ST ALBANS CITY,G83930,1149,stop,2026-04-17,11:49:00,,
SUTTON (SURREY) - ST ALBANS CITY,G83930,1149,stop,2026-04-29,11:49:00,,
SUTTON (SURREY) - ST ALBANS CITY,G83930,1149,stop,2026-04-20,11:49:00,,
SUTTON (SURREY) - ST ALBANS CITY,G83930,1149,stop,2026-04-22,11:49:00,,
EPSOM DOWNS - BATTERSEA PARK LONDON,P26178,1138,stop,2026-04-17,11:51:00,,
EPSOM DOWNS - BATTERSEA PARK LONDON,P26178,1138,stop,2026-04-22,11:51:00,,
EPSOM DOWNS - BATTERSEA PARK LONDON,P26178,1138,stop,2026-04-15,11:51:00,,
EPSOM DOWNS - BATTERSEA PARK LONDON,P26178,1138,stop,2026-04-16,11:51:00,,
EPSOM DOWNS - BATTERSEA PARK LONDON,P26178,1138,stop,2026-04-20,11:51:00,,
EPSOM DOWNS - BATTERSEA PARK LONDON,P26178,1138,stop,2026-04-01,11:51:00,,
EPSOM DOWNS - BATTERSEA PARK LONDON,P26178,1138,stop,2026-04-28,11:51:00,,
EPSOM DOWNS - BATTERSEA PARK LONDON,P26178,1138,stop,2026-04-13,11:51:00,,
EPSOM DOWNS - BATTERSEA PARK LONDON,P26178,1138,stop,2026-04-02,11:51:00,,
EPSOM DOWNS - BATTERSEA PARK LONDON,P26178,1138,stop,2026-04-27,11:51:00,,
EPSOM DOWNS - BATTERSEA PARK LONDON,P26179,1138,stop,2026-04-25,11:51:00,,
EPSOM DOWNS - BATTERSEA PARK LONDON,P26178,1138,stop,2026-04-29,11:51:00,,
EPSOM DOWNS - BATTERSEA PARK LONDON,X96488,1138,stop,2026-04-03,11:51:00,,
EPSOM DOWNS - BATTERSEA PARK LONDON,P26178,1138,stop,2026-04-03,11:51:00,,
EPSOM DOWNS - BATTERSEA PARK LONDON,P26177,1138,stop,2026-04-12,11:51:00,,
EPSOM DOWNS - BATTERSEA PARK LONDON,P26179,1138,stop,2026-04-11,11:51:00,,
DORKING - EARLSFIELD,P61028,1132,stop,2026-04-20,11:52:00,,
DORKING - EARLSFIELD,P61028,1132,stop,2026-04-29,11:52:00,,
EPSOM DOWNS - BATTERSEA PARK LONDON,P26178,1138,stop,2026-04-30,11:51:00,,
EPSOM DOWNS - BATTERSEA PARK LONDON,P26178,1138,stop,2026-04-24,11:51:00,,
EPSOM DOWNS - STREATHAM HILL,P26177,1138,stop,2026-04-19,11:51:00,,
EPSOM DOWNS - BATTERSEA PARK LONDON,P26178,1138,stop,2026-04-23,11:51:00,,
EPSOM DOWNS - BATTERSEA PARK LONDON,P26178,1138,stop,2026-04-10,11:51:00,,
EPSOM DOWNS - BATTERSEA PARK LONDON,P26177,1138,stop,2026-04-26,11:51:00,,
EPSOM DOWNS - BATTERSEA PARK LONDON,P26178,1138,stop,2026-04-21,11:51:00,,
EPSOM DOWNS - BATTERSEA PARK LONDON,P26178,1138,stop,2026-04-09,11:51:00,,
EPSOM DOWNS - STREATHAM HILL,P26179,1138,stop,2026-04-18,11:51:00,,
EPSOM DOWNS - BATTERSEA PARK LONDON,P26178,1138,stop,2026-04-14,11:51:00,,
DORKING - EARLSFIELD,P61028,1132,stop,2026-04-28,11:52:00,,
DORKING - EARLSFIELD,Q38707,1132,stop,2026-04-03,11:52:00,,
DORKING - EARLSFIELD,P61028,1132,stop,2026-04-01,11:52:00,,
DORKING - EARLSFIELD,P61028,1132,stop,2026-04-23,11:52:00,,
DORKING - EARLSFIELD,P61028,1132,stop,2026-04-30,11:52:00,,
DORKING - EARLSFIELD,P61028,1132,stop,2026-04-21,11:52:00,,
DORKING - EARLSFIELD,Q50622,1132,stop,2026-04-06,11:52:00,,
DORKING - EARLSFIELD,P61028,1132,stop,2026-04-06,11:52:00,,
DORKING - EARLSFIELD,P61028,1132,stop,2026-04-22,11:52:00,,
DORKING - EARLSFIELD,P61028,1132,stop,2026-04-02,11:52:00,,
DORKING - EARLSFIELD,P61029,1132,stop,2026-04-25,11:52:00,,
DORKING - EARLSFIELD,P61028,1132,stop,2026-04-15,11:52:00,,
DORKING - EARLSFIELD,P61028,1132,stop,2026-04-08,11:52:00,,
DORKING - EARLSFIELD,P61028,1132,stop,2026-04-16,11:52:00,,
DORKING - EARLSFIELD,P61028,1132,stop,2026-04-09,11:52:00,,
DORKING - EARLSFIELD,P61028,1132,stop,2026-04-14,11:52:00,,
DORKING - EARLSFIELD,P61028,1132,stop,2026-04-13,11:52:00,,
DORKING - EARLSFIELD,P61028,1132,stop,2026-04-07,11:52:00,,
DORKING - EARLSFIELD,P61028,1132,stop,2026-04-24,11:52:00,,
DORKING - EARLSFIELD,P61028,1132,stop,2026-04-27,11:52:00,,
DORKING - EARLSFIELD,P61029,1132,stop,2026-04-18,11:52:00,,
DORKING - EARLSFIELD,P61028,1132,stop,2026-04-10,11:52:00,,
DORKING - EARLSFIELD,P61029,1132,stop,2026-04-04,11:52:00,,
EARLSFIELD - DORKING,P61019,1123,stop,2026-04-20,11:54:00,,
EARLSFIELD - DORKING,P61019,1123,stop,2026-04-13,11:54:00,,
EARLSFIELD - DORKING,P61019,1123,stop,2026-04-10,11:54:00,,
EARLSFIELD - DORKING,P61019,1123,stop,2026-04-02,11:54:00,,
EARLSFIELD - DORKING,P61019,1123,stop,2026-04-09,11:54:00,,
EARLSFIELD - DORKING,P61019,1123,stop,2026-04-14,11:54:00,,
EARLSFIELD - DORKING,Q50645,1123,stop,2026-04-06,11:54:00,,
EARLSFIELD - DORKING,P61019,1123,stop,2026-04-21,11:54:00,,
EARLSFIELD - DORKING,P61019,1123,stop,2026-04-08,11:54:00,,
EARLSFIELD - DORKING,P61019,1123,stop,2026-04-01,11:54:00,,
EARLSFIELD - DORKING,P61020,1123,stop,2026-04-18,11:54:00,,
EARLSFIELD - DORKING,P61019,1123,stop,2026-04-15,11:54:00,,
MITCHAM EASTFIELDS - DORKING (2),P26635,1120,stop,2026-04-18,11:53:00,,
DORKING - EARLSFIELD,P61029,1132,stop,2026-04-11,11:52:00,,
DORKING - EARLSFIELD,P61028,1132,stop,2026-04-17,11:52:00,,
DORKING - EARLSFIELD,P61028,1132,stop,2026-04-03,11:52:00,,
EARLSFIELD - DORKING,P61020,1123,stop,2026-04-25,11:54:00,,
EARLSFIELD - DORKING,P61019,1123,stop,2026-04-03,11:54:00,,
EARLSFIELD - DORKING,P61020,1123,stop,2026-04-11,11:54:00,,
EARLSFIELD - DORKING,P61019,1123,stop,2026-04-22,11:54:00,,
EARLSFIELD - DORKING,P61019,1123,stop,2026-04-27,11:54:00,,
EARLSFIELD - DORKING,P61020,1123,stop,2026-04-04,11:54:00,,
EARLSFIELD - DORKING,P61019,1123,stop,2026-04-29,11:54:00,,
EARLSFIELD - DORKING,P61019,1123,stop,2026-04-24,11:54:00,,
EARLSFIELD - DORKING,P61019,1123,stop,2026-04-28,11:54:00,,
EARLSFIELD - DORKING,P61019,1123,stop,2026-04-30,11:54:00,,
EARLSFIELD - DORKING,P61019,1123,stop,2026-04-23,11:54:00,,
EARLSFIELD - DORKING,Q38717,1123,stop,2026-04-03,11:54:00,,
EARLSFIELD - DORKING,P61019,1123,stop,2026-04-06,11:54:00,,
EARLSFIELD - DORKING,P61019,1123,stop,2026-04-17,11:54:00,,
EARLSFIELD - DORKING,P61019,1123,stop,2026-04-16,11:54:00,,
EARLSFIELD - DORKING,P61019,1123,stop,2026-04-07,11:54:00,,
SUTTON (SURREY) - DORKING,X04927,1155,stop,2026-04-12,11:55:00,,
GUILDFORD - EARLSFIELD,L74248,1120,stop,2026-04-19,11:57:00,,
SUTTON (SURREY) - TULSE HILL,X27298,1157,stop,2026-04-05,11:57:00,,
NORWOOD JUNCTION - EPSOM,P25218,1125,stop,2026-04-08,11:58:00,,
NORWOOD JUNCTION - EPSOM,P25218,1125,stop,2026-04-29,11:58:00,,
NORWOOD JUNCTION - EPSOM,P25218,1125,stop,2026-04-06,11:58:00,,
NORWOOD JUNCTION - EPSOM,P25219,1125,stop,2026-04-25,11:58:00,,
NORWOOD JUNCTION - EPSOM,P25218,1125,stop,2026-04-02,11:58:00,,
NORWOOD JUNCTION - EPSOM,P25218,1125,stop,2026-04-23,11:58:00,,
NORWOOD JUNCTION - EPSOM,P25219,1125,stop,2026-04-18,11:58:00,,
NORWOOD JUNCTION - EPSOM,P25218,1125,stop,2026-04-27,11:58:00,,
NORWOOD JUNCTION - EPSOM,P25218,1125,stop,2026-04-13,11:58:00,,
NORWOOD JUNCTION - EPSOM,X92892,1125,stop,2026-04-03,11:58:00,,
NORWOOD JUNCTION - EPSOM,P25218,1125,stop,2026-04-09,11:58:00,,
NORWOOD JUNCTION - EPSOM,P25218,1125,stop,2026-04-07,11:58:00,,
NORWOOD JUNCTION - EPSOM,P25218,1125,stop,2026-04-14,11:58:00,,
GUILDFORD - EARLSFIELD,L74248,1120,stop,2026-04-26,11:57:00,,
GUILDFORD - EARLSFIELD,L74248,1120,stop,2026-04-12,11:57:00,,
GUILDFORD - EARLSFIELD,L74248,1120,stop,2026-04-05,11:57:00,,
EPSOM DOWNS - BATTERSEA PARK LONDON,P26177,1138,stop,2026-04-05,11:58:00,,
NORWOOD JUNCTION - EPSOM,P25218,1125,stop,2026-04-10,11:58:00,,
NORWOOD JUNCTION - EPSOM,P25218,1125,stop,2026-04-01,11:58:00,,
NORWOOD JUNCTION - EPSOM,P25218,1125,stop,2026-04-22,11:58:00,,
NORWOOD JUNCTION - EPSOM,P25218,1125,stop,2026-04-21,11:58:00,,
NORWOOD JUNCTION - EPSOM,P25218,1125,stop,2026-04-24,11:58:00,,
NORWOOD JUNCTION - EPSOM,P25218,1125,stop,2026-04-30,11:58:00,,
NORWOOD JUNCTION - EPSOM,P25219,1125,stop,2026-04-11,11:58:00,,
NORWOOD JUNCTION - EPSOM,P25218,1125,stop,2026-04-20,11:58:00,,
NORWOOD JUNCTION - EPSOM,P25218,1125,stop,2026-04-15,11:58:00,,
NORWOOD JUNCTION - EPSOM,P25218,1125,stop,2026-04-17,11:58:00,,
NORWOOD JUNCTION - EPSOM,P25218,1125,stop,2026-04-16,11:58:00,,
NORWOOD JUNCTION - EPSOM,P25218,1125,stop,2026-04-28,11:58:00,,
NORWOOD JUNCTION - EPSOM,P25218,1125,stop,2026-04-03,11:58:00,,
NORWOOD JUNCTION - EPSOM,X01395,1125,stop,2026-04-06,11:58:00,,
NORWOOD JUNCTION - EPSOM,P25219,1125,stop,2026-04-04,11:58:00,,
LUTON - WIMBLEDON,W59666,1020,stop,2026-04-05,12:01:00,,
EARLSFIELD - GUILDFORD (2),P61596,1132,stop,2026-04-26,12:03:00,,
EFFINGHAM JUNCTION - WORCESTER PARK,Q54773,1115,stop,2026-04-12,12:04:00,,
EARLSFIELD - GUILDFORD (2),P61596,1132,stop,2026-04-12,12:04:00,,
EARLSFIELD - GUILDFORD (2),P61596,1132,stop,2026-04-05,12:03:00,,
EARLSFIELD - GUILDFORD (2),P61596,1132,stop,2026-04-19,12:04:00,,
HORSHAM - BALHAM,P26643,1114,stop,2026-04-24,12:06:00,,
HORSHAM - BALHAM,P26643,1114,stop,2026-04-23,12:06:00,,
HORSHAM - BALHAM,P26643,1114,stop,2026-04-02,12:06:00,,
HORSHAM - BALHAM,P26643,1114,stop,2026-04-30,12:06:00,,
HORSHAM - BALHAM,P26643,1114,stop,2026-04-14,12:06:00,,
HORSHAM - BALHAM,P26643,1114,stop,2026-04-08,12:06:00,,
HORSHAM - BALHAM,P26643,1114,stop,2026-04-03,12:06:00,,
HORSHAM - BALHAM,P26643,1114,stop,2026-04-17,12:06:00,,
HORSHAM - BALHAM,X96519,1114,stop,2026-04-03,12:06:00,,
HORSHAM - BALHAM,P26643,1114,stop,2026-04-15,12:06:00,,
HORSHAM - BALHAM,P26643,1114,stop,2026-04-21,12:06:00,,
HORSHAM - BALHAM,P26643,1114,stop,2026-04-10,12:06:00,,
HORSHAM - BALHAM,P26644,1114,stop,2026-04-25,12:06:00,,
DORKING - BALHAM (2),P26645,1142,stop,2026-04-26,12:05:00,,
DORKING - MITCHAM EASTFIELDS,P26645,1142,stop,2026-04-19,12:05:00,,
DORKING - BALHAM (2),P26645,1142,stop,2026-04-12,12:05:00,,
LUTON - SUTTON (SURREY) (2),W59666,1022,stop,2026-04-26,12:07:00,,
HORSHAM - BALHAM,P26643,1114,stop,2026-04-27,12:06:00,,
HORSHAM - BALHAM,P26643,1114,stop,2026-04-13,12:06:00,,
HORSHAM - BALHAM,P26643,1114,stop,2026-04-06,12:06:00,,
HORSHAM - BALHAM,P26643,1114,stop,2026-04-22,12:06:00,,
HORSHAM - BALHAM,P26644,1114,stop,2026-04-04,12:06:00,,
HORSHAM - BALHAM,X00938,1114,stop,2026-04-06,12:06:00,,
HORSHAM - BALHAM,P26643,1114,stop,2026-04-09,12:06:00,,
HORSHAM - BALHAM,P26643,1114,stop,2026-04-28,12:06:00,,
HORSHAM - BALHAM,P26644,1114,stop,2026-04-11,12:06:00,,
HORSHAM - BALHAM,P26643,1114,stop,2026-04-29,12:06:00,,
HORSHAM - MITCHAM EASTFIELDS,P26644,1120,stop,2026-04-18,12:06:00,,
HORSHAM - BALHAM,P26643,1114,stop,2026-04-16,12:06:00,,
HORSHAM - BALHAM,P26643,1114,stop,2026-04-07,12:06:00,,
HORSHAM - BALHAM,P26643,1114,stop,2026-04-20,12:06:00,,
HORSHAM - BALHAM,P26643,1114,stop,2026-04-01,12:06:00,,
WEST HAMPSTEAD THAMESLINK - SUTTON (SURREY) (2),W59666,1100,stop,2026-04-19,12:07:00,,
ST ALBANS CITY - SUTTON (SURREY),G84895,1037,stop,2026-04-24,12:07:00,,
ST ALBANS CITY - SUTTON (SURREY),G84895,1037,stop,2026-04-16,12:07:00,,
ST ALBANS CITY - SUTTON (SURREY),G84895,1037,stop,2026-04-14,12:07:00,,
ST ALBANS CITY - SUTTON (SURREY),G84895,1037,stop,2026-04-20,12:07:00,,
ST ALBANS CITY - SUTTON (SURREY),G84895,1037,stop,2026-04-17,12:07:00,,
ST ALBANS CITY - SUTTON (SURREY),G84895,1037,stop,2026-04-28,12:07:00,,
ST ALBANS CITY - SUTTON (SURREY),G25217,1037,stop,2026-04-18,12:07:00,,
ST ALBANS CITY - SUTTON (SURREY),G84895,1037,stop,2026-04-23,12:07:00,,
ST ALBANS CITY - SUTTON (SURREY),G84895,1037,stop,2026-04-08,12:07:00,,
ST ALBANS CITY - SUTTON (SURREY),G84895,1037,stop,2026-04-10,12:07:00,,
ST ALBANS CITY - SUTTON (SURREY),G84895,1037,stop,2026-04-22,12:07:00,,
ST ALBANS CITY - SUTTON (SURREY),G25217,1037,stop,2026-04-25,12:07:00,,
ST ALBANS CITY - SUTTON (SURREY),G84895,1037,stop,2026-04-29,12:07:00,,
ST ALBANS CITY - SUTTON (SURREY),G84895,1037,stop,2026-04-15,12:07:00,,
ST ALBANS CITY - SUTTON (SURREY),G25217,1037,stop,2026-04-04,12:07:00,,
DORKING - BALHAM (3),P26645,1146,stop,2026-04-05,12:08:00,,
ST ALBANS CITY - SUTTON (SURREY),G84895,1037,stop,2026-04-27,12:07:00,,
ST ALBANS CITY - SUTTON (SURREY),G84895,1037,stop,2026-04-13,12:07:00,,
LUTON - SUTTON (SURREY) (2),W59666,1022,stop,2026-04-12,12:07:00,,
ST ALBANS CITY - SUTTON (SURREY),G25217,1037,stop,2026-04-11,12:07:00,,
ST ALBANS CITY - SUTTON (SURREY),G84895,1037,stop,2026-04-09,12:07:00,,
ST ALBANS CITY - SUTTON (SURREY),G84895,1037,stop,2026-04-03,12:07:00,,
ST ALBANS CITY - SUTTON (SURREY),G84895,1037,stop,2026-04-06,12:07:00,,
ST ALBANS CITY - SUTTON (SURREY),G84895,1037,stop,2026-04-21,12:07:00,,
ST ALBANS CITY - SUTTON (SURREY),G84895,1037,stop,2026-04-01,12:07:00,,
ST ALBANS CITY - SUTTON (SURREY),G84895,1037,stop,2026-04-07,12:07:00,,
ST ALBANS CITY - SUTTON (SURREY),G84895,1037,stop,2026-04-30,12:07:00,,
ST ALBANS CITY - SUTTON (SURREY),G84895,1037,stop,2026-04-02,12:07:00,,
MITCHAM EASTFIELDS - DORKING,P26642,1138,stop,2026-04-19,12:10:00,,
SUTTON (SURREY) - STREATHAM HILL,P27127,1210,stop,2026-04-18,12:10:00,,
BALHAM - DORKING (3),P26642,1138,stop,2026-04-26,12:10:00,,
SUTTON (SURREY) - BALHAM (2),P26645,1212,stop,2026-04-12,12:12:00,,
BALHAM - DORKING (3),P26642,1138,stop,2026-04-12,12:13:00,,
BALHAM - HORSHAM,P26640,1141,stop,2026-04-28,12:13:00,,
BALHAM - HORSHAM,P26640,1141,stop,2026-04-21,12:13:00,,
BALHAM - HORSHAM,X96485,1141,stop,2026-04-03,12:13:00,,
BALHAM - HORSHAM,P26640,1141,stop,2026-04-24,12:13:00,,
BALHAM - HORSHAM,P26640,1141,stop,2026-04-14,12:13:00,,
BALHAM - HORSHAM,P26640,1141,stop,2026-04-02,12:13:00,,
BALHAM - HORSHAM,P26640,1141,stop,2026-04-17,12:13:00,,
BALHAM - HORSHAM,P26640,1141,stop,2026-04-09,12:13:00,,
BALHAM - HORSHAM,P26640,1141,stop,2026-04-20,12:13:00,,
BALHAM - HORSHAM,P26640,1141,stop,2026-04-13,12:13:00,,
BALHAM - HORSHAM,P26640,1141,stop,2026-04-01,12:13:00,,
BALHAM - HORSHAM,P26640,1141,stop,2026-04-22,12:13:00,,
BALHAM - HORSHAM,P26640,1141,stop,2026-04-15,12:13:00,,
BALHAM - HORSHAM,P26640,1141,stop,2026-04-16,12:13:00,,
WIMBLEDON - LUTON,G83935,1203,stop,2026-04-05,12:15:00,,
BALHAM - DORKING (6),P26642,1138,stop,2026-04-05,12:14:00,,
BALHAM - HORSHAM,P26640,1141,stop,2026-04-10,12:13:00,,
BALHAM - HORSHAM,P26640,1141,stop,2026-04-27,12:13:00,,
BALHAM - HORSHAM,X00937,1141,stop,2026-04-06,12:13:00,,
BALHAM - HORSHAM,P26641,1141,stop,2026-04-25,12:13:00,,
BALHAM - HORSHAM,P26640,1141,stop,2026-04-03,12:13:00,,
BALHAM - HORSHAM,P26640,1141,stop,2026-04-29,12:13:00,,
BALHAM - HORSHAM,P26641,1141,stop,2026-04-04,12:13:00,,
BALHAM - HORSHAM,P26640,1141,stop,2026-04-30,12:13:00,,
BALHAM - HORSHAM,P26640,1141,stop,2026-04-08,12:13:00,,
BALHAM - HORSHAM,P26640,1141,stop,2026-04-06,12:13:00,,
BALHAM - HORSHAM,P26641,1141,stop,2026-04-11,12:13:00,,
BALHAM - HORSHAM,P26640,1141,stop,2026-04-07,12:13:00,,
BALHAM - HORSHAM,P26640,1141,stop,2026-04-23,12:13:00,,
SUTTON (SURREY) - ST ALBANS CITY (3),G84900,1216,stop,2026-04-29,12:16:00,,
SUTTON (SURREY) - ST ALBANS CITY (3),G84900,1216,stop,2026-04-24,12:16:00,,
SUTTON (SURREY) - ST ALBANS CITY (3),G84900,1216,stop,2026-04-30,12:16:00,,
SUTTON (SURREY) - ST ALBANS CITY (3),G84900,1216,stop,2026-04-23,12:16:00,,
SUTTON (SURREY) - ST ALBANS CITY (3),G25257,1216,stop,2026-04-25,12:16:00,,
SUTTON (SURREY) - ST ALBANS CITY (3),G84900,1216,stop,2026-04-22,12:16:00,,
SUTTON (SURREY) - ST ALBANS CITY (6),G84898,1216,stop,2026-04-26,12:16:00,,
SUTTON (SURREY) - ST ALBANS CITY (3),G84900,1216,stop,2026-04-20,12:16:00,,
SUTTON (SURREY) - ST ALBANS CITY (3),G84900,1216,stop,2026-04-06,12:16:00,,
SUTTON (SURREY) - ST ALBANS CITY (3),G25257,1216,stop,2026-04-11,12:16:00,,
SUTTON (SURREY) - ST ALBANS CITY (3),G84900,1216,stop,2026-04-07,12:16:00,,
SUTTON (SURREY) - ST ALBANS CITY (3),G84900,1216,stop,2026-04-08,12:16:00,,
SUTTON (SURREY) - ST ALBANS CITY (3),G25257,1216,stop,2026-04-18,12:16:00,,
SUTTON (SURREY) - ST ALBANS CITY (3),G84900,1216,stop,2026-04-10,12:16:00,,
SUTTON (SURREY) - ST ALBANS CITY (3),G84900,1216,stop,2026-04-28,12:16:00,,
SUTTON (SURREY) - ST ALBANS CITY (3),G84900,1216,stop,2026-04-21,12:16:00,,
SUTTON (SURREY) - ST ALBANS CITY (3),G84900,1216,stop,2026-04-15,12:16:00,,
SUTTON (SURREY) - ST ALBANS CITY (3),G84900,1216,stop,2026-04-16,12:16:00,,
SUTTON (SURREY) - ST ALBANS CITY (3),G84900,1216,stop,2026-04-01,12:16:00,,
SUTTON (SURREY) - ST ALBANS CITY (3),G84900,1216,stop,2026-04-02,12:16:00,,
SUTTON (SURREY) - ST ALBANS CITY (3),G84900,1216,stop,2026-04-14,12:16:00,,
SUTTON (SURREY) - ST ALBANS CITY (3),G84900,1216,stop,2026-04-17,12:16:00,,
SUTTON (SURREY) - ST ALBANS CITY (3),G84900,1216,stop,2026-04-13,12:16:00,,
SUTTON (SURREY) - ST ALBANS CITY (3),G25257,1216,stop,2026-04-04,12:16:00,,
SUTTON (SURREY) - ST ALBANS CITY (6),G84898,1216,stop,2026-04-12,12:16:00,,
WORCESTER PARK - DORKING,Q54897,1205,stop,2026-04-12,12:18:00,,
DORKING - SUTTON (SURREY),X04890,1133,stop,2026-04-12,12:17:00,,
SUTTON (SURREY) - ST ALBANS CITY (3),G84900,1216,stop,2026-04-09,12:16:00,,
SUTTON (SURREY) - ST ALBANS CITY (6),G84898,1216,stop,2026-04-05,12:16:00,,
SUTTON (SURREY) - ST ALBANS CITY (6),G84898,1216,stop,2026-04-19,12:16:00,,
SUTTON (SURREY) - ST ALBANS CITY (3),G84900,1216,stop,2026-04-03,12:16:00,,
SUTTON (SURREY) - ST ALBANS CITY (3),G84900,1216,stop,2026-04-27,12:16:00,,
BATTERSEA PARK LONDON - EPSOM DOWNS,P26169,1130,stop,2026-04-23,12:19:00,,
STREATHAM HILL - EPSOM DOWNS,P26168,1143,stop,2026-04-19,12:19:00,,
SUTTON (SURREY) - ST ALBANS CITY,G83936,1219,stop,2026-04-02,12:19:00,,
EPSOM - NORWOOD JUNCTION,P25224,1215,stop,2026-04-23,12:19:00,,
EPSOM - NORWOOD JUNCTION,X96437,1215,stop,2026-04-03,12:19:00,,
BATTERSEA PARK LONDON - EPSOM DOWNS,P26170,1130,stop,2026-04-25,12:19:00,,
EPSOM - NORWOOD JUNCTION,P25225,1215,stop,2026-04-18,12:19:00,,
BATTERSEA PARK LONDON - EPSOM DOWNS,P26169,1130,stop,2026-04-17,12:19:00,,
SUTTON (SURREY) - ST ALBANS CITY,G83936,1219,stop,2026-04-14,12:19:00,,
SUTTON (SURREY) - ST ALBANS CITY,G83936,1219,stop,2026-04-30,12:19:00,,
SUTTON (SURREY) - ST ALBANS CITY,G83936,1219,stop,2026-04-23,12:19:00,,
EPSOM - NORWOOD JUNCTION,P25224,1215,stop,2026-04-29,12:19:00,,
SUTTON (SURREY) - ST ALBANS CITY,G83936,1219,stop,2026-04-24,12:19:00,,
SUTTON (SURREY) - ST ALBANS CITY,G83936,1219,stop,2026-04-15,12:19:00,,
EPSOM - NORWOOD JUNCTION,P25225,1215,stop,2026-04-04,12:19:00,,
BATTERSEA PARK LONDON - EPSOM DOWNS,P26169,1130,stop,2026-04-08,12:19:00,,
SUTTON (SURREY) - ST ALBANS CITY,G83936,1219,stop,2026-04-10,12:19:00,,
BATTERSEA PARK LONDON - EPSOM DOWNS,P26169,1130,stop,2026-04-29,12:19:00,,
SUTTON (SURREY) - ST ALBANS CITY,G83936,1219,stop,2026-04-27,12:19:00,,
EPSOM - NORWOOD JUNCTION,P25224,1215,stop,2026-04-24,12:19:00,,
EPSOM - NORWOOD JUNCTION,P25224,1215,stop,2026-04-17,12:19:00,,
BATTERSEA PARK LONDON - EPSOM DOWNS,P26169,1130,stop,2026-04-02,12:19:00,,
EPSOM - NORWOOD JUNCTION,P25224,1215,stop,2026-04-06,12:19:00,,
SUTTON (SURREY) - ST ALBANS CITY,G25259,1219,stop,2026-04-25,12:19:00,,
EPSOM - NORWOOD JUNCTION,P25224,1215,stop,2026-04-27,12:19:00,,
SUTTON (SURREY) - ST ALBANS CITY,G83936,1219,stop,2026-04-08,12:19:00,,
SUTTON (SURREY) - ST ALBANS CITY,G83936,1219,stop,2026-04-28,12:19:00,,
BATTERSEA PARK LONDON - EPSOM DOWNS,P26169,1130,stop,2026-04-09,12:19:00,,
SUTTON (SURREY) - ST ALBANS CITY,G83936,1219,stop,2026-04-07,12:19:00,,
SUTTON (SURREY) - ST ALBANS CITY,G25259,1219,stop,2026-04-11,12:19:00,,
EPSOM - NORWOOD JUNCTION,P25224,1215,stop,2026-04-21,12:19:00,,
SUTTON (SURREY) - ST ALBANS CITY,G83936,1219,stop,2026-04-06,12:19:00,,
SUTTON (SURREY) - LUTON,G83935,1219,stop,2026-04-26,12:19:00,,
SUTTON (SURREY) - ST ALBANS CITY,G83936,1219,stop,2026-04-09,12:19:00,,
SUTTON (SURREY) - LUTON,G83935,1219,stop,2026-04-12,12:19:00,,
BATTERSEA PARK LONDON - EPSOM DOWNS,P26169,1130,stop,2026-04-24,12:19:00,,
EPSOM - NORWOOD JUNCTION,P25224,1215,stop,2026-04-22,12:19:00,,
BATTERSEA PARK LONDON - EPSOM DOWNS,P26168,1130,stop,2026-04-12,12:19:00,,
EPSOM - NORWOOD JUNCTION,P25224,1215,stop,2026-04-20,12:19:00,,
SUTTON (SURREY) - ST ALBANS CITY,G25259,1219,stop,2026-04-04,12:19:00,,
EPSOM - NORWOOD JUNCTION,P25224,1215,stop,2026-04-03,12:19:00,,
BATTERSEA PARK LONDON - EPSOM DOWNS,P26169,1130,stop,2026-04-03,12:19:00,,
SUTTON (SURREY) - ST ALBANS CITY,G83936,1219,stop,2026-04-29,12:19:00,,
EPSOM - NORWOOD JUNCTION,P25224,1215,stop,2026-04-02,12:19:00,,
BATTERSEA PARK LONDON - EPSOM DOWNS,X96497,1130,stop,2026-04-03,12:19:00,,
BATTERSEA PARK LONDON - EPSOM DOWNS,P26169,1130,stop,2026-04-30,12:19:00,,
SUTTON (SURREY) - ST ALBANS CITY,G83936,1219,stop,2026-04-03,12:19:00,,
EPSOM - NORWOOD JUNCTION,P25224,1215,stop,2026-04-01,12:19:00,,
BATTERSEA PARK LONDON - EPSOM DOWNS,P26169,1130,stop,2026-04-14,12:19:00,,
BATTERSEA PARK LONDON - EPSOM DOWNS,P26169,1130,stop,2026-04-10,12:19:00,,
SUTTON (SURREY) - ST ALBANS CITY,G83936,1219,stop,2026-04-16,12:19:00,,
EPSOM - NORWOOD JUNCTION,P25224,1215,stop,2026-04-30,12:19:00,,
SUTTON (SURREY) - ST ALBANS CITY,G83936,1219,stop,2026-04-22,12:19:00,,
EPSOM - NORWOOD JUNCTION,P25224,1215,stop,2026-04-08,12:19:00,,
EPSOM - NORWOOD JUNCTION,P25224,1215,stop,2026-04-14,12:19:00,,
SUTTON (SURREY) - ST ALBANS CITY,G83936,1219,stop,2026-04-01,12:19:00,,
SUTTON (SURREY) - ST ALBANS CITY,G83936,1219,stop,2026-04-13,12:19:00,,
BATTERSEA PARK LONDON - EPSOM DOWNS,P26168,1130,stop,2026-04-26,12:19:00,,
BATTERSEA PARK LONDON - EPSOM DOWNS,P26169,1130,stop,2026-04-15,12:19:00,,
STREATHAM HILL - EPSOM DOWNS,P26170,1143,stop,2026-04-18,12:19:00,,
BATTERSEA PARK LONDON - EPSOM DOWNS,P26170,1130,stop,2026-04-04,12:19:00,,
EPSOM - NORWOOD JUNCTION,X01398,1215,stop,2026-04-06,12:19:00,,
SUTTON (SURREY) - ST ALBANS CITY,G83936,1219,stop,2026-04-21,12:19:00,,
BATTERSEA PARK LONDON - EPSOM DOWNS,P26169,1130,stop,2026-04-28,12:19:00,,
SUTTON (SURREY) - ST ALBANS CITY,G25259,1219,stop,2026-04-18,12:19:00,,
SUTTON (SURREY) - WEST HAMPSTEAD THAMESLINK,G83935,1219,stop,2026-04-19,12:19:00,,
EPSOM - NORWOOD JUNCTION,P25225,1215,stop,2026-04-11,12:19:00,,
BATTERSEA PARK LONDON - EPSOM DOWNS,P26169,1130,stop,2026-04-13,12:19:00,,
BATTERSEA PARK LONDON - EPSOM DOWNS,X00526,1130,stop,2026-04-06,12:19:00,,
BATTERSEA PARK LONDON - EPSOM DOWNS,P26169,1130,stop,2026-04-06,12:19:00,,
EPSOM - NORWOOD JUNCTION,P25224,1215,stop,2026-04-09,12:19:00,,
BATTERSEA PARK LONDON - EPSOM DOWNS,P26170,1130,stop,2026-04-11,12:19:00,,
EPSOM - NORWOOD JUNCTION,P25224,1215,stop,2026-04-13,12:19:00,,
BATTERSEA PARK LONDON - EPSOM DOWNS,P26169,1130,stop,2026-04-20,12:19:00,,
SUTTON (SURREY) - ST ALBANS CITY,G83936,1219,stop,2026-04-17,12:19:00,,
BATTERSEA PARK LONDON - EPSOM DOWNS,P26169,1130,stop,2026-04-01,12:19:00,,
BATTERSEA PARK LONDON - EPSOM DOWNS,P26169,1130,stop,2026-04-22,12:19:00,,
EPSOM - NORWOOD JUNCTION,P25224,1215,stop,2026-04-15,12:19:00,,
BATTERSEA PARK LONDON - EPSOM DOWNS,P26169,1130,stop,2026-04-27,12:19:00,,
EPSOM - NORWOOD JUNCTION,P25225,1215,stop,2026-04-25,12:19:00,,
EPSOM - NORWOOD JUNCTION,P25224,1215,stop,2026-04-28,12:19:00,,
EPSOM - NORWOOD JUNCTION,P25224,1215,stop,2026-04-07,12:19:00,,
BATTERSEA PARK LONDON - EPSOM DOWNS,P26169,1130,stop,2026-04-16,12:19:00,,
EPSOM - NORWOOD JUNCTION,P25224,1215,stop,2026-04-10,12:19:00,,
BATTERSEA PARK LONDON - EPSOM DOWNS,P26169,1130,stop,2026-04-21,12:19:00,,
BATTERSEA PARK LONDON - EPSOM DOWNS,P26169,1130,stop,2026-04-07,12:19:00,,
EPSOM DOWNS - BATTERSEA PARK LONDON,P26191,1208,stop,2026-04-02,12:21:00,,
EPSOM DOWNS - BATTERSEA PARK LONDON,X96448,1208,stop,2026-04-03,12:21:00,,
EPSOM DOWNS - BATTERSEA PARK LONDON,P26191,1208,stop,2026-04-06,12:21:00,,
EPSOM DOWNS - BATTERSEA PARK LONDON,P26191,1208,stop,2026-04-03,12:21:00,,
EPSOM DOWNS - STREATHAM HILL,P26192,1208,stop,2026-04-18,12:21:00,,
EPSOM DOWNS - BATTERSEA PARK LONDON,P26191,1208,stop,2026-04-01,12:21:00,,
EPSOM DOWNS - BATTERSEA PARK LONDON,P26190,1208,stop,2026-04-26,12:21:00,,
EPSOM DOWNS - BATTERSEA PARK LONDON,P26191,1208,stop,2026-04-15,12:21:00,,
EPSOM DOWNS - BATTERSEA PARK LONDON,P26191,1208,stop,2026-04-16,12:21:00,,
EPSOM DOWNS - BATTERSEA PARK LONDON,P26191,1208,stop,2026-04-22,12:21:00,,
EPSOM DOWNS - BATTERSEA PARK LONDON,P26191,1208,stop,2026-04-14,12:21:00,,
BATTERSEA PARK LONDON - EPSOM DOWNS,P26168,1130,stop,2026-04-05,12:20:00,,
EPSOM - NORWOOD JUNCTION,P25224,1215,stop,2026-04-16,12:19:00,,
SUTTON (SURREY) - ST ALBANS CITY,G83936,1219,stop,2026-04-20,12:19:00,,
EPSOM DOWNS - BATTERSEA PARK LONDON,P26192,1208,stop,2026-04-11,12:21:00,,
EPSOM DOWNS - BATTERSEA PARK LONDON,P26191,1208,stop,2026-04-30,12:21:00,,
EPSOM DOWNS - BATTERSEA PARK LONDON,P26191,1208,stop,2026-04-21,12:21:00,,
EPSOM DOWNS - BATTERSEA PARK LONDON,P26191,1208,stop,2026-04-27,12:21:00,,
EPSOM DOWNS - STREATHAM HILL,P26190,1208,stop,2026-04-19,12:21:00,,
EPSOM DOWNS - BATTERSEA PARK LONDON,P26191,1208,stop,2026-04-13,12:21:00,,
EPSOM DOWNS - BATTERSEA PARK LONDON,P26192,1208,stop,2026-04-25,12:21:00,,
EPSOM DOWNS - BATTERSEA PARK LONDON,P26191,1208,stop,2026-04-23,12:21:00,,
EPSOM DOWNS - BATTERSEA PARK LONDON,P26191,1208,stop,2026-04-08,12:21:00,,
EPSOM DOWNS - BATTERSEA PARK LONDON,P26191,1208,stop,2026-04-10,12:21:00,,
EPSOM DOWNS - BATTERSEA PARK LONDON,P26191,1208,stop,2026-04-09,12:21:00,,
EPSOM DOWNS - BATTERSEA PARK LONDON,P26191,1208,stop,2026-04-24,12:21:00,,
EPSOM DOWNS - BATTERSEA PARK LONDON,P26191,1208,stop,2026-04-29,12:21:00,,
EPSOM DOWNS - BATTERSEA PARK LONDON,X00528,1208,stop,2026-04-06,12:21:00,,
EPSOM DOWNS - BATTERSEA PARK LONDON,P26191,1208,stop,2026-04-20,12:21:00,,
EPSOM DOWNS - BATTERSEA PARK LONDON,P26192,1208,stop,2026-04-04,12:21:00,,
MITCHAM EASTFIELDS - HORSHAM (2),P26641,1150,stop,2026-04-18,12:22:00,,
GUILDFORD - EARLSFIELD,L74253,1145,stop,2026-04-04,12:22:00,,
GUILDFORD - EARLSFIELD,L74252,1145,stop,2026-04-27,12:22:00,,
GUILDFORD - EARLSFIELD,L74252,1145,stop,2026-04-24,12:22:00,,
GUILDFORD - EARLSFIELD,L74252,1145,stop,2026-04-30,12:22:00,,
GUILDFORD - EARLSFIELD,L74253,1145,stop,2026-04-11,12:22:00,,
EPSOM DOWNS - BATTERSEA PARK LONDON,P26191,1208,stop,2026-04-17,12:21:00,,
EPSOM DOWNS - BATTERSEA PARK LONDON,P26191,1208,stop,2026-04-28,12:21:00,,
EPSOM DOWNS - BATTERSEA PARK LONDON,P26191,1208,stop,2026-04-07,12:21:00,,
EPSOM DOWNS - BATTERSEA PARK LONDON,P26190,1208,stop,2026-04-12,12:21:00,,
GUILDFORD - EARLSFIELD,Q38697,1145,stop,2026-04-03,12:22:00,,
GUILDFORD - EARLSFIELD,L74252,1145,stop,2026-04-16,12:22:00,,
GUILDFORD - EARLSFIELD,L74252,1145,stop,2026-04-29,12:22:00,,
GUILDFORD - EARLSFIELD,L74252,1145,stop,2026-04-07,12:22:00,,
GUILDFORD - EARLSFIELD,L74252,1145,stop,2026-04-23,12:22:00,,
GUILDFORD - EARLSFIELD,L74252,1145,stop,2026-04-10,12:22:00,,
GUILDFORD - EARLSFIELD,L74252,1145,stop,2026-04-22,12:22:00,,
GUILDFORD - EARLSFIELD,L74252,1145,stop,2026-04-02,12:22:00,,
GUILDFORD - EARLSFIELD,L74252,1145,stop,2026-04-03,12:22:00,,
GUILDFORD - EARLSFIELD,L74252,1145,stop,2026-04-17,12:22:00,,
GUILDFORD - EARLSFIELD,L74252,1145,stop,2026-04-01,12:22:00,,
GUILDFORD - EARLSFIELD,L74253,1145,stop,2026-04-18,12:22:00,,
GUILDFORD - EARLSFIELD,Q50594,1145,stop,2026-04-06,12:22:00,,
GUILDFORD - EARLSFIELD,L74253,1145,stop,2026-04-25,12:22:00,,
GUILDFORD - EARLSFIELD,L74252,1145,stop,2026-04-06,12:22:00,,
EARLSFIELD - GUILDFORD (2),P61595,1153,stop,2026-04-04,12:24:00,,
EARLSFIELD - GUILDFORD (2),P61594,1153,stop,2026-04-03,12:24:00,,
GUILDFORD - EARLSFIELD,L74252,1145,stop,2026-04-28,12:22:00,,
GUILDFORD - EARLSFIELD,L74252,1145,stop,2026-04-20,12:22:00,,
GUILDFORD - EARLSFIELD,L74252,1145,stop,2026-04-15,12:22:00,,
GUILDFORD - EARLSFIELD,L74252,1145,stop,2026-04-08,12:22:00,,
GUILDFORD - EARLSFIELD,L74252,1145,stop,2026-04-14,12:22:00,,
GUILDFORD - EARLSFIELD,L74252,1145,stop,2026-04-09,12:22:00,,
GUILDFORD - EARLSFIELD,L74252,1145,stop,2026-04-21,12:22:00,,
GUILDFORD - EARLSFIELD,L74252,1145,stop,2026-04-13,12:22:00,,
EARLSFIELD - GUILDFORD (2),Q38692,1153,stop,2026-04-03,12:24:00,,
EARLSFIELD - GUILDFORD (2),P61594,1153,stop,2026-04-21,12:24:00,,
EARLSFIELD - GUILDFORD (2),P61595,1153,stop,2026-04-18,12:24:00,,
EARLSFIELD - GUILDFORD (2),P61594,1153,stop,2026-04-13,12:24:00,,
EARLSFIELD - GUILDFORD (2),P61594,1153,stop,2026-04-08,12:24:00,,
EARLSFIELD - GUILDFORD (2),Q50552,1153,stop,2026-04-06,12:24:00,,
EARLSFIELD - GUILDFORD (2),P61594,1153,stop,2026-04-06,12:24:00,,
EARLSFIELD - GUILDFORD (2),P61594,1153,stop,2026-04-20,12:24:00,,
EARLSFIELD - GUILDFORD (2),P61594,1153,stop,2026-04-16,12:24:00,,
EARLSFIELD - GUILDFORD (2),P61594,1153,stop,2026-04-14,12:24:00,,
EARLSFIELD - GUILDFORD (2),P61594,1153,stop,2026-04-09,12:24:00,,
EARLSFIELD - GUILDFORD (2),P61594,1153,stop,2026-04-07,12:24:00,,
EARLSFIELD - GUILDFORD (2),P61594,1153,stop,2026-04-27,12:24:00,,
EARLSFIELD - GUILDFORD (2),P61595,1153,stop,2026-04-11,12:24:00,,
EARLSFIELD - GUILDFORD (2),P61595,1153,stop,2026-04-25,12:24:00,,
EARLSFIELD - GUILDFORD (2),P61594,1153,stop,2026-04-24,12:24:00,,
SUTTON (SURREY) - DORKING,X04926,1225,stop,2026-04-12,12:25:00,,
EARLSFIELD - GUILDFORD (2),P61594,1153,stop,2026-04-23,12:24:00,,
EARLSFIELD - GUILDFORD (2),P61594,1153,stop,2026-04-29,12:24:00,,
EARLSFIELD - GUILDFORD (2),P61594,1153,stop,2026-04-30,12:24:00,,
EARLSFIELD - GUILDFORD (2),P61594,1153,stop,2026-04-22,12:24:00,,
EARLSFIELD - GUILDFORD (2),P61594,1153,stop,2026-04-10,12:24:00,,
EARLSFIELD - GUILDFORD (2),P61594,1153,stop,2026-04-01,12:24:00,,
EARLSFIELD - GUILDFORD (2),P61594,1153,stop,2026-04-28,12:24:00,,
EARLSFIELD - GUILDFORD (2),P61594,1153,stop,2026-04-15,12:24:00,,
EARLSFIELD - GUILDFORD (2),P61594,1153,stop,2026-04-17,12:24:00,,
EARLSFIELD - GUILDFORD (2),P61594,1153,stop,2026-04-02,12:24:00,,
NORWOOD JUNCTION - EPSOM,P25222,1155,stop,2026-04-21,12:28:00,,
NORWOOD JUNCTION - EPSOM,P25222,1155,stop,2026-04-01,12:28:00,,
NORWOOD JUNCTION - EPSOM,P25222,1155,stop,2026-04-28,12:28:00,,
DORKING - EARLSFIELD,P61030,1207,stop,2026-04-19,12:27:00,,
DORKING - EARLSFIELD,P61030,1207,stop,2026-04-05,12:27:00,,
DORKING - EARLSFIELD,P61030,1207,stop,2026-04-26,12:27:00,,
DORKING - EARLSFIELD,P61030,1207,stop,2026-04-12,12:27:00,,
SUTTON (SURREY) - TULSE HILL,X27297,1227,stop,2026-04-05,12:27:00,,
NORWOOD JUNCTION - EPSOM,P25223,1155,stop,2026-04-11,12:28:00,,
NORWOOD JUNCTION - EPSOM,P25222,1155,stop,2026-04-30,12:28:00,,
NORWOOD JUNCTION - EPSOM,P25223,1155,stop,2026-04-25,12:28:00,,
NORWOOD JUNCTION - EPSOM,P25222,1155,stop,2026-04-15,12:28:00,,
NORWOOD JUNCTION - EPSOM,P25222,1155,stop,2026-04-03,12:28:00,,
NORWOOD JUNCTION - EPSOM,X92929,1155,stop,2026-04-03,12:28:00,,
NORWOOD JUNCTION - EPSOM,P25222,1155,stop,2026-04-24,12:28:00,,
NORWOOD JUNCTION - EPSOM,P25223,1155,stop,2026-04-04,12:28:00,,
EPSOM DOWNS - BATTERSEA PARK LONDON,P26190,1208,stop,2026-04-05,12:28:00,,
NORWOOD JUNCTION - EPSOM,P25222,1155,stop,2026-04-23,12:28:00,,
NORWOOD JUNCTION - EPSOM,P25222,1155,stop,2026-04-02,12:28:00,,
NORWOOD JUNCTION - EPSOM,P25222,1155,stop,2026-04-22,12:28:00,,
NORWOOD JUNCTION - EPSOM,P25222,1155,stop,2026-04-13,12:28:00,,
NORWOOD JUNCTION - EPSOM,P25222,1155,stop,2026-04-27,12:28:00,,
NORWOOD JUNCTION - EPSOM,P25222,1155,stop,2026-04-06,12:28:00,,
NORWOOD JUNCTION - EPSOM,X01397,1155,stop,2026-04-06,12:28:00,,
NORWOOD JUNCTION - EPSOM,P25222,1155,stop,2026-04-17,12:31:00,,
LUTON - WIMBLEDON,W59667,1052,stop,2026-04-05,12:31:00,,
NORWOOD JUNCTION - EPSOM,P25222,1155,stop,2026-04-16,12:31:00,,
NORWOOD JUNCTION - EPSOM,P25222,1155,stop,2026-04-29,12:28:00,,
NORWOOD JUNCTION - EPSOM,P25222,1155,stop,2026-04-14,12:28:00,,
NORWOOD JUNCTION - EPSOM,P25222,1155,stop,2026-04-08,12:28:00,,
NORWOOD JUNCTION - EPSOM,P25222,1155,stop,2026-04-20,12:28:00,,
NORWOOD JUNCTION - EPSOM,P25223,1155,stop,2026-04-18,12:28:00,,
NORWOOD JUNCTION - EPSOM,P25222,1155,stop,2026-04-09,12:28:00,,
NORWOOD JUNCTION - EPSOM,P25222,1155,stop,2026-04-07,12:28:00,,
NORWOOD JUNCTION - EPSOM,P25222,1155,stop,2026-04-10,12:28:00,,
DORKING - WORCESTER PARK,Q54847,1150,stop,2026-04-12,12:34:00,,
EARLSFIELD - DORKING,P61027,1202,stop,2026-04-05,12:34:00,,
ST ALBANS CITY - SUTTON (SURREY),G84901,1107,stop,2026-04-08,12:37:00,,
ST ALBANS CITY - SUTTON (SURREY),G84901,1107,stop,2026-04-16,12:37:00,,
ST ALBANS CITY - SUTTON (SURREY),G84901,1107,stop,2026-04-23,12:37:00,,
DORKING - BALHAM (2),P26651,1212,stop,2026-04-26,12:35:00,,
EARLSFIELD - DORKING,P61027,1202,stop,2026-04-19,12:35:00,,
EARLSFIELD - DORKING,P61027,1202,stop,2026-04-12,12:35:00,,
EARLSFIELD - DORKING,P61027,1202,stop,2026-04-26,12:35:00,,
DORKING - BALHAM (2),P26651,1212,stop,2026-04-12,12:35:00,,
DORKING - MITCHAM EASTFIELDS,P26651,1212,stop,2026-04-19,12:35:00,,
ST ALBANS CITY - SUTTON (SURREY),G25230,1107,stop,2026-04-04,12:37:00,,
ST ALBANS CITY - SUTTON (SURREY),G84901,1107,stop,2026-04-06,12:37:00,,
ST ALBANS CITY - SUTTON (SURREY),G84901,1107,stop,2026-04-03,12:37:00,,
LUTON - SUTTON (SURREY) (2),W59667,1052,stop,2026-04-12,12:37:00,,
ST ALBANS CITY - SUTTON (SURREY),G84901,1107,stop,2026-04-17,12:37:00,,
ST ALBANS CITY - SUTTON (SURREY),G84901,1107,stop,2026-04-07,12:37:00,,
ST ALBANS CITY - SUTTON (SURREY),G84901,1107,stop,2026-04-10,12:37:00,,
ST ALBANS CITY - SUTTON (SURREY),G25230,1107,stop,2026-04-25,12:37:00,,
ST ALBANS CITY - SUTTON (SURREY),G84901,1107,stop,2026-04-29,12:37:00,,
ST ALBANS CITY - SUTTON (SURREY),G84901,1107,stop,2026-04-14,12:37:00,,
ST ALBANS CITY - SUTTON (SURREY),G84901,1107,stop,2026-04-21,12:37:00,,
ST ALBANS CITY - SUTTON (SURREY),G84901,1107,stop,2026-04-20,12:37:00,,
WEST HAMPSTEAD THAMESLINK - SUTTON (SURREY) (2),W59667,1130,stop,2026-04-19,12:37:00,,
ST ALBANS CITY - SUTTON (SURREY),G25230,1107,stop,2026-04-11,12:37:00,,
DORKING - MITCHAM EASTFIELDS (2),P26650,1217,stop,2026-04-18,12:37:00,,
ST ALBANS CITY - SUTTON (SURREY),G84901,1107,stop,2026-04-09,12:37:00,,
DORKING - BALHAM (3),P26651,1216,stop,2026-04-05,12:38:00,,
ST ALBANS CITY - SUTTON (SURREY),G84901,1107,stop,2026-04-22,12:37:00,,
ST ALBANS CITY - SUTTON (SURREY),G84901,1107,stop,2026-04-01,12:37:00,,
ST ALBANS CITY - SUTTON (SURREY),G84901,1107,stop,2026-04-28,12:37:00,,
ST ALBANS CITY - SUTTON (SURREY),G84901,1107,stop,2026-04-15,12:37:00,,
ST ALBANS CITY - SUTTON (SURREY),G84901,1107,stop,2026-04-30,12:37:00,,
ST ALBANS CITY - SUTTON (SURREY),G25230,1107,stop,2026-04-18,12:37:00,,
ST ALBANS CITY - SUTTON (SURREY),G84901,1107,stop,2026-04-24,12:37:00,,
ST ALBANS CITY - SUTTON (SURREY),G84901,1107,stop,2026-04-02,12:37:00,,
ST ALBANS CITY - SUTTON (SURREY),G84901,1107,stop,2026-04-27,12:37:00,,
LUTON - SUTTON (SURREY) (2),W59667,1052,stop,2026-04-26,12:37:00,,
ST ALBANS CITY - SUTTON (SURREY),G84901,1107,stop,2026-04-13,12:37:00,,
DORKING - BALHAM (3),P26649,1217,stop,2026-04-09,12:39:00,,
DORKING - BALHAM (3),P26650,1217,stop,2026-04-25,12:39:00,,
DORKING - BALHAM (3),P26649,1217,stop,2026-04-27,12:39:00,,
DORKING - BALHAM (3),P26649,1217,stop,2026-04-15,12:39:00,,
DORKING - BALHAM (3),P26649,1217,stop,2026-04-17,12:39:00,,
DORKING - BALHAM (3),P26649,1217,stop,2026-04-13,12:39:00,,
DORKING - BALHAM (3),P26649,1217,stop,2026-04-06,12:39:00,,
DORKING - BALHAM (3),P26650,1217,stop,2026-04-04,12:39:00,,
DORKING - BALHAM (3),P26649,1217,stop,2026-04-02,12:39:00,,
DORKING - BALHAM (3),P26649,1217,stop,2026-04-22,12:39:00,,
DORKING - BALHAM (3),P26649,1217,stop,2026-04-23,12:39:00,,
DORKING - BALHAM (3),P26649,1217,stop,2026-04-01,12:39:00,,
DORKING - BALHAM (3),P26650,1217,stop,2026-04-11,12:39:00,,
DORKING - BALHAM (3),P26649,1217,stop,2026-04-14,12:39:00,,
DORKING - BALHAM (3),P26649,1217,stop,2026-04-30,12:39:00,,
DORKING - BALHAM (3),P26649,1217,stop,2026-04-29,12:39:00,,
MITCHAM EASTFIELDS - DORKING,P26648,1208,stop,2026-04-19,12:40:00,,
SUTTON (SURREY) - STREATHAM HILL,P27131,1240,stop,2026-04-18,12:40:00,,
BALHAM - DORKING (3),P26648,1208,stop,2026-04-26,12:40:00,,
DORKING - BALHAM (3),P26649,1217,stop,2026-04-03,12:39:00,,
DORKING - BALHAM (3),P26649,1217,stop,2026-04-08,12:39:00,,
DORKING - BALHAM (3),P26649,1217,stop,2026-04-16,12:39:00,,
DORKING - BALHAM (3),P26649,1217,stop,2026-04-28,12:39:00,,
DORKING - BALHAM (3),X96434,1217,stop,2026-04-03,12:39:00,,
DORKING - BALHAM (3),P26649,1217,stop,2026-04-10,12:39:00,,
DORKING - BALHAM (3),X00940,1217,stop,2026-04-06,12:39:00,,
DORKING - BALHAM (3),P26649,1217,stop,2026-04-07,12:39:00,,
DORKING - BALHAM (3),P26649,1217,stop,2026-04-20,12:39:00,,
DORKING - BALHAM (3),P26649,1217,stop,2026-04-24,12:39:00,,
DORKING - BALHAM (3),P26649,1217,stop,2026-04-21,12:39:00,,
BALHAM - DORKING,P26646,1211,stop,2026-04-03,12:43:00,,
BALHAM - DORKING,P26646,1211,stop,2026-04-15,12:43:00,,
SUTTON (SURREY) - BALHAM (2),P26651,1242,stop,2026-04-12,12:42:00,,
BALHAM - DORKING,P26646,1211,stop,2026-04-29,12:43:00,,
BALHAM - DORKING,P26646,1211,stop,2026-04-13,12:43:00,,
BALHAM - DORKING,P26647,1211,stop,2026-04-11,12:43:00,,
BALHAM - DORKING,P26646,1211,stop,2026-04-27,12:43:00,,
BALHAM - DORKING,P26646,1211,stop,2026-04-10,12:43:00,,
BALHAM - DORKING,P26646,1211,stop,2026-04-24,12:43:00,,
BALHAM - DORKING,P26646,1211,stop,2026-04-21,12:43:00,,
BALHAM - DORKING,P26646,1211,stop,2026-04-22,12:43:00,,
BALHAM - DORKING,P26646,1211,stop,2026-04-23,12:43:00,,
BALHAM - DORKING,P26646,1211,stop,2026-04-17,12:43:00,,
BALHAM - DORKING,P26646,1211,stop,2026-04-08,12:43:00,,
BALHAM - DORKING,X96445,1211,stop,2026-04-03,12:43:00,,
BALHAM - DORKING (3),P26648,1208,stop,2026-04-12,12:43:00,,
BALHAM - DORKING,X00939,1211,stop,2026-04-06,12:43:00,,
BALHAM - DORKING,P26646,1211,stop,2026-04-06,12:43:00,,
BALHAM - DORKING,P26646,1211,stop,2026-04-30,12:43:00,,
BALHAM - DORKING,P26646,1211,stop,2026-04-28,12:46:00,,
WIMBLEDON - LUTON,G83941,1233,stop,2026-04-05,12:45:00,,
BALHAM - DORKING (6),P26648,1208,stop,2026-04-05,12:44:00,,
BALHAM - DORKING,P26646,1211,stop,2026-04-01,12:43:00,,
BALHAM - DORKING,P26647,1211,stop,2026-04-04,12:43:00,,
BALHAM - DORKING,P26646,1211,stop,2026-04-09,12:43:00,,
BALHAM - DORKING,P26646,1211,stop,2026-04-14,12:43:00,,
BALHAM - DORKING,P26646,1211,stop,2026-04-07,12:43:00,,
BALHAM - DORKING,P26646,1211,stop,2026-04-20,12:43:00,,
BALHAM - DORKING,P26646,1211,stop,2026-04-02,12:43:00,,
BALHAM - DORKING,P26647,1211,stop,2026-04-25,12:43:00,,
BALHAM - DORKING,P26646,1211,stop,2026-04-16,12:43:00,,
SUTTON (SURREY) - ST ALBANS CITY (3),G84906,1246,stop,2026-04-15,12:46:00,,
SUTTON (SURREY) - ST ALBANS CITY (3),G84906,1246,stop,2026-04-16,12:46:00,,
SUTTON (SURREY) - ST ALBANS CITY (6),G84904,1246,stop,2026-04-05,12:46:00,,
SUTTON (SURREY) - ST ALBANS CITY (3),G84906,1246,stop,2026-04-24,12:46:00,,
SUTTON (SURREY) - ST ALBANS CITY (3),G84906,1246,stop,2026-04-06,12:46:00,,
SUTTON (SURREY) - ST ALBANS CITY (3),G84906,1246,stop,2026-04-20,12:46:00,,
SUTTON (SURREY) - ST ALBANS CITY (3),G84906,1246,stop,2026-04-27,12:46:00,,
SUTTON (SURREY) - ST ALBANS CITY (3),G84906,1246,stop,2026-04-09,12:46:00,,
SUTTON (SURREY) - ST ALBANS CITY (6),G84904,1246,stop,2026-04-19,12:46:00,,
SUTTON (SURREY) - ST ALBANS CITY (3),G25269,1246,stop,2026-04-11,12:46:00,,
SUTTON (SURREY) - ST ALBANS CITY (6),G84904,1246,stop,2026-04-26,12:46:00,,
SUTTON (SURREY) - ST ALBANS CITY (3),G84906,1246,stop,2026-04-07,12:46:00,,
SUTTON (SURREY) - ST ALBANS CITY (3),G84906,1246,stop,2026-04-28,12:46:00,,
SUTTON (SURREY) - ST ALBANS CITY (3),G84906,1246,stop,2026-04-14,12:46:00,,
SUTTON (SURREY) - ST ALBANS CITY (3),G84906,1246,stop,2026-04-10,12:46:00,,
SUTTON (SURREY) - ST ALBANS CITY (3),G84906,1246,stop,2026-04-29,12:46:00,,
SUTTON (SURREY) - ST ALBANS CITY (3),G84906,1246,stop,2026-04-30,12:46:00,,
SUTTON (SURREY) - ST ALBANS CITY (3),G84906,1246,stop,2026-04-02,12:46:00,,
SUTTON (SURREY) - ST ALBANS CITY (3),G84906,1246,stop,2026-04-08,12:46:00,,
SUTTON (SURREY) - ST ALBANS CITY (6),G84904,1246,stop,2026-04-12,12:46:00,,
SUTTON (SURREY) - ST ALBANS CITY (3),G84906,1246,stop,2026-04-01,12:46:00,,
SUTTON (SURREY) - ST ALBANS CITY (3),G84906,1246,stop,2026-04-22,12:46:00,,
EPSOM - NORWOOD JUNCTION,P25228,1245,stop,2026-04-27,12:49:00,,
WORCESTER PARK - EFFINGHAM JUNCTION,Q54808,1235,stop,2026-04-12,12:48:00,,
SUTTON (SURREY) - ST ALBANS CITY (3),G25269,1247,stop,2026-04-18,12:47:00,,
DORKING - SUTTON (SURREY),X04889,1203,stop,2026-04-12,12:47:00,,
SUTTON (SURREY) - ST ALBANS CITY (3),G84906,1246,stop,2026-04-21,12:46:00,,
SUTTON (SURREY) - ST ALBANS CITY (3),G84906,1246,stop,2026-04-13,12:46:00,,
SUTTON (SURREY) - ST ALBANS CITY (3),G84906,1246,stop,2026-04-17,12:46:00,,
SUTTON (SURREY) - ST ALBANS CITY (3),G84906,1246,stop,2026-04-23,12:46:00,,
SUTTON (SURREY) - ST ALBANS CITY (3),G25269,1246,stop,2026-04-25,12:46:00,,
SUTTON (SURREY) - ST ALBANS CITY (3),G84906,1246,stop,2026-04-03,12:46:00,,
SUTTON (SURREY) - ST ALBANS CITY (3),G25269,1246,stop,2026-04-04,12:46:00,,
SUTTON (SURREY) - ST ALBANS CITY,G83942,1249,stop,2026-04-16,12:49:00,,
BATTERSEA PARK LONDON - EPSOM DOWNS,P26181,1200,stop,2026-04-03,12:49:00,,
EPSOM - NORWOOD JUNCTION,X96398,1245,stop,2026-04-03,12:49:00,,
EPSOM - NORWOOD JUNCTION,P25228,1245,stop,2026-04-03,12:49:00,,
SUTTON (SURREY) - ST ALBANS CITY,G83942,1249,stop,2026-04-02,12:49:00,,
BATTERSEA PARK LONDON - EPSOM DOWNS,X96457,1200,stop,2026-04-03,12:49:00,,
SUTTON (SURREY) - ST ALBANS CITY,G25271,1249,stop,2026-04-04,12:49:00,,
STREATHAM HILL - EPSOM DOWNS,P26180,1213,stop,2026-04-19,12:49:00,,
SUTTON (SURREY) - ST ALBANS CITY,G83942,1249,stop,2026-04-27,12:49:00,,
SUTTON (SURREY) - ST ALBANS CITY,G83942,1249,stop,2026-04-03,12:49:00,,
EPSOM - NORWOOD JUNCTION,P25228,1245,stop,2026-04-22,12:49:00,,
EPSOM - NORWOOD JUNCTION,P25228,1245,stop,2026-04-17,12:49:00,,
SUTTON (SURREY) - ST ALBANS CITY,G83942,1249,stop,2026-04-23,12:49:00,,
EPSOM - NORWOOD JUNCTION,P25228,1245,stop,2026-04-16,12:49:00,,
EPSOM - NORWOOD JUNCTION,P25228,1245,stop,2026-04-01,12:49:00,,
SUTTON (SURREY) - ST ALBANS CITY,G83942,1249,stop,2026-04-17,12:49:00,,
EPSOM - NORWOOD JUNCTION,P25229,1245,stop,2026-04-04,12:49:00,,
SUTTON (SURREY) - LUTON,G83941,1249,stop,2026-04-26,12:49:00,,
BATTERSEA PARK LONDON - EPSOM DOWNS,P26182,1200,stop,2026-04-25,12:49:00,,
EPSOM - NORWOOD JUNCTION,P25228,1245,stop,2026-04-07,12:49:00,,
SUTTON (SURREY) - ST ALBANS CITY,G83942,1249,stop,2026-04-20,12:49:00,,
SUTTON (SURREY) - ST ALBANS CITY,G25271,1249,stop,2026-04-11,12:49:00,,
EPSOM - NORWOOD JUNCTION,P25228,1245,stop,2026-04-21,12:49:00,,
BATTERSEA PARK LONDON - EPSOM DOWNS,P26181,1200,stop,2026-04-22,12:49:00,,
SUTTON (SURREY) - ST ALBANS CITY,G83942,1249,stop,2026-04-01,12:49:00,,
EPSOM - NORWOOD JUNCTION,P25228,1245,stop,2026-04-08,12:49:00,,
SUTTON (SURREY) - ST ALBANS CITY,G83942,1249,stop,2026-04-30,12:49:00,,
BATTERSEA PARK LONDON - EPSOM DOWNS,P26181,1200,stop,2026-04-15,12:49:00,,
SUTTON (SURREY) - WEST HAMPSTEAD THAMESLINK,G83941,1249,stop,2026-04-19,12:49:00,,
SUTTON (SURREY) - LUTON,G83941,1249,stop,2026-04-12,12:49:00,,
BATTERSEA PARK LONDON - EPSOM DOWNS,P26180,1200,stop,2026-04-05,12:49:00,,
EPSOM - NORWOOD JUNCTION,P25228,1245,stop,2026-04-20,12:49:00,,
BATTERSEA PARK LONDON - EPSOM DOWNS,P26181,1200,stop,2026-04-29,12:49:00,,
EPSOM - NORWOOD JUNCTION,P25228,1245,stop,2026-04-02,12:49:00,,
EPSOM - NORWOOD JUNCTION,P25229,1245,stop,2026-04-18,12:49:00,,
BATTERSEA PARK LONDON - EPSOM DOWNS,P26181,1200,stop,2026-04-08,12:49:00,,
BATTERSEA PARK LONDON - EPSOM DOWNS,P26182,1200,stop,2026-04-04,12:49:00,,
SUTTON (SURREY) - ST ALBANS CITY,G83942,1249,stop,2026-04-10,12:49:00,,
BATTERSEA PARK LONDON - EPSOM DOWNS,P26181,1200,stop,2026-04-09,12:49:00,,
SUTTON (SURREY) - ST ALBANS CITY,G25271,1249,stop,2026-04-18,12:49:00,,
EPSOM - NORWOOD JUNCTION,P25228,1245,stop,2026-04-30,12:49:00,,
SUTTON (SURREY) - ST ALBANS CITY,G83942,1249,stop,2026-04-28,12:49:00,,
BATTERSEA PARK LONDON - EPSOM DOWNS,P26181,1200,stop,2026-04-23,12:49:00,,
STREATHAM HILL - EPSOM DOWNS,P26182,1213,stop,2026-04-18,12:49:00,,
BATTERSEA PARK LONDON - EPSOM DOWNS,P26180,1200,stop,2026-04-12,12:49:00,,
BATTERSEA PARK LONDON - EPSOM DOWNS,P26181,1200,stop,2026-04-28,12:49:00,,
EPSOM - NORWOOD JUNCTION,X01400,1245,stop,2026-04-06,12:49:00,,
EPSOM - NORWOOD JUNCTION,P25228,1245,stop,2026-04-06,12:49:00,,
SUTTON (SURREY) - ST ALBANS CITY,G83942,1249,stop,2026-04-15,12:49:00,,
SUTTON (SURREY) - ST ALBANS CITY,G83942,1249,stop,2026-04-07,12:49:00,,
BATTERSEA PARK LONDON - EPSOM DOWNS,P26181,1200,stop,2026-04-13,12:49:00,,
SUTTON (SURREY) - ST ALBANS CITY,G83942,1249,stop,2026-04-21,12:49:00,,
EPSOM - NORWOOD JUNCTION,P25228,1245,stop,2026-04-10,12:49:00,,
EPSOM - NORWOOD JUNCTION,P25229,1245,stop,2026-04-25,12:49:00,,
EPSOM - NORWOOD JUNCTION,P25228,1245,stop,2026-04-23,12:49:00,,
BATTERSEA PARK LONDON - EPSOM DOWNS,P26181,1200,stop,2026-04-27,12:49:00,,
SUTTON (SURREY) - ST ALBANS CITY,G83942,1249,stop,2026-04-14,12:49:00,,
SUTTON (SURREY) - ST ALBANS CITY,G83942,1249,stop,2026-04-29,12:49:00,,
EPSOM - NORWOOD JUNCTION,P25228,1245,stop,2026-04-24,12:49:00,,
BATTERSEA PARK LONDON - EPSOM DOWNS,P26181,1200,stop,2026-04-30,12:49:00,,
BATTERSEA PARK LONDON - EPSOM DOWNS,P26181,1200,stop,2026-04-16,12:49:00,,
EPSOM - NORWOOD JUNCTION,P25228,1245,stop,2026-04-09,12:49:00,,
BATTERSEA PARK LONDON - EPSOM DOWNS,P26180,1200,stop,2026-04-26,12:49:00,,
EPSOM - NORWOOD JUNCTION,P25228,1245,stop,2026-04-28,12:49:00,,
BATTERSEA PARK LONDON - EPSOM DOWNS,P26181,1200,stop,2026-04-01,12:49:00,,
BATTERSEA PARK LONDON - EPSOM DOWNS,X00781,1200,stop,2026-04-06,12:49:00,,
SUTTON (SURREY) - ST ALBANS CITY,G83942,1249,stop,2026-04-13,12:49:00,,
BATTERSEA PARK LONDON - EPSOM DOWNS,P26181,1200,stop,2026-04-21,12:49:00,,
BATTERSEA PARK LONDON - EPSOM DOWNS,P26181,1200,stop,2026-04-07,12:49:00,,
SUTTON (SURREY) - ST ALBANS CITY,G25271,1249,stop,2026-04-25,12:49:00,,
SUTTON (SURREY) - ST ALBANS CITY,G83942,1249,stop,2026-04-08,12:49:00,,
EPSOM - NORWOOD JUNCTION,P25229,1245,stop,2026-04-11,12:49:00,,
EPSOM - NORWOOD JUNCTION,P25228,1245,stop,2026-04-14,12:49:00,,
SUTTON (SURREY) - ST ALBANS CITY,G83942,1249,stop,2026-04-22,12:49:00,,
BATTERSEA PARK LONDON - EPSOM DOWNS,P26181,1200,stop,2026-04-24,12:49:00,,
EPSOM - NORWOOD JUNCTION,P25228,1245,stop,2026-04-29,12:49:00,,
SUTTON (SURREY) - ST ALBANS CITY,G83942,1249,stop,2026-04-09,12:49:00,,
SUTTON (SURREY) - ST ALBANS CITY,G83942,1249,stop,2026-04-24,12:49:00,,
SUTTON (SURREY) - ST ALBANS CITY,G83942,1249,stop,2026-04-06,12:49:00,,
BATTERSEA PARK LONDON - EPSOM DOWNS,P26181,1200,stop,2026-04-20,12:49:00,,
EPSOM DOWNS - BATTERSEA PARK LONDON,P26199,1238,stop,2026-04-30,12:51:00,,
EPSOM DOWNS - BATTERSEA PARK LONDON,P26199,1238,stop,2026-04-20,12:51:00,,
EPSOM DOWNS - BATTERSEA PARK LONDON,P26199,1238,stop,2026-04-08,12:51:00,,
EPSOM DOWNS - BATTERSEA PARK LONDON,P26199,1238,stop,2026-04-09,12:51:00,,
EPSOM DOWNS - BATTERSEA PARK LONDON,P26200,1238,stop,2026-04-04,12:51:00,,
EPSOM DOWNS - BATTERSEA PARK LONDON,P26199,1238,stop,2026-04-28,12:51:00,,
EPSOM DOWNS - BATTERSEA PARK LONDON,P26199,1238,stop,2026-04-02,12:51:00,,
EPSOM - NORWOOD JUNCTION,P25228,1245,stop,2026-04-15,12:49:00,,
BATTERSEA PARK LONDON - EPSOM DOWNS,P26182,1200,stop,2026-04-11,12:49:00,,
BATTERSEA PARK LONDON - EPSOM DOWNS,P26181,1200,stop,2026-04-06,12:49:00,,
BATTERSEA PARK LONDON - EPSOM DOWNS,P26181,1200,stop,2026-04-02,12:49:00,,
BATTERSEA PARK LONDON - EPSOM DOWNS,P26181,1200,stop,2026-04-10,12:49:00,,
BATTERSEA PARK LONDON - EPSOM DOWNS,P26181,1200,stop,2026-04-17,12:49:00,,
BATTERSEA PARK LONDON - EPSOM DOWNS,P26181,1200,stop,2026-04-14,12:49:00,,
EPSOM - NORWOOD JUNCTION,P25228,1245,stop,2026-04-13,12:49:00,,
EPSOM DOWNS - BATTERSEA PARK LONDON,P26199,1238,stop,2026-04-23,12:51:00,,
EPSOM DOWNS - BATTERSEA PARK LONDON,P26199,1238,stop,2026-04-13,12:51:00,,
EPSOM DOWNS - BATTERSEA PARK LONDON,P26200,1238,stop,2026-04-11,12:51:00,,
EPSOM DOWNS - BATTERSEA PARK LONDON,P26199,1238,stop,2026-04-10,12:51:00,,
EPSOM DOWNS - BATTERSEA PARK LONDON,P26198,1238,stop,2026-04-26,12:51:00,,
EPSOM DOWNS - BATTERSEA PARK LONDON,P26199,1238,stop,2026-04-03,12:51:00,,
EPSOM DOWNS - BATTERSEA PARK LONDON,P26199,1238,stop,2026-04-27,12:51:00,,
EPSOM DOWNS - BATTERSEA PARK LONDON,P26198,1238,stop,2026-04-12,12:51:00,,
EPSOM DOWNS - BATTERSEA PARK LONDON,P26199,1238,stop,2026-04-01,12:51:00,,
EPSOM DOWNS - BATTERSEA PARK LONDON,P26199,1238,stop,2026-04-15,12:51:00,,
EPSOM DOWNS - BATTERSEA PARK LONDON,X00784,1238,stop,2026-04-06,12:51:00,,
EPSOM DOWNS - BATTERSEA PARK LONDON,P26199,1238,stop,2026-04-06,12:51:00,,
EPSOM DOWNS - BATTERSEA PARK LONDON,P26199,1238,stop,2026-04-22,12:51:00,,
EPSOM DOWNS - BATTERSEA PARK LONDON,P26199,1238,stop,2026-04-17,12:51:00,,
EPSOM DOWNS - BATTERSEA PARK LONDON,P26199,1238,stop,2026-04-07,12:51:00,,
EPSOM DOWNS - STREATHAM HILL,P26198,1238,stop,2026-04-19,12:51:00,,
DORKING - EARLSFIELD,P61034,1232,stop,2026-04-01,12:52:00,,
DORKING - EARLSFIELD,P61034,1232,stop,2026-04-27,12:52:00,,
DORKING - EARLSFIELD,P61034,1232,stop,2026-04-29,12:52:00,,
DORKING - EARLSFIELD,P61034,1232,stop,2026-04-08,12:52:00,,
EPSOM DOWNS - STREATHAM HILL,P26200,1238,stop,2026-04-18,12:51:00,,
EPSOM DOWNS - BATTERSEA PARK LONDON,P26199,1238,stop,2026-04-16,12:51:00,,
EPSOM DOWNS - BATTERSEA PARK LONDON,X96408,1238,stop,2026-04-03,12:51:00,,
EPSOM DOWNS - BATTERSEA PARK LONDON,P26199,1238,stop,2026-04-14,12:51:00,,
EPSOM DOWNS - BATTERSEA PARK LONDON,P26199,1238,stop,2026-04-29,12:51:00,,
EPSOM DOWNS - BATTERSEA PARK LONDON,P26200,1238,stop,2026-04-25,12:51:00,,
EPSOM DOWNS - BATTERSEA PARK LONDON,P26199,1238,stop,2026-04-21,12:51:00,,
EPSOM DOWNS - BATTERSEA PARK LONDON,P26199,1238,stop,2026-04-24,12:51:00,,
DORKING - EARLSFIELD,P61034,1232,stop,2026-04-17,12:52:00,,
DORKING - EARLSFIELD,P61034,1232,stop,2026-04-07,12:52:00,,
DORKING - EARLSFIELD,P61034,1232,stop,2026-04-10,12:52:00,,
DORKING - EARLSFIELD,P61035,1232,stop,2026-04-25,12:52:00,,
DORKING - EARLSFIELD,P61034,1232,stop,2026-04-09,12:52:00,,
DORKING - EARLSFIELD,P61034,1232,stop,2026-04-14,12:52:00,,
DORKING - EARLSFIELD,P61034,1232,stop,2026-04-23,12:52:00,,
DORKING - EARLSFIELD,P61034,1232,stop,2026-04-16,12:52:00,,
DORKING - EARLSFIELD,P61034,1232,stop,2026-04-28,12:52:00,,
DORKING - EARLSFIELD,P61034,1232,stop,2026-04-15,12:52:00,,
DORKING - EARLSFIELD,P61034,1232,stop,2026-04-02,12:52:00,,
DORKING - EARLSFIELD,P61034,1232,stop,2026-04-20,12:52:00,,
DORKING - EARLSFIELD,P61035,1232,stop,2026-04-18,12:52:00,,
DORKING - EARLSFIELD,P61034,1232,stop,2026-04-24,12:52:00,,
DORKING - EARLSFIELD,P61034,1232,stop,2026-04-13,12:52:00,,
DORKING - EARLSFIELD,P61034,1232,stop,2026-04-06,12:52:00,,
DORKING - EARLSFIELD,P61034,1232,stop,2026-04-30,12:52:00,,
DORKING - EARLSFIELD,P61034,1232,stop,2026-04-22,12:52:00,,
DORKING - EARLSFIELD,Q50468,1232,stop,2026-04-06,12:52:00,,
DORKING - EARLSFIELD,Q38663,1232,stop,2026-04-03,12:52:00,,
DORKING - EARLSFIELD,P61034,1232,stop,2026-04-21,12:52:00,,
DORKING - EARLSFIELD,P61035,1232,stop,2026-04-04,12:52:00,,
DORKING - EARLSFIELD,P61034,1232,stop,2026-04-03,12:52:00,,
DORKING - EARLSFIELD,P61035,1232,stop,2026-04-11,12:52:00,,
EARLSFIELD - DORKING,P61025,1223,stop,2026-04-17,12:54:00,,
EARLSFIELD - DORKING,P61025,1223,stop,2026-04-29,12:54:00,,
EARLSFIELD - DORKING,P61025,1223,stop,2026-04-20,12:54:00,,
EARLSFIELD - DORKING,P61025,1223,stop,2026-04-10,12:54:00,,
EARLSFIELD - DORKING,P61026,1223,stop,2026-04-25,12:54:00,,
EARLSFIELD - DORKING,P61025,1223,stop,2026-04-07,12:54:00,,
EARLSFIELD - DORKING,P61026,1223,stop,2026-04-04,12:54:00,,
EARLSFIELD - DORKING,P61025,1223,stop,2026-04-03,12:54:00,,
EARLSFIELD - DORKING,P61025,1223,stop,2026-04-21,12:54:00,,
EARLSFIELD - DORKING,P61025,1223,stop,2026-04-14,12:54:00,,
EARLSFIELD - DORKING,P61025,1223,stop,2026-04-13,12:54:00,,
EARLSFIELD - DORKING,P61025,1223,stop,2026-04-24,12:54:00,,
EARLSFIELD - DORKING,P61025,1223,stop,2026-04-22,12:54:00,,
EARLSFIELD - DORKING,P61025,1223,stop,2026-04-16,12:54:00,,
MITCHAM EASTFIELDS - DORKING (2),P26647,1220,stop,2026-04-18,12:53:00,,
SUTTON (SURREY) - DORKING,X04925,1255,stop,2026-04-12,12:55:00,,
EARLSFIELD - DORKING,P61026,1223,stop,2026-04-11,12:54:00,,
EARLSFIELD - DORKING,P61025,1223,stop,2026-04-27,12:54:00,,
EARLSFIELD - DORKING,P61025,1223,stop,2026-04-02,12:54:00,,
EARLSFIELD - DORKING,P61025,1223,stop,2026-04-30,12:54:00,,
EARLSFIELD - DORKING,P61025,1223,stop,2026-04-08,12:54:00,,
EARLSFIELD - DORKING,P61025,1223,stop,2026-04-06,12:54:00,,
EARLSFIELD - DORKING,Q50491,1223,stop,2026-04-06,12:54:00,,
EARLSFIELD - DORKING,P61025,1223,stop,2026-04-09,12:54:00,,
EARLSFIELD - DORKING,Q38672,1223,stop,2026-04-03,12:54:00,,
EARLSFIELD - DORKING,P61025,1223,stop,2026-04-23,12:54:00,,
EARLSFIELD - DORKING,P61025,1223,stop,2026-04-28,12:54:00,,
EARLSFIELD - DORKING,P61025,1223,stop,2026-04-15,12:54:00,,
EARLSFIELD - DORKING,P61026,1223,stop,2026-04-18,12:54:00,,
EARLSFIELD - DORKING,P61025,1223,stop,2026-04-01,12:54:00,,
GUILDFORD - EARLSFIELD,L74254,1220,stop,2026-04-19,12:57:00,,
GUILDFORD - EARLSFIELD,L74254,1220,stop,2026-04-05,12:57:00,,
GUILDFORD - EARLSFIELD,L74254,1220,stop,2026-04-26,12:57:00,,
GUILDFORD - EARLSFIELD,L74254,1220,stop,2026-04-12,12:57:00,,
NORWOOD JUNCTION - EPSOM,P25226,1225,stop,2026-04-01,12:58:00,,
NORWOOD JUNCTION - EPSOM,P25226,1225,stop,2026-04-09,12:58:00,,
NORWOOD JUNCTION - EPSOM,P25226,1225,stop,2026-04-20,12:58:00,,
NORWOOD JUNCTION - EPSOM,P25226,1225,stop,2026-04-15,12:58:00,,
NORWOOD JUNCTION - EPSOM,P25227,1225,stop,2026-04-25,12:58:00,,
NORWOOD JUNCTION - EPSOM,P25226,1225,stop,2026-04-17,12:58:00,,
NORWOOD JUNCTION - EPSOM,P25226,1225,stop,2026-04-28,12:58:00,,
NORWOOD JUNCTION - EPSOM,P25226,1225,stop,2026-04-24,12:58:00,,
NORWOOD JUNCTION - EPSOM,P25227,1225,stop,2026-04-04,12:58:00,,
NORWOOD JUNCTION - EPSOM,P25226,1225,stop,2026-04-23,12:58:00,,
NORWOOD JUNCTION - EPSOM,P25226,1225,stop,2026-04-16,12:58:00,,
NORWOOD JUNCTION - EPSOM,P25226,1225,stop,2026-04-10,12:58:00,,
NORWOOD JUNCTION - EPSOM,P25226,1225,stop,2026-04-07,12:58:00,,
NORWOOD JUNCTION - EPSOM,P25226,1225,stop,2026-04-13,12:58:00,,
NORWOOD JUNCTION - EPSOM,P25226,1225,stop,2026-04-22,12:58:00,,
SUTTON (SURREY) - TULSE HILL,X27296,1257,stop,2026-04-05,12:57:00,,
NORWOOD JUNCTION - EPSOM,P25226,1225,stop,2026-04-08,13:01:00,,
NORWOOD JUNCTION - EPSOM,P25227,1225,stop,2026-04-11,12:58:00,,
NORWOOD JUNCTION - EPSOM,P25226,1225,stop,2026-04-21,12:58:00,,
NORWOOD JUNCTION - EPSOM,P25226,1225,stop,2026-04-29,12:58:00,,
NORWOOD JUNCTION - EPSOM,P25226,1225,stop,2026-04-30,12:58:00,,
EPSOM DOWNS - BATTERSEA PARK LONDON,P26198,1238,stop,2026-04-05,12:58:00,,
NORWOOD JUNCTION - EPSOM,P25226,1225,stop,2026-04-27,12:58:00,,
NORWOOD JUNCTION - EPSOM,P25226,1225,stop,2026-04-14,12:58:00,,
NORWOOD JUNCTION - EPSOM,P25226,1225,stop,2026-04-03,12:58:00,,
NORWOOD JUNCTION - EPSOM,X01399,1225,stop,2026-04-06,12:58:00,,
NORWOOD JUNCTION - EPSOM,P25226,1225,stop,2026-04-06,12:58:00,,
NORWOOD JUNCTION - EPSOM,P25226,1225,stop,2026-04-02,12:58:00,,
NORWOOD JUNCTION - EPSOM,P25227,1225,stop,2026-04-18,12:58:00,,
NORWOOD JUNCTION - EPSOM,X92717,1225,stop,2026-04-03,12:58:00,,
EARLSFIELD - GUILDFORD (2),P61599,1232,stop,2026-04-05,13:03:00,,
LUTON - WIMBLEDON,W59668,1122,stop,2026-04-05,13:01:00,,
EARLSFIELD - GUILDFORD (2),P61599,1232,stop,2026-04-26,13:04:00,,
EARLSFIELD - GUILDFORD (2),P61599,1232,stop,2026-04-12,13:04:00,,
EFFINGHAM JUNCTION - WORCESTER PARK,Q54772,1215,stop,2026-04-12,13:04:00,,
DORKING - MITCHAM EASTFIELDS,P26657,1242,stop,2026-04-19,13:05:00,,
DORKING - BALHAM (2),P26657,1242,stop,2026-04-26,13:05:00,,
EARLSFIELD - GUILDFORD (2),P61599,1232,stop,2026-04-19,13:04:00,,
HORSHAM - BALHAM,P26655,1214,stop,2026-04-17,13:06:00,,
HORSHAM - BALHAM,P26655,1214,stop,2026-04-09,13:06:00,,
HORSHAM - BALHAM,P26655,1214,stop,2026-04-10,13:06:00,,
HORSHAM - BALHAM,P26655,1214,stop,2026-04-22,13:06:00,,
HORSHAM - BALHAM,P26655,1214,stop,2026-04-13,13:06:00,,
HORSHAM - BALHAM,P26656,1214,stop,2026-04-04,13:06:00,,
HORSHAM - BALHAM,P26655,1214,stop,2026-04-20,13:06:00,,
HORSHAM - BALHAM,P26655,1214,stop,2026-04-06,13:06:00,,
HORSHAM - BALHAM,P26655,1214,stop,2026-04-15,13:06:00,,
HORSHAM - BALHAM,P26655,1214,stop,2026-04-01,13:06:00,,
HORSHAM - BALHAM,P26655,1214,stop,2026-04-23,13:06:00,,
HORSHAM - BALHAM,P26655,1214,stop,2026-04-03,13:06:00,,
HORSHAM - BALHAM,X96439,1214,stop,2026-04-03,13:06:00,,
HORSHAM - BALHAM,X00942,1214,stop,2026-04-06,13:06:00,,
HORSHAM - BALHAM,P26655,1214,stop,2026-04-07,13:06:00,,
DORKING - BALHAM (2),P26657,1242,stop,2026-04-12,13:05:00,,
ST ALBANS CITY - SUTTON (SURREY),G84907,1137,stop,2026-04-29,13:07:00,,
ST ALBANS CITY - SUTTON (SURREY),G84907,1137,stop,2026-04-01,13:07:00,,
ST ALBANS CITY - SUTTON (SURREY),G25242,1137,stop,2026-04-25,13:07:00,,
HORSHAM - BALHAM,P26655,1214,stop,2026-04-28,13:06:00,,
HORSHAM - BALHAM,P26655,1214,stop,2026-04-27,13:06:00,,
HORSHAM - BALHAM,P26655,1214,stop,2026-04-16,13:06:00,,
HORSHAM - BALHAM,P26656,1214,stop,2026-04-11,13:06:00,,
HORSHAM - BALHAM,P26655,1214,stop,2026-04-30,13:06:00,,
HORSHAM - BALHAM,P26655,1214,stop,2026-04-21,13:06:00,,
HORSHAM - BALHAM,P26655,1214,stop,2026-04-24,13:06:00,,
HORSHAM - BALHAM,P26655,1214,stop,2026-04-02,13:06:00,,
HORSHAM - MITCHAM EASTFIELDS,P26656,1220,stop,2026-04-18,13:06:00,,
HORSHAM - BALHAM,P26655,1214,stop,2026-04-08,13:06:00,,
HORSHAM - BALHAM,P26655,1214,stop,2026-04-14,13:06:00,,
HORSHAM - BALHAM,P26656,1214,stop,2026-04-25,13:06:00,,
HORSHAM - BALHAM,P26655,1214,stop,2026-04-29,13:06:00,,
ST ALBANS CITY - SUTTON (SURREY),G84907,1137,stop,2026-04-20,13:07:00,,
ST ALBANS CITY - SUTTON (SURREY),G25242,1137,stop,2026-04-18,13:07:00,,
ST ALBANS CITY - SUTTON (SURREY),G84907,1137,stop,2026-04-03,13:07:00,,
ST ALBANS CITY - SUTTON (SURREY),G84907,1137,stop,2026-04-09,13:07:00,,
ST ALBANS CITY - SUTTON (SURREY),G84907,1137,stop,2026-04-14,13:07:00,,
ST ALBANS CITY - SUTTON (SURREY),G84907,1137,stop,2026-04-16,13:07:00,,
ST ALBANS CITY - SUTTON (SURREY),G84907,1137,stop,2026-04-13,13:07:00,,
ST ALBANS CITY - SUTTON (SURREY),G84907,1137,stop,2026-04-21,13:07:00,,
ST ALBANS CITY - SUTTON (SURREY),G84907,1137,stop,2026-04-17,13:07:00,,
ST ALBANS CITY - SUTTON (SURREY),G84907,1137,stop,2026-04-23,13:07:00,,
ST ALBANS CITY - SUTTON (SURREY),G84907,1137,stop,2026-04-24,13:07:00,,
ST ALBANS CITY - SUTTON (SURREY),G25242,1137,stop,2026-04-11,13:07:00,,
LUTON - SUTTON (SURREY) (2),W59668,1122,stop,2026-04-26,13:07:00,,
LUTON - SUTTON (SURREY) (2),W59668,1122,stop,2026-04-12,13:07:00,,
ST ALBANS CITY - SUTTON (SURREY),G84907,1137,stop,2026-04-15,13:07:00,,
ST ALBANS CITY - SUTTON (SURREY),G84907,1137,stop,2026-04-02,13:07:00,,
DORKING - BALHAM (3),P26657,1246,stop,2026-04-05,13:08:00,,
ST ALBANS CITY - SUTTON (SURREY),G84907,1137,stop,2026-04-07,13:07:00,,
ST ALBANS CITY - SUTTON (SURREY),G25242,1137,stop,2026-04-04,13:07:00,,
WEST HAMPSTEAD THAMESLINK - SUTTON (SURREY) (2),W59668,1200,stop,2026-04-19,13:07:00,,
ST ALBANS CITY - SUTTON (SURREY),G84907,1137,stop,2026-04-28,13:07:00,,
ST ALBANS CITY - SUTTON (SURREY),G84907,1137,stop,2026-04-08,13:07:00,,
ST ALBANS CITY - SUTTON (SURREY),G84907,1137,stop,2026-04-10,13:07:00,,
ST ALBANS CITY - SUTTON (SURREY),G84907,1137,stop,2026-04-06,13:07:00,,
ST ALBANS CITY - SUTTON (SURREY),G84907,1137,stop,2026-04-27,13:07:00,,
ST ALBANS CITY - SUTTON (SURREY),G84907,1137,stop,2026-04-22,13:07:00,,
ST ALBANS CITY - SUTTON (SURREY),G84907,1137,stop,2026-04-30,13:07:00,,
BALHAM - DORKING (3),P26654,1238,stop,2026-04-26,13:10:00,,
MITCHAM EASTFIELDS - DORKING,P26654,1238,stop,2026-04-19,13:10:00,,
SUTTON (SURREY) - STREATHAM HILL,P27135,1310,stop,2026-04-18,13:10:00,,
SUTTON (SURREY) - BALHAM (2),P26657,1312,stop,2026-04-12,13:12:00,,
BALHAM - HORSHAM,X96405,1241,stop,2026-04-03,13:13:00,,
BALHAM - HORSHAM,P26652,1241,stop,2026-04-02,13:13:00,,
BALHAM - HORSHAM,P26652,1241,stop,2026-04-20,13:13:00,,
BALHAM - HORSHAM,X00941,1241,stop,2026-04-06,13:13:00,,
BALHAM - HORSHAM,P26652,1241,stop,2026-04-16,13:13:00,,
BALHAM - HORSHAM,P26652,1241,stop,2026-04-06,13:13:00,,
BALHAM - HORSHAM,P26652,1241,stop,2026-04-24,13:13:00,,
BALHAM - HORSHAM,P26652,1241,stop,2026-04-15,13:13:00,,
BALHAM - HORSHAM,P26652,1241,stop,2026-04-23,13:13:00,,
BALHAM - HORSHAM,P26653,1241,stop,2026-04-25,13:13:00,,
BALHAM - HORSHAM,P26652,1241,stop,2026-04-08,13:13:00,,
BALHAM - HORSHAM,P26652,1241,stop,2026-04-17,13:13:00,,
BALHAM - HORSHAM,P26652,1241,stop,2026-04-07,13:13:00,,
BALHAM - DORKING (3),P26654,1238,stop,2026-04-12,13:13:00,,
BALHAM - HORSHAM,P26652,1241,stop,2026-04-30,13:13:00,,
BALHAM - HORSHAM,P26652,1241,stop,2026-04-29,13:13:00,,
BALHAM - HORSHAM,P26652,1241,stop,2026-04-03,13:13:00,,
SUTTON (SURREY) - ST ALBANS CITY (3),G84912,1316,stop,2026-04-14,13:16:00,,
SUTTON (SURREY) - ST ALBANS CITY (3),G84912,1316,stop,2026-04-15,13:16:00,,
WIMBLEDON - LUTON,G83947,1303,stop,2026-04-05,13:15:00,,
BALHAM - DORKING (6),P26654,1238,stop,2026-04-05,13:14:00,,
BALHAM - HORSHAM,P26652,1241,stop,2026-04-22,13:13:00,,
BALHAM - HORSHAM,P26652,1241,stop,2026-04-10,13:13:00,,
BALHAM - HORSHAM,P26652,1241,stop,2026-04-01,13:13:00,,
BALHAM - HORSHAM,P26652,1241,stop,2026-04-28,13:13:00,,
BALHAM - HORSHAM,P26652,1241,stop,2026-04-13,13:13:00,,
BALHAM - HORSHAM,P26652,1241,stop,2026-04-21,13:13:00,,
BALHAM - HORSHAM,P26653,1241,stop,2026-04-11,13:13:00,,
BALHAM - HORSHAM,P26652,1241,stop,2026-04-14,13:13:00,,
BALHAM - HORSHAM,P26653,1241,stop,2026-04-04,13:13:00,,
BALHAM - HORSHAM,P26652,1241,stop,2026-04-09,13:13:00,,
BALHAM - HORSHAM,P26652,1241,stop,2026-04-27,13:13:00,,
SUTTON (SURREY) - ST ALBANS CITY (3),G84912,1316,stop,2026-04-27,13:16:00,,
SUTTON (SURREY) - ST ALBANS CITY (3),G84912,1316,stop,2026-04-23,13:16:00,,
SUTTON (SURREY) - ST ALBANS CITY (3),G84912,1316,stop,2026-04-16,13:16:00,,
SUTTON (SURREY) - ST ALBANS CITY (3),G84912,1316,stop,2026-04-28,13:16:00,,
SUTTON (SURREY) - ST ALBANS CITY (3),G84912,1316,stop,2026-04-30,13:16:00,,
SUTTON (SURREY) - ST ALBANS CITY (3),G84912,1316,stop,2026-04-10,13:16:00,,
SUTTON (SURREY) - ST ALBANS CITY (3),G84912,1316,stop,2026-04-01,13:16:00,,
SUTTON (SURREY) - ST ALBANS CITY (3),G84912,1316,stop,2026-04-02,13:16:00,,
SUTTON (SURREY) - ST ALBANS CITY (6),G84910,1316,stop,2026-04-12,13:16:00,,
SUTTON (SURREY) - ST ALBANS CITY (6),G84910,1316,stop,2026-04-19,13:16:00,,
SUTTON (SURREY) - ST ALBANS CITY (3),G84912,1316,stop,2026-04-08,13:16:00,,
SUTTON (SURREY) - ST ALBANS CITY (3),G25281,1316,stop,2026-04-11,13:16:00,,
SUTTON (SURREY) - ST ALBANS CITY (3),G84912,1316,stop,2026-04-09,13:16:00,,
SUTTON (SURREY) - ST ALBANS CITY (3),G84912,1316,stop,2026-04-29,13:16:00,,
SUTTON (SURREY) - ST ALBANS CITY (3),G25281,1316,stop,2026-04-25,13:16:00,,
SUTTON (SURREY) - ST ALBANS CITY (3),G84912,1316,stop,2026-04-20,13:16:00,,
SUTTON (SURREY) - ST ALBANS CITY (3),G84912,1316,stop,2026-04-21,13:16:00,,
SUTTON (SURREY) - ST ALBANS CITY (3),G84912,1316,stop,2026-04-24,13:16:00,,
SUTTON (SURREY) - ST ALBANS CITY (3),G84912,1316,stop,2026-04-13,13:16:00,,
SUTTON (SURREY) - ST ALBANS CITY (6),G84910,1316,stop,2026-04-05,13:16:00,,
SUTTON (SURREY) - ST ALBANS CITY (3),G84912,1316,stop,2026-04-17,13:16:00,,
SUTTON (SURREY) - ST ALBANS CITY (3),G25281,1316,stop,2026-04-18,13:16:00,,
SUTTON (SURREY) - ST ALBANS CITY (6),G84910,1316,stop,2026-04-26,13:16:00,,
SUTTON (SURREY) - ST ALBANS CITY (3),G84912,1316,stop,2026-04-07,13:16:00,,
STREATHAM HILL - EPSOM DOWNS,P26195,1243,stop,2026-04-18,13:19:00,,
WORCESTER PARK - DORKING,Q54896,1305,stop,2026-04-12,13:18:00,,
DORKING - SUTTON (SURREY),X04888,1233,stop,2026-04-12,13:17:00,,
SUTTON (SURREY) - ST ALBANS CITY (3),G25281,1316,stop,2026-04-04,13:16:00,,
SUTTON (SURREY) - ST ALBANS CITY (3),G84912,1316,stop,2026-04-22,13:16:00,,
SUTTON (SURREY) - ST ALBANS CITY (3),G84912,1316,stop,2026-04-06,13:16:00,,
SUTTON (SURREY) - ST ALBANS CITY (3),G84912,1316,stop,2026-04-03,13:16:00,,
STREATHAM HILL - EPSOM DOWNS,P26193,1244,stop,2026-04-19,13:19:00,,
EPSOM - NORWOOD JUNCTION,P25232,1315,stop,2026-04-22,13:19:00,,
BATTERSEA PARK LONDON - EPSOM DOWNS,P26195,1230,stop,2026-04-04,13:19:00,,
SUTTON (SURREY) - LUTON,G83947,1319,stop,2026-04-12,13:19:00,,
EPSOM - NORWOOD JUNCTION,P25232,1315,stop,2026-04-17,13:19:00,,
BATTERSEA PARK LONDON - EPSOM DOWNS,P26194,1230,stop,2026-04-22,13:19:00,,
BATTERSEA PARK LONDON - EPSOM DOWNS,P26194,1230,stop,2026-04-15,13:19:00,,
EPSOM - NORWOOD JUNCTION,P25232,1315,stop,2026-04-28,13:19:00,,
BATTERSEA PARK LONDON - EPSOM DOWNS,P26194,1230,stop,2026-04-08,13:19:00,,
BATTERSEA PARK LONDON - EPSOM DOWNS,P26193,1230,stop,2026-04-26,13:19:00,,
EPSOM - NORWOOD JUNCTION,P25232,1315,stop,2026-04-02,13:19:00,,
BATTERSEA PARK LONDON - EPSOM DOWNS,P26194,1230,stop,2026-04-09,13:19:00,,
EPSOM - NORWOOD JUNCTION,P25232,1315,stop,2026-04-06,13:19:00,,
BATTERSEA PARK LONDON - EPSOM DOWNS,P26194,1230,stop,2026-04-16,13:19:00,,
SUTTON (SURREY) - ST ALBANS CITY,G83948,1319,stop,2026-04-30,13:19:00,,
SUTTON (SURREY) - ST ALBANS CITY,G83948,1319,stop,2026-04-27,13:19:00,,
EPSOM - NORWOOD JUNCTION,P25233,1315,stop,2026-04-18,13:19:00,,
EPSOM - NORWOOD JUNCTION,P25232,1315,stop,2026-04-08,13:19:00,,
BATTERSEA PARK LONDON - EPSOM DOWNS,X96417,1230,stop,2026-04-03,13:19:00,,
BATTERSEA PARK LONDON - EPSOM DOWNS,P26194,1230,stop,2026-04-03,13:19:00,,
BATTERSEA PARK LONDON - EPSOM DOWNS,P26194,1230,stop,2026-04-13,13:19:00,,
EPSOM - NORWOOD JUNCTION,P25232,1315,stop,2026-04-07,13:19:00,,
SUTTON (SURREY) - ST ALBANS CITY,G25283,1319,stop,2026-04-04,13:19:00,,
SUTTON (SURREY) - ST ALBANS CITY,G83948,1319,stop,2026-04-20,13:19:00,,
SUTTON (SURREY) - ST ALBANS CITY,G83948,1319,stop,2026-04-13,13:19:00,,
EPSOM - NORWOOD JUNCTION,P25232,1315,stop,2026-04-24,13:19:00,,
SUTTON (SURREY) - ST ALBANS CITY,G83948,1319,stop,2026-04-23,13:19:00,,
SUTTON (SURREY) - ST ALBANS CITY,G83948,1319,stop,2026-04-15,13:19:00,,
BATTERSEA PARK LONDON - EPSOM DOWNS,P26194,1230,stop,2026-04-01,13:19:00,,
SUTTON (SURREY) - ST ALBANS CITY,G83948,1319,stop,2026-04-16,13:19:00,,
EPSOM - NORWOOD JUNCTION,P25232,1315,stop,2026-04-30,13:19:00,,
SUTTON (SURREY) - ST ALBANS CITY,G25283,1319,stop,2026-04-18,13:19:00,,
BATTERSEA PARK LONDON - EPSOM DOWNS,P26193,1230,stop,2026-04-12,13:19:00,,
EPSOM - NORWOOD JUNCTION,X01402,1315,stop,2026-04-06,13:19:00,,
EPSOM - NORWOOD JUNCTION,P25232,1315,stop,2026-04-16,13:19:00,,
EPSOM - NORWOOD JUNCTION,P25232,1315,stop,2026-04-01,13:19:00,,
EPSOM - NORWOOD JUNCTION,P25232,1315,stop,2026-04-03,13:19:00,,
SUTTON (SURREY) - ST ALBANS CITY,G83948,1319,stop,2026-04-21,13:19:00,,
EPSOM - NORWOOD JUNCTION,X96359,1315,stop,2026-04-03,13:19:00,,
BATTERSEA PARK LONDON - EPSOM DOWNS,P26194,1230,stop,2026-04-30,13:19:00,,
BATTERSEA PARK LONDON - EPSOM DOWNS,P26194,1230,stop,2026-04-21,13:19:00,,
BATTERSEA PARK LONDON - EPSOM DOWNS,P26194,1230,stop,2026-04-17,13:19:00,,
BATTERSEA PARK LONDON - EPSOM DOWNS,P26194,1230,stop,2026-04-10,13:19:00,,
BATTERSEA PARK LONDON - EPSOM DOWNS,P26194,1230,stop,2026-04-07,13:19:00,,
SUTTON (SURREY) - ST ALBANS CITY,G83948,1319,stop,2026-04-01,13:19:00,,
BATTERSEA PARK LONDON - EPSOM DOWNS,P26194,1230,stop,2026-04-20,13:19:00,,
EPSOM - NORWOOD JUNCTION,P25232,1315,stop,2026-04-29,13:19:00,,
SUTTON (SURREY) - ST ALBANS CITY,G83948,1319,stop,2026-04-17,13:19:00,,
BATTERSEA PARK LONDON - EPSOM DOWNS,P26194,1230,stop,2026-04-27,13:19:00,,
EPSOM - NORWOOD JUNCTION,P25232,1315,stop,2026-04-20,13:19:00,,
BATTERSEA PARK LONDON - EPSOM DOWNS,P26194,1230,stop,2026-04-23,13:19:00,,
BATTERSEA PARK LONDON - EPSOM DOWNS,P26194,1230,stop,2026-04-28,13:19:00,,
SUTTON (SURREY) - ST ALBANS CITY,G83948,1319,stop,2026-04-14,13:19:00,,
SUTTON (SURREY) - ST ALBANS CITY,G83948,1319,stop,2026-04-07,13:19:00,,
SUTTON (SURREY) - ST ALBANS CITY,G83948,1319,stop,2026-04-10,13:19:00,,
EPSOM - NORWOOD JUNCTION,P25232,1315,stop,2026-04-13,13:19:00,,
SUTTON (SURREY) - ST ALBANS CITY,G83948,1319,stop,2026-04-22,13:19:00,,
SUTTON (SURREY) - ST ALBANS CITY,G83948,1319,stop,2026-04-03,13:19:00,,
SUTTON (SURREY) - ST ALBANS CITY,G83948,1319,stop,2026-04-29,13:19:00,,
SUTTON (SURREY) - ST ALBANS CITY,G83948,1319,stop,2026-04-02,13:19:00,,
EPSOM - NORWOOD JUNCTION,P25232,1315,stop,2026-04-10,13:19:00,,
EPSOM - NORWOOD JUNCTION,P25233,1315,stop,2026-04-25,13:19:00,,
SUTTON (SURREY) - ST ALBANS CITY,G83948,1319,stop,2026-04-06,13:19:00,,
SUTTON (SURREY) - ST ALBANS CITY,G83948,1319,stop,2026-04-08,13:19:00,,
BATTERSEA PARK LONDON - EPSOM DOWNS,P26194,1230,stop,2026-04-02,13:19:00,,
BATTERSEA PARK LONDON - EPSOM DOWNS,P26194,1230,stop,2026-04-14,13:19:00,,
EPSOM - NORWOOD JUNCTION,P25232,1315,stop,2026-04-27,13:19:00,,
EPSOM - NORWOOD JUNCTION,P25232,1315,stop,2026-04-15,13:19:00,,
EPSOM - NORWOOD JUNCTION,P25232,1315,stop,2026-04-23,13:19:00,,
EPSOM - NORWOOD JUNCTION,P25232,1315,stop,2026-04-21,13:19:00,,
BATTERSEA PARK LONDON - EPSOM DOWNS,P26194,1230,stop,2026-04-24,13:19:00,,
SUTTON (SURREY) - ST ALBANS CITY,G83948,1319,stop,2026-04-09,13:19:00,,
EPSOM - NORWOOD JUNCTION,P25232,1315,stop,2026-04-14,13:19:00,,
SUTTON (SURREY) - LUTON,G83947,1319,stop,2026-04-26,13:19:00,,
EPSOM - NORWOOD JUNCTION,P25232,1315,stop,2026-04-09,13:19:00,,
EPSOM - NORWOOD JUNCTION,P25233,1315,stop,2026-04-04,13:19:00,,
BATTERSEA PARK LONDON - EPSOM DOWNS,P26195,1230,stop,2026-04-11,13:19:00,,
BATTERSEA PARK LONDON - EPSOM DOWNS,P26195,1230,stop,2026-04-25,13:19:00,,
BATTERSEA PARK LONDON - EPSOM DOWNS,P26194,1230,stop,2026-04-06,13:19:00,,
BATTERSEA PARK LONDON - EPSOM DOWNS,P26194,1230,stop,2026-04-29,13:19:00,,
BATTERSEA PARK LONDON - EPSOM DOWNS,X00783,1230,stop,2026-04-06,13:19:00,,
EPSOM - NORWOOD JUNCTION,P25233,1315,stop,2026-04-11,13:19:00,,
SUTTON (SURREY) - WEST HAMPSTEAD THAMESLINK,G83947,1319,stop,2026-04-19,13:19:00,,
SUTTON (SURREY) - ST ALBANS CITY,G83948,1319,stop,2026-04-28,13:19:00,,
SUTTON (SURREY) - ST ALBANS CITY,G25283,1319,stop,2026-04-25,13:19:00,,
SUTTON (SURREY) - ST ALBANS CITY,G25283,1319,stop,2026-04-11,13:19:00,,
EPSOM DOWNS - BATTERSEA PARK LONDON,P26206,1308,stop,2026-04-06,13:21:00,,
EPSOM DOWNS - BATTERSEA PARK LONDON,P26206,1308,stop,2026-04-15,13:21:00,,
EPSOM DOWNS - BATTERSEA PARK LONDON,P26206,1308,stop,2026-04-03,13:21:00,,
EPSOM DOWNS - BATTERSEA PARK LONDON,P26206,1308,stop,2026-04-02,13:21:00,,
EPSOM DOWNS - BATTERSEA PARK LONDON,X96369,1308,stop,2026-04-03,13:21:00,,
EPSOM DOWNS - BATTERSEA PARK LONDON,P26206,1308,stop,2026-04-24,13:21:00,,
EPSOM DOWNS - BATTERSEA PARK LONDON,P26206,1308,stop,2026-04-28,13:21:00,,
EPSOM DOWNS - BATTERSEA PARK LONDON,P26206,1308,stop,2026-04-27,13:21:00,,
EPSOM DOWNS - BATTERSEA PARK LONDON,P26206,1308,stop,2026-04-10,13:21:00,,
EPSOM DOWNS - BATTERSEA PARK LONDON,P26206,1308,stop,2026-04-14,13:21:00,,
EPSOM DOWNS - BATTERSEA PARK LONDON,P26206,1308,stop,2026-04-22,13:21:00,,
EPSOM DOWNS - BATTERSEA PARK LONDON,P26207,1308,stop,2026-04-04,13:21:00,,
EPSOM DOWNS - BATTERSEA PARK LONDON,P26207,1308,stop,2026-04-11,13:21:00,,
BATTERSEA PARK LONDON - EPSOM DOWNS,P26193,1230,stop,2026-04-05,13:20:00,,
SUTTON (SURREY) - ST ALBANS CITY,G83948,1319,stop,2026-04-24,13:19:00,,
EPSOM DOWNS - BATTERSEA PARK LONDON,P26206,1308,stop,2026-04-23,13:21:00,,
EPSOM DOWNS - BATTERSEA PARK LONDON,P26207,1308,stop,2026-04-25,13:21:00,,
EPSOM DOWNS - BATTERSEA PARK LONDON,P26206,1308,stop,2026-04-08,13:21:00,,
EPSOM DOWNS - BATTERSEA PARK LONDON,P26205,1308,stop,2026-04-26,13:21:00,,
EPSOM DOWNS - STREATHAM HILL,P26207,1308,stop,2026-04-18,13:21:00,,
EPSOM DOWNS - BATTERSEA PARK LONDON,P26206,1308,stop,2026-04-17,13:21:00,,
EPSOM DOWNS - BATTERSEA PARK LONDON,P26206,1308,stop,2026-04-13,13:21:00,,
EPSOM DOWNS - BATTERSEA PARK LONDON,P26206,1308,stop,2026-04-30,13:21:00,,
EPSOM DOWNS - BATTERSEA PARK LONDON,P26206,1308,stop,2026-04-21,13:21:00,,
EPSOM DOWNS - BATTERSEA PARK LONDON,P26206,1308,stop,2026-04-20,13:21:00,,
EPSOM DOWNS - BATTERSEA PARK LONDON,P26206,1308,stop,2026-04-01,13:21:00,,
EPSOM DOWNS - BATTERSEA PARK LONDON,P26205,1308,stop,2026-04-12,13:21:00,,
EPSOM DOWNS - BATTERSEA PARK LONDON,P26206,1308,stop,2026-04-07,13:21:00,,
EPSOM DOWNS - BATTERSEA PARK LONDON,P26206,1308,stop,2026-04-16,13:21:00,,
EPSOM DOWNS - STREATHAM HILL,P26205,1308,stop,2026-04-19,13:21:00,,
EPSOM DOWNS - BATTERSEA PARK LONDON,X00786,1308,stop,2026-04-06,13:21:00,,
GUILDFORD - EARLSFIELD,L74258,1245,stop,2026-04-27,13:22:00,,
GUILDFORD - EARLSFIELD,L74259,1245,stop,2026-04-11,13:22:00,,
GUILDFORD - EARLSFIELD,L74258,1245,stop,2026-04-15,13:22:00,,
GUILDFORD - EARLSFIELD,L74258,1245,stop,2026-04-29,13:22:00,,
GUILDFORD - EARLSFIELD,L74258,1245,stop,2026-04-13,13:22:00,,
GUILDFORD - EARLSFIELD,L74258,1245,stop,2026-04-02,13:22:00,,
GUILDFORD - EARLSFIELD,L74258,1245,stop,2026-04-01,13:22:00,,
GUILDFORD - EARLSFIELD,L74258,1245,stop,2026-04-16,13:22:00,,
EPSOM DOWNS - BATTERSEA PARK LONDON,P26206,1308,stop,2026-04-29,13:21:00,,
EPSOM DOWNS - BATTERSEA PARK LONDON,P26206,1308,stop,2026-04-09,13:21:00,,
GUILDFORD - EARLSFIELD,L74258,1245,stop,2026-04-09,13:22:00,,
GUILDFORD - EARLSFIELD,L74259,1245,stop,2026-04-04,13:22:00,,
GUILDFORD - EARLSFIELD,L74259,1245,stop,2026-04-18,13:22:00,,
GUILDFORD - EARLSFIELD,L74258,1245,stop,2026-04-30,13:22:00,,
GUILDFORD - EARLSFIELD,L74258,1245,stop,2026-04-10,13:22:00,,
GUILDFORD - EARLSFIELD,L74258,1245,stop,2026-04-14,13:22:00,,
GUILDFORD - EARLSFIELD,L74258,1245,stop,2026-04-07,13:22:00,,
GUILDFORD - EARLSFIELD,L74258,1245,stop,2026-04-24,13:22:00,,
GUILDFORD - EARLSFIELD,L74258,1245,stop,2026-04-23,13:22:00,,
GUILDFORD - EARLSFIELD,L74258,1245,stop,2026-04-03,13:22:00,,
GUILDFORD - EARLSFIELD,Q88880,1245,stop,2026-04-03,13:22:00,,
GUILDFORD - EARLSFIELD,L74258,1245,stop,2026-04-28,13:22:00,,
GUILDFORD - EARLSFIELD,L74258,1245,stop,2026-04-21,13:22:00,,
GUILDFORD - EARLSFIELD,L74258,1245,stop,2026-04-08,13:22:00,,
GUILDFORD - EARLSFIELD,Q50439,1245,stop,2026-04-06,13:22:00,,
GUILDFORD - EARLSFIELD,L74258,1245,stop,2026-04-06,13:22:00,,
GUILDFORD - EARLSFIELD,L74259,1245,stop,2026-04-25,13:22:00,,
EARLSFIELD - GUILDFORD (2),P61597,1253,stop,2026-04-03,13:24:00,,
EARLSFIELD - GUILDFORD (2),P61597,1253,stop,2026-04-21,13:24:00,,
EARLSFIELD - GUILDFORD (2),P61598,1253,stop,2026-04-25,13:24:00,,
EARLSFIELD - GUILDFORD (2),P61597,1253,stop,2026-04-02,13:24:00,,
MITCHAM EASTFIELDS - HORSHAM (2),P26653,1250,stop,2026-04-18,13:22:00,,
GUILDFORD - EARLSFIELD,L74258,1245,stop,2026-04-20,13:22:00,,
GUILDFORD - EARLSFIELD,L74258,1245,stop,2026-04-17,13:22:00,,
GUILDFORD - EARLSFIELD,L74258,1245,stop,2026-04-22,13:22:00,,
EARLSFIELD - GUILDFORD (2),P61597,1253,stop,2026-04-07,13:24:00,,
EARLSFIELD - GUILDFORD (2),P61597,1253,stop,2026-04-10,13:24:00,,
EARLSFIELD - GUILDFORD (2),P61597,1253,stop,2026-04-06,13:24:00,,
EARLSFIELD - GUILDFORD (2),P61597,1253,stop,2026-04-22,13:24:00,,
EARLSFIELD - GUILDFORD (2),Q50421,1253,stop,2026-04-06,13:24:00,,
EARLSFIELD - GUILDFORD (2),P61597,1253,stop,2026-04-14,13:24:00,,
EARLSFIELD - GUILDFORD (2),P61598,1253,stop,2026-04-18,13:24:00,,
EARLSFIELD - GUILDFORD (2),P61598,1253,stop,2026-04-11,13:24:00,,
EARLSFIELD - GUILDFORD (2),P61597,1253,stop,2026-04-13,13:24:00,,
EARLSFIELD - GUILDFORD (2),Q38647,1253,stop,2026-04-03,13:24:00,,
EARLSFIELD - GUILDFORD (2),P61597,1253,stop,2026-04-15,13:24:00,,
EARLSFIELD - GUILDFORD (2),P61597,1253,stop,2026-04-29,13:24:00,,
EARLSFIELD - GUILDFORD (2),P61597,1253,stop,2026-04-16,13:24:00,,
EARLSFIELD - GUILDFORD (2),P61597,1253,stop,2026-04-24,13:24:00,,
EARLSFIELD - GUILDFORD (2),P61598,1253,stop,2026-04-04,13:24:00,,
EARLSFIELD - GUILDFORD (2),P61597,1253,stop,2026-04-09,13:24:00,,
SUTTON (SURREY) - DORKING,X04924,1325,stop,2026-04-12,13:25:00,,
EARLSFIELD - GUILDFORD (2),P61597,1253,stop,2026-04-27,13:24:00,,
EARLSFIELD - GUILDFORD (2),P61597,1253,stop,2026-04-28,13:24:00,,
EARLSFIELD - GUILDFORD (2),P61597,1253,stop,2026-04-20,13:24:00,,
EARLSFIELD - GUILDFORD (2),P61597,1253,stop,2026-04-17,13:24:00,,
EARLSFIELD - GUILDFORD (2),P61597,1253,stop,2026-04-23,13:24:00,,
EARLSFIELD - GUILDFORD (2),P61597,1253,stop,2026-04-01,13:24:00,,
EARLSFIELD - GUILDFORD (2),P61597,1253,stop,2026-04-30,13:24:00,,
EARLSFIELD - GUILDFORD (2),P61597,1253,stop,2026-04-08,13:24:00,,
NORWOOD JUNCTION - EPSOM,P25230,1255,stop,2026-04-30,13:28:00,,
NORWOOD JUNCTION - EPSOM,P25230,1255,stop,2026-04-08,13:28:00,,
NORWOOD JUNCTION - EPSOM,P25230,1255,stop,2026-04-03,13:28:00,,
NORWOOD JUNCTION - EPSOM,X92928,1255,stop,2026-04-03,13:28:00,,
NORWOOD JUNCTION - EPSOM,P25230,1255,stop,2026-04-27,13:28:00,,
DORKING - EARLSFIELD,P61036,1307,stop,2026-04-05,13:27:00,,
DORKING - EARLSFIELD,P61036,1307,stop,2026-04-12,13:27:00,,
DORKING - EARLSFIELD,P61036,1307,stop,2026-04-26,13:27:00,,
SUTTON (SURREY) - TULSE HILL,X27295,1327,stop,2026-04-05,13:27:00,,
DORKING - EARLSFIELD,P61036,1307,stop,2026-04-19,13:27:00,,
NORWOOD JUNCTION - EPSOM,P25230,1255,stop,2026-04-21,13:28:00,,
NORWOOD JUNCTION - EPSOM,P25230,1255,stop,2026-04-06,13:28:00,,
NORWOOD JUNCTION - EPSOM,X01401,1255,stop,2026-04-06,13:28:00,,
NORWOOD JUNCTION - EPSOM,P25230,1255,stop,2026-04-15,13:28:00,,
NORWOOD JUNCTION - EPSOM,P25230,1255,stop,2026-04-14,13:28:00,,
NORWOOD JUNCTION - EPSOM,P25230,1255,stop,2026-04-20,13:28:00,,
NORWOOD JUNCTION - EPSOM,P25230,1255,stop,2026-04-17,13:28:00,,
NORWOOD JUNCTION - EPSOM,P25230,1255,stop,2026-04-23,13:28:00,,
NORWOOD JUNCTION - EPSOM,P25231,1255,stop,2026-04-25,13:28:00,,
NORWOOD JUNCTION - EPSOM,P25231,1255,stop,2026-04-11,13:28:00,,
NORWOOD JUNCTION - EPSOM,P25230,1255,stop,2026-04-07,13:28:00,,
NORWOOD JUNCTION - EPSOM,P25230,1255,stop,2026-04-01,13:28:00,,
NORWOOD JUNCTION - EPSOM,P25230,1255,stop,2026-04-29,13:28:00,,
NORWOOD JUNCTION - EPSOM,P25230,1255,stop,2026-04-02,13:28:00,,
NORWOOD JUNCTION - EPSOM,P25231,1255,stop,2026-04-18,13:28:00,,
NORWOOD JUNCTION - EPSOM,P25230,1255,stop,2026-04-22,13:31:00,,
NORWOOD JUNCTION - EPSOM,P25230,1255,stop,2026-04-28,13:31:00,,
NORWOOD JUNCTION - EPSOM,P25230,1255,stop,2026-04-09,13:31:00,,
NORWOOD JUNCTION - EPSOM,P25230,1255,stop,2026-04-16,13:28:00,,
NORWOOD JUNCTION - EPSOM,P25230,1255,stop,2026-04-10,13:28:00,,
NORWOOD JUNCTION - EPSOM,P25231,1255,stop,2026-04-04,13:28:00,,
NORWOOD JUNCTION - EPSOM,P25230,1255,stop,2026-04-24,13:28:00,,
NORWOOD JUNCTION - EPSOM,P25230,1255,stop,2026-04-13,13:28:00,,
EPSOM DOWNS - BATTERSEA PARK LONDON,P26205,1308,stop,2026-04-05,13:28:00,,
LUTON - WIMBLEDON,W59669,1152,stop,2026-04-05,13:31:00,,
EARLSFIELD - DORKING,P61033,1302,stop,2026-04-19,13:33:00,,
EARLSFIELD - DORKING,P61033,1302,stop,2026-04-05,13:33:00,,
EARLSFIELD - DORKING,P61033,1302,stop,2026-04-12,13:33:00,,
EARLSFIELD - DORKING,P61033,1302,stop,2026-04-26,13:33:00,,
ST ALBANS CITY - SUTTON (SURREY),G84913,1207,stop,2026-04-17,13:37:00,,
ST ALBANS CITY - SUTTON (SURREY),G84913,1207,stop,2026-04-02,13:37:00,,
ST ALBANS CITY - SUTTON (SURREY),G84913,1207,stop,2026-04-29,13:37:00,,
ST ALBANS CITY - SUTTON (SURREY),G84913,1207,stop,2026-04-13,13:37:00,,
LUTON - SUTTON (SURREY) (2),W59669,1152,stop,2026-04-12,13:37:00,,
DORKING - BALHAM (2),P26663,1312,stop,2026-04-26,13:35:00,,
DORKING - BALHAM (2),P26663,1312,stop,2026-04-12,13:35:00,,
DORKING - MITCHAM EASTFIELDS,P26663,1312,stop,2026-04-19,13:35:00,,
DORKING - WORCESTER PARK,Q54844,1250,stop,2026-04-12,13:34:00,,
ST ALBANS CITY - SUTTON (SURREY),G84913,1207,stop,2026-04-10,13:37:00,,
WEST HAMPSTEAD THAMESLINK - SUTTON (SURREY) (2),W59669,1230,stop,2026-04-19,13:37:00,,
ST ALBANS CITY - SUTTON (SURREY),G84913,1207,stop,2026-04-24,13:37:00,,
ST ALBANS CITY - SUTTON (SURREY),G84913,1207,stop,2026-04-03,13:37:00,,
LUTON - SUTTON (SURREY) (2),W59669,1152,stop,2026-04-26,13:37:00,,
ST ALBANS CITY - SUTTON (SURREY),G84913,1207,stop,2026-04-28,13:37:00,,
ST ALBANS CITY - SUTTON (SURREY),G25254,1207,stop,2026-04-25,13:37:00,,
ST ALBANS CITY - SUTTON (SURREY),G84913,1207,stop,2026-04-14,13:37:00,,
ST ALBANS CITY - SUTTON (SURREY),G84913,1207,stop,2026-04-16,13:37:00,,
ST ALBANS CITY - SUTTON (SURREY),G84913,1207,stop,2026-04-15,13:37:00,,
ST ALBANS CITY - SUTTON (SURREY),G25254,1207,stop,2026-04-04,13:37:00,,
ST ALBANS CITY - SUTTON (SURREY),G84913,1207,stop,2026-04-20,13:37:00,,
ST ALBANS CITY - SUTTON (SURREY),G84913,1207,stop,2026-04-07,13:37:00,,
ST ALBANS CITY - SUTTON (SURREY),G25254,1207,stop,2026-04-18,13:37:00,,
ST ALBANS CITY - SUTTON (SURREY),G25254,1207,stop,2026-04-11,13:37:00,,
ST ALBANS CITY - SUTTON (SURREY),G84913,1207,stop,2026-04-21,13:37:00,,
DORKING - BALHAM (3),P26662,1317,stop,2026-04-04,13:39:00,,
DORKING - BALHAM (3),P26661,1317,stop,2026-04-29,13:39:00,,
DORKING - BALHAM (3),P26663,1316,stop,2026-04-05,13:38:00,,
ST ALBANS CITY - SUTTON (SURREY),G84913,1207,stop,2026-04-08,13:37:00,,
ST ALBANS CITY - SUTTON (SURREY),G84913,1207,stop,2026-04-27,13:37:00,,
ST ALBANS CITY - SUTTON (SURREY),G84913,1207,stop,2026-04-09,13:37:00,,
ST ALBANS CITY - SUTTON (SURREY),G84913,1207,stop,2026-04-06,13:37:00,,
ST ALBANS CITY - SUTTON (SURREY),G84913,1207,stop,2026-04-30,13:37:00,,
DORKING - MITCHAM EASTFIELDS (2),P26662,1317,stop,2026-04-18,13:37:00,,
ST ALBANS CITY - SUTTON (SURREY),G84913,1207,stop,2026-04-01,13:37:00,,
ST ALBANS CITY - SUTTON (SURREY),G84913,1207,stop,2026-04-22,13:37:00,,
ST ALBANS CITY - SUTTON (SURREY),G84913,1207,stop,2026-04-23,13:37:00,,
DORKING - BALHAM (3),P26661,1317,stop,2026-04-06,13:39:00,,
DORKING - BALHAM (3),P26661,1317,stop,2026-04-22,13:39:00,,
DORKING - BALHAM (3),P26661,1317,stop,2026-04-16,13:39:00,,
DORKING - BALHAM (3),P26661,1317,stop,2026-04-09,13:39:00,,
DORKING - BALHAM (3),P26661,1317,stop,2026-04-15,13:39:00,,
DORKING - BALHAM (3),P26661,1317,stop,2026-04-30,13:39:00,,
DORKING - BALHAM (3),P26661,1317,stop,2026-04-20,13:39:00,,
DORKING - BALHAM (3),P26661,1317,stop,2026-04-17,13:39:00,,
DORKING - BALHAM (3),P26661,1317,stop,2026-04-07,13:39:00,,
DORKING - BALHAM (3),P26662,1317,stop,2026-04-25,13:39:00,,
DORKING - BALHAM (3),P26661,1317,stop,2026-04-02,13:39:00,,
DORKING - BALHAM (3),X00944,1317,stop,2026-04-06,13:39:00,,
DORKING - BALHAM (3),P26661,1317,stop,2026-04-13,13:39:00,,
DORKING - BALHAM (3),P26661,1317,stop,2026-04-24,13:39:00,,
DORKING - BALHAM (3),P26661,1317,stop,2026-04-14,13:39:00,,
DORKING - BALHAM (3),P26661,1317,stop,2026-04-08,13:39:00,,
DORKING - BALHAM (3),P26661,1317,stop,2026-04-27,13:42:00,,
SUTTON (SURREY) - STREATHAM HILL,P27139,1340,stop,2026-04-18,13:40:00,,
BALHAM - DORKING (3),P26660,1308,stop,2026-04-26,13:40:00,,
MITCHAM EASTFIELDS - DORKING,P26660,1308,stop,2026-04-19,13:40:00,,
DORKING - BALHAM (3),P26661,1317,stop,2026-04-21,13:39:00,,
DORKING - BALHAM (3),X96356,1317,stop,2026-04-03,13:39:00,,
DORKING - BALHAM (3),P26661,1317,stop,2026-04-10,13:39:00,,
DORKING - BALHAM (3),P26661,1317,stop,2026-04-03,13:39:00,,
DORKING - BALHAM (3),P26661,1317,stop,2026-04-23,13:39:00,,
DORKING - BALHAM (3),P26661,1317,stop,2026-04-28,13:39:00,,
DORKING - BALHAM (3),P26662,1317,stop,2026-04-11,13:39:00,,
DORKING - BALHAM (3),P26661,1317,stop,2026-04-01,13:39:00,,
BALHAM - DORKING,P26659,1311,stop,2026-04-11,13:43:00,,
BALHAM - DORKING,P26658,1311,stop,2026-04-20,13:43:00,,
BALHAM - DORKING (3),P26660,1308,stop,2026-04-12,13:43:00,,
SUTTON (SURREY) - BALHAM (2),P26663,1342,stop,2026-04-12,13:42:00,,
BALHAM - DORKING,P26658,1311,stop,2026-04-21,13:43:00,,
BALHAM - DORKING,P26658,1311,stop,2026-04-09,13:43:00,,
BALHAM - DORKING,P26659,1311,stop,2026-04-04,13:43:00,,
BALHAM - DORKING,P26658,1311,stop,2026-04-01,13:43:00,,
BALHAM - DORKING,P26658,1311,stop,2026-04-17,13:43:00,,
BALHAM - DORKING,P26658,1311,stop,2026-04-29,13:43:00,,
BALHAM - DORKING,P26658,1311,stop,2026-04-02,13:43:00,,
BALHAM - DORKING,P26658,1311,stop,2026-04-22,13:43:00,,
BALHAM - DORKING,P26658,1311,stop,2026-04-24,13:43:00,,
BALHAM - DORKING,P26658,1311,stop,2026-04-06,13:43:00,,
BALHAM - DORKING,P26658,1311,stop,2026-04-08,13:43:00,,
BALHAM - DORKING,P26658,1311,stop,2026-04-07,13:43:00,,
BALHAM - DORKING,X96366,1311,stop,2026-04-03,13:43:00,,
BALHAM - DORKING,P26658,1311,stop,2026-04-16,13:43:00,,
BALHAM - DORKING,P26658,1311,stop,2026-04-23,13:43:00,,
WIMBLEDON - LUTON,G83953,1333,stop,2026-04-05,13:45:00,,
BALHAM - DORKING (6),P26660,1308,stop,2026-04-05,13:44:00,,
BALHAM - DORKING,P26658,1311,stop,2026-04-27,13:43:00,,
BALHAM - DORKING,P26658,1311,stop,2026-04-15,13:43:00,,
BALHAM - DORKING,P26658,1311,stop,2026-04-10,13:43:00,,
BALHAM - DORKING,X00943,1311,stop,2026-04-06,13:43:00,,
BALHAM - DORKING,P26658,1311,stop,2026-04-28,13:43:00,,
BALHAM - DORKING,P26658,1311,stop,2026-04-30,13:43:00,,
BALHAM - DORKING,P26659,1311,stop,2026-04-25,13:43:00,,
BALHAM - DORKING,P26658,1311,stop,2026-04-13,13:43:00,,
BALHAM - DORKING,P26658,1311,stop,2026-04-14,13:43:00,,
BALHAM - DORKING,P26658,1311,stop,2026-04-03,13:43:00,,
SUTTON (SURREY) - ST ALBANS CITY (3),G84918,1346,stop,2026-04-28,13:46:00,,
SUTTON (SURREY) - ST ALBANS CITY (6),G84916,1346,stop,2026-04-05,13:46:00,,
SUTTON (SURREY) - ST ALBANS CITY (3),G84918,1346,stop,2026-04-16,13:46:00,,
SUTTON (SURREY) - ST ALBANS CITY (3),G84918,1346,stop,2026-04-14,13:46:00,,
SUTTON (SURREY) - ST ALBANS CITY (3),G84918,1346,stop,2026-04-15,13:46:00,,
SUTTON (SURREY) - ST ALBANS CITY (3),G84918,1346,stop,2026-04-07,13:46:00,,
SUTTON (SURREY) - ST ALBANS CITY (3),G84918,1346,stop,2026-04-13,13:46:00,,
SUTTON (SURREY) - ST ALBANS CITY (3),G84918,1346,stop,2026-04-22,13:46:00,,
SUTTON (SURREY) - ST ALBANS CITY (3),G84918,1346,stop,2026-04-17,13:46:00,,
SUTTON (SURREY) - ST ALBANS CITY (6),G84916,1346,stop,2026-04-12,13:46:00,,
SUTTON (SURREY) - ST ALBANS CITY (3),G84918,1346,stop,2026-04-21,13:46:00,,
SUTTON (SURREY) - ST ALBANS CITY (3),G84918,1346,stop,2026-04-23,13:46:00,,
SUTTON (SURREY) - ST ALBANS CITY (3),G84918,1346,stop,2026-04-30,13:46:00,,
SUTTON (SURREY) - ST ALBANS CITY (3),G84918,1346,stop,2026-04-27,13:46:00,,
SUTTON (SURREY) - ST ALBANS CITY (3),G84918,1346,stop,2026-04-02,13:46:00,,
SUTTON (SURREY) - ST ALBANS CITY (3),G84918,1346,stop,2026-04-06,13:46:00,,
SUTTON (SURREY) - ST ALBANS CITY (3),G84918,1346,stop,2026-04-29,13:46:00,,
SUTTON (SURREY) - ST ALBANS CITY (3),G84918,1346,stop,2026-04-08,13:46:00,,
SUTTON (SURREY) - ST ALBANS CITY (6),G84916,1346,stop,2026-04-19,13:46:00,,
SUTTON (SURREY) - ST ALBANS CITY (3),G84918,1346,stop,2026-04-20,13:46:00,,
SUTTON (SURREY) - ST ALBANS CITY (3),G84918,1346,stop,2026-04-01,13:46:00,,
SUTTON (SURREY) - ST ALBANS CITY (3),G84918,1346,stop,2026-04-09,13:46:00,,
SUTTON (SURREY) - ST ALBANS CITY (3),G25293,1346,stop,2026-04-11,13:46:00,,
EPSOM - NORWOOD JUNCTION,P25237,1345,stop,2026-04-25,13:49:00,,
EPSOM - NORWOOD JUNCTION,P25236,1345,stop,2026-04-20,13:49:00,,
EPSOM - NORWOOD JUNCTION,P25236,1345,stop,2026-04-10,13:49:00,,
WORCESTER PARK - EFFINGHAM JUNCTION,Q54807,1335,stop,2026-04-12,13:48:00,,
DORKING - SUTTON (SURREY),X04887,1303,stop,2026-04-12,13:47:00,,
SUTTON (SURREY) - ST ALBANS CITY (3),G25293,1347,stop,2026-04-18,13:47:00,,
SUTTON (SURREY) - ST ALBANS CITY (3),G25293,1346,stop,2026-04-25,13:46:00,,
SUTTON (SURREY) - ST ALBANS CITY (3),G84918,1346,stop,2026-04-03,13:46:00,,
SUTTON (SURREY) - ST ALBANS CITY (3),G84918,1346,stop,2026-04-24,13:46:00,,
SUTTON (SURREY) - ST ALBANS CITY (3),G84918,1346,stop,2026-04-10,13:46:00,,
SUTTON (SURREY) - ST ALBANS CITY (6),G84916,1346,stop,2026-04-26,13:46:00,,
SUTTON (SURREY) - ST ALBANS CITY (3),G25293,1346,stop,2026-04-04,13:46:00,,
STREATHAM HILL - EPSOM DOWNS,P26204,1313,stop,2026-04-18,13:49:00,,
EPSOM - NORWOOD JUNCTION,P25236,1345,stop,2026-04-03,13:49:00,,
EPSOM - NORWOOD JUNCTION,X96321,1345,stop,2026-04-03,13:49:00,,
BATTERSEA PARK LONDON - EPSOM DOWNS,P26203,1300,stop,2026-04-30,13:49:00,,
BATTERSEA PARK LONDON - EPSOM DOWNS,P26204,1300,stop,2026-04-11,13:49:00,,
BATTERSEA PARK LONDON - EPSOM DOWNS,P26203,1300,stop,2026-04-10,13:49:00,,
SUTTON (SURREY) - ST ALBANS CITY,G83954,1349,stop,2026-04-10,13:49:00,,
SUTTON (SURREY) - ST ALBANS CITY,G83954,1349,stop,2026-04-03,13:49:00,,
BATTERSEA PARK LONDON - EPSOM DOWNS,P26203,1300,stop,2026-04-14,13:49:00,,
SUTTON (SURREY) - ST ALBANS CITY,G83954,1349,stop,2026-04-28,13:49:00,,
EPSOM - NORWOOD JUNCTION,P25237,1345,stop,2026-04-11,13:49:00,,
SUTTON (SURREY) - ST ALBANS CITY,G83954,1349,stop,2026-04-08,13:49:00,,
BATTERSEA PARK LONDON - EPSOM DOWNS,P26203,1300,stop,2026-04-29,13:49:00,,
EPSOM - NORWOOD JUNCTION,P25236,1345,stop,2026-04-29,13:49:00,,
SUTTON (SURREY) - ST ALBANS CITY,G83954,1349,stop,2026-04-07,13:49:00,,
SUTTON (SURREY) - ST ALBANS CITY,G83954,1349,stop,2026-04-02,13:49:00,,
EPSOM - NORWOOD JUNCTION,P25236,1345,stop,2026-04-01,13:49:00,,
SUTTON (SURREY) - ST ALBANS CITY,G83954,1349,stop,2026-04-20,13:49:00,,
EPSOM - NORWOOD JUNCTION,P25236,1345,stop,2026-04-30,13:49:00,,
BATTERSEA PARK LONDON - EPSOM DOWNS,P26203,1300,stop,2026-04-01,13:49:00,,
EPSOM - NORWOOD JUNCTION,P25237,1345,stop,2026-04-04,13:49:00,,
SUTTON (SURREY) - ST ALBANS CITY,G25295,1349,stop,2026-04-04,13:49:00,,
BATTERSEA PARK LONDON - EPSOM DOWNS,P26203,1300,stop,2026-04-02,13:49:00,,
BATTERSEA PARK LONDON - EPSOM DOWNS,P26203,1300,stop,2026-04-24,13:49:00,,
EPSOM - NORWOOD JUNCTION,P25236,1345,stop,2026-04-27,13:49:00,,
EPSOM - NORWOOD JUNCTION,P25236,1345,stop,2026-04-23,13:49:00,,
SUTTON (SURREY) - ST ALBANS CITY,G83954,1349,stop,2026-04-09,13:49:00,,
SUTTON (SURREY) - ST ALBANS CITY,G83954,1349,stop,2026-04-06,13:49:00,,
SUTTON (SURREY) - ST ALBANS CITY,G25295,1349,stop,2026-04-11,13:49:00,,
SUTTON (SURREY) - ST ALBANS CITY,G83954,1349,stop,2026-04-14,13:49:00,,
SUTTON (SURREY) - ST ALBANS CITY,G25295,1349,stop,2026-04-25,13:49:00,,
SUTTON (SURREY) - ST ALBANS CITY,G83954,1349,stop,2026-04-29,13:49:00,,
EPSOM - NORWOOD JUNCTION,P25236,1345,stop,2026-04-15,13:49:00,,
BATTERSEA PARK LONDON - EPSOM DOWNS,P26203,1300,stop,2026-04-03,13:49:00,,
EPSOM - NORWOOD JUNCTION,P25236,1345,stop,2026-04-02,13:49:00,,
BATTERSEA PARK LONDON - EPSOM DOWNS,P26202,1300,stop,2026-04-26,13:49:00,,
BATTERSEA PARK LONDON - EPSOM DOWNS,P26203,1300,stop,2026-04-08,13:49:00,,
BATTERSEA PARK LONDON - EPSOM DOWNS,P26203,1300,stop,2026-04-09,13:49:00,,
BATTERSEA PARK LONDON - EPSOM DOWNS,P26203,1300,stop,2026-04-27,13:49:00,,
EPSOM - NORWOOD JUNCTION,P25237,1345,stop,2026-04-18,13:49:00,,
SUTTON (SURREY) - ST ALBANS CITY,G25295,1349,stop,2026-04-18,13:49:00,,
EPSOM - NORWOOD JUNCTION,X01404,1345,stop,2026-04-06,13:49:00,,
EPSOM - NORWOOD JUNCTION,P25236,1345,stop,2026-04-14,13:49:00,,
EPSOM - NORWOOD JUNCTION,P25236,1345,stop,2026-04-21,13:49:00,,
EPSOM - NORWOOD JUNCTION,P25236,1345,stop,2026-04-17,13:49:00,,
EPSOM - NORWOOD JUNCTION,P25236,1345,stop,2026-04-22,13:49:00,,
BATTERSEA PARK LONDON - EPSOM DOWNS,P26203,1300,stop,2026-04-16,13:49:00,,
STREATHAM HILL - EPSOM DOWNS,P26202,1313,stop,2026-04-19,13:49:00,,
SUTTON (SURREY) - ST ALBANS CITY,G83954,1349,stop,2026-04-15,13:49:00,,
BATTERSEA PARK LONDON - EPSOM DOWNS,P26203,1300,stop,2026-04-21,13:49:00,,
SUTTON (SURREY) - ST ALBANS CITY,G83954,1349,stop,2026-04-01,13:49:00,,
SUTTON (SURREY) - ST ALBANS CITY,G83954,1349,stop,2026-04-27,13:49:00,,
BATTERSEA PARK LONDON - EPSOM DOWNS,X00785,1300,stop,2026-04-06,13:49:00,,
EPSOM - NORWOOD JUNCTION,P25236,1345,stop,2026-04-16,13:49:00,,
BATTERSEA PARK LONDON - EPSOM DOWNS,P26203,1300,stop,2026-04-28,13:49:00,,
EPSOM - NORWOOD JUNCTION,P25236,1345,stop,2026-04-07,13:49:00,,
BATTERSEA PARK LONDON - EPSOM DOWNS,P26203,1300,stop,2026-04-13,13:49:00,,
EPSOM - NORWOOD JUNCTION,P25236,1345,stop,2026-04-08,13:49:00,,
EPSOM - NORWOOD JUNCTION,P25236,1345,stop,2026-04-06,13:49:00,,
BATTERSEA PARK LONDON - EPSOM DOWNS,P26202,1300,stop,2026-04-12,13:49:00,,
EPSOM - NORWOOD JUNCTION,P25236,1345,stop,2026-04-28,13:49:00,,
BATTERSEA PARK LONDON - EPSOM DOWNS,X96378,1300,stop,2026-04-03,13:49:00,,
SUTTON (SURREY) - WEST HAMPSTEAD THAMESLINK,G83953,1349,stop,2026-04-19,13:49:00,,
BATTERSEA PARK LONDON - EPSOM DOWNS,P26203,1300,stop,2026-04-06,13:49:00,,
BATTERSEA PARK LONDON - EPSOM DOWNS,P26203,1300,stop,2026-04-15,13:49:00,,
SUTTON (SURREY) - ST ALBANS CITY,G83954,1349,stop,2026-04-24,13:49:00,,
BATTERSEA PARK LONDON - EPSOM DOWNS,P26203,1300,stop,2026-04-17,13:49:00,,
BATTERSEA PARK LONDON - EPSOM DOWNS,P26202,1300,stop,2026-04-05,13:49:00,,
BATTERSEA PARK LONDON - EPSOM DOWNS,P26203,1300,stop,2026-04-07,13:49:00,,
SUTTON (SURREY) - ST ALBANS CITY,G83954,1349,stop,2026-04-22,13:49:00,,
BATTERSEA PARK LONDON - EPSOM DOWNS,P26203,1300,stop,2026-04-22,13:49:00,,
BATTERSEA PARK LONDON - EPSOM DOWNS,P26204,1300,stop,2026-04-04,13:49:00,,
BATTERSEA PARK LONDON - EPSOM DOWNS,P26203,1300,stop,2026-04-20,13:49:00,,
BATTERSEA PARK LONDON - EPSOM DOWNS,P26203,1300,stop,2026-04-23,13:49:00,,
EPSOM - NORWOOD JUNCTION,P25236,1345,stop,2026-04-13,13:49:00,,
SUTTON (SURREY) - ST ALBANS CITY,G83954,1349,stop,2026-04-23,13:49:00,,
EPSOM - NORWOOD JUNCTION,P25236,1345,stop,2026-04-09,13:49:00,,
SUTTON (SURREY) - ST ALBANS CITY,G83954,1349,stop,2026-04-13,13:49:00,,
SUTTON (SURREY) - ST ALBANS CITY,G83954,1349,stop,2026-04-17,13:49:00,,
EPSOM - NORWOOD JUNCTION,P25236,1345,stop,2026-04-24,13:49:00,,
EPSOM DOWNS - BATTERSEA PARK LONDON,P26214,1338,stop,2026-04-04,13:51:00,,
EPSOM DOWNS - BATTERSEA PARK LONDON,P26213,1338,stop,2026-04-23,13:51:00,,
EPSOM DOWNS - BATTERSEA PARK LONDON,P26214,1338,stop,2026-04-25,13:51:00,,
EPSOM DOWNS - BATTERSEA PARK LONDON,P26213,1338,stop,2026-04-14,13:51:00,,
EPSOM DOWNS - BATTERSEA PARK LONDON,P26213,1338,stop,2026-04-27,13:51:00,,
EPSOM DOWNS - BATTERSEA PARK LONDON,P26213,1338,stop,2026-04-03,13:51:00,,
EPSOM DOWNS - BATTERSEA PARK LONDON,X96331,1338,stop,2026-04-03,13:51:00,,
EPSOM DOWNS - BATTERSEA PARK LONDON,P26212,1338,stop,2026-04-12,13:51:00,,
EPSOM DOWNS - BATTERSEA PARK LONDON,P26213,1338,stop,2026-04-21,13:51:00,,
SUTTON (SURREY) - ST ALBANS CITY,G83954,1349,stop,2026-04-30,13:49:00,,
BATTERSEA PARK LONDON - EPSOM DOWNS,P26204,1300,stop,2026-04-25,13:49:00,,
SUTTON (SURREY) - ST ALBANS CITY,G83954,1349,stop,2026-04-21,13:49:00,,
SUTTON (SURREY) - LUTON,G83953,1349,stop,2026-04-26,13:49:00,,
SUTTON (SURREY) - LUTON,G83953,1349,stop,2026-04-12,13:49:00,,
SUTTON (SURREY) - ST ALBANS CITY,G83954,1349,stop,2026-04-16,13:49:00,,
EPSOM DOWNS - BATTERSEA PARK LONDON,P26213,1338,stop,2026-04-07,13:51:00,,
EPSOM DOWNS - BATTERSEA PARK LONDON,P26213,1338,stop,2026-04-20,13:51:00,,
EPSOM DOWNS - BATTERSEA PARK LONDON,P26213,1338,stop,2026-04-10,13:51:00,,
EPSOM DOWNS - BATTERSEA PARK LONDON,P26213,1338,stop,2026-04-22,13:51:00,,
EPSOM DOWNS - BATTERSEA PARK LONDON,P26213,1338,stop,2026-04-06,13:51:00,,
EPSOM DOWNS - BATTERSEA PARK LONDON,P26213,1338,stop,2026-04-17,13:51:00,,
EPSOM DOWNS - BATTERSEA PARK LONDON,P26213,1338,stop,2026-04-16,13:51:00,,
EPSOM DOWNS - BATTERSEA PARK LONDON,P26213,1338,stop,2026-04-15,13:51:00,,
EPSOM DOWNS - STREATHAM HILL,P26212,1338,stop,2026-04-19,13:51:00,,
EPSOM DOWNS - BATTERSEA PARK LONDON,P26213,1338,stop,2026-04-01,13:51:00,,
EPSOM DOWNS - BATTERSEA PARK LONDON,X00788,1338,stop,2026-04-06,13:51:00,,
EPSOM DOWNS - BATTERSEA PARK LONDON,P26213,1338,stop,2026-04-28,13:51:00,,
EPSOM DOWNS - BATTERSEA PARK LONDON,P26212,1338,stop,2026-04-26,13:51:00,,
EPSOM DOWNS - BATTERSEA PARK LONDON,P26213,1338,stop,2026-04-09,13:51:00,,
EPSOM DOWNS - BATTERSEA PARK LONDON,P26213,1338,stop,2026-04-29,13:51:00,,
EPSOM DOWNS - BATTERSEA PARK LONDON,P26213,1338,stop,2026-04-08,13:51:00,,
DORKING - EARLSFIELD,P61040,1332,stop,2026-04-16,13:52:00,,
DORKING - EARLSFIELD,P61040,1332,stop,2026-04-03,13:52:00,,
DORKING - EARLSFIELD,P61040,1332,stop,2026-04-27,13:52:00,,
DORKING - EARLSFIELD,P61040,1332,stop,2026-04-22,13:52:00,,
EPSOM DOWNS - BATTERSEA PARK LONDON,P26213,1338,stop,2026-04-13,13:51:00,,
EPSOM DOWNS - BATTERSEA PARK LONDON,P26213,1338,stop,2026-04-02,13:51:00,,
EPSOM DOWNS - BATTERSEA PARK LONDON,P26214,1338,stop,2026-04-11,13:51:00,,
EPSOM DOWNS - BATTERSEA PARK LONDON,P26213,1338,stop,2026-04-24,13:51:00,,
EPSOM DOWNS - BATTERSEA PARK LONDON,P26213,1338,stop,2026-04-30,13:51:00,,
EPSOM DOWNS - STREATHAM HILL,P26214,1338,stop,2026-04-18,13:51:00,,
DORKING - EARLSFIELD,P61040,1332,stop,2026-04-29,13:52:00,,
DORKING - EARLSFIELD,P61040,1332,stop,2026-04-01,13:52:00,,
DORKING - EARLSFIELD,P61040,1332,stop,2026-04-02,13:52:00,,
DORKING - EARLSFIELD,P61040,1332,stop,2026-04-06,13:52:00,,
DORKING - EARLSFIELD,P61041,1332,stop,2026-04-04,13:52:00,,
DORKING - EARLSFIELD,P61041,1332,stop,2026-04-18,13:52:00,,
DORKING - EARLSFIELD,P61041,1332,stop,2026-04-11,13:52:00,,
DORKING - EARLSFIELD,Q38617,1332,stop,2026-04-03,13:52:00,,
DORKING - EARLSFIELD,Q50344,1332,stop,2026-04-06,13:52:00,,
DORKING - EARLSFIELD,P61040,1332,stop,2026-04-23,13:52:00,,
DORKING - EARLSFIELD,P61040,1332,stop,2026-04-17,13:52:00,,
DORKING - EARLSFIELD,P61040,1332,stop,2026-04-09,13:52:00,,
DORKING - EARLSFIELD,P61040,1332,stop,2026-04-15,13:52:00,,
DORKING - EARLSFIELD,P61040,1332,stop,2026-04-13,13:52:00,,
DORKING - EARLSFIELD,P61040,1332,stop,2026-04-24,13:52:00,,
MITCHAM EASTFIELDS - DORKING (2),P26659,1320,stop,2026-04-18,13:53:00,,
DORKING - EARLSFIELD,P61040,1332,stop,2026-04-14,13:52:00,,
DORKING - EARLSFIELD,P61040,1332,stop,2026-04-21,13:52:00,,
DORKING - EARLSFIELD,P61040,1332,stop,2026-04-08,13:52:00,,
DORKING - EARLSFIELD,P61040,1332,stop,2026-04-28,13:52:00,,
DORKING - EARLSFIELD,P61040,1332,stop,2026-04-20,13:52:00,,
DORKING - EARLSFIELD,P61040,1332,stop,2026-04-30,13:52:00,,
DORKING - EARLSFIELD,P61040,1332,stop,2026-04-07,13:52:00,,
DORKING - EARLSFIELD,P61040,1332,stop,2026-04-10,13:52:00,,
DORKING - EARLSFIELD,P61041,1332,stop,2026-04-25,13:52:00,,
EARLSFIELD - DORKING,P61031,1323,stop,2026-04-20,13:54:00,,
EARLSFIELD - DORKING,P61031,1323,stop,2026-04-22,13:54:00,,
EARLSFIELD - DORKING,P61031,1323,stop,2026-04-07,13:54:00,,
EARLSFIELD - DORKING,P61031,1323,stop,2026-04-01,13:54:00,,
EARLSFIELD - DORKING,P61031,1323,stop,2026-04-21,13:54:00,,
EARLSFIELD - DORKING,P61031,1323,stop,2026-04-29,13:54:00,,
EARLSFIELD - DORKING,Q50366,1323,stop,2026-04-06,13:54:00,,
EARLSFIELD - DORKING,P61031,1323,stop,2026-04-24,13:54:00,,
EARLSFIELD - DORKING,P61031,1323,stop,2026-04-06,13:54:00,,
EARLSFIELD - DORKING,P61031,1323,stop,2026-04-28,13:54:00,,
EARLSFIELD - DORKING,P61031,1323,stop,2026-04-30,13:54:00,,
EARLSFIELD - DORKING,P61031,1323,stop,2026-04-23,13:54:00,,
EARLSFIELD - DORKING,P61032,1323,stop,2026-04-25,13:54:00,,
EARLSFIELD - DORKING,P61031,1323,stop,2026-04-09,13:54:00,,
EARLSFIELD - DORKING,P61031,1323,stop,2026-04-10,13:54:00,,
EARLSFIELD - DORKING,P61031,1323,stop,2026-04-27,13:54:00,,
SUTTON (SURREY) - DORKING,X04923,1355,stop,2026-04-12,13:55:00,,
EARLSFIELD - DORKING,P61032,1323,stop,2026-04-11,13:54:00,,
EARLSFIELD - DORKING,P61032,1323,stop,2026-04-04,13:54:00,,
EARLSFIELD - DORKING,P61031,1323,stop,2026-04-13,13:54:00,,
EARLSFIELD - DORKING,Q38626,1323,stop,2026-04-03,13:54:00,,
EARLSFIELD - DORKING,P61031,1323,stop,2026-04-03,13:54:00,,
EARLSFIELD - DORKING,P61031,1323,stop,2026-04-15,13:54:00,,
EARLSFIELD - DORKING,P61031,1323,stop,2026-04-17,13:54:00,,
EARLSFIELD - DORKING,P61031,1323,stop,2026-04-14,13:54:00,,
EARLSFIELD - DORKING,P61031,1323,stop,2026-04-16,13:54:00,,
EARLSFIELD - DORKING,P61032,1323,stop,2026-04-18,13:54:00,,
EARLSFIELD - DORKING,P61031,1323,stop,2026-04-08,13:54:00,,
EARLSFIELD - DORKING,P61031,1323,stop,2026-04-02,13:54:00,,
NORWOOD JUNCTION - EPSOM,P25234,1325,stop,2026-04-09,13:58:00,,
GUILDFORD - EARLSFIELD,L74260,1320,stop,2026-04-05,13:57:00,,
GUILDFORD - EARLSFIELD,L74260,1320,stop,2026-04-12,13:57:00,,
SUTTON (SURREY) - TULSE HILL,X27294,1357,stop,2026-04-05,13:57:00,,
GUILDFORD - EARLSFIELD,L74260,1320,stop,2026-04-26,13:57:00,,
GUILDFORD - EARLSFIELD,L74260,1320,stop,2026-04-19,13:57:00,,
NORWOOD JUNCTION - EPSOM,P25234,1325,stop,2026-04-23,13:58:00,,
NORWOOD JUNCTION - EPSOM,P25234,1325,stop,2026-04-07,13:58:00,,
EPSOM DOWNS - BATTERSEA PARK LONDON,P26212,1338,stop,2026-04-05,13:58:00,,
NORWOOD JUNCTION - EPSOM,P25235,1325,stop,2026-04-25,13:58:00,,
NORWOOD JUNCTION - EPSOM,P25234,1325,stop,2026-04-01,13:58:00,,
NORWOOD JUNCTION - EPSOM,X01403,1325,stop,2026-04-06,13:58:00,,
NORWOOD JUNCTION - EPSOM,P25234,1325,stop,2026-04-29,13:58:00,,
NORWOOD JUNCTION - EPSOM,X92891,1325,stop,2026-04-03,13:58:00,,
NORWOOD JUNCTION - EPSOM,P25234,1325,stop,2026-04-03,13:58:00,,
NORWOOD JUNCTION - EPSOM,P25234,1325,stop,2026-04-08,13:58:00,,
NORWOOD JUNCTION - EPSOM,P25235,1325,stop,2026-04-18,13:58:00,,
NORWOOD JUNCTION - EPSOM,P25234,1325,stop,2026-04-21,13:58:00,,
NORWOOD JUNCTION - EPSOM,P25234,1325,stop,2026-04-24,13:58:00,,
NORWOOD JUNCTION - EPSOM,P25234,1325,stop,2026-04-13,13:58:00,,
NORWOOD JUNCTION - EPSOM,P25235,1325,stop,2026-04-04,13:58:00,,
NORWOOD JUNCTION - EPSOM,P25234,1325,stop,2026-04-14,13:58:00,,
NORWOOD JUNCTION - EPSOM,P25234,1325,stop,2026-04-16,13:58:00,,
NORWOOD JUNCTION - EPSOM,P25234,1325,stop,2026-04-30,13:58:00,,
NORWOOD JUNCTION - EPSOM,P25234,1325,stop,2026-04-15,13:58:00,,
NORWOOD JUNCTION - EPSOM,P25234,1325,stop,2026-04-22,13:58:00,,
NORWOOD JUNCTION - EPSOM,P25234,1325,stop,2026-04-06,13:58:00,,
NORWOOD JUNCTION - EPSOM,P25234,1325,stop,2026-04-17,13:58:00,,
NORWOOD JUNCTION - EPSOM,P25234,1325,stop,2026-04-28,13:58:00,,
NORWOOD JUNCTION - EPSOM,P25235,1325,stop,2026-04-11,13:58:00,,
NORWOOD JUNCTION - EPSOM,P25234,1325,stop,2026-04-02,13:58:00,,
NORWOOD JUNCTION - EPSOM,P25234,1325,stop,2026-04-27,13:58:00,,
NORWOOD JUNCTION - EPSOM,P25234,1325,stop,2026-04-10,13:58:00,,
NORWOOD JUNCTION - EPSOM,P25234,1325,stop,2026-04-20,13:58:00,,
LUTON - WIMBLEDON,W59670,1222,stop,2026-04-05,14:01:00,,
EARLSFIELD - GUILDFORD (2),P61602,1332,stop,2026-04-12,14:03:00,,
EARLSFIELD - GUILDFORD (2),P61602,1332,stop,2026-04-05,14:03:00,,
EARLSFIELD - GUILDFORD (2),P61602,1332,stop,2026-04-19,14:03:00,,
EARLSFIELD - GUILDFORD (2),P61602,1332,stop,2026-04-26,14:03:00,,
EFFINGHAM JUNCTION - WORCESTER PARK,Q54770,1315,stop,2026-04-12,14:04:00,,
HORSHAM - BALHAM,P26667,1317,stop,2026-04-29,14:06:00,,
DORKING - BALHAM (2),P26669,1342,stop,2026-04-26,14:05:00,,
DORKING - BALHAM (2),P26669,1342,stop,2026-04-12,14:05:00,,
DORKING - MITCHAM EASTFIELDS,P26669,1342,stop,2026-04-19,14:05:00,,
HORSHAM - BALHAM,P26667,1317,stop,2026-04-20,14:06:00,,
HORSHAM - MITCHAM EASTFIELDS,P26668,1320,stop,2026-04-18,14:06:00,,
HORSHAM - BALHAM,P26668,1314,stop,2026-04-04,14:06:00,,
HORSHAM - BALHAM,P26668,1314,stop,2026-04-25,14:06:00,,
HORSHAM - BALHAM,P26667,1317,stop,2026-04-13,14:06:00,,
HORSHAM - BALHAM,P26667,1317,stop,2026-04-22,14:06:00,,
HORSHAM - BALHAM,P26667,1317,stop,2026-04-08,14:06:00,,
HORSHAM - BALHAM,X96361,1314,stop,2026-04-03,14:06:00,,
HORSHAM - BALHAM,P26667,1317,stop,2026-04-03,14:06:00,,
HORSHAM - BALHAM,P26667,1317,stop,2026-04-01,14:06:00,,
HORSHAM - BALHAM,P26667,1317,stop,2026-04-02,14:06:00,,
HORSHAM - BALHAM,P26667,1317,stop,2026-04-15,14:06:00,,
HORSHAM - BALHAM,P26667,1317,stop,2026-04-16,14:06:00,,
HORSHAM - BALHAM,P26668,1314,stop,2026-04-11,14:06:00,,
HORSHAM - BALHAM,P26667,1317,stop,2026-04-07,14:06:00,,
HORSHAM - BALHAM,P26667,1317,stop,2026-04-30,14:06:00,,
ST ALBANS CITY - SUTTON (SURREY),G84919,1237,stop,2026-04-15,14:07:00,,
ST ALBANS CITY - SUTTON (SURREY),G25266,1237,stop,2026-04-11,14:07:00,,
ST ALBANS CITY - SUTTON (SURREY),G84919,1237,stop,2026-04-22,14:07:00,,
ST ALBANS CITY - SUTTON (SURREY),G84919,1237,stop,2026-04-17,14:07:00,,
ST ALBANS CITY - SUTTON (SURREY),G84919,1237,stop,2026-04-23,14:07:00,,
HORSHAM - BALHAM,P26667,1317,stop,2026-04-09,14:06:00,,
HORSHAM - BALHAM,P26667,1317,stop,2026-04-24,14:06:00,,
HORSHAM - BALHAM,P26667,1317,stop,2026-04-28,14:06:00,,
HORSHAM - BALHAM,P26667,1317,stop,2026-04-17,14:06:00,,
HORSHAM - BALHAM,P26667,1317,stop,2026-04-21,14:06:00,,
HORSHAM - BALHAM,P26667,1317,stop,2026-04-23,14:06:00,,
HORSHAM - BALHAM,P26667,1317,stop,2026-04-10,14:06:00,,
HORSHAM - BALHAM,P26667,1317,stop,2026-04-06,14:06:00,,
HORSHAM - BALHAM,X00946,1314,stop,2026-04-06,14:06:00,,
HORSHAM - BALHAM,P26667,1317,stop,2026-04-27,14:06:00,,
HORSHAM - BALHAM,P26667,1317,stop,2026-04-14,14:06:00,,
ST ALBANS CITY - SUTTON (SURREY),G84919,1237,stop,2026-04-08,14:07:00,,
ST ALBANS CITY - SUTTON (SURREY),G84919,1237,stop,2026-04-10,14:07:00,,
ST ALBANS CITY - SUTTON (SURREY),G25266,1237,stop,2026-04-18,14:07:00,,
ST ALBANS CITY - SUTTON (SURREY),G84919,1237,stop,2026-04-14,14:07:00,,
ST ALBANS CITY - SUTTON (SURREY),G84919,1237,stop,2026-04-29,14:07:00,,
ST ALBANS CITY - SUTTON (SURREY),G84919,1237,stop,2026-04-28,14:07:00,,
ST ALBANS CITY - SUTTON (SURREY),G84919,1237,stop,2026-04-27,14:07:00,,
WEST HAMPSTEAD THAMESLINK - SUTTON (SURREY) (2),W59670,1300,stop,2026-04-19,14:07:00,,
ST ALBANS CITY - SUTTON (SURREY),G84919,1237,stop,2026-04-16,14:07:00,,
ST ALBANS CITY - SUTTON (SURREY),G84919,1237,stop,2026-04-06,14:07:00,,
ST ALBANS CITY - SUTTON (SURREY),G84919,1237,stop,2026-04-20,14:07:00,,
ST ALBANS CITY - SUTTON (SURREY),G84919,1237,stop,2026-04-07,14:07:00,,
ST ALBANS CITY - SUTTON (SURREY),G84919,1237,stop,2026-04-13,14:07:00,,
LUTON - SUTTON (SURREY) (2),W59670,1222,stop,2026-04-26,14:07:00,,
ST ALBANS CITY - SUTTON (SURREY),G84919,1237,stop,2026-04-09,14:07:00,,
ST ALBANS CITY - SUTTON (SURREY),G84919,1237,stop,2026-04-01,14:07:00,,
SUTTON (SURREY) - SELHURST  T&RS  MD  M&EE   NSC,W58488,1408,stop,2026-04-21,14:08:00,,
SUTTON (SURREY) - SELHURST  T&RS  MD  M&EE   NSC,W58488,1408,stop,2026-04-08,14:08:00,,
SUTTON (SURREY) - SELHURST  T&RS  MD  M&EE   NSC,W58488,1408,stop,2026-04-16,14:08:00,,
SUTTON (SURREY) - SELHURST  T&RS  MD  M&EE   NSC,W58488,1408,stop,2026-04-02,14:08:00,,
DORKING - BALHAM (3),P26669,1346,stop,2026-04-05,14:08:00,,
SUTTON (SURREY) - SELHURST  T&RS  MD  M&EE   NSC,W58488,1408,stop,2026-04-14,14:08:00,,
ST ALBANS CITY - SUTTON (SURREY),G84919,1237,stop,2026-04-21,14:07:00,,
ST ALBANS CITY - SUTTON (SURREY),G84919,1237,stop,2026-04-24,14:07:00,,
LUTON - SUTTON (SURREY) (2),W59670,1222,stop,2026-04-12,14:07:00,,
ST ALBANS CITY - SUTTON (SURREY),G84919,1237,stop,2026-04-30,14:07:00,,
ST ALBANS CITY - SUTTON (SURREY),G25266,1237,stop,2026-04-04,14:07:00,,
ST ALBANS CITY - SUTTON (SURREY),G84919,1237,stop,2026-04-02,14:07:00,,
ST ALBANS CITY - SUTTON (SURREY),G84919,1237,stop,2026-04-03,14:07:00,,
ST ALBANS CITY - SUTTON (SURREY),G25266,1237,stop,2026-04-25,14:07:00,,
SUTTON (SURREY) - SELHURST  T&RS  MD  M&EE   NSC,W58488,1408,stop,2026-04-01,14:08:00,,
SUTTON (SURREY) - SELHURST  T&RS  MD  M&EE   NSC,W58488,1408,stop,2026-04-20,14:08:00,,
SUTTON (SURREY) - SELHURST  T&RS  MD  M&EE   NSC,W58488,1408,stop,2026-04-23,14:08:00,,
SUTTON (SURREY) - SELHURST  T&RS  MD  M&EE   NSC,W58488,1408,stop,2026-04-28,14:08:00,,
SUTTON (SURREY) - SELHURST  T&RS  MD  M&EE   NSC,W58488,1408,stop,2026-04-27,14:08:00,,
SUTTON (SURREY) - SELHURST  T&RS  MD  M&EE   NSC,W58488,1408,stop,2026-04-13,14:08:00,,
SUTTON (SURREY) - SELHURST  T&RS  MD  M&EE   NSC,W58488,1408,stop,2026-04-09,14:08:00,,
SUTTON (SURREY) - SELHURST  T&RS  MD  M&EE   NSC,W58488,1408,stop,2026-04-17,14:08:00,,
SUTTON (SURREY) - SELHURST  T&RS  MD  M&EE   NSC,W58488,1408,stop,2026-04-30,14:08:00,,
SUTTON (SURREY) - SELHURST  T&RS  MD  M&EE   NSC,W58488,1408,stop,2026-04-07,14:08:00,,
SUTTON (SURREY) - SELHURST  T&RS  MD  M&EE   NSC,W58488,1408,stop,2026-04-06,14:08:00,,
SUTTON (SURREY) - SELHURST  T&RS  MD  M&EE   NSC,W58488,1408,stop,2026-04-22,14:08:00,,
SUTTON (SURREY) - SELHURST  T&RS  MD  M&EE   NSC,W58488,1408,stop,2026-04-29,14:08:00,,
SUTTON (SURREY) - SELHURST  T&RS  MD  M&EE   NSC,W58488,1408,stop,2026-04-10,14:08:00,,
SUTTON (SURREY) - SELHURST  T&RS  MD  M&EE   NSC,W58488,1408,stop,2026-04-03,14:08:00,,
SUTTON (SURREY) - SELHURST  T&RS  MD  M&EE   NSC,W58488,1408,stop,2026-04-24,14:08:00,,
SUTTON (SURREY) - SELHURST  T&RS  MD  M&EE   NSC,W58488,1408,stop,2026-04-15,14:08:00,,
MITCHAM EASTFIELDS - DORKING,P26666,1338,stop,2026-04-19,14:10:00,,
SUTTON (SURREY) - STREATHAM HILL,P27143,1410,stop,2026-04-18,14:10:00,,
BALHAM - DORKING (3),P26666,1338,stop,2026-04-26,14:10:00,,
BALHAM - HORSHAM,P26664,1341,stop,2026-04-03,14:13:00,,
BALHAM - HORSHAM,P26664,1341,stop,2026-04-21,14:13:00,,
BALHAM - HORSHAM,X96328,1341,stop,2026-04-03,14:13:00,,
BALHAM - HORSHAM,P26664,1341,stop,2026-04-30,14:13:00,,
BALHAM - HORSHAM,P26665,1341,stop,2026-04-25,14:13:00,,
BALHAM - HORSHAM,P26664,1341,stop,2026-04-27,14:13:00,,
BALHAM - HORSHAM,P26664,1341,stop,2026-04-14,14:13:00,,
BALHAM - HORSHAM,P26664,1341,stop,2026-04-23,14:13:00,,
BALHAM - HORSHAM,P26664,1341,stop,2026-04-02,14:13:00,,
BALHAM - HORSHAM,P26665,1341,stop,2026-04-04,14:13:00,,
BALHAM - HORSHAM,P26664,1341,stop,2026-04-15,14:13:00,,
BALHAM - HORSHAM,P26665,1341,stop,2026-04-11,14:13:00,,
SUTTON (SURREY) - BALHAM (2),P26669,1412,stop,2026-04-12,14:12:00,,
BALHAM - HORSHAM,P26664,1341,stop,2026-04-29,14:13:00,,
BALHAM - HORSHAM,P26664,1341,stop,2026-04-20,14:13:00,,
BALHAM - DORKING (3),P26666,1338,stop,2026-04-12,14:13:00,,
BALHAM - HORSHAM,P26664,1341,stop,2026-04-01,14:13:00,,
BALHAM - HORSHAM,X00945,1341,stop,2026-04-06,14:13:00,,
BALHAM - HORSHAM,P26664,1341,stop,2026-04-28,14:13:00,,
BALHAM - HORSHAM,P26664,1341,stop,2026-04-06,14:13:00,,
BALHAM - HORSHAM,P26664,1341,stop,2026-04-09,14:13:00,,
BALHAM - HORSHAM,P26664,1341,stop,2026-04-08,14:13:00,,
BALHAM - HORSHAM,P26664,1341,stop,2026-04-16,14:13:00,,
BALHAM - HORSHAM,P26664,1341,stop,2026-04-13,14:13:00,,
BALHAM - HORSHAM,P26664,1341,stop,2026-04-22,14:13:00,,
BALHAM - HORSHAM,P26664,1341,stop,2026-04-24,14:13:00,,
BALHAM - HORSHAM,P26664,1341,stop,2026-04-17,14:13:00,,
BALHAM - HORSHAM,P26664,1341,stop,2026-04-10,14:13:00,,
BALHAM - HORSHAM,P26664,1341,stop,2026-04-07,14:13:00,,
SUTTON (SURREY) - ST ALBANS CITY (3),G84924,1416,stop,2026-04-30,14:16:00,,
SUTTON (SURREY) - ST ALBANS CITY (3),G25305,1416,stop,2026-04-18,14:16:00,,
SUTTON (SURREY) - ST ALBANS CITY (3),G25305,1416,stop,2026-04-04,14:16:00,,
SUTTON (SURREY) - ST ALBANS CITY (3),G84924,1416,stop,2026-04-28,14:16:00,,
SUTTON (SURREY) - ST ALBANS CITY (3),G84924,1416,stop,2026-04-10,14:16:00,,
SUTTON (SURREY) - ST ALBANS CITY (3),G84924,1416,stop,2026-04-03,14:16:00,,
WIMBLEDON - LUTON,G83959,1403,stop,2026-04-05,14:15:00,,
BALHAM - DORKING (6),P26666,1338,stop,2026-04-05,14:14:00,,
SUTTON (SURREY) - ST ALBANS CITY (3),G84924,1416,stop,2026-04-02,14:16:00,,
SUTTON (SURREY) - ST ALBANS CITY (3),G25305,1416,stop,2026-04-11,14:16:00,,
SUTTON (SURREY) - ST ALBANS CITY (3),G84924,1416,stop,2026-04-06,14:16:00,,
SUTTON (SURREY) - ST ALBANS CITY (3),G84924,1416,stop,2026-04-09,14:16:00,,
SUTTON (SURREY) - ST ALBANS CITY (3),G84924,1416,stop,2026-04-22,14:16:00,,
SUTTON (SURREY) - ST ALBANS CITY (3),G84924,1416,stop,2026-04-16,14:16:00,,
SUTTON (SURREY) - ST ALBANS CITY (3),G84924,1416,stop,2026-04-20,14:16:00,,
SUTTON (SURREY) - ST ALBANS CITY (3),G84924,1416,stop,2026-04-08,14:16:00,,
SUTTON (SURREY) - ST ALBANS CITY (3),G84924,1416,stop,2026-04-14,14:16:00,,
SUTTON (SURREY) - ST ALBANS CITY (3),G84924,1416,stop,2026-04-27,14:16:00,,
SUTTON (SURREY) - ST ALBANS CITY (3),G84924,1416,stop,2026-04-07,14:16:00,,
SUTTON (SURREY) - ST ALBANS CITY (6),G84922,1416,stop,2026-04-05,14:16:00,,
SUTTON (SURREY) - ST ALBANS CITY (6),G84922,1416,stop,2026-04-12,14:16:00,,
SUTTON (SURREY) - ST ALBANS CITY (6),G84922,1416,stop,2026-04-19,14:16:00,,
SUTTON (SURREY) - ST ALBANS CITY (3),G84924,1416,stop,2026-04-17,14:16:00,,
SUTTON (SURREY) - ST ALBANS CITY (3),G84924,1416,stop,2026-04-23,14:16:00,,
SUTTON (SURREY) - ST ALBANS CITY (3),G84924,1416,stop,2026-04-01,14:16:00,,
SUTTON (SURREY) - ST ALBANS CITY (6),G84922,1416,stop,2026-04-26,14:16:00,,
SUTTON (SURREY) - ST ALBANS CITY (3),G84924,1416,stop,2026-04-21,14:16:00,,
SUTTON (SURREY) - ST ALBANS CITY (3),G84924,1416,stop,2026-04-15,14:16:00,,
SUTTON (SURREY) - ST ALBANS CITY (3),G84924,1416,stop,2026-04-29,14:16:00,,
SUTTON (SURREY) - ST ALBANS CITY (3),G84924,1416,stop,2026-04-13,14:16:00,,
SUTTON (SURREY) - ST ALBANS CITY (3),G84924,1416,stop,2026-04-24,14:16:00,,
SUTTON (SURREY) - ST ALBANS CITY (3),G25305,1416,stop,2026-04-25,14:16:00,,
BATTERSEA PARK LONDON - EPSOM DOWNS,P26209,1330,stop,2026-04-09,14:19:00,,
EPSOM - NORWOOD JUNCTION,P25240,1415,stop,2026-04-15,14:19:00,,
SUTTON (SURREY) - ST ALBANS CITY,G83960,1419,stop,2026-04-15,14:19:00,,
SUTTON (SURREY) - ST ALBANS CITY,G83960,1419,stop,2026-04-28,14:19:00,,
BATTERSEA PARK LONDON - EPSOM DOWNS,P26209,1330,stop,2026-04-02,14:19:00,,
EPSOM - NORWOOD JUNCTION,P25240,1415,stop,2026-04-20,14:19:00,,
SUTTON (SURREY) - ST ALBANS CITY,G83960,1419,stop,2026-04-02,14:19:00,,
SUTTON (SURREY) - ST ALBANS CITY,G83960,1419,stop,2026-04-21,14:19:00,,
STREATHAM HILL - EPSOM DOWNS,P26210,1343,stop,2026-04-18,14:19:00,,
EPSOM - NORWOOD JUNCTION,X96282,1415,stop,2026-04-03,14:19:00,,
EPSOM - NORWOOD JUNCTION,P25240,1415,stop,2026-04-03,14:19:00,,
WORCESTER PARK - DORKING,Q54894,1405,stop,2026-04-12,14:18:00,,
DORKING - SUTTON (SURREY),X04886,1333,stop,2026-04-12,14:17:00,,
EPSOM - NORWOOD JUNCTION,P25240,1415,stop,2026-04-30,14:19:00,,
EPSOM - NORWOOD JUNCTION,P25240,1415,stop,2026-04-16,14:19:00,,
EPSOM - NORWOOD JUNCTION,P25240,1415,stop,2026-04-13,14:19:00,,
SUTTON (SURREY) - ST ALBANS CITY,G83960,1419,stop,2026-04-10,14:19:00,,
BATTERSEA PARK LONDON - EPSOM DOWNS,P26209,1330,stop,2026-04-28,14:19:00,,
SUTTON (SURREY) - ST ALBANS CITY,G83960,1419,stop,2026-04-03,14:19:00,,
BATTERSEA PARK LONDON - EPSOM DOWNS,P26208,1330,stop,2026-04-26,14:19:00,,
BATTERSEA PARK LONDON - EPSOM DOWNS,P26209,1330,stop,2026-04-20,14:19:00,,
EPSOM - NORWOOD JUNCTION,P25240,1415,stop,2026-04-27,14:19:00,,
EPSOM - NORWOOD JUNCTION,P25240,1415,stop,2026-04-21,14:19:00,,
EPSOM - NORWOOD JUNCTION,P25240,1415,stop,2026-04-02,14:19:00,,
SUTTON (SURREY) - ST ALBANS CITY,G83960,1419,stop,2026-04-29,14:19:00,,
SUTTON (SURREY) - ST ALBANS CITY,G83960,1419,stop,2026-04-16,14:19:00,,
BATTERSEA PARK LONDON - EPSOM DOWNS,P26209,1330,stop,2026-04-22,14:19:00,,
EPSOM - NORWOOD JUNCTION,P25240,1415,stop,2026-04-17,14:19:00,,
EPSOM - NORWOOD JUNCTION,P25240,1415,stop,2026-04-09,14:19:00,,
SUTTON (SURREY) - LUTON,G83959,1419,stop,2026-04-12,14:19:00,,
SUTTON (SURREY) - ST ALBANS CITY,G83960,1419,stop,2026-04-13,14:19:00,,
BATTERSEA PARK LONDON - EPSOM DOWNS,P26209,1330,stop,2026-04-07,14:19:00,,
BATTERSEA PARK LONDON - EPSOM DOWNS,P26209,1330,stop,2026-04-13,14:19:00,,
STREATHAM HILL - EPSOM DOWNS,P26208,1343,stop,2026-04-19,14:19:00,,
EPSOM - NORWOOD JUNCTION,X01406,1415,stop,2026-04-06,14:19:00,,
EPSOM - NORWOOD JUNCTION,P25240,1415,stop,2026-04-06,14:19:00,,
EPSOM - NORWOOD JUNCTION,P25241,1415,stop,2026-04-18,14:19:00,,
EPSOM - NORWOOD JUNCTION,P25241,1415,stop,2026-04-04,14:19:00,,
SUTTON (SURREY) - ST ALBANS CITY,G83960,1419,stop,2026-04-14,14:19:00,,
SUTTON (SURREY) - LUTON,G83959,1419,stop,2026-04-26,14:19:00,,
SUTTON (SURREY) - ST ALBANS CITY,G83960,1419,stop,2026-04-01,14:19:00,,
SUTTON (SURREY) - ST ALBANS CITY,G83960,1419,stop,2026-04-23,14:19:00,,
SUTTON (SURREY) - ST ALBANS CITY,G83960,1419,stop,2026-04-17,14:19:00,,
BATTERSEA PARK LONDON - EPSOM DOWNS,P26209,1330,stop,2026-04-23,14:19:00,,
BATTERSEA PARK LONDON - EPSOM DOWNS,P26210,1330,stop,2026-04-25,14:19:00,,
SUTTON (SURREY) - ST ALBANS CITY,G25307,1419,stop,2026-04-18,14:19:00,,
BATTERSEA PARK LONDON - EPSOM DOWNS,P26209,1330,stop,2026-04-21,14:19:00,,
BATTERSEA PARK LONDON - EPSOM DOWNS,P26209,1330,stop,2026-04-06,14:19:00,,
BATTERSEA PARK LONDON - EPSOM DOWNS,P26209,1330,stop,2026-04-08,14:19:00,,
BATTERSEA PARK LONDON - EPSOM DOWNS,P26209,1330,stop,2026-04-29,14:19:00,,
EPSOM - NORWOOD JUNCTION,P25240,1415,stop,2026-04-10,14:19:00,,
EPSOM - NORWOOD JUNCTION,P25240,1415,stop,2026-04-23,14:19:00,,
BATTERSEA PARK LONDON - EPSOM DOWNS,P26209,1330,stop,2026-04-01,14:19:00,,
SUTTON (SURREY) - ST ALBANS CITY,G83960,1419,stop,2026-04-09,14:19:00,,
SUTTON (SURREY) - ST ALBANS CITY,G83960,1419,stop,2026-04-06,14:19:00,,
BATTERSEA PARK LONDON - EPSOM DOWNS,P26209,1330,stop,2026-04-15,14:19:00,,
SUTTON (SURREY) - ST ALBANS CITY,G25307,1419,stop,2026-04-04,14:19:00,,
BATTERSEA PARK LONDON - EPSOM DOWNS,P26209,1330,stop,2026-04-27,14:19:00,,
BATTERSEA PARK LONDON - EPSOM DOWNS,X00787,1330,stop,2026-04-06,14:19:00,,
SUTTON (SURREY) - ST ALBANS CITY,G25307,1419,stop,2026-04-11,14:19:00,,
EPSOM - NORWOOD JUNCTION,P25240,1415,stop,2026-04-07,14:19:00,,
EPSOM - NORWOOD JUNCTION,P25241,1415,stop,2026-04-11,14:19:00,,
BATTERSEA PARK LONDON - EPSOM DOWNS,X96340,1330,stop,2026-04-03,14:19:00,,
BATTERSEA PARK LONDON - EPSOM DOWNS,P26209,1330,stop,2026-04-03,14:19:00,,
BATTERSEA PARK LONDON - EPSOM DOWNS,P26209,1330,stop,2026-04-30,14:19:00,,
EPSOM - NORWOOD JUNCTION,P25241,1415,stop,2026-04-25,14:19:00,,
BATTERSEA PARK LONDON - EPSOM DOWNS,P26210,1330,stop,2026-04-11,14:19:00,,
SUTTON (SURREY) - ST ALBANS CITY,G83960,1419,stop,2026-04-07,14:19:00,,
EPSOM - NORWOOD JUNCTION,P25240,1415,stop,2026-04-24,14:19:00,,
SUTTON (SURREY) - ST ALBANS CITY,G25307,1419,stop,2026-04-25,14:19:00,,
SUTTON (SURREY) - ST ALBANS CITY,G83960,1419,stop,2026-04-22,14:19:00,,
BATTERSEA PARK LONDON - EPSOM DOWNS,P26209,1330,stop,2026-04-17,14:19:00,,
EPSOM - NORWOOD JUNCTION,P25240,1415,stop,2026-04-14,14:19:00,,
SUTTON (SURREY) - ST ALBANS CITY,G83960,1419,stop,2026-04-30,14:19:00,,
BATTERSEA PARK LONDON - EPSOM DOWNS,P26209,1330,stop,2026-04-24,14:19:00,,
EPSOM - NORWOOD JUNCTION,P25240,1415,stop,2026-04-01,14:19:00,,
BATTERSEA PARK LONDON - EPSOM DOWNS,P26210,1330,stop,2026-04-04,14:19:00,,
SUTTON (SURREY) - ST ALBANS CITY,G83960,1419,stop,2026-04-20,14:19:00,,
SUTTON (SURREY) - ST ALBANS CITY,G83960,1419,stop,2026-04-27,14:19:00,,
EPSOM - NORWOOD JUNCTION,P25240,1415,stop,2026-04-29,14:19:00,,
BATTERSEA PARK LONDON - EPSOM DOWNS,P26208,1330,stop,2026-04-12,14:19:00,,
SUTTON (SURREY) - ST ALBANS CITY,G83960,1419,stop,2026-04-24,14:19:00,,
EPSOM - NORWOOD JUNCTION,P25240,1415,stop,2026-04-28,14:19:00,,
EPSOM - NORWOOD JUNCTION,P25240,1415,stop,2026-04-22,14:19:00,,
BATTERSEA PARK LONDON - EPSOM DOWNS,P26209,1330,stop,2026-04-16,14:19:00,,
SUTTON (SURREY) - WEST HAMPSTEAD THAMESLINK,G83959,1419,stop,2026-04-19,14:19:00,,
BATTERSEA PARK LONDON - EPSOM DOWNS,P26209,1330,stop,2026-04-14,14:19:00,,
SUTTON (SURREY) - ST ALBANS CITY,G83960,1419,stop,2026-04-08,14:19:00,,
BATTERSEA PARK LONDON - EPSOM DOWNS,P26209,1330,stop,2026-04-10,14:19:00,,
EPSOM DOWNS - BATTERSEA PARK LONDON,P26219,1408,stop,2026-04-09,14:21:00,,
EPSOM DOWNS - BATTERSEA PARK LONDON,P26219,1408,stop,2026-04-07,14:21:00,,
EPSOM DOWNS - BATTERSEA PARK LONDON,P26219,1408,stop,2026-04-13,14:21:00,,
EPSOM DOWNS - BATTERSEA PARK LONDON,P26219,1408,stop,2026-04-29,14:21:00,,
EPSOM DOWNS - STREATHAM HILL,P26218,1408,stop,2026-04-19,14:21:00,,
EPSOM DOWNS - BATTERSEA PARK LONDON,P26220,1408,stop,2026-04-11,14:21:00,,
EPSOM DOWNS - BATTERSEA PARK LONDON,P26219,1408,stop,2026-04-06,14:21:00,,
EPSOM DOWNS - BATTERSEA PARK LONDON,X00790,1408,stop,2026-04-06,14:21:00,,
EPSOM DOWNS - BATTERSEA PARK LONDON,P26219,1408,stop,2026-04-21,14:21:00,,
BATTERSEA PARK LONDON - EPSOM DOWNS,P26208,1330,stop,2026-04-05,14:20:00,,
EPSOM - NORWOOD JUNCTION,P25240,1415,stop,2026-04-08,14:19:00,,
EPSOM DOWNS - BATTERSEA PARK LONDON,P26219,1408,stop,2026-04-23,14:21:00,,
EPSOM DOWNS - BATTERSEA PARK LONDON,P26219,1408,stop,2026-04-28,14:21:00,,
EPSOM DOWNS - BATTERSEA PARK LONDON,P26219,1408,stop,2026-04-01,14:21:00,,
EPSOM DOWNS - STREATHAM HILL,P26220,1408,stop,2026-04-18,14:21:00,,
EPSOM DOWNS - BATTERSEA PARK LONDON,P26219,1408,stop,2026-04-14,14:21:00,,
EPSOM DOWNS - BATTERSEA PARK LONDON,P26218,1408,stop,2026-04-12,14:21:00,,
EPSOM DOWNS - BATTERSEA PARK LONDON,P26219,1408,stop,2026-04-17,14:21:00,,
EPSOM DOWNS - BATTERSEA PARK LONDON,P26219,1408,stop,2026-04-08,14:21:00,,
EPSOM DOWNS - BATTERSEA PARK LONDON,P26219,1408,stop,2026-04-20,14:21:00,,
EPSOM DOWNS - BATTERSEA PARK LONDON,P26219,1408,stop,2026-04-22,14:21:00,,
EPSOM DOWNS - BATTERSEA PARK LONDON,P26220,1408,stop,2026-04-04,14:21:00,,
EPSOM DOWNS - BATTERSEA PARK LONDON,P26219,1408,stop,2026-04-10,14:21:00,,
EPSOM DOWNS - BATTERSEA PARK LONDON,P26219,1408,stop,2026-04-16,14:21:00,,
EPSOM DOWNS - BATTERSEA PARK LONDON,P26219,1408,stop,2026-04-30,14:21:00,,
EPSOM DOWNS - BATTERSEA PARK LONDON,X96292,1408,stop,2026-04-03,14:21:00,,
EPSOM DOWNS - BATTERSEA PARK LONDON,P26219,1408,stop,2026-04-03,14:21:00,,
GUILDFORD - EARLSFIELD,P61606,1345,stop,2026-04-22,14:22:00,,
GUILDFORD - EARLSFIELD,P61606,1345,stop,2026-04-29,14:22:00,,
GUILDFORD - EARLSFIELD,P61606,1345,stop,2026-04-23,14:22:00,,
GUILDFORD - EARLSFIELD,P61606,1345,stop,2026-04-27,14:22:00,,
GUILDFORD - EARLSFIELD,P61606,1345,stop,2026-04-28,14:22:00,,
GUILDFORD - EARLSFIELD,P61606,1345,stop,2026-04-30,14:22:00,,
EPSOM DOWNS - BATTERSEA PARK LONDON,P26219,1408,stop,2026-04-15,14:21:00,,
EPSOM DOWNS - BATTERSEA PARK LONDON,P26220,1408,stop,2026-04-25,14:21:00,,
EPSOM DOWNS - BATTERSEA PARK LONDON,P26219,1408,stop,2026-04-27,14:21:00,,
EPSOM DOWNS - BATTERSEA PARK LONDON,P26219,1408,stop,2026-04-24,14:21:00,,
EPSOM DOWNS - BATTERSEA PARK LONDON,P26218,1408,stop,2026-04-26,14:21:00,,
EPSOM DOWNS - BATTERSEA PARK LONDON,P26219,1408,stop,2026-04-02,14:21:00,,
GUILDFORD - EARLSFIELD,P61606,1345,stop,2026-04-15,14:22:00,,
GUILDFORD - EARLSFIELD,P61606,1345,stop,2026-04-09,14:22:00,,
GUILDFORD - EARLSFIELD,P61606,1345,stop,2026-04-01,14:22:00,,
GUILDFORD - EARLSFIELD,P61606,1345,stop,2026-04-02,14:22:00,,
GUILDFORD - EARLSFIELD,P61606,1345,stop,2026-04-08,14:22:00,,
GUILDFORD - EARLSFIELD,P61606,1345,stop,2026-04-20,14:22:00,,
GUILDFORD - EARLSFIELD,P61606,1345,stop,2026-04-03,14:22:00,,
GUILDFORD - EARLSFIELD,P61606,1345,stop,2026-04-14,14:22:00,,
GUILDFORD - EARLSFIELD,P61606,1345,stop,2026-04-17,14:22:00,,
GUILDFORD - EARLSFIELD,L74265,1345,stop,2026-04-18,14:22:00,,
GUILDFORD - EARLSFIELD,P61606,1345,stop,2026-04-07,14:22:00,,
GUILDFORD - EARLSFIELD,P61606,1345,stop,2026-04-13,14:22:00,,
GUILDFORD - EARLSFIELD,P61606,1345,stop,2026-04-16,14:22:00,,
GUILDFORD - EARLSFIELD,Q88879,1345,stop,2026-04-03,14:22:00,,
GUILDFORD - EARLSFIELD,L74265,1345,stop,2026-04-25,14:22:00,,
GUILDFORD - EARLSFIELD,P61606,1345,stop,2026-04-24,14:22:00,,
GUILDFORD - EARLSFIELD,Q50307,1345,stop,2026-04-06,14:22:00,,
GUILDFORD - EARLSFIELD,L74265,1345,stop,2026-04-04,14:22:00,,
GUILDFORD - EARLSFIELD,P61606,1345,stop,2026-04-21,14:22:00,,
GUILDFORD - EARLSFIELD,P61606,1345,stop,2026-04-06,14:22:00,,
GUILDFORD - EARLSFIELD,L74265,1345,stop,2026-04-11,14:22:00,,
MITCHAM EASTFIELDS - HORSHAM (2),P26665,1350,stop,2026-04-18,14:22:00,,
GUILDFORD - EARLSFIELD,P61606,1345,stop,2026-04-10,14:22:00,,
EARLSFIELD - GUILDFORD (2),P61600,1353,stop,2026-04-24,14:24:00,,
EARLSFIELD - GUILDFORD (2),P61600,1353,stop,2026-04-22,14:24:00,,
EARLSFIELD - GUILDFORD (2),Q38602,1353,stop,2026-04-03,14:24:00,,
EARLSFIELD - GUILDFORD (2),P61600,1353,stop,2026-04-02,14:24:00,,
EARLSFIELD - GUILDFORD (2),P61600,1353,stop,2026-04-14,14:24:00,,
EARLSFIELD - GUILDFORD (2),P61600,1353,stop,2026-04-30,14:24:00,,
EARLSFIELD - GUILDFORD (2),P61600,1353,stop,2026-04-08,14:24:00,,
EARLSFIELD - GUILDFORD (2),P61600,1353,stop,2026-04-10,14:24:00,,
EARLSFIELD - GUILDFORD (2),P61600,1353,stop,2026-04-29,14:24:00,,
EARLSFIELD - GUILDFORD (2),P61600,1353,stop,2026-04-01,14:24:00,,
EARLSFIELD - GUILDFORD (2),P61600,1353,stop,2026-04-21,14:24:00,,
EARLSFIELD - GUILDFORD (2),P61600,1353,stop,2026-04-03,14:24:00,,
EARLSFIELD - GUILDFORD (2),P61601,1353,stop,2026-04-25,14:24:00,,
EARLSFIELD - GUILDFORD (2),P61601,1353,stop,2026-04-11,14:24:00,,
EARLSFIELD - GUILDFORD (2),P61600,1353,stop,2026-04-23,14:24:00,,
EARLSFIELD - GUILDFORD (2),P61600,1353,stop,2026-04-09,14:24:00,,
SUTTON (SURREY) - DORKING,X04922,1425,stop,2026-04-12,14:25:00,,
EARLSFIELD - GUILDFORD (2),P61600,1353,stop,2026-04-16,14:24:00,,
EARLSFIELD - GUILDFORD (2),P61600,1353,stop,2026-04-06,14:24:00,,
EARLSFIELD - GUILDFORD (2),P61600,1353,stop,2026-04-17,14:24:00,,
EARLSFIELD - GUILDFORD (2),P61600,1353,stop,2026-04-15,14:24:00,,
EARLSFIELD - GUILDFORD (2),P61601,1353,stop,2026-04-04,14:24:00,,
EARLSFIELD - GUILDFORD (2),Q50283,1353,stop,2026-04-06,14:24:00,,
EARLSFIELD - GUILDFORD (2),P61600,1353,stop,2026-04-20,14:24:00,,
EARLSFIELD - GUILDFORD (2),P61600,1353,stop,2026-04-07,14:24:00,,
EARLSFIELD - GUILDFORD (2),P61600,1353,stop,2026-04-28,14:24:00,,
EARLSFIELD - GUILDFORD (2),P61600,1353,stop,2026-04-13,14:24:00,,
EARLSFIELD - GUILDFORD (2),P61601,1353,stop,2026-04-18,14:24:00,,
EARLSFIELD - GUILDFORD (2),P61600,1353,stop,2026-04-27,14:24:00,,
NORWOOD JUNCTION - EPSOM,P25238,1355,stop,2026-04-17,14:28:00,,
SUTTON (SURREY) - TULSE HILL,X27293,1427,stop,2026-04-05,14:27:00,,
DORKING - EARLSFIELD,P61042,1407,stop,2026-04-05,14:27:00,,
DORKING - EARLSFIELD,P61042,1407,stop,2026-04-12,14:27:00,,
DORKING - EARLSFIELD,P61042,1407,stop,2026-04-26,14:27:00,,
DORKING - EARLSFIELD,P61042,1407,stop,2026-04-19,14:27:00,,
NORWOOD JUNCTION - EPSOM,P25238,1355,stop,2026-04-02,14:28:00,,
NORWOOD JUNCTION - EPSOM,P25238,1355,stop,2026-04-15,14:28:00,,
NORWOOD JUNCTION - EPSOM,P25238,1355,stop,2026-04-20,14:28:00,,
NORWOOD JUNCTION - EPSOM,P25238,1355,stop,2026-04-23,14:28:00,,
NORWOOD JUNCTION - EPSOM,P25238,1355,stop,2026-04-16,14:28:00,,
NORWOOD JUNCTION - EPSOM,P25238,1355,stop,2026-04-13,14:28:00,,
NORWOOD JUNCTION - EPSOM,P25238,1355,stop,2026-04-01,14:28:00,,
NORWOOD JUNCTION - EPSOM,P25238,1355,stop,2026-04-28,14:28:00,,
NORWOOD JUNCTION - EPSOM,P25238,1355,stop,2026-04-27,14:28:00,,
NORWOOD JUNCTION - EPSOM,X01405,1355,stop,2026-04-06,14:28:00,,
NORWOOD JUNCTION - EPSOM,P25238,1355,stop,2026-04-29,14:28:00,,
NORWOOD JUNCTION - EPSOM,P25238,1355,stop,2026-04-21,14:28:00,,
NORWOOD JUNCTION - EPSOM,P25239,1355,stop,2026-04-25,14:28:00,,
NORWOOD JUNCTION - EPSOM,P25238,1355,stop,2026-04-09,14:28:00,,
NORWOOD JUNCTION - EPSOM,P25238,1355,stop,2026-04-08,14:28:00,,
EPSOM DOWNS - BATTERSEA PARK LONDON,P26218,1408,stop,2026-04-05,14:28:00,,
NORWOOD JUNCTION - EPSOM,P25238,1355,stop,2026-04-30,14:31:00,,
NORWOOD JUNCTION - EPSOM,P25238,1355,stop,2026-04-10,14:31:00,,
NORWOOD JUNCTION - EPSOM,P25238,1355,stop,2026-04-24,14:28:00,,
NORWOOD JUNCTION - EPSOM,P25238,1355,stop,2026-04-14,14:28:00,,
NORWOOD JUNCTION - EPSOM,P25239,1355,stop,2026-04-11,14:28:00,,
NORWOOD JUNCTION - EPSOM,P25238,1355,stop,2026-04-07,14:28:00,,
NORWOOD JUNCTION - EPSOM,P25238,1355,stop,2026-04-06,14:28:00,,
NORWOOD JUNCTION - EPSOM,P25238,1355,stop,2026-04-03,14:28:00,,
NORWOOD JUNCTION - EPSOM,P25238,1355,stop,2026-04-22,14:28:00,,
NORWOOD JUNCTION - EPSOM,P25239,1355,stop,2026-04-18,14:28:00,,
NORWOOD JUNCTION - EPSOM,X92927,1355,stop,2026-04-03,14:28:00,,
NORWOOD JUNCTION - EPSOM,P25239,1355,stop,2026-04-04,14:28:00,,
LUTON - WIMBLEDON,W59671,1252,stop,2026-04-05,14:31:00,,
EARLSFIELD - DORKING,P61039,1402,stop,2026-04-26,14:33:00,,
EARLSFIELD - DORKING,P61039,1402,stop,2026-04-12,14:33:00,,
EARLSFIELD - DORKING,P61039,1402,stop,2026-04-19,14:33:00,,
EARLSFIELD - DORKING,P61039,1402,stop,2026-04-05,14:33:00,,
DORKING - WORCESTER PARK,Q54842,1350,stop,2026-04-12,14:34:00,,
ST ALBANS CITY - SUTTON (SURREY),G84925,1307,stop,2026-04-30,14:37:00,,
DORKING - MITCHAM EASTFIELDS,P26675,1412,stop,2026-04-19,14:35:00,,
DORKING - BALHAM (2),P26675,1412,stop,2026-04-12,14:35:00,,
DORKING - BALHAM (2),P26675,1412,stop,2026-04-26,14:35:00,,
ST ALBANS CITY - SUTTON (SURREY),G84925,1307,stop,2026-04-20,14:37:00,,
ST ALBANS CITY - SUTTON (SURREY),G84925,1307,stop,2026-04-27,14:37:00,,
LUTON - SUTTON (SURREY) (2),W59671,1252,stop,2026-04-12,14:37:00,,
ST ALBANS CITY - SUTTON (SURREY),G84925,1307,stop,2026-04-22,14:37:00,,
ST ALBANS CITY - SUTTON (SURREY),G84925,1307,stop,2026-04-14,14:37:00,,
WEST HAMPSTEAD THAMESLINK - SUTTON (SURREY) (2),W59671,1330,stop,2026-04-19,14:37:00,,
ST ALBANS CITY - SUTTON (SURREY),G84925,1307,stop,2026-04-09,14:37:00,,
ST ALBANS CITY - SUTTON (SURREY),G84925,1307,stop,2026-04-06,14:37:00,,
ST ALBANS CITY - SUTTON (SURREY),G84925,1307,stop,2026-04-24,14:37:00,,
DORKING - MITCHAM EASTFIELDS (2),P26674,1417,stop,2026-04-18,14:37:00,,
ST ALBANS CITY - SUTTON (SURREY),G84925,1307,stop,2026-04-23,14:37:00,,
ST ALBANS CITY - SUTTON (SURREY),G25278,1307,stop,2026-04-04,14:37:00,,
ST ALBANS CITY - SUTTON (SURREY),G25278,1307,stop,2026-04-11,14:37:00,,
ST ALBANS CITY - SUTTON (SURREY),G84925,1307,stop,2026-04-07,14:37:00,,
ST ALBANS CITY - SUTTON (SURREY),G84925,1307,stop,2026-04-10,14:37:00,,
ST ALBANS CITY - SUTTON (SURREY),G25278,1307,stop,2026-04-18,14:37:00,,
DORKING - BALHAM (3),P26675,1416,stop,2026-04-05,14:38:00,,
ST ALBANS CITY - SUTTON (SURREY),G84925,1307,stop,2026-04-15,14:37:00,,
ST ALBANS CITY - SUTTON (SURREY),G25278,1307,stop,2026-04-25,14:37:00,,
ST ALBANS CITY - SUTTON (SURREY),G84925,1307,stop,2026-04-03,14:37:00,,
ST ALBANS CITY - SUTTON (SURREY),G84925,1307,stop,2026-04-17,14:37:00,,
ST ALBANS CITY - SUTTON (SURREY),G84925,1307,stop,2026-04-02,14:37:00,,
ST ALBANS CITY - SUTTON (SURREY),G84925,1307,stop,2026-04-01,14:37:00,,
ST ALBANS CITY - SUTTON (SURREY),G84925,1307,stop,2026-04-08,14:37:00,,
ST ALBANS CITY - SUTTON (SURREY),G84925,1307,stop,2026-04-28,14:37:00,,
ST ALBANS CITY - SUTTON (SURREY),G84925,1307,stop,2026-04-16,14:37:00,,
ST ALBANS CITY - SUTTON (SURREY),G84925,1307,stop,2026-04-13,14:37:00,,
ST ALBANS CITY - SUTTON (SURREY),G84925,1307,stop,2026-04-21,14:37:00,,
ST ALBANS CITY - SUTTON (SURREY),G84925,1307,stop,2026-04-29,14:37:00,,
LUTON - SUTTON (SURREY) (2),W59671,1252,stop,2026-04-26,14:37:00,,
DORKING - BALHAM (3),P26673,1417,stop,2026-04-22,14:39:00,,
DORKING - BALHAM (3),P26673,1417,stop,2026-04-17,14:39:00,,
DORKING - BALHAM (3),P26673,1417,stop,2026-04-13,14:39:00,,
DORKING - BALHAM (3),P26673,1417,stop,2026-04-20,14:39:00,,
DORKING - BALHAM (3),P26673,1417,stop,2026-04-28,14:39:00,,
DORKING - BALHAM (3),P26673,1417,stop,2026-04-14,14:39:00,,
DORKING - BALHAM (3),P26673,1417,stop,2026-04-27,14:39:00,,
DORKING - BALHAM (3),P26673,1417,stop,2026-04-21,14:39:00,,
DORKING - BALHAM (3),P26673,1417,stop,2026-04-15,14:39:00,,
DORKING - BALHAM (3),P26674,1417,stop,2026-04-25,14:39:00,,
DORKING - BALHAM (3),P26674,1417,stop,2026-04-11,14:39:00,,
DORKING - BALHAM (3),X00948,1417,stop,2026-04-06,14:39:00,,
DORKING - BALHAM (3),P26673,1417,stop,2026-04-30,14:39:00,,
DORKING - BALHAM (3),P26673,1417,stop,2026-04-10,14:39:00,,
SUTTON (SURREY) - STREATHAM HILL,P27147,1440,stop,2026-04-18,14:40:00,,
MITCHAM EASTFIELDS - DORKING,P26672,1408,stop,2026-04-19,14:40:00,,
BALHAM - DORKING (3),P26672,1408,stop,2026-04-26,14:40:00,,
DORKING - BALHAM (3),P26673,1417,stop,2026-04-23,14:39:00,,
DORKING - BALHAM (3),P26673,1417,stop,2026-04-07,14:39:00,,
DORKING - BALHAM (3),P26673,1417,stop,2026-04-03,14:39:00,,
DORKING - BALHAM (3),P26673,1417,stop,2026-04-24,14:39:00,,
DORKING - BALHAM (3),P26673,1417,stop,2026-04-29,14:39:00,,
DORKING - BALHAM (3),P26673,1417,stop,2026-04-01,14:39:00,,
DORKING - BALHAM (3),P26673,1417,stop,2026-04-09,14:39:00,,
DORKING - BALHAM (3),P26673,1417,stop,2026-04-08,14:39:00,,
DORKING - BALHAM (3),P26674,1417,stop,2026-04-04,14:39:00,,
DORKING - BALHAM (3),P26673,1417,stop,2026-04-02,14:39:00,,
DORKING - BALHAM (3),X96279,1417,stop,2026-04-03,14:39:00,,
DORKING - BALHAM (3),P26673,1417,stop,2026-04-06,14:39:00,,
DORKING - BALHAM (3),P26673,1417,stop,2026-04-16,14:39:00,,
SUTTON (SURREY) - BALHAM (2),P26675,1442,stop,2026-04-12,14:42:00,,
BALHAM - DORKING (3),P26672,1408,stop,2026-04-12,14:43:00,,
BALHAM - DORKING,P26670,1411,stop,2026-04-27,14:43:00,,
BALHAM - DORKING,P26670,1411,stop,2026-04-06,14:43:00,,
BALHAM - DORKING,P26671,1411,stop,2026-04-25,14:43:00,,
BALHAM - DORKING,P26670,1411,stop,2026-04-23,14:43:00,,
BALHAM - DORKING,P26670,1411,stop,2026-04-08,14:43:00,,
BALHAM - DORKING,P26671,1411,stop,2026-04-11,14:43:00,,
BALHAM - DORKING,P26671,1411,stop,2026-04-04,14:43:00,,
BALHAM - DORKING,P26670,1411,stop,2026-04-09,14:43:00,,
BALHAM - DORKING,P26670,1411,stop,2026-04-28,14:43:00,,
BALHAM - DORKING,P26670,1411,stop,2026-04-01,14:43:00,,
BALHAM - DORKING,P26670,1411,stop,2026-04-29,14:43:00,,
BALHAM - DORKING,P26670,1411,stop,2026-04-24,14:43:00,,
BALHAM - DORKING,P26670,1411,stop,2026-04-17,14:43:00,,
BALHAM - DORKING,P26670,1411,stop,2026-04-21,14:43:00,,
BALHAM - DORKING,P26670,1411,stop,2026-04-14,14:43:00,,
BALHAM - DORKING (6),P26672,1408,stop,2026-04-05,14:44:00,,
BALHAM - DORKING,P26670,1411,stop,2026-04-07,14:43:00,,
BALHAM - DORKING,P26670,1411,stop,2026-04-20,14:43:00,,
BALHAM - DORKING,P26670,1411,stop,2026-04-16,14:43:00,,
BALHAM - DORKING,P26670,1411,stop,2026-04-30,14:43:00,,
BALHAM - DORKING,X00947,1411,stop,2026-04-06,14:43:00,,
BALHAM - DORKING,X96289,1411,stop,2026-04-03,14:43:00,,
BALHAM - DORKING,P26670,1411,stop,2026-04-02,14:43:00,,
BALHAM - DORKING,P26670,1411,stop,2026-04-10,14:43:00,,
BALHAM - DORKING,P26670,1411,stop,2026-04-22,14:43:00,,
BALHAM - DORKING,P26670,1411,stop,2026-04-15,14:43:00,,
BALHAM - DORKING,P26670,1411,stop,2026-04-13,14:43:00,,
BALHAM - DORKING,P26670,1411,stop,2026-04-03,14:43:00,,
SUTTON (SURREY) - ST ALBANS CITY (3),G84930,1446,stop,2026-04-24,14:46:00,,
SUTTON (SURREY) - ST ALBANS CITY (3),G84930,1446,stop,2026-04-10,14:46:00,,
SUTTON (SURREY) - ST ALBANS CITY (3),G84930,1446,stop,2026-04-17,14:46:00,,
SUTTON (SURREY) - ST ALBANS CITY (3),G84930,1446,stop,2026-04-21,14:46:00,,
SUTTON (SURREY) - ST ALBANS CITY (3),G84930,1446,stop,2026-04-06,14:46:00,,
SUTTON (SURREY) - ST ALBANS CITY (3),G84930,1446,stop,2026-04-09,14:46:00,,
SUTTON (SURREY) - ST ALBANS CITY (3),G84930,1446,stop,2026-04-01,14:46:00,,
SUTTON (SURREY) - ST ALBANS CITY (3),G84930,1446,stop,2026-04-23,14:46:00,,
WIMBLEDON - LUTON,G83965,1433,stop,2026-04-05,14:45:00,,
SUTTON (SURREY) - ST ALBANS CITY (3),G84930,1446,stop,2026-04-13,14:46:00,,
SUTTON (SURREY) - ST ALBANS CITY (3),G84930,1446,stop,2026-04-15,14:46:00,,
SUTTON (SURREY) - ST ALBANS CITY (3),G25317,1446,stop,2026-04-04,14:46:00,,
SUTTON (SURREY) - ST ALBANS CITY (3),G84930,1446,stop,2026-04-16,14:46:00,,
SUTTON (SURREY) - ST ALBANS CITY (3),G84930,1446,stop,2026-04-20,14:46:00,,
SUTTON (SURREY) - ST ALBANS CITY (3),G84930,1446,stop,2026-04-27,14:46:00,,
SUTTON (SURREY) - ST ALBANS CITY (3),G84930,1446,stop,2026-04-30,14:46:00,,
SUTTON (SURREY) - ST ALBANS CITY (3),G84930,1446,stop,2026-04-22,14:46:00,,
SUTTON (SURREY) - ST ALBANS CITY (3),G84930,1446,stop,2026-04-08,14:46:00,,
SUTTON (SURREY) - ST ALBANS CITY (6),G84928,1446,stop,2026-04-05,14:46:00,,
SUTTON (SURREY) - ST ALBANS CITY (3),G84930,1446,stop,2026-04-02,14:46:00,,
SUTTON (SURREY) - ST ALBANS CITY (6),G84928,1446,stop,2026-04-26,14:46:00,,
SUTTON (SURREY) - ST ALBANS CITY (3),G84930,1446,stop,2026-04-28,14:46:00,,
SUTTON (SURREY) - ST ALBANS CITY (3),G84930,1446,stop,2026-04-29,14:46:00,,
SUTTON (SURREY) - ST ALBANS CITY (3),G25317,1446,stop,2026-04-11,14:46:00,,
SUTTON (SURREY) - ST ALBANS CITY (3),G25317,1447,stop,2026-04-18,14:47:00,,
DORKING - SUTTON (SURREY),X04885,1403,stop,2026-04-12,14:47:00,,
SUTTON (SURREY) - ST ALBANS CITY (3),G84930,1446,stop,2026-04-07,14:46:00,,
SUTTON (SURREY) - ST ALBANS CITY (3),G25317,1446,stop,2026-04-25,14:46:00,,
SUTTON (SURREY) - ST ALBANS CITY (6),G84928,1446,stop,2026-04-19,14:46:00,,
SUTTON (SURREY) - ST ALBANS CITY (3),G84930,1446,stop,2026-04-14,14:46:00,,
SUTTON (SURREY) - ST ALBANS CITY (6),G84928,1446,stop,2026-04-12,14:46:00,,
SUTTON (SURREY) - ST ALBANS CITY (3),G84930,1446,stop,2026-04-03,14:46:00,,
SUTTON (SURREY) - ST ALBANS CITY,G83966,1449,stop,2026-04-28,14:49:00,,
SUTTON (SURREY) - WEST HAMPSTEAD THAMESLINK,G83965,1449,stop,2026-04-19,14:49:00,,
EPSOM - NORWOOD JUNCTION,P25244,1445,stop,2026-04-08,14:49:00,,
BATTERSEA PARK LONDON - EPSOM DOWNS,P26216,1400,stop,2026-04-15,14:49:00,,
STREATHAM HILL - EPSOM DOWNS,P26217,1413,stop,2026-04-18,14:49:00,,
EPSOM - NORWOOD JUNCTION,P25244,1445,stop,2026-04-01,14:49:00,,
EPSOM - NORWOOD JUNCTION,P25244,1445,stop,2026-04-22,14:49:00,,
BATTERSEA PARK LONDON - EPSOM DOWNS,P26216,1400,stop,2026-04-28,14:49:00,,
SUTTON (SURREY) - ST ALBANS CITY,G83966,1449,stop,2026-04-02,14:49:00,,
EPSOM - NORWOOD JUNCTION,P25244,1445,stop,2026-04-20,14:49:00,,
EPSOM - NORWOOD JUNCTION,P25244,1445,stop,2026-04-03,14:49:00,,
SUTTON (SURREY) - ST ALBANS CITY,G83966,1449,stop,2026-04-30,14:49:00,,
SUTTON (SURREY) - ST ALBANS CITY,G83966,1449,stop,2026-04-03,14:49:00,,
BATTERSEA PARK LONDON - EPSOM DOWNS,P26216,1400,stop,2026-04-01,14:49:00,,
EPSOM - NORWOOD JUNCTION,P25244,1445,stop,2026-04-16,14:49:00,,
WORCESTER PARK - EFFINGHAM JUNCTION,Q54805,1435,stop,2026-04-12,14:48:00,,
EPSOM - NORWOOD JUNCTION,X01408,1445,stop,2026-04-06,14:49:00,,
BATTERSEA PARK LONDON - EPSOM DOWNS,P26216,1400,stop,2026-04-03,14:49:00,,
BATTERSEA PARK LONDON - EPSOM DOWNS,X96301,1400,stop,2026-04-03,14:49:00,,
SUTTON (SURREY) - ST ALBANS CITY,G25319,1449,stop,2026-04-25,14:49:00,,
EPSOM - NORWOOD JUNCTION,P25244,1445,stop,2026-04-21,14:49:00,,
SUTTON (SURREY) - ST ALBANS CITY,G25319,1449,stop,2026-04-11,14:49:00,,
EPSOM - NORWOOD JUNCTION,P25244,1445,stop,2026-04-09,14:49:00,,
SUTTON (SURREY) - ST ALBANS CITY,G83966,1449,stop,2026-04-22,14:49:00,,
SUTTON (SURREY) - ST ALBANS CITY,G83966,1449,stop,2026-04-10,14:49:00,,
BATTERSEA PARK LONDON - EPSOM DOWNS,P26216,1400,stop,2026-04-14,14:49:00,,
EPSOM - NORWOOD JUNCTION,P25244,1445,stop,2026-04-13,14:49:00,,
BATTERSEA PARK LONDON - EPSOM DOWNS,P26215,1400,stop,2026-04-12,14:49:00,,
EPSOM - NORWOOD JUNCTION,X96242,1445,stop,2026-04-03,14:49:00,,
BATTERSEA PARK LONDON - EPSOM DOWNS,P26216,1400,stop,2026-04-09,14:49:00,,
EPSOM - NORWOOD JUNCTION,P25244,1445,stop,2026-04-28,14:49:00,,
SUTTON (SURREY) - ST ALBANS CITY,G83966,1449,stop,2026-04-27,14:49:00,,
BATTERSEA PARK LONDON - EPSOM DOWNS,P26216,1400,stop,2026-04-06,14:49:00,,
BATTERSEA PARK LONDON - EPSOM DOWNS,P26216,1400,stop,2026-04-07,14:49:00,,
EPSOM - NORWOOD JUNCTION,P25244,1445,stop,2026-04-24,14:49:00,,
BATTERSEA PARK LONDON - EPSOM DOWNS,P26217,1400,stop,2026-04-04,14:49:00,,
EPSOM - NORWOOD JUNCTION,P25244,1445,stop,2026-04-02,14:49:00,,
EPSOM - NORWOOD JUNCTION,P25245,1445,stop,2026-04-04,14:49:00,,
SUTTON (SURREY) - ST ALBANS CITY,G83966,1449,stop,2026-04-20,14:49:00,,
BATTERSEA PARK LONDON - EPSOM DOWNS,P26216,1400,stop,2026-04-21,14:49:00,,
EPSOM - NORWOOD JUNCTION,P25244,1445,stop,2026-04-29,14:49:00,,
EPSOM - NORWOOD JUNCTION,P25245,1445,stop,2026-04-25,14:49:00,,
EPSOM - NORWOOD JUNCTION,P25244,1445,stop,2026-04-15,14:49:00,,
BATTERSEA PARK LONDON - EPSOM DOWNS,P26216,1400,stop,2026-04-02,14:49:00,,
SUTTON (SURREY) - ST ALBANS CITY,G83966,1449,stop,2026-04-21,14:49:00,,
EPSOM - NORWOOD JUNCTION,P25244,1445,stop,2026-04-30,14:49:00,,
EPSOM - NORWOOD JUNCTION,P25244,1445,stop,2026-04-06,14:49:00,,
SUTTON (SURREY) - ST ALBANS CITY,G83966,1449,stop,2026-04-23,14:49:00,,
EPSOM - NORWOOD JUNCTION,P25244,1445,stop,2026-04-17,14:49:00,,
SUTTON (SURREY) - ST ALBANS CITY,G83966,1449,stop,2026-04-08,14:49:00,,
BATTERSEA PARK LONDON - EPSOM DOWNS,P26216,1400,stop,2026-04-13,14:49:00,,
EPSOM - NORWOOD JUNCTION,P25244,1445,stop,2026-04-27,14:49:00,,
SUTTON (SURREY) - LUTON,G83965,1449,stop,2026-04-26,14:49:00,,
STREATHAM HILL - EPSOM DOWNS,P26215,1413,stop,2026-04-19,14:49:00,,
BATTERSEA PARK LONDON - EPSOM DOWNS,P26216,1400,stop,2026-04-29,14:49:00,,
BATTERSEA PARK LONDON - EPSOM DOWNS,P26217,1400,stop,2026-04-11,14:49:00,,
SUTTON (SURREY) - ST ALBANS CITY,G83966,1449,stop,2026-04-07,14:49:00,,
EPSOM - NORWOOD JUNCTION,P25245,1445,stop,2026-04-18,14:49:00,,
EPSOM - NORWOOD JUNCTION,P25244,1445,stop,2026-04-07,14:49:00,,
SUTTON (SURREY) - ST ALBANS CITY,G83966,1449,stop,2026-04-29,14:49:00,,
BATTERSEA PARK LONDON - EPSOM DOWNS,P26216,1400,stop,2026-04-08,14:49:00,,
SUTTON (SURREY) - ST ALBANS CITY,G83966,1449,stop,2026-04-14,14:49:00,,
BATTERSEA PARK LONDON - EPSOM DOWNS,P26216,1400,stop,2026-04-27,14:49:00,,
BATTERSEA PARK LONDON - EPSOM DOWNS,X00789,1400,stop,2026-04-06,14:49:00,,
BATTERSEA PARK LONDON - EPSOM DOWNS,P26215,1400,stop,2026-04-26,14:49:00,,
SUTTON (SURREY) - ST ALBANS CITY,G25319,1449,stop,2026-04-18,14:49:00,,
SUTTON (SURREY) - ST ALBANS CITY,G83966,1449,stop,2026-04-16,14:49:00,,
SUTTON (SURREY) - LUTON,G83965,1449,stop,2026-04-12,14:49:00,,
SUTTON (SURREY) - ST ALBANS CITY,G83966,1449,stop,2026-04-24,14:49:00,,
EPSOM - NORWOOD JUNCTION,P25245,1445,stop,2026-04-11,14:49:00,,
SUTTON (SURREY) - ST ALBANS CITY,G83966,1449,stop,2026-04-15,14:49:00,,
BATTERSEA PARK LONDON - EPSOM DOWNS,P26216,1400,stop,2026-04-30,14:49:00,,
BATTERSEA PARK LONDON - EPSOM DOWNS,P26216,1400,stop,2026-04-24,14:49:00,,
BATTERSEA PARK LONDON - EPSOM DOWNS,P26216,1400,stop,2026-04-10,14:49:00,,
SUTTON (SURREY) - ST ALBANS CITY,G83966,1449,stop,2026-04-17,14:49:00,,
EPSOM - NORWOOD JUNCTION,P25244,1445,stop,2026-04-10,14:49:00,,
BATTERSEA PARK LONDON - EPSOM DOWNS,P26216,1400,stop,2026-04-16,14:49:00,,
BATTERSEA PARK LONDON - EPSOM DOWNS,P26217,1400,stop,2026-04-25,14:49:00,,
EPSOM - NORWOOD JUNCTION,P25244,1445,stop,2026-04-14,14:49:00,,
EPSOM - NORWOOD JUNCTION,P25244,1445,stop,2026-04-23,14:49:00,,
EPSOM DOWNS - BATTERSEA PARK LONDON,P26225,1438,stop,2026-04-16,14:51:00,,
EPSOM DOWNS - BATTERSEA PARK LONDON,P26225,1438,stop,2026-04-29,14:51:00,,
EPSOM DOWNS - BATTERSEA PARK LONDON,P26225,1438,stop,2026-04-27,14:51:00,,
EPSOM DOWNS - BATTERSEA PARK LONDON,P26226,1438,stop,2026-04-04,14:51:00,,
EPSOM DOWNS - BATTERSEA PARK LONDON,P26225,1438,stop,2026-04-30,14:51:00,,
BATTERSEA PARK LONDON - EPSOM DOWNS,P26215,1400,stop,2026-04-05,14:49:00,,
SUTTON (SURREY) - ST ALBANS CITY,G83966,1449,stop,2026-04-06,14:49:00,,
BATTERSEA PARK LONDON - EPSOM DOWNS,P26216,1400,stop,2026-04-22,14:49:00,,
SUTTON (SURREY) - ST ALBANS CITY,G83966,1449,stop,2026-04-09,14:49:00,,
SUTTON (SURREY) - ST ALBANS CITY,G25319,1449,stop,2026-04-04,14:49:00,,
SUTTON (SURREY) - ST ALBANS CITY,G83966,1449,stop,2026-04-01,14:49:00,,
BATTERSEA PARK LONDON - EPSOM DOWNS,P26216,1400,stop,2026-04-20,14:49:00,,
BATTERSEA PARK LONDON - EPSOM DOWNS,P26216,1400,stop,2026-04-17,14:49:00,,
SUTTON (SURREY) - ST ALBANS CITY,G83966,1449,stop,2026-04-13,14:49:00,,
BATTERSEA PARK LONDON - EPSOM DOWNS,P26216,1400,stop,2026-04-23,14:49:00,,
EPSOM DOWNS - BATTERSEA PARK LONDON,P26225,1438,stop,2026-04-28,14:51:00,,
EPSOM DOWNS - BATTERSEA PARK LONDON,P26225,1438,stop,2026-04-02,14:51:00,,
EPSOM DOWNS - BATTERSEA PARK LONDON,P26225,1438,stop,2026-04-07,14:51:00,,
EPSOM DOWNS - BATTERSEA PARK LONDON,P26224,1438,stop,2026-04-26,14:51:00,,
EPSOM DOWNS - BATTERSEA PARK LONDON,P26225,1438,stop,2026-04-24,14:51:00,,
EPSOM DOWNS - BATTERSEA PARK LONDON,P26225,1438,stop,2026-04-14,14:51:00,,
EPSOM DOWNS - BATTERSEA PARK LONDON,P26225,1438,stop,2026-04-23,14:51:00,,
EPSOM DOWNS - BATTERSEA PARK LONDON,P26225,1438,stop,2026-04-09,14:51:00,,
EPSOM DOWNS - STREATHAM HILL,P26224,1438,stop,2026-04-19,14:51:00,,
EPSOM DOWNS - BATTERSEA PARK LONDON,X96252,1438,stop,2026-04-03,14:51:00,,
EPSOM DOWNS - BATTERSEA PARK LONDON,P26225,1438,stop,2026-04-03,14:51:00,,
EPSOM DOWNS - BATTERSEA PARK LONDON,P26224,1438,stop,2026-04-12,14:51:00,,
EPSOM DOWNS - BATTERSEA PARK LONDON,P26225,1438,stop,2026-04-22,14:51:00,,
EPSOM DOWNS - BATTERSEA PARK LONDON,P26225,1438,stop,2026-04-20,14:51:00,,
EPSOM DOWNS - BATTERSEA PARK LONDON,P26225,1438,stop,2026-04-21,14:51:00,,
EPSOM DOWNS - BATTERSEA PARK LONDON,P26225,1438,stop,2026-04-01,14:51:00,,
DORKING - EARLSFIELD,P61046,1432,stop,2026-04-27,14:52:00,,
DORKING - EARLSFIELD,P61046,1432,stop,2026-04-02,14:52:00,,
DORKING - EARLSFIELD,P61046,1432,stop,2026-04-17,14:52:00,,
EPSOM DOWNS - BATTERSEA PARK LONDON,P26225,1438,stop,2026-04-06,14:51:00,,
EPSOM DOWNS - BATTERSEA PARK LONDON,X00792,1438,stop,2026-04-06,14:51:00,,
EPSOM DOWNS - BATTERSEA PARK LONDON,P26226,1438,stop,2026-04-25,14:51:00,,
EPSOM DOWNS - BATTERSEA PARK LONDON,P26225,1438,stop,2026-04-15,14:51:00,,
EPSOM DOWNS - BATTERSEA PARK LONDON,P26226,1438,stop,2026-04-11,14:51:00,,
EPSOM DOWNS - BATTERSEA PARK LONDON,P26225,1438,stop,2026-04-08,14:51:00,,
EPSOM DOWNS - BATTERSEA PARK LONDON,P26225,1438,stop,2026-04-13,14:51:00,,
EPSOM DOWNS - BATTERSEA PARK LONDON,P26225,1438,stop,2026-04-10,14:51:00,,
EPSOM DOWNS - STREATHAM HILL,P26226,1438,stop,2026-04-18,14:51:00,,
EPSOM DOWNS - BATTERSEA PARK LONDON,P26225,1438,stop,2026-04-17,14:51:00,,
DORKING - EARLSFIELD,P61046,1432,stop,2026-04-29,14:52:00,,
DORKING - EARLSFIELD,P61046,1432,stop,2026-04-22,14:52:00,,
DORKING - EARLSFIELD,P61046,1432,stop,2026-04-24,14:52:00,,
DORKING - EARLSFIELD,P61047,1432,stop,2026-04-04,14:52:00,,
DORKING - EARLSFIELD,Q50196,1432,stop,2026-04-06,14:52:00,,
DORKING - EARLSFIELD,P61046,1432,stop,2026-04-06,14:52:00,,
DORKING - EARLSFIELD,P61046,1432,stop,2026-04-14,14:52:00,,
DORKING - EARLSFIELD,P61046,1432,stop,2026-04-08,14:52:00,,
DORKING - EARLSFIELD,P61046,1432,stop,2026-04-30,14:52:00,,
DORKING - EARLSFIELD,P61046,1432,stop,2026-04-01,14:52:00,,
DORKING - EARLSFIELD,P61046,1432,stop,2026-04-16,14:52:00,,
DORKING - EARLSFIELD,P61047,1432,stop,2026-04-18,14:52:00,,
DORKING - EARLSFIELD,P61046,1432,stop,2026-04-23,14:52:00,,
DORKING - EARLSFIELD,P61046,1432,stop,2026-04-10,14:52:00,,
DORKING - EARLSFIELD,P61046,1432,stop,2026-04-13,14:52:00,,
DORKING - EARLSFIELD,P61046,1432,stop,2026-04-09,14:52:00,,
DORKING - EARLSFIELD,P61047,1432,stop,2026-04-11,14:52:00,,
DORKING - EARLSFIELD,Q38573,1432,stop,2026-04-03,14:52:00,,
DORKING - EARLSFIELD,P61046,1432,stop,2026-04-20,14:52:00,,
DORKING - EARLSFIELD,P61046,1432,stop,2026-04-15,14:52:00,,
DORKING - EARLSFIELD,P61046,1432,stop,2026-04-28,14:52:00,,
DORKING - EARLSFIELD,P61046,1432,stop,2026-04-03,14:52:00,,
DORKING - EARLSFIELD,P61047,1432,stop,2026-04-25,14:52:00,,
DORKING - EARLSFIELD,P61046,1432,stop,2026-04-07,14:52:00,,
EARLSFIELD - DORKING,P61037,1423,stop,2026-04-07,14:54:00,,
EARLSFIELD - DORKING,P61037,1423,stop,2026-04-23,14:54:00,,
EARLSFIELD - DORKING,P61038,1423,stop,2026-04-11,14:54:00,,
EARLSFIELD - DORKING,P61037,1423,stop,2026-04-02,14:54:00,,
EARLSFIELD - DORKING,P61038,1423,stop,2026-04-18,14:54:00,,
EARLSFIELD - DORKING,P61037,1423,stop,2026-04-28,14:54:00,,
EARLSFIELD - DORKING,P61037,1423,stop,2026-04-09,14:54:00,,
EARLSFIELD - DORKING,P61037,1423,stop,2026-04-21,14:54:00,,
EARLSFIELD - DORKING,P61038,1423,stop,2026-04-25,14:54:00,,
EARLSFIELD - DORKING,P61037,1423,stop,2026-04-17,14:54:00,,
EARLSFIELD - DORKING,Q38582,1423,stop,2026-04-03,14:54:00,,
EARLSFIELD - DORKING,P61037,1423,stop,2026-04-03,14:54:00,,
MITCHAM EASTFIELDS - DORKING (2),P26671,1420,stop,2026-04-18,14:53:00,,
DORKING - EARLSFIELD,P61046,1432,stop,2026-04-21,14:52:00,,
EARLSFIELD - DORKING,P61037,1423,stop,2026-04-08,14:54:00,,
EARLSFIELD - DORKING,Q50223,1423,stop,2026-04-06,14:54:00,,
EARLSFIELD - DORKING,P61037,1423,stop,2026-04-13,14:54:00,,
EARLSFIELD - DORKING,P61037,1423,stop,2026-04-24,14:54:00,,
EARLSFIELD - DORKING,P61038,1423,stop,2026-04-04,14:54:00,,
EARLSFIELD - DORKING,P61037,1423,stop,2026-04-06,14:54:00,,
EARLSFIELD - DORKING,P61037,1423,stop,2026-04-22,14:54:00,,
EARLSFIELD - DORKING,P61037,1423,stop,2026-04-29,14:54:00,,
EARLSFIELD - DORKING,P61037,1423,stop,2026-04-27,14:54:00,,
EARLSFIELD - DORKING,P61037,1423,stop,2026-04-16,14:54:00,,
EARLSFIELD - DORKING,P61037,1423,stop,2026-04-20,14:54:00,,
EARLSFIELD - DORKING,P61037,1423,stop,2026-04-30,14:54:00,,
EARLSFIELD - DORKING,P61037,1423,stop,2026-04-01,14:54:00,,
EARLSFIELD - DORKING,P61037,1423,stop,2026-04-14,14:54:00,,
EARLSFIELD - DORKING,P61037,1423,stop,2026-04-10,14:54:00,,
EARLSFIELD - DORKING,P61037,1423,stop,2026-04-15,14:54:00,,
SUTTON (SURREY) - DORKING,X04921,1455,stop,2026-04-12,14:55:00,,
GUILDFORD - EARLSFIELD,L74266,1420,stop,2026-04-19,14:57:00,,
SUTTON (SURREY) - TULSE HILL,X27292,1457,stop,2026-04-05,14:57:00,,
NORWOOD JUNCTION - EPSOM,P25243,1425,stop,2026-04-04,14:58:00,,
NORWOOD JUNCTION - EPSOM,P25242,1425,stop,2026-04-30,14:58:00,,
NORWOOD JUNCTION - EPSOM,P25242,1425,stop,2026-04-03,14:58:00,,
NORWOOD JUNCTION - EPSOM,P25243,1425,stop,2026-04-18,14:58:00,,
NORWOOD JUNCTION - EPSOM,P25242,1425,stop,2026-04-29,14:58:00,,
NORWOOD JUNCTION - EPSOM,P25242,1425,stop,2026-04-16,14:58:00,,
NORWOOD JUNCTION - EPSOM,P25242,1425,stop,2026-04-20,14:58:00,,
NORWOOD JUNCTION - EPSOM,P25242,1425,stop,2026-04-10,14:58:00,,
NORWOOD JUNCTION - EPSOM,P25242,1425,stop,2026-04-22,14:58:00,,
NORWOOD JUNCTION - EPSOM,P25242,1425,stop,2026-04-09,14:58:00,,
NORWOOD JUNCTION - EPSOM,P25242,1425,stop,2026-04-21,14:58:00,,
NORWOOD JUNCTION - EPSOM,X92716,1425,stop,2026-04-03,14:58:00,,
NORWOOD JUNCTION - EPSOM,P25242,1425,stop,2026-04-15,14:58:00,,
GUILDFORD - EARLSFIELD,L74266,1420,stop,2026-04-12,14:57:00,,
GUILDFORD - EARLSFIELD,L74266,1420,stop,2026-04-05,14:57:00,,
GUILDFORD - EARLSFIELD,L74266,1420,stop,2026-04-26,14:57:00,,
NORWOOD JUNCTION - EPSOM,P25243,1425,stop,2026-04-11,14:58:00,,
EPSOM DOWNS - BATTERSEA PARK LONDON,P26224,1438,stop,2026-04-05,14:58:00,,
NORWOOD JUNCTION - EPSOM,P25242,1425,stop,2026-04-27,14:58:00,,
NORWOOD JUNCTION - EPSOM,P25242,1425,stop,2026-04-23,14:58:00,,
NORWOOD JUNCTION - EPSOM,P25242,1425,stop,2026-04-14,14:58:00,,
NORWOOD JUNCTION - EPSOM,P25242,1425,stop,2026-04-01,14:58:00,,
NORWOOD JUNCTION - EPSOM,X01407,1425,stop,2026-04-06,14:58:00,,
NORWOOD JUNCTION - EPSOM,P25242,1425,stop,2026-04-06,14:58:00,,
NORWOOD JUNCTION - EPSOM,P25242,1425,stop,2026-04-28,14:58:00,,
NORWOOD JUNCTION - EPSOM,P25242,1425,stop,2026-04-08,14:58:00,,
NORWOOD JUNCTION - EPSOM,P25243,1425,stop,2026-04-25,14:58:00,,
NORWOOD JUNCTION - EPSOM,P25242,1425,stop,2026-04-02,14:58:00,,
NORWOOD JUNCTION - EPSOM,P25242,1425,stop,2026-04-24,14:58:00,,
NORWOOD JUNCTION - EPSOM,P25242,1425,stop,2026-04-17,14:58:00,,
NORWOOD JUNCTION - EPSOM,P25242,1425,stop,2026-04-13,14:58:00,,
NORWOOD JUNCTION - EPSOM,P25242,1425,stop,2026-04-07,14:58:00,,
LUTON - WIMBLEDON,W59672,1322,stop,2026-04-05,15:01:00,,
EARLSFIELD - GUILDFORD (2),P61605,1432,stop,2026-04-26,15:03:00,,
EARLSFIELD - GUILDFORD (2),P61605,1432,stop,2026-04-05,15:03:00,,
EARLSFIELD - GUILDFORD (2),P61605,1432,stop,2026-04-19,15:03:00,,
EARLSFIELD - GUILDFORD (2),P61605,1432,stop,2026-04-12,15:03:00,,
EFFINGHAM JUNCTION - WORCESTER PARK,Q54769,1415,stop,2026-04-12,15:04:00,,
HORSHAM - MITCHAM EASTFIELDS,P26680,1420,stop,2026-04-18,15:06:00,,
HORSHAM - BALHAM,P26679,1414,stop,2026-04-03,15:06:00,,
HORSHAM - BALHAM,X96284,1414,stop,2026-04-03,15:06:00,,
HORSHAM - BALHAM,P26679,1414,stop,2026-04-21,15:06:00,,
HORSHAM - BALHAM,P26680,1414,stop,2026-04-11,15:06:00,,
HORSHAM - BALHAM,P26679,1414,stop,2026-04-20,15:06:00,,
HORSHAM - BALHAM,P26679,1414,stop,2026-04-29,15:06:00,,
HORSHAM - BALHAM,P26679,1414,stop,2026-04-23,15:06:00,,
HORSHAM - BALHAM,P26679,1414,stop,2026-04-30,15:06:00,,
HORSHAM - BALHAM,X00950,1414,stop,2026-04-06,15:06:00,,
HORSHAM - BALHAM,P26679,1414,stop,2026-04-06,15:06:00,,
HORSHAM - BALHAM,P26679,1414,stop,2026-04-15,15:06:00,,
HORSHAM - BALHAM,P26679,1414,stop,2026-04-08,15:06:00,,
DORKING - BALHAM (2),P26681,1442,stop,2026-04-12,15:05:00,,
DORKING - BALHAM (2),P26681,1442,stop,2026-04-26,15:05:00,,
DORKING - MITCHAM EASTFIELDS,P26681,1442,stop,2026-04-19,15:05:00,,
ST ALBANS CITY - SUTTON (SURREY),G84931,1337,stop,2026-04-14,15:07:00,,
HORSHAM - BALHAM,P26679,1414,stop,2026-04-02,15:06:00,,
HORSHAM - BALHAM,P26679,1414,stop,2026-04-27,15:06:00,,
HORSHAM - BALHAM,P26679,1414,stop,2026-04-22,15:06:00,,
HORSHAM - BALHAM,P26679,1414,stop,2026-04-01,15:06:00,,
HORSHAM - BALHAM,P26679,1414,stop,2026-04-10,15:06:00,,
HORSHAM - BALHAM,P26680,1414,stop,2026-04-25,15:06:00,,
HORSHAM - BALHAM,P26679,1414,stop,2026-04-24,15:06:00,,
HORSHAM - BALHAM,P26679,1414,stop,2026-04-09,15:06:00,,
HORSHAM - BALHAM,P26679,1414,stop,2026-04-14,15:06:00,,
HORSHAM - BALHAM,P26679,1414,stop,2026-04-28,15:06:00,,
HORSHAM - BALHAM,P26679,1414,stop,2026-04-13,15:06:00,,
HORSHAM - BALHAM,P26679,1414,stop,2026-04-16,15:06:00,,
HORSHAM - BALHAM,P26679,1414,stop,2026-04-17,15:06:00,,
HORSHAM - BALHAM,P26679,1414,stop,2026-04-07,15:06:00,,
HORSHAM - BALHAM,P26680,1414,stop,2026-04-04,15:06:00,,
ST ALBANS CITY - SUTTON (SURREY),G84931,1337,stop,2026-04-23,15:07:00,,
ST ALBANS CITY - SUTTON (SURREY),G84931,1337,stop,2026-04-09,15:07:00,,
ST ALBANS CITY - SUTTON (SURREY),G84931,1337,stop,2026-04-21,15:07:00,,
ST ALBANS CITY - SUTTON (SURREY),G84931,1337,stop,2026-04-27,15:07:00,,
ST ALBANS CITY - SUTTON (SURREY),G84931,1337,stop,2026-04-24,15:07:00,,
ST ALBANS CITY - SUTTON (SURREY),G84931,1337,stop,2026-04-07,15:07:00,,
ST ALBANS CITY - SUTTON (SURREY),G84931,1337,stop,2026-04-10,15:07:00,,
ST ALBANS CITY - SUTTON (SURREY),G84931,1337,stop,2026-04-28,15:07:00,,
ST ALBANS CITY - SUTTON (SURREY),G84931,1337,stop,2026-04-13,15:07:00,,
ST ALBANS CITY - SUTTON (SURREY),G25290,1337,stop,2026-04-18,15:07:00,,
ST ALBANS CITY - SUTTON (SURREY),G84931,1337,stop,2026-04-15,15:07:00,,
ST ALBANS CITY - SUTTON (SURREY),G84931,1337,stop,2026-04-30,15:07:00,,
ST ALBANS CITY - SUTTON (SURREY),G84931,1337,stop,2026-04-20,15:07:00,,
ST ALBANS CITY - SUTTON (SURREY),G84931,1337,stop,2026-04-02,15:07:00,,
ST ALBANS CITY - SUTTON (SURREY),G25290,1337,stop,2026-04-11,15:07:00,,
ST ALBANS CITY - SUTTON (SURREY),G84931,1337,stop,2026-04-22,15:07:00,,
DORKING - BALHAM (3),P26681,1446,stop,2026-04-05,15:08:00,,
ST ALBANS CITY - SUTTON (SURREY),G84931,1337,stop,2026-04-06,15:07:00,,
ST ALBANS CITY - SUTTON (SURREY),G25290,1337,stop,2026-04-25,15:07:00,,
ST ALBANS CITY - SUTTON (SURREY),G84931,1337,stop,2026-04-08,15:07:00,,
LUTON - SUTTON (SURREY) (2),W59672,1322,stop,2026-04-12,15:07:00,,
ST ALBANS CITY - SUTTON (SURREY),G25290,1337,stop,2026-04-04,15:07:00,,
ST ALBANS CITY - SUTTON (SURREY),G84931,1337,stop,2026-04-29,15:07:00,,
ST ALBANS CITY - SUTTON (SURREY),G84931,1337,stop,2026-04-17,15:07:00,,
ST ALBANS CITY - SUTTON (SURREY),G84931,1337,stop,2026-04-03,15:07:00,,
ST ALBANS CITY - SUTTON (SURREY),G84931,1337,stop,2026-04-16,15:07:00,,
LUTON - SUTTON (SURREY) (2),W59672,1322,stop,2026-04-26,15:07:00,,
ST ALBANS CITY - SUTTON (SURREY),G84931,1337,stop,2026-04-01,15:07:00,,
WEST HAMPSTEAD THAMESLINK - SUTTON (SURREY) (2),W59672,1400,stop,2026-04-19,15:07:00,,
BALHAM - DORKING (3),P26678,1438,stop,2026-04-26,15:10:00,,
MITCHAM EASTFIELDS - DORKING,P26678,1438,stop,2026-04-19,15:10:00,,
SUTTON (SURREY) - STREATHAM HILL,P27152,1510,stop,2026-04-18,15:10:00,,
SUTTON (SURREY) - BALHAM (2),P26681,1512,stop,2026-04-12,15:12:00,,
BALHAM - HORSHAM,P26676,1441,stop,2026-04-07,15:13:00,,
BALHAM - HORSHAM,P26676,1441,stop,2026-04-22,15:13:00,,
BALHAM - HORSHAM,P26676,1441,stop,2026-04-30,15:13:00,,
BALHAM - HORSHAM,P26676,1441,stop,2026-04-15,15:13:00,,
BALHAM - HORSHAM,X00949,1441,stop,2026-04-06,15:13:00,,
BALHAM - HORSHAM,P26676,1441,stop,2026-04-09,15:13:00,,
BALHAM - HORSHAM,P26676,1441,stop,2026-04-16,15:13:00,,
BALHAM - HORSHAM,P26676,1441,stop,2026-04-01,15:13:00,,
BALHAM - HORSHAM,P26676,1441,stop,2026-04-24,15:13:00,,
BALHAM - HORSHAM,P26676,1441,stop,2026-04-06,15:13:00,,
BALHAM - HORSHAM,P26676,1441,stop,2026-04-14,15:13:00,,
BALHAM - HORSHAM,P26676,1441,stop,2026-04-10,15:13:00,,
BALHAM - DORKING (3),P26678,1438,stop,2026-04-12,15:13:00,,
BALHAM - HORSHAM,P26676,1441,stop,2026-04-23,15:13:00,,
BALHAM - HORSHAM,X96249,1441,stop,2026-04-03,15:13:00,,
WIMBLEDON - LUTON,G83971,1503,stop,2026-04-05,15:15:00,,
BALHAM - DORKING (6),P26678,1438,stop,2026-04-05,15:14:00,,
BALHAM - HORSHAM,P26676,1441,stop,2026-04-27,15:13:00,,
BALHAM - HORSHAM,P26676,1441,stop,2026-04-20,15:13:00,,
BALHAM - HORSHAM,P26676,1441,stop,2026-04-08,15:13:00,,
BALHAM - HORSHAM,P26676,1441,stop,2026-04-13,15:13:00,,
BALHAM - HORSHAM,P26677,1441,stop,2026-04-25,15:13:00,,
BALHAM - HORSHAM,P26676,1441,stop,2026-04-28,15:13:00,,
BALHAM - HORSHAM,P26676,1441,stop,2026-04-03,15:13:00,,
BALHAM - HORSHAM,P26677,1441,stop,2026-04-04,15:13:00,,
BALHAM - HORSHAM,P26676,1441,stop,2026-04-17,15:13:00,,
BALHAM - HORSHAM,P26676,1441,stop,2026-04-21,15:13:00,,
BALHAM - HORSHAM,P26677,1441,stop,2026-04-11,15:13:00,,
BALHAM - HORSHAM,P26676,1441,stop,2026-04-29,15:13:00,,
BALHAM - HORSHAM,P26676,1441,stop,2026-04-02,15:13:00,,
SUTTON (SURREY) - ST ALBANS CITY (3),G84936,1516,stop,2026-04-21,15:16:00,,
SUTTON (SURREY) - ST ALBANS CITY (3),G84936,1516,stop,2026-04-23,15:16:00,,
SUTTON (SURREY) - ST ALBANS CITY (3),G84936,1516,stop,2026-04-14,15:16:00,,
SUTTON (SURREY) - ST ALBANS CITY (3),G84936,1516,stop,2026-04-22,15:16:00,,
SUTTON (SURREY) - ST ALBANS CITY (3),G84936,1516,stop,2026-04-01,15:16:00,,
SUTTON (SURREY) - ST ALBANS CITY (3),G84936,1516,stop,2026-04-16,15:16:00,,
SUTTON (SURREY) - ST ALBANS CITY (3),G84936,1516,stop,2026-04-13,15:16:00,,
SUTTON (SURREY) - ST ALBANS CITY (3),G84936,1516,stop,2026-04-08,15:16:00,,
SUTTON (SURREY) - ST ALBANS CITY (3),G25329,1516,stop,2026-04-11,15:16:00,,
SUTTON (SURREY) - ST ALBANS CITY (3),G84936,1516,stop,2026-04-10,15:16:00,,
SUTTON (SURREY) - ST ALBANS CITY (6),G84934,1516,stop,2026-04-05,15:16:00,,
SUTTON (SURREY) - ST ALBANS CITY (3),G84936,1516,stop,2026-04-07,15:16:00,,
SUTTON (SURREY) - ST ALBANS CITY (6),G84934,1516,stop,2026-04-26,15:16:00,,
SUTTON (SURREY) - ST ALBANS CITY (3),G84936,1516,stop,2026-04-24,15:16:00,,
SUTTON (SURREY) - ST ALBANS CITY (6),G84934,1516,stop,2026-04-12,15:16:00,,
SUTTON (SURREY) - ST ALBANS CITY (3),G25329,1516,stop,2026-04-25,15:16:00,,
SUTTON (SURREY) - ST ALBANS CITY (3),G84936,1516,stop,2026-04-27,15:16:00,,
SUTTON (SURREY) - ST ALBANS CITY (3),G84936,1516,stop,2026-04-20,15:16:00,,
SUTTON (SURREY) - ST ALBANS CITY (3),G84936,1516,stop,2026-04-29,15:16:00,,
SUTTON (SURREY) - ST ALBANS CITY (6),G84934,1516,stop,2026-04-19,15:16:00,,
SUTTON (SURREY) - ST ALBANS CITY (3),G84936,1516,stop,2026-04-06,15:16:00,,
SUTTON (SURREY) - ST ALBANS CITY (3),G84936,1516,stop,2026-04-15,15:16:00,,
SUTTON (SURREY) - ST ALBANS CITY (3),G84936,1516,stop,2026-04-03,15:16:00,,
SUTTON (SURREY) - ST ALBANS CITY (3),G84936,1516,stop,2026-04-02,15:16:00,,
SUTTON (SURREY) - ST ALBANS CITY (3),G84936,1516,stop,2026-04-09,15:16:00,,
WORCESTER PARK - DORKING,Q54893,1505,stop,2026-04-12,15:18:00,,
DORKING - SUTTON (SURREY),X04884,1433,stop,2026-04-12,15:17:00,,
SUTTON (SURREY) - ST ALBANS CITY (3),G84936,1516,stop,2026-04-30,15:16:00,,
SUTTON (SURREY) - ST ALBANS CITY (3),G25329,1516,stop,2026-04-18,15:16:00,,
SUTTON (SURREY) - ST ALBANS CITY (3),G84936,1516,stop,2026-04-17,15:16:00,,
SUTTON (SURREY) - ST ALBANS CITY (3),G25329,1516,stop,2026-04-04,15:16:00,,
SUTTON (SURREY) - ST ALBANS CITY (3),G84936,1516,stop,2026-04-28,15:16:00,,
SUTTON (SURREY) - ST ALBANS CITY,G83972,1519,stop,2026-04-30,15:19:00,,
BATTERSEA PARK LONDON - EPSOM DOWNS,P26222,1430,stop,2026-04-29,15:19:00,,
SUTTON (SURREY) - ST ALBANS CITY,G83972,1519,stop,2026-04-14,15:19:00,,
BATTERSEA PARK LONDON - EPSOM DOWNS,P26222,1430,stop,2026-04-21,15:19:00,,
SUTTON (SURREY) - ST ALBANS CITY,G83972,1519,stop,2026-04-16,15:19:00,,
SUTTON (SURREY) - ST ALBANS CITY,G83972,1519,stop,2026-04-21,15:19:00,,
SUTTON (SURREY) - ST ALBANS CITY,G83972,1519,stop,2026-04-13,15:19:00,,
SUTTON (SURREY) - ST ALBANS CITY,G83972,1519,stop,2026-04-03,15:19:00,,
EPSOM - NORWOOD JUNCTION,P25248,1515,stop,2026-04-30,15:19:00,,
BATTERSEA PARK LONDON - EPSOM DOWNS,P26222,1430,stop,2026-04-01,15:19:00,,
EPSOM - NORWOOD JUNCTION,P25248,1515,stop,2026-04-23,15:19:00,,
EPSOM - NORWOOD JUNCTION,P25248,1515,stop,2026-04-06,15:19:00,,
EPSOM - NORWOOD JUNCTION,P25248,1515,stop,2026-04-20,15:19:00,,
BATTERSEA PARK LONDON - EPSOM DOWNS,P26222,1430,stop,2026-04-10,15:19:00,,
SUTTON (SURREY) - ST ALBANS CITY,G25331,1519,stop,2026-04-18,15:19:00,,
EPSOM - NORWOOD JUNCTION,P25248,1515,stop,2026-04-15,15:19:00,,
BATTERSEA PARK LONDON - EPSOM DOWNS,P26223,1430,stop,2026-04-04,15:19:00,,
SUTTON (SURREY) - ST ALBANS CITY,G83972,1519,stop,2026-04-20,15:19:00,,
EPSOM - NORWOOD JUNCTION,P25249,1515,stop,2026-04-11,15:19:00,,
BATTERSEA PARK LONDON - EPSOM DOWNS,P26222,1430,stop,2026-04-07,15:19:00,,
BATTERSEA PARK LONDON - EPSOM DOWNS,P26222,1430,stop,2026-04-20,15:19:00,,
BATTERSEA PARK LONDON - EPSOM DOWNS,P26222,1430,stop,2026-04-09,15:19:00,,
EPSOM - NORWOOD JUNCTION,P25248,1515,stop,2026-04-08,15:19:00,,
STREATHAM HILL - EPSOM DOWNS,P26221,1443,stop,2026-04-19,15:19:00,,
EPSOM - NORWOOD JUNCTION,P25248,1515,stop,2026-04-17,15:19:00,,
EPSOM - NORWOOD JUNCTION,X01410,1515,stop,2026-04-06,15:19:00,,
EPSOM - NORWOOD JUNCTION,P25248,1515,stop,2026-04-02,15:19:00,,
EPSOM - NORWOOD JUNCTION,P25249,1515,stop,2026-04-25,15:19:00,,
SUTTON (SURREY) - LUTON,G83971,1519,stop,2026-04-12,15:19:00,,
EPSOM - NORWOOD JUNCTION,P25248,1515,stop,2026-04-09,15:19:00,,
BATTERSEA PARK LONDON - EPSOM DOWNS,X96261,1430,stop,2026-04-03,15:19:00,,
BATTERSEA PARK LONDON - EPSOM DOWNS,P26222,1430,stop,2026-04-03,15:19:00,,
BATTERSEA PARK LONDON - EPSOM DOWNS,P26222,1430,stop,2026-04-15,15:19:00,,
SUTTON (SURREY) - ST ALBANS CITY,G83972,1519,stop,2026-04-08,15:19:00,,
SUTTON (SURREY) - ST ALBANS CITY,G25331,1519,stop,2026-04-04,15:19:00,,
SUTTON (SURREY) - ST ALBANS CITY,G83972,1519,stop,2026-04-15,15:19:00,,
SUTTON (SURREY) - WEST HAMPSTEAD THAMESLINK,G83971,1519,stop,2026-04-19,15:19:00,,
EPSOM - NORWOOD JUNCTION,P25248,1515,stop,2026-04-14,15:19:00,,
EPSOM - NORWOOD JUNCTION,P25248,1515,stop,2026-04-29,15:19:00,,
BATTERSEA PARK LONDON - EPSOM DOWNS,P26222,1430,stop,2026-04-02,15:19:00,,
BATTERSEA PARK LONDON - EPSOM DOWNS,P26222,1430,stop,2026-04-22,15:19:00,,
EPSOM - NORWOOD JUNCTION,P25248,1515,stop,2026-04-21,15:19:00,,
SUTTON (SURREY) - ST ALBANS CITY,G83972,1519,stop,2026-04-29,15:19:00,,
BATTERSEA PARK LONDON - EPSOM DOWNS,P26222,1430,stop,2026-04-16,15:19:00,,
EPSOM - NORWOOD JUNCTION,P25248,1515,stop,2026-04-27,15:19:00,,
EPSOM - NORWOOD JUNCTION,P25248,1515,stop,2026-04-22,15:19:00,,
EPSOM - NORWOOD JUNCTION,P25248,1515,stop,2026-04-01,15:19:00,,
SUTTON (SURREY) - ST ALBANS CITY,G83972,1519,stop,2026-04-24,15:19:00,,
EPSOM - NORWOOD JUNCTION,P25248,1515,stop,2026-04-16,15:19:00,,
BATTERSEA PARK LONDON - EPSOM DOWNS,P26222,1430,stop,2026-04-08,15:19:00,,
EPSOM - NORWOOD JUNCTION,P25248,1515,stop,2026-04-28,15:19:00,,
BATTERSEA PARK LONDON - EPSOM DOWNS,P26222,1430,stop,2026-04-30,15:19:00,,
SUTTON (SURREY) - ST ALBANS CITY,G83972,1519,stop,2026-04-17,15:19:00,,
STREATHAM HILL - EPSOM DOWNS,P26223,1443,stop,2026-04-18,15:19:00,,
SUTTON (SURREY) - ST ALBANS CITY,G83972,1519,stop,2026-04-02,15:19:00,,
SUTTON (SURREY) - ST ALBANS CITY,G83972,1519,stop,2026-04-22,15:19:00,,
SUTTON (SURREY) - ST ALBANS CITY,G83972,1519,stop,2026-04-23,15:19:00,,
EPSOM - NORWOOD JUNCTION,P25248,1515,stop,2026-04-07,15:19:00,,
SUTTON (SURREY) - LUTON,G83971,1519,stop,2026-04-26,15:19:00,,
BATTERSEA PARK LONDON - EPSOM DOWNS,P26222,1430,stop,2026-04-27,15:19:00,,
BATTERSEA PARK LONDON - EPSOM DOWNS,P26222,1430,stop,2026-04-13,15:19:00,,
BATTERSEA PARK LONDON - EPSOM DOWNS,P26221,1430,stop,2026-04-12,15:19:00,,
EPSOM - NORWOOD JUNCTION,P25248,1515,stop,2026-04-10,15:19:00,,
BATTERSEA PARK LONDON - EPSOM DOWNS,P26222,1430,stop,2026-04-06,15:19:00,,
EPSOM - NORWOOD JUNCTION,P25249,1515,stop,2026-04-04,15:19:00,,
SUTTON (SURREY) - ST ALBANS CITY,G25331,1519,stop,2026-04-25,15:19:00,,
BATTERSEA PARK LONDON - EPSOM DOWNS,P26222,1430,stop,2026-04-24,15:19:00,,
BATTERSEA PARK LONDON - EPSOM DOWNS,P26223,1430,stop,2026-04-11,15:19:00,,
BATTERSEA PARK LONDON - EPSOM DOWNS,P26222,1430,stop,2026-04-23,15:19:00,,
SUTTON (SURREY) - ST ALBANS CITY,G83972,1519,stop,2026-04-06,15:19:00,,
BATTERSEA PARK LONDON - EPSOM DOWNS,P26222,1430,stop,2026-04-28,15:19:00,,
SUTTON (SURREY) - ST ALBANS CITY,G83972,1519,stop,2026-04-27,15:19:00,,
SUTTON (SURREY) - ST ALBANS CITY,G25331,1519,stop,2026-04-11,15:19:00,,
SUTTON (SURREY) - ST ALBANS CITY,G83972,1519,stop,2026-04-09,15:19:00,,
SUTTON (SURREY) - ST ALBANS CITY,G83972,1519,stop,2026-04-10,15:19:00,,
EPSOM - NORWOOD JUNCTION,P25249,1515,stop,2026-04-18,15:19:00,,
SUTTON (SURREY) - ST ALBANS CITY,G83972,1519,stop,2026-04-01,15:19:00,,
EPSOM - NORWOOD JUNCTION,X96201,1515,stop,2026-04-03,15:19:00,,
EPSOM - NORWOOD JUNCTION,P25248,1515,stop,2026-04-13,15:19:00,,
SUTTON (SURREY) - ST ALBANS CITY,G83972,1519,stop,2026-04-28,15:19:00,,
EPSOM - NORWOOD JUNCTION,P25248,1515,stop,2026-04-03,15:19:00,,
BATTERSEA PARK LONDON - EPSOM DOWNS,P26222,1430,stop,2026-04-14,15:19:00,,
BATTERSEA PARK LONDON - EPSOM DOWNS,P26222,1430,stop,2026-04-17,15:19:00,,
BATTERSEA PARK LONDON - EPSOM DOWNS,X00791,1430,stop,2026-04-06,15:19:00,,
EPSOM - NORWOOD JUNCTION,P25248,1515,stop,2026-04-24,15:19:00,,
EPSOM DOWNS - BATTERSEA PARK LONDON,P26231,1508,stop,2026-04-13,15:21:00,,
EPSOM DOWNS - BATTERSEA PARK LONDON,P26231,1508,stop,2026-04-03,15:21:00,,
EPSOM DOWNS - BATTERSEA PARK LONDON,P26231,1508,stop,2026-04-10,15:21:00,,
EPSOM DOWNS - BATTERSEA PARK LONDON,P26231,1508,stop,2026-04-28,15:21:00,,
EPSOM DOWNS - BATTERSEA PARK LONDON,P26231,1508,stop,2026-04-07,15:21:00,,
EPSOM DOWNS - BATTERSEA PARK LONDON,P26232,1508,stop,2026-04-04,15:21:00,,
EPSOM DOWNS - BATTERSEA PARK LONDON,P26231,1508,stop,2026-04-17,15:21:00,,
EPSOM DOWNS - BATTERSEA PARK LONDON,P26231,1508,stop,2026-04-15,15:21:00,,
EPSOM DOWNS - BATTERSEA PARK LONDON,X96212,1508,stop,2026-04-03,15:21:00,,
EPSOM DOWNS - BATTERSEA PARK LONDON,P26231,1508,stop,2026-04-22,15:21:00,,
EPSOM DOWNS - BATTERSEA PARK LONDON,P26231,1508,stop,2026-04-24,15:21:00,,
BATTERSEA PARK LONDON - EPSOM DOWNS,P26221,1430,stop,2026-04-05,15:20:00,,
BATTERSEA PARK LONDON - EPSOM DOWNS,P26223,1430,stop,2026-04-25,15:19:00,,
BATTERSEA PARK LONDON - EPSOM DOWNS,P26221,1430,stop,2026-04-26,15:19:00,,
SUTTON (SURREY) - ST ALBANS CITY,G83972,1519,stop,2026-04-07,15:19:00,,
EPSOM DOWNS - BATTERSEA PARK LONDON,P26231,1508,stop,2026-04-30,15:21:00,,
EPSOM DOWNS - BATTERSEA PARK LONDON,P26231,1508,stop,2026-04-23,15:21:00,,
EPSOM DOWNS - BATTERSEA PARK LONDON,P26231,1508,stop,2026-04-09,15:21:00,,
EPSOM DOWNS - BATTERSEA PARK LONDON,P26230,1508,stop,2026-04-26,15:21:00,,
EPSOM DOWNS - STREATHAM HILL,P26230,1508,stop,2026-04-19,15:21:00,,
EPSOM DOWNS - BATTERSEA PARK LONDON,P26230,1508,stop,2026-04-12,15:21:00,,
EPSOM DOWNS - BATTERSEA PARK LONDON,P26231,1508,stop,2026-04-02,15:21:00,,
EPSOM DOWNS - BATTERSEA PARK LONDON,P26231,1508,stop,2026-04-20,15:21:00,,
EPSOM DOWNS - BATTERSEA PARK LONDON,P26232,1508,stop,2026-04-25,15:21:00,,
EPSOM DOWNS - BATTERSEA PARK LONDON,P26231,1508,stop,2026-04-01,15:21:00,,
EPSOM DOWNS - BATTERSEA PARK LONDON,P26232,1508,stop,2026-04-11,15:21:00,,
EPSOM DOWNS - STREATHAM HILL,P26232,1508,stop,2026-04-18,15:21:00,,
EPSOM DOWNS - BATTERSEA PARK LONDON,P26231,1508,stop,2026-04-14,15:21:00,,
EPSOM DOWNS - BATTERSEA PARK LONDON,P26231,1508,stop,2026-04-21,15:21:00,,
EPSOM DOWNS - BATTERSEA PARK LONDON,P26231,1508,stop,2026-04-08,15:21:00,,
EPSOM DOWNS - BATTERSEA PARK LONDON,P26231,1508,stop,2026-04-06,15:21:00,,
GUILDFORD - EARLSFIELD,L74271,1445,stop,2026-04-11,15:22:00,,
GUILDFORD - EARLSFIELD,L74270,1445,stop,2026-04-17,15:22:00,,
GUILDFORD - EARLSFIELD,L74270,1445,stop,2026-04-21,15:22:00,,
GUILDFORD - EARLSFIELD,L74270,1445,stop,2026-04-09,15:22:00,,
GUILDFORD - EARLSFIELD,L74271,1445,stop,2026-04-25,15:22:00,,
GUILDFORD - EARLSFIELD,L74270,1445,stop,2026-04-24,15:22:00,,
GUILDFORD - EARLSFIELD,L74270,1445,stop,2026-04-23,15:22:00,,
GUILDFORD - EARLSFIELD,L74270,1445,stop,2026-04-20,15:22:00,,
GUILDFORD - EARLSFIELD,L74270,1445,stop,2026-04-13,15:22:00,,
GUILDFORD - EARLSFIELD,L74270,1445,stop,2026-04-15,15:22:00,,
GUILDFORD - EARLSFIELD,L74270,1445,stop,2026-04-08,15:22:00,,
EPSOM DOWNS - BATTERSEA PARK LONDON,P26231,1508,stop,2026-04-29,15:21:00,,
EPSOM DOWNS - BATTERSEA PARK LONDON,P26231,1508,stop,2026-04-27,15:21:00,,
EPSOM DOWNS - BATTERSEA PARK LONDON,X00794,1508,stop,2026-04-06,15:21:00,,
EPSOM DOWNS - BATTERSEA PARK LONDON,P26231,1508,stop,2026-04-16,15:21:00,,
GUILDFORD - EARLSFIELD,L74270,1445,stop,2026-04-03,15:22:00,,
GUILDFORD - EARLSFIELD,L74271,1445,stop,2026-04-18,15:22:00,,
GUILDFORD - EARLSFIELD,L74270,1445,stop,2026-04-10,15:22:00,,
GUILDFORD - EARLSFIELD,L74270,1445,stop,2026-04-16,15:22:00,,
GUILDFORD - EARLSFIELD,L74270,1445,stop,2026-04-22,15:22:00,,
GUILDFORD - EARLSFIELD,L74270,1445,stop,2026-04-14,15:22:00,,
MITCHAM EASTFIELDS - HORSHAM (2),P26677,1450,stop,2026-04-18,15:22:00,,
GUILDFORD - EARLSFIELD,L74270,1445,stop,2026-04-06,15:22:00,,
GUILDFORD - EARLSFIELD,L74270,1445,stop,2026-04-28,15:22:00,,
GUILDFORD - EARLSFIELD,L74270,1445,stop,2026-04-07,15:22:00,,
GUILDFORD - EARLSFIELD,L74270,1445,stop,2026-04-30,15:22:00,,
GUILDFORD - EARLSFIELD,Q88878,1445,stop,2026-04-03,15:22:00,,
GUILDFORD - EARLSFIELD,L74270,1445,stop,2026-04-29,15:22:00,,
EARLSFIELD - GUILDFORD (2),P61603,1453,stop,2026-04-06,15:24:00,,
EARLSFIELD - GUILDFORD (2),P61603,1453,stop,2026-04-15,15:24:00,,
GUILDFORD - EARLSFIELD,L74270,1445,stop,2026-04-27,15:22:00,,
GUILDFORD - EARLSFIELD,Q50139,1445,stop,2026-04-06,15:22:00,,
GUILDFORD - EARLSFIELD,L74270,1445,stop,2026-04-02,15:22:00,,
GUILDFORD - EARLSFIELD,L74270,1445,stop,2026-04-01,15:22:00,,
GUILDFORD - EARLSFIELD,L74271,1445,stop,2026-04-04,15:22:00,,
EARLSFIELD - GUILDFORD (2),P61603,1453,stop,2026-04-21,15:24:00,,
EARLSFIELD - GUILDFORD (2),P61603,1453,stop,2026-04-22,15:24:00,,
EARLSFIELD - GUILDFORD (2),P61603,1453,stop,2026-04-17,15:24:00,,
EARLSFIELD - GUILDFORD (2),P61604,1453,stop,2026-04-25,15:24:00,,
EARLSFIELD - GUILDFORD (2),P61603,1453,stop,2026-04-23,15:24:00,,
EARLSFIELD - GUILDFORD (2),P61603,1453,stop,2026-04-14,15:24:00,,
EARLSFIELD - GUILDFORD (2),P61603,1453,stop,2026-04-02,15:24:00,,
EARLSFIELD - GUILDFORD (2),P61604,1453,stop,2026-04-11,15:24:00,,
EARLSFIELD - GUILDFORD (2),P61603,1453,stop,2026-04-08,15:24:00,,
EARLSFIELD - GUILDFORD (2),P61603,1453,stop,2026-04-30,15:24:00,,
EARLSFIELD - GUILDFORD (2),P61603,1453,stop,2026-04-03,15:24:00,,
EARLSFIELD - GUILDFORD (2),Q38558,1453,stop,2026-04-03,15:24:00,,
EARLSFIELD - GUILDFORD (2),P61603,1453,stop,2026-04-16,15:24:00,,
EARLSFIELD - GUILDFORD (2),P61603,1453,stop,2026-04-07,15:24:00,,
EARLSFIELD - GUILDFORD (2),P61603,1453,stop,2026-04-29,15:24:00,,
EARLSFIELD - GUILDFORD (2),P61604,1453,stop,2026-04-18,15:24:00,,
SUTTON (SURREY) - DORKING,X04920,1525,stop,2026-04-12,15:25:00,,
EARLSFIELD - GUILDFORD (2),P61603,1453,stop,2026-04-27,15:24:00,,
EARLSFIELD - GUILDFORD (2),P61603,1453,stop,2026-04-01,15:24:00,,
EARLSFIELD - GUILDFORD (2),P61603,1453,stop,2026-04-09,15:24:00,,
EARLSFIELD - GUILDFORD (2),P61603,1453,stop,2026-04-24,15:24:00,,
EARLSFIELD - GUILDFORD (2),P61603,1453,stop,2026-04-13,15:24:00,,
EARLSFIELD - GUILDFORD (2),P61603,1453,stop,2026-04-28,15:24:00,,
EARLSFIELD - GUILDFORD (2),P61603,1453,stop,2026-04-20,15:24:00,,
EARLSFIELD - GUILDFORD (2),Q50121,1453,stop,2026-04-06,15:24:00,,
EARLSFIELD - GUILDFORD (2),P61603,1453,stop,2026-04-10,15:24:00,,
EARLSFIELD - GUILDFORD (2),P61604,1453,stop,2026-04-04,15:24:00,,
EPSOM DOWNS - BATTERSEA PARK LONDON,P26230,1508,stop,2026-04-05,15:28:00,,
NORWOOD JUNCTION - EPSOM,P25246,1455,stop,2026-04-09,15:28:00,,
NORWOOD JUNCTION - EPSOM,P25247,1455,stop,2026-04-25,15:28:00,,
DORKING - EARLSFIELD,P61048,1507,stop,2026-04-12,15:27:00,,
SUTTON (SURREY) - TULSE HILL,X27291,1527,stop,2026-04-05,15:27:00,,
DORKING - EARLSFIELD,P61048,1507,stop,2026-04-19,15:27:00,,
DORKING - EARLSFIELD,P61048,1507,stop,2026-04-26,15:27:00,,
DORKING - EARLSFIELD,P61048,1507,stop,2026-04-05,15:27:00,,
NORWOOD JUNCTION - EPSOM,X92926,1455,stop,2026-04-03,15:28:00,,
NORWOOD JUNCTION - EPSOM,P25246,1455,stop,2026-04-30,15:28:00,,
NORWOOD JUNCTION - EPSOM,P25246,1455,stop,2026-04-03,15:28:00,,
NORWOOD JUNCTION - EPSOM,P25246,1455,stop,2026-04-02,15:28:00,,
NORWOOD JUNCTION - EPSOM,P25246,1455,stop,2026-04-29,15:28:00,,
NORWOOD JUNCTION - EPSOM,P25246,1455,stop,2026-04-28,15:28:00,,
NORWOOD JUNCTION - EPSOM,P25247,1455,stop,2026-04-04,15:28:00,,
NORWOOD JUNCTION - EPSOM,P25246,1455,stop,2026-04-17,15:28:00,,
NORWOOD JUNCTION - EPSOM,X01409,1455,stop,2026-04-06,15:28:00,,
NORWOOD JUNCTION - EPSOM,P25246,1455,stop,2026-04-27,15:28:00,,
NORWOOD JUNCTION - EPSOM,P25246,1455,stop,2026-04-08,15:28:00,,
NORWOOD JUNCTION - EPSOM,P25246,1455,stop,2026-04-15,15:28:00,,
NORWOOD JUNCTION - EPSOM,P25247,1455,stop,2026-04-11,15:28:00,,
NORWOOD JUNCTION - EPSOM,P25246,1455,stop,2026-04-06,15:28:00,,
NORWOOD JUNCTION - EPSOM,P25246,1455,stop,2026-04-24,15:28:00,,
NORWOOD JUNCTION - EPSOM,P25246,1455,stop,2026-04-14,15:28:00,,
NORWOOD JUNCTION - EPSOM,P25246,1455,stop,2026-04-21,15:31:00,,
NORWOOD JUNCTION - EPSOM,P25246,1455,stop,2026-04-23,15:28:00,,
NORWOOD JUNCTION - EPSOM,P25246,1455,stop,2026-04-10,15:28:00,,
NORWOOD JUNCTION - EPSOM,P25246,1455,stop,2026-04-07,15:28:00,,
NORWOOD JUNCTION - EPSOM,P25247,1455,stop,2026-04-18,15:28:00,,
NORWOOD JUNCTION - EPSOM,P25246,1455,stop,2026-04-20,15:28:00,,
NORWOOD JUNCTION - EPSOM,P25246,1455,stop,2026-04-16,15:28:00,,
NORWOOD JUNCTION - EPSOM,P25246,1455,stop,2026-04-13,15:28:00,,
NORWOOD JUNCTION - EPSOM,P25246,1455,stop,2026-04-22,15:28:00,,
NORWOOD JUNCTION - EPSOM,P25246,1455,stop,2026-04-01,15:28:00,,
LUTON - WIMBLEDON,W59673,1352,stop,2026-04-05,15:31:00,,
DORKING - WORCESTER PARK,Q54841,1450,stop,2026-04-12,15:34:00,,
EARLSFIELD - DORKING,P61045,1502,stop,2026-04-12,15:33:00,,
EARLSFIELD - DORKING,P61045,1502,stop,2026-04-19,15:33:00,,
EARLSFIELD - DORKING,P61045,1502,stop,2026-04-26,15:33:00,,
EARLSFIELD - DORKING,P61045,1502,stop,2026-04-05,15:33:00,,
ST ALBANS CITY - SUTTON (SURREY),G84937,1407,stop,2026-04-23,15:37:00,,
ST ALBANS CITY - SUTTON (SURREY),G84937,1407,stop,2026-04-01,15:37:00,,
ST ALBANS CITY - SUTTON (SURREY),G84937,1407,stop,2026-04-24,15:37:00,,
DORKING - MITCHAM EASTFIELDS,P26687,1512,stop,2026-04-19,15:35:00,,
DORKING - BALHAM (2),P26687,1512,stop,2026-04-26,15:35:00,,
DORKING - BALHAM (2),P26687,1512,stop,2026-04-12,15:35:00,,
ST ALBANS CITY - SUTTON (SURREY),G84937,1407,stop,2026-04-28,15:37:00,,
ST ALBANS CITY - SUTTON (SURREY),G84937,1407,stop,2026-04-15,15:37:00,,
WEST HAMPSTEAD THAMESLINK - SUTTON (SURREY) (2),W59673,1430,stop,2026-04-19,15:37:00,,
ST ALBANS CITY - SUTTON (SURREY),G84937,1407,stop,2026-04-06,15:37:00,,
ST ALBANS CITY - SUTTON (SURREY),G84937,1407,stop,2026-04-09,15:37:00,,
ST ALBANS CITY - SUTTON (SURREY),G84937,1407,stop,2026-04-14,15:37:00,,
ST ALBANS CITY - SUTTON (SURREY),G25302,1407,stop,2026-04-04,15:37:00,,
ST ALBANS CITY - SUTTON (SURREY),G25302,1407,stop,2026-04-18,15:37:00,,
ST ALBANS CITY - SUTTON (SURREY),G84937,1407,stop,2026-04-21,15:37:00,,
ST ALBANS CITY - SUTTON (SURREY),G84937,1407,stop,2026-04-02,15:37:00,,
ST ALBANS CITY - SUTTON (SURREY),G84937,1407,stop,2026-04-20,15:37:00,,
ST ALBANS CITY - SUTTON (SURREY),G84937,1407,stop,2026-04-03,15:37:00,,
ST ALBANS CITY - SUTTON (SURREY),G84937,1407,stop,2026-04-13,15:37:00,,
ST ALBANS CITY - SUTTON (SURREY),G84937,1407,stop,2026-04-10,15:37:00,,
ST ALBANS CITY - SUTTON (SURREY),G84937,1407,stop,2026-04-16,15:37:00,,
ST ALBANS CITY - SUTTON (SURREY),G25302,1407,stop,2026-04-11,15:37:00,,
DORKING - BALHAM (3),P26687,1516,stop,2026-04-05,15:38:00,,
ST ALBANS CITY - SUTTON (SURREY),G84937,1407,stop,2026-04-30,15:37:00,,
LUTON - SUTTON (SURREY) (2),W59673,1352,stop,2026-04-26,15:37:00,,
LUTON - SUTTON (SURREY) (2),W59673,1352,stop,2026-04-12,15:37:00,,
ST ALBANS CITY - SUTTON (SURREY),G84937,1407,stop,2026-04-08,15:37:00,,
ST ALBANS CITY - SUTTON (SURREY),G84937,1407,stop,2026-04-07,15:37:00,,
ST ALBANS CITY - SUTTON (SURREY),G84937,1407,stop,2026-04-22,15:37:00,,
ST ALBANS CITY - SUTTON (SURREY),G84937,1407,stop,2026-04-29,15:37:00,,
ST ALBANS CITY - SUTTON (SURREY),G25302,1407,stop,2026-04-25,15:37:00,,
DORKING - MITCHAM EASTFIELDS (2),P26686,1517,stop,2026-04-18,15:37:00,,
ST ALBANS CITY - SUTTON (SURREY),G84937,1407,stop,2026-04-27,15:37:00,,
ST ALBANS CITY - SUTTON (SURREY),G84937,1407,stop,2026-04-17,15:37:00,,
DORKING - BALHAM (3),P26685,1517,stop,2026-04-13,15:39:00,,
DORKING - BALHAM (3),P26686,1517,stop,2026-04-25,15:39:00,,
DORKING - BALHAM (3),P26685,1517,stop,2026-04-24,15:39:00,,
DORKING - BALHAM (3),P26685,1517,stop,2026-04-10,15:39:00,,
DORKING - BALHAM (3),P26685,1517,stop,2026-04-16,15:39:00,,
DORKING - BALHAM (3),P26685,1517,stop,2026-04-14,15:39:00,,
DORKING - BALHAM (3),P26685,1517,stop,2026-04-17,15:39:00,,
DORKING - BALHAM (3),P26685,1517,stop,2026-04-23,15:39:00,,
DORKING - BALHAM (3),P26685,1517,stop,2026-04-29,15:39:00,,
DORKING - BALHAM (3),P26685,1517,stop,2026-04-08,15:39:00,,
DORKING - BALHAM (3),P26685,1517,stop,2026-04-06,15:39:00,,
DORKING - BALHAM (3),X00952,1517,stop,2026-04-06,15:39:00,,
DORKING - BALHAM (3),P26686,1517,stop,2026-04-04,15:39:00,,
DORKING - BALHAM (3),P26685,1517,stop,2026-04-27,15:39:00,,
DORKING - BALHAM (3),P26685,1517,stop,2026-04-15,15:39:00,,
DORKING - BALHAM (3),P26685,1517,stop,2026-04-01,15:39:00,,
BALHAM - DORKING (3),P26684,1508,stop,2026-04-26,15:40:00,,
MITCHAM EASTFIELDS - DORKING,P26684,1508,stop,2026-04-19,15:40:00,,
SUTTON (SURREY) - STREATHAM HILL,P27156,1540,stop,2026-04-18,15:40:00,,
DORKING - BALHAM (3),P26685,1517,stop,2026-04-07,15:39:00,,
DORKING - BALHAM (3),P26685,1517,stop,2026-04-30,15:39:00,,
DORKING - BALHAM (3),P26685,1517,stop,2026-04-20,15:39:00,,
DORKING - BALHAM (3),P26685,1517,stop,2026-04-09,15:39:00,,
DORKING - BALHAM (3),P26685,1517,stop,2026-04-03,15:39:00,,
DORKING - BALHAM (3),P26685,1517,stop,2026-04-21,15:39:00,,
DORKING - BALHAM (3),P26685,1517,stop,2026-04-28,15:39:00,,
DORKING - BALHAM (3),P26685,1517,stop,2026-04-02,15:39:00,,
DORKING - BALHAM (3),P26685,1517,stop,2026-04-22,15:39:00,,
DORKING - BALHAM (3),P26686,1517,stop,2026-04-11,15:39:00,,
DORKING - BALHAM (3),X96198,1517,stop,2026-04-03,15:39:00,,
SUTTON (SURREY) - BALHAM (2),P26687,1542,stop,2026-04-12,15:42:00,,
BALHAM - DORKING,P26682,1511,stop,2026-04-16,15:43:00,,
BALHAM - DORKING,P26682,1511,stop,2026-04-27,15:43:00,,
BALHAM - DORKING,P26682,1511,stop,2026-04-06,15:43:00,,
BALHAM - DORKING,P26682,1511,stop,2026-04-10,15:43:00,,
BALHAM - DORKING,X00951,1511,stop,2026-04-06,15:43:00,,
BALHAM - DORKING,P26682,1511,stop,2026-04-28,15:43:00,,
BALHAM - DORKING,P26683,1511,stop,2026-04-11,15:43:00,,
BALHAM - DORKING,P26682,1511,stop,2026-04-09,15:43:00,,
BALHAM - DORKING,P26683,1511,stop,2026-04-04,15:43:00,,
BALHAM - DORKING,P26682,1511,stop,2026-04-20,15:43:00,,
BALHAM - DORKING,P26682,1511,stop,2026-04-13,15:43:00,,
BALHAM - DORKING,P26682,1511,stop,2026-04-08,15:43:00,,
BALHAM - DORKING,P26682,1511,stop,2026-04-29,15:43:00,,
BALHAM - DORKING,P26682,1511,stop,2026-04-22,15:43:00,,
BALHAM - DORKING (3),P26684,1508,stop,2026-04-12,15:43:00,,
BALHAM - DORKING,P26683,1511,stop,2026-04-25,15:43:00,,
SUTTON (SURREY) - ST ALBANS CITY (3),G84942,1546,stop,2026-04-14,15:46:00,,
WIMBLEDON - LUTON,G83977,1533,stop,2026-04-05,15:45:00,,
BALHAM - DORKING (6),P26684,1508,stop,2026-04-05,15:44:00,,
BALHAM - DORKING,X96209,1511,stop,2026-04-03,15:43:00,,
BALHAM - DORKING,P26682,1511,stop,2026-04-30,15:43:00,,
BALHAM - DORKING,P26682,1511,stop,2026-04-02,15:43:00,,
BALHAM - DORKING,P26682,1511,stop,2026-04-21,15:43:00,,
BALHAM - DORKING,P26682,1511,stop,2026-04-23,15:43:00,,
BALHAM - DORKING,P26682,1511,stop,2026-04-03,15:43:00,,
BALHAM - DORKING,P26682,1511,stop,2026-04-01,15:43:00,,
BALHAM - DORKING,P26682,1511,stop,2026-04-07,15:43:00,,
BALHAM - DORKING,P26682,1511,stop,2026-04-17,15:43:00,,
BALHAM - DORKING,P26682,1511,stop,2026-04-14,15:43:00,,
BALHAM - DORKING,P26682,1511,stop,2026-04-24,15:43:00,,
BALHAM - DORKING,P26682,1511,stop,2026-04-15,15:43:00,,
SUTTON (SURREY) - ST ALBANS CITY (3),G84942,1546,stop,2026-04-09,15:46:00,,
SUTTON (SURREY) - ST ALBANS CITY (3),G84942,1546,stop,2026-04-21,15:46:00,,
SUTTON (SURREY) - ST ALBANS CITY (6),G84940,1546,stop,2026-04-05,15:46:00,,
SUTTON (SURREY) - ST ALBANS CITY (3),G25341,1546,stop,2026-04-04,15:46:00,,
SUTTON (SURREY) - ST ALBANS CITY (3),G84942,1546,stop,2026-04-30,15:46:00,,
SUTTON (SURREY) - ST ALBANS CITY (3),G84942,1546,stop,2026-04-28,15:46:00,,
SUTTON (SURREY) - ST ALBANS CITY (6),G84940,1546,stop,2026-04-12,15:46:00,,
SUTTON (SURREY) - ST ALBANS CITY (3),G84942,1546,stop,2026-04-08,15:46:00,,
SUTTON (SURREY) - ST ALBANS CITY (3),G84942,1546,stop,2026-04-06,15:46:00,,
SUTTON (SURREY) - ST ALBANS CITY (3),G84942,1546,stop,2026-04-15,15:46:00,,
SUTTON (SURREY) - ST ALBANS CITY (6),G84940,1546,stop,2026-04-26,15:46:00,,
SUTTON (SURREY) - ST ALBANS CITY (6),G84940,1546,stop,2026-04-19,15:46:00,,
SUTTON (SURREY) - ST ALBANS CITY (3),G84942,1546,stop,2026-04-27,15:46:00,,
SUTTON (SURREY) - ST ALBANS CITY (3),G84942,1546,stop,2026-04-22,15:46:00,,
SUTTON (SURREY) - ST ALBANS CITY (3),G84942,1546,stop,2026-04-07,15:46:00,,
SUTTON (SURREY) - ST ALBANS CITY (3),G84942,1546,stop,2026-04-13,15:46:00,,
SUTTON (SURREY) - ST ALBANS CITY (3),G84942,1546,stop,2026-04-24,15:46:00,,
SUTTON (SURREY) - ST ALBANS CITY (3),G84942,1546,stop,2026-04-23,15:46:00,,
SUTTON (SURREY) - ST ALBANS CITY (3),G84942,1546,stop,2026-04-03,15:46:00,,
SUTTON (SURREY) - ST ALBANS CITY (3),G84942,1546,stop,2026-04-20,15:46:00,,
SUTTON (SURREY) - ST ALBANS CITY (3),G84942,1546,stop,2026-04-10,15:46:00,,
SUTTON (SURREY) - ST ALBANS CITY (3),G84942,1546,stop,2026-04-17,15:46:00,,
SUTTON (SURREY) - ST ALBANS CITY (3),G25341,1546,stop,2026-04-11,15:46:00,,
EPSOM - NORWOOD JUNCTION,P25252,1545,stop,2026-04-13,15:49:00,,
WORCESTER PARK - EFFINGHAM JUNCTION,Q54804,1535,stop,2026-04-12,15:48:00,,
DORKING - SUTTON (SURREY),X04883,1503,stop,2026-04-12,15:47:00,,
SUTTON (SURREY) - ST ALBANS CITY (3),G25341,1547,stop,2026-04-18,15:47:00,,
SUTTON (SURREY) - ST ALBANS CITY (3),G84942,1546,stop,2026-04-16,15:46:00,,
SUTTON (SURREY) - ST ALBANS CITY (3),G84942,1546,stop,2026-04-29,15:46:00,,
SUTTON (SURREY) - ST ALBANS CITY (3),G25341,1546,stop,2026-04-25,15:46:00,,
SUTTON (SURREY) - ST ALBANS CITY (3),G84942,1546,stop,2026-04-02,15:46:00,,
SUTTON (SURREY) - ST ALBANS CITY (3),G84942,1546,stop,2026-04-01,15:46:00,,
BATTERSEA PARK LONDON - EPSOM DOWNS,P26228,1500,stop,2026-04-06,15:49:00,,
BATTERSEA PARK LONDON - EPSOM DOWNS,P26228,1500,stop,2026-04-28,15:49:00,,
EPSOM - NORWOOD JUNCTION,P25252,1545,stop,2026-04-16,15:49:00,,
BATTERSEA PARK LONDON - EPSOM DOWNS,P26228,1500,stop,2026-04-02,15:49:00,,
SUTTON (SURREY) - ST ALBANS CITY,G25343,1549,stop,2026-04-25,15:49:00,,
EPSOM - NORWOOD JUNCTION,P25252,1545,stop,2026-04-09,15:49:00,,
BATTERSEA PARK LONDON - EPSOM DOWNS,P26228,1500,stop,2026-04-21,15:49:00,,
BATTERSEA PARK LONDON - EPSOM DOWNS,P26228,1500,stop,2026-04-20,15:49:00,,
BATTERSEA PARK LONDON - EPSOM DOWNS,P26229,1500,stop,2026-04-11,15:49:00,,
SUTTON (SURREY) - ST ALBANS CITY,G83978,1549,stop,2026-04-13,15:49:00,,
BATTERSEA PARK LONDON - EPSOM DOWNS,P26227,1500,stop,2026-04-26,15:49:00,,
STREATHAM HILL - EPSOM DOWNS,P26227,1513,stop,2026-04-19,15:49:00,,
SUTTON (SURREY) - ST ALBANS CITY,G83978,1549,stop,2026-04-29,15:49:00,,
EPSOM - NORWOOD JUNCTION,P25252,1545,stop,2026-04-28,15:49:00,,
SUTTON (SURREY) - ST ALBANS CITY,G83978,1549,stop,2026-04-21,15:49:00,,
SUTTON (SURREY) - ST ALBANS CITY,G83978,1549,stop,2026-04-24,15:49:00,,
EPSOM - NORWOOD JUNCTION,P25252,1545,stop,2026-04-30,15:49:00,,
EPSOM - NORWOOD JUNCTION,P25252,1545,stop,2026-04-10,15:49:00,,
EPSOM - NORWOOD JUNCTION,P25252,1545,stop,2026-04-08,15:49:00,,
EPSOM - NORWOOD JUNCTION,P25252,1545,stop,2026-04-14,15:49:00,,
EPSOM - NORWOOD JUNCTION,P25252,1545,stop,2026-04-15,15:49:00,,
EPSOM - NORWOOD JUNCTION,P25252,1545,stop,2026-04-17,15:49:00,,
BATTERSEA PARK LONDON - EPSOM DOWNS,P26228,1500,stop,2026-04-16,15:49:00,,
SUTTON (SURREY) - ST ALBANS CITY,G83978,1549,stop,2026-04-16,15:49:00,,
EPSOM - NORWOOD JUNCTION,P25253,1545,stop,2026-04-11,15:49:00,,
SUTTON (SURREY) - ST ALBANS CITY,G83978,1549,stop,2026-04-15,15:49:00,,
EPSOM - NORWOOD JUNCTION,P25252,1545,stop,2026-04-07,15:49:00,,
EPSOM - NORWOOD JUNCTION,P25252,1545,stop,2026-04-29,15:49:00,,
SUTTON (SURREY) - ST ALBANS CITY,G83978,1549,stop,2026-04-14,15:49:00,,
BATTERSEA PARK LONDON - EPSOM DOWNS,P26228,1500,stop,2026-04-30,15:49:00,,
BATTERSEA PARK LONDON - EPSOM DOWNS,X00793,1500,stop,2026-04-06,15:49:00,,
EPSOM - NORWOOD JUNCTION,P25252,1545,stop,2026-04-27,15:49:00,,
EPSOM - NORWOOD JUNCTION,P25252,1545,stop,2026-04-06,15:49:00,,
EPSOM - NORWOOD JUNCTION,X01412,1545,stop,2026-04-06,15:49:00,,
SUTTON (SURREY) - ST ALBANS CITY,G83978,1549,stop,2026-04-30,15:49:00,,
EPSOM - NORWOOD JUNCTION,P25252,1545,stop,2026-04-23,15:49:00,,
BATTERSEA PARK LONDON - EPSOM DOWNS,P26227,1500,stop,2026-04-12,15:49:00,,
BATTERSEA PARK LONDON - EPSOM DOWNS,P26227,1500,stop,2026-04-05,15:49:00,,
BATTERSEA PARK LONDON - EPSOM DOWNS,P26228,1500,stop,2026-04-23,15:49:00,,
SUTTON (SURREY) - ST ALBANS CITY,G83978,1549,stop,2026-04-07,15:49:00,,
BATTERSEA PARK LONDON - EPSOM DOWNS,P26228,1500,stop,2026-04-09,15:49:00,,
SUTTON (SURREY) - ST ALBANS CITY,G83978,1549,stop,2026-04-28,15:49:00,,
SUTTON (SURREY) - ST ALBANS CITY,G25343,1549,stop,2026-04-11,15:49:00,,
EPSOM - NORWOOD JUNCTION,P25252,1545,stop,2026-04-21,15:49:00,,
BATTERSEA PARK LONDON - EPSOM DOWNS,P26228,1500,stop,2026-04-03,15:49:00,,
BATTERSEA PARK LONDON - EPSOM DOWNS,P26228,1500,stop,2026-04-27,15:49:00,,
EPSOM - NORWOOD JUNCTION,P25253,1545,stop,2026-04-18,15:49:00,,
BATTERSEA PARK LONDON - EPSOM DOWNS,P26228,1500,stop,2026-04-07,15:49:00,,
SUTTON (SURREY) - ST ALBANS CITY,G83978,1549,stop,2026-04-02,15:49:00,,
BATTERSEA PARK LONDON - EPSOM DOWNS,P26228,1500,stop,2026-04-29,15:49:00,,
SUTTON (SURREY) - ST ALBANS CITY,G83978,1549,stop,2026-04-23,15:49:00,,
SUTTON (SURREY) - ST ALBANS CITY,G83978,1549,stop,2026-04-22,15:49:00,,
SUTTON (SURREY) - ST ALBANS CITY,G83978,1549,stop,2026-04-27,15:49:00,,
SUTTON (SURREY) - ST ALBANS CITY,G83978,1549,stop,2026-04-06,15:49:00,,
STREATHAM HILL - EPSOM DOWNS,P26229,1513,stop,2026-04-18,15:49:00,,
BATTERSEA PARK LONDON - EPSOM DOWNS,P26229,1500,stop,2026-04-25,15:49:00,,
BATTERSEA PARK LONDON - EPSOM DOWNS,P26228,1500,stop,2026-04-13,15:49:00,,
SUTTON (SURREY) - ST ALBANS CITY,G83978,1549,stop,2026-04-09,15:49:00,,
EPSOM - NORWOOD JUNCTION,P25253,1545,stop,2026-04-04,15:49:00,,
BATTERSEA PARK LONDON - EPSOM DOWNS,P26228,1500,stop,2026-04-17,15:49:00,,
BATTERSEA PARK LONDON - EPSOM DOWNS,P26228,1500,stop,2026-04-24,15:49:00,,
SUTTON (SURREY) - ST ALBANS CITY,G83978,1549,stop,2026-04-17,15:49:00,,
SUTTON (SURREY) - ST ALBANS CITY,G83978,1549,stop,2026-04-01,15:49:00,,
EPSOM - NORWOOD JUNCTION,P25252,1545,stop,2026-04-20,15:49:00,,
SUTTON (SURREY) - WEST HAMPSTEAD THAMESLINK,G83977,1549,stop,2026-04-19,15:49:00,,
BATTERSEA PARK LONDON - EPSOM DOWNS,X96222,1500,stop,2026-04-03,15:49:00,,
SUTTON (SURREY) - ST ALBANS CITY,G83978,1549,stop,2026-04-10,15:49:00,,
EPSOM - NORWOOD JUNCTION,P25252,1545,stop,2026-04-24,15:49:00,,
EPSOM - NORWOOD JUNCTION,P25252,1545,stop,2026-04-03,15:49:00,,
SUTTON (SURREY) - ST ALBANS CITY,G83978,1549,stop,2026-04-03,15:49:00,,
BATTERSEA PARK LONDON - EPSOM DOWNS,P26228,1500,stop,2026-04-10,15:49:00,,
BATTERSEA PARK LONDON - EPSOM DOWNS,P26228,1500,stop,2026-04-22,15:49:00,,
SUTTON (SURREY) - ST ALBANS CITY,G25343,1549,stop,2026-04-18,15:49:00,,
SUTTON (SURREY) - ST ALBANS CITY,G83978,1549,stop,2026-04-08,15:49:00,,
SUTTON (SURREY) - LUTON,G83977,1549,stop,2026-04-12,15:49:00,,
BATTERSEA PARK LONDON - EPSOM DOWNS,P26228,1500,stop,2026-04-15,15:49:00,,
EPSOM - NORWOOD JUNCTION,P25252,1545,stop,2026-04-02,15:49:00,,
EPSOM - NORWOOD JUNCTION,P25252,1545,stop,2026-04-22,15:49:00,,
EPSOM - NORWOOD JUNCTION,X96161,1545,stop,2026-04-03,15:49:00,,
EPSOM - NORWOOD JUNCTION,P25252,1545,stop,2026-04-01,15:49:00,,
EPSOM DOWNS - BATTERSEA PARK LONDON,P26237,1538,stop,2026-04-12,15:51:00,,
EPSOM DOWNS - BATTERSEA PARK LONDON,P26238,1538,stop,2026-04-13,15:51:00,,
EPSOM DOWNS - BATTERSEA PARK LONDON,X00796,1538,stop,2026-04-06,15:51:00,,
EPSOM DOWNS - BATTERSEA PARK LONDON,P26239,1538,stop,2026-04-04,15:51:00,,
EPSOM DOWNS - BATTERSEA PARK LONDON,P26238,1538,stop,2026-04-15,15:51:00,,
EPSOM DOWNS - BATTERSEA PARK LONDON,P26239,1538,stop,2026-04-11,15:51:00,,
EPSOM DOWNS - STREATHAM HILL,P26237,1538,stop,2026-04-19,15:51:00,,
BATTERSEA PARK LONDON - EPSOM DOWNS,P26228,1500,stop,2026-04-14,15:49:00,,
EPSOM - NORWOOD JUNCTION,P25253,1545,stop,2026-04-25,15:49:00,,
SUTTON (SURREY) - LUTON,G83977,1549,stop,2026-04-26,15:49:00,,
SUTTON (SURREY) - ST ALBANS CITY,G83978,1549,stop,2026-04-20,15:49:00,,
BATTERSEA PARK LONDON - EPSOM DOWNS,P26229,1500,stop,2026-04-04,15:49:00,,
SUTTON (SURREY) - ST ALBANS CITY,G25343,1549,stop,2026-04-04,15:49:00,,
BATTERSEA PARK LONDON - EPSOM DOWNS,P26228,1500,stop,2026-04-08,15:49:00,,
BATTERSEA PARK LONDON - EPSOM DOWNS,P26228,1500,stop,2026-04-01,15:49:00,,
EPSOM DOWNS - BATTERSEA PARK LONDON,P26238,1538,stop,2026-04-02,15:51:00,,
EPSOM DOWNS - BATTERSEA PARK LONDON,P26238,1538,stop,2026-04-17,15:51:00,,
EPSOM DOWNS - BATTERSEA PARK LONDON,P26238,1538,stop,2026-04-22,15:51:00,,
EPSOM DOWNS - BATTERSEA PARK LONDON,P26238,1538,stop,2026-04-24,15:51:00,,
EPSOM DOWNS - BATTERSEA PARK LONDON,P26238,1538,stop,2026-04-20,15:51:00,,
EPSOM DOWNS - BATTERSEA PARK LONDON,X96171,1538,stop,2026-04-03,15:51:00,,
EPSOM DOWNS - BATTERSEA PARK LONDON,P26238,1538,stop,2026-04-03,15:51:00,,
EPSOM DOWNS - BATTERSEA PARK LONDON,P26238,1538,stop,2026-04-16,15:51:00,,
EPSOM DOWNS - BATTERSEA PARK LONDON,P26238,1538,stop,2026-04-14,15:51:00,,
EPSOM DOWNS - BATTERSEA PARK LONDON,P26237,1538,stop,2026-04-26,15:51:00,,
EPSOM DOWNS - BATTERSEA PARK LONDON,P26238,1538,stop,2026-04-06,15:51:00,,
EPSOM DOWNS - BATTERSEA PARK LONDON,P26238,1538,stop,2026-04-10,15:51:00,,
EPSOM DOWNS - BATTERSEA PARK LONDON,P26238,1538,stop,2026-04-21,15:51:00,,
EPSOM DOWNS - BATTERSEA PARK LONDON,P26238,1538,stop,2026-04-23,15:51:00,,
EPSOM DOWNS - BATTERSEA PARK LONDON,P26238,1538,stop,2026-04-09,15:51:00,,
EPSOM DOWNS - BATTERSEA PARK LONDON,P26238,1538,stop,2026-04-01,15:51:00,,
DORKING - EARLSFIELD,P61052,1532,stop,2026-04-01,15:52:00,,
DORKING - EARLSFIELD,P61053,1532,stop,2026-04-18,15:52:00,,
DORKING - EARLSFIELD,Q38529,1532,stop,2026-04-03,15:52:00,,
DORKING - EARLSFIELD,P61052,1532,stop,2026-04-03,15:52:00,,
DORKING - EARLSFIELD,P61052,1532,stop,2026-04-22,15:52:00,,
DORKING - EARLSFIELD,P61052,1532,stop,2026-04-28,15:52:00,,
EPSOM DOWNS - BATTERSEA PARK LONDON,P26238,1538,stop,2026-04-29,15:51:00,,
EPSOM DOWNS - BATTERSEA PARK LONDON,P26238,1538,stop,2026-04-27,15:51:00,,
EPSOM DOWNS - BATTERSEA PARK LONDON,P26239,1538,stop,2026-04-25,15:51:00,,
EPSOM DOWNS - BATTERSEA PARK LONDON,P26238,1538,stop,2026-04-07,15:51:00,,
EPSOM DOWNS - BATTERSEA PARK LONDON,P26238,1538,stop,2026-04-28,15:51:00,,
EPSOM DOWNS - BATTERSEA PARK LONDON,P26238,1538,stop,2026-04-30,15:51:00,,
EPSOM DOWNS - STREATHAM HILL,P26239,1538,stop,2026-04-18,15:51:00,,
EPSOM DOWNS - BATTERSEA PARK LONDON,P26238,1538,stop,2026-04-08,15:51:00,,
DORKING - EARLSFIELD,P61052,1532,stop,2026-04-17,15:52:00,,
DORKING - EARLSFIELD,P61052,1532,stop,2026-04-06,15:52:00,,
DORKING - EARLSFIELD,P61053,1532,stop,2026-04-25,15:52:00,,
DORKING - EARLSFIELD,Q50045,1532,stop,2026-04-06,15:52:00,,
DORKING - EARLSFIELD,P61052,1532,stop,2026-04-10,15:52:00,,
DORKING - EARLSFIELD,P61052,1532,stop,2026-04-20,15:52:00,,
DORKING - EARLSFIELD,P61052,1532,stop,2026-04-27,15:52:00,,
DORKING - EARLSFIELD,P61052,1532,stop,2026-04-16,15:52:00,,
DORKING - EARLSFIELD,P61053,1532,stop,2026-04-11,15:52:00,,
DORKING - EARLSFIELD,P61052,1532,stop,2026-04-07,15:52:00,,
DORKING - EARLSFIELD,P61053,1532,stop,2026-04-04,15:52:00,,
DORKING - EARLSFIELD,P61052,1532,stop,2026-04-29,15:52:00,,
DORKING - EARLSFIELD,P61052,1532,stop,2026-04-21,15:52:00,,
DORKING - EARLSFIELD,P61052,1532,stop,2026-04-09,15:52:00,,
DORKING - EARLSFIELD,P61052,1532,stop,2026-04-08,15:52:00,,
DORKING - EARLSFIELD,P61052,1532,stop,2026-04-02,15:52:00,,
DORKING - EARLSFIELD,P61052,1532,stop,2026-04-15,15:52:00,,
DORKING - EARLSFIELD,P61052,1532,stop,2026-04-23,15:52:00,,
DORKING - EARLSFIELD,P61052,1532,stop,2026-04-13,15:52:00,,
DORKING - EARLSFIELD,P61052,1532,stop,2026-04-24,15:52:00,,
DORKING - EARLSFIELD,P61052,1532,stop,2026-04-30,15:52:00,,
DORKING - EARLSFIELD,P61052,1532,stop,2026-04-14,15:52:00,,
EARLSFIELD - DORKING,P61043,1523,stop,2026-04-21,15:54:00,,
EARLSFIELD - DORKING,P61043,1523,stop,2026-04-16,15:54:00,,
EARLSFIELD - DORKING,P61043,1523,stop,2026-04-10,15:54:00,,
EARLSFIELD - DORKING,P61043,1523,stop,2026-04-28,15:54:00,,
EARLSFIELD - DORKING,P61043,1523,stop,2026-04-29,15:54:00,,
EARLSFIELD - DORKING,P61044,1523,stop,2026-04-04,15:54:00,,
EARLSFIELD - DORKING,P61043,1523,stop,2026-04-30,15:54:00,,
EARLSFIELD - DORKING,P61043,1523,stop,2026-04-07,15:54:00,,
EARLSFIELD - DORKING,P61043,1523,stop,2026-04-17,15:54:00,,
EARLSFIELD - DORKING,P61043,1523,stop,2026-04-27,15:54:00,,
EARLSFIELD - DORKING,P61044,1523,stop,2026-04-25,15:54:00,,
EARLSFIELD - DORKING,P61044,1523,stop,2026-04-18,15:54:00,,
EARLSFIELD - DORKING,P61043,1523,stop,2026-04-02,15:54:00,,
EARLSFIELD - DORKING,P61043,1523,stop,2026-04-08,15:54:00,,
MITCHAM EASTFIELDS - DORKING (2),P26683,1520,stop,2026-04-18,15:53:00,,
SUTTON (SURREY) - DORKING,X04919,1555,stop,2026-04-12,15:55:00,,
EARLSFIELD - DORKING,P61043,1523,stop,2026-04-06,15:54:00,,
EARLSFIELD - DORKING,Q50067,1523,stop,2026-04-06,15:54:00,,
EARLSFIELD - DORKING,P61043,1523,stop,2026-04-14,15:54:00,,
EARLSFIELD - DORKING,P61043,1523,stop,2026-04-15,15:54:00,,
EARLSFIELD - DORKING,P61043,1523,stop,2026-04-20,15:54:00,,
EARLSFIELD - DORKING,P61043,1523,stop,2026-04-01,15:54:00,,
EARLSFIELD - DORKING,P61043,1523,stop,2026-04-22,15:54:00,,
EARLSFIELD - DORKING,P61043,1523,stop,2026-04-03,15:54:00,,
EARLSFIELD - DORKING,Q38538,1523,stop,2026-04-03,15:54:00,,
EARLSFIELD - DORKING,P61044,1523,stop,2026-04-11,15:54:00,,
EARLSFIELD - DORKING,P61043,1523,stop,2026-04-24,15:54:00,,
EARLSFIELD - DORKING,P61043,1523,stop,2026-04-13,15:54:00,,
EARLSFIELD - DORKING,P61043,1523,stop,2026-04-23,15:54:00,,
EARLSFIELD - DORKING,P61043,1523,stop,2026-04-09,15:54:00,,
SUTTON (SURREY) - TULSE HILL,X27290,1557,stop,2026-04-05,15:57:00,,
GUILDFORD - EARLSFIELD,L74272,1520,stop,2026-04-19,15:57:00,,
GUILDFORD - EARLSFIELD,L74272,1520,stop,2026-04-05,15:57:00,,
GUILDFORD - EARLSFIELD,L74272,1520,stop,2026-04-26,15:57:00,,
NORWOOD JUNCTION - EPSOM,P25251,1525,stop,2026-04-18,15:58:00,,
NORWOOD JUNCTION - EPSOM,P25250,1525,stop,2026-04-07,15:58:00,,
NORWOOD JUNCTION - EPSOM,P25250,1525,stop,2026-04-27,15:58:00,,
NORWOOD JUNCTION - EPSOM,X92715,1525,stop,2026-04-03,15:58:00,,
NORWOOD JUNCTION - EPSOM,P25250,1525,stop,2026-04-16,15:58:00,,
NORWOOD JUNCTION - EPSOM,P25250,1525,stop,2026-04-03,15:58:00,,
NORWOOD JUNCTION - EPSOM,P25250,1525,stop,2026-04-24,15:58:00,,
NORWOOD JUNCTION - EPSOM,P25250,1525,stop,2026-04-22,15:58:00,,
NORWOOD JUNCTION - EPSOM,P25250,1525,stop,2026-04-08,15:58:00,,
NORWOOD JUNCTION - EPSOM,P25250,1525,stop,2026-04-15,15:58:00,,
NORWOOD JUNCTION - EPSOM,P25250,1525,stop,2026-04-02,15:58:00,,
NORWOOD JUNCTION - EPSOM,P25250,1525,stop,2026-04-20,15:58:00,,
NORWOOD JUNCTION - EPSOM,P25250,1525,stop,2026-04-29,15:58:00,,
NORWOOD JUNCTION - EPSOM,P25250,1525,stop,2026-04-28,15:58:00,,
NORWOOD JUNCTION - EPSOM,P25251,1525,stop,2026-04-25,15:58:00,,
GUILDFORD - EARLSFIELD,L74272,1520,stop,2026-04-12,15:57:00,,
NORWOOD JUNCTION - EPSOM,P25250,1525,stop,2026-04-01,16:01:00,,
NORWOOD JUNCTION - EPSOM,X01411,1525,stop,2026-04-06,15:58:00,,
NORWOOD JUNCTION - EPSOM,P25250,1525,stop,2026-04-14,15:58:00,,
NORWOOD JUNCTION - EPSOM,P25250,1525,stop,2026-04-06,15:58:00,,
NORWOOD JUNCTION - EPSOM,P25251,1525,stop,2026-04-04,15:58:00,,
NORWOOD JUNCTION - EPSOM,P25250,1525,stop,2026-04-30,15:58:00,,
NORWOOD JUNCTION - EPSOM,P25250,1525,stop,2026-04-10,15:58:00,,
NORWOOD JUNCTION - EPSOM,P25251,1525,stop,2026-04-11,15:58:00,,
NORWOOD JUNCTION - EPSOM,P25250,1525,stop,2026-04-21,15:58:00,,
NORWOOD JUNCTION - EPSOM,P25250,1525,stop,2026-04-13,15:58:00,,
NORWOOD JUNCTION - EPSOM,P25250,1525,stop,2026-04-17,15:58:00,,
NORWOOD JUNCTION - EPSOM,P25250,1525,stop,2026-04-23,15:58:00,,
NORWOOD JUNCTION - EPSOM,P25250,1525,stop,2026-04-09,15:58:00,,
EPSOM DOWNS - BATTERSEA PARK LONDON,P26237,1538,stop,2026-04-05,15:58:00,,
LUTON - WIMBLEDON,W59674,1422,stop,2026-04-05,16:01:00,,
EARLSFIELD - GUILDFORD (2),P61609,1532,stop,2026-04-05,16:03:00,,
EARLSFIELD - GUILDFORD (2),P61609,1532,stop,2026-04-12,16:03:00,,
EARLSFIELD - GUILDFORD (2),P61609,1532,stop,2026-04-19,16:03:00,,
EFFINGHAM JUNCTION - WORCESTER PARK,Q54768,1515,stop,2026-04-12,16:04:00,,
EARLSFIELD - GUILDFORD (2),P61609,1532,stop,2026-04-26,16:03:00,,
DORKING - BALHAM (2),P26693,1542,stop,2026-04-12,16:05:00,,
DORKING - BALHAM (2),P26693,1542,stop,2026-04-26,16:05:00,,
HORSHAM - BALHAM,P26691,1514,stop,2026-04-09,16:06:00,,
HORSHAM - BALHAM,P26691,1514,stop,2026-04-08,16:06:00,,
HORSHAM - BALHAM,P26691,1514,stop,2026-04-17,16:06:00,,
HORSHAM - BALHAM,P26691,1514,stop,2026-04-14,16:06:00,,
HORSHAM - BALHAM,P26691,1514,stop,2026-04-27,16:06:00,,
HORSHAM - BALHAM,P26691,1514,stop,2026-04-29,16:06:00,,
HORSHAM - BALHAM,P26691,1514,stop,2026-04-07,16:06:00,,
HORSHAM - BALHAM,P26691,1514,stop,2026-04-28,16:06:00,,
HORSHAM - MITCHAM EASTFIELDS,P26692,1520,stop,2026-04-18,16:06:00,,
HORSHAM - BALHAM,X00954,1514,stop,2026-04-06,16:06:00,,
HORSHAM - BALHAM,P26691,1514,stop,2026-04-10,16:06:00,,
HORSHAM - BALHAM,P26691,1514,stop,2026-04-03,16:06:00,,
HORSHAM - BALHAM,X96203,1514,stop,2026-04-03,16:06:00,,
HORSHAM - BALHAM,P26691,1514,stop,2026-04-20,16:06:00,,
HORSHAM - BALHAM,P26692,1514,stop,2026-04-11,16:06:00,,
DORKING - MITCHAM EASTFIELDS,P26693,1542,stop,2026-04-19,16:05:00,,
ST ALBANS CITY - SUTTON (SURREY),G84943,1437,stop,2026-04-28,16:07:00,,
LUTON - SUTTON (SURREY) (2),W59674,1422,stop,2026-04-12,16:07:00,,
ST ALBANS CITY - SUTTON (SURREY),G84943,1437,stop,2026-04-10,16:07:00,,
HORSHAM - BALHAM,P26691,1514,stop,2026-04-24,16:06:00,,
HORSHAM - BALHAM,P26691,1514,stop,2026-04-23,16:06:00,,
HORSHAM - BALHAM,P26691,1514,stop,2026-04-22,16:06:00,,
HORSHAM - BALHAM,P26692,1514,stop,2026-04-25,16:06:00,,
HORSHAM - BALHAM,P26691,1514,stop,2026-04-13,16:06:00,,
HORSHAM - BALHAM,P26691,1514,stop,2026-04-21,16:06:00,,
HORSHAM - BALHAM,P26691,1514,stop,2026-04-02,16:06:00,,
HORSHAM - BALHAM,P26691,1514,stop,2026-04-01,16:06:00,,
HORSHAM - BALHAM,P26692,1514,stop,2026-04-04,16:06:00,,
HORSHAM - BALHAM,P26691,1514,stop,2026-04-30,16:06:00,,
HORSHAM - BALHAM,P26691,1514,stop,2026-04-06,16:06:00,,
HORSHAM - BALHAM,P26691,1514,stop,2026-04-16,16:06:00,,
HORSHAM - BALHAM,P26691,1514,stop,2026-04-15,16:06:00,,
ST ALBANS CITY - SUTTON (SURREY),G84943,1437,stop,2026-04-27,16:07:00,,
ST ALBANS CITY - SUTTON (SURREY),G84943,1437,stop,2026-04-29,16:07:00,,
ST ALBANS CITY - SUTTON (SURREY),G84943,1437,stop,2026-04-23,16:07:00,,
ST ALBANS CITY - SUTTON (SURREY),G84943,1437,stop,2026-04-09,16:07:00,,
ST ALBANS CITY - SUTTON (SURREY),G25314,1437,stop,2026-04-25,16:07:00,,
ST ALBANS CITY - SUTTON (SURREY),G84943,1437,stop,2026-04-16,16:07:00,,
LUTON - SUTTON (SURREY) (2),W59674,1422,stop,2026-04-26,16:07:00,,
ST ALBANS CITY - SUTTON (SURREY),G84943,1437,stop,2026-04-21,16:07:00,,
ST ALBANS CITY - SUTTON (SURREY),G84943,1437,stop,2026-04-07,16:07:00,,
ST ALBANS CITY - SUTTON (SURREY),G25314,1437,stop,2026-04-11,16:07:00,,
ST ALBANS CITY - SUTTON (SURREY),G84943,1437,stop,2026-04-17,16:07:00,,
ST ALBANS CITY - SUTTON (SURREY),G25314,1437,stop,2026-04-04,16:07:00,,
ST ALBANS CITY - SUTTON (SURREY),G84943,1437,stop,2026-04-30,16:07:00,,
WEST HAMPSTEAD THAMESLINK - SUTTON (SURREY) (2),W59674,1500,stop,2026-04-19,16:07:00,,
ST ALBANS CITY - SUTTON (SURREY),G84943,1437,stop,2026-04-22,16:07:00,,
ST ALBANS CITY - SUTTON (SURREY),G84943,1437,stop,2026-04-06,16:07:00,,
DORKING - BALHAM (3),P26693,1546,stop,2026-04-05,16:08:00,,
ST ALBANS CITY - SUTTON (SURREY),G84943,1437,stop,2026-04-24,16:07:00,,
ST ALBANS CITY - SUTTON (SURREY),G25314,1437,stop,2026-04-18,16:07:00,,
ST ALBANS CITY - SUTTON (SURREY),G84943,1437,stop,2026-04-20,16:07:00,,
ST ALBANS CITY - SUTTON (SURREY),G84943,1437,stop,2026-04-14,16:07:00,,
ST ALBANS CITY - SUTTON (SURREY),G84943,1437,stop,2026-04-15,16:07:00,,
ST ALBANS CITY - SUTTON (SURREY),G84943,1437,stop,2026-04-08,16:07:00,,
ST ALBANS CITY - SUTTON (SURREY),G84943,1437,stop,2026-04-02,16:07:00,,
ST ALBANS CITY - SUTTON (SURREY),G84943,1437,stop,2026-04-03,16:07:00,,
ST ALBANS CITY - SUTTON (SURREY),G84943,1437,stop,2026-04-01,16:07:00,,
ST ALBANS CITY - SUTTON (SURREY),G84943,1437,stop,2026-04-13,16:07:00,,
SUTTON (SURREY) - STREATHAM HILL,P27160,1610,stop,2026-04-18,16:10:00,,
MITCHAM EASTFIELDS - DORKING,P26690,1538,stop,2026-04-19,16:10:00,,
BALHAM - DORKING (3),P26690,1538,stop,2026-04-26,16:10:00,,
SUTTON (SURREY) - BALHAM (2),P26693,1612,stop,2026-04-12,16:12:00,,
BALHAM - HORSHAM,P26689,1541,stop,2026-04-04,16:13:00,,
GUILDFORD - EARLSFIELD,L74276,1528,stop,2026-04-14,16:13:00,,
BALHAM - HORSHAM,P26688,1541,stop,2026-04-20,16:13:00,,
BALHAM - HORSHAM,P26688,1541,stop,2026-04-24,16:13:00,,
GUILDFORD - EARLSFIELD,L74276,1528,stop,2026-04-28,16:13:00,,
GUILDFORD - EARLSFIELD,L74276,1528,stop,2026-04-15,16:13:00,,
GUILDFORD - EARLSFIELD,L74276,1528,stop,2026-04-01,16:13:00,,
BALHAM - HORSHAM,P26688,1541,stop,2026-04-06,16:13:00,,
BALHAM - HORSHAM,P26689,1541,stop,2026-04-11,16:13:00,,
BALHAM - HORSHAM,P26688,1541,stop,2026-04-13,16:13:00,,
BALHAM - HORSHAM,P26688,1541,stop,2026-04-22,16:13:00,,
BALHAM - HORSHAM,P26688,1541,stop,2026-04-02,16:13:00,,
GUILDFORD - EARLSFIELD,L74276,1528,stop,2026-04-21,16:13:00,,
GUILDFORD - EARLSFIELD,L74276,1528,stop,2026-04-29,16:13:00,,
BALHAM - HORSHAM,P26688,1541,stop,2026-04-08,16:13:00,,
BALHAM - HORSHAM,P26688,1541,stop,2026-04-03,16:13:00,,
BALHAM - DORKING (3),P26690,1538,stop,2026-04-12,16:13:00,,
BALHAM - HORSHAM,P26688,1541,stop,2026-04-07,16:13:00,,
BALHAM - HORSHAM,P26688,1541,stop,2026-04-27,16:13:00,,
BALHAM - HORSHAM,P26689,1541,stop,2026-04-25,16:13:00,,
BALHAM - HORSHAM,P26688,1541,stop,2026-04-01,16:13:00,,
BALHAM - HORSHAM,P26688,1541,stop,2026-04-16,16:13:00,,
BALHAM - HORSHAM,P26688,1541,stop,2026-04-21,16:13:00,,
BALHAM - HORSHAM,P26688,1541,stop,2026-04-23,16:13:00,,
GUILDFORD - EARLSFIELD,L74276,1528,stop,2026-04-09,16:13:00,,
GUILDFORD - EARLSFIELD,L74276,1528,stop,2026-04-07,16:13:00,,
GUILDFORD - EARLSFIELD,L74276,1528,stop,2026-04-06,16:13:00,,
BALHAM - HORSHAM,X00953,1541,stop,2026-04-06,16:13:00,,
GUILDFORD - EARLSFIELD,L74276,1528,stop,2026-04-10,16:13:00,,
BALHAM - HORSHAM,X96168,1541,stop,2026-04-03,16:13:00,,
BALHAM - HORSHAM,P26688,1541,stop,2026-04-29,16:13:00,,
BALHAM - HORSHAM,P26688,1541,stop,2026-04-10,16:13:00,,
GUILDFORD - EARLSFIELD,L74276,1528,stop,2026-04-20,16:13:00,,
GUILDFORD - EARLSFIELD,L74276,1528,stop,2026-04-24,16:13:00,,
BALHAM - HORSHAM,P26688,1541,stop,2026-04-09,16:13:00,,
GUILDFORD - EARLSFIELD,L74276,1528,stop,2026-04-27,16:13:00,,
BALHAM - HORSHAM,P26688,1541,stop,2026-04-28,16:13:00,,
GUILDFORD - EARLSFIELD,L74276,1528,stop,2026-04-17,16:13:00,,
BALHAM - HORSHAM,P26688,1541,stop,2026-04-17,16:13:00,,
GUILDFORD - EARLSFIELD,L74276,1528,stop,2026-04-13,16:13:00,,
GUILDFORD - EARLSFIELD,L74276,1528,stop,2026-04-22,16:13:00,,
GUILDFORD - EARLSFIELD,L74276,1528,stop,2026-04-16,16:13:00,,
GUILDFORD - EARLSFIELD,L74276,1528,stop,2026-04-02,16:13:00,,
GUILDFORD - EARLSFIELD,L74276,1528,stop,2026-04-03,16:13:00,,
BALHAM - HORSHAM,P26688,1541,stop,2026-04-30,16:13:00,,
GUILDFORD - EARLSFIELD,L74276,1528,stop,2026-04-08,16:13:00,,
BALHAM - HORSHAM,P26688,1541,stop,2026-04-14,16:13:00,,
GUILDFORD - EARLSFIELD,L74276,1528,stop,2026-04-30,16:13:00,,
SUTTON (SURREY) - ST ALBANS CITY (3),G25353,1616,stop,2026-04-11,16:16:00,,
BALHAM - HORSHAM,P26688,1541,stop,2026-04-15,16:16:00,,
SUTTON (SURREY) - ST ALBANS CITY (3),G84948,1616,stop,2026-04-06,16:16:00,,
SUTTON (SURREY) - ST ALBANS CITY (3),G84948,1616,stop,2026-04-09,16:16:00,,
SUTTON (SURREY) - ST ALBANS CITY (6),G84946,1616,stop,2026-04-26,16:16:00,,
SUTTON (SURREY) - ST ALBANS CITY (3),G84948,1616,stop,2026-04-27,16:16:00,,
WIMBLEDON - LUTON,G83983,1603,stop,2026-04-05,16:15:00,,
BALHAM - DORKING (6),P26690,1538,stop,2026-04-05,16:14:00,,
GUILDFORD - EARLSFIELD,L74276,1528,stop,2026-04-23,16:13:00,,
SUTTON (SURREY) - ST ALBANS CITY (3),G84948,1616,stop,2026-04-03,16:16:00,,
SUTTON (SURREY) - ST ALBANS CITY (3),G84948,1616,stop,2026-04-01,16:16:00,,
SUTTON (SURREY) - ST ALBANS CITY (3),G84948,1616,stop,2026-04-28,16:16:00,,
SUTTON (SURREY) - ST ALBANS CITY (3),G84948,1616,stop,2026-04-30,16:16:00,,
SUTTON (SURREY) - ST ALBANS CITY (6),G84946,1616,stop,2026-04-19,16:16:00,,
SUTTON (SURREY) - ST ALBANS CITY (3),G84948,1616,stop,2026-04-22,16:16:00,,
SUTTON (SURREY) - ST ALBANS CITY (3),G84948,1616,stop,2026-04-17,16:16:00,,
SUTTON (SURREY) - ST ALBANS CITY (3),G84948,1616,stop,2026-04-13,16:16:00,,
SUTTON (SURREY) - ST ALBANS CITY (3),G25353,1616,stop,2026-04-18,16:16:00,,
SUTTON (SURREY) - ST ALBANS CITY (3),G84948,1616,stop,2026-04-16,16:16:00,,
SUTTON (SURREY) - ST ALBANS CITY (3),G25353,1616,stop,2026-04-25,16:16:00,,
SUTTON (SURREY) - ST ALBANS CITY (3),G25353,1616,stop,2026-04-04,16:16:00,,
SUTTON (SURREY) - ST ALBANS CITY (3),G84948,1616,stop,2026-04-10,16:16:00,,
SUTTON (SURREY) - ST ALBANS CITY (3),G84948,1616,stop,2026-04-02,16:16:00,,
SUTTON (SURREY) - ST ALBANS CITY (3),G84948,1616,stop,2026-04-20,16:16:00,,
SUTTON (SURREY) - ST ALBANS CITY (3),G84948,1616,stop,2026-04-07,16:16:00,,
SUTTON (SURREY) - ST ALBANS CITY (3),G84948,1616,stop,2026-04-14,16:16:00,,
SUTTON (SURREY) - ST ALBANS CITY (3),G84948,1616,stop,2026-04-21,16:16:00,,
SUTTON (SURREY) - ST ALBANS CITY (3),G84948,1616,stop,2026-04-15,16:16:00,,
SUTTON (SURREY) - ST ALBANS CITY (6),G84946,1616,stop,2026-04-12,16:16:00,,
SUTTON (SURREY) - ST ALBANS CITY (3),G84948,1616,stop,2026-04-23,16:16:00,,
SUTTON (SURREY) - ST ALBANS CITY (3),G84948,1616,stop,2026-04-29,16:16:00,,
SUTTON (SURREY) - ST ALBANS CITY (6),G84946,1616,stop,2026-04-05,16:16:00,,
SUTTON (SURREY) - ST ALBANS CITY (3),G84948,1616,stop,2026-04-08,16:16:00,,
SUTTON (SURREY) - ST ALBANS CITY (3),G84948,1616,stop,2026-04-24,16:16:00,,
SUTTON (SURREY) - ST ALBANS CITY,G83984,1619,stop,2026-04-20,16:19:00,,
SUTTON (SURREY) - ST ALBANS CITY,G83984,1619,stop,2026-04-09,16:19:00,,
SUTTON (SURREY) - ST ALBANS CITY,G83984,1619,stop,2026-04-02,16:19:00,,
BATTERSEA PARK LONDON - EPSOM DOWNS,P26234,1530,stop,2026-04-14,16:19:00,,
BATTERSEA PARK LONDON - EPSOM DOWNS,P26234,1530,stop,2026-04-07,16:19:00,,
EPSOM - NORWOOD JUNCTION,P25256,1615,stop,2026-04-02,16:19:00,,
EPSOM - NORWOOD JUNCTION,P25256,1615,stop,2026-04-21,16:19:00,,
EPSOM - NORWOOD JUNCTION,P25256,1615,stop,2026-04-01,16:19:00,,
WORCESTER PARK - DORKING,Q54892,1605,stop,2026-04-12,16:18:00,,
DORKING - SUTTON (SURREY),X04882,1533,stop,2026-04-12,16:17:00,,
SUTTON (SURREY) - ST ALBANS CITY,G83984,1619,stop,2026-04-30,16:19:00,,
BATTERSEA PARK LONDON - EPSOM DOWNS,P26233,1530,stop,2026-04-12,16:19:00,,
SUTTON (SURREY) - ST ALBANS CITY,G83984,1619,stop,2026-04-10,16:19:00,,
EPSOM - NORWOOD JUNCTION,X96120,1615,stop,2026-04-03,16:19:00,,
BATTERSEA PARK LONDON - EPSOM DOWNS,P26234,1530,stop,2026-04-10,16:19:00,,
EPSOM - NORWOOD JUNCTION,P25256,1615,stop,2026-04-20,16:19:00,,
SUTTON (SURREY) - ST ALBANS CITY,G83984,1619,stop,2026-04-14,16:19:00,,
SUTTON (SURREY) - ST ALBANS CITY,G25355,1619,stop,2026-04-18,16:19:00,,
EPSOM - NORWOOD JUNCTION,P25256,1615,stop,2026-04-03,16:19:00,,
BATTERSEA PARK LONDON - EPSOM DOWNS,P26234,1530,stop,2026-04-23,16:19:00,,
EPSOM - NORWOOD JUNCTION,P25256,1615,stop,2026-04-22,16:19:00,,
EPSOM - NORWOOD JUNCTION,P25257,1615,stop,2026-04-04,16:19:00,,
BATTERSEA PARK LONDON - EPSOM DOWNS,P26235,1530,stop,2026-04-04,16:19:00,,
SUTTON (SURREY) - LUTON,G83983,1619,stop,2026-04-12,16:19:00,,
EPSOM - NORWOOD JUNCTION,P25256,1615,stop,2026-04-30,16:19:00,,
SUTTON (SURREY) - WEST HAMPSTEAD THAMESLINK,G83983,1619,stop,2026-04-19,16:19:00,,
SUTTON (SURREY) - ST ALBANS CITY,G83984,1619,stop,2026-04-15,16:19:00,,
SUTTON (SURREY) - ST ALBANS CITY,G83984,1619,stop,2026-04-01,16:19:00,,
BATTERSEA PARK LONDON - EPSOM DOWNS,P26234,1530,stop,2026-04-30,16:19:00,,
EPSOM - NORWOOD JUNCTION,P25256,1615,stop,2026-04-13,16:19:00,,
BATTERSEA PARK LONDON - EPSOM DOWNS,P26234,1530,stop,2026-04-28,16:19:00,,
BATTERSEA PARK LONDON - EPSOM DOWNS,P26234,1530,stop,2026-04-09,16:19:00,,
BATTERSEA PARK LONDON - EPSOM DOWNS,P26234,1530,stop,2026-04-13,16:19:00,,
BATTERSEA PARK LONDON - EPSOM DOWNS,P26234,1530,stop,2026-04-17,16:19:00,,
SUTTON (SURREY) - ST ALBANS CITY,G83984,1619,stop,2026-04-03,16:19:00,,
SUTTON (SURREY) - ST ALBANS CITY,G25355,1619,stop,2026-04-04,16:19:00,,
SUTTON (SURREY) - ST ALBANS CITY,G83984,1619,stop,2026-04-07,16:19:00,,
SUTTON (SURREY) - ST ALBANS CITY,G25355,1619,stop,2026-04-25,16:19:00,,
EPSOM - NORWOOD JUNCTION,P25256,1615,stop,2026-04-08,16:19:00,,
EPSOM - NORWOOD JUNCTION,P25256,1615,stop,2026-04-23,16:19:00,,
SUTTON (SURREY) - ST ALBANS CITY,G83984,1619,stop,2026-04-16,16:19:00,,
BATTERSEA PARK LONDON - EPSOM DOWNS,P26234,1530,stop,2026-04-22,16:19:00,,
EPSOM - NORWOOD JUNCTION,P25257,1615,stop,2026-04-18,16:19:00,,
SUTTON (SURREY) - ST ALBANS CITY,G83984,1619,stop,2026-04-21,16:19:00,,
BATTERSEA PARK LONDON - EPSOM DOWNS,P26234,1530,stop,2026-04-20,16:19:00,,
EPSOM - NORWOOD JUNCTION,P25256,1615,stop,2026-04-17,16:19:00,,
BATTERSEA PARK LONDON - EPSOM DOWNS,P26234,1530,stop,2026-04-27,16:19:00,,
SUTTON (SURREY) - ST ALBANS CITY,G83984,1619,stop,2026-04-23,16:19:00,,
BATTERSEA PARK LONDON - EPSOM DOWNS,P26235,1530,stop,2026-04-11,16:19:00,,
EPSOM - NORWOOD JUNCTION,P25257,1615,stop,2026-04-25,16:19:00,,
EPSOM - NORWOOD JUNCTION,P25256,1615,stop,2026-04-28,16:19:00,,
EPSOM - NORWOOD JUNCTION,P25256,1615,stop,2026-04-07,16:19:00,,
SUTTON (SURREY) - ST ALBANS CITY,G83984,1619,stop,2026-04-29,16:19:00,,
EPSOM - NORWOOD JUNCTION,P25256,1615,stop,2026-04-24,16:19:00,,
EPSOM - NORWOOD JUNCTION,P25256,1615,stop,2026-04-29,16:19:00,,
BATTERSEA PARK LONDON - EPSOM DOWNS,X96180,1530,stop,2026-04-03,16:19:00,,
EPSOM - NORWOOD JUNCTION,P25256,1615,stop,2026-04-27,16:19:00,,
EPSOM - NORWOOD JUNCTION,P25256,1615,stop,2026-04-14,16:19:00,,
SUTTON (SURREY) - ST ALBANS CITY,G83984,1619,stop,2026-04-24,16:19:00,,
SUTTON (SURREY) - ST ALBANS CITY,G25355,1619,stop,2026-04-11,16:19:00,,
BATTERSEA PARK LONDON - EPSOM DOWNS,P26233,1530,stop,2026-04-26,16:19:00,,
EPSOM - NORWOOD JUNCTION,P25256,1615,stop,2026-04-16,16:19:00,,
EPSOM - NORWOOD JUNCTION,P25256,1615,stop,2026-04-15,16:19:00,,
BATTERSEA PARK LONDON - EPSOM DOWNS,P26234,1530,stop,2026-04-16,16:19:00,,
SUTTON (SURREY) - ST ALBANS CITY,G83984,1619,stop,2026-04-22,16:19:00,,
SUTTON (SURREY) - ST ALBANS CITY,G83984,1619,stop,2026-04-17,16:19:00,,
EPSOM - NORWOOD JUNCTION,P25256,1615,stop,2026-04-10,16:19:00,,
BATTERSEA PARK LONDON - EPSOM DOWNS,P26234,1530,stop,2026-04-15,16:19:00,,
BATTERSEA PARK LONDON - EPSOM DOWNS,P26234,1530,stop,2026-04-21,16:19:00,,
EPSOM - NORWOOD JUNCTION,P25256,1615,stop,2026-04-09,16:19:00,,
BATTERSEA PARK LONDON - EPSOM DOWNS,P26234,1530,stop,2026-04-08,16:19:00,,
STREATHAM HILL - EPSOM DOWNS,P26235,1543,stop,2026-04-18,16:19:00,,
BATTERSEA PARK LONDON - EPSOM DOWNS,P26234,1530,stop,2026-04-06,16:19:00,,
SUTTON (SURREY) - ST ALBANS CITY,G83984,1619,stop,2026-04-13,16:19:00,,
BATTERSEA PARK LONDON - EPSOM DOWNS,X00795,1530,stop,2026-04-06,16:19:00,,
SUTTON (SURREY) - ST ALBANS CITY,G83984,1619,stop,2026-04-28,16:19:00,,
SUTTON (SURREY) - LUTON,G83983,1619,stop,2026-04-26,16:19:00,,
EPSOM - NORWOOD JUNCTION,X01414,1615,stop,2026-04-06,16:19:00,,
BATTERSEA PARK LONDON - EPSOM DOWNS,P26234,1530,stop,2026-04-24,16:19:00,,
BATTERSEA PARK LONDON - EPSOM DOWNS,P26234,1530,stop,2026-04-29,16:19:00,,
SUTTON (SURREY) - ST ALBANS CITY,G83984,1619,stop,2026-04-27,16:19:00,,
BATTERSEA PARK LONDON - EPSOM DOWNS,P26234,1530,stop,2026-04-01,16:19:00,,
SUTTON (SURREY) - ST ALBANS CITY,G83984,1619,stop,2026-04-08,16:19:00,,
BATTERSEA PARK LONDON - EPSOM DOWNS,P26235,1530,stop,2026-04-25,16:19:00,,
SUTTON (SURREY) - ST ALBANS CITY,G83984,1619,stop,2026-04-06,16:19:00,,
EPSOM - NORWOOD JUNCTION,P25257,1615,stop,2026-04-11,16:19:00,,
EPSOM DOWNS - BATTERSEA PARK LONDON,P26248,1608,stop,2026-04-04,16:21:00,,
EPSOM DOWNS - STREATHAM HILL,P26246,1608,stop,2026-04-19,16:21:00,,
EPSOM DOWNS - BATTERSEA PARK LONDON,P26247,1608,stop,2026-04-28,16:21:00,,
EPSOM DOWNS - BATTERSEA PARK LONDON,P26247,1608,stop,2026-04-17,16:21:00,,
EPSOM DOWNS - STREATHAM HILL,P26248,1608,stop,2026-04-18,16:21:00,,
EPSOM DOWNS - BATTERSEA PARK LONDON,P26247,1608,stop,2026-04-14,16:21:00,,
EPSOM DOWNS - BATTERSEA PARK LONDON,X96131,1608,stop,2026-04-03,16:21:00,,
BATTERSEA PARK LONDON - EPSOM DOWNS,P26233,1530,stop,2026-04-05,16:20:00,,
BATTERSEA PARK LONDON - EPSOM DOWNS,P26234,1530,stop,2026-04-03,16:19:00,,
BATTERSEA PARK LONDON - EPSOM DOWNS,P26234,1530,stop,2026-04-02,16:19:00,,
STREATHAM HILL - EPSOM DOWNS,P26233,1543,stop,2026-04-19,16:19:00,,
EPSOM - NORWOOD JUNCTION,P25256,1615,stop,2026-04-06,16:19:00,,
EPSOM DOWNS - BATTERSEA PARK LONDON,P26247,1608,stop,2026-04-20,16:21:00,,
EPSOM DOWNS - BATTERSEA PARK LONDON,P26246,1608,stop,2026-04-12,16:21:00,,
EPSOM DOWNS - BATTERSEA PARK LONDON,P26247,1608,stop,2026-04-27,16:21:00,,
EPSOM DOWNS - BATTERSEA PARK LONDON,P26247,1608,stop,2026-04-10,16:21:00,,
EPSOM DOWNS - BATTERSEA PARK LONDON,P26247,1608,stop,2026-04-09,16:21:00,,
EPSOM DOWNS - BATTERSEA PARK LONDON,P26247,1608,stop,2026-04-06,16:21:00,,
EPSOM DOWNS - BATTERSEA PARK LONDON,P26247,1608,stop,2026-04-13,16:21:00,,
EPSOM DOWNS - BATTERSEA PARK LONDON,P26247,1608,stop,2026-04-03,16:21:00,,
EPSOM DOWNS - BATTERSEA PARK LONDON,P26248,1608,stop,2026-04-11,16:21:00,,
EPSOM DOWNS - BATTERSEA PARK LONDON,P26246,1608,stop,2026-04-26,16:21:00,,
EPSOM DOWNS - BATTERSEA PARK LONDON,P26247,1608,stop,2026-04-07,16:21:00,,
EPSOM DOWNS - BATTERSEA PARK LONDON,P26248,1608,stop,2026-04-25,16:21:00,,
EPSOM DOWNS - BATTERSEA PARK LONDON,P26247,1608,stop,2026-04-16,16:21:00,,
EPSOM DOWNS - BATTERSEA PARK LONDON,P26247,1608,stop,2026-04-15,16:21:00,,
EPSOM DOWNS - BATTERSEA PARK LONDON,P26247,1608,stop,2026-04-02,16:21:00,,
EPSOM DOWNS - BATTERSEA PARK LONDON,P26247,1608,stop,2026-04-30,16:21:00,,
GUILDFORD - EARLSFIELD,L74277,1545,stop,2026-04-25,16:22:00,,
EPSOM DOWNS - BATTERSEA PARK LONDON,P26247,1608,stop,2026-04-01,16:21:00,,
EPSOM DOWNS - BATTERSEA PARK LONDON,P26247,1608,stop,2026-04-29,16:21:00,,
EPSOM DOWNS - BATTERSEA PARK LONDON,X00798,1608,stop,2026-04-06,16:21:00,,
EPSOM DOWNS - BATTERSEA PARK LONDON,P26247,1608,stop,2026-04-21,16:21:00,,
EPSOM DOWNS - BATTERSEA PARK LONDON,P26247,1608,stop,2026-04-23,16:21:00,,
EPSOM DOWNS - BATTERSEA PARK LONDON,P26247,1608,stop,2026-04-24,16:21:00,,
EPSOM DOWNS - BATTERSEA PARK LONDON,P26247,1608,stop,2026-04-08,16:21:00,,
EPSOM DOWNS - BATTERSEA PARK LONDON,P26247,1608,stop,2026-04-22,16:21:00,,
GUILDFORD - EARLSFIELD,L74277,1545,stop,2026-04-18,16:22:00,,
GUILDFORD - EARLSFIELD,L74277,1545,stop,2026-04-11,16:22:00,,
GUILDFORD - EARLSFIELD,Q49431,1545,stop,2026-04-06,16:22:00,,
GUILDFORD - EARLSFIELD,Q88877,1545,stop,2026-04-03,16:22:00,,
EARLSFIELD - GUILDFORD (2),P61607,1553,stop,2026-04-16,16:24:00,,
EARLSFIELD - GUILDFORD (2),P61607,1553,stop,2026-04-07,16:24:00,,
EARLSFIELD - GUILDFORD (2),P61607,1553,stop,2026-04-20,16:24:00,,
EARLSFIELD - GUILDFORD (2),P61607,1553,stop,2026-04-09,16:24:00,,
GUILDFORD - EARLSFIELD,L74277,1545,stop,2026-04-04,16:22:00,,
MITCHAM EASTFIELDS - HORSHAM (2),P26689,1550,stop,2026-04-18,16:22:00,,
EARLSFIELD - GUILDFORD (2),P61608,1553,stop,2026-04-18,16:24:00,,
EARLSFIELD - GUILDFORD (2),P61608,1553,stop,2026-04-04,16:24:00,,
EARLSFIELD - GUILDFORD (2),P61607,1553,stop,2026-04-03,16:24:00,,
EARLSFIELD - GUILDFORD (2),P61607,1553,stop,2026-04-14,16:24:00,,
EARLSFIELD - GUILDFORD (2),Q38513,1553,stop,2026-04-03,16:24:00,,
EARLSFIELD - GUILDFORD (2),P61607,1553,stop,2026-04-15,16:24:00,,
EARLSFIELD - GUILDFORD (2),P61607,1553,stop,2026-04-06,16:24:00,,
EARLSFIELD - GUILDFORD (2),P61607,1553,stop,2026-04-28,16:24:00,,
EARLSFIELD - GUILDFORD (2),Q49409,1553,stop,2026-04-06,16:24:00,,
EARLSFIELD - GUILDFORD (2),P61607,1553,stop,2026-04-22,16:24:00,,
EARLSFIELD - GUILDFORD (2),P61607,1553,stop,2026-04-21,16:24:00,,
EARLSFIELD - GUILDFORD (2),P61607,1553,stop,2026-04-02,16:24:00,,
EARLSFIELD - GUILDFORD (2),P61607,1553,stop,2026-04-27,16:24:00,,
EARLSFIELD - GUILDFORD (2),P61607,1553,stop,2026-04-29,16:24:00,,
EARLSFIELD - GUILDFORD (2),P61607,1553,stop,2026-04-23,16:24:00,,
EARLSFIELD - GUILDFORD (2),P61608,1553,stop,2026-04-11,16:24:00,,
SUTTON (SURREY) - DORKING,X04918,1625,stop,2026-04-12,16:25:00,,
EARLSFIELD - GUILDFORD (2),P61607,1553,stop,2026-04-24,16:24:00,,
EARLSFIELD - GUILDFORD (2),P61607,1553,stop,2026-04-10,16:24:00,,
EARLSFIELD - GUILDFORD (2),P61607,1553,stop,2026-04-13,16:24:00,,
EARLSFIELD - GUILDFORD (2),P61607,1553,stop,2026-04-01,16:24:00,,
EARLSFIELD - GUILDFORD (2),P61608,1553,stop,2026-04-25,16:24:00,,
EARLSFIELD - GUILDFORD (2),P61607,1553,stop,2026-04-30,16:24:00,,
EARLSFIELD - GUILDFORD (2),P61607,1553,stop,2026-04-08,16:24:00,,
EARLSFIELD - GUILDFORD (2),P61607,1553,stop,2026-04-17,16:24:00,,
NORWOOD JUNCTION - EPSOM,P25255,1555,stop,2026-04-04,16:28:00,,
NORWOOD JUNCTION - EPSOM,P25254,1555,stop,2026-04-21,16:28:00,,
NORWOOD JUNCTION - EPSOM,P25254,1555,stop,2026-04-28,16:28:00,,
NORWOOD JUNCTION - EPSOM,X01413,1555,stop,2026-04-06,16:28:00,,
NORWOOD JUNCTION - EPSOM,P25254,1555,stop,2026-04-06,16:28:00,,
DORKING - EARLSFIELD,P61054,1607,stop,2026-04-26,16:27:00,,
SUTTON (SURREY) - TULSE HILL,X27289,1627,stop,2026-04-05,16:27:00,,
DORKING - EARLSFIELD,P61054,1607,stop,2026-04-12,16:27:00,,
DORKING - EARLSFIELD,P61054,1607,stop,2026-04-19,16:27:00,,
DORKING - EARLSFIELD,P61054,1607,stop,2026-04-05,16:27:00,,
NORWOOD JUNCTION - EPSOM,P25254,1555,stop,2026-04-09,16:28:00,,
NORWOOD JUNCTION - EPSOM,P25254,1555,stop,2026-04-01,16:28:00,,
NORWOOD JUNCTION - EPSOM,P25254,1555,stop,2026-04-17,16:28:00,,
NORWOOD JUNCTION - EPSOM,P25254,1555,stop,2026-04-08,16:28:00,,
NORWOOD JUNCTION - EPSOM,P25255,1555,stop,2026-04-18,16:28:00,,
EPSOM DOWNS - BATTERSEA PARK LONDON,P26246,1608,stop,2026-04-05,16:28:00,,
NORWOOD JUNCTION - EPSOM,P25254,1555,stop,2026-04-16,16:28:00,,
NORWOOD JUNCTION - EPSOM,P25254,1555,stop,2026-04-15,16:28:00,,
NORWOOD JUNCTION - EPSOM,P25254,1555,stop,2026-04-07,16:28:00,,
NORWOOD JUNCTION - EPSOM,P25255,1555,stop,2026-04-25,16:28:00,,
NORWOOD JUNCTION - EPSOM,P25254,1555,stop,2026-04-02,16:28:00,,
NORWOOD JUNCTION - EPSOM,P25254,1555,stop,2026-04-24,16:28:00,,
NORWOOD JUNCTION - EPSOM,P25254,1555,stop,2026-04-23,16:28:00,,
NORWOOD JUNCTION - EPSOM,P25254,1555,stop,2026-04-30,16:28:00,,
NORWOOD JUNCTION - EPSOM,P25254,1555,stop,2026-04-14,16:28:00,,
NORWOOD JUNCTION - EPSOM,P25254,1555,stop,2026-04-13,16:31:00,,
NORWOOD JUNCTION - EPSOM,P25254,1555,stop,2026-04-29,16:28:00,,
NORWOOD JUNCTION - EPSOM,P25255,1555,stop,2026-04-11,16:28:00,,
NORWOOD JUNCTION - EPSOM,P25254,1555,stop,2026-04-03,16:28:00,,
NORWOOD JUNCTION - EPSOM,X92925,1555,stop,2026-04-03,16:28:00,,
NORWOOD JUNCTION - EPSOM,P25254,1555,stop,2026-04-10,16:28:00,,
NORWOOD JUNCTION - EPSOM,P25254,1555,stop,2026-04-27,16:28:00,,
NORWOOD JUNCTION - EPSOM,P25254,1555,stop,2026-04-20,16:28:00,,
NORWOOD JUNCTION - EPSOM,P25254,1555,stop,2026-04-22,16:28:00,,
LUTON - WIMBLEDON,W59675,1452,stop,2026-04-05,16:31:00,,
EARLSFIELD - DORKING,P61051,1602,stop,2026-04-19,16:33:00,,
EARLSFIELD - DORKING,P61051,1602,stop,2026-04-26,16:33:00,,
EARLSFIELD - DORKING,P61051,1602,stop,2026-04-12,16:33:00,,
EARLSFIELD - DORKING,P61051,1602,stop,2026-04-05,16:33:00,,
ST ALBANS CITY - SUTTON (SURREY),G25326,1507,stop,2026-04-04,16:37:00,,
ST ALBANS CITY - SUTTON (SURREY),G25326,1507,stop,2026-04-18,16:37:00,,
ST ALBANS CITY - SUTTON (SURREY),G84949,1507,stop,2026-04-21,16:37:00,,
ST ALBANS CITY - SUTTON (SURREY),G84949,1507,stop,2026-04-16,16:37:00,,
ST ALBANS CITY - SUTTON (SURREY),G84949,1507,stop,2026-04-22,16:37:00,,
DORKING - MITCHAM EASTFIELDS,P26699,1612,stop,2026-04-19,16:35:00,,
DORKING - BALHAM (2),P26699,1612,stop,2026-04-12,16:35:00,,
DORKING - BALHAM (2),P26699,1612,stop,2026-04-26,16:35:00,,
DORKING - WORCESTER PARK,Q54834,1550,stop,2026-04-12,16:34:00,,
DORKING - MITCHAM EASTFIELDS (2),P26698,1617,stop,2026-04-18,16:37:00,,
ST ALBANS CITY - SUTTON (SURREY),G84949,1507,stop,2026-04-23,16:37:00,,
ST ALBANS CITY - SUTTON (SURREY),G84949,1507,stop,2026-04-08,16:37:00,,
ST ALBANS CITY - SUTTON (SURREY),G84949,1507,stop,2026-04-07,16:37:00,,
ST ALBANS CITY - SUTTON (SURREY),G84949,1507,stop,2026-04-01,16:37:00,,
ST ALBANS CITY - SUTTON (SURREY),G84949,1507,stop,2026-04-14,16:37:00,,
WEST HAMPSTEAD THAMESLINK - SUTTON (SURREY) (2),W59675,1530,stop,2026-04-19,16:37:00,,
ST ALBANS CITY - SUTTON (SURREY),G84949,1507,stop,2026-04-02,16:37:00,,
LUTON - SUTTON (SURREY) (2),W59675,1452,stop,2026-04-12,16:37:00,,
ST ALBANS CITY - SUTTON (SURREY),G84949,1507,stop,2026-04-30,16:37:00,,
ST ALBANS CITY - SUTTON (SURREY),G84949,1507,stop,2026-04-24,16:37:00,,
ST ALBANS CITY - SUTTON (SURREY),G84949,1507,stop,2026-04-10,16:37:00,,
ST ALBANS CITY - SUTTON (SURREY),G84949,1507,stop,2026-04-15,16:37:00,,
ST ALBANS CITY - SUTTON (SURREY),G84949,1507,stop,2026-04-29,16:37:00,,
ST ALBANS CITY - SUTTON (SURREY),G84949,1507,stop,2026-04-09,16:37:00,,
ST ALBANS CITY - SUTTON (SURREY),G84949,1507,stop,2026-04-06,16:37:00,,
DORKING - BALHAM (3),P26697,1617,stop,2026-04-09,16:39:00,,
DORKING - BALHAM (3),P26697,1617,stop,2026-04-28,16:39:00,,
DORKING - BALHAM (3),P26699,1616,stop,2026-04-05,16:38:00,,
ST ALBANS CITY - SUTTON (SURREY),G84949,1507,stop,2026-04-13,16:37:00,,
ST ALBANS CITY - SUTTON (SURREY),G84949,1507,stop,2026-04-17,16:37:00,,
ST ALBANS CITY - SUTTON (SURREY),G84949,1507,stop,2026-04-27,16:37:00,,
ST ALBANS CITY - SUTTON (SURREY),G84949,1507,stop,2026-04-20,16:37:00,,
ST ALBANS CITY - SUTTON (SURREY),G84949,1507,stop,2026-04-28,16:37:00,,
ST ALBANS CITY - SUTTON (SURREY),G84949,1507,stop,2026-04-03,16:37:00,,
ST ALBANS CITY - SUTTON (SURREY),G25326,1507,stop,2026-04-11,16:37:00,,
LUTON - SUTTON (SURREY) (2),W59675,1452,stop,2026-04-26,16:37:00,,
ST ALBANS CITY - SUTTON (SURREY),G25326,1507,stop,2026-04-25,16:37:00,,
DORKING - BALHAM (3),P26697,1617,stop,2026-04-14,16:39:00,,
DORKING - BALHAM (3),P26698,1617,stop,2026-04-25,16:39:00,,
DORKING - BALHAM (3),P26697,1617,stop,2026-04-24,16:39:00,,
DORKING - BALHAM (3),P26697,1617,stop,2026-04-15,16:39:00,,
DORKING - BALHAM (3),P26697,1617,stop,2026-04-21,16:39:00,,
DORKING - BALHAM (3),P26698,1617,stop,2026-04-11,16:39:00,,
DORKING - BALHAM (3),X00956,1617,stop,2026-04-06,16:39:00,,
DORKING - BALHAM (3),P26698,1617,stop,2026-04-04,16:39:00,,
DORKING - BALHAM (3),P26697,1617,stop,2026-04-17,16:39:00,,
DORKING - BALHAM (3),P26697,1617,stop,2026-04-02,16:39:00,,
DORKING - BALHAM (3),P26697,1617,stop,2026-04-07,16:39:00,,
DORKING - BALHAM (3),P26697,1617,stop,2026-04-08,16:39:00,,
DORKING - BALHAM (3),P26697,1617,stop,2026-04-30,16:39:00,,
DORKING - BALHAM (3),P26697,1617,stop,2026-04-01,16:39:00,,
DORKING - BALHAM (3),P26697,1617,stop,2026-04-27,16:39:00,,
DORKING - BALHAM (3),P26697,1617,stop,2026-04-29,16:39:00,,
DORKING - BALHAM (3),X96117,1617,stop,2026-04-03,16:42:00,,
BALHAM - DORKING (3),P26696,1608,stop,2026-04-26,16:40:00,,
MITCHAM EASTFIELDS - DORKING,P26696,1608,stop,2026-04-19,16:40:00,,
SUTTON (SURREY) - STREATHAM HILL,P27164,1640,stop,2026-04-18,16:40:00,,
DORKING - BALHAM (3),P26697,1617,stop,2026-04-13,16:39:00,,
DORKING - BALHAM (3),P26697,1617,stop,2026-04-03,16:39:00,,
DORKING - BALHAM (3),P26697,1617,stop,2026-04-10,16:39:00,,
DORKING - BALHAM (3),P26697,1617,stop,2026-04-23,16:39:00,,
DORKING - BALHAM (3),P26697,1617,stop,2026-04-16,16:39:00,,
DORKING - BALHAM (3),P26697,1617,stop,2026-04-20,16:39:00,,
DORKING - BALHAM (3),P26697,1617,stop,2026-04-06,16:39:00,,
DORKING - BALHAM (3),P26697,1617,stop,2026-04-22,16:39:00,,
SUTTON (SURREY) - BALHAM (2),P26699,1642,stop,2026-04-12,16:42:00,,
GUILDFORD - EARLSFIELD,P61613,1559,stop,2026-04-28,16:43:00,,
GUILDFORD - EARLSFIELD,P61613,1559,stop,2026-04-08,16:43:00,,
GUILDFORD - EARLSFIELD,P61613,1559,stop,2026-04-27,16:43:00,,
BALHAM - DORKING (2),P26694,1612,stop,2026-04-17,16:43:00,,
BALHAM - DORKING (2),P26694,1612,stop,2026-04-07,16:43:00,,
BALHAM - DORKING (2),P26694,1612,stop,2026-04-15,16:43:00,,
BALHAM - DORKING (2),P26694,1612,stop,2026-04-20,16:43:00,,
GUILDFORD - EARLSFIELD,P61613,1559,stop,2026-04-06,16:43:00,,
BALHAM - DORKING (2),P26694,1612,stop,2026-04-22,16:43:00,,
BALHAM - DORKING (2),P26694,1612,stop,2026-04-29,16:43:00,,
BALHAM - DORKING,P26695,1611,stop,2026-04-11,16:43:00,,
BALHAM - DORKING (2),P26694,1612,stop,2026-04-06,16:43:00,,
BALHAM - DORKING (2),P26694,1612,stop,2026-04-21,16:43:00,,
GUILDFORD - EARLSFIELD,P61613,1559,stop,2026-04-07,16:43:00,,
GUILDFORD - EARLSFIELD,P61613,1559,stop,2026-04-29,16:43:00,,
BALHAM - DORKING (2),P26694,1612,stop,2026-04-24,16:43:00,,
BALHAM - DORKING (2),P26694,1612,stop,2026-04-03,16:43:00,,
BALHAM - DORKING,X96128,1611,stop,2026-04-03,16:43:00,,
BALHAM - DORKING (2),P26694,1612,stop,2026-04-16,16:43:00,,
GUILDFORD - EARLSFIELD,P61613,1559,stop,2026-04-21,16:43:00,,
GUILDFORD - EARLSFIELD,P61613,1559,stop,2026-04-02,16:43:00,,
BALHAM - DORKING,X00955,1611,stop,2026-04-06,16:43:00,,
BALHAM - DORKING (2),P26694,1612,stop,2026-04-09,16:43:00,,
GUILDFORD - EARLSFIELD,P61613,1559,stop,2026-04-30,16:43:00,,
BALHAM - DORKING (2),P26694,1612,stop,2026-04-30,16:43:00,,
BALHAM - DORKING (2),P26694,1612,stop,2026-04-10,16:43:00,,
GUILDFORD - EARLSFIELD,P61613,1559,stop,2026-04-01,16:43:00,,
BALHAM - DORKING,P26695,1611,stop,2026-04-04,16:43:00,,
BALHAM - DORKING (2),P26694,1612,stop,2026-04-14,16:43:00,,
BALHAM - DORKING (3),P26696,1608,stop,2026-04-12,16:43:00,,
BALHAM - DORKING (2),P26694,1612,stop,2026-04-23,16:43:00,,
BALHAM - DORKING (2),P26694,1612,stop,2026-04-08,16:43:00,,
GUILDFORD - EARLSFIELD,P61613,1559,stop,2026-04-03,16:43:00,,
GUILDFORD - EARLSFIELD,P61613,1559,stop,2026-04-14,16:43:00,,
BALHAM - DORKING,P26695,1611,stop,2026-04-25,16:43:00,,
GUILDFORD - EARLSFIELD,P61613,1559,stop,2026-04-15,16:43:00,,
BALHAM - DORKING (2),P26694,1612,stop,2026-04-01,16:43:00,,
GUILDFORD - EARLSFIELD,P61613,1559,stop,2026-04-10,16:43:00,,
BALHAM - DORKING (2),P26694,1612,stop,2026-04-28,16:43:00,,
BALHAM - DORKING (2),P26694,1612,stop,2026-04-27,16:43:00,,
GUILDFORD - EARLSFIELD,P61613,1559,stop,2026-04-23,16:43:00,,
GUILDFORD - EARLSFIELD,P61613,1559,stop,2026-04-24,16:43:00,,
GUILDFORD - EARLSFIELD,P61613,1559,stop,2026-04-17,16:43:00,,
GUILDFORD - EARLSFIELD,P61613,1559,stop,2026-04-20,16:43:00,,
BALHAM - DORKING (2),P26694,1612,stop,2026-04-02,16:43:00,,
GUILDFORD - EARLSFIELD,P61613,1559,stop,2026-04-09,16:43:00,,
GUILDFORD - EARLSFIELD,P61613,1559,stop,2026-04-13,16:43:00,,
GUILDFORD - EARLSFIELD,P61613,1559,stop,2026-04-22,16:43:00,,
GUILDFORD - EARLSFIELD,P61613,1559,stop,2026-04-16,16:43:00,,
SUTTON (SURREY) - ST ALBANS CITY (3),G84954,1646,stop,2026-04-06,16:46:00,,
SUTTON (SURREY) - ST ALBANS CITY (3),G25365,1646,stop,2026-04-25,16:46:00,,
SUTTON (SURREY) - ST ALBANS CITY (3),G84954,1646,stop,2026-04-22,16:46:00,,
SUTTON (SURREY) - ST ALBANS CITY (3),G84954,1646,stop,2026-04-28,16:46:00,,
SUTTON (SURREY) - ST ALBANS CITY (3),G84954,1646,stop,2026-04-17,16:46:00,,
SUTTON (SURREY) - ST ALBANS CITY (6),G84952,1646,stop,2026-04-26,16:46:00,,
SUTTON (SURREY) - ST ALBANS CITY (3),G84954,1646,stop,2026-04-13,16:46:00,,
SUTTON (SURREY) - ST ALBANS CITY (3),G84954,1646,stop,2026-04-03,16:46:00,,
WIMBLEDON - LUTON,G83989,1633,stop,2026-04-05,16:45:00,,
BALHAM - DORKING (6),P26696,1608,stop,2026-04-05,16:44:00,,
BALHAM - DORKING (2),P26694,1612,stop,2026-04-13,16:43:00,,
SUTTON (SURREY) - ST ALBANS CITY (3),G84954,1646,stop,2026-04-21,16:46:00,,
SUTTON (SURREY) - ST ALBANS CITY (6),G84952,1646,stop,2026-04-05,16:46:00,,
SUTTON (SURREY) - ST ALBANS CITY (3),G84954,1646,stop,2026-04-23,16:46:00,,
SUTTON (SURREY) - ST ALBANS CITY (3),G84954,1646,stop,2026-04-01,16:46:00,,
SUTTON (SURREY) - ST ALBANS CITY (3),G25365,1646,stop,2026-04-04,16:46:00,,
SUTTON (SURREY) - ST ALBANS CITY (6),G84952,1646,stop,2026-04-12,16:46:00,,
SUTTON (SURREY) - ST ALBANS CITY (3),G84954,1646,stop,2026-04-30,16:46:00,,
SUTTON (SURREY) - ST ALBANS CITY (3),G84954,1646,stop,2026-04-14,16:46:00,,
SUTTON (SURREY) - ST ALBANS CITY (3),G84954,1646,stop,2026-04-02,16:46:00,,
SUTTON (SURREY) - ST ALBANS CITY (3),G84954,1646,stop,2026-04-20,16:46:00,,
SUTTON (SURREY) - ST ALBANS CITY (3),G84954,1646,stop,2026-04-29,16:46:00,,
SUTTON (SURREY) - ST ALBANS CITY (3),G84954,1646,stop,2026-04-10,16:46:00,,
SUTTON (SURREY) - ST ALBANS CITY (3),G84954,1646,stop,2026-04-15,16:46:00,,
SUTTON (SURREY) - ST ALBANS CITY (3),G84954,1646,stop,2026-04-24,16:46:00,,
SUTTON (SURREY) - ST ALBANS CITY (3),G84954,1646,stop,2026-04-07,16:46:00,,
SUTTON (SURREY) - ST ALBANS CITY (3),G25365,1647,stop,2026-04-18,16:47:00,,
SUTTON (SURREY) - ST ALBANS CITY (3),G84954,1646,stop,2026-04-09,16:46:00,,
SUTTON (SURREY) - ST ALBANS CITY (3),G84954,1646,stop,2026-04-27,16:46:00,,
SUTTON (SURREY) - ST ALBANS CITY (3),G84954,1646,stop,2026-04-08,16:46:00,,
SUTTON (SURREY) - ST ALBANS CITY (3),G25365,1646,stop,2026-04-11,16:46:00,,
SUTTON (SURREY) - ST ALBANS CITY (3),G84954,1646,stop,2026-04-16,16:46:00,,
SUTTON (SURREY) - ST ALBANS CITY (6),G84952,1646,stop,2026-04-19,16:46:00,,
EPSOM - NORWOOD JUNCTION,P25260,1645,stop,2026-04-03,16:49:00,,
EPSOM - NORWOOD JUNCTION,P25260,1645,stop,2026-04-10,16:49:00,,
SUTTON (SURREY) - ST ALBANS CITY,G83990,1649,stop,2026-04-13,16:49:00,,
SUTTON (SURREY) - ST ALBANS CITY,G83990,1649,stop,2026-04-03,16:49:00,,
EPSOM - NORWOOD JUNCTION,P25260,1645,stop,2026-04-27,16:49:00,,
BATTERSEA PARK LONDON - EPSOM DOWNS,P26242,1600,stop,2026-04-08,16:49:00,,
SUTTON (SURREY) - ST ALBANS CITY,G83990,1649,stop,2026-04-23,16:49:00,,
SUTTON (SURREY) - ST ALBANS CITY,G83990,1649,stop,2026-04-24,16:49:00,,
EPSOM - NORWOOD JUNCTION,P25261,1645,stop,2026-04-11,16:49:00,,
EPSOM - NORWOOD JUNCTION,P25261,1645,stop,2026-04-04,16:49:00,,
WORCESTER PARK - EFFINGHAM JUNCTION,Q54803,1635,stop,2026-04-12,16:48:00,,
DORKING - SUTTON (SURREY),X04881,1603,stop,2026-04-12,16:47:00,,
SUTTON (SURREY) - ST ALBANS CITY,G83990,1649,stop,2026-04-17,16:49:00,,
STREATHAM HILL - EPSOM DOWNS,P26243,1613,stop,2026-04-18,16:49:00,,
EPSOM - NORWOOD JUNCTION,P25260,1645,stop,2026-04-08,16:49:00,,
BATTERSEA PARK LONDON - EPSOM DOWNS,P26242,1600,stop,2026-04-02,16:49:00,,
EPSOM - NORWOOD JUNCTION,P25260,1645,stop,2026-04-17,16:49:00,,
SUTTON (SURREY) - ST ALBANS CITY,G83990,1649,stop,2026-04-29,16:49:00,,
SUTTON (SURREY) - ST ALBANS CITY,G83990,1649,stop,2026-04-01,16:49:00,,
BATTERSEA PARK LONDON - EPSOM DOWNS,P26242,1600,stop,2026-04-13,16:49:00,,
BATTERSEA PARK LONDON - EPSOM DOWNS,P26241,1600,stop,2026-04-05,16:49:00,,
SUTTON (SURREY) - ST ALBANS CITY,G83990,1649,stop,2026-04-15,16:49:00,,
EPSOM - NORWOOD JUNCTION,P25261,1645,stop,2026-04-18,16:49:00,,
BATTERSEA PARK LONDON - EPSOM DOWNS,P26242,1600,stop,2026-04-06,16:49:00,,
BATTERSEA PARK LONDON - EPSOM DOWNS,X00797,1600,stop,2026-04-06,16:49:00,,
SUTTON (SURREY) - ST ALBANS CITY,G83990,1649,stop,2026-04-02,16:49:00,,
EPSOM - NORWOOD JUNCTION,X96080,1645,stop,2026-04-03,16:49:00,,
SUTTON (SURREY) - ST ALBANS CITY,G25367,1649,stop,2026-04-25,16:49:00,,
BATTERSEA PARK LONDON - EPSOM DOWNS,P26242,1600,stop,2026-04-07,16:49:00,,
EPSOM - NORWOOD JUNCTION,P25260,1645,stop,2026-04-28,16:49:00,,
EPSOM - NORWOOD JUNCTION,P25260,1645,stop,2026-04-13,16:49:00,,
EPSOM - NORWOOD JUNCTION,P25260,1645,stop,2026-04-29,16:49:00,,
BATTERSEA PARK LONDON - EPSOM DOWNS,P26242,1600,stop,2026-04-27,16:49:00,,
EPSOM - NORWOOD JUNCTION,P25260,1645,stop,2026-04-07,16:49:00,,
BATTERSEA PARK LONDON - EPSOM DOWNS,P26242,1600,stop,2026-04-30,16:49:00,,
BATTERSEA PARK LONDON - EPSOM DOWNS,P26242,1600,stop,2026-04-20,16:49:00,,
BATTERSEA PARK LONDON - EPSOM DOWNS,P26242,1600,stop,2026-04-21,16:49:00,,
BATTERSEA PARK LONDON - EPSOM DOWNS,P26243,1600,stop,2026-04-11,16:49:00,,
BATTERSEA PARK LONDON - EPSOM DOWNS,P26242,1600,stop,2026-04-28,16:49:00,,
EPSOM - NORWOOD JUNCTION,P25260,1645,stop,2026-04-06,16:49:00,,
EPSOM - NORWOOD JUNCTION,P25260,1645,stop,2026-04-30,16:49:00,,
EPSOM - NORWOOD JUNCTION,P25260,1645,stop,2026-04-09,16:49:00,,
EPSOM - NORWOOD JUNCTION,P25260,1645,stop,2026-04-16,16:49:00,,
BATTERSEA PARK LONDON - EPSOM DOWNS,P26242,1600,stop,2026-04-29,16:49:00,,
STREATHAM HILL - EPSOM DOWNS,P26241,1613,stop,2026-04-19,16:49:00,,
BATTERSEA PARK LONDON - EPSOM DOWNS,P26242,1600,stop,2026-04-15,16:49:00,,
BATTERSEA PARK LONDON - EPSOM DOWNS,P26242,1600,stop,2026-04-22,16:49:00,,
SUTTON (SURREY) - ST ALBANS CITY,G83990,1649,stop,2026-04-16,16:49:00,,
EPSOM - NORWOOD JUNCTION,P25260,1645,stop,2026-04-14,16:49:00,,
SUTTON (SURREY) - ST ALBANS CITY,G83990,1649,stop,2026-04-07,16:49:00,,
SUTTON (SURREY) - ST ALBANS CITY,G83990,1649,stop,2026-04-08,16:49:00,,
EPSOM - NORWOOD JUNCTION,P25260,1645,stop,2026-04-24,16:49:00,,
BATTERSEA PARK LONDON - EPSOM DOWNS,P26242,1600,stop,2026-04-01,16:49:00,,
BATTERSEA PARK LONDON - EPSOM DOWNS,P26242,1600,stop,2026-04-17,16:49:00,,
SUTTON (SURREY) - ST ALBANS CITY,G83990,1649,stop,2026-04-22,16:49:00,,
SUTTON (SURREY) - ST ALBANS CITY,G25367,1649,stop,2026-04-18,16:49:00,,
BATTERSEA PARK LONDON - EPSOM DOWNS,P26242,1600,stop,2026-04-10,16:49:00,,
BATTERSEA PARK LONDON - EPSOM DOWNS,P26241,1600,stop,2026-04-26,16:49:00,,
EPSOM - NORWOOD JUNCTION,X01416,1645,stop,2026-04-06,16:49:00,,
SUTTON (SURREY) - ST ALBANS CITY,G83990,1649,stop,2026-04-28,16:49:00,,
EPSOM - NORWOOD JUNCTION,P25260,1645,stop,2026-04-15,16:49:00,,
SUTTON (SURREY) - ST ALBANS CITY,G83990,1649,stop,2026-04-14,16:49:00,,
SUTTON (SURREY) - ST ALBANS CITY,G83990,1649,stop,2026-04-06,16:49:00,,
EPSOM - NORWOOD JUNCTION,P25260,1645,stop,2026-04-22,16:49:00,,
EPSOM - NORWOOD JUNCTION,P25260,1645,stop,2026-04-23,16:49:00,,
EPSOM - NORWOOD JUNCTION,P25260,1645,stop,2026-04-21,16:49:00,,
SUTTON (SURREY) - ST ALBANS CITY,G83990,1649,stop,2026-04-30,16:49:00,,
BATTERSEA PARK LONDON - EPSOM DOWNS,P26241,1600,stop,2026-04-12,16:49:00,,
BATTERSEA PARK LONDON - EPSOM DOWNS,X96140,1600,stop,2026-04-03,16:49:00,,
BATTERSEA PARK LONDON - EPSOM DOWNS,P26242,1600,stop,2026-04-03,16:49:00,,
SUTTON (SURREY) - WEST HAMPSTEAD THAMESLINK,G83989,1649,stop,2026-04-19,16:49:00,,
SUTTON (SURREY) - ST ALBANS CITY,G83990,1649,stop,2026-04-09,16:49:00,,
SUTTON (SURREY) - ST ALBANS CITY,G25367,1649,stop,2026-04-04,16:49:00,,
BATTERSEA PARK LONDON - EPSOM DOWNS,P26242,1600,stop,2026-04-09,16:49:00,,
EPSOM - NORWOOD JUNCTION,P25260,1645,stop,2026-04-01,16:49:00,,
BATTERSEA PARK LONDON - EPSOM DOWNS,P26243,1600,stop,2026-04-04,16:49:00,,
BATTERSEA PARK LONDON - EPSOM DOWNS,P26242,1600,stop,2026-04-24,16:49:00,,
EPSOM - NORWOOD JUNCTION,P25260,1645,stop,2026-04-02,16:49:00,,
BATTERSEA PARK LONDON - EPSOM DOWNS,P26242,1600,stop,2026-04-14,16:49:00,,
SUTTON (SURREY) - LUTON,G83989,1649,stop,2026-04-12,16:49:00,,
BATTERSEA PARK LONDON - EPSOM DOWNS,P26243,1600,stop,2026-04-25,16:49:00,,
SUTTON (SURREY) - ST ALBANS CITY,G83990,1649,stop,2026-04-10,16:49:00,,
SUTTON (SURREY) - ST ALBANS CITY,G83990,1649,stop,2026-04-20,16:49:00,,
SUTTON (SURREY) - LUTON,G83989,1649,stop,2026-04-26,16:49:00,,
BATTERSEA PARK LONDON - EPSOM DOWNS,P26242,1600,stop,2026-04-23,16:49:00,,
SUTTON (SURREY) - ST ALBANS CITY,G83990,1649,stop,2026-04-21,16:49:00,,
EPSOM - NORWOOD JUNCTION,P25260,1645,stop,2026-04-20,16:49:00,,
SUTTON (SURREY) - ST ALBANS CITY,G25367,1649,stop,2026-04-11,16:49:00,,
SUTTON (SURREY) - ST ALBANS CITY,G83990,1649,stop,2026-04-27,16:49:00,,
EPSOM DOWNS - BATTERSEA PARK LONDON,P26005,1638,stop,2026-04-11,16:51:00,,
EPSOM DOWNS - BATTERSEA PARK LONDON,P26004,1638,stop,2026-04-20,16:51:00,,
EPSOM DOWNS - BATTERSEA PARK LONDON,P26003,1638,stop,2026-04-26,16:51:00,,
EPSOM DOWNS - BATTERSEA PARK LONDON,P26004,1638,stop,2026-04-21,16:51:00,,
EPSOM DOWNS - BATTERSEA PARK LONDON,P26004,1638,stop,2026-04-23,16:51:00,,
EPSOM DOWNS - STREATHAM HILL,P26005,1638,stop,2026-04-18,16:51:00,,
EPSOM DOWNS - BATTERSEA PARK LONDON,X01710,1638,stop,2026-04-06,16:51:00,,
EPSOM DOWNS - BATTERSEA PARK LONDON,P26004,1638,stop,2026-04-28,16:51:00,,
EPSOM DOWNS - BATTERSEA PARK LONDON,P26005,1638,stop,2026-04-04,16:51:00,,
EPSOM DOWNS - BATTERSEA PARK LONDON,P26004,1638,stop,2026-04-17,16:51:00,,
EPSOM DOWNS - BATTERSEA PARK LONDON,X96090,1638,stop,2026-04-03,16:51:00,,
EPSOM DOWNS - BATTERSEA PARK LONDON,P26005,1638,stop,2026-04-25,16:51:00,,
EPSOM DOWNS - BATTERSEA PARK LONDON,P26004,1638,stop,2026-04-10,16:51:00,,
BATTERSEA PARK LONDON - EPSOM DOWNS,P26242,1600,stop,2026-04-16,16:49:00,,
EPSOM - NORWOOD JUNCTION,P25261,1645,stop,2026-04-25,16:49:00,,
EPSOM DOWNS - BATTERSEA PARK LONDON,P26004,1638,stop,2026-04-29,16:51:00,,
EPSOM DOWNS - BATTERSEA PARK LONDON,P26004,1638,stop,2026-04-02,16:51:00,,
EPSOM DOWNS - BATTERSEA PARK LONDON,P26004,1638,stop,2026-04-01,16:51:00,,
EPSOM DOWNS - BATTERSEA PARK LONDON,P26004,1638,stop,2026-04-24,16:51:00,,
EPSOM DOWNS - BATTERSEA PARK LONDON,P26004,1638,stop,2026-04-13,16:51:00,,
EPSOM DOWNS - BATTERSEA PARK LONDON,P26004,1638,stop,2026-04-06,16:51:00,,
EPSOM DOWNS - BATTERSEA PARK LONDON,P26004,1638,stop,2026-04-09,16:51:00,,
EPSOM DOWNS - BATTERSEA PARK LONDON,P26004,1638,stop,2026-04-30,16:51:00,,
EPSOM DOWNS - BATTERSEA PARK LONDON,P26004,1638,stop,2026-04-22,16:51:00,,
EPSOM DOWNS - BATTERSEA PARK LONDON,P26003,1638,stop,2026-04-12,16:51:00,,
EPSOM DOWNS - BATTERSEA PARK LONDON,P26004,1638,stop,2026-04-14,16:51:00,,
EPSOM DOWNS - BATTERSEA PARK LONDON,P26004,1638,stop,2026-04-15,16:51:00,,
EPSOM DOWNS - BATTERSEA PARK LONDON,P26004,1638,stop,2026-04-03,16:51:00,,
EPSOM DOWNS - STREATHAM HILL,P26003,1638,stop,2026-04-19,16:51:00,,
EPSOM DOWNS - BATTERSEA PARK LONDON,P26004,1638,stop,2026-04-08,16:51:00,,
EPSOM DOWNS - BATTERSEA PARK LONDON,P26004,1638,stop,2026-04-16,16:51:00,,
DORKING - EARLSFIELD,P61058,1632,stop,2026-04-17,16:52:00,,
DORKING - EARLSFIELD,P61059,1632,stop,2026-04-25,16:52:00,,
DORKING - EARLSFIELD,P61058,1632,stop,2026-04-08,16:52:00,,
DORKING - EARLSFIELD,P61058,1632,stop,2026-04-24,16:52:00,,
DORKING - EARLSFIELD,P61058,1632,stop,2026-04-02,16:52:00,,
DORKING - EARLSFIELD,P61058,1632,stop,2026-04-15,16:52:00,,
DORKING - EARLSFIELD,P61058,1632,stop,2026-04-28,16:52:00,,
EPSOM DOWNS - BATTERSEA PARK LONDON,P26004,1638,stop,2026-04-07,16:51:00,,
EPSOM DOWNS - BATTERSEA PARK LONDON,P26004,1638,stop,2026-04-27,16:51:00,,
DORKING - EARLSFIELD,P61058,1632,stop,2026-04-09,16:52:00,,
DORKING - EARLSFIELD,P61058,1632,stop,2026-04-27,16:52:00,,
DORKING - EARLSFIELD,P61058,1632,stop,2026-04-16,16:52:00,,
DORKING - EARLSFIELD,P61059,1632,stop,2026-04-04,16:52:00,,
DORKING - EARLSFIELD,P61058,1632,stop,2026-04-07,16:52:00,,
DORKING - EARLSFIELD,P61058,1632,stop,2026-04-13,16:52:00,,
DORKING - EARLSFIELD,P61058,1632,stop,2026-04-22,16:52:00,,
DORKING - EARLSFIELD,P61058,1632,stop,2026-04-20,16:52:00,,
DORKING - EARLSFIELD,P61058,1632,stop,2026-04-30,16:52:00,,
DORKING - EARLSFIELD,P61058,1632,stop,2026-04-14,16:52:00,,
DORKING - EARLSFIELD,P61058,1632,stop,2026-04-23,16:52:00,,
DORKING - EARLSFIELD,P61059,1632,stop,2026-04-18,16:52:00,,
DORKING - EARLSFIELD,Q38484,1632,stop,2026-04-03,16:52:00,,
DORKING - EARLSFIELD,P61058,1632,stop,2026-04-03,16:52:00,,
DORKING - EARLSFIELD,P61058,1632,stop,2026-04-01,16:52:00,,
EARLSFIELD - DORKING,P61050,1623,stop,2026-04-25,16:54:00,,
EARLSFIELD - DORKING,P61049,1623,stop,2026-04-03,16:54:00,,
EARLSFIELD - DORKING,P61049,1623,stop,2026-04-16,16:54:00,,
EARLSFIELD - DORKING,P61049,1623,stop,2026-04-02,16:54:00,,
MITCHAM EASTFIELDS - DORKING (2),P26695,1620,stop,2026-04-18,16:53:00,,
DORKING - EARLSFIELD,P61058,1632,stop,2026-04-21,16:52:00,,
DORKING - EARLSFIELD,Q49328,1632,stop,2026-04-06,16:52:00,,
DORKING - EARLSFIELD,P61058,1632,stop,2026-04-06,16:52:00,,
DORKING - EARLSFIELD,P61058,1632,stop,2026-04-10,16:52:00,,
DORKING - EARLSFIELD,P61058,1632,stop,2026-04-29,16:52:00,,
DORKING - EARLSFIELD,P61059,1632,stop,2026-04-11,16:52:00,,
EARLSFIELD - DORKING,P61049,1623,stop,2026-04-23,16:54:00,,
EARLSFIELD - DORKING,P61050,1623,stop,2026-04-04,16:54:00,,
EARLSFIELD - DORKING,P61049,1623,stop,2026-04-15,16:54:00,,
EARLSFIELD - DORKING,P61049,1623,stop,2026-04-29,16:54:00,,
EARLSFIELD - DORKING,P61049,1623,stop,2026-04-22,16:54:00,,
EARLSFIELD - DORKING,P61049,1623,stop,2026-04-06,16:54:00,,
EARLSFIELD - DORKING,P61049,1623,stop,2026-04-28,16:54:00,,
EARLSFIELD - DORKING,Q49353,1623,stop,2026-04-06,16:54:00,,
EARLSFIELD - DORKING,P61049,1623,stop,2026-04-21,16:54:00,,
EARLSFIELD - DORKING,P61049,1623,stop,2026-04-13,16:54:00,,
EARLSFIELD - DORKING,P61049,1623,stop,2026-04-24,16:54:00,,
EARLSFIELD - DORKING,P61049,1623,stop,2026-04-27,16:54:00,,
EARLSFIELD - DORKING,P61049,1623,stop,2026-04-17,16:54:00,,
EARLSFIELD - DORKING,P61049,1623,stop,2026-04-20,16:54:00,,
EARLSFIELD - DORKING,P61049,1623,stop,2026-04-08,16:54:00,,
EARLSFIELD - DORKING,Q38493,1623,stop,2026-04-03,16:54:00,,
SUTTON (SURREY) - DORKING,X04917,1655,stop,2026-04-12,16:55:00,,
EARLSFIELD - DORKING,P61049,1623,stop,2026-04-07,16:54:00,,
EARLSFIELD - DORKING,P61049,1623,stop,2026-04-09,16:54:00,,
EARLSFIELD - DORKING,P61049,1623,stop,2026-04-10,16:54:00,,
EARLSFIELD - DORKING,P61049,1623,stop,2026-04-01,16:54:00,,
EARLSFIELD - DORKING,P61050,1623,stop,2026-04-18,16:54:00,,
EARLSFIELD - DORKING,P61049,1623,stop,2026-04-30,16:54:00,,
EARLSFIELD - DORKING,P61049,1623,stop,2026-04-14,16:54:00,,
EARLSFIELD - DORKING,P61050,1623,stop,2026-04-11,16:54:00,,
NORWOOD JUNCTION - EPSOM,P25258,1625,stop,2026-04-27,16:58:00,,
NORWOOD JUNCTION - EPSOM,P25258,1625,stop,2026-04-21,16:58:00,,
NORWOOD JUNCTION - EPSOM,P25258,1625,stop,2026-04-28,16:58:00,,
NORWOOD JUNCTION - EPSOM,P25259,1625,stop,2026-04-18,16:58:00,,
NORWOOD JUNCTION - EPSOM,P25258,1625,stop,2026-04-20,16:58:00,,
GUILDFORD - EARLSFIELD,L74279,1620,stop,2026-04-26,16:57:00,,
GUILDFORD - EARLSFIELD,L74279,1620,stop,2026-04-05,16:57:00,,
SUTTON (SURREY) - TULSE HILL,X27288,1657,stop,2026-04-05,16:57:00,,
GUILDFORD - EARLSFIELD,L74279,1620,stop,2026-04-12,16:57:00,,
GUILDFORD - EARLSFIELD,L74279,1620,stop,2026-04-19,16:57:00,,
NORWOOD JUNCTION - EPSOM,P25258,1625,stop,2026-04-23,16:58:00,,
NORWOOD JUNCTION - EPSOM,P25258,1625,stop,2026-04-22,16:58:00,,
NORWOOD JUNCTION - EPSOM,P25259,1625,stop,2026-04-11,16:58:00,,
NORWOOD JUNCTION - EPSOM,P25258,1625,stop,2026-04-07,16:58:00,,
NORWOOD JUNCTION - EPSOM,P25258,1625,stop,2026-04-15,16:58:00,,
NORWOOD JUNCTION - EPSOM,P25259,1625,stop,2026-04-25,16:58:00,,
NORWOOD JUNCTION - EPSOM,X92754,1625,stop,2026-04-03,16:58:00,,
NORWOOD JUNCTION - EPSOM,P25258,1625,stop,2026-04-14,16:58:00,,
NORWOOD JUNCTION - EPSOM,P25258,1625,stop,2026-04-03,16:58:00,,
NORWOOD JUNCTION - EPSOM,P25258,1625,stop,2026-04-24,16:58:00,,
NORWOOD JUNCTION - EPSOM,P25258,1625,stop,2026-04-30,16:58:00,,
NORWOOD JUNCTION - EPSOM,P25258,1625,stop,2026-04-17,16:58:00,,
NORWOOD JUNCTION - EPSOM,P25258,1625,stop,2026-04-08,16:58:00,,
NORWOOD JUNCTION - EPSOM,P25258,1625,stop,2026-04-02,16:58:00,,
NORWOOD JUNCTION - EPSOM,P25258,1625,stop,2026-04-10,16:58:00,,
EPSOM DOWNS - BATTERSEA PARK LONDON,P26003,1638,stop,2026-04-05,16:58:00,,
NORWOOD JUNCTION - EPSOM,X01415,1625,stop,2026-04-06,17:01:00,,
NORWOOD JUNCTION - EPSOM,P25258,1625,stop,2026-04-01,17:01:00,,
NORWOOD JUNCTION - EPSOM,P25258,1625,stop,2026-04-16,17:01:00,,
NORWOOD JUNCTION - EPSOM,P25258,1625,stop,2026-04-29,16:58:00,,
NORWOOD JUNCTION - EPSOM,P25258,1625,stop,2026-04-09,16:58:00,,
NORWOOD JUNCTION - EPSOM,P25258,1625,stop,2026-04-13,16:58:00,,
NORWOOD JUNCTION - EPSOM,P25258,1625,stop,2026-04-06,16:58:00,,
NORWOOD JUNCTION - EPSOM,P25259,1625,stop,2026-04-04,16:58:00,,
EARLSFIELD - GUILDFORD (2),P61612,1632,stop,2026-04-26,17:03:00,,
EARLSFIELD - GUILDFORD (2),P61612,1632,stop,2026-04-05,17:03:00,,
EARLSFIELD - GUILDFORD (2),P61612,1632,stop,2026-04-12,17:03:00,,
EARLSFIELD - GUILDFORD (2),P61612,1632,stop,2026-04-19,17:03:00,,
LUTON - WIMBLEDON,W59676,1522,stop,2026-04-05,17:01:00,,
HORSHAM - BALHAM,X96122,1614,stop,2026-04-03,17:06:00,,
HORSHAM - BALHAM,P26703,1614,stop,2026-04-22,17:06:00,,
HORSHAM - BALHAM,P26704,1614,stop,2026-04-04,17:06:00,,
HORSHAM - BALHAM,P26703,1614,stop,2026-04-27,17:06:00,,
HORSHAM - BALHAM,P26703,1614,stop,2026-04-03,17:06:00,,
DORKING - BALHAM (2),P26705,1642,stop,2026-04-12,17:05:00,,
DORKING - MITCHAM EASTFIELDS,P26705,1642,stop,2026-04-19,17:05:00,,
DORKING - BALHAM (2),P26705,1642,stop,2026-04-26,17:05:00,,
EFFINGHAM JUNCTION - WORCESTER PARK,Q54765,1615,stop,2026-04-12,17:04:00,,
HORSHAM - BALHAM,P26703,1614,stop,2026-04-06,17:06:00,,
HORSHAM - BALHAM,P26703,1614,stop,2026-04-15,17:06:00,,
HORSHAM - BALHAM,P26703,1614,stop,2026-04-01,17:06:00,,
HORSHAM - BALHAM,P26703,1614,stop,2026-04-28,17:06:00,,
HORSHAM - BALHAM,P26703,1614,stop,2026-04-29,17:06:00,,
HORSHAM - BALHAM,P26703,1614,stop,2026-04-13,17:06:00,,
HORSHAM - BALHAM,P26703,1614,stop,2026-04-08,17:06:00,,
HORSHAM - BALHAM,P26703,1614,stop,2026-04-16,17:06:00,,
HORSHAM - BALHAM,P26703,1614,stop,2026-04-24,17:06:00,,
HORSHAM - BALHAM,P26703,1614,stop,2026-04-09,17:06:00,,
HORSHAM - BALHAM,P26703,1614,stop,2026-04-21,17:06:00,,
HORSHAM - BALHAM,P26704,1614,stop,2026-04-11,17:06:00,,
HORSHAM - BALHAM,P26703,1614,stop,2026-04-10,17:06:00,,
HORSHAM - BALHAM,P26703,1614,stop,2026-04-30,17:06:00,,
HORSHAM - BALHAM,P26703,1614,stop,2026-04-02,17:06:00,,
HORSHAM - BALHAM,P26703,1614,stop,2026-04-17,17:06:00,,
ST ALBANS CITY - SUTTON (SURREY),G84955,1537,stop,2026-04-06,17:07:00,,
ST ALBANS CITY - SUTTON (SURREY),G25338,1537,stop,2026-04-11,17:07:00,,
ST ALBANS CITY - SUTTON (SURREY),G84955,1537,stop,2026-04-13,17:07:00,,
LUTON - SUTTON (SURREY) (2),W59676,1522,stop,2026-04-12,17:07:00,,
ST ALBANS CITY - SUTTON (SURREY),G84955,1537,stop,2026-04-07,17:07:00,,
ST ALBANS CITY - SUTTON (SURREY),G84955,1537,stop,2026-04-20,17:07:00,,
LUTON - SUTTON (SURREY) (2),W59676,1522,stop,2026-04-26,17:07:00,,
ST ALBANS CITY - SUTTON (SURREY),G84955,1537,stop,2026-04-02,17:07:00,,
ST ALBANS CITY - SUTTON (SURREY),G84955,1537,stop,2026-04-03,17:07:00,,
HORSHAM - BALHAM,P26703,1614,stop,2026-04-20,17:06:00,,
HORSHAM - MITCHAM EASTFIELDS,P26704,1620,stop,2026-04-18,17:06:00,,
HORSHAM - BALHAM,X00958,1614,stop,2026-04-06,17:06:00,,
HORSHAM - BALHAM,P26704,1614,stop,2026-04-25,17:06:00,,
HORSHAM - BALHAM,P26703,1614,stop,2026-04-07,17:06:00,,
HORSHAM - BALHAM,P26703,1614,stop,2026-04-14,17:06:00,,
HORSHAM - BALHAM,P26703,1614,stop,2026-04-23,17:06:00,,
ST ALBANS CITY - SUTTON (SURREY),G84955,1537,stop,2026-04-23,17:07:00,,
ST ALBANS CITY - SUTTON (SURREY),G84955,1537,stop,2026-04-21,17:07:00,,
ST ALBANS CITY - SUTTON (SURREY),G25338,1537,stop,2026-04-04,17:07:00,,
ST ALBANS CITY - SUTTON (SURREY),G84955,1537,stop,2026-04-17,17:07:00,,
WEST HAMPSTEAD THAMESLINK - SUTTON (SURREY) (2),W59676,1600,stop,2026-04-19,17:07:00,,
ST ALBANS CITY - SUTTON (SURREY),G25338,1537,stop,2026-04-18,17:07:00,,
ST ALBANS CITY - SUTTON (SURREY),G84955,1537,stop,2026-04-08,17:07:00,,
ST ALBANS CITY - SUTTON (SURREY),G84955,1537,stop,2026-04-09,17:07:00,,
ST ALBANS CITY - SUTTON (SURREY),G84955,1537,stop,2026-04-30,17:07:00,,
ST ALBANS CITY - SUTTON (SURREY),G84955,1537,stop,2026-04-16,17:07:00,,
ST ALBANS CITY - SUTTON (SURREY),G84955,1537,stop,2026-04-24,17:07:00,,
ST ALBANS CITY - SUTTON (SURREY),G84955,1537,stop,2026-04-22,17:07:00,,
ST ALBANS CITY - SUTTON (SURREY),G84955,1537,stop,2026-04-29,17:07:00,,
ST ALBANS CITY - SUTTON (SURREY),G84955,1537,stop,2026-04-15,17:07:00,,
ST ALBANS CITY - SUTTON (SURREY),G84955,1537,stop,2026-04-10,17:07:00,,
ST ALBANS CITY - SUTTON (SURREY),G84955,1537,stop,2026-04-01,17:07:00,,
DORKING - BALHAM (3),P26705,1646,stop,2026-04-05,17:08:00,,
ST ALBANS CITY - SUTTON (SURREY),G84955,1537,stop,2026-04-14,17:07:00,,
ST ALBANS CITY - SUTTON (SURREY),G25338,1537,stop,2026-04-25,17:07:00,,
ST ALBANS CITY - SUTTON (SURREY),G84955,1537,stop,2026-04-27,17:07:00,,
ST ALBANS CITY - SUTTON (SURREY),G84955,1537,stop,2026-04-28,17:07:00,,
SUTTON (SURREY) - BATTERSEA PARK LONDON,P26012,1711,stop,2026-04-01,17:11:00,,
SUTTON (SURREY) - BATTERSEA PARK LONDON,P26012,1711,stop,2026-04-14,17:11:00,,
SUTTON (SURREY) - BATTERSEA PARK LONDON,P26012,1711,stop,2026-04-29,17:11:00,,
SUTTON (SURREY) - BATTERSEA PARK LONDON,P26012,1711,stop,2026-04-28,17:11:00,,
SUTTON (SURREY) - BATTERSEA PARK LONDON,P26012,1711,stop,2026-04-09,17:11:00,,
SUTTON (SURREY) - BATTERSEA PARK LONDON,P26012,1711,stop,2026-04-20,17:11:00,,
SUTTON (SURREY) - BATTERSEA PARK LONDON,P26012,1711,stop,2026-04-21,17:11:00,,
SUTTON (SURREY) - BATTERSEA PARK LONDON,P26012,1711,stop,2026-04-08,17:11:00,,
BALHAM - DORKING (3),P26702,1638,stop,2026-04-26,17:10:00,,
SUTTON (SURREY) - STREATHAM HILL,P27168,1710,stop,2026-04-18,17:10:00,,
MITCHAM EASTFIELDS - DORKING,P26702,1638,stop,2026-04-19,17:10:00,,
SUTTON (SURREY) - BATTERSEA PARK LONDON,P26012,1711,stop,2026-04-07,17:11:00,,
SUTTON (SURREY) - BATTERSEA PARK LONDON,P26012,1711,stop,2026-04-24,17:11:00,,
SUTTON (SURREY) - BATTERSEA PARK LONDON,P26012,1711,stop,2026-04-27,17:11:00,,
SUTTON (SURREY) - BATTERSEA PARK LONDON,P26012,1711,stop,2026-04-16,17:11:00,,
SUTTON (SURREY) - BATTERSEA PARK LONDON,P26012,1711,stop,2026-04-02,17:11:00,,
SUTTON (SURREY) - BATTERSEA PARK LONDON,P26012,1711,stop,2026-04-03,17:11:00,,
SUTTON (SURREY) - BATTERSEA PARK LONDON,P26012,1711,stop,2026-04-17,17:11:00,,
SUTTON (SURREY) - BATTERSEA PARK LONDON,P26012,1711,stop,2026-04-10,17:11:00,,
SUTTON (SURREY) - BATTERSEA PARK LONDON,P26012,1711,stop,2026-04-15,17:11:00,,
SUTTON (SURREY) - BATTERSEA PARK LONDON,P26012,1711,stop,2026-04-30,17:11:00,,
SUTTON (SURREY) - BATTERSEA PARK LONDON,P26012,1711,stop,2026-04-13,17:11:00,,
SUTTON (SURREY) - BATTERSEA PARK LONDON,P26012,1711,stop,2026-04-22,17:11:00,,
SUTTON (SURREY) - BATTERSEA PARK LONDON,P26012,1711,stop,2026-04-23,17:11:00,,
SUTTON (SURREY) - BATTERSEA PARK LONDON,P26012,1711,stop,2026-04-06,17:11:00,,
SUTTON (SURREY) - BALHAM (2),P26705,1712,stop,2026-04-12,17:12:00,,
GUILDFORD - EARLSFIELD,L74283,1628,stop,2026-04-08,17:12:00,,
GUILDFORD - EARLSFIELD,L74283,1628,stop,2026-04-27,17:12:00,,
GUILDFORD - EARLSFIELD,L74283,1628,stop,2026-04-29,17:12:00,,
GUILDFORD - EARLSFIELD,L74283,1628,stop,2026-04-28,17:12:00,,
GUILDFORD - EARLSFIELD,L74283,1628,stop,2026-04-09,17:12:00,,
GUILDFORD - EARLSFIELD,L74283,1628,stop,2026-04-07,17:12:00,,
GUILDFORD - EARLSFIELD,L74283,1628,stop,2026-04-01,17:12:00,,
GUILDFORD - EARLSFIELD,L74283,1628,stop,2026-04-02,17:12:00,,
GUILDFORD - EARLSFIELD,L74283,1628,stop,2026-04-15,17:12:00,,
GUILDFORD - EARLSFIELD,L74283,1628,stop,2026-04-10,17:12:00,,
GUILDFORD - EARLSFIELD,L74283,1628,stop,2026-04-06,17:12:00,,
GUILDFORD - EARLSFIELD,L74283,1628,stop,2026-04-14,17:12:00,,
GUILDFORD - EARLSFIELD,L74283,1628,stop,2026-04-13,17:12:00,,
GUILDFORD - EARLSFIELD,L74283,1628,stop,2026-04-23,17:12:00,,
GUILDFORD - EARLSFIELD,L74283,1628,stop,2026-04-03,17:12:00,,
GUILDFORD - EARLSFIELD,L74283,1628,stop,2026-04-20,17:12:00,,
GUILDFORD - EARLSFIELD,L74283,1628,stop,2026-04-21,17:12:00,,
GUILDFORD - EARLSFIELD,L74283,1628,stop,2026-04-16,17:12:00,,
GUILDFORD - EARLSFIELD,L74283,1628,stop,2026-04-24,17:12:00,,
GUILDFORD - EARLSFIELD,L74283,1628,stop,2026-04-17,17:12:00,,
BALHAM - HORSHAM,P26700,1641,stop,2026-04-09,17:13:00,,
BALHAM - HORSHAM,X00957,1641,stop,2026-04-06,17:13:00,,
BALHAM - HORSHAM,P26701,1641,stop,2026-04-25,17:13:00,,
BALHAM - HORSHAM,P26700,1641,stop,2026-04-01,17:13:00,,
BALHAM - HORSHAM,P26700,1641,stop,2026-04-29,17:13:00,,
BALHAM - HORSHAM,P26700,1641,stop,2026-04-20,17:13:00,,
BALHAM - HORSHAM,P26700,1641,stop,2026-04-30,17:13:00,,
BALHAM - HORSHAM,X96087,1641,stop,2026-04-03,17:13:00,,
BALHAM - HORSHAM,P26700,1641,stop,2026-04-21,17:13:00,,
BALHAM - HORSHAM,P26700,1641,stop,2026-04-17,17:13:00,,
BALHAM - HORSHAM,P26700,1641,stop,2026-04-28,17:13:00,,
GUILDFORD - EARLSFIELD,L74283,1628,stop,2026-04-30,17:12:00,,
GUILDFORD - EARLSFIELD,L74283,1628,stop,2026-04-22,17:12:00,,
BALHAM - HORSHAM,P26700,1641,stop,2026-04-02,17:13:00,,
BALHAM - HORSHAM,P26700,1641,stop,2026-04-14,17:13:00,,
BALHAM - HORSHAM,P26700,1641,stop,2026-04-27,17:13:00,,
BALHAM - HORSHAM,P26700,1641,stop,2026-04-15,17:13:00,,
BALHAM - HORSHAM,P26701,1641,stop,2026-04-04,17:13:00,,
BALHAM - HORSHAM,P26700,1641,stop,2026-04-06,17:13:00,,
BALHAM - HORSHAM,P26700,1641,stop,2026-04-16,17:13:00,,
BALHAM - HORSHAM,P26701,1641,stop,2026-04-11,17:13:00,,
BALHAM - HORSHAM,P26700,1641,stop,2026-04-22,17:13:00,,
BALHAM - HORSHAM,P26700,1641,stop,2026-04-13,17:13:00,,
BALHAM - HORSHAM,P26700,1641,stop,2026-04-08,17:13:00,,
BALHAM - HORSHAM,P26700,1641,stop,2026-04-03,17:13:00,,
BALHAM - DORKING (3),P26702,1638,stop,2026-04-12,17:13:00,,
BALHAM - HORSHAM,P26700,1641,stop,2026-04-10,17:13:00,,
BALHAM - HORSHAM,P26700,1641,stop,2026-04-24,17:13:00,,
SUTTON (SURREY) - ST ALBANS CITY (3),G84960,1716,stop,2026-04-07,17:16:00,,
SUTTON (SURREY) - ST ALBANS CITY (3),G84960,1716,stop,2026-04-21,17:16:00,,
SUTTON (SURREY) - ST ALBANS CITY (3),G84960,1716,stop,2026-04-22,17:16:00,,
SUTTON (SURREY) - ST ALBANS CITY (3),G84960,1716,stop,2026-04-14,17:16:00,,
SUTTON (SURREY) - ST ALBANS CITY (3),G84960,1716,stop,2026-04-01,17:16:00,,
SUTTON (SURREY) - ST ALBANS CITY (3),G84960,1716,stop,2026-04-28,17:16:00,,
SUTTON (SURREY) - ST ALBANS CITY (3),G84960,1716,stop,2026-04-30,17:16:00,,
SUTTON (SURREY) - ST ALBANS CITY (3),G84960,1716,stop,2026-04-29,17:16:00,,
WIMBLEDON - LUTON,G83995,1703,stop,2026-04-05,17:15:00,,
BALHAM - DORKING (6),P26702,1638,stop,2026-04-05,17:14:00,,
BALHAM - HORSHAM,P26700,1641,stop,2026-04-23,17:13:00,,
BALHAM - HORSHAM,P26700,1641,stop,2026-04-07,17:13:00,,
SUTTON (SURREY) - ST ALBANS CITY (3),G84960,1716,stop,2026-04-08,17:16:00,,
SUTTON (SURREY) - ST ALBANS CITY (3),G84960,1716,stop,2026-04-15,17:16:00,,
SUTTON (SURREY) - ST ALBANS CITY (3),G84960,1716,stop,2026-04-06,17:16:00,,
SUTTON (SURREY) - ST ALBANS CITY (3),G84960,1716,stop,2026-04-16,17:16:00,,
SUTTON (SURREY) - ST ALBANS CITY (3),G84960,1716,stop,2026-04-20,17:16:00,,
SUTTON (SURREY) - ST ALBANS CITY (6),G84958,1716,stop,2026-04-26,17:16:00,,
SUTTON (SURREY) - ST ALBANS CITY (3),G84960,1716,stop,2026-04-13,17:16:00,,
SUTTON (SURREY) - ST ALBANS CITY (6),G84958,1716,stop,2026-04-12,17:16:00,,
SUTTON (SURREY) - ST ALBANS CITY (3),G84960,1716,stop,2026-04-23,17:16:00,,
SUTTON (SURREY) - ST ALBANS CITY (3),G25377,1716,stop,2026-04-11,17:16:00,,
SUTTON (SURREY) - ST ALBANS CITY (3),G84960,1716,stop,2026-04-03,17:16:00,,
SUTTON (SURREY) - ST ALBANS CITY (3),G84960,1716,stop,2026-04-10,17:16:00,,
SUTTON (SURREY) - ST ALBANS CITY (3),G84960,1716,stop,2026-04-24,17:16:00,,
SUTTON (SURREY) - ST ALBANS CITY (3),G84960,1716,stop,2026-04-09,17:16:00,,
SUTTON (SURREY) - ST ALBANS CITY (6),G84958,1716,stop,2026-04-19,17:16:00,,
SUTTON (SURREY) - ST ALBANS CITY (3),G84960,1716,stop,2026-04-27,17:16:00,,
SUTTON (SURREY) - ST ALBANS CITY (3),G25377,1716,stop,2026-04-04,17:16:00,,
SUTTON (SURREY) - ST ALBANS CITY (6),G84958,1716,stop,2026-04-05,17:16:00,,
SUTTON (SURREY) - ST ALBANS CITY (3),G25377,1716,stop,2026-04-18,17:16:00,,
SUTTON (SURREY) - ST ALBANS CITY (3),G84960,1716,stop,2026-04-02,17:16:00,,
SUTTON (SURREY) - ST ALBANS CITY (3),G84960,1716,stop,2026-04-17,17:16:00,,
SUTTON (SURREY) - ST ALBANS CITY (3),G25377,1716,stop,2026-04-25,17:16:00,,
EPSOM - NORWOOD JUNCTION,P25265,1715,stop,2026-04-18,17:19:00,,
SUTTON (SURREY) - ST ALBANS CITY,G83996,1719,stop,2026-04-30,17:19:00,,
BATTERSEA PARK LONDON - EPSOM DOWNS,P26250,1630,stop,2026-04-27,17:19:00,,
BATTERSEA PARK LONDON - EPSOM DOWNS,P26250,1630,stop,2026-04-24,17:19:00,,
SUTTON (SURREY) - ST ALBANS CITY,G25379,1719,stop,2026-04-11,17:19:00,,
EPSOM - NORWOOD JUNCTION,P25264,1715,stop,2026-04-07,17:19:00,,
BATTERSEA PARK LONDON - EPSOM DOWNS,P26250,1630,stop,2026-04-15,17:19:00,,
SUTTON (SURREY) - ST ALBANS CITY,G25379,1719,stop,2026-04-25,17:19:00,,
SUTTON (SURREY) - ST ALBANS CITY,G83996,1719,stop,2026-04-14,17:19:00,,
BATTERSEA PARK LONDON - EPSOM DOWNS,P26250,1630,stop,2026-04-10,17:19:00,,
WORCESTER PARK - DORKING,Q54889,1705,stop,2026-04-12,17:18:00,,
DORKING - SUTTON (SURREY),X04880,1633,stop,2026-04-12,17:17:00,,
EPSOM - NORWOOD JUNCTION,P25264,1715,stop,2026-04-28,17:19:00,,
EPSOM - NORWOOD JUNCTION,P25264,1715,stop,2026-04-23,17:19:00,,
BATTERSEA PARK LONDON - EPSOM DOWNS,P26250,1630,stop,2026-04-30,17:19:00,,
STREATHAM HILL - EPSOM DOWNS,P26249,1643,stop,2026-04-19,17:19:00,,
SUTTON (SURREY) - ST ALBANS CITY,G83996,1719,stop,2026-04-01,17:19:00,,
SUTTON (SURREY) - LUTON,G83995,1719,stop,2026-04-12,17:19:00,,
BATTERSEA PARK LONDON - EPSOM DOWNS,P26250,1630,stop,2026-04-01,17:19:00,,
EPSOM - NORWOOD JUNCTION,P25264,1715,stop,2026-04-24,17:19:00,,
BATTERSEA PARK LONDON - EPSOM DOWNS,P26250,1630,stop,2026-04-08,17:19:00,,
SUTTON (SURREY) - ST ALBANS CITY,G83996,1719,stop,2026-04-13,17:19:00,,
BATTERSEA PARK LONDON - EPSOM DOWNS,P26250,1630,stop,2026-04-06,17:19:00,,
SUTTON (SURREY) - ST ALBANS CITY,G25379,1719,stop,2026-04-04,17:19:00,,
BATTERSEA PARK LONDON - EPSOM DOWNS,P26250,1630,stop,2026-04-17,17:19:00,,
SUTTON (SURREY) - ST ALBANS CITY,G83996,1719,stop,2026-04-23,17:19:00,,
BATTERSEA PARK LONDON - EPSOM DOWNS,P26250,1630,stop,2026-04-03,17:19:00,,
BATTERSEA PARK LONDON - EPSOM DOWNS,P26250,1630,stop,2026-04-16,17:19:00,,
BATTERSEA PARK LONDON - EPSOM DOWNS,P26251,1630,stop,2026-04-04,17:19:00,,
BATTERSEA PARK LONDON - EPSOM DOWNS,X00799,1630,stop,2026-04-06,17:19:00,,
BATTERSEA PARK LONDON - EPSOM DOWNS,P26250,1630,stop,2026-04-09,17:19:00,,
EPSOM - NORWOOD JUNCTION,P25264,1715,stop,2026-04-27,17:19:00,,
SUTTON (SURREY) - ST ALBANS CITY,G83996,1719,stop,2026-04-09,17:19:00,,
EPSOM - NORWOOD JUNCTION,P25264,1715,stop,2026-04-08,17:19:00,,
EPSOM - NORWOOD JUNCTION,P25264,1715,stop,2026-04-30,17:19:00,,
EPSOM - NORWOOD JUNCTION,P25264,1715,stop,2026-04-21,17:19:00,,
EPSOM - NORWOOD JUNCTION,P25264,1715,stop,2026-04-29,17:19:00,,
BATTERSEA PARK LONDON - EPSOM DOWNS,P26250,1630,stop,2026-04-22,17:19:00,,
SUTTON (SURREY) - ST ALBANS CITY,G83996,1719,stop,2026-04-22,17:19:00,,
BATTERSEA PARK LONDON - EPSOM DOWNS,P26250,1630,stop,2026-04-28,17:19:00,,
SUTTON (SURREY) - ST ALBANS CITY,G83996,1719,stop,2026-04-24,17:19:00,,
BATTERSEA PARK LONDON - EPSOM DOWNS,P26250,1630,stop,2026-04-13,17:19:00,,
STREATHAM HILL - EPSOM DOWNS,P26251,1643,stop,2026-04-18,17:19:00,,
BATTERSEA PARK LONDON - EPSOM DOWNS,P26249,1630,stop,2026-04-26,17:19:00,,
SUTTON (SURREY) - ST ALBANS CITY,G83996,1719,stop,2026-04-10,17:19:00,,
EPSOM - NORWOOD JUNCTION,P25264,1715,stop,2026-04-16,17:19:00,,
BATTERSEA PARK LONDON - EPSOM DOWNS,P26250,1630,stop,2026-04-29,17:19:00,,
SUTTON (SURREY) - ST ALBANS CITY,G83996,1719,stop,2026-04-03,17:19:00,,
EPSOM - NORWOOD JUNCTION,P25264,1715,stop,2026-04-13,17:19:00,,
BATTERSEA PARK LONDON - EPSOM DOWNS,X96099,1630,stop,2026-04-03,17:19:00,,
EPSOM - NORWOOD JUNCTION,P25264,1715,stop,2026-04-03,17:19:00,,
SUTTON (SURREY) - ST ALBANS CITY,G83996,1719,stop,2026-04-17,17:19:00,,
SUTTON (SURREY) - ST ALBANS CITY,G83996,1719,stop,2026-04-20,17:19:00,,
SUTTON (SURREY) - WEST HAMPSTEAD THAMESLINK,G83995,1719,stop,2026-04-19,17:19:00,,
BATTERSEA PARK LONDON - EPSOM DOWNS,P26250,1630,stop,2026-04-07,17:19:00,,
BATTERSEA PARK LONDON - EPSOM DOWNS,P26250,1630,stop,2026-04-14,17:19:00,,
SUTTON (SURREY) - ST ALBANS CITY,G83996,1719,stop,2026-04-15,17:19:00,,
SUTTON (SURREY) - LUTON,G83995,1719,stop,2026-04-26,17:19:00,,
EPSOM - NORWOOD JUNCTION,X01418,1715,stop,2026-04-06,17:19:00,,
SUTTON (SURREY) - ST ALBANS CITY,G83996,1719,stop,2026-04-28,17:19:00,,
BATTERSEA PARK LONDON - EPSOM DOWNS,P26250,1630,stop,2026-04-02,17:19:00,,
SUTTON (SURREY) - ST ALBANS CITY,G83996,1719,stop,2026-04-07,17:19:00,,
EPSOM - NORWOOD JUNCTION,P25264,1715,stop,2026-04-22,17:19:00,,
EPSOM - NORWOOD JUNCTION,P25264,1715,stop,2026-04-01,17:19:00,,
EPSOM - NORWOOD JUNCTION,P25264,1715,stop,2026-04-06,17:19:00,,
BATTERSEA PARK LONDON - EPSOM DOWNS,P26251,1630,stop,2026-04-11,17:19:00,,
SUTTON (SURREY) - ST ALBANS CITY,G83996,1719,stop,2026-04-21,17:19:00,,
EPSOM - NORWOOD JUNCTION,X96039,1715,stop,2026-04-03,17:19:00,,
EPSOM - NORWOOD JUNCTION,P25264,1715,stop,2026-04-20,17:19:00,,
EPSOM - NORWOOD JUNCTION,P25264,1715,stop,2026-04-17,17:19:00,,
BATTERSEA PARK LONDON - EPSOM DOWNS,P26249,1630,stop,2026-04-12,17:19:00,,
SUTTON (SURREY) - ST ALBANS CITY,G83996,1719,stop,2026-04-06,17:19:00,,
SUTTON (SURREY) - ST ALBANS CITY,G83996,1719,stop,2026-04-16,17:19:00,,
SUTTON (SURREY) - ST ALBANS CITY,G83996,1719,stop,2026-04-27,17:19:00,,
EPSOM - NORWOOD JUNCTION,P25264,1715,stop,2026-04-02,17:19:00,,
SUTTON (SURREY) - ST ALBANS CITY,G83996,1719,stop,2026-04-08,17:19:00,,
SUTTON (SURREY) - ST ALBANS CITY,G83996,1719,stop,2026-04-02,17:19:00,,
EPSOM - NORWOOD JUNCTION,P25264,1715,stop,2026-04-14,17:19:00,,
BATTERSEA PARK LONDON - EPSOM DOWNS,P26250,1630,stop,2026-04-23,17:19:00,,
EPSOM - NORWOOD JUNCTION,P25264,1715,stop,2026-04-10,17:19:00,,
EPSOM - NORWOOD JUNCTION,P25265,1715,stop,2026-04-11,17:19:00,,
BATTERSEA PARK LONDON - EPSOM DOWNS,P26250,1630,stop,2026-04-20,17:19:00,,
BATTERSEA PARK LONDON - EPSOM DOWNS,P26250,1630,stop,2026-04-21,17:19:00,,
EPSOM - NORWOOD JUNCTION,P25264,1715,stop,2026-04-09,17:19:00,,
EPSOM - NORWOOD JUNCTION,P25265,1715,stop,2026-04-25,17:19:00,,
EPSOM DOWNS - BATTERSEA PARK LONDON,P26259,1708,stop,2026-04-10,17:21:00,,
EPSOM DOWNS - BATTERSEA PARK LONDON,P26259,1708,stop,2026-04-20,17:21:00,,
EPSOM DOWNS - STREATHAM HILL,P26020,1708,stop,2026-04-18,17:21:00,,
EPSOM DOWNS - BATTERSEA PARK LONDON,P26259,1708,stop,2026-04-06,17:21:00,,
EPSOM DOWNS - BATTERSEA PARK LONDON,P26259,1708,stop,2026-04-01,17:21:00,,
EPSOM DOWNS - BATTERSEA PARK LONDON,P26259,1708,stop,2026-04-13,17:21:00,,
EPSOM DOWNS - BATTERSEA PARK LONDON,P26259,1708,stop,2026-04-02,17:21:00,,
BATTERSEA PARK LONDON - EPSOM DOWNS,P26249,1630,stop,2026-04-05,17:20:00,,
BATTERSEA PARK LONDON - EPSOM DOWNS,P26251,1630,stop,2026-04-25,17:19:00,,
SUTTON (SURREY) - ST ALBANS CITY,G83996,1719,stop,2026-04-29,17:19:00,,
EPSOM - NORWOOD JUNCTION,P25264,1715,stop,2026-04-15,17:19:00,,
EPSOM - NORWOOD JUNCTION,P25265,1715,stop,2026-04-04,17:19:00,,
SUTTON (SURREY) - ST ALBANS CITY,G25379,1719,stop,2026-04-18,17:19:00,,
EPSOM DOWNS - BATTERSEA PARK LONDON,P26019,1708,stop,2026-04-26,17:21:00,,
EPSOM DOWNS - BATTERSEA PARK LONDON,P26259,1708,stop,2026-04-30,17:21:00,,
EPSOM DOWNS - BATTERSEA PARK LONDON,P26259,1708,stop,2026-04-29,17:21:00,,
EPSOM DOWNS - BATTERSEA PARK LONDON,P26259,1708,stop,2026-04-03,17:21:00,,
EPSOM DOWNS - BATTERSEA PARK LONDON,P26259,1708,stop,2026-04-17,17:21:00,,
EPSOM DOWNS - BATTERSEA PARK LONDON,X96050,1708,stop,2026-04-03,17:21:00,,
EPSOM DOWNS - BATTERSEA PARK LONDON,P26259,1708,stop,2026-04-15,17:21:00,,
EPSOM DOWNS - BATTERSEA PARK LONDON,X00742,1708,stop,2026-04-06,17:21:00,,
EPSOM DOWNS - BATTERSEA PARK LONDON,P26259,1708,stop,2026-04-09,17:21:00,,
EPSOM DOWNS - BATTERSEA PARK LONDON,P26020,1708,stop,2026-04-11,17:21:00,,
EPSOM DOWNS - BATTERSEA PARK LONDON,P26259,1708,stop,2026-04-28,17:21:00,,
EPSOM DOWNS - BATTERSEA PARK LONDON,P26259,1708,stop,2026-04-21,17:21:00,,
EPSOM DOWNS - BATTERSEA PARK LONDON,P26019,1708,stop,2026-04-12,17:21:00,,
EPSOM DOWNS - BATTERSEA PARK LONDON,P26259,1708,stop,2026-04-14,17:21:00,,
EPSOM DOWNS - BATTERSEA PARK LONDON,P26259,1708,stop,2026-04-23,17:21:00,,
EPSOM DOWNS - BATTERSEA PARK LONDON,P26259,1708,stop,2026-04-24,17:21:00,,
GUILDFORD - EARLSFIELD,Q88876,1645,stop,2026-04-03,17:22:00,,
EPSOM DOWNS - BATTERSEA PARK LONDON,P26259,1708,stop,2026-04-27,17:21:00,,
EPSOM DOWNS - BATTERSEA PARK LONDON,P26020,1708,stop,2026-04-04,17:21:00,,
EPSOM DOWNS - BATTERSEA PARK LONDON,P26020,1708,stop,2026-04-25,17:21:00,,
EPSOM DOWNS - BATTERSEA PARK LONDON,P26259,1708,stop,2026-04-07,17:21:00,,
EPSOM DOWNS - BATTERSEA PARK LONDON,P26259,1708,stop,2026-04-08,17:21:00,,
EPSOM DOWNS - BATTERSEA PARK LONDON,P26259,1708,stop,2026-04-16,17:21:00,,
EPSOM DOWNS - BATTERSEA PARK LONDON,P26259,1708,stop,2026-04-22,17:21:00,,
EPSOM DOWNS - STREATHAM HILL,P26019,1708,stop,2026-04-19,17:21:00,,
GUILDFORD - EARLSFIELD,L74284,1645,stop,2026-04-25,17:22:00,,
GUILDFORD - EARLSFIELD,L74284,1645,stop,2026-04-11,17:22:00,,
EARLSFIELD - GUILDFORD (2),P61610,1653,stop,2026-04-10,17:24:00,,
EARLSFIELD - GUILDFORD (2),P61610,1653,stop,2026-04-17,17:24:00,,
EARLSFIELD - GUILDFORD (2),P61610,1653,stop,2026-04-21,17:24:00,,
EARLSFIELD - GUILDFORD (2),P61610,1653,stop,2026-04-29,17:24:00,,
GUILDFORD - EARLSFIELD,Q49298,1645,stop,2026-04-06,17:22:00,,
GUILDFORD - EARLSFIELD,L74284,1645,stop,2026-04-18,17:22:00,,
MITCHAM EASTFIELDS - HORSHAM (2),P26701,1650,stop,2026-04-18,17:22:00,,
GUILDFORD - EARLSFIELD,L74284,1645,stop,2026-04-04,17:22:00,,
EARLSFIELD - GUILDFORD (2),P61610,1653,stop,2026-04-03,17:24:00,,
EARLSFIELD - GUILDFORD (2),P61610,1653,stop,2026-04-16,17:24:00,,
EARLSFIELD - GUILDFORD (2),P61611,1653,stop,2026-04-18,17:24:00,,
EARLSFIELD - GUILDFORD (2),P61610,1653,stop,2026-04-22,17:24:00,,
EARLSFIELD - GUILDFORD (2),P61611,1653,stop,2026-04-11,17:24:00,,
EARLSFIELD - GUILDFORD (2),P61610,1653,stop,2026-04-09,17:24:00,,
EARLSFIELD - GUILDFORD (2),P61610,1653,stop,2026-04-02,17:24:00,,
EARLSFIELD - GUILDFORD (2),P61610,1653,stop,2026-04-30,17:24:00,,
EARLSFIELD - GUILDFORD (2),P61610,1653,stop,2026-04-14,17:24:00,,
EARLSFIELD - GUILDFORD (2),P61610,1653,stop,2026-04-07,17:24:00,,
EARLSFIELD - GUILDFORD (2),P61610,1653,stop,2026-04-13,17:24:00,,
EARLSFIELD - GUILDFORD (2),P61610,1653,stop,2026-04-27,17:24:00,,
EARLSFIELD - GUILDFORD (2),P61610,1653,stop,2026-04-23,17:24:00,,
EARLSFIELD - GUILDFORD (2),P61610,1653,stop,2026-04-01,17:24:00,,
EARLSFIELD - GUILDFORD (2),P61610,1653,stop,2026-04-15,17:24:00,,
EARLSFIELD - GUILDFORD (2),P61611,1653,stop,2026-04-25,17:24:00,,
SUTTON (SURREY) - DORKING,X04916,1725,stop,2026-04-12,17:25:00,,
EARLSFIELD - GUILDFORD (2),P61611,1653,stop,2026-04-04,17:24:00,,
EARLSFIELD - GUILDFORD (2),P61610,1653,stop,2026-04-08,17:24:00,,
EARLSFIELD - GUILDFORD (2),P61610,1653,stop,2026-04-06,17:24:00,,
EARLSFIELD - GUILDFORD (2),Q49278,1653,stop,2026-04-06,17:24:00,,
EARLSFIELD - GUILDFORD (2),P61610,1653,stop,2026-04-20,17:24:00,,
EARLSFIELD - GUILDFORD (2),Q38468,1653,stop,2026-04-03,17:24:00,,
EARLSFIELD - GUILDFORD (2),P61610,1653,stop,2026-04-28,17:24:00,,
EARLSFIELD - GUILDFORD (2),P61610,1653,stop,2026-04-24,17:24:00,,
EPSOM DOWNS - BATTERSEA PARK LONDON,P26019,1708,stop,2026-04-05,17:28:00,,
NORWOOD JUNCTION - EPSOM,P25263,1655,stop,2026-04-11,17:28:00,,
NORWOOD JUNCTION - EPSOM,P25263,1655,stop,2026-04-18,17:28:00,,
NORWOOD JUNCTION - EPSOM,P25263,1655,stop,2026-04-04,17:28:00,,
DORKING - EARLSFIELD,P61061,1707,stop,2026-04-19,17:27:00,,
DORKING - EARLSFIELD,P61061,1707,stop,2026-04-12,17:27:00,,
DORKING - EARLSFIELD,P61061,1707,stop,2026-04-05,17:27:00,,
DORKING - EARLSFIELD,P61061,1707,stop,2026-04-26,17:27:00,,
SUTTON (SURREY) - TULSE HILL,X27287,1727,stop,2026-04-05,17:27:00,,
NORWOOD JUNCTION - EPSOM,P25262,1655,stop,2026-04-06,17:29:00,,
NORWOOD JUNCTION - EPSOM,P25262,1655,stop,2026-04-17,17:29:00,,
NORWOOD JUNCTION - EPSOM,P25262,1655,stop,2026-04-03,17:29:00,,
NORWOOD JUNCTION - EPSOM,P25262,1655,stop,2026-04-21,17:29:00,,
NORWOOD JUNCTION - EPSOM,P25262,1655,stop,2026-04-22,17:29:00,,
NORWOOD JUNCTION - EPSOM,P25262,1655,stop,2026-04-07,17:29:00,,
NORWOOD JUNCTION - EPSOM,P25262,1655,stop,2026-04-01,17:29:00,,
NORWOOD JUNCTION - EPSOM,P25262,1655,stop,2026-04-24,17:29:00,,
NORWOOD JUNCTION - EPSOM,P25262,1655,stop,2026-04-30,17:29:00,,
NORWOOD JUNCTION - EPSOM,P25262,1655,stop,2026-04-09,17:29:00,,
NORWOOD JUNCTION - EPSOM,P25262,1655,stop,2026-04-14,17:29:00,,
NORWOOD JUNCTION - EPSOM,P25262,1655,stop,2026-04-29,17:29:00,,
NORWOOD JUNCTION - EPSOM,P25262,1655,stop,2026-04-16,17:29:00,,
NORWOOD JUNCTION - EPSOM,X01417,1655,stop,2026-04-06,17:28:00,,
NORWOOD JUNCTION - EPSOM,P25263,1655,stop,2026-04-25,17:28:00,,
NORWOOD JUNCTION - EPSOM,X92809,1655,stop,2026-04-03,17:28:00,,
LUTON - WIMBLEDON,W59677,1552,stop,2026-04-05,17:31:00,,
NORWOOD JUNCTION - EPSOM,P25262,1655,stop,2026-04-23,17:29:00,,
NORWOOD JUNCTION - EPSOM,P25262,1655,stop,2026-04-02,17:29:00,,
NORWOOD JUNCTION - EPSOM,P25262,1655,stop,2026-04-27,17:29:00,,
NORWOOD JUNCTION - EPSOM,P25262,1655,stop,2026-04-28,17:29:00,,
NORWOOD JUNCTION - EPSOM,P25262,1655,stop,2026-04-15,17:29:00,,
NORWOOD JUNCTION - EPSOM,P25262,1655,stop,2026-04-20,17:29:00,,
NORWOOD JUNCTION - EPSOM,P25262,1655,stop,2026-04-13,17:29:00,,
NORWOOD JUNCTION - EPSOM,P25262,1655,stop,2026-04-10,17:29:00,,
NORWOOD JUNCTION - EPSOM,P25262,1655,stop,2026-04-08,17:29:00,,
DORKING - WORCESTER PARK,Q54833,1650,stop,2026-04-12,17:34:00,,
EARLSFIELD - DORKING,P61057,1702,stop,2026-04-05,17:33:00,,
EARLSFIELD - DORKING,P61057,1702,stop,2026-04-12,17:33:00,,
EARLSFIELD - DORKING,P61057,1702,stop,2026-04-26,17:33:00,,
EARLSFIELD - DORKING,P61057,1702,stop,2026-04-19,17:33:00,,
DORKING - BALHAM (2),P26711,1712,stop,2026-04-26,17:35:00,,
DORKING - MITCHAM EASTFIELDS,P26711,1712,stop,2026-04-19,17:35:00,,
ST ALBANS CITY - SUTTON (SURREY),G84961,1607,stop,2026-04-30,17:37:00,,
ST ALBANS CITY - SUTTON (SURREY),G84961,1607,stop,2026-04-16,17:37:00,,
DORKING - MITCHAM EASTFIELDS (2),P26710,1717,stop,2026-04-18,17:37:00,,
ST ALBANS CITY - SUTTON (SURREY),G84961,1607,stop,2026-04-27,17:37:00,,
ST ALBANS CITY - SUTTON (SURREY),G84961,1607,stop,2026-04-06,17:37:00,,
DORKING - BALHAM (2),P26711,1712,stop,2026-04-12,17:35:00,,
ST ALBANS CITY - SUTTON (SURREY),G84961,1607,stop,2026-04-14,17:37:00,,
WEST HAMPSTEAD THAMESLINK - SUTTON (SURREY) (2),W59677,1630,stop,2026-04-19,17:37:00,,
ST ALBANS CITY - SUTTON (SURREY),G84961,1607,stop,2026-04-09,17:37:00,,
ST ALBANS CITY - SUTTON (SURREY),G25350,1607,stop,2026-04-04,17:37:00,,
ST ALBANS CITY - SUTTON (SURREY),G84961,1607,stop,2026-04-24,17:37:00,,
ST ALBANS CITY - SUTTON (SURREY),G84961,1607,stop,2026-04-01,17:37:00,,
ST ALBANS CITY - SUTTON (SURREY),G84961,1607,stop,2026-04-03,17:37:00,,
ST ALBANS CITY - SUTTON (SURREY),G84961,1607,stop,2026-04-10,17:37:00,,
ST ALBANS CITY - SUTTON (SURREY),G25350,1607,stop,2026-04-18,17:37:00,,
ST ALBANS CITY - SUTTON (SURREY),G84961,1607,stop,2026-04-20,17:37:00,,
ST ALBANS CITY - SUTTON (SURREY),G84961,1607,stop,2026-04-23,17:37:00,,
ST ALBANS CITY - SUTTON (SURREY),G25350,1607,stop,2026-04-11,17:37:00,,
ST ALBANS CITY - SUTTON (SURREY),G25350,1607,stop,2026-04-25,17:37:00,,
ST ALBANS CITY - SUTTON (SURREY),G84961,1607,stop,2026-04-17,17:37:00,,
ST ALBANS CITY - SUTTON (SURREY),G84961,1607,stop,2026-04-13,17:37:00,,
LUTON - SUTTON (SURREY) (2),W59677,1552,stop,2026-04-12,17:37:00,,
DORKING - BALHAM (3),P26709,1717,stop,2026-04-13,17:39:00,,
DORKING - BALHAM (3),P26709,1717,stop,2026-04-07,17:39:00,,
DORKING - BALHAM (3),P26709,1717,stop,2026-04-10,17:39:00,,
DORKING - BALHAM (3),P26709,1717,stop,2026-04-20,17:39:00,,
DORKING - BALHAM (3),P26709,1717,stop,2026-04-06,17:39:00,,
DORKING - BALHAM (3),P26711,1716,stop,2026-04-05,17:38:00,,
ST ALBANS CITY - SUTTON (SURREY),G84961,1607,stop,2026-04-21,17:37:00,,
ST ALBANS CITY - SUTTON (SURREY),G84961,1607,stop,2026-04-07,17:37:00,,
ST ALBANS CITY - SUTTON (SURREY),G84961,1607,stop,2026-04-28,17:37:00,,
LUTON - SUTTON (SURREY) (2),W59677,1552,stop,2026-04-26,17:37:00,,
ST ALBANS CITY - SUTTON (SURREY),G84961,1607,stop,2026-04-02,17:37:00,,
ST ALBANS CITY - SUTTON (SURREY),G84961,1607,stop,2026-04-29,17:37:00,,
ST ALBANS CITY - SUTTON (SURREY),G84961,1607,stop,2026-04-22,17:37:00,,
ST ALBANS CITY - SUTTON (SURREY),G84961,1607,stop,2026-04-15,17:37:00,,
ST ALBANS CITY - SUTTON (SURREY),G84961,1607,stop,2026-04-08,17:37:00,,
DORKING - BALHAM (3),P26709,1717,stop,2026-04-02,17:39:00,,
DORKING - BALHAM (3),P26709,1717,stop,2026-04-03,17:39:00,,
DORKING - BALHAM (3),X96036,1717,stop,2026-04-03,17:39:00,,
DORKING - BALHAM (3),X00960,1717,stop,2026-04-06,17:39:00,,
DORKING - BALHAM (3),P26709,1717,stop,2026-04-23,17:39:00,,
DORKING - BALHAM (3),P26709,1717,stop,2026-04-29,17:39:00,,
DORKING - BALHAM (3),P26709,1717,stop,2026-04-28,17:39:00,,
DORKING - BALHAM (3),P26709,1717,stop,2026-04-30,17:39:00,,
DORKING - BALHAM (3),P26709,1717,stop,2026-04-16,17:39:00,,
DORKING - BALHAM (3),P26709,1717,stop,2026-04-01,17:39:00,,
DORKING - BALHAM (3),P26710,1717,stop,2026-04-25,17:39:00,,
DORKING - BALHAM (3),P26709,1717,stop,2026-04-08,17:39:00,,
DORKING - BALHAM (3),P26709,1717,stop,2026-04-15,17:39:00,,
DORKING - BALHAM (3),P26709,1717,stop,2026-04-14,17:39:00,,
DORKING - BALHAM (3),P26709,1717,stop,2026-04-21,17:39:00,,
SUTTON (SURREY) - BATTERSEA PARK LONDON,P26027,1741,stop,2026-04-23,17:41:00,,
SUTTON (SURREY) - BATTERSEA PARK LONDON,P26027,1741,stop,2026-04-20,17:41:00,,
SUTTON (SURREY) - BATTERSEA PARK LONDON,P26027,1741,stop,2026-04-01,17:41:00,,
MITCHAM EASTFIELDS - DORKING,P26708,1708,stop,2026-04-19,17:40:00,,
BALHAM - DORKING (3),P26708,1708,stop,2026-04-26,17:40:00,,
SUTTON (SURREY) - STREATHAM HILL,P27172,1740,stop,2026-04-18,17:40:00,,
DORKING - BALHAM (3),P26710,1717,stop,2026-04-04,17:39:00,,
DORKING - BALHAM (3),P26709,1717,stop,2026-04-24,17:39:00,,
DORKING - BALHAM (3),P26710,1717,stop,2026-04-11,17:39:00,,
DORKING - BALHAM (3),P26709,1717,stop,2026-04-27,17:39:00,,
DORKING - BALHAM (3),P26709,1717,stop,2026-04-22,17:39:00,,
DORKING - BALHAM (3),P26709,1717,stop,2026-04-17,17:39:00,,
DORKING - BALHAM (3),P26709,1717,stop,2026-04-09,17:39:00,,
SUTTON (SURREY) - BATTERSEA PARK LONDON,P26027,1741,stop,2026-04-06,17:41:00,,
SUTTON (SURREY) - BATTERSEA PARK LONDON,P26027,1741,stop,2026-04-27,17:41:00,,
SUTTON (SURREY) - BATTERSEA PARK LONDON,P26027,1741,stop,2026-04-02,17:41:00,,
SUTTON (SURREY) - BATTERSEA PARK LONDON,P26027,1741,stop,2026-04-13,17:41:00,,
SUTTON (SURREY) - BATTERSEA PARK LONDON,P26027,1741,stop,2026-04-10,17:41:00,,
SUTTON (SURREY) - BATTERSEA PARK LONDON,P26027,1741,stop,2026-04-07,17:41:00,,
SUTTON (SURREY) - BATTERSEA PARK LONDON,P26027,1741,stop,2026-04-14,17:41:00,,
SUTTON (SURREY) - BATTERSEA PARK LONDON,P26027,1741,stop,2026-04-24,17:41:00,,
SUTTON (SURREY) - BATTERSEA PARK LONDON,P26027,1741,stop,2026-04-21,17:41:00,,
SUTTON (SURREY) - BATTERSEA PARK LONDON,P26027,1741,stop,2026-04-22,17:41:00,,
SUTTON (SURREY) - BATTERSEA PARK LONDON,P26027,1741,stop,2026-04-16,17:41:00,,
SUTTON (SURREY) - BATTERSEA PARK LONDON,P26027,1741,stop,2026-04-17,17:41:00,,
SUTTON (SURREY) - BATTERSEA PARK LONDON,P26027,1741,stop,2026-04-30,17:41:00,,
SUTTON (SURREY) - BATTERSEA PARK LONDON,P26027,1741,stop,2026-04-09,17:41:00,,
SUTTON (SURREY) - BATTERSEA PARK LONDON,P26027,1741,stop,2026-04-15,17:41:00,,
GUILDFORD - EARLSFIELD,P61616,1659,stop,2026-04-13,17:42:00,,
GUILDFORD - EARLSFIELD,P61616,1659,stop,2026-04-27,17:42:00,,
GUILDFORD - EARLSFIELD,P61616,1659,stop,2026-04-14,17:42:00,,
GUILDFORD - EARLSFIELD,P61616,1659,stop,2026-04-10,17:42:00,,
GUILDFORD - EARLSFIELD,P61616,1659,stop,2026-04-29,17:42:00,,
GUILDFORD - EARLSFIELD,P61616,1659,stop,2026-04-30,17:42:00,,
SUTTON (SURREY) - BATTERSEA PARK LONDON,P26027,1741,stop,2026-04-03,17:41:00,,
SUTTON (SURREY) - BATTERSEA PARK LONDON,P26027,1741,stop,2026-04-08,17:41:00,,
SUTTON (SURREY) - BATTERSEA PARK LONDON,P26027,1741,stop,2026-04-29,17:41:00,,
SUTTON (SURREY) - BATTERSEA PARK LONDON,P26027,1741,stop,2026-04-28,17:41:00,,
GUILDFORD - EARLSFIELD,P61616,1659,stop,2026-04-20,17:42:00,,
GUILDFORD - EARLSFIELD,P61616,1659,stop,2026-04-23,17:42:00,,
GUILDFORD - EARLSFIELD,P61616,1659,stop,2026-04-21,17:42:00,,
SUTTON (SURREY) - BALHAM (2),P26711,1742,stop,2026-04-12,17:42:00,,
GUILDFORD - EARLSFIELD,P61616,1659,stop,2026-04-03,17:42:00,,
GUILDFORD - EARLSFIELD,P61616,1659,stop,2026-04-28,17:42:00,,
GUILDFORD - EARLSFIELD,P61616,1659,stop,2026-04-24,17:42:00,,
GUILDFORD - EARLSFIELD,P61616,1659,stop,2026-04-02,17:42:00,,
GUILDFORD - EARLSFIELD,P61616,1659,stop,2026-04-07,17:42:00,,
GUILDFORD - EARLSFIELD,P61616,1659,stop,2026-04-17,17:42:00,,
GUILDFORD - EARLSFIELD,P61616,1659,stop,2026-04-08,17:42:00,,
GUILDFORD - EARLSFIELD,P61616,1659,stop,2026-04-09,17:42:00,,
GUILDFORD - EARLSFIELD,P61616,1659,stop,2026-04-16,17:42:00,,
GUILDFORD - EARLSFIELD,P61616,1659,stop,2026-04-22,17:42:00,,
GUILDFORD - EARLSFIELD,P61616,1659,stop,2026-04-15,17:42:00,,
BALHAM - DORKING (2),P26706,1711,stop,2026-04-06,17:43:00,,
BALHAM - DORKING,X00959,1711,stop,2026-04-06,17:43:00,,
BALHAM - DORKING (2),P26706,1711,stop,2026-04-30,17:43:00,,
BALHAM - DORKING (2),P26706,1711,stop,2026-04-13,17:43:00,,
BALHAM - DORKING (2),P26706,1711,stop,2026-04-17,17:43:00,,
BALHAM - DORKING (2),P26706,1711,stop,2026-04-29,17:43:00,,
BALHAM - DORKING (2),P26706,1711,stop,2026-04-03,17:43:00,,
BALHAM - DORKING (2),P26706,1711,stop,2026-04-14,17:43:00,,
GUILDFORD - EARLSFIELD,P61616,1659,stop,2026-04-01,17:42:00,,
GUILDFORD - EARLSFIELD,P61616,1659,stop,2026-04-06,17:42:00,,
BALHAM - DORKING (2),P26706,1711,stop,2026-04-16,17:43:00,,
BALHAM - DORKING (2),P26706,1711,stop,2026-04-24,17:43:00,,
BALHAM - DORKING (2),P26706,1711,stop,2026-04-21,17:43:00,,
BALHAM - DORKING (2),P26706,1711,stop,2026-04-07,17:43:00,,
BALHAM - DORKING (2),P26706,1711,stop,2026-04-23,17:43:00,,
BALHAM - DORKING,X96047,1711,stop,2026-04-03,17:43:00,,
BALHAM - DORKING (2),P26706,1711,stop,2026-04-01,17:43:00,,
BALHAM - DORKING (2),P26706,1711,stop,2026-04-28,17:43:00,,
BALHAM - DORKING (3),P26708,1708,stop,2026-04-12,17:43:00,,
BALHAM - DORKING (2),P26706,1711,stop,2026-04-09,17:43:00,,
BALHAM - DORKING (2),P26706,1711,stop,2026-04-02,17:43:00,,
BALHAM - DORKING,P26707,1711,stop,2026-04-11,17:43:00,,
BALHAM - DORKING (2),P26706,1711,stop,2026-04-20,17:43:00,,
BALHAM - DORKING (2),P26706,1711,stop,2026-04-10,17:43:00,,
SUTTON (SURREY) - ST ALBANS CITY (6),G84964,1746,stop,2026-04-26,17:46:00,,
SUTTON (SURREY) - ST ALBANS CITY (4),G84966,1746,stop,2026-04-14,17:46:00,,
SUTTON (SURREY) - ST ALBANS CITY (4),G84966,1746,stop,2026-04-22,17:46:00,,
BALHAM - DORKING (2),P26706,1711,stop,2026-04-27,17:46:00,,
WIMBLEDON - LUTON,G84001,1733,stop,2026-04-05,17:45:00,,
BALHAM - DORKING (6),P26708,1708,stop,2026-04-05,17:44:00,,
BALHAM - DORKING (2),P26706,1711,stop,2026-04-08,17:43:00,,
BALHAM - DORKING,P26707,1711,stop,2026-04-04,17:43:00,,
BALHAM - DORKING (2),P26706,1711,stop,2026-04-22,17:43:00,,
BALHAM - DORKING (2),P26706,1711,stop,2026-04-15,17:43:00,,
BALHAM - DORKING,P26707,1711,stop,2026-04-25,17:43:00,,
SUTTON (SURREY) - ST ALBANS CITY (4),G84966,1746,stop,2026-04-30,17:46:00,,
SUTTON (SURREY) - ST ALBANS CITY (4),G84966,1746,stop,2026-04-13,17:46:00,,
SUTTON (SURREY) - ST ALBANS CITY (3),G25389,1746,stop,2026-04-04,17:46:00,,
SUTTON (SURREY) - ST ALBANS CITY (4),G84966,1746,stop,2026-04-17,17:46:00,,
SUTTON (SURREY) - ST ALBANS CITY (4),G84966,1746,stop,2026-04-16,17:46:00,,
SUTTON (SURREY) - ST ALBANS CITY (4),G84966,1746,stop,2026-04-20,17:46:00,,
SUTTON (SURREY) - ST ALBANS CITY (4),G84966,1746,stop,2026-04-21,17:46:00,,
SUTTON (SURREY) - ST ALBANS CITY (4),G84966,1746,stop,2026-04-02,17:46:00,,
SUTTON (SURREY) - ST ALBANS CITY (4),G84966,1746,stop,2026-04-24,17:46:00,,
SUTTON (SURREY) - ST ALBANS CITY (4),G84966,1746,stop,2026-04-09,17:46:00,,
SUTTON (SURREY) - ST ALBANS CITY (4),G84966,1746,stop,2026-04-08,17:46:00,,
SUTTON (SURREY) - ST ALBANS CITY (4),G84966,1746,stop,2026-04-29,17:46:00,,
SUTTON (SURREY) - ST ALBANS CITY (3),G25389,1746,stop,2026-04-25,17:46:00,,
SUTTON (SURREY) - ST ALBANS CITY (4),G84966,1746,stop,2026-04-06,17:46:00,,
SUTTON (SURREY) - ST ALBANS CITY (4),G84966,1746,stop,2026-04-07,17:46:00,,
SUTTON (SURREY) - ST ALBANS CITY (4),G84966,1746,stop,2026-04-28,17:46:00,,
SUTTON (SURREY) - ST ALBANS CITY (4),G84966,1746,stop,2026-04-15,17:46:00,,
SUTTON (SURREY) - ST ALBANS CITY (6),G84964,1746,stop,2026-04-19,17:46:00,,
SUTTON (SURREY) - ST ALBANS CITY (6),G84964,1746,stop,2026-04-12,17:46:00,,
SUTTON (SURREY) - ST ALBANS CITY (6),G84964,1746,stop,2026-04-05,17:46:00,,
SUTTON (SURREY) - ST ALBANS CITY (4),G84966,1746,stop,2026-04-27,17:46:00,,
SUTTON (SURREY) - ST ALBANS CITY (3),G25389,1746,stop,2026-04-11,17:46:00,,
SUTTON (SURREY) - ST ALBANS CITY (4),G84966,1746,stop,2026-04-23,17:46:00,,
SUTTON (SURREY) - ST ALBANS CITY (4),G84966,1746,stop,2026-04-10,17:46:00,,
SUTTON (SURREY) - ST ALBANS CITY (4),G84966,1746,stop,2026-04-03,17:46:00,,
SUTTON (SURREY) - ST ALBANS CITY (2),G84002,1749,stop,2026-04-24,17:49:00,,
BATTERSEA PARK LONDON - EPSOM DOWNS,P26008,1700,stop,2026-04-09,17:49:00,,
BATTERSEA PARK LONDON - EPSOM DOWNS,P26008,1700,stop,2026-04-14,17:49:00,,
SUTTON (SURREY) - ST ALBANS CITY (2),G84002,1749,stop,2026-04-15,17:49:00,,
WORCESTER PARK - EFFINGHAM JUNCTION,Q54802,1735,stop,2026-04-12,17:48:00,,
DORKING - SUTTON (SURREY),X04879,1703,stop,2026-04-12,17:47:00,,
SUTTON (SURREY) - ST ALBANS CITY (3),G25389,1747,stop,2026-04-18,17:47:00,,
SUTTON (SURREY) - ST ALBANS CITY (4),G84966,1746,stop,2026-04-01,17:46:00,,
SUTTON (SURREY) - ST ALBANS CITY (2),G84002,1749,stop,2026-04-03,17:49:00,,
BATTERSEA PARK LONDON - EPSOM DOWNS,X96059,1700,stop,2026-04-03,17:49:00,,
BATTERSEA PARK LONDON - EPSOM DOWNS,P26008,1700,stop,2026-04-03,17:49:00,,
BATTERSEA PARK LONDON - EPSOM DOWNS,P26008,1700,stop,2026-04-29,17:49:00,,
BATTERSEA PARK LONDON - EPSOM DOWNS,P26008,1700,stop,2026-04-13,17:49:00,,
SUTTON (SURREY) - ST ALBANS CITY (2),G84002,1749,stop,2026-04-20,17:49:00,,
BATTERSEA PARK LONDON - EPSOM DOWNS,X00740,1700,stop,2026-04-06,17:49:00,,
BATTERSEA PARK LONDON - EPSOM DOWNS,P26008,1700,stop,2026-04-06,17:49:00,,
SUTTON (SURREY) - ST ALBANS CITY (2),G84002,1749,stop,2026-04-29,17:49:00,,
SUTTON (SURREY) - ST ALBANS CITY (2),G84002,1749,stop,2026-04-08,17:49:00,,
SUTTON (SURREY) - ST ALBANS CITY (2),G84002,1749,stop,2026-04-01,17:49:00,,
SUTTON (SURREY) - ST ALBANS CITY (2),G84002,1749,stop,2026-04-09,17:49:00,,
BATTERSEA PARK LONDON - EPSOM DOWNS,P26008,1700,stop,2026-04-10,17:49:00,,
SUTTON (SURREY) - ST ALBANS CITY (2),G84002,1749,stop,2026-04-13,17:49:00,,
STREATHAM HILL - EPSOM DOWNS,P26009,1713,stop,2026-04-18,17:49:00,,
SUTTON (SURREY) - ST ALBANS CITY,G25391,1749,stop,2026-04-18,17:49:00,,
BATTERSEA PARK LONDON - EPSOM DOWNS,P26008,1700,stop,2026-04-02,17:49:00,,
SUTTON (SURREY) - ST ALBANS CITY (2),G84002,1749,stop,2026-04-14,17:49:00,,
SUTTON (SURREY) - ST ALBANS CITY (2),G84002,1749,stop,2026-04-22,17:49:00,,
BATTERSEA PARK LONDON - EPSOM DOWNS,P26008,1700,stop,2026-04-28,17:49:00,,
EPSOM - NORWOOD JUNCTION,P25269,1745,stop,2026-04-11,17:49:00,,
SUTTON (SURREY) - ST ALBANS CITY (2),G84002,1749,stop,2026-04-02,17:49:00,,
EPSOM - NORWOOD JUNCTION,P25269,1745,stop,2026-04-04,17:49:00,,
SUTTON (SURREY) - ST ALBANS CITY (2),G84002,1749,stop,2026-04-23,17:49:00,,
SUTTON (SURREY) - ST ALBANS CITY (2),G84002,1749,stop,2026-04-10,17:49:00,,
BATTERSEA PARK LONDON - EPSOM DOWNS,P26008,1700,stop,2026-04-22,17:49:00,,
BATTERSEA PARK LONDON - EPSOM DOWNS,P26009,1700,stop,2026-04-25,17:49:00,,
SUTTON (SURREY) - ST ALBANS CITY (2),G84002,1749,stop,2026-04-21,17:49:00,,
BATTERSEA PARK LONDON - EPSOM DOWNS,P26008,1700,stop,2026-04-16,17:49:00,,
BATTERSEA PARK LONDON - EPSOM DOWNS,P26008,1700,stop,2026-04-15,17:49:00,,
BATTERSEA PARK LONDON - EPSOM DOWNS,P26008,1700,stop,2026-04-23,17:49:00,,
SUTTON (SURREY) - ST ALBANS CITY,G25391,1749,stop,2026-04-25,17:49:00,,
SUTTON (SURREY) - ST ALBANS CITY,G25391,1749,stop,2026-04-11,17:49:00,,
BATTERSEA PARK LONDON - EPSOM DOWNS,P26008,1700,stop,2026-04-01,17:49:00,,
BATTERSEA PARK LONDON - EPSOM DOWNS,P26008,1700,stop,2026-04-20,17:49:00,,
SUTTON (SURREY) - LUTON,G84001,1749,stop,2026-04-12,17:49:00,,
BATTERSEA PARK LONDON - EPSOM DOWNS,P26008,1700,stop,2026-04-24,17:49:00,,
SUTTON (SURREY) - ST ALBANS CITY (2),G84002,1749,stop,2026-04-30,17:49:00,,
BATTERSEA PARK LONDON - EPSOM DOWNS,P26009,1700,stop,2026-04-11,17:49:00,,
SUTTON (SURREY) - ST ALBANS CITY (2),G84002,1749,stop,2026-04-06,17:49:00,,
STREATHAM HILL - EPSOM DOWNS,P26007,1713,stop,2026-04-19,17:49:00,,
SUTTON (SURREY) - LUTON,G84001,1749,stop,2026-04-26,17:49:00,,
SUTTON (SURREY) - ST ALBANS CITY (2),G84002,1749,stop,2026-04-17,17:49:00,,
SUTTON (SURREY) - ST ALBANS CITY,G25391,1749,stop,2026-04-04,17:49:00,,
SUTTON (SURREY) - ST ALBANS CITY (2),G84002,1749,stop,2026-04-27,17:49:00,,
BATTERSEA PARK LONDON - EPSOM DOWNS,P26008,1700,stop,2026-04-07,17:49:00,,
BATTERSEA PARK LONDON - EPSOM DOWNS,P26007,1700,stop,2026-04-12,17:49:00,,
SUTTON (SURREY) - ST ALBANS CITY (2),G84002,1749,stop,2026-04-28,17:49:00,,
SUTTON (SURREY) - ST ALBANS CITY (2),G84002,1749,stop,2026-04-07,17:49:00,,
BATTERSEA PARK LONDON - EPSOM DOWNS,P26008,1700,stop,2026-04-30,17:49:00,,
BATTERSEA PARK LONDON - EPSOM DOWNS,P26007,1700,stop,2026-04-26,17:49:00,,
BATTERSEA PARK LONDON - EPSOM DOWNS,P26009,1700,stop,2026-04-04,17:49:00,,
BATTERSEA PARK LONDON - EPSOM DOWNS,P26008,1700,stop,2026-04-27,17:49:00,,
SUTTON (SURREY) - ST ALBANS CITY (2),G84002,1749,stop,2026-04-16,17:49:00,,
BATTERSEA PARK LONDON - EPSOM DOWNS,P26008,1700,stop,2026-04-08,17:49:00,,
SUTTON (SURREY) - WEST HAMPSTEAD THAMESLINK,G84001,1749,stop,2026-04-19,17:49:00,,
BATTERSEA PARK LONDON - EPSOM DOWNS,P26008,1700,stop,2026-04-17,17:49:00,,
BATTERSEA PARK LONDON - EPSOM DOWNS,P26008,1700,stop,2026-04-21,17:49:00,,
EPSOM - NORWOOD JUNCTION,P25269,1745,stop,2026-04-25,17:49:00,,
EPSOM - NORWOOD JUNCTION,X95606,1745,stop,2026-04-03,17:49:00,,
EPSOM - NORWOOD JUNCTION,X01420,1745,stop,2026-04-06,17:49:00,,
EPSOM - NORWOOD JUNCTION,P25268,1746,stop,2026-04-24,17:50:00,,
EPSOM - NORWOOD JUNCTION,P25268,1746,stop,2026-04-27,17:50:00,,
EPSOM - NORWOOD JUNCTION,P25268,1746,stop,2026-04-22,17:50:00,,
EPSOM - NORWOOD JUNCTION,P25268,1746,stop,2026-04-13,17:50:00,,
EPSOM - NORWOOD JUNCTION,P25268,1746,stop,2026-04-10,17:50:00,,
EPSOM - NORWOOD JUNCTION,P25268,1746,stop,2026-04-03,17:50:00,,
EPSOM - NORWOOD JUNCTION,P25268,1746,stop,2026-04-16,17:50:00,,
EPSOM - NORWOOD JUNCTION,P25268,1746,stop,2026-04-06,17:50:00,,
EPSOM - NORWOOD JUNCTION,P25268,1746,stop,2026-04-20,17:50:00,,
EPSOM - NORWOOD JUNCTION,P25268,1746,stop,2026-04-07,17:50:00,,
EPSOM - NORWOOD JUNCTION,P25268,1746,stop,2026-04-08,17:50:00,,
EPSOM - NORWOOD JUNCTION,P25268,1746,stop,2026-04-29,17:50:00,,
EPSOM - NORWOOD JUNCTION,P25268,1746,stop,2026-04-17,17:50:00,,
BATTERSEA PARK LONDON - EPSOM DOWNS,P26007,1700,stop,2026-04-05,17:49:00,,
EPSOM - NORWOOD JUNCTION,P25269,1745,stop,2026-04-18,17:49:00,,
EPSOM DOWNS - BATTERSEA PARK LONDON,P26033,1738,stop,2026-04-26,17:51:00,,
EPSOM DOWNS - BATTERSEA PARK LONDON,P26034,1738,stop,2026-04-21,17:51:00,,
EPSOM DOWNS - STREATHAM HILL,P26035,1738,stop,2026-04-18,17:51:00,,
EPSOM DOWNS - BATTERSEA PARK LONDON,P26035,1738,stop,2026-04-04,17:51:00,,
EPSOM DOWNS - BATTERSEA PARK LONDON,P26034,1738,stop,2026-04-28,17:51:00,,
EPSOM DOWNS - BATTERSEA PARK LONDON,P26034,1738,stop,2026-04-08,17:51:00,,
EPSOM DOWNS - BATTERSEA PARK LONDON,P26034,1738,stop,2026-04-30,17:51:00,,
EPSOM - NORWOOD JUNCTION,P25268,1746,stop,2026-04-21,17:50:00,,
EPSOM - NORWOOD JUNCTION,P25268,1746,stop,2026-04-09,17:50:00,,
EPSOM - NORWOOD JUNCTION,P25268,1746,stop,2026-04-02,17:50:00,,
EPSOM - NORWOOD JUNCTION,P25268,1746,stop,2026-04-01,17:50:00,,
EPSOM - NORWOOD JUNCTION,P25268,1746,stop,2026-04-28,17:50:00,,
EPSOM - NORWOOD JUNCTION,P25268,1746,stop,2026-04-15,17:50:00,,
EPSOM - NORWOOD JUNCTION,P25268,1746,stop,2026-04-14,17:50:00,,
EPSOM - NORWOOD JUNCTION,P25268,1746,stop,2026-04-30,17:50:00,,
EPSOM - NORWOOD JUNCTION,P25268,1746,stop,2026-04-23,17:50:00,,
EPSOM DOWNS - BATTERSEA PARK LONDON,P26034,1738,stop,2026-04-17,17:51:00,,
EPSOM DOWNS - BATTERSEA PARK LONDON,P26034,1738,stop,2026-04-24,17:51:00,,
EPSOM DOWNS - BATTERSEA PARK LONDON,P26034,1738,stop,2026-04-16,17:51:00,,
EPSOM DOWNS - BATTERSEA PARK LONDON,P26034,1738,stop,2026-04-15,17:51:00,,
EPSOM DOWNS - BATTERSEA PARK LONDON,P26034,1738,stop,2026-04-01,17:51:00,,
EPSOM DOWNS - BATTERSEA PARK LONDON,P26034,1738,stop,2026-04-07,17:51:00,,
EPSOM DOWNS - STREATHAM HILL,P26033,1738,stop,2026-04-19,17:51:00,,
EPSOM DOWNS - BATTERSEA PARK LONDON,P26034,1738,stop,2026-04-22,17:51:00,,
EPSOM DOWNS - BATTERSEA PARK LONDON,P26034,1738,stop,2026-04-10,17:51:00,,
EPSOM DOWNS - BATTERSEA PARK LONDON,P26034,1738,stop,2026-04-27,17:51:00,,
EPSOM DOWNS - BATTERSEA PARK LONDON,P26034,1738,stop,2026-04-06,17:51:00,,
EPSOM DOWNS - BATTERSEA PARK LONDON,X00744,1738,stop,2026-04-06,17:51:00,,
EPSOM DOWNS - BATTERSEA PARK LONDON,P26034,1738,stop,2026-04-13,17:51:00,,
EPSOM DOWNS - BATTERSEA PARK LONDON,P26034,1738,stop,2026-04-29,17:51:00,,
EPSOM DOWNS - BATTERSEA PARK LONDON,P26034,1738,stop,2026-04-03,17:51:00,,
EPSOM DOWNS - BATTERSEA PARK LONDON,X95616,1738,stop,2026-04-03,17:51:00,,
DORKING - EARLSFIELD,P61066,1732,stop,2026-04-04,17:52:00,,
DORKING - EARLSFIELD,P61065,1732,stop,2026-04-13,17:52:00,,
DORKING - EARLSFIELD,P61065,1732,stop,2026-04-21,17:52:00,,
DORKING - EARLSFIELD,P61065,1732,stop,2026-04-14,17:52:00,,
DORKING - EARLSFIELD,P61065,1732,stop,2026-04-27,17:52:00,,
DORKING - EARLSFIELD,P61065,1732,stop,2026-04-23,17:52:00,,
EPSOM DOWNS - BATTERSEA PARK LONDON,P26034,1738,stop,2026-04-14,17:51:00,,
EPSOM DOWNS - BATTERSEA PARK LONDON,P26035,1738,stop,2026-04-11,17:51:00,,
EPSOM DOWNS - BATTERSEA PARK LONDON,P26034,1738,stop,2026-04-20,17:51:00,,
EPSOM DOWNS - BATTERSEA PARK LONDON,P26034,1738,stop,2026-04-02,17:51:00,,
EPSOM DOWNS - BATTERSEA PARK LONDON,P26033,1738,stop,2026-04-12,17:51:00,,
EPSOM DOWNS - BATTERSEA PARK LONDON,P26034,1738,stop,2026-04-23,17:51:00,,
EPSOM DOWNS - BATTERSEA PARK LONDON,P26034,1738,stop,2026-04-09,17:51:00,,
EPSOM DOWNS - BATTERSEA PARK LONDON,P26035,1738,stop,2026-04-25,17:51:00,,
DORKING - EARLSFIELD,P61066,1732,stop,2026-04-11,17:52:00,,
DORKING - EARLSFIELD,P61065,1732,stop,2026-04-20,17:52:00,,
DORKING - EARLSFIELD,P61065,1732,stop,2026-04-06,17:52:00,,
DORKING - EARLSFIELD,P61065,1732,stop,2026-04-24,17:52:00,,
DORKING - EARLSFIELD,P61066,1732,stop,2026-04-25,17:52:00,,
DORKING - EARLSFIELD,P61065,1732,stop,2026-04-16,17:52:00,,
DORKING - EARLSFIELD,P61065,1732,stop,2026-04-29,17:52:00,,
DORKING - EARLSFIELD,P61065,1732,stop,2026-04-15,17:52:00,,
DORKING - EARLSFIELD,P61065,1732,stop,2026-04-03,17:52:00,,
DORKING - EARLSFIELD,P61065,1732,stop,2026-04-22,17:52:00,,
DORKING - EARLSFIELD,P61065,1732,stop,2026-04-08,17:52:00,,
DORKING - EARLSFIELD,P61066,1732,stop,2026-04-18,17:52:00,,
DORKING - EARLSFIELD,P61065,1732,stop,2026-04-07,17:52:00,,
DORKING - EARLSFIELD,Q49131,1732,stop,2026-04-06,17:52:00,,
DORKING - EARLSFIELD,P61065,1732,stop,2026-04-30,17:52:00,,
DORKING - EARLSFIELD,P61065,1732,stop,2026-04-28,17:52:00,,
DORKING - EARLSFIELD,P61065,1732,stop,2026-04-17,17:52:00,,
DORKING - EARLSFIELD,P61065,1732,stop,2026-04-10,17:52:00,,
DORKING - EARLSFIELD,Q38437,1732,stop,2026-04-03,17:52:00,,
DORKING - EARLSFIELD,P61065,1732,stop,2026-04-02,17:52:00,,
DORKING - EARLSFIELD,P61065,1732,stop,2026-04-01,17:52:00,,
DORKING - EARLSFIELD,P61065,1732,stop,2026-04-09,17:52:00,,
MITCHAM EASTFIELDS - DORKING (2),P26707,1720,stop,2026-04-18,17:53:00,,
EARLSFIELD - DORKING,P61055,1723,stop,2026-04-15,17:54:00,,
EARLSFIELD - DORKING,P61056,1723,stop,2026-04-18,17:54:00,,
EARLSFIELD - DORKING,P61055,1723,stop,2026-04-21,17:54:00,,
EARLSFIELD - DORKING,Q49175,1723,stop,2026-04-06,17:54:00,,
EARLSFIELD - DORKING,P61055,1723,stop,2026-04-02,17:54:00,,
EARLSFIELD - DORKING,P61055,1723,stop,2026-04-07,17:54:00,,
EARLSFIELD - DORKING,P61055,1723,stop,2026-04-06,17:54:00,,
EARLSFIELD - DORKING,P61055,1723,stop,2026-04-20,17:54:00,,
EARLSFIELD - DORKING,P61055,1723,stop,2026-04-28,17:54:00,,
EARLSFIELD - DORKING,P61056,1723,stop,2026-04-04,17:54:00,,
EARLSFIELD - DORKING,P61055,1723,stop,2026-04-23,17:54:00,,
EARLSFIELD - DORKING,P61055,1723,stop,2026-04-01,17:54:00,,
EARLSFIELD - DORKING,P61055,1723,stop,2026-04-08,17:54:00,,
EARLSFIELD - DORKING,P61055,1723,stop,2026-04-30,17:54:00,,
SUTTON (SURREY) - DORKING,X04915,1755,stop,2026-04-12,17:55:00,,
EARLSFIELD - DORKING,P61055,1723,stop,2026-04-13,17:54:00,,
EARLSFIELD - DORKING,P61056,1723,stop,2026-04-11,17:54:00,,
EARLSFIELD - DORKING,P61055,1723,stop,2026-04-09,17:54:00,,
EARLSFIELD - DORKING,P61055,1723,stop,2026-04-03,17:54:00,,
EARLSFIELD - DORKING,P61055,1723,stop,2026-04-27,17:54:00,,
EARLSFIELD - DORKING,P61055,1723,stop,2026-04-22,17:54:00,,
EARLSFIELD - DORKING,P61055,1723,stop,2026-04-17,17:54:00,,
EARLSFIELD - DORKING,P61055,1723,stop,2026-04-14,17:54:00,,
EARLSFIELD - DORKING,P61055,1723,stop,2026-04-24,17:54:00,,
EARLSFIELD - DORKING,P61055,1723,stop,2026-04-29,17:54:00,,
EARLSFIELD - DORKING,P61056,1723,stop,2026-04-25,17:54:00,,
EARLSFIELD - DORKING,Q38446,1723,stop,2026-04-03,17:54:00,,
EARLSFIELD - DORKING,P61055,1723,stop,2026-04-16,17:54:00,,
EARLSFIELD - DORKING,P61055,1723,stop,2026-04-10,17:54:00,,
MITCHAM EASTFIELDS - HORSHAM,P25171,1725,stop,2026-04-22,17:56:00,,
MITCHAM EASTFIELDS - HORSHAM,P25171,1725,stop,2026-04-07,17:56:00,,
MITCHAM EASTFIELDS - HORSHAM,P25171,1725,stop,2026-04-24,17:56:00,,
MITCHAM EASTFIELDS - HORSHAM,P25171,1725,stop,2026-04-15,17:56:00,,
MITCHAM EASTFIELDS - HORSHAM,P25171,1725,stop,2026-04-02,17:56:00,,
MITCHAM EASTFIELDS - HORSHAM,P25171,1725,stop,2026-04-23,17:56:00,,
MITCHAM EASTFIELDS - HORSHAM,P25171,1725,stop,2026-04-20,17:56:00,,
MITCHAM EASTFIELDS - HORSHAM,P25171,1725,stop,2026-04-21,17:56:00,,
MITCHAM EASTFIELDS - HORSHAM,P25171,1725,stop,2026-04-06,17:56:00,,
MITCHAM EASTFIELDS - HORSHAM,P25171,1725,stop,2026-04-09,17:56:00,,
MITCHAM EASTFIELDS - HORSHAM,P25171,1725,stop,2026-04-27,17:56:00,,
MITCHAM EASTFIELDS - HORSHAM,P25171,1725,stop,2026-04-10,17:56:00,,
MITCHAM EASTFIELDS - HORSHAM,P25171,1725,stop,2026-04-13,17:56:00,,
MITCHAM EASTFIELDS - HORSHAM,P25171,1725,stop,2026-04-14,17:56:00,,
MITCHAM EASTFIELDS - HORSHAM,P25171,1725,stop,2026-04-08,17:56:00,,
MITCHAM EASTFIELDS - HORSHAM,P25171,1725,stop,2026-04-29,17:56:00,,
MITCHAM EASTFIELDS - HORSHAM,P25171,1725,stop,2026-04-28,17:56:00,,
MITCHAM EASTFIELDS - HORSHAM,P25171,1725,stop,2026-04-01,17:56:00,,
MITCHAM EASTFIELDS - HORSHAM,P25171,1725,stop,2026-04-30,17:56:00,,
MITCHAM EASTFIELDS - HORSHAM,P25171,1725,stop,2026-04-16,17:56:00,,
MITCHAM EASTFIELDS - HORSHAM,P25171,1725,stop,2026-04-03,17:56:00,,
NORWOOD JUNCTION - EPSOM,X01419,1725,stop,2026-04-06,17:58:00,,
NORWOOD JUNCTION - EPSOM,P25267,1725,stop,2026-04-25,17:58:00,,
NORWOOD JUNCTION - EPSOM,P25267,1725,stop,2026-04-04,17:58:00,,
NORWOOD JUNCTION - EPSOM,X92808,1725,stop,2026-04-03,17:58:00,,
NORWOOD JUNCTION - EPSOM,P25267,1725,stop,2026-04-11,17:58:00,,
NORWOOD JUNCTION - EPSOM,P25267,1725,stop,2026-04-18,17:58:00,,
EPSOM DOWNS - BATTERSEA PARK LONDON,P26033,1738,stop,2026-04-05,17:58:00,,
GUILDFORD - EARLSFIELD,L74287,1720,stop,2026-04-26,17:57:00,,
GUILDFORD - EARLSFIELD,L74287,1720,stop,2026-04-12,17:57:00,,
GUILDFORD - EARLSFIELD,L74287,1720,stop,2026-04-05,17:57:00,,
GUILDFORD - EARLSFIELD,L74287,1720,stop,2026-04-19,17:57:00,,
SUTTON (SURREY) - TULSE HILL,X27286,1757,stop,2026-04-05,17:57:00,,
MITCHAM EASTFIELDS - HORSHAM,P25171,1725,stop,2026-04-17,17:56:00,,
NORWOOD JUNCTION - EPSOM,P25266,1725,stop,2026-04-29,18:00:00,,
NORWOOD JUNCTION - EPSOM,P25266,1725,stop,2026-04-09,18:00:00,,
NORWOOD JUNCTION - EPSOM,P25266,1725,stop,2026-04-03,18:00:00,,
NORWOOD JUNCTION - EPSOM,P25266,1725,stop,2026-04-15,18:00:00,,
NORWOOD JUNCTION - EPSOM,P25266,1725,stop,2026-04-01,18:00:00,,
NORWOOD JUNCTION - EPSOM,P25266,1725,stop,2026-04-20,18:00:00,,
NORWOOD JUNCTION - EPSOM,P25266,1725,stop,2026-04-21,18:00:00,,
NORWOOD JUNCTION - EPSOM,P25266,1725,stop,2026-04-16,18:00:00,,
NORWOOD JUNCTION - EPSOM,P25266,1725,stop,2026-04-10,18:00:00,,
NORWOOD JUNCTION - EPSOM,P25266,1725,stop,2026-04-22,18:00:00,,
NORWOOD JUNCTION - EPSOM,P25266,1725,stop,2026-04-23,18:00:00,,
SUTTON (SURREY) - SELHURST  T&RS  MD  M&EE   NSC,C01024,1801,stop,2026-04-27,18:01:00,,
SUTTON (SURREY) - SELHURST  T&RS  MD  M&EE   NSC,C01024,1801,stop,2026-04-15,18:01:00,,
SUTTON (SURREY) - SELHURST  T&RS  MD  M&EE   NSC,C01024,1801,stop,2026-04-08,18:01:00,,
SUTTON (SURREY) - SELHURST  T&RS  MD  M&EE   NSC,C01024,1801,stop,2026-04-14,18:01:00,,
NORWOOD JUNCTION - EPSOM,P25266,1725,stop,2026-04-07,18:00:00,,
NORWOOD JUNCTION - EPSOM,P25266,1725,stop,2026-04-14,18:00:00,,
NORWOOD JUNCTION - EPSOM,P25266,1725,stop,2026-04-13,18:00:00,,
NORWOOD JUNCTION - EPSOM,P25266,1725,stop,2026-04-30,18:00:00,,
NORWOOD JUNCTION - EPSOM,P25266,1725,stop,2026-04-27,18:00:00,,
NORWOOD JUNCTION - EPSOM,P25266,1725,stop,2026-04-02,18:00:00,,
NORWOOD JUNCTION - EPSOM,P25266,1725,stop,2026-04-08,18:00:00,,
NORWOOD JUNCTION - EPSOM,P25266,1725,stop,2026-04-24,18:00:00,,
NORWOOD JUNCTION - EPSOM,P25266,1725,stop,2026-04-06,18:00:00,,
NORWOOD JUNCTION - EPSOM,P25266,1725,stop,2026-04-28,18:00:00,,
NORWOOD JUNCTION - EPSOM,P25266,1725,stop,2026-04-17,18:00:00,,
SUTTON (SURREY) - SELHURST  T&RS  MD  M&EE   NSC,C01024,1801,stop,2026-04-30,18:01:00,,
SUTTON (SURREY) - SELHURST  T&RS  MD  M&EE   NSC,C01024,1801,stop,2026-04-07,18:01:00,,
SUTTON (SURREY) - SELHURST  T&RS  MD  M&EE   NSC,C01024,1801,stop,2026-04-24,18:01:00,,
LUTON - WIMBLEDON,W59678,1622,stop,2026-04-05,18:01:00,,
SUTTON (SURREY) - SELHURST  T&RS  MD  M&EE   NSC,C01024,1801,stop,2026-04-06,18:01:00,,
SUTTON (SURREY) - SELHURST  T&RS  MD  M&EE   NSC,C01024,1801,stop,2026-04-20,18:01:00,,
SUTTON (SURREY) - SELHURST  T&RS  MD  M&EE   NSC,C01024,1801,stop,2026-04-17,18:01:00,,
SUTTON (SURREY) - SELHURST  T&RS  MD  M&EE   NSC,C01024,1801,stop,2026-04-29,18:01:00,,
SUTTON (SURREY) - SELHURST  T&RS  MD  M&EE   NSC,C01024,1801,stop,2026-04-03,18:01:00,,
SUTTON (SURREY) - SELHURST  T&RS  MD  M&EE   NSC,C01024,1801,stop,2026-04-01,18:01:00,,
SUTTON (SURREY) - SELHURST  T&RS  MD  M&EE   NSC,C01024,1801,stop,2026-04-21,18:01:00,,
SUTTON (SURREY) - SELHURST  T&RS  MD  M&EE   NSC,C01024,1801,stop,2026-04-22,18:01:00,,
SUTTON (SURREY) - SELHURST  T&RS  MD  M&EE   NSC,C01024,1801,stop,2026-04-10,18:01:00,,
EARLSFIELD - GUILDFORD (2),P61615,1732,stop,2026-04-26,18:03:00,,
EARLSFIELD - GUILDFORD (2),P61615,1732,stop,2026-04-05,18:03:00,,
SUTTON (SURREY) - SELHURST  T&RS  MD  M&EE   NSC,C01024,1801,stop,2026-04-02,18:01:00,,
SUTTON (SURREY) - SELHURST  T&RS  MD  M&EE   NSC,C01024,1801,stop,2026-04-16,18:01:00,,
SUTTON (SURREY) - SELHURST  T&RS  MD  M&EE   NSC,C01024,1801,stop,2026-04-13,18:01:00,,
SUTTON (SURREY) - SELHURST  T&RS  MD  M&EE   NSC,C01024,1801,stop,2026-04-09,18:01:00,,
SUTTON (SURREY) - SELHURST  T&RS  MD  M&EE   NSC,C01024,1801,stop,2026-04-28,18:01:00,,
SUTTON (SURREY) - SELHURST  T&RS  MD  M&EE   NSC,C01024,1801,stop,2026-04-23,18:01:00,,
EARLSFIELD - GUILDFORD (2),P61615,1732,stop,2026-04-12,18:03:00,,
HORSHAM - BALHAM,P26716,1714,stop,2026-04-04,18:06:00,,
HORSHAM - BALHAM,P26715,1714,stop,2026-04-13,18:06:00,,
DORKING - BALHAM (2),P26717,1742,stop,2026-04-26,18:05:00,,
DORKING - BALHAM (2),P26717,1742,stop,2026-04-12,18:05:00,,
DORKING - MITCHAM EASTFIELDS,P26717,1742,stop,2026-04-19,18:05:00,,
EFFINGHAM JUNCTION - WORCESTER PARK,Q54764,1715,stop,2026-04-12,18:04:00,,
EARLSFIELD - GUILDFORD (2),P61615,1732,stop,2026-04-19,18:03:00,,
HORSHAM - BALHAM,P26715,1714,stop,2026-04-21,18:06:00,,
HORSHAM - BALHAM,P26716,1714,stop,2026-04-11,18:06:00,,
HORSHAM - BALHAM,P26715,1714,stop,2026-04-07,18:06:00,,
HORSHAM - BALHAM,P26716,1714,stop,2026-04-25,18:06:00,,
HORSHAM - BALHAM,P26715,1714,stop,2026-04-08,18:06:00,,
HORSHAM - BALHAM,P26715,1714,stop,2026-04-20,18:06:00,,
HORSHAM - BALHAM,P26715,1714,stop,2026-04-28,18:06:00,,
HORSHAM - BALHAM,P26715,1714,stop,2026-04-03,18:06:00,,
HORSHAM - BALHAM,X96041,1714,stop,2026-04-03,18:06:00,,
HORSHAM - BALHAM,P26715,1714,stop,2026-04-27,18:06:00,,
HORSHAM - BALHAM,P26715,1714,stop,2026-04-10,18:06:00,,
HORSHAM - MITCHAM EASTFIELDS,P26716,1720,stop,2026-04-18,18:06:00,,
HORSHAM - BALHAM,P26715,1714,stop,2026-04-23,18:06:00,,
HORSHAM - BALHAM,P26715,1714,stop,2026-04-22,18:06:00,,
HORSHAM - BALHAM,P26715,1714,stop,2026-04-01,18:06:00,,
HORSHAM - BALHAM,P26715,1714,stop,2026-04-30,18:06:00,,
HORSHAM - BALHAM,P26715,1714,stop,2026-04-16,18:06:00,,
HORSHAM - BALHAM,P26715,1714,stop,2026-04-02,18:06:00,,
HORSHAM - BALHAM,P26715,1714,stop,2026-04-06,18:06:00,,
HORSHAM - BALHAM,P26715,1714,stop,2026-04-17,18:06:00,,
ST ALBANS CITY - SUTTON (SURREY),G25362,1637,stop,2026-04-04,18:07:00,,
HORSHAM - BALHAM,X00962,1714,stop,2026-04-06,18:06:00,,
HORSHAM - BALHAM,P26715,1714,stop,2026-04-29,18:06:00,,
HORSHAM - BALHAM,P26715,1714,stop,2026-04-14,18:06:00,,
HORSHAM - BALHAM,P26715,1714,stop,2026-04-15,18:06:00,,
HORSHAM - BALHAM,P26715,1714,stop,2026-04-09,18:06:00,,
HORSHAM - BALHAM,P26715,1714,stop,2026-04-24,18:06:00,,
ST ALBANS CITY - SUTTON (SURREY),G84967,1637,stop,2026-04-28,18:07:00,,
ST ALBANS CITY - SUTTON (SURREY),G25362,1637,stop,2026-04-25,18:07:00,,
ST ALBANS CITY - SUTTON (SURREY),G84967,1637,stop,2026-04-10,18:07:00,,
ST ALBANS CITY - SUTTON (SURREY),G25362,1637,stop,2026-04-11,18:07:00,,
ST ALBANS CITY - SUTTON (SURREY),G84967,1637,stop,2026-04-23,18:07:00,,
ST ALBANS CITY - SUTTON (SURREY),G84967,1637,stop,2026-04-24,18:07:00,,
ST ALBANS CITY - SUTTON (SURREY),G84967,1637,stop,2026-04-21,18:07:00,,
ST ALBANS CITY - SUTTON (SURREY),G84967,1637,stop,2026-04-20,18:07:00,,
ST ALBANS CITY - SUTTON (SURREY),G25362,1637,stop,2026-04-18,18:07:00,,
ST ALBANS CITY - SUTTON (SURREY),G84967,1637,stop,2026-04-14,18:07:00,,
ST ALBANS CITY - SUTTON (SURREY),G84967,1637,stop,2026-04-27,18:07:00,,
ST ALBANS CITY - SUTTON (SURREY),G84967,1637,stop,2026-04-02,18:07:00,,
WEST HAMPSTEAD THAMESLINK - SUTTON (SURREY) (2),W59678,1700,stop,2026-04-19,18:07:00,,
ST ALBANS CITY - SUTTON (SURREY),G84967,1637,stop,2026-04-07,18:07:00,,
ST ALBANS CITY - SUTTON (SURREY),G84967,1637,stop,2026-04-17,18:07:00,,
ST ALBANS CITY - SUTTON (SURREY),G84967,1637,stop,2026-04-22,18:07:00,,
WORCESTER PARK - GUILDFORD,L74280,1739,stop,2026-04-24,18:09:00,,
WORCESTER PARK - GUILDFORD,L74280,1739,stop,2026-04-02,18:09:00,,
DORKING - BALHAM (3),P26717,1746,stop,2026-04-05,18:08:00,,
ST ALBANS CITY - SUTTON (SURREY),G84967,1637,stop,2026-04-01,18:07:00,,
ST ALBANS CITY - SUTTON (SURREY),G84967,1637,stop,2026-04-06,18:07:00,,
ST ALBANS CITY - SUTTON (SURREY),G84967,1637,stop,2026-04-03,18:07:00,,
ST ALBANS CITY - SUTTON (SURREY),G84967,1637,stop,2026-04-08,18:07:00,,
ST ALBANS CITY - SUTTON (SURREY),G84967,1637,stop,2026-04-13,18:07:00,,
ST ALBANS CITY - SUTTON (SURREY),G84967,1637,stop,2026-04-15,18:07:00,,
ST ALBANS CITY - SUTTON (SURREY),G84967,1637,stop,2026-04-29,18:07:00,,
ST ALBANS CITY - SUTTON (SURREY),G84967,1637,stop,2026-04-30,18:07:00,,
ST ALBANS CITY - SUTTON (SURREY),G84967,1637,stop,2026-04-09,18:07:00,,
LUTON - SUTTON (SURREY) (2),W59678,1622,stop,2026-04-26,18:07:00,,
ST ALBANS CITY - SUTTON (SURREY),G84967,1637,stop,2026-04-16,18:07:00,,
LUTON - SUTTON (SURREY) (2),W59678,1622,stop,2026-04-12,18:07:00,,
WORCESTER PARK - GUILDFORD,L74280,1739,stop,2026-04-22,18:09:00,,
WORCESTER PARK - GUILDFORD,L74280,1739,stop,2026-04-15,18:09:00,,
WORCESTER PARK - GUILDFORD,L74280,1739,stop,2026-04-21,18:09:00,,
WORCESTER PARK - GUILDFORD,L74280,1739,stop,2026-04-14,18:09:00,,
WORCESTER PARK - GUILDFORD,L74280,1739,stop,2026-04-23,18:09:00,,
WORCESTER PARK - GUILDFORD,L74280,1739,stop,2026-04-17,18:09:00,,
WORCESTER PARK - GUILDFORD,L74280,1739,stop,2026-04-29,18:09:00,,
WORCESTER PARK - GUILDFORD,L74280,1739,stop,2026-04-16,18:09:00,,
WORCESTER PARK - GUILDFORD,L74280,1739,stop,2026-04-08,18:09:00,,
WORCESTER PARK - GUILDFORD,L74280,1739,stop,2026-04-09,18:09:00,,
WORCESTER PARK - GUILDFORD,L74280,1739,stop,2026-04-13,18:09:00,,
WORCESTER PARK - GUILDFORD,L74280,1739,stop,2026-04-10,18:09:00,,
WORCESTER PARK - GUILDFORD,L74280,1739,stop,2026-04-27,18:09:00,,
WORCESTER PARK - GUILDFORD,L74280,1739,stop,2026-04-28,18:09:00,,
WORCESTER PARK - GUILDFORD,L74280,1739,stop,2026-04-01,18:09:00,,
WORCESTER PARK - GUILDFORD,L74280,1739,stop,2026-04-06,18:09:00,,
WORCESTER PARK - GUILDFORD,L74280,1739,stop,2026-04-20,18:09:00,,
WORCESTER PARK - GUILDFORD,L74280,1739,stop,2026-04-07,18:09:00,,
SUTTON (SURREY) - BATTERSEA PARK LONDON,P26043,1811,stop,2026-04-21,18:11:00,,
SUTTON (SURREY) - BATTERSEA PARK LONDON,P26043,1811,stop,2026-04-16,18:11:00,,
SUTTON (SURREY) - BATTERSEA PARK LONDON,P26043,1811,stop,2026-04-03,18:11:00,,
SUTTON (SURREY) - BATTERSEA PARK LONDON,P26043,1811,stop,2026-04-08,18:11:00,,
SUTTON (SURREY) - BATTERSEA PARK LONDON,P26043,1811,stop,2026-04-14,18:11:00,,
SUTTON (SURREY) - BATTERSEA PARK LONDON,P26043,1811,stop,2026-04-10,18:11:00,,
SUTTON (SURREY) - BATTERSEA PARK LONDON,P26043,1811,stop,2026-04-15,18:11:00,,
SUTTON (SURREY) - BATTERSEA PARK LONDON,P26043,1811,stop,2026-04-29,18:11:00,,
SUTTON (SURREY) - BATTERSEA PARK LONDON,P26043,1811,stop,2026-04-09,18:11:00,,
SUTTON (SURREY) - BATTERSEA PARK LONDON,P26043,1811,stop,2026-04-22,18:11:00,,
SUTTON (SURREY) - STREATHAM HILL,P27176,1810,stop,2026-04-18,18:10:00,,
BALHAM - DORKING (3),P26714,1738,stop,2026-04-26,18:10:00,,
MITCHAM EASTFIELDS - DORKING,P26714,1738,stop,2026-04-19,18:10:00,,
WORCESTER PARK - GUILDFORD,L74280,1739,stop,2026-04-30,18:09:00,,
WORCESTER PARK - GUILDFORD,L74280,1739,stop,2026-04-03,18:09:00,,
SUTTON (SURREY) - BATTERSEA PARK LONDON,P26043,1811,stop,2026-04-20,18:11:00,,
SUTTON (SURREY) - BATTERSEA PARK LONDON,P26043,1811,stop,2026-04-17,18:11:00,,
SUTTON (SURREY) - BATTERSEA PARK LONDON,P26043,1811,stop,2026-04-02,18:11:00,,
SUTTON (SURREY) - BATTERSEA PARK LONDON,P26043,1811,stop,2026-04-07,18:11:00,,
SUTTON (SURREY) - BATTERSEA PARK LONDON,P26043,1811,stop,2026-04-24,18:11:00,,
SUTTON (SURREY) - BATTERSEA PARK LONDON,P26043,1811,stop,2026-04-01,18:11:00,,
SUTTON (SURREY) - BATTERSEA PARK LONDON,P26043,1811,stop,2026-04-23,18:11:00,,
SUTTON (SURREY) - BATTERSEA PARK LONDON,P26043,1811,stop,2026-04-28,18:11:00,,
SUTTON (SURREY) - BATTERSEA PARK LONDON,P26043,1811,stop,2026-04-30,18:11:00,,
SUTTON (SURREY) - BATTERSEA PARK LONDON,P26043,1811,stop,2026-04-13,18:11:00,,
SUTTON (SURREY) - BATTERSEA PARK LONDON,P26043,1811,stop,2026-04-27,18:11:00,,
SUTTON (SURREY) - BATTERSEA PARK LONDON,P26043,1811,stop,2026-04-06,18:11:00,,
SUTTON (SURREY) - BALHAM (2),P26717,1812,stop,2026-04-12,18:12:00,,
BALHAM - HORSHAM,P26713,1741,stop,2026-04-25,18:13:00,,
BALHAM - HORSHAM,P26712,1741,stop,2026-04-24,18:13:00,,
BALHAM - HORSHAM,X00961,1741,stop,2026-04-06,18:13:00,,
BALHAM - HORSHAM,P26712,1741,stop,2026-04-17,18:13:00,,
BALHAM - HORSHAM,P26712,1741,stop,2026-04-16,18:13:00,,
BALHAM - HORSHAM,P26712,1741,stop,2026-04-09,18:13:00,,
BALHAM - HORSHAM,P26712,1741,stop,2026-04-23,18:13:00,,
BALHAM - DORKING (3),P26714,1738,stop,2026-04-12,18:13:00,,
BALHAM - HORSHAM,P26712,1741,stop,2026-04-02,18:13:00,,
BALHAM - HORSHAM,P26712,1741,stop,2026-04-08,18:13:00,,
BALHAM - HORSHAM,P26712,1741,stop,2026-04-28,18:13:00,,
BALHAM - HORSHAM,P26712,1741,stop,2026-04-13,18:13:00,,
BALHAM - HORSHAM,P26712,1741,stop,2026-04-01,18:13:00,,
BALHAM - HORSHAM,P26712,1741,stop,2026-04-06,18:13:00,,
BALHAM - HORSHAM,P26712,1741,stop,2026-04-21,18:13:00,,
BALHAM - HORSHAM,P26712,1741,stop,2026-04-20,18:13:00,,
BALHAM - HORSHAM,P26712,1741,stop,2026-04-22,18:13:00,,
BALHAM - HORSHAM,P26712,1741,stop,2026-04-14,18:13:00,,
BALHAM - HORSHAM,P26712,1741,stop,2026-04-30,18:13:00,,
BALHAM - HORSHAM,X95613,1741,stop,2026-04-03,18:16:00,,
SUTTON (SURREY) - ST ALBANS CITY (3),G84972,1816,stop,2026-04-28,18:16:00,,
BALHAM - HORSHAM,P26713,1741,stop,2026-04-11,18:16:00,,
SUTTON (SURREY) - ST ALBANS CITY (3),G84972,1816,stop,2026-04-02,18:16:00,,
WIMBLEDON - LUTON,G84007,1803,stop,2026-04-05,18:15:00,,
BALHAM - DORKING (6),P26714,1738,stop,2026-04-05,18:14:00,,
BALHAM - HORSHAM,P26712,1741,stop,2026-04-03,18:13:00,,
BALHAM - HORSHAM,P26712,1741,stop,2026-04-27,18:13:00,,
BALHAM - HORSHAM,P26712,1741,stop,2026-04-10,18:13:00,,
BALHAM - HORSHAM,P26712,1741,stop,2026-04-15,18:13:00,,
BALHAM - HORSHAM,P26713,1741,stop,2026-04-04,18:13:00,,
BALHAM - HORSHAM,P26712,1741,stop,2026-04-29,18:13:00,,
BALHAM - HORSHAM,P26712,1741,stop,2026-04-07,18:13:00,,
SUTTON (SURREY) - ST ALBANS CITY (6),G84970,1816,stop,2026-04-26,18:16:00,,
SUTTON (SURREY) - ST ALBANS CITY (3),G84972,1816,stop,2026-04-30,18:16:00,,
SUTTON (SURREY) - ST ALBANS CITY (3),G84972,1816,stop,2026-04-06,18:16:00,,
SUTTON (SURREY) - ST ALBANS CITY (3),G84972,1816,stop,2026-04-21,18:16:00,,
SUTTON (SURREY) - ST ALBANS CITY (3),G84972,1816,stop,2026-04-17,18:16:00,,
SUTTON (SURREY) - ST ALBANS CITY (3),G25401,1816,stop,2026-04-04,18:16:00,,
SUTTON (SURREY) - ST ALBANS CITY (3),G84972,1816,stop,2026-04-03,18:16:00,,
SUTTON (SURREY) - ST ALBANS CITY (3),G25401,1816,stop,2026-04-18,18:16:00,,
SUTTON (SURREY) - ST ALBANS CITY (3),G84972,1816,stop,2026-04-22,18:16:00,,
SUTTON (SURREY) - ST ALBANS CITY (3),G84972,1816,stop,2026-04-27,18:16:00,,
SUTTON (SURREY) - ST ALBANS CITY (3),G84972,1816,stop,2026-04-13,18:16:00,,
SUTTON (SURREY) - ST ALBANS CITY (6),G84970,1816,stop,2026-04-05,18:16:00,,
SUTTON (SURREY) - ST ALBANS CITY (6),G84970,1816,stop,2026-04-12,18:16:00,,
SUTTON (SURREY) - ST ALBANS CITY (3),G84972,1816,stop,2026-04-14,18:16:00,,
SUTTON (SURREY) - ST ALBANS CITY (6),G84970,1816,stop,2026-04-19,18:16:00,,
SUTTON (SURREY) - ST ALBANS CITY (3),G84972,1816,stop,2026-04-07,18:16:00,,
SUTTON (SURREY) - ST ALBANS CITY (3),G84972,1816,stop,2026-04-01,18:16:00,,
SUTTON (SURREY) - ST ALBANS CITY (3),G84972,1816,stop,2026-04-09,18:16:00,,
SUTTON (SURREY) - ST ALBANS CITY (3),G84972,1816,stop,2026-04-20,18:16:00,,
SUTTON (SURREY) - ST ALBANS CITY (3),G25401,1816,stop,2026-04-25,18:16:00,,
SUTTON (SURREY) - ST ALBANS CITY (3),G84972,1816,stop,2026-04-08,18:16:00,,
SUTTON (SURREY) - ST ALBANS CITY (3),G84972,1816,stop,2026-04-16,18:16:00,,
SUTTON (SURREY) - ST ALBANS CITY (3),G84972,1816,stop,2026-04-29,18:16:00,,
SUTTON (SURREY) - ST ALBANS CITY (3),G25401,1816,stop,2026-04-11,18:16:00,,
SUTTON (SURREY) - WEST HAMPSTEAD THAMESLINK,G84007,1819,stop,2026-04-19,18:19:00,,
EPSOM - NORWOOD JUNCTION,P25273,1815,stop,2026-04-11,18:19:00,,
WORCESTER PARK - DORKING,Q54879,1805,stop,2026-04-12,18:18:00,,
DORKING - SUTTON (SURREY),X04878,1733,stop,2026-04-12,18:17:00,,
SUTTON (SURREY) - ST ALBANS CITY (3),G84972,1816,stop,2026-04-15,18:16:00,,
SUTTON (SURREY) - ST ALBANS CITY (3),G84972,1816,stop,2026-04-10,18:16:00,,
SUTTON (SURREY) - ST ALBANS CITY (3),G84972,1816,stop,2026-04-23,18:16:00,,
SUTTON (SURREY) - ST ALBANS CITY (3),G84972,1816,stop,2026-04-24,18:16:00,,
SUTTON (SURREY) - ST ALBANS CITY,G84008,1819,stop,2026-04-07,18:19:00,,
SUTTON (SURREY) - ST ALBANS CITY,G25403,1819,stop,2026-04-25,18:19:00,,
BATTERSEA PARK LONDON - EPSOM DOWNS,P26023,1730,stop,2026-04-09,18:19:00,,
SUTTON (SURREY) - ST ALBANS CITY,G84008,1819,stop,2026-04-14,18:19:00,,
BATTERSEA PARK LONDON - EPSOM DOWNS,P26023,1730,stop,2026-04-23,18:19:00,,
SUTTON (SURREY) - ST ALBANS CITY,G84008,1819,stop,2026-04-22,18:19:00,,
SUTTON (SURREY) - ST ALBANS CITY,G84008,1819,stop,2026-04-15,18:19:00,,
SUTTON (SURREY) - ST ALBANS CITY,G84008,1819,stop,2026-04-09,18:19:00,,
BATTERSEA PARK LONDON - EPSOM DOWNS,P26023,1730,stop,2026-04-08,18:19:00,,
SUTTON (SURREY) - ST ALBANS CITY,G84008,1819,stop,2026-04-27,18:19:00,,
SUTTON (SURREY) - ST ALBANS CITY,G84008,1819,stop,2026-04-02,18:19:00,,
SUTTON (SURREY) - ST ALBANS CITY,G84008,1819,stop,2026-04-29,18:19:00,,
SUTTON (SURREY) - ST ALBANS CITY,G84008,1819,stop,2026-04-08,18:19:00,,
BATTERSEA PARK LONDON - EPSOM DOWNS,X95625,1730,stop,2026-04-03,18:19:00,,
EPSOM - NORWOOD JUNCTION,P25273,1815,stop,2026-04-18,18:19:00,,
BATTERSEA PARK LONDON - EPSOM DOWNS,P26023,1730,stop,2026-04-03,18:19:00,,
SUTTON (SURREY) - ST ALBANS CITY,G84008,1819,stop,2026-04-17,18:19:00,,
SUTTON (SURREY) - ST ALBANS CITY,G84008,1819,stop,2026-04-24,18:19:00,,
BATTERSEA PARK LONDON - EPSOM DOWNS,P26023,1730,stop,2026-04-02,18:19:00,,
BATTERSEA PARK LONDON - EPSOM DOWNS,P26023,1730,stop,2026-04-21,18:19:00,,
BATTERSEA PARK LONDON - EPSOM DOWNS,P26023,1730,stop,2026-04-27,18:19:00,,
SUTTON (SURREY) - ST ALBANS CITY,G84008,1819,stop,2026-04-01,18:19:00,,
SUTTON (SURREY) - ST ALBANS CITY,G84008,1819,stop,2026-04-16,18:19:00,,
BATTERSEA PARK LONDON - EPSOM DOWNS,P26023,1730,stop,2026-04-30,18:19:00,,
SUTTON (SURREY) - ST ALBANS CITY,G84008,1819,stop,2026-04-30,18:19:00,,
BATTERSEA PARK LONDON - EPSOM DOWNS,P26023,1730,stop,2026-04-22,18:19:00,,
BATTERSEA PARK LONDON - EPSOM DOWNS,P26024,1730,stop,2026-04-25,18:19:00,,
BATTERSEA PARK LONDON - EPSOM DOWNS,P26023,1730,stop,2026-04-24,18:19:00,,
BATTERSEA PARK LONDON - EPSOM DOWNS,P26022,1730,stop,2026-04-26,18:19:00,,
BATTERSEA PARK LONDON - EPSOM DOWNS,X00743,1730,stop,2026-04-06,18:19:00,,
SUTTON (SURREY) - ST ALBANS CITY,G25403,1819,stop,2026-04-04,18:19:00,,
EPSOM - NORWOOD JUNCTION,P25273,1815,stop,2026-04-25,18:19:00,,
BATTERSEA PARK LONDON - EPSOM DOWNS,P26024,1730,stop,2026-04-04,18:19:00,,
SUTTON (SURREY) - ST ALBANS CITY,G84008,1819,stop,2026-04-03,18:19:00,,
EPSOM - NORWOOD JUNCTION,X95565,1815,stop,2026-04-03,18:19:00,,
SUTTON (SURREY) - ST ALBANS CITY,G84008,1819,stop,2026-04-20,18:19:00,,
BATTERSEA PARK LONDON - EPSOM DOWNS,P26023,1730,stop,2026-04-14,18:19:00,,
SUTTON (SURREY) - ST ALBANS CITY,G84008,1819,stop,2026-04-28,18:19:00,,
BATTERSEA PARK LONDON - EPSOM DOWNS,P26023,1730,stop,2026-04-28,18:19:00,,
SUTTON (SURREY) - LUTON,G84007,1819,stop,2026-04-12,18:19:00,,
STREATHAM HILL - EPSOM DOWNS,P26024,1743,stop,2026-04-18,18:19:00,,
SUTTON (SURREY) - ST ALBANS CITY,G25403,1819,stop,2026-04-11,18:19:00,,
BATTERSEA PARK LONDON - EPSOM DOWNS,P26023,1730,stop,2026-04-01,18:19:00,,
SUTTON (SURREY) - LUTON,G84007,1819,stop,2026-04-26,18:19:00,,
BATTERSEA PARK LONDON - EPSOM DOWNS,P26023,1730,stop,2026-04-16,18:19:00,,
BATTERSEA PARK LONDON - EPSOM DOWNS,P26023,1730,stop,2026-04-06,18:19:00,,
SUTTON (SURREY) - ST ALBANS CITY,G25403,1819,stop,2026-04-18,18:19:00,,
SUTTON (SURREY) - ST ALBANS CITY,G84008,1819,stop,2026-04-10,18:19:00,,
BATTERSEA PARK LONDON - EPSOM DOWNS,P26023,1730,stop,2026-04-29,18:19:00,,
EPSOM - NORWOOD JUNCTION,P25273,1815,stop,2026-04-04,18:19:00,,
BATTERSEA PARK LONDON - EPSOM DOWNS,P26023,1730,stop,2026-04-15,18:19:00,,
EPSOM - NORWOOD JUNCTION,X01422,1815,stop,2026-04-06,18:19:00,,
BATTERSEA PARK LONDON - EPSOM DOWNS,P26023,1730,stop,2026-04-13,18:19:00,,
BATTERSEA PARK LONDON - EPSOM DOWNS,P26023,1730,stop,2026-04-07,18:19:00,,
SUTTON (SURREY) - ST ALBANS CITY,G84008,1819,stop,2026-04-13,18:19:00,,
SUTTON (SURREY) - ST ALBANS CITY,G84008,1819,stop,2026-04-23,18:19:00,,
BATTERSEA PARK LONDON - EPSOM DOWNS,P26023,1730,stop,2026-04-17,18:19:00,,
EPSOM - NORWOOD JUNCTION,P25272,1816,stop,2026-04-30,18:20:00,,
EPSOM - NORWOOD JUNCTION,P25272,1816,stop,2026-04-09,18:20:00,,
EPSOM - NORWOOD JUNCTION,P25272,1816,stop,2026-04-10,18:20:00,,
EPSOM - NORWOOD JUNCTION,P25272,1816,stop,2026-04-17,18:20:00,,
EPSOM - NORWOOD JUNCTION,P25272,1816,stop,2026-04-14,18:20:00,,
EPSOM - NORWOOD JUNCTION,P25272,1816,stop,2026-04-27,18:20:00,,
EPSOM - NORWOOD JUNCTION,P25272,1816,stop,2026-04-23,18:20:00,,
STREATHAM HILL - EPSOM DOWNS,P26022,1743,stop,2026-04-19,18:19:00,,
SUTTON (SURREY) - ST ALBANS CITY,G84008,1819,stop,2026-04-06,18:19:00,,
BATTERSEA PARK LONDON - EPSOM DOWNS,P26022,1730,stop,2026-04-12,18:19:00,,
BATTERSEA PARK LONDON - EPSOM DOWNS,P26024,1730,stop,2026-04-11,18:19:00,,
BATTERSEA PARK LONDON - EPSOM DOWNS,P26023,1730,stop,2026-04-10,18:19:00,,
SUTTON (SURREY) - ST ALBANS CITY,G84008,1819,stop,2026-04-21,18:19:00,,
BATTERSEA PARK LONDON - EPSOM DOWNS,P26023,1730,stop,2026-04-20,18:19:00,,
EPSOM - NORWOOD JUNCTION,P25272,1816,stop,2026-04-03,18:20:00,,
EPSOM - NORWOOD JUNCTION,P25272,1816,stop,2026-04-21,18:20:00,,
EPSOM - NORWOOD JUNCTION,P25272,1816,stop,2026-04-16,18:20:00,,
EPSOM - NORWOOD JUNCTION,P25272,1816,stop,2026-04-24,18:20:00,,
EPSOM - NORWOOD JUNCTION,P25272,1816,stop,2026-04-06,18:20:00,,
EPSOM - NORWOOD JUNCTION,P25272,1816,stop,2026-04-28,18:20:00,,
BATTERSEA PARK LONDON - EPSOM DOWNS,P26022,1730,stop,2026-04-05,18:20:00,,
EPSOM - NORWOOD JUNCTION,P25272,1816,stop,2026-04-08,18:20:00,,
EPSOM - NORWOOD JUNCTION,P25272,1816,stop,2026-04-02,18:20:00,,
EPSOM - NORWOOD JUNCTION,P25272,1816,stop,2026-04-07,18:20:00,,
EPSOM - NORWOOD JUNCTION,P25272,1816,stop,2026-04-13,18:20:00,,
EPSOM - NORWOOD JUNCTION,P25272,1816,stop,2026-04-01,18:20:00,,
EPSOM - NORWOOD JUNCTION,P25272,1816,stop,2026-04-29,18:20:00,,
EPSOM - NORWOOD JUNCTION,P25272,1816,stop,2026-04-22,18:20:00,,
EPSOM - NORWOOD JUNCTION,P25272,1816,stop,2026-04-15,18:20:00,,
EPSOM DOWNS - BATTERSEA PARK LONDON,P26050,1808,stop,2026-04-28,18:21:00,,
EPSOM DOWNS - BATTERSEA PARK LONDON,P26050,1808,stop,2026-04-02,18:21:00,,
EPSOM DOWNS - BATTERSEA PARK LONDON,P26050,1808,stop,2026-04-09,18:21:00,,
EPSOM DOWNS - BATTERSEA PARK LONDON,P26050,1808,stop,2026-04-29,18:21:00,,
EPSOM DOWNS - STREATHAM HILL,P26051,1808,stop,2026-04-18,18:21:00,,
EPSOM DOWNS - BATTERSEA PARK LONDON,P26050,1808,stop,2026-04-08,18:21:00,,
EPSOM DOWNS - BATTERSEA PARK LONDON,P26051,1808,stop,2026-04-25,18:21:00,,
EPSOM DOWNS - BATTERSEA PARK LONDON,P26050,1808,stop,2026-04-15,18:21:00,,
EPSOM DOWNS - BATTERSEA PARK LONDON,P26050,1808,stop,2026-04-07,18:21:00,,
EPSOM DOWNS - BATTERSEA PARK LONDON,P26050,1808,stop,2026-04-06,18:21:00,,
EPSOM DOWNS - BATTERSEA PARK LONDON,P26050,1808,stop,2026-04-21,18:21:00,,
EPSOM DOWNS - STREATHAM HILL,P26049,1808,stop,2026-04-19,18:21:00,,
EPSOM DOWNS - BATTERSEA PARK LONDON,P26049,1808,stop,2026-04-26,18:21:00,,
EPSOM DOWNS - BATTERSEA PARK LONDON,P26051,1808,stop,2026-04-04,18:21:00,,
EPSOM DOWNS - BATTERSEA PARK LONDON,X00746,1808,stop,2026-04-06,18:21:00,,
EPSOM - NORWOOD JUNCTION,P25272,1816,stop,2026-04-20,18:20:00,,
EPSOM DOWNS - BATTERSEA PARK LONDON,P26050,1808,stop,2026-04-03,18:21:00,,
EPSOM DOWNS - BATTERSEA PARK LONDON,P26050,1808,stop,2026-04-17,18:21:00,,
EPSOM DOWNS - BATTERSEA PARK LONDON,P26049,1808,stop,2026-04-12,18:21:00,,
EPSOM DOWNS - BATTERSEA PARK LONDON,P26051,1808,stop,2026-04-11,18:21:00,,
EPSOM DOWNS - BATTERSEA PARK LONDON,P26050,1808,stop,2026-04-10,18:21:00,,
EPSOM DOWNS - BATTERSEA PARK LONDON,P26050,1808,stop,2026-04-20,18:21:00,,
EPSOM DOWNS - BATTERSEA PARK LONDON,P26050,1808,stop,2026-04-23,18:21:00,,
EPSOM DOWNS - BATTERSEA PARK LONDON,P26050,1808,stop,2026-04-01,18:21:00,,
EPSOM DOWNS - BATTERSEA PARK LONDON,X95576,1808,stop,2026-04-03,18:21:00,,
EPSOM DOWNS - BATTERSEA PARK LONDON,P26050,1808,stop,2026-04-22,18:21:00,,
EPSOM DOWNS - BATTERSEA PARK LONDON,P26050,1808,stop,2026-04-13,18:21:00,,
EPSOM DOWNS - BATTERSEA PARK LONDON,P26050,1808,stop,2026-04-27,18:21:00,,
EPSOM DOWNS - BATTERSEA PARK LONDON,P26050,1808,stop,2026-04-16,18:21:00,,
EPSOM DOWNS - BATTERSEA PARK LONDON,P26050,1808,stop,2026-04-14,18:21:00,,
EPSOM DOWNS - BATTERSEA PARK LONDON,P26050,1808,stop,2026-04-30,18:21:00,,
EPSOM DOWNS - BATTERSEA PARK LONDON,P26050,1808,stop,2026-04-24,18:21:00,,
GUILDFORD - EARLSFIELD,L74291,1745,stop,2026-04-30,18:22:00,,
GUILDFORD - EARLSFIELD,L74291,1745,stop,2026-04-02,18:22:00,,
GUILDFORD - EARLSFIELD,L74291,1745,stop,2026-04-17,18:22:00,,
GUILDFORD - EARLSFIELD,Q49102,1745,stop,2026-04-06,18:22:00,,
GUILDFORD - EARLSFIELD,L74291,1745,stop,2026-04-07,18:22:00,,
GUILDFORD - EARLSFIELD,L74292,1745,stop,2026-04-25,18:22:00,,
GUILDFORD - EARLSFIELD,L74291,1745,stop,2026-04-03,18:22:00,,
GUILDFORD - EARLSFIELD,Q38427,1745,stop,2026-04-03,18:22:00,,
GUILDFORD - EARLSFIELD,L74291,1745,stop,2026-04-01,18:22:00,,
GUILDFORD - EARLSFIELD,L74291,1745,stop,2026-04-06,18:22:00,,
GUILDFORD - EARLSFIELD,L74291,1745,stop,2026-04-24,18:22:00,,
GUILDFORD - EARLSFIELD,L74291,1745,stop,2026-04-16,18:22:00,,
GUILDFORD - EARLSFIELD,L74291,1745,stop,2026-04-29,18:22:00,,
GUILDFORD - EARLSFIELD,L74291,1745,stop,2026-04-09,18:22:00,,
GUILDFORD - EARLSFIELD,L74291,1745,stop,2026-04-10,18:22:00,,
GUILDFORD - EARLSFIELD,L74292,1745,stop,2026-04-11,18:22:00,,
GUILDFORD - EARLSFIELD,L74291,1745,stop,2026-04-20,18:22:00,,
GUILDFORD - EARLSFIELD,L74291,1745,stop,2026-04-28,18:22:00,,
GUILDFORD - EARLSFIELD,L74292,1745,stop,2026-04-04,18:22:00,,
GUILDFORD - EARLSFIELD,L74291,1745,stop,2026-04-22,18:22:00,,
GUILDFORD - EARLSFIELD,L74291,1745,stop,2026-04-21,18:22:00,,
GUILDFORD - EARLSFIELD,L74291,1745,stop,2026-04-13,18:22:00,,
GUILDFORD - EARLSFIELD,L74291,1745,stop,2026-04-23,18:22:00,,
GUILDFORD - EARLSFIELD,L74291,1745,stop,2026-04-08,18:22:00,,
GUILDFORD - EARLSFIELD,L74291,1745,stop,2026-04-15,18:22:00,,
MITCHAM EASTFIELDS - HORSHAM (2),P26713,1750,stop,2026-04-18,18:22:00,,
GUILDFORD - EARLSFIELD,L74292,1745,stop,2026-04-18,18:22:00,,
GUILDFORD - EARLSFIELD,L74291,1745,stop,2026-04-14,18:22:00,,
GUILDFORD - EARLSFIELD,L74291,1745,stop,2026-04-27,18:22:00,,
EARLSFIELD - GUILDFORD (2),Q38422,1753,stop,2026-04-03,18:24:00,,
EARLSFIELD - GUILDFORD (2),P61614,1753,stop,2026-04-11,18:24:00,,
EARLSFIELD - GUILDFORD (2),P61614,1753,stop,2026-04-18,18:24:00,,
EARLSFIELD - GUILDFORD (2),P61614,1753,stop,2026-04-25,18:24:00,,
EARLSFIELD - GUILDFORD (2),Q49084,1753,stop,2026-04-06,18:24:00,,
EARLSFIELD - GUILDFORD (2),P61614,1753,stop,2026-04-04,18:24:00,,
EARLSFIELD - DORKING,P61060,1753,stop,2026-04-24,18:25:00,,
EARLSFIELD - DORKING,P61060,1753,stop,2026-04-16,18:25:00,,
EARLSFIELD - DORKING,P61060,1753,stop,2026-04-23,18:25:00,,
EARLSFIELD - DORKING,P61060,1753,stop,2026-04-29,18:25:00,,
EARLSFIELD - DORKING,P61060,1753,stop,2026-04-20,18:25:00,,
EARLSFIELD - DORKING,P61060,1753,stop,2026-04-09,18:25:00,,
EARLSFIELD - DORKING,P61060,1753,stop,2026-04-03,18:25:00,,
EARLSFIELD - DORKING,P61060,1753,stop,2026-04-22,18:25:00,,
EARLSFIELD - DORKING,P61060,1753,stop,2026-04-21,18:25:00,,
EARLSFIELD - DORKING,P61060,1753,stop,2026-04-27,18:25:00,,
EARLSFIELD - DORKING,P61060,1753,stop,2026-04-13,18:25:00,,
EARLSFIELD - DORKING,P61060,1753,stop,2026-04-17,18:25:00,,
EARLSFIELD - DORKING,P61060,1753,stop,2026-04-28,18:25:00,,
EARLSFIELD - DORKING,P61060,1753,stop,2026-04-08,18:25:00,,
EARLSFIELD - DORKING,P61060,1753,stop,2026-04-07,18:25:00,,
EARLSFIELD - DORKING,P61060,1753,stop,2026-04-10,18:25:00,,
MITCHAM EASTFIELDS - EPSOM,P25172,1755,stop,2026-04-14,18:26:00,,
MITCHAM EASTFIELDS - EPSOM,P25172,1755,stop,2026-04-28,18:26:00,,
MITCHAM EASTFIELDS - EPSOM,P25172,1755,stop,2026-04-02,18:26:00,,
EARLSFIELD - DORKING,P61060,1753,stop,2026-04-06,18:25:00,,
SUTTON (SURREY) - DORKING,X04914,1825,stop,2026-04-12,18:25:00,,
EARLSFIELD - DORKING,P61060,1753,stop,2026-04-30,18:25:00,,
EARLSFIELD - DORKING,P61060,1753,stop,2026-04-02,18:25:00,,
EARLSFIELD - DORKING,P61060,1753,stop,2026-04-01,18:25:00,,
EARLSFIELD - DORKING,P61060,1753,stop,2026-04-15,18:25:00,,
EARLSFIELD - DORKING,P61060,1753,stop,2026-04-14,18:25:00,,
MITCHAM EASTFIELDS - EPSOM,P25172,1755,stop,2026-04-13,18:26:00,,
MITCHAM EASTFIELDS - EPSOM,P25172,1755,stop,2026-04-30,18:26:00,,
MITCHAM EASTFIELDS - EPSOM,P25172,1755,stop,2026-04-07,18:26:00,,
MITCHAM EASTFIELDS - EPSOM,P25172,1755,stop,2026-04-29,18:26:00,,
MITCHAM EASTFIELDS - EPSOM,P25172,1755,stop,2026-04-06,18:26:00,,
MITCHAM EASTFIELDS - EPSOM,P25172,1755,stop,2026-04-10,18:26:00,,
MITCHAM EASTFIELDS - EPSOM,P25172,1755,stop,2026-04-27,18:26:00,,
MITCHAM EASTFIELDS - EPSOM,P25172,1755,stop,2026-04-21,18:26:00,,
MITCHAM EASTFIELDS - EPSOM,P25172,1755,stop,2026-04-22,18:26:00,,
MITCHAM EASTFIELDS - EPSOM,P25172,1755,stop,2026-04-09,18:26:00,,
MITCHAM EASTFIELDS - EPSOM,P25172,1755,stop,2026-04-20,18:26:00,,
MITCHAM EASTFIELDS - EPSOM,P25172,1755,stop,2026-04-24,18:26:00,,
MITCHAM EASTFIELDS - EPSOM,P25172,1755,stop,2026-04-16,18:26:00,,
MITCHAM EASTFIELDS - EPSOM,P25172,1755,stop,2026-04-17,18:26:00,,
NORWOOD JUNCTION - EPSOM,P25271,1755,stop,2026-04-04,18:28:00,,
DORKING - EARLSFIELD,P61067,1807,stop,2026-04-26,18:27:00,,
DORKING - EARLSFIELD,P61067,1807,stop,2026-04-05,18:27:00,,
DORKING - EARLSFIELD,P61067,1807,stop,2026-04-12,18:27:00,,
SUTTON (SURREY) - TULSE HILL,X27285,1827,stop,2026-04-05,18:27:00,,
DORKING - EARLSFIELD,P61067,1807,stop,2026-04-19,18:27:00,,
MITCHAM EASTFIELDS - EPSOM,P25172,1755,stop,2026-04-01,18:26:00,,
MITCHAM EASTFIELDS - EPSOM,P25172,1755,stop,2026-04-08,18:26:00,,
MITCHAM EASTFIELDS - EPSOM,P25172,1755,stop,2026-04-03,18:26:00,,
MITCHAM EASTFIELDS - EPSOM,P25172,1755,stop,2026-04-23,18:26:00,,
MITCHAM EASTFIELDS - EPSOM,P25172,1755,stop,2026-04-15,18:26:00,,
NORWOOD JUNCTION - EPSOM,P25270,1755,stop,2026-04-16,18:29:00,,
NORWOOD JUNCTION - EPSOM,P25270,1755,stop,2026-04-29,18:29:00,,
NORWOOD JUNCTION - EPSOM,P25270,1755,stop,2026-04-23,18:29:00,,
NORWOOD JUNCTION - EPSOM,P25270,1755,stop,2026-04-22,18:29:00,,
NORWOOD JUNCTION - EPSOM,P25271,1755,stop,2026-04-18,18:28:00,,
EPSOM DOWNS - BATTERSEA PARK LONDON,P26049,1808,stop,2026-04-05,18:28:00,,
NORWOOD JUNCTION - EPSOM,X92714,1755,stop,2026-04-03,18:28:00,,
NORWOOD JUNCTION - EPSOM,P25271,1755,stop,2026-04-11,18:28:00,,
NORWOOD JUNCTION - EPSOM,P25271,1755,stop,2026-04-25,18:28:00,,
NORWOOD JUNCTION - EPSOM,X01421,1755,stop,2026-04-06,18:28:00,,
NORWOOD JUNCTION - EPSOM,P25270,1755,stop,2026-04-03,18:29:00,,
NORWOOD JUNCTION - EPSOM,P25270,1755,stop,2026-04-08,18:29:00,,
NORWOOD JUNCTION - EPSOM,P25270,1755,stop,2026-04-06,18:29:00,,
NORWOOD JUNCTION - EPSOM,P25270,1755,stop,2026-04-07,18:29:00,,
NORWOOD JUNCTION - EPSOM,P25270,1755,stop,2026-04-09,18:29:00,,
NORWOOD JUNCTION - EPSOM,P25270,1755,stop,2026-04-14,18:29:00,,
NORWOOD JUNCTION - EPSOM,P25270,1755,stop,2026-04-15,18:29:00,,
NORWOOD JUNCTION - EPSOM,P25270,1755,stop,2026-04-01,18:29:00,,
NORWOOD JUNCTION - EPSOM,P25270,1755,stop,2026-04-17,18:29:00,,
NORWOOD JUNCTION - EPSOM,P25270,1755,stop,2026-04-30,18:29:00,,
NORWOOD JUNCTION - EPSOM,P25270,1755,stop,2026-04-27,18:29:00,,
NORWOOD JUNCTION - EPSOM,P25270,1755,stop,2026-04-13,18:29:00,,
NORWOOD JUNCTION - EPSOM,P25270,1755,stop,2026-04-02,18:29:00,,
NORWOOD JUNCTION - EPSOM,P25270,1755,stop,2026-04-28,18:29:00,,
NORWOOD JUNCTION - EPSOM,P25270,1755,stop,2026-04-10,18:29:00,,
NORWOOD JUNCTION - EPSOM,P25270,1755,stop,2026-04-24,18:29:00,,
NORWOOD JUNCTION - EPSOM,P25270,1755,stop,2026-04-21,18:29:00,,
NORWOOD JUNCTION - EPSOM,P25270,1755,stop,2026-04-20,18:29:00,,
DORKING - BALHAM (4),P26776,2315,stop,2026-04-13,23:42:00,,
EARLSFIELD - DORKING,P61093,2310,stop,2026-04-27,23:41:00,,
EARLSFIELD - DORKING,P61093,2310,stop,2026-04-30,23:41:00,,
EARLSFIELD - DORKING,P61093,2310,stop,2026-04-02,23:41:00,,
EARLSFIELD - DORKING,P61093,2310,stop,2026-04-29,23:41:00,,
EARLSFIELD - DORKING,P61093,2310,stop,2026-04-15,23:41:00,,
EARLSFIELD - DORKING,P61093,2310,stop,2026-04-22,23:41:00,,
EARLSFIELD - DORKING,P61093,2310,stop,2026-04-07,23:41:00,,
EARLSFIELD - DORKING,P61093,2310,stop,2026-04-08,23:41:00,,
EARLSFIELD - DORKING,P61093,2310,stop,2026-04-21,23:41:00,,
EARLSFIELD - DORKING,P61093,2310,stop,2026-04-28,23:41:00,,
EARLSFIELD - DORKING,P61093,2310,stop,2026-04-20,23:41:00,,
EARLSFIELD - DORKING,P61093,2310,stop,2026-04-06,23:41:00,,
EARLSFIELD - DORKING,P61093,2310,stop,2026-04-16,23:41:00,,
EARLSFIELD - DORKING,P61093,2310,stop,2026-04-09,23:41:00,,
EARLSFIELD - DORKING,P61093,2310,stop,2026-04-23,23:41:00,,
LUTON - WIMBLEDON,W59679,1652,stop,2026-04-05,18:31:00,,
EARLSFIELD - DORKING,P61064,1802,stop,2026-04-19,18:33:00,,
DORKING - WORCESTER PARK,Q54830,1750,stop,2026-04-12,18:34:00,,
EARLSFIELD - DORKING,P61064,1802,stop,2026-04-12,18:33:00,,
EARLSFIELD - DORKING,P61064,1802,stop,2026-04-26,18:33:00,,
EARLSFIELD - DORKING,P61064,1802,stop,2026-04-05,18:33:00,,
DORKING - MITCHAM EASTFIELDS,P26723,1812,stop,2026-04-19,18:35:00,,
DORKING - BALHAM (2),P26723,1812,stop,2026-04-26,18:35:00,,
DORKING - BALHAM (2),P26723,1812,stop,2026-04-12,18:35:00,,
ST ALBANS CITY - SUTTON (SURREY),G25374,1707,stop,2026-04-11,18:37:00,,
ST ALBANS CITY - SUTTON (SURREY),G84973,1707,stop,2026-04-03,18:37:00,,
ST ALBANS CITY - SUTTON (SURREY),G84973,1707,stop,2026-04-06,18:37:00,,
ST ALBANS CITY - SUTTON (SURREY),G84973,1707,stop,2026-04-17,18:37:00,,
ST ALBANS CITY - SUTTON (SURREY),G84973,1707,stop,2026-04-23,18:37:00,,
ST ALBANS CITY - SUTTON (SURREY),G84973,1707,stop,2026-04-22,18:37:00,,
ST ALBANS CITY - SUTTON (SURREY),G84973,1707,stop,2026-04-07,18:37:00,,
ST ALBANS CITY - SUTTON (SURREY),G84973,1707,stop,2026-04-14,18:37:00,,
ST ALBANS CITY - SUTTON (SURREY),G84973,1707,stop,2026-04-21,18:37:00,,
DORKING - MITCHAM EASTFIELDS (2),P26722,1817,stop,2026-04-18,18:37:00,,
ST ALBANS CITY - SUTTON (SURREY),G84973,1707,stop,2026-04-28,18:37:00,,
ST ALBANS CITY - SUTTON (SURREY),G84973,1707,stop,2026-04-20,18:37:00,,
LUTON - SUTTON (SURREY) (2),W59679,1652,stop,2026-04-26,18:37:00,,
ST ALBANS CITY - SUTTON (SURREY),G25374,1707,stop,2026-04-25,18:37:00,,
ST ALBANS CITY - SUTTON (SURREY),G25374,1707,stop,2026-04-18,18:37:00,,
ST ALBANS CITY - SUTTON (SURREY),G84973,1707,stop,2026-04-01,18:37:00,,
ST ALBANS CITY - SUTTON (SURREY),G84973,1707,stop,2026-04-09,18:37:00,,
ST ALBANS CITY - SUTTON (SURREY),G84973,1707,stop,2026-04-29,18:37:00,,
ST ALBANS CITY - SUTTON (SURREY),G84973,1707,stop,2026-04-10,18:37:00,,
ST ALBANS CITY - SUTTON (SURREY),G25374,1707,stop,2026-04-04,18:37:00,,
ST ALBANS CITY - SUTTON (SURREY),G84973,1707,stop,2026-04-24,18:37:00,,
WORCESTER PARK - GUILDFORD,L74285,1809,stop,2026-04-28,18:38:00,,
WORCESTER PARK - GUILDFORD,L74285,1809,stop,2026-04-29,18:38:00,,
WORCESTER PARK - GUILDFORD,L74285,1809,stop,2026-04-15,18:38:00,,
WORCESTER PARK - GUILDFORD,L74285,1809,stop,2026-04-16,18:38:00,,
WORCESTER PARK - GUILDFORD,L74285,1809,stop,2026-04-01,18:38:00,,
ST ALBANS CITY - SUTTON (SURREY),G84973,1707,stop,2026-04-08,18:37:00,,
ST ALBANS CITY - SUTTON (SURREY),G84973,1707,stop,2026-04-30,18:37:00,,
ST ALBANS CITY - SUTTON (SURREY),G84973,1707,stop,2026-04-27,18:37:00,,
LUTON - SUTTON (SURREY) (2),W59679,1652,stop,2026-04-12,18:37:00,,
WEST HAMPSTEAD THAMESLINK - SUTTON (SURREY) (2),W59679,1730,stop,2026-04-19,18:37:00,,
ST ALBANS CITY - SUTTON (SURREY),G84973,1707,stop,2026-04-13,18:37:00,,
ST ALBANS CITY - SUTTON (SURREY),G84973,1707,stop,2026-04-16,18:37:00,,
ST ALBANS CITY - SUTTON (SURREY),G84973,1707,stop,2026-04-02,18:37:00,,
ST ALBANS CITY - SUTTON (SURREY),G84973,1707,stop,2026-04-15,18:37:00,,
WORCESTER PARK - GUILDFORD,L74285,1809,stop,2026-04-22,18:38:00,,
WORCESTER PARK - GUILDFORD,L74285,1809,stop,2026-04-08,18:38:00,,
WORCESTER PARK - GUILDFORD,L74285,1809,stop,2026-04-30,18:38:00,,
DORKING - BALHAM (3),P26723,1816,stop,2026-04-05,18:38:00,,
WORCESTER PARK - GUILDFORD,L74285,1809,stop,2026-04-09,18:38:00,,
WORCESTER PARK - GUILDFORD,L74285,1809,stop,2026-04-02,18:38:00,,
WORCESTER PARK - GUILDFORD,L74285,1809,stop,2026-04-23,18:38:00,,
WORCESTER PARK - GUILDFORD,L74285,1809,stop,2026-04-17,18:38:00,,
WORCESTER PARK - GUILDFORD,L74285,1809,stop,2026-04-27,18:38:00,,
WORCESTER PARK - GUILDFORD,L74285,1809,stop,2026-04-14,18:38:00,,
WORCESTER PARK - GUILDFORD,L74285,1809,stop,2026-04-13,18:38:00,,
WORCESTER PARK - GUILDFORD,L74285,1809,stop,2026-04-07,18:38:00,,
WORCESTER PARK - GUILDFORD,L74285,1809,stop,2026-04-03,18:38:00,,
WORCESTER PARK - GUILDFORD,L74285,1809,stop,2026-04-20,18:38:00,,
WORCESTER PARK - GUILDFORD,L74285,1809,stop,2026-04-24,18:38:00,,
WORCESTER PARK - GUILDFORD,L74285,1809,stop,2026-04-10,18:38:00,,
DORKING - BALHAM (3),P26721,1817,stop,2026-04-16,18:39:00,,
DORKING - BALHAM (3),P26721,1817,stop,2026-04-22,18:39:00,,
DORKING - BALHAM (3),P26721,1817,stop,2026-04-08,18:39:00,,
DORKING - BALHAM (3),P26721,1817,stop,2026-04-14,18:39:00,,
DORKING - BALHAM (3),P26721,1817,stop,2026-04-02,18:39:00,,
DORKING - BALHAM (3),P26721,1817,stop,2026-04-09,18:39:00,,
DORKING - BALHAM (3),X95562,1817,stop,2026-04-03,18:39:00,,
DORKING - BALHAM (3),P26721,1817,stop,2026-04-20,18:39:00,,
DORKING - BALHAM (3),P26722,1817,stop,2026-04-04,18:39:00,,
DORKING - BALHAM (3),P26721,1817,stop,2026-04-03,18:39:00,,
DORKING - BALHAM (3),P26721,1817,stop,2026-04-27,18:39:00,,
DORKING - BALHAM (3),P26721,1817,stop,2026-04-21,18:39:00,,
WORCESTER PARK - GUILDFORD,L74285,1809,stop,2026-04-21,18:38:00,,
WORCESTER PARK - GUILDFORD,L74285,1809,stop,2026-04-06,18:38:00,,
DORKING - BALHAM (3),P26721,1817,stop,2026-04-30,18:39:00,,
DORKING - BALHAM (3),P26721,1817,stop,2026-04-29,18:39:00,,
DORKING - BALHAM (3),P26722,1817,stop,2026-04-11,18:39:00,,
DORKING - BALHAM (3),P26721,1817,stop,2026-04-10,18:39:00,,
DORKING - BALHAM (3),P26721,1817,stop,2026-04-15,18:39:00,,
DORKING - BALHAM (3),P26721,1817,stop,2026-04-28,18:39:00,,
DORKING - BALHAM (3),P26721,1817,stop,2026-04-17,18:39:00,,
DORKING - BALHAM (3),P26721,1817,stop,2026-04-07,18:39:00,,
DORKING - BALHAM (3),P26721,1817,stop,2026-04-24,18:39:00,,
DORKING - BALHAM (3),X00964,1817,stop,2026-04-06,18:39:00,,
DORKING - BALHAM (3),P26721,1817,stop,2026-04-06,18:39:00,,
DORKING - BALHAM (3),P26721,1817,stop,2026-04-23,18:39:00,,
DORKING - BALHAM (3),P26721,1817,stop,2026-04-13,18:39:00,,
DORKING - BALHAM (3),P26721,1817,stop,2026-04-01,18:39:00,,
DORKING - BALHAM (3),P26722,1817,stop,2026-04-25,18:39:00,,
SUTTON (SURREY) - STREATHAM HILL,P27180,1840,stop,2026-04-18,18:40:00,,
MITCHAM EASTFIELDS - DORKING,P26720,1808,stop,2026-04-19,18:40:00,,
EARLSFIELD - DORKING,P61093,2310,stop,2026-04-14,23:41:00,,
EARLSFIELD - DORKING,P61093,2310,stop,2026-04-01,23:41:00,,
EARLSFIELD - DORKING,P61093,2310,stop,2026-04-13,23:41:00,,
DORKING - BALHAM (4),P26776,2313,stop,2026-04-23,23:40:00,,
DORKING - BALHAM (4),P26776,2313,stop,2026-04-20,23:40:00,,
DORKING - BALHAM (4),P26776,2313,stop,2026-04-22,23:40:00,,
DORKING - BALHAM (4),P26776,2313,stop,2026-04-21,23:40:00,,
DORKING - BATTERSEA PARK LONDON (2),P26788,2316,stop,2026-04-12,23:40:00,,
SUTTON (SURREY) - BATTERSEA PARK LONDON,P26058,1841,stop,2026-04-03,18:41:00,,
SUTTON (SURREY) - BATTERSEA PARK LONDON,P26058,1841,stop,2026-04-17,18:41:00,,
SUTTON (SURREY) - BATTERSEA PARK LONDON,P26058,1841,stop,2026-04-22,18:41:00,,
SUTTON (SURREY) - BATTERSEA PARK LONDON,P26058,1841,stop,2026-04-16,18:41:00,,
SUTTON (SURREY) - BATTERSEA PARK LONDON,P26058,1841,stop,2026-04-06,18:41:00,,
SUTTON (SURREY) - BATTERSEA PARK LONDON,P26058,1841,stop,2026-04-01,18:41:00,,
SUTTON (SURREY) - BATTERSEA PARK LONDON,P26058,1841,stop,2026-04-24,18:41:00,,
BALHAM - DORKING (3),P26720,1808,stop,2026-04-26,18:40:00,,
SUTTON (SURREY) - BATTERSEA PARK LONDON,P26058,1841,stop,2026-04-14,18:41:00,,
SUTTON (SURREY) - BATTERSEA PARK LONDON,P26058,1841,stop,2026-04-27,18:41:00,,
SUTTON (SURREY) - BATTERSEA PARK LONDON,P26058,1841,stop,2026-04-28,18:41:00,,
SUTTON (SURREY) - BATTERSEA PARK LONDON,P26058,1841,stop,2026-04-13,18:41:00,,
SUTTON (SURREY) - BATTERSEA PARK LONDON,P26058,1841,stop,2026-04-20,18:41:00,,
SUTTON (SURREY) - BATTERSEA PARK LONDON,P26058,1841,stop,2026-04-02,18:41:00,,
SUTTON (SURREY) - BATTERSEA PARK LONDON,P26058,1841,stop,2026-04-21,18:41:00,,
SUTTON (SURREY) - BATTERSEA PARK LONDON,P26058,1841,stop,2026-04-15,18:41:00,,
SUTTON (SURREY) - BATTERSEA PARK LONDON,P26058,1841,stop,2026-04-08,18:41:00,,
SUTTON (SURREY) - BATTERSEA PARK LONDON,P26058,1841,stop,2026-04-30,18:41:00,,
SUTTON (SURREY) - BATTERSEA PARK LONDON,P26058,1841,stop,2026-04-09,18:41:00,,
SUTTON (SURREY) - BATTERSEA PARK LONDON,P26058,1841,stop,2026-04-07,18:41:00,,
SUTTON (SURREY) - BATTERSEA PARK LONDON,P26058,1841,stop,2026-04-23,18:41:00,,
SUTTON (SURREY) - BATTERSEA PARK LONDON,P26058,1841,stop,2026-04-29,18:41:00,,
SUTTON (SURREY) - BATTERSEA PARK LONDON,P26058,1841,stop,2026-04-10,18:41:00,,
SUTTON (SURREY) - BALHAM (2),P26723,1842,stop,2026-04-12,18:42:00,,
BALHAM - DORKING (2),P26718,1811,stop,2026-04-02,18:43:00,,
BALHAM - DORKING (2),P26718,1811,stop,2026-04-09,18:43:00,,
BALHAM - DORKING (2),X00963,1811,stop,2026-04-06,18:43:00,,
BALHAM - DORKING (2),P26718,1811,stop,2026-04-23,18:43:00,,
BALHAM - DORKING (2),P26718,1811,stop,2026-04-24,18:43:00,,
BALHAM - DORKING (2),P26718,1811,stop,2026-04-22,18:43:00,,
BALHAM - DORKING (2),P26718,1811,stop,2026-04-13,18:43:00,,
BALHAM - DORKING (2),P26718,1811,stop,2026-04-17,18:43:00,,
BALHAM - DORKING (2),P26719,1811,stop,2026-04-11,18:43:00,,
BALHAM - DORKING (2),P26718,1811,stop,2026-04-01,18:43:00,,
BALHAM - DORKING (2),P26718,1811,stop,2026-04-15,18:43:00,,
BALHAM - DORKING (2),P26719,1811,stop,2026-04-25,18:43:00,,
BALHAM - DORKING (2),P26718,1811,stop,2026-04-07,18:43:00,,
BALHAM - DORKING (2),P26718,1811,stop,2026-04-28,18:43:00,,
BALHAM - DORKING (2),P26718,1811,stop,2026-04-30,18:43:00,,
BALHAM - DORKING (2),P26718,1811,stop,2026-04-27,18:43:00,,
BALHAM - DORKING (2),P26718,1811,stop,2026-04-20,18:43:00,,
WIMBLEDON - LUTON,G84013,1833,stop,2026-04-05,18:45:00,,
BALHAM - DORKING (6),P26720,1808,stop,2026-04-05,18:44:00,,
BALHAM - DORKING (2),P26718,1811,stop,2026-04-08,18:43:00,,
BALHAM - DORKING (2),P26718,1811,stop,2026-04-03,18:43:00,,
BALHAM - DORKING (2),P26718,1811,stop,2026-04-14,18:43:00,,
BALHAM - DORKING (2),P26718,1811,stop,2026-04-29,18:43:00,,
BALHAM - DORKING (2),X95573,1811,stop,2026-04-03,18:43:00,,
BALHAM - DORKING (2),P26718,1811,stop,2026-04-16,18:43:00,,
BALHAM - DORKING (3),P26720,1808,stop,2026-04-12,18:43:00,,
BALHAM - DORKING (2),P26718,1811,stop,2026-04-10,18:43:00,,
BALHAM - DORKING (2),P26718,1811,stop,2026-04-06,18:43:00,,
BALHAM - DORKING (2),P26719,1811,stop,2026-04-04,18:43:00,,
BALHAM - DORKING (2),P26718,1811,stop,2026-04-21,18:43:00,,
SUTTON (SURREY) - ST ALBANS CITY (3),G84978,1846,stop,2026-04-13,18:46:00,,
SUTTON (SURREY) - ST ALBANS CITY (3),G84978,1846,stop,2026-04-09,18:46:00,,
SUTTON (SURREY) - ST ALBANS CITY (3),G84978,1846,stop,2026-04-28,18:46:00,,
SUTTON (SURREY) - ST ALBANS CITY (3),G84978,1846,stop,2026-04-20,18:46:00,,
SUTTON (SURREY) - ST ALBANS CITY (3),G84978,1846,stop,2026-04-03,18:46:00,,
SUTTON (SURREY) - ST ALBANS CITY (3),G84978,1846,stop,2026-04-14,18:46:00,,
SUTTON (SURREY) - ST ALBANS CITY (3),G84978,1846,stop,2026-04-10,18:46:00,,
SUTTON (SURREY) - ST ALBANS CITY (3),G84978,1846,stop,2026-04-24,18:46:00,,
SUTTON (SURREY) - ST ALBANS CITY (3),G84978,1846,stop,2026-04-29,18:46:00,,
SUTTON (SURREY) - ST ALBANS CITY (6),G84976,1846,stop,2026-04-05,18:46:00,,
SUTTON (SURREY) - ST ALBANS CITY (3),G84978,1846,stop,2026-04-22,18:46:00,,
SUTTON (SURREY) - ST ALBANS CITY (3),G84978,1846,stop,2026-04-06,18:46:00,,
SUTTON (SURREY) - ST ALBANS CITY (3),G84978,1846,stop,2026-04-23,18:46:00,,
SUTTON (SURREY) - ST ALBANS CITY (3),G25413,1846,stop,2026-04-04,18:46:00,,
SUTTON (SURREY) - ST ALBANS CITY (3),G84978,1846,stop,2026-04-16,18:46:00,,
SUTTON (SURREY) - ST ALBANS CITY (6),G84976,1846,stop,2026-04-26,18:46:00,,
SUTTON (SURREY) - ST ALBANS CITY (6),G84976,1846,stop,2026-04-19,18:46:00,,
SUTTON (SURREY) - ST ALBANS CITY (3),G25413,1846,stop,2026-04-11,18:46:00,,
SUTTON (SURREY) - ST ALBANS CITY (3),G84978,1846,stop,2026-04-01,18:46:00,,
SUTTON (SURREY) - ST ALBANS CITY (3),G84978,1846,stop,2026-04-30,18:46:00,,
SUTTON (SURREY) - ST ALBANS CITY (3),G25413,1846,stop,2026-04-25,18:46:00,,
SUTTON (SURREY) - ST ALBANS CITY (6),G84976,1846,stop,2026-04-12,18:46:00,,
SUTTON (SURREY) - ST ALBANS CITY (3),G84978,1846,stop,2026-04-07,18:46:00,,
SUTTON (SURREY) - ST ALBANS CITY,G84014,1849,stop,2026-04-06,18:49:00,,
WORCESTER PARK - EFFINGHAM JUNCTION,Q54800,1835,stop,2026-04-12,18:48:00,,
DORKING - SUTTON (SURREY),X04877,1803,stop,2026-04-12,18:47:00,,
SUTTON (SURREY) - ST ALBANS CITY (3),G25413,1847,stop,2026-04-18,18:47:00,,
SUTTON (SURREY) - ST ALBANS CITY (3),G84978,1846,stop,2026-04-21,18:46:00,,
SUTTON (SURREY) - ST ALBANS CITY (3),G84978,1846,stop,2026-04-08,18:46:00,,
SUTTON (SURREY) - ST ALBANS CITY (3),G84978,1846,stop,2026-04-27,18:46:00,,
SUTTON (SURREY) - ST ALBANS CITY (3),G84978,1846,stop,2026-04-15,18:46:00,,
SUTTON (SURREY) - ST ALBANS CITY (3),G84978,1846,stop,2026-04-02,18:46:00,,
SUTTON (SURREY) - ST ALBANS CITY (3),G84978,1846,stop,2026-04-17,18:46:00,,
BATTERSEA PARK LONDON - EPSOM DOWNS,P26039,1800,stop,2026-04-02,18:49:00,,
SUTTON (SURREY) - ST ALBANS CITY,G84014,1849,stop,2026-04-01,18:49:00,,
BATTERSEA PARK LONDON - EPSOM DOWNS,X95585,1800,stop,2026-04-03,18:49:00,,
EPSOM - NORWOOD JUNCTION,X95348,1845,stop,2026-04-03,18:49:00,,
SUTTON (SURREY) - ST ALBANS CITY,G84014,1849,stop,2026-04-08,18:49:00,,
SUTTON (SURREY) - ST ALBANS CITY,G84014,1849,stop,2026-04-30,18:49:00,,
EPSOM - NORWOOD JUNCTION,P25277,1845,stop,2026-04-25,18:49:00,,
SUTTON (SURREY) - LUTON,G84013,1849,stop,2026-04-26,18:49:00,,
BATTERSEA PARK LONDON - EPSOM DOWNS,P26039,1800,stop,2026-04-15,18:49:00,,
SUTTON (SURREY) - ST ALBANS CITY,G84014,1849,stop,2026-04-17,18:49:00,,
SUTTON (SURREY) - ST ALBANS CITY,G84014,1849,stop,2026-04-27,18:49:00,,
BATTERSEA PARK LONDON - EPSOM DOWNS,P26039,1800,stop,2026-04-30,18:49:00,,
BATTERSEA PARK LONDON - EPSOM DOWNS,P26039,1800,stop,2026-04-21,18:49:00,,
SUTTON (SURREY) - ST ALBANS CITY,G84014,1849,stop,2026-04-23,18:49:00,,
SUTTON (SURREY) - ST ALBANS CITY,G25415,1849,stop,2026-04-04,18:49:00,,
BATTERSEA PARK LONDON - EPSOM DOWNS,P26039,1800,stop,2026-04-08,18:49:00,,
BATTERSEA PARK LONDON - EPSOM DOWNS,P26039,1800,stop,2026-04-20,18:49:00,,
STREATHAM HILL - EPSOM DOWNS,P26038,1813,stop,2026-04-19,18:49:00,,
BATTERSEA PARK LONDON - EPSOM DOWNS,P26039,1800,stop,2026-04-27,18:49:00,,
BATTERSEA PARK LONDON - EPSOM DOWNS,P26038,1800,stop,2026-04-05,18:49:00,,
BATTERSEA PARK LONDON - EPSOM DOWNS,P26039,1800,stop,2026-04-09,18:49:00,,
BATTERSEA PARK LONDON - EPSOM DOWNS,P26039,1800,stop,2026-04-13,18:49:00,,
SUTTON (SURREY) - ST ALBANS CITY,G84014,1849,stop,2026-04-20,18:49:00,,
SUTTON (SURREY) - ST ALBANS CITY,G84014,1849,stop,2026-04-14,18:49:00,,
BATTERSEA PARK LONDON - EPSOM DOWNS,P26040,1800,stop,2026-04-04,18:49:00,,
BATTERSEA PARK LONDON - EPSOM DOWNS,P26039,1800,stop,2026-04-14,18:49:00,,
SUTTON (SURREY) - ST ALBANS CITY,G84014,1849,stop,2026-04-09,18:49:00,,
BATTERSEA PARK LONDON - EPSOM DOWNS,P26039,1800,stop,2026-04-23,18:49:00,,
SUTTON (SURREY) - ST ALBANS CITY,G25415,1849,stop,2026-04-18,18:49:00,,
SUTTON (SURREY) - ST ALBANS CITY,G84014,1849,stop,2026-04-10,18:49:00,,
BATTERSEA PARK LONDON - EPSOM DOWNS,P26039,1800,stop,2026-04-28,18:49:00,,
EPSOM - NORWOOD JUNCTION,X01424,1845,stop,2026-04-06,18:49:00,,
SUTTON (SURREY) - ST ALBANS CITY,G84014,1849,stop,2026-04-28,18:49:00,,
BATTERSEA PARK LONDON - EPSOM DOWNS,X00745,1800,stop,2026-04-06,18:49:00,,
BATTERSEA PARK LONDON - EPSOM DOWNS,P26039,1800,stop,2026-04-06,18:49:00,,
SUTTON (SURREY) - ST ALBANS CITY,G84014,1849,stop,2026-04-21,18:49:00,,
SUTTON (SURREY) - ST ALBANS CITY,G84014,1849,stop,2026-04-16,18:49:00,,
BATTERSEA PARK LONDON - EPSOM DOWNS,P26040,1800,stop,2026-04-25,18:49:00,,
BATTERSEA PARK LONDON - EPSOM DOWNS,P26039,1800,stop,2026-04-22,18:49:00,,
SUTTON (SURREY) - ST ALBANS CITY,G84014,1849,stop,2026-04-13,18:49:00,,
EPSOM - NORWOOD JUNCTION,P25277,1845,stop,2026-04-11,18:49:00,,
SUTTON (SURREY) - ST ALBANS CITY,G84014,1849,stop,2026-04-29,18:49:00,,
SUTTON (SURREY) - ST ALBANS CITY,G84014,1849,stop,2026-04-24,18:49:00,,
BATTERSEA PARK LONDON - EPSOM DOWNS,P26038,1800,stop,2026-04-12,18:49:00,,
SUTTON (SURREY) - ST ALBANS CITY,G84014,1849,stop,2026-04-22,18:49:00,,
SUTTON (SURREY) - ST ALBANS CITY,G25415,1849,stop,2026-04-25,18:49:00,,
SUTTON (SURREY) - LUTON,G84013,1849,stop,2026-04-12,18:49:00,,
SUTTON (SURREY) - ST ALBANS CITY,G84014,1849,stop,2026-04-07,18:49:00,,
BATTERSEA PARK LONDON - EPSOM DOWNS,P26039,1800,stop,2026-04-29,18:49:00,,
BATTERSEA PARK LONDON - EPSOM DOWNS,P26038,1800,stop,2026-04-26,18:49:00,,
SUTTON (SURREY) - WEST HAMPSTEAD THAMESLINK,G84013,1849,stop,2026-04-19,18:49:00,,
BATTERSEA PARK LONDON - EPSOM DOWNS,P26040,1800,stop,2026-04-11,18:49:00,,
BATTERSEA PARK LONDON - EPSOM DOWNS,P26039,1800,stop,2026-04-16,18:49:00,,
EPSOM - NORWOOD JUNCTION,P25277,1845,stop,2026-04-04,18:49:00,,
BATTERSEA PARK LONDON - EPSOM DOWNS,P26039,1800,stop,2026-04-03,18:49:00,,
EPSOM - NORWOOD JUNCTION,P25276,1846,stop,2026-04-29,18:50:00,,
EPSOM - NORWOOD JUNCTION,P25276,1846,stop,2026-04-30,18:50:00,,
EPSOM - NORWOOD JUNCTION,P25276,1846,stop,2026-04-13,18:50:00,,
BATTERSEA PARK LONDON - EPSOM DOWNS,P26039,1800,stop,2026-04-24,18:49:00,,
EPSOM - NORWOOD JUNCTION,P25277,1845,stop,2026-04-18,18:49:00,,
STREATHAM HILL - EPSOM DOWNS,P26040,1813,stop,2026-04-18,18:49:00,,
BATTERSEA PARK LONDON - EPSOM DOWNS,P26039,1800,stop,2026-04-07,18:49:00,,
BATTERSEA PARK LONDON - EPSOM DOWNS,P26039,1800,stop,2026-04-01,18:49:00,,
BATTERSEA PARK LONDON - EPSOM DOWNS,P26039,1800,stop,2026-04-10,18:49:00,,
SUTTON (SURREY) - ST ALBANS CITY,G25415,1849,stop,2026-04-11,18:49:00,,
SUTTON (SURREY) - ST ALBANS CITY,G84014,1849,stop,2026-04-02,18:49:00,,
BATTERSEA PARK LONDON - EPSOM DOWNS,P26039,1800,stop,2026-04-17,18:49:00,,
SUTTON (SURREY) - ST ALBANS CITY,G84014,1849,stop,2026-04-15,18:49:00,,
SUTTON (SURREY) - ST ALBANS CITY,G84014,1849,stop,2026-04-03,18:49:00,,
EPSOM - NORWOOD JUNCTION,P25276,1846,stop,2026-04-07,18:50:00,,
EPSOM - NORWOOD JUNCTION,P25276,1846,stop,2026-04-03,18:50:00,,
EPSOM - NORWOOD JUNCTION,P25276,1846,stop,2026-04-28,18:50:00,,
EPSOM - NORWOOD JUNCTION,P25276,1846,stop,2026-04-17,18:50:00,,
EPSOM - NORWOOD JUNCTION,P25276,1846,stop,2026-04-20,18:50:00,,
EPSOM - NORWOOD JUNCTION,P25276,1846,stop,2026-04-02,18:50:00,,
EPSOM - NORWOOD JUNCTION,P25276,1846,stop,2026-04-01,18:50:00,,
EPSOM - NORWOOD JUNCTION,P25276,1846,stop,2026-04-24,18:50:00,,
EPSOM - NORWOOD JUNCTION,P25276,1846,stop,2026-04-21,18:50:00,,
EPSOM - NORWOOD JUNCTION,P25276,1846,stop,2026-04-14,18:50:00,,
EPSOM - NORWOOD JUNCTION,P25276,1846,stop,2026-04-09,18:50:00,,
EPSOM - NORWOOD JUNCTION,P25276,1846,stop,2026-04-06,18:50:00,,
EPSOM - NORWOOD JUNCTION,P25276,1846,stop,2026-04-22,18:50:00,,
EPSOM - NORWOOD JUNCTION,P25276,1846,stop,2026-04-27,18:50:00,,
EPSOM - NORWOOD JUNCTION,P25276,1846,stop,2026-04-23,18:50:00,,
EPSOM DOWNS - BATTERSEA PARK LONDON,P26066,1838,stop,2026-04-25,18:51:00,,
EPSOM DOWNS - BATTERSEA PARK LONDON,P26064,1838,stop,2026-04-26,18:51:00,,
EPSOM DOWNS - BATTERSEA PARK LONDON,P26065,1838,stop,2026-04-02,18:51:00,,
EPSOM DOWNS - BATTERSEA PARK LONDON,P26065,1838,stop,2026-04-27,18:51:00,,
EPSOM DOWNS - BATTERSEA PARK LONDON,P26065,1838,stop,2026-04-10,18:51:00,,
EPSOM DOWNS - BATTERSEA PARK LONDON,P26065,1838,stop,2026-04-07,18:51:00,,
EPSOM DOWNS - BATTERSEA PARK LONDON,P26065,1838,stop,2026-04-20,18:51:00,,
EPSOM DOWNS - BATTERSEA PARK LONDON,P26066,1838,stop,2026-04-11,18:51:00,,
EPSOM DOWNS - BATTERSEA PARK LONDON,P26065,1838,stop,2026-04-03,18:51:00,,
EPSOM DOWNS - BATTERSEA PARK LONDON,P26065,1838,stop,2026-04-01,18:51:00,,
EPSOM DOWNS - BATTERSEA PARK LONDON,P26065,1838,stop,2026-04-24,18:51:00,,
EPSOM DOWNS - BATTERSEA PARK LONDON,P26065,1838,stop,2026-04-15,18:51:00,,
EPSOM - NORWOOD JUNCTION,P25276,1846,stop,2026-04-08,18:50:00,,
EPSOM - NORWOOD JUNCTION,P25276,1846,stop,2026-04-15,18:50:00,,
EPSOM - NORWOOD JUNCTION,P25276,1846,stop,2026-04-16,18:50:00,,
EPSOM - NORWOOD JUNCTION,P25276,1846,stop,2026-04-10,18:50:00,,
EPSOM DOWNS - BATTERSEA PARK LONDON,P26065,1838,stop,2026-04-16,18:51:00,,
EPSOM DOWNS - BATTERSEA PARK LONDON,P26065,1838,stop,2026-04-23,18:51:00,,
EPSOM DOWNS - BATTERSEA PARK LONDON,P26065,1838,stop,2026-04-13,18:51:00,,
EPSOM DOWNS - STREATHAM HILL,P26066,1838,stop,2026-04-18,18:51:00,,
EPSOM DOWNS - BATTERSEA PARK LONDON,P26065,1838,stop,2026-04-08,18:51:00,,
EPSOM DOWNS - BATTERSEA PARK LONDON,P26065,1838,stop,2026-04-17,18:51:00,,
EPSOM DOWNS - BATTERSEA PARK LONDON,X95449,1838,stop,2026-04-03,18:51:00,,
EPSOM DOWNS - BATTERSEA PARK LONDON,P26065,1838,stop,2026-04-30,18:51:00,,
EPSOM DOWNS - BATTERSEA PARK LONDON,P26065,1838,stop,2026-04-28,18:51:00,,
EPSOM DOWNS - BATTERSEA PARK LONDON,P26065,1838,stop,2026-04-22,18:51:00,,
EPSOM DOWNS - BATTERSEA PARK LONDON,X00749,1838,stop,2026-04-06,18:51:00,,
EPSOM DOWNS - BATTERSEA PARK LONDON,P26065,1838,stop,2026-04-06,18:51:00,,
EPSOM DOWNS - BATTERSEA PARK LONDON,P26065,1838,stop,2026-04-09,18:51:00,,
EPSOM DOWNS - BATTERSEA PARK LONDON,P26065,1838,stop,2026-04-14,18:51:00,,
EPSOM DOWNS - BATTERSEA PARK LONDON,P26065,1838,stop,2026-04-29,18:51:00,,
EPSOM DOWNS - BATTERSEA PARK LONDON,P26064,1838,stop,2026-04-12,18:51:00,,
DORKING - EARLSFIELD,P61071,1832,stop,2026-04-20,18:52:00,,
DORKING - EARLSFIELD,Q38393,1832,stop,2026-04-03,18:52:00,,
DORKING - EARLSFIELD,P61072,1832,stop,2026-04-11,18:52:00,,
DORKING - EARLSFIELD,P61071,1832,stop,2026-04-17,18:52:00,,
DORKING - EARLSFIELD,P61071,1832,stop,2026-04-29,18:52:00,,
DORKING - EARLSFIELD,P61071,1832,stop,2026-04-13,18:52:00,,
DORKING - EARLSFIELD,P61071,1832,stop,2026-04-02,18:52:00,,
DORKING - EARLSFIELD,P61071,1832,stop,2026-04-24,18:52:00,,
DORKING - EARLSFIELD,P61071,1832,stop,2026-04-14,18:52:00,,
EPSOM DOWNS - STREATHAM HILL,P26064,1838,stop,2026-04-19,18:51:00,,
EPSOM DOWNS - BATTERSEA PARK LONDON,P26065,1838,stop,2026-04-21,18:51:00,,
EPSOM DOWNS - BATTERSEA PARK LONDON,P26066,1838,stop,2026-04-04,18:51:00,,
DORKING - EARLSFIELD,P61071,1832,stop,2026-04-22,18:52:00,,
DORKING - EARLSFIELD,P61071,1832,stop,2026-04-30,18:52:00,,
DORKING - EARLSFIELD,P61071,1832,stop,2026-04-16,18:52:00,,
DORKING - EARLSFIELD,P61071,1832,stop,2026-04-28,18:52:00,,
DORKING - EARLSFIELD,P61071,1832,stop,2026-04-10,18:52:00,,
DORKING - EARLSFIELD,P61071,1832,stop,2026-04-27,18:52:00,,
DORKING - EARLSFIELD,P61071,1832,stop,2026-04-23,18:52:00,,
DORKING - EARLSFIELD,Q49005,1832,stop,2026-04-06,18:52:00,,
DORKING - EARLSFIELD,P61071,1832,stop,2026-04-15,18:52:00,,
DORKING - EARLSFIELD,P61071,1832,stop,2026-04-06,18:52:00,,
DORKING - EARLSFIELD,P61072,1832,stop,2026-04-04,18:52:00,,
DORKING - EARLSFIELD,P61071,1832,stop,2026-04-09,18:52:00,,
MITCHAM EASTFIELDS - DORKING (2),P26719,1820,stop,2026-04-18,18:52:00,,
DORKING - EARLSFIELD,P61072,1832,stop,2026-04-25,18:52:00,,
DORKING - EARLSFIELD,P61071,1832,stop,2026-04-08,18:52:00,,
DORKING - EARLSFIELD,P61071,1832,stop,2026-04-07,18:52:00,,
DORKING - EARLSFIELD,P61071,1832,stop,2026-04-03,18:52:00,,
DORKING - EARLSFIELD,P61071,1832,stop,2026-04-21,18:52:00,,
DORKING - EARLSFIELD,P61072,1832,stop,2026-04-18,18:52:00,,
DORKING - EARLSFIELD,P61071,1832,stop,2026-04-01,18:52:00,,
EARLSFIELD - DORKING,Q49027,1823,stop,2026-04-06,18:54:00,,
EARLSFIELD - DORKING,P61062,1823,stop,2026-04-15,18:54:00,,
EARLSFIELD - DORKING,P61062,1823,stop,2026-04-01,18:54:00,,
EARLSFIELD - DORKING,P61062,1823,stop,2026-04-08,18:54:00,,
EARLSFIELD - DORKING,P61062,1823,stop,2026-04-06,18:54:00,,
EARLSFIELD - DORKING,P61062,1823,stop,2026-04-29,18:54:00,,
EARLSFIELD - DORKING,P61062,1823,stop,2026-04-24,18:54:00,,
EARLSFIELD - DORKING,P61063,1823,stop,2026-04-04,18:54:00,,
EARLSFIELD - DORKING,P61062,1823,stop,2026-04-16,18:54:00,,
EARLSFIELD - DORKING,P61062,1823,stop,2026-04-03,18:54:00,,
EARLSFIELD - DORKING,P61062,1823,stop,2026-04-02,18:54:00,,
EARLSFIELD - DORKING,P61062,1823,stop,2026-04-17,18:54:00,,
EARLSFIELD - DORKING,P61062,1823,stop,2026-04-21,18:54:00,,
EARLSFIELD - DORKING,P61063,1823,stop,2026-04-11,18:54:00,,
EARLSFIELD - DORKING,P61062,1823,stop,2026-04-09,18:54:00,,
EARLSFIELD - DORKING,P61063,1823,stop,2026-04-25,18:54:00,,
EARLSFIELD - DORKING,Q38402,1823,stop,2026-04-03,18:54:00,,
EARLSFIELD - DORKING,P61062,1823,stop,2026-04-22,18:54:00,,
EARLSFIELD - DORKING,P61062,1823,stop,2026-04-23,18:54:00,,
MITCHAM EASTFIELDS - EPSOM,P25173,1825,stop,2026-04-16,18:56:00,,
MITCHAM EASTFIELDS - EPSOM,P25173,1825,stop,2026-04-10,18:56:00,,
MITCHAM EASTFIELDS - EPSOM,P25173,1825,stop,2026-04-13,18:56:00,,
SUTTON (SURREY) - DORKING,X04913,1855,stop,2026-04-12,18:55:00,,
EARLSFIELD - DORKING,P61062,1823,stop,2026-04-13,18:54:00,,
EARLSFIELD - DORKING,P61062,1823,stop,2026-04-07,18:54:00,,
EARLSFIELD - DORKING,P61062,1823,stop,2026-04-20,18:54:00,,
EARLSFIELD - DORKING,P61062,1823,stop,2026-04-28,18:54:00,,
EARLSFIELD - DORKING,P61062,1823,stop,2026-04-10,18:54:00,,
EARLSFIELD - DORKING,P61062,1823,stop,2026-04-27,18:54:00,,
EARLSFIELD - DORKING,P61062,1823,stop,2026-04-14,18:54:00,,
EARLSFIELD - DORKING,P61063,1823,stop,2026-04-18,18:54:00,,
EARLSFIELD - DORKING,P61062,1823,stop,2026-04-30,18:54:00,,
MITCHAM EASTFIELDS - EPSOM,P25173,1825,stop,2026-04-24,18:56:00,,
MITCHAM EASTFIELDS - EPSOM,P25173,1825,stop,2026-04-29,18:56:00,,
MITCHAM EASTFIELDS - EPSOM,P25173,1825,stop,2026-04-14,18:56:00,,
MITCHAM EASTFIELDS - EPSOM,P25173,1825,stop,2026-04-23,18:56:00,,
MITCHAM EASTFIELDS - EPSOM,P25173,1825,stop,2026-04-30,18:56:00,,
MITCHAM EASTFIELDS - EPSOM,P25173,1825,stop,2026-04-02,18:56:00,,
MITCHAM EASTFIELDS - EPSOM,P25173,1825,stop,2026-04-21,18:56:00,,
MITCHAM EASTFIELDS - EPSOM,P25173,1825,stop,2026-04-28,18:56:00,,
MITCHAM EASTFIELDS - EPSOM,P25173,1825,stop,2026-04-07,18:56:00,,
MITCHAM EASTFIELDS - EPSOM,P25173,1825,stop,2026-04-27,18:56:00,,
MITCHAM EASTFIELDS - EPSOM,P25173,1825,stop,2026-04-09,18:56:00,,
MITCHAM EASTFIELDS - EPSOM,P25173,1825,stop,2026-04-01,18:56:00,,
MITCHAM EASTFIELDS - EPSOM,P25173,1825,stop,2026-04-15,18:56:00,,
GUILDFORD - EARLSFIELD,L74293,1820,stop,2026-04-05,18:57:00,,
GUILDFORD - EARLSFIELD,L74293,1820,stop,2026-04-19,18:57:00,,
GUILDFORD - EARLSFIELD,L74293,1820,stop,2026-04-12,18:57:00,,
MITCHAM EASTFIELDS - EPSOM,P25173,1825,stop,2026-04-22,18:56:00,,
MITCHAM EASTFIELDS - EPSOM,P25173,1825,stop,2026-04-06,18:56:00,,
MITCHAM EASTFIELDS - EPSOM,P25173,1825,stop,2026-04-08,18:56:00,,
MITCHAM EASTFIELDS - EPSOM,P25173,1825,stop,2026-04-03,18:56:00,,
MITCHAM EASTFIELDS - EPSOM,P25173,1825,stop,2026-04-17,18:56:00,,
MITCHAM EASTFIELDS - EPSOM,P25173,1825,stop,2026-04-20,18:56:00,,
NORWOOD JUNCTION - EPSOM,P25274,1825,stop,2026-04-08,18:59:00,,
NORWOOD JUNCTION - EPSOM,P25274,1825,stop,2026-04-03,18:59:00,,
NORWOOD JUNCTION - EPSOM,P25274,1825,stop,2026-04-01,18:59:00,,
EPSOM - T & RSMD,W58320,1837,pass,2026-04-03,18:59:00,,
NORWOOD JUNCTION - EPSOM,P25275,1825,stop,2026-04-11,18:58:00,,
NORWOOD JUNCTION - EPSOM,X92713,1825,stop,2026-04-03,18:58:00,,
EPSOM DOWNS - BATTERSEA PARK LONDON,P26064,1838,stop,2026-04-05,18:58:00,,
NORWOOD JUNCTION - EPSOM,P25275,1825,stop,2026-04-18,18:58:00,,
NORWOOD JUNCTION - EPSOM,X01423,1825,stop,2026-04-06,18:58:00,,
NORWOOD JUNCTION - EPSOM,P25275,1825,stop,2026-04-25,18:58:00,,
NORWOOD JUNCTION - EPSOM,P25275,1825,stop,2026-04-04,18:58:00,,
GUILDFORD - EARLSFIELD,L74293,1820,stop,2026-04-26,18:57:00,,
SUTTON (SURREY) - TULSE HILL,X27284,1857,stop,2026-04-05,18:57:00,,
EPSOM - T & RSMD,W58320,1837,pass,2026-04-02,18:59:00,,
NORWOOD JUNCTION - EPSOM,P25274,1825,stop,2026-04-02,18:59:00,,
EPSOM - T & RSMD,W58320,1837,pass,2026-04-14,18:59:00,,
NORWOOD JUNCTION - EPSOM,P25274,1825,stop,2026-04-14,18:59:00,,
NORWOOD JUNCTION - EPSOM,P25274,1825,stop,2026-04-22,18:59:00,,
NORWOOD JUNCTION - EPSOM,P25274,1825,stop,2026-04-06,18:59:00,,
NORWOOD JUNCTION - EPSOM,P25274,1825,stop,2026-04-29,18:59:00,,
EPSOM - T & RSMD,W58320,1837,pass,2026-04-06,18:59:00,,
EPSOM - T & RSMD,W58320,1837,pass,2026-04-29,18:59:00,,
NORWOOD JUNCTION - EPSOM,P25274,1825,stop,2026-04-24,18:59:00,,
EPSOM - T & RSMD,W58320,1837,pass,2026-04-24,18:59:00,,
NORWOOD JUNCTION - EPSOM,P25274,1825,stop,2026-04-09,18:59:00,,
NORWOOD JUNCTION - EPSOM,P25274,1825,stop,2026-04-15,18:59:00,,
EPSOM - T & RSMD,W58320,1837,pass,2026-04-22,18:59:00,,
EPSOM - T & RSMD,W58320,1837,pass,2026-04-08,18:59:00,,
NORWOOD JUNCTION - EPSOM,P25274,1825,stop,2026-04-28,18:59:00,,
EPSOM - T & RSMD,W58320,1837,pass,2026-04-28,18:59:00,,
EPSOM - T & RSMD,W58320,1837,pass,2026-04-21,18:59:00,,
EPSOM - T & RSMD,W58320,1837,pass,2026-04-10,18:59:00,,
NORWOOD JUNCTION - EPSOM,P25274,1825,stop,2026-04-10,18:59:00,,
EPSOM - T & RSMD,W58320,1837,pass,2026-04-16,18:59:00,,
NORWOOD JUNCTION - EPSOM,P25274,1825,stop,2026-04-16,18:59:00,,
EPSOM - T & RSMD,W58320,1837,pass,2026-04-15,18:59:00,,
EPSOM - T & RSMD,W58320,1837,pass,2026-04-20,18:59:00,,
EPSOM - T & RSMD,W58320,1837,pass,2026-04-23,18:59:00,,
NORWOOD JUNCTION - EPSOM,P25274,1825,stop,2026-04-23,18:59:00,,
NORWOOD JUNCTION - EPSOM,P25274,1825,stop,2026-04-21,18:59:00,,
EPSOM - T & RSMD,W58320,1837,pass,2026-04-01,18:59:00,,
NORWOOD JUNCTION - EPSOM,P25274,1825,stop,2026-04-20,18:59:00,,
NORWOOD JUNCTION - EPSOM,P25274,1825,stop,2026-04-13,18:59:00,,
EPSOM - T & RSMD,W58320,1837,pass,2026-04-17,18:59:00,,
NORWOOD JUNCTION - EPSOM,P25274,1825,stop,2026-04-17,18:59:00,,
NORWOOD JUNCTION - EPSOM,P25274,1825,stop,2026-04-30,18:59:00,,
EPSOM - T & RSMD,W58320,1837,pass,2026-04-07,18:59:00,,
NORWOOD JUNCTION - EPSOM,P25274,1825,stop,2026-04-27,18:59:00,,
EPSOM - T & RSMD,W58320,1837,pass,2026-04-27,18:59:00,,
NORWOOD JUNCTION - EPSOM,P25274,1825,stop,2026-04-07,18:59:00,,
EPSOM - T & RSMD,W58320,1837,pass,2026-04-13,18:59:00,,
EPSOM - T & RSMD,W58320,1837,pass,2026-04-30,18:59:00,,
EPSOM - T & RSMD,W58320,1837,pass,2026-04-09,18:59:00,,
LUTON - WIMBLEDON,W59680,1722,stop,2026-04-05,19:01:00,,
EPSOM - SELHURST  T&RS  MD  M&EE   NSC,G73384,2320,pass,2026-04-02,23:39:00,,
EPSOM - SELHURST  T&RS  MD  M&EE   NSC,G73384,2320,pass,2026-04-01,23:39:00,,
SUTTON (SURREY) - EPSOM,X04904,2325,stop,2026-04-12,23:38:00,,
ST ALBANS CITY - SUTTON (SURREY),G85021,2207,stop,2026-04-06,23:37:00,,
ST ALBANS CITY - SUTTON (SURREY),G85021,2207,stop,2026-04-10,23:37:00,,
ST ALBANS CITY - SUTTON (SURREY),G85021,2207,stop,2026-04-07,23:37:00,,
ST ALBANS CITY - SUTTON (SURREY) (2),G25501,2207,stop,2026-04-11,23:37:00,,
ST ALBANS CITY - SUTTON (SURREY) (2),G25501,2207,stop,2026-04-04,23:37:00,,
ST ALBANS CITY - SUTTON (SURREY),G85021,2207,stop,2026-04-13,23:37:00,,
ST ALBANS CITY - SUTTON (SURREY),G85021,2207,stop,2026-04-14,23:37:00,,
ST ALBANS CITY - SUTTON (SURREY) (2),G85021,2207,stop,2026-04-03,23:37:00,,
ST ALBANS CITY - SUTTON (SURREY),G85021,2207,stop,2026-04-23,23:37:00,,
ST ALBANS CITY - SUTTON (SURREY),G85021,2207,stop,2026-04-28,23:37:00,,
ST ALBANS CITY - SUTTON (SURREY) (2),G25501,2207,stop,2026-04-25,23:37:00,,
ST ALBANS CITY - SUTTON (SURREY),G85021,2207,stop,2026-04-22,23:37:00,,
DORKING - BALHAM (2),P26729,1842,stop,2026-04-26,19:05:00,,
EFFINGHAM JUNCTION - WORCESTER PARK,Q54763,1815,stop,2026-04-12,19:04:00,,
EARLSFIELD - GUILDFORD (2),P61619,1832,stop,2026-04-26,19:03:00,,
EARLSFIELD - GUILDFORD (2),P61619,1832,stop,2026-04-19,19:03:00,,
EARLSFIELD - GUILDFORD (2),P61619,1832,stop,2026-04-12,19:03:00,,
EARLSFIELD - GUILDFORD (2),P61619,1832,stop,2026-04-05,19:03:00,,
DORKING - MITCHAM EASTFIELDS,P26729,1842,stop,2026-04-19,19:05:00,,
DORKING - BALHAM (2),P26729,1842,stop,2026-04-12,19:05:00,,
HORSHAM - BALHAM,P26728,1814,stop,2026-04-25,19:06:00,,
HORSHAM - BALHAM,P26727,1814,stop,2026-04-28,19:06:00,,
HORSHAM - BALHAM,P26727,1814,stop,2026-04-22,19:06:00,,
HORSHAM - BALHAM,P26727,1814,stop,2026-04-02,19:06:00,,
HORSHAM - BALHAM,P26727,1814,stop,2026-04-17,19:06:00,,
HORSHAM - BALHAM,P26727,1814,stop,2026-04-30,19:06:00,,
HORSHAM - BALHAM,P26727,1814,stop,2026-04-07,19:06:00,,
HORSHAM - BALHAM,P26727,1814,stop,2026-04-15,19:06:00,,
HORSHAM - BALHAM,P26727,1814,stop,2026-04-08,19:06:00,,
HORSHAM - BALHAM,P26727,1814,stop,2026-04-03,19:06:00,,
HORSHAM - BALHAM,P26727,1814,stop,2026-04-27,19:06:00,,
HORSHAM - BALHAM,P26727,1814,stop,2026-04-16,19:06:00,,
HORSHAM - BALHAM,P26727,1814,stop,2026-04-13,19:06:00,,
HORSHAM - BALHAM,P26727,1814,stop,2026-04-20,19:06:00,,
HORSHAM - BALHAM,P26727,1814,stop,2026-04-14,19:06:00,,
HORSHAM - BALHAM,P26727,1814,stop,2026-04-23,19:06:00,,
HORSHAM - BALHAM,P26727,1814,stop,2026-04-09,19:06:00,,
HORSHAM - BALHAM,P26727,1814,stop,2026-04-10,19:06:00,,
HORSHAM - BALHAM,X95567,1814,stop,2026-04-03,19:06:00,,
HORSHAM - BALHAM,P26727,1814,stop,2026-04-29,19:06:00,,
HORSHAM - MITCHAM EASTFIELDS,P26728,1820,stop,2026-04-18,19:06:00,,
HORSHAM - BALHAM,P26728,1814,stop,2026-04-11,19:06:00,,
HORSHAM - BALHAM,P26727,1814,stop,2026-04-21,19:06:00,,
HORSHAM - BALHAM,P26727,1814,stop,2026-04-06,19:06:00,,
HORSHAM - BALHAM,X00966,1814,stop,2026-04-06,19:06:00,,
HORSHAM - BALHAM,P26727,1814,stop,2026-04-24,19:06:00,,
HORSHAM - BALHAM,P26727,1814,stop,2026-04-01,19:06:00,,
HORSHAM - BALHAM,P26728,1814,stop,2026-04-04,19:06:00,,
ST ALBANS CITY - SUTTON (SURREY),G84979,1737,stop,2026-04-03,19:07:00,,
ST ALBANS CITY - SUTTON (SURREY),G84979,1737,stop,2026-04-09,19:07:00,,
ST ALBANS CITY - SUTTON (SURREY),G84979,1737,stop,2026-04-30,19:07:00,,
ST ALBANS CITY - SUTTON (SURREY),G84979,1737,stop,2026-04-21,19:07:00,,
ST ALBANS CITY - SUTTON (SURREY),G84979,1737,stop,2026-04-13,19:07:00,,
ST ALBANS CITY - SUTTON (SURREY),G84979,1737,stop,2026-04-10,19:07:00,,
ST ALBANS CITY - SUTTON (SURREY),G84979,1737,stop,2026-04-28,19:07:00,,
ST ALBANS CITY - SUTTON (SURREY),G84979,1737,stop,2026-04-29,19:07:00,,
ST ALBANS CITY - SUTTON (SURREY),G84979,1737,stop,2026-04-15,19:07:00,,
ST ALBANS CITY - SUTTON (SURREY),G84979,1737,stop,2026-04-22,19:07:00,,
ST ALBANS CITY - SUTTON (SURREY),G84979,1737,stop,2026-04-07,19:07:00,,
ST ALBANS CITY - SUTTON (SURREY),G25386,1737,stop,2026-04-04,19:07:00,,
ST ALBANS CITY - SUTTON (SURREY),G84979,1737,stop,2026-04-16,19:07:00,,
ST ALBANS CITY - SUTTON (SURREY),G25386,1737,stop,2026-04-18,19:07:00,,
ST ALBANS CITY - SUTTON (SURREY),G84979,1737,stop,2026-04-20,19:07:00,,
ST ALBANS CITY - SUTTON (SURREY),G25386,1737,stop,2026-04-11,19:07:00,,
ST ALBANS CITY - SUTTON (SURREY),G84979,1737,stop,2026-04-14,19:07:00,,
WEST HAMPSTEAD THAMESLINK - SUTTON (SURREY) (2),W59680,1800,stop,2026-04-19,19:07:00,,
LUTON - SUTTON (SURREY) (2),W59680,1722,stop,2026-04-26,19:07:00,,
ST ALBANS CITY - SUTTON (SURREY),G84979,1737,stop,2026-04-08,19:07:00,,
ST ALBANS CITY - SUTTON (SURREY),G84979,1737,stop,2026-04-06,19:07:00,,
ST ALBANS CITY - SUTTON (SURREY),G84979,1737,stop,2026-04-01,19:07:00,,
ST ALBANS CITY - SUTTON (SURREY),G84979,1737,stop,2026-04-02,19:07:00,,
ST ALBANS CITY - SUTTON (SURREY),G84979,1737,stop,2026-04-23,19:07:00,,
ST ALBANS CITY - SUTTON (SURREY),G84979,1737,stop,2026-04-24,19:07:00,,
ST ALBANS CITY - SUTTON (SURREY),G25386,1737,stop,2026-04-25,19:07:00,,
ST ALBANS CITY - SUTTON (SURREY),G84979,1737,stop,2026-04-17,19:07:00,,
ST ALBANS CITY - SUTTON (SURREY),G84979,1737,stop,2026-04-27,19:07:00,,
LUTON - SUTTON (SURREY) (2),W59680,1722,stop,2026-04-12,19:07:00,,
DORKING - BALHAM (3),P26729,1846,stop,2026-04-05,19:08:00,,
MITCHAM EASTFIELDS - DORKING,P26726,1838,stop,2026-04-19,19:10:00,,
SUTTON (SURREY) - STREATHAM HILL,P27184,1910,stop,2026-04-18,19:10:00,,
SUTTON (SURREY) - BATTERSEA PARK LONDON,P26074,1911,stop,2026-04-17,19:11:00,,
SUTTON (SURREY) - BATTERSEA PARK LONDON,P26074,1911,stop,2026-04-16,19:11:00,,
SUTTON (SURREY) - BATTERSEA PARK LONDON,P26074,1911,stop,2026-04-06,19:11:00,,
SUTTON (SURREY) - BATTERSEA PARK LONDON,P26074,1911,stop,2026-04-22,19:11:00,,
SUTTON (SURREY) - BATTERSEA PARK LONDON,P26074,1911,stop,2026-04-15,19:11:00,,
SUTTON (SURREY) - BATTERSEA PARK LONDON,P26074,1911,stop,2026-04-24,19:11:00,,
SUTTON (SURREY) - BATTERSEA PARK LONDON,P26074,1911,stop,2026-04-28,19:11:00,,
SUTTON (SURREY) - BATTERSEA PARK LONDON,P26074,1911,stop,2026-04-30,19:11:00,,
SUTTON (SURREY) - BATTERSEA PARK LONDON,P26074,1911,stop,2026-04-03,19:11:00,,
SUTTON (SURREY) - BATTERSEA PARK LONDON,P26074,1911,stop,2026-04-29,19:11:00,,
SUTTON (SURREY) - BATTERSEA PARK LONDON,P26074,1911,stop,2026-04-21,19:11:00,,
SUTTON (SURREY) - BATTERSEA PARK LONDON,P26074,1911,stop,2026-04-13,19:11:00,,
SUTTON (SURREY) - BATTERSEA PARK LONDON,P26074,1911,stop,2026-04-07,19:11:00,,
SUTTON (SURREY) - BATTERSEA PARK LONDON,P26074,1911,stop,2026-04-08,19:11:00,,
BALHAM - DORKING (3),P26726,1838,stop,2026-04-26,19:10:00,,
SUTTON (SURREY) - BALHAM (2),P26729,1912,stop,2026-04-12,19:12:00,,
SUTTON (SURREY) - BATTERSEA PARK LONDON,P26074,1911,stop,2026-04-01,19:11:00,,
SUTTON (SURREY) - BATTERSEA PARK LONDON,P26074,1911,stop,2026-04-20,19:11:00,,
SUTTON (SURREY) - BATTERSEA PARK LONDON,P26074,1911,stop,2026-04-02,19:11:00,,
SUTTON (SURREY) - BATTERSEA PARK LONDON,P26074,1911,stop,2026-04-23,19:11:00,,
SUTTON (SURREY) - BATTERSEA PARK LONDON,P26074,1911,stop,2026-04-27,19:11:00,,
SUTTON (SURREY) - BATTERSEA PARK LONDON,P26074,1911,stop,2026-04-09,19:11:00,,
SUTTON (SURREY) - BATTERSEA PARK LONDON,P26074,1911,stop,2026-04-10,19:11:00,,
SUTTON (SURREY) - BATTERSEA PARK LONDON,P26074,1911,stop,2026-04-14,19:11:00,,
BALHAM - HORSHAM,P26724,1841,stop,2026-04-16,19:13:00,,
BALHAM - HORSHAM,P26724,1841,stop,2026-04-01,19:13:00,,
BALHAM - DORKING (3),P26725,1841,stop,2026-04-04,19:13:00,,
BALHAM - HORSHAM,P26724,1841,stop,2026-04-29,19:13:00,,
BALHAM - HORSHAM,P26724,1841,stop,2026-04-24,19:13:00,,
BALHAM - DORKING (3),P26725,1841,stop,2026-04-25,19:13:00,,
BALHAM - HORSHAM,P26724,1841,stop,2026-04-07,19:13:00,,
BALHAM - HORSHAM,P26724,1841,stop,2026-04-22,19:13:00,,
BALHAM - HORSHAM,P26724,1841,stop,2026-04-08,19:13:00,,
BALHAM - HORSHAM,P26724,1841,stop,2026-04-03,19:13:00,,
BALHAM - DORKING (3),X95437,1841,stop,2026-04-03,19:13:00,,
BALHAM - DORKING (3),X00965,1841,stop,2026-04-06,19:13:00,,
BALHAM - HORSHAM,P26724,1841,stop,2026-04-02,19:13:00,,
BALHAM - HORSHAM,P26724,1841,stop,2026-04-13,19:13:00,,
BALHAM - HORSHAM,P26724,1841,stop,2026-04-17,19:13:00,,
BALHAM - HORSHAM,P26724,1841,stop,2026-04-27,19:13:00,,
BALHAM - HORSHAM,P26724,1841,stop,2026-04-14,19:13:00,,
BALHAM - HORSHAM,P26724,1841,stop,2026-04-06,19:13:00,,
BALHAM - HORSHAM,P26724,1841,stop,2026-04-09,19:13:00,,
BALHAM - HORSHAM,P26724,1841,stop,2026-04-10,19:13:00,,
BALHAM - HORSHAM,P26724,1841,stop,2026-04-15,19:13:00,,
BALHAM - HORSHAM,P26724,1841,stop,2026-04-28,19:13:00,,
BALHAM - HORSHAM,P26724,1841,stop,2026-04-30,19:13:00,,
SUTTON (SURREY) - ST ALBANS CITY (3),G25426,1916,stop,2026-04-11,19:16:00,,
BALHAM - DORKING (3),P26725,1841,stop,2026-04-11,19:16:00,,
SUTTON (SURREY) - ST ALBANS CITY (3),G84984,1916,stop,2026-04-08,19:16:00,,
SUTTON (SURREY) - ST ALBANS CITY (3),G25426,1916,stop,2026-04-25,19:16:00,,
WIMBLEDON - LUTON,G84019,1903,stop,2026-04-05,19:15:00,,
BALHAM - DORKING (6),P26726,1838,stop,2026-04-05,19:14:00,,
BALHAM - HORSHAM,P26724,1841,stop,2026-04-20,19:13:00,,
BALHAM - HORSHAM,P26724,1841,stop,2026-04-23,19:13:00,,
BALHAM - HORSHAM,P26724,1841,stop,2026-04-21,19:13:00,,
BALHAM - DORKING (3),P26726,1838,stop,2026-04-12,19:13:00,,
SUTTON (SURREY) - ST ALBANS CITY (3),G25426,1916,stop,2026-04-18,19:16:00,,
SUTTON (SURREY) - ST ALBANS CITY (3),G84984,1916,stop,2026-04-09,19:16:00,,
SUTTON (SURREY) - ST ALBANS CITY (3),G84984,1916,stop,2026-04-16,19:16:00,,
SUTTON (SURREY) - ST ALBANS CITY (3),G84984,1916,stop,2026-04-27,19:16:00,,
SUTTON (SURREY) - ST ALBANS CITY (6),G84982,1916,stop,2026-04-05,19:16:00,,
SUTTON (SURREY) - ST ALBANS CITY (3),G84984,1916,stop,2026-04-23,19:16:00,,
SUTTON (SURREY) - ST ALBANS CITY (3),G84984,1916,stop,2026-04-17,19:16:00,,
SUTTON (SURREY) - ST ALBANS CITY (3),G84984,1916,stop,2026-04-02,19:16:00,,
SUTTON (SURREY) - ST ALBANS CITY (3),G84984,1916,stop,2026-04-29,19:16:00,,
SUTTON (SURREY) - ST ALBANS CITY (6),G84982,1916,stop,2026-04-12,19:16:00,,
SUTTON (SURREY) - ST ALBANS CITY (3),G84984,1916,stop,2026-04-21,19:16:00,,
SUTTON (SURREY) - ST ALBANS CITY (3),G25426,1916,stop,2026-04-04,19:16:00,,
SUTTON (SURREY) - ST ALBANS CITY (3),G84984,1916,stop,2026-04-28,19:16:00,,
SUTTON (SURREY) - ST ALBANS CITY (6),G84982,1916,stop,2026-04-19,19:16:00,,
SUTTON (SURREY) - ST ALBANS CITY (6),G84982,1916,stop,2026-04-26,19:16:00,,
SUTTON (SURREY) - ST ALBANS CITY (3),G84984,1916,stop,2026-04-20,19:16:00,,
SUTTON (SURREY) - ST ALBANS CITY (3),G84984,1916,stop,2026-04-13,19:16:00,,
SUTTON (SURREY) - ST ALBANS CITY (3),G84984,1916,stop,2026-04-24,19:16:00,,
SUTTON (SURREY) - ST ALBANS CITY (3),G84984,1916,stop,2026-04-06,19:16:00,,
SUTTON (SURREY) - ST ALBANS CITY (3),G84984,1916,stop,2026-04-30,19:16:00,,
SUTTON (SURREY) - ST ALBANS CITY (3),G84984,1916,stop,2026-04-03,19:16:00,,
SUTTON (SURREY) - ST ALBANS CITY (3),G84984,1916,stop,2026-04-10,19:16:00,,
SUTTON (SURREY) - ST ALBANS CITY (3),G84984,1916,stop,2026-04-14,19:16:00,,
SUTTON (SURREY) - ST ALBANS CITY (3),G84984,1916,stop,2026-04-01,19:16:00,,
SUTTON (SURREY) - ST ALBANS CITY,G84020,1919,stop,2026-04-08,19:19:00,,
BATTERSEA PARK LONDON - EPSOM DOWNS,P26054,1830,stop,2026-04-01,19:19:00,,
SUTTON (SURREY) - ST ALBANS CITY,G84020,1919,stop,2026-04-09,19:19:00,,
SUTTON (SURREY) - ST ALBANS CITY,G84020,1919,stop,2026-04-06,19:19:00,,
SUTTON (SURREY) - ST ALBANS CITY,G25428,1919,stop,2026-04-11,19:19:00,,
SUTTON (SURREY) - ST ALBANS CITY,G84020,1919,stop,2026-04-24,19:19:00,,
WORCESTER PARK - DORKING,Q54877,1905,stop,2026-04-12,19:18:00,,
DORKING - SUTTON (SURREY),X04876,1833,stop,2026-04-12,19:17:00,,
SUTTON (SURREY) - ST ALBANS CITY (3),G84984,1916,stop,2026-04-07,19:16:00,,
SUTTON (SURREY) - ST ALBANS CITY (3),G84984,1916,stop,2026-04-22,19:16:00,,
SUTTON (SURREY) - ST ALBANS CITY (3),G84984,1916,stop,2026-04-15,19:16:00,,
SUTTON (SURREY) - LUTON,G84019,1919,stop,2026-04-12,19:19:00,,
EPSOM - NORWOOD JUNCTION,X95304,1915,stop,2026-04-03,19:19:00,,
STREATHAM HILL - EPSOM DOWNS,P26053,1843,stop,2026-04-19,19:19:00,,
EPSOM - NORWOOD JUNCTION,P25281,1915,stop,2026-04-11,19:19:00,,
BATTERSEA PARK LONDON - EPSOM DOWNS,P26054,1830,stop,2026-04-13,19:19:00,,
BATTERSEA PARK LONDON - EPSOM DOWNS,P26054,1830,stop,2026-04-27,19:19:00,,
SUTTON (SURREY) - ST ALBANS CITY,G25428,1919,stop,2026-04-25,19:19:00,,
SUTTON (SURREY) - ST ALBANS CITY,G84020,1919,stop,2026-04-22,19:19:00,,
BATTERSEA PARK LONDON - EPSOM DOWNS,P26054,1830,stop,2026-04-22,19:19:00,,
BATTERSEA PARK LONDON - EPSOM DOWNS,X00747,1830,stop,2026-04-06,19:19:00,,
SUTTON (SURREY) - ST ALBANS CITY,G84020,1919,stop,2026-04-03,19:19:00,,
BATTERSEA PARK LONDON - EPSOM DOWNS,P26054,1830,stop,2026-04-06,19:19:00,,
SUTTON (SURREY) - ST ALBANS CITY,G84020,1919,stop,2026-04-23,19:19:00,,
BATTERSEA PARK LONDON - EPSOM DOWNS,P26054,1830,stop,2026-04-20,19:19:00,,
BATTERSEA PARK LONDON - EPSOM DOWNS,P26053,1830,stop,2026-04-12,19:19:00,,
BATTERSEA PARK LONDON - EPSOM DOWNS,P26054,1830,stop,2026-04-17,19:19:00,,
SUTTON (SURREY) - ST ALBANS CITY,G84020,1919,stop,2026-04-27,19:19:00,,
BATTERSEA PARK LONDON - EPSOM DOWNS,X95458,1830,stop,2026-04-03,19:19:00,,
BATTERSEA PARK LONDON - EPSOM DOWNS,P26054,1830,stop,2026-04-03,19:19:00,,
EPSOM - NORWOOD JUNCTION,P25281,1915,stop,2026-04-25,19:19:00,,
BATTERSEA PARK LONDON - EPSOM DOWNS,P26055,1830,stop,2026-04-11,19:19:00,,
EPSOM - NORWOOD JUNCTION,P25281,1915,stop,2026-04-18,19:19:00,,
BATTERSEA PARK LONDON - EPSOM DOWNS,P26054,1830,stop,2026-04-08,19:19:00,,
SUTTON (SURREY) - ST ALBANS CITY,G25428,1919,stop,2026-04-04,19:19:00,,
SUTTON (SURREY) - ST ALBANS CITY,G84020,1919,stop,2026-04-15,19:19:00,,
SUTTON (SURREY) - LUTON,G84019,1919,stop,2026-04-26,19:19:00,,
BATTERSEA PARK LONDON - EPSOM DOWNS,P26054,1830,stop,2026-04-14,19:19:00,,
SUTTON (SURREY) - ST ALBANS CITY,G84020,1919,stop,2026-04-10,19:19:00,,
SUTTON (SURREY) - ST ALBANS CITY,G84020,1919,stop,2026-04-30,19:19:00,,
BATTERSEA PARK LONDON - EPSOM DOWNS,P26054,1830,stop,2026-04-21,19:19:00,,
EPSOM - NORWOOD JUNCTION,X01426,1915,stop,2026-04-06,19:19:00,,
SUTTON (SURREY) - ST ALBANS CITY,G84020,1919,stop,2026-04-20,19:19:00,,
SUTTON (SURREY) - ST ALBANS CITY,G84020,1919,stop,2026-04-14,19:19:00,,
BATTERSEA PARK LONDON - EPSOM DOWNS,P26054,1830,stop,2026-04-02,19:19:00,,
BATTERSEA PARK LONDON - EPSOM DOWNS,P26054,1830,stop,2026-04-23,19:19:00,,
BATTERSEA PARK LONDON - EPSOM DOWNS,P26054,1830,stop,2026-04-07,19:19:00,,
BATTERSEA PARK LONDON - EPSOM DOWNS,P26053,1830,stop,2026-04-26,19:19:00,,
SUTTON (SURREY) - ST ALBANS CITY,G84020,1919,stop,2026-04-17,19:19:00,,
BATTERSEA PARK LONDON - EPSOM DOWNS,P26054,1830,stop,2026-04-15,19:19:00,,
SUTTON (SURREY) - ST ALBANS CITY,G25428,1919,stop,2026-04-18,19:19:00,,
SUTTON (SURREY) - ST ALBANS CITY,G84020,1919,stop,2026-04-13,19:19:00,,
SUTTON (SURREY) - ST ALBANS CITY,G84020,1919,stop,2026-04-16,19:19:00,,
BATTERSEA PARK LONDON - EPSOM DOWNS,P26054,1830,stop,2026-04-16,19:19:00,,
EPSOM - NORWOOD JUNCTION,P25281,1915,stop,2026-04-04,19:19:00,,
SUTTON (SURREY) - ST ALBANS CITY,G84020,1919,stop,2026-04-01,19:19:00,,
BATTERSEA PARK LONDON - EPSOM DOWNS,P26054,1830,stop,2026-04-10,19:19:00,,
BATTERSEA PARK LONDON - EPSOM DOWNS,P26054,1830,stop,2026-04-28,19:19:00,,
SUTTON (SURREY) - WEST HAMPSTEAD THAMESLINK,G84019,1919,stop,2026-04-19,19:19:00,,
STREATHAM HILL - EPSOM DOWNS,P26055,1843,stop,2026-04-18,19:19:00,,
SUTTON (SURREY) - ST ALBANS CITY,G84020,1919,stop,2026-04-28,19:19:00,,
BATTERSEA PARK LONDON - EPSOM DOWNS,P26054,1830,stop,2026-04-30,19:19:00,,
BATTERSEA PARK LONDON - EPSOM DOWNS,P26054,1830,stop,2026-04-24,19:19:00,,
BATTERSEA PARK LONDON - EPSOM DOWNS,P26054,1830,stop,2026-04-29,19:19:00,,
SUTTON (SURREY) - ST ALBANS CITY,G84020,1919,stop,2026-04-21,19:19:00,,
BATTERSEA PARK LONDON - EPSOM DOWNS,P26054,1830,stop,2026-04-09,19:19:00,,
BATTERSEA PARK LONDON - EPSOM DOWNS,P26055,1830,stop,2026-04-25,19:19:00,,
SUTTON (SURREY) - ST ALBANS CITY,G84020,1919,stop,2026-04-02,19:19:00,,
BATTERSEA PARK LONDON - EPSOM DOWNS,P26055,1830,stop,2026-04-04,19:19:00,,
EPSOM - NORWOOD JUNCTION,P25280,1916,stop,2026-04-22,19:20:00,,
EPSOM - NORWOOD JUNCTION,P25280,1916,stop,2026-04-07,19:20:00,,
BATTERSEA PARK LONDON - EPSOM DOWNS,P26053,1830,stop,2026-04-05,19:20:00,,
EPSOM - NORWOOD JUNCTION,P25280,1916,stop,2026-04-01,19:20:00,,
EPSOM - NORWOOD JUNCTION,P25280,1916,stop,2026-04-17,19:20:00,,
EPSOM - NORWOOD JUNCTION,P25280,1916,stop,2026-04-08,19:20:00,,
EPSOM - NORWOOD JUNCTION,P25280,1916,stop,2026-04-20,19:20:00,,
EPSOM - NORWOOD JUNCTION,P25280,1916,stop,2026-04-28,19:20:00,,
EPSOM - NORWOOD JUNCTION,P25280,1916,stop,2026-04-09,19:20:00,,
EPSOM - NORWOOD JUNCTION,P25280,1916,stop,2026-04-16,19:20:00,,
EPSOM - NORWOOD JUNCTION,P25280,1916,stop,2026-04-29,19:20:00,,
EPSOM - NORWOOD JUNCTION,P25280,1916,stop,2026-04-30,19:20:00,,
SUTTON (SURREY) - ST ALBANS CITY,G84020,1919,stop,2026-04-29,19:19:00,,
SUTTON (SURREY) - ST ALBANS CITY,G84020,1919,stop,2026-04-07,19:19:00,,
EPSOM DOWNS - BATTERSEA PARK LONDON,P26081,1908,stop,2026-04-24,19:21:00,,
EPSOM DOWNS - BATTERSEA PARK LONDON,P26081,1908,stop,2026-04-29,19:21:00,,
EPSOM - NORWOOD JUNCTION,P25280,1916,stop,2026-04-10,19:20:00,,
EPSOM - NORWOOD JUNCTION,P25280,1916,stop,2026-04-14,19:20:00,,
EPSOM - NORWOOD JUNCTION,P25280,1916,stop,2026-04-03,19:20:00,,
EPSOM - NORWOOD JUNCTION,P25280,1916,stop,2026-04-13,19:20:00,,
EPSOM - NORWOOD JUNCTION,P25280,1916,stop,2026-04-02,19:20:00,,
EPSOM - NORWOOD JUNCTION,P25280,1916,stop,2026-04-21,19:20:00,,
EPSOM - NORWOOD JUNCTION,P25280,1916,stop,2026-04-27,19:20:00,,
EPSOM - NORWOOD JUNCTION,P25280,1916,stop,2026-04-23,19:20:00,,
EPSOM - NORWOOD JUNCTION,P25280,1916,stop,2026-04-06,19:20:00,,
EPSOM - NORWOOD JUNCTION,P25280,1916,stop,2026-04-15,19:20:00,,
EPSOM - NORWOOD JUNCTION,P25280,1916,stop,2026-04-24,19:20:00,,
EPSOM DOWNS - BATTERSEA PARK LONDON,P26081,1908,stop,2026-04-02,19:21:00,,
EPSOM DOWNS - BATTERSEA PARK LONDON,P26081,1908,stop,2026-04-21,19:21:00,,
EPSOM DOWNS - BATTERSEA PARK LONDON,P26081,1908,stop,2026-04-17,19:21:00,,
EPSOM DOWNS - BATTERSEA PARK LONDON,X95315,1908,stop,2026-04-03,19:21:00,,
EPSOM DOWNS - BATTERSEA PARK LONDON,P26081,1908,stop,2026-04-03,19:21:00,,
EPSOM DOWNS - BATTERSEA PARK LONDON,X00752,1908,stop,2026-04-06,19:21:00,,
EPSOM DOWNS - BATTERSEA PARK LONDON,P26081,1908,stop,2026-04-08,19:21:00,,
EPSOM DOWNS - BATTERSEA PARK LONDON,P26081,1908,stop,2026-04-27,19:21:00,,
EPSOM DOWNS - BATTERSEA PARK LONDON,P26081,1908,stop,2026-04-09,19:21:00,,
EPSOM DOWNS - BATTERSEA PARK LONDON,P26081,1908,stop,2026-04-07,19:21:00,,
EPSOM DOWNS - STREATHAM HILL,P26080,1908,stop,2026-04-19,19:21:00,,
EPSOM DOWNS - BATTERSEA PARK LONDON,P26081,1908,stop,2026-04-22,19:21:00,,
EPSOM DOWNS - BATTERSEA PARK LONDON,P26081,1908,stop,2026-04-01,19:21:00,,
EPSOM DOWNS - BATTERSEA PARK LONDON,P26081,1908,stop,2026-04-10,19:21:00,,
EPSOM DOWNS - BATTERSEA PARK LONDON,P26081,1908,stop,2026-04-30,19:21:00,,
EPSOM DOWNS - BATTERSEA PARK LONDON,P26082,1908,stop,2026-04-11,19:21:00,,
EPSOM DOWNS - BATTERSEA PARK LONDON,P26081,1908,stop,2026-04-14,19:21:00,,
EPSOM DOWNS - BATTERSEA PARK LONDON,P26081,1908,stop,2026-04-23,19:21:00,,
ST ALBANS CITY - SUTTON (SURREY),G85021,2207,stop,2026-04-30,23:37:00,,
ST ALBANS CITY - SUTTON (SURREY),G85021,2207,stop,2026-04-21,23:37:00,,
ST ALBANS CITY - SUTTON (SURREY),G85021,2207,stop,2026-04-29,23:37:00,,
ST ALBANS CITY - SUTTON (SURREY),G85021,2207,stop,2026-04-20,23:37:00,,
ST ALBANS CITY - SUTTON (SURREY),G85021,2207,stop,2026-04-24,23:37:00,,
ST ALBANS CITY - SUTTON (SURREY) (2),G25501,2207,stop,2026-04-18,23:37:00,,
ST ALBANS CITY - SUTTON (SURREY),G85021,2207,stop,2026-04-08,23:37:00,,
ST ALBANS CITY - SUTTON (SURREY),G85021,2207,stop,2026-04-17,23:37:00,,
ST ALBANS CITY - SUTTON (SURREY),G85021,2207,stop,2026-04-16,23:37:00,,
ST ALBANS CITY - SUTTON (SURREY),G85021,2207,stop,2026-04-15,23:37:00,,
ST ALBANS CITY - SUTTON (SURREY),G85021,2207,stop,2026-04-09,23:37:00,,
ST ALBANS CITY - SUTTON (SURREY),G85021,2207,stop,2026-04-27,23:37:00,,
EPSOM DOWNS - BATTERSEA PARK LONDON,P26081,1908,stop,2026-04-15,19:21:00,,
EPSOM DOWNS - BATTERSEA PARK LONDON,P26082,1908,stop,2026-04-04,19:21:00,,
EPSOM DOWNS - BATTERSEA PARK LONDON,P26080,1908,stop,2026-04-12,19:21:00,,
EPSOM DOWNS - BATTERSEA PARK LONDON,P26081,1908,stop,2026-04-06,19:21:00,,
EPSOM DOWNS - BATTERSEA PARK LONDON,P26081,1908,stop,2026-04-28,19:21:00,,
EPSOM DOWNS - BATTERSEA PARK LONDON,P26081,1908,stop,2026-04-20,19:21:00,,
EPSOM DOWNS - BATTERSEA PARK LONDON,P26082,1908,stop,2026-04-25,19:21:00,,
EPSOM DOWNS - BATTERSEA PARK LONDON,P26080,1908,stop,2026-04-26,19:21:00,,
EPSOM DOWNS - BATTERSEA PARK LONDON,P26081,1908,stop,2026-04-13,19:21:00,,
EPSOM DOWNS - STREATHAM HILL,P26082,1908,stop,2026-04-18,19:21:00,,
GUILDFORD - EARLSFIELD,L74297,1845,stop,2026-04-16,19:22:00,,
GUILDFORD - EARLSFIELD,L74297,1845,stop,2026-04-01,19:22:00,,
GUILDFORD - EARLSFIELD,L74297,1845,stop,2026-04-20,19:22:00,,
GUILDFORD - EARLSFIELD,L74297,1845,stop,2026-04-28,19:22:00,,
GUILDFORD - EARLSFIELD,L74298,1845,stop,2026-04-11,19:22:00,,
GUILDFORD - EARLSFIELD,L74297,1845,stop,2026-04-10,19:22:00,,
GUILDFORD - EARLSFIELD,L74297,1845,stop,2026-04-21,19:22:00,,
GUILDFORD - EARLSFIELD,L74298,1845,stop,2026-04-04,19:22:00,,
GUILDFORD - EARLSFIELD,L74297,1845,stop,2026-04-17,19:22:00,,
GUILDFORD - EARLSFIELD,L74297,1845,stop,2026-04-06,19:22:00,,
GUILDFORD - EARLSFIELD,L74297,1845,stop,2026-04-30,19:22:00,,
GUILDFORD - EARLSFIELD,L74298,1845,stop,2026-04-18,19:22:00,,
GUILDFORD - EARLSFIELD,L74297,1845,stop,2026-04-15,19:22:00,,
EPSOM DOWNS - BATTERSEA PARK LONDON,P26081,1908,stop,2026-04-16,19:21:00,,
GUILDFORD - EARLSFIELD,L74297,1845,stop,2026-04-23,19:22:00,,
GUILDFORD - EARLSFIELD,L74297,1845,stop,2026-04-09,19:22:00,,
GUILDFORD - EARLSFIELD,L74297,1845,stop,2026-04-03,19:22:00,,
GUILDFORD - EARLSFIELD,L74297,1845,stop,2026-04-07,19:22:00,,
GUILDFORD - EARLSFIELD,L74297,1845,stop,2026-04-08,19:22:00,,
GUILDFORD - EARLSFIELD,L74297,1845,stop,2026-04-14,19:22:00,,
GUILDFORD - EARLSFIELD,L74298,1845,stop,2026-04-25,19:22:00,,
GUILDFORD - EARLSFIELD,L74297,1845,stop,2026-04-13,19:22:00,,
GUILDFORD - EARLSFIELD,L74297,1845,stop,2026-04-29,19:22:00,,
GUILDFORD - EARLSFIELD,L74297,1845,stop,2026-04-22,19:22:00,,
MITCHAM EASTFIELDS - HORSHAM (2),P26725,1850,stop,2026-04-18,19:22:00,,
GUILDFORD - EARLSFIELD,Q38383,1845,stop,2026-04-03,19:22:00,,
GUILDFORD - EARLSFIELD,L74297,1845,stop,2026-04-27,19:22:00,,
GUILDFORD - EARLSFIELD,L74297,1845,stop,2026-04-24,19:22:00,,
GUILDFORD - EARLSFIELD,Q48944,1845,stop,2026-04-06,19:22:00,,
GUILDFORD - EARLSFIELD,L74297,1845,stop,2026-04-02,19:22:00,,
EARLSFIELD - GUILDFORD (2),P61618,1853,stop,2026-04-04,19:24:00,,
EARLSFIELD - GUILDFORD (2),P61618,1853,stop,2026-04-18,19:24:00,,
EARLSFIELD - GUILDFORD (2),Q48925,1853,stop,2026-04-06,19:24:00,,
EARLSFIELD - GUILDFORD (2),P61618,1853,stop,2026-04-11,19:24:00,,
EARLSFIELD - GUILDFORD (2),Q38377,1853,stop,2026-04-03,19:24:00,,
EARLSFIELD - GUILDFORD (2),P61617,1853,stop,2026-04-17,19:26:00,,
EARLSFIELD - GUILDFORD (2),P61617,1853,stop,2026-04-15,19:26:00,,
EARLSFIELD - GUILDFORD (2),P61617,1853,stop,2026-04-30,19:26:00,,
EARLSFIELD - GUILDFORD (2),P61617,1853,stop,2026-04-02,19:26:00,,
EARLSFIELD - GUILDFORD (2),P61617,1853,stop,2026-04-24,19:26:00,,
EARLSFIELD - GUILDFORD (2),P61617,1853,stop,2026-04-27,19:26:00,,
SUTTON (SURREY) - DORKING,X04912,1925,stop,2026-04-12,19:25:00,,
EARLSFIELD - GUILDFORD (2),P61618,1853,stop,2026-04-25,19:24:00,,
EARLSFIELD - GUILDFORD (2),P61617,1853,stop,2026-04-14,19:26:00,,
EARLSFIELD - GUILDFORD (2),P61617,1853,stop,2026-04-08,19:26:00,,
EARLSFIELD - GUILDFORD (2),P61617,1853,stop,2026-04-29,19:26:00,,
EARLSFIELD - GUILDFORD (2),P61617,1853,stop,2026-04-10,19:26:00,,
EARLSFIELD - GUILDFORD (2),P61617,1853,stop,2026-04-03,19:26:00,,
EARLSFIELD - GUILDFORD (2),P61617,1853,stop,2026-04-13,19:26:00,,
EARLSFIELD - GUILDFORD (2),P61617,1853,stop,2026-04-23,19:26:00,,
EARLSFIELD - GUILDFORD (2),P61617,1853,stop,2026-04-28,19:26:00,,
EARLSFIELD - GUILDFORD (2),P61617,1853,stop,2026-04-01,19:26:00,,
EARLSFIELD - GUILDFORD (2),P61617,1853,stop,2026-04-09,19:26:00,,
EARLSFIELD - GUILDFORD (2),P61617,1853,stop,2026-04-06,19:26:00,,
EARLSFIELD - GUILDFORD (2),P61617,1853,stop,2026-04-21,19:26:00,,
EARLSFIELD - GUILDFORD (2),P61617,1853,stop,2026-04-22,19:26:00,,
EARLSFIELD - GUILDFORD (2),P61617,1853,stop,2026-04-16,19:26:00,,
EARLSFIELD - GUILDFORD (2),P61617,1853,stop,2026-04-07,19:26:00,,
NORWOOD JUNCTION - EPSOM,P25279,1855,stop,2026-04-18,19:28:00,,
EPSOM DOWNS - BATTERSEA PARK LONDON,P26080,1908,stop,2026-04-05,19:28:00,,
NORWOOD JUNCTION - EPSOM,P25279,1855,stop,2026-04-04,19:28:00,,
NORWOOD JUNCTION - EPSOM,P25279,1855,stop,2026-04-11,19:28:00,,
NORWOOD JUNCTION - EPSOM,P25279,1855,stop,2026-04-25,19:28:00,,
SUTTON (SURREY) - TULSE HILL,X27283,1927,stop,2026-04-05,19:27:00,,
DORKING - EARLSFIELD,P61073,1907,stop,2026-04-05,19:27:00,,
DORKING - EARLSFIELD,P61073,1907,stop,2026-04-26,19:27:00,,
DORKING - EARLSFIELD,P61073,1907,stop,2026-04-19,19:27:00,,
DORKING - EARLSFIELD,P61073,1907,stop,2026-04-12,19:27:00,,
EARLSFIELD - GUILDFORD (2),P61617,1853,stop,2026-04-20,19:26:00,,
NORWOOD JUNCTION - EPSOM,P25278,1855,stop,2026-04-03,19:29:00,,
NORWOOD JUNCTION - EPSOM,P25278,1855,stop,2026-04-15,19:29:00,,
NORWOOD JUNCTION - EPSOM,P25278,1855,stop,2026-04-20,19:29:00,,
NORWOOD JUNCTION - EPSOM,P25278,1855,stop,2026-04-22,19:29:00,,
NORWOOD JUNCTION - EPSOM,P25278,1855,stop,2026-04-10,19:29:00,,
NORWOOD JUNCTION - EPSOM,P25278,1855,stop,2026-04-24,19:29:00,,
NORWOOD JUNCTION - EPSOM,P25278,1855,stop,2026-04-07,19:29:00,,
NORWOOD JUNCTION - EPSOM,P25278,1855,stop,2026-04-29,19:29:00,,
NORWOOD JUNCTION - EPSOM,P25278,1855,stop,2026-04-08,19:29:00,,
NORWOOD JUNCTION - EPSOM,P25278,1855,stop,2026-04-16,19:29:00,,
NORWOOD JUNCTION - EPSOM,P25278,1855,stop,2026-04-09,19:29:00,,
NORWOOD JUNCTION - EPSOM,P25278,1855,stop,2026-04-28,19:29:00,,
NORWOOD JUNCTION - EPSOM,P25278,1855,stop,2026-04-02,19:29:00,,
NORWOOD JUNCTION - EPSOM,P25278,1855,stop,2026-04-01,19:29:00,,
NORWOOD JUNCTION - EPSOM,X92807,1855,stop,2026-04-03,19:28:00,,
NORWOOD JUNCTION - EPSOM,X01425,1855,stop,2026-04-06,19:28:00,,
LUTON - WIMBLEDON,W59681,1752,stop,2026-04-05,19:31:00,,
NORWOOD JUNCTION - EPSOM,P25278,1855,stop,2026-04-06,19:29:00,,
NORWOOD JUNCTION - EPSOM,P25278,1855,stop,2026-04-30,19:29:00,,
NORWOOD JUNCTION - EPSOM,P25278,1855,stop,2026-04-27,19:29:00,,
NORWOOD JUNCTION - EPSOM,P25278,1855,stop,2026-04-23,19:29:00,,
NORWOOD JUNCTION - EPSOM,P25278,1855,stop,2026-04-14,19:29:00,,
NORWOOD JUNCTION - EPSOM,P25278,1855,stop,2026-04-21,19:29:00,,
NORWOOD JUNCTION - EPSOM,P25278,1855,stop,2026-04-17,19:29:00,,
NORWOOD JUNCTION - EPSOM,P25278,1855,stop,2026-04-13,19:29:00,,
DORKING - WORCESTER PARK,Q54829,1850,stop,2026-04-12,19:34:00,,
EARLSFIELD - DORKING,P61070,1902,stop,2026-04-26,19:33:00,,
EARLSFIELD - DORKING,P61070,1902,stop,2026-04-12,19:33:00,,
EARLSFIELD - DORKING,P61070,1902,stop,2026-04-05,19:33:00,,
EARLSFIELD - DORKING,P61070,1902,stop,2026-04-19,19:33:00,,
DORKING - BALHAM (2),P26735,1912,stop,2026-04-12,19:35:00,,
ST ALBANS CITY - SUTTON (SURREY),G25398,1807,stop,2026-04-25,19:37:00,,
DORKING - MITCHAM EASTFIELDS,P26734,1916,stop,2026-04-18,19:37:00,,
ST ALBANS CITY - SUTTON (SURREY),G25398,1807,stop,2026-04-18,19:37:00,,
ST ALBANS CITY - SUTTON (SURREY),G84985,1807,stop,2026-04-20,19:37:00,,
ST ALBANS CITY - SUTTON (SURREY),G25398,1807,stop,2026-04-11,19:37:00,,
WEST HAMPSTEAD THAMESLINK - SUTTON (SURREY) (2),W59681,1830,stop,2026-04-19,19:37:00,,
DORKING - MITCHAM EASTFIELDS,P26735,1912,stop,2026-04-19,19:35:00,,
DORKING - BALHAM (2),P26735,1912,stop,2026-04-26,19:35:00,,
ST ALBANS CITY - SUTTON (SURREY),G84985,1807,stop,2026-04-17,19:37:00,,
ST ALBANS CITY - SUTTON (SURREY),G84985,1807,stop,2026-04-16,19:37:00,,
ST ALBANS CITY - SUTTON (SURREY),G84985,1807,stop,2026-04-02,19:37:00,,
ST ALBANS CITY - SUTTON (SURREY),G84985,1807,stop,2026-04-21,19:37:00,,
LUTON - SUTTON (SURREY) (2),W59681,1752,stop,2026-04-26,19:37:00,,
ST ALBANS CITY - SUTTON (SURREY),G25398,1807,stop,2026-04-04,19:37:00,,
ST ALBANS CITY - SUTTON (SURREY),G84985,1807,stop,2026-04-22,19:37:00,,
ST ALBANS CITY - SUTTON (SURREY),G84985,1807,stop,2026-04-24,19:37:00,,
ST ALBANS CITY - SUTTON (SURREY),G84985,1807,stop,2026-04-07,19:37:00,,
ST ALBANS CITY - SUTTON (SURREY),G84985,1807,stop,2026-04-10,19:37:00,,
ST ALBANS CITY - SUTTON (SURREY),G84985,1807,stop,2026-04-29,19:37:00,,
ST ALBANS CITY - SUTTON (SURREY),G84985,1807,stop,2026-04-30,19:37:00,,
LUTON - SUTTON (SURREY) (2),W59681,1752,stop,2026-04-12,19:37:00,,
ST ALBANS CITY - SUTTON (SURREY),G84985,1807,stop,2026-04-06,19:37:00,,
ST ALBANS CITY - SUTTON (SURREY),G84985,1807,stop,2026-04-03,19:37:00,,
ST ALBANS CITY - SUTTON (SURREY),G84985,1807,stop,2026-04-23,19:37:00,,
DORKING - BALHAM (3),P26733,1917,stop,2026-04-13,19:39:00,,
DORKING - BALHAM (3),P26733,1917,stop,2026-04-23,19:39:00,,
DORKING - BALHAM (3),P26733,1917,stop,2026-04-16,19:39:00,,
DORKING - BALHAM (3),P26735,1916,stop,2026-04-05,19:38:00,,
ST ALBANS CITY - SUTTON (SURREY),G84985,1807,stop,2026-04-08,19:37:00,,
ST ALBANS CITY - SUTTON (SURREY),G84985,1807,stop,2026-04-27,19:37:00,,
ST ALBANS CITY - SUTTON (SURREY),G84985,1807,stop,2026-04-13,19:37:00,,
ST ALBANS CITY - SUTTON (SURREY),G84985,1807,stop,2026-04-15,19:37:00,,
ST ALBANS CITY - SUTTON (SURREY),G84985,1807,stop,2026-04-01,19:37:00,,
ST ALBANS CITY - SUTTON (SURREY),G84985,1807,stop,2026-04-14,19:37:00,,
ST ALBANS CITY - SUTTON (SURREY),G84985,1807,stop,2026-04-09,19:37:00,,
ST ALBANS CITY - SUTTON (SURREY),G84985,1807,stop,2026-04-28,19:37:00,,
DORKING - BALHAM (3),P26733,1917,stop,2026-04-17,19:39:00,,
DORKING - BALHAM,X95301,1916,stop,2026-04-03,19:39:00,,
DORKING - BALHAM (3),P26733,1917,stop,2026-04-08,19:39:00,,
DORKING - BALHAM (3),P26733,1917,stop,2026-04-09,19:39:00,,
DORKING - BALHAM (3),P26733,1917,stop,2026-04-06,19:39:00,,
DORKING - BALHAM,P26734,1916,stop,2026-04-04,19:39:00,,
DORKING - BALHAM (3),P26733,1917,stop,2026-04-20,19:39:00,,
DORKING - BALHAM (3),P26733,1917,stop,2026-04-30,19:39:00,,
DORKING - BALHAM (3),P26733,1917,stop,2026-04-29,19:39:00,,
DORKING - BALHAM (3),P26733,1917,stop,2026-04-15,19:39:00,,
DORKING - BALHAM,P26734,1916,stop,2026-04-25,19:39:00,,
DORKING - BALHAM (3),P26733,1917,stop,2026-04-01,19:39:00,,
DORKING - BALHAM (3),P26733,1917,stop,2026-04-27,19:39:00,,
DORKING - BALHAM (3),P26733,1917,stop,2026-04-07,19:39:00,,
DORKING - BALHAM (3),P26733,1917,stop,2026-04-28,19:39:00,,
DORKING - BALHAM (3),P26733,1917,stop,2026-04-14,19:39:00,,
SUTTON (SURREY) - BATTERSEA PARK LONDON,P26090,1941,stop,2026-04-23,19:41:00,,
SUTTON (SURREY) - BATTERSEA PARK LONDON,P26090,1941,stop,2026-04-03,19:41:00,,
SUTTON (SURREY) - BATTERSEA PARK LONDON,P26090,1941,stop,2026-04-30,19:41:00,,
SUTTON (SURREY) - BATTERSEA PARK LONDON,P26090,1941,stop,2026-04-02,19:41:00,,
BALHAM - DORKING (3),P26732,1908,stop,2026-04-26,19:40:00,,
MITCHAM EASTFIELDS - DORKING,P26732,1908,stop,2026-04-19,19:40:00,,
SUTTON (SURREY) - STREATHAM HILL,P27186,1940,stop,2026-04-18,19:40:00,,
DORKING - BALHAM,X00968,1916,stop,2026-04-06,19:39:00,,
DORKING - BALHAM (3),P26733,1917,stop,2026-04-22,19:39:00,,
DORKING - BALHAM (3),P26733,1917,stop,2026-04-24,19:39:00,,
DORKING - BALHAM (3),P26733,1917,stop,2026-04-21,19:39:00,,
DORKING - BALHAM (3),P26733,1917,stop,2026-04-02,19:39:00,,
DORKING - BALHAM (3),P26733,1917,stop,2026-04-10,19:39:00,,
DORKING - BALHAM,P26734,1916,stop,2026-04-11,19:39:00,,
DORKING - BALHAM (3),P26733,1917,stop,2026-04-03,19:39:00,,
SUTTON (SURREY) - BATTERSEA PARK LONDON,P26090,1941,stop,2026-04-09,19:41:00,,
SUTTON (SURREY) - BATTERSEA PARK LONDON,P26090,1941,stop,2026-04-06,19:41:00,,
SUTTON (SURREY) - BATTERSEA PARK LONDON,P26090,1941,stop,2026-04-16,19:41:00,,
SUTTON (SURREY) - BATTERSEA PARK LONDON,P26090,1941,stop,2026-04-24,19:41:00,,
SUTTON (SURREY) - BATTERSEA PARK LONDON,P26090,1941,stop,2026-04-10,19:41:00,,
SUTTON (SURREY) - BATTERSEA PARK LONDON,P26090,1941,stop,2026-04-07,19:41:00,,
SUTTON (SURREY) - BATTERSEA PARK LONDON,P26090,1941,stop,2026-04-13,19:41:00,,
SUTTON (SURREY) - BATTERSEA PARK LONDON,P26090,1941,stop,2026-04-27,19:41:00,,
SUTTON (SURREY) - BATTERSEA PARK LONDON,P26090,1941,stop,2026-04-28,19:41:00,,
SUTTON (SURREY) - BATTERSEA PARK LONDON,P26090,1941,stop,2026-04-15,19:41:00,,
SUTTON (SURREY) - BATTERSEA PARK LONDON,P26090,1941,stop,2026-04-20,19:41:00,,
SUTTON (SURREY) - BATTERSEA PARK LONDON,P26090,1941,stop,2026-04-21,19:41:00,,
SUTTON (SURREY) - BATTERSEA PARK LONDON,P26090,1941,stop,2026-04-29,19:41:00,,
SUTTON (SURREY) - BATTERSEA PARK LONDON,P26090,1941,stop,2026-04-17,19:41:00,,
SUTTON (SURREY) - BATTERSEA PARK LONDON,P26090,1941,stop,2026-04-08,19:41:00,,
SUTTON (SURREY) - BALHAM (2),P26735,1942,stop,2026-04-12,19:42:00,,
SUTTON (SURREY) - BATTERSEA PARK LONDON,P26090,1941,stop,2026-04-14,19:41:00,,
SUTTON (SURREY) - BATTERSEA PARK LONDON,P26090,1941,stop,2026-04-22,19:41:00,,
SUTTON (SURREY) - BATTERSEA PARK LONDON,P26090,1941,stop,2026-04-01,19:41:00,,
BALHAM - DORKING (2),X00967,1911,stop,2026-04-06,19:43:00,,
BALHAM - DORKING,P26730,1911,stop,2026-04-23,19:43:00,,
BALHAM - DORKING (2),X95312,1911,stop,2026-04-03,19:43:00,,
BALHAM - DORKING,P26730,1911,stop,2026-04-28,19:43:00,,
BALHAM - DORKING,P26730,1911,stop,2026-04-02,19:43:00,,
BALHAM - DORKING,P26730,1911,stop,2026-04-01,19:43:00,,
BALHAM - DORKING,P26730,1911,stop,2026-04-03,19:43:00,,
BALHAM - DORKING,P26730,1911,stop,2026-04-06,19:43:00,,
BALHAM - DORKING,P26730,1911,stop,2026-04-13,19:43:00,,
BALHAM - DORKING,P26730,1911,stop,2026-04-08,19:43:00,,
BALHAM - DORKING (2),P26731,1911,stop,2026-04-11,19:43:00,,
BALHAM - DORKING,P26730,1911,stop,2026-04-27,19:43:00,,
BALHAM - DORKING,P26730,1911,stop,2026-04-30,19:43:00,,
BALHAM - DORKING,P26730,1911,stop,2026-04-24,19:43:00,,
BALHAM - DORKING,P26730,1911,stop,2026-04-09,19:43:00,,
BALHAM - DORKING (3),P26732,1908,stop,2026-04-12,19:43:00,,
BALHAM - DORKING,P26730,1911,stop,2026-04-16,19:43:00,,
BALHAM - DORKING,P26730,1911,stop,2026-04-07,19:43:00,,
BALHAM - DORKING,P26730,1911,stop,2026-04-21,19:43:00,,
BALHAM - DORKING,P26730,1911,stop,2026-04-29,19:43:00,,
BALHAM - DORKING (2),P26731,1911,stop,2026-04-25,19:43:00,,
BALHAM - DORKING,P26730,1911,stop,2026-04-20,19:43:00,,
BALHAM - DORKING (2),P26731,1911,stop,2026-04-04,19:43:00,,
BALHAM - DORKING,P26730,1911,stop,2026-04-14,19:43:00,,
BALHAM - DORKING,P26730,1911,stop,2026-04-15,19:43:00,,
BALHAM - DORKING,P26730,1911,stop,2026-04-17,19:43:00,,
BALHAM - DORKING,P26730,1911,stop,2026-04-10,19:43:00,,
BALHAM - DORKING,P26730,1911,stop,2026-04-22,19:43:00,,
SUTTON (SURREY) - ST ALBANS CITY (3),G84990,1946,stop,2026-04-28,19:46:00,,
SUTTON (SURREY) - ST ALBANS CITY (6),G84988,1946,stop,2026-04-19,19:46:00,,
SUTTON (SURREY) - ST ALBANS CITY (3),G84990,1946,stop,2026-04-21,19:46:00,,
SUTTON (SURREY) - ST ALBANS CITY (3),G84990,1946,stop,2026-04-15,19:46:00,,
SUTTON (SURREY) - ST ALBANS CITY (3),G84990,1946,stop,2026-04-16,19:46:00,,
SUTTON (SURREY) - ST ALBANS CITY (3),G84990,1946,stop,2026-04-23,19:46:00,,
SUTTON (SURREY) - ST ALBANS CITY (3),G84990,1946,stop,2026-04-29,19:46:00,,
WIMBLEDON - LUTON,G84025,1933,stop,2026-04-05,19:45:00,,
BALHAM - DORKING (6),P26732,1908,stop,2026-04-05,19:44:00,,
SUTTON (SURREY) - ST ALBANS CITY (3),G25443,1946,stop,2026-04-11,19:46:00,,
SUTTON (SURREY) - ST ALBANS CITY (3),G84990,1946,stop,2026-04-24,19:46:00,,
SUTTON (SURREY) - ST ALBANS CITY (3),G84990,1946,stop,2026-04-17,19:46:00,,
SUTTON (SURREY) - ST ALBANS CITY (3),G84990,1946,stop,2026-04-22,19:46:00,,
SUTTON (SURREY) - ST ALBANS CITY (3),G84990,1946,stop,2026-04-27,19:46:00,,
SUTTON (SURREY) - ST ALBANS CITY (3),G84990,1946,stop,2026-04-30,19:46:00,,
SUTTON (SURREY) - ST ALBANS CITY (3),G25443,1946,stop,2026-04-25,19:46:00,,
SUTTON (SURREY) - ST ALBANS CITY (3),G84990,1946,stop,2026-04-20,19:46:00,,
SUTTON (SURREY) - ST ALBANS CITY (6),G84988,1946,stop,2026-04-26,19:46:00,,
SUTTON (SURREY) - ST ALBANS CITY (3),G84990,1946,stop,2026-04-06,19:46:00,,
SUTTON (SURREY) - ST ALBANS CITY (3),G25443,1946,stop,2026-04-04,19:46:00,,
SUTTON (SURREY) - ST ALBANS CITY (3),G84990,1946,stop,2026-04-03,19:46:00,,
SUTTON (SURREY) - ST ALBANS CITY (3),G84990,1946,stop,2026-04-07,19:46:00,,
SUTTON (SURREY) - ST ALBANS CITY (3),G84990,1946,stop,2026-04-13,19:46:00,,
SUTTON (SURREY) - ST ALBANS CITY (3),G84990,1946,stop,2026-04-02,19:46:00,,
SUTTON (SURREY) - ST ALBANS CITY (3),G84990,1946,stop,2026-04-08,19:46:00,,
SUTTON (SURREY) - ST ALBANS CITY (3),G25443,1947,stop,2026-04-18,19:47:00,,
SUTTON (SURREY) - ST ALBANS CITY (6),G84988,1946,stop,2026-04-12,19:46:00,,
SUTTON (SURREY) - ST ALBANS CITY (3),G84990,1946,stop,2026-04-09,19:46:00,,
SUTTON (SURREY) - ST ALBANS CITY (3),G84990,1946,stop,2026-04-10,19:46:00,,
SUTTON (SURREY) - ST ALBANS CITY (3),G84990,1946,stop,2026-04-01,19:46:00,,
SUTTON (SURREY) - ST ALBANS CITY (6),G84988,1946,stop,2026-04-05,19:46:00,,
SUTTON (SURREY) - ST ALBANS CITY (3),G84990,1946,stop,2026-04-14,19:46:00,,
BATTERSEA PARK LONDON - EPSOM DOWNS,P26069,1900,stop,2026-04-28,19:49:00,,
SUTTON (SURREY) - ST ALBANS CITY,G25444,1949,stop,2026-04-11,19:49:00,,
EPSOM - NORWOOD JUNCTION,P25284,1945,stop,2026-04-22,19:49:00,,
EPSOM - NORWOOD JUNCTION,P25285,1945,stop,2026-04-04,19:49:00,,
EPSOM - NORWOOD JUNCTION,P25284,1945,stop,2026-04-14,19:49:00,,
BATTERSEA PARK LONDON - EPSOM DOWNS,P26070,1900,stop,2026-04-25,19:49:00,,
BATTERSEA PARK LONDON - EPSOM DOWNS,P26068,1900,stop,2026-04-12,19:49:00,,
SUTTON (SURREY) - ST ALBANS CITY,G84026,1949,stop,2026-04-17,19:49:00,,
EPSOM - NORWOOD JUNCTION,P25284,1945,stop,2026-04-17,19:49:00,,
BATTERSEA PARK LONDON - EPSOM DOWNS,P26069,1900,stop,2026-04-24,19:49:00,,
SUTTON (SURREY) - ST ALBANS CITY,G84026,1949,stop,2026-04-21,19:49:00,,
EPSOM - NORWOOD JUNCTION,P25284,1945,stop,2026-04-07,19:49:00,,
SUTTON (SURREY) - ST ALBANS CITY,G84026,1949,stop,2026-04-10,19:49:00,,
SUTTON (SURREY) - ST ALBANS CITY,G84026,1949,stop,2026-04-06,19:49:00,,
WORCESTER PARK - EFFINGHAM JUNCTION,Q54799,1935,stop,2026-04-12,19:48:00,,
DORKING - SUTTON (SURREY),X04875,1903,stop,2026-04-12,19:47:00,,
BATTERSEA PARK LONDON - EPSOM DOWNS,P26069,1900,stop,2026-04-09,19:49:00,,
SUTTON (SURREY) - ST ALBANS CITY,G84026,1949,stop,2026-04-08,19:49:00,,
BATTERSEA PARK LONDON - EPSOM DOWNS,P26069,1900,stop,2026-04-01,19:49:00,,
EPSOM - NORWOOD JUNCTION,P25284,1945,stop,2026-04-08,19:49:00,,
BATTERSEA PARK LONDON - EPSOM DOWNS,P26069,1900,stop,2026-04-13,19:49:00,,
SUTTON (SURREY) - ST ALBANS CITY,G84026,1949,stop,2026-04-09,19:49:00,,
EPSOM - NORWOOD JUNCTION,P25284,1945,stop,2026-04-10,19:49:00,,
BATTERSEA PARK LONDON - EPSOM DOWNS,P26069,1900,stop,2026-04-07,19:49:00,,
EPSOM - NORWOOD JUNCTION,P25284,1945,stop,2026-04-02,19:49:00,,
EPSOM - NORWOOD JUNCTION,P25284,1945,stop,2026-04-01,19:49:00,,
SUTTON (SURREY) - ST ALBANS CITY,G84026,1949,stop,2026-04-22,19:49:00,,
BATTERSEA PARK LONDON - EPSOM DOWNS,P26069,1900,stop,2026-04-27,19:49:00,,
SUTTON (SURREY) - ST ALBANS CITY,G84026,1949,stop,2026-04-30,19:49:00,,
BATTERSEA PARK LONDON - EPSOM DOWNS,P26069,1900,stop,2026-04-14,19:49:00,,
BATTERSEA PARK LONDON - EPSOM DOWNS,X95326,1900,stop,2026-04-03,19:49:00,,
BATTERSEA PARK LONDON - EPSOM DOWNS,P26069,1900,stop,2026-04-03,19:49:00,,
BATTERSEA PARK LONDON - EPSOM DOWNS,P26069,1900,stop,2026-04-08,19:49:00,,
SUTTON (SURREY) - WEST HAMPSTEAD THAMESLINK,G84025,1949,stop,2026-04-19,19:49:00,,
BATTERSEA PARK LONDON - EPSOM DOWNS,P26069,1900,stop,2026-04-10,19:49:00,,
SUTTON (SURREY) - ST ALBANS CITY,G84026,1949,stop,2026-04-16,19:49:00,,
BATTERSEA PARK LONDON - EPSOM DOWNS,P26069,1900,stop,2026-04-23,19:49:00,,
SUTTON (SURREY) - ST ALBANS CITY,G84026,1949,stop,2026-04-23,19:49:00,,
EPSOM - NORWOOD JUNCTION,P25284,1945,stop,2026-04-13,19:49:00,,
BATTERSEA PARK LONDON - EPSOM DOWNS,P26069,1900,stop,2026-04-20,19:49:00,,
BATTERSEA PARK LONDON - EPSOM DOWNS,P26069,1900,stop,2026-04-21,19:49:00,,
SUTTON (SURREY) - ST ALBANS CITY,G84026,1949,stop,2026-04-13,19:49:00,,
SUTTON (SURREY) - LUTON,G84025,1949,stop,2026-04-12,19:49:00,,
STREATHAM HILL - EPSOM DOWNS,P26070,1913,stop,2026-04-18,19:49:00,,
EPSOM - NORWOOD JUNCTION,P25284,1945,stop,2026-04-20,19:49:00,,
SUTTON (SURREY) - ST ALBANS CITY,G25444,1949,stop,2026-04-18,19:49:00,,
SUTTON (SURREY) - ST ALBANS CITY,G25444,1949,stop,2026-04-25,19:49:00,,
EPSOM - NORWOOD JUNCTION,P25284,1945,stop,2026-04-28,19:49:00,,
BATTERSEA PARK LONDON - EPSOM DOWNS,P26070,1900,stop,2026-04-04,19:49:00,,
BATTERSEA PARK LONDON - EPSOM DOWNS,P26068,1900,stop,2026-04-26,19:49:00,,
SUTTON (SURREY) - ST ALBANS CITY,G84026,1949,stop,2026-04-27,19:49:00,,
SUTTON (SURREY) - ST ALBANS CITY,G84026,1949,stop,2026-04-02,19:49:00,,
EPSOM - NORWOOD JUNCTION,P25284,1945,stop,2026-04-24,19:49:00,,
BATTERSEA PARK LONDON - EPSOM DOWNS,P26069,1900,stop,2026-04-22,19:49:00,,
SUTTON (SURREY) - ST ALBANS CITY,G84026,1949,stop,2026-04-03,19:49:00,,
SUTTON (SURREY) - ST ALBANS CITY,G84026,1949,stop,2026-04-29,19:49:00,,
SUTTON (SURREY) - ST ALBANS CITY,G84026,1949,stop,2026-04-15,19:49:00,,
SUTTON (SURREY) - ST ALBANS CITY,G84026,1949,stop,2026-04-07,19:49:00,,
SUTTON (SURREY) - ST ALBANS CITY,G84026,1949,stop,2026-04-20,19:49:00,,
EPSOM - NORWOOD JUNCTION,P25284,1945,stop,2026-04-21,19:49:00,,
EPSOM - NORWOOD JUNCTION,X95264,1945,stop,2026-04-03,19:49:00,,
EPSOM - NORWOOD JUNCTION,P25284,1945,stop,2026-04-03,19:49:00,,
SUTTON (SURREY) - ST ALBANS CITY,G84026,1949,stop,2026-04-28,19:49:00,,
BATTERSEA PARK LONDON - EPSOM DOWNS,P26069,1900,stop,2026-04-02,19:49:00,,
BATTERSEA PARK LONDON - EPSOM DOWNS,P26069,1900,stop,2026-04-29,19:49:00,,
BATTERSEA PARK LONDON - EPSOM DOWNS,P26070,1900,stop,2026-04-11,19:49:00,,
EPSOM - NORWOOD JUNCTION,P25284,1945,stop,2026-04-27,19:49:00,,
BATTERSEA PARK LONDON - EPSOM DOWNS,P26069,1900,stop,2026-04-06,19:49:00,,
BATTERSEA PARK LONDON - EPSOM DOWNS,X00525,1900,stop,2026-04-06,19:49:00,,
SUTTON (SURREY) - ST ALBANS CITY,G84026,1949,stop,2026-04-24,19:49:00,,
EPSOM - NORWOOD JUNCTION,P25285,1945,stop,2026-04-18,19:49:00,,
SUTTON (SURREY) - ST ALBANS CITY,G84026,1949,stop,2026-04-01,19:49:00,,
EPSOM - NORWOOD JUNCTION,P25285,1945,stop,2026-04-25,19:49:00,,
STREATHAM HILL - EPSOM DOWNS,P26068,1913,stop,2026-04-19,19:49:00,,
EPSOM - NORWOOD JUNCTION,P25284,1945,stop,2026-04-15,19:49:00,,
BATTERSEA PARK LONDON - EPSOM DOWNS,P26069,1900,stop,2026-04-16,19:49:00,,
EPSOM - NORWOOD JUNCTION,P25285,1945,stop,2026-04-11,19:49:00,,
EPSOM - NORWOOD JUNCTION,P25284,1945,stop,2026-04-23,19:49:00,,
SUTTON (SURREY) - ST ALBANS CITY,G84026,1949,stop,2026-04-14,19:49:00,,
EPSOM - NORWOOD JUNCTION,P25284,1945,stop,2026-04-29,19:49:00,,
EPSOM - NORWOOD JUNCTION,P25284,1945,stop,2026-04-09,19:49:00,,
EPSOM - NORWOOD JUNCTION,P25284,1945,stop,2026-04-06,19:49:00,,
SUTTON (SURREY) - LUTON,G84025,1949,stop,2026-04-26,19:49:00,,
BATTERSEA PARK LONDON - EPSOM DOWNS,P26069,1900,stop,2026-04-15,19:49:00,,
EPSOM - NORWOOD JUNCTION,P25284,1945,stop,2026-04-16,19:49:00,,
BATTERSEA PARK LONDON - EPSOM DOWNS,P26069,1900,stop,2026-04-30,19:49:00,,
EPSOM - NORWOOD JUNCTION,P25284,1945,stop,2026-04-30,19:49:00,,
BATTERSEA PARK LONDON - EPSOM DOWNS,P26069,1900,stop,2026-04-17,19:49:00,,
EPSOM - NORWOOD JUNCTION,X01428,1945,stop,2026-04-06,19:49:00,,
SUTTON (SURREY) - ST ALBANS CITY,G25444,1949,stop,2026-04-04,19:49:00,,
BATTERSEA PARK LONDON - EPSOM DOWNS,P26068,1900,stop,2026-04-05,19:49:00,,
EPSOM DOWNS - BATTERSEA PARK LONDON,P26096,1938,stop,2026-04-15,19:51:00,,
EPSOM DOWNS - BATTERSEA PARK LONDON,P26096,1938,stop,2026-04-30,19:51:00,,
EPSOM DOWNS - BATTERSEA PARK LONDON,P26096,1938,stop,2026-04-29,19:51:00,,
EPSOM DOWNS - BATTERSEA PARK LONDON,P26096,1938,stop,2026-04-14,19:51:00,,
EPSOM DOWNS - BATTERSEA PARK LONDON,P26096,1938,stop,2026-04-21,19:51:00,,
EPSOM DOWNS - BATTERSEA PARK LONDON,P26096,1938,stop,2026-04-02,19:51:00,,
EPSOM DOWNS - BATTERSEA PARK LONDON,P26096,1938,stop,2026-04-09,19:51:00,,
EPSOM DOWNS - BATTERSEA PARK LONDON,P26095,1938,stop,2026-04-26,19:51:00,,
EPSOM DOWNS - BATTERSEA PARK LONDON,P26096,1938,stop,2026-04-20,19:51:00,,
EPSOM DOWNS - STREATHAM HILL,P26095,1938,stop,2026-04-19,19:51:00,,
EPSOM DOWNS - BATTERSEA PARK LONDON,P26096,1938,stop,2026-04-01,19:51:00,,
EPSOM DOWNS - BATTERSEA PARK LONDON,P26096,1938,stop,2026-04-13,19:51:00,,
EPSOM DOWNS - BATTERSEA PARK LONDON,P26096,1938,stop,2026-04-16,19:51:00,,
EPSOM DOWNS - STREATHAM HILL,P26097,1938,stop,2026-04-18,19:51:00,,
EPSOM DOWNS - BATTERSEA PARK LONDON,P26096,1938,stop,2026-04-10,19:51:00,,
EPSOM DOWNS - BATTERSEA PARK LONDON,P26096,1938,stop,2026-04-23,19:51:00,,
EPSOM DOWNS - BATTERSEA PARK LONDON,X00756,1938,stop,2026-04-06,19:51:00,,
EPSOM DOWNS - BATTERSEA PARK LONDON,P26096,1938,stop,2026-04-06,19:51:00,,
EPSOM DOWNS - BATTERSEA PARK LONDON,X95274,1938,stop,2026-04-03,19:51:00,,
EPSOM DOWNS - BATTERSEA PARK LONDON,P26096,1938,stop,2026-04-03,19:51:00,,
EPSOM DOWNS - BATTERSEA PARK LONDON,P26097,1938,stop,2026-04-04,19:51:00,,
EPSOM DOWNS - BATTERSEA PARK LONDON,P26097,1938,stop,2026-04-11,19:51:00,,
EPSOM DOWNS - BATTERSEA PARK LONDON,P26096,1938,stop,2026-04-24,19:51:00,,
EPSOM DOWNS - BATTERSEA PARK LONDON,P26096,1938,stop,2026-04-08,19:51:00,,
EPSOM DOWNS - BATTERSEA PARK LONDON,P26096,1938,stop,2026-04-22,19:51:00,,
EPSOM DOWNS - BATTERSEA PARK LONDON,P26097,1938,stop,2026-04-25,19:51:00,,
EPSOM DOWNS - BATTERSEA PARK LONDON,P26096,1938,stop,2026-04-28,19:51:00,,
EPSOM DOWNS - BATTERSEA PARK LONDON,P26096,1938,stop,2026-04-07,19:51:00,,
EPSOM DOWNS - BATTERSEA PARK LONDON,P26096,1938,stop,2026-04-27,19:51:00,,
EPSOM DOWNS - BATTERSEA PARK LONDON,P26096,1938,stop,2026-04-17,19:51:00,,
EPSOM DOWNS - BATTERSEA PARK LONDON,P26095,1938,stop,2026-04-12,19:51:00,,
DORKING - EARLSFIELD,P61077,1932,stop,2026-04-03,19:52:00,,
DORKING - EARLSFIELD,P61077,1932,stop,2026-04-20,19:52:00,,
DORKING - EARLSFIELD,P61077,1932,stop,2026-04-13,19:52:00,,
DORKING - EARLSFIELD,P61077,1932,stop,2026-04-27,19:52:00,,
DORKING - EARLSFIELD,P61077,1932,stop,2026-04-06,19:52:00,,
DORKING - EARLSFIELD,P61077,1932,stop,2026-04-17,19:52:00,,
DORKING - EARLSFIELD,P61078,1932,stop,2026-04-18,19:52:00,,
DORKING - EARLSFIELD,P61077,1932,stop,2026-04-02,19:52:00,,
MITCHAM EASTFIELDS - DORKING (2),P26731,1920,stop,2026-04-18,19:52:00,,
DORKING - EARLSFIELD,P61077,1932,stop,2026-04-21,19:52:00,,
DORKING - EARLSFIELD,P61077,1932,stop,2026-04-22,19:52:00,,
DORKING - EARLSFIELD,P61077,1932,stop,2026-04-14,19:52:00,,
DORKING - EARLSFIELD,P61077,1932,stop,2026-04-23,19:52:00,,
DORKING - EARLSFIELD,P61077,1932,stop,2026-04-07,19:52:00,,
DORKING - EARLSFIELD,Q38347,1932,stop,2026-04-03,19:52:00,,
DORKING - EARLSFIELD,Q48745,1932,stop,2026-04-06,19:52:00,,
DORKING - EARLSFIELD,P61077,1932,stop,2026-04-24,19:52:00,,
DORKING - EARLSFIELD,P61077,1932,stop,2026-04-15,19:52:00,,
DORKING - EARLSFIELD,P61078,1932,stop,2026-04-25,19:52:00,,
DORKING - EARLSFIELD,P61077,1932,stop,2026-04-09,19:52:00,,
DORKING - EARLSFIELD,P61077,1932,stop,2026-04-08,19:52:00,,
DORKING - EARLSFIELD,P61077,1932,stop,2026-04-01,19:52:00,,
DORKING - EARLSFIELD,P61077,1932,stop,2026-04-16,19:52:00,,
DORKING - EARLSFIELD,P61078,1932,stop,2026-04-04,19:52:00,,
EARLSFIELD - DORKING,P61068,1923,stop,2026-04-01,19:54:00,,
EARLSFIELD - DORKING,P61068,1923,stop,2026-04-21,19:54:00,,
EARLSFIELD - DORKING,P61068,1923,stop,2026-04-08,19:54:00,,
EARLSFIELD - DORKING,P61068,1923,stop,2026-04-02,19:54:00,,
EARLSFIELD - DORKING,P61068,1923,stop,2026-04-17,19:54:00,,
EARLSFIELD - DORKING,P61069,1923,stop,2026-04-18,19:54:00,,
DORKING - EARLSFIELD,P61077,1932,stop,2026-04-28,19:52:00,,
DORKING - EARLSFIELD,P61077,1932,stop,2026-04-10,19:52:00,,
DORKING - EARLSFIELD,P61077,1932,stop,2026-04-29,19:52:00,,
DORKING - EARLSFIELD,P61078,1932,stop,2026-04-11,19:52:00,,
DORKING - EARLSFIELD,P61077,1932,stop,2026-04-30,19:52:00,,
EARLSFIELD - DORKING,P61069,1923,stop,2026-04-04,19:54:00,,
EARLSFIELD - DORKING,P61068,1923,stop,2026-04-09,19:54:00,,
EARLSFIELD - DORKING,P61069,1923,stop,2026-04-11,19:54:00,,
EARLSFIELD - DORKING,P61068,1923,stop,2026-04-16,19:54:00,,
EARLSFIELD - DORKING,P61068,1923,stop,2026-04-06,19:54:00,,
EARLSFIELD - DORKING,Q48768,1923,stop,2026-04-06,19:54:00,,
EARLSFIELD - DORKING,P61068,1923,stop,2026-04-13,19:54:00,,
EARLSFIELD - DORKING,P61068,1923,stop,2026-04-23,19:54:00,,
EARLSFIELD - DORKING,P61068,1923,stop,2026-04-28,19:54:00,,
EARLSFIELD - DORKING,P61068,1923,stop,2026-04-03,19:54:00,,
EARLSFIELD - DORKING,P61068,1923,stop,2026-04-30,19:54:00,,
EARLSFIELD - DORKING,P61068,1923,stop,2026-04-15,19:54:00,,
EARLSFIELD - DORKING,P61068,1923,stop,2026-04-20,19:54:00,,
EARLSFIELD - DORKING,P61068,1923,stop,2026-04-27,19:54:00,,
EARLSFIELD - DORKING,P61068,1923,stop,2026-04-29,19:54:00,,
EARLSFIELD - DORKING,P61069,1923,stop,2026-04-25,19:54:00,,
SUTTON (SURREY) - DORKING,X04911,1955,stop,2026-04-12,19:55:00,,
EARLSFIELD - DORKING,P61068,1923,stop,2026-04-24,19:54:00,,
EARLSFIELD - DORKING,P61068,1923,stop,2026-04-07,19:54:00,,
EARLSFIELD - DORKING,P61068,1923,stop,2026-04-10,19:54:00,,
EARLSFIELD - DORKING,P61068,1923,stop,2026-04-14,19:54:00,,
EARLSFIELD - DORKING,Q38357,1923,stop,2026-04-03,19:54:00,,
EARLSFIELD - DORKING,P61068,1923,stop,2026-04-22,19:54:00,,
NORWOOD JUNCTION - EPSOM,P25282,1925,stop,2026-04-23,19:58:00,,
NORWOOD JUNCTION - EPSOM,P25282,1925,stop,2026-04-03,19:58:00,,
NORWOOD JUNCTION - EPSOM,P25282,1925,stop,2026-04-08,19:58:00,,
NORWOOD JUNCTION - EPSOM,X92806,1925,stop,2026-04-03,19:58:00,,
NORWOOD JUNCTION - EPSOM,P25282,1925,stop,2026-04-01,19:58:00,,
NORWOOD JUNCTION - EPSOM,P25282,1925,stop,2026-04-07,19:58:00,,
NORWOOD JUNCTION - EPSOM,P25283,1925,stop,2026-04-18,19:58:00,,
GUILDFORD - EARLSFIELD,L74299,1920,stop,2026-04-19,19:57:00,,
GUILDFORD - EARLSFIELD,L74299,1920,stop,2026-04-05,19:57:00,,
GUILDFORD - EARLSFIELD,L74299,1920,stop,2026-04-26,19:57:00,,
GUILDFORD - EARLSFIELD,L74299,1920,stop,2026-04-12,19:57:00,,
SUTTON (SURREY) - TULSE HILL,X27282,1957,stop,2026-04-05,19:57:00,,
NORWOOD JUNCTION - EPSOM,P25282,1925,stop,2026-04-13,19:58:00,,
NORWOOD JUNCTION - EPSOM,P25283,1925,stop,2026-04-11,19:58:00,,
NORWOOD JUNCTION - EPSOM,P25282,1925,stop,2026-04-15,19:58:00,,
NORWOOD JUNCTION - EPSOM,P25282,1925,stop,2026-04-30,19:58:00,,
NORWOOD JUNCTION - EPSOM,P25282,1925,stop,2026-04-27,19:58:00,,
NORWOOD JUNCTION - EPSOM,P25282,1925,stop,2026-04-14,19:58:00,,
NORWOOD JUNCTION - EPSOM,P25283,1925,stop,2026-04-04,19:58:00,,
NORWOOD JUNCTION - EPSOM,P25282,1925,stop,2026-04-21,19:58:00,,
NORWOOD JUNCTION - EPSOM,P25282,1925,stop,2026-04-06,19:58:00,,
NORWOOD JUNCTION - EPSOM,P25282,1925,stop,2026-04-22,19:58:00,,
NORWOOD JUNCTION - EPSOM,P25282,1925,stop,2026-04-02,19:58:00,,
NORWOOD JUNCTION - EPSOM,P25283,1925,stop,2026-04-25,19:58:00,,
NORWOOD JUNCTION - EPSOM,P25282,1925,stop,2026-04-09,19:58:00,,
NORWOOD JUNCTION - EPSOM,P25282,1925,stop,2026-04-16,19:58:00,,
NORWOOD JUNCTION - EPSOM,P25282,1925,stop,2026-04-29,19:58:00,,
LUTON - WIMBLEDON,W59682,1822,stop,2026-04-05,20:01:00,,
NORWOOD JUNCTION - EPSOM,X01427,1925,stop,2026-04-06,20:01:00,,
NORWOOD JUNCTION - EPSOM,P25282,1925,stop,2026-04-24,20:01:00,,
NORWOOD JUNCTION - EPSOM,P25282,1925,stop,2026-04-10,20:01:00,,
NORWOOD JUNCTION - EPSOM,P25282,1925,stop,2026-04-28,20:01:00,,
EPSOM DOWNS - BATTERSEA PARK LONDON,P26095,1938,stop,2026-04-05,19:58:00,,
NORWOOD JUNCTION - EPSOM,P25282,1925,stop,2026-04-20,19:58:00,,
NORWOOD JUNCTION - EPSOM,P25282,1925,stop,2026-04-17,19:58:00,,
EARLSFIELD - GUILDFORD (2),P61622,1932,stop,2026-04-12,20:03:00,,
EARLSFIELD - GUILDFORD (2),P61622,1932,stop,2026-04-19,20:03:00,,
EARLSFIELD - GUILDFORD (2),P61622,1932,stop,2026-04-26,20:03:00,,
EARLSFIELD - GUILDFORD (2),P61622,1932,stop,2026-04-05,20:03:00,,
EFFINGHAM JUNCTION - WORCESTER PARK,Q54762,1915,stop,2026-04-12,20:04:00,,
HORSHAM - BALHAM,P26739,1914,stop,2026-04-07,20:06:00,,
DORKING - BALHAM,X95261,1946,stop,2026-04-03,20:06:00,,
HORSHAM - BALHAM,P26739,1914,stop,2026-04-13,20:06:00,,
HORSHAM - BALHAM,P26739,1914,stop,2026-04-09,20:06:00,,
DORKING - MITCHAM EASTFIELDS (2),P26740,1946,stop,2026-04-18,20:06:00,,
DORKING - BALHAM,P26740,1946,stop,2026-04-25,20:06:00,,
HORSHAM - BALHAM,P26739,1914,stop,2026-04-17,20:06:00,,
DORKING - BALHAM (2),P26741,1942,stop,2026-04-12,20:05:00,,
DORKING - MITCHAM EASTFIELDS,P26741,1942,stop,2026-04-19,20:05:00,,
DORKING - BALHAM (2),P26741,1942,stop,2026-04-26,20:05:00,,
HORSHAM - BALHAM,P26739,1914,stop,2026-04-23,20:06:00,,
HORSHAM - BALHAM,P26739,1914,stop,2026-04-30,20:06:00,,
HORSHAM - BALHAM,P26739,1914,stop,2026-04-06,20:06:00,,
HORSHAM - BALHAM,P26739,1914,stop,2026-04-27,20:06:00,,
HORSHAM - BALHAM,P26739,1914,stop,2026-04-08,20:06:00,,
HORSHAM - BALHAM,P26739,1914,stop,2026-04-20,20:06:00,,
HORSHAM - BALHAM,P26739,1914,stop,2026-04-24,20:06:00,,
HORSHAM - BALHAM,P26739,1914,stop,2026-04-14,20:06:00,,
HORSHAM - BALHAM,P26739,1914,stop,2026-04-03,20:06:00,,
HORSHAM - BALHAM,P26739,1914,stop,2026-04-10,20:06:00,,
DORKING - BALHAM,P26740,1946,stop,2026-04-04,20:06:00,,
HORSHAM - BALHAM,P26739,1914,stop,2026-04-15,20:06:00,,
HORSHAM - BALHAM,P26739,1914,stop,2026-04-22,20:06:00,,
DORKING - BALHAM,P26740,1946,stop,2026-04-11,20:06:00,,
HORSHAM - BALHAM,P26739,1914,stop,2026-04-01,20:06:00,,
HORSHAM - BALHAM,P26739,1914,stop,2026-04-21,20:06:00,,
ST ALBANS CITY - SUTTON (SURREY),G25410,1837,stop,2026-04-11,20:07:00,,
ST ALBANS CITY - SUTTON (SURREY),G84991,1837,stop,2026-04-20,20:07:00,,
ST ALBANS CITY - SUTTON (SURREY),G84991,1837,stop,2026-04-21,20:07:00,,
ST ALBANS CITY - SUTTON (SURREY),G25410,1837,stop,2026-04-04,20:07:00,,
ST ALBANS CITY - SUTTON (SURREY),G84991,1837,stop,2026-04-15,20:07:00,,
ST ALBANS CITY - SUTTON (SURREY),G84991,1837,stop,2026-04-29,20:07:00,,
ST ALBANS CITY - SUTTON (SURREY),G84991,1837,stop,2026-04-14,20:07:00,,
ST ALBANS CITY - SUTTON (SURREY),G25410,1837,stop,2026-04-25,20:07:00,,
ST ALBANS CITY - SUTTON (SURREY),G84991,1837,stop,2026-04-30,20:07:00,,
ST ALBANS CITY - SUTTON (SURREY),G84991,1837,stop,2026-04-16,20:07:00,,
ST ALBANS CITY - SUTTON (SURREY),G84991,1837,stop,2026-04-01,20:07:00,,
DORKING - BALHAM,X00970,1946,stop,2026-04-06,20:06:00,,
HORSHAM - BALHAM,P26739,1914,stop,2026-04-16,20:06:00,,
HORSHAM - BALHAM,P26739,1914,stop,2026-04-02,20:06:00,,
HORSHAM - BALHAM,P26739,1914,stop,2026-04-29,20:06:00,,
HORSHAM - BALHAM,P26739,1914,stop,2026-04-28,20:06:00,,
ST ALBANS CITY - SUTTON (SURREY),G84991,1837,stop,2026-04-07,20:07:00,,
ST ALBANS CITY - SUTTON (SURREY),G84991,1837,stop,2026-04-22,20:07:00,,
ST ALBANS CITY - SUTTON (SURREY),G84991,1837,stop,2026-04-09,20:07:00,,
ST ALBANS CITY - SUTTON (SURREY),G84991,1837,stop,2026-04-02,20:07:00,,
ST ALBANS CITY - SUTTON (SURREY),G84991,1837,stop,2026-04-17,20:07:00,,
ST ALBANS CITY - SUTTON (SURREY),G84991,1837,stop,2026-04-06,20:07:00,,
LUTON - SUTTON (SURREY) (2),W59682,1822,stop,2026-04-26,20:07:00,,
ST ALBANS CITY - SUTTON (SURREY),G25410,1837,stop,2026-04-18,20:07:00,,
LUTON - SUTTON (SURREY) (2),W59682,1822,stop,2026-04-12,20:07:00,,
ST ALBANS CITY - SUTTON (SURREY),G84991,1837,stop,2026-04-27,20:07:00,,
ST ALBANS CITY - SUTTON (SURREY),G84991,1837,stop,2026-04-24,20:07:00,,
ST ALBANS CITY - SUTTON (SURREY),G84991,1837,stop,2026-04-13,20:07:00,,
ST ALBANS CITY - SUTTON (SURREY),G84991,1837,stop,2026-04-08,20:07:00,,
ST ALBANS CITY - SUTTON (SURREY),G84991,1837,stop,2026-04-10,20:07:00,,
WEST HAMPSTEAD THAMESLINK - SUTTON (SURREY) (2),W59682,1900,stop,2026-04-19,20:07:00,,
ST ALBANS CITY - SUTTON (SURREY),G84991,1837,stop,2026-04-28,20:07:00,,
DORKING - BALHAM (3),P26741,1946,stop,2026-04-05,20:08:00,,
ST ALBANS CITY - SUTTON (SURREY),G84991,1837,stop,2026-04-03,20:07:00,,
ST ALBANS CITY - SUTTON (SURREY),G84991,1837,stop,2026-04-23,20:07:00,,
SUTTON (SURREY) - SELHURST,P43808,2011,stop,2026-04-03,20:11:00,,
SUTTON (SURREY) - SELHURST,P43808,2011,stop,2026-04-15,20:11:00,,
SUTTON (SURREY) - SELHURST,P43808,2011,stop,2026-04-30,20:11:00,,
SUTTON (SURREY) - SELHURST,P43808,2011,stop,2026-04-02,20:11:00,,
SUTTON (SURREY) - SELHURST,P43808,2011,stop,2026-04-20,20:11:00,,
SUTTON (SURREY) - SELHURST,P43808,2011,stop,2026-04-10,20:11:00,,
SUTTON (SURREY) - SELHURST,P43808,2011,stop,2026-04-16,20:11:00,,
SUTTON (SURREY) - SELHURST,P43808,2011,stop,2026-04-24,20:11:00,,
SUTTON (SURREY) - SELHURST,P43808,2011,stop,2026-04-22,20:11:00,,
SUTTON (SURREY) - SELHURST,P43808,2011,stop,2026-04-21,20:11:00,,
BALHAM - DORKING (3),P26738,1938,stop,2026-04-26,20:10:00,,
MITCHAM EASTFIELDS - DORKING,P26738,1938,stop,2026-04-19,20:10:00,,
SUTTON (SURREY) - SELHURST,P43808,2011,stop,2026-04-08,20:11:00,,
SUTTON (SURREY) - SELHURST,P43808,2011,stop,2026-04-23,20:11:00,,
SUTTON (SURREY) - SELHURST,P43808,2011,stop,2026-04-29,20:11:00,,
SUTTON (SURREY) - SELHURST,P43808,2011,stop,2026-04-07,20:11:00,,
SUTTON (SURREY) - SELHURST,P43808,2011,stop,2026-04-09,20:11:00,,
SUTTON (SURREY) - SELHURST,P43808,2011,stop,2026-04-14,20:11:00,,
SUTTON (SURREY) - SELHURST,P43808,2011,stop,2026-04-13,20:11:00,,
SUTTON (SURREY) - SELHURST,P43808,2011,stop,2026-04-28,20:11:00,,
SUTTON (SURREY) - SELHURST,P43808,2011,stop,2026-04-17,20:11:00,,
SUTTON (SURREY) - SELHURST,P43808,2011,stop,2026-04-06,20:11:00,,
SUTTON (SURREY) - SELHURST,P43808,2011,stop,2026-04-27,20:11:00,,
SUTTON (SURREY) - SELHURST,P43808,2011,stop,2026-04-01,20:11:00,,
BALHAM - HORSHAM,P26736,1941,stop,2026-04-10,20:13:00,,
BALHAM - HORSHAM,P26736,1941,stop,2026-04-20,20:13:00,,
BALHAM - HORSHAM,P26736,1941,stop,2026-04-16,20:13:00,,
BALHAM - DORKING (3),X95271,1941,stop,2026-04-03,20:13:00,,
SUTTON (SURREY) - BALHAM (2),P26741,2012,stop,2026-04-12,20:12:00,,
BALHAM - HORSHAM,P26736,1941,stop,2026-04-15,20:13:00,,
BALHAM - HORSHAM,P26736,1941,stop,2026-04-07,20:13:00,,
BALHAM - HORSHAM,P26736,1941,stop,2026-04-09,20:13:00,,
BALHAM - HORSHAM,P26736,1941,stop,2026-04-23,20:13:00,,
BALHAM - HORSHAM,P26736,1941,stop,2026-04-28,20:13:00,,
BALHAM - HORSHAM,P26736,1941,stop,2026-04-13,20:13:00,,
BALHAM - HORSHAM,P26736,1941,stop,2026-04-21,20:13:00,,
BALHAM - HORSHAM,P26736,1941,stop,2026-04-01,20:13:00,,
BALHAM - HORSHAM,P26736,1941,stop,2026-04-24,20:13:00,,
BALHAM - HORSHAM,P26736,1941,stop,2026-04-22,20:13:00,,
BALHAM - DORKING (3),P26738,1938,stop,2026-04-12,20:13:00,,
BALHAM - HORSHAM,P26736,1941,stop,2026-04-14,20:13:00,,
BALHAM - HORSHAM,P26736,1941,stop,2026-04-30,20:13:00,,
BALHAM - HORSHAM,P26736,1941,stop,2026-04-03,20:13:00,,
BALHAM - HORSHAM,P26736,1941,stop,2026-04-08,20:13:00,,
BALHAM - DORKING (3),P26737,1941,stop,2026-04-11,20:16:00,,
SUTTON (SURREY) - ST ALBANS CITY (3),G84996,2016,stop,2026-04-14,20:16:00,,
SUTTON (SURREY) - ST ALBANS CITY (3),G25456,2016,stop,2026-04-25,20:16:00,,
WIMBLEDON - LUTON,G84031,2003,stop,2026-04-05,20:15:00,,
BALHAM - DORKING (6),P26738,1938,stop,2026-04-05,20:14:00,,
BALHAM - DORKING (3),P26737,1941,stop,2026-04-25,20:13:00,,
BALHAM - DORKING (3),P26737,1941,stop,2026-04-04,20:13:00,,
BALHAM - HORSHAM,P26736,1941,stop,2026-04-17,20:13:00,,
BALHAM - HORSHAM,P26736,1941,stop,2026-04-06,20:13:00,,
BALHAM - HORSHAM,P26736,1941,stop,2026-04-27,20:13:00,,
BALHAM - DORKING (3),X00969,1941,stop,2026-04-06,20:13:00,,
BALHAM - HORSHAM,P26736,1941,stop,2026-04-29,20:13:00,,
BALHAM - HORSHAM,P26736,1941,stop,2026-04-02,20:13:00,,
SUTTON (SURREY) - ST ALBANS CITY (3),G84996,2016,stop,2026-04-15,20:16:00,,
SUTTON (SURREY) - ST ALBANS CITY (3),G84996,2016,stop,2026-04-30,20:16:00,,
SUTTON (SURREY) - ST ALBANS CITY (3),G84996,2016,stop,2026-04-02,20:16:00,,
SUTTON (SURREY) - ST ALBANS CITY (3),G84996,2016,stop,2026-04-23,20:16:00,,
SUTTON (SURREY) - ST ALBANS CITY (6),G84994,2016,stop,2026-04-26,20:16:00,,
SUTTON (SURREY) - ST ALBANS CITY (3),G84996,2016,stop,2026-04-22,20:16:00,,
SUTTON (SURREY) - ST ALBANS CITY (3),G84996,2016,stop,2026-04-06,20:16:00,,
SUTTON (SURREY) - ST ALBANS CITY (3),G25456,2016,stop,2026-04-04,20:16:00,,
SUTTON (SURREY) - ST ALBANS CITY (3),G84996,2016,stop,2026-04-27,20:16:00,,
SUTTON (SURREY) - ST ALBANS CITY (3),G84996,2016,stop,2026-04-03,20:16:00,,
SUTTON (SURREY) - ST ALBANS CITY (3),G84996,2016,stop,2026-04-28,20:16:00,,
SUTTON (SURREY) - ST ALBANS CITY (3),G84996,2016,stop,2026-04-24,20:16:00,,
SUTTON (SURREY) - ST ALBANS CITY (3),G84996,2016,stop,2026-04-21,20:16:00,,
SUTTON (SURREY) - ST ALBANS CITY (3),G84996,2016,stop,2026-04-01,20:16:00,,
SUTTON (SURREY) - ST ALBANS CITY (6),G84994,2016,stop,2026-04-05,20:16:00,,
SUTTON (SURREY) - ST ALBANS CITY (3),G84996,2016,stop,2026-04-20,20:16:00,,
SUTTON (SURREY) - ST ALBANS CITY (3),G84996,2016,stop,2026-04-29,20:16:00,,
SUTTON (SURREY) - ST ALBANS CITY (3),G84996,2016,stop,2026-04-13,20:16:00,,
SUTTON (SURREY) - ST ALBANS CITY (6),G84994,2016,stop,2026-04-19,20:16:00,,
SUTTON (SURREY) - ST ALBANS CITY (6),G84994,2016,stop,2026-04-12,20:16:00,,
SUTTON (SURREY) - ST ALBANS CITY (3),G84996,2016,stop,2026-04-07,20:16:00,,
SUTTON (SURREY) - ST ALBANS CITY (3),G84996,2016,stop,2026-04-16,20:16:00,,
SUTTON (SURREY) - ST ALBANS CITY (3),G84996,2016,stop,2026-04-08,20:16:00,,
SUTTON (SURREY) - ST ALBANS CITY (3),G84996,2016,stop,2026-04-17,20:16:00,,
SUTTON (SURREY) - ST ALBANS CITY (3),G25456,2016,stop,2026-04-11,20:16:00,,
EPSOM - NORWOOD JUNCTION,P25288,2015,stop,2026-04-22,20:19:00,,
BATTERSEA PARK LONDON - EPSOM DOWNS,P26085,1930,stop,2026-04-01,20:19:00,,
BATTERSEA PARK LONDON - EPSOM DOWNS,P26085,1930,stop,2026-04-21,20:19:00,,
WORCESTER PARK - DORKING,Q54875,2005,stop,2026-04-12,20:18:00,,
DORKING - SUTTON (SURREY),X04874,1933,stop,2026-04-12,20:17:00,,
SUTTON (SURREY) - ST ALBANS CITY (3),G25456,2016,stop,2026-04-18,20:16:00,,
SUTTON (SURREY) - ST ALBANS CITY (3),G84996,2016,stop,2026-04-10,20:16:00,,
SUTTON (SURREY) - ST ALBANS CITY (3),G84996,2016,stop,2026-04-09,20:16:00,,
EPSOM - NORWOOD JUNCTION,P25288,2015,stop,2026-04-01,20:19:00,,
EPSOM - NORWOOD JUNCTION,P25288,2015,stop,2026-04-09,20:19:00,,
EPSOM - NORWOOD JUNCTION,X92712,2015,stop,2026-04-03,20:19:00,,
SUTTON (SURREY) - ST ALBANS CITY,G84032,2019,stop,2026-04-23,20:19:00,,
EPSOM - NORWOOD JUNCTION,P25288,2015,stop,2026-04-24,20:19:00,,
SUTTON (SURREY) - LUTON,G84031,2019,stop,2026-04-26,20:19:00,,
EPSOM - NORWOOD JUNCTION,P25288,2015,stop,2026-04-13,20:19:00,,
SUTTON (SURREY) - ST ALBANS CITY,G84032,2019,stop,2026-04-22,20:19:00,,
SUTTON (SURREY) - ST ALBANS CITY (5),G84032,2019,stop,2026-04-06,20:19:00,,
EPSOM - NORWOOD JUNCTION,P25289,2015,stop,2026-04-11,20:19:00,,
SUTTON (SURREY) - ST ALBANS CITY (5),G25457,2019,stop,2026-04-18,20:19:00,,
EPSOM - NORWOOD JUNCTION,P25289,2015,stop,2026-04-04,20:19:00,,
BATTERSEA PARK LONDON - EPSOM DOWNS,P26085,1930,stop,2026-04-27,20:19:00,,
SUTTON (SURREY) - ST ALBANS CITY,G84032,2019,stop,2026-04-09,20:19:00,,
SUTTON (SURREY) - ST ALBANS CITY,G84032,2019,stop,2026-04-30,20:19:00,,
BATTERSEA PARK LONDON - EPSOM DOWNS,P26085,1930,stop,2026-04-13,20:19:00,,
BATTERSEA PARK LONDON - EPSOM DOWNS,P26085,1930,stop,2026-04-07,20:19:00,,
SUTTON (SURREY) - ST ALBANS CITY,G84032,2019,stop,2026-04-15,20:19:00,,
SUTTON (SURREY) - ST ALBANS CITY,G84032,2019,stop,2026-04-08,20:19:00,,
EPSOM - NORWOOD JUNCTION,P25288,2015,stop,2026-04-17,20:19:00,,
SUTTON (SURREY) - ST ALBANS CITY,G84032,2019,stop,2026-04-21,20:19:00,,
EPSOM - NORWOOD JUNCTION,P25289,2015,stop,2026-04-25,20:19:00,,
EPSOM - NORWOOD JUNCTION,P25289,2015,stop,2026-04-18,20:19:00,,
EPSOM - NORWOOD JUNCTION,P25288,2015,stop,2026-04-06,20:19:00,,
BATTERSEA PARK LONDON - EPSOM DOWNS,P26085,1930,stop,2026-04-30,20:19:00,,
SUTTON (SURREY) - ST ALBANS CITY,G84032,2019,stop,2026-04-10,20:19:00,,
BATTERSEA PARK LONDON - EPSOM DOWNS,P26085,1930,stop,2026-04-16,20:19:00,,
SUTTON (SURREY) - ST ALBANS CITY (5),G84032,2019,stop,2026-04-03,20:19:00,,
SUTTON (SURREY) - ST ALBANS CITY,G84032,2019,stop,2026-04-17,20:19:00,,
EPSOM - NORWOOD JUNCTION,P25288,2015,stop,2026-04-27,20:19:00,,
BATTERSEA PARK LONDON - EPSOM DOWNS,P26086,1930,stop,2026-04-04,20:19:00,,
BATTERSEA PARK LONDON - EPSOM DOWNS,P26085,1930,stop,2026-04-06,20:19:00,,
EPSOM - NORWOOD JUNCTION,P25288,2015,stop,2026-04-14,20:19:00,,
BATTERSEA PARK LONDON - EPSOM DOWNS,P26085,1930,stop,2026-04-29,20:19:00,,
BATTERSEA PARK LONDON - EPSOM DOWNS,P26085,1930,stop,2026-04-09,20:19:00,,
SUTTON (SURREY) - ST ALBANS CITY,G84032,2019,stop,2026-04-14,20:19:00,,
SUTTON (SURREY) - ST ALBANS CITY (5),G25457,2019,stop,2026-04-11,20:19:00,,
BATTERSEA PARK LONDON - EPSOM DOWNS,P26084,1930,stop,2026-04-26,20:19:00,,
STREATHAM HILL - EPSOM DOWNS,P26084,1943,stop,2026-04-19,20:19:00,,
BATTERSEA PARK LONDON - EPSOM DOWNS,P26084,1930,stop,2026-04-12,20:19:00,,
SUTTON (SURREY) - ST ALBANS CITY,G84032,2019,stop,2026-04-02,20:19:00,,
BATTERSEA PARK LONDON - EPSOM DOWNS,P26085,1930,stop,2026-04-02,20:19:00,,
SUTTON (SURREY) - ST ALBANS CITY (5),G25457,2019,stop,2026-04-25,20:19:00,,
EPSOM - NORWOOD JUNCTION,X01430,2015,stop,2026-04-06,20:19:00,,
EPSOM - NORWOOD JUNCTION,P25288,2015,stop,2026-04-02,20:19:00,,
SUTTON (SURREY) - ST ALBANS CITY,G84032,2019,stop,2026-04-24,20:19:00,,
BATTERSEA PARK LONDON - EPSOM DOWNS,X00753,1930,stop,2026-04-06,20:19:00,,
SUTTON (SURREY) - ST ALBANS CITY,G84032,2019,stop,2026-04-28,20:19:00,,
BATTERSEA PARK LONDON - EPSOM DOWNS,P26085,1930,stop,2026-04-23,20:19:00,,
EPSOM - NORWOOD JUNCTION,P25288,2015,stop,2026-04-28,20:19:00,,
SUTTON (SURREY) - LUTON,G84031,2019,stop,2026-04-12,20:19:00,,
STREATHAM HILL - EPSOM DOWNS,P26086,1943,stop,2026-04-18,20:19:00,,
SUTTON (SURREY) - ST ALBANS CITY,G84032,2019,stop,2026-04-01,20:19:00,,
EPSOM - NORWOOD JUNCTION,P25288,2015,stop,2026-04-20,20:19:00,,
EPSOM - NORWOOD JUNCTION,P25288,2015,stop,2026-04-08,20:19:00,,
BATTERSEA PARK LONDON - EPSOM DOWNS,P26085,1930,stop,2026-04-17,20:19:00,,
BATTERSEA PARK LONDON - EPSOM DOWNS,P26085,1930,stop,2026-04-15,20:19:00,,
EPSOM - NORWOOD JUNCTION,P25288,2015,stop,2026-04-16,20:19:00,,
EPSOM - NORWOOD JUNCTION,P25288,2015,stop,2026-04-23,20:19:00,,
BATTERSEA PARK LONDON - EPSOM DOWNS,P26085,1930,stop,2026-04-08,20:19:00,,
BATTERSEA PARK LONDON - EPSOM DOWNS,P26085,1930,stop,2026-04-10,20:19:00,,
BATTERSEA PARK LONDON - EPSOM DOWNS,P26085,1930,stop,2026-04-20,20:19:00,,
SUTTON (SURREY) - ST ALBANS CITY,G84032,2019,stop,2026-04-27,20:19:00,,
BATTERSEA PARK LONDON - EPSOM DOWNS,P26086,1930,stop,2026-04-25,20:19:00,,
EPSOM - NORWOOD JUNCTION,P25288,2015,stop,2026-04-10,20:19:00,,
EPSOM - NORWOOD JUNCTION,P25288,2015,stop,2026-04-30,20:19:00,,
BATTERSEA PARK LONDON - EPSOM DOWNS,P26086,1930,stop,2026-04-11,20:19:00,,
SUTTON (SURREY) - ST ALBANS CITY,G84032,2019,stop,2026-04-16,20:19:00,,
SUTTON (SURREY) - ST ALBANS CITY,G84032,2019,stop,2026-04-29,20:19:00,,
BATTERSEA PARK LONDON - EPSOM DOWNS,P26085,1930,stop,2026-04-28,20:19:00,,
EPSOM - NORWOOD JUNCTION,P25288,2015,stop,2026-04-29,20:19:00,,
SUTTON (SURREY) - ST ALBANS CITY (5),G25457,2019,stop,2026-04-04,20:19:00,,
BATTERSEA PARK LONDON - EPSOM DOWNS,P26085,1930,stop,2026-04-24,20:19:00,,
BATTERSEA PARK LONDON - EPSOM DOWNS,P26085,1930,stop,2026-04-22,20:19:00,,
BATTERSEA PARK LONDON - EPSOM DOWNS,P26084,1930,stop,2026-04-05,20:20:00,,
BATTERSEA PARK LONDON - EPSOM DOWNS,P26085,1930,stop,2026-04-03,20:19:00,,
SUTTON (SURREY) - ST ALBANS CITY,G84032,2019,stop,2026-04-07,20:19:00,,
EPSOM - NORWOOD JUNCTION,P25288,2015,stop,2026-04-07,20:19:00,,
SUTTON (SURREY) - ST ALBANS CITY,G84032,2019,stop,2026-04-13,20:19:00,,
EPSOM - NORWOOD JUNCTION,P25288,2015,stop,2026-04-15,20:19:00,,
SUTTON (SURREY) - WEST HAMPSTEAD THAMESLINK,G84031,2019,stop,2026-04-19,20:19:00,,
BATTERSEA PARK LONDON - EPSOM DOWNS,X95283,1930,stop,2026-04-03,20:19:00,,
SUTTON (SURREY) - ST ALBANS CITY,G84032,2019,stop,2026-04-20,20:19:00,,
EPSOM - NORWOOD JUNCTION,P25288,2015,stop,2026-04-21,20:19:00,,
BATTERSEA PARK LONDON - EPSOM DOWNS,P26085,1930,stop,2026-04-14,20:19:00,,
EPSOM - NORWOOD JUNCTION,P25288,2015,stop,2026-04-03,20:19:00,,
EPSOM DOWNS - BATTERSEA PARK LONDON,P26111,2008,stop,2026-04-23,20:21:00,,
EPSOM DOWNS - BATTERSEA PARK LONDON,P26110,2008,stop,2026-04-03,20:21:00,,
EPSOM DOWNS - BATTERSEA PARK LONDON,X95232,2008,stop,2026-04-03,20:21:00,,
EPSOM DOWNS - BATTERSEA PARK LONDON,P26110,2008,stop,2026-04-24,20:21:00,,
EPSOM DOWNS - BATTERSEA PARK LONDON,P26110,2008,stop,2026-04-17,20:21:00,,
EPSOM DOWNS - BATTERSEA PARK LONDON,P26111,2008,stop,2026-04-13,20:21:00,,
EPSOM DOWNS - BATTERSEA PARK LONDON,P26111,2008,stop,2026-04-30,20:21:00,,
EPSOM DOWNS - BATTERSEA PARK LONDON,P26111,2008,stop,2026-04-09,20:21:00,,
EPSOM DOWNS - BATTERSEA PARK LONDON,P26112,2008,stop,2026-04-25,20:21:00,,
EPSOM DOWNS - BATTERSEA PARK LONDON,P26111,2008,stop,2026-04-27,20:21:00,,
EPSOM DOWNS - BATTERSEA PARK LONDON,P26111,2008,stop,2026-04-01,20:21:00,,
EPSOM DOWNS - BATTERSEA PARK LONDON,P26111,2008,stop,2026-04-28,20:21:00,,
EPSOM DOWNS - BATTERSEA PARK LONDON,P26111,2008,stop,2026-04-21,20:21:00,,
EPSOM DOWNS - BATTERSEA PARK LONDON,P26112,2008,stop,2026-04-11,20:21:00,,
EPSOM DOWNS - BATTERSEA PARK LONDON,P26111,2008,stop,2026-04-07,20:21:00,,
EPSOM DOWNS - BATTERSEA PARK LONDON,P26110,2008,stop,2026-04-10,20:21:00,,
EPSOM DOWNS - BATTERSEA PARK LONDON,P26111,2008,stop,2026-04-08,20:21:00,,
EPSOM DOWNS - BATTERSEA PARK LONDON,P26111,2008,stop,2026-04-16,20:21:00,,
EPSOM DOWNS - BATTERSEA PARK LONDON,P26109,2008,stop,2026-04-26,20:21:00,,
EPSOM DOWNS - BATTERSEA PARK LONDON,P26111,2008,stop,2026-04-06,20:21:00,,
EPSOM DOWNS - BATTERSEA PARK LONDON,P26111,2008,stop,2026-04-02,20:21:00,,
EPSOM DOWNS - BATTERSEA PARK LONDON,P26111,2008,stop,2026-04-29,20:21:00,,
EPSOM DOWNS - BATTERSEA PARK LONDON,P26111,2008,stop,2026-04-14,20:21:00,,
EPSOM DOWNS - BATTERSEA PARK LONDON,P26109,2008,stop,2026-04-12,20:21:00,,
EPSOM DOWNS - BATTERSEA PARK LONDON,P26111,2008,stop,2026-04-20,20:21:00,,
EPSOM DOWNS - BATTERSEA PARK LONDON,P26112,2008,stop,2026-04-04,20:21:00,,
EPSOM DOWNS - BATTERSEA PARK LONDON,X00760,2008,stop,2026-04-06,20:21:00,,
EPSOM DOWNS - BATTERSEA PARK LONDON,P26111,2008,stop,2026-04-22,20:21:00,,
EPSOM DOWNS - BATTERSEA PARK LONDON,P26111,2008,stop,2026-04-15,20:21:00,,
EPSOM DOWNS - STREATHAM HILL,P26109,2008,stop,2026-04-19,20:21:00,,
EPSOM DOWNS - STREATHAM HILL,P26112,2008,stop,2026-04-18,20:21:00,,
GUILDFORD - EARLSFIELD,L74303,1945,stop,2026-04-23,20:22:00,,
GUILDFORD - EARLSFIELD,Q48717,1945,stop,2026-04-06,20:22:00,,
GUILDFORD - EARLSFIELD,L74303,1945,stop,2026-04-15,20:22:00,,
GUILDFORD - EARLSFIELD,L74303,1945,stop,2026-04-29,20:22:00,,
GUILDFORD - EARLSFIELD,L74304,1945,stop,2026-04-18,20:22:00,,
GUILDFORD - EARLSFIELD,L74304,1945,stop,2026-04-04,20:22:00,,
GUILDFORD - EARLSFIELD,L74303,1945,stop,2026-04-27,20:22:00,,
GUILDFORD - EARLSFIELD,L74304,1945,stop,2026-04-11,20:22:00,,
GUILDFORD - EARLSFIELD,L74303,1945,stop,2026-04-24,20:22:00,,
GUILDFORD - EARLSFIELD,L74303,1945,stop,2026-04-08,20:22:00,,
GUILDFORD - EARLSFIELD,L74303,1945,stop,2026-04-06,20:22:00,,
GUILDFORD - EARLSFIELD,L74303,1945,stop,2026-04-03,20:22:00,,
GUILDFORD - EARLSFIELD,L74303,1945,stop,2026-04-30,20:22:00,,
GUILDFORD - EARLSFIELD,L74303,1945,stop,2026-04-28,20:22:00,,
GUILDFORD - EARLSFIELD,L74303,1945,stop,2026-04-21,20:22:00,,
GUILDFORD - EARLSFIELD,L74303,1945,stop,2026-04-09,20:22:00,,
GUILDFORD - EARLSFIELD,L74303,1945,stop,2026-04-20,20:22:00,,
GUILDFORD - EARLSFIELD,L74303,1945,stop,2026-04-02,20:22:00,,
GUILDFORD - EARLSFIELD,L74303,1945,stop,2026-04-14,20:22:00,,
GUILDFORD - EARLSFIELD,L74303,1945,stop,2026-04-07,20:22:00,,
GUILDFORD - EARLSFIELD,L74303,1945,stop,2026-04-01,20:22:00,,
GUILDFORD - EARLSFIELD,L74303,1945,stop,2026-04-10,20:22:00,,
EARLSFIELD - GUILDFORD (2),P61620,1953,stop,2026-04-20,20:24:00,,
EARLSFIELD - GUILDFORD (2),P61620,1953,stop,2026-04-15,20:24:00,,
EARLSFIELD - GUILDFORD (2),P61620,1953,stop,2026-04-28,20:24:00,,
EARLSFIELD - GUILDFORD (2),P61620,1953,stop,2026-04-24,20:24:00,,
EARLSFIELD - GUILDFORD (2),P61620,1953,stop,2026-04-27,20:24:00,,
EARLSFIELD - GUILDFORD (2),P61620,1953,stop,2026-04-01,20:24:00,,
GUILDFORD - EARLSFIELD,Q38337,1945,stop,2026-04-03,20:22:00,,
GUILDFORD - EARLSFIELD,L74304,1945,stop,2026-04-25,20:22:00,,
GUILDFORD - EARLSFIELD,L74303,1945,stop,2026-04-17,20:22:00,,
MITCHAM EASTFIELDS - DORKING,P26737,1950,stop,2026-04-18,20:22:00,,
GUILDFORD - EARLSFIELD,L74303,1945,stop,2026-04-16,20:22:00,,
GUILDFORD - EARLSFIELD,L74303,1945,stop,2026-04-22,20:22:00,,
GUILDFORD - EARLSFIELD,L74303,1945,stop,2026-04-13,20:22:00,,
EARLSFIELD - GUILDFORD (2),P61621,1953,stop,2026-04-25,20:24:00,,
EARLSFIELD - GUILDFORD (2),P61620,1953,stop,2026-04-23,20:24:00,,
EARLSFIELD - GUILDFORD (2),P61621,1953,stop,2026-04-11,20:24:00,,
EARLSFIELD - GUILDFORD (2),P61620,1953,stop,2026-04-09,20:24:00,,
EARLSFIELD - GUILDFORD (2),P61620,1953,stop,2026-04-22,20:24:00,,
EARLSFIELD - GUILDFORD (2),P61621,1953,stop,2026-04-04,20:24:00,,
EARLSFIELD - GUILDFORD (2),P61620,1953,stop,2026-04-29,20:24:00,,
EARLSFIELD - GUILDFORD (2),P61620,1953,stop,2026-04-16,20:24:00,,
EARLSFIELD - GUILDFORD (2),Q38332,1953,stop,2026-04-03,20:24:00,,
EARLSFIELD - GUILDFORD (2),P61620,1953,stop,2026-04-21,20:24:00,,
EARLSFIELD - GUILDFORD (2),P61620,1953,stop,2026-04-08,20:24:00,,
EARLSFIELD - GUILDFORD (2),P61620,1953,stop,2026-04-03,20:24:00,,
EARLSFIELD - GUILDFORD (2),P61620,1953,stop,2026-04-30,20:24:00,,
EARLSFIELD - GUILDFORD (2),P61620,1953,stop,2026-04-06,20:24:00,,
EARLSFIELD - GUILDFORD (2),Q48635,1953,stop,2026-04-06,20:24:00,,
EARLSFIELD - GUILDFORD (2),P61620,1953,stop,2026-04-02,20:24:00,,
SUTTON (SURREY) - DORKING,X04910,2025,stop,2026-04-12,20:25:00,,
EARLSFIELD - GUILDFORD (2),P61621,1953,stop,2026-04-18,20:24:00,,
EARLSFIELD - GUILDFORD (2),P61620,1953,stop,2026-04-14,20:24:00,,
EARLSFIELD - GUILDFORD (2),P61620,1953,stop,2026-04-07,20:24:00,,
EARLSFIELD - GUILDFORD (2),P61620,1953,stop,2026-04-13,20:24:00,,
EARLSFIELD - GUILDFORD (2),P61620,1953,stop,2026-04-10,20:24:00,,
EARLSFIELD - GUILDFORD (2),P61620,1953,stop,2026-04-17,20:24:00,,
NORWOOD JUNCTION - EPSOM,P25286,1955,stop,2026-04-13,20:28:00,,
NORWOOD JUNCTION - EPSOM,P25286,1955,stop,2026-04-29,20:28:00,,
NORWOOD JUNCTION - EPSOM,P25286,1955,stop,2026-04-24,20:28:00,,
NORWOOD JUNCTION - EPSOM,P25286,1955,stop,2026-04-28,20:28:00,,
NORWOOD JUNCTION - EPSOM,X01429,1955,stop,2026-04-06,20:28:00,,
NORWOOD JUNCTION - EPSOM,P25286,1955,stop,2026-04-06,20:28:00,,
NORWOOD JUNCTION - EPSOM,P25287,1955,stop,2026-04-18,20:28:00,,
DORKING - EARLSFIELD,P61079,2007,stop,2026-04-05,20:27:00,,
SUTTON (SURREY) - TULSE HILL,X27281,2027,stop,2026-04-05,20:27:00,,
DORKING - EARLSFIELD,P61079,2007,stop,2026-04-19,20:27:00,,
DORKING - EARLSFIELD,P61079,2007,stop,2026-04-12,20:27:00,,
DORKING - EARLSFIELD,P61079,2007,stop,2026-04-26,20:27:00,,
NORWOOD JUNCTION - EPSOM,P25286,1955,stop,2026-04-15,20:28:00,,
NORWOOD JUNCTION - EPSOM,P25287,1955,stop,2026-04-11,20:28:00,,
NORWOOD JUNCTION - EPSOM,X92890,1955,stop,2026-04-03,20:28:00,,
NORWOOD JUNCTION - EPSOM,P25286,1955,stop,2026-04-23,20:28:00,,
NORWOOD JUNCTION - EPSOM,P25286,1955,stop,2026-04-07,20:28:00,,
NORWOOD JUNCTION - EPSOM,P25286,1955,stop,2026-04-03,20:28:00,,
NORWOOD JUNCTION - EPSOM,P25286,1955,stop,2026-04-08,20:28:00,,
NORWOOD JUNCTION - EPSOM,P25286,1955,stop,2026-04-16,20:28:00,,
NORWOOD JUNCTION - EPSOM,P25286,1955,stop,2026-04-17,20:28:00,,
NORWOOD JUNCTION - EPSOM,P25286,1955,stop,2026-04-01,20:28:00,,
NORWOOD JUNCTION - EPSOM,P25286,1955,stop,2026-04-10,20:28:00,,
NORWOOD JUNCTION - EPSOM,P25286,1955,stop,2026-04-09,20:28:00,,
NORWOOD JUNCTION - EPSOM,P25286,1955,stop,2026-04-27,20:28:00,,
NORWOOD JUNCTION - EPSOM,P25286,1955,stop,2026-04-30,20:28:00,,
NORWOOD JUNCTION - EPSOM,P25287,1955,stop,2026-04-04,20:28:00,,
NORWOOD JUNCTION - EPSOM,P25286,1955,stop,2026-04-02,20:28:00,,
NORWOOD JUNCTION - EPSOM,P25286,1955,stop,2026-04-22,20:31:00,,
NORWOOD JUNCTION - EPSOM,P25286,1955,stop,2026-04-20,20:31:00,,
NORWOOD JUNCTION - EPSOM,P25286,1955,stop,2026-04-14,20:28:00,,
NORWOOD JUNCTION - EPSOM,P25286,1955,stop,2026-04-21,20:28:00,,
EPSOM DOWNS - BATTERSEA PARK LONDON,P26109,2008,stop,2026-04-05,20:28:00,,
NORWOOD JUNCTION - EPSOM,P25287,1955,stop,2026-04-25,20:28:00,,
EARLSFIELD - DORKING,P61076,2002,stop,2026-04-05,20:33:00,,
EARLSFIELD - DORKING,P61076,2002,stop,2026-04-26,20:33:00,,
EARLSFIELD - DORKING,P61076,2002,stop,2026-04-12,20:33:00,,
EARLSFIELD - DORKING,P61076,2002,stop,2026-04-19,20:33:00,,
LUTON - WIMBLEDON,W59683,1852,stop,2026-04-05,20:31:00,,
ST ALBANS CITY - SUTTON (SURREY),G84997,1907,stop,2026-04-02,20:37:00,,
ST ALBANS CITY - SUTTON (SURREY),G25423,1907,stop,2026-04-18,20:37:00,,
ST ALBANS CITY - SUTTON (SURREY),G84997,1907,stop,2026-04-29,20:37:00,,
ST ALBANS CITY - SUTTON (SURREY),G84997,1907,stop,2026-04-24,20:37:00,,
ST ALBANS CITY - SUTTON (SURREY),G84997,1907,stop,2026-04-10,20:37:00,,
ST ALBANS CITY - SUTTON (SURREY),G84997,1907,stop,2026-04-08,20:37:00,,
ST ALBANS CITY - SUTTON (SURREY),G84997,1907,stop,2026-04-03,20:37:00,,
DORKING - BALHAM (2),P26747,2012,stop,2026-04-12,20:35:00,,
DORKING - MITCHAM EASTFIELDS,P26747,2012,stop,2026-04-19,20:35:00,,
DORKING - BALHAM (2),P26747,2012,stop,2026-04-26,20:35:00,,
DORKING - WORCESTER PARK,Q54828,1950,stop,2026-04-12,20:34:00,,
ST ALBANS CITY - SUTTON (SURREY),G84997,1907,stop,2026-04-07,20:37:00,,
ST ALBANS CITY - SUTTON (SURREY),G84997,1907,stop,2026-04-09,20:37:00,,
LUTON - SUTTON (SURREY) (2),W59683,1852,stop,2026-04-26,20:37:00,,
WEST HAMPSTEAD THAMESLINK - SUTTON (SURREY) (2),W59683,1930,stop,2026-04-19,20:37:00,,
ST ALBANS CITY - SUTTON (SURREY),G84997,1907,stop,2026-04-14,20:37:00,,
ST ALBANS CITY - SUTTON (SURREY),G84997,1907,stop,2026-04-15,20:37:00,,
ST ALBANS CITY - SUTTON (SURREY),G25423,1907,stop,2026-04-11,20:37:00,,
ST ALBANS CITY - SUTTON (SURREY),G84997,1907,stop,2026-04-21,20:37:00,,
ST ALBANS CITY - SUTTON (SURREY),G84997,1907,stop,2026-04-16,20:37:00,,
ST ALBANS CITY - SUTTON (SURREY),G84997,1907,stop,2026-04-13,20:37:00,,
ST ALBANS CITY - SUTTON (SURREY),G25423,1907,stop,2026-04-25,20:37:00,,
ST ALBANS CITY - SUTTON (SURREY),G84997,1907,stop,2026-04-28,20:37:00,,
ST ALBANS CITY - SUTTON (SURREY),G84997,1907,stop,2026-04-27,20:37:00,,
ST ALBANS CITY - SUTTON (SURREY),G25423,1907,stop,2026-04-04,20:37:00,,
ST ALBANS CITY - SUTTON (SURREY),G84997,1907,stop,2026-04-17,20:37:00,,
DORKING - MITCHAM EASTFIELDS,P26746,2016,stop,2026-04-18,20:37:00,,
DORKING - BALHAM (3),P26745,2017,stop,2026-04-02,20:39:00,,
DORKING - BALHAM (3),P26745,2017,stop,2026-04-15,20:39:00,,
DORKING - BALHAM (3),P26745,2017,stop,2026-04-22,20:39:00,,
DORKING - BALHAM (3),P26745,2017,stop,2026-04-27,20:39:00,,
DORKING - BALHAM (3),P26747,2016,stop,2026-04-05,20:38:00,,
ST ALBANS CITY - SUTTON (SURREY),G84997,1907,stop,2026-04-30,20:37:00,,
LUTON - SUTTON (SURREY) (2),W59683,1852,stop,2026-04-12,20:37:00,,
ST ALBANS CITY - SUTTON (SURREY),G84997,1907,stop,2026-04-23,20:37:00,,
ST ALBANS CITY - SUTTON (SURREY),G84997,1907,stop,2026-04-22,20:37:00,,
ST ALBANS CITY - SUTTON (SURREY),G84997,1907,stop,2026-04-06,20:37:00,,
ST ALBANS CITY - SUTTON (SURREY),G84997,1907,stop,2026-04-20,20:37:00,,
ST ALBANS CITY - SUTTON (SURREY),G84997,1907,stop,2026-04-01,20:37:00,,
DORKING - BALHAM,P26746,2016,stop,2026-04-25,20:39:00,,
DORKING - BALHAM (3),P26745,2017,stop,2026-04-21,20:39:00,,
DORKING - BALHAM (3),P26745,2017,stop,2026-04-03,20:39:00,,
DORKING - BALHAM (3),P26745,2017,stop,2026-04-17,20:39:00,,
DORKING - BALHAM (3),P26745,2017,stop,2026-04-13,20:39:00,,
DORKING - BALHAM,P26746,2016,stop,2026-04-04,20:39:00,,
DORKING - BALHAM,X93887,2016,stop,2026-04-03,20:39:00,,
DORKING - BALHAM (3),P26745,2017,stop,2026-04-07,20:39:00,,
DORKING - BALHAM (3),P26745,2017,stop,2026-04-29,20:39:00,,
DORKING - BALHAM (3),P26745,2017,stop,2026-04-28,20:39:00,,
DORKING - BALHAM (3),P26745,2017,stop,2026-04-09,20:39:00,,
DORKING - BALHAM,X00972,2016,stop,2026-04-06,20:39:00,,
DORKING - BALHAM (3),P26745,2017,stop,2026-04-06,20:39:00,,
DORKING - BALHAM (3),P26745,2017,stop,2026-04-14,20:39:00,,
DORKING - BALHAM (3),P26745,2017,stop,2026-04-30,20:39:00,,
DORKING - BALHAM (3),P26745,2017,stop,2026-04-16,20:39:00,,
DORKING - BALHAM (3),P26745,2017,stop,2026-04-24,20:42:00,,
BALHAM - DORKING (3),P26744,2008,stop,2026-04-26,20:40:00,,
MITCHAM EASTFIELDS - DORKING,P26744,2008,stop,2026-04-19,20:40:00,,
DORKING - BALHAM (3),P26745,2017,stop,2026-04-20,20:39:00,,
DORKING - BALHAM,P26746,2016,stop,2026-04-11,20:39:00,,
DORKING - BALHAM (3),P26745,2017,stop,2026-04-10,20:39:00,,
DORKING - BALHAM (3),P26745,2017,stop,2026-04-01,20:39:00,,
DORKING - BALHAM (3),P26745,2017,stop,2026-04-23,20:39:00,,
DORKING - BALHAM (3),P26745,2017,stop,2026-04-08,20:39:00,,
SUTTON (SURREY) - BALHAM (2),P26747,2042,stop,2026-04-12,20:42:00,,
BALHAM - DORKING,P26742,2011,stop,2026-04-20,20:43:00,,
BALHAM - DORKING,P26742,2011,stop,2026-04-02,20:43:00,,
BALHAM - DORKING (2),P26743,2011,stop,2026-04-04,20:43:00,,
BALHAM - DORKING,P26742,2011,stop,2026-04-14,20:43:00,,
BALHAM - DORKING,P26742,2011,stop,2026-04-10,20:43:00,,
BALHAM - DORKING (2),X00971,2011,stop,2026-04-06,20:43:00,,
BALHAM - DORKING,P26742,2011,stop,2026-04-07,20:43:00,,
BALHAM - DORKING,P26742,2011,stop,2026-04-22,20:43:00,,
BALHAM - DORKING,P26742,2011,stop,2026-04-28,20:43:00,,
BALHAM - DORKING,P26742,2011,stop,2026-04-17,20:43:00,,
BALHAM - DORKING,P26742,2011,stop,2026-04-08,20:43:00,,
BALHAM - DORKING,P26742,2011,stop,2026-04-13,20:43:00,,
BALHAM - DORKING (2),P26743,2011,stop,2026-04-11,20:43:00,,
BALHAM - DORKING,P26742,2011,stop,2026-04-23,20:43:00,,
BALHAM - DORKING,P26742,2011,stop,2026-04-29,20:43:00,,
BALHAM - DORKING (2),P26743,2011,stop,2026-04-25,20:43:00,,
BALHAM - DORKING,P26742,2011,stop,2026-04-01,20:43:00,,
BALHAM - DORKING,P26742,2011,stop,2026-04-27,20:43:00,,
BALHAM - DORKING,P26742,2011,stop,2026-04-16,20:43:00,,
SUTTON (SURREY) - ST ALBANS CITY (3),G85002,2046,stop,2026-04-10,20:46:00,,
SUTTON (SURREY) - ST ALBANS CITY (3),G85002,2046,stop,2026-04-02,20:46:00,,
SUTTON (SURREY) - ST ALBANS CITY (3),G85002,2046,stop,2026-04-24,20:46:00,,
WIMBLEDON - LUTON,G84037,2033,stop,2026-04-05,20:45:00,,
BALHAM - DORKING (6),P26744,2008,stop,2026-04-05,20:44:00,,
BALHAM - DORKING (3),P26744,2008,stop,2026-04-12,20:43:00,,
BALHAM - DORKING,P26742,2011,stop,2026-04-24,20:43:00,,
BALHAM - DORKING,P26742,2011,stop,2026-04-09,20:43:00,,
BALHAM - DORKING (2),X94908,2011,stop,2026-04-03,20:43:00,,
BALHAM - DORKING,P26742,2011,stop,2026-04-30,20:43:00,,
BALHAM - DORKING,P26742,2011,stop,2026-04-03,20:43:00,,
BALHAM - DORKING,P26742,2011,stop,2026-04-15,20:43:00,,
BALHAM - DORKING,P26742,2011,stop,2026-04-21,20:43:00,,
BALHAM - DORKING,P26742,2011,stop,2026-04-06,20:43:00,,
SUTTON (SURREY) - ST ALBANS CITY (6),G25469,2046,stop,2026-04-04,20:46:00,,
SUTTON (SURREY) - ST ALBANS CITY (3),G85002,2046,stop,2026-04-15,20:46:00,,
SUTTON (SURREY) - ST ALBANS CITY (3),G85002,2046,stop,2026-04-13,20:46:00,,
SUTTON (SURREY) - ST ALBANS CITY (6),G25469,2046,stop,2026-04-25,20:46:00,,
SUTTON (SURREY) - ST ALBANS CITY (6),G25469,2046,stop,2026-04-11,20:46:00,,
SUTTON (SURREY) - ST ALBANS CITY (3),G85002,2046,stop,2026-04-09,20:46:00,,
SUTTON (SURREY) - ST ALBANS CITY (6),G85000,2046,stop,2026-04-26,20:46:00,,
SUTTON (SURREY) - ST ALBANS CITY (6),G85002,2046,stop,2026-04-06,20:46:00,,
SUTTON (SURREY) - ST ALBANS CITY (3),G85002,2046,stop,2026-04-14,20:46:00,,
SUTTON (SURREY) - ST ALBANS CITY (3),G85002,2046,stop,2026-04-16,20:46:00,,
SUTTON (SURREY) - ST ALBANS CITY (3),G85002,2046,stop,2026-04-28,20:46:00,,
SUTTON (SURREY) - ST ALBANS CITY (3),G85002,2046,stop,2026-04-01,20:46:00,,
SUTTON (SURREY) - ST ALBANS CITY (3),G85002,2046,stop,2026-04-08,20:46:00,,
SUTTON (SURREY) - ST ALBANS CITY (3),G85002,2046,stop,2026-04-22,20:46:00,,
SUTTON (SURREY) - ST ALBANS CITY (6),G85002,2046,stop,2026-04-03,20:46:00,,
SUTTON (SURREY) - ST ALBANS CITY (3),G85002,2046,stop,2026-04-29,20:46:00,,
SUTTON (SURREY) - ST ALBANS CITY (3),G85002,2046,stop,2026-04-07,20:46:00,,
SUTTON (SURREY) - ST ALBANS CITY (3),G85002,2046,stop,2026-04-27,20:46:00,,
SUTTON (SURREY) - ST ALBANS CITY (3),G85002,2046,stop,2026-04-23,20:46:00,,
SUTTON (SURREY) - ST ALBANS CITY (6),G85000,2046,stop,2026-04-19,20:46:00,,
SUTTON (SURREY) - ST ALBANS CITY (3),G85002,2046,stop,2026-04-17,20:46:00,,
SUTTON (SURREY) - ST ALBANS CITY (6),G85000,2046,stop,2026-04-12,20:46:00,,
EPSOM - NORWOOD JUNCTION,P25292,2045,stop,2026-04-22,20:49:00,,
SUTTON (SURREY) - LUTON,G84037,2049,stop,2026-04-26,20:49:00,,
SUTTON (SURREY) - ST ALBANS CITY,G84038,2049,stop,2026-04-01,20:49:00,,
EPSOM - NORWOOD JUNCTION,P25293,2045,stop,2026-04-18,20:49:00,,
BATTERSEA PARK LONDON - EPSOM DOWNS,P26099,2000,stop,2026-04-05,20:49:00,,
WORCESTER PARK - EFFINGHAM JUNCTION,Q54795,2035,stop,2026-04-12,20:48:00,,
SUTTON (SURREY) - ST ALBANS CITY (6),G25469,2047,stop,2026-04-18,20:47:00,,
DORKING - SUTTON (SURREY),X04873,2003,stop,2026-04-12,20:47:00,,
SUTTON (SURREY) - ST ALBANS CITY (3),G85002,2046,stop,2026-04-20,20:46:00,,
SUTTON (SURREY) - ST ALBANS CITY (6),G85000,2046,stop,2026-04-05,20:46:00,,
SUTTON (SURREY) - ST ALBANS CITY (3),G85002,2046,stop,2026-04-30,20:46:00,,
SUTTON (SURREY) - ST ALBANS CITY (3),G85002,2046,stop,2026-04-21,20:46:00,,
SUTTON (SURREY) - ST ALBANS CITY,G84038,2049,stop,2026-04-20,20:49:00,,
BATTERSEA PARK LONDON - EPSOM DOWNS,P26099,2000,stop,2026-04-26,20:49:00,,
EPSOM - NORWOOD JUNCTION,X01432,2045,stop,2026-04-06,20:49:00,,
EPSOM - NORWOOD JUNCTION,P25293,2045,stop,2026-04-25,20:49:00,,
EPSOM - NORWOOD JUNCTION,P25292,2045,stop,2026-04-06,20:49:00,,
EPSOM - NORWOOD JUNCTION,P25292,2045,stop,2026-04-15,20:49:00,,
SUTTON (SURREY) - ST ALBANS CITY,G84038,2049,stop,2026-04-27,20:49:00,,
SUTTON (SURREY) - ST ALBANS CITY,G84038,2049,stop,2026-04-28,20:49:00,,
STREATHAM HILL - EPSOM DOWNS,P26099,2013,stop,2026-04-19,20:49:00,,
EPSOM - NORWOOD JUNCTION,P25293,2045,stop,2026-04-11,20:49:00,,
BATTERSEA PARK LONDON - EPSOM DOWNS,P26100,2000,stop,2026-04-16,20:49:00,,
EPSOM - NORWOOD JUNCTION,P25292,2045,stop,2026-04-23,20:49:00,,
BATTERSEA PARK LONDON - EPSOM DOWNS,P26100,2000,stop,2026-04-29,20:49:00,,
EPSOM - NORWOOD JUNCTION,P25292,2045,stop,2026-04-24,20:49:00,,
EPSOM - NORWOOD JUNCTION,P25292,2045,stop,2026-04-01,20:49:00,,
BATTERSEA PARK LONDON - EPSOM DOWNS,P26100,2000,stop,2026-04-27,20:49:00,,
BATTERSEA PARK LONDON - EPSOM DOWNS,P26100,2000,stop,2026-04-07,20:49:00,,
SUTTON (SURREY) - ST ALBANS CITY,G84038,2049,stop,2026-04-30,20:49:00,,
EPSOM - NORWOOD JUNCTION,P25292,2045,stop,2026-04-10,20:49:00,,
SUTTON (SURREY) - ST ALBANS CITY,G84038,2049,stop,2026-04-21,20:49:00,,
EPSOM - NORWOOD JUNCTION,P25292,2045,stop,2026-04-09,20:49:00,,
EPSOM - NORWOOD JUNCTION,P25292,2045,stop,2026-04-13,20:49:00,,
EPSOM - NORWOOD JUNCTION,P25292,2045,stop,2026-04-03,20:49:00,,
BATTERSEA PARK LONDON - EPSOM DOWNS,P26100,2000,stop,2026-04-14,20:49:00,,
EPSOM - NORWOOD JUNCTION,P25292,2045,stop,2026-04-17,20:49:00,,
BATTERSEA PARK LONDON - EPSOM DOWNS,X95243,2000,stop,2026-04-03,20:49:00,,
BATTERSEA PARK LONDON - EPSOM DOWNS,P26100,2000,stop,2026-04-03,20:49:00,,
BATTERSEA PARK LONDON - EPSOM DOWNS,P26100,2000,stop,2026-04-20,20:49:00,,
BATTERSEA PARK LONDON - EPSOM DOWNS,P26100,2000,stop,2026-04-23,20:49:00,,
SUTTON (SURREY) - ST ALBANS CITY,G84038,2049,stop,2026-04-17,20:49:00,,
SUTTON (SURREY) - ST ALBANS CITY (5),G25470,2049,stop,2026-04-11,20:49:00,,
SUTTON (SURREY) - ST ALBANS CITY,G84038,2049,stop,2026-04-10,20:49:00,,
EPSOM - NORWOOD JUNCTION,P25292,2045,stop,2026-04-02,20:49:00,,
BATTERSEA PARK LONDON - EPSOM DOWNS,P26099,2000,stop,2026-04-12,20:49:00,,
BATTERSEA PARK LONDON - EPSOM DOWNS,P26100,2000,stop,2026-04-10,20:49:00,,
SUTTON (SURREY) - ST ALBANS CITY,G84038,2049,stop,2026-04-13,20:49:00,,
EPSOM - NORWOOD JUNCTION,P25292,2045,stop,2026-04-21,20:49:00,,
EPSOM - NORWOOD JUNCTION,P25292,2045,stop,2026-04-07,20:49:00,,
EPSOM - NORWOOD JUNCTION,P25292,2045,stop,2026-04-14,20:49:00,,
BATTERSEA PARK LONDON - EPSOM DOWNS,P26101,2000,stop,2026-04-25,20:49:00,,
SUTTON (SURREY) - ST ALBANS CITY,G84038,2049,stop,2026-04-22,20:49:00,,
SUTTON (SURREY) - ST ALBANS CITY (5),G84038,2049,stop,2026-04-06,20:49:00,,
EPSOM - NORWOOD JUNCTION,P25293,2045,stop,2026-04-04,20:49:00,,
SUTTON (SURREY) - WEST HAMPSTEAD THAMESLINK,G84037,2049,stop,2026-04-19,20:49:00,,
SUTTON (SURREY) - ST ALBANS CITY,G84038,2049,stop,2026-04-07,20:49:00,,
SUTTON (SURREY) - LUTON,G84037,2049,stop,2026-04-12,20:49:00,,
SUTTON (SURREY) - ST ALBANS CITY (5),G25470,2049,stop,2026-04-18,20:49:00,,
BATTERSEA PARK LONDON - EPSOM DOWNS,P26100,2000,stop,2026-04-21,20:49:00,,
BATTERSEA PARK LONDON - EPSOM DOWNS,P26100,2000,stop,2026-04-13,20:49:00,,
SUTTON (SURREY) - ST ALBANS CITY,G84038,2049,stop,2026-04-08,20:49:00,,
BATTERSEA PARK LONDON - EPSOM DOWNS,P26100,2000,stop,2026-04-01,20:49:00,,
STREATHAM HILL - EPSOM DOWNS,P26101,2013,stop,2026-04-18,20:49:00,,
BATTERSEA PARK LONDON - EPSOM DOWNS,P26100,2000,stop,2026-04-09,20:49:00,,
SUTTON (SURREY) - ST ALBANS CITY,G84038,2049,stop,2026-04-23,20:49:00,,
BATTERSEA PARK LONDON - EPSOM DOWNS,P26100,2000,stop,2026-04-30,20:49:00,,
EPSOM - NORWOOD JUNCTION,P25292,2045,stop,2026-04-20,20:49:00,,
BATTERSEA PARK LONDON - EPSOM DOWNS,P26100,2000,stop,2026-04-24,20:49:00,,
BATTERSEA PARK LONDON - EPSOM DOWNS,P26100,2000,stop,2026-04-28,20:49:00,,
SUTTON (SURREY) - ST ALBANS CITY,G84038,2049,stop,2026-04-16,20:49:00,,
SUTTON (SURREY) - ST ALBANS CITY,G84038,2049,stop,2026-04-24,20:49:00,,
SUTTON (SURREY) - ST ALBANS CITY (5),G25470,2049,stop,2026-04-04,20:49:00,,
BATTERSEA PARK LONDON - EPSOM DOWNS,P26100,2000,stop,2026-04-02,20:49:00,,
EPSOM - NORWOOD JUNCTION,P25292,2045,stop,2026-04-29,20:49:00,,
SUTTON (SURREY) - ST ALBANS CITY (5),G84038,2049,stop,2026-04-03,20:49:00,,
BATTERSEA PARK LONDON - EPSOM DOWNS,P26101,2000,stop,2026-04-04,20:49:00,,
SUTTON (SURREY) - ST ALBANS CITY,G84038,2049,stop,2026-04-02,20:49:00,,
EPSOM - NORWOOD JUNCTION,P25292,2045,stop,2026-04-08,20:49:00,,
BATTERSEA PARK LONDON - EPSOM DOWNS,P26101,2000,stop,2026-04-11,20:49:00,,
BATTERSEA PARK LONDON - EPSOM DOWNS,P26100,2000,stop,2026-04-22,20:49:00,,
EPSOM - NORWOOD JUNCTION,P25292,2045,stop,2026-04-27,20:49:00,,
EPSOM - NORWOOD JUNCTION,X93847,2045,stop,2026-04-03,20:49:00,,
EPSOM - NORWOOD JUNCTION,P25292,2045,stop,2026-04-16,20:49:00,,
SUTTON (SURREY) - ST ALBANS CITY,G84038,2049,stop,2026-04-09,20:49:00,,
SUTTON (SURREY) - ST ALBANS CITY,G84038,2049,stop,2026-04-15,20:49:00,,
BATTERSEA PARK LONDON - EPSOM DOWNS,P26100,2000,stop,2026-04-08,20:49:00,,
EPSOM DOWNS - BATTERSEA PARK LONDON,P26123,2038,stop,2026-04-13,20:51:00,,
EPSOM DOWNS - BATTERSEA PARK LONDON,P26122,2038,stop,2026-04-26,20:51:00,,
EPSOM DOWNS - BATTERSEA PARK LONDON,P26123,2038,stop,2026-04-01,20:51:00,,
EPSOM DOWNS - BATTERSEA PARK LONDON,P26123,2038,stop,2026-04-14,20:51:00,,
EPSOM DOWNS - BATTERSEA PARK LONDON,P26124,2038,stop,2026-04-11,20:51:00,,
EPSOM DOWNS - STREATHAM HILL,P26122,2038,stop,2026-04-19,20:51:00,,
EPSOM - NORWOOD JUNCTION,P25292,2045,stop,2026-04-28,20:49:00,,
SUTTON (SURREY) - ST ALBANS CITY,G84038,2049,stop,2026-04-14,20:49:00,,
BATTERSEA PARK LONDON - EPSOM DOWNS,P26100,2000,stop,2026-04-15,20:49:00,,
SUTTON (SURREY) - ST ALBANS CITY,G84038,2049,stop,2026-04-29,20:49:00,,
BATTERSEA PARK LONDON - EPSOM DOWNS,X00757,2000,stop,2026-04-06,20:49:00,,
BATTERSEA PARK LONDON - EPSOM DOWNS,P26100,2000,stop,2026-04-17,20:49:00,,
BATTERSEA PARK LONDON - EPSOM DOWNS,P26100,2000,stop,2026-04-06,20:49:00,,
SUTTON (SURREY) - ST ALBANS CITY (5),G25470,2049,stop,2026-04-25,20:49:00,,
EPSOM - NORWOOD JUNCTION,P25292,2045,stop,2026-04-30,20:49:00,,
EPSOM DOWNS - BATTERSEA PARK LONDON,P26123,2038,stop,2026-04-24,20:51:00,,
EPSOM DOWNS - BATTERSEA PARK LONDON,P26123,2038,stop,2026-04-22,20:51:00,,
EPSOM DOWNS - BATTERSEA PARK LONDON,P26123,2038,stop,2026-04-28,20:51:00,,
EPSOM DOWNS - BATTERSEA PARK LONDON,P26124,2038,stop,2026-04-04,20:51:00,,
EPSOM DOWNS - BATTERSEA PARK LONDON,P26123,2038,stop,2026-04-09,20:51:00,,
EPSOM DOWNS - BATTERSEA PARK LONDON,P26123,2038,stop,2026-04-06,20:51:00,,
EPSOM DOWNS - BATTERSEA PARK LONDON,P26123,2038,stop,2026-04-08,20:51:00,,
EPSOM DOWNS - STREATHAM HILL,P26124,2038,stop,2026-04-18,20:51:00,,
EPSOM DOWNS - BATTERSEA PARK LONDON,X00764,2038,stop,2026-04-06,20:51:00,,
EPSOM DOWNS - BATTERSEA PARK LONDON,P26123,2038,stop,2026-04-10,20:51:00,,
EPSOM DOWNS - BATTERSEA PARK LONDON,P26123,2038,stop,2026-04-29,20:51:00,,
EPSOM DOWNS - BATTERSEA PARK LONDON,P26123,2038,stop,2026-04-21,20:51:00,,
EPSOM DOWNS - BATTERSEA PARK LONDON,P26123,2038,stop,2026-04-20,20:51:00,,
EPSOM DOWNS - BATTERSEA PARK LONDON,P26123,2038,stop,2026-04-16,20:51:00,,
EPSOM DOWNS - BATTERSEA PARK LONDON,P26123,2038,stop,2026-04-03,20:51:00,,
EPSOM DOWNS - BATTERSEA PARK LONDON,X93862,2038,stop,2026-04-03,20:51:00,,
DORKING - EARLSFIELD,P61083,2032,stop,2026-04-29,20:52:00,,
DORKING - EARLSFIELD,P61084,2032,stop,2026-04-25,20:52:00,,
DORKING - EARLSFIELD,P61084,2032,stop,2026-04-18,20:52:00,,
EPSOM DOWNS - BATTERSEA PARK LONDON,P26122,2038,stop,2026-04-12,20:51:00,,
EPSOM DOWNS - BATTERSEA PARK LONDON,P26123,2038,stop,2026-04-02,20:51:00,,
EPSOM DOWNS - BATTERSEA PARK LONDON,P26123,2038,stop,2026-04-15,20:51:00,,
EPSOM DOWNS - BATTERSEA PARK LONDON,P26123,2038,stop,2026-04-17,20:51:00,,
EPSOM DOWNS - BATTERSEA PARK LONDON,P26123,2038,stop,2026-04-30,20:51:00,,
EPSOM DOWNS - BATTERSEA PARK LONDON,P26123,2038,stop,2026-04-27,20:51:00,,
EPSOM DOWNS - BATTERSEA PARK LONDON,P26123,2038,stop,2026-04-07,20:51:00,,
EPSOM DOWNS - BATTERSEA PARK LONDON,P26124,2038,stop,2026-04-25,20:51:00,,
EPSOM DOWNS - BATTERSEA PARK LONDON,P26123,2038,stop,2026-04-23,20:51:00,,
DORKING - EARLSFIELD,P61083,2032,stop,2026-04-15,20:52:00,,
MITCHAM EASTFIELDS - DORKING (2),P26743,2020,stop,2026-04-18,20:52:00,,
DORKING - EARLSFIELD,P61083,2032,stop,2026-04-27,20:52:00,,
DORKING - EARLSFIELD,P61083,2032,stop,2026-04-17,20:52:00,,
DORKING - EARLSFIELD,P61083,2032,stop,2026-04-02,20:52:00,,
DORKING - EARLSFIELD,P61084,2032,stop,2026-04-11,20:52:00,,
DORKING - EARLSFIELD,P61083,2032,stop,2026-04-03,20:52:00,,
DORKING - EARLSFIELD,P61083,2032,stop,2026-04-23,20:52:00,,
DORKING - EARLSFIELD,P61083,2032,stop,2026-04-14,20:52:00,,
DORKING - EARLSFIELD,P61083,2032,stop,2026-04-13,20:52:00,,
DORKING - EARLSFIELD,P61083,2032,stop,2026-04-07,20:52:00,,
DORKING - EARLSFIELD,P61083,2032,stop,2026-04-16,20:52:00,,
DORKING - EARLSFIELD,P61083,2032,stop,2026-04-22,20:52:00,,
DORKING - EARLSFIELD,P61083,2032,stop,2026-04-24,20:52:00,,
DORKING - EARLSFIELD,Q38302,2032,stop,2026-04-03,20:52:00,,
DORKING - EARLSFIELD,P61083,2032,stop,2026-04-09,20:52:00,,
DORKING - EARLSFIELD,P61083,2032,stop,2026-04-08,20:52:00,,
DORKING - EARLSFIELD,P61083,2032,stop,2026-04-01,20:52:00,,
DORKING - EARLSFIELD,P61083,2032,stop,2026-04-10,20:52:00,,
DORKING - EARLSFIELD,P61084,2032,stop,2026-04-04,20:52:00,,
DORKING - EARLSFIELD,P61083,2032,stop,2026-04-30,20:52:00,,
DORKING - EARLSFIELD,P61083,2032,stop,2026-04-06,20:52:00,,
DORKING - EARLSFIELD,Q48558,2032,stop,2026-04-06,20:52:00,,
DORKING - EARLSFIELD,P61083,2032,stop,2026-04-28,20:52:00,,
EARLSFIELD - DORKING,P61074,2023,stop,2026-04-06,20:54:00,,
EARLSFIELD - DORKING,P61074,2023,stop,2026-04-03,20:54:00,,
EARLSFIELD - DORKING,P61074,2023,stop,2026-04-02,20:54:00,,
EARLSFIELD - DORKING,P61075,2023,stop,2026-04-18,20:54:00,,
EARLSFIELD - DORKING,P61074,2023,stop,2026-04-24,20:54:00,,
EARLSFIELD - DORKING,P61075,2023,stop,2026-04-25,20:54:00,,
EARLSFIELD - DORKING,P61075,2023,stop,2026-04-11,20:54:00,,
EARLSFIELD - DORKING,Q48581,2023,stop,2026-04-06,20:54:00,,
EARLSFIELD - DORKING,P61074,2023,stop,2026-04-27,20:54:00,,
EARLSFIELD - DORKING,P61074,2023,stop,2026-04-28,20:54:00,,
EARLSFIELD - DORKING,P61074,2023,stop,2026-04-20,20:54:00,,
EARLSFIELD - DORKING,Q38311,2023,stop,2026-04-03,20:54:00,,
EARLSFIELD - DORKING,P61075,2023,stop,2026-04-04,20:54:00,,
DORKING - EARLSFIELD,P61083,2032,stop,2026-04-20,20:52:00,,
DORKING - EARLSFIELD,P61083,2032,stop,2026-04-21,20:52:00,,
EARLSFIELD - DORKING,P61074,2023,stop,2026-04-30,20:54:00,,
EARLSFIELD - DORKING,P61074,2023,stop,2026-04-16,20:54:00,,
EARLSFIELD - DORKING,P61074,2023,stop,2026-04-13,20:54:00,,
EARLSFIELD - DORKING,P61074,2023,stop,2026-04-07,20:54:00,,
EARLSFIELD - DORKING,P61074,2023,stop,2026-04-08,20:54:00,,
EARLSFIELD - DORKING,P61074,2023,stop,2026-04-29,20:54:00,,
EARLSFIELD - DORKING,P61074,2023,stop,2026-04-10,20:54:00,,
EARLSFIELD - DORKING,P61074,2023,stop,2026-04-09,20:54:00,,
EARLSFIELD - DORKING,P61074,2023,stop,2026-04-14,20:54:00,,
EARLSFIELD - DORKING,P61074,2023,stop,2026-04-22,20:54:00,,
EARLSFIELD - DORKING,P61074,2023,stop,2026-04-17,20:54:00,,
EARLSFIELD - DORKING,P61074,2023,stop,2026-04-23,20:54:00,,
EARLSFIELD - DORKING,P61074,2023,stop,2026-04-01,20:54:00,,
EARLSFIELD - DORKING,P61074,2023,stop,2026-04-21,20:54:00,,
EARLSFIELD - DORKING,P61074,2023,stop,2026-04-15,20:54:00,,
SUTTON (SURREY) - DORKING,X04909,2055,stop,2026-04-12,20:55:00,,
SUTTON (SURREY) - TULSE HILL,X27280,2057,stop,2026-04-05,20:57:00,,
GUILDFORD - EARLSFIELD,L74305,2020,stop,2026-04-19,20:57:00,,
GUILDFORD - EARLSFIELD,L74305,2020,stop,2026-04-05,20:57:00,,
NORWOOD JUNCTION - EPSOM,P25291,2025,stop,2026-04-25,20:58:00,,
NORWOOD JUNCTION - EPSOM,P25290,2025,stop,2026-04-15,20:58:00,,
NORWOOD JUNCTION - EPSOM,P25290,2025,stop,2026-04-23,20:58:00,,
NORWOOD JUNCTION - EPSOM,P25290,2025,stop,2026-04-14,20:58:00,,
EPSOM DOWNS - BATTERSEA PARK LONDON,P26122,2038,stop,2026-04-05,20:58:00,,
NORWOOD JUNCTION - EPSOM,P25291,2025,stop,2026-04-04,20:58:00,,
NORWOOD JUNCTION - EPSOM,P25290,2025,stop,2026-04-09,20:58:00,,
NORWOOD JUNCTION - EPSOM,P25290,2025,stop,2026-04-30,20:58:00,,
NORWOOD JUNCTION - EPSOM,P25290,2025,stop,2026-04-20,20:58:00,,
NORWOOD JUNCTION - EPSOM,P25290,2025,stop,2026-04-10,20:58:00,,
NORWOOD JUNCTION - EPSOM,P25291,2025,stop,2026-04-18,20:58:00,,
NORWOOD JUNCTION - EPSOM,P25290,2025,stop,2026-04-22,20:58:00,,
NORWOOD JUNCTION - EPSOM,P25290,2025,stop,2026-04-21,20:58:00,,
NORWOOD JUNCTION - EPSOM,P25290,2025,stop,2026-04-13,20:58:00,,
GUILDFORD - EARLSFIELD,L74305,2020,stop,2026-04-12,20:57:00,,
GUILDFORD - EARLSFIELD,L74305,2020,stop,2026-04-26,20:57:00,,
NORWOOD JUNCTION - EPSOM,P25290,2025,stop,2026-04-17,20:58:00,,
NORWOOD JUNCTION - EPSOM,P25290,2025,stop,2026-04-27,20:58:00,,
NORWOOD JUNCTION - EPSOM,P25290,2025,stop,2026-04-03,20:58:00,,
NORWOOD JUNCTION - EPSOM,P25290,2025,stop,2026-04-01,20:58:00,,
NORWOOD JUNCTION - EPSOM,P25291,2025,stop,2026-04-11,20:58:00,,
NORWOOD JUNCTION - EPSOM,P25290,2025,stop,2026-04-06,20:58:00,,
NORWOOD JUNCTION - EPSOM,P25290,2025,stop,2026-04-28,20:58:00,,
NORWOOD JUNCTION - EPSOM,P25290,2025,stop,2026-04-16,20:58:00,,
NORWOOD JUNCTION - EPSOM,X01431,2025,stop,2026-04-06,20:58:00,,
NORWOOD JUNCTION - EPSOM,P25290,2025,stop,2026-04-08,20:58:00,,
NORWOOD JUNCTION - EPSOM,X92805,2025,stop,2026-04-03,20:58:00,,
NORWOOD JUNCTION - EPSOM,P25290,2025,stop,2026-04-29,20:58:00,,
NORWOOD JUNCTION - EPSOM,P25290,2025,stop,2026-04-02,20:58:00,,
NORWOOD JUNCTION - EPSOM,P25290,2025,stop,2026-04-24,20:58:00,,
NORWOOD JUNCTION - EPSOM,P25290,2025,stop,2026-04-07,20:58:00,,
LUTON - WIMBLEDON,W59684,1922,stop,2026-04-05,21:01:00,,
EARLSFIELD - GUILDFORD (2),P61625,2032,stop,2026-04-19,21:03:00,,
EARLSFIELD - GUILDFORD (2),P61625,2032,stop,2026-04-12,21:03:00,,
EARLSFIELD - GUILDFORD (2),P61625,2032,stop,2026-04-26,21:03:00,,
EARLSFIELD - GUILDFORD (2),P61625,2032,stop,2026-04-05,21:03:00,,
DORKING - BALHAM (2),P26753,2042,stop,2026-04-12,21:05:00,,
EFFINGHAM JUNCTION - WORCESTER PARK,Q54761,2015,stop,2026-04-12,21:04:00,,
HORSHAM - BALHAM,P26751,2014,stop,2026-04-28,21:06:00,,
HORSHAM - BALHAM,P26751,2014,stop,2026-04-27,21:06:00,,
HORSHAM - BALHAM,P26751,2014,stop,2026-04-16,21:06:00,,
HORSHAM - BALHAM,P26751,2014,stop,2026-04-17,21:06:00,,
DORKING - BALHAM,P26752,2046,stop,2026-04-25,21:06:00,,
HORSHAM - BALHAM,P26751,2014,stop,2026-04-24,21:06:00,,
HORSHAM - BALHAM,P26751,2014,stop,2026-04-23,21:06:00,,
HORSHAM - BALHAM,P26751,2014,stop,2026-04-22,21:06:00,,
HORSHAM - BALHAM,P26751,2014,stop,2026-04-01,21:06:00,,
DORKING - BALHAM,P26752,2046,stop,2026-04-11,21:06:00,,
HORSHAM - BALHAM,P26751,2014,stop,2026-04-07,21:06:00,,
HORSHAM - BALHAM,P26751,2014,stop,2026-04-21,21:06:00,,
HORSHAM - BALHAM,P26751,2014,stop,2026-04-02,21:06:00,,
HORSHAM - BALHAM,P26751,2014,stop,2026-04-20,21:06:00,,
DORKING - BALHAM (2),P26753,2042,stop,2026-04-26,21:05:00,,
DORKING - MITCHAM EASTFIELDS,P26753,2042,stop,2026-04-19,21:05:00,,
ST ALBANS CITY - SUTTON (SURREY),G85003,1937,stop,2026-04-10,21:07:00,,
ST ALBANS CITY - SUTTON (SURREY),G85003,1937,stop,2026-04-09,21:07:00,,
HORSHAM - BALHAM,P26751,2014,stop,2026-04-30,21:06:00,,
HORSHAM - BALHAM,P26751,2014,stop,2026-04-14,21:06:00,,
DORKING - BALHAM,X00974,2046,stop,2026-04-06,21:06:00,,
HORSHAM - BALHAM,P26751,2014,stop,2026-04-06,21:06:00,,
DORKING - BALHAM,P26752,2046,stop,2026-04-04,21:06:00,,
HORSHAM - BALHAM,P26751,2014,stop,2026-04-08,21:06:00,,
HORSHAM - BALHAM,P26751,2014,stop,2026-04-09,21:06:00,,
DORKING - BALHAM,X93843,2046,stop,2026-04-03,21:06:00,,
HORSHAM - BALHAM,P26751,2014,stop,2026-04-03,21:06:00,,
DORKING - MITCHAM EASTFIELDS (2),P26752,2046,stop,2026-04-18,21:06:00,,
HORSHAM - BALHAM,P26751,2014,stop,2026-04-10,21:06:00,,
HORSHAM - BALHAM,P26751,2014,stop,2026-04-13,21:06:00,,
HORSHAM - BALHAM,P26751,2014,stop,2026-04-15,21:06:00,,
HORSHAM - BALHAM,P26751,2014,stop,2026-04-29,21:06:00,,
WEST HAMPSTEAD THAMESLINK - SUTTON (SURREY) (2),W59684,2000,stop,2026-04-19,21:07:00,,
ST ALBANS CITY - SUTTON (SURREY),G85003,1937,stop,2026-04-28,21:07:00,,
ST ALBANS CITY - SUTTON (SURREY),G85003,1937,stop,2026-04-23,21:07:00,,
ST ALBANS CITY - SUTTON (SURREY),G85003,1937,stop,2026-04-15,21:07:00,,
ST ALBANS CITY - SUTTON (SURREY),G85003,1937,stop,2026-04-27,21:07:00,,
ST ALBANS CITY - SUTTON (SURREY),G85003,1937,stop,2026-04-17,21:07:00,,
LUTON - SUTTON (SURREY) (2),W59684,1922,stop,2026-04-26,21:07:00,,
ST ALBANS CITY - SUTTON (SURREY),G85003,1937,stop,2026-04-08,21:07:00,,
ST ALBANS CITY - SUTTON (SURREY),G85003,1937,stop,2026-04-03,21:07:00,,
ST ALBANS CITY - SUTTON (SURREY),G85003,1937,stop,2026-04-06,21:07:00,,
ST ALBANS CITY - SUTTON (SURREY),G85003,1937,stop,2026-04-02,21:07:00,,
ST ALBANS CITY - SUTTON (SURREY),G85003,1937,stop,2026-04-01,21:07:00,,
LUTON - SUTTON (SURREY) (2),W59684,1922,stop,2026-04-12,21:07:00,,
ST ALBANS CITY - SUTTON (SURREY),G85003,1937,stop,2026-04-07,21:07:00,,
ST ALBANS CITY - SUTTON (SURREY),G25439,1937,stop,2026-04-04,21:07:00,,
ST ALBANS CITY - SUTTON (SURREY),G25439,1937,stop,2026-04-11,21:07:00,,
DORKING - BALHAM (3),P26753,2046,stop,2026-04-05,21:08:00,,
ST ALBANS CITY - SUTTON (SURREY),G85003,1937,stop,2026-04-21,21:07:00,,
ST ALBANS CITY - SUTTON (SURREY),G85003,1937,stop,2026-04-14,21:07:00,,
ST ALBANS CITY - SUTTON (SURREY),G85003,1937,stop,2026-04-16,21:07:00,,
ST ALBANS CITY - SUTTON (SURREY),G85003,1937,stop,2026-04-13,21:07:00,,
ST ALBANS CITY - SUTTON (SURREY),G85003,1937,stop,2026-04-20,21:07:00,,
ST ALBANS CITY - SUTTON (SURREY),G25439,1937,stop,2026-04-25,21:07:00,,
ST ALBANS CITY - SUTTON (SURREY),G85003,1937,stop,2026-04-24,21:07:00,,
ST ALBANS CITY - SUTTON (SURREY),G25439,1937,stop,2026-04-18,21:07:00,,
ST ALBANS CITY - SUTTON (SURREY),G85003,1937,stop,2026-04-22,21:07:00,,
ST ALBANS CITY - SUTTON (SURREY),G85003,1937,stop,2026-04-30,21:07:00,,
ST ALBANS CITY - SUTTON (SURREY),G85003,1937,stop,2026-04-29,21:07:00,,
BALHAM - EPSOM,P26750,2039,stop,2026-04-26,21:11:00,,
MITCHAM EASTFIELDS - EPSOM (2),P26750,2038,stop,2026-04-19,21:10:00,,
BALHAM - HORSHAM,P26748,2041,stop,2026-04-08,21:13:00,,
BALHAM - HORSHAM,P26748,2041,stop,2026-04-06,21:13:00,,
SUTTON (SURREY) - BALHAM (2),P26753,2112,stop,2026-04-12,21:12:00,,
BALHAM - HORSHAM,P26748,2041,stop,2026-04-28,21:13:00,,
BALHAM - HORSHAM,P26748,2041,stop,2026-04-01,21:13:00,,
BALHAM - HORSHAM,P26748,2041,stop,2026-04-10,21:13:00,,
BALHAM - DORKING (3),P26749,2041,stop,2026-04-04,21:13:00,,
BALHAM - HORSHAM,P26748,2041,stop,2026-04-16,21:13:00,,
BALHAM - HORSHAM,P26748,2041,stop,2026-04-13,21:13:00,,
BALHAM - HORSHAM,P26748,2041,stop,2026-04-24,21:13:00,,
BALHAM - HORSHAM,P26748,2041,stop,2026-04-21,21:13:00,,
BALHAM - HORSHAM,P26748,2041,stop,2026-04-30,21:13:00,,
BALHAM - HORSHAM,P26748,2041,stop,2026-04-15,21:13:00,,
BALHAM - DORKING (3),X00973,2041,stop,2026-04-06,21:13:00,,
BALHAM - HORSHAM,P26748,2041,stop,2026-04-14,21:13:00,,
BALHAM - DORKING (3),P26749,2041,stop,2026-04-25,21:13:00,,
BALHAM - HORSHAM,P26748,2041,stop,2026-04-20,21:13:00,,
BALHAM - EPSOM,P26750,2038,stop,2026-04-12,21:13:00,,
SUTTON (SURREY) - ST ALBANS CITY (3),G85008,2116,stop,2026-04-01,21:16:00,,
SUTTON (SURREY) - ST ALBANS CITY (3),G85008,2116,stop,2026-04-30,21:16:00,,
WIMBLEDON - BEDFORD MIDLAND,W59402,2103,stop,2026-04-05,21:15:00,,
BALHAM - EPSOM (2),P26750,2038,stop,2026-04-05,21:14:00,,
BALHAM - DORKING (3),X93851,2041,stop,2026-04-03,21:13:00,,
BALHAM - DORKING (3),P26749,2041,stop,2026-04-11,21:13:00,,
BALHAM - HORSHAM,P26748,2041,stop,2026-04-23,21:13:00,,
BALHAM - HORSHAM,P26748,2041,stop,2026-04-17,21:13:00,,
BALHAM - HORSHAM,P26748,2041,stop,2026-04-27,21:13:00,,
BALHAM - HORSHAM,P26748,2041,stop,2026-04-29,21:13:00,,
BALHAM - HORSHAM,P26748,2041,stop,2026-04-03,21:13:00,,
BALHAM - HORSHAM,P26748,2041,stop,2026-04-09,21:13:00,,
BALHAM - HORSHAM,P26748,2041,stop,2026-04-02,21:13:00,,
BALHAM - HORSHAM,P26748,2041,stop,2026-04-22,21:13:00,,
BALHAM - HORSHAM,P26748,2041,stop,2026-04-07,21:13:00,,
SUTTON (SURREY) - ST ALBANS CITY (3),G85008,2116,stop,2026-04-02,21:16:00,,
SUTTON (SURREY) - ST ALBANS CITY (3),G85008,2116,stop,2026-04-22,21:16:00,,
SUTTON (SURREY) - ST ALBANS CITY (3),G85008,2116,stop,2026-04-24,21:16:00,,
SUTTON (SURREY) - ST ALBANS CITY (3),G85008,2116,stop,2026-04-21,21:16:00,,
SUTTON (SURREY) - ST ALBANS CITY (3),G85008,2116,stop,2026-04-23,21:16:00,,
SUTTON (SURREY) - ST ALBANS CITY (3),G85008,2116,stop,2026-04-29,21:16:00,,
SUTTON (SURREY) - ST ALBANS CITY (3),G85008,2116,stop,2026-04-14,21:16:00,,
SUTTON (SURREY) - ST ALBANS CITY (3),G85008,2116,stop,2026-04-10,21:16:00,,
SUTTON (SURREY) - ST ALBANS CITY (3),G85008,2116,stop,2026-04-27,21:16:00,,
SUTTON (SURREY) - ST ALBANS CITY (3),G85008,2116,stop,2026-04-08,21:16:00,,
SUTTON (SURREY) - ST ALBANS CITY (3),G85008,2116,stop,2026-04-07,21:16:00,,
SUTTON (SURREY) - ST ALBANS CITY (3),G85008,2116,stop,2026-04-16,21:16:00,,
SUTTON (SURREY) - ST ALBANS CITY (6),G25482,2116,stop,2026-04-11,21:16:00,,
SUTTON (SURREY) - ST ALBANS CITY (6),G85006,2116,stop,2026-04-26,21:16:00,,
SUTTON (SURREY) - ST ALBANS CITY (3),G85008,2116,stop,2026-04-17,21:16:00,,
SUTTON (SURREY) - ST ALBANS CITY (6),G85006,2116,stop,2026-04-19,21:16:00,,
SUTTON (SURREY) - ST ALBANS CITY (6),G25482,2116,stop,2026-04-04,21:16:00,,
SUTTON (SURREY) - ST ALBANS CITY (3),G85008,2116,stop,2026-04-20,21:16:00,,
SUTTON (SURREY) - ST ALBANS CITY (6),G85008,2116,stop,2026-04-03,21:16:00,,
SUTTON (SURREY) - ST ALBANS CITY (3),G85008,2116,stop,2026-04-13,21:16:00,,
SUTTON (SURREY) - ST ALBANS CITY (6),G25482,2116,stop,2026-04-18,21:16:00,,
SUTTON (SURREY) - ST ALBANS CITY (3),G85008,2116,stop,2026-04-28,21:16:00,,
SUTTON (SURREY) - ST ALBANS CITY (3),G85008,2116,stop,2026-04-09,21:16:00,,
SUTTON (SURREY) - ST ALBANS CITY (3),G85008,2116,stop,2026-04-15,21:16:00,,
BATTERSEA PARK LONDON - EPSOM DOWNS,P26114,2030,stop,2026-04-06,21:19:00,,
SUTTON (SURREY) - BEDFORD MIDLAND (2),W59402,2119,stop,2026-04-26,21:19:00,,
WORCESTER PARK - DORKING,Q54871,2105,stop,2026-04-12,21:18:00,,
DORKING - SUTTON (SURREY),X04872,2033,stop,2026-04-12,21:17:00,,
SUTTON (SURREY) - ST ALBANS CITY (6),G25482,2116,stop,2026-04-25,21:16:00,,
SUTTON (SURREY) - ST ALBANS CITY (6),G85006,2116,stop,2026-04-12,21:16:00,,
SUTTON (SURREY) - ST ALBANS CITY (6),G85008,2116,stop,2026-04-06,21:16:00,,
SUTTON (SURREY) - ST ALBANS CITY (6),G85006,2116,stop,2026-04-05,21:16:00,,
EPSOM - NORWOOD JUNCTION,P25296,2115,stop,2026-04-09,21:19:00,,
BATTERSEA PARK LONDON - EPSOM DOWNS,P26114,2030,stop,2026-04-28,21:19:00,,
BATTERSEA PARK LONDON - EPSOM DOWNS,P26114,2030,stop,2026-04-01,21:19:00,,
BATTERSEA PARK LONDON - EPSOM DOWNS,P26114,2030,stop,2026-04-03,21:19:00,,
BATTERSEA PARK LONDON - EPSOM DOWNS,X93870,2030,stop,2026-04-03,21:19:00,,
SUTTON (SURREY) - BEDFORD MIDLAND,W59403,2119,stop,2026-04-23,21:19:00,,
SUTTON (SURREY) - BEDFORD MIDLAND (2),W59402,2119,stop,2026-04-12,21:19:00,,
BATTERSEA PARK LONDON - EPSOM DOWNS,P26115,2030,stop,2026-04-25,21:19:00,,
BATTERSEA PARK LONDON - EPSOM DOWNS,X00761,2030,stop,2026-04-06,21:19:00,,
SUTTON (SURREY) - BEDFORD MIDLAND,W59403,2119,stop,2026-04-24,21:19:00,,
SUTTON (SURREY) - BEDFORD MIDLAND (2),W58007,2119,stop,2026-04-25,21:19:00,,
SUTTON (SURREY) - BEDFORD MIDLAND,W59403,2119,stop,2026-04-28,21:19:00,,
SUTTON (SURREY) - BEDFORD MIDLAND,W59403,2119,stop,2026-04-27,21:19:00,,
EPSOM - NORWOOD JUNCTION,P25296,2115,stop,2026-04-16,21:19:00,,
SUTTON (SURREY) - BEDFORD MIDLAND,W59403,2119,stop,2026-04-29,21:19:00,,
BATTERSEA PARK LONDON - EPSOM DOWNS,P26114,2030,stop,2026-04-27,21:19:00,,
SUTTON (SURREY) - BEDFORD MIDLAND,W59403,2119,stop,2026-04-13,21:19:00,,
SUTTON (SURREY) - BEDFORD MIDLAND (2),W58007,2119,stop,2026-04-11,21:19:00,,
BATTERSEA PARK LONDON - EPSOM DOWNS,P26114,2030,stop,2026-04-02,21:19:00,,
SUTTON (SURREY) - BEDFORD MIDLAND (2),W59403,2119,stop,2026-04-10,21:19:00,,
SUTTON (SURREY) - BEDFORD MIDLAND (2),W59403,2119,stop,2026-04-09,21:19:00,,
SUTTON (SURREY) - BEDFORD MIDLAND,W59403,2119,stop,2026-04-14,21:19:00,,
SUTTON (SURREY) - BEDFORD MIDLAND (2),W59403,2119,stop,2026-04-08,21:19:00,,
SUTTON (SURREY) - BEDFORD MIDLAND (2),W59403,2119,stop,2026-04-07,21:19:00,,
SUTTON (SURREY) - BEDFORD MIDLAND,W59403,2119,stop,2026-04-15,21:19:00,,
SUTTON (SURREY) - BEDFORD MIDLAND,W59403,2119,stop,2026-04-16,21:19:00,,
EPSOM - NORWOOD JUNCTION,P25296,2115,stop,2026-04-13,21:19:00,,
SUTTON (SURREY) - BEDFORD MIDLAND,W59403,2119,stop,2026-04-17,21:19:00,,
SUTTON (SURREY) - BEDFORD MIDLAND,W59403,2119,stop,2026-04-20,21:19:00,,
BATTERSEA PARK LONDON - EPSOM DOWNS,P26115,2030,stop,2026-04-04,21:19:00,,
SUTTON (SURREY) - BEDFORD MIDLAND,W59403,2119,stop,2026-04-02,21:19:00,,
BATTERSEA PARK LONDON - EPSOM DOWNS,P26114,2030,stop,2026-04-30,21:19:00,,
SUTTON (SURREY) - BEDFORD MIDLAND,W59403,2119,stop,2026-04-01,21:19:00,,
EPSOM - NORWOOD JUNCTION,P25296,2115,stop,2026-04-10,21:19:00,,
EPSOM - NORWOOD JUNCTION,P25296,2115,stop,2026-04-15,21:19:00,,
SUTTON (SURREY) - BEDFORD MIDLAND,W59403,2119,stop,2026-04-21,21:19:00,,
SUTTON (SURREY) - BEDFORD MIDLAND,W59403,2119,stop,2026-04-30,21:19:00,,
BATTERSEA PARK LONDON - EPSOM DOWNS,P26113,2030,stop,2026-04-26,21:19:00,,
SUTTON (SURREY) - BEDFORD MIDLAND,W59403,2119,stop,2026-04-22,21:19:00,,
STREATHAM HILL - EPSOM DOWNS,P26113,2043,stop,2026-04-19,21:19:00,,
EPSOM - NORWOOD JUNCTION,P25296,2115,stop,2026-04-14,21:19:00,,
SUTTON (SURREY) - ST ALBANS CITY (5),W58007,2119,stop,2026-04-18,21:19:00,,
BATTERSEA PARK LONDON - EPSOM DOWNS,P26114,2030,stop,2026-04-16,21:19:00,,
BATTERSEA PARK LONDON - EPSOM DOWNS,P26114,2030,stop,2026-04-24,21:19:00,,
EPSOM - NORWOOD JUNCTION,P25296,2115,stop,2026-04-21,21:19:00,,
EPSOM - NORWOOD JUNCTION,P25296,2115,stop,2026-04-20,21:19:00,,
BATTERSEA PARK LONDON - EPSOM DOWNS,P26114,2030,stop,2026-04-13,21:19:00,,
EPSOM - NORWOOD JUNCTION,P25296,2115,stop,2026-04-02,21:19:00,,
STREATHAM HILL - EPSOM DOWNS,P26115,2043,stop,2026-04-18,21:19:00,,
BATTERSEA PARK LONDON - EPSOM DOWNS,P26114,2030,stop,2026-04-20,21:19:00,,
SUTTON (SURREY) - BEDFORD MIDLAND (2),W59403,2119,stop,2026-04-06,21:19:00,,
SUTTON (SURREY) - ST ALBANS CITY (5),W59402,2119,stop,2026-04-19,21:19:00,,
SUTTON (SURREY) - BEDFORD MIDLAND (2),W58007,2119,stop,2026-04-04,21:19:00,,
BATTERSEA PARK LONDON - EPSOM DOWNS,P26114,2030,stop,2026-04-29,21:19:00,,
SUTTON (SURREY) - BEDFORD MIDLAND (2),W59403,2119,stop,2026-04-03,21:19:00,,
EPSOM - NORWOOD JUNCTION,P25296,2115,stop,2026-04-29,21:19:00,,
BATTERSEA PARK LONDON - EPSOM DOWNS,P26114,2030,stop,2026-04-15,21:19:00,,
EPSOM - NORWOOD JUNCTION,P25297,2115,stop,2026-04-11,21:19:00,,
BATTERSEA PARK LONDON - EPSOM DOWNS,P26114,2030,stop,2026-04-17,21:19:00,,
EPSOM - NORWOOD JUNCTION,P25296,2115,stop,2026-04-28,21:19:00,,
EPSOM - NORWOOD JUNCTION,P25296,2115,stop,2026-04-27,21:19:00,,
EPSOM - NORWOOD JUNCTION,P25296,2115,stop,2026-04-06,21:19:00,,
EPSOM - NORWOOD JUNCTION,X93812,2115,stop,2026-04-03,21:19:00,,
BATTERSEA PARK LONDON - EPSOM DOWNS,P26114,2030,stop,2026-04-08,21:19:00,,
BATTERSEA PARK LONDON - EPSOM DOWNS,P26114,2030,stop,2026-04-23,21:19:00,,
EPSOM - NORWOOD JUNCTION,P25297,2115,stop,2026-04-25,21:19:00,,
EPSOM - NORWOOD JUNCTION,P25296,2115,stop,2026-04-01,21:19:00,,
EPSOM - NORWOOD JUNCTION,P25296,2115,stop,2026-04-07,21:19:00,,
BATTERSEA PARK LONDON - EPSOM DOWNS,P26114,2030,stop,2026-04-09,21:19:00,,
BATTERSEA PARK LONDON - EPSOM DOWNS,P26114,2030,stop,2026-04-14,21:19:00,,
BATTERSEA PARK LONDON - EPSOM DOWNS,P26114,2030,stop,2026-04-21,21:19:00,,
BATTERSEA PARK LONDON - EPSOM DOWNS,P26114,2030,stop,2026-04-22,21:19:00,,
EPSOM - NORWOOD JUNCTION,P25296,2115,stop,2026-04-03,21:19:00,,
BATTERSEA PARK LONDON - EPSOM DOWNS,P26113,2030,stop,2026-04-12,21:19:00,,
EPSOM - NORWOOD JUNCTION,X01434,2115,stop,2026-04-06,21:19:00,,
EPSOM - NORWOOD JUNCTION,P25296,2115,stop,2026-04-30,21:19:00,,
BATTERSEA PARK LONDON - EPSOM DOWNS,P26114,2030,stop,2026-04-10,21:19:00,,
EPSOM - NORWOOD JUNCTION,P25296,2115,stop,2026-04-23,21:19:00,,
EPSOM - NORWOOD JUNCTION,P25296,2115,stop,2026-04-08,21:19:00,,
EPSOM - NORWOOD JUNCTION,P25296,2115,stop,2026-04-22,21:19:00,,
BATTERSEA PARK LONDON - EPSOM DOWNS,P26115,2030,stop,2026-04-11,21:19:00,,
EPSOM - NORWOOD JUNCTION,P25296,2115,stop,2026-04-24,21:19:00,,
EPSOM - NORWOOD JUNCTION,P25297,2115,stop,2026-04-18,21:19:00,,
EPSOM - NORWOOD JUNCTION,P25297,2115,stop,2026-04-04,21:19:00,,
EPSOM - NORWOOD JUNCTION,P25296,2115,stop,2026-04-17,21:19:00,,
EPSOM DOWNS - BATTERSEA PARK LONDON,P26135,2108,stop,2026-04-24,21:21:00,,
EPSOM DOWNS - BATTERSEA PARK LONDON,P26135,2108,stop,2026-04-28,21:21:00,,
EPSOM DOWNS - BATTERSEA PARK LONDON,P26135,2108,stop,2026-04-17,21:21:00,,
EPSOM DOWNS - BATTERSEA PARK LONDON,P26135,2108,stop,2026-04-23,21:21:00,,
EPSOM DOWNS - BATTERSEA PARK LONDON,P26135,2108,stop,2026-04-27,21:21:00,,
EPSOM DOWNS - BATTERSEA PARK LONDON,P26135,2108,stop,2026-04-01,21:21:00,,
EPSOM DOWNS - BATTERSEA PARK LONDON,P26135,2108,stop,2026-04-30,21:21:00,,
EPSOM DOWNS - BATTERSEA PARK LONDON,X93821,2108,stop,2026-04-03,21:21:00,,
EPSOM DOWNS - BATTERSEA PARK LONDON,P26136,2108,stop,2026-04-04,21:21:00,,
EPSOM DOWNS - STREATHAM HILL,P26136,2108,stop,2026-04-18,21:21:00,,
EPSOM DOWNS - BATTERSEA PARK LONDON,P26135,2108,stop,2026-04-14,21:21:00,,
EPSOM DOWNS - BATTERSEA PARK LONDON,P26135,2108,stop,2026-04-15,21:21:00,,
EPSOM DOWNS - BATTERSEA PARK LONDON,P26136,2108,stop,2026-04-11,21:21:00,,
BATTERSEA PARK LONDON - EPSOM DOWNS,P26113,2030,stop,2026-04-05,21:20:00,,
BATTERSEA PARK LONDON - EPSOM DOWNS,P26114,2030,stop,2026-04-07,21:19:00,,
EPSOM DOWNS - BATTERSEA PARK LONDON,P26136,2108,stop,2026-04-25,21:21:00,,
EPSOM DOWNS - BATTERSEA PARK LONDON,P26135,2108,stop,2026-04-13,21:21:00,,
EPSOM DOWNS - BATTERSEA PARK LONDON,P26135,2108,stop,2026-04-21,21:21:00,,
EPSOM DOWNS - BATTERSEA PARK LONDON,P26135,2108,stop,2026-04-16,21:21:00,,
EPSOM DOWNS - STREATHAM HILL,P26134,2108,stop,2026-04-19,21:21:00,,
EPSOM DOWNS - BATTERSEA PARK LONDON,P26135,2108,stop,2026-04-22,21:21:00,,
EPSOM DOWNS - BATTERSEA PARK LONDON,P26135,2108,stop,2026-04-08,21:21:00,,
EPSOM DOWNS - BATTERSEA PARK LONDON,X00768,2108,stop,2026-04-06,21:21:00,,
EPSOM DOWNS - BATTERSEA PARK LONDON,P26134,2108,stop,2026-04-26,21:21:00,,
EPSOM DOWNS - BATTERSEA PARK LONDON,P26135,2108,stop,2026-04-02,21:21:00,,
EPSOM DOWNS - BATTERSEA PARK LONDON,P26135,2108,stop,2026-04-09,21:21:00,,
EPSOM DOWNS - BATTERSEA PARK LONDON,P26135,2108,stop,2026-04-03,21:21:00,,
EPSOM DOWNS - BATTERSEA PARK LONDON,P26134,2108,stop,2026-04-12,21:21:00,,
EPSOM DOWNS - BATTERSEA PARK LONDON,P26135,2108,stop,2026-04-20,21:21:00,,
EPSOM DOWNS - BATTERSEA PARK LONDON,P26135,2108,stop,2026-04-10,21:21:00,,
EPSOM DOWNS - BATTERSEA PARK LONDON,P26135,2108,stop,2026-04-29,21:21:00,,
GUILDFORD - EARLSFIELD,L74309,2045,stop,2026-04-29,21:22:00,,
GUILDFORD - EARLSFIELD,Q38290,2045,stop,2026-04-03,21:22:00,,
GUILDFORD - EARLSFIELD,L74309,2045,stop,2026-04-21,21:22:00,,
GUILDFORD - EARLSFIELD,L74309,2045,stop,2026-04-08,21:22:00,,
GUILDFORD - EARLSFIELD,L74309,2045,stop,2026-04-03,21:22:00,,
GUILDFORD - EARLSFIELD,L74309,2045,stop,2026-04-01,21:22:00,,
GUILDFORD - EARLSFIELD,L74309,2045,stop,2026-04-02,21:22:00,,
GUILDFORD - EARLSFIELD,L74309,2045,stop,2026-04-28,21:22:00,,
GUILDFORD - EARLSFIELD,L74309,2045,stop,2026-04-20,21:22:00,,
GUILDFORD - EARLSFIELD,L74309,2045,stop,2026-04-15,21:22:00,,
EPSOM DOWNS - BATTERSEA PARK LONDON,P26135,2108,stop,2026-04-07,21:21:00,,
EPSOM DOWNS - BATTERSEA PARK LONDON,P26135,2108,stop,2026-04-06,21:21:00,,
GUILDFORD - EARLSFIELD,L74309,2045,stop,2026-04-30,21:22:00,,
GUILDFORD - EARLSFIELD,L74309,2045,stop,2026-04-22,21:22:00,,
GUILDFORD - EARLSFIELD,L74309,2045,stop,2026-04-14,21:22:00,,
GUILDFORD - EARLSFIELD,L74309,2045,stop,2026-04-13,21:22:00,,
GUILDFORD - EARLSFIELD,L74309,2045,stop,2026-04-23,21:22:00,,
GUILDFORD - EARLSFIELD,L74309,2045,stop,2026-04-10,21:22:00,,
MITCHAM EASTFIELDS - DORKING,P26749,2050,stop,2026-04-18,21:22:00,,
GUILDFORD - EARLSFIELD,Q48401,2045,stop,2026-04-06,21:22:00,,
GUILDFORD - EARLSFIELD,L74309,2045,stop,2026-04-16,21:22:00,,
GUILDFORD - EARLSFIELD,L74309,2045,stop,2026-04-17,21:22:00,,
GUILDFORD - EARLSFIELD,L74309,2045,stop,2026-04-09,21:22:00,,
GUILDFORD - EARLSFIELD,P61629,2045,stop,2026-04-04,21:22:00,,
EARLSFIELD - GUILDFORD (2),Q48383,2053,stop,2026-04-06,21:24:00,,
EARLSFIELD - GUILDFORD (2),P61623,2053,stop,2026-04-14,21:24:00,,
EARLSFIELD - GUILDFORD (2),P61623,2053,stop,2026-04-29,21:24:00,,
EARLSFIELD - GUILDFORD (2),P61623,2053,stop,2026-04-07,21:24:00,,
GUILDFORD - EARLSFIELD,P61629,2045,stop,2026-04-11,21:22:00,,
GUILDFORD - EARLSFIELD,L74309,2045,stop,2026-04-24,21:22:00,,
GUILDFORD - EARLSFIELD,L74309,2045,stop,2026-04-27,21:22:00,,
GUILDFORD - EARLSFIELD,P61629,2045,stop,2026-04-18,21:22:00,,
GUILDFORD - EARLSFIELD,L74309,2045,stop,2026-04-07,21:22:00,,
GUILDFORD - EARLSFIELD,P61629,2045,stop,2026-04-25,21:22:00,,
GUILDFORD - EARLSFIELD,L74309,2045,stop,2026-04-06,21:22:00,,
EARLSFIELD - GUILDFORD (2),P61623,2053,stop,2026-04-24,21:24:00,,
EARLSFIELD - GUILDFORD (2),P61624,2053,stop,2026-04-25,21:24:00,,
EARLSFIELD - GUILDFORD (2),P61623,2053,stop,2026-04-20,21:24:00,,
EARLSFIELD - GUILDFORD (2),P61623,2053,stop,2026-04-09,21:24:00,,
EARLSFIELD - GUILDFORD (2),P61623,2053,stop,2026-04-02,21:24:00,,
EARLSFIELD - GUILDFORD (2),P61623,2053,stop,2026-04-21,21:24:00,,
EARLSFIELD - GUILDFORD (2),P61623,2053,stop,2026-04-03,21:24:00,,
EARLSFIELD - GUILDFORD (2),P61624,2053,stop,2026-04-04,21:24:00,,
EARLSFIELD - GUILDFORD (2),P61624,2053,stop,2026-04-18,21:24:00,,
EARLSFIELD - GUILDFORD (2),P61623,2053,stop,2026-04-10,21:24:00,,
EARLSFIELD - GUILDFORD (2),P61623,2053,stop,2026-04-30,21:24:00,,
EARLSFIELD - GUILDFORD (2),P61624,2053,stop,2026-04-11,21:24:00,,
EARLSFIELD - GUILDFORD (2),P61623,2053,stop,2026-04-23,21:24:00,,
EARLSFIELD - GUILDFORD (2),Q38286,2053,stop,2026-04-03,21:24:00,,
EARLSFIELD - GUILDFORD (2),P61623,2053,stop,2026-04-13,21:24:00,,
EARLSFIELD - GUILDFORD (2),P61623,2053,stop,2026-04-06,21:24:00,,
SUTTON (SURREY) - EPSOM,X04908,2125,stop,2026-04-12,21:25:00,,
EARLSFIELD - GUILDFORD (2),P61623,2053,stop,2026-04-15,21:24:00,,
EARLSFIELD - GUILDFORD (2),P61623,2053,stop,2026-04-22,21:24:00,,
EARLSFIELD - GUILDFORD (2),P61623,2053,stop,2026-04-27,21:24:00,,
EARLSFIELD - GUILDFORD (2),P61623,2053,stop,2026-04-08,21:24:00,,
EARLSFIELD - GUILDFORD (2),P61623,2053,stop,2026-04-28,21:24:00,,
EARLSFIELD - GUILDFORD (2),P61623,2053,stop,2026-04-17,21:24:00,,
EARLSFIELD - GUILDFORD (2),P61623,2053,stop,2026-04-16,21:24:00,,
EARLSFIELD - GUILDFORD (2),P61623,2053,stop,2026-04-01,21:24:00,,
NORWOOD JUNCTION - EPSOM,P25295,2055,stop,2026-04-04,21:28:00,,
NORWOOD JUNCTION - EPSOM,P25294,2055,stop,2026-04-06,21:28:00,,
NORWOOD JUNCTION - EPSOM,P25294,2055,stop,2026-04-03,21:28:00,,
NORWOOD JUNCTION - EPSOM,X92804,2055,stop,2026-04-03,21:28:00,,
NORWOOD JUNCTION - EPSOM,P25294,2055,stop,2026-04-08,21:28:00,,
SUTTON (SURREY) - TULSE HILL,X27279,2127,stop,2026-04-05,21:27:00,,
DORKING - EARLSFIELD,P61085,2107,stop,2026-04-12,21:27:00,,
DORKING - EARLSFIELD,P61085,2107,stop,2026-04-19,21:27:00,,
DORKING - EARLSFIELD,P61085,2107,stop,2026-04-26,21:27:00,,
DORKING - EARLSFIELD,P61085,2107,stop,2026-04-05,21:27:00,,
NORWOOD JUNCTION - EPSOM,P25294,2055,stop,2026-04-09,21:28:00,,
NORWOOD JUNCTION - EPSOM,P25294,2055,stop,2026-04-24,21:28:00,,
NORWOOD JUNCTION - EPSOM,P25294,2055,stop,2026-04-23,21:28:00,,
NORWOOD JUNCTION - EPSOM,P25294,2055,stop,2026-04-28,21:28:00,,
NORWOOD JUNCTION - EPSOM,P25294,2055,stop,2026-04-20,21:28:00,,
NORWOOD JUNCTION - EPSOM,P25294,2055,stop,2026-04-29,21:28:00,,
NORWOOD JUNCTION - EPSOM,P25294,2055,stop,2026-04-22,21:28:00,,
NORWOOD JUNCTION - EPSOM,P25294,2055,stop,2026-04-21,21:28:00,,
NORWOOD JUNCTION - EPSOM,P25294,2055,stop,2026-04-27,21:28:00,,
NORWOOD JUNCTION - EPSOM,X01433,2055,stop,2026-04-06,21:28:00,,
NORWOOD JUNCTION - EPSOM,P25294,2055,stop,2026-04-02,21:28:00,,
NORWOOD JUNCTION - EPSOM,P25294,2055,stop,2026-04-07,21:28:00,,
NORWOOD JUNCTION - EPSOM,P25295,2055,stop,2026-04-25,21:28:00,,
NORWOOD JUNCTION - EPSOM,P25294,2055,stop,2026-04-13,21:28:00,,
NORWOOD JUNCTION - EPSOM,P25294,2055,stop,2026-04-16,21:28:00,,
NORWOOD JUNCTION - EPSOM,P25294,2055,stop,2026-04-01,21:28:00,,
NORWOOD JUNCTION - EPSOM,P25294,2055,stop,2026-04-10,21:28:00,,
NORWOOD JUNCTION - EPSOM,P25294,2055,stop,2026-04-30,21:28:00,,
NORWOOD JUNCTION - EPSOM,P25295,2055,stop,2026-04-18,21:28:00,,
NORWOOD JUNCTION - EPSOM,P25294,2055,stop,2026-04-14,21:28:00,,
NORWOOD JUNCTION - EPSOM,P25295,2055,stop,2026-04-11,21:28:00,,
NORWOOD JUNCTION - EPSOM,P25294,2055,stop,2026-04-15,21:28:00,,
EPSOM DOWNS - BATTERSEA PARK LONDON,P26134,2108,stop,2026-04-05,21:28:00,,
NORWOOD JUNCTION - EPSOM,P25294,2055,stop,2026-04-17,21:28:00,,
LUTON - WIMBLEDON,W59685,1952,stop,2026-04-05,21:31:00,,
EARLSFIELD - DORKING,P61082,2102,stop,2026-04-05,21:33:00,,
EARLSFIELD - DORKING,P61082,2102,stop,2026-04-12,21:33:00,,
EARLSFIELD - DORKING,P61082,2102,stop,2026-04-19,21:33:00,,
EARLSFIELD - DORKING,P61082,2102,stop,2026-04-26,21:33:00,,
ST ALBANS CITY - SUTTON (SURREY),G85009,2007,stop,2026-04-22,21:37:00,,
ST ALBANS CITY - SUTTON (SURREY),G85009,2007,stop,2026-04-30,21:37:00,,
ST ALBANS CITY - SUTTON (SURREY),G85009,2007,stop,2026-04-23,21:37:00,,
ST ALBANS CITY - SUTTON (SURREY),G85009,2007,stop,2026-04-21,21:37:00,,
ST ALBANS CITY - SUTTON (SURREY),G85009,2007,stop,2026-04-27,21:37:00,,
DORKING - BALHAM (2),P26759,2112,stop,2026-04-12,21:35:00,,
DORKING - MITCHAM EASTFIELDS,P26759,2112,stop,2026-04-19,21:35:00,,
DORKING - BALHAM (2),P26759,2112,stop,2026-04-26,21:35:00,,
DORKING - WORCESTER PARK,Q54827,2050,stop,2026-04-12,21:34:00,,
ST ALBANS CITY - SUTTON (SURREY),G25452,2007,stop,2026-04-11,21:37:00,,
ST ALBANS CITY - SUTTON (SURREY),G85009,2007,stop,2026-04-07,21:37:00,,
ST ALBANS CITY - SUTTON (SURREY),G85009,2007,stop,2026-04-10,21:37:00,,
ST ALBANS CITY - SUTTON (SURREY),G85009,2007,stop,2026-04-16,21:37:00,,
DORKING - MITCHAM EASTFIELDS,P26758,2116,stop,2026-04-18,21:37:00,,
WEST HAMPSTEAD THAMESLINK - SUTTON (SURREY) (2),W59685,2030,stop,2026-04-19,21:37:00,,
ST ALBANS CITY - SUTTON (SURREY),G85009,2007,stop,2026-04-17,21:37:00,,
ST ALBANS CITY - SUTTON (SURREY),G85009,2007,stop,2026-04-09,21:37:00,,
ST ALBANS CITY - SUTTON (SURREY),G85009,2007,stop,2026-04-03,21:37:00,,
ST ALBANS CITY - SUTTON (SURREY),G85009,2007,stop,2026-04-20,21:37:00,,
ST ALBANS CITY - SUTTON (SURREY),G85009,2007,stop,2026-04-13,21:37:00,,
LUTON - SUTTON (SURREY) (2),W59685,1952,stop,2026-04-26,21:37:00,,
ST ALBANS CITY - SUTTON (SURREY),G85009,2007,stop,2026-04-29,21:37:00,,
ST ALBANS CITY - SUTTON (SURREY),G85009,2007,stop,2026-04-24,21:37:00,,
ST ALBANS CITY - SUTTON (SURREY),G25452,2007,stop,2026-04-25,21:37:00,,
ST ALBANS CITY - SUTTON (SURREY),G85009,2007,stop,2026-04-28,21:37:00,,
DORKING - BALHAM (3),P26757,2117,stop,2026-04-07,21:39:00,,
DORKING - BALHAM,X00976,2116,stop,2026-04-06,21:39:00,,
DORKING - BALHAM (3),P26759,2116,stop,2026-04-05,21:38:00,,
LUTON - SUTTON (SURREY) (2),W59685,1952,stop,2026-04-12,21:37:00,,
ST ALBANS CITY - SUTTON (SURREY),G85009,2007,stop,2026-04-08,21:37:00,,
ST ALBANS CITY - SUTTON (SURREY),G85009,2007,stop,2026-04-01,21:37:00,,
ST ALBANS CITY - SUTTON (SURREY),G85009,2007,stop,2026-04-14,21:37:00,,
ST ALBANS CITY - SUTTON (SURREY),G85009,2007,stop,2026-04-02,21:37:00,,
ST ALBANS CITY - SUTTON (SURREY),G85009,2007,stop,2026-04-06,21:37:00,,
ST ALBANS CITY - SUTTON (SURREY),G25452,2007,stop,2026-04-18,21:37:00,,
ST ALBANS CITY - SUTTON (SURREY),G25452,2007,stop,2026-04-04,21:37:00,,
ST ALBANS CITY - SUTTON (SURREY),G85009,2007,stop,2026-04-15,21:37:00,,
DORKING - BALHAM (3),P26757,2117,stop,2026-04-01,21:39:00,,
DORKING - BALHAM (3),P26757,2117,stop,2026-04-10,21:39:00,,
DORKING - BALHAM,P26758,2116,stop,2026-04-04,21:39:00,,
DORKING - BALHAM (3),P26757,2117,stop,2026-04-27,21:39:00,,
DORKING - BALHAM (3),P26757,2117,stop,2026-04-29,21:39:00,,
DORKING - BALHAM,P26758,2116,stop,2026-04-11,21:39:00,,
DORKING - BALHAM (3),P26757,2117,stop,2026-04-09,21:39:00,,
DORKING - BALHAM (3),P26757,2117,stop,2026-04-23,21:39:00,,
DORKING - BALHAM (3),P26757,2117,stop,2026-04-06,21:39:00,,
DORKING - BALHAM (3),P26757,2117,stop,2026-04-22,21:39:00,,
DORKING - BALHAM,X93809,2116,stop,2026-04-03,21:39:00,,
DORKING - BALHAM (3),P26757,2117,stop,2026-04-03,21:39:00,,
DORKING - BALHAM (3),P26757,2117,stop,2026-04-21,21:39:00,,
DORKING - BALHAM (3),P26757,2117,stop,2026-04-20,21:39:00,,
DORKING - BALHAM (3),P26757,2117,stop,2026-04-08,21:39:00,,
DORKING - BALHAM (3),P26757,2117,stop,2026-04-24,21:39:00,,
DORKING - BALHAM (3),P26757,2117,stop,2026-04-28,21:42:00,,
BALHAM - DORKING (3),P26756,2108,stop,2026-04-26,21:40:00,,
MITCHAM EASTFIELDS - DORKING,P26756,2108,stop,2026-04-19,21:40:00,,
DORKING - BALHAM,P26758,2116,stop,2026-04-25,21:39:00,,
DORKING - BALHAM (3),P26757,2117,stop,2026-04-17,21:39:00,,
DORKING - BALHAM (3),P26757,2117,stop,2026-04-14,21:39:00,,
DORKING - BALHAM (3),P26757,2117,stop,2026-04-30,21:39:00,,
DORKING - BALHAM (3),P26757,2117,stop,2026-04-02,21:39:00,,
DORKING - BALHAM (3),P26757,2117,stop,2026-04-15,21:39:00,,
DORKING - BALHAM (3),P26757,2117,stop,2026-04-16,21:39:00,,
DORKING - BALHAM (3),P26757,2117,stop,2026-04-13,21:39:00,,
BALHAM - DORKING,P26754,2111,stop,2026-04-03,21:43:00,,
BALHAM - DORKING (2),X93818,2111,stop,2026-04-03,21:43:00,,
BALHAM - DORKING,P26754,2111,stop,2026-04-27,21:43:00,,
BALHAM - DORKING (2),P26755,2111,stop,2026-04-25,21:43:00,,
BALHAM - DORKING (2),P26755,2111,stop,2026-04-04,21:43:00,,
SUTTON (SURREY) - BALHAM (2),P26759,2142,stop,2026-04-12,21:42:00,,
BALHAM - DORKING,P26754,2111,stop,2026-04-16,21:43:00,,
BALHAM - DORKING,P26754,2111,stop,2026-04-22,21:43:00,,
BALHAM - DORKING,P26754,2111,stop,2026-04-15,21:43:00,,
BALHAM - DORKING,P26754,2111,stop,2026-04-14,21:43:00,,
BALHAM - DORKING,P26754,2111,stop,2026-04-13,21:43:00,,
BALHAM - DORKING,P26754,2111,stop,2026-04-23,21:43:00,,
BALHAM - DORKING (2),P26755,2111,stop,2026-04-11,21:43:00,,
BALHAM - DORKING,P26754,2111,stop,2026-04-10,21:43:00,,
BALHAM - DORKING (3),P26756,2108,stop,2026-04-12,21:43:00,,
BALHAM - DORKING,P26754,2111,stop,2026-04-09,21:43:00,,
BALHAM - DORKING,P26754,2111,stop,2026-04-08,21:43:00,,
BALHAM - DORKING,P26754,2111,stop,2026-04-02,21:43:00,,
BALHAM - DORKING (2),X00975,2111,stop,2026-04-06,21:43:00,,
BALHAM - DORKING,P26754,2111,stop,2026-04-06,21:43:00,,
BALHAM - DORKING,P26754,2111,stop,2026-04-29,21:46:00,,
BALHAM - DORKING,P26754,2111,stop,2026-04-28,21:46:00,,
WIMBLEDON - BEDFORD MIDLAND,W59404,2133,stop,2026-04-05,21:45:00,,
BALHAM - DORKING (6),P26756,2108,stop,2026-04-05,21:44:00,,
BALHAM - DORKING,P26754,2111,stop,2026-04-01,21:43:00,,
BALHAM - DORKING,P26754,2111,stop,2026-04-30,21:43:00,,
BALHAM - DORKING,P26754,2111,stop,2026-04-20,21:43:00,,
BALHAM - DORKING,P26754,2111,stop,2026-04-24,21:43:00,,
BALHAM - DORKING,P26754,2111,stop,2026-04-07,21:43:00,,
BALHAM - DORKING,P26754,2111,stop,2026-04-17,21:43:00,,
BALHAM - DORKING,P26754,2111,stop,2026-04-21,21:43:00,,
SUTTON (SURREY) - WEST HAMPSTEAD THAMESLINK (2),G85020,2146,stop,2026-04-26,21:46:00,,
SUTTON (SURREY) - WEST HAMPSTEAD THAMESLINK (2),G85020,2146,stop,2026-04-19,21:46:00,,
SUTTON (SURREY) - WEST HAMPSTEAD THAMESLINK (2),G85020,2146,stop,2026-04-12,21:46:00,,
SUTTON (SURREY) - WEST HAMPSTEAD THAMESLINK (2),G85020,2146,stop,2026-04-05,21:46:00,,
SUTTON (SURREY) - BEDFORD MIDLAND (5),W59689,2148,stop,2026-04-13,21:48:00,,
SUTTON (SURREY) - BEDFORD MIDLAND (5),W59689,2148,stop,2026-04-29,21:48:00,,
SUTTON (SURREY) - BEDFORD MIDLAND (5),W59689,2148,stop,2026-04-15,21:48:00,,
SUTTON (SURREY) - BEDFORD MIDLAND (8),W58010,2148,stop,2026-04-11,21:48:00,,
SUTTON (SURREY) - BEDFORD MIDLAND (5),W59689,2148,stop,2026-04-27,21:48:00,,
SUTTON (SURREY) - BEDFORD MIDLAND (5),W59689,2148,stop,2026-04-23,21:48:00,,
SUTTON (SURREY) - BEDFORD MIDLAND (5),W59689,2148,stop,2026-04-22,21:48:00,,
SUTTON (SURREY) - BEDFORD MIDLAND (5),W59689,2148,stop,2026-04-30,21:48:00,,
SUTTON (SURREY) - BEDFORD MIDLAND (8),W59689,2148,stop,2026-04-09,21:48:00,,
SUTTON (SURREY) - BEDFORD MIDLAND (8),W59689,2148,stop,2026-04-08,21:48:00,,
SUTTON (SURREY) - BEDFORD MIDLAND (5),W59689,2148,stop,2026-04-21,21:48:00,,
WORCESTER PARK - EFFINGHAM JUNCTION,Q54793,2135,stop,2026-04-12,21:48:00,,
SUTTON (SURREY) - BEDFORD MIDLAND (8),W59689,2148,stop,2026-04-07,21:48:00,,
SUTTON (SURREY) - BEDFORD MIDLAND (5),W59689,2148,stop,2026-04-20,21:48:00,,
SUTTON (SURREY) - BEDFORD MIDLAND (5),W59689,2148,stop,2026-04-14,21:48:00,,
DORKING - SUTTON (SURREY),X04871,2103,stop,2026-04-12,21:47:00,,
BATTERSEA PARK LONDON - EPSOM DOWNS,P26126,2100,stop,2026-04-15,21:49:00,,
BATTERSEA PARK LONDON - EPSOM DOWNS,P26126,2100,stop,2026-04-22,21:49:00,,
SUTTON (SURREY) - BEDFORD MIDLAND,W59405,2149,stop,2026-04-28,21:49:00,,
EPSOM - NORWOOD JUNCTION,P25300,2145,stop,2026-04-29,21:49:00,,
SUTTON (SURREY) - BEDFORD MIDLAND (8),W59689,2148,stop,2026-04-06,21:48:00,,
SUTTON (SURREY) - BEDFORD MIDLAND (5),W59689,2148,stop,2026-04-01,21:48:00,,
SUTTON (SURREY) - ST ALBANS CITY (6),W58010,2148,stop,2026-04-18,21:48:00,,
SUTTON (SURREY) - BEDFORD MIDLAND (5),W59689,2148,stop,2026-04-02,21:48:00,,
SUTTON (SURREY) - BEDFORD MIDLAND (8),W58010,2148,stop,2026-04-04,21:48:00,,
SUTTON (SURREY) - BEDFORD MIDLAND (5),W59689,2148,stop,2026-04-17,21:48:00,,
SUTTON (SURREY) - BEDFORD MIDLAND (8),W59689,2148,stop,2026-04-03,21:48:00,,
SUTTON (SURREY) - BEDFORD MIDLAND (5),W59689,2148,stop,2026-04-16,21:48:00,,
SUTTON (SURREY) - BEDFORD MIDLAND (8),W59689,2148,stop,2026-04-10,21:48:00,,
SUTTON (SURREY) - BEDFORD MIDLAND (5),W59689,2148,stop,2026-04-28,21:48:00,,
SUTTON (SURREY) - BEDFORD MIDLAND (8),W58010,2148,stop,2026-04-25,21:48:00,,
SUTTON (SURREY) - BEDFORD MIDLAND (5),W59689,2148,stop,2026-04-24,21:48:00,,
BATTERSEA PARK LONDON - EPSOM DOWNS,P26127,2100,stop,2026-04-04,21:49:00,,
SUTTON (SURREY) - BEDFORD MIDLAND,W59405,2149,stop,2026-04-14,21:49:00,,
SUTTON (SURREY) - ST ALBANS CITY (5),W58011,2149,stop,2026-04-18,21:49:00,,
EPSOM - NORWOOD JUNCTION,P25300,2145,stop,2026-04-27,21:49:00,,
EPSOM - NORWOOD JUNCTION,P25300,2145,stop,2026-04-28,21:49:00,,
SUTTON (SURREY) - BEDFORD MIDLAND,W59405,2149,stop,2026-04-24,21:49:00,,
BATTERSEA PARK LONDON - EPSOM DOWNS,P26126,2100,stop,2026-04-14,21:49:00,,
EPSOM - NORWOOD JUNCTION,P25300,2145,stop,2026-04-03,21:49:00,,
EPSOM - NORWOOD JUNCTION,X93777,2145,stop,2026-04-03,21:49:00,,
BATTERSEA PARK LONDON - EPSOM DOWNS,P26126,2100,stop,2026-04-29,21:49:00,,
BATTERSEA PARK LONDON - EPSOM DOWNS,P26126,2100,stop,2026-04-02,21:49:00,,
EPSOM - NORWOOD JUNCTION,P25301,2145,stop,2026-04-04,21:49:00,,
EPSOM - NORWOOD JUNCTION,P25300,2145,stop,2026-04-30,21:49:00,,
SUTTON (SURREY) - BEDFORD MIDLAND (2),W58011,2149,stop,2026-04-25,21:49:00,,
BATTERSEA PARK LONDON - EPSOM DOWNS,P26126,2100,stop,2026-04-16,21:49:00,,
EPSOM - NORWOOD JUNCTION,P25301,2145,stop,2026-04-25,21:49:00,,
EPSOM - NORWOOD JUNCTION,P25300,2145,stop,2026-04-24,21:49:00,,
EPSOM - NORWOOD JUNCTION,P25300,2145,stop,2026-04-23,21:49:00,,
EPSOM - NORWOOD JUNCTION,P25300,2145,stop,2026-04-22,21:49:00,,
SUTTON (SURREY) - BEDFORD MIDLAND (2),W59404,2149,stop,2026-04-26,21:49:00,,
SUTTON (SURREY) - BEDFORD MIDLAND,W59405,2149,stop,2026-04-27,21:49:00,,
SUTTON (SURREY) - WEST HAMPSTEAD THAMESLINK,W59405,2149,stop,2026-04-03,21:49:00,,
BATTERSEA PARK LONDON - EPSOM DOWNS,P26126,2100,stop,2026-04-17,21:49:00,,
EPSOM - NORWOOD JUNCTION,P25300,2145,stop,2026-04-06,21:49:00,,
EPSOM - NORWOOD JUNCTION,X01436,2145,stop,2026-04-06,21:49:00,,
EPSOM - NORWOOD JUNCTION,P25300,2145,stop,2026-04-21,21:49:00,,
EPSOM - NORWOOD JUNCTION,P25300,2145,stop,2026-04-07,21:49:00,,
EPSOM - NORWOOD JUNCTION,P25300,2145,stop,2026-04-20,21:49:00,,
BATTERSEA PARK LONDON - EPSOM DOWNS,P26126,2100,stop,2026-04-08,21:49:00,,
EPSOM - NORWOOD JUNCTION,P25301,2145,stop,2026-04-11,21:49:00,,
BATTERSEA PARK LONDON - EPSOM DOWNS,X93828,2100,stop,2026-04-03,21:49:00,,
SUTTON (SURREY) - BEDFORD MIDLAND,W59405,2149,stop,2026-04-07,21:49:00,,
BATTERSEA PARK LONDON - EPSOM DOWNS,X00765,2100,stop,2026-04-06,21:49:00,,
BATTERSEA PARK LONDON - EPSOM DOWNS,P26126,2100,stop,2026-04-06,21:49:00,,
BATTERSEA PARK LONDON - EPSOM DOWNS,P26126,2100,stop,2026-04-24,21:49:00,,
SUTTON (SURREY) - BEDFORD MIDLAND,W59405,2149,stop,2026-04-21,21:49:00,,
BATTERSEA PARK LONDON - EPSOM DOWNS,P26126,2100,stop,2026-04-27,21:49:00,,
BATTERSEA PARK LONDON - EPSOM DOWNS,P26126,2100,stop,2026-04-09,21:49:00,,
SUTTON (SURREY) - BEDFORD MIDLAND,W59405,2149,stop,2026-04-08,21:49:00,,
SUTTON (SURREY) - BEDFORD MIDLAND,W59405,2149,stop,2026-04-16,21:49:00,,
EPSOM - NORWOOD JUNCTION,P25300,2145,stop,2026-04-02,21:49:00,,
SUTTON (SURREY) - BEDFORD MIDLAND,W59405,2149,stop,2026-04-13,21:49:00,,
SUTTON (SURREY) - BEDFORD MIDLAND,W59405,2149,stop,2026-04-02,21:49:00,,
SUTTON (SURREY) - BEDFORD MIDLAND,W59405,2149,stop,2026-04-01,21:49:00,,
SUTTON (SURREY) - BEDFORD MIDLAND,W59405,2149,stop,2026-04-29,21:49:00,,
SUTTON (SURREY) - BEDFORD MIDLAND (2),W58011,2149,stop,2026-04-11,21:49:00,,
BATTERSEA PARK LONDON - EPSOM DOWNS,P26125,2100,stop,2026-04-26,21:49:00,,
SUTTON (SURREY) - BEDFORD MIDLAND (2),W59404,2149,stop,2026-04-12,21:49:00,,
SUTTON (SURREY) - BEDFORD MIDLAND (2),W58011,2149,stop,2026-04-04,21:49:00,,
BATTERSEA PARK LONDON - EPSOM DOWNS,P26126,2100,stop,2026-04-13,21:49:00,,
BATTERSEA PARK LONDON - EPSOM DOWNS,P26126,2100,stop,2026-04-10,21:49:00,,
BATTERSEA PARK LONDON - EPSOM DOWNS,P26126,2100,stop,2026-04-30,21:49:00,,
BATTERSEA PARK LONDON - EPSOM DOWNS,P26125,2100,stop,2026-04-05,21:49:00,,
BATTERSEA PARK LONDON - EPSOM DOWNS,P26126,2100,stop,2026-04-01,21:49:00,,
BATTERSEA PARK LONDON - EPSOM DOWNS,P26126,2100,stop,2026-04-03,21:49:00,,
BATTERSEA PARK LONDON - EPSOM DOWNS,P26126,2100,stop,2026-04-07,21:49:00,,
SUTTON (SURREY) - BEDFORD MIDLAND,W59405,2149,stop,2026-04-15,21:49:00,,
SUTTON (SURREY) - ST ALBANS CITY (5),W59404,2149,stop,2026-04-19,21:49:00,,
BATTERSEA PARK LONDON - EPSOM DOWNS,P26127,2100,stop,2026-04-25,21:49:00,,
SUTTON (SURREY) - BEDFORD MIDLAND,W59405,2149,stop,2026-04-20,21:49:00,,
EPSOM - NORWOOD JUNCTION,P25300,2145,stop,2026-04-14,21:49:00,,
EPSOM - NORWOOD JUNCTION,P25300,2145,stop,2026-04-16,21:49:00,,
BATTERSEA PARK LONDON - EPSOM DOWNS,P26127,2100,stop,2026-04-11,21:49:00,,
SUTTON (SURREY) - BEDFORD MIDLAND,W59405,2149,stop,2026-04-30,21:49:00,,
SUTTON (SURREY) - BEDFORD MIDLAND,W59405,2149,stop,2026-04-09,21:49:00,,
BATTERSEA PARK LONDON - EPSOM DOWNS,P26126,2100,stop,2026-04-28,21:49:00,,
SUTTON (SURREY) - WEST HAMPSTEAD THAMESLINK,W59405,2149,stop,2026-04-06,21:49:00,,
SUTTON (SURREY) - BEDFORD MIDLAND,W59405,2149,stop,2026-04-22,21:49:00,,
EPSOM - NORWOOD JUNCTION,P25301,2145,stop,2026-04-18,21:49:00,,
SUTTON (SURREY) - BEDFORD MIDLAND,W59405,2149,stop,2026-04-17,21:49:00,,
SUTTON (SURREY) - BEDFORD MIDLAND,W59405,2149,stop,2026-04-10,21:49:00,,
EPSOM - NORWOOD JUNCTION,P25300,2145,stop,2026-04-01,21:49:00,,
SUTTON (SURREY) - BEDFORD MIDLAND,W59405,2149,stop,2026-04-23,21:49:00,,
BATTERSEA PARK LONDON - EPSOM DOWNS,P26125,2100,stop,2026-04-12,21:49:00,,
BATTERSEA PARK LONDON - EPSOM DOWNS,P26126,2100,stop,2026-04-23,21:49:00,,
EPSOM DOWNS - BATTERSEA PARK LONDON,P26148,2138,stop,2026-04-07,21:50:00,,
EPSOM DOWNS - BATTERSEA PARK LONDON,P26148,2138,stop,2026-04-01,21:50:00,,
EPSOM DOWNS - BATTERSEA PARK LONDON,P26148,2138,stop,2026-04-16,21:50:00,,
EPSOM DOWNS - BATTERSEA PARK LONDON,P26148,2138,stop,2026-04-03,21:50:00,,
EPSOM DOWNS - BATTERSEA PARK LONDON,P26148,2138,stop,2026-04-09,21:50:00,,
STREATHAM HILL - EPSOM DOWNS,P26127,2113,stop,2026-04-18,21:49:00,,
BATTERSEA PARK LONDON - EPSOM DOWNS,P26126,2100,stop,2026-04-21,21:49:00,,
EPSOM - NORWOOD JUNCTION,P25300,2145,stop,2026-04-10,21:49:00,,
EPSOM - NORWOOD JUNCTION,P25300,2145,stop,2026-04-15,21:49:00,,
STREATHAM HILL - EPSOM DOWNS,P26125,2113,stop,2026-04-19,21:49:00,,
EPSOM - NORWOOD JUNCTION,P25300,2145,stop,2026-04-09,21:49:00,,
EPSOM - NORWOOD JUNCTION,P25300,2145,stop,2026-04-08,21:49:00,,
EPSOM - NORWOOD JUNCTION,P25300,2145,stop,2026-04-13,21:49:00,,
EPSOM - NORWOOD JUNCTION,P25300,2145,stop,2026-04-17,21:49:00,,
BATTERSEA PARK LONDON - EPSOM DOWNS,P26126,2100,stop,2026-04-20,21:49:00,,
EPSOM DOWNS - BATTERSEA PARK LONDON,P26148,2138,stop,2026-04-08,21:50:00,,
EPSOM DOWNS - BATTERSEA PARK LONDON,P26148,2138,stop,2026-04-06,21:50:00,,
EPSOM DOWNS - BATTERSEA PARK LONDON,P26148,2138,stop,2026-04-20,21:50:00,,
EPSOM DOWNS - BATTERSEA PARK LONDON,P26148,2138,stop,2026-04-13,21:50:00,,
EPSOM DOWNS - BATTERSEA PARK LONDON,P26148,2138,stop,2026-04-28,21:50:00,,
EPSOM DOWNS - BATTERSEA PARK LONDON,P26148,2138,stop,2026-04-22,21:50:00,,
EPSOM DOWNS - BATTERSEA PARK LONDON,P26148,2138,stop,2026-04-17,21:50:00,,
EPSOM DOWNS - BATTERSEA PARK LONDON,P26148,2138,stop,2026-04-14,21:50:00,,
EPSOM DOWNS - BATTERSEA PARK LONDON,P26148,2138,stop,2026-04-21,21:50:00,,
EPSOM DOWNS - BATTERSEA PARK LONDON,P26148,2138,stop,2026-04-23,21:50:00,,
EPSOM DOWNS - BATTERSEA PARK LONDON,P26148,2138,stop,2026-04-10,21:50:00,,
EPSOM DOWNS - BATTERSEA PARK LONDON,P26148,2138,stop,2026-04-02,21:50:00,,
EPSOM DOWNS - BATTERSEA PARK LONDON,P26148,2138,stop,2026-04-15,21:50:00,,
EPSOM DOWNS - BATTERSEA PARK LONDON,P26148,2138,stop,2026-04-27,21:50:00,,
EPSOM DOWNS - BATTERSEA PARK LONDON,P26148,2138,stop,2026-04-30,21:50:00,,
EPSOM DOWNS - BATTERSEA PARK LONDON,P26148,2138,stop,2026-04-24,21:50:00,,
DORKING - EARLSFIELD,P61089,2132,stop,2026-04-22,21:52:00,,
DORKING - EARLSFIELD,P61090,2132,stop,2026-04-11,21:52:00,,
EPSOM DOWNS - BATTERSEA PARK LONDON,P26147,2138,stop,2026-04-26,21:51:00,,
EPSOM DOWNS - BATTERSEA PARK LONDON,P26149,2138,stop,2026-04-25,21:51:00,,
EPSOM DOWNS - STREATHAM HILL,P26149,2138,stop,2026-04-18,21:51:00,,
EPSOM DOWNS - BATTERSEA PARK LONDON,P26149,2138,stop,2026-04-11,21:51:00,,
EPSOM DOWNS - BATTERSEA PARK LONDON,P26149,2138,stop,2026-04-04,21:51:00,,
EPSOM DOWNS - BATTERSEA PARK LONDON,X00772,2138,stop,2026-04-06,21:51:00,,
EPSOM DOWNS - BATTERSEA PARK LONDON,P26147,2138,stop,2026-04-12,21:51:00,,
EPSOM DOWNS - BATTERSEA PARK LONDON,X93785,2138,stop,2026-04-03,21:51:00,,
EPSOM DOWNS - STREATHAM HILL,P26147,2138,stop,2026-04-19,21:51:00,,
EPSOM DOWNS - BATTERSEA PARK LONDON,P26148,2138,stop,2026-04-29,21:50:00,,
DORKING - EARLSFIELD,P61089,2132,stop,2026-04-16,21:52:00,,
MITCHAM EASTFIELDS - DORKING (2),P26755,2120,stop,2026-04-18,21:52:00,,
DORKING - EARLSFIELD,P61089,2132,stop,2026-04-24,21:52:00,,
DORKING - EARLSFIELD,P61089,2132,stop,2026-04-17,21:52:00,,
DORKING - EARLSFIELD,P61090,2132,stop,2026-04-25,21:52:00,,
DORKING - EARLSFIELD,P61089,2132,stop,2026-04-09,21:52:00,,
DORKING - EARLSFIELD,P61089,2132,stop,2026-04-03,21:52:00,,
DORKING - EARLSFIELD,P61089,2132,stop,2026-04-15,21:52:00,,
DORKING - EARLSFIELD,P61089,2132,stop,2026-04-27,21:52:00,,
DORKING - EARLSFIELD,P61089,2132,stop,2026-04-13,21:52:00,,
DORKING - EARLSFIELD,P61090,2132,stop,2026-04-04,21:52:00,,
DORKING - EARLSFIELD,P61089,2132,stop,2026-04-14,21:52:00,,
DORKING - EARLSFIELD,Q38255,2132,stop,2026-04-03,21:52:00,,
DORKING - EARLSFIELD,P61089,2132,stop,2026-04-10,21:52:00,,
DORKING - EARLSFIELD,P61089,2132,stop,2026-04-07,21:52:00,,
DORKING - EARLSFIELD,P61089,2132,stop,2026-04-20,21:52:00,,
DORKING - EARLSFIELD,Q48305,2132,stop,2026-04-06,21:52:00,,
DORKING - EARLSFIELD,P61089,2132,stop,2026-04-29,21:52:00,,
DORKING - EARLSFIELD,P61089,2132,stop,2026-04-21,21:52:00,,
DORKING - EARLSFIELD,P61090,2132,stop,2026-04-18,21:52:00,,
DORKING - EARLSFIELD,P61089,2132,stop,2026-04-28,21:52:00,,
DORKING - EARLSFIELD,P61089,2132,stop,2026-04-23,21:52:00,,
DORKING - EARLSFIELD,P61089,2132,stop,2026-04-02,21:52:00,,
DORKING - EARLSFIELD,P61089,2132,stop,2026-04-08,21:52:00,,
EARLSFIELD - DORKING,P61080,2123,stop,2026-04-30,21:54:00,,
EARLSFIELD - DORKING,P61080,2123,stop,2026-04-06,21:54:00,,
EARLSFIELD - DORKING,P61080,2123,stop,2026-04-07,21:54:00,,
EARLSFIELD - DORKING,P61080,2123,stop,2026-04-10,21:54:00,,
EARLSFIELD - DORKING,P61081,2123,stop,2026-04-04,21:54:00,,
EARLSFIELD - DORKING,P61080,2123,stop,2026-04-09,21:54:00,,
EARLSFIELD - DORKING,P61081,2123,stop,2026-04-25,21:54:00,,
EARLSFIELD - DORKING,P61080,2123,stop,2026-04-13,21:54:00,,
EARLSFIELD - DORKING,P61080,2123,stop,2026-04-08,21:54:00,,
EARLSFIELD - DORKING,P61080,2123,stop,2026-04-23,21:54:00,,
EARLSFIELD - DORKING,P61080,2123,stop,2026-04-16,21:54:00,,
EARLSFIELD - DORKING,P61080,2123,stop,2026-04-14,21:54:00,,
DORKING - EARLSFIELD,P61089,2132,stop,2026-04-06,21:52:00,,
DORKING - EARLSFIELD,P61089,2132,stop,2026-04-30,21:52:00,,
DORKING - EARLSFIELD,P61089,2132,stop,2026-04-01,21:52:00,,
EARLSFIELD - DORKING,P61080,2123,stop,2026-04-22,21:54:00,,
EARLSFIELD - DORKING,P61080,2123,stop,2026-04-21,21:54:00,,
EARLSFIELD - DORKING,P61080,2123,stop,2026-04-20,21:54:00,,
EARLSFIELD - DORKING,P61080,2123,stop,2026-04-03,21:54:00,,
EARLSFIELD - DORKING,P61080,2123,stop,2026-04-17,21:54:00,,
EARLSFIELD - DORKING,Q38265,2123,stop,2026-04-03,21:54:00,,
EARLSFIELD - DORKING,P61081,2123,stop,2026-04-11,21:54:00,,
EARLSFIELD - DORKING,P61081,2123,stop,2026-04-18,21:54:00,,
EARLSFIELD - DORKING,P61080,2123,stop,2026-04-01,21:54:00,,
EARLSFIELD - DORKING,Q48328,2123,stop,2026-04-06,21:54:00,,
EARLSFIELD - DORKING,P61080,2123,stop,2026-04-15,21:54:00,,
EARLSFIELD - DORKING,P61080,2123,stop,2026-04-02,21:54:00,,
EARLSFIELD - DORKING,P61080,2123,stop,2026-04-24,21:54:00,,
EARLSFIELD - DORKING,P61080,2123,stop,2026-04-28,21:54:00,,
EARLSFIELD - DORKING,P61080,2123,stop,2026-04-29,21:54:00,,
EARLSFIELD - DORKING,P61080,2123,stop,2026-04-27,21:54:00,,
SUTTON (SURREY) - DORKING,X04907,2155,stop,2026-04-12,21:55:00,,
SUTTON (SURREY) - TULSE HILL,X27278,2157,stop,2026-04-05,21:57:00,,
GUILDFORD - EARLSFIELD,L74311,2120,stop,2026-04-26,21:57:00,,
NORWOOD JUNCTION - EPSOM,P25298,2125,stop,2026-04-30,21:58:00,,
NORWOOD JUNCTION - EPSOM,P25298,2125,stop,2026-04-17,21:58:00,,
NORWOOD JUNCTION - EPSOM,P25298,2125,stop,2026-04-01,21:58:00,,
NORWOOD JUNCTION - EPSOM,P25298,2125,stop,2026-04-24,21:58:00,,
NORWOOD JUNCTION - EPSOM,P25298,2125,stop,2026-04-21,21:58:00,,
NORWOOD JUNCTION - EPSOM,P25298,2125,stop,2026-04-07,21:58:00,,
NORWOOD JUNCTION - EPSOM,P25299,2125,stop,2026-04-25,21:58:00,,
NORWOOD JUNCTION - EPSOM,P25298,2125,stop,2026-04-13,21:58:00,,
NORWOOD JUNCTION - EPSOM,P25298,2125,stop,2026-04-22,21:58:00,,
NORWOOD JUNCTION - EPSOM,P25298,2125,stop,2026-04-03,21:58:00,,
NORWOOD JUNCTION - EPSOM,X92889,2125,stop,2026-04-03,21:58:00,,
NORWOOD JUNCTION - EPSOM,P25298,2125,stop,2026-04-10,21:58:00,,
NORWOOD JUNCTION - EPSOM,X01435,2125,stop,2026-04-06,21:58:00,,
GUILDFORD - EARLSFIELD,L74311,2120,stop,2026-04-05,21:57:00,,
GUILDFORD - EARLSFIELD,L74311,2120,stop,2026-04-19,21:57:00,,
GUILDFORD - EARLSFIELD,L74311,2120,stop,2026-04-12,21:57:00,,
NORWOOD JUNCTION - EPSOM,P25299,2125,stop,2026-04-11,21:58:00,,
NORWOOD JUNCTION - EPSOM,P25299,2125,stop,2026-04-18,21:58:00,,
EPSOM DOWNS - BATTERSEA PARK LONDON,P26147,2138,stop,2026-04-05,21:58:00,,
NORWOOD JUNCTION - EPSOM,P25298,2125,stop,2026-04-20,21:58:00,,
NORWOOD JUNCTION - EPSOM,P25298,2125,stop,2026-04-29,21:58:00,,
NORWOOD JUNCTION - EPSOM,P25298,2125,stop,2026-04-02,21:58:00,,
NORWOOD JUNCTION - EPSOM,P25298,2125,stop,2026-04-28,21:58:00,,
NORWOOD JUNCTION - EPSOM,P25298,2125,stop,2026-04-08,21:58:00,,
NORWOOD JUNCTION - EPSOM,P25298,2125,stop,2026-04-09,21:58:00,,
NORWOOD JUNCTION - EPSOM,P25298,2125,stop,2026-04-23,21:58:00,,
NORWOOD JUNCTION - EPSOM,P25298,2125,stop,2026-04-27,21:58:00,,
NORWOOD JUNCTION - EPSOM,P25298,2125,stop,2026-04-06,21:58:00,,
NORWOOD JUNCTION - EPSOM,P25299,2125,stop,2026-04-04,21:58:00,,
NORWOOD JUNCTION - EPSOM,P25298,2125,stop,2026-04-14,21:58:00,,
NORWOOD JUNCTION - EPSOM,P25298,2125,stop,2026-04-16,21:58:00,,
NORWOOD JUNCTION - EPSOM,P25298,2125,stop,2026-04-15,21:58:00,,
LUTON - WIMBLEDON,W59686,2022,stop,2026-04-05,22:01:00,,
EARLSFIELD - GUILDFORD (2),P61628,2132,stop,2026-04-12,22:03:00,,
EFFINGHAM JUNCTION - WORCESTER PARK,Q54760,2115,stop,2026-04-12,22:04:00,,
EARLSFIELD - GUILDFORD (2),P61628,2132,stop,2026-04-05,22:03:00,,
EARLSFIELD - GUILDFORD (2),P61628,2132,stop,2026-04-19,22:03:00,,
EARLSFIELD - GUILDFORD (2),P61628,2132,stop,2026-04-26,22:03:00,,
HORSHAM - BALHAM,P26763,2114,stop,2026-04-14,22:06:00,,
HORSHAM - BALHAM,P26763,2114,stop,2026-04-09,22:06:00,,
HORSHAM - BALHAM,P26763,2114,stop,2026-04-24,22:06:00,,
HORSHAM - BALHAM,P26763,2114,stop,2026-04-15,22:06:00,,
DORKING - MITCHAM EASTFIELDS (2),P26764,2146,stop,2026-04-18,22:06:00,,
HORSHAM - BALHAM,P26763,2114,stop,2026-04-22,22:06:00,,
HORSHAM - BALHAM,P26763,2114,stop,2026-04-23,22:06:00,,
HORSHAM - BALHAM,P26763,2114,stop,2026-04-20,22:06:00,,
HORSHAM - BALHAM,P26763,2114,stop,2026-04-27,22:06:00,,
DORKING - BALHAM,P26764,2146,stop,2026-04-04,22:06:00,,
HORSHAM - BALHAM,P26763,2114,stop,2026-04-17,22:06:00,,
HORSHAM - BALHAM,P26763,2114,stop,2026-04-01,22:06:00,,
EPSOM - BALHAM,P26765,2200,stop,2026-04-12,22:05:00,,
EPSOM - MITCHAM EASTFIELDS,P26765,2200,stop,2026-04-19,22:05:00,,
EPSOM - BALHAM,P26765,2200,stop,2026-04-26,22:05:00,,
EPSOM - BALHAM (2),P26765,2200,stop,2026-04-05,22:05:00,,
HORSHAM - BALHAM,P26763,2114,stop,2026-04-03,22:06:00,,
DORKING - BALHAM,X93774,2146,stop,2026-04-03,22:06:00,,
HORSHAM - BALHAM,P26763,2114,stop,2026-04-13,22:06:00,,
HORSHAM - BALHAM,P26763,2114,stop,2026-04-16,22:06:00,,
HORSHAM - BALHAM,P26763,2114,stop,2026-04-08,22:06:00,,
HORSHAM - BALHAM,P26763,2114,stop,2026-04-21,22:06:00,,
HORSHAM - BALHAM,P26763,2114,stop,2026-04-29,22:06:00,,
HORSHAM - BALHAM,P26763,2114,stop,2026-04-30,22:06:00,,
HORSHAM - BALHAM,P26763,2114,stop,2026-04-07,22:06:00,,
HORSHAM - BALHAM,P26763,2114,stop,2026-04-02,22:06:00,,
DORKING - BALHAM,P26764,2146,stop,2026-04-11,22:06:00,,
HORSHAM - BALHAM,P26763,2114,stop,2026-04-28,22:06:00,,
DORKING - BALHAM,P26764,2146,stop,2026-04-25,22:06:00,,
HORSHAM - BALHAM,P26763,2114,stop,2026-04-10,22:06:00,,
HORSHAM - BALHAM,P26763,2114,stop,2026-04-06,22:06:00,,
DORKING - BALHAM,X00978,2146,stop,2026-04-06,22:06:00,,
ST ALBANS CITY - SUTTON (SURREY) (2),G85012,2037,stop,2026-04-06,22:07:00,,
ST ALBANS CITY - SUTTON (SURREY),G85012,2037,stop,2026-04-20,22:07:00,,
ST ALBANS CITY - SUTTON (SURREY),G85012,2037,stop,2026-04-07,22:07:00,,
ST ALBANS CITY - SUTTON (SURREY),G85012,2037,stop,2026-04-23,22:07:00,,
ST ALBANS CITY - SUTTON (SURREY),G85012,2037,stop,2026-04-30,22:07:00,,
LUTON - SUTTON (SURREY) (2),W59686,2022,stop,2026-04-26,22:07:00,,
ST ALBANS CITY - SUTTON (SURREY),G85012,2037,stop,2026-04-28,22:07:00,,
ST ALBANS CITY - SUTTON (SURREY),G85012,2037,stop,2026-04-27,22:07:00,,
ST ALBANS CITY - SUTTON (SURREY),G85012,2037,stop,2026-04-08,22:07:00,,
ST ALBANS CITY - SUTTON (SURREY),G85012,2037,stop,2026-04-29,22:07:00,,
ST ALBANS CITY - SUTTON (SURREY),G85012,2037,stop,2026-04-01,22:07:00,,
ST ALBANS CITY - SUTTON (SURREY) (2),G25466,2037,stop,2026-04-04,22:07:00,,
ST ALBANS CITY - SUTTON (SURREY),G85012,2037,stop,2026-04-14,22:07:00,,
ST ALBANS CITY - SUTTON (SURREY),G85012,2037,stop,2026-04-24,22:07:00,,
ST ALBANS CITY - SUTTON (SURREY) (2),G25466,2037,stop,2026-04-25,22:07:00,,
ST ALBANS CITY - SUTTON (SURREY),G85012,2037,stop,2026-04-22,22:07:00,,
ST ALBANS CITY - SUTTON (SURREY),G85012,2037,stop,2026-04-02,22:07:00,,
ST ALBANS CITY - SUTTON (SURREY),G85012,2037,stop,2026-04-15,22:07:00,,
LUTON - SUTTON (SURREY) (2),W59686,2022,stop,2026-04-12,22:07:00,,
ST ALBANS CITY - SUTTON (SURREY),G85012,2037,stop,2026-04-13,22:07:00,,
ST ALBANS CITY - SUTTON (SURREY),G85012,2037,stop,2026-04-16,22:07:00,,
ST ALBANS CITY - SUTTON (SURREY) (2),G85012,2037,stop,2026-04-03,22:07:00,,
ST ALBANS CITY - SUTTON (SURREY),G85012,2037,stop,2026-04-17,22:07:00,,
ST ALBANS CITY - SUTTON (SURREY),G85012,2037,stop,2026-04-10,22:07:00,,
ST ALBANS CITY - SUTTON (SURREY) (2),G25466,2037,stop,2026-04-11,22:07:00,,
ST ALBANS CITY - SUTTON (SURREY) (2),G25466,2037,stop,2026-04-18,22:07:00,,
WEST HAMPSTEAD THAMESLINK - SUTTON (SURREY) (2),W59686,2100,stop,2026-04-19,22:07:00,,
ST ALBANS CITY - SUTTON (SURREY),G85012,2037,stop,2026-04-21,22:07:00,,
ST ALBANS CITY - SUTTON (SURREY),G85012,2037,stop,2026-04-09,22:07:00,,
MITCHAM EASTFIELDS - EPSOM (2),P26762,2138,stop,2026-04-19,22:10:00,,
BALHAM - EPSOM,P26762,2138,stop,2026-04-26,22:10:00,,
BALHAM - HORSHAM,P26760,2141,stop,2026-04-16,22:13:00,,
SUTTON (SURREY) - BALHAM (2),P26765,2212,stop,2026-04-12,22:12:00,,
BALHAM - DORKING (3),P26761,2141,stop,2026-04-04,22:13:00,,
BALHAM - HORSHAM,P26760,2142,stop,2026-04-17,22:13:00,,
BALHAM - HORSHAM,P26760,2141,stop,2026-04-24,22:13:00,,
BALHAM - HORSHAM,P26760,2141,stop,2026-04-28,22:13:00,,
BALHAM - HORSHAM,P26760,2141,stop,2026-04-03,22:13:00,,
BALHAM - HORSHAM,P26760,2141,stop,2026-04-20,22:13:00,,
BALHAM - DORKING (3),P26761,2141,stop,2026-04-25,22:13:00,,
BALHAM - HORSHAM,P26760,2141,stop,2026-04-09,22:13:00,,
BALHAM - HORSHAM,P26760,2141,stop,2026-04-23,22:13:00,,
BALHAM - HORSHAM,P26760,2141,stop,2026-04-21,22:13:00,,
BALHAM - DORKING (3),X00977,2141,stop,2026-04-06,22:13:00,,
BALHAM - HORSHAM,P26760,2141,stop,2026-04-22,22:13:00,,
BALHAM - HORSHAM,P26760,2141,stop,2026-04-13,22:13:00,,
BALHAM - HORSHAM,P26760,2141,stop,2026-04-30,22:13:00,,
BALHAM - HORSHAM,P26760,2141,stop,2026-04-02,22:13:00,,
WIMBLEDON - BLACKFRIARS LONDON,G84055,2203,stop,2026-04-05,22:15:00,,
BALHAM - EPSOM (2),P26762,2138,stop,2026-04-05,22:14:00,,
BALHAM - HORSHAM,P26760,2141,stop,2026-04-06,22:13:00,,
BALHAM - HORSHAM,P26760,2141,stop,2026-04-10,22:13:00,,
BALHAM - HORSHAM,P26760,2141,stop,2026-04-15,22:13:00,,
BALHAM - HORSHAM,P26760,2141,stop,2026-04-29,22:13:00,,
BALHAM - HORSHAM,P26760,2141,stop,2026-04-08,22:13:00,,
BALHAM - DORKING (3),X93781,2141,stop,2026-04-03,22:13:00,,
BALHAM - EPSOM,P26762,2138,stop,2026-04-12,22:13:00,,
BALHAM - HORSHAM,P26760,2141,stop,2026-04-14,22:13:00,,
BALHAM - DORKING (3),P26761,2141,stop,2026-04-11,22:13:00,,
BALHAM - HORSHAM,P26760,2141,stop,2026-04-01,22:13:00,,
BALHAM - HORSHAM,P26760,2141,stop,2026-04-27,22:13:00,,
BALHAM - HORSHAM,P26760,2141,stop,2026-04-07,22:13:00,,
SUTTON (SURREY) - BEDFORD MIDLAND (8),W59690,2216,stop,2026-04-12,22:16:00,,
SUTTON (SURREY) - BEDFORD MIDLAND (8),W59690,2216,stop,2026-04-26,22:16:00,,
SUTTON (SURREY) - ST ALBANS CITY (6),W59690,2216,stop,2026-04-19,22:16:00,,
SUTTON (SURREY) - BEDFORD MIDLAND (8),W59690,2216,stop,2026-04-05,22:16:00,,
SUTTON (SURREY) - BEDFORD MIDLAND (5),W59691,2218,stop,2026-04-28,22:18:00,,
SUTTON (SURREY) - BEDFORD MIDLAND (5),W59691,2218,stop,2026-04-13,22:18:00,,
SUTTON (SURREY) - BEDFORD MIDLAND (5),W59691,2218,stop,2026-04-15,22:18:00,,
SUTTON (SURREY) - BEDFORD MIDLAND (8),W59691,2218,stop,2026-04-06,22:18:00,,
SUTTON (SURREY) - BEDFORD MIDLAND (8),W58014,2218,stop,2026-04-04,22:18:00,,
SUTTON (SURREY) - BEDFORD MIDLAND (5),W59691,2218,stop,2026-04-17,22:18:00,,
SUTTON (SURREY) - BEDFORD MIDLAND (8),W58014,2218,stop,2026-04-11,22:18:00,,
SUTTON (SURREY) - BEDFORD MIDLAND (5),W59691,2218,stop,2026-04-21,22:18:00,,
SUTTON (SURREY) - BEDFORD MIDLAND (8),W59691,2218,stop,2026-04-03,22:18:00,,
SUTTON (SURREY) - BEDFORD MIDLAND (5),W59691,2218,stop,2026-04-20,22:18:00,,
SUTTON (SURREY) - BEDFORD MIDLAND (5),W59691,2218,stop,2026-04-07,22:18:00,,
SUTTON (SURREY) - BEDFORD MIDLAND (5),W59691,2218,stop,2026-04-23,22:18:00,,
DORKING - SUTTON (SURREY),X04870,2133,stop,2026-04-12,22:17:00,,
SUTTON (SURREY) - BEDFORD MIDLAND (2),W59406,2219,stop,2026-04-06,22:19:00,,
SUTTON (SURREY) - BEDFORD MIDLAND (8),W58014,2218,stop,2026-04-25,22:18:00,,
SUTTON (SURREY) - BEDFORD MIDLAND (8),W59691,2218,stop,2026-04-09,22:18:00,,
SUTTON (SURREY) - BEDFORD MIDLAND (5),W59691,2218,stop,2026-04-01,22:18:00,,
SUTTON (SURREY) - BEDFORD MIDLAND (5),W59691,2218,stop,2026-04-24,22:18:00,,
SUTTON (SURREY) - BEDFORD MIDLAND (5),W59691,2218,stop,2026-04-22,22:18:00,,
SUTTON (SURREY) - BEDFORD MIDLAND (8),W59691,2218,stop,2026-04-08,22:18:00,,
SUTTON (SURREY) - ST ALBANS CITY (6),W58014,2218,stop,2026-04-18,22:18:00,,
SUTTON (SURREY) - BEDFORD MIDLAND (5),W59691,2218,stop,2026-04-02,22:18:00,,
SUTTON (SURREY) - BEDFORD MIDLAND (5),W59691,2218,stop,2026-04-16,22:18:00,,
SUTTON (SURREY) - BEDFORD MIDLAND (5),W59691,2218,stop,2026-04-14,22:18:00,,
WORCESTER PARK - DORKING,Q54861,2205,stop,2026-04-12,22:18:00,,
SUTTON (SURREY) - BEDFORD MIDLAND (5),W59691,2218,stop,2026-04-27,22:18:00,,
SUTTON (SURREY) - BEDFORD MIDLAND (5),W59691,2218,stop,2026-04-29,22:18:00,,
SUTTON (SURREY) - BEDFORD MIDLAND (8),W59691,2218,stop,2026-04-10,22:18:00,,
SUTTON (SURREY) - BEDFORD MIDLAND (5),W59691,2218,stop,2026-04-30,22:18:00,,
SUTTON (SURREY) - BEDFORD MIDLAND (2),W59406,2219,stop,2026-04-14,22:19:00,,
EPSOM - NORWOOD JUNCTION,P25304,2215,stop,2026-04-30,22:19:00,,
EPSOM - NORWOOD JUNCTION,P25304,2215,stop,2026-04-16,22:19:00,,
SUTTON (SURREY) - BEDFORD MIDLAND (2),W59406,2219,stop,2026-04-15,22:19:00,,
SUTTON (SURREY) - BEDFORD MIDLAND (2),W59406,2219,stop,2026-04-01,22:19:00,,
SUTTON (SURREY) - BEDFORD MIDLAND (2),W59406,2219,stop,2026-04-08,22:19:00,,
SUTTON (SURREY) - BEDFORD MIDLAND (2),W59406,2219,stop,2026-04-21,22:19:00,,
EPSOM - NORWOOD JUNCTION,P25304,2215,stop,2026-04-01,22:19:00,,
EPSOM - NORWOOD JUNCTION,P25304,2215,stop,2026-04-23,22:19:00,,
SUTTON (SURREY) - BEDFORD MIDLAND (2),W58015,2219,stop,2026-04-25,22:19:00,,
EPSOM - NORWOOD JUNCTION,P25305,2215,stop,2026-04-11,22:19:00,,
EPSOM - NORWOOD JUNCTION,P25304,2215,stop,2026-04-14,22:19:00,,
EPSOM - NORWOOD JUNCTION,X01438,2215,stop,2026-04-06,22:19:00,,
EPSOM - NORWOOD JUNCTION,P25304,2215,stop,2026-04-08,22:19:00,,
SUTTON (SURREY) - BLACKFRIARS LONDON (2),G84055,2219,stop,2026-04-12,22:19:00,,
STREATHAM HILL - EPSOM DOWNS,P26137,2143,stop,2026-04-19,22:19:00,,
EPSOM - NORWOOD JUNCTION,P25304,2215,stop,2026-04-10,22:19:00,,
SUTTON (SURREY) - BEDFORD MIDLAND (2),W58015,2219,stop,2026-04-11,22:19:00,,
EPSOM - NORWOOD JUNCTION,P25305,2215,stop,2026-04-25,22:19:00,,
EPSOM - NORWOOD JUNCTION,P25304,2215,stop,2026-04-07,22:19:00,,
EPSOM - NORWOOD JUNCTION,P25304,2215,stop,2026-04-24,22:19:00,,
EPSOM - NORWOOD JUNCTION,P25304,2215,stop,2026-04-21,22:19:00,,
BATTERSEA PARK LONDON - EPSOM DOWNS,P26140,2130,stop,2026-04-11,22:19:00,,
SUTTON (SURREY) - BEDFORD MIDLAND (2),W58015,2219,stop,2026-04-04,22:19:00,,
STREATHAM HILL - EPSOM DOWNS,P26140,2143,stop,2026-04-18,22:19:00,,
EPSOM - NORWOOD JUNCTION,P25304,2215,stop,2026-04-28,22:19:00,,
EPSOM - NORWOOD JUNCTION,P25304,2215,stop,2026-04-06,22:19:00,,
SUTTON (SURREY) - BEDFORD MIDLAND (2),W59406,2219,stop,2026-04-28,22:19:00,,
BATTERSEA PARK LONDON - EPSOM DOWNS,P26140,2130,stop,2026-04-04,22:19:00,,
SUTTON (SURREY) - BEDFORD MIDLAND (2),W59406,2219,stop,2026-04-09,22:19:00,,
EPSOM - NORWOOD JUNCTION,P25304,2215,stop,2026-04-29,22:19:00,,
SUTTON (SURREY) - BEDFORD MIDLAND (2),W59406,2219,stop,2026-04-03,22:19:00,,
EPSOM - NORWOOD JUNCTION,P25304,2215,stop,2026-04-13,22:19:00,,
SUTTON (SURREY) - BLACKFRIARS LONDON (2),G84055,2219,stop,2026-04-19,22:19:00,,
SUTTON (SURREY) - BEDFORD MIDLAND (2),W59406,2219,stop,2026-04-07,22:19:00,,
SUTTON (SURREY) - BEDFORD MIDLAND (2),W59406,2219,stop,2026-04-24,22:19:00,,
BATTERSEA PARK LONDON - EPSOM DOWNS,P26140,2130,stop,2026-04-25,22:19:00,,
SUTTON (SURREY) - BEDFORD MIDLAND (2),W59406,2219,stop,2026-04-20,22:19:00,,
EPSOM - NORWOOD JUNCTION,P25304,2215,stop,2026-04-27,22:19:00,,
SUTTON (SURREY) - ST ALBANS CITY (5),W58015,2219,stop,2026-04-18,22:19:00,,
EPSOM - NORWOOD JUNCTION,P25304,2215,stop,2026-04-22,22:19:00,,
SUTTON (SURREY) - BEDFORD MIDLAND (2),W59406,2219,stop,2026-04-02,22:19:00,,
SUTTON (SURREY) - BEDFORD MIDLAND (2),W59406,2219,stop,2026-04-29,22:19:00,,
SUTTON (SURREY) - BEDFORD MIDLAND (2),W59406,2219,stop,2026-04-23,22:19:00,,
SUTTON (SURREY) - BEDFORD MIDLAND (2),W59406,2219,stop,2026-04-30,22:19:00,,
SUTTON (SURREY) - BEDFORD MIDLAND (2),W59406,2219,stop,2026-04-17,22:19:00,,
BATTERSEA PARK LONDON - EPSOM DOWNS,X00769,2130,stop,2026-04-06,22:19:00,,
SUTTON (SURREY) - BEDFORD MIDLAND (2),W59406,2219,stop,2026-04-16,22:19:00,,
EPSOM - NORWOOD JUNCTION,P25304,2215,stop,2026-04-09,22:19:00,,
BATTERSEA PARK LONDON - EPSOM DOWNS,P26137,2130,stop,2026-04-26,22:19:00,,
EPSOM - NORWOOD JUNCTION,P25305,2215,stop,2026-04-04,22:19:00,,
SUTTON (SURREY) - BEDFORD MIDLAND (2),W59406,2219,stop,2026-04-22,22:19:00,,
EPSOM - NORWOOD JUNCTION,X93692,2215,stop,2026-04-03,22:19:00,,
SUTTON (SURREY) - BLACKFRIARS LONDON (2),G84055,2219,stop,2026-04-26,22:19:00,,
EPSOM - NORWOOD JUNCTION,P25304,2215,stop,2026-04-15,22:19:00,,
EPSOM - NORWOOD JUNCTION,P25304,2215,stop,2026-04-17,22:19:00,,
EPSOM - NORWOOD JUNCTION,P25304,2215,stop,2026-04-20,22:19:00,,
BATTERSEA PARK LONDON - EPSOM DOWNS,P26137,2130,stop,2026-04-12,22:19:00,,
EPSOM DOWNS - BATTERSEA PARK LONDON,X00776,2208,stop,2026-04-06,22:21:00,,
EPSOM DOWNS - BATTERSEA PARK LONDON,P26160,2208,stop,2026-04-23,22:21:00,,
BATTERSEA PARK LONDON - EPSOM DOWNS,P26137,2130,stop,2026-04-05,22:20:00,,
BATTERSEA PARK LONDON - EPSOM DOWNS,X93794,2130,stop,2026-04-03,22:19:00,,
SUTTON (SURREY) - BEDFORD MIDLAND (2),W59406,2219,stop,2026-04-13,22:19:00,,
EPSOM - NORWOOD JUNCTION,P25304,2215,stop,2026-04-03,22:19:00,,
EPSOM - NORWOOD JUNCTION,P25304,2215,stop,2026-04-02,22:19:00,,
EPSOM - NORWOOD JUNCTION,P25305,2215,stop,2026-04-18,22:19:00,,
SUTTON (SURREY) - BEDFORD MIDLAND (2),W59406,2219,stop,2026-04-27,22:19:00,,
SUTTON (SURREY) - BEDFORD MIDLAND (2),W59406,2219,stop,2026-04-10,22:19:00,,
EPSOM DOWNS - BATTERSEA PARK LONDON,P26160,2208,stop,2026-04-17,22:21:00,,
EPSOM DOWNS - BATTERSEA PARK LONDON,P26160,2208,stop,2026-04-02,22:21:00,,
EPSOM DOWNS - STREATHAM HILL,P26159,2208,stop,2026-04-19,22:21:00,,
EPSOM DOWNS - BATTERSEA PARK LONDON,P26160,2208,stop,2026-04-29,22:21:00,,
EPSOM DOWNS - BATTERSEA PARK LONDON,P26159,2208,stop,2026-04-26,22:21:00,,
EPSOM DOWNS - BATTERSEA PARK LONDON,P26161,2208,stop,2026-04-04,22:21:00,,
EPSOM DOWNS - STREATHAM HILL,P26161,2208,stop,2026-04-18,22:21:00,,
EPSOM DOWNS - BATTERSEA PARK LONDON,P26160,2208,stop,2026-04-10,22:21:00,,
EPSOM DOWNS - BATTERSEA PARK LONDON,P26160,2208,stop,2026-04-13,22:21:00,,
EPSOM DOWNS - BATTERSEA PARK LONDON,P26160,2208,stop,2026-04-28,22:21:00,,
EPSOM DOWNS - BATTERSEA PARK LONDON,P26160,2208,stop,2026-04-03,22:21:00,,
EPSOM DOWNS - BATTERSEA PARK LONDON,P26161,2208,stop,2026-04-25,22:21:00,,
EPSOM DOWNS - BATTERSEA PARK LONDON,P26160,2208,stop,2026-04-01,22:21:00,,
EPSOM DOWNS - BATTERSEA PARK LONDON,P26160,2208,stop,2026-04-16,22:21:00,,
EPSOM DOWNS - BATTERSEA PARK LONDON,P26160,2208,stop,2026-04-06,22:21:00,,
EPSOM DOWNS - BATTERSEA PARK LONDON,P26160,2208,stop,2026-04-27,22:21:00,,
GUILDFORD - EARLSFIELD,P61633,2145,stop,2026-04-03,22:22:00,,
GUILDFORD - EARLSFIELD,P61633,2145,stop,2026-04-01,22:22:00,,
EPSOM DOWNS - BATTERSEA PARK LONDON,P26161,2208,stop,2026-04-11,22:21:00,,
EPSOM DOWNS - BATTERSEA PARK LONDON,P26160,2208,stop,2026-04-30,22:21:00,,
EPSOM DOWNS - BATTERSEA PARK LONDON,P26160,2208,stop,2026-04-08,22:21:00,,
EPSOM DOWNS - BATTERSEA PARK LONDON,P26160,2208,stop,2026-04-21,22:21:00,,
EPSOM DOWNS - BATTERSEA PARK LONDON,P26159,2208,stop,2026-04-12,22:21:00,,
EPSOM DOWNS - BATTERSEA PARK LONDON,P26160,2208,stop,2026-04-15,22:21:00,,
EPSOM DOWNS - BATTERSEA PARK LONDON,P26160,2208,stop,2026-04-14,22:21:00,,
EPSOM DOWNS - BATTERSEA PARK LONDON,X93700,2208,stop,2026-04-03,22:21:00,,
EPSOM DOWNS - BATTERSEA PARK LONDON,P26160,2208,stop,2026-04-20,22:21:00,,
EPSOM DOWNS - BATTERSEA PARK LONDON,P26160,2208,stop,2026-04-22,22:21:00,,
EPSOM DOWNS - BATTERSEA PARK LONDON,P26160,2208,stop,2026-04-07,22:21:00,,
EPSOM DOWNS - BATTERSEA PARK LONDON,P26160,2208,stop,2026-04-09,22:21:00,,
EPSOM DOWNS - BATTERSEA PARK LONDON,P26160,2208,stop,2026-04-24,22:21:00,,
GUILDFORD - EARLSFIELD,P61633,2145,stop,2026-04-17,22:22:00,,
GUILDFORD - EARLSFIELD,P61633,2145,stop,2026-04-02,22:22:00,,
GUILDFORD - EARLSFIELD,P61633,2145,stop,2026-04-14,22:22:00,,
GUILDFORD - EARLSFIELD,Q38246,2145,stop,2026-04-03,22:22:00,,
GUILDFORD - EARLSFIELD,P61633,2145,stop,2026-04-28,22:22:00,,
GUILDFORD - EARLSFIELD,P61633,2145,stop,2026-04-08,22:22:00,,
GUILDFORD - EARLSFIELD,P61633,2145,stop,2026-04-27,22:22:00,,
MITCHAM EASTFIELDS - DORKING,P26761,2150,stop,2026-04-18,22:22:00,,
GUILDFORD - EARLSFIELD,P61633,2145,stop,2026-04-13,22:22:00,,
GUILDFORD - EARLSFIELD,L74316,2145,stop,2026-04-18,22:22:00,,
GUILDFORD - EARLSFIELD,L74316,2145,stop,2026-04-04,22:22:00,,
GUILDFORD - EARLSFIELD,P61633,2145,stop,2026-04-16,22:22:00,,
GUILDFORD - EARLSFIELD,P61633,2145,stop,2026-04-24,22:22:00,,
GUILDFORD - EARLSFIELD,P61633,2145,stop,2026-04-10,22:22:00,,
GUILDFORD - EARLSFIELD,L74316,2145,stop,2026-04-25,22:22:00,,
GUILDFORD - EARLSFIELD,P61633,2145,stop,2026-04-20,22:22:00,,
GUILDFORD - EARLSFIELD,P61633,2145,stop,2026-04-29,22:22:00,,
GUILDFORD - EARLSFIELD,P61633,2145,stop,2026-04-06,22:22:00,,
GUILDFORD - EARLSFIELD,P61633,2145,stop,2026-04-22,22:22:00,,
GUILDFORD - EARLSFIELD,P61633,2145,stop,2026-04-30,22:22:00,,
GUILDFORD - EARLSFIELD,Q48279,2145,stop,2026-04-06,22:22:00,,
GUILDFORD - EARLSFIELD,P61633,2145,stop,2026-04-21,22:22:00,,
GUILDFORD - EARLSFIELD,P61633,2145,stop,2026-04-23,22:22:00,,
GUILDFORD - EARLSFIELD,L74316,2145,stop,2026-04-11,22:22:00,,
EARLSFIELD - GUILDFORD (2),P61626,2153,stop,2026-04-29,22:24:00,,
EARLSFIELD - GUILDFORD (2),P61626,2153,stop,2026-04-17,22:24:00,,
EARLSFIELD - GUILDFORD (2),P61626,2153,stop,2026-04-06,22:24:00,,
EARLSFIELD - GUILDFORD (2),P61626,2153,stop,2026-04-10,22:24:00,,
EARLSFIELD - GUILDFORD (2),P61627,2153,stop,2026-04-18,22:24:00,,
EARLSFIELD - GUILDFORD (2),P61627,2153,stop,2026-04-11,22:24:00,,
EARLSFIELD - GUILDFORD (2),P61626,2153,stop,2026-04-20,22:24:00,,
EARLSFIELD - GUILDFORD (2),P61626,2153,stop,2026-04-14,22:24:00,,
EARLSFIELD - GUILDFORD (2),Q48259,2153,stop,2026-04-06,22:24:00,,
GUILDFORD - EARLSFIELD,P61633,2145,stop,2026-04-09,22:22:00,,
GUILDFORD - EARLSFIELD,P61633,2145,stop,2026-04-15,22:22:00,,
GUILDFORD - EARLSFIELD,P61633,2145,stop,2026-04-07,22:22:00,,
EARLSFIELD - GUILDFORD (2),Q38237,2153,stop,2026-04-03,22:24:00,,
EARLSFIELD - GUILDFORD (2),P61626,2153,stop,2026-04-24,22:24:00,,
EARLSFIELD - GUILDFORD (2),P61627,2153,stop,2026-04-25,22:24:00,,
EARLSFIELD - GUILDFORD (2),P61626,2153,stop,2026-04-03,22:24:00,,
EARLSFIELD - GUILDFORD (2),P61626,2153,stop,2026-04-28,22:24:00,,
EARLSFIELD - GUILDFORD (2),P61626,2153,stop,2026-04-13,22:24:00,,
EARLSFIELD - GUILDFORD (2),P61626,2153,stop,2026-04-30,22:24:00,,
EARLSFIELD - GUILDFORD (2),P61626,2153,stop,2026-04-09,22:24:00,,
EARLSFIELD - GUILDFORD (2),P61626,2153,stop,2026-04-07,22:24:00,,
EARLSFIELD - GUILDFORD (2),P61626,2153,stop,2026-04-21,22:24:00,,
EARLSFIELD - GUILDFORD (2),P61626,2153,stop,2026-04-08,22:24:00,,
EARLSFIELD - GUILDFORD (2),P61626,2153,stop,2026-04-15,22:24:00,,
EARLSFIELD - GUILDFORD (2),P61626,2153,stop,2026-04-02,22:24:00,,
EARLSFIELD - GUILDFORD (2),P61626,2153,stop,2026-04-16,22:24:00,,
EARLSFIELD - GUILDFORD (2),P61626,2153,stop,2026-04-23,22:24:00,,
EARLSFIELD - GUILDFORD (2),P61626,2153,stop,2026-04-22,22:24:00,,
BATTERSEA PARK LONDON - EPSOM DOWNS,P26139,2130,stop,2026-04-24,22:26:00,,
BATTERSEA PARK LONDON - EPSOM DOWNS,P26138,2130,stop,2026-04-09,22:26:00,,
BATTERSEA PARK LONDON - EPSOM DOWNS,P26139,2130,stop,2026-04-03,22:26:00,,
BATTERSEA PARK LONDON - EPSOM DOWNS,P26138,2130,stop,2026-04-02,22:26:00,,
BATTERSEA PARK LONDON - EPSOM DOWNS,P26138,2130,stop,2026-04-13,22:26:00,,
SUTTON (SURREY) - EPSOM,X04906,2225,stop,2026-04-12,22:25:00,,
EARLSFIELD - GUILDFORD (2),P61626,2153,stop,2026-04-27,22:24:00,,
EARLSFIELD - GUILDFORD (2),P61626,2153,stop,2026-04-01,22:24:00,,
EARLSFIELD - GUILDFORD (2),P61627,2153,stop,2026-04-04,22:24:00,,
BATTERSEA PARK LONDON - EPSOM DOWNS,P26138,2130,stop,2026-04-27,22:26:00,,
BATTERSEA PARK LONDON - EPSOM DOWNS,P26138,2130,stop,2026-04-07,22:26:00,,
BATTERSEA PARK LONDON - EPSOM DOWNS,P26138,2130,stop,2026-04-01,22:26:00,,
BATTERSEA PARK LONDON - EPSOM DOWNS,P26138,2130,stop,2026-04-16,22:26:00,,
BATTERSEA PARK LONDON - EPSOM DOWNS,P26138,2130,stop,2026-04-29,22:26:00,,
BATTERSEA PARK LONDON - EPSOM DOWNS,P26138,2130,stop,2026-04-30,22:26:00,,
BATTERSEA PARK LONDON - EPSOM DOWNS,P26138,2130,stop,2026-04-14,22:26:00,,
BATTERSEA PARK LONDON - EPSOM DOWNS,P26138,2130,stop,2026-04-21,22:26:00,,
BATTERSEA PARK LONDON - EPSOM DOWNS,P26138,2130,stop,2026-04-23,22:26:00,,
BATTERSEA PARK LONDON - EPSOM DOWNS,P26138,2130,stop,2026-04-06,22:26:00,,
BATTERSEA PARK LONDON - EPSOM DOWNS,P26139,2130,stop,2026-04-17,22:26:00,,
BATTERSEA PARK LONDON - EPSOM DOWNS,P26139,2130,stop,2026-04-10,22:26:00,,
BATTERSEA PARK LONDON - EPSOM DOWNS,P26138,2130,stop,2026-04-20,22:26:00,,
BATTERSEA PARK LONDON - EPSOM DOWNS,P26138,2130,stop,2026-04-22,22:26:00,,
BATTERSEA PARK LONDON - EPSOM DOWNS,P26138,2130,stop,2026-04-08,22:26:00,,
NORWOOD JUNCTION - EPSOM,P25303,2155,stop,2026-04-25,22:28:00,,
NORWOOD JUNCTION - EPSOM,P25303,2155,stop,2026-04-11,22:28:00,,
NORWOOD JUNCTION - EPSOM,P25303,2155,stop,2026-04-18,22:28:00,,
SUTTON (SURREY) - STREATHAM COMMON,X27277,2227,stop,2026-04-05,22:27:00,,
DORKING - EARLSFIELD,P61091,2207,stop,2026-04-26,22:27:00,,
DORKING - EARLSFIELD,P61091,2207,stop,2026-04-12,22:27:00,,
DORKING - EARLSFIELD,P61091,2207,stop,2026-04-05,22:27:00,,
DORKING - EARLSFIELD,P61091,2207,stop,2026-04-19,22:27:00,,
BATTERSEA PARK LONDON - EPSOM DOWNS,P26138,2130,stop,2026-04-28,22:26:00,,
BATTERSEA PARK LONDON - EPSOM DOWNS,P26138,2130,stop,2026-04-15,22:26:00,,
NORWOOD JUNCTION - EPSOM,P25302,2155,stop,2026-04-30,22:30:00,,
NORWOOD JUNCTION - EPSOM,P25302,2155,stop,2026-04-16,22:30:00,,
NORWOOD JUNCTION - EPSOM,P25302,2155,stop,2026-04-03,22:30:00,,
NORWOOD JUNCTION - EPSOM,P25302,2155,stop,2026-04-21,22:30:00,,
NORWOOD JUNCTION - EPSOM,P25302,2155,stop,2026-04-20,22:30:00,,
NORWOOD JUNCTION - EPSOM,P25302,2155,stop,2026-04-01,22:30:00,,
NORWOOD JUNCTION - EPSOM,P25302,2155,stop,2026-04-23,22:30:00,,
NORWOOD JUNCTION - EPSOM,P25302,2155,stop,2026-04-14,22:30:00,,
NORWOOD JUNCTION - EPSOM,P25302,2155,stop,2026-04-13,22:30:00,,
NORWOOD JUNCTION - EPSOM,P25302,2155,stop,2026-04-29,22:30:00,,
NORWOOD JUNCTION - EPSOM,P25302,2155,stop,2026-04-15,22:30:00,,
NORWOOD JUNCTION - EPSOM,P25302,2155,stop,2026-04-07,22:30:00,,
EPSOM DOWNS - BATTERSEA PARK LONDON,P26159,2208,stop,2026-04-05,22:28:00,,
NORWOOD JUNCTION - EPSOM,X01437,2155,stop,2026-04-06,22:28:00,,
NORWOOD JUNCTION - EPSOM,X92803,2156,stop,2026-04-03,22:28:00,,
NORWOOD JUNCTION - EPSOM,P25303,2155,stop,2026-04-04,22:28:00,,
LUTON - WIMBLEDON,W59687,2052,stop,2026-04-05,22:31:00,,
NORWOOD JUNCTION - EPSOM,P25302,2155,stop,2026-04-06,22:30:00,,
NORWOOD JUNCTION - EPSOM,P25302,2155,stop,2026-04-17,22:30:00,,
NORWOOD JUNCTION - EPSOM,P25302,2155,stop,2026-04-24,22:30:00,,
NORWOOD JUNCTION - EPSOM,P25302,2155,stop,2026-04-10,22:30:00,,
NORWOOD JUNCTION - EPSOM,P25302,2155,stop,2026-04-22,22:30:00,,
NORWOOD JUNCTION - EPSOM,P25302,2155,stop,2026-04-28,22:30:00,,
NORWOOD JUNCTION - EPSOM,P25302,2155,stop,2026-04-27,22:30:00,,
NORWOOD JUNCTION - EPSOM,P25302,2155,stop,2026-04-02,22:30:00,,
NORWOOD JUNCTION - EPSOM,P25302,2155,stop,2026-04-08,22:30:00,,
NORWOOD JUNCTION - EPSOM,P25302,2155,stop,2026-04-09,22:30:00,,
EARLSFIELD - DORKING,P61088,2202,stop,2026-04-05,22:33:00,,
EARLSFIELD - DORKING,P61088,2202,stop,2026-04-12,22:33:00,,
DORKING - WORCESTER PARK,Q54823,2150,stop,2026-04-12,22:34:00,,
EARLSFIELD - DORKING,P61088,2202,stop,2026-04-26,22:33:00,,
EARLSFIELD - DORKING,P61088,2202,stop,2026-04-19,22:33:00,,
DORKING - BALHAM (2),P26771,2212,stop,2026-04-26,22:35:00,,
DORKING - MITCHAM EASTFIELDS,P26771,2212,stop,2026-04-19,22:35:00,,
DORKING - BALHAM (2),P26771,2212,stop,2026-04-12,22:35:00,,
ST ALBANS CITY - SUTTON (SURREY),G85015,2107,stop,2026-04-09,22:37:00,,
ST ALBANS CITY - SUTTON (SURREY),G85015,2107,stop,2026-04-28,22:37:00,,
ST ALBANS CITY - SUTTON (SURREY),G85015,2107,stop,2026-04-27,22:37:00,,
ST ALBANS CITY - SUTTON (SURREY),G85015,2107,stop,2026-04-15,22:37:00,,
ST ALBANS CITY - SUTTON (SURREY),G85015,2107,stop,2026-04-24,22:37:00,,
ST ALBANS CITY - SUTTON (SURREY),G85015,2107,stop,2026-04-20,22:37:00,,
ST ALBANS CITY - SUTTON (SURREY),G85015,2107,stop,2026-04-30,22:37:00,,
WEST HAMPSTEAD THAMESLINK - SUTTON (SURREY) (2),W59687,2130,stop,2026-04-19,22:37:00,,
ST ALBANS CITY - SUTTON (SURREY) (2),G85015,2107,stop,2026-04-03,22:37:00,,
ST ALBANS CITY - SUTTON (SURREY),G85015,2107,stop,2026-04-21,22:37:00,,
ST ALBANS CITY - SUTTON (SURREY) (2),G25479,2107,stop,2026-04-18,22:37:00,,
ST ALBANS CITY - SUTTON (SURREY),G85015,2107,stop,2026-04-02,22:37:00,,
ST ALBANS CITY - SUTTON (SURREY) (2),G85015,2107,stop,2026-04-06,22:37:00,,
ST ALBANS CITY - SUTTON (SURREY),G85015,2107,stop,2026-04-16,22:37:00,,
ST ALBANS CITY - SUTTON (SURREY),G85015,2107,stop,2026-04-17,22:37:00,,
LUTON - SUTTON (SURREY) (2),W59687,2052,stop,2026-04-26,22:37:00,,
ST ALBANS CITY - SUTTON (SURREY),G85015,2107,stop,2026-04-14,22:37:00,,
DORKING - MITCHAM EASTFIELDS,P26770,2216,stop,2026-04-18,22:37:00,,
ST ALBANS CITY - SUTTON (SURREY) (2),G25479,2107,stop,2026-04-11,22:37:00,,
ST ALBANS CITY - SUTTON (SURREY),G85015,2107,stop,2026-04-10,22:37:00,,
DORKING - BALHAM (3),P26771,2216,stop,2026-04-05,22:38:00,,
WIMBLEDON - BEDFORD MIDLAND,X98381,2226,stop,2026-04-05,22:38:00,,
ST ALBANS CITY - SUTTON (SURREY),G85015,2107,stop,2026-04-23,22:37:00,,
LUTON - SUTTON (SURREY) (2),W59687,2052,stop,2026-04-12,22:37:00,,
ST ALBANS CITY - SUTTON (SURREY),G85015,2107,stop,2026-04-01,22:37:00,,
ST ALBANS CITY - SUTTON (SURREY) (2),G25479,2107,stop,2026-04-25,22:37:00,,
ST ALBANS CITY - SUTTON (SURREY),G85015,2107,stop,2026-04-29,22:37:00,,
ST ALBANS CITY - SUTTON (SURREY),G85015,2107,stop,2026-04-13,22:37:00,,
ST ALBANS CITY - SUTTON (SURREY) (2),G25479,2107,stop,2026-04-04,22:37:00,,
ST ALBANS CITY - SUTTON (SURREY),G85015,2107,stop,2026-04-22,22:37:00,,
ST ALBANS CITY - SUTTON (SURREY),G85015,2107,stop,2026-04-08,22:37:00,,
ST ALBANS CITY - SUTTON (SURREY),G85015,2107,stop,2026-04-07,22:37:00,,
DORKING - BALHAM (3),P26769,2217,stop,2026-04-07,22:39:00,,
DORKING - BALHAM (3),P26769,2217,stop,2026-04-10,22:39:00,,
DORKING - BALHAM (3),P26769,2217,stop,2026-04-09,22:39:00,,
DORKING - BALHAM (3),P26769,2217,stop,2026-04-08,22:39:00,,
DORKING - BALHAM,X00980,2216,stop,2026-04-06,22:39:00,,
DORKING - BALHAM (3),P26769,2217,stop,2026-04-23,22:39:00,,
DORKING - BALHAM (3),P26769,2217,stop,2026-04-01,22:39:00,,
DORKING - BALHAM (3),P26769,2217,stop,2026-04-06,22:39:00,,
DORKING - BALHAM (3),P26769,2217,stop,2026-04-30,22:39:00,,
DORKING - BALHAM (3),P26769,2217,stop,2026-04-28,22:39:00,,
DORKING - BALHAM (3),P26769,2217,stop,2026-04-13,22:39:00,,
DORKING - BALHAM (3),P26769,2217,stop,2026-04-14,22:39:00,,
DORKING - BALHAM (3),P26769,2217,stop,2026-04-24,22:39:00,,
DORKING - BALHAM (3),P26769,2217,stop,2026-04-29,22:39:00,,
DORKING - BALHAM (3),P26769,2217,stop,2026-04-21,22:39:00,,
DORKING - BALHAM,P26770,2216,stop,2026-04-11,22:39:00,,
DORKING - BALHAM (3),P26769,2217,stop,2026-04-20,22:42:00,,
DORKING - BALHAM,X93688,2216,stop,2026-04-03,22:39:00,,
DORKING - BALHAM (3),P26769,2217,stop,2026-04-03,22:39:00,,
DORKING - BALHAM,P26770,2216,stop,2026-04-04,22:39:00,,
DORKING - BALHAM (3),P26769,2217,stop,2026-04-27,22:39:00,,
DORKING - BALHAM (3),P26769,2217,stop,2026-04-15,22:39:00,,
DORKING - BALHAM (3),P26769,2217,stop,2026-04-16,22:39:00,,
DORKING - BALHAM (3),P26769,2217,stop,2026-04-17,22:39:00,,
DORKING - BALHAM (3),P26769,2217,stop,2026-04-02,22:39:00,,
DORKING - BALHAM,P26770,2216,stop,2026-04-25,22:39:00,,
DORKING - BALHAM (3),P26769,2217,stop,2026-04-22,22:39:00,,
BALHAM - DORKING,P26766,2211,stop,2026-04-30,22:43:00,,
BALHAM - DORKING (2),P26767,2211,stop,2026-04-25,22:43:00,,
BALHAM - DORKING (2),P26767,2211,stop,2026-04-04,22:43:00,,
BALHAM - DORKING,P26766,2211,stop,2026-04-09,22:43:00,,
BALHAM - DORKING,P26766,2211,stop,2026-04-14,22:43:00,,
SUTTON (SURREY) - BALHAM (2),P26771,2242,stop,2026-04-12,22:42:00,,
BALHAM - DORKING,P26766,2211,stop,2026-04-21,22:43:00,,
BALHAM - DORKING,P26766,2211,stop,2026-04-28,22:43:00,,
BALHAM - DORKING,P26766,2212,stop,2026-04-17,22:43:00,,
BALHAM - DORKING (2),P26767,2211,stop,2026-04-11,22:43:00,,
BALHAM - DORKING,P26766,2211,stop,2026-04-24,22:43:00,,
BALHAM - DORKING,P26766,2211,stop,2026-04-08,22:43:00,,
BALHAM - DORKING (2),X00979,2211,stop,2026-04-06,22:43:00,,
BALHAM - DORKING,P26766,2211,stop,2026-04-20,22:43:00,,
BALHAM - DORKING,P26766,2211,stop,2026-04-03,22:43:00,,
BALHAM - DORKING,P26766,2211,stop,2026-04-27,22:43:00,,
BALHAM - DORKING (3),P26768,2211,stop,2026-04-26,22:43:00,,
BALHAM - DORKING,P26766,2211,stop,2026-04-23,22:43:00,,
MITCHAM EASTFIELDS - DORKING,P26768,2208,stop,2026-04-19,22:43:00,,
BALHAM - DORKING,P26766,2211,stop,2026-04-01,22:43:00,,
BALHAM - DORKING,P26766,2211,stop,2026-04-22,22:43:00,,
BALHAM - DORKING,P26766,2211,stop,2026-04-02,22:46:00,,
BALHAM - DORKING,P26766,2211,stop,2026-04-10,22:46:00,,
BALHAM - DORKING (6),P26768,2211,stop,2026-04-05,22:44:00,,
BALHAM - DORKING,P26766,2211,stop,2026-04-07,22:43:00,,
BALHAM - DORKING,P26766,2211,stop,2026-04-06,22:43:00,,
BALHAM - DORKING,P26766,2211,stop,2026-04-15,22:43:00,,
BALHAM - DORKING,P26766,2211,stop,2026-04-29,22:43:00,,
BALHAM - DORKING,P26766,2211,stop,2026-04-16,22:43:00,,
BALHAM - DORKING (2),X93697,2211,stop,2026-04-03,22:43:00,,
BALHAM - DORKING,P26766,2211,stop,2026-04-13,22:43:00,,
SUTTON (SURREY) - ST ALBANS CITY (6),W59692,2246,stop,2026-04-19,22:46:00,,
BALHAM - DORKING (3),P26768,2211,stop,2026-04-12,22:46:00,,
SUTTON (SURREY) - BEDFORD MIDLAND (8),W59692,2246,stop,2026-04-12,22:46:00,,
SUTTON (SURREY) - BEDFORD MIDLAND (8),W59692,2246,stop,2026-04-05,22:46:00,,
SUTTON (SURREY) - BEDFORD MIDLAND (6),W59693,2248,stop,2026-04-16,22:48:00,,
SUTTON (SURREY) - BEDFORD MIDLAND (6),W59693,2248,stop,2026-04-30,22:48:00,,
DORKING - SUTTON (SURREY),X04869,2203,stop,2026-04-12,22:47:00,,
SUTTON (SURREY) - BEDFORD MIDLAND (8),W59692,2246,stop,2026-04-26,22:46:00,,
WORCESTER PARK - EFFINGHAM JUNCTION,Q54792,2235,stop,2026-04-12,22:48:00,,
SUTTON (SURREY) - ST ALBANS CITY (6),W58019,2248,stop,2026-04-18,22:48:00,,
SUTTON (SURREY) - BEDFORD MIDLAND (6),W59693,2248,stop,2026-04-14,22:48:00,,
SUTTON (SURREY) - BEDFORD MIDLAND (6),W59693,2248,stop,2026-04-24,22:48:00,,
SUTTON (SURREY) - BEDFORD MIDLAND (6),W59693,2248,stop,2026-04-02,22:48:00,,
SUTTON (SURREY) - BEDFORD MIDLAND (6),W58019,2248,stop,2026-04-11,22:48:00,,
SUTTON (SURREY) - BEDFORD MIDLAND (6),W59693,2248,stop,2026-04-27,22:48:00,,
SUTTON (SURREY) - BEDFORD MIDLAND (6),W59693,2248,stop,2026-04-01,22:48:00,,
SUTTON (SURREY) - BEDFORD MIDLAND (6),W58019,2248,stop,2026-04-25,22:48:00,,
SUTTON (SURREY) - BEDFORD MIDLAND (6),W59693,2248,stop,2026-04-21,22:48:00,,
SUTTON (SURREY) - BEDFORD MIDLAND (6),W59693,2248,stop,2026-04-08,22:48:00,,
SUTTON (SURREY) - BEDFORD MIDLAND (6),W59693,2248,stop,2026-04-15,22:48:00,,
SUTTON (SURREY) - BEDFORD MIDLAND (6),W59693,2248,stop,2026-04-23,22:48:00,,
SUTTON (SURREY) - BEDFORD MIDLAND (6),W59693,2248,stop,2026-04-17,22:48:00,,
SUTTON (SURREY) - BEDFORD MIDLAND (6),W59693,2248,stop,2026-04-13,22:48:00,,
SUTTON (SURREY) - BEDFORD MIDLAND (6),W59693,2248,stop,2026-04-06,22:48:00,,
SUTTON (SURREY) - BEDFORD MIDLAND (3),W59407,2249,stop,2026-04-16,22:49:00,,
BATTERSEA PARK LONDON - EPSOM DOWNS,X93742,2200,stop,2026-04-03,22:49:00,,
SUTTON (SURREY) - BEDFORD MIDLAND (3),W59407,2249,stop,2026-04-10,22:49:00,,
SUTTON (SURREY) - BEDFORD MIDLAND (3),W59407,2249,stop,2026-04-22,22:49:00,,
EPSOM - NORWOOD JUNCTION,P25308,2245,stop,2026-04-15,22:49:00,,
SUTTON (SURREY) - BEDFORD MIDLAND (3),W59407,2249,stop,2026-04-27,22:49:00,,
EPSOM DOWNS - BATTERSEA PARK LONDON,P26171,2238,stop,2026-04-26,22:49:00,,
SUTTON (SURREY) - BEDFORD MIDLAND (6),W59693,2248,stop,2026-04-09,22:48:00,,
SUTTON (SURREY) - BEDFORD MIDLAND (6),W58019,2248,stop,2026-04-04,22:48:00,,
SUTTON (SURREY) - BEDFORD MIDLAND (6),W59693,2248,stop,2026-04-07,22:48:00,,
SUTTON (SURREY) - BEDFORD MIDLAND (6),W59693,2248,stop,2026-04-10,22:48:00,,
SUTTON (SURREY) - BEDFORD MIDLAND (6),W59693,2248,stop,2026-04-29,22:48:00,,
SUTTON (SURREY) - BEDFORD MIDLAND (6),W59693,2248,stop,2026-04-22,22:48:00,,
SUTTON (SURREY) - BEDFORD MIDLAND (6),W59693,2248,stop,2026-04-20,22:48:00,,
SUTTON (SURREY) - BEDFORD MIDLAND (6),W59693,2248,stop,2026-04-03,22:48:00,,
SUTTON (SURREY) - BEDFORD MIDLAND (6),W59693,2248,stop,2026-04-28,22:48:00,,
EPSOM - NORWOOD JUNCTION,P25308,2245,stop,2026-04-29,22:49:00,,
EPSOM - NORWOOD JUNCTION,P25308,2245,stop,2026-04-06,22:49:00,,
WORCESTER PARK - DORKING,Q54854,2236,stop,2026-04-12,22:49:00,,
EPSOM - NORWOOD JUNCTION,X01440,2245,stop,2026-04-06,22:49:00,,
STREATHAM HILL - EPSOM DOWNS,P26152,2213,stop,2026-04-18,22:49:00,,
EPSOM - NORWOOD JUNCTION,P25308,2245,stop,2026-04-20,22:49:00,,
SUTTON (SURREY) - BEDFORD MIDLAND (3),W59407,2249,stop,2026-04-09,22:49:00,,
SUTTON (SURREY) - BEDFORD MIDLAND (3),W59407,2249,stop,2026-04-30,22:49:00,,
EPSOM - NORWOOD JUNCTION,X92599,2245,stop,2026-04-03,22:49:00,,
EPSOM - NORWOOD JUNCTION,P25309,2245,stop,2026-04-18,22:49:00,,
EPSOM - NORWOOD JUNCTION,P25308,2245,stop,2026-04-03,22:49:00,,
EPSOM - NORWOOD JUNCTION,P25308,2245,stop,2026-04-17,22:49:00,,
EPSOM - NORWOOD JUNCTION,P25308,2245,stop,2026-04-02,22:49:00,,
EPSOM - NORWOOD JUNCTION,P25308,2245,stop,2026-04-23,22:49:00,,
SUTTON (SURREY) - BEDFORD MIDLAND (3),W59407,2249,stop,2026-04-01,22:49:00,,
EPSOM - NORWOOD JUNCTION,P25308,2245,stop,2026-04-22,22:49:00,,
EPSOM - NORWOOD JUNCTION,P25308,2245,stop,2026-04-10,22:49:00,,
SUTTON (SURREY) - BEDFORD MIDLAND (3),W59407,2249,stop,2026-04-02,22:49:00,,
SUTTON (SURREY) - BEDFORD MIDLAND (3),W59407,2249,stop,2026-04-24,22:49:00,,
EPSOM - NORWOOD JUNCTION,P25308,2245,stop,2026-04-27,22:49:00,,
BATTERSEA PARK LONDON - EPSOM DOWNS,P26152,2200,stop,2026-04-04,22:49:00,,
EPSOM DOWNS - STREATHAM HILL,P26171,2238,stop,2026-04-19,22:49:00,,
SUTTON (SURREY) - BEDFORD MIDLAND (3),W59407,2249,stop,2026-04-14,22:49:00,,
SUTTON (SURREY) - ST ALBANS CITY (5),W58020,2249,stop,2026-04-18,22:49:00,,
EPSOM - NORWOOD JUNCTION,P25308,2245,stop,2026-04-28,22:49:00,,
SUTTON (SURREY) - BEDFORD MIDLAND (3),W59407,2249,stop,2026-04-03,22:49:00,,
EPSOM - NORWOOD JUNCTION,P25308,2245,stop,2026-04-01,22:49:00,,
SUTTON (SURREY) - BEDFORD MIDLAND (3),W59407,2249,stop,2026-04-06,22:49:00,,
SUTTON (SURREY) - BEDFORD MIDLAND (3),W59407,2249,stop,2026-04-13,22:49:00,,
EPSOM - NORWOOD JUNCTION,P25308,2245,stop,2026-04-16,22:49:00,,
EPSOM - NORWOOD JUNCTION,P25308,2245,stop,2026-04-07,22:49:00,,
EPSOM - NORWOOD JUNCTION,P25308,2245,stop,2026-04-30,22:49:00,,
EPSOM - NORWOOD JUNCTION,P25308,2245,stop,2026-04-08,22:49:00,,
SUTTON (SURREY) - BEDFORD MIDLAND (3),W59407,2249,stop,2026-04-28,22:49:00,,
SUTTON (SURREY) - BEDFORD MIDLAND (3),W59407,2249,stop,2026-04-07,22:49:00,,
SUTTON (SURREY) - BEDFORD MIDLAND (3),W58020,2249,stop,2026-04-25,22:49:00,,
SUTTON (SURREY) - BEDFORD MIDLAND (3),W59407,2249,stop,2026-04-08,22:49:00,,
EPSOM - NORWOOD JUNCTION,P25309,2245,stop,2026-04-25,22:49:00,,
EPSOM - NORWOOD JUNCTION,P25308,2245,stop,2026-04-14,22:49:00,,
SUTTON (SURREY) - BEDFORD MIDLAND (3),W58020,2249,stop,2026-04-11,22:49:00,,
SUTTON (SURREY) - BEDFORD MIDLAND (3),W59407,2249,stop,2026-04-23,22:49:00,,
EPSOM - NORWOOD JUNCTION,P25308,2245,stop,2026-04-13,22:49:00,,
BATTERSEA PARK LONDON - EPSOM DOWNS,P26152,2200,stop,2026-04-25,22:49:00,,
SUTTON (SURREY) - BEDFORD MIDLAND (3),W59407,2249,stop,2026-04-20,22:49:00,,
EPSOM - NORWOOD JUNCTION,P25308,2245,stop,2026-04-24,22:49:00,,
SUTTON (SURREY) - BEDFORD MIDLAND (3),W58020,2249,stop,2026-04-04,22:49:00,,
SUTTON (SURREY) - BEDFORD MIDLAND (3),W59407,2249,stop,2026-04-29,22:49:00,,
EPSOM - NORWOOD JUNCTION,P25309,2245,stop,2026-04-11,22:49:00,,
BATTERSEA PARK LONDON - EPSOM DOWNS,X00773,2200,stop,2026-04-06,22:49:00,,
EPSOM - NORWOOD JUNCTION,P25308,2245,stop,2026-04-21,22:49:00,,
SUTTON (SURREY) - BEDFORD MIDLAND (3),W59407,2249,stop,2026-04-15,22:49:00,,
SUTTON (SURREY) - BEDFORD MIDLAND (10),W59407,2249,stop,2026-04-17,22:49:00,,
BATTERSEA PARK LONDON - EPSOM DOWNS,P26152,2200,stop,2026-04-11,22:49:00,,
EPSOM DOWNS - BATTERSEA PARK LONDON,P26171,2238,stop,2026-04-12,22:49:00,,
SUTTON (SURREY) - BEDFORD MIDLAND (3),W59407,2249,stop,2026-04-21,22:49:00,,
EPSOM - NORWOOD JUNCTION,P25309,2245,stop,2026-04-04,22:49:00,,
BATTERSEA PARK LONDON - EPSOM DOWNS,P26151,2200,stop,2026-04-21,22:51:00,,
BATTERSEA PARK LONDON - EPSOM DOWNS,P26151,2200,stop,2026-04-07,22:51:00,,
EPSOM DOWNS - BATTERSEA PARK LONDON,P26172,2241,stop,2026-04-21,22:51:00,,
EPSOM DOWNS - BATTERSEA PARK LONDON,P26173,2238,stop,2026-04-04,22:51:00,,
BATTERSEA PARK LONDON - EPSOM DOWNS,P26151,2200,stop,2026-04-29,22:51:00,,
EPSOM DOWNS - BATTERSEA PARK LONDON,P26172,2241,stop,2026-04-02,22:51:00,,
EPSOM DOWNS - BATTERSEA PARK LONDON,P26172,2241,stop,2026-04-03,22:51:00,,
BATTERSEA PARK LONDON - EPSOM DOWNS,P26151,2200,stop,2026-04-03,22:51:00,,
EPSOM DOWNS - BATTERSEA PARK LONDON,P26172,2241,stop,2026-04-27,22:51:00,,
BATTERSEA PARK LONDON - EPSOM DOWNS,P26151,2200,stop,2026-04-27,22:51:00,,
EPSOM DOWNS - BATTERSEA PARK LONDON,P26172,2241,stop,2026-04-29,22:51:00,,
BATTERSEA PARK LONDON - EPSOM DOWNS,P26151,2200,stop,2026-04-02,22:51:00,,
EPSOM DOWNS - BATTERSEA PARK LONDON,X93597,2238,stop,2026-04-03,22:51:00,,
EPSOM - NORWOOD JUNCTION,P25308,2245,stop,2026-04-09,22:49:00,,
BATTERSEA PARK LONDON - EPSOM DOWNS,P26151,2200,stop,2026-04-01,22:51:00,,
EPSOM DOWNS - BATTERSEA PARK LONDON,P26172,2241,stop,2026-04-01,22:51:00,,
BATTERSEA PARK LONDON - EPSOM DOWNS,P26151,2200,stop,2026-04-23,22:51:00,,
EPSOM DOWNS - BATTERSEA PARK LONDON,P26172,2241,stop,2026-04-13,22:51:00,,
EPSOM DOWNS - BATTERSEA PARK LONDON,P26172,2241,stop,2026-04-23,22:51:00,,
EPSOM DOWNS - BATTERSEA PARK LONDON,P26172,2241,stop,2026-04-09,22:51:00,,
EPSOM DOWNS - BATTERSEA PARK LONDON,P26172,2241,stop,2026-04-28,22:51:00,,
BATTERSEA PARK LONDON - EPSOM DOWNS,P26151,2200,stop,2026-04-09,22:51:00,,
EPSOM DOWNS - BATTERSEA PARK LONDON,P26172,2241,stop,2026-04-10,22:51:00,,
BATTERSEA PARK LONDON - EPSOM DOWNS,P26151,2200,stop,2026-04-20,22:51:00,,
BATTERSEA PARK LONDON - EPSOM DOWNS,P26151,2200,stop,2026-04-28,22:51:00,,
BATTERSEA PARK LONDON - EPSOM DOWNS,P26151,2200,stop,2026-04-24,22:51:00,,
EPSOM DOWNS - BATTERSEA PARK LONDON,P26172,2241,stop,2026-04-24,22:51:00,,
BATTERSEA PARK LONDON - EPSOM DOWNS,P26151,2200,stop,2026-04-14,22:51:00,,
EPSOM DOWNS - BATTERSEA PARK LONDON,P26172,2241,stop,2026-04-14,22:51:00,,
EPSOM DOWNS - BATTERSEA PARK LONDON,P26173,2238,stop,2026-04-25,22:51:00,,
EPSOM DOWNS - BATTERSEA PARK LONDON,P26172,2241,stop,2026-04-08,22:51:00,,
EPSOM DOWNS - BATTERSEA PARK LONDON,P26172,2241,stop,2026-04-22,22:51:00,,
EPSOM DOWNS - BATTERSEA PARK LONDON,P26172,2241,stop,2026-04-07,22:51:00,,
BATTERSEA PARK LONDON - EPSOM DOWNS,P26151,2200,stop,2026-04-22,22:51:00,,
EPSOM DOWNS - STREATHAM HILL,P26173,2238,stop,2026-04-18,22:51:00,,
BATTERSEA PARK LONDON - EPSOM DOWNS,P26151,2200,stop,2026-04-15,22:51:00,,
EPSOM DOWNS - BATTERSEA PARK LONDON,P26172,2241,stop,2026-04-17,22:51:00,,
BATTERSEA PARK LONDON - EPSOM DOWNS,P26151,2200,stop,2026-04-16,22:51:00,,
EPSOM DOWNS - BATTERSEA PARK LONDON,P26172,2241,stop,2026-04-16,22:51:00,,
BATTERSEA PARK LONDON - EPSOM DOWNS,P26151,2200,stop,2026-04-30,22:51:00,,
EPSOM DOWNS - BATTERSEA PARK LONDON,P26172,2241,stop,2026-04-30,22:51:00,,
EPSOM DOWNS - BATTERSEA PARK LONDON,P26172,2241,stop,2026-04-15,22:51:00,,
BATTERSEA PARK LONDON - EPSOM DOWNS,P26151,2200,stop,2026-04-10,22:51:00,,
EPSOM DOWNS - BATTERSEA PARK LONDON,P26173,2238,stop,2026-04-11,22:51:00,,
EPSOM DOWNS - BATTERSEA PARK LONDON,P26172,2241,stop,2026-04-20,22:51:00,,
BATTERSEA PARK LONDON - EPSOM DOWNS,P26151,2200,stop,2026-04-13,22:51:00,,
DORKING - EARLSFIELD,P61095,2232,stop,2026-04-15,22:52:00,,
DORKING - EARLSFIELD,P61097,2232,stop,2026-04-25,22:52:00,,
DORKING - EARLSFIELD,P61095,2232,stop,2026-04-29,22:52:00,,
DORKING - EARLSFIELD,P61096,2232,stop,2026-04-17,22:52:00,,
DORKING - EARLSFIELD,P61095,2232,stop,2026-04-02,22:52:00,,
DORKING - EARLSFIELD,P61095,2232,stop,2026-04-28,22:52:00,,
BATTERSEA PARK LONDON - EPSOM DOWNS,P26151,2200,stop,2026-04-17,22:51:00,,
EPSOM DOWNS - BATTERSEA PARK LONDON,X00779,2238,stop,2026-04-06,22:51:00,,
EPSOM DOWNS - BATTERSEA PARK LONDON,P26172,2241,stop,2026-04-06,22:51:00,,
BATTERSEA PARK LONDON - EPSOM DOWNS,P26151,2200,stop,2026-04-06,22:51:00,,
BATTERSEA PARK LONDON - EPSOM DOWNS,P26151,2200,stop,2026-04-08,22:51:00,,
DORKING - EARLSFIELD,P61095,2232,stop,2026-04-07,22:52:00,,
DORKING - EARLSFIELD,P61095,2232,stop,2026-04-23,22:52:00,,
DORKING - EARLSFIELD,P61095,2232,stop,2026-04-16,22:52:00,,
DORKING - EARLSFIELD,P61095,2232,stop,2026-04-14,22:52:00,,
DORKING - EARLSFIELD,P61095,2232,stop,2026-04-30,22:52:00,,
DORKING - EARLSFIELD,P61097,2232,stop,2026-04-11,22:52:00,,
DORKING - EARLSFIELD,P61095,2232,stop,2026-04-27,22:52:00,,
DORKING - EARLSFIELD,P61095,2232,stop,2026-04-08,22:52:00,,
DORKING - EARLSFIELD,P61096,2232,stop,2026-04-24,22:52:00,,
MITCHAM EASTFIELDS - DORKING (2),P26767,2220,stop,2026-04-18,22:52:00,,
DORKING - EARLSFIELD,P61096,2232,stop,2026-04-10,22:52:00,,
DORKING - EARLSFIELD,P61097,2232,stop,2026-04-18,22:52:00,,
DORKING - EARLSFIELD,P61095,2232,stop,2026-04-01,22:52:00,,
DORKING - EARLSFIELD,P61095,2232,stop,2026-04-13,22:52:00,,
DORKING - EARLSFIELD,Q48194,2232,stop,2026-04-06,22:52:00,,
DORKING - EARLSFIELD,P61095,2232,stop,2026-04-06,22:52:00,,
DORKING - EARLSFIELD,P61095,2232,stop,2026-04-21,22:52:00,,
DORKING - EARLSFIELD,Q38212,2232,stop,2026-04-03,22:52:00,,
EARLSFIELD - DORKING,P61086,2223,stop,2026-04-13,22:54:00,,
DORKING - EARLSFIELD,P61097,2232,stop,2026-04-04,22:52:00,,
DORKING - EARLSFIELD,P61095,2232,stop,2026-04-22,22:52:00,,
DORKING - EARLSFIELD,P61095,2232,stop,2026-04-09,22:52:00,,
DORKING - EARLSFIELD,P61095,2232,stop,2026-04-20,22:52:00,,
DORKING - EARLSFIELD,P61096,2232,stop,2026-04-03,22:52:00,,
EARLSFIELD - DORKING,P61087,2223,stop,2026-04-11,22:54:00,,
EARLSFIELD - DORKING,P61086,2223,stop,2026-04-09,22:54:00,,
EARLSFIELD - DORKING,P61086,2223,stop,2026-04-27,22:54:00,,
EARLSFIELD - DORKING,P61087,2223,stop,2026-04-04,22:54:00,,
EARLSFIELD - DORKING,P61086,2223,stop,2026-04-29,22:54:00,,
EARLSFIELD - DORKING,P61086,2223,stop,2026-04-07,22:54:00,,
EARLSFIELD - DORKING,P61086,2223,stop,2026-04-02,22:54:00,,
EARLSFIELD - DORKING,P61086,2223,stop,2026-04-28,22:54:00,,
EARLSFIELD - DORKING,P61086,2223,stop,2026-04-08,22:54:00,,
EARLSFIELD - DORKING,P61086,2223,stop,2026-04-10,22:54:00,,
EARLSFIELD - DORKING,Q48213,2223,stop,2026-04-06,22:54:00,,
EARLSFIELD - DORKING,P61086,2223,stop,2026-04-06,22:54:00,,
EARLSFIELD - DORKING,P61086,2223,stop,2026-04-14,22:54:00,,
EARLSFIELD - DORKING,P61086,2223,stop,2026-04-30,22:54:00,,
EARLSFIELD - DORKING,P61086,2223,stop,2026-04-03,22:54:00,,
EARLSFIELD - DORKING,P61086,2223,stop,2026-04-15,22:54:00,,
SUTTON (SURREY) - DORKING,X04905,2255,stop,2026-04-12,22:55:00,,
EARLSFIELD - DORKING,P61086,2223,stop,2026-04-21,22:54:00,,
EARLSFIELD - DORKING,P61086,2223,stop,2026-04-23,22:54:00,,
EARLSFIELD - DORKING,Q38219,2223,stop,2026-04-03,22:54:00,,
EARLSFIELD - DORKING,P61086,2223,stop,2026-04-24,22:54:00,,
EARLSFIELD - DORKING,P61087,2223,stop,2026-04-18,22:54:00,,
EARLSFIELD - DORKING,P61086,2223,stop,2026-04-22,22:54:00,,
EARLSFIELD - DORKING,P61086,2223,stop,2026-04-20,22:54:00,,
EARLSFIELD - DORKING,P61087,2223,stop,2026-04-25,22:54:00,,
EARLSFIELD - DORKING,P61086,2223,stop,2026-04-16,22:54:00,,
EARLSFIELD - DORKING,P61086,2223,stop,2026-04-01,22:54:00,,
EPSOM DOWNS - BATTERSEA PARK LONDON,P26171,2238,stop,2026-04-05,22:54:00,,
EARLSFIELD - DORKING,P61086,2223,stop,2026-04-17,22:54:00,,
NORWOOD JUNCTION - EPSOM,P25306,2225,stop,2026-04-29,22:58:00,,
GUILDFORD - EARLSFIELD,P61635,2220,stop,2026-04-12,22:57:00,,
GUILDFORD - EARLSFIELD,P61635,2220,stop,2026-04-05,22:57:00,,
SUTTON (SURREY) - BALHAM,X27276,2257,stop,2026-04-05,22:57:00,,
GUILDFORD - EARLSFIELD,P61635,2220,stop,2026-04-26,22:57:00,,
GUILDFORD - EARLSFIELD,P61635,2220,stop,2026-04-19,22:57:00,,
NORWOOD JUNCTION - EPSOM,P25307,2225,stop,2026-04-18,22:58:00,,
NORWOOD JUNCTION - EPSOM,P25306,2225,stop,2026-04-20,22:58:00,,
NORWOOD JUNCTION - EPSOM,P25306,2225,stop,2026-04-13,22:58:00,,
NORWOOD JUNCTION - EPSOM,P25306,2225,stop,2026-04-27,22:58:00,,
NORWOOD JUNCTION - EPSOM,P25306,2225,stop,2026-04-22,22:58:00,,
NORWOOD JUNCTION - EPSOM,P25306,2225,stop,2026-04-06,22:58:00,,
NORWOOD JUNCTION - EPSOM,P25306,2225,stop,2026-04-23,22:58:00,,
NORWOOD JUNCTION - EPSOM,P25307,2225,stop,2026-04-25,22:58:00,,
NORWOOD JUNCTION - EPSOM,P25306,2225,stop,2026-04-03,22:58:00,,
NORWOOD JUNCTION - EPSOM,X92600,2225,stop,2026-04-03,22:58:00,,
NORWOOD JUNCTION - EPSOM,P25306,2225,stop,2026-04-15,22:58:00,,
NORWOOD JUNCTION - EPSOM,P25306,2225,stop,2026-04-01,22:58:00,,
NORWOOD JUNCTION - EPSOM,P25306,2225,stop,2026-04-02,22:58:00,,
NORWOOD JUNCTION - EPSOM,P25306,2225,stop,2026-04-07,22:58:00,,
NORWOOD JUNCTION - EPSOM,P25307,2225,stop,2026-04-11,22:58:00,,
NORWOOD JUNCTION - EPSOM,P25306,2225,stop,2026-04-16,23:01:00,,
NORWOOD JUNCTION - EPSOM,P25306,2225,stop,2026-04-08,22:58:00,,
NORWOOD JUNCTION - EPSOM,P25306,2225,stop,2026-04-21,22:58:00,,
NORWOOD JUNCTION - EPSOM,P25306,2225,stop,2026-04-24,22:58:00,,
NORWOOD JUNCTION - EPSOM,P25306,2225,stop,2026-04-10,22:58:00,,
NORWOOD JUNCTION - EPSOM,P25307,2225,stop,2026-04-04,22:58:00,,
NORWOOD JUNCTION - EPSOM,P25306,2225,stop,2026-04-17,22:58:00,,
NORWOOD JUNCTION - EPSOM,P25306,2225,stop,2026-04-30,22:58:00,,
NORWOOD JUNCTION - EPSOM,P25306,2225,stop,2026-04-09,22:58:00,,
SUTTON (SURREY) - SELHURST  T&RS  MD  M&EE   NSC,G72674,2258,stop,2026-04-26,22:58:00,,
NORWOOD JUNCTION - EPSOM,P25306,2225,stop,2026-04-28,22:58:00,,
NORWOOD JUNCTION - EPSOM,P25306,2225,stop,2026-04-14,22:58:00,,
NORWOOD JUNCTION - EPSOM,X01439,2225,stop,2026-04-06,22:58:00,,
EARLSFIELD - GUILDFORD (2),P61632,2232,stop,2026-04-19,23:03:00,,
EARLSFIELD - GUILDFORD (2),P61632,2232,stop,2026-04-26,23:03:00,,
EARLSFIELD - GUILDFORD (2),P61632,2232,stop,2026-04-05,23:03:00,,
EPSOM - SELHURST  T&RS  MD  M&EE   NSC,G73384,2320,pass,2026-04-08,23:36:00,,
EPSOM - SELHURST  T&RS  MD  M&EE   NSC,G73384,2320,pass,2026-04-03,23:36:00,,
EPSOM - SELHURST  T&RS  MD  M&EE   NSC,G73384,2320,pass,2026-04-16,23:36:00,,
EPSOM - SELHURST  T&RS  MD  M&EE   NSC,G73384,2320,pass,2026-04-15,23:36:00,,
EPSOM - SELHURST  T&RS  MD  M&EE   NSC,G73384,2320,pass,2026-04-20,23:36:00,,
EPSOM - SELHURST  T&RS  MD  M&EE   NSC,G73384,2320,pass,2026-04-22,23:36:00,,
EPSOM - SELHURST  T&RS  MD  M&EE   NSC,G73384,2320,pass,2026-04-14,23:36:00,,
EPSOM - SELHURST  T&RS  MD  M&EE   NSC,G73384,2320,pass,2026-04-29,23:36:00,,
EPSOM - SELHURST  T&RS  MD  M&EE   NSC,G73384,2320,pass,2026-04-06,23:36:00,,
EFFINGHAM JUNCTION - WORCESTER PARK,Q54759,2215,stop,2026-04-12,23:04:00,,
EARLSFIELD - GUILDFORD (2),P61632,2232,stop,2026-04-12,23:03:00,,
EPSOM - SOUTH BERMONDSEY,P26777,2300,stop,2026-04-19,23:05:00,,
EPSOM - BALHAM,P26777,2300,stop,2026-04-26,23:05:00,,
ST ALBANS CITY - SUTTON (SURREY),G85018,2137,stop,2026-04-01,23:07:00,,
ST ALBANS CITY - SUTTON (SURREY),G85018,2137,stop,2026-04-09,23:07:00,,
ST ALBANS CITY - SUTTON (SURREY),G85018,2137,stop,2026-04-22,23:07:00,,
ST ALBANS CITY - SUTTON (SURREY),G85018,2137,stop,2026-04-23,23:07:00,,
ST ALBANS CITY - SUTTON (SURREY),G85018,2137,stop,2026-04-16,23:07:00,,
ST ALBANS CITY - SUTTON (SURREY),G85018,2137,stop,2026-04-08,23:07:00,,
ST ALBANS CITY - SUTTON (SURREY) (2),G25491,2137,stop,2026-04-11,23:07:00,,
ST ALBANS CITY - SUTTON (SURREY),G85018,2137,stop,2026-04-07,23:07:00,,
ST ALBANS CITY - SUTTON (SURREY),G85018,2137,stop,2026-04-27,23:07:00,,
ST ALBANS CITY - SUTTON (SURREY) (2),G25491,2137,stop,2026-04-25,23:07:00,,
ST ALBANS CITY - SUTTON (SURREY),G85018,2137,stop,2026-04-28,23:07:00,,
ST ALBANS CITY - SUTTON (SURREY),G85018,2137,stop,2026-04-10,23:07:00,,
ST ALBANS CITY - SUTTON (SURREY),G85018,2137,stop,2026-04-24,23:07:00,,
ST ALBANS CITY - SUTTON (SURREY),G85018,2137,stop,2026-04-29,23:07:00,,
EPSOM - BALHAM (2),P26777,2300,stop,2026-04-05,23:05:00,,
EPSOM - BALHAM,P26777,2300,stop,2026-04-12,23:05:00,,
ST ALBANS CITY - SUTTON (SURREY) (2),G25491,2137,stop,2026-04-18,23:07:00,,
ST ALBANS CITY - SUTTON (SURREY),G85018,2137,stop,2026-04-15,23:07:00,,
ST ALBANS CITY - SUTTON (SURREY),G85018,2137,stop,2026-04-17,23:07:00,,
ST ALBANS CITY - SUTTON (SURREY),G85018,2137,stop,2026-04-02,23:07:00,,
ST ALBANS CITY - SUTTON (SURREY),G85018,2137,stop,2026-04-30,23:07:00,,
ST ALBANS CITY - SUTTON (SURREY),G85018,2137,stop,2026-04-21,23:07:00,,
ST ALBANS CITY - SUTTON (SURREY),G85018,2137,stop,2026-04-14,23:07:00,,
ST ALBANS CITY - SUTTON (SURREY),G85018,2137,stop,2026-04-20,23:07:00,,
ST ALBANS CITY - SUTTON (SURREY) (2),G25491,2137,stop,2026-04-04,23:07:00,,
ST ALBANS CITY - SUTTON (SURREY) (2),G85018,2137,stop,2026-04-06,23:07:00,,
ST ALBANS CITY - SUTTON (SURREY),G85018,2137,stop,2026-04-13,23:07:00,,
ST ALBANS CITY - SUTTON (SURREY) (2),G85018,2137,stop,2026-04-03,23:07:00,,
SUTTON (SURREY) - SELHURST  T&RS  MD  M&EE   NSC,X06594,2313,stop,2026-04-19,23:13:00,,
BALHAM - DORKING (3),P26773,2241,stop,2026-04-11,23:13:00,,
BALHAM - HORSHAM,P26772,2241,stop,2026-04-30,23:13:00,,
BALHAM - HORSHAM,P26772,2241,stop,2026-04-24,23:13:00,,
BALHAM - HORSHAM,P26772,2241,stop,2026-04-06,23:13:00,,
BALHAM - HORSHAM,P26772,2241,stop,2026-04-14,23:13:00,,
BALHAM - DORKING (3),P26773,2241,stop,2026-04-04,23:13:00,,
BALHAM - HORSHAM,P26772,2241,stop,2026-04-07,23:13:00,,
BALHAM - HORSHAM,P26772,2241,stop,2026-04-29,23:13:00,,
BALHAM - HORSHAM,P26772,2241,stop,2026-04-16,23:13:00,,
BALHAM - HORSHAM,P26772,2241,stop,2026-04-02,23:13:00,,
SUTTON (SURREY) - BALHAM (2),P26777,2312,stop,2026-04-12,23:12:00,,
BALHAM - HORSHAM,P26772,2241,stop,2026-04-08,23:13:00,,
BALHAM - HORSHAM,P26772,2241,stop,2026-04-28,23:13:00,,
BALHAM - HORSHAM,P26772,2241,stop,2026-04-10,23:13:00,,
BALHAM - HORSHAM,P26772,2241,stop,2026-04-23,23:13:00,,
BALHAM - DORKING (3),X00981,2241,stop,2026-04-06,23:13:00,,
BALHAM - DORKING (3),P26773,2241,stop,2026-04-25,23:13:00,,
BALHAM - HORSHAM,P26772,2241,stop,2026-04-21,23:13:00,,
BALHAM - HORSHAM,P26772,2241,stop,2026-04-03,23:13:00,,
BALHAM - DORKING (3),X93592,2241,stop,2026-04-03,23:13:00,,
BALHAM - HORSHAM,P26772,2241,stop,2026-04-15,23:13:00,,
BALHAM - HORSHAM,P26772,2241,stop,2026-04-27,23:13:00,,
BALHAM - HORSHAM,P26772,2241,stop,2026-04-22,23:13:00,,
BALHAM - HORSHAM,P26772,2241,stop,2026-04-13,23:13:00,,
BALHAM - HORSHAM,P26772,2241,stop,2026-04-17,23:13:00,,
BALHAM - HORSHAM,P26772,2241,stop,2026-04-09,23:13:00,,
BALHAM - HORSHAM,P26772,2241,stop,2026-04-20,23:13:00,,
BALHAM - EPSOM,P26774,2241,stop,2026-04-26,23:16:00,,
MITCHAM EASTFIELDS - EPSOM (2),P26774,2243,stop,2026-04-19,23:14:00,,
BALHAM - EPSOM (2),P26774,2241,stop,2026-04-05,23:14:00,,
BALHAM - HORSHAM,P26772,2241,stop,2026-04-01,23:13:00,,
BALHAM - EPSOM,P26774,2241,stop,2026-04-12,23:16:00,,
EPSOM DOWNS - BATTERSEA PARK LONDON,P26185,2307,stop,2026-04-13,23:17:00,,
EPSOM DOWNS - BATTERSEA PARK LONDON,P26185,2307,stop,2026-04-08,23:17:00,,
EPSOM DOWNS - BATTERSEA PARK LONDON,P26183,2307,stop,2026-04-17,23:17:00,,
WIMBLEDON - BLACKFRIARS LONDON (2),X98377,2306,pass,2026-04-05,23:17:00,,
EPSOM DOWNS - WANDSWORTH COMMON LONDON,P26185,2307,stop,2026-04-27,23:17:00,,
EPSOM DOWNS - BATTERSEA PARK LONDON,P26183,2307,stop,2026-04-03,23:17:00,,
EPSOM DOWNS - BATTERSEA PARK LONDON,P26185,2307,stop,2026-04-14,23:17:00,,
EPSOM DOWNS - BATTERSEA PARK LONDON,P26185,2307,stop,2026-04-22,23:17:00,,
EPSOM DOWNS - BATTERSEA PARK LONDON,P26185,2307,stop,2026-04-07,23:17:00,,
EPSOM DOWNS - WANDSWORTH COMMON LONDON,P26185,2307,stop,2026-04-28,23:17:00,,
EPSOM DOWNS - BATTERSEA PARK LONDON,P26185,2307,stop,2026-04-01,23:17:00,,
EPSOM DOWNS - BATTERSEA PARK LONDON,P26184,2307,stop,2026-04-02,23:17:00,,
EPSOM DOWNS - WANDSWORTH COMMON LONDON,P26184,2307,stop,2026-04-30,23:17:00,,
EPSOM DOWNS - BATTERSEA PARK LONDON,P26185,2307,stop,2026-04-20,23:17:00,,
SUTTON (SURREY) - BEDFORD MIDLAND (7),W59694,2318,stop,2026-04-14,23:18:00,,
SUTTON (SURREY) - BEDFORD MIDLAND (7),W58023,2318,stop,2026-04-04,23:18:00,,
SUTTON (SURREY) - BEDFORD MIDLAND (7),W59694,2318,stop,2026-04-20,23:18:00,,
SUTTON (SURREY) - BEDFORD MIDLAND (7),W59694,2318,stop,2026-04-29,23:18:00,,
SUTTON (SURREY) - BEDFORD MIDLAND (7),W59694,2318,stop,2026-04-15,23:18:00,,
SUTTON (SURREY) - BEDFORD MIDLAND (9),W59694,2318,stop,2026-04-06,23:18:00,,
EPSOM DOWNS - BATTERSEA PARK LONDON,P26185,2307,stop,2026-04-21,23:17:00,,
EPSOM DOWNS - BATTERSEA PARK LONDON,P26183,2307,stop,2026-04-10,23:17:00,,
EPSOM DOWNS - BATTERSEA PARK LONDON,P26184,2307,stop,2026-04-09,23:17:00,,
EPSOM DOWNS - BATTERSEA PARK LONDON,P26185,2307,stop,2026-04-15,23:17:00,,
EPSOM DOWNS - BATTERSEA PARK LONDON,P26183,2307,stop,2026-04-24,23:17:00,,
EPSOM DOWNS - BATTERSEA PARK LONDON,P26184,2307,stop,2026-04-16,23:17:00,,
EPSOM DOWNS - WANDSWORTH COMMON LONDON,P26185,2307,stop,2026-04-29,23:17:00,,
EPSOM DOWNS - BATTERSEA PARK LONDON,P26185,2307,stop,2026-04-06,23:17:00,,
EPSOM DOWNS - BATTERSEA PARK LONDON,P26184,2307,stop,2026-04-23,23:17:00,,
SUTTON (SURREY) - BEDFORD MIDLAND (9),W59694,2318,stop,2026-04-07,23:18:00,,
SUTTON (SURREY) - BEDFORD MIDLAND (7),W59694,2318,stop,2026-04-30,23:18:00,,
SUTTON (SURREY) - BEDFORD MIDLAND (9),W59694,2318,stop,2026-04-10,23:18:00,,
WORCESTER PARK - EFFINGHAM JUNCTION,Q54855,2305,stop,2026-04-12,23:18:00,,
SUTTON (SURREY) - BEDFORD MIDLAND (7),W59694,2318,stop,2026-04-22,23:18:00,,
SUTTON (SURREY) - BEDFORD MIDLAND (7),W59694,2318,stop,2026-04-13,23:18:00,,
SUTTON (SURREY) - BEDFORD MIDLAND (7),W59694,2318,stop,2026-04-01,23:18:00,,
SUTTON (SURREY) - BEDFORD MIDLAND (7),W59694,2318,stop,2026-04-24,23:18:00,,
SUTTON (SURREY) - BEDFORD MIDLAND (7),W59694,2318,stop,2026-04-16,23:18:00,,
SUTTON (SURREY) - BEDFORD MIDLAND (7),W59694,2318,stop,2026-04-02,23:18:00,,
SUTTON (SURREY) - HARPENDEN,W58023,2318,stop,2026-04-18,23:18:00,,
SUTTON (SURREY) - STREATHAM COMMON,X27275,2318,stop,2026-04-05,23:18:00,,
SUTTON (SURREY) - BEDFORD MIDLAND (11),W59694,2318,stop,2026-04-17,23:18:00,,
SUTTON (SURREY) - BEDFORD MIDLAND (7),W58023,2318,stop,2026-04-25,23:18:00,,
SUTTON (SURREY) - BEDFORD MIDLAND (7),W59694,2318,stop,2026-04-03,23:18:00,,
SUTTON (SURREY) - BEDFORD MIDLAND (7),W59694,2318,stop,2026-04-23,23:18:00,,
SUTTON (SURREY) - BEDFORD MIDLAND (2),W59408,2319,stop,2026-04-15,23:19:00,,
SUTTON (SURREY) - BEDFORD MIDLAND (2),W59408,2319,stop,2026-04-29,23:19:00,,
STREATHAM HILL - EPSOM DOWNS,P26164,2243,stop,2026-04-18,23:19:00,,
SUTTON (SURREY) - BEDFORD MIDLAND (2),W59408,2319,stop,2026-04-21,23:19:00,,
BATTERSEA PARK LONDON - EPSOM DOWNS,P26163,2230,stop,2026-04-29,23:19:00,,
SUTTON (SURREY) - BEDFORD MIDLAND (2),W59408,2319,stop,2026-04-23,23:19:00,,
SUTTON (SURREY) - BEDFORD MIDLAND (2),W59408,2319,stop,2026-04-30,23:19:00,,
SUTTON (SURREY) - BEDFORD MIDLAND (9),W59694,2318,stop,2026-04-08,23:18:00,,
SUTTON (SURREY) - BEDFORD MIDLAND (7),W58023,2318,stop,2026-04-11,23:18:00,,
SUTTON (SURREY) - BEDFORD MIDLAND (7),W59694,2318,stop,2026-04-28,23:18:00,,
SUTTON (SURREY) - BEDFORD MIDLAND (7),W59694,2318,stop,2026-04-27,23:18:00,,
SUTTON (SURREY) - BEDFORD MIDLAND (9),W59694,2318,stop,2026-04-09,23:18:00,,
STREATHAM HILL - EPSOM DOWNS,P26162,2243,stop,2026-04-19,23:18:00,,
SUTTON (SURREY) - BEDFORD MIDLAND (7),W59694,2318,stop,2026-04-21,23:18:00,,
SUTTON (SURREY) - BEDFORD MIDLAND (2),W59408,2319,stop,2026-04-16,23:19:00,,
BATTERSEA PARK LONDON - EPSOM DOWNS,P26164,2230,stop,2026-04-25,23:19:00,,
BATTERSEA PARK LONDON - EPSOM DOWNS,P26163,2230,stop,2026-04-08,23:19:00,,
SUTTON (SURREY) - BEDFORD MIDLAND (2),W59408,2319,stop,2026-04-20,23:19:00,,
SUTTON (SURREY) - BEDFORD MIDLAND (2),W59408,2319,stop,2026-04-22,23:19:00,,
SUTTON (SURREY) - BEDFORD MIDLAND (2),W59408,2319,stop,2026-04-27,23:19:00,,
BATTERSEA PARK LONDON - EPSOM DOWNS,P26163,2230,stop,2026-04-23,23:19:00,,
BATTERSEA PARK LONDON - EPSOM DOWNS,P26163,2230,stop,2026-04-28,23:19:00,,
BATTERSEA PARK LONDON - EPSOM DOWNS,P26163,2230,stop,2026-04-24,23:19:00,,
SUTTON (SURREY) - BEDFORD MIDLAND (2),W59408,2319,stop,2026-04-28,23:19:00,,
BATTERSEA PARK LONDON - EPSOM DOWNS,P26163,2230,stop,2026-04-22,23:19:00,,
SUTTON (SURREY) - BEDFORD MIDLAND (2),W59408,2319,stop,2026-04-13,23:19:00,,
BATTERSEA PARK LONDON - EPSOM DOWNS,P26163,2230,stop,2026-04-15,23:19:00,,
BATTERSEA PARK LONDON - EPSOM DOWNS,P26163,2230,stop,2026-04-01,23:19:00,,
BATTERSEA PARK LONDON - EPSOM DOWNS,P26163,2230,stop,2026-04-20,23:19:00,,
BATTERSEA PARK LONDON - EPSOM DOWNS,P26163,2230,stop,2026-04-06,23:19:00,,
BATTERSEA PARK LONDON - EPSOM DOWNS,X00777,2230,stop,2026-04-06,23:19:00,,
BATTERSEA PARK LONDON - EPSOM DOWNS,P26164,2230,stop,2026-04-11,23:19:00,,
SUTTON (SURREY) - BEDFORD MIDLAND (10),W59408,2319,stop,2026-04-17,23:19:00,,
BATTERSEA PARK LONDON - EPSOM DOWNS,P26163,2230,stop,2026-04-13,23:19:00,,
BATTERSEA PARK LONDON - EPSOM DOWNS,P26163,2230,stop,2026-04-14,23:19:00,,
BATTERSEA PARK LONDON - EPSOM DOWNS,P26163,2230,stop,2026-04-07,23:19:00,,
SUTTON (SURREY) - BEDFORD MIDLAND (2),W59408,2319,stop,2026-04-08,23:19:00,,
SUTTON (SURREY) - BEDFORD MIDLAND (2),W58025,2319,stop,2026-04-11,23:19:00,,
SUTTON (SURREY) - BEDFORD MIDLAND (2),W59408,2319,stop,2026-04-07,23:19:00,,
BATTERSEA PARK LONDON - EPSOM DOWNS,P26163,2230,stop,2026-04-21,23:19:00,,
BATTERSEA PARK LONDON - EPSOM DOWNS,P26163,2230,stop,2026-04-10,23:19:00,,
BATTERSEA PARK LONDON - EPSOM DOWNS,P26163,2230,stop,2026-04-30,23:19:00,,
BATTERSEA PARK LONDON - EPSOM DOWNS,P26163,2230,stop,2026-04-17,23:19:00,,
BATTERSEA PARK LONDON - EPSOM DOWNS,P26163,2230,stop,2026-04-27,23:19:00,,
BATTERSEA PARK LONDON - EPSOM DOWNS,P26163,2230,stop,2026-04-03,23:19:00,,
BATTERSEA PARK LONDON - EPSOM DOWNS,X93607,2230,stop,2026-04-03,23:19:00,,
SUTTON (SURREY) - BEDFORD MIDLAND (2),W58025,2319,stop,2026-04-04,23:19:00,,
SUTTON (SURREY) - ST ALBANS CITY (5),W58025,2319,stop,2026-04-18,23:19:00,,
SUTTON (SURREY) - BEDFORD MIDLAND (2),W59408,2319,stop,2026-04-14,23:19:00,,
BATTERSEA PARK LONDON - EPSOM DOWNS,P26163,2230,stop,2026-04-09,23:19:00,,
SUTTON (SURREY) - BEDFORD MIDLAND (2),W59408,2319,stop,2026-04-03,23:19:00,,
SUTTON (SURREY) - BEDFORD MIDLAND (2),W59408,2319,stop,2026-04-06,23:19:00,,
BATTERSEA PARK LONDON - EPSOM DOWNS,P26163,2230,stop,2026-04-02,23:19:00,,
SUTTON (SURREY) - BEDFORD MIDLAND (2),W58025,2319,stop,2026-04-25,23:19:00,,
SUTTON (SURREY) - BEDFORD MIDLAND (2),W59408,2319,stop,2026-04-10,23:19:00,,
SUTTON (SURREY) - BEDFORD MIDLAND (2),W59408,2319,stop,2026-04-09,23:19:00,,
EPSOM DOWNS - BATTERSEA PARK LONDON,P26186,2308,stop,2026-04-11,23:21:00,,
DORKING - SUTTON (SURREY),X04868,2237,stop,2026-04-12,23:21:00,,
EPSOM DOWNS - BATTERSEA PARK LONDON,X93565,2308,stop,2026-04-03,23:21:00,,
EPSOM DOWNS - BATTERSEA PARK LONDON,P26186,2308,stop,2026-04-04,23:21:00,,
EPSOM DOWNS - STREATHAM HILL,P26186,2308,stop,2026-04-18,23:21:00,,
EPSOM DOWNS - BATTERSEA PARK LONDON,P26186,2308,stop,2026-04-25,23:21:00,,
BATTERSEA PARK LONDON - EPSOM DOWNS,P26164,2230,stop,2026-04-04,23:19:00,,
SUTTON (SURREY) - BEDFORD MIDLAND (2),W59408,2319,stop,2026-04-24,23:19:00,,
BATTERSEA PARK LONDON - EPSOM DOWNS,P26163,2230,stop,2026-04-16,23:19:00,,
GUILDFORD - EARLSFIELD,P61641,2245,stop,2026-04-15,23:22:00,,
GUILDFORD - EARLSFIELD,P61641,2245,stop,2026-04-14,23:22:00,,
GUILDFORD - EARLSFIELD,P61642,2245,stop,2026-04-10,23:22:00,,
GUILDFORD - EARLSFIELD,P61641,2245,stop,2026-04-13,23:22:00,,
GUILDFORD - EARLSFIELD,Q38202,2245,stop,2026-04-03,23:22:00,,
GUILDFORD - EARLSFIELD,P61641,2245,stop,2026-04-07,23:22:00,,
GUILDFORD - EARLSFIELD,P61641,2245,stop,2026-04-27,23:22:00,,
GUILDFORD - EARLSFIELD,P61642,2245,stop,2026-04-03,23:22:00,,
GUILDFORD - EARLSFIELD,P61640,2245,stop,2026-04-04,23:22:00,,
GUILDFORD - EARLSFIELD,P61641,2245,stop,2026-04-02,23:22:00,,
GUILDFORD - EARLSFIELD,P61641,2245,stop,2026-04-28,23:22:00,,
GUILDFORD - EARLSFIELD,P61641,2245,stop,2026-04-30,23:22:00,,
GUILDFORD - EARLSFIELD,P61641,2245,stop,2026-04-29,23:22:00,,
GUILDFORD - EARLSFIELD,P61640,2245,stop,2026-04-25,23:22:00,,
GUILDFORD - EARLSFIELD,P61641,2245,stop,2026-04-09,23:22:00,,
EPSOM DOWNS - WANDSWORTH COMMON LONDON,X01718,2308,stop,2026-04-06,23:21:00,,
GUILDFORD - EARLSFIELD,P61641,2245,stop,2026-04-01,23:22:00,,
GUILDFORD - EARLSFIELD,P61641,2245,stop,2026-04-23,23:22:00,,
GUILDFORD - EARLSFIELD,P61641,2245,stop,2026-04-06,23:22:00,,
GUILDFORD - EARLSFIELD,P61642,2245,stop,2026-04-24,23:22:00,,
GUILDFORD - EARLSFIELD,Q48164,2245,stop,2026-04-06,23:22:00,,
GUILDFORD - EARLSFIELD,P61640,2245,stop,2026-04-11,23:22:00,,
GUILDFORD - EARLSFIELD,P61641,2245,stop,2026-04-20,23:22:00,,
GUILDFORD - EARLSFIELD,P61641,2245,stop,2026-04-22,23:22:00,,
GUILDFORD - EARLSFIELD,P61641,2245,stop,2026-04-21,23:22:00,,
MITCHAM EASTFIELDS - DORKING,P26773,2250,stop,2026-04-18,23:22:00,,
GUILDFORD - EARLSFIELD,P61641,2245,stop,2026-04-08,23:22:00,,
GUILDFORD - EARLSFIELD,P61640,2245,stop,2026-04-18,23:22:00,,
GUILDFORD - EARLSFIELD,P61642,2245,stop,2026-04-17,23:22:00,,
GUILDFORD - EARLSFIELD,P61641,2245,stop,2026-04-16,23:22:00,,
EARLSFIELD - GUILDFORD (2),P61631,2253,stop,2026-04-18,23:24:00,,
EARLSFIELD - GUILDFORD (2),P61631,2253,stop,2026-04-25,23:24:00,,
EARLSFIELD - GUILDFORD (2),P61630,2253,stop,2026-04-09,23:24:00,,
EARLSFIELD - GUILDFORD (2),P61630,2253,stop,2026-04-08,23:24:00,,
EARLSFIELD - GUILDFORD (2),P61631,2253,stop,2026-04-11,23:24:00,,
EARLSFIELD - GUILDFORD (2),P61630,2253,stop,2026-04-06,23:24:00,,
EARLSFIELD - GUILDFORD (2),Q48151,2253,stop,2026-04-06,23:24:00,,
EARLSFIELD - GUILDFORD (2),P61630,2253,stop,2026-04-02,23:24:00,,
EARLSFIELD - GUILDFORD (2),P61630,2253,stop,2026-04-07,23:24:00,,
EARLSFIELD - GUILDFORD (2),P61630,2253,stop,2026-04-30,23:24:00,,
EARLSFIELD - GUILDFORD (2),P61630,2253,stop,2026-04-28,23:24:00,,
EARLSFIELD - GUILDFORD (2),P61630,2253,stop,2026-04-29,23:24:00,,
EARLSFIELD - GUILDFORD (2),P61631,2253,stop,2026-04-04,23:24:00,,
EARLSFIELD - GUILDFORD (2),P61630,2253,stop,2026-04-27,23:24:00,,
EARLSFIELD - GUILDFORD (2),P61630,2253,stop,2026-04-16,23:24:00,,
EARLSFIELD - GUILDFORD (2),P61630,2253,stop,2026-04-22,23:24:00,,
EARLSFIELD - GUILDFORD (2),P61630,2253,stop,2026-04-01,23:24:00,,
EARLSFIELD - GUILDFORD (2),P61630,2253,stop,2026-04-14,23:24:00,,
EARLSFIELD - GUILDFORD (2),P61630,2253,stop,2026-04-21,23:24:00,,
EARLSFIELD - GUILDFORD (2),P61630,2253,stop,2026-04-13,23:24:00,,
EARLSFIELD - GUILDFORD (2),P61630,2253,stop,2026-04-15,23:24:00,,
EARLSFIELD - GUILDFORD (2),Q38197,2253,stop,2026-04-03,23:24:00,,
EARLSFIELD - GUILDFORD (2),P61630,2253,stop,2026-04-24,23:24:00,,
EARLSFIELD - GUILDFORD (2),P61630,2253,stop,2026-04-17,23:24:00,,
EARLSFIELD - GUILDFORD (2),P61630,2253,stop,2026-04-03,23:24:00,,
EARLSFIELD - GUILDFORD (2),P61630,2253,stop,2026-04-10,23:24:00,,
EARLSFIELD - GUILDFORD (2),P61630,2253,stop,2026-04-23,23:24:00,,
EARLSFIELD - GUILDFORD (2),P61630,2253,stop,2026-04-20,23:24:00,,
NORWOOD JUNCTION - EPSOM,P25310,2255,stop,2026-04-03,23:28:00,,
NORWOOD JUNCTION - EPSOM,P25311,2255,stop,2026-04-25,23:28:00,,
DORKING - EARLSFIELD,P61098,2307,stop,2026-04-12,23:27:00,,
DORKING - EARLSFIELD,P61098,2307,stop,2026-04-26,23:27:00,,
DORKING - EARLSFIELD,P61098,2307,stop,2026-04-05,23:27:00,,
DORKING - EARLSFIELD,P61098,2307,stop,2026-04-19,23:27:00,,
SUTTON (SURREY) - BLACKFRIARS LONDON,G83455,2326,stop,2026-04-02,23:26:00,,
EPSOM - SELHURST  T&RS  MD  M&EE   NSC,X24373,2320,pass,2026-04-27,23:26:00,,
SUTTON (SURREY) - BLACKFRIARS LONDON,G83455,2326,stop,2026-04-01,23:26:00,,
EPSOM - SELHURST  T&RS  MD  M&EE   NSC,X07381,2320,pass,2026-04-22,23:26:00,,
EPSOM - SELHURST  T&RS  MD  M&EE   NSC,X07381,2320,pass,2026-04-21,23:26:00,,
EPSOM - SELHURST  T&RS  MD  M&EE   NSC,X24373,2320,pass,2026-04-30,23:26:00,,
EPSOM - SELHURST  T&RS  MD  M&EE   NSC,X07381,2320,pass,2026-04-23,23:26:00,,
EPSOM - SELHURST  T&RS  MD  M&EE   NSC,X07381,2320,pass,2026-04-20,23:26:00,,
NORWOOD JUNCTION - EPSOM,P25310,2255,stop,2026-04-21,23:28:00,,
NORWOOD JUNCTION - EPSOM,X92888,2255,stop,2026-04-03,23:28:00,,
NORWOOD JUNCTION - EPSOM,P25310,2255,stop,2026-04-07,23:28:00,,
NORWOOD JUNCTION - EPSOM,P25310,2255,stop,2026-04-16,23:28:00,,
NORWOOD JUNCTION - EPSOM,P25310,2255,stop,2026-04-13,23:28:00,,
NORWOOD JUNCTION - EPSOM,P25310,2255,stop,2026-04-20,23:28:00,,
NORWOOD JUNCTION - EPSOM,P25310,2255,stop,2026-04-29,23:28:00,,
NORWOOD JUNCTION - EPSOM,P25310,2255,stop,2026-04-15,23:28:00,,
NORWOOD JUNCTION - EPSOM,P25310,2255,stop,2026-04-17,23:28:00,,
NORWOOD JUNCTION - EPSOM,P25310,2255,stop,2026-04-27,23:28:00,,
NORWOOD JUNCTION - EPSOM,P25311,2255,stop,2026-04-18,23:28:00,,
NORWOOD JUNCTION - EPSOM,P25310,2255,stop,2026-04-22,23:28:00,,
NORWOOD JUNCTION - EPSOM,P25310,2255,stop,2026-04-14,23:28:00,,
NORWOOD JUNCTION - EPSOM,P25311,2255,stop,2026-04-04,23:28:00,,
NORWOOD JUNCTION - EPSOM,P25310,2255,stop,2026-04-06,23:28:00,,
NORWOOD JUNCTION - EPSOM,X01441,2255,stop,2026-04-06,23:28:00,,
NORWOOD JUNCTION - EPSOM,P25310,2255,stop,2026-04-02,23:30:00,,
DORKING - WEST CROYDON,P46057,2307,stop,2026-04-04,23:29:00,,
DORKING - WEST CROYDON,X01000,2307,stop,2026-04-06,23:29:00,,
DORKING - WEST CROYDON,X93566,2307,stop,2026-04-03,23:29:00,,
DORKING - WEST CROYDON,P46057,2307,stop,2026-04-25,23:29:00,,
DORKING - STREATHAM HILL,P46057,2307,stop,2026-04-18,23:29:00,,
DORKING - WEST CROYDON,P46057,2307,stop,2026-04-11,23:29:00,,
NORWOOD JUNCTION - EPSOM,P25310,2255,stop,2026-04-28,23:28:00,,
NORWOOD JUNCTION - EPSOM,P25310,2255,stop,2026-04-23,23:28:00,,
NORWOOD JUNCTION - EPSOM,P25311,2255,stop,2026-04-11,23:28:00,,
NORWOOD JUNCTION - EPSOM,P25310,2255,stop,2026-04-08,23:28:00,,
NORWOOD JUNCTION - EPSOM,P25310,2255,stop,2026-04-24,23:28:00,,
NORWOOD JUNCTION - EPSOM,P25310,2255,stop,2026-04-09,23:28:00,,
NORWOOD JUNCTION - EPSOM,P25310,2255,stop,2026-04-30,23:28:00,,
NORWOOD JUNCTION - EPSOM,P25310,2255,stop,2026-04-10,23:28:00,,
NORWOOD JUNCTION - EPSOM,P25310,2255,stop,2026-04-01,23:30:00,,
EARLSFIELD - EPSOM,P61634,2302,stop,2026-04-26,23:33:00,,
EARLSFIELD - EPSOM,P61634,2302,stop,2026-04-05,23:33:00,,
EARLSFIELD - EPSOM,P61634,2302,stop,2026-04-19,23:33:00,,
EARLSFIELD - EPSOM,P61634,2302,stop,2026-04-12,23:33:00,,
EPSOM - SELHURST  T&RS  MD  M&EE   NSC,G73384,2320,pass,2026-04-21,23:36:00,,
EPSOM - SELHURST  T&RS  MD  M&EE   NSC,G73384,2320,pass,2026-04-27,23:36:00,,
EPSOM - SELHURST  T&RS  MD  M&EE   NSC,G73384,2320,pass,2026-04-30,23:36:00,,
EPSOM - SELHURST  T&RS  MD  M&EE   NSC,G73384,2320,pass,2026-04-17,23:36:00,,
SUTTON (SURREY) - BEDFORD MIDLAND (4),W59408,2335,stop,2026-04-01,23:35:00,,
SUTTON (SURREY) - BEDFORD MIDLAND (4),W59408,2335,stop,2026-04-02,23:35:00,,
EPSOM - SELHURST  T&RS  MD  M&EE   NSC,G73384,2320,pass,2026-04-13,23:36:00,,
EPSOM - SELHURST  T&RS  MD  M&EE   NSC,G73384,2320,pass,2026-04-07,23:36:00,,
EPSOM - SELHURST  T&RS  MD  M&EE   NSC,G73384,2320,pass,2026-04-28,23:36:00,,
EPSOM - SELHURST  T&RS  MD  M&EE   NSC,G73384,2320,pass,2026-04-23,23:36:00,,
EPSOM - SELHURST  T&RS  MD  M&EE   NSC,G73384,2320,pass,2026-04-24,23:36:00,,
EPSOM - SELHURST  T&RS  MD  M&EE   NSC,G73384,2320,pass,2026-04-09,23:36:00,,
EPSOM - SELHURST  T&RS  MD  M&EE   NSC,G73384,2320,pass,2026-04-10,23:36:00,,
EPSOM - EPSOM,W58281,2348,pass,2026-04-18,23:59:00,,
DORKING - WEST CROYDON,P46063,2337,stop,2026-04-04,23:59:00,,
DORKING - WEST CROYDON,X01002,2337,stop,2026-04-06,23:59:00,,
EPSOM - EPSOM,W58281,2348,pass,2026-04-11,23:59:00,,
DORKING - WEST CROYDON,P46063,2337,stop,2026-04-11,23:59:00,,
DORKING - WEST CROYDON,P46063,2337,stop,2026-04-18,23:59:00,,
EPSOM - EPSOM,X92987,2348,pass,2026-04-03,00:03:00,,
WEST CROYDON - WEST CROYDON,X07398,3,stop,2026-04-20,00:03:00,,
EFFINGHAM JUNCTION - WORCESTER PARK,Q54756,2313,stop,2026-04-12,00:02:00,,
,G83459,2358,stop,2026-04-03,23:58:00,,
,X99309,2324,stop,2026-04-05,23:24:00,,
,W58317,2323,stop,2026-04-05,23:23:00,,
,W58317,2323,stop,2026-04-12,23:23:00,,
,W58317,2323,stop,2026-04-26,23:23:00,,
,W57838,18,stop,2026-04-05,00:18:00,,
,W59249,18,stop,2026-04-18,00:18:00,,
,W59249,18,stop,2026-04-22,00:18:00,,
,W59249,18,stop,2026-04-15,00:18:00,,
,G83459,2356,stop,2026-04-01,23:56:00,,
,G83459,2355,stop,2026-04-14,23:55:00,,
,G83459,2355,stop,2026-04-21,23:55:00,,
,G83451,2355,stop,2026-04-11,23:55:00,,
,G83459,2355,stop,2026-04-27,23:55:00,,
,G83451,2355,stop,2026-04-25,23:55:00,,
,G83451,2355,stop,2026-04-04,23:55:00,,
,G83459,2355,stop,2026-04-23,23:55:00,,
,G83459,2355,stop,2026-04-06,23:55:00,,
,G83459,2355,stop,2026-04-10,23:55:00,,
,G83459,2355,stop,2026-04-15,23:55:00,,
,G83459,2355,stop,2026-04-22,23:55:00,,
,W57607,1902,stop,2026-04-08,19:02:00,,
,W57607,1902,stop,2026-04-01,19:02:00,,
,W57607,1902,stop,2026-04-17,19:02:00,,
,W57607,1902,stop,2026-04-29,19:02:00,,
,W57607,1902,stop,2026-04-15,19:02:00,,
,W58325,1903,pass,2026-04-29,19:21:00,,
,W58325,1903,pass,2026-04-14,19:21:00,,
,W58325,1903,pass,2026-04-21,19:21:00,,
,W58325,1903,pass,2026-04-17,19:21:00,,
,W58325,1903,pass,2026-04-03,19:21:00,,
,W58325,1903,pass,2026-04-08,19:21:00,,
,W58325,1903,pass,2026-04-24,19:21:00,,
,W58325,1903,pass,2026-04-09,19:21:00,,
,W58325,1903,pass,2026-04-30,19:21:00,,
,W58325,1903,pass,2026-04-13,19:21:00,,
,W58325,1903,pass,2026-04-10,19:21:00,,
,W57607,1902,stop,2026-04-13,19:02:00,,
,W57607,1902,stop,2026-04-16,19:02:00,,
,W57607,1902,stop,2026-04-27,19:02:00,,
,W57607,1902,stop,2026-04-21,19:02:00,,
,W57607,1902,stop,2026-04-10,19:02:00,,
,W57607,1902,stop,2026-04-06,19:02:00,,
,W57607,1902,stop,2026-04-03,19:02:00,,
,W57607,1902,stop,2026-04-24,19:02:00,,
,W57607,1902,stop,2026-04-30,19:02:00,,
,W57607,1902,stop,2026-04-22,19:02:00,,
,W57607,1902,stop,2026-04-28,19:02:00,,
,W57607,1902,stop,2026-04-07,19:02:00,,
,W57607,1902,stop,2026-04-23,19:02:00,,
,W57607,1902,stop,2026-04-09,19:02:00,,
,W57607,1902,stop,2026-04-20,19:02:00,,
,W57607,1902,stop,2026-04-14,19:02:00,,
,G73255,1840,stop,2026-04-27,18:40:00,,
,G73255,1840,stop,2026-04-01,18:40:00,,
,G73255,1840,stop,2026-04-08,18:40:00,,
,G73255,1840,stop,2026-04-24,18:40:00,,
,G73255,1840,stop,2026-04-23,18:40:00,,
,G73255,1840,stop,2026-04-15,18:40:00,,
,G73255,1840,stop,2026-04-07,18:40:00,,
,G73255,1840,stop,2026-04-02,18:40:00,,
,G73255,1840,stop,2026-04-21,18:40:00,,
,G73255,1840,stop,2026-04-13,18:40:00,,
,G73255,1840,stop,2026-04-22,18:40:00,,
,G73255,1840,stop,2026-04-16,18:40:00,,
,G73255,1840,stop,2026-04-28,18:40:00,,
,G73255,1840,stop,2026-04-17,18:40:00,,
,G73255,1840,stop,2026-04-29,18:40:00,,
,W57607,1902,stop,2026-04-02,19:02:00,,
,W58328,1830,stop,2026-04-24,18:30:00,,
,W58328,1830,stop,2026-04-23,18:30:00,,
,W58328,1830,stop,2026-04-28,18:30:00,,
,W58328,1830,stop,2026-04-10,18:30:00,,
,W58328,1830,stop,2026-04-01,18:30:00,,
,W58328,1830,stop,2026-04-14,18:30:00,,
,W58328,1830,stop,2026-04-02,18:30:00,,
,W58328,1830,stop,2026-04-20,18:30:00,,
,W58328,1830,stop,2026-04-13,18:30:00,,
,G73255,1840,stop,2026-04-14,18:40:00,,
,G73255,1840,stop,2026-04-09,18:40:00,,
,G73255,1840,stop,2026-04-06,18:40:00,,
,G73255,1840,stop,2026-04-03,18:40:00,,
,G73255,1840,stop,2026-04-20,18:40:00,,
,G73255,1840,stop,2026-04-30,18:40:00,,
,G73255,1840,stop,2026-04-10,18:40:00,,
,W57581,549,pass,2026-04-06,06:34:00,,
,W57581,549,pass,2026-04-20,06:34:00,,
,W57581,549,pass,2026-04-13,06:34:00,,
,W58328,1830,stop,2026-04-09,18:30:00,,
,W58328,1830,stop,2026-04-03,18:30:00,,
,W58328,1830,stop,2026-04-29,18:30:00,,
,W58328,1830,stop,2026-04-07,18:30:00,,
,W58328,1830,stop,2026-04-17,18:30:00,,
,W58328,1830,stop,2026-04-21,18:30:00,,
,W58328,1830,stop,2026-04-16,18:30:00,,
,W58328,1830,stop,2026-04-22,18:30:00,,
,W58328,1830,stop,2026-04-08,18:30:00,,
,W58328,1830,stop,2026-04-15,18:30:00,,
,W58328,1830,stop,2026-04-27,18:30:00,,
,W58328,1830,stop,2026-04-30,18:30:00,,
,W58328,1830,stop,2026-04-06,18:30:00,,
,G71305,444,pass,2026-04-09,05:24:00,,
,G71305,444,pass,2026-04-03,05:24:00,,
,G71305,444,pass,2026-04-07,05:24:00,,
,G71305,444,pass,2026-04-01,05:24:00,,
,G71305,444,pass,2026-04-20,05:24:00,,
,G71305,444,pass,2026-04-10,05:24:00,,
,G71305,444,pass,2026-04-06,05:24:00,,
,G71305,444,pass,2026-04-21,05:24:00,,
,G71305,444,pass,2026-04-13,05:28:00,,
,G72084,456,pass,2026-04-13,05:25:00,,
,G72758,547,pass,2026-04-25,06:30:00,,
,G72758,536,pass,2026-04-18,06:30:00,,
,G72758,547,pass,2026-04-11,06:30:00,,
,X96982,547,pass,2026-04-03,06:30:00,,
,G72758,547,pass,2026-04-04,06:30:00,,
,X02242,547,pass,2026-04-06,06:30:00,,
,W57841,48,stop,2026-04-26,00:48:00,,
,G83455,2347,stop,2026-04-23,23:47:00,,
,G83455,2347,stop,2026-04-22,23:47:00,,
,G71305,444,pass,2026-04-30,05:24:00,,
,G71305,427,pass,2026-04-17,05:20:00,,
,G71305,427,pass,2026-04-15,05:20:00,,
,G71305,427,pass,2026-04-16,05:20:00,,
,G71305,427,pass,2026-04-14,05:20:00,,
,X06685,113,stop,2026-04-19,01:13:00,,
,G71305,444,pass,2026-04-24,05:24:00,,
,G71305,444,pass,2026-04-22,05:24:00,,
,G71305,444,pass,2026-04-29,05:24:00,,
,G71305,444,pass,2026-04-08,05:24:00,,
,G71305,444,pass,2026-04-02,05:24:00,,
,G71305,444,pass,2026-04-28,05:24:00,,
,G71305,444,pass,2026-04-23,05:24:00,,
,G83466,48,stop,2026-04-21,00:48:00,,
,G83466,48,stop,2026-04-29,00:48:00,,
,G83466,48,stop,2026-04-18,00:48:00,,
,G83466,48,stop,2026-04-01,00:48:00,,
,G83466,48,stop,2026-04-07,00:48:00,,
,G83466,48,stop,2026-04-02,00:48:00,,
,G83466,48,stop,2026-04-28,00:48:00,,
,G83466,48,stop,2026-04-14,00:48:00,,
,G83466,48,stop,2026-04-24,00:48:00,,
,G83466,48,stop,2026-04-04,00:48:00,,
,G83455,2347,stop,2026-04-21,23:47:00,,
,G83455,2347,stop,2026-04-20,23:47:00,,
,G83466,48,stop,2026-04-25,00:48:00,,
,W57841,48,stop,2026-04-05,00:48:00,,
,W57841,48,stop,2026-04-12,00:48:00,,
,G83466,48,stop,2026-04-23,00:48:00,,
,G83458,2348,stop,2026-04-25,23:48:00,,
,G83458,2348,stop,2026-04-04,23:48:00,,
,G83458,2348,stop,2026-04-11,23:48:00,,
,G83455,2348,stop,2026-04-06,23:48:00,,
,G83458,2348,stop,2026-04-18,23:48:00,,
,W57841,48,stop,2026-04-19,00:48:00,,
,G83466,48,stop,2026-04-16,00:48:00,,
,G83466,48,stop,2026-04-10,00:48:00,,
,G83466,48,stop,2026-04-30,00:48:00,,
,G83466,48,stop,2026-04-22,00:48:00,,
,G83466,48,stop,2026-04-08,00:48:00,,
,G83466,48,stop,2026-04-03,00:48:00,,
,G83466,48,stop,2026-04-17,00:48:00,,
,G83466,48,stop,2026-04-11,00:48:00,,
,G83466,48,stop,2026-04-15,00:48:00,,
,G83466,48,stop,2026-04-09,00:48:00,,
,G71362,34,stop,2026-04-15,00:34:00,,
,G71362,34,stop,2026-04-21,00:34:00,,
,G71362,34,stop,2026-04-03,00:34:00,,
,G71362,34,stop,2026-04-29,00:34:00,,
,G71362,34,stop,2026-04-09,00:34:00,,
,G71362,34,stop,2026-04-10,00:34:00,,
,X99119,36,stop,2026-04-04,00:36:00,,
,X02760,36,stop,2026-04-07,00:36:00,,
,G72709,36,stop,2026-04-19,00:36:00,,
,G72709,36,stop,2026-04-12,00:36:00,,
,G72709,36,stop,2026-04-05,00:36:00,,
,G71362,34,stop,2026-04-30,00:34:00,,
,G71362,34,stop,2026-04-22,00:34:00,,
,G71362,34,stop,2026-04-16,00:34:00,,
,X24366,34,stop,2026-04-30,00:34:00,,
,G71362,34,stop,2026-04-08,00:34:00,,
,G71361,34,stop,2026-04-04,00:34:00,,
,G71361,34,stop,2026-04-18,00:34:00,,
,G72720,26,stop,2026-04-26,00:26:00,,
,X99127,26,stop,2026-04-04,00:26:00,,
,G72720,26,stop,2026-04-12,00:26:00,,
,G72720,26,stop,2026-04-05,00:26:00,,
,G71362,34,stop,2026-04-17,00:34:00,,
,G71362,34,stop,2026-04-01,00:34:00,,
,G71362,34,stop,2026-04-02,00:34:00,,
,X24366,34,stop,2026-04-28,00:34:00,,
,G71362,34,stop,2026-04-28,00:34:00,,
,G71362,34,stop,2026-04-24,00:34:00,,
,G71362,34,stop,2026-04-07,00:34:00,,
,G71362,34,stop,2026-04-23,00:34:00,,
,G71362,34,stop,2026-04-14,00:34:00,,
,X24366,34,stop,2026-04-29,00:34:00,,
,W58344,23,stop,2026-04-23,00:23:00,,
,W58344,23,stop,2026-04-15,00:23:00,,
,W58344,23,stop,2026-04-02,00:23:00,,
,W58344,23,stop,2026-04-03,00:23:00,,
,G72121,23,stop,2026-04-04,00:23:00,,
,W58344,23,stop,2026-04-14,00:23:00,,
,W58344,23,stop,2026-04-29,00:23:00,,
,G72121,23,stop,2026-04-11,00:23:00,,
,W58344,23,stop,2026-04-16,00:23:00,,
,X02761,26,stop,2026-04-07,00:26:00,,
,W58344,23,stop,2026-04-08,00:23:00,,
,W58344,23,stop,2026-04-21,00:23:00,,
,W58344,23,stop,2026-04-09,00:23:00,,
,W58344,23,stop,2026-04-28,00:23:00,,
,G71361,34,stop,2026-04-25,00:34:00,,
,G71361,34,stop,2026-04-11,00:34:00,,
,W59249,18,stop,2026-04-21,00:18:00,,
,W59249,18,stop,2026-04-07,00:18:00,,
,W57838,18,stop,2026-04-12,00:18:00,,
,W59249,18,stop,2026-04-30,00:18:00,,
,G83455,2354,stop,2026-04-08,23:54:00,,
,G83455,2354,stop,2026-04-09,23:54:00,,
,W58344,23,stop,2026-04-17,00:23:00,,
,G72121,23,stop,2026-04-18,00:23:00,,
,W58344,23,stop,2026-04-10,00:23:00,,
,W58344,23,stop,2026-04-22,00:23:00,,
,W58344,23,stop,2026-04-01,00:23:00,,
,W58344,23,stop,2026-04-24,00:23:00,,
,W58344,23,stop,2026-04-30,00:23:00,,
,W58344,23,stop,2026-04-07,00:23:00,,
,G72720,23,stop,2026-04-19,00:23:00,,
,G72121,23,stop,2026-04-25,00:23:00,,
,G83459,2355,stop,2026-04-28,23:55:00,,
,G83459,2355,stop,2026-04-16,23:55:00,,
,G83459,2355,stop,2026-04-24,23:55:00,,
,G83459,2355,stop,2026-04-30,23:55:00,,
,G83459,2355,stop,2026-04-17,23:55:00,,
,G83459,2355,stop,2026-04-09,23:55:00,,
,G83459,2355,stop,2026-04-07,23:55:00,,
,G83459,2355,stop,2026-04-20,23:55:00,,
,G83459,2355,stop,2026-04-29,23:55:00,,
,G83459,2355,stop,2026-04-08,23:55:00,,
,G83459,2355,stop,2026-04-13,23:55:00,,
,G83455,2354,stop,2026-04-07,23:54:00,,
,W59249,20,stop,2026-04-04,00:20:00,,
,W59249,18,stop,2026-04-14,00:18:00,,
,W59249,18,stop,2026-04-16,00:18:00,,
,W59249,18,stop,2026-04-29,00:18:00,,
,W58317,2323,stop,2026-04-19,23:23:00,,
,G83459,2356,stop,2026-04-02,23:56:00,,
,W59249,11,stop,2026-04-03,00:11:00,,
,W59249,11,stop,2026-04-01,00:11:00,,
,W59249,11,stop,2026-04-02,00:11:00,,
,W59249,18,stop,2026-04-10,00:18:00,,
,W57838,18,stop,2026-04-26,00:18:00,,
,W59249,18,stop,2026-04-25,00:18:00,,
,W59249,18,stop,2026-04-23,00:18:00,,
,W57838,18,stop,2026-04-19,00:18:00,,
,W59249,18,stop,2026-04-11,00:18:00,,
,W59249,18,stop,2026-04-08,00:18:00,,
,W59249,18,stop,2026-04-24,00:18:00,,
,W59249,18,stop,2026-04-28,00:18:00,,
,W59249,18,stop,2026-04-09,00:18:00,,
,W59249,18,stop,2026-04-17,00:18:00,,
,W58325,1903,pass,2026-04-22,19:21:00,,
,W58325,1903,pass,2026-04-01,19:21:00,,
,W58325,1903,pass,2026-04-28,19:21:00,,
,W58325,1903,pass,2026-04-02,19:21:00,,
,W58325,1903,pass,2026-04-23,19:21:00,,
,W58325,1903,pass,2026-04-27,19:21:00,,
,W58325,1903,pass,2026-04-15,19:21:00,,
,W58325,1903,pass,2026-04-16,19:21:00,,
,W58325,1903,pass,2026-04-20,19:21:00,,
,W58325,1903,pass,2026-04-06,19:21:00,,
,W58325,1903,pass,2026-04-07,19:21:00,,
,X05855,2013,stop,2026-04-18,20:13:00,,
,X05854,2043,stop,2026-04-18,20:43:00,,
,G72674,2258,stop,2026-04-12,22:58:00,,
,G72674,2258,stop,2026-04-19,22:58:00,,
,G72674,2301,stop,2026-04-05,23:01:00,,
