service_date,train_uid,stp_indicator,headcode,origin_tiploc,origin_departure,darwin_rid,matching_method,confidence,train_class,number_of_coaches,failure_reason,mileage_status
2026-03-08,L72598,P,1B15,WATRLMN,0835H,,disabled,FAILED,,,darwin_api_not_configured,
2026-03-08,L72599,P,1B19,WATRLMN,0935H,,disabled,FAILED,,,darwin_api_not_configured,
2026-03-08,L72600,P,1B23,WATRLMN,1035H,,disabled,FAILED,,,darwin_api_not_configured,
2026-03-08,L72602,P,1B27,WATRLMN,1135H,,disabled,FAILED,,,darwin_api_not_configured,
2026-03-08,L72604,P,1B31,WATRLMN,1235H,,disabled,FAILED,,,darwin_api_not_configured,
2026-03-08,L72606,P,1B35,WATRLMN,1335H,,disabled,FAILED,,,darwin_api_not_configured,
2026-03-08,L72608,P,1B39,WATRLMN,1435H,,disabled,FAILED,,,darwin_api_not_configured,
2026-03-08,L72610,P,1B43,WATRLMN,1535H,,disabled,FAILED,,,darwin_api_not_configured,
2026-03-08,L72612,P,1B47,WATRLMN,1645,,disabled,FAILED,,,darwin_api_not_configured,
2026-03-08,L72614,P,1B51,WATRLMN,1745,,disabled,FAILED,,,darwin_api_not_configured,
2026-03-08,L72615,P,1B52,POOLE,1546,,disabled,FAILED,,,darwin_api_not_configured,
2026-03-08,L72616,P,1B55,WATRLMN,1845,,disabled,FAILED,,,darwin_api_not_configured,
2026-03-08,L72617,P,1B56,POOLE,1646,,disabled,FAILED,,,darwin_api_not_configured,
2026-03-08,L72618,P,1B59,WATRLMN,1945,,disabled,FAILED,,,darwin_api_not_configured,
2026-03-08,L72619,P,1B60,POOLE,1746,,disabled,FAILED,,,darwin_api_not_configured,
2026-03-08,L72620,P,1B63,WATRLMN,2045,,disabled,FAILED,,,darwin_api_not_configured,
2026-03-08,L72621,P,1B64,POOLE,1846,,disabled,FAILED,,,darwin_api_not_configured,
2026-03-08,L72624,P,1B72,POOLE,2046,,disabled,FAILED,,,darwin_api_not_configured,
2026-03-08,L72625,P,1B76,POOLE,2146,,disabled,FAILED,,,darwin_api_not_configured,
2026-03-08,L72626,P,1T60,PHBR,1758,,disabled,FAILED,,,darwin_api_not_configured,
2026-03-08,L72629,P,1T24,PHBR,0857H,,disabled,FAILED,,,darwin_api_not_configured,
2026-03-08,L72631,P,1T28,PHBR,0955,,disabled,FAILED,,,darwin_api_not_configured,
2026-03-08,L72632,P,1T32,PHBR,1055,,disabled,FAILED,,,darwin_api_not_configured,
2026-03-08,L72633,P,1T36,PHBR,1156,,disabled,FAILED,,,darwin_api_not_configured,
2026-03-08,L72634,P,1T40,PHBR,1255,,disabled,FAILED,,,darwin_api_not_configured,
2026-03-08,L72635,P,1T44,PHBR,1355,,disabled,FAILED,,,darwin_api_not_configured,
2026-03-08,L72636,P,1T48,PHBR,1455,,disabled,FAILED,,,darwin_api_not_configured,
2026-03-08,L72637,P,1T52,PHBR,1558,,disabled,FAILED,,,darwin_api_not_configured,
2026-03-08,L72638,P,1T56,PHBR,1658,,disabled,FAILED,,,darwin_api_not_configured,
2026-03-08,L72639,P,1T64,PHBR,1858,,disabled,FAILED,,,darwin_api_not_configured,
2026-03-08,L72640,P,1T68,PHBR,1958,,disabled,FAILED,,,darwin_api_not_configured,
2026-03-08,L72803,P,1B20,SOTON,0755,,disabled,FAILED,,,darwin_api_not_configured,
2026-03-08,L72807,P,1B26,POOLE,0919,,disabled,FAILED,,,darwin_api_not_configured,
2026-03-08,L72828,P,1B75,WATRLMN,2345,,disabled,FAILED,,,darwin_api_not_configured,
2026-03-08,L72833,P,1B81,WATRLMN,0047H,,disabled,FAILED,,,darwin_api_not_configured,
2026-03-08,L73606,P,1T47,WATRLMN,1632,,disabled,FAILED,,,darwin_api_not_configured,
2026-03-08,L73611,P,1T51,WATRLMN,1732,,disabled,FAILED,,,darwin_api_not_configured,
2026-03-08,L73616,P,1T55,WATRLMN,1832,,disabled,FAILED,,,darwin_api_not_configured,
2026-03-08,L73621,P,1T59,WATRLMN,1932,,disabled,FAILED,,,darwin_api_not_configured,
2026-03-08,L73626,P,1T63,WATRLMN,2032,,disabled,FAILED,,,darwin_api_not_configured,
2026-03-08,L73631,P,1T67,WATRLMN,2132,,disabled,FAILED,,,darwin_api_not_configured,
2026-03-08,L73637,P,1T71,WATRLMN,2232,,disabled,FAILED,,,darwin_api_not_configured,
2026-03-08,L73640,P,1T75,WATRLMN,2332,,disabled,FAILED,,,darwin_api_not_configured,
2026-03-08,L75512,P,2L13,WOKING,0759,,disabled,FAILED,,,darwin_api_not_configured,
2026-03-08,L75522,P,2L20,BSNGSTK,0738,,disabled,FAILED,,,darwin_api_not_configured,
2026-03-08,L75525,P,2L21,WATRLMN,0959,,disabled,FAILED,,,darwin_api_not_configured,
2026-03-08,L75531,P,2L24,BSNGSTK,0838,,disabled,FAILED,,,darwin_api_not_configured,
2026-03-08,L75534,P,2L25,WATRLMN,1059,,disabled,FAILED,,,darwin_api_not_configured,
2026-03-08,L75541,P,2L28,BSNGSTK,0938,,disabled,FAILED,,,darwin_api_not_configured,
2026-03-08,L75544,P,2L29,WATRLMN,1159,,disabled,FAILED,,,darwin_api_not_configured,
2026-03-08,L75551,P,2L32,BSNGSTK,1038,,disabled,FAILED,,,darwin_api_not_configured,
2026-03-08,L75554,P,2L33,WATRLMN,1259,,disabled,FAILED,,,darwin_api_not_configured,
2026-03-08,L75561,P,2L36,BSNGSTK,1138,,disabled,FAILED,,,darwin_api_not_configured,
2026-03-08,L75564,P,2L37,WATRLMN,1359,,disabled,FAILED,,,darwin_api_not_configured,
2026-03-08,L75571,P,2L40,BSNGSTK,1238,,disabled,FAILED,,,darwin_api_not_configured,
2026-03-08,L75574,P,2L41,WATRLMN,1459,,disabled,FAILED,,,darwin_api_not_configured,
2026-03-08,L75581,P,2L44,BSNGSTK,1338,,disabled,FAILED,,,darwin_api_not_configured,
2026-03-08,L75583,P,2L45,WATRLMN,1559,,disabled,FAILED,,,darwin_api_not_configured,
2026-03-08,L75586,P,2L46,BSNGSTK,1408,,disabled,FAILED,,,darwin_api_not_configured,
2026-03-08,L75589,P,2L47,WATRLMN,1636,,disabled,FAILED,,,darwin_api_not_configured,
2026-03-08,L75592,P,2L48,BSNGSTK,1438,,disabled,FAILED,,,darwin_api_not_configured,
2026-03-08,L75594,P,2L49,WATRLMN,1659,,disabled,FAILED,,,darwin_api_not_configured,
2026-03-08,L75597,P,2L50,BSNGSTK,1508,,disabled,FAILED,,,darwin_api_not_configured,
2026-03-08,L75600,P,2L51,WATRLMN,1736,,disabled,FAILED,,,darwin_api_not_configured,
2026-03-08,L75603,P,2L52,BSNGSTK,1538,,disabled,FAILED,,,darwin_api_not_configured,
2026-03-08,L75605,P,2L53,WATRLMN,1759,,disabled,FAILED,,,darwin_api_not_configured,
2026-03-08,L75608,P,2L54,BSNGSTK,1608,,disabled,FAILED,,,darwin_api_not_configured,
2026-03-08,L75611,P,2L55,WATRLMN,1836,,disabled,FAILED,,,darwin_api_not_configured,
2026-03-08,L75614,P,2L56,BSNGSTK,1638,,disabled,FAILED,,,darwin_api_not_configured,
2026-03-08,L75616,P,2L57,WATRLMN,1859,,disabled,FAILED,,,darwin_api_not_configured,
2026-03-08,L75619,P,2L58,BSNGSTK,1708,,disabled,FAILED,,,darwin_api_not_configured,
2026-03-08,L75621,P,2L59,WATRLMN,1936,,disabled,FAILED,,,darwin_api_not_configured,
2026-03-08,L75624,P,2L60,BSNGSTK,1738,,disabled,FAILED,,,darwin_api_not_configured,
2026-03-08,L75626,P,2L61,WATRLMN,1959,,disabled,FAILED,,,darwin_api_not_configured,
2026-03-08,L75629,P,2L62,BSNGSTK,1808,,disabled,FAILED,,,darwin_api_not_configured,
2026-03-08,L75631,P,2L63,WATRLMN,2036,,disabled,FAILED,,,darwin_api_not_configured,
2026-03-08,L75634,P,2L64,BSNGSTK,1838,,disabled,FAILED,,,darwin_api_not_configured,
2026-03-08,L75636,P,2L65,WATRLMN,2059,,disabled,FAILED,,,darwin_api_not_configured,
2026-03-08,L75639,P,2L66,BSNGSTK,1908,,disabled,FAILED,,,darwin_api_not_configured,
2026-03-08,L75642,P,2L67,WATRLMN,2136,,disabled,FAILED,,,darwin_api_not_configured,
2026-03-08,L75645,P,2L68,BSNGSTK,1938,,disabled,FAILED,,,darwin_api_not_configured,
2026-03-08,L75647,P,2L69,WATRLMN,2159,,disabled,FAILED,,,darwin_api_not_configured,
2026-03-08,L75655,P,2L72,BSNGSTK,2038,,disabled,FAILED,,,darwin_api_not_configured,
2026-03-08,L75657,P,2L73,WATRLMN,2259,,disabled,FAILED,,,darwin_api_not_configured,
2026-03-08,L75659,P,2L74,BSNGSTK,2108,,disabled,FAILED,,,darwin_api_not_configured,
2026-03-08,L75662,P,2L75,WATRLMN,2336,,disabled,FAILED,,,darwin_api_not_configured,
2026-03-08,L75663,P,2L76,BSNGSTK,2138,,disabled,FAILED,,,darwin_api_not_configured,
2026-03-08,L75666,P,2L77,WATRLMN,2359,,disabled,FAILED,,,darwin_api_not_configured,
2026-03-08,L75674,P,2L81,WATRLMN,0107,,disabled,FAILED,,,darwin_api_not_configured,
2026-03-08,L75678,P,2L84,BSNGSTK,2338,,disabled,FAILED,,,darwin_api_not_configured,
2026-03-08,L78440,P,5Y90,NTHMDEP,1829H,,disabled,FAILED,,,darwin_api_not_configured,
2026-03-08,P02589,P,5L93,WATRLMN,2340H,,disabled,FAILED,,,darwin_api_not_configured,
2026-03-08,P02590,P,5M12,BSNGSUR,0725,,disabled,FAILED,,,darwin_api_not_configured,
2026-03-08,P60980,P,1B01,WATRLMN,0159,,disabled,FAILED,,,darwin_api_not_configured,
2026-03-08,P60984,P,1B67,WATRLMN,2145,,disabled,FAILED,,,darwin_api_not_configured,
2026-03-08,P60986,P,1B68,POOLE,1946,,disabled,FAILED,,,darwin_api_not_configured,
2026-03-08,P60988,P,1B71,WATRLMN,2245,,disabled,FAILED,,,darwin_api_not_configured,
2026-03-08,P61137,P,1L17,WATRLMN,0854,,disabled,FAILED,,,darwin_api_not_configured,
2026-03-08,P61141,P,1L18,SLSBRY,0731H,,disabled,FAILED,,,darwin_api_not_configured,
2026-03-08,P61146,P,1L20,SLSBRY,0821,,disabled,FAILED,,,darwin_api_not_configured,
2026-03-08,P61148,P,1L21,WATRLMN,0954,,disabled,FAILED,,,darwin_api_not_configured,
2026-03-08,P61156,P,1L24,YOVILJN,0915H,,disabled,FAILED,,,darwin_api_not_configured,
2026-03-08,P61158,P,1L25,WATRLMN,1054,,disabled,FAILED,,,darwin_api_not_configured,
2026-03-08,P61167,P,1L28,YOVILJN,1015H,,disabled,FAILED,,,darwin_api_not_configured,
2026-03-08,P61169,P,1L29,WATRLMN,1154,,disabled,FAILED,,,darwin_api_not_configured,
2026-03-08,P61178,P,1L32,EXETRSD,1115H,,disabled,FAILED,,,darwin_api_not_configured,
2026-03-08,P61181,P,1L33,WATRLMN,1254,,disabled,FAILED,,,darwin_api_not_configured,
2026-03-08,P61189,P,1L36,EXETRSD,1216,,disabled,FAILED,,,darwin_api_not_configured,
2026-03-08,P61193,P,1L37,WATRLMN,1353,,disabled,FAILED,,,darwin_api_not_configured,
2026-03-08,P61201,P,1L40,EXETRSD,1315H,,disabled,FAILED,,,darwin_api_not_configured,
2026-03-08,P61204,P,1L41,WATRLMN,1454,,disabled,FAILED,,,darwin_api_not_configured,
2026-03-08,P61212,P,1L44,EXETRSD,1415H,,disabled,FAILED,,,darwin_api_not_configured,
2026-03-08,P61215,P,1L45,WATRLMN,1554,,disabled,FAILED,,,darwin_api_not_configured,
2026-03-08,P61223,P,1L48,EXETRSD,1515H,,disabled,FAILED,,,darwin_api_not_configured,
2026-03-08,P61226,P,1L49,WATRLMN,1654,,disabled,FAILED,,,darwin_api_not_configured,
2026-03-08,P61234,P,1L52,EXETRSD,1615H,,disabled,FAILED,,,darwin_api_not_configured,
2026-03-08,P61237,P,1L53,WATRLMN,1754,,disabled,FAILED,,,darwin_api_not_configured,
2026-03-08,P61241,P,1L55,WATRLMN,1821,,disabled,FAILED,,,darwin_api_not_configured,
2026-03-08,P61244,P,1L56,EXETRSD,1715H,,disabled,FAILED,,,darwin_api_not_configured,
2026-03-08,P61247,P,1L57,WATRLMN,1854,,disabled,FAILED,,,darwin_api_not_configured,
2026-03-08,P61250,P,1L58,YOVILPM,1739,,disabled,FAILED,,,darwin_api_not_configured,
2026-03-08,P61253,P,1L59,WATRLMN,1921,,disabled,FAILED,,,darwin_api_not_configured,
2026-03-08,P61256,P,1L60,EXETRSD,1815H,,disabled,FAILED,,,darwin_api_not_configured,
2026-03-08,P61259,P,1L61,WATRLMN,1954,,disabled,FAILED,,,darwin_api_not_configured,
2026-03-08,P61262,P,1L62,GLHM,1839,,disabled,FAILED,,,darwin_api_not_configured,
2026-03-08,P61265,P,1L63,WATRLMN,2021,,disabled,FAILED,,,darwin_api_not_configured,
2026-03-08,P61268,P,1L64,EXETRSD,1915H,,disabled,FAILED,,,darwin_api_not_configured,
2026-03-08,P61270,P,1L65,WATRLMN,2054,,disabled,FAILED,,,darwin_api_not_configured,
2026-03-08,P61274,P,1L66,SLSBRY,1939,,disabled,FAILED,,,darwin_api_not_configured,
2026-03-08,P61277,P,1L67,WATRLMN,2122,,disabled,FAILED,,,darwin_api_not_configured,
2026-03-08,P61280,P,1L68,EXETRSD,2015H,,disabled,FAILED,,,darwin_api_not_configured,
2026-03-08,P61283,P,1L69,WATRLMN,2154,,disabled,FAILED,,,darwin_api_not_configured,
2026-03-08,P61286,P,1L72,EXETRSD,2115H,,disabled,FAILED,,,darwin_api_not_configured,
2026-03-08,P61289,P,1L73,WATRLMN,2254,,disabled,FAILED,,,darwin_api_not_configured,
2026-03-08,P61296,P,1L76,EXETRSD,2215H,,disabled,FAILED,,,darwin_api_not_configured,
2026-03-08,P61300,P,1L79,WATRLMN,0019,,disabled,FAILED,,,darwin_api_not_configured,
2026-03-08,P61304,P,1L80,EXETRSD,2321,,disabled,FAILED,,,darwin_api_not_configured,
2026-03-08,P61375,P,1T72,PHBR,2058,,disabled,FAILED,,,darwin_api_not_configured,
2026-03-08,P61377,P,1T76,PHBR,2158,,disabled,FAILED,,,darwin_api_not_configured,
2026-03-08,P61378,P,1T80,PHBR,2258,,disabled,FAILED,,,darwin_api_not_configured,
2026-03-08,P61400,P,1W19,WATRLMN,0915H,,disabled,FAILED,,,darwin_api_not_configured,
2026-03-08,P61409,P,1W23,WATRLMN,1015H,,disabled,FAILED,,,darwin_api_not_configured,
2026-03-08,P61418,P,1W27,WATRLMN,1115,,disabled,FAILED,,,darwin_api_not_configured,
2026-03-08,P61421,P,1W28,WEYMTH,1011,,disabled,FAILED,,,darwin_api_not_configured,
2026-03-08,P61429,P,1W31,WATRLMN,1215,,disabled,FAILED,,,darwin_api_not_configured,
2026-03-08,P61432,P,1W32,WEYMTH,1111,,disabled,FAILED,,,darwin_api_not_configured,
2026-03-08,P61437,P,1W35,WATRLMN,1315,,disabled,FAILED,,,darwin_api_not_configured,
2026-03-08,P61439,P,1W36,WEYMTH,1211H,,disabled,FAILED,,,darwin_api_not_configured,
2026-03-08,P61443,P,1W39,WATRLMN,1415,,disabled,FAILED,,,darwin_api_not_configured,
2026-03-08,P61444,P,1W40,WEYMTH,1311,,disabled,FAILED,,,darwin_api_not_configured,
2026-03-08,P61445,P,1W43,WATRLMN,1515,,disabled,FAILED,,,darwin_api_not_configured,
2026-03-08,P61446,P,1W44,WEYMTH,1411,,disabled,FAILED,,,darwin_api_not_configured,
2026-03-08,P61447,P,1W47,WATRLMN,1615,,disabled,FAILED,,,darwin_api_not_configured,
2026-03-08,P61449,P,1W48,WEYMTH,1511,,disabled,FAILED,,,darwin_api_not_configured,
2026-03-08,P61451,P,1W51,WATRLMN,1715H,,disabled,FAILED,,,darwin_api_not_configured,
2026-03-08,P61454,P,1W52,WEYMTH,1611,,disabled,FAILED,,,darwin_api_not_configured,
2026-03-08,P61457,P,1W55,WATRLMN,1815H,,disabled,FAILED,,,darwin_api_not_configured,
2026-03-08,P61460,P,1W56,WEYMTH,1711,,disabled,FAILED,,,darwin_api_not_configured,
2026-03-08,P61464,P,1W59,WATRLMN,1915H,,disabled,FAILED,,,darwin_api_not_configured,
2026-03-08,P61467,P,1W60,WEYMTH,1811,,disabled,FAILED,,,darwin_api_not_configured,
2026-03-08,P61471,P,1W63,WATRLMN,2015H,,disabled,FAILED,,,darwin_api_not_configured,
2026-03-08,P61474,P,1W64,WEYMTH,1911,,disabled,FAILED,,,darwin_api_not_configured,
2026-03-08,P61479,P,1W67,WATRLMN,2115H,,disabled,FAILED,,,darwin_api_not_configured,
2026-03-08,P61482,P,1W68,WEYMTH,2011,,disabled,FAILED,,,darwin_api_not_configured,
2026-03-08,P61487,P,1W71,WATRLMN,2215H,,disabled,FAILED,,,darwin_api_not_configured,
2026-03-08,P61490,P,1W72,WEYMTH,2111,,disabled,FAILED,,,darwin_api_not_configured,
2026-03-08,P61494,P,1W76,WEYMTH,2246,,disabled,FAILED,,,darwin_api_not_configured,
2026-03-08,P61500,P,1W80,WEYMTH,2355,,disabled,FAILED,,,darwin_api_not_configured,
2026-03-08,P61975,P,2L17,WATRLMN,0859,,disabled,FAILED,,,darwin_api_not_configured,
2026-03-08,P62006,P,2L70,BSNGSTK,2008,,disabled,FAILED,,,darwin_api_not_configured,
2026-03-08,P62008,P,2L71,WATRLMN,2236,,disabled,FAILED,,,darwin_api_not_configured,
2026-03-08,P62014,P,2L78,BSNGSTK,2208,,disabled,FAILED,,,darwin_api_not_configured,
2026-03-08,P62017,P,2L80,BSNGSTK,2238,,disabled,FAILED,,,darwin_api_not_configured,
2026-03-09,L72799,P,1B14,POOLE,0647,,disabled,FAILED,,,darwin_api_not_configured,
2026-03-09,L72802,P,1B18,POOLE,0746,,disabled,FAILED,,,darwin_api_not_configured,
2026-03-09,L72804,O,1B22,POOLE,0846H,,disabled,FAILED,,,darwin_api_not_configured,
2026-03-09,L72824,P,1B73,WATRLMN,2237H,,disabled,FAILED,,,darwin_api_not_configured,
2026-03-09,L72832,P,1B81,WATRLMN,0049H,,disabled,FAILED,,,darwin_api_not_configured,
2026-03-09,L72834,P,1B87,WATRLMN,0737H,,disabled,FAILED,,,darwin_api_not_configured,
2026-03-09,L73569,P,1T18,PHBR,0727,,disabled,FAILED,,,darwin_api_not_configured,
2026-03-09,L73578,P,1T25,WATRLMN,1044,,disabled,FAILED,,,darwin_api_not_configured,
2026-03-09,L73580,P,1T26,PHBR,0932,,disabled,FAILED,,,darwin_api_not_configured,
2026-03-09,L73582,P,1T29,WATRLMN,1144,,disabled,FAILED,,,darwin_api_not_configured,
2026-03-09,L73584,P,1T30,PHBR,1030,,disabled,FAILED,,,darwin_api_not_configured,
2026-03-09,L73587,P,1T33,WATRLMN,1244,,disabled,FAILED,,,darwin_api_not_configured,
2026-03-09,L73589,P,1T34,PHBR,1128,,disabled,FAILED,,,darwin_api_not_configured,
2026-03-09,L73592,P,1T37,WATRLMN,1344,,disabled,FAILED,,,darwin_api_not_configured,
2026-03-09,L73607,P,1T49,WATRLMN,1644,,disabled,FAILED,,,darwin_api_not_configured,
2026-03-09,L73612,P,1T53,WATRLMN,1744,,disabled,FAILED,,,darwin_api_not_configured,
2026-03-09,L73622,P,1T61,WATRLMN,1944,,disabled,FAILED,,,darwin_api_not_configured,
2026-03-09,L73632,P,1T69,WATRLMN,2144,,disabled,FAILED,,,darwin_api_not_configured,
2026-03-09,L73638,P,1T73,WATRLMN,2245,,disabled,FAILED,,,darwin_api_not_configured,
2026-03-09,L73756,P,1W59,WATRLMN,0936H,,disabled,FAILED,,,darwin_api_not_configured,
2026-03-09,L73762,P,1W61,WATRLMN,1036H,,disabled,FAILED,,,darwin_api_not_configured,
2026-03-09,L73792,P,1W73,WATRLMN,1636H,,disabled,FAILED,,,darwin_api_not_configured,
2026-03-09,L73797,P,1W75,WATRLMN,1734H,,disabled,FAILED,,,darwin_api_not_configured,
2026-03-09,L73808,P,1W81,WATRLMN,2008,,disabled,FAILED,,,darwin_api_not_configured,
2026-03-09,L73819,P,1W91,WATRLMN,0608H,,disabled,FAILED,,,darwin_api_not_configured,
2026-03-09,L73886,P,2B12,SOTON,0556,,disabled,FAILED,,,darwin_api_not_configured,
2026-03-09,L73938,P,2B49,WATRLMN,1705,,disabled,FAILED,,,darwin_api_not_configured,
2026-03-09,L73943,P,2B53,WATRLMN,1758,,disabled,FAILED,,,darwin_api_not_configured,
2026-03-09,L75508,P,2L10,BSNGSTK,0516,,disabled,FAILED,,,darwin_api_not_configured,
2026-03-09,L75510,P,2L11,WATRLMN,2002,,disabled,FAILED,,,darwin_api_not_configured,
2026-03-09,L75513,P,2L14,BSNGSTK,0612,,disabled,FAILED,,,darwin_api_not_configured,
2026-03-09,L75519,P,2L19,WATRLMN,0933,,disabled,FAILED,,,darwin_api_not_configured,
2026-03-09,L75532,P,2L25,WATRLMN,1103,,disabled,FAILED,,,darwin_api_not_configured,
2026-03-09,L75539,P,2L28,BSNGSTK,0946,,disabled,FAILED,,,darwin_api_not_configured,
2026-03-09,L75549,P,2L32,BSNGSTK,1046,,disabled,FAILED,,,darwin_api_not_configured,
2026-03-09,L75552,P,2L33,WATRLMN,1303,,disabled,FAILED,,,darwin_api_not_configured,
2026-03-09,L75557,P,2L35,WATRLMN,1333,,disabled,FAILED,,,darwin_api_not_configured,
2026-03-09,L75562,P,2L37,WATRLMN,1403,,disabled,FAILED,,,darwin_api_not_configured,
2026-03-09,L75577,P,2L43,WATRLMN,1533,,disabled,FAILED,,,darwin_api_not_configured,
2026-03-09,L75587,P,2L47,WATRLMN,1633,,disabled,FAILED,,,darwin_api_not_configured,
2026-03-09,L75601,P,2L52,BSNGSTK,1546,,disabled,FAILED,,,darwin_api_not_configured,
2026-03-09,L75609,P,2L55,WATRLMN,1828,,disabled,FAILED,,,darwin_api_not_configured,
2026-03-09,L75612,P,2L56,BSNGSTK,1646,,disabled,FAILED,,,darwin_api_not_configured,
2026-03-09,L75622,P,2L60,BSNGSTK,1746,,disabled,FAILED,,,darwin_api_not_configured,
2026-03-09,L75650,P,2L71,WATRLMN,2233,,disabled,FAILED,,,darwin_api_not_configured,
2026-03-09,L75679,P,2L88,BSNGSTK,0701,,disabled,FAILED,,,darwin_api_not_configured,
2026-03-09,L76587,P,2T09,WOKING,0634,,disabled,FAILED,,,darwin_api_not_configured,
2026-03-09,L76589,P,2T13,WATRLMN,0734,,disabled,FAILED,,,darwin_api_not_configured,
2026-03-09,L76893,P,3L26,WATRLMN,0828,,disabled,FAILED,,,darwin_api_not_configured,
2026-03-09,L77005,P,5B39,WDONPDS,0959,,disabled,FAILED,,,darwin_api_not_configured,
2026-03-09,L77106,O,5B81,WATRLMN,0859H,,disabled,FAILED,,,darwin_api_not_configured,
2026-03-09,L77109,O,5B83,WATRLMN,0927,,disabled,FAILED,,,darwin_api_not_configured,
2026-03-09,L77124,O,5B97,CLPHMYS,1116,,disabled,FAILED,,,darwin_api_not_configured,
2026-03-09,L78033,P,5Q75,CLPHMYS,1127,,disabled,FAILED,,,darwin_api_not_configured,
2026-03-09,L78035,P,5Q77,WATRLMN,1417H,,disabled,FAILED,,,darwin_api_not_configured,
2026-03-09,L78315,P,5X95,WDONPDS,1300,,disabled,FAILED,,,darwin_api_not_configured,
2026-03-09,L78377,P,5Y51,BOMOCSD,1633,,disabled,FAILED,,,darwin_api_not_configured,
2026-03-09,L78443,P,5Y96,NTHMDEP,1255,,disabled,FAILED,,,darwin_api_not_configured,
2026-03-09,P60981,P,1B24,POOLE,0914,,disabled,FAILED,,,darwin_api_not_configured,
2026-03-09,P60982,O,1B26,POOLE,0947H,,disabled,FAILED,,,darwin_api_not_configured,
2026-03-09,P60983,P,1B65,WATRLMN,2036H,,disabled,FAILED,,,darwin_api_not_configured,
2026-03-09,P60987,O,1B69,WATRLMN,2136H,,disabled,FAILED,,,darwin_api_not_configured,
2026-03-09,P60989,P,1B75,WATRLMN,2307H,,disabled,FAILED,,,darwin_api_not_configured,
2026-03-09,P60991,P,1B77,WATRLMN,2340,,disabled,FAILED,,,darwin_api_not_configured,
2026-03-09,P60993,P,1B90,POOLE,0716,,disabled,FAILED,,,darwin_api_not_configured,
2026-03-09,P60994,P,1B94,BOMO,0814H,,disabled,FAILED,,,darwin_api_not_configured,
2026-03-09,P61124,P,1L11,WATRLMN,0710,,disabled,FAILED,,,darwin_api_not_configured,
2026-03-09,P61126,P,1L12,SLSBRY,0605,,disabled,FAILED,,,darwin_api_not_configured,
2026-03-09,P61128,P,1L13,WATRLMN,0743H,,disabled,FAILED,,,darwin_api_not_configured,
2026-03-09,P61131,P,1L14,SLSBRY,0638H,,disabled,FAILED,,,darwin_api_not_configured,
2026-03-09,P61134,P,1L16,YOVILJN,0702,,disabled,FAILED,,,darwin_api_not_configured,
2026-03-09,P61138,P,1L17,WATRLMN,0854,,disabled,FAILED,,,darwin_api_not_configured,
2026-03-09,P61139,P,1L18,YOVILPM,0740H,,disabled,FAILED,,,darwin_api_not_configured,
2026-03-09,P61142,P,1L19,WATRLMN,0924,,disabled,FAILED,,,darwin_api_not_configured,
2026-03-09,P61144,P,1L20,EXETRSD,0810H,,disabled,FAILED,,,darwin_api_not_configured,
2026-03-09,P61149,P,1L21,WATRLMN,0954,,disabled,FAILED,,,darwin_api_not_configured,
2026-03-09,P61150,O,1L22,HONITON,0840,,disabled,FAILED,,,darwin_api_not_configured,
2026-03-09,P61154,P,1L24,YOVILPM,0910H,,disabled,FAILED,,,darwin_api_not_configured,
2026-03-09,P61159,P,1L25,WATRLMN,1054,,disabled,FAILED,,,darwin_api_not_configured,
2026-03-09,P61160,O,1L26,EXETRSD,0941,,disabled,FAILED,,,darwin_api_not_configured,
2026-03-09,P61162,P,1L27,WATRLMN,1123H,,disabled,FAILED,,,darwin_api_not_configured,
2026-03-09,P61165,O,1L28,EXETRSD,1008H,,disabled,FAILED,,,darwin_api_not_configured,
2026-03-09,P61170,P,1L29,WATRLMN,1154,,disabled,FAILED,,,darwin_api_not_configured,
2026-03-09,P61171,P,1L30,GLHM,1041,,disabled,FAILED,,,darwin_api_not_configured,
2026-03-09,P61173,P,1L31,WATRLMN,1224,,disabled,FAILED,,,darwin_api_not_configured,
2026-03-09,P61176,P,1L32,EXETRSD,1108,,disabled,FAILED,,,darwin_api_not_configured,
2026-03-09,P61179,P,1L33,WATRLMN,1255,,disabled,FAILED,,,darwin_api_not_configured,
2026-03-09,P61182,P,1L34,SLSBRY,1141,,disabled,FAILED,,,darwin_api_not_configured,
2026-03-09,P61184,P,1L35,WATRLMN,1323H,,disabled,FAILED,,,darwin_api_not_configured,
2026-03-09,P61187,P,1L36,EXETRSD,1208,,disabled,FAILED,,,darwin_api_not_configured,
2026-03-09,P61191,P,1L37,WATRLMN,1354,,disabled,FAILED,,,darwin_api_not_configured,
2026-03-09,P61194,P,1L38,SLSBRY,1241,,disabled,FAILED,,,darwin_api_not_configured,
2026-03-09,P61196,P,1L39,WATRLMN,1424H,,disabled,FAILED,,,darwin_api_not_configured,
2026-03-09,P61199,P,1L40,EXETRSD,1308,,disabled,FAILED,,,darwin_api_not_configured,
2026-03-09,P61202,P,1L41,WATRLMN,1454,,disabled,FAILED,,,darwin_api_not_configured,
2026-03-09,P61205,P,1L42,SLSBRY,1341H,,disabled,FAILED,,,darwin_api_not_configured,
2026-03-09,P61207,P,1L43,WATRLMN,1523H,,disabled,FAILED,,,darwin_api_not_configured,
2026-03-09,P61210,P,1L44,EXETRSD,1408,,disabled,FAILED,,,darwin_api_not_configured,
2026-03-09,P61213,P,1L45,WATRLMN,1554,,disabled,FAILED,,,darwin_api_not_configured,
2026-03-09,P61216,P,1L46,SLSBRY,1440H,,disabled,FAILED,,,darwin_api_not_configured,
2026-03-09,P61218,P,1L47,WATRLMN,1623H,,disabled,FAILED,,,darwin_api_not_configured,
2026-03-09,P61221,P,1L48,EXETRSD,1508,,disabled,FAILED,,,darwin_api_not_configured,
2026-03-09,P61224,P,1L49,WATRLMN,1654,,disabled,FAILED,,,darwin_api_not_configured,
2026-03-09,P61227,P,1L50,SLSBRY,1541,,disabled,FAILED,,,darwin_api_not_configured,
2026-03-09,P61231,P,1L51,WATRLMN,1722,,disabled,FAILED,,,darwin_api_not_configured,
2026-03-09,P61232,P,1L52,EXETRSD,1608,,disabled,FAILED,,,darwin_api_not_configured,
2026-03-09,P61235,P,1L53,WATRLMN,1753H,,disabled,FAILED,,,darwin_api_not_configured,
2026-03-09,P61238,P,1L54,SLSBRY,1641,,disabled,FAILED,,,darwin_api_not_configured,
2026-03-09,P61240,P,1L55,WATRLMN,1823H,,disabled,FAILED,,,darwin_api_not_configured,
2026-03-09,P61242,P,1L56,EXETRSD,1708,,disabled,FAILED,,,darwin_api_not_configured,
2026-03-09,P61245,P,1L57,WATRLMN,1853,,disabled,FAILED,,,darwin_api_not_configured,
2026-03-09,P61248,P,1L58,GLHM,1741H,,disabled,FAILED,,,darwin_api_not_configured,
2026-03-09,P61251,P,1L59,WATRLMN,1919H,,disabled,FAILED,,,darwin_api_not_configured,
2026-03-09,P61254,P,1L60,EXETRSD,1808,,disabled,FAILED,,,darwin_api_not_configured,
2026-03-09,P61257,P,1L61,WATRLMN,1954H,,disabled,FAILED,,,darwin_api_not_configured,
2026-03-09,P61260,P,1L62,SLSBRY,1841,,disabled,FAILED,,,darwin_api_not_configured,
2026-03-09,P61263,P,1L63,WATRLMN,2021,,disabled,FAILED,,,darwin_api_not_configured,
2026-03-09,P61266,P,1L64,EXETRSD,1912H,,disabled,FAILED,,,darwin_api_not_configured,
2026-03-09,P61271,P,1L65,WATRLMN,2054,,disabled,FAILED,,,darwin_api_not_configured,
2026-03-09,P61278,P,1L68,EXETRSD,2022,,disabled,FAILED,,,darwin_api_not_configured,
2026-03-09,P61281,P,1L69,WATRLMN,2154,,disabled,FAILED,,,darwin_api_not_configured,
2026-03-09,P61284,P,1L72,EXETRSD,2123,,disabled,FAILED,,,darwin_api_not_configured,
2026-03-09,P61287,P,1L73,WATRLMN,2254,,disabled,FAILED,,,darwin_api_not_configured,
2026-03-09,P61290,P,1L74,SLSBRY,2140,,disabled,FAILED,,,darwin_api_not_configured,
2026-03-09,P61292,P,1L75,WATRLMN,2325H,,disabled,FAILED,,,darwin_api_not_configured,
2026-03-09,P61294,P,1L76,EXETRSD,2220,,disabled,FAILED,,,darwin_api_not_configured,
2026-03-09,P61297,P,1L79,WATRLMN,0016,,disabled,FAILED,,,darwin_api_not_configured,
2026-03-09,P61355,P,1T17,WATRLMN,0844,,disabled,FAILED,,,darwin_api_not_configured,
2026-03-09,P61356,P,1T20,PHBR,0759,,disabled,FAILED,,,darwin_api_not_configured,
2026-03-09,P61357,P,1T21,WATRLMN,0944,,disabled,FAILED,,,darwin_api_not_configured,
2026-03-09,P61358,P,1T22,PHBR,0831,,disabled,FAILED,,,darwin_api_not_configured,
2026-03-09,P61359,P,1T38,PHBR,1229,,disabled,FAILED,,,darwin_api_not_configured,
2026-03-09,P61360,P,1T41,WATRLMN,1444,,disabled,FAILED,,,darwin_api_not_configured,
2026-03-09,P61361,P,1T42,PHBR,1333,,disabled,FAILED,,,darwin_api_not_configured,
2026-03-09,P61362,P,1T45,WATRLMN,1544,,disabled,FAILED,,,darwin_api_not_configured,
2026-03-09,P61363,O,1T46,PHBR,1430,,disabled,FAILED,,,darwin_api_not_configured,
2026-03-09,P61364,O,1T50,PHBR,1529,,disabled,FAILED,,,darwin_api_not_configured,
2026-03-09,P61365,P,1T54,PHBR,1629,,disabled,FAILED,,,darwin_api_not_configured,
2026-03-09,P61366,P,1T57,WATRLMN,1845,,disabled,FAILED,,,darwin_api_not_configured,
2026-03-09,P61367,P,1T58,PHBR,1729,,disabled,FAILED,,,darwin_api_not_configured,
2026-03-09,P61368,P,1T62,PHBR,1829,,disabled,FAILED,,,darwin_api_not_configured,
2026-03-09,P61369,P,1T65,WATRLMN,2044,,disabled,FAILED,,,darwin_api_not_configured,
2026-03-09,P61370,P,1T66,PHBR,1929,,disabled,FAILED,,,darwin_api_not_configured,
2026-03-09,P61373,O,1T70,PHBR,2028,,disabled,FAILED,,,darwin_api_not_configured,
2026-03-09,P61379,P,1V15,WATRLMN,0824,,disabled,FAILED,,,darwin_api_not_configured,
2026-03-09,P61381,P,1V23,WATRLMN,1023H,,disabled,FAILED,,,darwin_api_not_configured,
2026-03-09,P61384,P,1W06,WEYMTH,1013H,,disabled,FAILED,,,darwin_api_not_configured,
2026-03-09,P61386,P,1W08,WEYMTH,1112H,,disabled,FAILED,,,darwin_api_not_configured,
2026-03-09,P61389,P,1W12,WEYMTH,1212H,,disabled,FAILED,,,darwin_api_not_configured,
2026-03-09,P61392,P,1W16,WEYMTH,1313H,,disabled,FAILED,,,darwin_api_not_configured,
2026-03-09,P61394,P,1W17,WATRLMN,0908H,,disabled,FAILED,,,darwin_api_not_configured,
2026-03-09,P61396,P,1W18,WEYMTH,1414H,,disabled,FAILED,,,darwin_api_not_configured,
2026-03-09,P61398,P,1W19,WATRLMN,1008H,,disabled,FAILED,,,darwin_api_not_configured,
2026-03-09,P61401,P,1W20,WEYMTH,1512H,,disabled,FAILED,,,darwin_api_not_configured,
2026-03-09,P61403,P,1W21,WATRLMN,1108H,,disabled,FAILED,,,darwin_api_not_configured,
2026-03-09,P61405,P,1W22,WEYMTH,1612H,,disabled,FAILED,,,darwin_api_not_configured,
2026-03-09,P61407,P,1W23,WATRLMN,1208H,,disabled,FAILED,,,darwin_api_not_configured,
2026-03-09,P61410,P,1W24,WEYMTH,1712H,,disabled,FAILED,,,darwin_api_not_configured,
2026-03-09,P61412,P,1W25,WATRLMN,1308H,,disabled,FAILED,,,darwin_api_not_configured,
2026-03-09,P61414,P,1W26,WEYMTH,1812H,,disabled,FAILED,,,darwin_api_not_configured,
2026-03-09,P61416,P,1W27,WATRLMN,1409,,disabled,FAILED,,,darwin_api_not_configured,
2026-03-09,P61419,P,1W28,WEYMTH,1915H,,disabled,FAILED,,,darwin_api_not_configured,
2026-03-09,P61422,P,1W29,WATRLMN,1508,,disabled,FAILED,,,darwin_api_not_configured,
2026-03-09,P61425,P,1W30,WEYMTH,2012H,,disabled,FAILED,,,darwin_api_not_configured,
2026-03-09,P61427,P,1W31,WATRLMN,1608,,disabled,FAILED,,,darwin_api_not_configured,
2026-03-09,P61430,P,1W32,WEYMTH,2112H,,disabled,FAILED,,,darwin_api_not_configured,
2026-03-09,P61433,P,1W33,WATRLMN,1707,,disabled,FAILED,,,darwin_api_not_configured,
2026-03-09,P61435,P,1W35,WATRLMN,1804H,,disabled,FAILED,,,darwin_api_not_configured,
2026-03-09,P61438,P,1W36,WEYMTH,2212H,,disabled,FAILED,,,darwin_api_not_configured,
2026-03-09,P61441,P,1W37,WATRLMN,1905H,,disabled,FAILED,,,darwin_api_not_configured,
2026-03-09,P61452,P,1W52,WEYMTH,1046H,,disabled,FAILED,,,darwin_api_not_configured,
2026-03-09,P61455,P,1W54,WEYMTH,1146H,,disabled,FAILED,,,darwin_api_not_configured,
2026-03-09,P61458,P,1W56,WEYMTH,1246H,,disabled,FAILED,,,darwin_api_not_configured,
2026-03-09,P61461,P,1W57,WATRLMN,0837H,,disabled,FAILED,,,darwin_api_not_configured,
2026-03-09,P61462,P,1W58,WEYMTH,1346H,,disabled,FAILED,,,darwin_api_not_configured,
2026-03-09,P61465,P,1W60,WEYMTH,1446H,,disabled,FAILED,,,darwin_api_not_configured,
2026-03-09,P61468,P,1W62,WEYMTH,1548,,disabled,FAILED,,,darwin_api_not_configured,
2026-03-09,P61470,P,1W63,WATRLMN,1136H,,disabled,FAILED,,,darwin_api_not_configured,
2026-03-09,P61472,P,1W64,WEYMTH,1646H,,disabled,FAILED,,,darwin_api_not_configured,
2026-03-09,P61475,P,1W65,WATRLMN,1236H,,disabled,FAILED,,,darwin_api_not_configured,
2026-03-09,P61476,P,1W66,WEYMTH,1746H,,disabled,FAILED,,,darwin_api_not_configured,
2026-03-09,P61478,P,1W67,WATRLMN,1336H,,disabled,FAILED,,,darwin_api_not_configured,
2026-03-09,P61480,P,1W68,WEYMTH,1846,,disabled,FAILED,,,darwin_api_not_configured,
2026-03-09,P61483,P,1W69,WATRLMN,1436H,,disabled,FAILED,,,darwin_api_not_configured,
2026-03-09,P61484,O,1W70,WEYMTH,1946H,,disabled,FAILED,,,darwin_api_not_configured,
2026-03-09,P61486,P,1W71,WATRLMN,1536H,,disabled,FAILED,,,darwin_api_not_configured,
2026-03-09,P61488,P,1W72,WEYMTH,2046,,disabled,FAILED,,,darwin_api_not_configured,
2026-03-09,P61492,P,1W74,WEYMTH,2147,,disabled,FAILED,,,darwin_api_not_configured,
2026-03-09,P61495,P,1W77,WATRLMN,1834H,,disabled,FAILED,,,darwin_api_not_configured,
2026-03-09,P61496,P,1W78,WEYMTH,2252H,,disabled,FAILED,,,darwin_api_not_configured,
2026-03-09,P61499,P,1W79,WATRLMN,1936H,,disabled,FAILED,,,darwin_api_not_configured,
2026-03-09,P61502,P,1W83,WATRLMN,2108H,,disabled,FAILED,,,darwin_api_not_configured,
2026-03-09,P61504,O,1W85,WATRLMN,2208H,,disabled,FAILED,,,darwin_api_not_configured,
2026-03-09,P61511,P,1W93,WATRLMN,0705,,disabled,FAILED,,,darwin_api_not_configured,
2026-03-09,P61514,P,1W95,WATRLMN,0807H,,disabled,FAILED,,,darwin_api_not_configured,
2026-03-09,P61521,O,2B24,SOTON,0849,,disabled,FAILED,,,darwin_api_not_configured,
2026-03-09,P61522,P,2B77,WATRLMN,0015,,disabled,FAILED,,,darwin_api_not_configured,
2026-03-09,P61523,P,2B88,SOTON,0752,,disabled,FAILED,,,darwin_api_not_configured,
2026-03-09,P61970,P,2L07,WATRLMN,1859,,disabled,FAILED,,,darwin_api_not_configured,
2026-03-09,P61971,P,2L09,WATRLMN,1922,,disabled,FAILED,,,darwin_api_not_configured,
2026-03-09,P61973,P,2L13,WATRLMN,2033,,disabled,FAILED,,,darwin_api_not_configured,
2026-03-09,P61974,P,2L17,WATRLMN,0903,,disabled,FAILED,,,darwin_api_not_configured,
2026-03-09,P61976,P,2L18,BSNGSTK,0716,,disabled,FAILED,,,darwin_api_not_configured,
2026-03-09,P61977,P,2L21,WATRLMN,1003,,disabled,FAILED,,,darwin_api_not_configured,
2026-03-09,P61978,P,2L22,BSNGSTK,0818,,disabled,FAILED,,,darwin_api_not_configured,
2026-03-09,P61979,P,2L23,WATRLMN,1033,,disabled,FAILED,,,darwin_api_not_configured,
2026-03-09,P61980,P,2L26,BSNGSTK,0917,,disabled,FAILED,,,darwin_api_not_configured,
2026-03-09,P61981,P,2L27,WATRLMN,1133,,disabled,FAILED,,,darwin_api_not_configured,
2026-03-09,P61982,P,2L29,WATRLMN,1203,,disabled,FAILED,,,darwin_api_not_configured,
2026-03-09,P61983,P,2L30,BSNGSTK,1016,,disabled,FAILED,,,darwin_api_not_configured,
2026-03-09,P61984,P,2L31,WATRLMN,1233,,disabled,FAILED,,,darwin_api_not_configured,
2026-03-09,P61985,P,2L34,BSNGSTK,1116,,disabled,FAILED,,,darwin_api_not_configured,
2026-03-09,P61986,P,2L36,BSNGSTK,1146,,disabled,FAILED,,,darwin_api_not_configured,
2026-03-09,P61987,P,2L38,BSNGSTK,1216,,disabled,FAILED,,,darwin_api_not_configured,
2026-03-09,P61988,P,2L39,WATRLMN,1433,,disabled,FAILED,,,darwin_api_not_configured,
2026-03-09,P61989,P,2L40,BSNGSTK,1246,,disabled,FAILED,,,darwin_api_not_configured,
2026-03-09,P61990,P,2L41,WATRLMN,1503,,disabled,FAILED,,,darwin_api_not_configured,
2026-03-09,P61991,P,2L42,BSNGSTK,1316,,disabled,FAILED,,,darwin_api_not_configured,
2026-03-09,P61992,P,2L44,BSNGSTK,1346,,disabled,FAILED,,,darwin_api_not_configured,
2026-03-09,P61993,O,2L46,BSNGSTK,1416,,disabled,FAILED,,,darwin_api_not_configured,
2026-03-09,P61994,O,2L48,BSNGSTK,1446,,disabled,FAILED,,,darwin_api_not_configured,
2026-03-09,P61995,O,2L50,BSNGSTK,1516,,disabled,FAILED,,,darwin_api_not_configured,
2026-03-09,P61996,P,2L51,WATRLMN,1734,,disabled,FAILED,,,darwin_api_not_configured,
2026-03-09,P61997,P,2L54,BSNGSTK,1616,,disabled,FAILED,,,darwin_api_not_configured,
2026-03-09,P61998,P,2L58,BSNGSTK,1716,,disabled,FAILED,,,darwin_api_not_configured,
2026-03-09,P61999,P,2L62,BSNGSTK,1816,,disabled,FAILED,,,darwin_api_not_configured,
2026-03-09,P62000,O,2L64,BSNGSTK,1846,,disabled,FAILED,,,darwin_api_not_configured,
2026-03-09,P62001,O,2L66,BSNGSTK,1916,,disabled,FAILED,,,darwin_api_not_configured,
2026-03-09,P62002,P,2L67,WATRLMN,2133,,disabled,FAILED,,,darwin_api_not_configured,
2026-03-09,P62004,P,2L68,BSNGSTK,1946,,disabled,FAILED,,,darwin_api_not_configured,
2026-03-09,P62009,P,2L72,BSNGSTK,2047,,disabled,FAILED,,,darwin_api_not_configured,
2026-03-09,P62010,P,2L75,WATRLMN,2333,,disabled,FAILED,,,darwin_api_not_configured,
2026-03-09,P62012,P,2L77,WATRLMN,0011,,disabled,FAILED,,,darwin_api_not_configured,
2026-03-09,P62015,P,2L79,WATRLMN,0043,,disabled,FAILED,,,darwin_api_not_configured,
2026-03-09,P62019,P,2L82,BSNGSTK,2316,,disabled,FAILED,,,darwin_api_not_configured,
2026-03-09,P62022,P,2L90,BSNGSTK,0728,,disabled,FAILED,,,darwin_api_not_configured,
2026-03-09,P62023,P,2L97,WATRLMN,0804,,disabled,FAILED,,,darwin_api_not_configured,
2026-03-09,P62024,P,2L99,WATRLMN,0833,,disabled,FAILED,,,darwin_api_not_configured,
2026-03-09,P62300,P,2T14,PHBR,0645,,disabled,FAILED,,,darwin_api_not_configured,
2026-03-09,P62302,P,2T45,WATRLMN,1603,,disabled,FAILED,,,darwin_api_not_configured,
2026-03-09,P62303,P,2T62,PHBR,2146,,disabled,FAILED,,,darwin_api_not_configured,
2026-03-09,P62304,P,2T64,PHBR,2246,,disabled,FAILED,,,darwin_api_not_configured,
2026-03-09,P62353,P,2W82,WEYMTH,0006,,disabled,FAILED,,,darwin_api_not_configured,
2026-03-09,P62462,P,5L04,WDONPDS,1055,,disabled,FAILED,,,darwin_api_not_configured,
2026-03-09,P62537,P,5Q76,BSNGSTK,1201,,disabled,FAILED,,,darwin_api_not_configured,
2026-03-09,P62538,P,5Q78,BSNGSTK,1455,,disabled,FAILED,,,darwin_api_not_configured,
2026-03-09,P62620,P,5Y50,SLSBRYD,1452,,disabled,FAILED,,,darwin_api_not_configured,
2026-03-09,P61301,P,1L80,EXETRSD,2319,,disabled,FAILED,,,darwin_api_not_configured,
2026-03-10,L72799,P,1B14,POOLE,0647,,disabled,FAILED,,,darwin_api_not_configured,
2026-03-10,L72802,P,1B18,POOLE,0746,,disabled,FAILED,,,darwin_api_not_configured,
2026-03-10,L72804,O,1B22,POOLE,0846H,,disabled,FAILED,,,darwin_api_not_configured,
2026-03-10,L72824,P,1B73,WATRLMN,2237H,,disabled,FAILED,,,darwin_api_not_configured,
2026-03-10,L72834,P,1B87,WATRLMN,0737H,,disabled,FAILED,,,darwin_api_not_configured,
2026-03-10,L73569,P,1T18,PHBR,0727,,disabled,FAILED,,,darwin_api_not_configured,
2026-03-10,L73578,P,1T25,WATRLMN,1044,,disabled,FAILED,,,darwin_api_not_configured,
2026-03-10,L73580,P,1T26,PHBR,0932,,disabled,FAILED,,,darwin_api_not_configured,
2026-03-10,L73582,P,1T29,WATRLMN,1144,,disabled,FAILED,,,darwin_api_not_configured,
2026-03-10,L73584,P,1T30,PHBR,1030,,disabled,FAILED,,,darwin_api_not_configured,
2026-03-10,L73587,P,1T33,WATRLMN,1244,,disabled,FAILED,,,darwin_api_not_configured,
2026-03-10,L73589,P,1T34,PHBR,1128,,disabled,FAILED,,,darwin_api_not_configured,
2026-03-10,L73592,P,1T37,WATRLMN,1344,,disabled,FAILED,,,darwin_api_not_configured,
2026-03-10,L73607,P,1T49,WATRLMN,1644,,disabled,FAILED,,,darwin_api_not_configured,
2026-03-10,L73612,P,1T53,WATRLMN,1744,,disabled,FAILED,,,darwin_api_not_configured,
2026-03-10,L73622,P,1T61,WATRLMN,1944,,disabled,FAILED,,,darwin_api_not_configured,
2026-03-10,L73632,P,1T69,WATRLMN,2144,,disabled,FAILED,,,darwin_api_not_configured,
2026-03-10,L73638,P,1T73,WATRLMN,2245,,disabled,FAILED,,,darwin_api_not_configured,
2026-03-10,L73756,P,1W59,WATRLMN,0936H,,disabled,FAILED,,,darwin_api_not_configured,
2026-03-10,L73762,P,1W61,WATRLMN,1036H,,disabled,FAILED,,,darwin_api_not_configured,
2026-03-10,L73792,P,1W73,WATRLMN,1636H,,disabled,FAILED,,,darwin_api_not_configured,
2026-03-10,L73797,P,1W75,WATRLMN,1734H,,disabled,FAILED,,,darwin_api_not_configured,
2026-03-10,L73808,P,1W81,WATRLMN,2008,,disabled,FAILED,,,darwin_api_not_configured,
2026-03-10,L73819,P,1W91,WATRLMN,0608H,,disabled,FAILED,,,darwin_api_not_configured,
2026-03-10,L73886,P,2B12,SOTON,0556,,disabled,FAILED,,,darwin_api_not_configured,
2026-03-10,L73938,P,2B49,WATRLMN,1705,,disabled,FAILED,,,darwin_api_not_configured,
2026-03-10,L73943,P,2B53,WATRLMN,1758,,disabled,FAILED,,,darwin_api_not_configured,
2026-03-10,L75508,O,2L10,BSNGSTK,0516,,disabled,FAILED,,,darwin_api_not_configured,
2026-03-10,L75510,P,2L11,WATRLMN,2002,,disabled,FAILED,,,darwin_api_not_configured,
2026-03-10,L75513,P,2L14,BSNGSTK,0612,,disabled,FAILED,,,darwin_api_not_configured,
2026-03-10,L75519,P,2L19,WATRLMN,0933,,disabled,FAILED,,,darwin_api_not_configured,
2026-03-10,L75532,P,2L25,WATRLMN,1103,,disabled,FAILED,,,darwin_api_not_configured,
2026-03-10,L75539,P,2L28,BSNGSTK,0946,,disabled,FAILED,,,darwin_api_not_configured,
2026-03-10,L75549,P,2L32,BSNGSTK,1046,,disabled,FAILED,,,darwin_api_not_configured,
2026-03-10,L75552,P,2L33,WATRLMN,1303,,disabled,FAILED,,,darwin_api_not_configured,
2026-03-10,L75557,P,2L35,WATRLMN,1333,,disabled,FAILED,,,darwin_api_not_configured,
2026-03-10,L75562,P,2L37,WATRLMN,1403,,disabled,FAILED,,,darwin_api_not_configured,
2026-03-10,L75577,P,2L43,WATRLMN,1533,,disabled,FAILED,,,darwin_api_not_configured,
2026-03-10,L75587,P,2L47,WATRLMN,1633,,disabled,FAILED,,,darwin_api_not_configured,
2026-03-10,L75601,P,2L52,BSNGSTK,1546,,disabled,FAILED,,,darwin_api_not_configured,
2026-03-10,L75609,P,2L55,WATRLMN,1828,,disabled,FAILED,,,darwin_api_not_configured,
2026-03-10,L75612,P,2L56,BSNGSTK,1646,,disabled,FAILED,,,darwin_api_not_configured,
2026-03-10,L75622,P,2L60,BSNGSTK,1746,,disabled,FAILED,,,darwin_api_not_configured,
2026-03-10,L75650,P,2L71,WATRLMN,2233,,disabled,FAILED,,,darwin_api_not_configured,
2026-03-10,L75679,P,2L88,BSNGSTK,0701,,disabled,FAILED,,,darwin_api_not_configured,
2026-03-10,L76587,P,2T09,WOKING,0634,,disabled,FAILED,,,darwin_api_not_configured,
2026-03-10,L76589,P,2T13,WATRLMN,0734,,disabled,FAILED,,,darwin_api_not_configured,
2026-03-10,L76893,P,3L26,WATRLMN,0828,,disabled,FAILED,,,darwin_api_not_configured,
2026-03-10,L77005,P,5B39,WDONPDS,0959,,disabled,FAILED,,,darwin_api_not_configured,
2026-03-10,L77106,P,5B81,WATRLMN,0859H,,disabled,FAILED,,,darwin_api_not_configured,
2026-03-10,L77109,O,5B83,WATRLMN,0927,,disabled,FAILED,,,darwin_api_not_configured,
2026-03-10,L77124,O,5B97,CLPHMYS,1116,,disabled,FAILED,,,darwin_api_not_configured,
2026-03-10,L78033,P,5Q75,CLPHMYS,1127,,disabled,FAILED,,,darwin_api_not_configured,
2026-03-10,L78035,P,5Q77,WATRLMN,1417H,,disabled,FAILED,,,darwin_api_not_configured,
2026-03-10,L78377,P,5Y51,BOMOCSD,1633,,disabled,FAILED,,,darwin_api_not_configured,
2026-03-10,L78443,P,5Y96,NTHMDEP,1255,,disabled,FAILED,,,darwin_api_not_configured,
2026-03-10,P60981,P,1B24,POOLE,0914,,disabled,FAILED,,,darwin_api_not_configured,
2026-03-10,P60982,O,1B26,POOLE,0947H,,disabled,FAILED,,,darwin_api_not_configured,
2026-03-10,P60983,P,1B65,WATRLMN,2036H,,disabled,FAILED,,,darwin_api_not_configured,
2026-03-10,P60987,O,1B69,WATRLMN,2136H,,disabled,FAILED,,,darwin_api_not_configured,
2026-03-10,P60989,P,1B75,WATRLMN,2307H,,disabled,FAILED,,,darwin_api_not_configured,
2026-03-10,P60991,P,1B77,WATRLMN,2340,,disabled,FAILED,,,darwin_api_not_configured,
2026-03-10,P60993,P,1B90,POOLE,0716,,disabled,FAILED,,,darwin_api_not_configured,
2026-03-10,P60994,P,1B94,BOMO,0814H,,disabled,FAILED,,,darwin_api_not_configured,
2026-03-10,P61124,P,1L11,WATRLMN,0710,,disabled,FAILED,,,darwin_api_not_configured,
2026-03-10,P61126,P,1L12,SLSBRY,0605,,disabled,FAILED,,,darwin_api_not_configured,
2026-03-10,P61128,P,1L13,WATRLMN,0743H,,disabled,FAILED,,,darwin_api_not_configured,
2026-03-10,P61131,P,1L14,SLSBRY,0638H,,disabled,FAILED,,,darwin_api_not_configured,
2026-03-10,P61134,P,1L16,YOVILJN,0702,,disabled,FAILED,,,darwin_api_not_configured,
2026-03-10,P61138,P,1L17,WATRLMN,0854,,disabled,FAILED,,,darwin_api_not_configured,
2026-03-10,P61139,P,1L18,YOVILPM,0740H,,disabled,FAILED,,,darwin_api_not_configured,
2026-03-10,P61142,P,1L19,WATRLMN,0924,,disabled,FAILED,,,darwin_api_not_configured,
2026-03-10,P61144,P,1L20,EXETRSD,0810H,,disabled,FAILED,,,darwin_api_not_configured,
2026-03-10,P61149,P,1L21,WATRLMN,0954,,disabled,FAILED,,,darwin_api_not_configured,
2026-03-10,P61150,O,1L22,HONITON,0840,,disabled,FAILED,,,darwin_api_not_configured,
2026-03-10,P61154,P,1L24,YOVILPM,0910H,,disabled,FAILED,,,darwin_api_not_configured,
2026-03-10,P61159,P,1L25,WATRLMN,1054,,disabled,FAILED,,,darwin_api_not_configured,
2026-03-10,P61160,O,1L26,EXETRSD,0941,,disabled,FAILED,,,darwin_api_not_configured,
2026-03-10,P61162,P,1L27,WATRLMN,1123H,,disabled,FAILED,,,darwin_api_not_configured,
2026-03-10,P61165,O,1L28,EXETRSD,1008H,,disabled,FAILED,,,darwin_api_not_configured,
2026-03-10,P61170,P,1L29,WATRLMN,1154,,disabled,FAILED,,,darwin_api_not_configured,
2026-03-10,P61171,P,1L30,GLHM,1041,,disabled,FAILED,,,darwin_api_not_configured,
2026-03-10,P61173,P,1L31,WATRLMN,1224,,disabled,FAILED,,,darwin_api_not_configured,
2026-03-10,P61176,P,1L32,EXETRSD,1108,,disabled,FAILED,,,darwin_api_not_configured,
2026-03-10,P61179,P,1L33,WATRLMN,1255,,disabled,FAILED,,,darwin_api_not_configured,
2026-03-10,P61182,P,1L34,SLSBRY,1141,,disabled,FAILED,,,darwin_api_not_configured,
2026-03-10,P61184,P,1L35,WATRLMN,1323H,,disabled,FAILED,,,darwin_api_not_configured,
2026-03-10,P61187,P,1L36,EXETRSD,1208,,disabled,FAILED,,,darwin_api_not_configured,
2026-03-10,P61191,P,1L37,WATRLMN,1354,,disabled,FAILED,,,darwin_api_not_configured,
2026-03-10,P61194,P,1L38,SLSBRY,1241,,disabled,FAILED,,,darwin_api_not_configured,
2026-03-10,P61196,P,1L39,WATRLMN,1424H,,disabled,FAILED,,,darwin_api_not_configured,
2026-03-10,P61199,P,1L40,EXETRSD,1308,,disabled,FAILED,,,darwin_api_not_configured,
2026-03-10,P61202,P,1L41,WATRLMN,1454,,disabled,FAILED,,,darwin_api_not_configured,
2026-03-10,P61205,P,1L42,SLSBRY,1341H,,disabled,FAILED,,,darwin_api_not_configured,
2026-03-10,P61207,P,1L43,WATRLMN,1523H,,disabled,FAILED,,,darwin_api_not_configured,
2026-03-10,P61210,P,1L44,EXETRSD,1408,,disabled,FAILED,,,darwin_api_not_configured,
2026-03-10,P61213,P,1L45,WATRLMN,1554,,disabled,FAILED,,,darwin_api_not_configured,
2026-03-10,P61216,P,1L46,SLSBRY,1440H,,disabled,FAILED,,,darwin_api_not_configured,
2026-03-10,P61218,P,1L47,WATRLMN,1623H,,disabled,FAILED,,,darwin_api_not_configured,
2026-03-10,P61221,P,1L48,EXETRSD,1508,,disabled,FAILED,,,darwin_api_not_configured,
2026-03-10,P61224,P,1L49,WATRLMN,1654,,disabled,FAILED,,,darwin_api_not_configured,
2026-03-10,P61227,P,1L50,SLSBRY,1541,,disabled,FAILED,,,darwin_api_not_configured,
2026-03-10,P61231,P,1L51,WATRLMN,1722,,disabled,FAILED,,,darwin_api_not_configured,
2026-03-10,P61232,P,1L52,EXETRSD,1608,,disabled,FAILED,,,darwin_api_not_configured,
2026-03-10,P61235,P,1L53,WATRLMN,1753H,,disabled,FAILED,,,darwin_api_not_configured,
2026-03-10,P61238,P,1L54,SLSBRY,1641,,disabled,FAILED,,,darwin_api_not_configured,
2026-03-10,P61240,P,1L55,WATRLMN,1823H,,disabled,FAILED,,,darwin_api_not_configured,
2026-03-10,P61242,P,1L56,EXETRSD,1708,,disabled,FAILED,,,darwin_api_not_configured,
2026-03-10,P61245,P,1L57,WATRLMN,1853,,disabled,FAILED,,,darwin_api_not_configured,
2026-03-10,P61248,P,1L58,GLHM,1741H,,disabled,FAILED,,,darwin_api_not_configured,
2026-03-10,P61251,P,1L59,WATRLMN,1919H,,disabled,FAILED,,,darwin_api_not_configured,
2026-03-10,P61254,P,1L60,EXETRSD,1808,,disabled,FAILED,,,darwin_api_not_configured,
2026-03-10,P61257,P,1L61,WATRLMN,1954H,,disabled,FAILED,,,darwin_api_not_configured,
2026-03-10,P61260,P,1L62,SLSBRY,1841,,disabled,FAILED,,,darwin_api_not_configured,
2026-03-10,P61263,P,1L63,WATRLMN,2021,,disabled,FAILED,,,darwin_api_not_configured,
2026-03-10,P61266,P,1L64,EXETRSD,1912H,,disabled,FAILED,,,darwin_api_not_configured,
2026-03-10,P61271,P,1L65,WATRLMN,2054,,disabled,FAILED,,,darwin_api_not_configured,
2026-03-10,P61278,P,1L68,EXETRSD,2022,,disabled,FAILED,,,darwin_api_not_configured,
2026-03-10,P61281,P,1L69,WATRLMN,2154,,disabled,FAILED,,,darwin_api_not_configured,
2026-03-10,P61284,P,1L72,EXETRSD,2123,,disabled,FAILED,,,darwin_api_not_configured,
2026-03-10,P61287,P,1L73,WATRLMN,2254,,disabled,FAILED,,,darwin_api_not_configured,
2026-03-10,P61290,P,1L74,SLSBRY,2140,,disabled,FAILED,,,darwin_api_not_configured,
2026-03-10,P61292,P,1L75,WATRLMN,2325H,,disabled,FAILED,,,darwin_api_not_configured,
2026-03-10,P61294,P,1L76,EXETRSD,2220,,disabled,FAILED,,,darwin_api_not_configured,
2026-03-10,P61297,P,1L79,WATRLMN,0016,,disabled,FAILED,,,darwin_api_not_configured,
2026-03-10,P61355,P,1T17,WATRLMN,0844,,disabled,FAILED,,,darwin_api_not_configured,
2026-03-10,P61356,P,1T20,PHBR,0759,,disabled,FAILED,,,darwin_api_not_configured,
2026-03-10,P61357,P,1T21,WATRLMN,0944,,disabled,FAILED,,,darwin_api_not_configured,
2026-03-10,P61358,P,1T22,PHBR,0831,,disabled,FAILED,,,darwin_api_not_configured,
2026-03-10,P61359,P,1T38,PHBR,1229,,disabled,FAILED,,,darwin_api_not_configured,
2026-03-10,P61360,P,1T41,WATRLMN,1444,,disabled,FAILED,,,darwin_api_not_configured,
2026-03-10,P61361,P,1T42,PHBR,1333,,disabled,FAILED,,,darwin_api_not_configured,
2026-03-10,P61362,P,1T45,WATRLMN,1544,,disabled,FAILED,,,darwin_api_not_configured,
2026-03-10,P61363,O,1T46,PHBR,1430,,disabled,FAILED,,,darwin_api_not_configured,
2026-03-10,P61364,O,1T50,PHBR,1529,,disabled,FAILED,,,darwin_api_not_configured,
2026-03-10,P61365,P,1T54,PHBR,1629,,disabled,FAILED,,,darwin_api_not_configured,
2026-03-10,P61366,P,1T57,WATRLMN,1845,,disabled,FAILED,,,darwin_api_not_configured,
2026-03-10,P61367,P,1T58,PHBR,1729,,disabled,FAILED,,,darwin_api_not_configured,
2026-03-10,P61368,P,1T62,PHBR,1829,,disabled,FAILED,,,darwin_api_not_configured,
2026-03-10,P61369,O,1T65,WATRLMN,2044,,disabled,FAILED,,,darwin_api_not_configured,
2026-03-10,P61370,P,1T66,PHBR,1929,,disabled,FAILED,,,darwin_api_not_configured,
2026-03-10,P61373,O,1T70,PHBR,2028,,disabled,FAILED,,,darwin_api_not_configured,
2026-03-10,P61379,P,1V15,WATRLMN,0824,,disabled,FAILED,,,darwin_api_not_configured,
2026-03-10,P61381,P,1V23,WATRLMN,1023H,,disabled,FAILED,,,darwin_api_not_configured,
2026-03-10,P61384,P,1W06,WEYMTH,1013H,,disabled,FAILED,,,darwin_api_not_configured,
2026-03-10,P61386,P,1W08,WEYMTH,1112H,,disabled,FAILED,,,darwin_api_not_configured,
2026-03-10,P61389,P,1W12,WEYMTH,1212H,,disabled,FAILED,,,darwin_api_not_configured,
2026-03-10,P61392,P,1W16,WEYMTH,1313H,,disabled,FAILED,,,darwin_api_not_configured,
2026-03-10,P61394,P,1W17,WATRLMN,0908H,,disabled,FAILED,,,darwin_api_not_configured,
2026-03-10,P61396,P,1W18,WEYMTH,1414H,,disabled,FAILED,,,darwin_api_not_configured,
2026-03-10,P61398,P,1W19,WATRLMN,1008H,,disabled,FAILED,,,darwin_api_not_configured,
2026-03-10,P61401,P,1W20,WEYMTH,1512H,,disabled,FAILED,,,darwin_api_not_configured,
2026-03-10,P61403,P,1W21,WATRLMN,1108H,,disabled,FAILED,,,darwin_api_not_configured,
2026-03-10,P61405,P,1W22,WEYMTH,1612H,,disabled,FAILED,,,darwin_api_not_configured,
2026-03-10,P61407,P,1W23,WATRLMN,1208H,,disabled,FAILED,,,darwin_api_not_configured,
2026-03-10,P61410,P,1W24,WEYMTH,1712H,,disabled,FAILED,,,darwin_api_not_configured,
2026-03-10,P61412,P,1W25,WATRLMN,1308H,,disabled,FAILED,,,darwin_api_not_configured,
2026-03-10,P61414,P,1W26,WEYMTH,1812H,,disabled,FAILED,,,darwin_api_not_configured,
2026-03-10,P61416,P,1W27,WATRLMN,1409,,disabled,FAILED,,,darwin_api_not_configured,
2026-03-10,P61419,P,1W28,WEYMTH,1915H,,disabled,FAILED,,,darwin_api_not_configured,
2026-03-10,P61422,P,1W29,WATRLMN,1508,,disabled,FAILED,,,darwin_api_not_configured,
2026-03-10,P61425,P,1W30,WEYMTH,2012H,,disabled,FAILED,,,darwin_api_not_configured,
2026-03-10,P61427,P,1W31,WATRLMN,1608,,disabled,FAILED,,,darwin_api_not_configured,
2026-03-10,P61430,P,1W32,WEYMTH,2112H,,disabled,FAILED,,,darwin_api_not_configured,
2026-03-10,P61433,P,1W33,WATRLMN,1707,,disabled,FAILED,,,darwin_api_not_configured,
2026-03-10,P61435,P,1W35,WATRLMN,1804H,,disabled,FAILED,,,darwin_api_not_configured,
2026-03-10,P61438,P,1W36,WEYMTH,2212H,,disabled,FAILED,,,darwin_api_not_configured,
2026-03-10,P61441,P,1W37,WATRLMN,1905H,,disabled,FAILED,,,darwin_api_not_configured,
2026-03-10,P61452,P,1W52,WEYMTH,1046H,,disabled,FAILED,,,darwin_api_not_configured,
2026-03-10,P61455,P,1W54,WEYMTH,1146H,,disabled,FAILED,,,darwin_api_not_configured,
2026-03-10,P61458,P,1W56,WEYMTH,1246H,,disabled,FAILED,,,darwin_api_not_configured,
2026-03-10,P61461,P,1W57,WATRLMN,0837H,,disabled,FAILED,,,darwin_api_not_configured,
2026-03-10,P61462,P,1W58,WEYMTH,1346H,,disabled,FAILED,,,darwin_api_not_configured,
2026-03-10,P61465,P,1W60,WEYMTH,1446H,,disabled,FAILED,,,darwin_api_not_configured,
2026-03-10,P61468,P,1W62,WEYMTH,1548,,disabled,FAILED,,,darwin_api_not_configured,
2026-03-10,P61470,P,1W63,WATRLMN,1136H,,disabled,FAILED,,,darwin_api_not_configured,
2026-03-10,P61472,P,1W64,WEYMTH,1646H,,disabled,FAILED,,,darwin_api_not_configured,
2026-03-10,P61475,P,1W65,WATRLMN,1236H,,disabled,FAILED,,,darwin_api_not_configured,
2026-03-10,P61476,P,1W66,WEYMTH,1746H,,disabled,FAILED,,,darwin_api_not_configured,
2026-03-10,P61478,P,1W67,WATRLMN,1336H,,disabled,FAILED,,,darwin_api_not_configured,
2026-03-10,P61480,P,1W68,WEYMTH,1846,,disabled,FAILED,,,darwin_api_not_configured,
2026-03-10,P61483,P,1W69,WATRLMN,1436H,,disabled,FAILED,,,darwin_api_not_configured,
2026-03-10,P61484,O,1W70,WEYMTH,1946H,,disabled,FAILED,,,darwin_api_not_configured,
2026-03-10,P61486,P,1W71,WATRLMN,1536H,,disabled,FAILED,,,darwin_api_not_configured,
2026-03-10,P61488,P,1W72,WEYMTH,2046,,disabled,FAILED,,,darwin_api_not_configured,
2026-03-10,P61492,P,1W74,WEYMTH,2147,,disabled,FAILED,,,darwin_api_not_configured,
2026-03-10,P61495,P,1W77,WATRLMN,1834H,,disabled,FAILED,,,darwin_api_not_configured,
2026-03-10,P61496,P,1W78,WEYMTH,2252H,,disabled,FAILED,,,darwin_api_not_configured,
2026-03-10,P61499,P,1W79,WATRLMN,1936H,,disabled,FAILED,,,darwin_api_not_configured,
2026-03-10,P61502,P,1W83,WATRLMN,2108H,,disabled,FAILED,,,darwin_api_not_configured,
2026-03-10,P61504,O,1W85,WATRLMN,2208H,,disabled,FAILED,,,darwin_api_not_configured,
2026-03-10,P61511,P,1W93,WATRLMN,0705,,disabled,FAILED,,,darwin_api_not_configured,
2026-03-10,P61514,P,1W95,WATRLMN,0807H,,disabled,FAILED,,,darwin_api_not_configured,
2026-03-10,P61521,O,2B24,SOTON,0849,,disabled,FAILED,,,darwin_api_not_configured,
2026-03-10,P61522,P,2B77,WATRLMN,0015,,disabled,FAILED,,,darwin_api_not_configured,
2026-03-10,P61523,P,2B88,SOTON,0752,,disabled,FAILED,,,darwin_api_not_configured,
2026-03-10,P61970,P,2L07,WATRLMN,1859,,disabled,FAILED,,,darwin_api_not_configured,
2026-03-10,P61971,P,2L09,WATRLMN,1922,,disabled,FAILED,,,darwin_api_not_configured,
2026-03-10,P61973,P,2L13,WATRLMN,2033,,disabled,FAILED,,,darwin_api_not_configured,
2026-03-10,P61974,P,2L17,WATRLMN,0903,,disabled,FAILED,,,darwin_api_not_configured,
2026-03-10,P61976,P,2L18,BSNGSTK,0716,,disabled,FAILED,,,darwin_api_not_configured,
2026-03-10,P61977,P,2L21,WATRLMN,1003,,disabled,FAILED,,,darwin_api_not_configured,
2026-03-10,P61978,P,2L22,BSNGSTK,0818,,disabled,FAILED,,,darwin_api_not_configured,
2026-03-10,P61979,P,2L23,WATRLMN,1033,,disabled,FAILED,,,darwin_api_not_configured,
2026-03-10,P61980,P,2L26,BSNGSTK,0917,,disabled,FAILED,,,darwin_api_not_configured,
2026-03-10,P61981,P,2L27,WATRLMN,1133,,disabled,FAILED,,,darwin_api_not_configured,
2026-03-10,P61982,P,2L29,WATRLMN,1203,,disabled,FAILED,,,darwin_api_not_configured,
2026-03-10,P61983,P,2L30,BSNGSTK,1016,,disabled,FAILED,,,darwin_api_not_configured,
2026-03-10,P61984,P,2L31,WATRLMN,1233,,disabled,FAILED,,,darwin_api_not_configured,
2026-03-10,P61985,P,2L34,BSNGSTK,1116,,disabled,FAILED,,,darwin_api_not_configured,
2026-03-10,P61986,P,2L36,BSNGSTK,1146,,disabled,FAILED,,,darwin_api_not_configured,
2026-03-10,P61987,P,2L38,BSNGSTK,1216,,disabled,FAILED,,,darwin_api_not_configured,
2026-03-10,P61988,P,2L39,WATRLMN,1433,,disabled,FAILED,,,darwin_api_not_configured,
2026-03-10,P61989,P,2L40,BSNGSTK,1246,,disabled,FAILED,,,darwin_api_not_configured,
2026-03-10,P61990,P,2L41,WATRLMN,1503,,disabled,FAILED,,,darwin_api_not_configured,
2026-03-10,P61991,P,2L42,BSNGSTK,1316,,disabled,FAILED,,,darwin_api_not_configured,
2026-03-10,P61992,P,2L44,BSNGSTK,1346,,disabled,FAILED,,,darwin_api_not_configured,
2026-03-10,P61993,O,2L46,BSNGSTK,1416,,disabled,FAILED,,,darwin_api_not_configured,
2026-03-10,P61994,O,2L48,BSNGSTK,1446,,disabled,FAILED,,,darwin_api_not_configured,
2026-03-10,P61995,O,2L50,BSNGSTK,1516,,disabled,FAILED,,,darwin_api_not_configured,
2026-03-10,P61996,P,2L51,WATRLMN,1734,,disabled,FAILED,,,darwin_api_not_configured,
2026-03-10,P61997,P,2L54,BSNGSTK,1616,,disabled,FAILED,,,darwin_api_not_configured,
2026-03-10,P61998,P,2L58,BSNGSTK,1716,,disabled,FAILED,,,darwin_api_not_configured,
2026-03-10,P61999,P,2L62,BSNGSTK,1816,,disabled,FAILED,,,darwin_api_not_configured,
2026-03-10,P62000,O,2L64,BSNGSTK,1846,,disabled,FAILED,,,darwin_api_not_configured,
2026-03-10,P62001,O,2L66,BSNGSTK,1916,,disabled,FAILED,,,darwin_api_not_configured,
2026-03-10,P62002,P,2L67,WATRLMN,2133,,disabled,FAILED,,,darwin_api_not_configured,
2026-03-10,P62004,P,2L68,BSNGSTK,1946,,disabled,FAILED,,,darwin_api_not_configured,
2026-03-10,P62009,P,2L72,BSNGSTK,2047,,disabled,FAILED,,,darwin_api_not_configured,
2026-03-10,P62010,P,2L75,WATRLMN,2333,,disabled,FAILED,,,darwin_api_not_configured,
2026-03-10,P62012,P,2L77,WATRLMN,0011,,disabled,FAILED,,,darwin_api_not_configured,
2026-03-10,P62015,P,2L79,WATRLMN,0043,,disabled,FAILED,,,darwin_api_not_configured,
2026-03-10,P62019,P,2L82,BSNGSTK,2316,,disabled,FAILED,,,darwin_api_not_configured,
2026-03-10,P62022,P,2L90,BSNGSTK,0728,,disabled,FAILED,,,darwin_api_not_configured,
2026-03-10,P62023,P,2L97,WATRLMN,0804,,disabled,FAILED,,,darwin_api_not_configured,
2026-03-10,P62024,P,2L99,WATRLMN,0833,,disabled,FAILED,,,darwin_api_not_configured,
2026-03-10,P62300,P,2T14,PHBR,0645,,disabled,FAILED,,,darwin_api_not_configured,
2026-03-10,P62302,P,2T45,WATRLMN,1603,,disabled,FAILED,,,darwin_api_not_configured,
2026-03-10,P62303,P,2T62,PHBR,2146,,disabled,FAILED,,,darwin_api_not_configured,
2026-03-10,P62304,P,2T64,PHBR,2246,,disabled,FAILED,,,darwin_api_not_configured,
2026-03-10,P62353,P,2W82,WEYMTH,0006,,disabled,FAILED,,,darwin_api_not_configured,
2026-03-10,P62462,P,5L04,WDONPDS,1055,,disabled,FAILED,,,darwin_api_not_configured,
2026-03-10,P62537,P,5Q76,BSNGSTK,1201,,disabled,FAILED,,,darwin_api_not_configured,
2026-03-10,P62538,P,5Q78,BSNGSTK,1455,,disabled,FAILED,,,darwin_api_not_configured,
2026-03-10,P62620,P,5Y50,SLSBRYD,1452,,disabled,FAILED,,,darwin_api_not_configured,
2026-03-10,P61301,P,1L80,EXETRSD,2319,,disabled,FAILED,,,darwin_api_not_configured,
2026-03-11,L72799,P,1B14,POOLE,0647,,disabled,FAILED,,,darwin_api_not_configured,
2026-03-11,L72802,P,1B18,POOLE,0746,,disabled,FAILED,,,darwin_api_not_configured,
2026-03-11,L72804,O,1B22,POOLE,0846H,,disabled,FAILED,,,darwin_api_not_configured,
2026-03-11,L72824,P,1B73,WATRLMN,2237H,,disabled,FAILED,,,darwin_api_not_configured,
2026-03-11,L72834,P,1B87,WATRLMN,0737H,,disabled,FAILED,,,darwin_api_not_configured,
2026-03-11,L73569,O,1T18,PHBR,0727,,disabled,FAILED,,,darwin_api_not_configured,
2026-03-11,L73578,P,1T25,WATRLMN,1044,,disabled,FAILED,,,darwin_api_not_configured,
2026-03-11,L73580,P,1T26,PHBR,0932,,disabled,FAILED,,,darwin_api_not_configured,
2026-03-11,L73582,P,1T29,WATRLMN,1144,,disabled,FAILED,,,darwin_api_not_configured,
2026-03-11,L73584,P,1T30,PHBR,1030,,disabled,FAILED,,,darwin_api_not_configured,
2026-03-11,L73587,P,1T33,WATRLMN,1244,,disabled,FAILED,,,darwin_api_not_configured,
2026-03-11,L73589,P,1T34,PHBR,1128,,disabled,FAILED,,,darwin_api_not_configured,
2026-03-11,L73592,P,1T37,WATRLMN,1344,,disabled,FAILED,,,darwin_api_not_configured,
2026-03-11,L73607,P,1T49,WATRLMN,1644,,disabled,FAILED,,,darwin_api_not_configured,
2026-03-11,L73612,P,1T53,WATRLMN,1744,,disabled,FAILED,,,darwin_api_not_configured,
2026-03-11,L73622,P,1T61,WATRLMN,1944,,disabled,FAILED,,,darwin_api_not_configured,
2026-03-11,L73632,P,1T69,WATRLMN,2144,,disabled,FAILED,,,darwin_api_not_configured,
2026-03-11,L73638,P,1T73,WATRLMN,2245,,disabled,FAILED,,,darwin_api_not_configured,
2026-03-11,L73756,P,1W59,WATRLMN,0936H,,disabled,FAILED,,,darwin_api_not_configured,
2026-03-11,L73762,P,1W61,WATRLMN,1036H,,disabled,FAILED,,,darwin_api_not_configured,
2026-03-11,L73792,P,1W73,WATRLMN,1636H,,disabled,FAILED,,,darwin_api_not_configured,
2026-03-11,L73797,P,1W75,WATRLMN,1734H,,disabled,FAILED,,,darwin_api_not_configured,
2026-03-11,L73808,P,1W81,WATRLMN,2008,,disabled,FAILED,,,darwin_api_not_configured,
2026-03-11,L73819,P,1W91,WATRLMN,0608H,,disabled,FAILED,,,darwin_api_not_configured,
2026-03-11,L73886,P,2B12,SOTON,0556,,disabled,FAILED,,,darwin_api_not_configured,
2026-03-11,L73938,P,2B49,WATRLMN,1705,,disabled,FAILED,,,darwin_api_not_configured,
2026-03-11,L73943,P,2B53,WATRLMN,1758,,disabled,FAILED,,,darwin_api_not_configured,
2026-03-11,L75508,O,2L10,BSNGSTK,0516,,disabled,FAILED,,,darwin_api_not_configured,
2026-03-11,L75510,P,2L11,WATRLMN,2002,,disabled,FAILED,,,darwin_api_not_configured,
2026-03-11,L75513,P,2L14,BSNGSTK,0612,,disabled,FAILED,,,darwin_api_not_configured,
2026-03-11,L75519,P,2L19,WATRLMN,0933,,disabled,FAILED,,,darwin_api_not_configured,
2026-03-11,L75532,P,2L25,WATRLMN,1103,,disabled,FAILED,,,darwin_api_not_configured,
2026-03-11,L75539,P,2L28,BSNGSTK,0946,,disabled,FAILED,,,darwin_api_not_configured,
2026-03-11,L75549,P,2L32,BSNGSTK,1046,,disabled,FAILED,,,darwin_api_not_configured,
2026-03-11,L75552,P,2L33,WATRLMN,1303,,disabled,FAILED,,,darwin_api_not_configured,
2026-03-11,L75557,P,2L35,WATRLMN,1333,,disabled,FAILED,,,darwin_api_not_configured,
2026-03-11,L75562,P,2L37,WATRLMN,1403,,disabled,FAILED,,,darwin_api_not_configured,
2026-03-11,L75577,P,2L43,WATRLMN,1533,,disabled,FAILED,,,darwin_api_not_configured,
2026-03-11,L75587,P,2L47,WATRLMN,1633,,disabled,FAILED,,,darwin_api_not_configured,
2026-03-11,L75601,P,2L52,BSNGSTK,1546,,disabled,FAILED,,,darwin_api_not_configured,
2026-03-11,L75609,P,2L55,WATRLMN,1828,,disabled,FAILED,,,darwin_api_not_configured,
2026-03-11,L75612,P,2L56,BSNGSTK,1646,,disabled,FAILED,,,darwin_api_not_configured,
2026-03-11,L75622,P,2L60,BSNGSTK,1746,,disabled,FAILED,,,darwin_api_not_configured,
2026-03-11,L75650,P,2L71,WATRLMN,2233,,disabled,FAILED,,,darwin_api_not_configured,
2026-03-11,L75679,P,2L88,BSNGSTK,0701,,disabled,FAILED,,,darwin_api_not_configured,
2026-03-11,L76587,P,2T09,WOKING,0634,,disabled,FAILED,,,darwin_api_not_configured,
2026-03-11,L76589,P,2T13,WATRLMN,0734,,disabled,FAILED,,,darwin_api_not_configured,
2026-03-11,L76893,P,3L26,WATRLMN,0828,,disabled,FAILED,,,darwin_api_not_configured,
2026-03-11,L77005,P,5B39,WDONPDS,0959,,disabled,FAILED,,,darwin_api_not_configured,
2026-03-11,L77106,P,5B81,WATRLMN,0859H,,disabled,FAILED,,,darwin_api_not_configured,
2026-03-11,L77109,O,5B83,WATRLMN,0927,,disabled,FAILED,,,darwin_api_not_configured,
2026-03-11,L77124,O,5B97,CLPHMYS,1116,,disabled,FAILED,,,darwin_api_not_configured,
2026-03-11,L78033,P,5Q75,CLPHMYS,1127,,disabled,FAILED,,,darwin_api_not_configured,
2026-03-11,L78035,P,5Q77,WATRLMN,1417H,,disabled,FAILED,,,darwin_api_not_configured,
2026-03-11,L78377,P,5Y51,BOMOCSD,1633,,disabled,FAILED,,,darwin_api_not_configured,
2026-03-11,L78443,P,5Y96,NTHMDEP,1255,,disabled,FAILED,,,darwin_api_not_configured,
2026-03-11,P60981,P,1B24,POOLE,0914,,disabled,FAILED,,,darwin_api_not_configured,
2026-03-11,P60982,O,1B26,POOLE,0947H,,disabled,FAILED,,,darwin_api_not_configured,
2026-03-11,P60983,P,1B65,WATRLMN,2036H,,disabled,FAILED,,,darwin_api_not_configured,
2026-03-11,P60987,O,1B69,WATRLMN,2136H,,disabled,FAILED,,,darwin_api_not_configured,
2026-03-11,P60989,P,1B75,WATRLMN,2307H,,disabled,FAILED,,,darwin_api_not_configured,
2026-03-11,P60991,P,1B77,WATRLMN,2340,,disabled,FAILED,,,darwin_api_not_configured,
2026-03-11,P60993,P,1B90,POOLE,0716,,disabled,FAILED,,,darwin_api_not_configured,
2026-03-11,P60994,P,1B94,BOMO,0814H,,disabled,FAILED,,,darwin_api_not_configured,
2026-03-11,P61124,P,1L11,WATRLMN,0710,,disabled,FAILED,,,darwin_api_not_configured,
2026-03-11,P61126,P,1L12,SLSBRY,0605,,disabled,FAILED,,,darwin_api_not_configured,
2026-03-11,P61128,P,1L13,WATRLMN,0743H,,disabled,FAILED,,,darwin_api_not_configured,
2026-03-11,P61131,P,1L14,SLSBRY,0638H,,disabled,FAILED,,,darwin_api_not_configured,
2026-03-11,P61134,P,1L16,YOVILJN,0702,,disabled,FAILED,,,darwin_api_not_configured,
2026-03-11,P61138,P,1L17,WATRLMN,0854,,disabled,FAILED,,,darwin_api_not_configured,
2026-03-11,P61139,P,1L18,YOVILPM,0740H,,disabled,FAILED,,,darwin_api_not_configured,
2026-03-11,P61142,P,1L19,WATRLMN,0924,,disabled,FAILED,,,darwin_api_not_configured,
2026-03-11,P61144,P,1L20,EXETRSD,0810H,,disabled,FAILED,,,darwin_api_not_configured,
2026-03-11,P61149,P,1L21,WATRLMN,0954,,disabled,FAILED,,,darwin_api_not_configured,
2026-03-11,P61150,O,1L22,HONITON,0840,,disabled,FAILED,,,darwin_api_not_configured,
2026-03-11,P61154,P,1L24,YOVILPM,0910H,,disabled,FAILED,,,darwin_api_not_configured,
2026-03-11,P61159,P,1L25,WATRLMN,1054,,disabled,FAILED,,,darwin_api_not_configured,
2026-03-11,P61160,O,1L26,EXETRSD,0941,,disabled,FAILED,,,darwin_api_not_configured,
2026-03-11,P61162,P,1L27,WATRLMN,1123H,,disabled,FAILED,,,darwin_api_not_configured,
2026-03-11,P61165,O,1L28,EXETRSD,1008H,,disabled,FAILED,,,darwin_api_not_configured,
2026-03-11,P61170,P,1L29,WATRLMN,1154,,disabled,FAILED,,,darwin_api_not_configured,
2026-03-11,P61171,P,1L30,GLHM,1041,,disabled,FAILED,,,darwin_api_not_configured,
2026-03-11,P61173,P,1L31,WATRLMN,1224,,disabled,FAILED,,,darwin_api_not_configured,
2026-03-11,P61176,P,1L32,EXETRSD,1108,,disabled,FAILED,,,darwin_api_not_configured,
2026-03-11,P61179,P,1L33,WATRLMN,1255,,disabled,FAILED,,,darwin_api_not_configured,
2026-03-11,P61182,P,1L34,SLSBRY,1141,,disabled,FAILED,,,darwin_api_not_configured,
2026-03-11,P61184,P,1L35,WATRLMN,1323H,,disabled,FAILED,,,darwin_api_not_configured,
2026-03-11,P61187,P,1L36,EXETRSD,1208,,disabled,FAILED,,,darwin_api_not_configured,
2026-03-11,P61194,P,1L38,SLSBRY,1241,,disabled,FAILED,,,darwin_api_not_configured,
2026-03-11,P61196,P,1L39,WATRLMN,1424H,,disabled,FAILED,,,darwin_api_not_configured,
2026-03-11,P61199,P,1L40,EXETRSD,1308,,disabled,FAILED,,,darwin_api_not_configured,
2026-03-11,P61202,P,1L41,WATRLMN,1454,,disabled,FAILED,,,darwin_api_not_configured,
2026-03-11,P61205,P,1L42,SLSBRY,1341H,,disabled,FAILED,,,darwin_api_not_configured,
2026-03-11,P61207,P,1L43,WATRLMN,1523H,,disabled,FAILED,,,darwin_api_not_configured,
2026-03-11,P61210,P,1L44,EXETRSD,1408,,disabled,FAILED,,,darwin_api_not_configured,
2026-03-11,P61213,P,1L45,WATRLMN,1554,,disabled,FAILED,,,darwin_api_not_configured,
2026-03-11,P61216,P,1L46,SLSBRY,1440H,,disabled,FAILED,,,darwin_api_not_configured,
2026-03-11,P61218,P,1L47,WATRLMN,1623H,,disabled,FAILED,,,darwin_api_not_configured,
2026-03-11,P61221,P,1L48,EXETRSD,1508,,disabled,FAILED,,,darwin_api_not_configured,
2026-03-11,P61224,P,1L49,WATRLMN,1654,,disabled,FAILED,,,darwin_api_not_configured,
2026-03-11,P61227,P,1L50,SLSBRY,1541,,disabled,FAILED,,,darwin_api_not_configured,
2026-03-11,P61231,P,1L51,WATRLMN,1722,,disabled,FAILED,,,darwin_api_not_configured,
2026-03-11,P61232,P,1L52,EXETRSD,1608,,disabled,FAILED,,,darwin_api_not_configured,
2026-03-11,P61235,P,1L53,WATRLMN,1753H,,disabled,FAILED,,,darwin_api_not_configured,
2026-03-11,P61238,P,1L54,SLSBRY,1641,,disabled,FAILED,,,darwin_api_not_configured,
2026-03-11,P61240,P,1L55,WATRLMN,1823H,,disabled,FAILED,,,darwin_api_not_configured,
2026-03-11,P61242,P,1L56,EXETRSD,1708,,disabled,FAILED,,,darwin_api_not_configured,
2026-03-11,P61245,P,1L57,WATRLMN,1853,,disabled,FAILED,,,darwin_api_not_configured,
2026-03-11,P61248,P,1L58,GLHM,1741H,,disabled,FAILED,,,darwin_api_not_configured,
2026-03-11,P61251,P,1L59,WATRLMN,1919H,,disabled,FAILED,,,darwin_api_not_configured,
2026-03-11,P61254,P,1L60,EXETRSD,1808,,disabled,FAILED,,,darwin_api_not_configured,
2026-03-11,P61257,P,1L61,WATRLMN,1954H,,disabled,FAILED,,,darwin_api_not_configured,
2026-03-11,P61260,P,1L62,SLSBRY,1841,,disabled,FAILED,,,darwin_api_not_configured,
2026-03-11,P61263,P,1L63,WATRLMN,2021,,disabled,FAILED,,,darwin_api_not_configured,
2026-03-11,P61266,P,1L64,EXETRSD,1912H,,disabled,FAILED,,,darwin_api_not_configured,
2026-03-11,P61271,P,1L65,WATRLMN,2054,,disabled,FAILED,,,darwin_api_not_configured,
2026-03-11,P61278,P,1L68,EXETRSD,2022,,disabled,FAILED,,,darwin_api_not_configured,
2026-03-11,P61281,P,1L69,WATRLMN,2154,,disabled,FAILED,,,darwin_api_not_configured,
2026-03-11,P61284,P,1L72,EXETRSD,2123,,disabled,FAILED,,,darwin_api_not_configured,
2026-03-11,P61287,P,1L73,WATRLMN,2254,,disabled,FAILED,,,darwin_api_not_configured,
2026-03-11,P61290,P,1L74,SLSBRY,2140,,disabled,FAILED,,,darwin_api_not_configured,
2026-03-11,P61292,P,1L75,WATRLMN,2325H,,disabled,FAILED,,,darwin_api_not_configured,
2026-03-11,P61294,P,1L76,EXETRSD,2220,,disabled,FAILED,,,darwin_api_not_configured,
2026-03-11,P61297,P,1L79,WATRLMN,0016,,disabled,FAILED,,,darwin_api_not_configured,
2026-03-11,P61355,P,1T17,WATRLMN,0844,,disabled,FAILED,,,darwin_api_not_configured,
2026-03-11,P61356,P,1T20,PHBR,0759,,disabled,FAILED,,,darwin_api_not_configured,
2026-03-11,P61357,P,1T21,WATRLMN,0944,,disabled,FAILED,,,darwin_api_not_configured,
2026-03-11,P61358,P,1T22,PHBR,0831,,disabled,FAILED,,,darwin_api_not_configured,
2026-03-11,P61359,P,1T38,PHBR,1229,,disabled,FAILED,,,darwin_api_not_configured,
2026-03-11,P61360,P,1T41,WATRLMN,1444,,disabled,FAILED,,,darwin_api_not_configured,
2026-03-11,P61361,P,1T42,PHBR,1333,,disabled,FAILED,,,darwin_api_not_configured,
2026-03-11,P61362,P,1T45,WATRLMN,1544,,disabled,FAILED,,,darwin_api_not_configured,
2026-03-11,P61363,O,1T46,PHBR,1430,,disabled,FAILED,,,darwin_api_not_configured,
2026-03-11,P61364,O,1T50,PHBR,1529,,disabled,FAILED,,,darwin_api_not_configured,
2026-03-11,P61365,P,1T54,PHBR,1629,,disabled,FAILED,,,darwin_api_not_configured,
2026-03-11,P61366,P,1T57,WATRLMN,1845,,disabled,FAILED,,,darwin_api_not_configured,
2026-03-11,P61367,P,1T58,PHBR,1729,,disabled,FAILED,,,darwin_api_not_configured,
2026-03-11,P61368,P,1T62,PHBR,1829,,disabled,FAILED,,,darwin_api_not_configured,
2026-03-11,P61369,O,1T65,WATRLMN,2044,,disabled,FAILED,,,darwin_api_not_configured,
2026-03-11,P61370,P,1T66,PHBR,1929,,disabled,FAILED,,,darwin_api_not_configured,
2026-03-11,P61373,O,1T70,PHBR,2028,,disabled,FAILED,,,darwin_api_not_configured,
2026-03-11,P61379,P,1V15,WATRLMN,0824,,disabled,FAILED,,,darwin_api_not_configured,
2026-03-11,P61381,P,1V23,WATRLMN,1023H,,disabled,FAILED,,,darwin_api_not_configured,
2026-03-11,P61384,P,1W06,WEYMTH,1013H,,disabled,FAILED,,,darwin_api_not_configured,
2026-03-11,P61386,P,1W08,WEYMTH,1112H,,disabled,FAILED,,,darwin_api_not_configured,
2026-03-11,P61389,P,1W12,WEYMTH,1212H,,disabled,FAILED,,,darwin_api_not_configured,
2026-03-11,P61392,P,1W16,WEYMTH,1313H,,disabled,FAILED,,,darwin_api_not_configured,
2026-03-11,P61394,P,1W17,WATRLMN,0908H,,disabled,FAILED,,,darwin_api_not_configured,
2026-03-11,P61396,P,1W18,WEYMTH,1414H,,disabled,FAILED,,,darwin_api_not_configured,
2026-03-11,P61398,P,1W19,WATRLMN,1008H,,disabled,FAILED,,,darwin_api_not_configured,
2026-03-11,P61401,P,1W20,WEYMTH,1512H,,disabled,FAILED,,,darwin_api_not_configured,
2026-03-11,P61403,P,1W21,WATRLMN,1108H,,disabled,FAILED,,,darwin_api_not_configured,
2026-03-11,P61405,P,1W22,WEYMTH,1612H,,disabled,FAILED,,,darwin_api_not_configured,
2026-03-11,P61407,P,1W23,WATRLMN,1208H,,disabled,FAILED,,,darwin_api_not_configured,
2026-03-11,P61410,P,1W24,WEYMTH,1712H,,disabled,FAILED,,,darwin_api_not_configured,
2026-03-11,P61412,P,1W25,WATRLMN,1308H,,disabled,FAILED,,,darwin_api_not_configured,
2026-03-11,P61414,P,1W26,WEYMTH,1812H,,disabled,FAILED,,,darwin_api_not_configured,
2026-03-11,P61416,P,1W27,WATRLMN,1409,,disabled,FAILED,,,darwin_api_not_configured,
2026-03-11,P61419,P,1W28,WEYMTH,1915H,,disabled,FAILED,,,darwin_api_not_configured,
2026-03-11,P61422,P,1W29,WATRLMN,1508,,disabled,FAILED,,,darwin_api_not_configured,
2026-03-11,P61425,P,1W30,WEYMTH,2012H,,disabled,FAILED,,,darwin_api_not_configured,
2026-03-11,P61427,P,1W31,WATRLMN,1608,,disabled,FAILED,,,darwin_api_not_configured,
2026-03-11,P61430,P,1W32,WEYMTH,2112H,,disabled,FAILED,,,darwin_api_not_configured,
2026-03-11,P61433,P,1W33,WATRLMN,1707,,disabled,FAILED,,,darwin_api_not_configured,
2026-03-11,P61435,P,1W35,WATRLMN,1804H,,disabled,FAILED,,,darwin_api_not_configured,
2026-03-11,P61438,P,1W36,WEYMTH,2212H,,disabled,FAILED,,,darwin_api_not_configured,
2026-03-11,P61441,P,1W37,WATRLMN,1905H,,disabled,FAILED,,,darwin_api_not_configured,
2026-03-11,P61452,P,1W52,WEYMTH,1046H,,disabled,FAILED,,,darwin_api_not_configured,
2026-03-11,P61455,P,1W54,WEYMTH,1146H,,disabled,FAILED,,,darwin_api_not_configured,
2026-03-11,P61458,P,1W56,WEYMTH,1246H,,disabled,FAILED,,,darwin_api_not_configured,
2026-03-11,P61461,P,1W57,WATRLMN,0837H,,disabled,FAILED,,,darwin_api_not_configured,
2026-03-11,P61462,P,1W58,WEYMTH,1346H,,disabled,FAILED,,,darwin_api_not_configured,
2026-03-11,P61465,P,1W60,WEYMTH,1446H,,disabled,FAILED,,,darwin_api_not_configured,
2026-03-11,P61468,P,1W62,WEYMTH,1548,,disabled,FAILED,,,darwin_api_not_configured,
2026-03-11,P61470,P,1W63,WATRLMN,1136H,,disabled,FAILED,,,darwin_api_not_configured,
2026-03-11,P61472,P,1W64,WEYMTH,1646H,,disabled,FAILED,,,darwin_api_not_configured,
2026-03-11,P61475,P,1W65,WATRLMN,1236H,,disabled,FAILED,,,darwin_api_not_configured,
2026-03-11,P61476,P,1W66,WEYMTH,1746H,,disabled,FAILED,,,darwin_api_not_configured,
2026-03-11,P61478,P,1W67,WATRLMN,1336H,,disabled,FAILED,,,darwin_api_not_configured,
2026-03-11,P61480,P,1W68,WEYMTH,1846,,disabled,FAILED,,,darwin_api_not_configured,
2026-03-11,P61483,P,1W69,WATRLMN,1436H,,disabled,FAILED,,,darwin_api_not_configured,
2026-03-11,P61484,O,1W70,WEYMTH,1946H,,disabled,FAILED,,,darwin_api_not_configured,
2026-03-11,P61486,P,1W71,WATRLMN,1536H,,disabled,FAILED,,,darwin_api_not_configured,
2026-03-11,P61488,P,1W72,WEYMTH,2046,,disabled,FAILED,,,darwin_api_not_configured,
2026-03-11,P61492,P,1W74,WEYMTH,2147,,disabled,FAILED,,,darwin_api_not_configured,
2026-03-11,P61495,P,1W77,WATRLMN,1834H,,disabled,FAILED,,,darwin_api_not_configured,
2026-03-11,P61496,P,1W78,WEYMTH,2252H,,disabled,FAILED,,,darwin_api_not_configured,
2026-03-11,P61499,P,1W79,WATRLMN,1936H,,disabled,FAILED,,,darwin_api_not_configured,
2026-03-11,P61502,P,1W83,WATRLMN,2108H,,disabled,FAILED,,,darwin_api_not_configured,
2026-03-11,P61504,O,1W85,WATRLMN,2208H,,disabled,FAILED,,,darwin_api_not_configured,
2026-03-11,P61511,P,1W93,WATRLMN,0705,,disabled,FAILED,,,darwin_api_not_configured,
2026-03-11,P61514,P,1W95,WATRLMN,0807H,,disabled,FAILED,,,darwin_api_not_configured,
2026-03-11,P61521,O,2B24,SOTON,0849,,disabled,FAILED,,,darwin_api_not_configured,
2026-03-11,P61522,P,2B77,WATRLMN,0015,,disabled,FAILED,,,darwin_api_not_configured,
2026-03-11,P61523,P,2B88,SOTON,0752,,disabled,FAILED,,,darwin_api_not_configured,
2026-03-11,P61970,P,2L07,WATRLMN,1859,,disabled,FAILED,,,darwin_api_not_configured,
2026-03-11,P61971,P,2L09,WATRLMN,1922,,disabled,FAILED,,,darwin_api_not_configured,
2026-03-11,P61973,P,2L13,WATRLMN,2033,,disabled,FAILED,,,darwin_api_not_configured,
2026-03-11,P61974,P,2L17,WATRLMN,0903,,disabled,FAILED,,,darwin_api_not_configured,
2026-03-11,P61976,P,2L18,BSNGSTK,0716,,disabled,FAILED,,,darwin_api_not_configured,
2026-03-11,P61977,P,2L21,WATRLMN,1003,,disabled,FAILED,,,darwin_api_not_configured,
2026-03-11,P61978,P,2L22,BSNGSTK,0818,,disabled,FAILED,,,darwin_api_not_configured,
2026-03-11,P61979,P,2L23,WATRLMN,1033,,disabled,FAILED,,,darwin_api_not_configured,
2026-03-11,P61980,P,2L26,BSNGSTK,0917,,disabled,FAILED,,,darwin_api_not_configured,
2026-03-11,P61981,P,2L27,WATRLMN,1133,,disabled,FAILED,,,darwin_api_not_configured,
2026-03-11,P61982,P,2L29,WATRLMN,1203,,disabled,FAILED,,,darwin_api_not_configured,
2026-03-11,P61983,P,2L30,BSNGSTK,1016,,disabled,FAILED,,,darwin_api_not_configured,
2026-03-11,P61984,P,2L31,WATRLMN,1233,,disabled,FAILED,,,darwin_api_not_configured,
2026-03-11,P61985,P,2L34,BSNGSTK,1116,,disabled,FAILED,,,darwin_api_not_configured,
2026-03-11,P61986,P,2L36,BSNGSTK,1146,,disabled,FAILED,,,darwin_api_not_configured,
2026-03-11,P61987,P,2L38,BSNGSTK,1216,,disabled,FAILED,,,darwin_api_not_configured,
2026-03-11,P61988,P,2L39,WATRLMN,1433,,disabled,FAILED,,,darwin_api_not_configured,
2026-03-11,P61989,P,2L40,BSNGSTK,1246,,disabled,FAILED,,,darwin_api_not_configured,
2026-03-11,P61990,P,2L41,WATRLMN,1503,,disabled,FAILED,,,darwin_api_not_configured,
2026-03-11,P61991,P,2L42,BSNGSTK,1316,,disabled,FAILED,,,darwin_api_not_configured,
2026-03-11,P61992,P,2L44,BSNGSTK,1346,,disabled,FAILED,,,darwin_api_not_configured,
2026-03-11,P61993,O,2L46,BSNGSTK,1416,,disabled,FAILED,,,darwin_api_not_configured,
2026-03-11,P61994,O,2L48,BSNGSTK,1446,,disabled,FAILED,,,darwin_api_not_configured,
2026-03-11,P61995,O,2L50,BSNGSTK,1516,,disabled,FAILED,,,darwin_api_not_configured,
2026-03-11,P61996,P,2L51,WATRLMN,1734,,disabled,FAILED,,,darwin_api_not_configured,
2026-03-11,P61997,P,2L54,BSNGSTK,1616,,disabled,FAILED,,,darwin_api_not_configured,
2026-03-11,P61998,P,2L58,BSNGSTK,1716,,disabled,FAILED,,,darwin_api_not_configured,
2026-03-11,P61999,P,2L62,BSNGSTK,1816,,disabled,FAILED,,,darwin_api_not_configured,
2026-03-11,P62000,O,2L64,BSNGSTK,1846,,disabled,FAILED,,,darwin_api_not_configured,
2026-03-11,P62001,O,2L66,BSNGSTK,1916,,disabled,FAILED,,,darwin_api_not_configured,
2026-03-11,P62002,P,2L67,WATRLMN,2133,,disabled,FAILED,,,darwin_api_not_configured,
2026-03-11,P62004,P,2L68,BSNGSTK,1946,,disabled,FAILED,,,darwin_api_not_configured,
2026-03-11,P62009,P,2L72,BSNGSTK,2047,,disabled,FAILED,,,darwin_api_not_configured,
2026-03-11,P62010,P,2L75,WATRLMN,2333,,disabled,FAILED,,,darwin_api_not_configured,
2026-03-11,P62012,P,2L77,WATRLMN,0011,,disabled,FAILED,,,darwin_api_not_configured,
2026-03-11,P62015,P,2L79,WATRLMN,0043,,disabled,FAILED,,,darwin_api_not_configured,
2026-03-11,P62019,P,2L82,BSNGSTK,2316,,disabled,FAILED,,,darwin_api_not_configured,
2026-03-11,P62022,P,2L90,BSNGSTK,0728,,disabled,FAILED,,,darwin_api_not_configured,
2026-03-11,P62023,P,2L97,WATRLMN,0804,,disabled,FAILED,,,darwin_api_not_configured,
2026-03-11,P62024,P,2L99,WATRLMN,0833,,disabled,FAILED,,,darwin_api_not_configured,
2026-03-11,P62300,P,2T14,PHBR,0645,,disabled,FAILED,,,darwin_api_not_configured,
2026-03-11,P62302,P,2T45,WATRLMN,1603,,disabled,FAILED,,,darwin_api_not_configured,
2026-03-11,P62303,P,2T62,PHBR,2146,,disabled,FAILED,,,darwin_api_not_configured,
2026-03-11,P62304,P,2T64,PHBR,2246,,disabled,FAILED,,,darwin_api_not_configured,
2026-03-11,P62353,P,2W82,WEYMTH,0006,,disabled,FAILED,,,darwin_api_not_configured,
2026-03-11,P62462,P,5L04,WDONPDS,1055,,disabled,FAILED,,,darwin_api_not_configured,
2026-03-11,P62537,P,5Q76,BSNGSTK,1201,,disabled,FAILED,,,darwin_api_not_configured,
2026-03-11,P62538,P,5Q78,BSNGSTK,1455,,disabled,FAILED,,,darwin_api_not_configured,
2026-03-11,P62620,P,5Y50,SLSBRYD,1452,,disabled,FAILED,,,darwin_api_not_configured,
2026-03-11,P61190,P,1L37,WATRLMN,1354,,disabled,FAILED,,,darwin_api_not_configured,
2026-03-11,P61301,P,1L80,EXETRSD,2319,,disabled,FAILED,,,darwin_api_not_configured,
2026-03-12,L72799,P,1B14,POOLE,0647,,disabled,FAILED,,,darwin_api_not_configured,
2026-03-12,L72802,P,1B18,POOLE,0746,,disabled,FAILED,,,darwin_api_not_configured,
2026-03-12,L72804,O,1B22,POOLE,0846H,,disabled,FAILED,,,darwin_api_not_configured,
2026-03-12,L72824,P,1B73,WATRLMN,2237H,,disabled,FAILED,,,darwin_api_not_configured,
2026-03-12,L72834,P,1B87,WATRLMN,0737H,,disabled,FAILED,,,darwin_api_not_configured,
2026-03-12,L73569,O,1T18,PHBR,0727,,disabled,FAILED,,,darwin_api_not_configured,
2026-03-12,L73578,P,1T25,WATRLMN,1044,,disabled,FAILED,,,darwin_api_not_configured,
2026-03-12,L73580,P,1T26,PHBR,0932,,disabled,FAILED,,,darwin_api_not_configured,
2026-03-12,L73582,P,1T29,WATRLMN,1144,,disabled,FAILED,,,darwin_api_not_configured,
2026-03-12,L73584,P,1T30,PHBR,1030,,disabled,FAILED,,,darwin_api_not_configured,
2026-03-12,L73587,P,1T33,WATRLMN,1244,,disabled,FAILED,,,darwin_api_not_configured,
2026-03-12,L73589,P,1T34,PHBR,1128,,disabled,FAILED,,,darwin_api_not_configured,
2026-03-12,L73592,P,1T37,WATRLMN,1344,,disabled,FAILED,,,darwin_api_not_configured,
2026-03-12,L73607,P,1T49,WATRLMN,1644,,disabled,FAILED,,,darwin_api_not_configured,
2026-03-12,L73612,P,1T53,WATRLMN,1744,,disabled,FAILED,,,darwin_api_not_configured,
2026-03-12,L73622,P,1T61,WATRLMN,1944,,disabled,FAILED,,,darwin_api_not_configured,
2026-03-12,L73632,P,1T69,WATRLMN,2144,,disabled,FAILED,,,darwin_api_not_configured,
2026-03-12,L73638,P,1T73,WATRLMN,2245,,disabled,FAILED,,,darwin_api_not_configured,
2026-03-12,L73756,P,1W59,WATRLMN,0936H,,disabled,FAILED,,,darwin_api_not_configured,
2026-03-12,L73762,P,1W61,WATRLMN,1036H,,disabled,FAILED,,,darwin_api_not_configured,
2026-03-12,L73792,P,1W73,WATRLMN,1636H,,disabled,FAILED,,,darwin_api_not_configured,
2026-03-12,L73797,P,1W75,WATRLMN,1734H,,disabled,FAILED,,,darwin_api_not_configured,
2026-03-12,L73808,P,1W81,WATRLMN,2008,,disabled,FAILED,,,darwin_api_not_configured,
2026-03-12,L73819,P,1W91,WATRLMN,0608H,,disabled,FAILED,,,darwin_api_not_configured,
2026-03-12,L73886,P,2B12,SOTON,0556,,disabled,FAILED,,,darwin_api_not_configured,
2026-03-12,L73938,P,2B49,WATRLMN,1705,,disabled,FAILED,,,darwin_api_not_configured,
2026-03-12,L73943,P,2B53,WATRLMN,1758,,disabled,FAILED,,,darwin_api_not_configured,
2026-03-12,L75508,O,2L10,BSNGSTK,0516,,disabled,FAILED,,,darwin_api_not_configured,
2026-03-12,L75510,P,2L11,WATRLMN,2002,,disabled,FAILED,,,darwin_api_not_configured,
2026-03-12,L75513,P,2L14,BSNGSTK,0612,,disabled,FAILED,,,darwin_api_not_configured,
2026-03-12,L75519,P,2L19,WATRLMN,0933,,disabled,FAILED,,,darwin_api_not_configured,
2026-03-12,L75532,P,2L25,WATRLMN,1103,,disabled,FAILED,,,darwin_api_not_configured,
2026-03-12,L75539,P,2L28,BSNGSTK,0946,,disabled,FAILED,,,darwin_api_not_configured,
2026-03-12,L75549,P,2L32,BSNGSTK,1046,,disabled,FAILED,,,darwin_api_not_configured,
2026-03-12,L75552,P,2L33,WATRLMN,1303,,disabled,FAILED,,,darwin_api_not_configured,
2026-03-12,L75557,P,2L35,WATRLMN,1333,,disabled,FAILED,,,darwin_api_not_configured,
2026-03-12,L75562,P,2L37,WATRLMN,1403,,disabled,FAILED,,,darwin_api_not_configured,
2026-03-12,L75577,P,2L43,WATRLMN,1533,,disabled,FAILED,,,darwin_api_not_configured,
2026-03-12,L75587,P,2L47,WATRLMN,1633,,disabled,FAILED,,,darwin_api_not_configured,
2026-03-12,L75601,P,2L52,BSNGSTK,1546,,disabled,FAILED,,,darwin_api_not_configured,
2026-03-12,L75609,P,2L55,WATRLMN,1828,,disabled,FAILED,,,darwin_api_not_configured,
2026-03-12,L75612,P,2L56,BSNGSTK,1646,,disabled,FAILED,,,darwin_api_not_configured,
2026-03-12,L75622,P,2L60,BSNGSTK,1746,,disabled,FAILED,,,darwin_api_not_configured,
2026-03-12,L75650,P,2L71,WATRLMN,2233,,disabled,FAILED,,,darwin_api_not_configured,
2026-03-12,L75679,P,2L88,BSNGSTK,0701,,disabled,FAILED,,,darwin_api_not_configured,
2026-03-12,L76587,P,2T09,WOKING,0634,,disabled,FAILED,,,darwin_api_not_configured,
2026-03-12,L76589,P,2T13,WATRLMN,0734,,disabled,FAILED,,,darwin_api_not_configured,
2026-03-12,L76893,P,3L26,WATRLMN,0828,,disabled,FAILED,,,darwin_api_not_configured,
2026-03-12,L77005,P,5B39,WDONPDS,0959,,disabled,FAILED,,,darwin_api_not_configured,
2026-03-12,L77106,O,5B81,WATRLMN,0859H,,disabled,FAILED,,,darwin_api_not_configured,
2026-03-12,L77109,O,5B83,WATRLMN,0927,,disabled,FAILED,,,darwin_api_not_configured,
2026-03-12,L77124,O,5B97,CLPHMYS,1116,,disabled,FAILED,,,darwin_api_not_configured,
2026-03-12,L78033,P,5Q75,CLPHMYS,1127,,disabled,FAILED,,,darwin_api_not_configured,
2026-03-12,L78035,P,5Q77,WATRLMN,1417H,,disabled,FAILED,,,darwin_api_not_configured,
2026-03-12,L78377,P,5Y51,BOMOCSD,1633,,disabled,FAILED,,,darwin_api_not_configured,
2026-03-12,L78443,P,5Y96,NTHMDEP,1255,,disabled,FAILED,,,darwin_api_not_configured,
2026-03-12,P60981,P,1B24,POOLE,0914,,disabled,FAILED,,,darwin_api_not_configured,
2026-03-12,P60982,O,1B26,POOLE,0947H,,disabled,FAILED,,,darwin_api_not_configured,
2026-03-12,P60983,P,1B65,WATRLMN,2036H,,disabled,FAILED,,,darwin_api_not_configured,
2026-03-12,P60987,O,1B69,WATRLMN,2136H,,disabled,FAILED,,,darwin_api_not_configured,
2026-03-12,P60989,P,1B75,WATRLMN,2307H,,disabled,FAILED,,,darwin_api_not_configured,
2026-03-12,P60991,P,1B77,WATRLMN,2340,,disabled,FAILED,,,darwin_api_not_configured,
2026-03-12,P60993,P,1B90,POOLE,0716,,disabled,FAILED,,,darwin_api_not_configured,
2026-03-12,P60994,P,1B94,BOMO,0814H,,disabled,FAILED,,,darwin_api_not_configured,
2026-03-12,P61124,P,1L11,WATRLMN,0710,,disabled,FAILED,,,darwin_api_not_configured,
2026-03-12,P61126,P,1L12,SLSBRY,0605,,disabled,FAILED,,,darwin_api_not_configured,
2026-03-12,P61128,P,1L13,WATRLMN,0743H,,disabled,FAILED,,,darwin_api_not_configured,
2026-03-12,P61131,P,1L14,SLSBRY,0638H,,disabled,FAILED,,,darwin_api_not_configured,
2026-03-12,P61134,P,1L16,YOVILJN,0702,,disabled,FAILED,,,darwin_api_not_configured,
2026-03-12,P61138,P,1L17,WATRLMN,0854,,disabled,FAILED,,,darwin_api_not_configured,
2026-03-12,P61139,P,1L18,YOVILPM,0740H,,disabled,FAILED,,,darwin_api_not_configured,
2026-03-12,P61142,P,1L19,WATRLMN,0924,,disabled,FAILED,,,darwin_api_not_configured,
2026-03-12,P61144,P,1L20,EXETRSD,0810H,,disabled,FAILED,,,darwin_api_not_configured,
2026-03-12,P61149,P,1L21,WATRLMN,0954,,disabled,FAILED,,,darwin_api_not_configured,
2026-03-12,P61150,O,1L22,HONITON,0840,,disabled,FAILED,,,darwin_api_not_configured,
2026-03-12,P61154,P,1L24,YOVILPM,0910H,,disabled,FAILED,,,darwin_api_not_configured,
2026-03-12,P61159,P,1L25,WATRLMN,1054,,disabled,FAILED,,,darwin_api_not_configured,
2026-03-12,P61160,O,1L26,EXETRSD,0941,,disabled,FAILED,,,darwin_api_not_configured,
2026-03-12,P61162,P,1L27,WATRLMN,1123H,,disabled,FAILED,,,darwin_api_not_configured,
2026-03-12,P61165,O,1L28,EXETRSD,1008H,,disabled,FAILED,,,darwin_api_not_configured,
2026-03-12,P61170,P,1L29,WATRLMN,1154,,disabled,FAILED,,,darwin_api_not_configured,
2026-03-12,P61171,P,1L30,GLHM,1041,,disabled,FAILED,,,darwin_api_not_configured,
2026-03-12,P61173,P,1L31,WATRLMN,1224,,disabled,FAILED,,,darwin_api_not_configured,
2026-03-12,P61176,P,1L32,EXETRSD,1108,,disabled,FAILED,,,darwin_api_not_configured,
2026-03-12,P61179,P,1L33,WATRLMN,1255,,disabled,FAILED,,,darwin_api_not_configured,
2026-03-12,P61182,P,1L34,SLSBRY,1141,,disabled,FAILED,,,darwin_api_not_configured,
2026-03-12,P61184,P,1L35,WATRLMN,1323H,,disabled,FAILED,,,darwin_api_not_configured,
2026-03-12,P61187,P,1L36,EXETRSD,1208,,disabled,FAILED,,,darwin_api_not_configured,
2026-03-12,P61191,P,1L37,WATRLMN,1354,,disabled,FAILED,,,darwin_api_not_configured,
2026-03-12,P61194,P,1L38,SLSBRY,1241,,disabled,FAILED,,,darwin_api_not_configured,
2026-03-12,P61196,P,1L39,WATRLMN,1424H,,disabled,FAILED,,,darwin_api_not_configured,
2026-03-12,P61199,P,1L40,EXETRSD,1308,,disabled,FAILED,,,darwin_api_not_configured,
2026-03-12,P61202,P,1L41,WATRLMN,1454,,disabled,FAILED,,,darwin_api_not_configured,
2026-03-12,P61205,P,1L42,SLSBRY,1341H,,disabled,FAILED,,,darwin_api_not_configured,
2026-03-12,P61207,P,1L43,WATRLMN,1523H,,disabled,FAILED,,,darwin_api_not_configured,
2026-03-12,P61210,P,1L44,EXETRSD,1408,,disabled,FAILED,,,darwin_api_not_configured,
2026-03-12,P61213,P,1L45,WATRLMN,1554,,disabled,FAILED,,,darwin_api_not_configured,
2026-03-12,P61216,P,1L46,SLSBRY,1440H,,disabled,FAILED,,,darwin_api_not_configured,
2026-03-12,P61218,P,1L47,WATRLMN,1623H,,disabled,FAILED,,,darwin_api_not_configured,
2026-03-12,P61221,P,1L48,EXETRSD,1508,,disabled,FAILED,,,darwin_api_not_configured,
2026-03-12,P61224,P,1L49,WATRLMN,1654,,disabled,FAILED,,,darwin_api_not_configured,
2026-03-12,P61227,P,1L50,SLSBRY,1541,,disabled,FAILED,,,darwin_api_not_configured,
2026-03-12,P61231,P,1L51,WATRLMN,1722,,disabled,FAILED,,,darwin_api_not_configured,
2026-03-12,P61232,P,1L52,EXETRSD,1608,,disabled,FAILED,,,darwin_api_not_configured,
2026-03-12,P61235,P,1L53,WATRLMN,1753H,,disabled,FAILED,,,darwin_api_not_configured,
2026-03-12,P61238,P,1L54,SLSBRY,1641,,disabled,FAILED,,,darwin_api_not_configured,
2026-03-12,P61240,P,1L55,WATRLMN,1823H,,disabled,FAILED,,,darwin_api_not_configured,
2026-03-12,P61242,P,1L56,EXETRSD,1708,,disabled,FAILED,,,darwin_api_not_configured,
2026-03-12,P61245,P,1L57,WATRLMN,1853,,disabled,FAILED,,,darwin_api_not_configured,
2026-03-12,P61248,P,1L58,GLHM,1741H,,disabled,FAILED,,,darwin_api_not_configured,
2026-03-12,P61251,P,1L59,WATRLMN,1919H,,disabled,FAILED,,,darwin_api_not_configured,
2026-03-12,P61254,P,1L60,EXETRSD,1808,,disabled,FAILED,,,darwin_api_not_configured,
2026-03-12,P61257,P,1L61,WATRLMN,1954H,,disabled,FAILED,,,darwin_api_not_configured,
2026-03-12,P61260,P,1L62,SLSBRY,1841,,disabled,FAILED,,,darwin_api_not_configured,
2026-03-12,P61263,P,1L63,WATRLMN,2021,,disabled,FAILED,,,darwin_api_not_configured,
2026-03-12,P61266,P,1L64,EXETRSD,1912H,,disabled,FAILED,,,darwin_api_not_configured,
2026-03-12,P61271,P,1L65,WATRLMN,2054,,disabled,FAILED,,,darwin_api_not_configured,
2026-03-12,P61278,P,1L68,EXETRSD,2022,,disabled,FAILED,,,darwin_api_not_configured,
2026-03-12,P61281,P,1L69,WATRLMN,2154,,disabled,FAILED,,,darwin_api_not_configured,
2026-03-12,P61284,P,1L72,EXETRSD,2123,,disabled,FAILED,,,darwin_api_not_configured,
2026-03-12,P61287,P,1L73,WATRLMN,2254,,disabled,FAILED,,,darwin_api_not_configured,
2026-03-12,P61290,P,1L74,SLSBRY,2140,,disabled,FAILED,,,darwin_api_not_configured,
2026-03-12,P61292,P,1L75,WATRLMN,2325H,,disabled,FAILED,,,darwin_api_not_configured,
2026-03-12,P61294,P,1L76,EXETRSD,2220,,disabled,FAILED,,,darwin_api_not_configured,
2026-03-12,P61297,P,1L79,WATRLMN,0016,,disabled,FAILED,,,darwin_api_not_configured,
2026-03-12,P61355,P,1T17,WATRLMN,0844,,disabled,FAILED,,,darwin_api_not_configured,
2026-03-12,P61356,P,1T20,PHBR,0759,,disabled,FAILED,,,darwin_api_not_configured,
2026-03-12,P61357,P,1T21,WATRLMN,0944,,disabled,FAILED,,,darwin_api_not_configured,
2026-03-12,P61358,P,1T22,PHBR,0831,,disabled,FAILED,,,darwin_api_not_configured,
2026-03-12,P61359,P,1T38,PHBR,1229,,disabled,FAILED,,,darwin_api_not_configured,
2026-03-12,P61360,P,1T41,WATRLMN,1444,,disabled,FAILED,,,darwin_api_not_configured,
2026-03-12,P61361,P,1T42,PHBR,1333,,disabled,FAILED,,,darwin_api_not_configured,
2026-03-12,P61362,P,1T45,WATRLMN,1544,,disabled,FAILED,,,darwin_api_not_configured,
2026-03-12,P61363,O,1T46,PHBR,1430,,disabled,FAILED,,,darwin_api_not_configured,
2026-03-12,P61364,O,1T50,PHBR,1529,,disabled,FAILED,,,darwin_api_not_configured,
2026-03-12,P61365,P,1T54,PHBR,1629,,disabled,FAILED,,,darwin_api_not_configured,
2026-03-12,P61366,P,1T57,WATRLMN,1845,,disabled,FAILED,,,darwin_api_not_configured,
2026-03-12,P61367,P,1T58,PHBR,1729,,disabled,FAILED,,,darwin_api_not_configured,
2026-03-12,P61368,P,1T62,PHBR,1829,,disabled,FAILED,,,darwin_api_not_configured,
2026-03-12,P61369,O,1T65,WATRLMN,2044,,disabled,FAILED,,,darwin_api_not_configured,
2026-03-12,P61370,P,1T66,PHBR,1929,,disabled,FAILED,,,darwin_api_not_configured,
2026-03-12,P61373,O,1T70,PHBR,2028,,disabled,FAILED,,,darwin_api_not_configured,
2026-03-12,P61379,P,1V15,WATRLMN,0824,,disabled,FAILED,,,darwin_api_not_configured,
2026-03-12,P61381,P,1V23,WATRLMN,1023H,,disabled,FAILED,,,darwin_api_not_configured,
2026-03-12,P61384,P,1W06,WEYMTH,1013H,,disabled,FAILED,,,darwin_api_not_configured,
2026-03-12,P61386,P,1W08,WEYMTH,1112H,,disabled,FAILED,,,darwin_api_not_configured,
2026-03-12,P61389,P,1W12,WEYMTH,1212H,,disabled,FAILED,,,darwin_api_not_configured,
2026-03-12,P61392,P,1W16,WEYMTH,1313H,,disabled,FAILED,,,darwin_api_not_configured,
2026-03-12,P61394,P,1W17,WATRLMN,0908H,,disabled,FAILED,,,darwin_api_not_configured,
2026-03-12,P61396,P,1W18,WEYMTH,1414H,,disabled,FAILED,,,darwin_api_not_configured,
2026-03-12,P61398,P,1W19,WATRLMN,1008H,,disabled,FAILED,,,darwin_api_not_configured,
2026-03-12,P61401,P,1W20,WEYMTH,1512H,,disabled,FAILED,,,darwin_api_not_configured,
2026-03-12,P61403,P,1W21,WATRLMN,1108H,,disabled,FAILED,,,darwin_api_not_configured,
2026-03-12,P61405,P,1W22,WEYMTH,1612H,,disabled,FAILED,,,darwin_api_not_configured,
2026-03-12,P61407,P,1W23,WATRLMN,1208H,,disabled,FAILED,,,darwin_api_not_configured,
2026-03-12,P61410,P,1W24,WEYMTH,1712H,,disabled,FAILED,,,darwin_api_not_configured,
2026-03-12,P61412,P,1W25,WATRLMN,1308H,,disabled,FAILED,,,darwin_api_not_configured,
2026-03-12,P61414,P,1W26,WEYMTH,1812H,,disabled,FAILED,,,darwin_api_not_configured,
2026-03-12,P61416,P,1W27,WATRLMN,1409,,disabled,FAILED,,,darwin_api_not_configured,
2026-03-12,P61419,P,1W28,WEYMTH,1915H,,disabled,FAILED,,,darwin_api_not_configured,
2026-03-12,P61422,P,1W29,WATRLMN,1508,,disabled,FAILED,,,darwin_api_not_configured,
2026-03-12,P61425,P,1W30,WEYMTH,2012H,,disabled,FAILED,,,darwin_api_not_configured,
2026-03-12,P61427,P,1W31,WATRLMN,1608,,disabled,FAILED,,,darwin_api_not_configured,
2026-03-12,P61430,P,1W32,WEYMTH,2112H,,disabled,FAILED,,,darwin_api_not_configured,
2026-03-12,P61433,P,1W33,WATRLMN,1707,,disabled,FAILED,,,darwin_api_not_configured,
2026-03-12,P61435,P,1W35,WATRLMN,1804H,,disabled,FAILED,,,darwin_api_not_configured,
2026-03-12,P61438,P,1W36,WEYMTH,2212H,,disabled,FAILED,,,darwin_api_not_configured,
2026-03-12,P61441,P,1W37,WATRLMN,1905H,,disabled,FAILED,,,darwin_api_not_configured,
2026-03-12,P61452,P,1W52,WEYMTH,1046H,,disabled,FAILED,,,darwin_api_not_configured,
2026-03-12,P61455,P,1W54,WEYMTH,1146H,,disabled,FAILED,,,darwin_api_not_configured,
2026-03-12,P61458,P,1W56,WEYMTH,1246H,,disabled,FAILED,,,darwin_api_not_configured,
2026-03-12,P61461,P,1W57,WATRLMN,0837H,,disabled,FAILED,,,darwin_api_not_configured,
2026-03-12,P61462,P,1W58,WEYMTH,1346H,,disabled,FAILED,,,darwin_api_not_configured,
2026-03-12,P61465,P,1W60,WEYMTH,1446H,,disabled,FAILED,,,darwin_api_not_configured,
2026-03-12,P61468,P,1W62,WEYMTH,1548,,disabled,FAILED,,,darwin_api_not_configured,
2026-03-12,P61470,P,1W63,WATRLMN,1136H,,disabled,FAILED,,,darwin_api_not_configured,
2026-03-12,P61472,P,1W64,WEYMTH,1646H,,disabled,FAILED,,,darwin_api_not_configured,
2026-03-12,P61475,P,1W65,WATRLMN,1236H,,disabled,FAILED,,,darwin_api_not_configured,
2026-03-12,P61476,P,1W66,WEYMTH,1746H,,disabled,FAILED,,,darwin_api_not_configured,
2026-03-12,P61478,P,1W67,WATRLMN,1336H,,disabled,FAILED,,,darwin_api_not_configured,
2026-03-12,P61480,P,1W68,WEYMTH,1846,,disabled,FAILED,,,darwin_api_not_configured,
2026-03-12,P61483,P,1W69,WATRLMN,1436H,,disabled,FAILED,,,darwin_api_not_configured,
2026-03-12,P61484,O,1W70,WEYMTH,1946H,,disabled,FAILED,,,darwin_api_not_configured,
2026-03-12,P61486,P,1W71,WATRLMN,1536H,,disabled,FAILED,,,darwin_api_not_configured,
2026-03-12,P61488,P,1W72,WEYMTH,2046,,disabled,FAILED,,,darwin_api_not_configured,
2026-03-12,P61492,P,1W74,WEYMTH,2147,,disabled,FAILED,,,darwin_api_not_configured,
2026-03-12,P61495,P,1W77,WATRLMN,1834H,,disabled,FAILED,,,darwin_api_not_configured,
2026-03-12,P61496,P,1W78,WEYMTH,2252H,,disabled,FAILED,,,darwin_api_not_configured,
2026-03-12,P61499,P,1W79,WATRLMN,1936H,,disabled,FAILED,,,darwin_api_not_configured,
2026-03-12,P61502,P,1W83,WATRLMN,2108H,,disabled,FAILED,,,darwin_api_not_configured,
2026-03-12,P61504,O,1W85,WATRLMN,2208H,,disabled,FAILED,,,darwin_api_not_configured,
2026-03-12,P61511,P,1W93,WATRLMN,0705,,disabled,FAILED,,,darwin_api_not_configured,
2026-03-12,P61514,P,1W95,WATRLMN,0807H,,disabled,FAILED,,,darwin_api_not_configured,
2026-03-12,P61521,O,2B24,SOTON,0849,,disabled,FAILED,,,darwin_api_not_configured,
2026-03-12,P61522,P,2B77,WATRLMN,0015,,disabled,FAILED,,,darwin_api_not_configured,
2026-03-12,P61523,P,2B88,SOTON,0752,,disabled,FAILED,,,darwin_api_not_configured,
2026-03-12,P61970,P,2L07,WATRLMN,1859,,disabled,FAILED,,,darwin_api_not_configured,
2026-03-12,P61971,P,2L09,WATRLMN,1922,,disabled,FAILED,,,darwin_api_not_configured,
2026-03-12,P61973,P,2L13,WATRLMN,2033,,disabled,FAILED,,,darwin_api_not_configured,
2026-03-12,P61974,P,2L17,WATRLMN,0903,,disabled,FAILED,,,darwin_api_not_configured,
2026-03-12,P61976,P,2L18,BSNGSTK,0716,,disabled,FAILED,,,darwin_api_not_configured,
2026-03-12,P61977,P,2L21,WATRLMN,1003,,disabled,FAILED,,,darwin_api_not_configured,
2026-03-12,P61978,P,2L22,BSNGSTK,0818,,disabled,FAILED,,,darwin_api_not_configured,
2026-03-12,P61979,P,2L23,WATRLMN,1033,,disabled,FAILED,,,darwin_api_not_configured,
2026-03-12,P61980,P,2L26,BSNGSTK,0917,,disabled,FAILED,,,darwin_api_not_configured,
2026-03-12,P61981,P,2L27,WATRLMN,1133,,disabled,FAILED,,,darwin_api_not_configured,
2026-03-12,P61982,P,2L29,WATRLMN,1203,,disabled,FAILED,,,darwin_api_not_configured,
2026-03-12,P61983,P,2L30,BSNGSTK,1016,,disabled,FAILED,,,darwin_api_not_configured,
2026-03-12,P61984,P,2L31,WATRLMN,1233,,disabled,FAILED,,,darwin_api_not_configured,
2026-03-12,P61985,P,2L34,BSNGSTK,1116,,disabled,FAILED,,,darwin_api_not_configured,
2026-03-12,P61986,P,2L36,BSNGSTK,1146,,disabled,FAILED,,,darwin_api_not_configured,
2026-03-12,P61987,P,2L38,BSNGSTK,1216,,disabled,FAILED,,,darwin_api_not_configured,
2026-03-12,P61988,P,2L39,WATRLMN,1433,,disabled,FAILED,,,darwin_api_not_configured,
2026-03-12,P61989,P,2L40,BSNGSTK,1246,,disabled,FAILED,,,darwin_api_not_configured,
2026-03-12,P61990,P,2L41,WATRLMN,1503,,disabled,FAILED,,,darwin_api_not_configured,
2026-03-12,P61991,P,2L42,BSNGSTK,1316,,disabled,FAILED,,,darwin_api_not_configured,
2026-03-12,P61992,P,2L44,BSNGSTK,1346,,disabled,FAILED,,,darwin_api_not_configured,
2026-03-12,P61993,O,2L46,BSNGSTK,1416,,disabled,FAILED,,,darwin_api_not_configured,
2026-03-12,P61994,O,2L48,BSNGSTK,1446,,disabled,FAILED,,,darwin_api_not_configured,
2026-03-12,P61995,O,2L50,BSNGSTK,1516,,disabled,FAILED,,,darwin_api_not_configured,
2026-03-12,P61996,P,2L51,WATRLMN,1734,,disabled,FAILED,,,darwin_api_not_configured,
2026-03-12,P61997,P,2L54,BSNGSTK,1616,,disabled,FAILED,,,darwin_api_not_configured,
2026-03-12,P61998,P,2L58,BSNGSTK,1716,,disabled,FAILED,,,darwin_api_not_configured,
2026-03-12,P61999,P,2L62,BSNGSTK,1816,,disabled,FAILED,,,darwin_api_not_configured,
2026-03-12,P62000,O,2L64,BSNGSTK,1846,,disabled,FAILED,,,darwin_api_not_configured,
2026-03-12,P62001,O,2L66,BSNGSTK,1916,,disabled,FAILED,,,darwin_api_not_configured,
2026-03-12,P62002,P,2L67,WATRLMN,2133,,disabled,FAILED,,,darwin_api_not_configured,
2026-03-12,P62004,P,2L68,BSNGSTK,1946,,disabled,FAILED,,,darwin_api_not_configured,
2026-03-12,P62009,P,2L72,BSNGSTK,2047,,disabled,FAILED,,,darwin_api_not_configured,
2026-03-12,P62010,P,2L75,WATRLMN,2333,,disabled,FAILED,,,darwin_api_not_configured,
2026-03-12,P62012,P,2L77,WATRLMN,0011,,disabled,FAILED,,,darwin_api_not_configured,
2026-03-12,P62015,P,2L79,WATRLMN,0043,,disabled,FAILED,,,darwin_api_not_configured,
2026-03-12,P62019,P,2L82,BSNGSTK,2316,,disabled,FAILED,,,darwin_api_not_configured,
2026-03-12,P62022,P,2L90,BSNGSTK,0728,,disabled,FAILED,,,darwin_api_not_configured,
2026-03-12,P62023,P,2L97,WATRLMN,0804,,disabled,FAILED,,,darwin_api_not_configured,
2026-03-12,P62024,P,2L99,WATRLMN,0833,,disabled,FAILED,,,darwin_api_not_configured,
2026-03-12,P62300,P,2T14,PHBR,0645,,disabled,FAILED,,,darwin_api_not_configured,
2026-03-12,P62302,P,2T45,WATRLMN,1603,,disabled,FAILED,,,darwin_api_not_configured,
2026-03-12,P62303,P,2T62,PHBR,2146,,disabled,FAILED,,,darwin_api_not_configured,
2026-03-12,P62304,P,2T64,PHBR,2246,,disabled,FAILED,,,darwin_api_not_configured,
2026-03-12,P62353,P,2W82,WEYMTH,0006,,disabled,FAILED,,,darwin_api_not_configured,
2026-03-12,P62462,P,5L04,WDONPDS,1055,,disabled,FAILED,,,darwin_api_not_configured,
2026-03-12,P62537,P,5Q76,BSNGSTK,1201,,disabled,FAILED,,,darwin_api_not_configured,
2026-03-12,P62538,P,5Q78,BSNGSTK,1455,,disabled,FAILED,,,darwin_api_not_configured,
2026-03-12,P62620,P,5Y50,SLSBRYD,1452,,disabled,FAILED,,,darwin_api_not_configured,
2026-03-12,P61301,P,1L80,EXETRSD,2319,,disabled,FAILED,,,darwin_api_not_configured,
2026-03-13,L72799,P,1B14,POOLE,0647,,disabled,FAILED,,,darwin_api_not_configured,
2026-03-13,L72802,P,1B18,POOLE,0746,,disabled,FAILED,,,darwin_api_not_configured,
2026-03-13,L72804,O,1B22,POOLE,0846H,,disabled,FAILED,,,darwin_api_not_configured,
2026-03-13,L72824,P,1B73,WATRLMN,2237H,,disabled,FAILED,,,darwin_api_not_configured,
2026-03-13,L72834,P,1B87,WATRLMN,0737H,,disabled,FAILED,,,darwin_api_not_configured,
2026-03-13,L73569,O,1T18,PHBR,0727,,disabled,FAILED,,,darwin_api_not_configured,
2026-03-13,L73578,P,1T25,WATRLMN,1044,,disabled,FAILED,,,darwin_api_not_configured,
2026-03-13,L73580,P,1T26,PHBR,0932,,disabled,FAILED,,,darwin_api_not_configured,
2026-03-13,L73582,P,1T29,WATRLMN,1144,,disabled,FAILED,,,darwin_api_not_configured,
2026-03-13,L73584,P,1T30,PHBR,1030,,disabled,FAILED,,,darwin_api_not_configured,
2026-03-13,L73587,P,1T33,WATRLMN,1244,,disabled,FAILED,,,darwin_api_not_configured,
2026-03-13,L73589,P,1T34,PHBR,1128,,disabled,FAILED,,,darwin_api_not_configured,
2026-03-13,L73592,P,1T37,WATRLMN,1344,,disabled,FAILED,,,darwin_api_not_configured,
2026-03-13,L73607,P,1T49,WATRLMN,1644,,disabled,FAILED,,,darwin_api_not_configured,
2026-03-13,L73612,P,1T53,WATRLMN,1744,,disabled,FAILED,,,darwin_api_not_configured,
2026-03-13,L73622,P,1T61,WATRLMN,1944,,disabled,FAILED,,,darwin_api_not_configured,
2026-03-13,L73632,P,1T69,WATRLMN,2144,,disabled,FAILED,,,darwin_api_not_configured,
2026-03-13,L73638,P,1T73,WATRLMN,2245,,disabled,FAILED,,,darwin_api_not_configured,
2026-03-13,L73756,P,1W59,WATRLMN,0936H,,disabled,FAILED,,,darwin_api_not_configured,
2026-03-13,L73762,P,1W61,WATRLMN,1036H,,disabled,FAILED,,,darwin_api_not_configured,
2026-03-13,L73792,P,1W73,WATRLMN,1636H,,disabled,FAILED,,,darwin_api_not_configured,
2026-03-13,L73797,P,1W75,WATRLMN,1734H,,disabled,FAILED,,,darwin_api_not_configured,
2026-03-13,L73808,P,1W81,WATRLMN,2008,,disabled,FAILED,,,darwin_api_not_configured,
2026-03-13,L73819,P,1W91,WATRLMN,0608H,,disabled,FAILED,,,darwin_api_not_configured,
2026-03-13,L73886,P,2B12,SOTON,0556,,disabled,FAILED,,,darwin_api_not_configured,
2026-03-13,L73938,P,2B49,WATRLMN,1705,,disabled,FAILED,,,darwin_api_not_configured,
2026-03-13,L73943,P,2B53,WATRLMN,1758,,disabled,FAILED,,,darwin_api_not_configured,
2026-03-13,L75508,O,2L10,BSNGSTK,0516,,disabled,FAILED,,,darwin_api_not_configured,
2026-03-13,L75510,P,2L11,WATRLMN,2002,,disabled,FAILED,,,darwin_api_not_configured,
2026-03-13,L75513,P,2L14,BSNGSTK,0612,,disabled,FAILED,,,darwin_api_not_configured,
2026-03-13,L75519,P,2L19,WATRLMN,0933,,disabled,FAILED,,,darwin_api_not_configured,
2026-03-13,L75532,P,2L25,WATRLMN,1103,,disabled,FAILED,,,darwin_api_not_configured,
2026-03-13,L75539,P,2L28,BSNGSTK,0946,,disabled,FAILED,,,darwin_api_not_configured,
2026-03-13,L75549,P,2L32,BSNGSTK,1046,,disabled,FAILED,,,darwin_api_not_configured,
2026-03-13,L75552,P,2L33,WATRLMN,1303,,disabled,FAILED,,,darwin_api_not_configured,
2026-03-13,L75557,P,2L35,WATRLMN,1333,,disabled,FAILED,,,darwin_api_not_configured,
2026-03-13,L75562,P,2L37,WATRLMN,1403,,disabled,FAILED,,,darwin_api_not_configured,
2026-03-13,L75577,P,2L43,WATRLMN,1533,,disabled,FAILED,,,darwin_api_not_configured,
2026-03-13,L75587,P,2L47,WATRLMN,1633,,disabled,FAILED,,,darwin_api_not_configured,
2026-03-13,L75601,P,2L52,BSNGSTK,1546,,disabled,FAILED,,,darwin_api_not_configured,
2026-03-13,L75609,P,2L55,WATRLMN,1828,,disabled,FAILED,,,darwin_api_not_configured,
2026-03-13,L75612,P,2L56,BSNGSTK,1646,,disabled,FAILED,,,darwin_api_not_configured,
2026-03-13,L75622,P,2L60,BSNGSTK,1746,,disabled,FAILED,,,darwin_api_not_configured,
2026-03-13,L75679,P,2L88,BSNGSTK,0701,,disabled,FAILED,,,darwin_api_not_configured,
2026-03-13,L76587,P,2T09,WOKING,0634,,disabled,FAILED,,,darwin_api_not_configured,
2026-03-13,L76589,P,2T13,WATRLMN,0734,,disabled,FAILED,,,darwin_api_not_configured,
2026-03-13,L76893,P,3L26,WATRLMN,0828,,disabled,FAILED,,,darwin_api_not_configured,
2026-03-13,L77005,P,5B39,WDONPDS,0959,,disabled,FAILED,,,darwin_api_not_configured,
2026-03-13,L77106,O,5B81,WATRLMN,0859H,,disabled,FAILED,,,darwin_api_not_configured,
2026-03-13,L77109,O,5B83,WATRLMN,0927,,disabled,FAILED,,,darwin_api_not_configured,
2026-03-13,L77124,O,5B97,CLPHMYS,1116,,disabled,FAILED,,,darwin_api_not_configured,
2026-03-13,L78033,P,5Q75,CLPHMYS,1127,,disabled,FAILED,,,darwin_api_not_configured,
2026-03-13,L78035,P,5Q77,WATRLMN,1417H,,disabled,FAILED,,,darwin_api_not_configured,
2026-03-13,L78377,P,5Y51,BOMOCSD,1633,,disabled,FAILED,,,darwin_api_not_configured,
2026-03-13,P60981,P,1B24,POOLE,0914,,disabled,FAILED,,,darwin_api_not_configured,
2026-03-13,P60982,O,1B26,POOLE,0947H,,disabled,FAILED,,,darwin_api_not_configured,
2026-03-13,P60983,P,1B65,WATRLMN,2036H,,disabled,FAILED,,,darwin_api_not_configured,
2026-03-13,P60987,O,1B69,WATRLMN,2136H,,disabled,FAILED,,,darwin_api_not_configured,
2026-03-13,P60993,P,1B90,POOLE,0716,,disabled,FAILED,,,darwin_api_not_configured,
2026-03-13,P60994,P,1B94,BOMO,0814H,,disabled,FAILED,,,darwin_api_not_configured,
2026-03-13,P61124,P,1L11,WATRLMN,0710,,disabled,FAILED,,,darwin_api_not_configured,
2026-03-13,P61126,P,1L12,SLSBRY,0605,,disabled,FAILED,,,darwin_api_not_configured,
2026-03-13,P61128,P,1L13,WATRLMN,0743H,,disabled,FAILED,,,darwin_api_not_configured,
2026-03-13,P61131,P,1L14,SLSBRY,0638H,,disabled,FAILED,,,darwin_api_not_configured,
2026-03-13,P61134,P,1L16,YOVILJN,0702,,disabled,FAILED,,,darwin_api_not_configured,
2026-03-13,P61138,P,1L17,WATRLMN,0854,,disabled,FAILED,,,darwin_api_not_configured,
2026-03-13,P61139,P,1L18,YOVILPM,0740H,,disabled,FAILED,,,darwin_api_not_configured,
2026-03-13,P61142,P,1L19,WATRLMN,0924,,disabled,FAILED,,,darwin_api_not_configured,
2026-03-13,P61144,P,1L20,EXETRSD,0810H,,disabled,FAILED,,,darwin_api_not_configured,
2026-03-13,P61149,P,1L21,WATRLMN,0954,,disabled,FAILED,,,darwin_api_not_configured,
2026-03-13,P61150,O,1L22,HONITON,0840,,disabled,FAILED,,,darwin_api_not_configured,
2026-03-13,P61154,P,1L24,YOVILPM,0910H,,disabled,FAILED,,,darwin_api_not_configured,
2026-03-13,P61159,P,1L25,WATRLMN,1054,,disabled,FAILED,,,darwin_api_not_configured,
2026-03-13,P61160,O,1L26,EXETRSD,0941,,disabled,FAILED,,,darwin_api_not_configured,
2026-03-13,P61162,P,1L27,WATRLMN,1123H,,disabled,FAILED,,,darwin_api_not_configured,
2026-03-13,P61165,O,1L28,EXETRSD,1008H,,disabled,FAILED,,,darwin_api_not_configured,
2026-03-13,P61170,P,1L29,WATRLMN,1154,,disabled,FAILED,,,darwin_api_not_configured,
2026-03-13,P61171,P,1L30,GLHM,1041,,disabled,FAILED,,,darwin_api_not_configured,
2026-03-13,P61173,P,1L31,WATRLMN,1224,,disabled,FAILED,,,darwin_api_not_configured,
2026-03-13,P61176,P,1L32,EXETRSD,1108,,disabled,FAILED,,,darwin_api_not_configured,
2026-03-13,P61179,P,1L33,WATRLMN,1255,,disabled,FAILED,,,darwin_api_not_configured,
2026-03-13,P61182,P,1L34,SLSBRY,1141,,disabled,FAILED,,,darwin_api_not_configured,
2026-03-13,P61184,P,1L35,WATRLMN,1323H,,disabled,FAILED,,,darwin_api_not_configured,
2026-03-13,P61187,P,1L36,EXETRSD,1208,,disabled,FAILED,,,darwin_api_not_configured,
2026-03-13,P61191,P,1L37,WATRLMN,1354,,disabled,FAILED,,,darwin_api_not_configured,
2026-03-13,P61194,P,1L38,SLSBRY,1241,,disabled,FAILED,,,darwin_api_not_configured,
2026-03-13,P61196,P,1L39,WATRLMN,1424H,,disabled,FAILED,,,darwin_api_not_configured,
2026-03-13,P61199,P,1L40,EXETRSD,1308,,disabled,FAILED,,,darwin_api_not_configured,
2026-03-13,P61202,P,1L41,WATRLMN,1454,,disabled,FAILED,,,darwin_api_not_configured,
2026-03-13,P61205,P,1L42,SLSBRY,1341H,,disabled,FAILED,,,darwin_api_not_configured,
2026-03-13,P61207,P,1L43,WATRLMN,1523H,,disabled,FAILED,,,darwin_api_not_configured,
2026-03-13,P61210,P,1L44,EXETRSD,1408,,disabled,FAILED,,,darwin_api_not_configured,
2026-03-13,P61213,P,1L45,WATRLMN,1554,,disabled,FAILED,,,darwin_api_not_configured,
2026-03-13,P61216,P,1L46,SLSBRY,1440H,,disabled,FAILED,,,darwin_api_not_configured,
2026-03-13,P61218,P,1L47,WATRLMN,1623H,,disabled,FAILED,,,darwin_api_not_configured,
2026-03-13,P61221,P,1L48,EXETRSD,1508,,disabled,FAILED,,,darwin_api_not_configured,
2026-03-13,P61224,P,1L49,WATRLMN,1654,,disabled,FAILED,,,darwin_api_not_configured,
2026-03-13,P61227,P,1L50,SLSBRY,1541,,disabled,FAILED,,,darwin_api_not_configured,
2026-03-13,P61231,P,1L51,WATRLMN,1722,,disabled,FAILED,,,darwin_api_not_configured,
2026-03-13,P61232,P,1L52,EXETRSD,1608,,disabled,FAILED,,,darwin_api_not_configured,
2026-03-13,P61235,P,1L53,WATRLMN,1753H,,disabled,FAILED,,,darwin_api_not_configured,
2026-03-13,P61238,P,1L54,SLSBRY,1641,,disabled,FAILED,,,darwin_api_not_configured,
2026-03-13,P61240,P,1L55,WATRLMN,1823H,,disabled,FAILED,,,darwin_api_not_configured,
2026-03-13,P61242,P,1L56,EXETRSD,1708,,disabled,FAILED,,,darwin_api_not_configured,
2026-03-13,P61245,P,1L57,WATRLMN,1853,,disabled,FAILED,,,darwin_api_not_configured,
2026-03-13,P61248,P,1L58,GLHM,1741H,,disabled,FAILED,,,darwin_api_not_configured,
2026-03-13,P61251,P,1L59,WATRLMN,1919H,,disabled,FAILED,,,darwin_api_not_configured,
2026-03-13,P61254,P,1L60,EXETRSD,1808,,disabled,FAILED,,,darwin_api_not_configured,
2026-03-13,P61257,P,1L61,WATRLMN,1954H,,disabled,FAILED,,,darwin_api_not_configured,
2026-03-13,P61260,P,1L62,SLSBRY,1841,,disabled,FAILED,,,darwin_api_not_configured,
2026-03-13,P61263,P,1L63,WATRLMN,2021,,disabled,FAILED,,,darwin_api_not_configured,
2026-03-13,P61266,P,1L64,EXETRSD,1912H,,disabled,FAILED,,,darwin_api_not_configured,
2026-03-13,P61271,P,1L65,WATRLMN,2054,,disabled,FAILED,,,darwin_api_not_configured,
2026-03-13,P61278,P,1L68,EXETRSD,2022,,disabled,FAILED,,,darwin_api_not_configured,
2026-03-13,P61281,O,1L69,WATRLMN,2154H,,disabled,FAILED,,,darwin_api_not_configured,
2026-03-13,P61284,P,1L72,EXETRSD,2123,,disabled,FAILED,,,darwin_api_not_configured,
2026-03-13,P61287,P,1L73,WATRLMN,2254,,disabled,FAILED,,,darwin_api_not_configured,
2026-03-13,P61290,P,1L74,SLSBRY,2140,,disabled,FAILED,,,darwin_api_not_configured,
2026-03-13,P61292,P,1L75,WATRLMN,2325H,,disabled,FAILED,,,darwin_api_not_configured,
2026-03-13,P61294,P,1L76,EXETRSD,2220,,disabled,FAILED,,,darwin_api_not_configured,
2026-03-13,P61355,P,1T17,WATRLMN,0844,,disabled,FAILED,,,darwin_api_not_configured,
2026-03-13,P61356,P,1T20,PHBR,0759,,disabled,FAILED,,,darwin_api_not_configured,
2026-03-13,P61357,P,1T21,WATRLMN,0944,,disabled,FAILED,,,darwin_api_not_configured,
2026-03-13,P61358,P,1T22,PHBR,0831,,disabled,FAILED,,,darwin_api_not_configured,
2026-03-13,P61359,P,1T38,PHBR,1229,,disabled,FAILED,,,darwin_api_not_configured,
2026-03-13,P61360,P,1T41,WATRLMN,1444,,disabled,FAILED,,,darwin_api_not_configured,
2026-03-13,P61361,P,1T42,PHBR,1333,,disabled,FAILED,,,darwin_api_not_configured,
2026-03-13,P61363,O,1T46,PHBR,1430,,disabled,FAILED,,,darwin_api_not_configured,
2026-03-13,P61364,O,1T50,PHBR,1529,,disabled,FAILED,,,darwin_api_not_configured,
2026-03-13,P61365,P,1T54,PHBR,1629,,disabled,FAILED,,,darwin_api_not_configured,
2026-03-13,P61366,P,1T57,WATRLMN,1845,,disabled,FAILED,,,darwin_api_not_configured,
2026-03-13,P61367,P,1T58,PHBR,1729,,disabled,FAILED,,,darwin_api_not_configured,
2026-03-13,P61368,P,1T62,PHBR,1829,,disabled,FAILED,,,darwin_api_not_configured,
2026-03-13,P61369,O,1T65,WATRLMN,2044,,disabled,FAILED,,,darwin_api_not_configured,
2026-03-13,P61373,O,1T70,PHBR,2028,,disabled,FAILED,,,darwin_api_not_configured,
2026-03-13,P61379,P,1V15,WATRLMN,0824,,disabled,FAILED,,,darwin_api_not_configured,
2026-03-13,P61381,P,1V23,WATRLMN,1023H,,disabled,FAILED,,,darwin_api_not_configured,
2026-03-13,P61384,P,1W06,WEYMTH,1013H,,disabled,FAILED,,,darwin_api_not_configured,
2026-03-13,P61386,P,1W08,WEYMTH,1112H,,disabled,FAILED,,,darwin_api_not_configured,
2026-03-13,P61389,P,1W12,WEYMTH,1212H,,disabled,FAILED,,,darwin_api_not_configured,
2026-03-13,P61392,P,1W16,WEYMTH,1313H,,disabled,FAILED,,,darwin_api_not_configured,
2026-03-13,P61394,P,1W17,WATRLMN,0908H,,disabled,FAILED,,,darwin_api_not_configured,
2026-03-13,P61396,P,1W18,WEYMTH,1414H,,disabled,FAILED,,,darwin_api_not_configured,
2026-03-13,P61398,P,1W19,WATRLMN,1008H,,disabled,FAILED,,,darwin_api_not_configured,
2026-03-13,P61401,P,1W20,WEYMTH,1512H,,disabled,FAILED,,,darwin_api_not_configured,
2026-03-13,P61403,P,1W21,WATRLMN,1108H,,disabled,FAILED,,,darwin_api_not_configured,
2026-03-13,P61405,P,1W22,WEYMTH,1612H,,disabled,FAILED,,,darwin_api_not_configured,
2026-03-13,P61407,P,1W23,WATRLMN,1208H,,disabled,FAILED,,,darwin_api_not_configured,
2026-03-13,P61410,P,1W24,WEYMTH,1712H,,disabled,FAILED,,,darwin_api_not_configured,
2026-03-13,P61412,P,1W25,WATRLMN,1308H,,disabled,FAILED,,,darwin_api_not_configured,
2026-03-13,P61414,P,1W26,WEYMTH,1812H,,disabled,FAILED,,,darwin_api_not_configured,
2026-03-13,P61416,P,1W27,WATRLMN,1409,,disabled,FAILED,,,darwin_api_not_configured,
2026-03-13,P61419,P,1W28,WEYMTH,1915H,,disabled,FAILED,,,darwin_api_not_configured,
2026-03-13,P61422,P,1W29,WATRLMN,1508,,disabled,FAILED,,,darwin_api_not_configured,
2026-03-13,P61425,P,1W30,WEYMTH,2012H,,disabled,FAILED,,,darwin_api_not_configured,
2026-03-13,P61427,P,1W31,WATRLMN,1608,,disabled,FAILED,,,darwin_api_not_configured,
2026-03-13,P61430,P,1W32,WEYMTH,2112H,,disabled,FAILED,,,darwin_api_not_configured,
2026-03-13,P61433,P,1W33,WATRLMN,1707,,disabled,FAILED,,,darwin_api_not_configured,
2026-03-13,P61435,P,1W35,WATRLMN,1804H,,disabled,FAILED,,,darwin_api_not_configured,
2026-03-13,P61438,P,1W36,WEYMTH,2212H,,disabled,FAILED,,,darwin_api_not_configured,
2026-03-13,P61441,P,1W37,WATRLMN,1905H,,disabled,FAILED,,,darwin_api_not_configured,
2026-03-13,P61452,P,1W52,WEYMTH,1046H,,disabled,FAILED,,,darwin_api_not_configured,
2026-03-13,P61455,P,1W54,WEYMTH,1146H,,disabled,FAILED,,,darwin_api_not_configured,
2026-03-13,P61458,P,1W56,WEYMTH,1246H,,disabled,FAILED,,,darwin_api_not_configured,
2026-03-13,P61461,P,1W57,WATRLMN,0837H,,disabled,FAILED,,,darwin_api_not_configured,
2026-03-13,P61462,P,1W58,WEYMTH,1346H,,disabled,FAILED,,,darwin_api_not_configured,
2026-03-13,P61465,P,1W60,WEYMTH,1446H,,disabled,FAILED,,,darwin_api_not_configured,
2026-03-13,P61468,P,1W62,WEYMTH,1548,,disabled,FAILED,,,darwin_api_not_configured,
2026-03-13,P61470,P,1W63,WATRLMN,1136H,,disabled,FAILED,,,darwin_api_not_configured,
2026-03-13,P61472,P,1W64,WEYMTH,1646H,,disabled,FAILED,,,darwin_api_not_configured,
2026-03-13,P61475,P,1W65,WATRLMN,1236H,,disabled,FAILED,,,darwin_api_not_configured,
2026-03-13,P61476,P,1W66,WEYMTH,1746H,,disabled,FAILED,,,darwin_api_not_configured,
2026-03-13,P61478,P,1W67,WATRLMN,1336H,,disabled,FAILED,,,darwin_api_not_configured,
2026-03-13,P61480,P,1W68,WEYMTH,1846,,disabled,FAILED,,,darwin_api_not_configured,
2026-03-13,P61483,P,1W69,WATRLMN,1436H,,disabled,FAILED,,,darwin_api_not_configured,
2026-03-13,P61484,O,1W70,WEYMTH,1946H,,disabled,FAILED,,,darwin_api_not_configured,
2026-03-13,P61486,P,1W71,WATRLMN,1536H,,disabled,FAILED,,,darwin_api_not_configured,
2026-03-13,P61492,P,1W74,WEYMTH,2147,,disabled,FAILED,,,darwin_api_not_configured,
2026-03-13,P61495,P,1W77,WATRLMN,1834H,,disabled,FAILED,,,darwin_api_not_configured,
2026-03-13,P61499,P,1W79,WATRLMN,1936H,,disabled,FAILED,,,darwin_api_not_configured,
2026-03-13,P61502,P,1W83,WATRLMN,2108H,,disabled,FAILED,,,darwin_api_not_configured,
2026-03-13,P61504,O,1W85,WATRLMN,2208H,,disabled,FAILED,,,darwin_api_not_configured,
2026-03-13,P61511,P,1W93,WATRLMN,0705,,disabled,FAILED,,,darwin_api_not_configured,
2026-03-13,P61514,P,1W95,WATRLMN,0807H,,disabled,FAILED,,,darwin_api_not_configured,
2026-03-13,P61521,O,2B24,SOTON,0849,,disabled,FAILED,,,darwin_api_not_configured,
2026-03-13,P61522,P,2B77,WATRLMN,0015,,disabled,FAILED,,,darwin_api_not_configured,
2026-03-13,P61523,P,2B88,SOTON,0752,,disabled,FAILED,,,darwin_api_not_configured,
2026-03-13,P61970,P,2L07,WATRLMN,1859,,disabled,FAILED,,,darwin_api_not_configured,
2026-03-13,P61971,P,2L09,WATRLMN,1922,,disabled,FAILED,,,darwin_api_not_configured,
2026-03-13,P61973,P,2L13,WATRLMN,2033,,disabled,FAILED,,,darwin_api_not_configured,
2026-03-13,P61974,P,2L17,WATRLMN,0903,,disabled,FAILED,,,darwin_api_not_configured,
2026-03-13,P61976,P,2L18,BSNGSTK,0716,,disabled,FAILED,,,darwin_api_not_configured,
2026-03-13,P61977,P,2L21,WATRLMN,1003,,disabled,FAILED,,,darwin_api_not_configured,
2026-03-13,P61978,P,2L22,BSNGSTK,0818,,disabled,FAILED,,,darwin_api_not_configured,
2026-03-13,P61979,P,2L23,WATRLMN,1033,,disabled,FAILED,,,darwin_api_not_configured,
2026-03-13,P61980,P,2L26,BSNGSTK,0917,,disabled,FAILED,,,darwin_api_not_configured,
2026-03-13,P61981,P,2L27,WATRLMN,1133,,disabled,FAILED,,,darwin_api_not_configured,
2026-03-13,P61982,P,2L29,WATRLMN,1203,,disabled,FAILED,,,darwin_api_not_configured,
2026-03-13,P61983,P,2L30,BSNGSTK,1016,,disabled,FAILED,,,darwin_api_not_configured,
2026-03-13,P61984,P,2L31,WATRLMN,1233,,disabled,FAILED,,,darwin_api_not_configured,
2026-03-13,P61985,P,2L34,BSNGSTK,1116,,disabled,FAILED,,,darwin_api_not_configured,
2026-03-13,P61986,P,2L36,BSNGSTK,1146,,disabled,FAILED,,,darwin_api_not_configured,
2026-03-13,P61987,P,2L38,BSNGSTK,1216,,disabled,FAILED,,,darwin_api_not_configured,
2026-03-13,P61988,P,2L39,WATRLMN,1433,,disabled,FAILED,,,darwin_api_not_configured,
2026-03-13,P61989,P,2L40,BSNGSTK,1246,,disabled,FAILED,,,darwin_api_not_configured,
2026-03-13,P61990,P,2L41,WATRLMN,1503,,disabled,FAILED,,,darwin_api_not_configured,
2026-03-13,P61991,P,2L42,BSNGSTK,1316,,disabled,FAILED,,,darwin_api_not_configured,
2026-03-13,P61992,P,2L44,BSNGSTK,1346,,disabled,FAILED,,,darwin_api_not_configured,
2026-03-13,P61993,O,2L46,BSNGSTK,1416,,disabled,FAILED,,,darwin_api_not_configured,
2026-03-13,P61994,O,2L48,BSNGSTK,1446,,disabled,FAILED,,,darwin_api_not_configured,
2026-03-13,P61995,O,2L50,BSNGSTK,1516,,disabled,FAILED,,,darwin_api_not_configured,
2026-03-13,P61996,P,2L51,WATRLMN,1734,,disabled,FAILED,,,darwin_api_not_configured,
2026-03-13,P61997,P,2L54,BSNGSTK,1616,,disabled,FAILED,,,darwin_api_not_configured,
2026-03-13,P61998,P,2L58,BSNGSTK,1716,,disabled,FAILED,,,darwin_api_not_configured,
2026-03-13,P61999,P,2L62,BSNGSTK,1816,,disabled,FAILED,,,darwin_api_not_configured,
2026-03-13,P62000,O,2L64,BSNGSTK,1846,,disabled,FAILED,,,darwin_api_not_configured,
2026-03-13,P62001,O,2L66,BSNGSTK,1916,,disabled,FAILED,,,darwin_api_not_configured,
2026-03-13,P62002,P,2L67,WATRLMN,2133,,disabled,FAILED,,,darwin_api_not_configured,
2026-03-13,P62004,P,2L68,BSNGSTK,1946,,disabled,FAILED,,,darwin_api_not_configured,
2026-03-13,P62009,P,2L72,BSNGSTK,2047,,disabled,FAILED,,,darwin_api_not_configured,
2026-03-13,P62022,P,2L90,BSNGSTK,0728,,disabled,FAILED,,,darwin_api_not_configured,
2026-03-13,P62023,P,2L97,WATRLMN,0804,,disabled,FAILED,,,darwin_api_not_configured,
2026-03-13,P62024,P,2L99,WATRLMN,0833,,disabled,FAILED,,,darwin_api_not_configured,
2026-03-13,P62300,P,2T14,PHBR,0645,,disabled,FAILED,,,darwin_api_not_configured,
2026-03-13,P62302,P,2T45,WATRLMN,1603,,disabled,FAILED,,,darwin_api_not_configured,
2026-03-13,P62303,P,2T62,PHBR,2146,,disabled,FAILED,,,darwin_api_not_configured,
2026-03-13,P62304,P,2T64,PHBR,2246,,disabled,FAILED,,,darwin_api_not_configured,
2026-03-13,P62462,P,5L04,WDONPDS,1055,,disabled,FAILED,,,darwin_api_not_configured,
2026-03-13,P62537,P,5Q76,BSNGSTK,1201,,disabled,FAILED,,,darwin_api_not_configured,
2026-03-13,P62538,P,5Q78,BSNGSTK,1455,,disabled,FAILED,,,darwin_api_not_configured,
2026-03-13,L75650,P,2L71,WATRLMN,2233,,disabled,FAILED,,,darwin_api_not_configured,
2026-03-13,L78442,P,5Y96,NTHMDEP,1255,,disabled,FAILED,,,darwin_api_not_configured,
2026-03-13,P60989,P,1B75,WATRLMN,2307H,,disabled,FAILED,,,darwin_api_not_configured,
2026-03-13,P60992,P,1B77,WATRLMN,2340,,disabled,FAILED,,,darwin_api_not_configured,
2026-03-13,P61298,P,1L79,WATRLMN,0016,,disabled,FAILED,,,darwin_api_not_configured,
2026-03-13,P61362,P,1T45,WATRLMN,1544,,disabled,FAILED,,,darwin_api_not_configured,
2026-03-13,P61370,O,1T66,PHBR,1929,,disabled,FAILED,,,darwin_api_not_configured,
2026-03-13,P61488,P,1W72,WEYMTH,2046,,disabled,FAILED,,,darwin_api_not_configured,
2026-03-13,P61497,O,1W78,WEYMTH,2252H,,disabled,FAILED,,,darwin_api_not_configured,
2026-03-13,P62010,P,2L75,WATRLMN,2333,,disabled,FAILED,,,darwin_api_not_configured,
2026-03-13,P62013,P,2L77,WATRLMN,0011,,disabled,FAILED,,,darwin_api_not_configured,
2026-03-13,P62016,P,2L79,WATRLMN,0034,,disabled,FAILED,,,darwin_api_not_configured,
2026-03-13,P62020,P,2L82,BSNGSTK,2316,,disabled,FAILED,,,darwin_api_not_configured,
2026-03-13,P62352,P,2W82,WEYMTH,0006,,disabled,FAILED,,,darwin_api_not_configured,
2026-03-13,P61301,P,1L80,EXETRSD,2319,,disabled,FAILED,,,darwin_api_not_configured,
2026-03-14,L72800,P,1B14,SOTON,0652H,,disabled,FAILED,,,darwin_api_not_configured,
2026-03-14,L72801,P,1B16,POOLE,0716H,,disabled,FAILED,,,darwin_api_not_configured,
2026-03-14,L72820,P,1B65,WATRLMN,2036H,,disabled,FAILED,,,darwin_api_not_configured,
2026-03-14,L72823,P,1B69,WATRLMN,2136H,,disabled,FAILED,,,darwin_api_not_configured,
2026-03-14,L72825,P,1B73,WATRLMN,2238H,,disabled,FAILED,,,darwin_api_not_configured,
2026-03-14,L72830,P,1B77,WATRLMN,2339H,,disabled,FAILED,,,darwin_api_not_configured,
2026-03-14,L72831,P,1B78,POOLE,2212H,,disabled,FAILED,,,darwin_api_not_configured,
2026-03-14,L73568,P,1T17,WATRLMN,0844,,disabled,FAILED,,,darwin_api_not_configured,
2026-03-14,L73570,P,1T18,PHBR,0731,,disabled,FAILED,,,darwin_api_not_configured,
2026-03-14,L73574,P,1T21,WATRLMN,0944,,disabled,FAILED,,,darwin_api_not_configured,
2026-03-14,L73576,P,1T22,PHBR,0830,,disabled,FAILED,,,darwin_api_not_configured,
2026-03-14,L73579,P,1T25,WATRLMN,1044,,disabled,FAILED,,,darwin_api_not_configured,
2026-03-14,L73581,P,1T26,PHBR,0929,,disabled,FAILED,,,darwin_api_not_configured,
2026-03-14,L73583,P,1T29,WATRLMN,1144,,disabled,FAILED,,,darwin_api_not_configured,
2026-03-14,L73585,P,1T30,PHBR,1029,,disabled,FAILED,,,darwin_api_not_configured,
2026-03-14,L73588,P,1T33,WATRLMN,1244,,disabled,FAILED,,,darwin_api_not_configured,
2026-03-14,L73590,P,1T34,PHBR,1129,,disabled,FAILED,,,darwin_api_not_configured,
2026-03-14,L73593,P,1T37,WATRLMN,1344,,disabled,FAILED,,,darwin_api_not_configured,
2026-03-14,L73595,P,1T38,PHBR,1229,,disabled,FAILED,,,darwin_api_not_configured,
2026-03-14,L73598,P,1T41,WATRLMN,1444,,disabled,FAILED,,,darwin_api_not_configured,
2026-03-14,L73600,P,1T42,PHBR,1329,,disabled,FAILED,,,darwin_api_not_configured,
2026-03-14,L73603,P,1T45,WATRLMN,1544,,disabled,FAILED,,,darwin_api_not_configured,
2026-03-14,L73605,P,1T46,PHBR,1429,,disabled,FAILED,,,darwin_api_not_configured,
2026-03-14,L73608,P,1T49,WATRLMN,1644,,disabled,FAILED,,,darwin_api_not_configured,
2026-03-14,L73610,P,1T50,PHBR,1529,,disabled,FAILED,,,darwin_api_not_configured,
2026-03-14,L73613,P,1T53,WATRLMN,1744,,disabled,FAILED,,,darwin_api_not_configured,
2026-03-14,L73615,P,1T54,PHBR,1629,,disabled,FAILED,,,darwin_api_not_configured,
2026-03-14,L73618,P,1T57,WATRLMN,1844,,disabled,FAILED,,,darwin_api_not_configured,
2026-03-14,L73620,P,1T58,PHBR,1729,,disabled,FAILED,,,darwin_api_not_configured,
2026-03-14,L73623,P,1T61,WATRLMN,1944,,disabled,FAILED,,,darwin_api_not_configured,
2026-03-14,L73625,P,1T62,PHBR,1829,,disabled,FAILED,,,darwin_api_not_configured,
2026-03-14,L73628,P,1T65,WATRLMN,2044,,disabled,FAILED,,,darwin_api_not_configured,
2026-03-14,L73630,P,1T66,PHBR,1929,,disabled,FAILED,,,darwin_api_not_configured,
2026-03-14,L73753,P,1W57,WATRLMN,0836H,,disabled,FAILED,,,darwin_api_not_configured,
2026-03-14,L73757,P,1W59,WATRLMN,0936H,,disabled,FAILED,,,darwin_api_not_configured,
2026-03-14,L73763,P,1W61,WATRLMN,1036H,,disabled,FAILED,,,darwin_api_not_configured,
2026-03-14,L73767,P,1W63,WATRLMN,1136H,,disabled,FAILED,,,darwin_api_not_configured,
2026-03-14,L73773,P,1W65,WATRLMN,1236H,,disabled,FAILED,,,darwin_api_not_configured,
2026-03-14,L73777,P,1W67,WATRLMN,1336H,,disabled,FAILED,,,darwin_api_not_configured,
2026-03-14,L73783,P,1W69,WATRLMN,1436H,,disabled,FAILED,,,darwin_api_not_configured,
2026-03-14,L73787,P,1W71,WATRLMN,1536H,,disabled,FAILED,,,darwin_api_not_configured,
2026-03-14,L73793,P,1W73,WATRLMN,1636H,,disabled,FAILED,,,darwin_api_not_configured,
2026-03-14,L73798,P,1W75,WATRLMN,1736H,,disabled,FAILED,,,darwin_api_not_configured,
2026-03-14,L73801,P,1W77,WATRLMN,1836H,,disabled,FAILED,,,darwin_api_not_configured,
2026-03-14,L73806,P,1W79,WATRLMN,1936H,,disabled,FAILED,,,darwin_api_not_configured,
2026-03-14,L73809,P,1W81,WATRLMN,2008H,,disabled,FAILED,,,darwin_api_not_configured,
2026-03-14,L73812,P,1W83,WATRLMN,2108H,,disabled,FAILED,,,darwin_api_not_configured,
2026-03-14,L73816,P,1W85,WATRLMN,2208H,,disabled,FAILED,,,darwin_api_not_configured,
2026-03-14,L73824,P,1W93,WATRLMN,0705,,disabled,FAILED,,,darwin_api_not_configured,
2026-03-14,L73895,P,2B18,SOTON,0754,,disabled,FAILED,,,darwin_api_not_configured,
2026-03-14,L73967,P,2B77,WATRLMN,0014,,disabled,FAILED,,,darwin_api_not_configured,
2026-03-14,L73968,P,2B84,POOLE,0006,,disabled,FAILED,,,darwin_api_not_configured,
2026-03-14,L75515,O,2L17,FRBRMN,0903,,disabled,FAILED,,,darwin_api_not_configured,
2026-03-14,L75520,O,2L19,FRBRMN,0933,,disabled,FAILED,,,darwin_api_not_configured,
2026-03-14,L75524,O,2L21,FRBRMN,1003,,disabled,FAILED,,,darwin_api_not_configured,
2026-03-14,L75529,O,2L23,FRBRMN,1033,,disabled,FAILED,,,darwin_api_not_configured,
2026-03-14,L75533,O,2L25,FRBRMN,1103,,disabled,FAILED,,,darwin_api_not_configured,
2026-03-14,L75538,O,2L27,FRBRMN,1133,,disabled,FAILED,,,darwin_api_not_configured,
2026-03-14,L75543,O,2L29,FRBRMN,1203,,disabled,FAILED,,,darwin_api_not_configured,
2026-03-14,L75548,O,2L31,FRBRMN,1233,,disabled,FAILED,,,darwin_api_not_configured,
2026-03-14,L75553,O,2L33,FRBRMN,1303,,disabled,FAILED,,,darwin_api_not_configured,
2026-03-14,L75558,O,2L35,FRBRMN,1333,,disabled,FAILED,,,darwin_api_not_configured,
2026-03-14,L75563,O,2L37,FRBRMN,1403,,disabled,FAILED,,,darwin_api_not_configured,
2026-03-14,L75568,O,2L39,FRBRMN,1433,,disabled,FAILED,,,darwin_api_not_configured,
2026-03-14,L75573,O,2L41,FRBRMN,1503,,disabled,FAILED,,,darwin_api_not_configured,
2026-03-14,L75578,O,2L43,FRBRMN,1533,,disabled,FAILED,,,darwin_api_not_configured,
2026-03-14,L75582,O,2L45,FRBRMN,1603,,disabled,FAILED,,,darwin_api_not_configured,
2026-03-14,L75588,O,2L47,FRBRMN,1634,,disabled,FAILED,,,darwin_api_not_configured,
2026-03-14,L75593,O,2L49,FRBRMN,1703,,disabled,FAILED,,,darwin_api_not_configured,
2026-03-14,L75599,O,2L51,FRBRMN,1733,,disabled,FAILED,,,darwin_api_not_configured,
2026-03-14,L75604,O,2L53,FRBRMN,1803,,disabled,FAILED,,,darwin_api_not_configured,
2026-03-14,L75610,O,2L55,FRBRMN,1833,,disabled,FAILED,,,darwin_api_not_configured,
2026-03-14,L75615,O,2L57,FRBRMN,1903,,disabled,FAILED,,,darwin_api_not_configured,
2026-03-14,L75620,O,2L59,FRBRMN,1933,,disabled,FAILED,,,darwin_api_not_configured,
2026-03-14,L75625,O,2L61,FRBRMN,2003,,disabled,FAILED,,,darwin_api_not_configured,
2026-03-14,L75630,O,2L63,FRBRMN,2033,,disabled,FAILED,,,darwin_api_not_configured,
2026-03-14,L75635,O,2L65,FRBRMN,2103,,disabled,FAILED,,,darwin_api_not_configured,
2026-03-14,L75656,O,2L73,FRBRMN,2303,,disabled,FAILED,,,darwin_api_not_configured,
2026-03-14,L75665,P,2L77,WATRLMN,0010,,disabled,FAILED,,,darwin_api_not_configured,
2026-03-14,L75671,P,2L79,WATRLMN,0033,,disabled,FAILED,,,darwin_api_not_configured,
2026-03-14,L75682,O,2L97,FRBRMN,0803,,disabled,FAILED,,,darwin_api_not_configured,
2026-03-14,L76588,O,2T09,FRBRMN,0636,,disabled,FAILED,,,darwin_api_not_configured,
2026-03-14,L77120,P,5B91,CLPHMYS,1153,,disabled,FAILED,,,darwin_api_not_configured,
2026-03-14,L78439,P,5Y90,NTHMDEP,0759,,disabled,FAILED,,,darwin_api_not_configured,
2026-03-14,P60979,P,1B01,WATRLMN,0152,,disabled,FAILED,,,darwin_api_not_configured,
2026-03-14,P60990,P,1B75,WATRLMN,2307H,,disabled,FAILED,,,darwin_api_not_configured,
2026-03-14,P61125,P,1L11,WATRLMN,0712H,,disabled,FAILED,,,darwin_api_not_configured,
2026-03-14,P61127,P,1L12,SLSBRY,0610H,,disabled,FAILED,,,darwin_api_not_configured,
2026-03-14,P61129,P,1L13,WATRLMN,0744,,disabled,FAILED,,,darwin_api_not_configured,
2026-03-14,P61132,P,1L14,SLSBRY,0641,,disabled,FAILED,,,darwin_api_not_configured,
2026-03-14,P61133,P,1L15,WATRLMN,0824,,disabled,FAILED,,,darwin_api_not_configured,
2026-03-14,P61135,P,1L16,SLSBRY,0708H,,disabled,FAILED,,,darwin_api_not_configured,
2026-03-14,P61136,P,1L17,WATRLMN,0853H,,disabled,FAILED,,,darwin_api_not_configured,
2026-03-14,P61140,P,1L18,SLSBRY,0741,,disabled,FAILED,,,darwin_api_not_configured,
2026-03-14,P61145,P,1L20,EXETRSD,0808,,disabled,FAILED,,,darwin_api_not_configured,
2026-03-14,P61147,P,1L21,WATRLMN,0955,,disabled,FAILED,,,darwin_api_not_configured,
2026-03-14,P61151,P,1L22,HONITON,0841,,disabled,FAILED,,,darwin_api_not_configured,
2026-03-14,P61152,P,1L23,WATRLMN,1024,,disabled,FAILED,,,darwin_api_not_configured,
2026-03-14,P61155,P,1L24,SLSBRY,0908,,disabled,FAILED,,,darwin_api_not_configured,
2026-03-14,P61157,P,1L25,WATRLMN,1054,,disabled,FAILED,,,darwin_api_not_configured,
2026-03-14,P61161,P,1L26,EXETRSD,0941,,disabled,FAILED,,,darwin_api_not_configured,
2026-03-14,P61163,P,1L27,WATRLMN,1124,,disabled,FAILED,,,darwin_api_not_configured,
2026-03-14,P61166,P,1L28,EXETRSD,1008,,disabled,FAILED,,,darwin_api_not_configured,
2026-03-14,P61168,P,1L29,WATRLMN,1156,,disabled,FAILED,,,darwin_api_not_configured,
2026-03-14,P61172,P,1L30,SLSBRY,1041,,disabled,FAILED,,,darwin_api_not_configured,
2026-03-14,P61174,P,1L31,WATRLMN,1224,,disabled,FAILED,,,darwin_api_not_configured,
2026-03-14,P61177,P,1L32,EXETRSD,1108,,disabled,FAILED,,,darwin_api_not_configured,
2026-03-14,P61180,P,1L33,WATRLMN,1254,,disabled,FAILED,,,darwin_api_not_configured,
2026-03-14,P61183,P,1L34,YOVILJN,1141,,disabled,FAILED,,,darwin_api_not_configured,
2026-03-14,P61185,P,1L35,WATRLMN,1324,,disabled,FAILED,,,darwin_api_not_configured,
2026-03-14,P61188,P,1L36,EXETRSD,1208,,disabled,FAILED,,,darwin_api_not_configured,
2026-03-14,P61192,P,1L37,WATRLMN,1354,,disabled,FAILED,,,darwin_api_not_configured,
2026-03-14,P61195,P,1L38,SLSBRY,1241,,disabled,FAILED,,,darwin_api_not_configured,
2026-03-14,P61197,P,1L39,WATRLMN,1424,,disabled,FAILED,,,darwin_api_not_configured,
2026-03-14,P61200,P,1L40,EXETRSD,1308,,disabled,FAILED,,,darwin_api_not_configured,
2026-03-14,P61203,P,1L41,WATRLMN,1454,,disabled,FAILED,,,darwin_api_not_configured,
2026-03-14,P61206,P,1L42,SLSBRY,1341,,disabled,FAILED,,,darwin_api_not_configured,
2026-03-14,P61208,P,1L43,WATRLMN,1524,,disabled,FAILED,,,darwin_api_not_configured,
2026-03-14,P61211,P,1L44,EXETRSD,1408,,disabled,FAILED,,,darwin_api_not_configured,
2026-03-14,P61214,P,1L45,WATRLMN,1554,,disabled,FAILED,,,darwin_api_not_configured,
2026-03-14,P61217,P,1L46,SLSBRY,1441,,disabled,FAILED,,,darwin_api_not_configured,
2026-03-14,P61219,P,1L47,WATRLMN,1624,,disabled,FAILED,,,darwin_api_not_configured,
2026-03-14,P61222,P,1L48,EXETRSD,1508,,disabled,FAILED,,,darwin_api_not_configured,
2026-03-14,P61225,P,1L49,WATRLMN,1654,,disabled,FAILED,,,darwin_api_not_configured,
2026-03-14,P61228,P,1L50,SLSBRY,1541,,disabled,FAILED,,,darwin_api_not_configured,
2026-03-14,P61229,P,1L51,WATRLMN,1724,,disabled,FAILED,,,darwin_api_not_configured,
2026-03-14,P61233,P,1L52,EXETRSD,1608,,disabled,FAILED,,,darwin_api_not_configured,
2026-03-14,P61236,P,1L53,WATRLMN,1754,,disabled,FAILED,,,darwin_api_not_configured,
2026-03-14,P61239,P,1L54,SLSBRY,1641,,disabled,FAILED,,,darwin_api_not_configured,
2026-03-14,P61243,P,1L56,EXETRSD,1708,,disabled,FAILED,,,darwin_api_not_configured,
2026-03-14,P61246,P,1L57,WATRLMN,1854,,disabled,FAILED,,,darwin_api_not_configured,
2026-03-14,P61249,P,1L58,SLSBRY,1741,,disabled,FAILED,,,darwin_api_not_configured,
2026-03-14,P61252,P,1L59,WATRLMN,1924,,disabled,FAILED,,,darwin_api_not_configured,
2026-03-14,P61255,P,1L60,EXETRSD,1808,,disabled,FAILED,,,darwin_api_not_configured,
2026-03-14,P61258,P,1L61,WATRLMN,1954,,disabled,FAILED,,,darwin_api_not_configured,
2026-03-14,P61261,P,1L62,SLSBRY,1841,,disabled,FAILED,,,darwin_api_not_configured,
2026-03-14,P61264,P,1L63,WATRLMN,2024,,disabled,FAILED,,,darwin_api_not_configured,
2026-03-14,P61267,P,1L64,EXETRSD,1908,,disabled,FAILED,,,darwin_api_not_configured,
2026-03-14,P61269,P,1L65,WATRLMN,2054,,disabled,FAILED,,,darwin_api_not_configured,
2026-03-14,P61273,P,1L66,SLSBRY,1941,,disabled,FAILED,,,darwin_api_not_configured,
2026-03-14,P61276,P,1L67,WATRLMN,2124,,disabled,FAILED,,,darwin_api_not_configured,
2026-03-14,P61279,P,1L68,EXETRSD,2021,,disabled,FAILED,,,darwin_api_not_configured,
2026-03-14,P61282,P,1L69,WATRLMN,2154,,disabled,FAILED,,,darwin_api_not_configured,
2026-03-14,P61285,P,1L72,EXETRSD,2121,,disabled,FAILED,,,darwin_api_not_configured,
2026-03-14,P61288,P,1L73,WATRLMN,2254,,disabled,FAILED,,,darwin_api_not_configured,
2026-03-14,P61291,P,1L74,SLSBRY,2141,,disabled,FAILED,,,darwin_api_not_configured,
2026-03-14,P61293,P,1L75,WATRLMN,2324,,disabled,FAILED,,,darwin_api_not_configured,
2026-03-14,P61295,P,1L76,EXETRSD,2220,,disabled,FAILED,,,darwin_api_not_configured,
2026-03-14,P61299,P,1L79,WATRLMN,0015H,,disabled,FAILED,,,darwin_api_not_configured,
2026-03-14,P61303,P,1L80,EXETRSD,2320H,,disabled,FAILED,,,darwin_api_not_configured,
2026-03-14,P61371,P,1T69,WATRLMN,2144,,disabled,FAILED,,,darwin_api_not_configured,
2026-03-14,P61374,P,1T70,PHBR,2031,,disabled,FAILED,,,darwin_api_not_configured,
2026-03-14,P61376,P,1T73,WATRLMN,2244,,disabled,FAILED,,,darwin_api_not_configured,
2026-03-14,P61380,P,1V19,WATRLMN,0924,,disabled,FAILED,,,darwin_api_not_configured,
2026-03-14,P61383,P,1V55,WATRLMN,1824,,disabled,FAILED,,,darwin_api_not_configured,
2026-03-14,P61385,P,1W06,WEYMTH,1012H,,disabled,FAILED,,,darwin_api_not_configured,
2026-03-14,P61387,P,1W08,WEYMTH,1112H,,disabled,FAILED,,,darwin_api_not_configured,
2026-03-14,P61390,P,1W12,WEYMTH,1213,,disabled,FAILED,,,darwin_api_not_configured,
2026-03-14,P61393,P,1W16,WEYMTH,1312H,,disabled,FAILED,,,darwin_api_not_configured,
2026-03-14,P61395,P,1W17,WATRLMN,0908H,,disabled,FAILED,,,darwin_api_not_configured,
2026-03-14,P61397,P,1W18,WEYMTH,1413,,disabled,FAILED,,,darwin_api_not_configured,
2026-03-14,P61399,P,1W19,WATRLMN,1008H,,disabled,FAILED,,,darwin_api_not_configured,
2026-03-14,P61402,P,1W20,WEYMTH,1512H,,disabled,FAILED,,,darwin_api_not_configured,
2026-03-14,P61404,P,1W21,WATRLMN,1108H,,disabled,FAILED,,,darwin_api_not_configured,
2026-03-14,P61406,P,1W22,WEYMTH,1612H,,disabled,FAILED,,,darwin_api_not_configured,
2026-03-14,P61408,P,1W23,WATRLMN,1208H,,disabled,FAILED,,,darwin_api_not_configured,
2026-03-14,P61411,P,1W24,WEYMTH,1712H,,disabled,FAILED,,,darwin_api_not_configured,
2026-03-14,P61413,P,1W25,WATRLMN,1311H,,disabled,FAILED,,,darwin_api_not_configured,
2026-03-14,P61415,P,1W26,WEYMTH,1812H,,disabled,FAILED,,,darwin_api_not_configured,
2026-03-14,P61417,P,1W27,WATRLMN,1408H,,disabled,FAILED,,,darwin_api_not_configured,
2026-03-14,P61420,P,1W28,WEYMTH,1912H,,disabled,FAILED,,,darwin_api_not_configured,
2026-03-14,P61423,P,1W29,WATRLMN,1508H,,disabled,FAILED,,,darwin_api_not_configured,
2026-03-14,P61426,P,1W30,WEYMTH,2012H,,disabled,FAILED,,,darwin_api_not_configured,
2026-03-14,P61428,P,1W31,WATRLMN,1608H,,disabled,FAILED,,,darwin_api_not_configured,
2026-03-14,P61431,P,1W32,WEYMTH,2113H,,disabled,FAILED,,,darwin_api_not_configured,
2026-03-14,P61434,P,1W33,WATRLMN,1708H,,disabled,FAILED,,,darwin_api_not_configured,
2026-03-14,P61436,P,1W35,WATRLMN,1808H,,disabled,FAILED,,,darwin_api_not_configured,
2026-03-14,P61442,P,1W37,WATRLMN,1908H,,disabled,FAILED,,,darwin_api_not_configured,
2026-03-14,P61448,P,1W48,WEYMTH,0847,,disabled,FAILED,,,darwin_api_not_configured,
2026-03-14,P61450,P,1W50,WEYMTH,0947,,disabled,FAILED,,,darwin_api_not_configured,
2026-03-14,P61453,P,1W52,WEYMTH,1046H,,disabled,FAILED,,,darwin_api_not_configured,
2026-03-14,P61456,P,1W54,WEYMTH,1147,,disabled,FAILED,,,darwin_api_not_configured,
2026-03-14,P61459,P,1W56,WEYMTH,1247,,disabled,FAILED,,,darwin_api_not_configured,
2026-03-14,P61463,P,1W58,WEYMTH,1347,,disabled,FAILED,,,darwin_api_not_configured,
2026-03-14,P61466,P,1W60,WEYMTH,1447,,disabled,FAILED,,,darwin_api_not_configured,
2026-03-14,P61469,P,1W62,WEYMTH,1547,,disabled,FAILED,,,darwin_api_not_configured,
2026-03-14,P61473,P,1W64,WEYMTH,1647,,disabled,FAILED,,,darwin_api_not_configured,
2026-03-14,P61477,P,1W66,WEYMTH,1747,,disabled,FAILED,,,darwin_api_not_configured,
2026-03-14,P61481,P,1W68,WEYMTH,1847,,disabled,FAILED,,,darwin_api_not_configured,
2026-03-14,P61485,P,1W70,WEYMTH,1947,,disabled,FAILED,,,darwin_api_not_configured,
2026-03-14,P61489,P,1W72,WEYMTH,2047,,disabled,FAILED,,,darwin_api_not_configured,
2026-03-14,P61493,P,1W74,WEYMTH,2147,,disabled,FAILED,,,darwin_api_not_configured,
2026-03-14,P61498,P,1W78,WEYMTH,2252H,,disabled,FAILED,,,darwin_api_not_configured,
2026-03-14,P61501,P,1W82,WEYMTH,2327H,,disabled,FAILED,,,darwin_api_not_configured,
2026-03-14,P61508,P,1W91,WATRLMN,0611,,disabled,FAILED,,,darwin_api_not_configured,
2026-03-14,P61510,P,1W92,WEYMTH,0812H,,disabled,FAILED,,,darwin_api_not_configured,
2026-03-14,P61513,P,1W94,WEYMTH,0912H,,disabled,FAILED,,,darwin_api_not_configured,
2026-03-14,P61515,P,1W95,WATRLMN,0808H,,disabled,FAILED,,,darwin_api_not_configured,
2026-03-14,P62003,O,2L67,FRBRMN,2133,,disabled,FAILED,,,darwin_api_not_configured,
2026-03-14,P62005,O,2L69,FRBRMN,2203,,disabled,FAILED,,,darwin_api_not_configured,
2026-03-14,P62007,O,2L71,FRBRMN,2233,,disabled,FAILED,,,darwin_api_not_configured,
2026-03-14,P62011,O,2L75,FRBRMN,2333,,disabled,FAILED,,,darwin_api_not_configured,
2026-03-14,P62018,P,2L81,WATRLMN,0107,,disabled,FAILED,,,darwin_api_not_configured,
2026-03-14,P62025,O,2L99,FRBRMN,0833,,disabled,FAILED,,,darwin_api_not_configured,
2026-03-14,P62299,O,2T13,FRBRMN,0735,,disabled,FAILED,,,darwin_api_not_configured,
2026-03-14,Q86121,N,0B00,FRBRMN,2353,,disabled,FAILED,,,darwin_api_not_configured,
2026-03-14,Q86123,N,0B00,FRBRMN,2323,,disabled,FAILED,,,darwin_api_not_configured,
2026-03-14,Q86125,N,0B00,FRBRMN,2253,,disabled,FAILED,,,darwin_api_not_configured,
2026-03-14,Q86127,N,0B00,FRBRMN,2223,,disabled,FAILED,,,darwin_api_not_configured,
2026-03-14,Q86129,N,0B00,FRBRMN,2153,,disabled,FAILED,,,darwin_api_not_configured,
2026-03-14,Q86131,N,0B00,FRBRMN,2123,,disabled,FAILED,,,darwin_api_not_configured,
2026-03-14,Q86133,N,0B00,FRBRMN,2053,,disabled,FAILED,,,darwin_api_not_configured,
2026-03-14,Q86135,N,0B00,FRBRMN,2023,,disabled,FAILED,,,darwin_api_not_configured,
2026-03-14,Q86138,N,0B00,FRBRMN,1953,,disabled,FAILED,,,darwin_api_not_configured,
2026-03-14,Q86140,N,0B00,FRBRMN,1923,,disabled,FAILED,,,darwin_api_not_configured,
2026-03-14,Q86142,N,0B00,FRBRMN,1853,,disabled,FAILED,,,darwin_api_not_configured,
2026-03-14,Q86144,N,0B00,FRBRMN,1823,,disabled,FAILED,,,darwin_api_not_configured,
2026-03-14,Q86146,N,0B00,FRBRMN,1753,,disabled,FAILED,,,darwin_api_not_configured,
2026-03-14,Q86148,N,0B00,FRBRMN,1723,,disabled,FAILED,,,darwin_api_not_configured,
2026-03-14,Q86150,N,0B00,FRBRMN,1653,,disabled,FAILED,,,darwin_api_not_configured,
2026-03-14,Q86152,N,0B00,FRBRMN,1623,,disabled,FAILED,,,darwin_api_not_configured,
2026-03-14,Q86154,N,0B00,FRBRMN,1553,,disabled,FAILED,,,darwin_api_not_configured,
2026-03-14,Q86156,N,0B00,FRBRMN,1523,,disabled,FAILED,,,darwin_api_not_configured,
2026-03-14,Q86158,N,0B00,FRBRMN,1453,,disabled,FAILED,,,darwin_api_not_configured,
2026-03-14,Q86160,N,0B00,FRBRMN,1423,,disabled,FAILED,,,darwin_api_not_configured,
2026-03-14,Q86162,N,0B00,FRBRMN,1353,,disabled,FAILED,,,darwin_api_not_configured,
2026-03-14,Q86164,N,0B00,FRBRMN,1323,,disabled,FAILED,,,darwin_api_not_configured,
2026-03-14,Q86166,N,0B00,FRBRMN,1253,,disabled,FAILED,,,darwin_api_not_configured,
2026-03-14,Q86168,N,0B00,FRBRMN,1223,,disabled,FAILED,,,darwin_api_not_configured,
2026-03-14,Q86170,N,0B00,FRBRMN,1153,,disabled,FAILED,,,darwin_api_not_configured,
2026-03-14,Q86172,N,0B00,FRBRMN,1123,,disabled,FAILED,,,darwin_api_not_configured,
2026-03-14,Q86174,N,0B00,FRBRMN,1053,,disabled,FAILED,,,darwin_api_not_configured,
2026-03-14,Q86176,N,0B00,FRBRMN,1023,,disabled,FAILED,,,darwin_api_not_configured,
2026-03-14,Q86178,N,0B00,FRBRMN,0953,,disabled,FAILED,,,darwin_api_not_configured,
2026-03-14,Q86180,N,0B00,FRBRMN,0923,,disabled,FAILED,,,darwin_api_not_configured,
2026-03-14,Q86182,N,0B00,FRBRMN,0853,,disabled,FAILED,,,darwin_api_not_configured,
2026-03-14,Q86184,N,0B00,FRBRMN,0823,,disabled,FAILED,,,darwin_api_not_configured,
2026-03-14,Q86186,N,0B00,FRBRMN,0753,,disabled,FAILED,,,darwin_api_not_configured,
2026-03-14,Q86188,N,0B00,FRBRMN,0723,,disabled,FAILED,,,darwin_api_not_configured,
2026-03-14,Q86190,N,0B00,FRBRMN,0653,,disabled,FAILED,,,darwin_api_not_configured,
2026-03-14,Q86192,N,0B00,FRBRMN,0623,,disabled,FAILED,,,darwin_api_not_configured,
2026-03-14,Q86194,N,0B00,FRBRMN,0523,,disabled,FAILED,,,darwin_api_not_configured,
2026-03-14,Q86274,N,0B00,FRBRMN,2355,,disabled,FAILED,,,darwin_api_not_configured,
2026-03-14,Q86276,N,0B00,FRBRMN,2325,,disabled,FAILED,,,darwin_api_not_configured,
2026-03-14,Q86278,N,0B00,FRBRMN,2255,,disabled,FAILED,,,darwin_api_not_configured,
2026-03-14,Q86280,N,0B00,FRBRMN,2225,,disabled,FAILED,,,darwin_api_not_configured,
2026-03-14,Q86282,N,0B00,FRBRMN,2155,,disabled,FAILED,,,darwin_api_not_configured,
2026-03-14,Q86284,N,0B00,FRBRMN,2125,,disabled,FAILED,,,darwin_api_not_configured,
2026-03-14,Q86286,N,0B00,FRBRMN,2055,,disabled,FAILED,,,darwin_api_not_configured,
2026-03-14,Q86288,N,0B00,FRBRMN,2025,,disabled,FAILED,,,darwin_api_not_configured,
2026-03-14,Q86290,N,0B00,FRBRMN,1955,,disabled,FAILED,,,darwin_api_not_configured,
2026-03-14,Q86292,N,0B00,FRBRMN,1925,,disabled,FAILED,,,darwin_api_not_configured,
2026-03-14,Q86294,N,0B00,FRBRMN,1855,,disabled,FAILED,,,darwin_api_not_configured,
2026-03-14,Q86296,N,0B00,FRBRMN,1825,,disabled,FAILED,,,darwin_api_not_configured,
2026-03-14,Q86298,N,0B00,FRBRMN,1755,,disabled,FAILED,,,darwin_api_not_configured,
2026-03-14,Q86300,N,0B00,FRBRMN,1725,,disabled,FAILED,,,darwin_api_not_configured,
2026-03-14,Q86302,N,0B00,FRBRMN,1655,,disabled,FAILED,,,darwin_api_not_configured,
2026-03-14,Q86304,N,0B00,FRBRMN,1625,,disabled,FAILED,,,darwin_api_not_configured,
2026-03-14,Q86306,N,0B00,FRBRMN,1555,,disabled,FAILED,,,darwin_api_not_configured,
2026-03-14,Q86308,N,0B00,FRBRMN,1525,,disabled,FAILED,,,darwin_api_not_configured,
2026-03-14,Q86310,N,0B00,FRBRMN,1455,,disabled,FAILED,,,darwin_api_not_configured,
2026-03-14,Q86312,N,0B00,FRBRMN,1425,,disabled,FAILED,,,darwin_api_not_configured,
2026-03-14,Q86314,N,0B00,FRBRMN,1355,,disabled,FAILED,,,darwin_api_not_configured,
2026-03-14,Q86316,N,0B00,FRBRMN,1325,,disabled,FAILED,,,darwin_api_not_configured,
2026-03-14,Q86318,N,0B00,FRBRMN,1255,,disabled,FAILED,,,darwin_api_not_configured,
2026-03-14,Q86320,N,0B00,FRBRMN,1225,,disabled,FAILED,,,darwin_api_not_configured,
2026-03-14,Q86322,N,0B00,FRBRMN,1155,,disabled,FAILED,,,darwin_api_not_configured,
2026-03-14,Q86324,N,0B00,FRBRMN,1125,,disabled,FAILED,,,darwin_api_not_configured,
2026-03-14,Q86326,N,0B00,FRBRMN,1055,,disabled,FAILED,,,darwin_api_not_configured,
2026-03-14,Q86328,N,0B00,FRBRMN,1025,,disabled,FAILED,,,darwin_api_not_configured,
2026-03-14,Q86330,N,0B00,FRBRMN,0955,,disabled,FAILED,,,darwin_api_not_configured,
2026-03-14,Q86332,N,0B00,FRBRMN,0925,,disabled,FAILED,,,darwin_api_not_configured,
2026-03-14,Q86334,N,0B00,FRBRMN,0855,,disabled,FAILED,,,darwin_api_not_configured,
2026-03-14,Q86336,N,0B00,FRBRMN,0825,,disabled,FAILED,,,darwin_api_not_configured,
2026-03-14,Q86338,N,0B00,FRBRMN,0755,,disabled,FAILED,,,darwin_api_not_configured,
2026-03-14,Q86340,N,0B00,FRBRMN,0725,,disabled,FAILED,,,darwin_api_not_configured,
2026-03-14,Q86342,N,0B00,FRBRMN,0655,,disabled,FAILED,,,darwin_api_not_configured,
2026-03-14,Q86344,N,0B00,FRBRMN,0625,,disabled,FAILED,,,darwin_api_not_configured,
2026-03-14,Q86346,N,0B00,FRBRMN,0525,,disabled,FAILED,,,darwin_api_not_configured,
2026-03-14,Q86564,N,5Z99,FRBRMN,0800,,disabled,FAILED,,,darwin_api_not_configured,
2026-03-14,Q86565,N,5Z97,FRBRMN,0730,,disabled,FAILED,,,darwin_api_not_configured,
2026-03-14,Q86573,N,5Z77,FRBRMN,2330,,disabled,FAILED,,,darwin_api_not_configured,
2026-03-14,Q86574,N,5Z75,FRBRMN,2300,,disabled,FAILED,,,darwin_api_not_configured,
2026-03-14,Q86576,N,5Z73,FRBRMN,2230,,disabled,FAILED,,,darwin_api_not_configured,
2026-03-14,Q86577,N,5Z71,FRBRMN,2200,,disabled,FAILED,,,darwin_api_not_configured,
2026-03-14,Q86578,N,5Z69,FRBRMN,2130,,disabled,FAILED,,,darwin_api_not_configured,
2026-03-14,Q86579,N,5Z67,FRBRMN,2100,,disabled,FAILED,,,darwin_api_not_configured,
2026-03-14,Q86581,N,5Z65,FRBRMN,2030,,disabled,FAILED,,,darwin_api_not_configured,
2026-03-14,Q86582,N,5Z63,FRBRMN,2000,,disabled,FAILED,,,darwin_api_not_configured,
2026-03-14,Q86583,N,5Z61,FRBRMN,1930,,disabled,FAILED,,,darwin_api_not_configured,
2026-03-14,Q86584,N,5Z49,FRBRMN,1630,,disabled,FAILED,,,darwin_api_not_configured,
2026-03-14,Q86585,N,5Z47,FRBRMN,1600,,disabled,FAILED,,,darwin_api_not_configured,
2026-03-14,Q86586,N,5Z46,FRBRMN,1900,,disabled,FAILED,,,darwin_api_not_configured,
2026-03-14,Q86587,N,5Z45,FRBRMN,1530,,disabled,FAILED,,,darwin_api_not_configured,
2026-03-14,Q86588,N,5Z44,FRBRMN,1830,,disabled,FAILED,,,darwin_api_not_configured,
2026-03-14,Q86589,N,5Z43,FRBRMN,1500,,disabled,FAILED,,,darwin_api_not_configured,
2026-03-14,Q86590,N,5Z42,FRBRMN,1800,,disabled,FAILED,,,darwin_api_not_configured,
2026-03-14,Q86591,N,5Z41,FRBRMN,1430,,disabled,FAILED,,,darwin_api_not_configured,
2026-03-14,Q86592,N,5Z39,FRBRMN,1400,,disabled,FAILED,,,darwin_api_not_configured,
2026-03-14,Q86593,N,5Z38,FRBRMN,1730,,disabled,FAILED,,,darwin_api_not_configured,
2026-03-14,Q86594,N,5Z37,FRBRMN,1330,,disabled,FAILED,,,darwin_api_not_configured,
2026-03-14,Q86595,N,5Z36,FRBRMN,1700,,disabled,FAILED,,,darwin_api_not_configured,
2026-03-14,Q86596,N,5Z35,FRBRMN,1300,,disabled,FAILED,,,darwin_api_not_configured,
2026-03-14,Q86597,N,5Z33,FRBRMN,1230,,disabled,FAILED,,,darwin_api_not_configured,
2026-03-14,Q86598,N,5Z31,FRBRMN,1200,,disabled,FAILED,,,darwin_api_not_configured,
2026-03-14,Q86599,N,5Z29,FRBRMN,1130,,disabled,FAILED,,,darwin_api_not_configured,
2026-03-14,Q86600,N,5Z27,FRBRMN,1100,,disabled,FAILED,,,darwin_api_not_configured,
2026-03-14,Q86601,N,5Z25,FRBRMN,1030,,disabled,FAILED,,,darwin_api_not_configured,
2026-03-14,Q86603,N,5Z23,FRBRMN,1000,,disabled,FAILED,,,darwin_api_not_configured,
2026-03-14,Q86604,N,5Z21,FRBRMN,0930,,disabled,FAILED,,,darwin_api_not_configured,
2026-03-14,Q86605,N,5Z19,FRBRMN,0900,,disabled,FAILED,,,darwin_api_not_configured,
2026-03-14,Q86643,N,5T13,FRBRMN,0700,,disabled,FAILED,,,darwin_api_not_configured,
2026-03-14,Q86644,N,5T09,FRBRMN,0530,,disabled,FAILED,,,darwin_api_not_configured,
2026-03-14,Q86662,N,5L17,FRBRMN,0830,,disabled,FAILED,,,darwin_api_not_configured,
2026-03-14,Q86726,N,5B14,FRBRMN,0625,,disabled,FAILED,,,darwin_api_not_configured,
