route_variant,seq,from_station,to_station,distance_miles,run_min,wait_min
WOKING - POOLE,1,WOKING,BASINGSTOKE,,18,2
WOKING - POOLE,2,BASINGSTOKE,MICHELDEVER,,10,2
WOKING - POOLE,3,MICHELDEVER,WINCHESTER,,9,0
WOKING - POOLE,4,WINCHESTER,SHAWFORD,,4,1
WOKING - POOLE,5,SHAWFORD,EASTLEIGH,,6,0
WOKING - POOLE,6,EASTLEIGH,SOUTHAMPTON AIRPORT (PARKWAY),,4,4
WOKING - POOLE,7,SOUTHAMPTON AIRPORT (PARKWAY),SOUTHAMPTON CENTRAL,,7,1
WOKING - POOLE,8,SOUTHAMPTON CENTRAL,TOTTON,,5,1
WOKING - POOLE,9,TOTTON,ASHURST NEW FOREST,,4,1
WOKING - POOLE,10,ASHURST NEW FOREST,BEAULIEU ROAD,,5,0
WOKING - POOLE,11,BEAULIEU ROAD,BROCKENHURST,,6,0
WOKING - POOLE,12,BROCKENHURST,SWAY,,4,1
WOKING - POOLE,13,SWAY,NEW MILTON,,5,0
WOKING - POOLE,14,NEW MILTON,HINTON ADMIRAL,,4,0
WOKING - POOLE,15,HINTON ADMIRAL,CHRISTCHURCH,,5,0
WOKING - POOLE,16,CHRISTCHURCH,POKESDOWN,,4,0
WOKING - POOLE,17,POKESDOWN,BOURNEMOUTH,,4,0
WOKING - POOLE,18,BOURNEMOUTH,POOLE,,9,1
WOKING - POOLE (2),1,WOKING,BASINGSTOKE,,19,1
WOKING - POOLE (2),2,BASINGSTOKE,WINCHESTER,,16,1
WOKING - POOLE (2),3,WINCHESTER,EASTLEIGH,,8,1
WOKING - POOLE (2),4,EASTLEIGH,SOUTHAMPTON AIRPORT (PARKWAY),,3,1
WOKING - POOLE (2),5,SOUTHAMPTON AIRPORT (PARKWAY),SOUTHAMPTON CENTRAL,,7,1
WOKING - POOLE (2),6,SOUTHAMPTON CENTRAL,TOTTON,,5,2
WOKING - POOLE (2),7,TOTTON,ASHURST NEW FOREST,,5,0
WOKING - POOLE (2),8,ASHURST NEW FOREST,BEAULIEU ROAD,,4,0
WOKING - POOLE (2),9,BEAULIEU ROAD,BROCKENHURST,,6,0
WOKING - POOLE (2),10,BROCKENHURST,SWAY,,4,1
WOKING - POOLE (2),11,SWAY,NEW MILTON,,5,0
WOKING - POOLE (2),12,NEW MILTON,HINTON ADMIRAL,,4,0
WOKING - POOLE (2),13,HINTON ADMIRAL,CHRISTCHURCH,,5,0
WOKING - POOLE (2),14,CHRISTCHURCH,POKESDOWN,,4,0
WOKING - POOLE (2),15,POKESDOWN,BOURNEMOUTH,,4,0
WOKING - POOLE (2),16,BOURNEMOUTH,POOLE,,9,1
POOLE - WOKING,1,POOLE,BOURNEMOUTH,,9,0
POOLE - WOKING,2,BOURNEMOUTH,POKESDOWN,,4,2
POOLE - WOKING,3,POKESDOWN,CHRISTCHURCH,,3,0
POOLE - WOKING,4,CHRISTCHURCH,HINTON ADMIRAL,,5,1
POOLE - WOKING,5,HINTON ADMIRAL,NEW MILTON,,4,0
POOLE - WOKING,6,NEW MILTON,SWAY,,5,0
POOLE - WOKING,7,SWAY,BROCKENHURST,,4,0
POOLE - WOKING,8,BROCKENHURST,BEAULIEU ROAD,,6,1
POOLE - WOKING,9,BEAULIEU ROAD,ASHURST NEW FOREST,,4,0
POOLE - WOKING,10,ASHURST NEW FOREST,TOTTON,,4,0
POOLE - WOKING,11,TOTTON,SOUTHAMPTON CENTRAL,,5,1
POOLE - WOKING,12,SOUTHAMPTON CENTRAL,SOUTHAMPTON AIRPORT (PARKWAY),,7,2
POOLE - WOKING,13,SOUTHAMPTON AIRPORT (PARKWAY),EASTLEIGH,,3,1
POOLE - WOKING,14,EASTLEIGH,WINCHESTER,,9,1
POOLE - WOKING,15,WINCHESTER,BASINGSTOKE,,16,1
POOLE - WOKING,16,BASINGSTOKE,WOKING,,18,2
PORTSMOUTH HARBOUR - WOKING,1,PORTSMOUTH HARBOUR,PORTSMOUTH & SOUTHSEA,,3,0
PORTSMOUTH HARBOUR - WOKING,2,PORTSMOUTH & SOUTHSEA,FRATTON PORTSMOUTH,,3,2
PORTSMOUTH HARBOUR - WOKING,3,FRATTON PORTSMOUTH,HILSEA PORTSMOUTH,,4,1
PORTSMOUTH HARBOUR - WOKING,4,HILSEA PORTSMOUTH,COSHAM,,5,0
PORTSMOUTH HARBOUR - WOKING,5,COSHAM,PORTCHESTER,,5,0
PORTSMOUTH HARBOUR - WOKING,6,PORTCHESTER,FAREHAM,,5,0
PORTSMOUTH HARBOUR - WOKING,7,FAREHAM,BOTLEY,,7,1
PORTSMOUTH HARBOUR - WOKING,8,BOTLEY,HEDGE END,,4,0
PORTSMOUTH HARBOUR - WOKING,9,HEDGE END,EASTLEIGH,,6,1
PORTSMOUTH HARBOUR - WOKING,10,EASTLEIGH,SHAWFORD,,6,7
PORTSMOUTH HARBOUR - WOKING,11,SHAWFORD,WINCHESTER,,5,0
PORTSMOUTH HARBOUR - WOKING,12,WINCHESTER,MICHELDEVER,,9,1
PORTSMOUTH HARBOUR - WOKING,13,MICHELDEVER,BASINGSTOKE,,10,0
PORTSMOUTH HARBOUR - WOKING,14,BASINGSTOKE,FARNBOROUGH (MAIN),,13,2
PORTSMOUTH HARBOUR - WOKING,15,FARNBOROUGH (MAIN),WOKING,,10,1
PORTSMOUTH HARBOUR - WOKING (2),1,PORTSMOUTH HARBOUR,PORTSMOUTH & SOUTHSEA,,3,0
PORTSMOUTH HARBOUR - WOKING (2),2,PORTSMOUTH & SOUTHSEA,FRATTON PORTSMOUTH,,3,2
PORTSMOUTH HARBOUR - WOKING (2),3,FRATTON PORTSMOUTH,HILSEA PORTSMOUTH,,4,1
PORTSMOUTH HARBOUR - WOKING (2),4,HILSEA PORTSMOUTH,COSHAM,,5,0
PORTSMOUTH HARBOUR - WOKING (2),5,COSHAM,PORTCHESTER,,5,0
PORTSMOUTH HARBOUR - WOKING (2),6,PORTCHESTER,FAREHAM,,5,0
PORTSMOUTH HARBOUR - WOKING (2),7,FAREHAM,BOTLEY,,7,1
PORTSMOUTH HARBOUR - WOKING (2),8,BOTLEY,HEDGE END,,4,0
PORTSMOUTH HARBOUR - WOKING (2),9,HEDGE END,EASTLEIGH,,6,1
PORTSMOUTH HARBOUR - WOKING (2),10,EASTLEIGH,SHAWFORD,,6,7
PORTSMOUTH HARBOUR - WOKING (2),11,SHAWFORD,WINCHESTER,,5,0
PORTSMOUTH HARBOUR - WOKING (2),12,WINCHESTER,MICHELDEVER,,9,1
PORTSMOUTH HARBOUR - WOKING (2),13,MICHELDEVER,BASINGSTOKE,,13,0
PORTSMOUTH HARBOUR - WOKING (2),14,BASINGSTOKE,WOKING,,18,1
SOUTHAMPTON CENTRAL - WOKING,1,SOUTHAMPTON CENTRAL,SOUTHAMPTON AIRPORT (PARKWAY),,7,0
SOUTHAMPTON CENTRAL - WOKING,2,SOUTHAMPTON AIRPORT (PARKWAY),EASTLEIGH,,4,1
SOUTHAMPTON CENTRAL - WOKING,3,EASTLEIGH,SHAWFORD,,6,4
SOUTHAMPTON CENTRAL - WOKING,4,SHAWFORD,WINCHESTER,,5,0
SOUTHAMPTON CENTRAL - WOKING,5,WINCHESTER,MICHELDEVER,,9,1
SOUTHAMPTON CENTRAL - WOKING,6,MICHELDEVER,BASINGSTOKE,,10,0
SOUTHAMPTON CENTRAL - WOKING,7,BASINGSTOKE,WOKING,,18,2
POOLE - WOKING (2),1,POOLE,PARKSTONE,,4,0
POOLE - WOKING (2),2,PARKSTONE,BRANKSOME,,3,0
POOLE - WOKING (2),3,BRANKSOME,BOURNEMOUTH,,5,0
POOLE - WOKING (2),4,BOURNEMOUTH,POKESDOWN,,4,4
POOLE - WOKING (2),5,POKESDOWN,CHRISTCHURCH,,3,0
POOLE - WOKING (2),6,CHRISTCHURCH,HINTON ADMIRAL,,5,1
POOLE - WOKING (2),7,HINTON ADMIRAL,NEW MILTON,,4,0
POOLE - WOKING (2),8,NEW MILTON,SWAY,,5,0
POOLE - WOKING (2),9,SWAY,BROCKENHURST,,4,0
POOLE - WOKING (2),10,BROCKENHURST,ASHURST NEW FOREST,,10,1
POOLE - WOKING (2),11,ASHURST NEW FOREST,TOTTON,,4,0
POOLE - WOKING (2),12,TOTTON,SOUTHAMPTON CENTRAL,,6,1
POOLE - WOKING (2),13,SOUTHAMPTON CENTRAL,SOUTHAMPTON AIRPORT (PARKWAY),,7,2
POOLE - WOKING (2),14,SOUTHAMPTON AIRPORT (PARKWAY),WINCHESTER,,8,1
POOLE - WOKING (2),15,WINCHESTER,BASINGSTOKE,,18,1
POOLE - WOKING (2),16,BASINGSTOKE,FLEET,,11,1
POOLE - WOKING (2),17,FLEET,FARNBOROUGH (MAIN),,5,0
POOLE - WOKING (2),18,FARNBOROUGH (MAIN),WOKING,,9,1
WOKING - POOLE (3),1,WOKING,BASINGSTOKE,,19,1
WOKING - POOLE (3),2,BASINGSTOKE,WINCHESTER,,16,1
WOKING - POOLE (3),3,WINCHESTER,EASTLEIGH,,8,1
WOKING - POOLE (3),4,EASTLEIGH,SOUTHAMPTON AIRPORT (PARKWAY),,4,1
WOKING - POOLE (3),5,SOUTHAMPTON AIRPORT (PARKWAY),ST DENYS,,4,1
WOKING - POOLE (3),6,ST DENYS,SOUTHAMPTON CENTRAL,,5,0
WOKING - POOLE (3),7,SOUTHAMPTON CENTRAL,TOTTON,,5,3
WOKING - POOLE (3),8,TOTTON,BROCKENHURST,,10,1
WOKING - POOLE (3),9,BROCKENHURST,NEW MILTON,,6,2
WOKING - POOLE (3),10,NEW MILTON,CHRISTCHURCH,,6,1
WOKING - POOLE (3),11,CHRISTCHURCH,POKESDOWN,,3,1
WOKING - POOLE (3),12,POKESDOWN,BOURNEMOUTH,,4,0
WOKING - POOLE (3),13,BOURNEMOUTH,BRANKSOME,,5,1
WOKING - POOLE (3),14,BRANKSOME,PARKSTONE,,2,1
WOKING - POOLE (3),15,PARKSTONE,POOLE,,3,1
WOKING - BOURNEMOUTH,1,WOKING,BASINGSTOKE,,18,1
WOKING - BOURNEMOUTH,2,BASINGSTOKE,WINCHESTER,,15,2
WOKING - BOURNEMOUTH,3,WINCHESTER,EASTLEIGH,,8,1
WOKING - BOURNEMOUTH,4,EASTLEIGH,SOUTHAMPTON AIRPORT (PARKWAY),,4,1
WOKING - BOURNEMOUTH,5,SOUTHAMPTON AIRPORT (PARKWAY),SOUTHAMPTON CENTRAL,,7,0
WOKING - BOURNEMOUTH,6,SOUTHAMPTON CENTRAL,TOTTON,,5,2
WOKING - BOURNEMOUTH,7,TOTTON,BROCKENHURST,,10,1
WOKING - BOURNEMOUTH,8,BROCKENHURST,NEW MILTON,,6,1
WOKING - BOURNEMOUTH,9,NEW MILTON,CHRISTCHURCH,,6,1
WOKING - BOURNEMOUTH,10,CHRISTCHURCH,POKESDOWN,,3,1
WOKING - BOURNEMOUTH,11,POKESDOWN,BOURNEMOUTH,,4,0
WOKING - PORTSMOUTH HARBOUR,1,WOKING,FARNBOROUGH (MAIN),,10,2
WOKING - PORTSMOUTH HARBOUR,2,FARNBOROUGH (MAIN),BASINGSTOKE,,13,1
WOKING - PORTSMOUTH HARBOUR,3,BASINGSTOKE,MICHELDEVER,,10,2
WOKING - PORTSMOUTH HARBOUR,4,MICHELDEVER,WINCHESTER,,9,0
WOKING - PORTSMOUTH HARBOUR,5,WINCHESTER,SHAWFORD,,5,1
WOKING - PORTSMOUTH HARBOUR,6,SHAWFORD,EASTLEIGH,,5,0
WOKING - PORTSMOUTH HARBOUR,7,EASTLEIGH,HEDGE END,,6,9
WOKING - PORTSMOUTH HARBOUR,8,HEDGE END,BOTLEY,,4,0
WOKING - PORTSMOUTH HARBOUR,9,BOTLEY,FAREHAM,,8,0
WOKING - PORTSMOUTH HARBOUR,10,FAREHAM,PORTCHESTER,,5,1
WOKING - PORTSMOUTH HARBOUR,11,PORTCHESTER,COSHAM,,5,0
WOKING - PORTSMOUTH HARBOUR,12,COSHAM,HILSEA PORTSMOUTH,,5,0
WOKING - PORTSMOUTH HARBOUR,13,HILSEA PORTSMOUTH,FRATTON PORTSMOUTH,,9,0
WOKING - PORTSMOUTH HARBOUR,14,FRATTON PORTSMOUTH,PORTSMOUTH & SOUTHSEA,,3,1
WOKING - PORTSMOUTH HARBOUR,15,PORTSMOUTH & SOUTHSEA,PORTSMOUTH HARBOUR,,6,1
WOKING - PORTSMOUTH HARBOUR (2),1,WOKING,FARNBOROUGH (MAIN),,10,2
WOKING - PORTSMOUTH HARBOUR (2),2,FARNBOROUGH (MAIN),BASINGSTOKE,,13,1
WOKING - PORTSMOUTH HARBOUR (2),3,BASINGSTOKE,MICHELDEVER,,10,2
WOKING - PORTSMOUTH HARBOUR (2),4,MICHELDEVER,WINCHESTER,,9,0
WOKING - PORTSMOUTH HARBOUR (2),5,WINCHESTER,SHAWFORD,,5,1
WOKING - PORTSMOUTH HARBOUR (2),6,SHAWFORD,EASTLEIGH,,5,0
WOKING - PORTSMOUTH HARBOUR (2),7,EASTLEIGH,HEDGE END,,6,13
WOKING - PORTSMOUTH HARBOUR (2),8,HEDGE END,BOTLEY,,3,1
WOKING - PORTSMOUTH HARBOUR (2),9,BOTLEY,FAREHAM,,7,1
WOKING - PORTSMOUTH HARBOUR (2),10,FAREHAM,PORTCHESTER,,5,1
WOKING - PORTSMOUTH HARBOUR (2),11,PORTCHESTER,COSHAM,,4,1
WOKING - PORTSMOUTH HARBOUR (2),12,COSHAM,FRATTON PORTSMOUTH,,6,1
WOKING - PORTSMOUTH HARBOUR (2),13,FRATTON PORTSMOUTH,PORTSMOUTH & SOUTHSEA,,3,1
WOKING - PORTSMOUTH HARBOUR (2),14,PORTSMOUTH & SOUTHSEA,PORTSMOUTH HARBOUR,,3,1
WOKING - BASINGSTOKE,1,WOKING,BROOKWOOD,,5,0
WOKING - BASINGSTOKE,2,BROOKWOOD,FARNBOROUGH (MAIN),,7,0
WOKING - BASINGSTOKE,3,FARNBOROUGH (MAIN),FLEET,,5,1
WOKING - BASINGSTOKE,4,FLEET,WINCHFIELD,,5,0
WOKING - BASINGSTOKE,5,WINCHFIELD,HOOK,,4,1
WOKING - BASINGSTOKE,6,HOOK,BASINGSTOKE,,7,0
BASINGSTOKE - SURBITON,1,BASINGSTOKE,HOOK,,7,0
BASINGSTOKE - SURBITON,2,HOOK,WINCHFIELD,,4,0
BASINGSTOKE - SURBITON,3,WINCHFIELD,FLEET,,5,0
BASINGSTOKE - SURBITON,4,FLEET,FARNBOROUGH (MAIN),,5,0
BASINGSTOKE - SURBITON,5,FARNBOROUGH (MAIN),BROOKWOOD,,7,1
BASINGSTOKE - SURBITON,6,BROOKWOOD,WOKING,,5,0
BASINGSTOKE - SURBITON,7,WOKING,SURBITON,,11,8
SURBITON - BASINGSTOKE,1,SURBITON,WOKING,,12,0
SURBITON - BASINGSTOKE,2,WOKING,BROOKWOOD,,5,4
SURBITON - BASINGSTOKE,3,BROOKWOOD,FARNBOROUGH (MAIN),,7,0
SURBITON - BASINGSTOKE,4,FARNBOROUGH (MAIN),FLEET,,5,1
SURBITON - BASINGSTOKE,5,FLEET,WINCHFIELD,,5,0
SURBITON - BASINGSTOKE,6,WINCHFIELD,HOOK,,4,1
SURBITON - BASINGSTOKE,7,HOOK,BASINGSTOKE,,7,0
BASINGSTOKE - SURBITON (2),1,BASINGSTOKE,FLEET,,10,0
BASINGSTOKE - SURBITON (2),2,FLEET,FARNBOROUGH (MAIN),,5,2
BASINGSTOKE - SURBITON (2),3,FARNBOROUGH (MAIN),BROOKWOOD,,7,1
BASINGSTOKE - SURBITON (2),4,BROOKWOOD,WOKING,,5,0
BASINGSTOKE - SURBITON (2),5,WOKING,WEYBRIDGE,,6,8
BASINGSTOKE - SURBITON (2),6,WEYBRIDGE,WALTON-ON-THAMES,,4,0
BASINGSTOKE - SURBITON (2),7,WALTON-ON-THAMES,SURBITON,,7,0
SURBITON - BASINGSTOKE (2),1,SURBITON,WALTON-ON-THAMES,,6,2
SURBITON - BASINGSTOKE (2),2,WALTON-ON-THAMES,WEYBRIDGE,,3,1
SURBITON - BASINGSTOKE (2),3,WEYBRIDGE,WOKING,,6,1
SURBITON - BASINGSTOKE (2),4,WOKING,BROOKWOOD,,5,4
SURBITON - BASINGSTOKE (2),5,BROOKWOOD,FARNBOROUGH (MAIN),,8,0
SURBITON - BASINGSTOKE (2),6,FARNBOROUGH (MAIN),FLEET,,5,0
SURBITON - BASINGSTOKE (2),7,FLEET,BASINGSTOKE,,12,1
SURBITON - BASINGSTOKE (3),1,SURBITON,WALTON-ON-THAMES,,6,1
SURBITON - BASINGSTOKE (3),2,WALTON-ON-THAMES,WEYBRIDGE,,3,1
SURBITON - BASINGSTOKE (3),3,WEYBRIDGE,WOKING,,8,1
SURBITON - BASINGSTOKE (3),4,WOKING,BROOKWOOD,,6,1
SURBITON - BASINGSTOKE (3),5,BROOKWOOD,FARNBOROUGH (MAIN),,7,0
SURBITON - BASINGSTOKE (3),6,FARNBOROUGH (MAIN),FLEET,,5,1
SURBITON - BASINGSTOKE (3),7,FLEET,WINCHFIELD,,5,0
SURBITON - BASINGSTOKE (3),8,WINCHFIELD,HOOK,,4,1
SURBITON - BASINGSTOKE (3),9,HOOK,BASINGSTOKE,,8,1
BASINGSTOKE - WOKING,1,BASINGSTOKE,HOOK,,7,0
BASINGSTOKE - WOKING,2,HOOK,WINCHFIELD,,4,0
BASINGSTOKE - WOKING,3,WINCHFIELD,FLEET,,5,0
BASINGSTOKE - WOKING,4,FLEET,FARNBOROUGH (MAIN),,5,0
BASINGSTOKE - WOKING,5,FARNBOROUGH (MAIN),BROOKWOOD,,7,1
BASINGSTOKE - WOKING,6,BROOKWOOD,WOKING,,5,0
SURBITON - SOUTHAMPTON CENTRAL,1,SURBITON,WOKING,,12,1
SURBITON - SOUTHAMPTON CENTRAL,2,WOKING,FARNBOROUGH (MAIN),,9,1
SURBITON - SOUTHAMPTON CENTRAL,3,FARNBOROUGH (MAIN),FLEET,,5,1
SURBITON - SOUTHAMPTON CENTRAL,4,FLEET,BASINGSTOKE,,11,1
SURBITON - SOUTHAMPTON CENTRAL,5,BASINGSTOKE,WINCHESTER,,15,2
SURBITON - SOUTHAMPTON CENTRAL,6,WINCHESTER,EASTLEIGH,,8,1
SURBITON - SOUTHAMPTON CENTRAL,7,EASTLEIGH,SOUTHAMPTON AIRPORT (PARKWAY),,3,1
SURBITON - SOUTHAMPTON CENTRAL,8,SOUTHAMPTON AIRPORT (PARKWAY),ST DENYS,,4,1
SURBITON - SOUTHAMPTON CENTRAL,9,ST DENYS,SOUTHAMPTON CENTRAL,,4,1
WOKING - POOLE (4),1,WOKING,BASINGSTOKE,,19,1
WOKING - POOLE (4),2,BASINGSTOKE,WINCHESTER,,16,1
WOKING - POOLE (4),3,WINCHESTER,EASTLEIGH,,8,1
WOKING - POOLE (4),4,EASTLEIGH,SOUTHAMPTON AIRPORT (PARKWAY),,3,1
WOKING - POOLE (4),5,SOUTHAMPTON AIRPORT (PARKWAY),SOUTHAMPTON CENTRAL,,7,1
WOKING - POOLE (4),6,SOUTHAMPTON CENTRAL,TOTTON,,5,2
WOKING - POOLE (4),7,TOTTON,ASHURST NEW FOREST,,5,0
WOKING - POOLE (4),8,ASHURST NEW FOREST,BROCKENHURST,,8,0
WOKING - POOLE (4),9,BROCKENHURST,SWAY,,4,3
WOKING - POOLE (4),10,SWAY,NEW MILTON,,5,0
WOKING - POOLE (4),11,NEW MILTON,HINTON ADMIRAL,,4,0
WOKING - POOLE (4),12,HINTON ADMIRAL,CHRISTCHURCH,,5,0
WOKING - POOLE (4),13,CHRISTCHURCH,POKESDOWN,,4,0
WOKING - POOLE (4),14,POKESDOWN,BOURNEMOUTH,,4,0
WOKING - POOLE (4),15,BOURNEMOUTH,POOLE,,9,1
WOKING - POOLE (5),1,WOKING,BASINGSTOKE,,19,1
WOKING - POOLE (5),2,BASINGSTOKE,WINCHESTER,,16,1
WOKING - POOLE (5),3,WINCHESTER,EASTLEIGH,,8,1
WOKING - POOLE (5),4,EASTLEIGH,SOUTHAMPTON AIRPORT (PARKWAY),,3,1
WOKING - POOLE (5),5,SOUTHAMPTON AIRPORT (PARKWAY),SOUTHAMPTON CENTRAL,,7,1
WOKING - POOLE (5),6,SOUTHAMPTON CENTRAL,TOTTON,,5,2
WOKING - POOLE (5),7,TOTTON,ASHURST NEW FOREST,,5,0
WOKING - POOLE (5),8,ASHURST NEW FOREST,BROCKENHURST,,8,0
WOKING - POOLE (5),9,BROCKENHURST,SWAY,,4,1
WOKING - POOLE (5),10,SWAY,NEW MILTON,,5,0
WOKING - POOLE (5),11,NEW MILTON,HINTON ADMIRAL,,4,0
WOKING - POOLE (5),12,HINTON ADMIRAL,CHRISTCHURCH,,5,0
WOKING - POOLE (5),13,CHRISTCHURCH,POKESDOWN,,4,0
WOKING - POOLE (5),14,POKESDOWN,BOURNEMOUTH,,4,0
WOKING - POOLE (5),15,BOURNEMOUTH,BRANKSOME,,5,1
WOKING - POOLE (5),16,BRANKSOME,PARKSTONE,,3,0
WOKING - POOLE (5),17,PARKSTONE,POOLE,,4,0
WOKING - EXETER ST DAVIDS,1,WOKING,BASINGSTOKE,,19,1
WOKING - EXETER ST DAVIDS,2,BASINGSTOKE,ANDOVER,,16,2
WOKING - EXETER ST DAVIDS,3,ANDOVER,SALISBURY,,17,1
WOKING - EXETER ST DAVIDS,4,SALISBURY,TISBURY,,19,6
WOKING - EXETER ST DAVIDS,5,TISBURY,GILLINGHAM (DORSET),,10,1
WOKING - EXETER ST DAVIDS,6,GILLINGHAM (DORSET),TEMPLECOMBE,,7,1
WOKING - EXETER ST DAVIDS,7,TEMPLECOMBE,SHERBORNE,,7,0
WOKING - EXETER ST DAVIDS,8,SHERBORNE,YEOVIL JUNCTION,,5,1
WOKING - EXETER ST DAVIDS,9,YEOVIL JUNCTION,CREWKERNE,,9,1
WOKING - EXETER ST DAVIDS,10,CREWKERNE,AXMINSTER,,13,1
WOKING - EXETER ST DAVIDS,11,AXMINSTER,HONITON,,12,1
WOKING - EXETER ST DAVIDS,12,HONITON,WHIMPLE,,8,1
WOKING - EXETER ST DAVIDS,13,WHIMPLE,CRANBROOK,,4,0
WOKING - EXETER ST DAVIDS,14,CRANBROOK,PINHOE,,4,0
WOKING - EXETER ST DAVIDS,15,PINHOE,EXETER CENTRAL,,6,0
WOKING - EXETER ST DAVIDS,16,EXETER CENTRAL,EXETER ST DAVIDS,,4,1
SALISBURY - WOKING,1,SALISBURY,ANDOVER,,16,0
SALISBURY - WOKING,2,ANDOVER,BASINGSTOKE,,17,1
SALISBURY - WOKING,3,BASINGSTOKE,WOKING,,19,1
SALISBURY - WOKING (2),1,SALISBURY,GRATELEY,,12,0
SALISBURY - WOKING (2),2,GRATELEY,ANDOVER,,6,0
SALISBURY - WOKING (2),3,ANDOVER,WHITCHURCH (HAMPSHIRE),,8,1
SALISBURY - WOKING (2),4,WHITCHURCH (HAMPSHIRE),OVERTON,,6,0
SALISBURY - WOKING (2),5,OVERTON,BASINGSTOKE,,9,0
SALISBURY - WOKING (2),6,BASINGSTOKE,WOKING,,18,1
WOKING - EXETER ST DAVIDS (2),1,WOKING,BASINGSTOKE,,19,1
WOKING - EXETER ST DAVIDS (2),2,BASINGSTOKE,ANDOVER,,16,2
WOKING - EXETER ST DAVIDS (2),3,ANDOVER,SALISBURY,,17,3
WOKING - EXETER ST DAVIDS (2),4,SALISBURY,TISBURY,,19,4
WOKING - EXETER ST DAVIDS (2),5,TISBURY,GILLINGHAM (DORSET),,10,0
WOKING - EXETER ST DAVIDS (2),6,GILLINGHAM (DORSET),TEMPLECOMBE,,8,1
WOKING - EXETER ST DAVIDS (2),7,TEMPLECOMBE,SHERBORNE,,7,0
WOKING - EXETER ST DAVIDS (2),8,SHERBORNE,YEOVIL JUNCTION,,6,0
WOKING - EXETER ST DAVIDS (2),9,YEOVIL JUNCTION,CREWKERNE,,9,1
WOKING - EXETER ST DAVIDS (2),10,CREWKERNE,AXMINSTER,,13,1
WOKING - EXETER ST DAVIDS (2),11,AXMINSTER,HONITON,,12,1
WOKING - EXETER ST DAVIDS (2),12,HONITON,FENITON,,5,1
WOKING - EXETER ST DAVIDS (2),13,FENITON,CRANBROOK,,8,0
WOKING - EXETER ST DAVIDS (2),14,CRANBROOK,PINHOE,,4,0
WOKING - EXETER ST DAVIDS (2),15,PINHOE,EXETER CENTRAL,,5,0
WOKING - EXETER ST DAVIDS (2),16,EXETER CENTRAL,EXETER ST DAVIDS,,3,2
YEOVIL JUNCTION - WOKING,1,YEOVIL JUNCTION,SHERBORNE,,6,0
YEOVIL JUNCTION - WOKING,2,SHERBORNE,TEMPLECOMBE,,8,0
YEOVIL JUNCTION - WOKING,3,TEMPLECOMBE,GILLINGHAM (DORSET),,7,0
YEOVIL JUNCTION - WOKING,4,GILLINGHAM (DORSET),TISBURY,,10,1
YEOVIL JUNCTION - WOKING,5,TISBURY,SALISBURY,,15,0
YEOVIL JUNCTION - WOKING,6,SALISBURY,ANDOVER,,16,11
YEOVIL JUNCTION - WOKING,7,ANDOVER,BASINGSTOKE,,17,2
YEOVIL JUNCTION - WOKING,8,BASINGSTOKE,WOKING,,19,2
EXETER ST DAVIDS - WOKING,1,EXETER ST DAVIDS,EXETER CENTRAL,,3,0
EXETER ST DAVIDS - WOKING,2,EXETER CENTRAL,PINHOE,,7,1
EXETER ST DAVIDS - WOKING,3,PINHOE,CRANBROOK,,4,1
EXETER ST DAVIDS - WOKING,4,CRANBROOK,FENITON,,8,0
EXETER ST DAVIDS - WOKING,5,FENITON,HONITON,,7,0
EXETER ST DAVIDS - WOKING,6,HONITON,AXMINSTER,,10,1
EXETER ST DAVIDS - WOKING,7,AXMINSTER,CREWKERNE,,13,1
EXETER ST DAVIDS - WOKING,8,CREWKERNE,YEOVIL JUNCTION,,9,0
EXETER ST DAVIDS - WOKING,9,YEOVIL JUNCTION,SHERBORNE,,6,1
EXETER ST DAVIDS - WOKING,10,SHERBORNE,TEMPLECOMBE,,8,0
EXETER ST DAVIDS - WOKING,11,TEMPLECOMBE,GILLINGHAM (DORSET),,7,0
EXETER ST DAVIDS - WOKING,12,GILLINGHAM (DORSET),TISBURY,,10,1
EXETER ST DAVIDS - WOKING,13,TISBURY,SALISBURY,,14,0
EXETER ST DAVIDS - WOKING,14,SALISBURY,ANDOVER,,16,11
EXETER ST DAVIDS - WOKING,15,ANDOVER,BASINGSTOKE,,18,2
EXETER ST DAVIDS - WOKING,16,BASINGSTOKE,WOKING,,19,1
EXETER ST DAVIDS - WOKING (2),1,EXETER ST DAVIDS,EXETER CENTRAL,,3,0
EXETER ST DAVIDS - WOKING (2),2,EXETER CENTRAL,PINHOE,,5,2
EXETER ST DAVIDS - WOKING (2),3,PINHOE,CRANBROOK,,4,0
EXETER ST DAVIDS - WOKING (2),4,CRANBROOK,WHIMPLE,,5,0
EXETER ST DAVIDS - WOKING (2),5,WHIMPLE,HONITON,,9,0
EXETER ST DAVIDS - WOKING (2),6,HONITON,AXMINSTER,,10,2
EXETER ST DAVIDS - WOKING (2),7,AXMINSTER,CREWKERNE,,13,1
EXETER ST DAVIDS - WOKING (2),8,CREWKERNE,YEOVIL JUNCTION,,9,0
EXETER ST DAVIDS - WOKING (2),9,YEOVIL JUNCTION,SHERBORNE,,6,1
EXETER ST DAVIDS - WOKING (2),10,SHERBORNE,TEMPLECOMBE,,8,0
EXETER ST DAVIDS - WOKING (2),11,TEMPLECOMBE,GILLINGHAM (DORSET),,7,0
EXETER ST DAVIDS - WOKING (2),12,GILLINGHAM (DORSET),TISBURY,,10,1
EXETER ST DAVIDS - WOKING (2),13,TISBURY,SALISBURY,,15,0
EXETER ST DAVIDS - WOKING (2),14,SALISBURY,ANDOVER,,16,11
EXETER ST DAVIDS - WOKING (2),15,ANDOVER,BASINGSTOKE,,19,2
EXETER ST DAVIDS - WOKING (2),16,BASINGSTOKE,WOKING,,18,1
WOKING - SALISBURY,1,WOKING,BASINGSTOKE,,19,1
WOKING - SALISBURY,2,BASINGSTOKE,OVERTON,,9,2
WOKING - SALISBURY,3,OVERTON,WHITCHURCH (HAMPSHIRE),,5,0
WOKING - SALISBURY,4,WHITCHURCH (HAMPSHIRE),ANDOVER,,7,0
WOKING - SALISBURY,5,ANDOVER,GRATELEY,,8,1
WOKING - SALISBURY,6,GRATELEY,SALISBURY,,12,1
YEOVIL PEN MILL - BASINGSTOKE,1,YEOVIL PEN MILL,YEOVIL JUNCTION,,5,0
YEOVIL PEN MILL - BASINGSTOKE,2,YEOVIL JUNCTION,SHERBORNE,,6,5
YEOVIL PEN MILL - BASINGSTOKE,3,SHERBORNE,TEMPLECOMBE,,8,0
YEOVIL PEN MILL - BASINGSTOKE,4,TEMPLECOMBE,GILLINGHAM (DORSET),,7,0
YEOVIL PEN MILL - BASINGSTOKE,5,GILLINGHAM (DORSET),TISBURY,,10,4
YEOVIL PEN MILL - BASINGSTOKE,6,TISBURY,SALISBURY,,14,1
YEOVIL PEN MILL - BASINGSTOKE,7,SALISBURY,GRATELEY,,12,1
YEOVIL PEN MILL - BASINGSTOKE,8,GRATELEY,ANDOVER,,7,0
YEOVIL PEN MILL - BASINGSTOKE,9,ANDOVER,WHITCHURCH (HAMPSHIRE),,8,1
YEOVIL PEN MILL - BASINGSTOKE,10,WHITCHURCH (HAMPSHIRE),OVERTON,,5,0
YEOVIL PEN MILL - BASINGSTOKE,11,OVERTON,BASINGSTOKE,,9,0
WOKING - EXETER ST DAVIDS (3),1,WOKING,BASINGSTOKE,,19,1
WOKING - EXETER ST DAVIDS (3),2,BASINGSTOKE,ANDOVER,,16,2
WOKING - EXETER ST DAVIDS (3),3,ANDOVER,SALISBURY,,18,2
WOKING - EXETER ST DAVIDS (3),4,SALISBURY,TISBURY,,19,4
WOKING - EXETER ST DAVIDS (3),5,TISBURY,GILLINGHAM (DORSET),,10,0
WOKING - EXETER ST DAVIDS (3),6,GILLINGHAM (DORSET),TEMPLECOMBE,,8,1
WOKING - EXETER ST DAVIDS (3),7,TEMPLECOMBE,SHERBORNE,,7,0
WOKING - EXETER ST DAVIDS (3),8,SHERBORNE,YEOVIL JUNCTION,,6,0
WOKING - EXETER ST DAVIDS (3),9,YEOVIL JUNCTION,CREWKERNE,,9,1
WOKING - EXETER ST DAVIDS (3),10,CREWKERNE,AXMINSTER,,13,1
WOKING - EXETER ST DAVIDS (3),11,AXMINSTER,HONITON,,11,3
WOKING - EXETER ST DAVIDS (3),12,HONITON,FENITON,,4,1
WOKING - EXETER ST DAVIDS (3),13,FENITON,WHIMPLE,,6,0
WOKING - EXETER ST DAVIDS (3),14,WHIMPLE,CRANBROOK,,5,0
WOKING - EXETER ST DAVIDS (3),15,CRANBROOK,PINHOE,,4,0
WOKING - EXETER ST DAVIDS (3),16,PINHOE,EXETER CENTRAL,,5,0
WOKING - EXETER ST DAVIDS (3),17,EXETER CENTRAL,EXETER ST DAVIDS,,3,0
GILLINGHAM (DORSET) - BASINGSTOKE,1,GILLINGHAM (DORSET),TISBURY,,10,0
GILLINGHAM (DORSET) - BASINGSTOKE,2,TISBURY,SALISBURY,,14,1
GILLINGHAM (DORSET) - BASINGSTOKE,3,SALISBURY,GRATELEY,,12,2
GILLINGHAM (DORSET) - BASINGSTOKE,4,GRATELEY,ANDOVER,,6,0
GILLINGHAM (DORSET) - BASINGSTOKE,5,ANDOVER,WHITCHURCH (HAMPSHIRE),,8,1
GILLINGHAM (DORSET) - BASINGSTOKE,6,WHITCHURCH (HAMPSHIRE),OVERTON,,6,0
GILLINGHAM (DORSET) - BASINGSTOKE,7,OVERTON,BASINGSTOKE,,8,0
WOKING - YEOVIL JUNCTION,1,WOKING,BASINGSTOKE,,19,1
WOKING - YEOVIL JUNCTION,2,BASINGSTOKE,ANDOVER,,16,2
WOKING - YEOVIL JUNCTION,3,ANDOVER,SALISBURY,,17,3
WOKING - YEOVIL JUNCTION,4,SALISBURY,TISBURY,,20,4
WOKING - YEOVIL JUNCTION,5,TISBURY,GILLINGHAM (DORSET),,10,0
WOKING - YEOVIL JUNCTION,6,GILLINGHAM (DORSET),TEMPLECOMBE,,7,1
WOKING - YEOVIL JUNCTION,7,TEMPLECOMBE,SHERBORNE,,7,0
WOKING - YEOVIL JUNCTION,8,SHERBORNE,YEOVIL JUNCTION,,5,1
SALISBURY - BASINGSTOKE,1,SALISBURY,GRATELEY,,12,0
SALISBURY - BASINGSTOKE,2,GRATELEY,ANDOVER,,6,0
SALISBURY - BASINGSTOKE,3,ANDOVER,WHITCHURCH (HAMPSHIRE),,8,1
SALISBURY - BASINGSTOKE,4,WHITCHURCH (HAMPSHIRE),OVERTON,,6,0
SALISBURY - BASINGSTOKE,5,OVERTON,BASINGSTOKE,,8,0
WOKING - EXETER ST DAVIDS (4),1,WOKING,BASINGSTOKE,,19,1
WOKING - EXETER ST DAVIDS (4),2,BASINGSTOKE,ANDOVER,,16,2
WOKING - EXETER ST DAVIDS (4),3,ANDOVER,SALISBURY,,18,1
WOKING - EXETER ST DAVIDS (4),4,SALISBURY,TISBURY,,20,5
WOKING - EXETER ST DAVIDS (4),5,TISBURY,GILLINGHAM (DORSET),,10,0
WOKING - EXETER ST DAVIDS (4),6,GILLINGHAM (DORSET),TEMPLECOMBE,,7,1
WOKING - EXETER ST DAVIDS (4),7,TEMPLECOMBE,SHERBORNE,,7,0
WOKING - EXETER ST DAVIDS (4),8,SHERBORNE,YEOVIL JUNCTION,,5,1
WOKING - EXETER ST DAVIDS (4),9,YEOVIL JUNCTION,CREWKERNE,,9,1
WOKING - EXETER ST DAVIDS (4),10,CREWKERNE,AXMINSTER,,19,1
WOKING - EXETER ST DAVIDS (4),11,AXMINSTER,HONITON,,11,1
WOKING - EXETER ST DAVIDS (4),12,HONITON,FENITON,,5,2
WOKING - EXETER ST DAVIDS (4),13,FENITON,WHIMPLE,,5,0
WOKING - EXETER ST DAVIDS (4),14,WHIMPLE,CRANBROOK,,4,0
WOKING - EXETER ST DAVIDS (4),15,CRANBROOK,PINHOE,,3,1
WOKING - EXETER ST DAVIDS (4),16,PINHOE,EXETER ST DAVIDS,,6,1
EXETER ST DAVIDS - WOKING (3),1,EXETER ST DAVIDS,EXETER CENTRAL,,3,0
EXETER ST DAVIDS - WOKING (3),2,EXETER CENTRAL,PINHOE,,5,2
EXETER ST DAVIDS - WOKING (3),3,PINHOE,CRANBROOK,,4,0
EXETER ST DAVIDS - WOKING (3),4,CRANBROOK,FENITON,,8,0
EXETER ST DAVIDS - WOKING (3),5,FENITON,HONITON,,6,0
EXETER ST DAVIDS - WOKING (3),6,HONITON,AXMINSTER,,10,2
EXETER ST DAVIDS - WOKING (3),7,AXMINSTER,CREWKERNE,,13,1
EXETER ST DAVIDS - WOKING (3),8,CREWKERNE,YEOVIL JUNCTION,,9,0
EXETER ST DAVIDS - WOKING (3),9,YEOVIL JUNCTION,SHERBORNE,,6,1
EXETER ST DAVIDS - WOKING (3),10,SHERBORNE,TEMPLECOMBE,,8,0
EXETER ST DAVIDS - WOKING (3),11,TEMPLECOMBE,GILLINGHAM (DORSET),,7,0
EXETER ST DAVIDS - WOKING (3),12,GILLINGHAM (DORSET),TISBURY,,10,1
EXETER ST DAVIDS - WOKING (3),13,TISBURY,SALISBURY,,15,0
EXETER ST DAVIDS - WOKING (3),14,SALISBURY,GRATELEY,,12,5
EXETER ST DAVIDS - WOKING (3),15,GRATELEY,ANDOVER,,6,0
EXETER ST DAVIDS - WOKING (3),16,ANDOVER,WHITCHURCH (HAMPSHIRE),,8,1
EXETER ST DAVIDS - WOKING (3),17,WHITCHURCH (HAMPSHIRE),OVERTON,,6,0
EXETER ST DAVIDS - WOKING (3),18,OVERTON,BASINGSTOKE,,9,0
EXETER ST DAVIDS - WOKING (3),19,BASINGSTOKE,WOKING,,19,1
EXETER ST DAVIDS - WOKING (4),1,EXETER ST DAVIDS,EXETER CENTRAL,,3,0
EXETER ST DAVIDS - WOKING (4),2,EXETER CENTRAL,PINHOE,,5,2
EXETER ST DAVIDS - WOKING (4),3,PINHOE,CRANBROOK,,4,0
EXETER ST DAVIDS - WOKING (4),4,CRANBROOK,WHIMPLE,,5,0
EXETER ST DAVIDS - WOKING (4),5,WHIMPLE,HONITON,,9,0
EXETER ST DAVIDS - WOKING (4),6,HONITON,AXMINSTER,,10,2
EXETER ST DAVIDS - WOKING (4),7,AXMINSTER,CREWKERNE,,13,1
EXETER ST DAVIDS - WOKING (4),8,CREWKERNE,YEOVIL JUNCTION,,9,0
EXETER ST DAVIDS - WOKING (4),9,YEOVIL JUNCTION,SHERBORNE,,6,1
EXETER ST DAVIDS - WOKING (4),10,SHERBORNE,TEMPLECOMBE,,8,0
EXETER ST DAVIDS - WOKING (4),11,TEMPLECOMBE,GILLINGHAM (DORSET),,7,0
EXETER ST DAVIDS - WOKING (4),12,GILLINGHAM (DORSET),TISBURY,,10,1
EXETER ST DAVIDS - WOKING (4),13,TISBURY,SALISBURY,,15,0
EXETER ST DAVIDS - WOKING (4),14,SALISBURY,GRATELEY,,12,5
EXETER ST DAVIDS - WOKING (4),15,GRATELEY,ANDOVER,,6,0
EXETER ST DAVIDS - WOKING (4),16,ANDOVER,WHITCHURCH (HAMPSHIRE),,8,1
EXETER ST DAVIDS - WOKING (4),17,WHITCHURCH (HAMPSHIRE),OVERTON,,6,0
EXETER ST DAVIDS - WOKING (4),18,OVERTON,BASINGSTOKE,,9,0
EXETER ST DAVIDS - WOKING (4),19,BASINGSTOKE,WOKING,,19,1
WOKING - SALISBURY (2),1,WOKING,FARNBOROUGH (MAIN),,10,1
WOKING - SALISBURY (2),2,FARNBOROUGH (MAIN),FLEET,,5,1
WOKING - SALISBURY (2),3,FLEET,BASINGSTOKE,,15,0
WOKING - SALISBURY (2),4,BASINGSTOKE,OVERTON,,9,1
WOKING - SALISBURY (2),5,OVERTON,WHITCHURCH (HAMPSHIRE),,4,1
WOKING - SALISBURY (2),6,WHITCHURCH (HAMPSHIRE),ANDOVER,,7,1
WOKING - SALISBURY (2),7,ANDOVER,GRATELEY,,7,1
WOKING - SALISBURY (2),8,GRATELEY,SALISBURY,,11,1
EXETER ST DAVIDS - WOKING (5),1,EXETER ST DAVIDS,EXETER CENTRAL,,3,0
EXETER ST DAVIDS - WOKING (5),2,EXETER CENTRAL,PINHOE,,5,2
EXETER ST DAVIDS - WOKING (5),3,PINHOE,CRANBROOK,,4,0
EXETER ST DAVIDS - WOKING (5),4,CRANBROOK,WHIMPLE,,5,0
EXETER ST DAVIDS - WOKING (5),5,WHIMPLE,FENITON,,5,0
EXETER ST DAVIDS - WOKING (5),6,FENITON,HONITON,,6,0
EXETER ST DAVIDS - WOKING (5),7,HONITON,AXMINSTER,,11,1
EXETER ST DAVIDS - WOKING (5),8,AXMINSTER,CREWKERNE,,12,1
EXETER ST DAVIDS - WOKING (5),9,CREWKERNE,YEOVIL JUNCTION,,8,1
EXETER ST DAVIDS - WOKING (5),10,YEOVIL JUNCTION,SHERBORNE,,6,1
EXETER ST DAVIDS - WOKING (5),11,SHERBORNE,TEMPLECOMBE,,7,1
EXETER ST DAVIDS - WOKING (5),12,TEMPLECOMBE,GILLINGHAM (DORSET),,7,0
EXETER ST DAVIDS - WOKING (5),13,GILLINGHAM (DORSET),TISBURY,,10,1
EXETER ST DAVIDS - WOKING (5),14,TISBURY,SALISBURY,,14,1
EXETER ST DAVIDS - WOKING (5),15,SALISBURY,GRATELEY,,12,10
EXETER ST DAVIDS - WOKING (5),16,GRATELEY,ANDOVER,,6,0
EXETER ST DAVIDS - WOKING (5),17,ANDOVER,WHITCHURCH (HAMPSHIRE),,8,1
EXETER ST DAVIDS - WOKING (5),18,WHITCHURCH (HAMPSHIRE),OVERTON,,6,0
EXETER ST DAVIDS - WOKING (5),19,OVERTON,BASINGSTOKE,,9,0
EXETER ST DAVIDS - WOKING (5),20,BASINGSTOKE,WOKING,,18,1
WOKING - WEYMOUTH,1,WOKING,BASINGSTOKE,,19,1
WOKING - WEYMOUTH,2,BASINGSTOKE,WINCHESTER,,16,1
WOKING - WEYMOUTH,3,WINCHESTER,SOUTHAMPTON AIRPORT (PARKWAY),,8,1
WOKING - WEYMOUTH,4,SOUTHAMPTON AIRPORT (PARKWAY),SOUTHAMPTON CENTRAL,,7,1
WOKING - WEYMOUTH,5,SOUTHAMPTON CENTRAL,BROCKENHURST,,13,3
WOKING - WEYMOUTH,6,BROCKENHURST,NEW MILTON,,7,1
WOKING - WEYMOUTH,7,NEW MILTON,BOURNEMOUTH,,10,0
WOKING - WEYMOUTH,8,BOURNEMOUTH,BRANKSOME,,5,5
WOKING - WEYMOUTH,9,BRANKSOME,PARKSTONE,,3,0
WOKING - WEYMOUTH,10,PARKSTONE,POOLE,,3,0
WOKING - WEYMOUTH,11,POOLE,HAMWORTHY,,5,1
WOKING - WEYMOUTH,12,HAMWORTHY,WAREHAM,,6,0
WOKING - WEYMOUTH,13,WAREHAM,WOOL,,6,1
WOKING - WEYMOUTH,14,WOOL,MORETON (DORSET),,6,1
WOKING - WEYMOUTH,15,MORETON (DORSET),DORCHESTER SOUTH,,7,0
WOKING - WEYMOUTH,16,DORCHESTER SOUTH,UPWEY,,7,1
WOKING - WEYMOUTH,17,UPWEY,WEYMOUTH,,4,0
WEYMOUTH - WOKING,1,WEYMOUTH,UPWEY,,4,0
WEYMOUTH - WOKING,2,UPWEY,DORCHESTER SOUTH,,7,0
WEYMOUTH - WOKING,3,DORCHESTER SOUTH,MORETON (DORSET),,7,1
WEYMOUTH - WOKING,4,MORETON (DORSET),WOOL,,5,0
WEYMOUTH - WOKING,5,WOOL,WAREHAM,,6,1
WEYMOUTH - WOKING,6,WAREHAM,HAMWORTHY,,6,1
WEYMOUTH - WOKING,7,HAMWORTHY,POOLE,,4,1
WEYMOUTH - WOKING,8,POOLE,PARKSTONE,,4,1
WEYMOUTH - WOKING,9,PARKSTONE,BRANKSOME,,3,1
WEYMOUTH - WOKING,10,BRANKSOME,BOURNEMOUTH,,6,1
WEYMOUTH - WOKING,11,BOURNEMOUTH,NEW MILTON,,11,3
WEYMOUTH - WOKING,12,NEW MILTON,BROCKENHURST,,7,0
WEYMOUTH - WOKING,13,BROCKENHURST,SOUTHAMPTON CENTRAL,,15,1
WEYMOUTH - WOKING,14,SOUTHAMPTON CENTRAL,SOUTHAMPTON AIRPORT (PARKWAY),,7,1
WEYMOUTH - WOKING,15,SOUTHAMPTON AIRPORT (PARKWAY),WINCHESTER,,8,1
WEYMOUTH - WOKING,16,WINCHESTER,BASINGSTOKE,,16,1
WEYMOUTH - WOKING,17,BASINGSTOKE,WOKING,,19,2
WEYMOUTH - WOKING (2),1,WEYMOUTH,UPWEY,,4,0
WEYMOUTH - WOKING (2),2,UPWEY,DORCHESTER SOUTH,,7,0
WEYMOUTH - WOKING (2),3,DORCHESTER SOUTH,MORETON (DORSET),,7,1
WEYMOUTH - WOKING (2),4,MORETON (DORSET),WOOL,,5,0
WEYMOUTH - WOKING (2),5,WOOL,WAREHAM,,6,1
WEYMOUTH - WOKING (2),6,WAREHAM,HAMWORTHY,,6,1
WEYMOUTH - WOKING (2),7,HAMWORTHY,POOLE,,6,1
WEYMOUTH - WOKING (2),8,POOLE,PARKSTONE,,4,6
WEYMOUTH - WOKING (2),9,PARKSTONE,BRANKSOME,,3,0
WEYMOUTH - WOKING (2),10,BRANKSOME,BOURNEMOUTH,,6,0
WEYMOUTH - WOKING (2),11,BOURNEMOUTH,POKESDOWN,,4,4
WEYMOUTH - WOKING (2),12,POKESDOWN,CHRISTCHURCH,,3,0
WEYMOUTH - WOKING (2),13,CHRISTCHURCH,HINTON ADMIRAL,,5,1
WEYMOUTH - WOKING (2),14,HINTON ADMIRAL,NEW MILTON,,4,0
WEYMOUTH - WOKING (2),15,NEW MILTON,SWAY,,5,0
WEYMOUTH - WOKING (2),16,SWAY,BROCKENHURST,,4,0
WEYMOUTH - WOKING (2),17,BROCKENHURST,BEAULIEU ROAD,,6,1
WEYMOUTH - WOKING (2),18,BEAULIEU ROAD,ASHURST NEW FOREST,,4,0
WEYMOUTH - WOKING (2),19,ASHURST NEW FOREST,TOTTON,,4,0
WEYMOUTH - WOKING (2),20,TOTTON,SOUTHAMPTON CENTRAL,,5,1
WEYMOUTH - WOKING (2),21,SOUTHAMPTON CENTRAL,SOUTHAMPTON AIRPORT (PARKWAY),,7,2
WEYMOUTH - WOKING (2),22,SOUTHAMPTON AIRPORT (PARKWAY),EASTLEIGH,,3,1
WEYMOUTH - WOKING (2),23,EASTLEIGH,WINCHESTER,,9,1
WEYMOUTH - WOKING (2),24,WINCHESTER,BASINGSTOKE,,16,1
WEYMOUTH - WOKING (2),25,BASINGSTOKE,WOKING,,18,2
WEYMOUTH - WOKING (3),1,WEYMOUTH,UPWEY,,4,0
WEYMOUTH - WOKING (3),2,UPWEY,DORCHESTER SOUTH,,7,0
WEYMOUTH - WOKING (3),3,DORCHESTER SOUTH,MORETON (DORSET),,7,1
WEYMOUTH - WOKING (3),4,MORETON (DORSET),WOOL,,5,0
WEYMOUTH - WOKING (3),5,WOOL,WAREHAM,,6,1
WEYMOUTH - WOKING (3),6,WAREHAM,HAMWORTHY,,6,1
WEYMOUTH - WOKING (3),7,HAMWORTHY,POOLE,,6,1
WEYMOUTH - WOKING (3),8,POOLE,PARKSTONE,,4,7
WEYMOUTH - WOKING (3),9,PARKSTONE,BRANKSOME,,3,0
WEYMOUTH - WOKING (3),10,BRANKSOME,BOURNEMOUTH,,6,0
WEYMOUTH - WOKING (3),11,BOURNEMOUTH,POKESDOWN,,4,5
WEYMOUTH - WOKING (3),12,POKESDOWN,CHRISTCHURCH,,3,0
WEYMOUTH - WOKING (3),13,CHRISTCHURCH,HINTON ADMIRAL,,5,1
WEYMOUTH - WOKING (3),14,HINTON ADMIRAL,NEW MILTON,,4,0
WEYMOUTH - WOKING (3),15,NEW MILTON,SWAY,,5,0
WEYMOUTH - WOKING (3),16,SWAY,BROCKENHURST,,4,0
WEYMOUTH - WOKING (3),17,BROCKENHURST,ASHURST NEW FOREST,,8,1
WEYMOUTH - WOKING (3),18,ASHURST NEW FOREST,TOTTON,,4,0
WEYMOUTH - WOKING (3),19,TOTTON,SOUTHAMPTON CENTRAL,,5,1
WEYMOUTH - WOKING (3),20,SOUTHAMPTON CENTRAL,SOUTHAMPTON AIRPORT (PARKWAY),,7,2
WEYMOUTH - WOKING (3),21,SOUTHAMPTON AIRPORT (PARKWAY),EASTLEIGH,,6,1
WEYMOUTH - WOKING (3),22,EASTLEIGH,SHAWFORD,,6,2
WEYMOUTH - WOKING (3),23,SHAWFORD,WINCHESTER,,5,0
WEYMOUTH - WOKING (3),24,WINCHESTER,MICHELDEVER,,9,1
WEYMOUTH - WOKING (3),25,MICHELDEVER,BASINGSTOKE,,10,0
WEYMOUTH - WOKING (3),26,BASINGSTOKE,WOKING,,18,2
POOLE - WOKING (3),1,POOLE,PARKSTONE,,4,0
POOLE - WOKING (3),2,PARKSTONE,BRANKSOME,,3,0
POOLE - WOKING (3),3,BRANKSOME,BOURNEMOUTH,,5,0
POOLE - WOKING (3),4,BOURNEMOUTH,POKESDOWN,,4,3
POOLE - WOKING (3),5,POKESDOWN,CHRISTCHURCH,,3,0
POOLE - WOKING (3),6,CHRISTCHURCH,NEW MILTON,,6,1
POOLE - WOKING (3),7,NEW MILTON,BROCKENHURST,,6,1
POOLE - WOKING (3),8,BROCKENHURST,TOTTON,,11,1
POOLE - WOKING (3),9,TOTTON,SOUTHAMPTON CENTRAL,,6,0
POOLE - WOKING (3),10,SOUTHAMPTON CENTRAL,SOUTHAMPTON AIRPORT (PARKWAY),,7,1
POOLE - WOKING (3),11,SOUTHAMPTON AIRPORT (PARKWAY),EASTLEIGH,,4,1
POOLE - WOKING (3),12,EASTLEIGH,WINCHESTER,,9,1
POOLE - WOKING (3),13,WINCHESTER,BASINGSTOKE,,17,1
POOLE - WOKING (3),14,BASINGSTOKE,WOKING,,19,1
POOLE - BASINGSTOKE,1,POOLE,PARKSTONE,,4,0
POOLE - BASINGSTOKE,2,PARKSTONE,BRANKSOME,,3,0
POOLE - BASINGSTOKE,3,BRANKSOME,BOURNEMOUTH,,5,0
POOLE - BASINGSTOKE,4,BOURNEMOUTH,POKESDOWN,,4,4
POOLE - BASINGSTOKE,5,POKESDOWN,CHRISTCHURCH,,3,0
POOLE - BASINGSTOKE,6,CHRISTCHURCH,HINTON ADMIRAL,,5,1
POOLE - BASINGSTOKE,7,HINTON ADMIRAL,NEW MILTON,,4,0
POOLE - BASINGSTOKE,8,NEW MILTON,SWAY,,5,0
POOLE - BASINGSTOKE,9,SWAY,BROCKENHURST,,5,0
POOLE - BASINGSTOKE,10,BROCKENHURST,ASHURST NEW FOREST,,7,2
POOLE - BASINGSTOKE,11,ASHURST NEW FOREST,TOTTON,,4,1
POOLE - BASINGSTOKE,12,TOTTON,SOUTHAMPTON CENTRAL,,5,1
POOLE - BASINGSTOKE,13,SOUTHAMPTON CENTRAL,SOUTHAMPTON AIRPORT (PARKWAY),,7,2
POOLE - BASINGSTOKE,14,SOUTHAMPTON AIRPORT (PARKWAY),WINCHESTER,,9,1
POOLE - BASINGSTOKE,15,WINCHESTER,BASINGSTOKE,,16,1
POOLE - WOKING (4),1,POOLE,PARKSTONE,,4,0
POOLE - WOKING (4),2,PARKSTONE,BRANKSOME,,3,0
POOLE - WOKING (4),3,BRANKSOME,BOURNEMOUTH,,5,0
POOLE - WOKING (4),4,BOURNEMOUTH,POKESDOWN,,4,2
POOLE - WOKING (4),5,POKESDOWN,CHRISTCHURCH,,3,0
POOLE - WOKING (4),6,CHRISTCHURCH,HINTON ADMIRAL,,5,1
POOLE - WOKING (4),7,HINTON ADMIRAL,NEW MILTON,,4,0
POOLE - WOKING (4),8,NEW MILTON,SWAY,,5,0
POOLE - WOKING (4),9,SWAY,BROCKENHURST,,5,0
POOLE - WOKING (4),10,BROCKENHURST,ASHURST NEW FOREST,,7,2
POOLE - WOKING (4),11,ASHURST NEW FOREST,TOTTON,,4,1
POOLE - WOKING (4),12,TOTTON,SOUTHAMPTON CENTRAL,,6,1
POOLE - WOKING (4),13,SOUTHAMPTON CENTRAL,SOUTHAMPTON AIRPORT (PARKWAY),,8,8
POOLE - WOKING (4),14,SOUTHAMPTON AIRPORT (PARKWAY),WINCHESTER,,8,1
POOLE - WOKING (4),15,WINCHESTER,BASINGSTOKE,,16,1
POOLE - WOKING (4),16,BASINGSTOKE,WOKING,,19,1
BASINGSTOKE - BOURNEMOUTH,1,BASINGSTOKE,WINCHESTER,,15,2
BASINGSTOKE - BOURNEMOUTH,2,WINCHESTER,SOUTHAMPTON AIRPORT (PARKWAY),,8,1
BASINGSTOKE - BOURNEMOUTH,3,SOUTHAMPTON AIRPORT (PARKWAY),SOUTHAMPTON CENTRAL,,7,1
BASINGSTOKE - BOURNEMOUTH,4,SOUTHAMPTON CENTRAL,TOTTON,,5,2
BASINGSTOKE - BOURNEMOUTH,5,TOTTON,ASHURST NEW FOREST,,5,0
BASINGSTOKE - BOURNEMOUTH,6,ASHURST NEW FOREST,BROCKENHURST,,8,0
BASINGSTOKE - BOURNEMOUTH,7,BROCKENHURST,SWAY,,4,1
BASINGSTOKE - BOURNEMOUTH,8,SWAY,NEW MILTON,,5,0
BASINGSTOKE - BOURNEMOUTH,9,NEW MILTON,HINTON ADMIRAL,,4,0
BASINGSTOKE - BOURNEMOUTH,10,HINTON ADMIRAL,CHRISTCHURCH,,5,0
BASINGSTOKE - BOURNEMOUTH,11,CHRISTCHURCH,POKESDOWN,,3,1
BASINGSTOKE - BOURNEMOUTH,12,POKESDOWN,BOURNEMOUTH,,4,1
WOKING - SOUTHAMPTON CENTRAL,1,WOKING,BASINGSTOKE,,18,2
WOKING - SOUTHAMPTON CENTRAL,2,BASINGSTOKE,WINCHESTER,,16,1
WOKING - SOUTHAMPTON CENTRAL,3,WINCHESTER,EASTLEIGH,,8,1
WOKING - SOUTHAMPTON CENTRAL,4,EASTLEIGH,SOUTHAMPTON AIRPORT (PARKWAY),,4,1
WOKING - SOUTHAMPTON CENTRAL,5,SOUTHAMPTON AIRPORT (PARKWAY),SOUTHAMPTON CENTRAL,,7,1
WOKING - POOLE (6),1,WOKING,BASINGSTOKE,,18,1
WOKING - POOLE (6),2,BASINGSTOKE,WINCHESTER,,15,2
WOKING - POOLE (6),3,WINCHESTER,SOUTHAMPTON AIRPORT (PARKWAY),,11,2
WOKING - POOLE (6),4,SOUTHAMPTON AIRPORT (PARKWAY),SOUTHAMPTON CENTRAL,,7,1
WOKING - POOLE (6),5,SOUTHAMPTON CENTRAL,TOTTON,,5,1
WOKING - POOLE (6),6,TOTTON,BROCKENHURST,,10,1
WOKING - POOLE (6),7,BROCKENHURST,SWAY,,5,1
WOKING - POOLE (6),8,SWAY,NEW MILTON,,4,0
WOKING - POOLE (6),9,NEW MILTON,HINTON ADMIRAL,,4,1
WOKING - POOLE (6),10,HINTON ADMIRAL,CHRISTCHURCH,,4,0
WOKING - POOLE (6),11,CHRISTCHURCH,POKESDOWN,,3,1
WOKING - POOLE (6),12,POKESDOWN,BOURNEMOUTH,,4,0
WOKING - POOLE (6),13,BOURNEMOUTH,BRANKSOME,,5,2
WOKING - POOLE (6),14,BRANKSOME,PARKSTONE,,3,0
WOKING - POOLE (6),15,PARKSTONE,POOLE,,3,0
PORTSMOUTH HARBOUR - SURBITON,1,PORTSMOUTH HARBOUR,PORTSMOUTH & SOUTHSEA,,3,0
PORTSMOUTH HARBOUR - SURBITON,2,PORTSMOUTH & SOUTHSEA,FRATTON PORTSMOUTH,,3,2
PORTSMOUTH HARBOUR - SURBITON,3,FRATTON PORTSMOUTH,HILSEA PORTSMOUTH,,4,1
PORTSMOUTH HARBOUR - SURBITON,4,HILSEA PORTSMOUTH,COSHAM,,5,0
PORTSMOUTH HARBOUR - SURBITON,5,COSHAM,PORTCHESTER,,5,0
PORTSMOUTH HARBOUR - SURBITON,6,PORTCHESTER,FAREHAM,,5,0
PORTSMOUTH HARBOUR - SURBITON,7,FAREHAM,BOTLEY,,7,2
PORTSMOUTH HARBOUR - SURBITON,8,BOTLEY,HEDGE END,,4,2
PORTSMOUTH HARBOUR - SURBITON,9,HEDGE END,EASTLEIGH,,8,1
PORTSMOUTH HARBOUR - SURBITON,10,EASTLEIGH,SHAWFORD,,6,1
PORTSMOUTH HARBOUR - SURBITON,11,SHAWFORD,WINCHESTER,,5,0
PORTSMOUTH HARBOUR - SURBITON,12,WINCHESTER,MICHELDEVER,,8,1
PORTSMOUTH HARBOUR - SURBITON,13,MICHELDEVER,BASINGSTOKE,,12,0
PORTSMOUTH HARBOUR - SURBITON,14,BASINGSTOKE,WOKING,,18,1
PORTSMOUTH HARBOUR - SURBITON,15,WOKING,SURBITON,,11,1
WOKING - PORTSMOUTH HARBOUR (3),1,WOKING,FARNBOROUGH (MAIN),,10,1
WOKING - PORTSMOUTH HARBOUR (3),2,FARNBOROUGH (MAIN),FLEET,,5,0
WOKING - PORTSMOUTH HARBOUR (3),3,FLEET,BASINGSTOKE,,12,1
WOKING - PORTSMOUTH HARBOUR (3),4,BASINGSTOKE,MICHELDEVER,,10,1
WOKING - PORTSMOUTH HARBOUR (3),5,MICHELDEVER,WINCHESTER,,8,0
WOKING - PORTSMOUTH HARBOUR (3),6,WINCHESTER,EASTLEIGH,,8,1
WOKING - PORTSMOUTH HARBOUR (3),7,EASTLEIGH,HEDGE END,,6,1
WOKING - PORTSMOUTH HARBOUR (3),8,HEDGE END,BOTLEY,,4,0
WOKING - PORTSMOUTH HARBOUR (3),9,BOTLEY,FAREHAM,,8,0
WOKING - PORTSMOUTH HARBOUR (3),10,FAREHAM,PORTCHESTER,,6,0
WOKING - PORTSMOUTH HARBOUR (3),11,PORTCHESTER,COSHAM,,4,0
WOKING - PORTSMOUTH HARBOUR (3),12,COSHAM,HILSEA PORTSMOUTH,,4,1
WOKING - PORTSMOUTH HARBOUR (3),13,HILSEA PORTSMOUTH,FRATTON PORTSMOUTH,,4,0
WOKING - PORTSMOUTH HARBOUR (3),14,FRATTON PORTSMOUTH,PORTSMOUTH & SOUTHSEA,,3,1
WOKING - PORTSMOUTH HARBOUR (3),15,PORTSMOUTH & SOUTHSEA,PORTSMOUTH HARBOUR,,5,1
PORTSMOUTH HARBOUR - WOKING (3),1,PORTSMOUTH HARBOUR,PORTSMOUTH & SOUTHSEA,,3,0
PORTSMOUTH HARBOUR - WOKING (3),2,PORTSMOUTH & SOUTHSEA,FRATTON PORTSMOUTH,,3,2
PORTSMOUTH HARBOUR - WOKING (3),3,FRATTON PORTSMOUTH,HILSEA PORTSMOUTH,,4,1
PORTSMOUTH HARBOUR - WOKING (3),4,HILSEA PORTSMOUTH,COSHAM,,5,0
PORTSMOUTH HARBOUR - WOKING (3),5,COSHAM,PORTCHESTER,,5,0
PORTSMOUTH HARBOUR - WOKING (3),6,PORTCHESTER,FAREHAM,,5,0
PORTSMOUTH HARBOUR - WOKING (3),7,FAREHAM,BOTLEY,,7,1
PORTSMOUTH HARBOUR - WOKING (3),8,BOTLEY,HEDGE END,,4,0
PORTSMOUTH HARBOUR - WOKING (3),9,HEDGE END,EASTLEIGH,,6,1
PORTSMOUTH HARBOUR - WOKING (3),10,EASTLEIGH,SHAWFORD,,6,1
PORTSMOUTH HARBOUR - WOKING (3),11,SHAWFORD,WINCHESTER,,5,0
PORTSMOUTH HARBOUR - WOKING (3),12,WINCHESTER,MICHELDEVER,,9,1
PORTSMOUTH HARBOUR - WOKING (3),13,MICHELDEVER,BASINGSTOKE,,10,0
PORTSMOUTH HARBOUR - WOKING (3),14,BASINGSTOKE,FLEET,,10,2
PORTSMOUTH HARBOUR - WOKING (3),15,FLEET,FARNBOROUGH (MAIN),,5,1
PORTSMOUTH HARBOUR - WOKING (3),16,FARNBOROUGH (MAIN),WOKING,,10,0
PORTSMOUTH HARBOUR - WOKING (4),1,PORTSMOUTH HARBOUR,PORTSMOUTH & SOUTHSEA,,3,0
PORTSMOUTH HARBOUR - WOKING (4),2,PORTSMOUTH & SOUTHSEA,FRATTON PORTSMOUTH,,3,2
PORTSMOUTH HARBOUR - WOKING (4),3,FRATTON PORTSMOUTH,HILSEA PORTSMOUTH,,4,1
PORTSMOUTH HARBOUR - WOKING (4),4,HILSEA PORTSMOUTH,COSHAM,,5,0
PORTSMOUTH HARBOUR - WOKING (4),5,COSHAM,PORTCHESTER,,5,0
PORTSMOUTH HARBOUR - WOKING (4),6,PORTCHESTER,FAREHAM,,5,0
PORTSMOUTH HARBOUR - WOKING (4),7,FAREHAM,BOTLEY,,7,1
PORTSMOUTH HARBOUR - WOKING (4),8,BOTLEY,HEDGE END,,4,0
PORTSMOUTH HARBOUR - WOKING (4),9,HEDGE END,EASTLEIGH,,6,1
PORTSMOUTH HARBOUR - WOKING (4),10,EASTLEIGH,WINCHESTER,,9,2
PORTSMOUTH HARBOUR - WOKING (4),11,WINCHESTER,MICHELDEVER,,8,1
PORTSMOUTH HARBOUR - WOKING (4),12,MICHELDEVER,BASINGSTOKE,,10,0
PORTSMOUTH HARBOUR - WOKING (4),13,BASINGSTOKE,FLEET,,11,1
PORTSMOUTH HARBOUR - WOKING (4),14,FLEET,FARNBOROUGH (MAIN),,5,0
PORTSMOUTH HARBOUR - WOKING (4),15,FARNBOROUGH (MAIN),WOKING,,9,1
WOKING - PORTSMOUTH HARBOUR (4),1,WOKING,FARNBOROUGH (MAIN),,10,2
WOKING - PORTSMOUTH HARBOUR (4),2,FARNBOROUGH (MAIN),FLEET,,5,0
WOKING - PORTSMOUTH HARBOUR (4),3,FLEET,BASINGSTOKE,,12,1
WOKING - PORTSMOUTH HARBOUR (4),4,BASINGSTOKE,MICHELDEVER,,10,1
WOKING - PORTSMOUTH HARBOUR (4),5,MICHELDEVER,WINCHESTER,,8,0
WOKING - PORTSMOUTH HARBOUR (4),6,WINCHESTER,SHAWFORD,,5,1
WOKING - PORTSMOUTH HARBOUR (4),7,SHAWFORD,EASTLEIGH,,6,0
WOKING - PORTSMOUTH HARBOUR (4),8,EASTLEIGH,HEDGE END,,6,1
WOKING - PORTSMOUTH HARBOUR (4),9,HEDGE END,BOTLEY,,4,0
WOKING - PORTSMOUTH HARBOUR (4),10,BOTLEY,FAREHAM,,8,0
WOKING - PORTSMOUTH HARBOUR (4),11,FAREHAM,PORTCHESTER,,6,0
WOKING - PORTSMOUTH HARBOUR (4),12,PORTCHESTER,COSHAM,,4,0
WOKING - PORTSMOUTH HARBOUR (4),13,COSHAM,HILSEA PORTSMOUTH,,5,1
WOKING - PORTSMOUTH HARBOUR (4),14,HILSEA PORTSMOUTH,FRATTON PORTSMOUTH,,4,0
WOKING - PORTSMOUTH HARBOUR (4),15,FRATTON PORTSMOUTH,PORTSMOUTH & SOUTHSEA,,3,0
WOKING - PORTSMOUTH HARBOUR (4),16,PORTSMOUTH & SOUTHSEA,PORTSMOUTH HARBOUR,,5,1
BASINGSTOKE - WEYMOUTH,1,BASINGSTOKE,WINCHESTER,,15,2
BASINGSTOKE - WEYMOUTH,2,WINCHESTER,SOUTHAMPTON AIRPORT (PARKWAY),,8,1
BASINGSTOKE - WEYMOUTH,3,SOUTHAMPTON AIRPORT (PARKWAY),SOUTHAMPTON CENTRAL,,8,1
BASINGSTOKE - WEYMOUTH,4,SOUTHAMPTON CENTRAL,BROCKENHURST,,14,3
BASINGSTOKE - WEYMOUTH,5,BROCKENHURST,NEW MILTON,,6,1
BASINGSTOKE - WEYMOUTH,6,NEW MILTON,CHRISTCHURCH,,6,1
BASINGSTOKE - WEYMOUTH,7,CHRISTCHURCH,POKESDOWN,,3,1
BASINGSTOKE - WEYMOUTH,8,POKESDOWN,BOURNEMOUTH,,4,1
BASINGSTOKE - WEYMOUTH,9,BOURNEMOUTH,POOLE,,10,3
BASINGSTOKE - WEYMOUTH,10,POOLE,HAMWORTHY,,4,1
BASINGSTOKE - WEYMOUTH,11,HAMWORTHY,HOLTON HEATH,,4,1
BASINGSTOKE - WEYMOUTH,12,HOLTON HEATH,WAREHAM,,4,0
BASINGSTOKE - WEYMOUTH,13,WAREHAM,WOOL,,6,1
BASINGSTOKE - WEYMOUTH,14,WOOL,MORETON (DORSET),,6,0
BASINGSTOKE - WEYMOUTH,15,MORETON (DORSET),DORCHESTER SOUTH,,7,0
BASINGSTOKE - WEYMOUTH,16,DORCHESTER SOUTH,UPWEY,,7,1
BASINGSTOKE - WEYMOUTH,17,UPWEY,WEYMOUTH,,6,0
BASINGSTOKE - WEYMOUTH (2),1,BASINGSTOKE,WINCHESTER,,16,1
BASINGSTOKE - WEYMOUTH (2),2,WINCHESTER,SOUTHAMPTON AIRPORT (PARKWAY),,8,1
BASINGSTOKE - WEYMOUTH (2),3,SOUTHAMPTON AIRPORT (PARKWAY),SOUTHAMPTON CENTRAL,,7,1
BASINGSTOKE - WEYMOUTH (2),4,SOUTHAMPTON CENTRAL,BROCKENHURST,,13,4
BASINGSTOKE - WEYMOUTH (2),5,BROCKENHURST,BOURNEMOUTH,,16,1
BASINGSTOKE - WEYMOUTH (2),6,BOURNEMOUTH,BRANKSOME,,5,2
BASINGSTOKE - WEYMOUTH (2),7,BRANKSOME,PARKSTONE,,3,0
BASINGSTOKE - WEYMOUTH (2),8,PARKSTONE,POOLE,,4,0
BASINGSTOKE - WEYMOUTH (2),9,POOLE,HAMWORTHY,,4,1
BASINGSTOKE - WEYMOUTH (2),10,HAMWORTHY,HOLTON HEATH,,4,1
BASINGSTOKE - WEYMOUTH (2),11,HOLTON HEATH,WAREHAM,,4,0
BASINGSTOKE - WEYMOUTH (2),12,WAREHAM,WOOL,,6,1
BASINGSTOKE - WEYMOUTH (2),13,WOOL,MORETON (DORSET),,6,0
BASINGSTOKE - WEYMOUTH (2),14,MORETON (DORSET),DORCHESTER SOUTH,,7,5
BASINGSTOKE - WEYMOUTH (2),15,DORCHESTER SOUTH,UPWEY,,6,1
BASINGSTOKE - WEYMOUTH (2),16,UPWEY,WEYMOUTH,,7,0
BASINGSTOKE - WEYMOUTH (3),1,BASINGSTOKE,WINCHESTER,,16,1
BASINGSTOKE - WEYMOUTH (3),2,WINCHESTER,SOUTHAMPTON AIRPORT (PARKWAY),,8,1
BASINGSTOKE - WEYMOUTH (3),3,SOUTHAMPTON AIRPORT (PARKWAY),SOUTHAMPTON CENTRAL,,7,1
BASINGSTOKE - WEYMOUTH (3),4,SOUTHAMPTON CENTRAL,BOURNEMOUTH,,27,3
BASINGSTOKE - WEYMOUTH (3),5,BOURNEMOUTH,BRANKSOME,,5,2
BASINGSTOKE - WEYMOUTH (3),6,BRANKSOME,PARKSTONE,,3,0
BASINGSTOKE - WEYMOUTH (3),7,PARKSTONE,POOLE,,3,0
BASINGSTOKE - WEYMOUTH (3),8,POOLE,HAMWORTHY,,5,1
BASINGSTOKE - WEYMOUTH (3),9,HAMWORTHY,HOLTON HEATH,,4,0
BASINGSTOKE - WEYMOUTH (3),10,HOLTON HEATH,WAREHAM,,4,0
BASINGSTOKE - WEYMOUTH (3),11,WAREHAM,WOOL,,6,1
BASINGSTOKE - WEYMOUTH (3),12,WOOL,MORETON (DORSET),,6,0
BASINGSTOKE - WEYMOUTH (3),13,MORETON (DORSET),DORCHESTER SOUTH,,7,0
BASINGSTOKE - WEYMOUTH (3),14,DORCHESTER SOUTH,UPWEY,,7,1
BASINGSTOKE - WEYMOUTH (3),15,UPWEY,WEYMOUTH,,6,0
WOKING - WEYMOUTH (2),1,WOKING,WINCHESTER,,31,2
WOKING - WEYMOUTH (2),2,WINCHESTER,SOUTHAMPTON AIRPORT (PARKWAY),,8,1
WOKING - WEYMOUTH (2),3,SOUTHAMPTON AIRPORT (PARKWAY),SOUTHAMPTON CENTRAL,,8,1
WOKING - WEYMOUTH (2),4,SOUTHAMPTON CENTRAL,BROCKENHURST,,13,2
WOKING - WEYMOUTH (2),5,BROCKENHURST,BOURNEMOUTH,,15,1
WOKING - WEYMOUTH (2),6,BOURNEMOUTH,BRANKSOME,,5,4
WOKING - WEYMOUTH (2),7,BRANKSOME,PARKSTONE,,3,0
WOKING - WEYMOUTH (2),8,PARKSTONE,POOLE,,4,0
WOKING - WEYMOUTH (2),9,POOLE,HAMWORTHY,,4,1
WOKING - WEYMOUTH (2),10,HAMWORTHY,WAREHAM,,6,1
WOKING - WEYMOUTH (2),11,WAREHAM,WOOL,,6,1
WOKING - WEYMOUTH (2),12,WOOL,MORETON (DORSET),,6,0
WOKING - WEYMOUTH (2),13,MORETON (DORSET),DORCHESTER SOUTH,,7,0
WOKING - WEYMOUTH (2),14,DORCHESTER SOUTH,UPWEY,,7,1
WOKING - WEYMOUTH (2),15,UPWEY,WEYMOUTH,,4,0
WOKING - WEYMOUTH (3),1,WOKING,BASINGSTOKE,,19,2
WOKING - WEYMOUTH (3),2,BASINGSTOKE,WINCHESTER,,16,1
WOKING - WEYMOUTH (3),3,WINCHESTER,SHAWFORD,,4,1
WOKING - WEYMOUTH (3),4,SHAWFORD,EASTLEIGH,,6,0
WOKING - WEYMOUTH (3),5,EASTLEIGH,SOUTHAMPTON AIRPORT (PARKWAY),,3,1
WOKING - WEYMOUTH (3),6,SOUTHAMPTON AIRPORT (PARKWAY),SOUTHAMPTON CENTRAL,,7,1
WOKING - WEYMOUTH (3),7,SOUTHAMPTON CENTRAL,TOTTON,,5,2
WOKING - WEYMOUTH (3),8,TOTTON,BROCKENHURST,,11,0
WOKING - WEYMOUTH (3),9,BROCKENHURST,SWAY,,5,0
WOKING - WEYMOUTH (3),10,SWAY,NEW MILTON,,4,0
WOKING - WEYMOUTH (3),11,NEW MILTON,HINTON ADMIRAL,,4,1
WOKING - WEYMOUTH (3),12,HINTON ADMIRAL,CHRISTCHURCH,,4,0
WOKING - WEYMOUTH (3),13,CHRISTCHURCH,POKESDOWN,,3,1
WOKING - WEYMOUTH (3),14,POKESDOWN,BOURNEMOUTH,,4,0
WOKING - WEYMOUTH (3),15,BOURNEMOUTH,BRANKSOME,,5,2
WOKING - WEYMOUTH (3),16,BRANKSOME,PARKSTONE,,3,0
WOKING - WEYMOUTH (3),17,PARKSTONE,POOLE,,3,0
WOKING - WEYMOUTH (3),18,POOLE,HAMWORTHY,,5,1
WOKING - WEYMOUTH (3),19,HAMWORTHY,HOLTON HEATH,,4,0
WOKING - WEYMOUTH (3),20,HOLTON HEATH,WAREHAM,,4,0
WOKING - WEYMOUTH (3),21,WAREHAM,WOOL,,6,1
WOKING - WEYMOUTH (3),22,WOOL,MORETON (DORSET),,6,1
WOKING - WEYMOUTH (3),23,MORETON (DORSET),DORCHESTER SOUTH,,7,0
WOKING - WEYMOUTH (3),24,DORCHESTER SOUTH,UPWEY,,6,1
WOKING - WEYMOUTH (3),25,UPWEY,WEYMOUTH,,5,0
SOUTHAMPTON CENTRAL - WOKING (2),1,SOUTHAMPTON CENTRAL,ST DENYS,,5,0
SOUTHAMPTON CENTRAL - WOKING (2),2,ST DENYS,SWAYTHLING,,3,0
SOUTHAMPTON CENTRAL - WOKING (2),3,SWAYTHLING,SOUTHAMPTON AIRPORT (PARKWAY),,2,0
SOUTHAMPTON CENTRAL - WOKING (2),4,SOUTHAMPTON AIRPORT (PARKWAY),EASTLEIGH,,3,1
SOUTHAMPTON CENTRAL - WOKING (2),5,EASTLEIGH,SHAWFORD,,6,1
SOUTHAMPTON CENTRAL - WOKING (2),6,SHAWFORD,WINCHESTER,,5,0
SOUTHAMPTON CENTRAL - WOKING (2),7,WINCHESTER,MICHELDEVER,,8,1
SOUTHAMPTON CENTRAL - WOKING (2),8,MICHELDEVER,BASINGSTOKE,,11,0
SOUTHAMPTON CENTRAL - WOKING (2),9,BASINGSTOKE,FLEET,,10,2
SOUTHAMPTON CENTRAL - WOKING (2),10,FLEET,FARNBOROUGH (MAIN),,5,1
SOUTHAMPTON CENTRAL - WOKING (2),11,FARNBOROUGH (MAIN),WOKING,,9,0
SURBITON - SOUTHAMPTON CENTRAL (2),1,SURBITON,WALTON-ON-THAMES,,7,1
SURBITON - SOUTHAMPTON CENTRAL (2),2,WALTON-ON-THAMES,WEYBRIDGE,,4,0
SURBITON - SOUTHAMPTON CENTRAL (2),3,WEYBRIDGE,WOKING,,10,0
SURBITON - SOUTHAMPTON CENTRAL (2),4,WOKING,BROOKWOOD,,5,1
SURBITON - SOUTHAMPTON CENTRAL (2),5,BROOKWOOD,FARNBOROUGH (MAIN),,7,0
SURBITON - SOUTHAMPTON CENTRAL (2),6,FARNBOROUGH (MAIN),FLEET,,5,1
SURBITON - SOUTHAMPTON CENTRAL (2),7,FLEET,WINCHFIELD,,5,0
SURBITON - SOUTHAMPTON CENTRAL (2),8,WINCHFIELD,HOOK,,4,1
SURBITON - SOUTHAMPTON CENTRAL (2),9,HOOK,BASINGSTOKE,,8,0
SURBITON - SOUTHAMPTON CENTRAL (2),10,BASINGSTOKE,WINCHESTER,,18,2
SURBITON - SOUTHAMPTON CENTRAL (2),11,WINCHESTER,SHAWFORD,,4,2
SURBITON - SOUTHAMPTON CENTRAL (2),12,SHAWFORD,EASTLEIGH,,6,0
SURBITON - SOUTHAMPTON CENTRAL (2),13,EASTLEIGH,SOUTHAMPTON AIRPORT (PARKWAY),,3,1
SURBITON - SOUTHAMPTON CENTRAL (2),14,SOUTHAMPTON AIRPORT (PARKWAY),SWAYTHLING,,3,1
SURBITON - SOUTHAMPTON CENTRAL (2),15,SWAYTHLING,ST DENYS,,3,0
SURBITON - SOUTHAMPTON CENTRAL (2),16,ST DENYS,SOUTHAMPTON CENTRAL,,7,0
WOKING - SOUTHAMPTON CENTRAL (2),1,WOKING,BROOKWOOD,,5,1
WOKING - SOUTHAMPTON CENTRAL (2),2,BROOKWOOD,FARNBOROUGH (MAIN),,7,1
WOKING - SOUTHAMPTON CENTRAL (2),3,FARNBOROUGH (MAIN),FLEET,,5,0
WOKING - SOUTHAMPTON CENTRAL (2),4,FLEET,WINCHFIELD,,5,1
WOKING - SOUTHAMPTON CENTRAL (2),5,WINCHFIELD,HOOK,,5,0
WOKING - SOUTHAMPTON CENTRAL (2),6,HOOK,BASINGSTOKE,,7,0
WOKING - SOUTHAMPTON CENTRAL (2),7,BASINGSTOKE,MICHELDEVER,,10,3
WOKING - SOUTHAMPTON CENTRAL (2),8,MICHELDEVER,WINCHESTER,,9,0
WOKING - SOUTHAMPTON CENTRAL (2),9,WINCHESTER,SHAWFORD,,4,1
WOKING - SOUTHAMPTON CENTRAL (2),10,SHAWFORD,EASTLEIGH,,6,0
WOKING - SOUTHAMPTON CENTRAL (2),11,EASTLEIGH,SOUTHAMPTON AIRPORT (PARKWAY),,3,1
WOKING - SOUTHAMPTON CENTRAL (2),12,SOUTHAMPTON AIRPORT (PARKWAY),SWAYTHLING,,3,1
WOKING - SOUTHAMPTON CENTRAL (2),13,SWAYTHLING,ST DENYS,,3,0
WOKING - SOUTHAMPTON CENTRAL (2),14,ST DENYS,SOUTHAMPTON CENTRAL,,11,0
BASINGSTOKE - SURBITON (3),1,BASINGSTOKE,HOOK,,7,0
BASINGSTOKE - SURBITON (3),2,HOOK,WINCHFIELD,,4,0
BASINGSTOKE - SURBITON (3),3,WINCHFIELD,FLEET,,5,0
BASINGSTOKE - SURBITON (3),4,FLEET,FARNBOROUGH (MAIN),,5,0
BASINGSTOKE - SURBITON (3),5,FARNBOROUGH (MAIN),BROOKWOOD,,7,1
BASINGSTOKE - SURBITON (3),6,BROOKWOOD,WOKING,,5,0
BASINGSTOKE - SURBITON (3),7,WOKING,WEYBRIDGE,,6,1
BASINGSTOKE - SURBITON (3),8,WEYBRIDGE,WALTON-ON-THAMES,,3,1
BASINGSTOKE - SURBITON (3),9,WALTON-ON-THAMES,SURBITON,,6,1
BASINGSTOKE - WOKING (2),1,BASINGSTOKE,FLEET,,10,0
BASINGSTOKE - WOKING (2),2,FLEET,FARNBOROUGH (MAIN),,5,1
BASINGSTOKE - WOKING (2),3,FARNBOROUGH (MAIN),WOKING,,9,1
WOKING - PORTSMOUTH HARBOUR (5),1,WOKING,BROOKWOOD,,6,0
WOKING - PORTSMOUTH HARBOUR (5),2,BROOKWOOD,FARNBOROUGH (MAIN),,7,0
WOKING - PORTSMOUTH HARBOUR (5),3,FARNBOROUGH (MAIN),FLEET,,5,1
WOKING - PORTSMOUTH HARBOUR (5),4,FLEET,WINCHFIELD,,5,0
WOKING - PORTSMOUTH HARBOUR (5),5,WINCHFIELD,HOOK,,4,1
WOKING - PORTSMOUTH HARBOUR (5),6,HOOK,BASINGSTOKE,,9,0
WOKING - PORTSMOUTH HARBOUR (5),7,BASINGSTOKE,MICHELDEVER,,10,2
WOKING - PORTSMOUTH HARBOUR (5),8,MICHELDEVER,WINCHESTER,,8,0
WOKING - PORTSMOUTH HARBOUR (5),9,WINCHESTER,EASTLEIGH,,9,1
WOKING - PORTSMOUTH HARBOUR (5),10,EASTLEIGH,HEDGE END,,6,1
WOKING - PORTSMOUTH HARBOUR (5),11,HEDGE END,BOTLEY,,4,0
WOKING - PORTSMOUTH HARBOUR (5),12,BOTLEY,FAREHAM,,8,0
WOKING - PORTSMOUTH HARBOUR (5),13,FAREHAM,PORTCHESTER,,6,0
WOKING - PORTSMOUTH HARBOUR (5),14,PORTCHESTER,COSHAM,,4,0
WOKING - PORTSMOUTH HARBOUR (5),15,COSHAM,HILSEA PORTSMOUTH,,5,1
WOKING - PORTSMOUTH HARBOUR (5),16,HILSEA PORTSMOUTH,FRATTON PORTSMOUTH,,4,0
WOKING - PORTSMOUTH HARBOUR (5),17,FRATTON PORTSMOUTH,PORTSMOUTH & SOUTHSEA,,4,0
WOKING - PORTSMOUTH HARBOUR (5),18,PORTSMOUTH & SOUTHSEA,PORTSMOUTH HARBOUR,,4,0
SURBITON - PORTSMOUTH HARBOUR,1,SURBITON,WALTON-ON-THAMES,,7,1
SURBITON - PORTSMOUTH HARBOUR,2,WALTON-ON-THAMES,WEYBRIDGE,,4,0
SURBITON - PORTSMOUTH HARBOUR,3,WEYBRIDGE,WOKING,,8,0
SURBITON - PORTSMOUTH HARBOUR,4,WOKING,BROOKWOOD,,6,1
SURBITON - PORTSMOUTH HARBOUR,5,BROOKWOOD,FARNBOROUGH (MAIN),,7,0
SURBITON - PORTSMOUTH HARBOUR,6,FARNBOROUGH (MAIN),FLEET,,5,1
SURBITON - PORTSMOUTH HARBOUR,7,FLEET,WINCHFIELD,,5,0
SURBITON - PORTSMOUTH HARBOUR,8,WINCHFIELD,HOOK,,4,1
SURBITON - PORTSMOUTH HARBOUR,9,HOOK,BASINGSTOKE,,9,0
SURBITON - PORTSMOUTH HARBOUR,10,BASINGSTOKE,MICHELDEVER,,10,2
SURBITON - PORTSMOUTH HARBOUR,11,MICHELDEVER,WINCHESTER,,9,0
SURBITON - PORTSMOUTH HARBOUR,12,WINCHESTER,SHAWFORD,,5,1
SURBITON - PORTSMOUTH HARBOUR,13,SHAWFORD,EASTLEIGH,,5,0
SURBITON - PORTSMOUTH HARBOUR,14,EASTLEIGH,HEDGE END,,6,1
SURBITON - PORTSMOUTH HARBOUR,15,HEDGE END,BOTLEY,,4,0
SURBITON - PORTSMOUTH HARBOUR,16,BOTLEY,FAREHAM,,8,0
SURBITON - PORTSMOUTH HARBOUR,17,FAREHAM,PORTCHESTER,,6,0
SURBITON - PORTSMOUTH HARBOUR,18,PORTCHESTER,COSHAM,,4,0
SURBITON - PORTSMOUTH HARBOUR,19,COSHAM,HILSEA PORTSMOUTH,,4,1
SURBITON - PORTSMOUTH HARBOUR,20,HILSEA PORTSMOUTH,FRATTON PORTSMOUTH,,4,0
SURBITON - PORTSMOUTH HARBOUR,21,FRATTON PORTSMOUTH,PORTSMOUTH & SOUTHSEA,,3,1
SURBITON - PORTSMOUTH HARBOUR,22,PORTSMOUTH & SOUTHSEA,PORTSMOUTH HARBOUR,,5,1
POOLE - WOKING (5),1,POOLE,PARKSTONE,,4,0
POOLE - WOKING (5),2,PARKSTONE,BRANKSOME,,3,0
POOLE - WOKING (5),3,BRANKSOME,BOURNEMOUTH,,5,0
POOLE - WOKING (5),4,BOURNEMOUTH,POKESDOWN,,4,2
POOLE - WOKING (5),5,POKESDOWN,CHRISTCHURCH,,3,0
POOLE - WOKING (5),6,CHRISTCHURCH,HINTON ADMIRAL,,5,1
POOLE - WOKING (5),7,HINTON ADMIRAL,NEW MILTON,,4,0
POOLE - WOKING (5),8,NEW MILTON,SWAY,,5,0
POOLE - WOKING (5),9,SWAY,BROCKENHURST,,5,0
POOLE - WOKING (5),10,BROCKENHURST,BEAULIEU ROAD,,5,1
POOLE - WOKING (5),11,BEAULIEU ROAD,ASHURST NEW FOREST,,4,0
POOLE - WOKING (5),12,ASHURST NEW FOREST,TOTTON,,5,0
POOLE - WOKING (5),13,TOTTON,SOUTHAMPTON CENTRAL,,6,0
POOLE - WOKING (5),14,SOUTHAMPTON CENTRAL,SOUTHAMPTON AIRPORT (PARKWAY),,7,8
POOLE - WOKING (5),15,SOUTHAMPTON AIRPORT (PARKWAY),WINCHESTER,,9,1
POOLE - WOKING (5),16,WINCHESTER,WOKING,,34,1
POOLE - WOKING (6),1,POOLE,PARKSTONE,,4,0
POOLE - WOKING (6),2,PARKSTONE,BRANKSOME,,3,0
POOLE - WOKING (6),3,BRANKSOME,BOURNEMOUTH,,5,0
POOLE - WOKING (6),4,BOURNEMOUTH,POKESDOWN,,3,2
POOLE - WOKING (6),5,POKESDOWN,CHRISTCHURCH,,4,0
POOLE - WOKING (6),6,CHRISTCHURCH,NEW MILTON,,7,0
POOLE - WOKING (6),7,NEW MILTON,BROCKENHURST,,7,0
POOLE - WOKING (6),8,BROCKENHURST,SOUTHAMPTON CENTRAL,,14,1
POOLE - WOKING (6),9,SOUTHAMPTON CENTRAL,SOUTHAMPTON AIRPORT (PARKWAY),,8,6
POOLE - WOKING (6),10,SOUTHAMPTON AIRPORT (PARKWAY),WINCHESTER,,9,1
POOLE - WOKING (6),11,WINCHESTER,BASINGSTOKE,,16,1
POOLE - WOKING (6),12,BASINGSTOKE,WOKING,,18,1
BASINGSTOKE - BOURNEMOUTH (2),1,BASINGSTOKE,WINCHESTER,,15,2
BASINGSTOKE - BOURNEMOUTH (2),2,WINCHESTER,SOUTHAMPTON AIRPORT (PARKWAY),,8,1
BASINGSTOKE - BOURNEMOUTH (2),3,SOUTHAMPTON AIRPORT (PARKWAY),SOUTHAMPTON CENTRAL,,7,1
BASINGSTOKE - BOURNEMOUTH (2),4,SOUTHAMPTON CENTRAL,TOTTON,,5,4
BASINGSTOKE - BOURNEMOUTH (2),5,TOTTON,BROCKENHURST,,11,0
BASINGSTOKE - BOURNEMOUTH (2),6,BROCKENHURST,SWAY,,4,1
BASINGSTOKE - BOURNEMOUTH (2),7,SWAY,NEW MILTON,,5,0
BASINGSTOKE - BOURNEMOUTH (2),8,NEW MILTON,HINTON ADMIRAL,,4,0
BASINGSTOKE - BOURNEMOUTH (2),9,HINTON ADMIRAL,CHRISTCHURCH,,5,0
BASINGSTOKE - BOURNEMOUTH (2),10,CHRISTCHURCH,POKESDOWN,,4,0
BASINGSTOKE - BOURNEMOUTH (2),11,POKESDOWN,BOURNEMOUTH,,4,0
WOKING - POOLE (7),1,WOKING,BASINGSTOKE,,18,2
WOKING - POOLE (7),2,BASINGSTOKE,WINCHESTER,,16,1
WOKING - POOLE (7),3,WINCHESTER,SOUTHAMPTON AIRPORT (PARKWAY),,8,1
WOKING - POOLE (7),4,SOUTHAMPTON AIRPORT (PARKWAY),SOUTHAMPTON CENTRAL,,7,1
WOKING - POOLE (7),5,SOUTHAMPTON CENTRAL,BROCKENHURST,,14,1
WOKING - POOLE (7),6,BROCKENHURST,BOURNEMOUTH,,15,1
WOKING - POOLE (7),7,BOURNEMOUTH,BRANKSOME,,5,1
WOKING - POOLE (7),8,BRANKSOME,PARKSTONE,,3,0
WOKING - POOLE (7),9,PARKSTONE,POOLE,,4,0
WOKING - SOUTHAMPTON CENTRAL (3),1,WOKING,BASINGSTOKE,,19,1
WOKING - SOUTHAMPTON CENTRAL (3),2,BASINGSTOKE,MICHELDEVER,,10,1
WOKING - SOUTHAMPTON CENTRAL (3),3,MICHELDEVER,WINCHESTER,,9,0
WOKING - SOUTHAMPTON CENTRAL (3),4,WINCHESTER,SHAWFORD,,5,1
WOKING - SOUTHAMPTON CENTRAL (3),5,SHAWFORD,EASTLEIGH,,5,0
WOKING - SOUTHAMPTON CENTRAL (3),6,EASTLEIGH,SOUTHAMPTON AIRPORT (PARKWAY),,3,1
WOKING - SOUTHAMPTON CENTRAL (3),7,SOUTHAMPTON AIRPORT (PARKWAY),ST DENYS,,4,1
WOKING - SOUTHAMPTON CENTRAL (3),8,ST DENYS,SOUTHAMPTON CENTRAL,,4,1
POOLE - BASINGSTOKE (2),1,POOLE,PARKSTONE,,4,0
POOLE - BASINGSTOKE (2),2,PARKSTONE,BRANKSOME,,3,0
POOLE - BASINGSTOKE (2),3,BRANKSOME,BOURNEMOUTH,,6,0
POOLE - BASINGSTOKE (2),4,BOURNEMOUTH,BROCKENHURST,,15,2
POOLE - BASINGSTOKE (2),5,BROCKENHURST,TOTTON,,11,1
POOLE - BASINGSTOKE (2),6,TOTTON,SOUTHAMPTON CENTRAL,,6,0
POOLE - BASINGSTOKE (2),7,SOUTHAMPTON CENTRAL,SOUTHAMPTON AIRPORT (PARKWAY),,7,2
POOLE - BASINGSTOKE (2),8,SOUTHAMPTON AIRPORT (PARKWAY),WINCHESTER,,8,1
POOLE - BASINGSTOKE (2),9,WINCHESTER,BASINGSTOKE,,16,1
BOURNEMOUTH - WINCHESTER,1,BOURNEMOUTH,POKESDOWN,,4,0
BOURNEMOUTH - WINCHESTER,2,POKESDOWN,CHRISTCHURCH,,3,0
BOURNEMOUTH - WINCHESTER,3,CHRISTCHURCH,HINTON ADMIRAL,,5,1
BOURNEMOUTH - WINCHESTER,4,HINTON ADMIRAL,NEW MILTON,,4,0
BOURNEMOUTH - WINCHESTER,5,NEW MILTON,SWAY,,5,0
BOURNEMOUTH - WINCHESTER,6,SWAY,BROCKENHURST,,5,0
BOURNEMOUTH - WINCHESTER,7,BROCKENHURST,ASHURST NEW FOREST,,7,1
BOURNEMOUTH - WINCHESTER,8,ASHURST NEW FOREST,TOTTON,,4,1
BOURNEMOUTH - WINCHESTER,9,TOTTON,SOUTHAMPTON CENTRAL,,5,1
BOURNEMOUTH - WINCHESTER,10,SOUTHAMPTON CENTRAL,SOUTHAMPTON AIRPORT (PARKWAY),,7,10
BOURNEMOUTH - WINCHESTER,11,SOUTHAMPTON AIRPORT (PARKWAY),WINCHESTER,,9,1
WOKING - GILLINGHAM (DORSET),1,WOKING,BASINGSTOKE,,20,1
WOKING - GILLINGHAM (DORSET),2,BASINGSTOKE,OVERTON,,9,2
WOKING - GILLINGHAM (DORSET),3,OVERTON,WHITCHURCH (HAMPSHIRE),,5,0
WOKING - GILLINGHAM (DORSET),4,WHITCHURCH (HAMPSHIRE),ANDOVER,,7,0
WOKING - GILLINGHAM (DORSET),5,ANDOVER,GRATELEY,,8,1
WOKING - GILLINGHAM (DORSET),6,GRATELEY,SALISBURY,,12,0
WOKING - GILLINGHAM (DORSET),7,SALISBURY,TISBURY,,18,2
WOKING - GILLINGHAM (DORSET),8,TISBURY,GILLINGHAM (DORSET),,10,1
WOKING - EXETER ST DAVIDS (5),1,WOKING,BASINGSTOKE,,22,1
WOKING - EXETER ST DAVIDS (5),2,BASINGSTOKE,OVERTON,,8,2
WOKING - EXETER ST DAVIDS (5),3,OVERTON,WHITCHURCH (HAMPSHIRE),,5,0
WOKING - EXETER ST DAVIDS (5),4,WHITCHURCH (HAMPSHIRE),ANDOVER,,8,0
WOKING - EXETER ST DAVIDS (5),5,ANDOVER,GRATELEY,,8,2
WOKING - EXETER ST DAVIDS (5),6,GRATELEY,SALISBURY,,12,0
WOKING - EXETER ST DAVIDS (5),7,SALISBURY,TISBURY,,19,4
WOKING - EXETER ST DAVIDS (5),8,TISBURY,GILLINGHAM (DORSET),,10,0
WOKING - EXETER ST DAVIDS (5),9,GILLINGHAM (DORSET),TEMPLECOMBE,,8,1
WOKING - EXETER ST DAVIDS (5),10,TEMPLECOMBE,SHERBORNE,,7,0
WOKING - EXETER ST DAVIDS (5),11,SHERBORNE,YEOVIL JUNCTION,,6,0
WOKING - EXETER ST DAVIDS (5),12,YEOVIL JUNCTION,CREWKERNE,,9,4
WOKING - EXETER ST DAVIDS (5),13,CREWKERNE,AXMINSTER,,14,0
WOKING - EXETER ST DAVIDS (5),14,AXMINSTER,HONITON,,11,1
WOKING - EXETER ST DAVIDS (5),15,HONITON,FENITON,,5,1
WOKING - EXETER ST DAVIDS (5),16,FENITON,CRANBROOK,,8,0
WOKING - EXETER ST DAVIDS (5),17,CRANBROOK,PINHOE,,4,0
WOKING - EXETER ST DAVIDS (5),18,PINHOE,EXETER CENTRAL,,5,0
WOKING - EXETER ST DAVIDS (5),19,EXETER CENTRAL,EXETER ST DAVIDS,,3,0
YEOVIL JUNCTION - BASINGSTOKE,1,YEOVIL JUNCTION,SHERBORNE,,6,0
YEOVIL JUNCTION - BASINGSTOKE,2,SHERBORNE,TEMPLECOMBE,,8,0
YEOVIL JUNCTION - BASINGSTOKE,3,TEMPLECOMBE,GILLINGHAM (DORSET),,7,0
YEOVIL JUNCTION - BASINGSTOKE,4,GILLINGHAM (DORSET),TISBURY,,10,1
YEOVIL JUNCTION - BASINGSTOKE,5,TISBURY,SALISBURY,,15,0
YEOVIL JUNCTION - BASINGSTOKE,6,SALISBURY,GRATELEY,,12,5
YEOVIL JUNCTION - BASINGSTOKE,7,GRATELEY,ANDOVER,,6,1
YEOVIL JUNCTION - BASINGSTOKE,8,ANDOVER,WHITCHURCH (HAMPSHIRE),,8,1
YEOVIL JUNCTION - BASINGSTOKE,9,WHITCHURCH (HAMPSHIRE),OVERTON,,5,1
YEOVIL JUNCTION - BASINGSTOKE,10,OVERTON,BASINGSTOKE,,9,1
EXETER ST DAVIDS - BASINGSTOKE,1,EXETER ST DAVIDS,EXETER CENTRAL,,3,0
EXETER ST DAVIDS - BASINGSTOKE,2,EXETER CENTRAL,PINHOE,,5,1
EXETER ST DAVIDS - BASINGSTOKE,3,PINHOE,CRANBROOK,,4,0
EXETER ST DAVIDS - BASINGSTOKE,4,CRANBROOK,WHIMPLE,,5,0
EXETER ST DAVIDS - BASINGSTOKE,5,WHIMPLE,FENITON,,6,0
EXETER ST DAVIDS - BASINGSTOKE,6,FENITON,HONITON,,6,0
EXETER ST DAVIDS - BASINGSTOKE,7,HONITON,AXMINSTER,,11,1
EXETER ST DAVIDS - BASINGSTOKE,8,AXMINSTER,CREWKERNE,,12,1
EXETER ST DAVIDS - BASINGSTOKE,9,CREWKERNE,YEOVIL JUNCTION,,9,1
EXETER ST DAVIDS - BASINGSTOKE,10,YEOVIL JUNCTION,SHERBORNE,,6,5
EXETER ST DAVIDS - BASINGSTOKE,11,SHERBORNE,TEMPLECOMBE,,8,0
EXETER ST DAVIDS - BASINGSTOKE,12,TEMPLECOMBE,GILLINGHAM (DORSET),,7,0
EXETER ST DAVIDS - BASINGSTOKE,13,GILLINGHAM (DORSET),TISBURY,,10,1
EXETER ST DAVIDS - BASINGSTOKE,14,TISBURY,SALISBURY,,15,0
EXETER ST DAVIDS - BASINGSTOKE,15,SALISBURY,GRATELEY,,12,8
EXETER ST DAVIDS - BASINGSTOKE,16,GRATELEY,ANDOVER,,6,1
EXETER ST DAVIDS - BASINGSTOKE,17,ANDOVER,WHITCHURCH (HAMPSHIRE),,8,1
EXETER ST DAVIDS - BASINGSTOKE,18,WHITCHURCH (HAMPSHIRE),OVERTON,,5,1
EXETER ST DAVIDS - BASINGSTOKE,19,OVERTON,BASINGSTOKE,,8,1
HONITON - WOKING,1,HONITON,AXMINSTER,,10,0
HONITON - WOKING,2,AXMINSTER,CREWKERNE,,13,1
HONITON - WOKING,3,CREWKERNE,YEOVIL JUNCTION,,9,0
HONITON - WOKING,4,YEOVIL JUNCTION,SHERBORNE,,6,1
HONITON - WOKING,5,SHERBORNE,TEMPLECOMBE,,8,0
HONITON - WOKING,6,TEMPLECOMBE,GILLINGHAM (DORSET),,7,0
HONITON - WOKING,7,GILLINGHAM (DORSET),TISBURY,,10,1
HONITON - WOKING,8,TISBURY,SALISBURY,,15,0
HONITON - WOKING,9,SALISBURY,GRATELEY,,12,4
HONITON - WOKING,10,GRATELEY,ANDOVER,,7,0
HONITON - WOKING,11,ANDOVER,WHITCHURCH (HAMPSHIRE),,8,1
HONITON - WOKING,12,WHITCHURCH (HAMPSHIRE),OVERTON,,6,0
HONITON - WOKING,13,OVERTON,BASINGSTOKE,,9,0
HONITON - WOKING,14,BASINGSTOKE,WOKING,,19,1
YEOVIL PEN MILL - WOKING,1,YEOVIL PEN MILL,YEOVIL JUNCTION,,5,0
YEOVIL PEN MILL - WOKING,2,YEOVIL JUNCTION,SHERBORNE,,6,4
YEOVIL PEN MILL - WOKING,3,SHERBORNE,TEMPLECOMBE,,8,0
YEOVIL PEN MILL - WOKING,4,TEMPLECOMBE,GILLINGHAM (DORSET),,8,0
YEOVIL PEN MILL - WOKING,5,GILLINGHAM (DORSET),TISBURY,,10,1
YEOVIL PEN MILL - WOKING,6,TISBURY,SALISBURY,,15,0
YEOVIL PEN MILL - WOKING,7,SALISBURY,GRATELEY,,12,7
YEOVIL PEN MILL - WOKING,8,GRATELEY,ANDOVER,,7,0
YEOVIL PEN MILL - WOKING,9,ANDOVER,WHITCHURCH (HAMPSHIRE),,8,1
YEOVIL PEN MILL - WOKING,10,WHITCHURCH (HAMPSHIRE),OVERTON,,6,0
YEOVIL PEN MILL - WOKING,11,OVERTON,BASINGSTOKE,,9,0
YEOVIL PEN MILL - WOKING,12,BASINGSTOKE,WOKING,,19,1
EXETER ST DAVIDS - WOKING (6),1,EXETER ST DAVIDS,EXETER CENTRAL,,3,0
EXETER ST DAVIDS - WOKING (6),2,EXETER CENTRAL,PINHOE,,5,1
EXETER ST DAVIDS - WOKING (6),3,PINHOE,CRANBROOK,,4,0
EXETER ST DAVIDS - WOKING (6),4,CRANBROOK,HONITON,,12,0
EXETER ST DAVIDS - WOKING (6),5,HONITON,AXMINSTER,,11,2
EXETER ST DAVIDS - WOKING (6),6,AXMINSTER,CREWKERNE,,12,1
EXETER ST DAVIDS - WOKING (6),7,CREWKERNE,YEOVIL JUNCTION,,8,1
EXETER ST DAVIDS - WOKING (6),8,YEOVIL JUNCTION,SHERBORNE,,6,4
EXETER ST DAVIDS - WOKING (6),9,SHERBORNE,TEMPLECOMBE,,8,0
EXETER ST DAVIDS - WOKING (6),10,TEMPLECOMBE,GILLINGHAM (DORSET),,7,0
EXETER ST DAVIDS - WOKING (6),11,GILLINGHAM (DORSET),TISBURY,,10,1
EXETER ST DAVIDS - WOKING (6),12,TISBURY,SALISBURY,,16,0
EXETER ST DAVIDS - WOKING (6),13,SALISBURY,ANDOVER,,17,4
EXETER ST DAVIDS - WOKING (6),14,ANDOVER,BASINGSTOKE,,17,1
EXETER ST DAVIDS - WOKING (6),15,BASINGSTOKE,WOKING,,19,1
GILLINGHAM (DORSET) - WOKING,1,GILLINGHAM (DORSET),TISBURY,,10,0
GILLINGHAM (DORSET) - WOKING,2,TISBURY,SALISBURY,,15,0
GILLINGHAM (DORSET) - WOKING,3,SALISBURY,GRATELEY,,12,4
GILLINGHAM (DORSET) - WOKING,4,GRATELEY,ANDOVER,,6,0
GILLINGHAM (DORSET) - WOKING,5,ANDOVER,WHITCHURCH (HAMPSHIRE),,8,1
GILLINGHAM (DORSET) - WOKING,6,WHITCHURCH (HAMPSHIRE),OVERTON,,6,0
GILLINGHAM (DORSET) - WOKING,7,OVERTON,BASINGSTOKE,,8,0
GILLINGHAM (DORSET) - WOKING,8,BASINGSTOKE,WOKING,,19,2
EXETER ST DAVIDS - WOKING (7),1,EXETER ST DAVIDS,EXETER CENTRAL,,3,0
EXETER ST DAVIDS - WOKING (7),2,EXETER CENTRAL,PINHOE,,5,1
EXETER ST DAVIDS - WOKING (7),3,PINHOE,CRANBROOK,,4,0
EXETER ST DAVIDS - WOKING (7),4,CRANBROOK,WHIMPLE,,5,0
EXETER ST DAVIDS - WOKING (7),5,WHIMPLE,FENITON,,6,0
EXETER ST DAVIDS - WOKING (7),6,FENITON,HONITON,,6,0
EXETER ST DAVIDS - WOKING (7),7,HONITON,AXMINSTER,,11,1
EXETER ST DAVIDS - WOKING (7),8,AXMINSTER,CREWKERNE,,13,0
EXETER ST DAVIDS - WOKING (7),9,CREWKERNE,YEOVIL JUNCTION,,10,0
EXETER ST DAVIDS - WOKING (7),10,YEOVIL JUNCTION,SHERBORNE,,5,1
EXETER ST DAVIDS - WOKING (7),11,SHERBORNE,TEMPLECOMBE,,9,0
EXETER ST DAVIDS - WOKING (7),12,TEMPLECOMBE,GILLINGHAM (DORSET),,7,0
EXETER ST DAVIDS - WOKING (7),13,GILLINGHAM (DORSET),TISBURY,,10,1
EXETER ST DAVIDS - WOKING (7),14,TISBURY,SALISBURY,,15,0
EXETER ST DAVIDS - WOKING (7),15,SALISBURY,ANDOVER,,16,4
EXETER ST DAVIDS - WOKING (7),16,ANDOVER,BASINGSTOKE,,17,1
EXETER ST DAVIDS - WOKING (7),17,BASINGSTOKE,WOKING,,18,2
WOKING - YEOVIL JUNCTION (2),1,WOKING,BASINGSTOKE,,19,1
WOKING - YEOVIL JUNCTION (2),2,BASINGSTOKE,OVERTON,,8,3
WOKING - YEOVIL JUNCTION (2),3,OVERTON,WHITCHURCH (HAMPSHIRE),,5,0
WOKING - YEOVIL JUNCTION (2),4,WHITCHURCH (HAMPSHIRE),ANDOVER,,8,0
WOKING - YEOVIL JUNCTION (2),5,ANDOVER,GRATELEY,,7,1
WOKING - YEOVIL JUNCTION (2),6,GRATELEY,SALISBURY,,12,0
WOKING - YEOVIL JUNCTION (2),7,SALISBURY,TISBURY,,13,4
WOKING - YEOVIL JUNCTION (2),8,TISBURY,GILLINGHAM (DORSET),,10,1
WOKING - YEOVIL JUNCTION (2),9,GILLINGHAM (DORSET),TEMPLECOMBE,,7,5
WOKING - YEOVIL JUNCTION (2),10,TEMPLECOMBE,SHERBORNE,,7,0
WOKING - YEOVIL JUNCTION (2),11,SHERBORNE,YEOVIL JUNCTION,,5,1
BASINGSTOKE - WESTBURY WILTS,1,BASINGSTOKE,OVERTON,,8,5
BASINGSTOKE - WESTBURY WILTS,2,OVERTON,WHITCHURCH (HAMPSHIRE),,5,1
BASINGSTOKE - WESTBURY WILTS,3,WHITCHURCH (HAMPSHIRE),ANDOVER,,8,0
BASINGSTOKE - WESTBURY WILTS,4,ANDOVER,GRATELEY,,8,1
BASINGSTOKE - WESTBURY WILTS,5,GRATELEY,SALISBURY,,12,0
BASINGSTOKE - WESTBURY WILTS,6,SALISBURY,TISBURY,,14,3
BASINGSTOKE - WESTBURY WILTS,7,TISBURY,GILLINGHAM (DORSET),,10,0
BASINGSTOKE - WESTBURY WILTS,8,GILLINGHAM (DORSET),TEMPLECOMBE,,7,4
BASINGSTOKE - WESTBURY WILTS,9,TEMPLECOMBE,SHERBORNE,,7,0
BASINGSTOKE - WESTBURY WILTS,10,SHERBORNE,YEOVIL JUNCTION,,5,1
BASINGSTOKE - WESTBURY WILTS,11,YEOVIL JUNCTION,YEOVIL PEN MILL,,5,4
BASINGSTOKE - WESTBURY WILTS,12,YEOVIL PEN MILL,CASTLE CARY,,13,2
BASINGSTOKE - WESTBURY WILTS,13,CASTLE CARY,BRUTON,,5,2
BASINGSTOKE - WESTBURY WILTS,14,BRUTON,FROME,,12,0
BASINGSTOKE - WESTBURY WILTS,15,FROME,WESTBURY WILTS,,11,1
BASINGSTOKE - EXETER ST DAVIDS,1,BASINGSTOKE,OVERTON,,9,1
BASINGSTOKE - EXETER ST DAVIDS,2,OVERTON,WHITCHURCH (HAMPSHIRE),,5,0
BASINGSTOKE - EXETER ST DAVIDS,3,WHITCHURCH (HAMPSHIRE),ANDOVER,,7,1
BASINGSTOKE - EXETER ST DAVIDS,4,ANDOVER,GRATELEY,,8,1
BASINGSTOKE - EXETER ST DAVIDS,5,GRATELEY,SALISBURY,,12,0
BASINGSTOKE - EXETER ST DAVIDS,6,SALISBURY,TISBURY,,15,4
BASINGSTOKE - EXETER ST DAVIDS,7,TISBURY,GILLINGHAM (DORSET),,10,0
BASINGSTOKE - EXETER ST DAVIDS,8,GILLINGHAM (DORSET),TEMPLECOMBE,,7,1
BASINGSTOKE - EXETER ST DAVIDS,9,TEMPLECOMBE,SHERBORNE,,7,0
BASINGSTOKE - EXETER ST DAVIDS,10,SHERBORNE,YEOVIL JUNCTION,,5,1
BASINGSTOKE - EXETER ST DAVIDS,11,YEOVIL JUNCTION,CREWKERNE,,9,1
BASINGSTOKE - EXETER ST DAVIDS,12,CREWKERNE,AXMINSTER,,13,1
BASINGSTOKE - EXETER ST DAVIDS,13,AXMINSTER,HONITON,,11,1
BASINGSTOKE - EXETER ST DAVIDS,14,HONITON,WHIMPLE,,8,1
BASINGSTOKE - EXETER ST DAVIDS,15,WHIMPLE,CRANBROOK,,5,0
BASINGSTOKE - EXETER ST DAVIDS,16,CRANBROOK,PINHOE,,4,0
BASINGSTOKE - EXETER ST DAVIDS,17,PINHOE,EXETER CENTRAL,,5,0
BASINGSTOKE - EXETER ST DAVIDS,18,EXETER CENTRAL,EXETER ST DAVIDS,,3,0
BASINGSTOKE - YEOVIL PEN MILL,1,BASINGSTOKE,OVERTON,,8,3
BASINGSTOKE - YEOVIL PEN MILL,2,OVERTON,WHITCHURCH (HAMPSHIRE),,5,1
BASINGSTOKE - YEOVIL PEN MILL,3,WHITCHURCH (HAMPSHIRE),ANDOVER,,8,0
BASINGSTOKE - YEOVIL PEN MILL,4,ANDOVER,GRATELEY,,7,1
BASINGSTOKE - YEOVIL PEN MILL,5,GRATELEY,SALISBURY,,12,1
BASINGSTOKE - YEOVIL PEN MILL,6,SALISBURY,TISBURY,,14,3
BASINGSTOKE - YEOVIL PEN MILL,7,TISBURY,GILLINGHAM (DORSET),,10,0
BASINGSTOKE - YEOVIL PEN MILL,8,GILLINGHAM (DORSET),TEMPLECOMBE,,7,4
BASINGSTOKE - YEOVIL PEN MILL,9,TEMPLECOMBE,SHERBORNE,,7,0
BASINGSTOKE - YEOVIL PEN MILL,10,SHERBORNE,YEOVIL JUNCTION,,6,1
BASINGSTOKE - YEOVIL PEN MILL,11,YEOVIL JUNCTION,YEOVIL PEN MILL,,7,4
BASINGSTOKE - EXETER ST DAVIDS (2),1,BASINGSTOKE,OVERTON,,8,1
BASINGSTOKE - EXETER ST DAVIDS (2),2,OVERTON,WHITCHURCH (HAMPSHIRE),,5,1
BASINGSTOKE - EXETER ST DAVIDS (2),3,WHITCHURCH (HAMPSHIRE),ANDOVER,,8,0
BASINGSTOKE - EXETER ST DAVIDS (2),4,ANDOVER,GRATELEY,,7,1
BASINGSTOKE - EXETER ST DAVIDS (2),5,GRATELEY,SALISBURY,,12,1
BASINGSTOKE - EXETER ST DAVIDS (2),6,SALISBURY,TISBURY,,15,3
BASINGSTOKE - EXETER ST DAVIDS (2),7,TISBURY,GILLINGHAM (DORSET),,10,0
BASINGSTOKE - EXETER ST DAVIDS (2),8,GILLINGHAM (DORSET),TEMPLECOMBE,,7,1
BASINGSTOKE - EXETER ST DAVIDS (2),9,TEMPLECOMBE,SHERBORNE,,7,0
BASINGSTOKE - EXETER ST DAVIDS (2),10,SHERBORNE,YEOVIL JUNCTION,,5,1
BASINGSTOKE - EXETER ST DAVIDS (2),11,YEOVIL JUNCTION,CREWKERNE,,9,1
BASINGSTOKE - EXETER ST DAVIDS (2),12,CREWKERNE,AXMINSTER,,13,1
BASINGSTOKE - EXETER ST DAVIDS (2),13,AXMINSTER,HONITON,,11,1
BASINGSTOKE - EXETER ST DAVIDS (2),14,HONITON,FENITON,,6,1
BASINGSTOKE - EXETER ST DAVIDS (2),15,FENITON,CRANBROOK,,7,0
BASINGSTOKE - EXETER ST DAVIDS (2),16,CRANBROOK,PINHOE,,4,0
BASINGSTOKE - EXETER ST DAVIDS (2),17,PINHOE,EXETER CENTRAL,,5,0
BASINGSTOKE - EXETER ST DAVIDS (2),18,EXETER CENTRAL,EXETER ST DAVIDS,,3,1
WOKING - EXETER ST DAVIDS (6),1,WOKING,BASINGSTOKE,,20,1
WOKING - EXETER ST DAVIDS (6),2,BASINGSTOKE,OVERTON,,8,1
WOKING - EXETER ST DAVIDS (6),3,OVERTON,WHITCHURCH (HAMPSHIRE),,5,1
WOKING - EXETER ST DAVIDS (6),4,WHITCHURCH (HAMPSHIRE),ANDOVER,,8,0
WOKING - EXETER ST DAVIDS (6),5,ANDOVER,GRATELEY,,8,1
WOKING - EXETER ST DAVIDS (6),6,GRATELEY,SALISBURY,,12,0
WOKING - EXETER ST DAVIDS (6),7,SALISBURY,TISBURY,,13,4
WOKING - EXETER ST DAVIDS (6),8,TISBURY,GILLINGHAM (DORSET),,10,1
WOKING - EXETER ST DAVIDS (6),9,GILLINGHAM (DORSET),TEMPLECOMBE,,7,1
WOKING - EXETER ST DAVIDS (6),10,TEMPLECOMBE,SHERBORNE,,7,0
WOKING - EXETER ST DAVIDS (6),11,SHERBORNE,YEOVIL JUNCTION,,5,1
WOKING - EXETER ST DAVIDS (6),12,YEOVIL JUNCTION,CREWKERNE,,9,3
WOKING - EXETER ST DAVIDS (6),13,CREWKERNE,AXMINSTER,,13,1
WOKING - EXETER ST DAVIDS (6),14,AXMINSTER,HONITON,,11,1
WOKING - EXETER ST DAVIDS (6),15,HONITON,WHIMPLE,,8,1
WOKING - EXETER ST DAVIDS (6),16,WHIMPLE,CRANBROOK,,5,0
WOKING - EXETER ST DAVIDS (6),17,CRANBROOK,PINHOE,,4,0
WOKING - EXETER ST DAVIDS (6),18,PINHOE,EXETER CENTRAL,,5,0
WOKING - EXETER ST DAVIDS (6),19,EXETER CENTRAL,EXETER ST DAVIDS,,3,1
BASINGSTOKE - SALISBURY,1,BASINGSTOKE,OVERTON,,8,4
BASINGSTOKE - SALISBURY,2,OVERTON,WHITCHURCH (HAMPSHIRE),,5,0
BASINGSTOKE - SALISBURY,3,WHITCHURCH (HAMPSHIRE),ANDOVER,,8,0
BASINGSTOKE - SALISBURY,4,ANDOVER,GRATELEY,,7,1
BASINGSTOKE - SALISBURY,5,GRATELEY,SALISBURY,,13,0
WOKING - EXETER ST DAVIDS (7),1,WOKING,BASINGSTOKE,,20,1
WOKING - EXETER ST DAVIDS (7),2,BASINGSTOKE,OVERTON,,9,1
WOKING - EXETER ST DAVIDS (7),3,OVERTON,WHITCHURCH (HAMPSHIRE),,5,0
WOKING - EXETER ST DAVIDS (7),4,WHITCHURCH (HAMPSHIRE),ANDOVER,,7,0
WOKING - EXETER ST DAVIDS (7),5,ANDOVER,GRATELEY,,8,1
WOKING - EXETER ST DAVIDS (7),6,GRATELEY,SALISBURY,,12,0
WOKING - EXETER ST DAVIDS (7),7,SALISBURY,TISBURY,,16,2
WOKING - EXETER ST DAVIDS (7),8,TISBURY,GILLINGHAM (DORSET),,9,1
WOKING - EXETER ST DAVIDS (7),9,GILLINGHAM (DORSET),TEMPLECOMBE,,8,1
WOKING - EXETER ST DAVIDS (7),10,TEMPLECOMBE,SHERBORNE,,7,0
WOKING - EXETER ST DAVIDS (7),11,SHERBORNE,YEOVIL JUNCTION,,6,0
WOKING - EXETER ST DAVIDS (7),12,YEOVIL JUNCTION,CREWKERNE,,9,2
WOKING - EXETER ST DAVIDS (7),13,CREWKERNE,AXMINSTER,,14,0
WOKING - EXETER ST DAVIDS (7),14,AXMINSTER,HONITON,,11,3
WOKING - EXETER ST DAVIDS (7),15,HONITON,FENITON,,5,20
WOKING - EXETER ST DAVIDS (7),16,FENITON,WHIMPLE,,5,0
WOKING - EXETER ST DAVIDS (7),17,WHIMPLE,CRANBROOK,,5,0
WOKING - EXETER ST DAVIDS (7),18,CRANBROOK,PINHOE,,4,0
WOKING - EXETER ST DAVIDS (7),19,PINHOE,EXETER CENTRAL,,5,0
WOKING - EXETER ST DAVIDS (7),20,EXETER CENTRAL,EXETER ST DAVIDS,,3,0
PORTSMOUTH HARBOUR - WOKING (5),1,PORTSMOUTH HARBOUR,PORTSMOUTH & SOUTHSEA,,3,0
PORTSMOUTH HARBOUR - WOKING (5),2,PORTSMOUTH & SOUTHSEA,FRATTON PORTSMOUTH,,4,1
PORTSMOUTH HARBOUR - WOKING (5),3,FRATTON PORTSMOUTH,HILSEA PORTSMOUTH,,4,0
PORTSMOUTH HARBOUR - WOKING (5),4,HILSEA PORTSMOUTH,COSHAM,,5,1
PORTSMOUTH HARBOUR - WOKING (5),5,COSHAM,PORTCHESTER,,5,0
PORTSMOUTH HARBOUR - WOKING (5),6,PORTCHESTER,FAREHAM,,6,0
PORTSMOUTH HARBOUR - WOKING (5),7,FAREHAM,BOTLEY,,9,0
PORTSMOUTH HARBOUR - WOKING (5),8,BOTLEY,HEDGE END,,4,0
PORTSMOUTH HARBOUR - WOKING (5),9,HEDGE END,EASTLEIGH,,6,1
PORTSMOUTH HARBOUR - WOKING (5),10,EASTLEIGH,WINCHESTER,,9,2
PORTSMOUTH HARBOUR - WOKING (5),11,WINCHESTER,MICHELDEVER,,8,1
PORTSMOUTH HARBOUR - WOKING (5),12,MICHELDEVER,BASINGSTOKE,,10,0
PORTSMOUTH HARBOUR - WOKING (5),13,BASINGSTOKE,FARNBOROUGH (MAIN),,13,2
PORTSMOUTH HARBOUR - WOKING (5),14,FARNBOROUGH (MAIN),WOKING,,9,1
WOKING - YEOVIL PEN MILL,1,WOKING,BASINGSTOKE,,19,1
WOKING - YEOVIL PEN MILL,2,BASINGSTOKE,OVERTON,,8,3
WOKING - YEOVIL PEN MILL,3,OVERTON,WHITCHURCH (HAMPSHIRE),,5,0
WOKING - YEOVIL PEN MILL,4,WHITCHURCH (HAMPSHIRE),ANDOVER,,8,0
WOKING - YEOVIL PEN MILL,5,ANDOVER,GRATELEY,,7,1
WOKING - YEOVIL PEN MILL,6,GRATELEY,SALISBURY,,12,0
WOKING - YEOVIL PEN MILL,7,SALISBURY,WARMINSTER,,20,4
WOKING - YEOVIL PEN MILL,8,WARMINSTER,WESTBURY WILTS,,8,1
WOKING - YEOVIL PEN MILL,9,WESTBURY WILTS,FROME,,9,4
WOKING - YEOVIL PEN MILL,10,FROME,BRUTON,,11,0
WOKING - YEOVIL PEN MILL,11,BRUTON,CASTLE CARY,,5,1
WOKING - YEOVIL PEN MILL,12,CASTLE CARY,YEOVIL PEN MILL,,14,16
WOKING - YEOVIL JUNCTION (3),1,WOKING,BASINGSTOKE,,19,1
WOKING - YEOVIL JUNCTION (3),2,BASINGSTOKE,OVERTON,,8,3
WOKING - YEOVIL JUNCTION (3),3,OVERTON,WHITCHURCH (HAMPSHIRE),,5,0
WOKING - YEOVIL JUNCTION (3),4,WHITCHURCH (HAMPSHIRE),ANDOVER,,8,0
WOKING - YEOVIL JUNCTION (3),5,ANDOVER,GRATELEY,,7,1
WOKING - YEOVIL JUNCTION (3),6,GRATELEY,SALISBURY,,12,0
WOKING - YEOVIL JUNCTION (3),7,SALISBURY,WARMINSTER,,20,12
WOKING - YEOVIL JUNCTION (3),8,WARMINSTER,WESTBURY WILTS,,8,1
WOKING - YEOVIL JUNCTION (3),9,WESTBURY WILTS,FROME,,9,6
WOKING - YEOVIL JUNCTION (3),10,FROME,BRUTON,,11,6
WOKING - YEOVIL JUNCTION (3),11,BRUTON,CASTLE CARY,,9,0
WOKING - YEOVIL JUNCTION (3),12,CASTLE CARY,YEOVIL PEN MILL,,14,1
WOKING - YEOVIL JUNCTION (3),13,YEOVIL PEN MILL,YEOVIL JUNCTION,,5,2
WEYMOUTH - WOKING (4),1,WEYMOUTH,UPWEY,,4,0
WEYMOUTH - WOKING (4),2,UPWEY,DORCHESTER SOUTH,,7,0
WEYMOUTH - WOKING (4),3,DORCHESTER SOUTH,MORETON (DORSET),,7,1
WEYMOUTH - WOKING (4),4,MORETON (DORSET),WOOL,,5,0
WEYMOUTH - WOKING (4),5,WOOL,WAREHAM,,6,1
WEYMOUTH - WOKING (4),6,WAREHAM,HOLTON HEATH,,3,1
WEYMOUTH - WOKING (4),7,HOLTON HEATH,HAMWORTHY,,5,0
WEYMOUTH - WOKING (4),8,HAMWORTHY,POOLE,,5,0
WEYMOUTH - WOKING (4),9,POOLE,PARKSTONE,,4,1
WEYMOUTH - WOKING (4),10,PARKSTONE,BRANKSOME,,3,0
WEYMOUTH - WOKING (4),11,BRANKSOME,BOURNEMOUTH,,5,0
WEYMOUTH - WOKING (4),12,BOURNEMOUTH,POKESDOWN,,3,2
WEYMOUTH - WOKING (4),13,POKESDOWN,CHRISTCHURCH,,4,0
WEYMOUTH - WOKING (4),14,CHRISTCHURCH,HINTON ADMIRAL,,5,0
WEYMOUTH - WOKING (4),15,HINTON ADMIRAL,NEW MILTON,,4,0
WEYMOUTH - WOKING (4),16,NEW MILTON,SWAY,,4,1
WEYMOUTH - WOKING (4),17,SWAY,BROCKENHURST,,5,0
WEYMOUTH - WOKING (4),18,BROCKENHURST,ASHURST NEW FOREST,,7,1
WEYMOUTH - WOKING (4),19,ASHURST NEW FOREST,TOTTON,,5,0
WEYMOUTH - WOKING (4),20,TOTTON,SOUTHAMPTON CENTRAL,,14,0
WEYMOUTH - WOKING (4),21,SOUTHAMPTON CENTRAL,SOUTHAMPTON AIRPORT (PARKWAY),,7,13
WEYMOUTH - WOKING (4),22,SOUTHAMPTON AIRPORT (PARKWAY),WINCHESTER,,9,1
WEYMOUTH - WOKING (4),23,WINCHESTER,WOKING,,32,1
WEYMOUTH - WOKING (5),1,WEYMOUTH,DORCHESTER SOUTH,,9,0
WEYMOUTH - WOKING (5),2,DORCHESTER SOUTH,WAREHAM,,15,1
WEYMOUTH - WOKING (5),3,WAREHAM,HAMWORTHY,,6,1
WEYMOUTH - WOKING (5),4,HAMWORTHY,POOLE,,5,0
WEYMOUTH - WOKING (5),5,POOLE,PARKSTONE,,4,1
WEYMOUTH - WOKING (5),6,PARKSTONE,BRANKSOME,,3,0
WEYMOUTH - WOKING (5),7,BRANKSOME,BOURNEMOUTH,,6,0
WEYMOUTH - WOKING (5),8,BOURNEMOUTH,BROCKENHURST,,14,5
WEYMOUTH - WOKING (5),9,BROCKENHURST,SOUTHAMPTON CENTRAL,,14,1
WEYMOUTH - WOKING (5),10,SOUTHAMPTON CENTRAL,SOUTHAMPTON AIRPORT (PARKWAY),,7,2
WEYMOUTH - WOKING (5),11,SOUTHAMPTON AIRPORT (PARKWAY),WINCHESTER,,9,1
WEYMOUTH - WOKING (5),12,WINCHESTER,WOKING,,32,1
WOKING - WEYMOUTH (4),1,WOKING,WINCHESTER,,32,2
WOKING - WEYMOUTH (4),2,WINCHESTER,SOUTHAMPTON AIRPORT (PARKWAY),,8,1
WOKING - WEYMOUTH (4),3,SOUTHAMPTON AIRPORT (PARKWAY),SOUTHAMPTON CENTRAL,,7,1
WOKING - WEYMOUTH (4),4,SOUTHAMPTON CENTRAL,BROCKENHURST,,13,3
WOKING - WEYMOUTH (4),5,BROCKENHURST,BOURNEMOUTH,,15,1
WOKING - WEYMOUTH (4),6,BOURNEMOUTH,BRANKSOME,,5,4
WOKING - WEYMOUTH (4),7,BRANKSOME,PARKSTONE,,3,0
WOKING - WEYMOUTH (4),8,PARKSTONE,POOLE,,3,1
WOKING - WEYMOUTH (4),9,POOLE,HAMWORTHY,,5,1
WOKING - WEYMOUTH (4),10,HAMWORTHY,WAREHAM,,6,0
WOKING - WEYMOUTH (4),11,WAREHAM,DORCHESTER SOUTH,,16,1
WOKING - WEYMOUTH (4),12,DORCHESTER SOUTH,WEYMOUTH,,10,1
WOKING - WEYMOUTH (5),1,WOKING,WINCHESTER,,31,2
WOKING - WEYMOUTH (5),2,WINCHESTER,SOUTHAMPTON AIRPORT (PARKWAY),,8,1
WOKING - WEYMOUTH (5),3,SOUTHAMPTON AIRPORT (PARKWAY),SOUTHAMPTON CENTRAL,,7,1
WOKING - WEYMOUTH (5),4,SOUTHAMPTON CENTRAL,BROCKENHURST,,13,3
WOKING - WEYMOUTH (5),5,BROCKENHURST,BOURNEMOUTH,,15,1
WOKING - WEYMOUTH (5),6,BOURNEMOUTH,BRANKSOME,,5,4
WOKING - WEYMOUTH (5),7,BRANKSOME,PARKSTONE,,3,0
WOKING - WEYMOUTH (5),8,PARKSTONE,POOLE,,4,0
WOKING - WEYMOUTH (5),9,POOLE,HAMWORTHY,,4,1
WOKING - WEYMOUTH (5),10,HAMWORTHY,WAREHAM,,6,1
WOKING - WEYMOUTH (5),11,WAREHAM,WOOL,,6,1
WOKING - WEYMOUTH (5),12,WOOL,DORCHESTER SOUTH,,11,0
WOKING - WEYMOUTH (5),13,DORCHESTER SOUTH,WEYMOUTH,,8,1
WOKING - WEYMOUTH (6),1,WOKING,BASINGSTOKE,,19,1
WOKING - WEYMOUTH (6),2,BASINGSTOKE,WINCHESTER,,15,1
WOKING - WEYMOUTH (6),3,WINCHESTER,SOUTHAMPTON AIRPORT (PARKWAY),,8,1
WOKING - WEYMOUTH (6),4,SOUTHAMPTON AIRPORT (PARKWAY),SOUTHAMPTON CENTRAL,,7,1
WOKING - WEYMOUTH (6),5,SOUTHAMPTON CENTRAL,BROCKENHURST,,14,4
WOKING - WEYMOUTH (6),6,BROCKENHURST,BOURNEMOUTH,,14,1
WOKING - WEYMOUTH (6),7,BOURNEMOUTH,BRANKSOME,,5,2
WOKING - WEYMOUTH (6),8,BRANKSOME,PARKSTONE,,3,0
WOKING - WEYMOUTH (6),9,PARKSTONE,POOLE,,3,0
WOKING - WEYMOUTH (6),10,POOLE,HAMWORTHY,,5,1
WOKING - WEYMOUTH (6),11,HAMWORTHY,WAREHAM,,6,0
WOKING - WEYMOUTH (6),12,WAREHAM,WOOL,,6,1
WOKING - WEYMOUTH (6),13,WOOL,DORCHESTER SOUTH,,10,1
WOKING - WEYMOUTH (6),14,DORCHESTER SOUTH,WEYMOUTH,,11,1
BASINGSTOKE - WEYMOUTH (4),1,BASINGSTOKE,WINCHESTER,,15,2
BASINGSTOKE - WEYMOUTH (4),2,WINCHESTER,SOUTHAMPTON AIRPORT (PARKWAY),,8,1
BASINGSTOKE - WEYMOUTH (4),3,SOUTHAMPTON AIRPORT (PARKWAY),SOUTHAMPTON CENTRAL,,7,1
BASINGSTOKE - WEYMOUTH (4),4,SOUTHAMPTON CENTRAL,BOURNEMOUTH,,28,4
BASINGSTOKE - WEYMOUTH (4),5,BOURNEMOUTH,BRANKSOME,,5,2
BASINGSTOKE - WEYMOUTH (4),6,BRANKSOME,PARKSTONE,,3,0
BASINGSTOKE - WEYMOUTH (4),7,PARKSTONE,POOLE,,3,0
BASINGSTOKE - WEYMOUTH (4),8,POOLE,HAMWORTHY,,5,1
BASINGSTOKE - WEYMOUTH (4),9,HAMWORTHY,WAREHAM,,6,0
BASINGSTOKE - WEYMOUTH (4),10,WAREHAM,WOOL,,6,1
BASINGSTOKE - WEYMOUTH (4),11,WOOL,DORCHESTER SOUTH,,11,0
BASINGSTOKE - WEYMOUTH (4),12,DORCHESTER SOUTH,WEYMOUTH,,10,1
WEYMOUTH - BASINGSTOKE,1,WEYMOUTH,UPWEY,,4,0
WEYMOUTH - BASINGSTOKE,2,UPWEY,DORCHESTER SOUTH,,7,0
WEYMOUTH - BASINGSTOKE,3,DORCHESTER SOUTH,MORETON (DORSET),,6,2
WEYMOUTH - BASINGSTOKE,4,MORETON (DORSET),WOOL,,6,0
WEYMOUTH - BASINGSTOKE,5,WOOL,WAREHAM,,7,0
WEYMOUTH - BASINGSTOKE,6,WAREHAM,HOLTON HEATH,,3,1
WEYMOUTH - BASINGSTOKE,7,HOLTON HEATH,HAMWORTHY,,5,0
WEYMOUTH - BASINGSTOKE,8,HAMWORTHY,POOLE,,5,0
WEYMOUTH - BASINGSTOKE,9,POOLE,BOURNEMOUTH,,10,1
WEYMOUTH - BASINGSTOKE,10,BOURNEMOUTH,POKESDOWN,,4,5
WEYMOUTH - BASINGSTOKE,11,POKESDOWN,CHRISTCHURCH,,3,0
WEYMOUTH - BASINGSTOKE,12,CHRISTCHURCH,NEW MILTON,,6,1
WEYMOUTH - BASINGSTOKE,13,NEW MILTON,BROCKENHURST,,6,1
WEYMOUTH - BASINGSTOKE,14,BROCKENHURST,SOUTHAMPTON CENTRAL,,14,1
WEYMOUTH - BASINGSTOKE,15,SOUTHAMPTON CENTRAL,SOUTHAMPTON AIRPORT (PARKWAY),,7,2
WEYMOUTH - BASINGSTOKE,16,SOUTHAMPTON AIRPORT (PARKWAY),WINCHESTER,,9,1
WEYMOUTH - BASINGSTOKE,17,WINCHESTER,BASINGSTOKE,,16,1
WEYMOUTH - WOKING (6),1,WEYMOUTH,UPWEY,,4,0
WEYMOUTH - WOKING (6),2,UPWEY,DORCHESTER SOUTH,,7,0
WEYMOUTH - WOKING (6),3,DORCHESTER SOUTH,MORETON (DORSET),,6,2
WEYMOUTH - WOKING (6),4,MORETON (DORSET),WOOL,,6,0
WEYMOUTH - WOKING (6),5,WOOL,WAREHAM,,7,0
WEYMOUTH - WOKING (6),6,WAREHAM,HOLTON HEATH,,3,1
WEYMOUTH - WOKING (6),7,HOLTON HEATH,HAMWORTHY,,5,0
WEYMOUTH - WOKING (6),8,HAMWORTHY,POOLE,,5,0
WEYMOUTH - WOKING (6),9,POOLE,BOURNEMOUTH,,10,1
WEYMOUTH - WOKING (6),10,BOURNEMOUTH,POKESDOWN,,4,5
WEYMOUTH - WOKING (6),11,POKESDOWN,CHRISTCHURCH,,3,0
WEYMOUTH - WOKING (6),12,CHRISTCHURCH,NEW MILTON,,6,1
WEYMOUTH - WOKING (6),13,NEW MILTON,BROCKENHURST,,6,1
WEYMOUTH - WOKING (6),14,BROCKENHURST,SOUTHAMPTON CENTRAL,,14,1
WEYMOUTH - WOKING (6),15,SOUTHAMPTON CENTRAL,SOUTHAMPTON AIRPORT (PARKWAY),,7,2
WEYMOUTH - WOKING (6),16,SOUTHAMPTON AIRPORT (PARKWAY),WINCHESTER,,9,1
WEYMOUTH - WOKING (6),17,WINCHESTER,BASINGSTOKE,,16,1
WEYMOUTH - WOKING (6),18,BASINGSTOKE,WOKING,,18,1
WEYMOUTH - WOKING (7),1,WEYMOUTH,UPWEY,,4,0
WEYMOUTH - WOKING (7),2,UPWEY,DORCHESTER SOUTH,,7,0
WEYMOUTH - WOKING (7),3,DORCHESTER SOUTH,MORETON (DORSET),,6,6
WEYMOUTH - WOKING (7),4,MORETON (DORSET),WOOL,,6,0
WEYMOUTH - WOKING (7),5,WOOL,WAREHAM,,7,0
WEYMOUTH - WOKING (7),6,WAREHAM,HAMWORTHY,,6,1
WEYMOUTH - WOKING (7),7,HAMWORTHY,POOLE,,5,0
WEYMOUTH - WOKING (7),8,POOLE,BOURNEMOUTH,,9,1
WEYMOUTH - WOKING (7),9,BOURNEMOUTH,POKESDOWN,,4,4
WEYMOUTH - WOKING (7),10,POKESDOWN,CHRISTCHURCH,,3,0
WEYMOUTH - WOKING (7),11,CHRISTCHURCH,NEW MILTON,,6,1
WEYMOUTH - WOKING (7),12,NEW MILTON,BROCKENHURST,,6,1
WEYMOUTH - WOKING (7),13,BROCKENHURST,SOUTHAMPTON CENTRAL,,14,1
WEYMOUTH - WOKING (7),14,SOUTHAMPTON CENTRAL,SOUTHAMPTON AIRPORT (PARKWAY),,7,2
WEYMOUTH - WOKING (7),15,SOUTHAMPTON AIRPORT (PARKWAY),WINCHESTER,,9,0
WEYMOUTH - WOKING (7),16,WINCHESTER,BASINGSTOKE,,17,2
WEYMOUTH - WOKING (7),17,BASINGSTOKE,WOKING,,19,1
WEYMOUTH - WOKING (8),1,WEYMOUTH,UPWEY,,4,0
WEYMOUTH - WOKING (8),2,UPWEY,DORCHESTER SOUTH,,7,0
WEYMOUTH - WOKING (8),3,DORCHESTER SOUTH,MORETON (DORSET),,6,4
WEYMOUTH - WOKING (8),4,MORETON (DORSET),WOOL,,6,0
WEYMOUTH - WOKING (8),5,WOOL,WAREHAM,,7,0
WEYMOUTH - WOKING (8),6,WAREHAM,HAMWORTHY,,6,2
WEYMOUTH - WOKING (8),7,HAMWORTHY,POOLE,,5,0
WEYMOUTH - WOKING (8),8,POOLE,PARKSTONE,,4,1
WEYMOUTH - WOKING (8),9,PARKSTONE,BRANKSOME,,3,0
WEYMOUTH - WOKING (8),10,BRANKSOME,BOURNEMOUTH,,6,0
WEYMOUTH - WOKING (8),11,BOURNEMOUTH,POKESDOWN,,4,5
WEYMOUTH - WOKING (8),12,POKESDOWN,CHRISTCHURCH,,3,0
WEYMOUTH - WOKING (8),13,CHRISTCHURCH,HINTON ADMIRAL,,5,1
WEYMOUTH - WOKING (8),14,HINTON ADMIRAL,NEW MILTON,,4,0
WEYMOUTH - WOKING (8),15,NEW MILTON,SWAY,,5,0
WEYMOUTH - WOKING (8),16,SWAY,BROCKENHURST,,4,0
WEYMOUTH - WOKING (8),17,BROCKENHURST,ASHURST NEW FOREST,,8,1
WEYMOUTH - WOKING (8),18,ASHURST NEW FOREST,TOTTON,,4,0
WEYMOUTH - WOKING (8),19,TOTTON,SOUTHAMPTON CENTRAL,,5,1
WEYMOUTH - WOKING (8),20,SOUTHAMPTON CENTRAL,SOUTHAMPTON AIRPORT (PARKWAY),,7,3
WEYMOUTH - WOKING (8),21,SOUTHAMPTON AIRPORT (PARKWAY),EASTLEIGH,,3,1
WEYMOUTH - WOKING (8),22,EASTLEIGH,SHAWFORD,,6,1
WEYMOUTH - WOKING (8),23,SHAWFORD,WINCHESTER,,5,0
WEYMOUTH - WOKING (8),24,WINCHESTER,BASINGSTOKE,,16,1
WEYMOUTH - WOKING (8),25,BASINGSTOKE,WOKING,,19,1
BASINGSTOKE - WEYMOUTH (5),1,BASINGSTOKE,WINCHESTER,,16,1
BASINGSTOKE - WEYMOUTH (5),2,WINCHESTER,SOUTHAMPTON AIRPORT (PARKWAY),,8,1
BASINGSTOKE - WEYMOUTH (5),3,SOUTHAMPTON AIRPORT (PARKWAY),SOUTHAMPTON CENTRAL,,7,1
BASINGSTOKE - WEYMOUTH (5),4,SOUTHAMPTON CENTRAL,BROCKENHURST,,14,4
BASINGSTOKE - WEYMOUTH (5),5,BROCKENHURST,BOURNEMOUTH,,14,1
BASINGSTOKE - WEYMOUTH (5),6,BOURNEMOUTH,BRANKSOME,,5,4
BASINGSTOKE - WEYMOUTH (5),7,BRANKSOME,PARKSTONE,,3,0
BASINGSTOKE - WEYMOUTH (5),8,PARKSTONE,POOLE,,3,0
BASINGSTOKE - WEYMOUTH (5),9,POOLE,HAMWORTHY,,5,1
BASINGSTOKE - WEYMOUTH (5),10,HAMWORTHY,WAREHAM,,6,0
BASINGSTOKE - WEYMOUTH (5),11,WAREHAM,WOOL,,6,2
BASINGSTOKE - WEYMOUTH (5),12,WOOL,MORETON (DORSET),,8,0
BASINGSTOKE - WEYMOUTH (5),13,MORETON (DORSET),DORCHESTER SOUTH,,7,4
BASINGSTOKE - WEYMOUTH (5),14,DORCHESTER SOUTH,UPWEY,,6,1
BASINGSTOKE - WEYMOUTH (5),15,UPWEY,WEYMOUTH,,5,0
WOKING - WEYMOUTH (7),1,WOKING,BASINGSTOKE,,19,1
WOKING - WEYMOUTH (7),2,BASINGSTOKE,WINCHESTER,,15,2
WOKING - WEYMOUTH (7),3,WINCHESTER,SHAWFORD,,5,2
WOKING - WEYMOUTH (7),4,SHAWFORD,EASTLEIGH,,5,0
WOKING - WEYMOUTH (7),5,EASTLEIGH,SOUTHAMPTON AIRPORT (PARKWAY),,3,1
WOKING - WEYMOUTH (7),6,SOUTHAMPTON AIRPORT (PARKWAY),SOUTHAMPTON CENTRAL,,7,1
WOKING - WEYMOUTH (7),7,SOUTHAMPTON CENTRAL,TOTTON,,5,2
WOKING - WEYMOUTH (7),8,TOTTON,ASHURST NEW FOREST,,5,0
WOKING - WEYMOUTH (7),9,ASHURST NEW FOREST,BEAULIEU ROAD,,4,0
WOKING - WEYMOUTH (7),10,BEAULIEU ROAD,BROCKENHURST,,6,0
WOKING - WEYMOUTH (7),11,BROCKENHURST,SWAY,,5,1
WOKING - WEYMOUTH (7),12,SWAY,NEW MILTON,,4,0
WOKING - WEYMOUTH (7),13,NEW MILTON,HINTON ADMIRAL,,4,1
WOKING - WEYMOUTH (7),14,HINTON ADMIRAL,CHRISTCHURCH,,4,0
WOKING - WEYMOUTH (7),15,CHRISTCHURCH,POKESDOWN,,3,1
WOKING - WEYMOUTH (7),16,POKESDOWN,BOURNEMOUTH,,4,0
WOKING - WEYMOUTH (7),17,BOURNEMOUTH,BRANKSOME,,5,2
WOKING - WEYMOUTH (7),18,BRANKSOME,PARKSTONE,,3,0
WOKING - WEYMOUTH (7),19,PARKSTONE,POOLE,,3,0
WOKING - WEYMOUTH (7),20,POOLE,HAMWORTHY,,5,1
WOKING - WEYMOUTH (7),21,HAMWORTHY,WAREHAM,,6,0
WOKING - WEYMOUTH (7),22,WAREHAM,WOOL,,6,1
WOKING - WEYMOUTH (7),23,WOOL,MORETON (DORSET),,6,1
WOKING - WEYMOUTH (7),24,MORETON (DORSET),DORCHESTER SOUTH,,7,0
WOKING - WEYMOUTH (7),25,DORCHESTER SOUTH,UPWEY,,6,1
WOKING - WEYMOUTH (7),26,UPWEY,WEYMOUTH,,5,0
WOKING - WEYMOUTH (8),1,WOKING,BASINGSTOKE,,18,2
WOKING - WEYMOUTH (8),2,BASINGSTOKE,WINCHESTER,,16,1
WOKING - WEYMOUTH (8),3,WINCHESTER,EASTLEIGH,,9,1
WOKING - WEYMOUTH (8),4,EASTLEIGH,SOUTHAMPTON AIRPORT (PARKWAY),,3,1
WOKING - WEYMOUTH (8),5,SOUTHAMPTON AIRPORT (PARKWAY),SOUTHAMPTON CENTRAL,,7,1
WOKING - WEYMOUTH (8),6,SOUTHAMPTON CENTRAL,BROCKENHURST,,13,2
WOKING - WEYMOUTH (8),7,BROCKENHURST,BOURNEMOUTH,,15,1
WOKING - WEYMOUTH (8),8,BOURNEMOUTH,BRANKSOME,,5,4
WOKING - WEYMOUTH (8),9,BRANKSOME,PARKSTONE,,3,0
WOKING - WEYMOUTH (8),10,PARKSTONE,POOLE,,3,0
WOKING - WEYMOUTH (8),11,POOLE,HAMWORTHY,,5,1
WOKING - WEYMOUTH (8),12,HAMWORTHY,WAREHAM,,6,0
WOKING - WEYMOUTH (8),13,WAREHAM,WOOL,,6,1
WOKING - WEYMOUTH (8),14,WOOL,DORCHESTER SOUTH,,11,0
WOKING - WEYMOUTH (8),15,DORCHESTER SOUTH,WEYMOUTH,,11,1
SOUTHAMPTON CENTRAL - SURBITON,1,SOUTHAMPTON CENTRAL,ST DENYS,,5,0
SOUTHAMPTON CENTRAL - SURBITON,2,ST DENYS,SWAYTHLING,,3,1
SOUTHAMPTON CENTRAL - SURBITON,3,SWAYTHLING,SOUTHAMPTON AIRPORT (PARKWAY),,2,0
SOUTHAMPTON CENTRAL - SURBITON,4,SOUTHAMPTON AIRPORT (PARKWAY),EASTLEIGH,,3,2
SOUTHAMPTON CENTRAL - SURBITON,5,EASTLEIGH,SHAWFORD,,6,2
SOUTHAMPTON CENTRAL - SURBITON,6,SHAWFORD,WINCHESTER,,5,0
SOUTHAMPTON CENTRAL - SURBITON,7,WINCHESTER,BASINGSTOKE,,16,1
SOUTHAMPTON CENTRAL - SURBITON,8,BASINGSTOKE,HOOK,,7,1
SOUTHAMPTON CENTRAL - SURBITON,9,HOOK,WINCHFIELD,,4,1
SOUTHAMPTON CENTRAL - SURBITON,10,WINCHFIELD,FLEET,,5,0
SOUTHAMPTON CENTRAL - SURBITON,11,FLEET,FARNBOROUGH (MAIN),,5,1
SOUTHAMPTON CENTRAL - SURBITON,12,FARNBOROUGH (MAIN),BROOKWOOD,,7,2
SOUTHAMPTON CENTRAL - SURBITON,13,BROOKWOOD,WOKING,,6,0
SOUTHAMPTON CENTRAL - SURBITON,14,WOKING,SURBITON,,11,3
WOKING - BOURNEMOUTH (2),1,WOKING,FARNBOROUGH (MAIN),,10,1
WOKING - BOURNEMOUTH (2),2,FARNBOROUGH (MAIN),FLEET,,5,1
WOKING - BOURNEMOUTH (2),3,FLEET,BASINGSTOKE,,14,0
WOKING - BOURNEMOUTH (2),4,BASINGSTOKE,WINCHESTER,,15,1
WOKING - BOURNEMOUTH (2),5,WINCHESTER,EASTLEIGH,,8,1
WOKING - BOURNEMOUTH (2),6,EASTLEIGH,SOUTHAMPTON AIRPORT (PARKWAY),,4,1
WOKING - BOURNEMOUTH (2),7,SOUTHAMPTON AIRPORT (PARKWAY),SOUTHAMPTON CENTRAL,,7,1
WOKING - BOURNEMOUTH (2),8,SOUTHAMPTON CENTRAL,TOTTON,,6,1
WOKING - BOURNEMOUTH (2),9,TOTTON,BROCKENHURST,,10,1
WOKING - BOURNEMOUTH (2),10,BROCKENHURST,NEW MILTON,,6,1
WOKING - BOURNEMOUTH (2),11,NEW MILTON,CHRISTCHURCH,,6,1
WOKING - BOURNEMOUTH (2),12,CHRISTCHURCH,POKESDOWN,,3,1
WOKING - BOURNEMOUTH (2),13,POKESDOWN,BOURNEMOUTH,,3,1
SOUTHAMPTON CENTRAL - WEYBRIDGE,1,SOUTHAMPTON CENTRAL,ST DENYS,,5,0
SOUTHAMPTON CENTRAL - WEYBRIDGE,2,ST DENYS,SWAYTHLING,,3,0
SOUTHAMPTON CENTRAL - WEYBRIDGE,3,SWAYTHLING,SOUTHAMPTON AIRPORT (PARKWAY),,2,0
SOUTHAMPTON CENTRAL - WEYBRIDGE,4,SOUTHAMPTON AIRPORT (PARKWAY),EASTLEIGH,,4,1
SOUTHAMPTON CENTRAL - WEYBRIDGE,5,EASTLEIGH,SHAWFORD,,6,0
SOUTHAMPTON CENTRAL - WEYBRIDGE,6,SHAWFORD,WINCHESTER,,5,0
SOUTHAMPTON CENTRAL - WEYBRIDGE,7,WINCHESTER,BASINGSTOKE,,16,1
SOUTHAMPTON CENTRAL - WEYBRIDGE,8,BASINGSTOKE,HOOK,,7,2
SOUTHAMPTON CENTRAL - WEYBRIDGE,9,HOOK,WINCHFIELD,,4,1
SOUTHAMPTON CENTRAL - WEYBRIDGE,10,WINCHFIELD,FLEET,,5,0
SOUTHAMPTON CENTRAL - WEYBRIDGE,11,FLEET,FARNBOROUGH (MAIN),,5,0
SOUTHAMPTON CENTRAL - WEYBRIDGE,12,FARNBOROUGH (MAIN),BROOKWOOD,,8,1
SOUTHAMPTON CENTRAL - WEYBRIDGE,13,BROOKWOOD,WOKING,,5,0
SOUTHAMPTON CENTRAL - WEYBRIDGE,14,WOKING,WEYBRIDGE,,6,3
SURBITON - BASINGSTOKE (4),1,SURBITON,WALTON-ON-THAMES,,7,1
SURBITON - BASINGSTOKE (4),2,WALTON-ON-THAMES,WEYBRIDGE,,5,0
SURBITON - BASINGSTOKE (4),3,WEYBRIDGE,WEST BYFLEET,,4,1
SURBITON - BASINGSTOKE (4),4,WEST BYFLEET,WOKING,,5,0
SURBITON - BASINGSTOKE (4),5,WOKING,BROOKWOOD,,6,1
SURBITON - BASINGSTOKE (4),6,BROOKWOOD,FARNBOROUGH (MAIN),,7,0
SURBITON - BASINGSTOKE (4),7,FARNBOROUGH (MAIN),FLEET,,5,1
SURBITON - BASINGSTOKE (4),8,FLEET,WINCHFIELD,,5,0
SURBITON - BASINGSTOKE (4),9,WINCHFIELD,HOOK,,4,1
SURBITON - BASINGSTOKE (4),10,HOOK,BASINGSTOKE,,8,1
BASINGSTOKE - WEYBRIDGE,1,BASINGSTOKE,HOOK,,7,0
BASINGSTOKE - WEYBRIDGE,2,HOOK,WINCHFIELD,,4,0
BASINGSTOKE - WEYBRIDGE,3,WINCHFIELD,FLEET,,5,0
BASINGSTOKE - WEYBRIDGE,4,FLEET,FARNBOROUGH (MAIN),,5,0
BASINGSTOKE - WEYBRIDGE,5,FARNBOROUGH (MAIN),WEYBRIDGE,,14,1
PORTSMOUTH HARBOUR - WOKING (6),1,PORTSMOUTH HARBOUR,PORTSMOUTH & SOUTHSEA,,3,0
PORTSMOUTH HARBOUR - WOKING (6),2,PORTSMOUTH & SOUTHSEA,FRATTON PORTSMOUTH,,3,2
PORTSMOUTH HARBOUR - WOKING (6),3,FRATTON PORTSMOUTH,HILSEA PORTSMOUTH,,4,1
PORTSMOUTH HARBOUR - WOKING (6),4,HILSEA PORTSMOUTH,COSHAM,,5,0
PORTSMOUTH HARBOUR - WOKING (6),5,COSHAM,PORTCHESTER,,4,1
PORTSMOUTH HARBOUR - WOKING (6),6,PORTCHESTER,FAREHAM,,6,0
PORTSMOUTH HARBOUR - WOKING (6),7,FAREHAM,BOTLEY,,8,1
PORTSMOUTH HARBOUR - WOKING (6),8,BOTLEY,HEDGE END,,4,0
PORTSMOUTH HARBOUR - WOKING (6),9,HEDGE END,EASTLEIGH,,6,1
PORTSMOUTH HARBOUR - WOKING (6),10,EASTLEIGH,SHAWFORD,,6,1
PORTSMOUTH HARBOUR - WOKING (6),11,SHAWFORD,WINCHESTER,,5,0
PORTSMOUTH HARBOUR - WOKING (6),12,WINCHESTER,MICHELDEVER,,9,1
PORTSMOUTH HARBOUR - WOKING (6),13,MICHELDEVER,BASINGSTOKE,,13,0
PORTSMOUTH HARBOUR - WOKING (6),14,BASINGSTOKE,HOOK,,7,4
PORTSMOUTH HARBOUR - WOKING (6),15,HOOK,WINCHFIELD,,4,0
PORTSMOUTH HARBOUR - WOKING (6),16,WINCHFIELD,FLEET,,5,0
PORTSMOUTH HARBOUR - WOKING (6),17,FLEET,FARNBOROUGH (MAIN),,5,1
PORTSMOUTH HARBOUR - WOKING (6),18,FARNBOROUGH (MAIN),BROOKWOOD,,7,0
PORTSMOUTH HARBOUR - WOKING (6),19,BROOKWOOD,WOKING,,5,0
SURBITON - PORTSMOUTH HARBOUR (2),1,SURBITON,WALTON-ON-THAMES,,7,1
SURBITON - PORTSMOUTH HARBOUR (2),2,WALTON-ON-THAMES,WEYBRIDGE,,4,0
SURBITON - PORTSMOUTH HARBOUR (2),3,WEYBRIDGE,WOKING,,7,0
SURBITON - PORTSMOUTH HARBOUR (2),4,WOKING,BROOKWOOD,,6,1
SURBITON - PORTSMOUTH HARBOUR (2),5,BROOKWOOD,FARNBOROUGH (MAIN),,7,0
SURBITON - PORTSMOUTH HARBOUR (2),6,FARNBOROUGH (MAIN),FLEET,,5,1
SURBITON - PORTSMOUTH HARBOUR (2),7,FLEET,WINCHFIELD,,5,0
SURBITON - PORTSMOUTH HARBOUR (2),8,WINCHFIELD,HOOK,,4,1
SURBITON - PORTSMOUTH HARBOUR (2),9,HOOK,BASINGSTOKE,,8,0
SURBITON - PORTSMOUTH HARBOUR (2),10,BASINGSTOKE,WINCHESTER,,16,3
SURBITON - PORTSMOUTH HARBOUR (2),11,WINCHESTER,EASTLEIGH,,8,1
SURBITON - PORTSMOUTH HARBOUR (2),12,EASTLEIGH,HEDGE END,,7,0
SURBITON - PORTSMOUTH HARBOUR (2),13,HEDGE END,BOTLEY,,3,0
SURBITON - PORTSMOUTH HARBOUR (2),14,BOTLEY,FAREHAM,,13,1
SURBITON - PORTSMOUTH HARBOUR (2),15,FAREHAM,PORTCHESTER,,6,0
SURBITON - PORTSMOUTH HARBOUR (2),16,PORTCHESTER,COSHAM,,4,0
SURBITON - PORTSMOUTH HARBOUR (2),17,COSHAM,FRATTON PORTSMOUTH,,9,1
SURBITON - PORTSMOUTH HARBOUR (2),18,FRATTON PORTSMOUTH,PORTSMOUTH & SOUTHSEA,,3,1
SURBITON - PORTSMOUTH HARBOUR (2),19,PORTSMOUTH & SOUTHSEA,PORTSMOUTH HARBOUR,,8,1
PORTSMOUTH HARBOUR - SURBITON (2),1,PORTSMOUTH HARBOUR,PORTSMOUTH & SOUTHSEA,,3,0
PORTSMOUTH HARBOUR - SURBITON (2),2,PORTSMOUTH & SOUTHSEA,FRATTON PORTSMOUTH,,3,2
PORTSMOUTH HARBOUR - SURBITON (2),3,FRATTON PORTSMOUTH,HILSEA PORTSMOUTH,,4,1
PORTSMOUTH HARBOUR - SURBITON (2),4,HILSEA PORTSMOUTH,COSHAM,,5,0
PORTSMOUTH HARBOUR - SURBITON (2),5,COSHAM,PORTCHESTER,,5,0
PORTSMOUTH HARBOUR - SURBITON (2),6,PORTCHESTER,FAREHAM,,7,0
PORTSMOUTH HARBOUR - SURBITON (2),7,FAREHAM,BOTLEY,,7,1
PORTSMOUTH HARBOUR - SURBITON (2),8,BOTLEY,HEDGE END,,4,0
PORTSMOUTH HARBOUR - SURBITON (2),9,HEDGE END,EASTLEIGH,,6,1
PORTSMOUTH HARBOUR - SURBITON (2),10,EASTLEIGH,SHAWFORD,,6,1
PORTSMOUTH HARBOUR - SURBITON (2),11,SHAWFORD,WINCHESTER,,5,0
PORTSMOUTH HARBOUR - SURBITON (2),12,WINCHESTER,MICHELDEVER,,11,1
PORTSMOUTH HARBOUR - SURBITON (2),13,MICHELDEVER,BASINGSTOKE,,14,0
PORTSMOUTH HARBOUR - SURBITON (2),14,BASINGSTOKE,HOOK,,7,2
PORTSMOUTH HARBOUR - SURBITON (2),15,HOOK,WINCHFIELD,,4,0
PORTSMOUTH HARBOUR - SURBITON (2),16,WINCHFIELD,FLEET,,5,0
PORTSMOUTH HARBOUR - SURBITON (2),17,FLEET,FARNBOROUGH (MAIN),,5,0
PORTSMOUTH HARBOUR - SURBITON (2),18,FARNBOROUGH (MAIN),BROOKWOOD,,7,1
PORTSMOUTH HARBOUR - SURBITON (2),19,BROOKWOOD,WOKING,,5,0
PORTSMOUTH HARBOUR - SURBITON (2),20,WOKING,WEYBRIDGE,,6,1
PORTSMOUTH HARBOUR - SURBITON (2),21,WEYBRIDGE,WALTON-ON-THAMES,,3,1
PORTSMOUTH HARBOUR - SURBITON (2),22,WALTON-ON-THAMES,SURBITON,,6,1
PORTSMOUTH HARBOUR - SURBITON (3),1,PORTSMOUTH HARBOUR,PORTSMOUTH & SOUTHSEA,,3,0
PORTSMOUTH HARBOUR - SURBITON (3),2,PORTSMOUTH & SOUTHSEA,FRATTON PORTSMOUTH,,3,2
PORTSMOUTH HARBOUR - SURBITON (3),3,FRATTON PORTSMOUTH,HILSEA PORTSMOUTH,,4,1
PORTSMOUTH HARBOUR - SURBITON (3),4,HILSEA PORTSMOUTH,COSHAM,,5,0
PORTSMOUTH HARBOUR - SURBITON (3),5,COSHAM,PORTCHESTER,,5,0
PORTSMOUTH HARBOUR - SURBITON (3),6,PORTCHESTER,FAREHAM,,5,0
PORTSMOUTH HARBOUR - SURBITON (3),7,FAREHAM,BOTLEY,,7,1
PORTSMOUTH HARBOUR - SURBITON (3),8,BOTLEY,HEDGE END,,4,0
PORTSMOUTH HARBOUR - SURBITON (3),9,HEDGE END,EASTLEIGH,,8,1
PORTSMOUTH HARBOUR - SURBITON (3),10,EASTLEIGH,WINCHESTER,,8,1
PORTSMOUTH HARBOUR - SURBITON (3),11,WINCHESTER,MICHELDEVER,,9,1
PORTSMOUTH HARBOUR - SURBITON (3),12,MICHELDEVER,BASINGSTOKE,,12,0
PORTSMOUTH HARBOUR - SURBITON (3),13,BASINGSTOKE,HOOK,,7,9
PORTSMOUTH HARBOUR - SURBITON (3),14,HOOK,WINCHFIELD,,4,0
PORTSMOUTH HARBOUR - SURBITON (3),15,WINCHFIELD,FLEET,,5,0
PORTSMOUTH HARBOUR - SURBITON (3),16,FLEET,FARNBOROUGH (MAIN),,5,0
PORTSMOUTH HARBOUR - SURBITON (3),17,FARNBOROUGH (MAIN),BROOKWOOD,,7,1
PORTSMOUTH HARBOUR - SURBITON (3),18,BROOKWOOD,WOKING,,5,0
PORTSMOUTH HARBOUR - SURBITON (3),19,WOKING,WEYBRIDGE,,6,1
PORTSMOUTH HARBOUR - SURBITON (3),20,WEYBRIDGE,WALTON-ON-THAMES,,3,1
PORTSMOUTH HARBOUR - SURBITON (3),21,WALTON-ON-THAMES,SURBITON,,6,1
WEYMOUTH - WOKING (9),1,WEYMOUTH,UPWEY,,4,0
WEYMOUTH - WOKING (9),2,UPWEY,DORCHESTER SOUTH,,7,0
WEYMOUTH - WOKING (9),3,DORCHESTER SOUTH,MORETON (DORSET),,7,1
WEYMOUTH - WOKING (9),4,MORETON (DORSET),WOOL,,5,0
WEYMOUTH - WOKING (9),5,WOOL,WAREHAM,,6,1
WEYMOUTH - WOKING (9),6,WAREHAM,HAMWORTHY,,6,1
WEYMOUTH - WOKING (9),7,HAMWORTHY,POOLE,,4,1
WEYMOUTH - WOKING (9),8,POOLE,PARKSTONE,,4,1
WEYMOUTH - WOKING (9),9,PARKSTONE,BRANKSOME,,4,0
WEYMOUTH - WOKING (9),10,BRANKSOME,BOURNEMOUTH,,6,0
WEYMOUTH - WOKING (9),11,BOURNEMOUTH,POKESDOWN,,4,14
WEYMOUTH - WOKING (9),12,POKESDOWN,CHRISTCHURCH,,3,0
WEYMOUTH - WOKING (9),13,CHRISTCHURCH,HINTON ADMIRAL,,5,1
WEYMOUTH - WOKING (9),14,HINTON ADMIRAL,NEW MILTON,,4,0
WEYMOUTH - WOKING (9),15,NEW MILTON,SWAY,,5,0
WEYMOUTH - WOKING (9),16,SWAY,BROCKENHURST,,4,0
WEYMOUTH - WOKING (9),17,BROCKENHURST,ASHURST NEW FOREST,,8,1
WEYMOUTH - WOKING (9),18,ASHURST NEW FOREST,TOTTON,,4,0
WEYMOUTH - WOKING (9),19,TOTTON,SOUTHAMPTON CENTRAL,,5,1
WEYMOUTH - WOKING (9),20,SOUTHAMPTON CENTRAL,SOUTHAMPTON AIRPORT (PARKWAY),,7,3
WEYMOUTH - WOKING (9),21,SOUTHAMPTON AIRPORT (PARKWAY),EASTLEIGH,,3,1
WEYMOUTH - WOKING (9),22,EASTLEIGH,SHAWFORD,,6,1
WEYMOUTH - WOKING (9),23,SHAWFORD,WINCHESTER,,5,0
WEYMOUTH - WOKING (9),24,WINCHESTER,MICHELDEVER,,9,1
WEYMOUTH - WOKING (9),25,MICHELDEVER,BASINGSTOKE,,10,0
WEYMOUTH - WOKING (9),26,BASINGSTOKE,HOOK,,7,1
WEYMOUTH - WOKING (9),27,HOOK,WINCHFIELD,,4,0
WEYMOUTH - WOKING (9),28,WINCHFIELD,FLEET,,5,1
WEYMOUTH - WOKING (9),29,FLEET,FARNBOROUGH (MAIN),,5,0
WEYMOUTH - WOKING (9),30,FARNBOROUGH (MAIN),BROOKWOOD,,7,0
WEYMOUTH - WOKING (9),31,BROOKWOOD,WOKING,,7,0
SOUTHAMPTON CENTRAL - WOKING (3),1,SOUTHAMPTON CENTRAL,SOUTHAMPTON AIRPORT (PARKWAY),,7,0
SOUTHAMPTON CENTRAL - WOKING (3),2,SOUTHAMPTON AIRPORT (PARKWAY),EASTLEIGH,,3,1
SOUTHAMPTON CENTRAL - WOKING (3),3,EASTLEIGH,WINCHESTER,,10,1
SOUTHAMPTON CENTRAL - WOKING (3),4,WINCHESTER,BASINGSTOKE,,18,2
SOUTHAMPTON CENTRAL - WOKING (3),5,BASINGSTOKE,WOKING,,18,2
BASINGSTOKE - POOLE,1,BASINGSTOKE,WINCHESTER,,15,2
BASINGSTOKE - POOLE,2,WINCHESTER,SOUTHAMPTON AIRPORT (PARKWAY),,8,1
BASINGSTOKE - POOLE,3,SOUTHAMPTON AIRPORT (PARKWAY),SOUTHAMPTON CENTRAL,,7,1
BASINGSTOKE - POOLE,4,SOUTHAMPTON CENTRAL,TOTTON,,5,3
BASINGSTOKE - POOLE,5,TOTTON,ASHURST NEW FOREST,,5,0
BASINGSTOKE - POOLE,6,ASHURST NEW FOREST,BROCKENHURST,,8,0
BASINGSTOKE - POOLE,7,BROCKENHURST,SWAY,,4,1
BASINGSTOKE - POOLE,8,SWAY,NEW MILTON,,4,1
BASINGSTOKE - POOLE,9,NEW MILTON,HINTON ADMIRAL,,4,1
BASINGSTOKE - POOLE,10,HINTON ADMIRAL,CHRISTCHURCH,,5,0
BASINGSTOKE - POOLE,11,CHRISTCHURCH,POKESDOWN,,4,0
BASINGSTOKE - POOLE,12,POKESDOWN,BOURNEMOUTH,,4,0
BASINGSTOKE - POOLE,13,BOURNEMOUTH,BRANKSOME,,5,2
BASINGSTOKE - POOLE,14,BRANKSOME,PARKSTONE,,3,0
BASINGSTOKE - POOLE,15,PARKSTONE,POOLE,,5,1
WOKING - POOLE (8),1,WOKING,BASINGSTOKE,,19,1
WOKING - POOLE (8),2,BASINGSTOKE,MICHELDEVER,,10,1
WOKING - POOLE (8),3,MICHELDEVER,WINCHESTER,,8,0
WOKING - POOLE (8),4,WINCHESTER,SHAWFORD,,5,1
WOKING - POOLE (8),5,SHAWFORD,EASTLEIGH,,6,0
WOKING - POOLE (8),6,EASTLEIGH,SOUTHAMPTON AIRPORT (PARKWAY),,4,0
WOKING - POOLE (8),7,SOUTHAMPTON AIRPORT (PARKWAY),ST DENYS,,4,0
WOKING - POOLE (8),8,ST DENYS,SOUTHAMPTON CENTRAL,,4,1
WOKING - POOLE (8),9,SOUTHAMPTON CENTRAL,TOTTON,,5,2
WOKING - POOLE (8),10,TOTTON,BROCKENHURST,,10,1
WOKING - POOLE (8),11,BROCKENHURST,NEW MILTON,,6,1
WOKING - POOLE (8),12,NEW MILTON,CHRISTCHURCH,,6,1
WOKING - POOLE (8),13,CHRISTCHURCH,POKESDOWN,,3,1
WOKING - POOLE (8),14,POKESDOWN,BOURNEMOUTH,,3,1
WOKING - POOLE (8),15,BOURNEMOUTH,BRANKSOME,,5,2
WOKING - POOLE (8),16,BRANKSOME,PARKSTONE,,3,0
WOKING - POOLE (8),17,PARKSTONE,POOLE,,3,0
POOLE - WOKING (7),1,POOLE,PARKSTONE,,4,0
POOLE - WOKING (7),2,PARKSTONE,BRANKSOME,,3,0
POOLE - WOKING (7),3,BRANKSOME,BOURNEMOUTH,,6,1
POOLE - WOKING (7),4,BOURNEMOUTH,BROCKENHURST,,14,5
POOLE - WOKING (7),5,BROCKENHURST,SOUTHAMPTON CENTRAL,,14,1
POOLE - WOKING (7),6,SOUTHAMPTON CENTRAL,SOUTHAMPTON AIRPORT (PARKWAY),,7,2
POOLE - WOKING (7),7,SOUTHAMPTON AIRPORT (PARKWAY),WINCHESTER,,9,1
POOLE - WOKING (7),8,WINCHESTER,WOKING,,31,1
BASINGSTOKE - WEYMOUTH (6),1,BASINGSTOKE,WINCHESTER,,16,1
BASINGSTOKE - WEYMOUTH (6),2,WINCHESTER,SOUTHAMPTON AIRPORT (PARKWAY),,8,1
BASINGSTOKE - WEYMOUTH (6),3,SOUTHAMPTON AIRPORT (PARKWAY),SOUTHAMPTON CENTRAL,,7,1
BASINGSTOKE - WEYMOUTH (6),4,SOUTHAMPTON CENTRAL,BROCKENHURST,,13,3
BASINGSTOKE - WEYMOUTH (6),5,BROCKENHURST,NEW MILTON,,7,1
BASINGSTOKE - WEYMOUTH (6),6,NEW MILTON,CHRISTCHURCH,,7,0
BASINGSTOKE - WEYMOUTH (6),7,CHRISTCHURCH,POKESDOWN,,4,0
BASINGSTOKE - WEYMOUTH (6),8,POKESDOWN,BOURNEMOUTH,,4,0
BASINGSTOKE - WEYMOUTH (6),9,BOURNEMOUTH,POOLE,,10,4
BASINGSTOKE - WEYMOUTH (6),10,POOLE,HAMWORTHY,,4,1
BASINGSTOKE - WEYMOUTH (6),11,HAMWORTHY,WAREHAM,,6,1
BASINGSTOKE - WEYMOUTH (6),12,WAREHAM,WOOL,,6,1
BASINGSTOKE - WEYMOUTH (6),13,WOOL,MORETON (DORSET),,6,0
BASINGSTOKE - WEYMOUTH (6),14,MORETON (DORSET),DORCHESTER SOUTH,,7,4
BASINGSTOKE - WEYMOUTH (6),15,DORCHESTER SOUTH,UPWEY,,7,1
BASINGSTOKE - WEYMOUTH (6),16,UPWEY,WEYMOUTH,,4,0
WOKING - WEYMOUTH (9),1,WOKING,BASINGSTOKE,,19,1
WOKING - WEYMOUTH (9),2,BASINGSTOKE,WINCHESTER,,15,2
WOKING - WEYMOUTH (9),3,WINCHESTER,EASTLEIGH,,8,1
WOKING - WEYMOUTH (9),4,EASTLEIGH,SOUTHAMPTON AIRPORT (PARKWAY),,4,1
WOKING - WEYMOUTH (9),5,SOUTHAMPTON AIRPORT (PARKWAY),SOUTHAMPTON CENTRAL,,7,1
WOKING - WEYMOUTH (9),6,SOUTHAMPTON CENTRAL,TOTTON,,5,5
WOKING - WEYMOUTH (9),7,TOTTON,BROCKENHURST,,11,0
WOKING - WEYMOUTH (9),8,BROCKENHURST,SWAY,,4,1
WOKING - WEYMOUTH (9),9,SWAY,NEW MILTON,,5,0
WOKING - WEYMOUTH (9),10,NEW MILTON,HINTON ADMIRAL,,4,0
WOKING - WEYMOUTH (9),11,HINTON ADMIRAL,CHRISTCHURCH,,5,0
WOKING - WEYMOUTH (9),12,CHRISTCHURCH,POKESDOWN,,4,0
WOKING - WEYMOUTH (9),13,POKESDOWN,BOURNEMOUTH,,4,0
WOKING - WEYMOUTH (9),14,BOURNEMOUTH,BRANKSOME,,5,1
WOKING - WEYMOUTH (9),15,BRANKSOME,PARKSTONE,,3,0
WOKING - WEYMOUTH (9),16,PARKSTONE,POOLE,,4,0
WOKING - WEYMOUTH (9),17,POOLE,HAMWORTHY,,4,1
WOKING - WEYMOUTH (9),18,HAMWORTHY,WAREHAM,,6,1
WOKING - WEYMOUTH (9),19,WAREHAM,WOOL,,6,1
WOKING - WEYMOUTH (9),20,WOOL,MORETON (DORSET),,6,0
WOKING - WEYMOUTH (9),21,MORETON (DORSET),DORCHESTER SOUTH,,7,0
WOKING - WEYMOUTH (9),22,DORCHESTER SOUTH,UPWEY,,7,1
WOKING - WEYMOUTH (9),23,UPWEY,WEYMOUTH,,4,0
SOUTHAMPTON CENTRAL - BASINGSTOKE,1,SOUTHAMPTON CENTRAL,SOUTHAMPTON AIRPORT (PARKWAY),,7,0
SOUTHAMPTON CENTRAL - BASINGSTOKE,2,SOUTHAMPTON AIRPORT (PARKWAY),EASTLEIGH,,3,1
SOUTHAMPTON CENTRAL - BASINGSTOKE,3,EASTLEIGH,SHAWFORD,,5,2
SOUTHAMPTON CENTRAL - BASINGSTOKE,4,SHAWFORD,WINCHESTER,,5,0
SOUTHAMPTON CENTRAL - BASINGSTOKE,5,WINCHESTER,BASINGSTOKE,,16,2
WOKING - SOUTHAMPTON CENTRAL (4),1,WOKING,FARNBOROUGH (MAIN),,11,2
WOKING - SOUTHAMPTON CENTRAL (4),2,FARNBOROUGH (MAIN),FLEET,,5,0
WOKING - SOUTHAMPTON CENTRAL (4),3,FLEET,BASINGSTOKE,,13,1
WOKING - SOUTHAMPTON CENTRAL (4),4,BASINGSTOKE,WINCHESTER,,15,2
WOKING - SOUTHAMPTON CENTRAL (4),5,WINCHESTER,EASTLEIGH,,8,1
WOKING - SOUTHAMPTON CENTRAL (4),6,EASTLEIGH,SOUTHAMPTON AIRPORT (PARKWAY),,4,1
WOKING - SOUTHAMPTON CENTRAL (4),7,SOUTHAMPTON AIRPORT (PARKWAY),SOUTHAMPTON CENTRAL,,7,1
POOLE - SURBITON,1,POOLE,PARKSTONE,,4,0
POOLE - SURBITON,2,PARKSTONE,BRANKSOME,,3,0
POOLE - SURBITON,3,BRANKSOME,BOURNEMOUTH,,6,0
POOLE - SURBITON,4,BOURNEMOUTH,POKESDOWN,,4,5
POOLE - SURBITON,5,POKESDOWN,CHRISTCHURCH,,3,0
POOLE - SURBITON,6,CHRISTCHURCH,HINTON ADMIRAL,,5,1
POOLE - SURBITON,7,HINTON ADMIRAL,NEW MILTON,,4,0
POOLE - SURBITON,8,NEW MILTON,SWAY,,5,0
POOLE - SURBITON,9,SWAY,BROCKENHURST,,4,0
POOLE - SURBITON,10,BROCKENHURST,ASHURST NEW FOREST,,8,1
POOLE - SURBITON,11,ASHURST NEW FOREST,TOTTON,,4,0
POOLE - SURBITON,12,TOTTON,SOUTHAMPTON CENTRAL,,5,1
POOLE - SURBITON,13,SOUTHAMPTON CENTRAL,SOUTHAMPTON AIRPORT (PARKWAY),,7,3
POOLE - SURBITON,14,SOUTHAMPTON AIRPORT (PARKWAY),EASTLEIGH,,3,1
POOLE - SURBITON,15,EASTLEIGH,SHAWFORD,,6,2
POOLE - SURBITON,16,SHAWFORD,WINCHESTER,,5,0
POOLE - SURBITON,17,WINCHESTER,MICHELDEVER,,8,1
POOLE - SURBITON,18,MICHELDEVER,BASINGSTOKE,,10,0
POOLE - SURBITON,19,BASINGSTOKE,HOOK,,7,1
POOLE - SURBITON,20,HOOK,WINCHFIELD,,4,0
POOLE - SURBITON,21,WINCHFIELD,FLEET,,6,0
POOLE - SURBITON,22,FLEET,FARNBOROUGH (MAIN),,5,0
POOLE - SURBITON,23,FARNBOROUGH (MAIN),BROOKWOOD,,7,0
POOLE - SURBITON,24,BROOKWOOD,WOKING,,5,0
POOLE - SURBITON,25,WOKING,WEST BYFLEET,,4,2
POOLE - SURBITON,26,WEST BYFLEET,WEYBRIDGE,,4,1
POOLE - SURBITON,27,WEYBRIDGE,WALTON-ON-THAMES,,4,0
POOLE - SURBITON,28,WALTON-ON-THAMES,SURBITON,,6,0
FARNBOROUGH (MAIN) - BASINGSTOKE,1,FARNBOROUGH (MAIN),FLEET,,5,0
FARNBOROUGH (MAIN) - BASINGSTOKE,2,FLEET,WINCHFIELD,,5,0
FARNBOROUGH (MAIN) - BASINGSTOKE,3,WINCHFIELD,HOOK,,4,1
FARNBOROUGH (MAIN) - BASINGSTOKE,4,HOOK,BASINGSTOKE,,10,0
FARNBOROUGH (MAIN) - PORTSMOUTH HARBOUR,1,FARNBOROUGH (MAIN),FLEET,,5,0
FARNBOROUGH (MAIN) - PORTSMOUTH HARBOUR,2,FLEET,WINCHFIELD,,5,0
FARNBOROUGH (MAIN) - PORTSMOUTH HARBOUR,3,WINCHFIELD,HOOK,,4,1
FARNBOROUGH (MAIN) - PORTSMOUTH HARBOUR,4,HOOK,BASINGSTOKE,,7,0
FARNBOROUGH (MAIN) - PORTSMOUTH HARBOUR,5,BASINGSTOKE,MICHELDEVER,,10,2
FARNBOROUGH (MAIN) - PORTSMOUTH HARBOUR,6,MICHELDEVER,WINCHESTER,,8,0
FARNBOROUGH (MAIN) - PORTSMOUTH HARBOUR,7,WINCHESTER,SHAWFORD,,5,1
FARNBOROUGH (MAIN) - PORTSMOUTH HARBOUR,8,SHAWFORD,EASTLEIGH,,5,0
FARNBOROUGH (MAIN) - PORTSMOUTH HARBOUR,9,EASTLEIGH,HEDGE END,,6,1
FARNBOROUGH (MAIN) - PORTSMOUTH HARBOUR,10,HEDGE END,BOTLEY,,4,0
FARNBOROUGH (MAIN) - PORTSMOUTH HARBOUR,11,BOTLEY,FAREHAM,,8,0
FARNBOROUGH (MAIN) - PORTSMOUTH HARBOUR,12,FAREHAM,PORTCHESTER,,5,1
FARNBOROUGH (MAIN) - PORTSMOUTH HARBOUR,13,PORTCHESTER,COSHAM,,5,0
FARNBOROUGH (MAIN) - PORTSMOUTH HARBOUR,14,COSHAM,HILSEA PORTSMOUTH,,5,0
FARNBOROUGH (MAIN) - PORTSMOUTH HARBOUR,15,HILSEA PORTSMOUTH,FRATTON PORTSMOUTH,,4,0
FARNBOROUGH (MAIN) - PORTSMOUTH HARBOUR,16,FRATTON PORTSMOUTH,PORTSMOUTH & SOUTHSEA,,3,1
FARNBOROUGH (MAIN) - PORTSMOUTH HARBOUR,17,PORTSMOUTH & SOUTHSEA,PORTSMOUTH HARBOUR,,4,1
WOKING - POOLE (9),1,WOKING,BASINGSTOKE,,18,2
WOKING - POOLE (9),2,BASINGSTOKE,WINCHESTER,,16,1
WOKING - POOLE (9),3,WINCHESTER,SOUTHAMPTON AIRPORT (PARKWAY),,8,1
WOKING - POOLE (9),4,SOUTHAMPTON AIRPORT (PARKWAY),SOUTHAMPTON CENTRAL,,7,1
WOKING - POOLE (9),5,SOUTHAMPTON CENTRAL,BROCKENHURST,,14,1
WOKING - POOLE (9),6,BROCKENHURST,NEW MILTON,,6,1
WOKING - POOLE (9),7,NEW MILTON,CHRISTCHURCH,,6,1
WOKING - POOLE (9),8,CHRISTCHURCH,POKESDOWN,,3,1
WOKING - POOLE (9),9,POKESDOWN,BOURNEMOUTH,,4,1
WOKING - POOLE (9),10,BOURNEMOUTH,BRANKSOME,,5,1
WOKING - POOLE (9),11,BRANKSOME,PARKSTONE,,3,0
WOKING - POOLE (9),12,PARKSTONE,POOLE,,4,0
YEOVIL JUNCTION - WOKING (2),1,YEOVIL JUNCTION,SHERBORNE,,6,0
YEOVIL JUNCTION - WOKING (2),2,SHERBORNE,TEMPLECOMBE,,8,0
YEOVIL JUNCTION - WOKING (2),3,TEMPLECOMBE,GILLINGHAM (DORSET),,7,0
YEOVIL JUNCTION - WOKING (2),4,GILLINGHAM (DORSET),TISBURY,,10,3
YEOVIL JUNCTION - WOKING (2),5,TISBURY,SALISBURY,,15,0
YEOVIL JUNCTION - WOKING (2),6,SALISBURY,GRATELEY,,12,5
YEOVIL JUNCTION - WOKING (2),7,GRATELEY,ANDOVER,,6,0
YEOVIL JUNCTION - WOKING (2),8,ANDOVER,WHITCHURCH (HAMPSHIRE),,8,1
YEOVIL JUNCTION - WOKING (2),9,WHITCHURCH (HAMPSHIRE),OVERTON,,6,0
YEOVIL JUNCTION - WOKING (2),10,OVERTON,BASINGSTOKE,,9,0
YEOVIL JUNCTION - WOKING (2),11,BASINGSTOKE,WOKING,,18,1
WOKING - HONITON,1,WOKING,BASINGSTOKE,,20,1
WOKING - HONITON,2,BASINGSTOKE,ANDOVER,,16,2
WOKING - HONITON,3,ANDOVER,SALISBURY,,17,2
WOKING - HONITON,4,SALISBURY,TISBURY,,19,5
WOKING - HONITON,5,TISBURY,GILLINGHAM (DORSET),,10,0
WOKING - HONITON,6,GILLINGHAM (DORSET),TEMPLECOMBE,,7,1
WOKING - HONITON,7,TEMPLECOMBE,SHERBORNE,,7,0
WOKING - HONITON,8,SHERBORNE,YEOVIL JUNCTION,,5,1
WOKING - HONITON,9,YEOVIL JUNCTION,CREWKERNE,,9,1
WOKING - HONITON,10,CREWKERNE,AXMINSTER,,13,1
WOKING - HONITON,11,AXMINSTER,HONITON,,12,1
WOKING - FROME,1,WOKING,BASINGSTOKE,,19,1
WOKING - FROME,2,BASINGSTOKE,OVERTON,,8,3
WOKING - FROME,3,OVERTON,WHITCHURCH (HAMPSHIRE),,5,0
WOKING - FROME,4,WHITCHURCH (HAMPSHIRE),ANDOVER,,8,0
WOKING - FROME,5,ANDOVER,GRATELEY,,7,1
WOKING - FROME,6,GRATELEY,SALISBURY,,13,0
WOKING - FROME,7,SALISBURY,WARMINSTER,,20,4
WOKING - FROME,8,WARMINSTER,WESTBURY WILTS,,8,1
WOKING - FROME,9,WESTBURY WILTS,FROME,,11,4
WEYMOUTH - BASINGSTOKE (2),1,WEYMOUTH,UPWEY,,4,0
WEYMOUTH - BASINGSTOKE (2),2,UPWEY,DORCHESTER SOUTH,,7,0
WEYMOUTH - BASINGSTOKE (2),3,DORCHESTER SOUTH,MORETON (DORSET),,7,1
WEYMOUTH - BASINGSTOKE (2),4,MORETON (DORSET),WOOL,,5,0
WEYMOUTH - BASINGSTOKE (2),5,WOOL,WAREHAM,,6,1
WEYMOUTH - BASINGSTOKE (2),6,WAREHAM,HOLTON HEATH,,4,1
WEYMOUTH - BASINGSTOKE (2),7,HOLTON HEATH,HAMWORTHY,,4,0
WEYMOUTH - BASINGSTOKE (2),8,HAMWORTHY,POOLE,,4,1
WEYMOUTH - BASINGSTOKE (2),9,POOLE,PARKSTONE,,4,1
WEYMOUTH - BASINGSTOKE (2),10,PARKSTONE,BRANKSOME,,4,0
WEYMOUTH - BASINGSTOKE (2),11,BRANKSOME,BOURNEMOUTH,,6,0
WEYMOUTH - BASINGSTOKE (2),12,BOURNEMOUTH,POKESDOWN,,4,5
WEYMOUTH - BASINGSTOKE (2),13,POKESDOWN,CHRISTCHURCH,,3,0
WEYMOUTH - BASINGSTOKE (2),14,CHRISTCHURCH,NEW MILTON,,6,1
WEYMOUTH - BASINGSTOKE (2),15,NEW MILTON,BROCKENHURST,,6,1
WEYMOUTH - BASINGSTOKE (2),16,BROCKENHURST,SOUTHAMPTON CENTRAL,,14,1
WEYMOUTH - BASINGSTOKE (2),17,SOUTHAMPTON CENTRAL,SOUTHAMPTON AIRPORT (PARKWAY),,7,2
WEYMOUTH - BASINGSTOKE (2),18,SOUTHAMPTON AIRPORT (PARKWAY),WINCHESTER,,9,1
WEYMOUTH - BASINGSTOKE (2),19,WINCHESTER,BASINGSTOKE,,16,1
WEYMOUTH - WOKING (10),1,WEYMOUTH,UPWEY,,4,0
WEYMOUTH - WOKING (10),2,UPWEY,DORCHESTER SOUTH,,7,0
WEYMOUTH - WOKING (10),3,DORCHESTER SOUTH,MORETON (DORSET),,6,2
WEYMOUTH - WOKING (10),4,MORETON (DORSET),WOOL,,6,0
WEYMOUTH - WOKING (10),5,WOOL,WAREHAM,,7,0
WEYMOUTH - WOKING (10),6,WAREHAM,HAMWORTHY,,6,1
WEYMOUTH - WOKING (10),7,HAMWORTHY,POOLE,,5,0
WEYMOUTH - WOKING (10),8,POOLE,PARKSTONE,,4,1
WEYMOUTH - WOKING (10),9,PARKSTONE,BRANKSOME,,3,0
WEYMOUTH - WOKING (10),10,BRANKSOME,BOURNEMOUTH,,6,0
WEYMOUTH - WOKING (10),11,BOURNEMOUTH,BROCKENHURST,,14,4
WEYMOUTH - WOKING (10),12,BROCKENHURST,SOUTHAMPTON CENTRAL,,14,1
WEYMOUTH - WOKING (10),13,SOUTHAMPTON CENTRAL,SOUTHAMPTON AIRPORT (PARKWAY),,7,2
WEYMOUTH - WOKING (10),14,SOUTHAMPTON AIRPORT (PARKWAY),EASTLEIGH,,4,1
WEYMOUTH - WOKING (10),15,EASTLEIGH,WINCHESTER,,8,5
WEYMOUTH - WOKING (10),16,WINCHESTER,BASINGSTOKE,,19,1
WEYMOUTH - WOKING (10),17,BASINGSTOKE,WOKING,,19,1
SURBITON - WEYMOUTH,1,SURBITON,WOKING,,11,1
SURBITON - WEYMOUTH,2,WOKING,BASINGSTOKE,,19,1
SURBITON - WEYMOUTH,3,BASINGSTOKE,MICHELDEVER,,10,1
SURBITON - WEYMOUTH,4,MICHELDEVER,WINCHESTER,,8,0
SURBITON - WEYMOUTH,5,WINCHESTER,EASTLEIGH,,8,1
SURBITON - WEYMOUTH,6,EASTLEIGH,SOUTHAMPTON AIRPORT (PARKWAY),,3,1
SURBITON - WEYMOUTH,7,SOUTHAMPTON AIRPORT (PARKWAY),SOUTHAMPTON CENTRAL,,8,1
SURBITON - WEYMOUTH,8,SOUTHAMPTON CENTRAL,TOTTON,,5,2
SURBITON - WEYMOUTH,9,TOTTON,BROCKENHURST,,11,0
SURBITON - WEYMOUTH,10,BROCKENHURST,SWAY,,5,0
SURBITON - WEYMOUTH,11,SWAY,NEW MILTON,,4,0
SURBITON - WEYMOUTH,12,NEW MILTON,HINTON ADMIRAL,,4,1
SURBITON - WEYMOUTH,13,HINTON ADMIRAL,CHRISTCHURCH,,4,0
SURBITON - WEYMOUTH,14,CHRISTCHURCH,POKESDOWN,,3,1
SURBITON - WEYMOUTH,15,POKESDOWN,BOURNEMOUTH,,4,0
SURBITON - WEYMOUTH,16,BOURNEMOUTH,BRANKSOME,,5,2
SURBITON - WEYMOUTH,17,BRANKSOME,PARKSTONE,,3,0
SURBITON - WEYMOUTH,18,PARKSTONE,POOLE,,3,0
SURBITON - WEYMOUTH,19,POOLE,HAMWORTHY,,5,1
SURBITON - WEYMOUTH,20,HAMWORTHY,WAREHAM,,6,0
SURBITON - WEYMOUTH,21,WAREHAM,WOOL,,6,1
SURBITON - WEYMOUTH,22,WOOL,MORETON (DORSET),,6,0
SURBITON - WEYMOUTH,23,MORETON (DORSET),DORCHESTER SOUTH,,7,0
SURBITON - WEYMOUTH,24,DORCHESTER SOUTH,UPWEY,,7,1
SURBITON - WEYMOUTH,25,UPWEY,WEYMOUTH,,5,0
WEYMOUTH - WOKING (11),1,WEYMOUTH,DORCHESTER SOUTH,,9,0
WEYMOUTH - WOKING (11),2,DORCHESTER SOUTH,WOOL,,10,1
WEYMOUTH - WOKING (11),3,WOOL,WAREHAM,,6,1
WEYMOUTH - WOKING (11),4,WAREHAM,HOLTON HEATH,,4,1
WEYMOUTH - WOKING (11),5,HOLTON HEATH,HAMWORTHY,,4,0
WEYMOUTH - WOKING (11),6,HAMWORTHY,POOLE,,4,1
WEYMOUTH - WOKING (11),7,POOLE,PARKSTONE,,4,1
WEYMOUTH - WOKING (11),8,PARKSTONE,BRANKSOME,,4,0
WEYMOUTH - WOKING (11),9,BRANKSOME,BOURNEMOUTH,,6,0
WEYMOUTH - WOKING (11),10,BOURNEMOUTH,POKESDOWN,,4,4
WEYMOUTH - WOKING (11),11,POKESDOWN,CHRISTCHURCH,,3,0
WEYMOUTH - WOKING (11),12,CHRISTCHURCH,HINTON ADMIRAL,,5,1
WEYMOUTH - WOKING (11),13,HINTON ADMIRAL,NEW MILTON,,4,0
WEYMOUTH - WOKING (11),14,NEW MILTON,SWAY,,4,1
WEYMOUTH - WOKING (11),15,SWAY,BROCKENHURST,,4,1
WEYMOUTH - WOKING (11),16,BROCKENHURST,ASHURST NEW FOREST,,8,1
WEYMOUTH - WOKING (11),17,ASHURST NEW FOREST,TOTTON,,4,0
WEYMOUTH - WOKING (11),18,TOTTON,SOUTHAMPTON CENTRAL,,5,1
WEYMOUTH - WOKING (11),19,SOUTHAMPTON CENTRAL,SOUTHAMPTON AIRPORT (PARKWAY),,7,2
WEYMOUTH - WOKING (11),20,SOUTHAMPTON AIRPORT (PARKWAY),WINCHESTER,,9,1
WEYMOUTH - WOKING (11),21,WINCHESTER,WOKING,,34,1
WEYMOUTH - WOKING (12),1,WEYMOUTH,UPWEY,,4,0
WEYMOUTH - WOKING (12),2,UPWEY,DORCHESTER SOUTH,,7,0
WEYMOUTH - WOKING (12),3,DORCHESTER SOUTH,MORETON (DORSET),,7,1
WEYMOUTH - WOKING (12),4,MORETON (DORSET),WOOL,,5,0
WEYMOUTH - WOKING (12),5,WOOL,WAREHAM,,6,1
WEYMOUTH - WOKING (12),6,WAREHAM,HOLTON HEATH,,4,1
WEYMOUTH - WOKING (12),7,HOLTON HEATH,HAMWORTHY,,4,0
WEYMOUTH - WOKING (12),8,HAMWORTHY,POOLE,,4,1
WEYMOUTH - WOKING (12),9,POOLE,PARKSTONE,,4,1
WEYMOUTH - WOKING (12),10,PARKSTONE,BRANKSOME,,4,0
WEYMOUTH - WOKING (12),11,BRANKSOME,BOURNEMOUTH,,5,0
WEYMOUTH - WOKING (12),12,BOURNEMOUTH,BROCKENHURST,,14,5
WEYMOUTH - WOKING (12),13,BROCKENHURST,SOUTHAMPTON CENTRAL,,14,1
WEYMOUTH - WOKING (12),14,SOUTHAMPTON CENTRAL,SOUTHAMPTON AIRPORT (PARKWAY),,7,2
WEYMOUTH - WOKING (12),15,SOUTHAMPTON AIRPORT (PARKWAY),WINCHESTER,,9,1
WEYMOUTH - WOKING (12),16,WINCHESTER,WOKING,,32,1
WOKING - WEYMOUTH (10),1,WOKING,BASINGSTOKE,,19,2
WOKING - WEYMOUTH (10),2,BASINGSTOKE,WINCHESTER,,15,2
WOKING - WEYMOUTH (10),3,WINCHESTER,EASTLEIGH,,9,2
WOKING - WEYMOUTH (10),4,EASTLEIGH,SOUTHAMPTON AIRPORT (PARKWAY),,4,0
WOKING - WEYMOUTH (10),5,SOUTHAMPTON AIRPORT (PARKWAY),SOUTHAMPTON CENTRAL,,7,0
WOKING - WEYMOUTH (10),6,SOUTHAMPTON CENTRAL,BROCKENHURST,,14,2
WOKING - WEYMOUTH (10),7,BROCKENHURST,BOURNEMOUTH,,15,0
WOKING - WEYMOUTH (10),8,BOURNEMOUTH,BRANKSOME,,5,1
WOKING - WEYMOUTH (10),9,BRANKSOME,PARKSTONE,,3,0
WOKING - WEYMOUTH (10),10,PARKSTONE,POOLE,,4,0
WOKING - WEYMOUTH (10),11,POOLE,HAMWORTHY,,4,1
WOKING - WEYMOUTH (10),12,HAMWORTHY,WAREHAM,,6,1
WOKING - WEYMOUTH (10),13,WAREHAM,DORCHESTER SOUTH,,15,1
WOKING - WEYMOUTH (10),14,DORCHESTER SOUTH,WEYMOUTH,,9,1
FARNBOROUGH (MAIN) - GUILDFORD,1,FARNBOROUGH (MAIN),GUILDFORD,,35,0
FARNBOROUGH (MAIN) - WEYBRIDGE,1,FARNBOROUGH (MAIN),BROOKWOOD,,20,0
FARNBOROUGH (MAIN) - WEYBRIDGE,2,BROOKWOOD,WOKING,,15,0
FARNBOROUGH (MAIN) - WEYBRIDGE,3,WOKING,WEYBRIDGE,,25,5
FARNBOROUGH (MAIN) - BASINGSTOKE (2),1,FARNBOROUGH (MAIN),BASINGSTOKE,,13,0
