date,dep_time,route_variant,train_type,cars
01/01/2026,06:32,BIRMINGHAM_INTERNATIONA_WOLVERHAMPTON,Class_158,2
01/01/2026,06:24,RUGELEY_TRENT_VALLEY_BIRMINGHAM_INTERNATIONAL,Class_730,3
01/01/2026,05:49,RUGELEY_TRENT_VALLEY_BIRMINGHAM_INTERNATIONAL,Class_730,3
01/01/2026,23:06,FOUR_OAKS_REDDITCH,Class_730,6
01/01/2026,22:38,FOUR_OAKS_REDDITCH,Class_730,6
01/01/2026,22:09,FOUR_OAKS_REDDITCH,Class_730,6
01/01/2026,21:37,FOUR_OAKS_REDDITCH,Class_730,6
01/01/2026,21:13,FOUR_OAKS_REDDITCH,Class_730,6
01/01/2026,20:42,FOUR_OAKS_REDDITCH,Class_730,6
01/01/2026,20:16,FOUR_OAKS_REDDITCH,Class_730,6
01/01/2026,19:48,FOUR_OAKS_REDDITCH,Class_730,6
01/01/2026,19:08,FOUR_OAKS_REDDITCH,Class_730,6
01/01/2026,18:08,FOUR_OAKS_REDDITCH,Class_730,6
01/01/2026,17:28,FOUR_OAKS_REDDITCH,Class_730,6
01/01/2026,16:51,FOUR_OAKS_REDDITCH,Class_730,6
01/01/2026,16:14,FOUR_OAKS_REDDITCH,Class_730,6
01/01/2026,15:36,FOUR_OAKS_REDDITCH,Class_730,6
01/01/2026,15:11,FOUR_OAKS_REDDITCH,Class_730,6
01/01/2026,14:30,FOUR_OAKS_REDDITCH,Class_730,6
01/01/2026,14:01,FOUR_OAKS_REDDITCH,Class_730,6
01/01/2026,13:36,FOUR_OAKS_REDDITCH,Class_730,6
01/01/2026,12:58,FOUR_OAKS_REDDITCH,Class_730,6
01/01/2026,12:25,FOUR_OAKS_REDDITCH,Class_730,6
01/01/2026,11:46,FOUR_OAKS_REDDITCH,Class_730,6
01/01/2026,11:16,FOUR_OAKS_REDDITCH,Class_730,6
01/01/2026,10:52,FOUR_OAKS_REDDITCH,Class_730,6
01/01/2026,10:31,FOUR_OAKS_REDDITCH,Class_730,6
01/01/2026,10:05,FOUR_OAKS_REDDITCH,Class_730,6
01/01/2026,06:52,RUGELEY_TRENT_VALLEY_BIRMINGHAM_INTERNATIONAL,Class_730,3
01/01/2026,07:12,RUGELEY_TRENT_VALLEY_BIRMINGHAM_INTERNATIONAL,Class_730,3
01/01/2026,07:40,RUGELEY_TRENT_VALLEY_BIRMINGHAM_INTERNATIONAL,Class_730,3
01/01/2026,08:04,RUGELEY_TRENT_VALLEY_BIRMINGHAM_INTERNATIONAL,Class_730,3
01/01/2026,07:09,BIRMINGHAM_INTERNATIONAL_RUGELEY_TRENT_VALLEY,Class_730,3
01/01/2026,06:53,BIRMINGHAM_INTERNATIONAL_RUGELEY_TRENT_VALLEY,Class_730,3
01/01/2026,06:17,BIRMINGHAM_INTERNATIONAL_RUGELEY_TRENT_VALLEY,Class_730,3
01/01/2026,21:45,RUGELEY_TRENT_VALLEY_BIRMINGHAM_INTERNATIONAL,Class_730,3
01/01/2026,21:16,RUGELEY_TRENT_VALLEY_BIRMINGHAM_INTERNATIONAL,Class_730,3
01/01/2026,20:50,RUGELEY_TRENT_VALLEY_BIRMINGHAM_INTERNATIONAL,Class_730,3
01/01/2026,20:20,RUGELEY_TRENT_VALLEY_BIRMINGHAM_INTERNATIONAL,Class_730,3
01/01/2026,19:48,RUGELEY_TRENT_VALLEY_BIRMINGHAM_INTERNATIONAL,Class_730,3
01/01/2026,19:10,RUGELEY_TRENT_VALLEY_BIRMINGHAM_INTERNATIONAL,Class_730,3
01/01/2026,18:30,RUGELEY_TRENT_VALLEY_BIRMINGHAM_INTERNATIONAL,Class_730,3
01/01/2026,17:31,RUGELEY_TRENT_VALLEY_BIRMINGHAM_INTERNATIONAL,Class_730,3
01/01/2026,16:56,RUGELEY_TRENT_VALLEY_BIRMINGHAM_INTERNATIONAL,Class_730,3
01/01/2026,16:26,RUGELEY_TRENT_VALLEY_BIRMINGHAM_INTERNATIONAL,Class_730,3
01/01/2026,09:31,FOUR_OAKS_REDDITCH,Class_730,6
01/01/2026,15:46,RUGELEY_TRENT_VALLEY_BIRMINGHAM_INTERNATIONAL,Class_730,3
01/01/2026,14:52,RUGELEY_TRENT_VALLEY_BIRMINGHAM_INTERNATIONAL,Class_730,3
01/01/2026,14:13,RUGELEY_TRENT_VALLEY_BIRMINGHAM_INTERNATIONAL,Class_730,3
01/01/2026,13:32,RUGELEY_TRENT_VALLEY_BIRMINGHAM_INTERNATIONAL,Class_730,3
01/01/2026,13:11,RUGELEY_TRENT_VALLEY_BIRMINGHAM_INTERNATIONAL,Class_730,3
01/01/2026,12:38,RUGELEY_TRENT_VALLEY_BIRMINGHAM_INTERNATIONAL,Class_730,3
01/01/2026,12:02,RUGELEY_TRENT_VALLEY_BIRMINGHAM_INTERNATIONAL,Class_730,3
01/01/2026,11:36,RUGELEY_TRENT_VALLEY_BIRMINGHAM_INTERNATIONAL,Class_730,3
01/01/2026,10:58,RUGELEY_TRENT_VALLEY_BIRMINGHAM_INTERNATIONAL,Class_730,3
01/01/2026,10:34,RUGELEY_TRENT_VALLEY_BIRMINGHAM_INTERNATIONAL,Class_730,3
01/01/2026,10:07,RUGELEY_TRENT_VALLEY_BIRMINGHAM_INTERNATIONAL,Class_730,3
01/01/2026,09:34,RUGELEY_TRENT_VALLEY_BIRMINGHAM_INTERNATIONAL,Class_730,3
01/01/2026,08:53,RUGELEY_TRENT_VALLEY_BIRMINGHAM_INTERNATIONAL,Class_730,3
01/01/2026,08:23,RUGELEY_TRENT_VALLEY_BIRMINGHAM_INTERNATIONAL,Class_730,3
01/01/2026,15:19,RUGELEY_TRENT_VALLEY_BIRMINGHAM_INTERNATIONAL,Class_730,3
01/01/2026,07:35,BIRMINGHAM_INTERNATIONAL_RUGELEY_TRENT_VALLEY,Class_730,3
01/01/2026,08:48,FOUR_OAKS_REDDITCH,Class_730,6
01/01/2026,07:59,FOUR_OAKS_REDDITCH,Class_730,6
01/01/2026,09:06,REDDITCH_FOUR_OAKS,Class_730,6
01/01/2026,08:38,REDDITCH_FOUR_OAKS,Class_730,6
01/01/2026,08:09,REDDITCH_FOUR_OAKS,Class_730,6
01/01/2026,07:50,REDDITCH_FOUR_OAKS,Class_730,6
01/01/2026,07:17,REDDITCH_FOUR_OAKS,Class_730,6
01/01/2026,07:01,REDDITCH_FOUR_OAKS,Class_730,6
01/01/2026,06:31,REDDITCH_FOUR_OAKS,Class_730,6
01/01/2026,05:58,REDDITCH_FOUR_OAKS,Class_730,6
01/01/2026,05:22,REDDITCH_FOUR_OAKS,Class_730,6
01/01/2026,22:08,CROSS_CITY_LINE_B,Class_730,6
01/01/2026,21:44,CROSS_CITY_LINE_B,Class_730,6
01/01/2026,21:16,CROSS_CITY_LINE_B,Class_730,6
01/01/2026,20:51,CROSS_CITY_LINE_B,Class_730,6
01/01/2026,20:18,CROSS_CITY_LINE_B,Class_730,6
01/01/2026,19:56,CROSS_CITY_LINE_B,Class_730,6
01/01/2026,19:11,CROSS_CITY_LINE_B,Class_730,6
01/01/2026,18:38,CROSS_CITY_LINE_B,Class_730,6
01/01/2026,17:40,CROSS_CITY_LINE_B,Class_730,6
01/01/2026,16:58,CROSS_CITY_LINE_B,Class_730,6
01/01/2026,16:15,CROSS_CITY_LINE_B,Class_730,6
01/01/2026,15:51,CROSS_CITY_LINE_B,Class_730,6
01/01/2026,15:17,CROSS_CITY_LINE_B,Class_730,6
01/01/2026,14:44,CROSS_CITY_LINE_B,Class_730,6
01/01/2026,14:05,CROSS_CITY_LINE_B,Class_730,6
01/01/2026,13:45,CROSS_CITY_LINE_B,Class_730,6
01/01/2026,12:58,CROSS_CITY_LINE_B,Class_730,6
01/01/2026,12:50,CROSS_CITY_LINE_B,Class_730,6
01/01/2026,09:53,REDDITCH_FOUR_OAKS,Class_730,6
01/01/2026,10:22,REDDITCH_FOUR_OAKS,Class_730,6
01/01/2026,10:43,REDDITCH_FOUR_OAKS,Class_730,6
01/01/2026,11:04,REDDITCH_FOUR_OAKS,Class_730,6
01/01/2026,07:28,FOUR_OAKS_REDDITCH,Class_730,6
01/01/2026,07:09,FOUR_OAKS_REDDITCH,Class_730,6
01/01/2026,06:40,FOUR_OAKS_REDDITCH,Class_730,6
01/01/2026,06:03,FOUR_OAKS_REDDITCH,Class_730,6
01/01/2026,05:48,FOUR_OAKS_REDDITCH,Class_730,6
01/01/2026,05:13,FOUR_OAKS_REDDITCH,Class_730,6
01/01/2026,23:17,REDDITCH_FOUR_OAKS,Class_730,6
01/01/2026,22:48,REDDITCH_FOUR_OAKS,Class_730,6
01/01/2026,22:12,REDDITCH_FOUR_OAKS,Class_730,6
01/01/2026,22:03,REDDITCH_FOUR_OAKS,Class_730,6
01/01/2026,21:19,REDDITCH_FOUR_OAKS,Class_730,6
01/01/2026,20:58,REDDITCH_FOUR_OAKS,Class_730,6
01/01/2026,20:27,REDDITCH_FOUR_OAKS,Class_730,6
01/01/2026,08:21,FOUR_OAKS_REDDITCH,Class_730,6
01/01/2026,20:10,REDDITCH_FOUR_OAKS,Class_730,6
01/01/2026,18:53,REDDITCH_FOUR_OAKS,Class_730,6
01/01/2026,17:55,REDDITCH_FOUR_OAKS,Class_730,6
01/01/2026,17:16,REDDITCH_FOUR_OAKS,Class_730,6
01/01/2026,16:31,REDDITCH_FOUR_OAKS,Class_730,6
01/01/2026,15:58,REDDITCH_FOUR_OAKS,Class_730,6
01/01/2026,15:27,REDDITCH_FOUR_OAKS,Class_730,6
01/01/2026,14:53,REDDITCH_FOUR_OAKS,Class_730,6
01/01/2026,14:24,REDDITCH_FOUR_OAKS,Class_730,6
01/01/2026,13:57,REDDITCH_FOUR_OAKS,Class_730,6
01/01/2026,13:19,REDDITCH_FOUR_OAKS,Class_730,6
01/01/2026,12:52,REDDITCH_FOUR_OAKS,Class_730,6
01/01/2026,12:09,REDDITCH_FOUR_OAKS,Class_730,6
01/01/2026,11:42,REDDITCH_FOUR_OAKS,Class_730,6
01/01/2026,19:21,REDDITCH_FOUR_OAKS,Class_730,6
01/01/2026,08:24,BIRMINGHAM_INTERNATIONAL_RUGELEY_TRENT_VALLEY,Class_730,3
01/01/2026,08:56,BIRMINGHAM_INTERNATIONAL_RUGELEY_TRENT_VALLEY,Class_730,3
01/01/2026,09:31,BIRMINGHAM_INTERNATIONAL_RUGELEY_TRENT_VALLEY,Class_730,3
01/01/2026,05:52,WALSALL_WOLVERHAMPTON,Class_731,3
01/01/2026,05:25,WALSALL_WOLVERHAMPTON,Class_730,3
01/01/2026,22:54,WOLVERHAMPTON_WALSALL,Class_730,3
01/01/2026,22:10,WOLVERHAMPTON_WALSALL,Class_730,3
01/01/2026,21:58,WOLVERHAMPTON_WALSALL,Class_730,3
01/01/2026,21:26,WOLVERHAMPTON_WALSALL,Class_730,3
01/01/2026,21:02,WOLVERHAMPTON_WALSALL,Class_730,3
01/01/2026,20:24,WOLVERHAMPTON_WALSALL,Class_730,3
01/01/2026,20:15,WOLVERHAMPTON_WALSALL,Class_730,3
01/01/2026,19:22,WOLVERHAMPTON_WALSALL,Class_730,3
01/01/2026,18:45,WOLVERHAMPTON_WALSALL,Class_730,3
01/01/2026,17:51,WOLVERHAMPTON_WALSALL,Class_730,3
01/01/2026,17:14,WOLVERHAMPTON_WALSALL,Class_730,3
01/01/2026,16:36,WOLVERHAMPTON_WALSALL,Class_730,3
01/01/2026,16:00,WOLVERHAMPTON_WALSALL,Class_730,3
01/01/2026,15:22,WOLVERHAMPTON_WALSALL,Class_730,3
01/01/2026,14:58,WOLVERHAMPTON_WALSALL,Class_730,3
01/01/2026,14:19,WOLVERHAMPTON_WALSALL,Class_730,3
01/01/2026,13:50,WOLVERHAMPTON_WALSALL,Class_730,3
01/01/2026,13:18,WOLVERHAMPTON_WALSALL,Class_730,3
01/01/2026,12:52,WOLVERHAMPTON_WALSALL,Class_730,3
01/01/2026,12:11,WOLVERHAMPTON_WALSALL,Class_730,3
01/01/2026,11:37,WOLVERHAMPTON_WALSALL,Class_730,3
01/01/2026,11:03,WOLVERHAMPTON_WALSALL,Class_730,3
01/01/2026,10:45,WOLVERHAMPTON_WALSALL,Class_730,3
01/01/2026,10:18,WOLVERHAMPTON_WALSALL,Class_730,3
01/01/2026,09:54,WOLVERHAMPTON_WALSALL,Class_730,3
01/01/2026,06:31,WALSALL_WOLVERHAMPTON,Class_732,3
01/01/2026,07:00,WALSALL_WOLVERHAMPTON,Class_733,3
01/01/2026,07:19,WALSALL_WOLVERHAMPTON,Class_734,3
01/01/2026,07:49,WALSALL_WOLVERHAMPTON,Class_735,3
01/01/2026,22:57,WALSALL_WOLVERHAMPTON,Class_763,3
01/01/2026,22:15,WALSALL_WOLVERHAMPTON,Class_762,3
01/01/2026,22:00,WALSALL_WOLVERHAMPTON,Class_761,3
01/01/2026,21:18,WALSALL_WOLVERHAMPTON,Class_760,3
01/01/2026,20:54,WALSALL_WOLVERHAMPTON,Class_759,3
01/01/2026,20:29,WALSALL_WOLVERHAMPTON,Class_758,3
01/01/2026,20:15,WALSALL_WOLVERHAMPTON,Class_757,3
01/01/2026,19:18,WALSALL_WOLVERHAMPTON,Class_756,3
01/01/2026,18:51,WALSALL_WOLVERHAMPTON,Class_755,3
01/01/2026,17:42,WALSALL_WOLVERHAMPTON,Class_754,3
01/01/2026,17:17,WALSALL_WOLVERHAMPTON,Class_753,3
01/01/2026,16:36,WALSALL_WOLVERHAMPTON,Class_752,3
01/01/2026,16:07,WALSALL_WOLVERHAMPTON,Class_751,3
01/01/2026,09:07,WOLVERHAMPTON_WALSALL,Class_730,3
01/01/2026,15:22,WALSALL_WOLVERHAMPTON,Class_750,3
01/01/2026,14:22,WALSALL_WOLVERHAMPTON,Class_748,3
01/01/2026,13:56,WALSALL_WOLVERHAMPTON,Class_747,3
01/01/2026,13:16,WALSALL_WOLVERHAMPTON,Class_746,3
01/01/2026,12:51,WALSALL_WOLVERHAMPTON,Class_745,3
01/01/2026,12:09,WALSALL_WOLVERHAMPTON,Class_744,3
01/01/2026,11:41,WALSALL_WOLVERHAMPTON,Class_743,3
01/01/2026,10:58,WALSALL_WOLVERHAMPTON,Class_742,3
01/01/2026,10:44,WALSALL_WOLVERHAMPTON,Class_741,3
01/01/2026,10:20,WALSALL_WOLVERHAMPTON,Class_740,3
01/01/2026,09:46,WALSALL_WOLVERHAMPTON,Class_739,3
01/01/2026,09:10,WALSALL_WOLVERHAMPTON,Class_738,3
01/01/2026,08:33,WALSALL_WOLVERHAMPTON,Class_737,3
01/01/2026,08:12,WALSALL_WOLVERHAMPTON,Class_736,3
01/01/2026,15:06,WALSALL_WOLVERHAMPTON,Class_749,3
01/01/2026,08:46,WOLVERHAMPTON_WALSALL,Class_730,3
01/01/2026,08:08,WOLVERHAMPTON_WALSALL,Class_730,3
01/01/2026,07:48,WOLVERHAMPTON_WALSALL,Class_730,3
01/01/2026,10:11,NORTHAMPTON_BIRMINGHAM_NEW_STREET,Class_350,5
01/01/2026,08:57,NORTHAMPTON_BIRMINGHAM_NEW_STREET,Class_350,5
01/01/2026,08:03,NORTHAMPTON_BIRMINGHAM_NEW_STREET,Class_350,5
01/01/2026,07:14,NORTHAMPTON_BIRMINGHAM_NEW_STREET,Class_350,5
01/01/2026,06:24,NORTHAMPTON_BIRMINGHAM_NEW_STREET,Class_350,5
01/01/2026,05:16,NORTHAMPTON_BIRMINGHAM_NEW_STREET,Class_350,5
01/01/2026,21:49,BIRMINGHAM_INTERNATIONAL_RUGELEY_TRENT_VALLEY,Class_730,3
01/01/2026,21:18,BIRMINGHAM_INTERNATIONAL_RUGELEY_TRENT_VALLEY,Class_730,3
01/01/2026,20:53,BIRMINGHAM_INTERNATIONAL_RUGELEY_TRENT_VALLEY,Class_730,3
01/01/2026,20:19,BIRMINGHAM_INTERNATIONAL_RUGELEY_TRENT_VALLEY,Class_730,3
01/01/2026,19:51,BIRMINGHAM_INTERNATIONAL_RUGELEY_TRENT_VALLEY,Class_730,3
01/01/2026,19:09,BIRMINGHAM_INTERNATIONAL_RUGELEY_TRENT_VALLEY,Class_730,3
01/01/2026,18:19,BIRMINGHAM_INTERNATIONAL_RUGELEY_TRENT_VALLEY,Class_730,3
01/01/2026,10:56,NORTHAMPTON_BIRMINGHAM_NEW_STREET,Class_350,5
01/01/2026,17:40,BIRMINGHAM_INTERNATIONAL_RUGELEY_TRENT_VALLEY,Class_730,3
01/01/2026,16:19,BIRMINGHAM_INTERNATIONAL_RUGELEY_TRENT_VALLEY,Class_730,3
01/01/2026,15:48,BIRMINGHAM_INTERNATIONAL_RUGELEY_TRENT_VALLEY,Class_730,3
01/01/2026,15:17,BIRMINGHAM_INTERNATIONAL_RUGELEY_TRENT_VALLEY,Class_730,3
01/01/2026,14:52,BIRMINGHAM_INTERNATIONAL_RUGELEY_TRENT_VALLEY,Class_730,3
01/01/2026,14:10,BIRMINGHAM_INTERNATIONAL_RUGELEY_TRENT_VALLEY,Class_730,3
01/01/2026,13:47,BIRMINGHAM_INTERNATIONAL_RUGELEY_TRENT_VALLEY,Class_730,3
01/01/2026,13:06,BIRMINGHAM_INTERNATIONAL_RUGELEY_TRENT_VALLEY,Class_730,3
01/01/2026,12:35,BIRMINGHAM_INTERNATIONAL_RUGELEY_TRENT_VALLEY,Class_730,3
01/01/2026,11:51,BIRMINGHAM_INTERNATIONAL_RUGELEY_TRENT_VALLEY,Class_730,3
01/01/2026,11:25,BIRMINGHAM_INTERNATIONAL_RUGELEY_TRENT_VALLEY,Class_730,3
01/01/2026,10:57,BIRMINGHAM_INTERNATIONAL_RUGELEY_TRENT_VALLEY,Class_730,3
01/01/2026,10:37,BIRMINGHAM_INTERNATIONAL_RUGELEY_TRENT_VALLEY,Class_730,3
01/01/2026,10:15,BIRMINGHAM_INTERNATIONAL_RUGELEY_TRENT_VALLEY,Class_730,3
01/01/2026,17:12,BIRMINGHAM_INTERNATIONAL_RUGELEY_TRENT_VALLEY,Class_730,3
01/01/2026,11:57,CROSS_CITY_LINE_B,Class_730,6
01/01/2026,12:01,NORTHAMPTON_BIRMINGHAM_NEW_STREET,Class_350,5
01/01/2026,14:12,NORTHAMPTON_BIRMINGHAM_NEW_STREET,Class_350,5
01/01/2026,07:20,WOLVERHAMPTON_WALSALL,Class_730,3
01/01/2026,07:00,WOLVERHAMPTON_WALSALL,Class_730,3
01/01/2026,06:28,WOLVERHAMPTON_WALSALL,Class_730,3
01/01/2026,05:56,WOLVERHAMPTON_WALSALL,Class_730,3
01/01/2026,05:22,WOLVERHAMPTON_WALSALL,Class_730,3
01/01/2026,22:58,BIRMINGHAM_NEW_STREET_NORTHAMPTON,Class_350,8
01/01/2026,22:03,BIRMINGHAM_NEW_STREET_NORTHAMPTON,Class_350,8
01/01/2026,21:04,BIRMINGHAM_NEW_STREET_NORTHAMPTON,Class_350,8
01/01/2026,20:15,BIRMINGHAM_NEW_STREET_NORTHAMPTON,Class_350,8
01/01/2026,18:54,BIRMINGHAM_NEW_STREET_NORTHAMPTON,Class_350,8
01/01/2026,17:18,BIRMINGHAM_NEW_STREET_NORTHAMPTON,Class_350,8
01/01/2026,16:10,BIRMINGHAM_NEW_STREET_NORTHAMPTON,Class_350,8
01/01/2026,15:07,BIRMINGHAM_NEW_STREET_NORTHAMPTON,Class_350,8
01/01/2026,13:01,NORTHAMPTON_BIRMINGHAM_NEW_STREET,Class_350,5
01/01/2026,13:58,BIRMINGHAM_NEW_STREET_NORTHAMPTON,Class_350,8
01/01/2026,11:45,BIRMINGHAM_NEW_STREET_NORTHAMPTON,Class_350,8
01/01/2026,10:46,BIRMINGHAM_NEW_STREET_NORTHAMPTON,Class_350,8
01/01/2026,09:56,BIRMINGHAM_NEW_STREET_NORTHAMPTON,Class_350,8
01/01/2026,08:46,BIRMINGHAM_NEW_STREET_NORTHAMPTON,Class_350,8
01/01/2026,07:51,BIRMINGHAM_NEW_STREET_NORTHAMPTON,Class_350,8
01/01/2026,07:05,BIRMINGHAM_NEW_STREET_NORTHAMPTON,Class_350,8
01/01/2026,22:10,NORTHAMPTON_BIRMINGHAM_NEW_STREET,Class_350,5
01/01/2026,21:15,NORTHAMPTON_BIRMINGHAM_NEW_STREET,Class_350,5
01/01/2026,20:16,NORTHAMPTON_BIRMINGHAM_NEW_STREET,Class_350,5
01/01/2026,19:17,NORTHAMPTON_BIRMINGHAM_NEW_STREET,Class_350,5
01/01/2026,17:38,NORTHAMPTON_BIRMINGHAM_NEW_STREET,Class_350,5
01/01/2026,16:16,NORTHAMPTON_BIRMINGHAM_NEW_STREET,Class_350,5
01/01/2026,15:12,NORTHAMPTON_BIRMINGHAM_NEW_STREET,Class_350,5
01/01/2026,12:55,BIRMINGHAM_NEW_STREET_NORTHAMPTON,Class_350,8
01/01/2026,11:29,CROSS_CITY_LINE_B,Class_730,6
01/01/2026,08:04,BIRMINGHAM_INTERNATIONAL_RUGELEY_TRENT_VALLEY,Class_730,3
01/01/2026,10:30,CROSS_CITY_LINE_B,Class_730,6
01/01/2026,19:55,DORRIDGE_BIRMINGHAM_MOOR_STREET,Class_168,6
01/01/2026,18:55,DORRIDGE_BIRMINGHAM_MOOR_STREET,Class_168,6
01/01/2026,18:25,DORRIDGE_BIRMINGHAM_MOOR_STREET,Class_168,6
01/01/2026,17:29,DORRIDGE_BIRMINGHAM_MOOR_STREET,Class_168,6
01/01/2026,16:51,DORRIDGE_BIRMINGHAM_MOOR_STREET,Class_168,6
01/01/2026,16:12,DORRIDGE_BIRMINGHAM_MOOR_STREET,Class_168,6
01/01/2026,15:45,DORRIDGE_BIRMINGHAM_MOOR_STREET,Class_168,6
01/01/2026,15:13,DORRIDGE_BIRMINGHAM_MOOR_STREET,Class_168,6
01/01/2026,14:45,DORRIDGE_BIRMINGHAM_MOOR_STREET,Class_168,6
01/01/2026,14:03,DORRIDGE_BIRMINGHAM_MOOR_STREET,Class_168,6
01/01/2026,13:29,DORRIDGE_BIRMINGHAM_MOOR_STREET,Class_168,6
01/01/2026,13:01,DORRIDGE_BIRMINGHAM_MOOR_STREET,Class_168,6
01/01/2026,12:36,DORRIDGE_BIRMINGHAM_MOOR_STREET,Class_168,6
01/01/2026,11:50,DORRIDGE_BIRMINGHAM_MOOR_STREET,Class_168,6
01/01/2026,11:20,DORRIDGE_BIRMINGHAM_MOOR_STREET,Class_168,6
01/01/2026,10:50,DORRIDGE_BIRMINGHAM_MOOR_STREET,Class_168,6
01/01/2026,10:27,DORRIDGE_BIRMINGHAM_MOOR_STREET,Class_168,6
01/01/2026,10:09,DORRIDGE_BIRMINGHAM_MOOR_STREET,Class_168,6
01/01/2026,09:25,DORRIDGE_BIRMINGHAM_MOOR_STREET,Class_168,6
01/01/2026,08:51,DORRIDGE_BIRMINGHAM_MOOR_STREET,Class_168,6
01/01/2026,08:21,DORRIDGE_BIRMINGHAM_MOOR_STREET,Class_168,6
01/01/2026,08:03,DORRIDGE_BIRMINGHAM_MOOR_STREET,Class_168,6
01/01/2026,07:29,DORRIDGE_BIRMINGHAM_MOOR_STREET,Class_168,6
01/01/2026,07:08,DORRIDGE_BIRMINGHAM_MOOR_STREET,Class_168,6
01/01/2026,06:36,DORRIDGE_BIRMINGHAM_MOOR_STREET,Class_168,6
01/01/2026,06:21,DORRIDGE_BIRMINGHAM_MOOR_STREET,Class_168,6
01/01/2026,23:32,BIRMINGHAM_MOOR_STREET_DORRIDGE,Class_168,6
01/01/2026,20:19,DORRIDGE_BIRMINGHAM_MOOR_STREET,Class_168,6
01/01/2026,20:37,DORRIDGE_BIRMINGHAM_MOOR_STREET,Class_168,6
01/01/2026,21:15,DORRIDGE_BIRMINGHAM_MOOR_STREET,Class_168,6
01/01/2026,21:42,DORRIDGE_BIRMINGHAM_MOOR_STREET,Class_168,6
01/01/2026,16:59,DORRIDGE_BIRMINGHAM_SNOW_HILL,Class_168,6
01/01/2026,15:49,DORRIDGE_BIRMINGHAM_SNOW_HILL,Class_168,6
01/01/2026,14:47,DORRIDGE_BIRMINGHAM_SNOW_HILL,Class_168,6
01/01/2026,13:40,DORRIDGE_BIRMINGHAM_SNOW_HILL,Class_168,6
01/01/2026,12:27,DORRIDGE_BIRMINGHAM_SNOW_HILL,Class_168,6
01/01/2026,11:29,DORRIDGE_BIRMINGHAM_SNOW_HILL,Class_168,6
01/01/2026,10:28,DORRIDGE_BIRMINGHAM_SNOW_HILL,Class_168,6
01/01/2026,09:26,DORRIDGE_BIRMINGHAM_SNOW_HILL,Class_168,6
01/01/2026,08:27,DORRIDGE_BIRMINGHAM_SNOW_HILL,Class_168,6
01/01/2026,23:19,BIRMINGHAM_SNOW_HILL_DORRIDGE,Class_168,6
01/01/2026,22:28,BIRMINGHAM_SNOW_HILL_DORRIDGE,Class_168,6
01/01/2026,21:36,BIRMINGHAM_SNOW_HILL_DORRIDGE,Class_168,6
01/01/2026,20:36,BIRMINGHAM_SNOW_HILL_DORRIDGE,Class_168,6
01/01/2026,23:08,BIRMINGHAM_MOOR_STREET_DORRIDGE,Class_168,6
01/01/2026,19:23,BIRMINGHAM_SNOW_HILL_DORRIDGE,Class_168,6
01/01/2026,16:41,BIRMINGHAM_SNOW_HILL_DORRIDGE,Class_168,6
01/01/2026,15:37,BIRMINGHAM_SNOW_HILL_DORRIDGE,Class_168,6
01/01/2026,14:33,BIRMINGHAM_SNOW_HILL_DORRIDGE,Class_168,6
01/01/2026,13:25,BIRMINGHAM_SNOW_HILL_DORRIDGE,Class_168,6
01/01/2026,12:22,BIRMINGHAM_SNOW_HILL_DORRIDGE,Class_168,6
01/01/2026,11:12,BIRMINGHAM_SNOW_HILL_DORRIDGE,Class_168,6
01/01/2026,10:26,BIRMINGHAM_SNOW_HILL_DORRIDGE,Class_168,6
01/01/2026,09:21,BIRMINGHAM_SNOW_HILL_DORRIDGE,Class_168,6
01/01/2026,08:21,BIRMINGHAM_SNOW_HILL_DORRIDGE,Class_168,6
01/01/2026,23:30,DORRIDGE_BIRMINGHAM_MOOR_STREET,Class_168,6
01/01/2026,23:13,DORRIDGE_BIRMINGHAM_MOOR_STREET,Class_168,6
01/01/2026,22:42,DORRIDGE_BIRMINGHAM_MOOR_STREET,Class_168,6
01/01/2026,22:07,DORRIDGE_BIRMINGHAM_MOOR_STREET,Class_168,6
01/01/2026,18:04,BIRMINGHAM_SNOW_HILL_DORRIDGE,Class_168,6
01/01/2026,22:43,BIRMINGHAM_MOOR_STREET_DORRIDGE,Class_168,6
01/01/2026,22:07,BIRMINGHAM_MOOR_STREET_DORRIDGE,Class_168,6
01/01/2026,21:43,BIRMINGHAM_MOOR_STREET_DORRIDGE,Class_168,6
01/01/2026,22:22,WOLVERHAMPTON_BIRMINGHAM_INTERNATIONAL,Class_158,2
01/01/2026,21:36,WOLVERHAMPTON_BIRMINGHAM_INTERNATIONAL,Class_158,2
01/01/2026,20:35,WOLVERHAMPTON_BIRMINGHAM_INTERNATIONAL,Class_158,2
01/01/2026,19:34,WOLVERHAMPTON_BIRMINGHAM_INTERNATIONAL,Class_158,2
01/01/2026,18:06,WOLVERHAMPTON_BIRMINGHAM_INTERNATIONAL,Class_158,2
01/01/2026,16:41,WOLVERHAMPTON_BIRMINGHAM_INTERNATIONAL,Class_158,2
01/01/2026,15:33,WOLVERHAMPTON_BIRMINGHAM_INTERNATIONAL,Class_158,2
01/01/2026,14:28,WOLVERHAMPTON_BIRMINGHAM_INTERNATIONAL,Class_158,2
01/01/2026,13:25,WOLVERHAMPTON_BIRMINGHAM_INTERNATIONAL,Class_158,2
01/01/2026,12:17,WOLVERHAMPTON_BIRMINGHAM_INTERNATIONAL,Class_158,2
01/01/2026,11:13,WOLVERHAMPTON_BIRMINGHAM_INTERNATIONAL,Class_158,2
01/01/2026,10:24,WOLVERHAMPTON_BIRMINGHAM_INTERNATIONAL,Class_158,2
01/01/2026,09:25,WOLVERHAMPTON_BIRMINGHAM_INTERNATIONAL,Class_158,2
01/01/2026,05:09,BIRMINGHAM_MOOR_STREET_DORRIDGE,Class_168,6
01/01/2026,07:28,WOLVERHAMPTON_BIRMINGHAM_INTERNATIONAL,Class_158,2
01/01/2026,05:20,WOLVERHAMPTON_BIRMINGHAM_INTERNATIONAL,Class_158,2
01/01/2026,19:27,BIRMINGHAM_INTERNATIONA_WOLVERHAMPTON,Class_158,2
01/01/2026,18:01,BIRMINGHAM_INTERNATIONA_WOLVERHAMPTON,Class_158,2
01/01/2026,16:37,BIRMINGHAM_INTERNATIONA_WOLVERHAMPTON,Class_158,2
01/01/2026,15:27,BIRMINGHAM_INTERNATIONA_WOLVERHAMPTON,Class_158,2
01/01/2026,14:26,BIRMINGHAM_INTERNATIONA_WOLVERHAMPTON,Class_158,2
01/01/2026,13:24,BIRMINGHAM_INTERNATIONA_WOLVERHAMPTON,Class_158,2
01/01/2026,12:15,BIRMINGHAM_INTERNATIONA_WOLVERHAMPTON,Class_158,2
01/01/2026,11:13,BIRMINGHAM_INTERNATIONA_WOLVERHAMPTON,Class_158,2
01/01/2026,10:25,BIRMINGHAM_INTERNATIONA_WOLVERHAMPTON,Class_158,2
01/01/2026,09:14,BIRMINGHAM_INTERNATIONA_WOLVERHAMPTON,Class_158,2
01/01/2026,08:19,BIRMINGHAM_INTERNATIONA_WOLVERHAMPTON,Class_158,2
01/01/2026,10:57,CROSS_CITY_LINE_B,Class_730,6
01/01/2026,06:33,WOLVERHAMPTON_BIRMINGHAM_INTERNATIONAL,Class_158,2
01/01/2026,18:34,DORRIDGE_BIRMINGHAM_SNOW_HILL,Class_168,6
01/01/2026,05:14,BIRMINGHAM_MOOR_STREET_DORRIDGE,Class_168,6
01/01/2026,06:04,BIRMINGHAM_MOOR_STREET_DORRIDGE,Class_168,6
01/01/2026,21:13,BIRMINGHAM_MOOR_STREET_DORRIDGE,Class_168,6
01/01/2026,20:41,BIRMINGHAM_MOOR_STREET_DORRIDGE,Class_168,6
01/01/2026,20:17,BIRMINGHAM_MOOR_STREET_DORRIDGE,Class_168,6
01/01/2026,19:36,BIRMINGHAM_MOOR_STREET_DORRIDGE,Class_168,6
01/01/2026,18:55,BIRMINGHAM_MOOR_STREET_DORRIDGE,Class_168,6
01/01/2026,18:07,BIRMINGHAM_MOOR_STREET_DORRIDGE,Class_168,6
01/01/2026,17:29,BIRMINGHAM_MOOR_STREET_DORRIDGE,Class_168,6
01/01/2026,16:54,BIRMINGHAM_MOOR_STREET_DORRIDGE,Class_168,6
01/01/2026,16:14,BIRMINGHAM_MOOR_STREET_DORRIDGE,Class_168,6
01/01/2026,15:37,BIRMINGHAM_MOOR_STREET_DORRIDGE,Class_168,6
01/01/2026,15:17,BIRMINGHAM_MOOR_STREET_DORRIDGE,Class_168,6
01/01/2026,14:45,BIRMINGHAM_MOOR_STREET_DORRIDGE,Class_168,6
01/01/2026,14:06,BIRMINGHAM_MOOR_STREET_DORRIDGE,Class_168,6
01/01/2026,05:40,BIRMINGHAM_MOOR_STREET_DORRIDGE,Class_168,6
01/01/2026,13:39,BIRMINGHAM_MOOR_STREET_DORRIDGE,Class_168,6
01/01/2026,12:41,BIRMINGHAM_MOOR_STREET_DORRIDGE,Class_168,6
01/01/2026,11:47,BIRMINGHAM_MOOR_STREET_DORRIDGE,Class_168,6
01/01/2026,11:23,BIRMINGHAM_MOOR_STREET_DORRIDGE,Class_168,6
01/01/2026,10:50,BIRMINGHAM_MOOR_STREET_DORRIDGE,Class_168,6
01/01/2026,10:31,BIRMINGHAM_MOOR_STREET_DORRIDGE,Class_168,6
01/01/2026,10:02,BIRMINGHAM_MOOR_STREET_DORRIDGE,Class_168,6
01/01/2026,09:27,BIRMINGHAM_MOOR_STREET_DORRIDGE,Class_168,6
01/01/2026,08:47,BIRMINGHAM_MOOR_STREET_DORRIDGE,Class_168,6
01/01/2026,08:23,BIRMINGHAM_MOOR_STREET_DORRIDGE,Class_168,6
01/01/2026,08:03,BIRMINGHAM_MOOR_STREET_DORRIDGE,Class_168,6
01/01/2026,07:29,BIRMINGHAM_MOOR_STREET_DORRIDGE,Class_168,6
01/01/2026,07:14,BIRMINGHAM_MOOR_STREET_DORRIDGE,Class_168,6
01/01/2026,06:37,BIRMINGHAM_MOOR_STREET_DORRIDGE,Class_168,6
01/01/2026,12:57,BIRMINGHAM_MOOR_STREET_DORRIDGE,Class_168,6
01/01/2026,19:56,DORRIDGE_BIRMINGHAM_SNOW_HILL,Class_168,6
01/01/2026,07:20,BIRMINGHAM_INTERNATIONA_WOLVERHAMPTON,Class_158,2
01/01/2026,11:46,CROSS_CITY_LINE_A,Class_730,6
01/01/2026,11:05,CROSS_CITY_LINE_A,Class_730,6
01/01/2026,10:46,CROSS_CITY_LINE_A,Class_730,6
01/01/2026,10:24,CROSS_CITY_LINE_A,Class_730,6
01/01/2026,09:59,CROSS_CITY_LINE_A,Class_730,6
01/01/2026,09:19,CROSS_CITY_LINE_A,Class_730,6
01/01/2026,08:47,CROSS_CITY_LINE_A,Class_730,6
01/01/2026,08:19,CROSS_CITY_LINE_A,Class_730,6
01/01/2026,07:51,CROSS_CITY_LINE_A,Class_730,6
01/01/2026,07:22,CROSS_CITY_LINE_A,Class_730,6
01/01/2026,07:03,CROSS_CITY_LINE_A,Class_730,6
01/01/2026,06:32,CROSS_CITY_LINE_A,Class_730,6
01/01/2026,06:01,CROSS_CITY_LINE_A,Class_730,6
01/01/2026,05:28,CROSS_CITY_LINE_A,Class_730,6
01/01/2026,21:54,COVENTRY_STAFFORD,Class_390,11
01/01/2026,20:52,COVENTRY_STAFFORD,Class_390,11
01/01/2026,18:41,COVENTRY_STAFFORD,Class_390,11
01/01/2026,17:07,COVENTRY_STAFFORD,Class_390,11
01/01/2026,15:56,COVENTRY_STAFFORD,Class_390,11
01/01/2026,14:48,COVENTRY_STAFFORD,Class_390,11
01/01/2026,13:40,COVENTRY_STAFFORD,Class_390,11
01/01/2026,12:50,COVENTRY_STAFFORD,Class_390,11
01/01/2026,11:29,COVENTRY_STAFFORD,Class_390,11
01/01/2026,10:38,COVENTRY_STAFFORD,Class_390,11
01/01/2026,09:39,COVENTRY_STAFFORD,Class_390,11
01/01/2026,08:32,COVENTRY_STAFFORD,Class_390,11
01/01/2026,07:37,COVENTRY_STAFFORD,Class_390,11
01/01/2026,06:47,COVENTRY_STAFFORD,Class_390,11
01/01/2026,20:41,DORRIDGE_BIRMINGHAM_SNOW_HILL,Class_168,6
01/01/2026,12:19,CROSS_CITY_LINE_A,Class_730,6
01/01/2026,12:54,CROSS_CITY_LINE_A,Class_730,6
01/01/2026,13:23,CROSS_CITY_LINE_A,Class_730,6
01/01/2026,10:04,CROSS_CITY_LINE_B,Class_730,6
01/01/2026,09:43,CROSS_CITY_LINE_B,Class_730,6
01/01/2026,08:57,CROSS_CITY_LINE_B,Class_730,6
01/01/2026,08:31,CROSS_CITY_LINE_B,Class_730,6
01/01/2026,08:03,CROSS_CITY_LINE_B,Class_730,6
01/01/2026,07:35,CROSS_CITY_LINE_B,Class_730,6
01/01/2026,07:16,CROSS_CITY_LINE_B,Class_730,6
01/01/2026,06:45,CROSS_CITY_LINE_B,Class_730,6
01/01/2026,06:25,CROSS_CITY_LINE_B,Class_730,6
01/01/2026,05:48,CROSS_CITY_LINE_B,Class_730,6
01/01/2026,23:19,CROSS_CITY_LINE_A,Class_730,6
01/01/2026,22:59,CROSS_CITY_LINE_A,Class_730,6
01/01/2026,22:17,CROSS_CITY_LINE_A,Class_730,6
01/01/2026,22:46,STAFFORD_COVENTRY,Class_390,11
01/01/2026,22:06,CROSS_CITY_LINE_A,Class_730,6
01/01/2026,21:10,CROSS_CITY_LINE_A,Class_730,6
01/01/2026,20:36,CROSS_CITY_LINE_A,Class_730,6
01/01/2026,20:15,CROSS_CITY_LINE_A,Class_730,6
01/01/2026,19:34,CROSS_CITY_LINE_A,Class_730,6
01/01/2026,18:55,CROSS_CITY_LINE_A,Class_730,6
01/01/2026,18:00,CROSS_CITY_LINE_A,Class_730,6
01/01/2026,17:25,CROSS_CITY_LINE_A,Class_730,6
01/01/2026,16:38,CROSS_CITY_LINE_A,Class_730,6
01/01/2026,16:12,CROSS_CITY_LINE_A,Class_730,6
01/01/2026,15:30,CROSS_CITY_LINE_A,Class_730,6
01/01/2026,15:11,CROSS_CITY_LINE_A,Class_730,6
01/01/2026,14:26,CROSS_CITY_LINE_A,Class_730,6
01/01/2026,13:59,CROSS_CITY_LINE_A,Class_730,6
01/01/2026,21:29,CROSS_CITY_LINE_A,Class_730,6
01/01/2026,21:49,STAFFORD_COVENTRY,Class_390,11
01/01/2026,20:09,COVENTRY_STAFFORD,Class_390,11
01/01/2026,19:59,STAFFORD_COVENTRY,Class_390,11
01/01/2026,07:42,RUGBY_BIRMINGHAM_NEW_STREET,Class_390,7
01/01/2026,20:02,BIRMINGHAM_NEW_STREET_RUGBY,Class_390,7
01/01/2026,18:44,BIRMINGHAM_NEW_STREET_RUGBY,Class_390,7
01/01/2026,17:06,BIRMINGHAM_NEW_STREET_RUGBY,Class_390,7
01/01/2026,15:53,BIRMINGHAM_NEW_STREET_RUGBY,Class_390,7
01/01/2026,14:46,BIRMINGHAM_NEW_STREET_RUGBY,Class_390,7
01/01/2026,13:47,BIRMINGHAM_NEW_STREET_RUGBY,Class_390,7
01/01/2026,12:48,BIRMINGHAM_NEW_STREET_RUGBY,Class_390,7
01/01/2026,11:29,BIRMINGHAM_NEW_STREET_RUGBY,Class_390,7
01/01/2026,10:37,BIRMINGHAM_NEW_STREET_RUGBY,Class_390,7
01/01/2026,09:45,BIRMINGHAM_NEW_STREET_RUGBY,Class_390,7
01/01/2026,20:51,STAFFORD_COVENTRY,Class_390,11
01/01/2026,07:34,BIRMINGHAM_NEW_STREET_RUGBY,Class_390,7
01/01/2026,08:21,RUGBY_BIRMINGHAM_NEW_STREET,Class_390,7
01/01/2026,06:46,BIRMINGHAM_NEW_STREET_RUGBY,Class_390,7
01/01/2026,20:37,RUGBY_WOLVERHAMPTON,Class_390,11
01/01/2026,19:39,RUGBY_WOLVERHAMPTON,Class_390,11
01/01/2026,06:17,WOLVERHAMPTON_COVENTRY,Class_390,11
01/01/2026,05:45,WOLVERHAMPTON_COVENTRY,Class_390,11
01/01/2026,05:11,WOLVERHAMPTON_COVENTRY,Class_390,11
01/01/2026,05:11,WOLVERHAMPTON_COVENTRY,Class_390,11
01/01/2026,23:17,DORRIDGE_STOURBRIDGE_JUNCTION,Class_168,6
01/01/2026,20:50,DORRIDGE_STOURBRIDGE_JUNCTION,Class_168,6
01/01/2026,18:15,DORRIDGE_STOURBRIDGE_JUNCTION,Class_168,6
01/01/2026,05:49,STOURBRIDGE_JUNCTION_DORRIDGE,Class_168,6
01/01/2026,23:34,DORRIDGE_BIRMINGHAM_SNOW_HILL,Class_168,6
01/01/2026,22:45,DORRIDGE_BIRMINGHAM_SNOW_HILL,Class_168,6
01/01/2026,21:55,DORRIDGE_BIRMINGHAM_SNOW_HILL,Class_168,6
01/01/2026,22:48,RUGBY_WOLVERHAMPTON,Class_390,11
01/01/2026,09:04,RUGBY_BIRMINGHAM_NEW_STREET,Class_390,7
01/01/2026,08:30,BIRMINGHAM_NEW_STREET_RUGBY,Class_390,7
01/01/2026,10:16,RUGBY_BIRMINGHAM_NEW_STREET,Class_390,7
01/01/2026,09:33,RUGBY_BIRMINGHAM_NEW_STREET,Class_390,7
01/01/2026,17:14,STAFFORD_COVENTRY,Class_390,11
01/01/2026,15:55,STAFFORD_COVENTRY,Class_390,11
01/01/2026,14:52,STAFFORD_COVENTRY,Class_390,11
01/01/2026,13:46,STAFFORD_COVENTRY,Class_390,11
01/01/2026,12:51,STAFFORD_COVENTRY,Class_390,11
01/01/2026,11:35,STAFFORD_COVENTRY,Class_390,11
01/01/2026,10:42,STAFFORD_COVENTRY,Class_390,11
01/01/2026,09:40,STAFFORD_COVENTRY,Class_390,11
01/01/2026,08:33,STAFFORD_COVENTRY,Class_390,11
01/01/2026,07:39,STAFFORD_COVENTRY,Class_390,11
01/01/2026,06:59,STAFFORD_COVENTRY,Class_390,11
01/01/2026,18:27,RUGBY_BIRMINGHAM_NEW_STREET,Class_390,7
01/01/2026,18:40,STAFFORD_COVENTRY,Class_390,11
01/01/2026,16:47,RUGBY_BIRMINGHAM_NEW_STREET,Class_390,7
01/01/2026,17:51,RUGBY_BIRMINGHAM_NEW_STREET,Class_390,7
01/01/2026,11:04,RUGBY_BIRMINGHAM_NEW_STREET,Class_390,7
01/01/2026,11:30,RUGBY_BIRMINGHAM_NEW_STREET,Class_390,7
01/01/2026,12:08,RUGBY_BIRMINGHAM_NEW_STREET,Class_390,7
01/01/2026,12:34,RUGBY_BIRMINGHAM_NEW_STREET,Class_390,7
01/01/2026,13:13,RUGBY_BIRMINGHAM_NEW_STREET,Class_390,7
01/01/2026,10:35,RUGBY_BIRMINGHAM_NEW_STREET,Class_390,7
01/01/2026,14:19,RUGBY_BIRMINGHAM_NEW_STREET,Class_390,7
01/01/2026,14:37,RUGBY_BIRMINGHAM_NEW_STREET,Class_390,7
01/01/2026,15:20,RUGBY_BIRMINGHAM_NEW_STREET,Class_390,7
01/01/2026,15:38,RUGBY_BIRMINGHAM_NEW_STREET,Class_390,7
01/01/2026,16:31,RUGBY_BIRMINGHAM_NEW_STREET,Class_390,7
01/01/2026,13:44,RUGBY_BIRMINGHAM_NEW_STREET,Class_390,7
02/01/2026,19:31,FOUR_OAKS_REDDITCH,Class_730,6
02/01/2026,20:26,FOUR_OAKS_REDDITCH,Class_730,6
02/01/2026,20:47,FOUR_OAKS_REDDITCH,Class_730,6
02/01/2026,06:47,RUGELEY_TRENT_VALLEY_BIRMINGHAM_INTERNATIONAL,Class_730,3
02/01/2026,21:28,FOUR_OAKS_REDDITCH,Class_730,6
02/01/2026,22:45,FOUR_OAKS_REDDITCH,Class_730,6
02/01/2026,22:21,FOUR_OAKS_REDDITCH,Class_730,6
02/01/2026,23:09,FOUR_OAKS_REDDITCH,Class_730,6
02/01/2026,05:36,RUGELEY_TRENT_VALLEY_BIRMINGHAM_INTERNATIONAL,Class_730,3
02/01/2026,06:04,RUGELEY_TRENT_VALLEY_BIRMINGHAM_INTERNATIONAL,Class_730,3
02/01/2026,19:07,FOUR_OAKS_REDDITCH,Class_730,6
02/01/2026,21:57,FOUR_OAKS_REDDITCH,Class_730,6
02/01/2026,18:20,FOUR_OAKS_REDDITCH,Class_730,6
02/01/2026,13:14,FOUR_OAKS_REDDITCH,Class_730,6
02/01/2026,17:13,FOUR_OAKS_REDDITCH,Class_730,6
02/01/2026,16:41,FOUR_OAKS_REDDITCH,Class_730,6
02/01/2026,15:59,FOUR_OAKS_REDDITCH,Class_730,6
02/01/2026,15:06,FOUR_OAKS_REDDITCH,Class_730,6
02/01/2026,13:34,FOUR_OAKS_REDDITCH,Class_730,6
02/01/2026,12:39,FOUR_OAKS_REDDITCH,Class_730,6
02/01/2026,12:01,FOUR_OAKS_REDDITCH,Class_730,6
02/01/2026,11:21,FOUR_OAKS_REDDITCH,Class_730,6
02/01/2026,10:48,FOUR_OAKS_REDDITCH,Class_730,6
02/01/2026,10:26,FOUR_OAKS_REDDITCH,Class_730,6
02/01/2026,10:03,FOUR_OAKS_REDDITCH,Class_730,6
02/01/2026,09:39,FOUR_OAKS_REDDITCH,Class_730,6
02/01/2026,07:09,RUGELEY_TRENT_VALLEY_BIRMINGHAM_INTERNATIONAL,Class_730,3
02/01/2026,17:43,FOUR_OAKS_REDDITCH,Class_730,6
02/01/2026,07:34,RUGELEY_TRENT_VALLEY_BIRMINGHAM_INTERNATIONAL,Class_730,3
02/01/2026,11:26,CROSS_CITY_LINE_B,Class_730,6
02/01/2026,08:26,RUGELEY_TRENT_VALLEY_BIRMINGHAM_INTERNATIONAL,Class_730,3
02/01/2026,07:23,BIRMINGHAM_INTERNATIONAL_RUGELEY_TRENT_VALLEY,Class_730,3
02/01/2026,07:09,BIRMINGHAM_INTERNATIONAL_RUGELEY_TRENT_VALLEY,Class_730,3
02/01/2026,06:45,BIRMINGHAM_INTERNATIONAL_RUGELEY_TRENT_VALLEY,Class_730,3
02/01/2026,06:23,BIRMINGHAM_INTERNATIONAL_RUGELEY_TRENT_VALLEY,Class_730,3
02/01/2026,22:05,RUGELEY_TRENT_VALLEY_BIRMINGHAM_INTERNATIONAL,Class_730,3
02/01/2026,21:32,RUGELEY_TRENT_VALLEY_BIRMINGHAM_INTERNATIONAL,Class_730,3
02/01/2026,20:56,RUGELEY_TRENT_VALLEY_BIRMINGHAM_INTERNATIONAL,Class_730,3
02/01/2026,20:25,RUGELEY_TRENT_VALLEY_BIRMINGHAM_INTERNATIONAL,Class_730,3
02/01/2026,19:42,RUGELEY_TRENT_VALLEY_BIRMINGHAM_INTERNATIONAL,Class_730,3
02/01/2026,19:11,RUGELEY_TRENT_VALLEY_BIRMINGHAM_INTERNATIONAL,Class_730,3
02/01/2026,18:33,RUGELEY_TRENT_VALLEY_BIRMINGHAM_INTERNATIONAL,Class_730,3
02/01/2026,17:46,RUGELEY_TRENT_VALLEY_BIRMINGHAM_INTERNATIONAL,Class_730,3
02/01/2026,17:23,RUGELEY_TRENT_VALLEY_BIRMINGHAM_INTERNATIONAL,Class_730,3
02/01/2026,08:02,RUGELEY_TRENT_VALLEY_BIRMINGHAM_INTERNATIONAL,Class_730,3
02/01/2026,16:56,RUGELEY_TRENT_VALLEY_BIRMINGHAM_INTERNATIONAL,Class_730,3
02/01/2026,15:25,RUGELEY_TRENT_VALLEY_BIRMINGHAM_INTERNATIONAL,Class_730,3
02/01/2026,14:40,RUGELEY_TRENT_VALLEY_BIRMINGHAM_INTERNATIONAL,Class_730,3
02/01/2026,13:49,RUGELEY_TRENT_VALLEY_BIRMINGHAM_INTERNATIONAL,Class_730,3
02/01/2026,13:00,RUGELEY_TRENT_VALLEY_BIRMINGHAM_INTERNATIONAL,Class_730,3
02/01/2026,12:43,RUGELEY_TRENT_VALLEY_BIRMINGHAM_INTERNATIONAL,Class_730,3
02/01/2026,12:24,RUGELEY_TRENT_VALLEY_BIRMINGHAM_INTERNATIONAL,Class_730,3
02/01/2026,11:40,RUGELEY_TRENT_VALLEY_BIRMINGHAM_INTERNATIONAL,Class_730,3
02/01/2026,10:59,RUGELEY_TRENT_VALLEY_BIRMINGHAM_INTERNATIONAL,Class_730,3
02/01/2026,10:26,RUGELEY_TRENT_VALLEY_BIRMINGHAM_INTERNATIONAL,Class_730,3
02/01/2026,10:07,RUGELEY_TRENT_VALLEY_BIRMINGHAM_INTERNATIONAL,Class_730,3
02/01/2026,09:45,RUGELEY_TRENT_VALLEY_BIRMINGHAM_INTERNATIONAL,Class_730,3
02/01/2026,09:18,RUGELEY_TRENT_VALLEY_BIRMINGHAM_INTERNATIONAL,Class_730,3
02/01/2026,08:47,RUGELEY_TRENT_VALLEY_BIRMINGHAM_INTERNATIONAL,Class_730,3
02/01/2026,16:28,RUGELEY_TRENT_VALLEY_BIRMINGHAM_INTERNATIONAL,Class_730,3
02/01/2026,09:12,FOUR_OAKS_REDDITCH,Class_730,6
02/01/2026,12:02,CROSS_CITY_LINE_B,Class_730,6
02/01/2026,08:18,FOUR_OAKS_REDDITCH,Class_730,6
02/01/2026,09:28,REDDITCH_FOUR_OAKS,Class_730,6
02/01/2026,09:05,REDDITCH_FOUR_OAKS,Class_730,6
02/01/2026,08:28,REDDITCH_FOUR_OAKS,Class_730,6
02/01/2026,08:06,REDDITCH_FOUR_OAKS,Class_730,6
02/01/2026,07:51,REDDITCH_FOUR_OAKS,Class_730,6
02/01/2026,07:13,REDDITCH_FOUR_OAKS,Class_730,6
02/01/2026,06:57,REDDITCH_FOUR_OAKS,Class_730,6
02/01/2026,06:25,REDDITCH_FOUR_OAKS,Class_730,6
02/01/2026,05:40,REDDITCH_FOUR_OAKS,Class_730,6
02/01/2026,05:19,REDDITCH_FOUR_OAKS,Class_730,6
02/01/2026,22:33,CROSS_CITY_LINE_B,Class_730,6
02/01/2026,22:10,CROSS_CITY_LINE_B,Class_730,6
02/01/2026,21:36,CROSS_CITY_LINE_B,Class_730,6
02/01/2026,09:49,REDDITCH_FOUR_OAKS,Class_730,6
02/01/2026,20:52,CROSS_CITY_LINE_B,Class_730,6
02/01/2026,19:58,CROSS_CITY_LINE_B,Class_730,6
02/01/2026,19:12,CROSS_CITY_LINE_B,Class_730,6
02/01/2026,18:19,CROSS_CITY_LINE_B,Class_730,6
02/01/2026,17:48,CROSS_CITY_LINE_B,Class_730,6
02/01/2026,17:26,CROSS_CITY_LINE_B,Class_730,6
02/01/2026,16:55,CROSS_CITY_LINE_B,Class_730,6
02/01/2026,16:02,CROSS_CITY_LINE_B,Class_730,6
02/01/2026,15:28,CROSS_CITY_LINE_B,Class_730,6
02/01/2026,14:42,CROSS_CITY_LINE_B,Class_730,6
02/01/2026,13:43,CROSS_CITY_LINE_B,Class_730,6
02/01/2026,13:12,CROSS_CITY_LINE_B,Class_730,6
02/01/2026,12:40,CROSS_CITY_LINE_B,Class_730,6
02/01/2026,08:04,BIRMINGHAM_INTERNATIONAL_RUGELEY_TRENT_VALLEY,Class_730,3
02/01/2026,20:32,CROSS_CITY_LINE_B,Class_730,6
02/01/2026,08:48,FOUR_OAKS_REDDITCH,Class_730,6
02/01/2026,10:20,REDDITCH_FOUR_OAKS,Class_730,6
02/01/2026,11:06,REDDITCH_FOUR_OAKS,Class_730,6
02/01/2026,07:58,FOUR_OAKS_REDDITCH,Class_730,6
02/01/2026,07:22,FOUR_OAKS_REDDITCH,Class_730,6
02/01/2026,07:04,FOUR_OAKS_REDDITCH,Class_730,6
02/01/2026,06:37,FOUR_OAKS_REDDITCH,Class_730,6
02/01/2026,05:53,FOUR_OAKS_REDDITCH,Class_730,6
02/01/2026,05:33,FOUR_OAKS_REDDITCH,Class_730,6
02/01/2026,05:12,FOUR_OAKS_REDDITCH,Class_730,6
02/01/2026,23:21,REDDITCH_FOUR_OAKS,Class_730,6
02/01/2026,23:00,REDDITCH_FOUR_OAKS,Class_730,6
02/01/2026,22:34,REDDITCH_FOUR_OAKS,Class_730,6
02/01/2026,22:14,REDDITCH_FOUR_OAKS,Class_730,6
02/01/2026,21:43,REDDITCH_FOUR_OAKS,Class_730,6
02/01/2026,21:25,REDDITCH_FOUR_OAKS,Class_730,6
02/01/2026,10:36,REDDITCH_FOUR_OAKS,Class_730,6
02/01/2026,20:40,REDDITCH_FOUR_OAKS,Class_730,6
02/01/2026,19:18,REDDITCH_FOUR_OAKS,Class_730,6
02/01/2026,18:39,REDDITCH_FOUR_OAKS,Class_730,6
02/01/2026,18:00,REDDITCH_FOUR_OAKS,Class_730,6
02/01/2026,17:33,REDDITCH_FOUR_OAKS,Class_730,6
02/01/2026,16:56,REDDITCH_FOUR_OAKS,Class_730,6
02/01/2026,16:31,REDDITCH_FOUR_OAKS,Class_730,6
02/01/2026,15:48,REDDITCH_FOUR_OAKS,Class_730,6
02/01/2026,14:49,REDDITCH_FOUR_OAKS,Class_730,6
02/01/2026,13:55,REDDITCH_FOUR_OAKS,Class_730,6
02/01/2026,13:30,REDDITCH_FOUR_OAKS,Class_730,6
02/01/2026,12:49,REDDITCH_FOUR_OAKS,Class_730,6
02/01/2026,12:27,REDDITCH_FOUR_OAKS,Class_730,6
02/01/2026,11:43,REDDITCH_FOUR_OAKS,Class_730,6
02/01/2026,20:12,REDDITCH_FOUR_OAKS,Class_730,6
02/01/2026,08:24,BIRMINGHAM_INTERNATIONAL_RUGELEY_TRENT_VALLEY,Class_730,3
02/01/2026,07:09,WOLVERHAMPTON_WALSALL,Class_730,3
02/01/2026,09:23,BIRMINGHAM_INTERNATIONAL_RUGELEY_TRENT_VALLEY,Class_730,3
02/01/2026,05:43,WALSALL_WOLVERHAMPTON,Class_731,3
02/01/2026,05:18,WALSALL_WOLVERHAMPTON,Class_730,3
02/01/2026,22:57,WOLVERHAMPTON_WALSALL,Class_730,3
02/01/2026,22:36,WOLVERHAMPTON_WALSALL,Class_730,3
02/01/2026,22:14,WOLVERHAMPTON_WALSALL,Class_730,3
02/01/2026,21:42,WOLVERHAMPTON_WALSALL,Class_730,3
02/01/2026,21:25,WOLVERHAMPTON_WALSALL,Class_730,3
02/01/2026,20:41,WOLVERHAMPTON_WALSALL,Class_730,3
02/01/2026,20:09,WOLVERHAMPTON_WALSALL,Class_730,3
02/01/2026,19:21,WOLVERHAMPTON_WALSALL,Class_730,3
02/01/2026,18:52,WOLVERHAMPTON_WALSALL,Class_730,3
02/01/2026,18:07,WOLVERHAMPTON_WALSALL,Class_730,3
02/01/2026,17:32,WOLVERHAMPTON_WALSALL,Class_730,3
02/01/2026,17:04,WOLVERHAMPTON_WALSALL,Class_730,3
02/01/2026,16:29,WOLVERHAMPTON_WALSALL,Class_730,3
02/01/2026,15:41,WOLVERHAMPTON_WALSALL,Class_730,3
02/01/2026,14:47,WOLVERHAMPTON_WALSALL,Class_730,3
02/01/2026,13:55,WOLVERHAMPTON_WALSALL,Class_730,3
02/01/2026,13:29,WOLVERHAMPTON_WALSALL,Class_730,3
02/01/2026,12:46,WOLVERHAMPTON_WALSALL,Class_730,3
02/01/2026,12:31,WOLVERHAMPTON_WALSALL,Class_730,3
02/01/2026,11:50,WOLVERHAMPTON_WALSALL,Class_730,3
02/01/2026,11:08,WOLVERHAMPTON_WALSALL,Class_730,3
02/01/2026,10:38,WOLVERHAMPTON_WALSALL,Class_730,3
02/01/2026,10:18,WOLVERHAMPTON_WALSALL,Class_730,3
02/01/2026,09:49,WOLVERHAMPTON_WALSALL,Class_730,3
02/01/2026,09:27,WOLVERHAMPTON_WALSALL,Class_730,3
02/01/2026,06:24,WALSALL_WOLVERHAMPTON,Class_732,3
02/01/2026,06:54,WALSALL_WOLVERHAMPTON,Class_733,3
02/01/2026,07:11,WALSALL_WOLVERHAMPTON,Class_734,3
02/01/2026,07:50,WALSALL_WOLVERHAMPTON,Class_735,3
02/01/2026,23:00,WALSALL_WOLVERHAMPTON,Class_763,3
02/01/2026,22:37,WALSALL_WOLVERHAMPTON,Class_762,3
02/01/2026,22:19,WALSALL_WOLVERHAMPTON,Class_761,3
02/01/2026,21:41,WALSALL_WOLVERHAMPTON,Class_760,3
02/01/2026,21:26,WALSALL_WOLVERHAMPTON,Class_759,3
02/01/2026,20:38,WALSALL_WOLVERHAMPTON,Class_758,3
02/01/2026,20:09,WALSALL_WOLVERHAMPTON,Class_757,3
02/01/2026,19:21,WALSALL_WOLVERHAMPTON,Class_756,3
02/01/2026,18:46,WALSALL_WOLVERHAMPTON,Class_755,3
02/01/2026,18:08,WALSALL_WOLVERHAMPTON,Class_754,3
02/01/2026,17:32,WALSALL_WOLVERHAMPTON,Class_753,3
02/01/2026,17:03,WALSALL_WOLVERHAMPTON,Class_752,3
02/01/2026,16:31,WALSALL_WOLVERHAMPTON,Class_751,3
02/01/2026,09:05,WOLVERHAMPTON_WALSALL,Class_730,3
02/01/2026,15:46,WALSALL_WOLVERHAMPTON,Class_750,3
02/01/2026,13:50,WALSALL_WOLVERHAMPTON,Class_748,3
02/01/2026,13:29,WALSALL_WOLVERHAMPTON,Class_747,3
02/01/2026,12:47,WALSALL_WOLVERHAMPTON,Class_746,3
02/01/2026,12:32,WALSALL_WOLVERHAMPTON,Class_745,3
02/01/2026,11:48,WALSALL_WOLVERHAMPTON,Class_744,3
02/01/2026,11:12,WALSALL_WOLVERHAMPTON,Class_743,3
02/01/2026,10:39,WALSALL_WOLVERHAMPTON,Class_742,3
02/01/2026,10:19,WALSALL_WOLVERHAMPTON,Class_741,3
02/01/2026,09:50,WALSALL_WOLVERHAMPTON,Class_740,3
02/01/2026,09:27,WALSALL_WOLVERHAMPTON,Class_739,3
02/01/2026,09:02,WALSALL_WOLVERHAMPTON,Class_738,3
02/01/2026,08:34,WALSALL_WOLVERHAMPTON,Class_737,3
02/01/2026,08:07,WALSALL_WOLVERHAMPTON,Class_736,3
02/01/2026,14:54,WALSALL_WOLVERHAMPTON,Class_749,3
02/01/2026,08:49,BIRMINGHAM_INTERNATIONAL_RUGELEY_TRENT_VALLEY,Class_730,3
02/01/2026,08:28,WOLVERHAMPTON_WALSALL,Class_730,3
02/01/2026,07:48,WOLVERHAMPTON_WALSALL,Class_730,3
02/01/2026,08:49,NORTHAMPTON_BIRMINGHAM_NEW_STREET,Class_350,5
02/01/2026,08:05,NORTHAMPTON_BIRMINGHAM_NEW_STREET,Class_350,5
02/01/2026,07:05,NORTHAMPTON_BIRMINGHAM_NEW_STREET,Class_350,5
02/01/2026,06:15,NORTHAMPTON_BIRMINGHAM_NEW_STREET,Class_350,5
02/01/2026,05:13,NORTHAMPTON_BIRMINGHAM_NEW_STREET,Class_350,5
02/01/2026,22:02,BIRMINGHAM_INTERNATIONAL_RUGELEY_TRENT_VALLEY,Class_730,3
02/01/2026,21:37,BIRMINGHAM_INTERNATIONAL_RUGELEY_TRENT_VALLEY,Class_730,3
02/01/2026,20:56,BIRMINGHAM_INTERNATIONAL_RUGELEY_TRENT_VALLEY,Class_730,3
02/01/2026,20:33,BIRMINGHAM_INTERNATIONAL_RUGELEY_TRENT_VALLEY,Class_730,3
02/01/2026,19:46,BIRMINGHAM_INTERNATIONAL_RUGELEY_TRENT_VALLEY,Class_730,3
02/01/2026,19:10,BIRMINGHAM_INTERNATIONAL_RUGELEY_TRENT_VALLEY,Class_730,3
02/01/2026,18:21,BIRMINGHAM_INTERNATIONAL_RUGELEY_TRENT_VALLEY,Class_730,3
02/01/2026,17:52,BIRMINGHAM_INTERNATIONAL_RUGELEY_TRENT_VALLEY,Class_730,3
02/01/2026,17:14,BIRMINGHAM_INTERNATIONAL_RUGELEY_TRENT_VALLEY,Class_730,3
02/01/2026,16:45,BIRMINGHAM_INTERNATIONAL_RUGELEY_TRENT_VALLEY,Class_730,3
02/01/2026,16:19,BIRMINGHAM_INTERNATIONAL_RUGELEY_TRENT_VALLEY,Class_730,3
02/01/2026,15:28,BIRMINGHAM_INTERNATIONAL_RUGELEY_TRENT_VALLEY,Class_730,3
02/01/2026,14:42,BIRMINGHAM_INTERNATIONAL_RUGELEY_TRENT_VALLEY,Class_730,3
02/01/2026,13:50,BIRMINGHAM_INTERNATIONAL_RUGELEY_TRENT_VALLEY,Class_730,3
02/01/2026,13:16,BIRMINGHAM_INTERNATIONAL_RUGELEY_TRENT_VALLEY,Class_730,3
02/01/2026,12:41,BIRMINGHAM_INTERNATIONAL_RUGELEY_TRENT_VALLEY,Class_730,3
02/01/2026,12:08,BIRMINGHAM_INTERNATIONAL_RUGELEY_TRENT_VALLEY,Class_730,3
02/01/2026,11:33,BIRMINGHAM_INTERNATIONAL_RUGELEY_TRENT_VALLEY,Class_730,3
02/01/2026,10:49,BIRMINGHAM_INTERNATIONAL_RUGELEY_TRENT_VALLEY,Class_730,3
02/01/2026,10:27,BIRMINGHAM_INTERNATIONAL_RUGELEY_TRENT_VALLEY,Class_730,3
02/01/2026,10:07,BIRMINGHAM_INTERNATIONAL_RUGELEY_TRENT_VALLEY,Class_730,3
02/01/2026,09:46,BIRMINGHAM_INTERNATIONAL_RUGELEY_TRENT_VALLEY,Class_730,3
02/01/2026,09:42,NORTHAMPTON_BIRMINGHAM_NEW_STREET,Class_350,5
02/01/2026,10:33,NORTHAMPTON_BIRMINGHAM_NEW_STREET,Class_350,5
02/01/2026,11:40,NORTHAMPTON_BIRMINGHAM_NEW_STREET,Class_350,5
02/01/2026,12:39,NORTHAMPTON_BIRMINGHAM_NEW_STREET,Class_350,5
02/01/2026,06:53,WOLVERHAMPTON_WALSALL,Class_730,3
02/01/2026,06:26,WOLVERHAMPTON_WALSALL,Class_730,3
02/01/2026,05:50,WOLVERHAMPTON_WALSALL,Class_730,3
02/01/2026,05:26,WOLVERHAMPTON_WALSALL,Class_730,3
02/01/2026,23:06,BIRMINGHAM_NEW_STREET_NORTHAMPTON,Class_350,8
02/01/2026,22:19,BIRMINGHAM_NEW_STREET_NORTHAMPTON,Class_350,8
02/01/2026,21:26,BIRMINGHAM_NEW_STREET_NORTHAMPTON,Class_350,8
02/01/2026,20:13,BIRMINGHAM_NEW_STREET_NORTHAMPTON,Class_350,8
02/01/2026,18:55,BIRMINGHAM_NEW_STREET_NORTHAMPTON,Class_350,8
02/01/2026,17:37,BIRMINGHAM_NEW_STREET_NORTHAMPTON,Class_350,8
02/01/2026,16:39,BIRMINGHAM_NEW_STREET_NORTHAMPTON,Class_350,8
02/01/2026,14:56,BIRMINGHAM_NEW_STREET_NORTHAMPTON,Class_350,8
02/01/2026,13:31,BIRMINGHAM_NEW_STREET_NORTHAMPTON,Class_350,8
02/01/2026,08:08,WOLVERHAMPTON_WALSALL,Class_730,3
02/01/2026,12:35,BIRMINGHAM_NEW_STREET_NORTHAMPTON,Class_350,8
02/01/2026,10:21,BIRMINGHAM_NEW_STREET_NORTHAMPTON,Class_350,8
02/01/2026,09:38,BIRMINGHAM_NEW_STREET_NORTHAMPTON,Class_350,8
02/01/2026,08:37,BIRMINGHAM_NEW_STREET_NORTHAMPTON,Class_350,8
02/01/2026,07:55,BIRMINGHAM_NEW_STREET_NORTHAMPTON,Class_350,8
02/01/2026,06:58,BIRMINGHAM_NEW_STREET_NORTHAMPTON,Class_350,8
02/01/2026,22:29,NORTHAMPTON_BIRMINGHAM_NEW_STREET,Class_350,5
02/01/2026,21:32,NORTHAMPTON_BIRMINGHAM_NEW_STREET,Class_350,5
02/01/2026,20:27,NORTHAMPTON_BIRMINGHAM_NEW_STREET,Class_350,5
02/01/2026,19:14,NORTHAMPTON_BIRMINGHAM_NEW_STREET,Class_350,5
02/01/2026,17:53,NORTHAMPTON_BIRMINGHAM_NEW_STREET,Class_350,5
02/01/2026,16:52,NORTHAMPTON_BIRMINGHAM_NEW_STREET,Class_350,5
02/01/2026,15:39,NORTHAMPTON_BIRMINGHAM_NEW_STREET,Class_350,5
02/01/2026,13:45,NORTHAMPTON_BIRMINGHAM_NEW_STREET,Class_350,5
02/01/2026,11:14,BIRMINGHAM_NEW_STREET_NORTHAMPTON,Class_350,8
02/01/2026,11:00,CROSS_CITY_LINE_B,Class_730,6
02/01/2026,14:05,FOUR_OAKS_REDDITCH,Class_730,6
02/01/2026,10:11,CROSS_CITY_LINE_B,Class_730,6
02/01/2026,19:07,DORRIDGE_BIRMINGHAM_MOOR_STREET,Class_168,6
02/01/2026,18:29,DORRIDGE_BIRMINGHAM_MOOR_STREET,Class_168,6
02/01/2026,17:41,DORRIDGE_BIRMINGHAM_MOOR_STREET,Class_168,6
02/01/2026,17:16,DORRIDGE_BIRMINGHAM_MOOR_STREET,Class_168,6
02/01/2026,16:53,DORRIDGE_BIRMINGHAM_MOOR_STREET,Class_168,6
02/01/2026,16:07,DORRIDGE_BIRMINGHAM_MOOR_STREET,Class_168,6
02/01/2026,15:19,DORRIDGE_BIRMINGHAM_MOOR_STREET,Class_168,6
02/01/2026,14:08,DORRIDGE_BIRMINGHAM_MOOR_STREET,Class_168,6
02/01/2026,13:39,DORRIDGE_BIRMINGHAM_MOOR_STREET,Class_168,6
02/01/2026,13:15,DORRIDGE_BIRMINGHAM_MOOR_STREET,Class_168,6
02/01/2026,12:37,DORRIDGE_BIRMINGHAM_MOOR_STREET,Class_168,6
02/01/2026,11:57,DORRIDGE_BIRMINGHAM_MOOR_STREET,Class_168,6
02/01/2026,11:22,DORRIDGE_BIRMINGHAM_MOOR_STREET,Class_168,6
02/01/2026,10:50,DORRIDGE_BIRMINGHAM_MOOR_STREET,Class_168,6
02/01/2026,10:25,DORRIDGE_BIRMINGHAM_MOOR_STREET,Class_168,6
02/01/2026,10:04,DORRIDGE_BIRMINGHAM_MOOR_STREET,Class_168,6
02/01/2026,09:43,DORRIDGE_BIRMINGHAM_MOOR_STREET,Class_168,6
02/01/2026,09:16,DORRIDGE_BIRMINGHAM_MOOR_STREET,Class_168,6
02/01/2026,08:54,DORRIDGE_BIRMINGHAM_MOOR_STREET,Class_168,6
02/01/2026,08:16,DORRIDGE_BIRMINGHAM_MOOR_STREET,Class_168,6
02/01/2026,07:58,DORRIDGE_BIRMINGHAM_MOOR_STREET,Class_168,6
02/01/2026,07:23,DORRIDGE_BIRMINGHAM_MOOR_STREET,Class_168,6
02/01/2026,07:01,DORRIDGE_BIRMINGHAM_MOOR_STREET,Class_168,6
02/01/2026,06:33,DORRIDGE_BIRMINGHAM_MOOR_STREET,Class_168,6
02/01/2026,06:19,DORRIDGE_BIRMINGHAM_MOOR_STREET,Class_168,6
02/01/2026,23:32,BIRMINGHAM_MOOR_STREET_DORRIDGE,Class_168,6
02/01/2026,23:11,BIRMINGHAM_MOOR_STREET_DORRIDGE,Class_168,6
02/01/2026,19:54,DORRIDGE_BIRMINGHAM_MOOR_STREET,Class_168,6
02/01/2026,20:25,DORRIDGE_BIRMINGHAM_MOOR_STREET,Class_168,6
02/01/2026,20:52,DORRIDGE_BIRMINGHAM_MOOR_STREET,Class_168,6
02/01/2026,21:28,DORRIDGE_BIRMINGHAM_MOOR_STREET,Class_168,6
02/01/2026,16:14,DORRIDGE_BIRMINGHAM_SNOW_HILL,Class_168,6
02/01/2026,14:21,DORRIDGE_BIRMINGHAM_SNOW_HILL,Class_168,6
02/01/2026,13:18,DORRIDGE_BIRMINGHAM_SNOW_HILL,Class_168,6
02/01/2026,12:11,DORRIDGE_BIRMINGHAM_SNOW_HILL,Class_168,6
02/01/2026,10:49,DORRIDGE_BIRMINGHAM_SNOW_HILL,Class_168,6
02/01/2026,10:12,DORRIDGE_BIRMINGHAM_SNOW_HILL,Class_168,6
02/01/2026,09:19,DORRIDGE_BIRMINGHAM_SNOW_HILL,Class_168,6
02/01/2026,08:19,DORRIDGE_BIRMINGHAM_SNOW_HILL,Class_168,6
02/01/2026,23:23,BIRMINGHAM_SNOW_HILL_DORRIDGE,Class_168,6
02/01/2026,22:39,BIRMINGHAM_SNOW_HILL_DORRIDGE,Class_168,6
02/01/2026,21:47,BIRMINGHAM_SNOW_HILL_DORRIDGE,Class_168,6
02/01/2026,20:46,BIRMINGHAM_SNOW_HILL_DORRIDGE,Class_168,6
02/01/2026,19:34,BIRMINGHAM_SNOW_HILL_DORRIDGE,Class_168,6
02/01/2026,22:47,BIRMINGHAM_MOOR_STREET_DORRIDGE,Class_168,6
02/01/2026,18:12,BIRMINGHAM_SNOW_HILL_DORRIDGE,Class_168,6
02/01/2026,15:55,BIRMINGHAM_SNOW_HILL_DORRIDGE,Class_168,6
02/01/2026,14:11,BIRMINGHAM_SNOW_HILL_DORRIDGE,Class_168,6
02/01/2026,12:52,BIRMINGHAM_SNOW_HILL_DORRIDGE,Class_168,6
02/01/2026,11:58,BIRMINGHAM_SNOW_HILL_DORRIDGE,Class_168,6
02/01/2026,10:44,BIRMINGHAM_SNOW_HILL_DORRIDGE,Class_168,6
02/01/2026,10:01,BIRMINGHAM_SNOW_HILL_DORRIDGE,Class_168,6
02/01/2026,09:10,BIRMINGHAM_SNOW_HILL_DORRIDGE,Class_168,6
02/01/2026,08:13,BIRMINGHAM_SNOW_HILL_DORRIDGE,Class_168,6
02/01/2026,23:30,DORRIDGE_BIRMINGHAM_MOOR_STREET,Class_168,6
02/01/2026,23:15,DORRIDGE_BIRMINGHAM_MOOR_STREET,Class_168,6
02/01/2026,22:48,DORRIDGE_BIRMINGHAM_MOOR_STREET,Class_168,6
02/01/2026,22:26,DORRIDGE_BIRMINGHAM_MOOR_STREET,Class_168,6
02/01/2026,21:54,DORRIDGE_BIRMINGHAM_MOOR_STREET,Class_168,6
02/01/2026,17:13,BIRMINGHAM_SNOW_HILL_DORRIDGE,Class_168,6
02/01/2026,22:25,BIRMINGHAM_MOOR_STREET_DORRIDGE,Class_168,6
02/01/2026,21:51,BIRMINGHAM_MOOR_STREET_DORRIDGE,Class_168,6
02/01/2026,21:29,BIRMINGHAM_MOOR_STREET_DORRIDGE,Class_168,6
02/01/2026,21:44,WOLVERHAMPTON_BIRMINGHAM_INTERNATIONAL,Class_158,2
02/01/2026,20:45,WOLVERHAMPTON_BIRMINGHAM_INTERNATIONAL,Class_158,2
02/01/2026,19:42,WOLVERHAMPTON_BIRMINGHAM_INTERNATIONAL,Class_158,2
02/01/2026,18:15,WOLVERHAMPTON_BIRMINGHAM_INTERNATIONAL,Class_158,2
02/01/2026,17:05,WOLVERHAMPTON_BIRMINGHAM_INTERNATIONAL,Class_158,2
02/01/2026,15:57,WOLVERHAMPTON_BIRMINGHAM_INTERNATIONAL,Class_158,2
02/01/2026,14:00,WOLVERHAMPTON_BIRMINGHAM_INTERNATIONAL,Class_158,2
02/01/2026,12:50,WOLVERHAMPTON_BIRMINGHAM_INTERNATIONAL,Class_158,2
02/01/2026,11:53,WOLVERHAMPTON_BIRMINGHAM_INTERNATIONAL,Class_158,2
02/01/2026,10:42,WOLVERHAMPTON_BIRMINGHAM_INTERNATIONAL,Class_158,2
02/01/2026,09:58,WOLVERHAMPTON_BIRMINGHAM_INTERNATIONAL,Class_158,2
02/01/2026,09:09,WOLVERHAMPTON_BIRMINGHAM_INTERNATIONAL,Class_158,2
02/01/2026,07:20,WOLVERHAMPTON_BIRMINGHAM_INTERNATIONAL,Class_158,2
02/01/2026,22:37,WOLVERHAMPTON_BIRMINGHAM_INTERNATIONAL,Class_158,2
02/01/2026,06:30,WOLVERHAMPTON_BIRMINGHAM_INTERNATIONAL,Class_158,2
02/01/2026,19:31,BIRMINGHAM_INTERNATIONA_WOLVERHAMPTON,Class_158,2
02/01/2026,18:10,BIRMINGHAM_INTERNATIONA_WOLVERHAMPTON,Class_158,2
02/01/2026,17:07,BIRMINGHAM_INTERNATIONA_WOLVERHAMPTON,Class_158,2
02/01/2026,15:53,BIRMINGHAM_INTERNATIONA_WOLVERHAMPTON,Class_158,2
02/01/2026,14:02,BIRMINGHAM_INTERNATIONA_WOLVERHAMPTON,Class_158,2
02/01/2026,12:51,BIRMINGHAM_INTERNATIONA_WOLVERHAMPTON,Class_158,2
02/01/2026,11:53,BIRMINGHAM_INTERNATIONA_WOLVERHAMPTON,Class_158,2
02/01/2026,10:39,BIRMINGHAM_INTERNATIONA_WOLVERHAMPTON,Class_158,2
02/01/2026,09:50,BIRMINGHAM_INTERNATIONA_WOLVERHAMPTON,Class_158,2
02/01/2026,09:05,BIRMINGHAM_INTERNATIONA_WOLVERHAMPTON,Class_158,2
02/01/2026,08:08,BIRMINGHAM_INTERNATIONA_WOLVERHAMPTON,Class_158,2
02/01/2026,07:17,BIRMINGHAM_INTERNATIONA_WOLVERHAMPTON,Class_158,2
02/01/2026,10:30,CROSS_CITY_LINE_B,Class_730,6
02/01/2026,05:14,WOLVERHAMPTON_BIRMINGHAM_INTERNATIONAL,Class_158,2
02/01/2026,17:14,DORRIDGE_BIRMINGHAM_SNOW_HILL,Class_168,6
02/01/2026,05:01,BIRMINGHAM_MOOR_STREET_DORRIDGE,Class_168,6
02/01/2026,05:28,BIRMINGHAM_MOOR_STREET_DORRIDGE,Class_168,6
02/01/2026,20:47,BIRMINGHAM_MOOR_STREET_DORRIDGE,Class_168,6
02/01/2026,20:21,BIRMINGHAM_MOOR_STREET_DORRIDGE,Class_168,6
02/01/2026,19:35,BIRMINGHAM_MOOR_STREET_DORRIDGE,Class_168,6
02/01/2026,19:08,BIRMINGHAM_MOOR_STREET_DORRIDGE,Class_168,6
02/01/2026,18:24,BIRMINGHAM_MOOR_STREET_DORRIDGE,Class_168,6
02/01/2026,17:46,BIRMINGHAM_MOOR_STREET_DORRIDGE,Class_168,6
02/01/2026,17:14,BIRMINGHAM_MOOR_STREET_DORRIDGE,Class_168,6
02/01/2026,16:46,BIRMINGHAM_MOOR_STREET_DORRIDGE,Class_168,6
02/01/2026,16:02,BIRMINGHAM_MOOR_STREET_DORRIDGE,Class_168,6
02/01/2026,15:25,BIRMINGHAM_MOOR_STREET_DORRIDGE,Class_168,6
02/01/2026,14:17,BIRMINGHAM_MOOR_STREET_DORRIDGE,Class_168,6
02/01/2026,13:40,BIRMINGHAM_MOOR_STREET_DORRIDGE,Class_168,6
02/01/2026,12:53,BIRMINGHAM_MOOR_STREET_DORRIDGE,Class_168,6
02/01/2026,05:11,BIRMINGHAM_MOOR_STREET_DORRIDGE,Class_168,6
02/01/2026,12:38,BIRMINGHAM_MOOR_STREET_DORRIDGE,Class_168,6
02/01/2026,11:26,BIRMINGHAM_MOOR_STREET_DORRIDGE,Class_168,6
02/01/2026,10:48,BIRMINGHAM_MOOR_STREET_DORRIDGE,Class_168,6
02/01/2026,10:26,BIRMINGHAM_MOOR_STREET_DORRIDGE,Class_168,6
02/01/2026,10:04,BIRMINGHAM_MOOR_STREET_DORRIDGE,Class_168,6
02/01/2026,09:41,BIRMINGHAM_MOOR_STREET_DORRIDGE,Class_168,6
02/01/2026,09:15,BIRMINGHAM_MOOR_STREET_DORRIDGE,Class_168,6
02/01/2026,08:40,BIRMINGHAM_MOOR_STREET_DORRIDGE,Class_168,6
02/01/2026,08:12,BIRMINGHAM_MOOR_STREET_DORRIDGE,Class_168,6
02/01/2026,07:59,BIRMINGHAM_MOOR_STREET_DORRIDGE,Class_168,6
02/01/2026,07:22,BIRMINGHAM_MOOR_STREET_DORRIDGE,Class_168,6
02/01/2026,07:03,BIRMINGHAM_MOOR_STREET_DORRIDGE,Class_168,6
02/01/2026,06:31,BIRMINGHAM_MOOR_STREET_DORRIDGE,Class_168,6
02/01/2026,05:54,BIRMINGHAM_MOOR_STREET_DORRIDGE,Class_168,6
02/01/2026,12:07,BIRMINGHAM_MOOR_STREET_DORRIDGE,Class_168,6
02/01/2026,18:33,DORRIDGE_BIRMINGHAM_SNOW_HILL,Class_168,6
02/01/2026,06:28,BIRMINGHAM_INTERNATIONA_WOLVERHAMPTON,Class_158,2
02/01/2026,21:14,DORRIDGE_BIRMINGHAM_SNOW_HILL,Class_168,6
02/01/2026,11:16,CROSS_CITY_LINE_A,Class_730,6
02/01/2026,10:24,CROSS_CITY_LINE_A,Class_730,6
02/01/2026,09:59,CROSS_CITY_LINE_A,Class_730,6
02/01/2026,09:39,CROSS_CITY_LINE_A,Class_730,6
02/01/2026,09:09,CROSS_CITY_LINE_A,Class_730,6
02/01/2026,08:38,CROSS_CITY_LINE_A,Class_730,6
02/01/2026,08:11,CROSS_CITY_LINE_A,Class_730,6
02/01/2026,07:55,CROSS_CITY_LINE_A,Class_730,6
02/01/2026,07:18,CROSS_CITY_LINE_A,Class_730,6
02/01/2026,07:01,CROSS_CITY_LINE_A,Class_730,6
02/01/2026,06:30,CROSS_CITY_LINE_A,Class_730,6
02/01/2026,05:51,CROSS_CITY_LINE_A,Class_730,6
02/01/2026,05:26,CROSS_CITY_LINE_A,Class_730,6
02/01/2026,11:53,CROSS_CITY_LINE_A,Class_730,6
02/01/2026,22:11,COVENTRY_STAFFORD,Class_390,11
02/01/2026,19:54,COVENTRY_STAFFORD,Class_390,11
02/01/2026,18:34,COVENTRY_STAFFORD,Class_390,11
02/01/2026,17:15,COVENTRY_STAFFORD,Class_390,11
02/01/2026,16:16,COVENTRY_STAFFORD,Class_390,11
02/01/2026,14:31,COVENTRY_STAFFORD,Class_390,11
02/01/2026,13:20,COVENTRY_STAFFORD,Class_390,11
02/01/2026,12:17,COVENTRY_STAFFORD,Class_390,11
02/01/2026,10:55,COVENTRY_STAFFORD,Class_390,11
02/01/2026,10:08,COVENTRY_STAFFORD,Class_390,11
02/01/2026,09:23,COVENTRY_STAFFORD,Class_390,11
02/01/2026,08:27,COVENTRY_STAFFORD,Class_390,11
02/01/2026,07:29,COVENTRY_STAFFORD,Class_390,11
02/01/2026,06:39,COVENTRY_STAFFORD,Class_390,11
02/01/2026,21:18,COVENTRY_STAFFORD,Class_390,11
02/01/2026,22:51,STAFFORD_COVENTRY,Class_390,11
02/01/2026,12:35,CROSS_CITY_LINE_A,Class_730,6
02/01/2026,13:33,CROSS_CITY_LINE_A,Class_730,6
02/01/2026,19:58,DORRIDGE_BIRMINGHAM_SNOW_HILL,Class_168,6
02/01/2026,09:47,CROSS_CITY_LINE_B,Class_730,6
02/01/2026,09:16,CROSS_CITY_LINE_B,Class_730,6
02/01/2026,08:41,CROSS_CITY_LINE_B,Class_730,6
02/01/2026,08:26,CROSS_CITY_LINE_B,Class_730,6
02/01/2026,08:02,CROSS_CITY_LINE_B,Class_730,6
02/01/2026,07:29,CROSS_CITY_LINE_B,Class_730,6
02/01/2026,07:08,CROSS_CITY_LINE_B,Class_730,6
02/01/2026,06:40,CROSS_CITY_LINE_B,Class_730,6
02/01/2026,06:05,CROSS_CITY_LINE_B,Class_730,6
02/01/2026,05:37,CROSS_CITY_LINE_B,Class_730,6
02/01/2026,23:21,CROSS_CITY_LINE_A,Class_730,6
02/01/2026,23:06,CROSS_CITY_LINE_A,Class_730,6
02/01/2026,12:49,CROSS_CITY_LINE_A,Class_730,6
02/01/2026,22:44,CROSS_CITY_LINE_A,Class_730,6
02/01/2026,21:47,CROSS_CITY_LINE_A,Class_730,6
02/01/2026,21:27,CROSS_CITY_LINE_A,Class_730,6
02/01/2026,20:42,CROSS_CITY_LINE_A,Class_730,6
02/01/2026,20:17,CROSS_CITY_LINE_A,Class_730,6
02/01/2026,19:22,CROSS_CITY_LINE_A,Class_730,6
02/01/2026,18:53,CROSS_CITY_LINE_A,Class_730,6
02/01/2026,18:12,CROSS_CITY_LINE_A,Class_730,6
02/01/2026,17:39,CROSS_CITY_LINE_A,Class_730,6
02/01/2026,17:05,CROSS_CITY_LINE_A,Class_730,6
02/01/2026,16:40,CROSS_CITY_LINE_A,Class_730,6
02/01/2026,15:53,CROSS_CITY_LINE_A,Class_730,6
02/01/2026,15:01,CROSS_CITY_LINE_A,Class_730,6
02/01/2026,13:56,CROSS_CITY_LINE_A,Class_730,6
02/01/2026,22:21,CROSS_CITY_LINE_A,Class_730,6
02/01/2026,22:13,STAFFORD_COVENTRY,Class_390,11
02/01/2026,10:47,CROSS_CITY_LINE_A,Class_730,6
02/01/2026,20:06,STAFFORD_COVENTRY,Class_390,11
02/01/2026,08:15,RUGBY_BIRMINGHAM_NEW_STREET,Class_390,7
02/01/2026,07:47,RUGBY_BIRMINGHAM_NEW_STREET,Class_390,7
02/01/2026,20:01,BIRMINGHAM_NEW_STREET_RUGBY,Class_390,7
02/01/2026,18:37,BIRMINGHAM_NEW_STREET_RUGBY,Class_390,7
02/01/2026,17:28,BIRMINGHAM_NEW_STREET_RUGBY,Class_390,7
02/01/2026,16:24,BIRMINGHAM_NEW_STREET_RUGBY,Class_390,7
02/01/2026,14:44,BIRMINGHAM_NEW_STREET_RUGBY,Class_390,7
02/01/2026,13:15,BIRMINGHAM_NEW_STREET_RUGBY,Class_390,7
02/01/2026,12:24,BIRMINGHAM_NEW_STREET_RUGBY,Class_390,7
02/01/2026,11:04,BIRMINGHAM_NEW_STREET_RUGBY,Class_390,7
02/01/2026,10:14,BIRMINGHAM_NEW_STREET_RUGBY,Class_390,7
02/01/2026,08:26,BIRMINGHAM_NEW_STREET_RUGBY,Class_390,7
02/01/2026,07:33,BIRMINGHAM_NEW_STREET_RUGBY,Class_390,7
02/01/2026,08:55,RUGBY_BIRMINGHAM_NEW_STREET,Class_390,7
02/01/2026,06:46,BIRMINGHAM_NEW_STREET_RUGBY,Class_390,7
02/01/2026,20:50,RUGBY_WOLVERHAMPTON,Class_390,11
02/01/2026,19:45,RUGBY_WOLVERHAMPTON,Class_390,11
02/01/2026,06:14,WOLVERHAMPTON_COVENTRY,Class_390,11
02/01/2026,05:28,WOLVERHAMPTON_COVENTRY,Class_390,11
02/01/2026,05:09,WOLVERHAMPTON_COVENTRY,Class_390,11
02/01/2026,05:05,WOLVERHAMPTON_COVENTRY,Class_390,11
02/01/2026,23:16,DORRIDGE_STOURBRIDGE_JUNCTION,Class_168,6
02/01/2026,20:55,DORRIDGE_STOURBRIDGE_JUNCTION,Class_168,6
02/01/2026,18:28,DORRIDGE_STOURBRIDGE_JUNCTION,Class_168,6
02/01/2026,05:32,STOURBRIDGE_JUNCTION_DORRIDGE,Class_168,6
02/01/2026,23:33,DORRIDGE_BIRMINGHAM_SNOW_HILL,Class_168,6
02/01/2026,21:22,STAFFORD_COVENTRY,Class_390,11
02/01/2026,22:49,DORRIDGE_BIRMINGHAM_SNOW_HILL,Class_168,6
02/01/2026,22:56,RUGBY_WOLVERHAMPTON,Class_390,11
02/01/2026,09:21,RUGBY_BIRMINGHAM_NEW_STREET,Class_390,7
02/01/2026,09:26,BIRMINGHAM_NEW_STREET_RUGBY,Class_390,7
02/01/2026,10:06,RUGBY_BIRMINGHAM_NEW_STREET,Class_390,7
02/01/2026,18:38,STAFFORD_COVENTRY,Class_390,11
02/01/2026,09:48,RUGBY_BIRMINGHAM_NEW_STREET,Class_390,7
02/01/2026,16:29,STAFFORD_COVENTRY,Class_390,11
02/01/2026,14:37,STAFFORD_COVENTRY,Class_390,11
02/01/2026,13:27,STAFFORD_COVENTRY,Class_390,11
02/01/2026,12:12,STAFFORD_COVENTRY,Class_390,11
02/01/2026,11:05,STAFFORD_COVENTRY,Class_390,11
02/01/2026,10:14,STAFFORD_COVENTRY,Class_390,11
02/01/2026,09:22,STAFFORD_COVENTRY,Class_390,11
02/01/2026,21:59,DORRIDGE_BIRMINGHAM_SNOW_HILL,Class_168,6
02/01/2026,08:27,STAFFORD_COVENTRY,Class_390,11
02/01/2026,07:48,STAFFORD_COVENTRY,Class_390,11
02/01/2026,06:52,STAFFORD_COVENTRY,Class_390,11
02/01/2026,18:17,RUGBY_BIRMINGHAM_NEW_STREET,Class_390,7
02/01/2026,17:29,STAFFORD_COVENTRY,Class_390,11
02/01/2026,17:18,RUGBY_BIRMINGHAM_NEW_STREET,Class_390,7
02/01/2026,18:04,RUGBY_BIRMINGHAM_NEW_STREET,Class_390,7
02/01/2026,10:57,RUGBY_BIRMINGHAM_NEW_STREET,Class_390,7
02/01/2026,11:43,RUGBY_BIRMINGHAM_NEW_STREET,Class_390,7
02/01/2026,12:16,RUGBY_BIRMINGHAM_NEW_STREET,Class_390,7
02/01/2026,12:49,RUGBY_BIRMINGHAM_NEW_STREET,Class_390,7
02/01/2026,12:58,RUGBY_BIRMINGHAM_NEW_STREET,Class_390,7
02/01/2026,10:35,RUGBY_BIRMINGHAM_NEW_STREET,Class_390,7
02/01/2026,14:28,RUGBY_BIRMINGHAM_NEW_STREET,Class_390,7
02/01/2026,15:45,RUGBY_BIRMINGHAM_NEW_STREET,Class_390,7
02/01/2026,15:57,RUGBY_BIRMINGHAM_NEW_STREET,Class_390,7
02/01/2026,16:56,RUGBY_BIRMINGHAM_NEW_STREET,Class_390,7
02/01/2026,13:54,RUGBY_BIRMINGHAM_NEW_STREET,Class_390,7
03/01/2026,19:14,FOUR_OAKS_REDDITCH,Class_730,6
03/01/2026,19:35,FOUR_OAKS_REDDITCH,Class_730,6
03/01/2026,20:33,FOUR_OAKS_REDDITCH,Class_730,6
03/01/2026,20:56,FOUR_OAKS_REDDITCH,Class_730,6
03/01/2026,21:40,FOUR_OAKS_REDDITCH,Class_730,6
03/01/2026,22:42,FOUR_OAKS_REDDITCH,Class_730,6
03/01/2026,22:54,FOUR_OAKS_REDDITCH,Class_730,6
03/01/2026,23:17,FOUR_OAKS_REDDITCH,Class_730,6
03/01/2026,05:42,RUGELEY_TRENT_VALLEY_BIRMINGHAM_INTERNATIONAL,Class_730,3
03/01/2026,18:34,FOUR_OAKS_REDDITCH,Class_730,6
03/01/2026,06:11,RUGELEY_TRENT_VALLEY_BIRMINGHAM_INTERNATIONAL,Class_730,3
03/01/2026,22:21,FOUR_OAKS_REDDITCH,Class_730,6
03/01/2026,18:18,FOUR_OAKS_REDDITCH,Class_730,6
03/01/2026,15:26,FOUR_OAKS_REDDITCH,Class_730,6
03/01/2026,17:27,FOUR_OAKS_REDDITCH,Class_730,6
03/01/2026,16:59,FOUR_OAKS_REDDITCH,Class_730,6
03/01/2026,16:14,FOUR_OAKS_REDDITCH,Class_730,6
03/01/2026,10:41,FOUR_OAKS_REDDITCH,Class_730,6
03/01/2026,14:52,FOUR_OAKS_REDDITCH,Class_730,6
03/01/2026,14:11,FOUR_OAKS_REDDITCH,Class_730,6
03/01/2026,13:38,FOUR_OAKS_REDDITCH,Class_730,6
03/01/2026,12:55,FOUR_OAKS_REDDITCH,Class_730,6
03/01/2026,12:31,FOUR_OAKS_REDDITCH,Class_730,6
03/01/2026,12:09,FOUR_OAKS_REDDITCH,Class_730,6
03/01/2026,11:18,FOUR_OAKS_REDDITCH,Class_730,6
03/01/2026,06:41,RUGELEY_TRENT_VALLEY_BIRMINGHAM_INTERNATIONAL,Class_730,3
03/01/2026,17:56,FOUR_OAKS_REDDITCH,Class_730,6
03/01/2026,07:03,RUGELEY_TRENT_VALLEY_BIRMINGHAM_INTERNATIONAL,Class_730,3
03/01/2026,06:39,BIRMINGHAM_INTERNATIONAL_RUGELEY_TRENT_VALLEY,Class_730,3
03/01/2026,08:03,RUGELEY_TRENT_VALLEY_BIRMINGHAM_INTERNATIONAL,Class_730,3
03/01/2026,07:04,BIRMINGHAM_INTERNATIONAL_RUGELEY_TRENT_VALLEY,Class_730,3
03/01/2026,10:04,FOUR_OAKS_REDDITCH,Class_730,6
03/01/2026,06:10,BIRMINGHAM_INTERNATIONAL_RUGELEY_TRENT_VALLEY,Class_730,3
03/01/2026,22:34,RUGELEY_TRENT_VALLEY_BIRMINGHAM_INTERNATIONAL,Class_730,3
03/01/2026,21:54,RUGELEY_TRENT_VALLEY_BIRMINGHAM_INTERNATIONAL,Class_730,3
03/01/2026,21:09,RUGELEY_TRENT_VALLEY_BIRMINGHAM_INTERNATIONAL,Class_730,3
03/01/2026,20:38,RUGELEY_TRENT_VALLEY_BIRMINGHAM_INTERNATIONAL,Class_730,3
03/01/2026,20:09,RUGELEY_TRENT_VALLEY_BIRMINGHAM_INTERNATIONAL,Class_730,3
03/01/2026,19:25,RUGELEY_TRENT_VALLEY_BIRMINGHAM_INTERNATIONAL,Class_730,3
03/01/2026,18:51,RUGELEY_TRENT_VALLEY_BIRMINGHAM_INTERNATIONAL,Class_730,3
03/01/2026,18:22,RUGELEY_TRENT_VALLEY_BIRMINGHAM_INTERNATIONAL,Class_730,3
03/01/2026,18:00,RUGELEY_TRENT_VALLEY_BIRMINGHAM_INTERNATIONAL,Class_730,3
03/01/2026,17:34,RUGELEY_TRENT_VALLEY_BIRMINGHAM_INTERNATIONAL,Class_730,3
03/01/2026,07:22,RUGELEY_TRENT_VALLEY_BIRMINGHAM_INTERNATIONAL,Class_730,3
03/01/2026,17:10,RUGELEY_TRENT_VALLEY_BIRMINGHAM_INTERNATIONAL,Class_730,3
03/01/2026,15:48,RUGELEY_TRENT_VALLEY_BIRMINGHAM_INTERNATIONAL,Class_730,3
03/01/2026,14:52,RUGELEY_TRENT_VALLEY_BIRMINGHAM_INTERNATIONAL,Class_730,3
03/01/2026,14:20,RUGELEY_TRENT_VALLEY_BIRMINGHAM_INTERNATIONAL,Class_730,3
03/01/2026,13:42,RUGELEY_TRENT_VALLEY_BIRMINGHAM_INTERNATIONAL,Class_730,3
03/01/2026,13:08,RUGELEY_TRENT_VALLEY_BIRMINGHAM_INTERNATIONAL,Class_730,3
03/01/2026,12:35,RUGELEY_TRENT_VALLEY_BIRMINGHAM_INTERNATIONAL,Class_730,3
03/01/2026,12:13,RUGELEY_TRENT_VALLEY_BIRMINGHAM_INTERNATIONAL,Class_730,3
03/01/2026,11:28,RUGELEY_TRENT_VALLEY_BIRMINGHAM_INTERNATIONAL,Class_730,3
03/01/2026,10:49,RUGELEY_TRENT_VALLEY_BIRMINGHAM_INTERNATIONAL,Class_730,3
03/01/2026,10:06,RUGELEY_TRENT_VALLEY_BIRMINGHAM_INTERNATIONAL,Class_730,3
03/01/2026,09:28,RUGELEY_TRENT_VALLEY_BIRMINGHAM_INTERNATIONAL,Class_730,3
03/01/2026,08:57,RUGELEY_TRENT_VALLEY_BIRMINGHAM_INTERNATIONAL,Class_730,3
03/01/2026,08:29,RUGELEY_TRENT_VALLEY_BIRMINGHAM_INTERNATIONAL,Class_730,3
03/01/2026,16:24,RUGELEY_TRENT_VALLEY_BIRMINGHAM_INTERNATIONAL,Class_730,3
03/01/2026,09:32,FOUR_OAKS_REDDITCH,Class_730,6
03/01/2026,13:44,CROSS_CITY_LINE_B,Class_730,6
03/01/2026,08:21,FOUR_OAKS_REDDITCH,Class_730,6
03/01/2026,09:54,REDDITCH_FOUR_OAKS,Class_730,6
03/01/2026,09:12,REDDITCH_FOUR_OAKS,Class_730,6
03/01/2026,08:46,REDDITCH_FOUR_OAKS,Class_730,6
03/01/2026,08:13,REDDITCH_FOUR_OAKS,Class_730,6
03/01/2026,07:48,REDDITCH_FOUR_OAKS,Class_730,6
03/01/2026,07:09,REDDITCH_FOUR_OAKS,Class_730,6
03/01/2026,06:45,REDDITCH_FOUR_OAKS,Class_730,6
03/01/2026,06:13,REDDITCH_FOUR_OAKS,Class_730,6
03/01/2026,06:01,REDDITCH_FOUR_OAKS,Class_730,6
03/01/2026,05:32,REDDITCH_FOUR_OAKS,Class_730,6
03/01/2026,22:43,CROSS_CITY_LINE_B,Class_730,6
03/01/2026,22:18,CROSS_CITY_LINE_B,Class_730,6
03/01/2026,21:55,CROSS_CITY_LINE_B,Class_730,6
03/01/2026,10:28,REDDITCH_FOUR_OAKS,Class_730,6
03/01/2026,21:10,CROSS_CITY_LINE_B,Class_730,6
03/01/2026,19:55,CROSS_CITY_LINE_B,Class_730,6
03/01/2026,19:24,CROSS_CITY_LINE_B,Class_730,6
03/01/2026,18:47,CROSS_CITY_LINE_B,Class_730,6
03/01/2026,18:20,CROSS_CITY_LINE_B,Class_730,6
03/01/2026,17:57,CROSS_CITY_LINE_B,Class_730,6
03/01/2026,17:31,CROSS_CITY_LINE_B,Class_730,6
03/01/2026,17:09,CROSS_CITY_LINE_B,Class_730,6
03/01/2026,16:15,CROSS_CITY_LINE_B,Class_730,6
03/01/2026,15:26,CROSS_CITY_LINE_B,Class_730,6
03/01/2026,14:46,CROSS_CITY_LINE_B,Class_730,6
03/01/2026,14:15,CROSS_CITY_LINE_B,Class_730,6
03/01/2026,07:24,BIRMINGHAM_INTERNATIONAL_RUGELEY_TRENT_VALLEY,Class_730,3
03/01/2026,13:05,CROSS_CITY_LINE_B,Class_730,6
03/01/2026,20:36,CROSS_CITY_LINE_B,Class_730,6
03/01/2026,08:58,FOUR_OAKS_REDDITCH,Class_730,6
03/01/2026,11:14,REDDITCH_FOUR_OAKS,Class_730,6
03/01/2026,12:21,REDDITCH_FOUR_OAKS,Class_730,6
03/01/2026,07:57,FOUR_OAKS_REDDITCH,Class_730,6
03/01/2026,07:13,FOUR_OAKS_REDDITCH,Class_730,6
03/01/2026,06:55,FOUR_OAKS_REDDITCH,Class_730,6
03/01/2026,06:38,FOUR_OAKS_REDDITCH,Class_730,6
03/01/2026,06:06,FOUR_OAKS_REDDITCH,Class_730,6
03/01/2026,05:40,FOUR_OAKS_REDDITCH,Class_730,6
03/01/2026,05:11,FOUR_OAKS_REDDITCH,Class_730,6
03/01/2026,23:23,REDDITCH_FOUR_OAKS,Class_730,6
03/01/2026,23:07,REDDITCH_FOUR_OAKS,Class_730,6
03/01/2026,22:50,REDDITCH_FOUR_OAKS,Class_730,6
03/01/2026,22:37,REDDITCH_FOUR_OAKS,Class_730,6
03/01/2026,21:57,REDDITCH_FOUR_OAKS,Class_730,6
03/01/2026,21:34,REDDITCH_FOUR_OAKS,Class_730,6
03/01/2026,11:50,REDDITCH_FOUR_OAKS,Class_730,6
03/01/2026,20:50,REDDITCH_FOUR_OAKS,Class_730,6
03/01/2026,19:25,REDDITCH_FOUR_OAKS,Class_730,6
03/01/2026,19:09,REDDITCH_FOUR_OAKS,Class_730,6
03/01/2026,18:29,REDDITCH_FOUR_OAKS,Class_730,6
03/01/2026,18:10,REDDITCH_FOUR_OAKS,Class_730,6
03/01/2026,17:40,REDDITCH_FOUR_OAKS,Class_730,6
03/01/2026,17:19,REDDITCH_FOUR_OAKS,Class_730,6
03/01/2026,16:44,REDDITCH_FOUR_OAKS,Class_730,6
03/01/2026,15:54,REDDITCH_FOUR_OAKS,Class_730,6
03/01/2026,15:15,REDDITCH_FOUR_OAKS,Class_730,6
03/01/2026,14:40,REDDITCH_FOUR_OAKS,Class_730,6
03/01/2026,13:49,REDDITCH_FOUR_OAKS,Class_730,6
03/01/2026,13:32,REDDITCH_FOUR_OAKS,Class_730,6
03/01/2026,12:44,REDDITCH_FOUR_OAKS,Class_730,6
03/01/2026,20:12,REDDITCH_FOUR_OAKS,Class_730,6
03/01/2026,07:59,BIRMINGHAM_INTERNATIONAL_RUGELEY_TRENT_VALLEY,Class_730,3
03/01/2026,06:46,WOLVERHAMPTON_WALSALL,Class_730,3
03/01/2026,09:00,BIRMINGHAM_INTERNATIONAL_RUGELEY_TRENT_VALLEY,Class_730,3
03/01/2026,06:12,WALSALL_WOLVERHAMPTON,Class_732,3
03/01/2026,06:01,WALSALL_WOLVERHAMPTON,Class_731,3
03/01/2026,05:28,WALSALL_WOLVERHAMPTON,Class_730,3
03/01/2026,23:06,WOLVERHAMPTON_WALSALL,Class_730,3
03/01/2026,22:49,WOLVERHAMPTON_WALSALL,Class_730,3
03/01/2026,22:36,WOLVERHAMPTON_WALSALL,Class_730,3
03/01/2026,21:57,WOLVERHAMPTON_WALSALL,Class_730,3
03/01/2026,21:30,WOLVERHAMPTON_WALSALL,Class_730,3
03/01/2026,20:50,WOLVERHAMPTON_WALSALL,Class_730,3
03/01/2026,20:22,WOLVERHAMPTON_WALSALL,Class_730,3
03/01/2026,19:26,WOLVERHAMPTON_WALSALL,Class_730,3
03/01/2026,19:04,WOLVERHAMPTON_WALSALL,Class_730,3
03/01/2026,18:30,WOLVERHAMPTON_WALSALL,Class_730,3
03/01/2026,06:44,WALSALL_WOLVERHAMPTON,Class_733,3
03/01/2026,18:09,WOLVERHAMPTON_WALSALL,Class_730,3
03/01/2026,17:17,WOLVERHAMPTON_WALSALL,Class_730,3
03/01/2026,16:38,WOLVERHAMPTON_WALSALL,Class_730,3
03/01/2026,15:51,WOLVERHAMPTON_WALSALL,Class_730,3
03/01/2026,15:13,WOLVERHAMPTON_WALSALL,Class_730,3
03/01/2026,14:36,WOLVERHAMPTON_WALSALL,Class_730,3
03/01/2026,13:51,WOLVERHAMPTON_WALSALL,Class_730,3
03/01/2026,13:29,WOLVERHAMPTON_WALSALL,Class_730,3
03/01/2026,12:42,WOLVERHAMPTON_WALSALL,Class_730,3
03/01/2026,12:28,WOLVERHAMPTON_WALSALL,Class_730,3
03/01/2026,11:54,WOLVERHAMPTON_WALSALL,Class_730,3
03/01/2026,11:06,WOLVERHAMPTON_WALSALL,Class_730,3
03/01/2026,10:33,WOLVERHAMPTON_WALSALL,Class_730,3
03/01/2026,09:54,WOLVERHAMPTON_WALSALL,Class_730,3
03/01/2026,17:38,WOLVERHAMPTON_WALSALL,Class_730,3
03/01/2026,09:10,WOLVERHAMPTON_WALSALL,Class_730,3
03/01/2026,07:07,WALSALL_WOLVERHAMPTON,Class_734,3
03/01/2026,08:11,WALSALL_WOLVERHAMPTON,Class_736,3
03/01/2026,23:03,WALSALL_WOLVERHAMPTON,Class_763,3
03/01/2026,12:37,CROSS_CITY_LINE_B,Class_730,6
03/01/2026,22:49,WALSALL_WOLVERHAMPTON,Class_762,3
03/01/2026,22:39,WALSALL_WOLVERHAMPTON,Class_761,3
03/01/2026,22:07,WALSALL_WOLVERHAMPTON,Class_760,3
03/01/2026,21:33,WALSALL_WOLVERHAMPTON,Class_759,3
03/01/2026,20:53,WALSALL_WOLVERHAMPTON,Class_758,3
03/01/2026,20:10,WALSALL_WOLVERHAMPTON,Class_757,3
03/01/2026,19:26,WALSALL_WOLVERHAMPTON,Class_756,3
03/01/2026,19:09,WALSALL_WOLVERHAMPTON,Class_755,3
03/01/2026,18:27,WALSALL_WOLVERHAMPTON,Class_754,3
03/01/2026,18:07,WALSALL_WOLVERHAMPTON,Class_753,3
03/01/2026,17:38,WALSALL_WOLVERHAMPTON,Class_752,3
03/01/2026,07:38,WALSALL_WOLVERHAMPTON,Class_735,3
03/01/2026,17:22,WALSALL_WOLVERHAMPTON,Class_751,3
03/01/2026,15:58,WALSALL_WOLVERHAMPTON,Class_749,3
03/01/2026,15:15,WALSALL_WOLVERHAMPTON,Class_748,3
03/01/2026,14:38,WALSALL_WOLVERHAMPTON,Class_747,3
03/01/2026,13:49,WALSALL_WOLVERHAMPTON,Class_746,3
03/01/2026,13:27,WALSALL_WOLVERHAMPTON,Class_745,3
03/01/2026,12:42,WALSALL_WOLVERHAMPTON,Class_744,3
03/01/2026,12:28,WALSALL_WOLVERHAMPTON,Class_743,3
03/01/2026,11:45,WALSALL_WOLVERHAMPTON,Class_742,3
03/01/2026,11:13,WALSALL_WOLVERHAMPTON,Class_741,3
03/01/2026,10:23,WALSALL_WOLVERHAMPTON,Class_740,3
03/01/2026,09:52,WALSALL_WOLVERHAMPTON,Class_739,3
03/01/2026,09:13,WALSALL_WOLVERHAMPTON,Class_738,3
03/01/2026,08:47,WALSALL_WOLVERHAMPTON,Class_737,3
03/01/2026,16:37,WALSALL_WOLVERHAMPTON,Class_750,3
03/01/2026,08:33,BIRMINGHAM_INTERNATIONAL_RUGELEY_TRENT_VALLEY,Class_730,3
03/01/2026,08:45,WOLVERHAMPTON_WALSALL,Class_730,3
03/01/2026,07:46,WOLVERHAMPTON_WALSALL,Class_730,3
03/01/2026,09:05,NORTHAMPTON_BIRMINGHAM_NEW_STREET,Class_350,5
03/01/2026,08:05,NORTHAMPTON_BIRMINGHAM_NEW_STREET,Class_350,5
03/01/2026,07:03,NORTHAMPTON_BIRMINGHAM_NEW_STREET,Class_350,5
03/01/2026,06:10,NORTHAMPTON_BIRMINGHAM_NEW_STREET,Class_350,5
03/01/2026,05:24,NORTHAMPTON_BIRMINGHAM_NEW_STREET,Class_350,5
03/01/2026,22:33,BIRMINGHAM_INTERNATIONAL_RUGELEY_TRENT_VALLEY,Class_730,3
03/01/2026,21:41,BIRMINGHAM_INTERNATIONAL_RUGELEY_TRENT_VALLEY,Class_730,3
03/01/2026,21:02,BIRMINGHAM_INTERNATIONAL_RUGELEY_TRENT_VALLEY,Class_730,3
03/01/2026,20:41,BIRMINGHAM_INTERNATIONAL_RUGELEY_TRENT_VALLEY,Class_730,3
03/01/2026,19:47,BIRMINGHAM_INTERNATIONAL_RUGELEY_TRENT_VALLEY,Class_730,3
03/01/2026,19:16,BIRMINGHAM_INTERNATIONAL_RUGELEY_TRENT_VALLEY,Class_730,3
03/01/2026,18:40,BIRMINGHAM_INTERNATIONAL_RUGELEY_TRENT_VALLEY,Class_730,3
03/01/2026,18:24,BIRMINGHAM_INTERNATIONAL_RUGELEY_TRENT_VALLEY,Class_730,3
03/01/2026,10:15,NORTHAMPTON_BIRMINGHAM_NEW_STREET,Class_350,5
03/01/2026,17:58,BIRMINGHAM_INTERNATIONAL_RUGELEY_TRENT_VALLEY,Class_730,3
03/01/2026,17:09,BIRMINGHAM_INTERNATIONAL_RUGELEY_TRENT_VALLEY,Class_730,3
03/01/2026,16:23,BIRMINGHAM_INTERNATIONAL_RUGELEY_TRENT_VALLEY,Class_730,3
03/01/2026,15:36,BIRMINGHAM_INTERNATIONAL_RUGELEY_TRENT_VALLEY,Class_730,3
03/01/2026,14:59,BIRMINGHAM_INTERNATIONAL_RUGELEY_TRENT_VALLEY,Class_730,3
03/01/2026,14:30,BIRMINGHAM_INTERNATIONAL_RUGELEY_TRENT_VALLEY,Class_730,3
03/01/2026,13:47,BIRMINGHAM_INTERNATIONAL_RUGELEY_TRENT_VALLEY,Class_730,3
03/01/2026,12:57,BIRMINGHAM_INTERNATIONAL_RUGELEY_TRENT_VALLEY,Class_730,3
03/01/2026,12:39,BIRMINGHAM_INTERNATIONAL_RUGELEY_TRENT_VALLEY,Class_730,3
03/01/2026,12:19,BIRMINGHAM_INTERNATIONAL_RUGELEY_TRENT_VALLEY,Class_730,3
03/01/2026,11:29,BIRMINGHAM_INTERNATIONAL_RUGELEY_TRENT_VALLEY,Class_730,3
03/01/2026,10:49,BIRMINGHAM_INTERNATIONAL_RUGELEY_TRENT_VALLEY,Class_730,3
03/01/2026,10:22,BIRMINGHAM_INTERNATIONAL_RUGELEY_TRENT_VALLEY,Class_730,3
03/01/2026,09:50,BIRMINGHAM_INTERNATIONAL_RUGELEY_TRENT_VALLEY,Class_730,3
03/01/2026,17:32,BIRMINGHAM_INTERNATIONAL_RUGELEY_TRENT_VALLEY,Class_730,3
03/01/2026,08:11,WOLVERHAMPTON_WALSALL,Class_730,3
03/01/2026,11:41,NORTHAMPTON_BIRMINGHAM_NEW_STREET,Class_350,5
03/01/2026,13:43,NORTHAMPTON_BIRMINGHAM_NEW_STREET,Class_350,5
03/01/2026,07:10,WOLVERHAMPTON_WALSALL,Class_730,3
03/01/2026,06:14,WOLVERHAMPTON_WALSALL,Class_730,3
03/01/2026,05:52,WOLVERHAMPTON_WALSALL,Class_730,3
03/01/2026,05:26,WOLVERHAMPTON_WALSALL,Class_730,3
03/01/2026,23:08,BIRMINGHAM_NEW_STREET_NORTHAMPTON,Class_350,8
03/01/2026,22:39,BIRMINGHAM_NEW_STREET_NORTHAMPTON,Class_350,8
03/01/2026,21:37,BIRMINGHAM_NEW_STREET_NORTHAMPTON,Class_350,8
03/01/2026,20:23,BIRMINGHAM_NEW_STREET_NORTHAMPTON,Class_350,8
03/01/2026,19:11,BIRMINGHAM_NEW_STREET_NORTHAMPTON,Class_350,8
03/01/2026,18:11,BIRMINGHAM_NEW_STREET_NORTHAMPTON,Class_350,8
03/01/2026,17:22,BIRMINGHAM_NEW_STREET_NORTHAMPTON,Class_350,8
03/01/2026,16:06,BIRMINGHAM_NEW_STREET_NORTHAMPTON,Class_350,8
03/01/2026,14:42,BIRMINGHAM_NEW_STREET_NORTHAMPTON,Class_350,8
03/01/2026,12:40,NORTHAMPTON_BIRMINGHAM_NEW_STREET,Class_350,5
03/01/2026,13:33,BIRMINGHAM_NEW_STREET_NORTHAMPTON,Class_350,8
03/01/2026,11:15,BIRMINGHAM_NEW_STREET_NORTHAMPTON,Class_350,8
03/01/2026,09:55,BIRMINGHAM_NEW_STREET_NORTHAMPTON,Class_350,8
03/01/2026,08:48,BIRMINGHAM_NEW_STREET_NORTHAMPTON,Class_350,8
03/01/2026,07:51,BIRMINGHAM_NEW_STREET_NORTHAMPTON,Class_350,8
03/01/2026,06:47,BIRMINGHAM_NEW_STREET_NORTHAMPTON,Class_350,8
03/01/2026,22:46,NORTHAMPTON_BIRMINGHAM_NEW_STREET,Class_350,5
03/01/2026,21:55,NORTHAMPTON_BIRMINGHAM_NEW_STREET,Class_350,5
03/01/2026,20:40,NORTHAMPTON_BIRMINGHAM_NEW_STREET,Class_350,5
03/01/2026,19:21,NORTHAMPTON_BIRMINGHAM_NEW_STREET,Class_350,5
03/01/2026,18:25,NORTHAMPTON_BIRMINGHAM_NEW_STREET,Class_350,5
03/01/2026,17:35,NORTHAMPTON_BIRMINGHAM_NEW_STREET,Class_350,5
03/01/2026,16:27,NORTHAMPTON_BIRMINGHAM_NEW_STREET,Class_350,5
03/01/2026,15:07,NORTHAMPTON_BIRMINGHAM_NEW_STREET,Class_350,5
03/01/2026,12:30,BIRMINGHAM_NEW_STREET_NORTHAMPTON,Class_350,8
03/01/2026,12:13,CROSS_CITY_LINE_B,Class_730,6
03/01/2026,17:59,COVENTRY_STAFFORD,Class_390,11
03/01/2026,10:51,CROSS_CITY_LINE_B,Class_730,6
03/01/2026,18:41,DORRIDGE_BIRMINGHAM_MOOR_STREET,Class_168,6
03/01/2026,18:22,DORRIDGE_BIRMINGHAM_MOOR_STREET,Class_168,6
03/01/2026,17:44,DORRIDGE_BIRMINGHAM_MOOR_STREET,Class_168,6
03/01/2026,17:29,DORRIDGE_BIRMINGHAM_MOOR_STREET,Class_168,6
03/01/2026,16:59,DORRIDGE_BIRMINGHAM_MOOR_STREET,Class_168,6
03/01/2026,16:15,DORRIDGE_BIRMINGHAM_MOOR_STREET,Class_168,6
03/01/2026,15:34,DORRIDGE_BIRMINGHAM_MOOR_STREET,Class_168,6
03/01/2026,14:47,DORRIDGE_BIRMINGHAM_MOOR_STREET,Class_168,6
03/01/2026,14:08,DORRIDGE_BIRMINGHAM_MOOR_STREET,Class_168,6
03/01/2026,13:42,DORRIDGE_BIRMINGHAM_MOOR_STREET,Class_168,6
03/01/2026,13:06,DORRIDGE_BIRMINGHAM_MOOR_STREET,Class_168,6
03/01/2026,12:35,DORRIDGE_BIRMINGHAM_MOOR_STREET,Class_168,6
03/01/2026,12:13,DORRIDGE_BIRMINGHAM_MOOR_STREET,Class_168,6
03/01/2026,11:25,DORRIDGE_BIRMINGHAM_MOOR_STREET,Class_168,6
03/01/2026,10:45,DORRIDGE_BIRMINGHAM_MOOR_STREET,Class_168,6
03/01/2026,10:07,DORRIDGE_BIRMINGHAM_MOOR_STREET,Class_168,6
03/01/2026,09:35,DORRIDGE_BIRMINGHAM_MOOR_STREET,Class_168,6
03/01/2026,09:01,DORRIDGE_BIRMINGHAM_MOOR_STREET,Class_168,6
03/01/2026,08:25,DORRIDGE_BIRMINGHAM_MOOR_STREET,Class_168,6
03/01/2026,07:57,DORRIDGE_BIRMINGHAM_MOOR_STREET,Class_168,6
03/01/2026,07:14,DORRIDGE_BIRMINGHAM_MOOR_STREET,Class_168,6
03/01/2026,06:58,DORRIDGE_BIRMINGHAM_MOOR_STREET,Class_168,6
03/01/2026,06:37,DORRIDGE_BIRMINGHAM_MOOR_STREET,Class_168,6
03/01/2026,06:07,DORRIDGE_BIRMINGHAM_MOOR_STREET,Class_168,6
03/01/2026,23:32,BIRMINGHAM_MOOR_STREET_DORRIDGE,Class_168,6
03/01/2026,23:19,BIRMINGHAM_MOOR_STREET_DORRIDGE,Class_168,6
03/01/2026,22:52,BIRMINGHAM_MOOR_STREET_DORRIDGE,Class_168,6
03/01/2026,19:14,DORRIDGE_BIRMINGHAM_MOOR_STREET,Class_168,6
03/01/2026,19:46,DORRIDGE_BIRMINGHAM_MOOR_STREET,Class_168,6
03/01/2026,20:35,DORRIDGE_BIRMINGHAM_MOOR_STREET,Class_168,6
03/01/2026,20:56,DORRIDGE_BIRMINGHAM_MOOR_STREET,Class_168,6
03/01/2026,15:39,DORRIDGE_BIRMINGHAM_SNOW_HILL,Class_168,6
03/01/2026,14:26,DORRIDGE_BIRMINGHAM_SNOW_HILL,Class_168,6
03/01/2026,13:09,DORRIDGE_BIRMINGHAM_SNOW_HILL,Class_168,6
03/01/2026,12:17,DORRIDGE_BIRMINGHAM_SNOW_HILL,Class_168,6
03/01/2026,11:02,DORRIDGE_BIRMINGHAM_SNOW_HILL,Class_168,6
03/01/2026,09:37,DORRIDGE_BIRMINGHAM_SNOW_HILL,Class_168,6
03/01/2026,08:21,DORRIDGE_BIRMINGHAM_SNOW_HILL,Class_168,6
03/01/2026,23:28,BIRMINGHAM_SNOW_HILL_DORRIDGE,Class_168,6
03/01/2026,22:50,BIRMINGHAM_SNOW_HILL_DORRIDGE,Class_168,6
03/01/2026,22:10,BIRMINGHAM_SNOW_HILL_DORRIDGE,Class_168,6
03/01/2026,20:54,BIRMINGHAM_SNOW_HILL_DORRIDGE,Class_168,6
03/01/2026,19:38,BIRMINGHAM_SNOW_HILL_DORRIDGE,Class_168,6
03/01/2026,18:32,BIRMINGHAM_SNOW_HILL_DORRIDGE,Class_168,6
03/01/2026,22:42,BIRMINGHAM_MOOR_STREET_DORRIDGE,Class_168,6
03/01/2026,17:47,BIRMINGHAM_SNOW_HILL_DORRIDGE,Class_168,6
03/01/2026,15:17,BIRMINGHAM_SNOW_HILL_DORRIDGE,Class_168,6
03/01/2026,13:58,BIRMINGHAM_SNOW_HILL_DORRIDGE,Class_168,6
03/01/2026,12:49,BIRMINGHAM_SNOW_HILL_DORRIDGE,Class_168,6
03/01/2026,12:04,BIRMINGHAM_SNOW_HILL_DORRIDGE,Class_168,6
03/01/2026,10:39,BIRMINGHAM_SNOW_HILL_DORRIDGE,Class_168,6
03/01/2026,09:16,BIRMINGHAM_SNOW_HILL_DORRIDGE,Class_168,6
03/01/2026,08:20,BIRMINGHAM_SNOW_HILL_DORRIDGE,Class_168,6
03/01/2026,23:34,DORRIDGE_BIRMINGHAM_MOOR_STREET,Class_168,6
03/01/2026,23:16,DORRIDGE_BIRMINGHAM_MOOR_STREET,Class_168,6
03/01/2026,22:54,DORRIDGE_BIRMINGHAM_MOOR_STREET,Class_168,6
03/01/2026,22:40,DORRIDGE_BIRMINGHAM_MOOR_STREET,Class_168,6
03/01/2026,22:15,DORRIDGE_BIRMINGHAM_MOOR_STREET,Class_168,6
03/01/2026,21:42,DORRIDGE_BIRMINGHAM_MOOR_STREET,Class_168,6
03/01/2026,16:58,BIRMINGHAM_SNOW_HILL_DORRIDGE,Class_168,6
03/01/2026,17:03,DORRIDGE_BIRMINGHAM_SNOW_HILL,Class_168,6
03/01/2026,22:11,BIRMINGHAM_MOOR_STREET_DORRIDGE,Class_168,6
03/01/2026,21:00,BIRMINGHAM_MOOR_STREET_DORRIDGE,Class_168,6
03/01/2026,20:53,WOLVERHAMPTON_BIRMINGHAM_INTERNATIONAL,Class_158,2
03/01/2026,19:33,WOLVERHAMPTON_BIRMINGHAM_INTERNATIONAL,Class_158,2
03/01/2026,18:34,WOLVERHAMPTON_BIRMINGHAM_INTERNATIONAL,Class_158,2
03/01/2026,17:43,WOLVERHAMPTON_BIRMINGHAM_INTERNATIONAL,Class_158,2
03/01/2026,16:47,WOLVERHAMPTON_BIRMINGHAM_INTERNATIONAL,Class_158,2
03/01/2026,15:21,WOLVERHAMPTON_BIRMINGHAM_INTERNATIONAL,Class_158,2
03/01/2026,14:04,WOLVERHAMPTON_BIRMINGHAM_INTERNATIONAL,Class_158,2
03/01/2026,12:48,WOLVERHAMPTON_BIRMINGHAM_INTERNATIONAL,Class_158,2
03/01/2026,11:58,WOLVERHAMPTON_BIRMINGHAM_INTERNATIONAL,Class_158,2
03/01/2026,10:34,WOLVERHAMPTON_BIRMINGHAM_INTERNATIONAL,Class_158,2
03/01/2026,09:23,WOLVERHAMPTON_BIRMINGHAM_INTERNATIONAL,Class_158,2
03/01/2026,07:13,WOLVERHAMPTON_BIRMINGHAM_INTERNATIONAL,Class_158,2
03/01/2026,06:35,WOLVERHAMPTON_BIRMINGHAM_INTERNATIONAL,Class_158,2
03/01/2026,05:25,WOLVERHAMPTON_BIRMINGHAM_INTERNATIONAL,Class_158,2
03/01/2026,19:28,BIRMINGHAM_INTERNATIONA_WOLVERHAMPTON,Class_158,2
03/01/2026,18:30,BIRMINGHAM_INTERNATIONA_WOLVERHAMPTON,Class_158,2
03/01/2026,17:40,BIRMINGHAM_INTERNATIONA_WOLVERHAMPTON,Class_158,2
03/01/2026,16:46,BIRMINGHAM_INTERNATIONA_WOLVERHAMPTON,Class_158,2
03/01/2026,15:17,BIRMINGHAM_INTERNATIONA_WOLVERHAMPTON,Class_158,2
03/01/2026,14:07,BIRMINGHAM_INTERNATIONA_WOLVERHAMPTON,Class_158,2
03/01/2026,12:48,BIRMINGHAM_INTERNATIONA_WOLVERHAMPTON,Class_158,2
03/01/2026,11:59,BIRMINGHAM_INTERNATIONA_WOLVERHAMPTON,Class_158,2
03/01/2026,10:33,BIRMINGHAM_INTERNATIONA_WOLVERHAMPTON,Class_158,2
03/01/2026,09:22,BIRMINGHAM_INTERNATIONA_WOLVERHAMPTON,Class_158,2
03/01/2026,08:15,BIRMINGHAM_INTERNATIONA_WOLVERHAMPTON,Class_158,2
03/01/2026,07:10,BIRMINGHAM_INTERNATIONA_WOLVERHAMPTON,Class_158,2
03/01/2026,06:34,BIRMINGHAM_INTERNATIONA_WOLVERHAMPTON,Class_158,2
03/01/2026,22:12,WOLVERHAMPTON_BIRMINGHAM_INTERNATIONAL,Class_158,2
03/01/2026,22:52,WOLVERHAMPTON_BIRMINGHAM_INTERNATIONAL,Class_158,2
03/01/2026,04:59,BIRMINGHAM_MOOR_STREET_DORRIDGE,Class_168,6
03/01/2026,05:14,BIRMINGHAM_MOOR_STREET_DORRIDGE,Class_168,6
03/01/2026,20:35,BIRMINGHAM_MOOR_STREET_DORRIDGE,Class_168,6
03/01/2026,19:43,BIRMINGHAM_MOOR_STREET_DORRIDGE,Class_168,6
03/01/2026,19:16,BIRMINGHAM_MOOR_STREET_DORRIDGE,Class_168,6
03/01/2026,18:34,BIRMINGHAM_MOOR_STREET_DORRIDGE,Class_168,6
03/01/2026,18:17,BIRMINGHAM_MOOR_STREET_DORRIDGE,Class_168,6
03/01/2026,17:53,BIRMINGHAM_MOOR_STREET_DORRIDGE,Class_168,6
03/01/2026,17:32,BIRMINGHAM_MOOR_STREET_DORRIDGE,Class_168,6
03/01/2026,16:58,BIRMINGHAM_MOOR_STREET_DORRIDGE,Class_168,6
03/01/2026,16:14,BIRMINGHAM_MOOR_STREET_DORRIDGE,Class_168,6
03/01/2026,11:41,CROSS_CITY_LINE_B,Class_730,6
03/01/2026,14:43,BIRMINGHAM_MOOR_STREET_DORRIDGE,Class_168,6
03/01/2026,14:17,BIRMINGHAM_MOOR_STREET_DORRIDGE,Class_168,6
03/01/2026,13:36,BIRMINGHAM_MOOR_STREET_DORRIDGE,Class_168,6
03/01/2026,21:40,BIRMINGHAM_MOOR_STREET_DORRIDGE,Class_168,6
03/01/2026,12:57,BIRMINGHAM_MOOR_STREET_DORRIDGE,Class_168,6
03/01/2026,12:08,BIRMINGHAM_MOOR_STREET_DORRIDGE,Class_168,6
03/01/2026,11:27,BIRMINGHAM_MOOR_STREET_DORRIDGE,Class_168,6
03/01/2026,10:39,BIRMINGHAM_MOOR_STREET_DORRIDGE,Class_168,6
03/01/2026,10:05,BIRMINGHAM_MOOR_STREET_DORRIDGE,Class_168,6
03/01/2026,09:24,BIRMINGHAM_MOOR_STREET_DORRIDGE,Class_168,6
03/01/2026,08:52,BIRMINGHAM_MOOR_STREET_DORRIDGE,Class_168,6
03/01/2026,08:17,BIRMINGHAM_MOOR_STREET_DORRIDGE,Class_168,6
03/01/2026,07:59,BIRMINGHAM_MOOR_STREET_DORRIDGE,Class_168,6
03/01/2026,07:15,BIRMINGHAM_MOOR_STREET_DORRIDGE,Class_168,6
03/01/2026,06:57,BIRMINGHAM_MOOR_STREET_DORRIDGE,Class_168,6
03/01/2026,06:39,BIRMINGHAM_MOOR_STREET_DORRIDGE,Class_168,6
03/01/2026,06:10,BIRMINGHAM_MOOR_STREET_DORRIDGE,Class_168,6
03/01/2026,05:43,BIRMINGHAM_MOOR_STREET_DORRIDGE,Class_168,6
03/01/2026,12:32,BIRMINGHAM_MOOR_STREET_DORRIDGE,Class_168,6
03/01/2026,18:01,DORRIDGE_BIRMINGHAM_SNOW_HILL,Class_168,6
03/01/2026,15:38,BIRMINGHAM_MOOR_STREET_DORRIDGE,Class_168,6
03/01/2026,19:59,DORRIDGE_BIRMINGHAM_SNOW_HILL,Class_168,6
03/01/2026,12:07,CROSS_CITY_LINE_A,Class_730,6
03/01/2026,11:16,CROSS_CITY_LINE_A,Class_730,6
03/01/2026,10:38,CROSS_CITY_LINE_A,Class_730,6
03/01/2026,10:00,CROSS_CITY_LINE_A,Class_730,6
03/01/2026,09:21,CROSS_CITY_LINE_A,Class_730,6
03/01/2026,08:49,CROSS_CITY_LINE_A,Class_730,6
03/01/2026,08:16,CROSS_CITY_LINE_A,Class_730,6
03/01/2026,07:54,CROSS_CITY_LINE_A,Class_730,6
03/01/2026,07:12,CROSS_CITY_LINE_A,Class_730,6
03/01/2026,06:51,CROSS_CITY_LINE_A,Class_730,6
03/01/2026,06:28,CROSS_CITY_LINE_A,Class_730,6
03/01/2026,06:05,CROSS_CITY_LINE_A,Class_730,6
03/01/2026,05:32,CROSS_CITY_LINE_A,Class_730,6
03/01/2026,22:34,COVENTRY_STAFFORD,Class_390,11
03/01/2026,21:22,COVENTRY_STAFFORD,Class_390,11
03/01/2026,20:04,COVENTRY_STAFFORD,Class_390,11
03/01/2026,19:01,COVENTRY_STAFFORD,Class_390,11
03/01/2026,17:15,COVENTRY_STAFFORD,Class_390,11
03/01/2026,15:46,COVENTRY_STAFFORD,Class_390,11
03/01/2026,14:30,COVENTRY_STAFFORD,Class_390,11
03/01/2026,13:14,COVENTRY_STAFFORD,Class_390,11
03/01/2026,12:19,COVENTRY_STAFFORD,Class_390,11
03/01/2026,11:04,COVENTRY_STAFFORD,Class_390,11
03/01/2026,09:43,COVENTRY_STAFFORD,Class_390,11
03/01/2026,08:42,COVENTRY_STAFFORD,Class_390,11
03/01/2026,07:35,COVENTRY_STAFFORD,Class_390,11
03/01/2026,06:43,COVENTRY_STAFFORD,Class_390,11
03/01/2026,12:28,CROSS_CITY_LINE_A,Class_730,6
03/01/2026,12:53,CROSS_CITY_LINE_A,Class_730,6
03/01/2026,13:36,CROSS_CITY_LINE_A,Class_730,6
03/01/2026,13:58,CROSS_CITY_LINE_A,Class_730,6
03/01/2026,18:42,DORRIDGE_BIRMINGHAM_SNOW_HILL,Class_168,6
03/01/2026,10:08,CROSS_CITY_LINE_B,Class_730,6
03/01/2026,09:30,CROSS_CITY_LINE_B,Class_730,6
03/01/2026,08:57,CROSS_CITY_LINE_B,Class_730,6
03/01/2026,08:35,CROSS_CITY_LINE_B,Class_730,6
03/01/2026,08:08,CROSS_CITY_LINE_B,Class_730,6
03/01/2026,07:20,CROSS_CITY_LINE_B,Class_730,6
03/01/2026,07:01,CROSS_CITY_LINE_B,Class_730,6
03/01/2026,06:39,CROSS_CITY_LINE_B,Class_730,6
03/01/2026,06:12,CROSS_CITY_LINE_B,Class_730,6
03/01/2026,05:46,CROSS_CITY_LINE_B,Class_730,6
03/01/2026,23:28,CROSS_CITY_LINE_A,Class_730,6
03/01/2026,23:13,CROSS_CITY_LINE_A,Class_730,6
03/01/2026,23:01,STAFFORD_COVENTRY,Class_390,11
03/01/2026,22:51,CROSS_CITY_LINE_A,Class_730,6
03/01/2026,22:10,CROSS_CITY_LINE_A,Class_730,6
03/01/2026,21:40,CROSS_CITY_LINE_A,Class_730,6
03/01/2026,20:54,CROSS_CITY_LINE_A,Class_730,6
03/01/2026,20:29,CROSS_CITY_LINE_A,Class_730,6
03/01/2026,19:32,CROSS_CITY_LINE_A,Class_730,6
03/01/2026,19:09,CROSS_CITY_LINE_A,Class_730,6
03/01/2026,18:30,CROSS_CITY_LINE_A,Class_730,6
03/01/2026,18:15,CROSS_CITY_LINE_A,Class_730,6
03/01/2026,17:40,CROSS_CITY_LINE_A,Class_730,6
03/01/2026,17:27,CROSS_CITY_LINE_A,Class_730,6
03/01/2026,16:13,CROSS_CITY_LINE_A,Class_730,6
03/01/2026,15:22,CROSS_CITY_LINE_A,Class_730,6
03/01/2026,14:43,CROSS_CITY_LINE_A,Class_730,6
03/01/2026,22:40,CROSS_CITY_LINE_A,Class_730,6
03/01/2026,22:35,STAFFORD_COVENTRY,Class_390,11
03/01/2026,16:54,CROSS_CITY_LINE_A,Class_730,6
03/01/2026,20:06,STAFFORD_COVENTRY,Class_390,11
03/01/2026,20:00,BIRMINGHAM_NEW_STREET_RUGBY,Class_390,7
03/01/2026,18:47,BIRMINGHAM_NEW_STREET_RUGBY,Class_390,7
03/01/2026,18:02,BIRMINGHAM_NEW_STREET_RUGBY,Class_390,7
03/01/2026,17:03,BIRMINGHAM_NEW_STREET_RUGBY,Class_390,7
03/01/2026,15:51,BIRMINGHAM_NEW_STREET_RUGBY,Class_390,7
03/01/2026,14:18,BIRMINGHAM_NEW_STREET_RUGBY,Class_390,7
03/01/2026,13:14,BIRMINGHAM_NEW_STREET_RUGBY,Class_390,7
03/01/2026,12:14,BIRMINGHAM_NEW_STREET_RUGBY,Class_390,7
03/01/2026,11:04,BIRMINGHAM_NEW_STREET_RUGBY,Class_390,7
03/01/2026,09:45,BIRMINGHAM_NEW_STREET_RUGBY,Class_390,7
03/01/2026,08:40,BIRMINGHAM_NEW_STREET_RUGBY,Class_390,7
03/01/2026,07:31,BIRMINGHAM_NEW_STREET_RUGBY,Class_390,7
03/01/2026,06:43,BIRMINGHAM_NEW_STREET_RUGBY,Class_390,7
03/01/2026,07:48,RUGBY_BIRMINGHAM_NEW_STREET,Class_390,7
03/01/2026,23:03,RUGBY_WOLVERHAMPTON,Class_390,11
03/01/2026,06:06,WOLVERHAMPTON_COVENTRY,Class_390,11
03/01/2026,05:35,WOLVERHAMPTON_COVENTRY,Class_390,11
03/01/2026,05:14,WOLVERHAMPTON_COVENTRY,Class_390,11
03/01/2026,05:08,WOLVERHAMPTON_COVENTRY,Class_390,11
03/01/2026,23:22,DORRIDGE_STOURBRIDGE_JUNCTION,Class_168,6
03/01/2026,21:30,DORRIDGE_STOURBRIDGE_JUNCTION,Class_168,6
03/01/2026,18:36,DORRIDGE_STOURBRIDGE_JUNCTION,Class_168,6
03/01/2026,05:52,STOURBRIDGE_JUNCTION_DORRIDGE,Class_168,6
03/01/2026,23:34,DORRIDGE_BIRMINGHAM_SNOW_HILL,Class_168,6
03/01/2026,22:57,DORRIDGE_BIRMINGHAM_SNOW_HILL,Class_168,6
03/01/2026,22:19,DORRIDGE_BIRMINGHAM_SNOW_HILL,Class_168,6
03/01/2026,21:24,STAFFORD_COVENTRY,Class_390,11
03/01/2026,21:13,DORRIDGE_BIRMINGHAM_SNOW_HILL,Class_168,6
03/01/2026,19:43,RUGBY_WOLVERHAMPTON,Class_390,11
03/01/2026,08:20,RUGBY_BIRMINGHAM_NEW_STREET,Class_390,7
03/01/2026,21:03,RUGBY_WOLVERHAMPTON,Class_390,11
03/01/2026,09:24,RUGBY_BIRMINGHAM_NEW_STREET,Class_390,7
03/01/2026,18:55,STAFFORD_COVENTRY,Class_390,11
03/01/2026,18:05,STAFFORD_COVENTRY,Class_390,11
03/01/2026,09:12,RUGBY_BIRMINGHAM_NEW_STREET,Class_390,7
03/01/2026,17:08,STAFFORD_COVENTRY,Class_390,11
03/01/2026,15:48,STAFFORD_COVENTRY,Class_390,11
03/01/2026,14:27,STAFFORD_COVENTRY,Class_390,11
03/01/2026,13:20,STAFFORD_COVENTRY,Class_390,11
03/01/2026,12:20,STAFFORD_COVENTRY,Class_390,11
03/01/2026,09:49,STAFFORD_COVENTRY,Class_390,11
03/01/2026,08:42,STAFFORD_COVENTRY,Class_390,11
03/01/2026,07:35,STAFFORD_COVENTRY,Class_390,11
03/01/2026,06:44,STAFFORD_COVENTRY,Class_390,11
03/01/2026,18:41,RUGBY_BIRMINGHAM_NEW_STREET,Class_390,7
03/01/2026,18:27,RUGBY_BIRMINGHAM_NEW_STREET,Class_390,7
03/01/2026,11:00,STAFFORD_COVENTRY,Class_390,11
03/01/2026,12:42,RUGBY_BIRMINGHAM_NEW_STREET,Class_390,7
03/01/2026,17:36,RUGBY_BIRMINGHAM_NEW_STREET,Class_390,7
03/01/2026,16:59,RUGBY_BIRMINGHAM_NEW_STREET,Class_390,7
03/01/2026,16:29,RUGBY_BIRMINGHAM_NEW_STREET,Class_390,7
03/01/2026,15:34,RUGBY_BIRMINGHAM_NEW_STREET,Class_390,7
03/01/2026,15:08,RUGBY_BIRMINGHAM_NEW_STREET,Class_390,7
03/01/2026,14:13,RUGBY_BIRMINGHAM_NEW_STREET,Class_390,7
03/01/2026,13:48,RUGBY_BIRMINGHAM_NEW_STREET,Class_390,7
03/01/2026,13:04,RUGBY_BIRMINGHAM_NEW_STREET,Class_390,7
03/01/2026,10:45,RUGBY_BIRMINGHAM_NEW_STREET,Class_390,7
03/01/2026,12:15,RUGBY_BIRMINGHAM_NEW_STREET,Class_390,7
03/01/2026,10:23,RUGBY_BIRMINGHAM_NEW_STREET,Class_390,7
03/01/2026,11:50,RUGBY_BIRMINGHAM_NEW_STREET,Class_390,7
03/01/2026,17:51,RUGBY_BIRMINGHAM_NEW_STREET,Class_390,7
04/01/2026,12:21,RUGELEY_TRENT_VALLEY_BIRMINGHAM_INTERNATIONAL,Class_730,3
04/01/2026,13:16,RUGELEY_TRENT_VALLEY_BIRMINGHAM_INTERNATIONAL,Class_730,3
04/01/2026,05:39,RUGELEY_TRENT_VALLEY_BIRMINGHAM_INTERNATIONAL,Class_730,3
04/01/2026,14:43,RUGELEY_TRENT_VALLEY_BIRMINGHAM_INTERNATIONAL,Class_730,3
04/01/2026,16:58,RUGELEY_TRENT_VALLEY_BIRMINGHAM_INTERNATIONAL,Class_730,3
04/01/2026,13:55,RUGELEY_TRENT_VALLEY_BIRMINGHAM_INTERNATIONAL,Class_730,3
04/01/2026,11:56,RUGELEY_TRENT_VALLEY_BIRMINGHAM_INTERNATIONAL,Class_730,3
04/01/2026,08:49,RUGELEY_TRENT_VALLEY_BIRMINGHAM_INTERNATIONAL,Class_730,3
04/01/2026,10:34,RUGELEY_TRENT_VALLEY_BIRMINGHAM_INTERNATIONAL,Class_730,3
04/01/2026,10:17,RUGELEY_TRENT_VALLEY_BIRMINGHAM_INTERNATIONAL,Class_730,3
04/01/2026,09:16,RUGELEY_TRENT_VALLEY_BIRMINGHAM_INTERNATIONAL,Class_730,3
04/01/2026,06:38,RUGELEY_TRENT_VALLEY_BIRMINGHAM_INTERNATIONAL,Class_730,3
04/01/2026,06:10,RUGELEY_TRENT_VALLEY_BIRMINGHAM_INTERNATIONAL,Class_730,3
04/01/2026,22:57,FOUR_OAKS_REDDITCH,Class_730,6
04/01/2026,17:25,RUGELEY_TRENT_VALLEY_BIRMINGHAM_INTERNATIONAL,Class_730,3
04/01/2026,11:31,RUGELEY_TRENT_VALLEY_BIRMINGHAM_INTERNATIONAL,Class_730,3
04/01/2026,18:17,RUGELEY_TRENT_VALLEY_BIRMINGHAM_INTERNATIONAL,Class_730,3
04/01/2026,14:14,BIRMINGHAM_INTERNATIONAL_RUGELEY_TRENT_VALLEY,Class_730,3
04/01/2026,21:43,RUGELEY_TRENT_VALLEY_BIRMINGHAM_INTERNATIONAL,Class_730,3
04/01/2026,18:01,BIRMINGHAM_INTERNATIONAL_RUGELEY_TRENT_VALLEY,Class_730,3
04/01/2026,22:12,FOUR_OAKS_REDDITCH,Class_730,6
04/01/2026,17:17,BIRMINGHAM_INTERNATIONAL_RUGELEY_TRENT_VALLEY,Class_730,3
04/01/2026,15:26,BIRMINGHAM_INTERNATIONAL_RUGELEY_TRENT_VALLEY,Class_730,3
04/01/2026,14:46,BIRMINGHAM_INTERNATIONAL_RUGELEY_TRENT_VALLEY,Class_730,3
04/01/2026,12:46,BIRMINGHAM_INTERNATIONAL_RUGELEY_TRENT_VALLEY,Class_730,3
04/01/2026,12:27,BIRMINGHAM_INTERNATIONAL_RUGELEY_TRENT_VALLEY,Class_730,3
04/01/2026,11:57,BIRMINGHAM_INTERNATIONAL_RUGELEY_TRENT_VALLEY,Class_730,3
04/01/2026,11:04,BIRMINGHAM_INTERNATIONAL_RUGELEY_TRENT_VALLEY,Class_730,3
04/01/2026,10:39,BIRMINGHAM_INTERNATIONAL_RUGELEY_TRENT_VALLEY,Class_730,3
04/01/2026,09:25,BIRMINGHAM_INTERNATIONAL_RUGELEY_TRENT_VALLEY,Class_730,3
04/01/2026,09:07,BIRMINGHAM_INTERNATIONAL_RUGELEY_TRENT_VALLEY,Class_730,3
04/01/2026,07:32,BIRMINGHAM_INTERNATIONAL_RUGELEY_TRENT_VALLEY,Class_730,3
04/01/2026,06:53,BIRMINGHAM_INTERNATIONAL_RUGELEY_TRENT_VALLEY,Class_730,3
04/01/2026,06:02,BIRMINGHAM_INTERNATIONAL_RUGELEY_TRENT_VALLEY,Class_730,3
04/01/2026,20:28,RUGELEY_TRENT_VALLEY_BIRMINGHAM_INTERNATIONAL,Class_730,3
04/01/2026,20:50,FOUR_OAKS_REDDITCH,Class_730,6
04/01/2026,12:07,REDDITCH_FOUR_OAKS,Class_730,6
04/01/2026,18:26,FOUR_OAKS_REDDITCH,Class_730,6
04/01/2026,20:23,REDDITCH_FOUR_OAKS,Class_730,6
04/01/2026,19:29,REDDITCH_FOUR_OAKS,Class_730,6
04/01/2026,17:38,REDDITCH_FOUR_OAKS,Class_730,6
04/01/2026,16:22,REDDITCH_FOUR_OAKS,Class_730,6
04/01/2026,15:49,REDDITCH_FOUR_OAKS,Class_730,6
04/01/2026,14:28,REDDITCH_FOUR_OAKS,Class_730,6
04/01/2026,13:18,REDDITCH_FOUR_OAKS,Class_730,6
04/01/2026,12:51,REDDITCH_FOUR_OAKS,Class_730,6
04/01/2026,11:44,REDDITCH_FOUR_OAKS,Class_730,6
04/01/2026,11:06,REDDITCH_FOUR_OAKS,Class_730,6
04/01/2026,10:17,REDDITCH_FOUR_OAKS,Class_730,6
04/01/2026,09:43,REDDITCH_FOUR_OAKS,Class_730,6
04/01/2026,09:01,REDDITCH_FOUR_OAKS,Class_730,6
04/01/2026,07:50,REDDITCH_FOUR_OAKS,Class_730,6
04/01/2026,19:13,BIRMINGHAM_INTERNATIONAL_RUGELEY_TRENT_VALLEY,Class_730,3
04/01/2026,21:18,REDDITCH_FOUR_OAKS,Class_730,6
04/01/2026,19:51,FOUR_OAKS_REDDITCH,Class_730,6
04/01/2026,22:18,REDDITCH_FOUR_OAKS,Class_730,6
04/01/2026,05:06,FOUR_OAKS_REDDITCH,Class_730,6
04/01/2026,17:17,FOUR_OAKS_REDDITCH,Class_730,6
04/01/2026,16:04,FOUR_OAKS_REDDITCH,Class_730,6
04/01/2026,15:05,FOUR_OAKS_REDDITCH,Class_730,6
04/01/2026,14:07,FOUR_OAKS_REDDITCH,Class_730,6
04/01/2026,13:02,FOUR_OAKS_REDDITCH,Class_730,6
04/01/2026,12:38,FOUR_OAKS_REDDITCH,Class_730,6
04/01/2026,11:56,FOUR_OAKS_REDDITCH,Class_730,6
04/01/2026,11:30,FOUR_OAKS_REDDITCH,Class_730,6
04/01/2026,11:00,FOUR_OAKS_REDDITCH,Class_730,6
04/01/2026,10:05,FOUR_OAKS_REDDITCH,Class_730,6
04/01/2026,09:36,FOUR_OAKS_REDDITCH,Class_730,6
04/01/2026,08:14,FOUR_OAKS_REDDITCH,Class_730,6
04/01/2026,07:27,FOUR_OAKS_REDDITCH,Class_730,6
04/01/2026,06:01,FOUR_OAKS_REDDITCH,Class_730,6
04/01/2026,05:36,FOUR_OAKS_REDDITCH,Class_730,6
04/01/2026,23:00,REDDITCH_FOUR_OAKS,Class_730,6
04/01/2026,20:51,BIRMINGHAM_INTERNATIONAL_RUGELEY_TRENT_VALLEY,Class_730,3
04/01/2026,07:55,BIRMINGHAM_INTERNATIONA_WOLVERHAMPTON,Class_158,2
04/01/2026,05:08,NORTHAMPTON_BIRMINGHAM_NEW_STREET,Class_350,5
04/01/2026,16:31,WALSALL_WOLVERHAMPTON,Class_751,3
04/01/2026,15:39,WALSALL_WOLVERHAMPTON,Class_749,3
04/01/2026,14:19,WALSALL_WOLVERHAMPTON,Class_747,3
04/01/2026,13:19,WALSALL_WOLVERHAMPTON,Class_746,3
04/01/2026,12:54,WALSALL_WOLVERHAMPTON,Class_745,3
04/01/2026,12:06,WALSALL_WOLVERHAMPTON,Class_743,3
04/01/2026,11:08,WALSALL_WOLVERHAMPTON,Class_741,3
04/01/2026,10:25,WALSALL_WOLVERHAMPTON,Class_739,3
04/01/2026,09:45,WALSALL_WOLVERHAMPTON,Class_738,3
04/01/2026,08:52,WALSALL_WOLVERHAMPTON,Class_735,3
04/01/2026,07:52,WALSALL_WOLVERHAMPTON,Class_734,3
04/01/2026,06:13,WALSALL_WOLVERHAMPTON,Class_732,3
04/01/2026,05:49,WALSALL_WOLVERHAMPTON,Class_731,3
04/01/2026,05:18,WALSALL_WOLVERHAMPTON,Class_730,3
04/01/2026,22:23,WOLVERHAMPTON_WALSALL,Class_730,3
04/01/2026,17:43,WALSALL_WOLVERHAMPTON,Class_754,3
04/01/2026,21:53,WOLVERHAMPTON_WALSALL,Class_730,3
04/01/2026,19:44,WALSALL_WOLVERHAMPTON,Class_756,3
04/01/2026,21:56,WALSALL_WOLVERHAMPTON,Class_760,3
04/01/2026,06:13,REDDITCH_FOUR_OAKS,Class_730,6
04/01/2026,16:02,WOLVERHAMPTON_BIRMINGHAM_INTERNATIONAL,Class_158,2
04/01/2026,14:47,WOLVERHAMPTON_BIRMINGHAM_INTERNATIONAL,Class_158,2
04/01/2026,11:49,WOLVERHAMPTON_BIRMINGHAM_INTERNATIONAL,Class_158,2
04/01/2026,08:05,WOLVERHAMPTON_BIRMINGHAM_INTERNATIONAL,Class_158,2
04/01/2026,06:22,WOLVERHAMPTON_BIRMINGHAM_INTERNATIONAL,Class_158,2
04/01/2026,05:17,WOLVERHAMPTON_BIRMINGHAM_INTERNATIONAL,Class_158,2
04/01/2026,19:49,BIRMINGHAM_INTERNATIONA_WOLVERHAMPTON,Class_158,2
04/01/2026,17:50,BIRMINGHAM_INTERNATIONA_WOLVERHAMPTON,Class_158,2
04/01/2026,16:00,BIRMINGHAM_INTERNATIONA_WOLVERHAMPTON,Class_158,2
04/01/2026,14:58,BIRMINGHAM_INTERNATIONA_WOLVERHAMPTON,Class_158,2
04/01/2026,11:45,BIRMINGHAM_INTERNATIONA_WOLVERHAMPTON,Class_158,2
04/01/2026,09:18,BIRMINGHAM_INTERNATIONA_WOLVERHAMPTON,Class_158,2
04/01/2026,06:26,BIRMINGHAM_INTERNATIONA_WOLVERHAMPTON,Class_158,2
04/01/2026,22:25,WALSALL_WOLVERHAMPTON,Class_762,3
04/01/2026,20:23,WALSALL_WOLVERHAMPTON,Class_757,3
04/01/2026,21:46,BIRMINGHAM_INTERNATIONAL_RUGELEY_TRENT_VALLEY,Class_730,3
04/01/2026,20:21,WOLVERHAMPTON_WALSALL,Class_730,3
04/01/2026,17:49,WOLVERHAMPTON_WALSALL,Class_730,3
04/01/2026,16:32,BIRMINGHAM_NEW_STREET_NORTHAMPTON,Class_350,8
04/01/2026,15:58,BIRMINGHAM_NEW_STREET_NORTHAMPTON,Class_350,8
04/01/2026,12:10,BIRMINGHAM_NEW_STREET_NORTHAMPTON,Class_350,8
04/01/2026,09:36,BIRMINGHAM_NEW_STREET_NORTHAMPTON,Class_350,8
04/01/2026,09:02,BIRMINGHAM_NEW_STREET_NORTHAMPTON,Class_350,8
04/01/2026,07:18,BIRMINGHAM_NEW_STREET_NORTHAMPTON,Class_350,8
04/01/2026,21:24,NORTHAMPTON_BIRMINGHAM_NEW_STREET,Class_350,5
04/01/2026,20:32,NORTHAMPTON_BIRMINGHAM_NEW_STREET,Class_350,5
04/01/2026,18:49,NORTHAMPTON_BIRMINGHAM_NEW_STREET,Class_350,5
04/01/2026,16:42,NORTHAMPTON_BIRMINGHAM_NEW_STREET,Class_350,5
04/01/2026,14:43,NORTHAMPTON_BIRMINGHAM_NEW_STREET,Class_350,5
04/01/2026,13:16,NORTHAMPTON_BIRMINGHAM_NEW_STREET,Class_350,5
04/01/2026,10:36,NORTHAMPTON_BIRMINGHAM_NEW_STREET,Class_350,5
04/01/2026,07:33,NORTHAMPTON_BIRMINGHAM_NEW_STREET,Class_350,5
04/01/2026,06:03,NORTHAMPTON_BIRMINGHAM_NEW_STREET,Class_350,5
04/01/2026,18:19,BIRMINGHAM_NEW_STREET_NORTHAMPTON,Class_350,8
04/01/2026,19:43,WOLVERHAMPTON_WALSALL,Class_730,3
04/01/2026,21:19,BIRMINGHAM_NEW_STREET_NORTHAMPTON,Class_350,8
04/01/2026,23:02,BIRMINGHAM_NEW_STREET_NORTHAMPTON,Class_350,8
04/01/2026,16:29,WOLVERHAMPTON_WALSALL,Class_730,3
04/01/2026,15:55,WOLVERHAMPTON_WALSALL,Class_730,3
04/01/2026,14:30,WOLVERHAMPTON_WALSALL,Class_730,3
04/01/2026,13:29,WOLVERHAMPTON_WALSALL,Class_730,3
04/01/2026,12:54,WOLVERHAMPTON_WALSALL,Class_730,3
04/01/2026,12:09,WOLVERHAMPTON_WALSALL,Class_730,3
04/01/2026,11:44,WOLVERHAMPTON_WALSALL,Class_730,3
04/01/2026,11:04,WOLVERHAMPTON_WALSALL,Class_730,3
04/01/2026,10:27,WOLVERHAMPTON_WALSALL,Class_730,3
04/01/2026,09:50,WOLVERHAMPTON_WALSALL,Class_730,3
04/01/2026,08:57,WOLVERHAMPTON_WALSALL,Class_730,3
04/01/2026,07:49,WOLVERHAMPTON_WALSALL,Class_730,3
04/01/2026,06:18,WOLVERHAMPTON_WALSALL,Class_730,3
04/01/2026,05:44,WOLVERHAMPTON_WALSALL,Class_730,3
04/01/2026,05:20,WOLVERHAMPTON_WALSALL,Class_730,3
04/01/2026,22:09,BIRMINGHAM_NEW_STREET_NORTHAMPTON,Class_350,8
04/01/2026,05:47,REDDITCH_FOUR_OAKS,Class_730,6
04/01/2026,11:44,WALSALL_WOLVERHAMPTON,Class_742,3
04/01/2026,22:01,CROSS_CITY_LINE_B,Class_730,6
04/01/2026,20:38,BIRMINGHAM_SNOW_HILL_DORRIDGE,Class_168,6
04/01/2026,17:50,BIRMINGHAM_SNOW_HILL_DORRIDGE,Class_168,6
04/01/2026,16:45,BIRMINGHAM_SNOW_HILL_DORRIDGE,Class_168,6
04/01/2026,13:32,BIRMINGHAM_SNOW_HILL_DORRIDGE,Class_168,6
04/01/2026,10:42,BIRMINGHAM_SNOW_HILL_DORRIDGE,Class_168,6
04/01/2026,09:57,BIRMINGHAM_SNOW_HILL_DORRIDGE,Class_168,6
04/01/2026,09:19,BIRMINGHAM_SNOW_HILL_DORRIDGE,Class_168,6
04/01/2026,23:16,DORRIDGE_BIRMINGHAM_MOOR_STREET,Class_168,6
04/01/2026,22:17,DORRIDGE_BIRMINGHAM_MOOR_STREET,Class_168,6
04/01/2026,21:12,DORRIDGE_BIRMINGHAM_MOOR_STREET,Class_168,6
04/01/2026,20:25,DORRIDGE_BIRMINGHAM_MOOR_STREET,Class_168,6
04/01/2026,18:52,DORRIDGE_BIRMINGHAM_MOOR_STREET,Class_168,6
04/01/2026,16:57,DORRIDGE_BIRMINGHAM_MOOR_STREET,Class_168,6
04/01/2026,16:07,DORRIDGE_BIRMINGHAM_MOOR_STREET,Class_168,6
04/01/2026,15:11,DORRIDGE_BIRMINGHAM_MOOR_STREET,Class_168,6
04/01/2026,22:48,BIRMINGHAM_SNOW_HILL_DORRIDGE,Class_168,6
04/01/2026,14:37,DORRIDGE_BIRMINGHAM_MOOR_STREET,Class_168,6
04/01/2026,23:24,BIRMINGHAM_SNOW_HILL_DORRIDGE,Class_168,6
04/01/2026,10:05,DORRIDGE_BIRMINGHAM_SNOW_HILL,Class_168,6
04/01/2026,07:09,BIRMINGHAM_NEW_STREET_RUGBY,Class_390,7
04/01/2026,20:49,RUGBY_WOLVERHAMPTON,Class_390,11
04/01/2026,19:51,RUGBY_WOLVERHAMPTON,Class_390,11
04/01/2026,06:01,WOLVERHAMPTON_COVENTRY,Class_390,11
04/01/2026,05:00,WOLVERHAMPTON_COVENTRY,Class_390,11
04/01/2026,21:04,DORRIDGE_STOURBRIDGE_JUNCTION,Class_168,6
04/01/2026,18:02,DORRIDGE_STOURBRIDGE_JUNCTION,Class_168,6
04/01/2026,05:37,STOURBRIDGE_JUNCTION_DORRIDGE,Class_168,6
04/01/2026,23:28,DORRIDGE_BIRMINGHAM_SNOW_HILL,Class_168,6
04/01/2026,23:00,DORRIDGE_BIRMINGHAM_SNOW_HILL,Class_168,6
04/01/2026,20:52,DORRIDGE_BIRMINGHAM_SNOW_HILL,Class_168,6
04/01/2026,18:03,DORRIDGE_BIRMINGHAM_SNOW_HILL,Class_168,6
04/01/2026,17:05,DORRIDGE_BIRMINGHAM_SNOW_HILL,Class_168,6
04/01/2026,13:48,DORRIDGE_BIRMINGHAM_SNOW_HILL,Class_168,6
04/01/2026,11:00,DORRIDGE_BIRMINGHAM_SNOW_HILL,Class_168,6
04/01/2026,09:30,DORRIDGE_BIRMINGHAM_SNOW_HILL,Class_168,6
04/01/2026,08:36,BIRMINGHAM_NEW_STREET_RUGBY,Class_390,7
04/01/2026,13:45,DORRIDGE_BIRMINGHAM_MOOR_STREET,Class_168,6
04/01/2026,12:12,DORRIDGE_BIRMINGHAM_MOOR_STREET,Class_168,6
04/01/2026,12:44,BIRMINGHAM_MOOR_STREET_DORRIDGE,Class_168,6
04/01/2026,12:17,BIRMINGHAM_MOOR_STREET_DORRIDGE,Class_168,6
04/01/2026,11:00,BIRMINGHAM_MOOR_STREET_DORRIDGE,Class_168,6
04/01/2026,10:29,BIRMINGHAM_MOOR_STREET_DORRIDGE,Class_168,6
04/01/2026,09:36,BIRMINGHAM_MOOR_STREET_DORRIDGE,Class_168,6
04/01/2026,09:20,BIRMINGHAM_MOOR_STREET_DORRIDGE,Class_168,6
04/01/2026,08:18,BIRMINGHAM_MOOR_STREET_DORRIDGE,Class_168,6
04/01/2026,07:26,BIRMINGHAM_MOOR_STREET_DORRIDGE,Class_168,6
04/01/2026,06:26,BIRMINGHAM_MOOR_STREET_DORRIDGE,Class_168,6
04/01/2026,04:59,BIRMINGHAM_MOOR_STREET_DORRIDGE,Class_168,6
04/01/2026,04:58,BIRMINGHAM_MOOR_STREET_DORRIDGE,Class_168,6
04/01/2026,22:36,WOLVERHAMPTON_BIRMINGHAM_INTERNATIONAL,Class_158,2
04/01/2026,21:59,WOLVERHAMPTON_BIRMINGHAM_INTERNATIONAL,Class_158,2
04/01/2026,20:38,WOLVERHAMPTON_BIRMINGHAM_INTERNATIONAL,Class_158,2
04/01/2026,17:55,WOLVERHAMPTON_BIRMINGHAM_INTERNATIONAL,Class_158,2
04/01/2026,13:14,BIRMINGHAM_MOOR_STREET_DORRIDGE,Class_168,6
04/01/2026,12:44,DORRIDGE_BIRMINGHAM_MOOR_STREET,Class_168,6
04/01/2026,14:35,BIRMINGHAM_MOOR_STREET_DORRIDGE,Class_168,6
04/01/2026,17:21,BIRMINGHAM_MOOR_STREET_DORRIDGE,Class_168,6
04/01/2026,11:55,DORRIDGE_BIRMINGHAM_MOOR_STREET,Class_168,6
04/01/2026,10:58,DORRIDGE_BIRMINGHAM_MOOR_STREET,Class_168,6
04/01/2026,10:29,DORRIDGE_BIRMINGHAM_MOOR_STREET,Class_168,6
04/01/2026,09:22,DORRIDGE_BIRMINGHAM_MOOR_STREET,Class_168,6
04/01/2026,09:05,DORRIDGE_BIRMINGHAM_MOOR_STREET,Class_168,6
04/01/2026,07:18,DORRIDGE_BIRMINGHAM_MOOR_STREET,Class_168,6
04/01/2026,06:29,DORRIDGE_BIRMINGHAM_MOOR_STREET,Class_168,6
04/01/2026,05:52,DORRIDGE_BIRMINGHAM_MOOR_STREET,Class_168,6
04/01/2026,23:08,BIRMINGHAM_MOOR_STREET_DORRIDGE,Class_168,6
04/01/2026,05:24,REDDITCH_FOUR_OAKS,Class_730,6
04/01/2026,22:06,BIRMINGHAM_MOOR_STREET_DORRIDGE,Class_168,6
04/01/2026,21:25,BIRMINGHAM_MOOR_STREET_DORRIDGE,Class_168,6
04/01/2026,20:25,BIRMINGHAM_MOOR_STREET_DORRIDGE,Class_168,6
04/01/2026,18:56,BIRMINGHAM_MOOR_STREET_DORRIDGE,Class_168,6
04/01/2026,17:59,BIRMINGHAM_MOOR_STREET_DORRIDGE,Class_168,6
04/01/2026,16:49,BIRMINGHAM_MOOR_STREET_DORRIDGE,Class_168,6
04/01/2026,09:30,BIRMINGHAM_NEW_STREET_RUGBY,Class_390,7
04/01/2026,11:29,BIRMINGHAM_MOOR_STREET_DORRIDGE,Class_168,6
04/01/2026,15:37,BIRMINGHAM_NEW_STREET_RUGBY,Class_390,7
04/01/2026,22:42,CROSS_CITY_LINE_A,Class_730,6
04/01/2026,21:23,CROSS_CITY_LINE_A,Class_730,6
04/01/2026,20:25,CROSS_CITY_LINE_A,Class_730,6
04/01/2026,19:49,CROSS_CITY_LINE_A,Class_730,6
04/01/2026,17:56,CROSS_CITY_LINE_A,Class_730,6
04/01/2026,16:38,CROSS_CITY_LINE_A,Class_730,6
04/01/2026,15:59,CROSS_CITY_LINE_A,Class_730,6
04/01/2026,14:32,CROSS_CITY_LINE_A,Class_730,6
04/01/2026,13:38,CROSS_CITY_LINE_A,Class_730,6
04/01/2026,12:59,CROSS_CITY_LINE_A,Class_730,6
04/01/2026,12:12,CROSS_CITY_LINE_A,Class_730,6
04/01/2026,11:48,CROSS_CITY_LINE_A,Class_730,6
04/01/2026,11:17,CROSS_CITY_LINE_A,Class_730,6
04/01/2026,10:28,CROSS_CITY_LINE_A,Class_730,6
04/01/2026,09:55,CROSS_CITY_LINE_A,Class_730,6
04/01/2026,23:02,CROSS_CITY_LINE_A,Class_730,6
04/01/2026,09:04,CROSS_CITY_LINE_A,Class_730,6
04/01/2026,05:40,CROSS_CITY_LINE_B,Class_730,6
04/01/2026,06:51,CROSS_CITY_LINE_B,Class_730,6
04/01/2026,12:00,BIRMINGHAM_NEW_STREET_RUGBY,Class_390,7
04/01/2026,21:43,CROSS_CITY_LINE_B,Class_730,6
04/01/2026,19:55,CROSS_CITY_LINE_B,Class_730,6
04/01/2026,18:38,CROSS_CITY_LINE_B,Class_730,6
04/01/2026,18:09,CROSS_CITY_LINE_B,Class_730,6
04/01/2026,17:11,CROSS_CITY_LINE_B,Class_730,6
04/01/2026,14:43,CROSS_CITY_LINE_B,Class_730,6
04/01/2026,13:50,CROSS_CITY_LINE_B,Class_730,6
04/01/2026,12:23,CROSS_CITY_LINE_B,Class_730,6
04/01/2026,11:56,CROSS_CITY_LINE_B,Class_730,6
04/01/2026,11:33,CROSS_CITY_LINE_B,Class_730,6
04/01/2026,10:30,CROSS_CITY_LINE_B,Class_730,6
04/01/2026,10:12,CROSS_CITY_LINE_B,Class_730,6
04/01/2026,09:11,CROSS_CITY_LINE_B,Class_730,6
04/01/2026,08:25,CROSS_CITY_LINE_B,Class_730,6
04/01/2026,06:08,CROSS_CITY_LINE_B,Class_730,6
04/01/2026,08:05,CROSS_CITY_LINE_A,Class_730,6
04/01/2026,13:15,CROSS_CITY_LINE_B,Class_730,6
04/01/2026,05:51,CROSS_CITY_LINE_A,Class_730,6
04/01/2026,17:29,RUGBY_BIRMINGHAM_NEW_STREET,Class_390,7
04/01/2026,17:08,RUGBY_BIRMINGHAM_NEW_STREET,Class_390,7
04/01/2026,16:43,RUGBY_BIRMINGHAM_NEW_STREET,Class_390,7
04/01/2026,16:05,RUGBY_BIRMINGHAM_NEW_STREET,Class_390,7
04/01/2026,15:14,RUGBY_BIRMINGHAM_NEW_STREET,Class_390,7
04/01/2026,13:54,RUGBY_BIRMINGHAM_NEW_STREET,Class_390,7
04/01/2026,12:34,RUGBY_BIRMINGHAM_NEW_STREET,Class_390,7
04/01/2026,11:04,RUGBY_BIRMINGHAM_NEW_STREET,Class_390,7
04/01/2026,10:17,RUGBY_BIRMINGHAM_NEW_STREET,Class_390,7
04/01/2026,09:24,RUGBY_BIRMINGHAM_NEW_STREET,Class_390,7
04/01/2026,08:55,RUGBY_BIRMINGHAM_NEW_STREET,Class_390,7
04/01/2026,20:14,BIRMINGHAM_NEW_STREET_RUGBY,Class_390,7
04/01/2026,18:16,BIRMINGHAM_NEW_STREET_RUGBY,Class_390,7
04/01/2026,06:20,CROSS_CITY_LINE_A,Class_730,6
04/01/2026,16:14,BIRMINGHAM_NEW_STREET_RUGBY,Class_390,7
04/01/2026,07:00,STAFFORD_COVENTRY,Class_390,11
04/01/2026,08:52,STAFFORD_COVENTRY,Class_390,11
04/01/2026,09:40,RUGBY_BIRMINGHAM_NEW_STREET,Class_390,7
04/01/2026,12:05,STAFFORD_COVENTRY,Class_390,11
04/01/2026,09:33,STAFFORD_COVENTRY,Class_390,11
04/01/2026,21:15,COVENTRY_STAFFORD,Class_390,11
04/01/2026,18:17,COVENTRY_STAFFORD,Class_390,11
04/01/2026,22:08,COVENTRY_STAFFORD,Class_390,11
04/01/2026,15:15,COVENTRY_STAFFORD,Class_390,11
04/01/2026,05:34,CROSS_CITY_LINE_A,Class_730,6
04/01/2026,12:05,COVENTRY_STAFFORD,Class_390,11
04/01/2026,09:32,COVENTRY_STAFFORD,Class_390,11
04/01/2026,16:17,COVENTRY_STAFFORD,Class_390,11
04/01/2026,07:17,COVENTRY_STAFFORD,Class_390,11
04/01/2026,22:58,STAFFORD_COVENTRY,Class_390,11
04/01/2026,22:07,STAFFORD_COVENTRY,Class_390,11
04/01/2026,21:16,STAFFORD_COVENTRY,Class_390,11
04/01/2026,18:15,STAFFORD_COVENTRY,Class_390,11
04/01/2026,16:20,STAFFORD_COVENTRY,Class_390,11
04/01/2026,08:45,COVENTRY_STAFFORD,Class_390,11
04/01/2026,15:23,STAFFORD_COVENTRY,Class_390,11
05/01/2026,06:24,RUGELEY_TRENT_VALLEY_BIRMINGHAM_INTERNATIONAL,Class_730,3
05/01/2026,19:28,FOUR_OAKS_REDDITCH,Class_730,6
05/01/2026,20:01,FOUR_OAKS_REDDITCH,Class_730,6
05/01/2026,20:38,FOUR_OAKS_REDDITCH,Class_730,6
05/01/2026,21:03,FOUR_OAKS_REDDITCH,Class_730,6
05/01/2026,21:32,FOUR_OAKS_REDDITCH,Class_730,6
05/01/2026,22:52,FOUR_OAKS_REDDITCH,Class_730,6
05/01/2026,22:32,FOUR_OAKS_REDDITCH,Class_730,6
05/01/2026,23:04,FOUR_OAKS_REDDITCH,Class_730,6
05/01/2026,05:42,RUGELEY_TRENT_VALLEY_BIRMINGHAM_INTERNATIONAL,Class_730,3
05/01/2026,06:58,RUGELEY_TRENT_VALLEY_BIRMINGHAM_INTERNATIONAL,Class_730,3
05/01/2026,22:03,FOUR_OAKS_REDDITCH,Class_730,6
05/01/2026,18:46,FOUR_OAKS_REDDITCH,Class_730,6
05/01/2026,14:51,FOUR_OAKS_REDDITCH,Class_730,6
05/01/2026,17:45,FOUR_OAKS_REDDITCH,Class_730,6
05/01/2026,17:11,FOUR_OAKS_REDDITCH,Class_730,6
05/01/2026,16:13,FOUR_OAKS_REDDITCH,Class_730,6
05/01/2026,15:54,FOUR_OAKS_REDDITCH,Class_730,6
05/01/2026,15:31,FOUR_OAKS_REDDITCH,Class_730,6
05/01/2026,14:10,FOUR_OAKS_REDDITCH,Class_730,6
05/01/2026,13:35,FOUR_OAKS_REDDITCH,Class_730,6
05/01/2026,12:53,FOUR_OAKS_REDDITCH,Class_730,6
05/01/2026,12:27,FOUR_OAKS_REDDITCH,Class_730,6
05/01/2026,11:49,FOUR_OAKS_REDDITCH,Class_730,6
05/01/2026,07:19,RUGELEY_TRENT_VALLEY_BIRMINGHAM_INTERNATIONAL,Class_730,3
05/01/2026,11:23,FOUR_OAKS_REDDITCH,Class_730,6
05/01/2026,10:45,FOUR_OAKS_REDDITCH,Class_730,6
05/01/2026,18:22,FOUR_OAKS_REDDITCH,Class_730,6
05/01/2026,07:46,RUGELEY_TRENT_VALLEY_BIRMINGHAM_INTERNATIONAL,Class_730,3
05/01/2026,17:51,RUGELEY_TRENT_VALLEY_BIRMINGHAM_INTERNATIONAL,Class_730,3
05/01/2026,08:47,RUGELEY_TRENT_VALLEY_BIRMINGHAM_INTERNATIONAL,Class_730,3
05/01/2026,07:41,BIRMINGHAM_INTERNATIONAL_RUGELEY_TRENT_VALLEY,Class_730,3
05/01/2026,10:14,FOUR_OAKS_REDDITCH,Class_730,6
05/01/2026,07:19,BIRMINGHAM_INTERNATIONAL_RUGELEY_TRENT_VALLEY,Class_730,3
05/01/2026,06:58,BIRMINGHAM_INTERNATIONAL_RUGELEY_TRENT_VALLEY,Class_730,3
05/01/2026,06:32,BIRMINGHAM_INTERNATIONAL_RUGELEY_TRENT_VALLEY,Class_730,3
05/01/2026,22:13,RUGELEY_TRENT_VALLEY_BIRMINGHAM_INTERNATIONAL,Class_730,3
05/01/2026,21:40,RUGELEY_TRENT_VALLEY_BIRMINGHAM_INTERNATIONAL,Class_730,3
05/01/2026,21:12,RUGELEY_TRENT_VALLEY_BIRMINGHAM_INTERNATIONAL,Class_730,3
05/01/2026,20:43,RUGELEY_TRENT_VALLEY_BIRMINGHAM_INTERNATIONAL,Class_730,3
05/01/2026,20:07,RUGELEY_TRENT_VALLEY_BIRMINGHAM_INTERNATIONAL,Class_730,3
05/01/2026,19:32,RUGELEY_TRENT_VALLEY_BIRMINGHAM_INTERNATIONAL,Class_730,3
05/01/2026,18:59,RUGELEY_TRENT_VALLEY_BIRMINGHAM_INTERNATIONAL,Class_730,3
05/01/2026,18:24,RUGELEY_TRENT_VALLEY_BIRMINGHAM_INTERNATIONAL,Class_730,3
05/01/2026,08:06,RUGELEY_TRENT_VALLEY_BIRMINGHAM_INTERNATIONAL,Class_730,3
05/01/2026,17:25,RUGELEY_TRENT_VALLEY_BIRMINGHAM_INTERNATIONAL,Class_730,3
05/01/2026,15:55,RUGELEY_TRENT_VALLEY_BIRMINGHAM_INTERNATIONAL,Class_730,3
05/01/2026,15:43,RUGELEY_TRENT_VALLEY_BIRMINGHAM_INTERNATIONAL,Class_730,3
05/01/2026,15:14,RUGELEY_TRENT_VALLEY_BIRMINGHAM_INTERNATIONAL,Class_730,3
05/01/2026,14:32,RUGELEY_TRENT_VALLEY_BIRMINGHAM_INTERNATIONAL,Class_730,3
05/01/2026,13:45,RUGELEY_TRENT_VALLEY_BIRMINGHAM_INTERNATIONAL,Class_730,3
05/01/2026,12:59,RUGELEY_TRENT_VALLEY_BIRMINGHAM_INTERNATIONAL,Class_730,3
05/01/2026,12:37,RUGELEY_TRENT_VALLEY_BIRMINGHAM_INTERNATIONAL,Class_730,3
05/01/2026,11:54,RUGELEY_TRENT_VALLEY_BIRMINGHAM_INTERNATIONAL,Class_730,3
05/01/2026,11:27,RUGELEY_TRENT_VALLEY_BIRMINGHAM_INTERNATIONAL,Class_730,3
05/01/2026,10:49,RUGELEY_TRENT_VALLEY_BIRMINGHAM_INTERNATIONAL,Class_730,3
05/01/2026,10:22,RUGELEY_TRENT_VALLEY_BIRMINGHAM_INTERNATIONAL,Class_730,3
05/01/2026,09:54,RUGELEY_TRENT_VALLEY_BIRMINGHAM_INTERNATIONAL,Class_730,3
05/01/2026,09:08,RUGELEY_TRENT_VALLEY_BIRMINGHAM_INTERNATIONAL,Class_730,3
05/01/2026,16:38,RUGELEY_TRENT_VALLEY_BIRMINGHAM_INTERNATIONAL,Class_730,3
05/01/2026,09:50,FOUR_OAKS_REDDITCH,Class_730,6
05/01/2026,08:19,REDDITCH_FOUR_OAKS,Class_730,6
05/01/2026,08:26,FOUR_OAKS_REDDITCH,Class_730,6
05/01/2026,09:19,REDDITCH_FOUR_OAKS,Class_730,6
05/01/2026,08:53,REDDITCH_FOUR_OAKS,Class_730,6
05/01/2026,07:52,REDDITCH_FOUR_OAKS,Class_730,6
05/01/2026,07:27,REDDITCH_FOUR_OAKS,Class_730,6
05/01/2026,07:03,REDDITCH_FOUR_OAKS,Class_730,6
05/01/2026,06:35,REDDITCH_FOUR_OAKS,Class_730,6
05/01/2026,06:01,REDDITCH_FOUR_OAKS,Class_730,6
05/01/2026,05:28,REDDITCH_FOUR_OAKS,Class_730,6
05/01/2026,22:38,CROSS_CITY_LINE_B,Class_730,6
05/01/2026,22:10,CROSS_CITY_LINE_B,Class_730,6
05/01/2026,21:36,CROSS_CITY_LINE_B,Class_730,6
05/01/2026,21:04,CROSS_CITY_LINE_B,Class_730,6
05/01/2026,20:40,CROSS_CITY_LINE_B,Class_730,6
05/01/2026,20:09,CROSS_CITY_LINE_B,Class_730,6
05/01/2026,19:29,CROSS_CITY_LINE_B,Class_730,6
05/01/2026,18:59,CROSS_CITY_LINE_B,Class_730,6
05/01/2026,18:30,CROSS_CITY_LINE_B,Class_730,6
05/01/2026,17:51,CROSS_CITY_LINE_B,Class_730,6
05/01/2026,17:14,CROSS_CITY_LINE_B,Class_730,6
05/01/2026,16:20,CROSS_CITY_LINE_B,Class_730,6
05/01/2026,16:00,CROSS_CITY_LINE_B,Class_730,6
05/01/2026,15:38,CROSS_CITY_LINE_B,Class_730,6
05/01/2026,15:05,CROSS_CITY_LINE_B,Class_730,6
05/01/2026,14:14,CROSS_CITY_LINE_B,Class_730,6
05/01/2026,13:39,CROSS_CITY_LINE_B,Class_730,6
05/01/2026,13:04,CROSS_CITY_LINE_B,Class_730,6
05/01/2026,08:08,BIRMINGHAM_INTERNATIONAL_RUGELEY_TRENT_VALLEY,Class_730,3
05/01/2026,10:06,REDDITCH_FOUR_OAKS,Class_730,6
05/01/2026,10:31,REDDITCH_FOUR_OAKS,Class_730,6
05/01/2026,11:17,REDDITCH_FOUR_OAKS,Class_730,6
05/01/2026,11:39,REDDITCH_FOUR_OAKS,Class_730,6
05/01/2026,08:00,FOUR_OAKS_REDDITCH,Class_730,6
05/01/2026,07:35,FOUR_OAKS_REDDITCH,Class_730,6
05/01/2026,07:11,FOUR_OAKS_REDDITCH,Class_730,6
05/01/2026,06:45,FOUR_OAKS_REDDITCH,Class_730,6
05/01/2026,06:17,FOUR_OAKS_REDDITCH,Class_730,6
05/01/2026,05:42,FOUR_OAKS_REDDITCH,Class_730,6
05/01/2026,05:20,FOUR_OAKS_REDDITCH,Class_730,6
05/01/2026,23:18,REDDITCH_FOUR_OAKS,Class_730,6
05/01/2026,22:57,REDDITCH_FOUR_OAKS,Class_730,6
05/01/2026,22:38,REDDITCH_FOUR_OAKS,Class_730,6
05/01/2026,22:24,REDDITCH_FOUR_OAKS,Class_730,6
05/01/2026,21:43,REDDITCH_FOUR_OAKS,Class_730,6
05/01/2026,20:49,REDDITCH_FOUR_OAKS,Class_730,6
05/01/2026,09:15,FOUR_OAKS_REDDITCH,Class_730,6
05/01/2026,20:21,REDDITCH_FOUR_OAKS,Class_730,6
05/01/2026,19:11,REDDITCH_FOUR_OAKS,Class_730,6
05/01/2026,18:35,REDDITCH_FOUR_OAKS,Class_730,6
05/01/2026,18:09,REDDITCH_FOUR_OAKS,Class_730,6
05/01/2026,17:29,REDDITCH_FOUR_OAKS,Class_730,6
05/01/2026,16:47,REDDITCH_FOUR_OAKS,Class_730,6
05/01/2026,16:06,REDDITCH_FOUR_OAKS,Class_730,6
05/01/2026,15:50,REDDITCH_FOUR_OAKS,Class_730,6
05/01/2026,15:17,REDDITCH_FOUR_OAKS,Class_730,6
05/01/2026,14:41,REDDITCH_FOUR_OAKS,Class_730,6
05/01/2026,14:04,REDDITCH_FOUR_OAKS,Class_730,6
05/01/2026,13:34,REDDITCH_FOUR_OAKS,Class_730,6
05/01/2026,12:46,REDDITCH_FOUR_OAKS,Class_730,6
05/01/2026,12:15,REDDITCH_FOUR_OAKS,Class_730,6
05/01/2026,19:42,REDDITCH_FOUR_OAKS,Class_730,6
05/01/2026,08:38,BIRMINGHAM_INTERNATIONAL_RUGELEY_TRENT_VALLEY,Class_730,3
05/01/2026,15:18,WOLVERHAMPTON_WALSALL,Class_730,3
05/01/2026,09:56,BIRMINGHAM_INTERNATIONAL_RUGELEY_TRENT_VALLEY,Class_730,3
05/01/2026,05:52,WALSALL_WOLVERHAMPTON,Class_731,3
05/01/2026,05:28,WALSALL_WOLVERHAMPTON,Class_730,3
05/01/2026,22:58,WOLVERHAMPTON_WALSALL,Class_730,3
05/01/2026,22:44,WOLVERHAMPTON_WALSALL,Class_730,3
05/01/2026,22:14,WOLVERHAMPTON_WALSALL,Class_730,3
05/01/2026,21:41,WOLVERHAMPTON_WALSALL,Class_730,3
05/01/2026,21:23,WOLVERHAMPTON_WALSALL,Class_730,3
05/01/2026,20:50,WOLVERHAMPTON_WALSALL,Class_730,3
05/01/2026,20:20,WOLVERHAMPTON_WALSALL,Class_730,3
05/01/2026,19:37,WOLVERHAMPTON_WALSALL,Class_730,3
05/01/2026,19:12,WOLVERHAMPTON_WALSALL,Class_730,3
05/01/2026,18:34,WOLVERHAMPTON_WALSALL,Class_730,3
05/01/2026,18:11,WOLVERHAMPTON_WALSALL,Class_730,3
05/01/2026,17:29,WOLVERHAMPTON_WALSALL,Class_730,3
05/01/2026,16:41,WOLVERHAMPTON_WALSALL,Class_730,3
05/01/2026,16:05,WOLVERHAMPTON_WALSALL,Class_730,3
05/01/2026,15:47,WOLVERHAMPTON_WALSALL,Class_730,3
05/01/2026,12:42,CROSS_CITY_LINE_B,Class_730,6
05/01/2026,14:43,WOLVERHAMPTON_WALSALL,Class_730,3
05/01/2026,13:54,WOLVERHAMPTON_WALSALL,Class_730,3
05/01/2026,13:30,WOLVERHAMPTON_WALSALL,Class_730,3
05/01/2026,12:43,WOLVERHAMPTON_WALSALL,Class_730,3
05/01/2026,12:14,WOLVERHAMPTON_WALSALL,Class_730,3
05/01/2026,11:39,WOLVERHAMPTON_WALSALL,Class_730,3
05/01/2026,11:11,WOLVERHAMPTON_WALSALL,Class_730,3
05/01/2026,10:32,WOLVERHAMPTON_WALSALL,Class_730,3
05/01/2026,10:02,WOLVERHAMPTON_WALSALL,Class_730,3
05/01/2026,06:35,WALSALL_WOLVERHAMPTON,Class_732,3
05/01/2026,07:03,WALSALL_WOLVERHAMPTON,Class_733,3
05/01/2026,07:31,WALSALL_WOLVERHAMPTON,Class_734,3
05/01/2026,07:52,WALSALL_WOLVERHAMPTON,Class_735,3
05/01/2026,23:02,WALSALL_WOLVERHAMPTON,Class_763,3
05/01/2026,22:43,WALSALL_WOLVERHAMPTON,Class_762,3
05/01/2026,22:23,WALSALL_WOLVERHAMPTON,Class_761,3
05/01/2026,21:42,WALSALL_WOLVERHAMPTON,Class_760,3
05/01/2026,21:22,WALSALL_WOLVERHAMPTON,Class_759,3
05/01/2026,20:48,WALSALL_WOLVERHAMPTON,Class_758,3
05/01/2026,20:22,WALSALL_WOLVERHAMPTON,Class_757,3
05/01/2026,19:47,WALSALL_WOLVERHAMPTON,Class_756,3
05/01/2026,19:13,WALSALL_WOLVERHAMPTON,Class_755,3
05/01/2026,18:34,WALSALL_WOLVERHAMPTON,Class_754,3
05/01/2026,18:08,WALSALL_WOLVERHAMPTON,Class_753,3
05/01/2026,17:34,WALSALL_WOLVERHAMPTON,Class_752,3
05/01/2026,16:59,WALSALL_WOLVERHAMPTON,Class_751,3
05/01/2026,09:24,WOLVERHAMPTON_WALSALL,Class_730,3
05/01/2026,16:06,WALSALL_WOLVERHAMPTON,Class_750,3
05/01/2026,15:14,WALSALL_WOLVERHAMPTON,Class_748,3
05/01/2026,14:36,WALSALL_WOLVERHAMPTON,Class_747,3
05/01/2026,14:00,WALSALL_WOLVERHAMPTON,Class_746,3
05/01/2026,13:29,WALSALL_WOLVERHAMPTON,Class_745,3
05/01/2026,12:51,WALSALL_WOLVERHAMPTON,Class_744,3
05/01/2026,12:17,WALSALL_WOLVERHAMPTON,Class_743,3
05/01/2026,11:36,WALSALL_WOLVERHAMPTON,Class_742,3
05/01/2026,11:11,WALSALL_WOLVERHAMPTON,Class_741,3
05/01/2026,10:34,WALSALL_WOLVERHAMPTON,Class_740,3
05/01/2026,10:04,WALSALL_WOLVERHAMPTON,Class_739,3
05/01/2026,09:26,WALSALL_WOLVERHAMPTON,Class_738,3
05/01/2026,08:50,WALSALL_WOLVERHAMPTON,Class_737,3
05/01/2026,08:25,WALSALL_WOLVERHAMPTON,Class_736,3
05/01/2026,15:49,WALSALL_WOLVERHAMPTON,Class_749,3
05/01/2026,08:49,WOLVERHAMPTON_WALSALL,Class_730,3
05/01/2026,08:18,WOLVERHAMPTON_WALSALL,Class_730,3
05/01/2026,07:54,WOLVERHAMPTON_WALSALL,Class_730,3
05/01/2026,10:24,NORTHAMPTON_BIRMINGHAM_NEW_STREET,Class_350,5
05/01/2026,09:18,NORTHAMPTON_BIRMINGHAM_NEW_STREET,Class_350,5
05/01/2026,08:07,NORTHAMPTON_BIRMINGHAM_NEW_STREET,Class_350,5
05/01/2026,07:21,NORTHAMPTON_BIRMINGHAM_NEW_STREET,Class_350,5
05/01/2026,06:27,NORTHAMPTON_BIRMINGHAM_NEW_STREET,Class_350,5
05/01/2026,05:21,NORTHAMPTON_BIRMINGHAM_NEW_STREET,Class_350,5
05/01/2026,22:05,BIRMINGHAM_INTERNATIONAL_RUGELEY_TRENT_VALLEY,Class_730,3
05/01/2026,21:34,BIRMINGHAM_INTERNATIONAL_RUGELEY_TRENT_VALLEY,Class_730,3
05/01/2026,21:06,BIRMINGHAM_INTERNATIONAL_RUGELEY_TRENT_VALLEY,Class_730,3
05/01/2026,20:40,BIRMINGHAM_INTERNATIONAL_RUGELEY_TRENT_VALLEY,Class_730,3
05/01/2026,20:12,BIRMINGHAM_INTERNATIONAL_RUGELEY_TRENT_VALLEY,Class_730,3
05/01/2026,19:34,BIRMINGHAM_INTERNATIONAL_RUGELEY_TRENT_VALLEY,Class_730,3
05/01/2026,19:06,BIRMINGHAM_INTERNATIONAL_RUGELEY_TRENT_VALLEY,Class_730,3
05/01/2026,11:31,NORTHAMPTON_BIRMINGHAM_NEW_STREET,Class_350,5
05/01/2026,18:22,BIRMINGHAM_INTERNATIONAL_RUGELEY_TRENT_VALLEY,Class_730,3
05/01/2026,17:17,BIRMINGHAM_INTERNATIONAL_RUGELEY_TRENT_VALLEY,Class_730,3
05/01/2026,16:32,BIRMINGHAM_INTERNATIONAL_RUGELEY_TRENT_VALLEY,Class_730,3
05/01/2026,16:04,BIRMINGHAM_INTERNATIONAL_RUGELEY_TRENT_VALLEY,Class_730,3
05/01/2026,15:40,BIRMINGHAM_INTERNATIONAL_RUGELEY_TRENT_VALLEY,Class_730,3
05/01/2026,15:06,BIRMINGHAM_INTERNATIONAL_RUGELEY_TRENT_VALLEY,Class_730,3
05/01/2026,14:21,BIRMINGHAM_INTERNATIONAL_RUGELEY_TRENT_VALLEY,Class_730,3
05/01/2026,13:54,BIRMINGHAM_INTERNATIONAL_RUGELEY_TRENT_VALLEY,Class_730,3
05/01/2026,13:09,BIRMINGHAM_INTERNATIONAL_RUGELEY_TRENT_VALLEY,Class_730,3
05/01/2026,12:32,BIRMINGHAM_INTERNATIONAL_RUGELEY_TRENT_VALLEY,Class_730,3
05/01/2026,11:58,BIRMINGHAM_INTERNATIONAL_RUGELEY_TRENT_VALLEY,Class_730,3
05/01/2026,11:34,BIRMINGHAM_INTERNATIONAL_RUGELEY_TRENT_VALLEY,Class_730,3
05/01/2026,10:50,BIRMINGHAM_INTERNATIONAL_RUGELEY_TRENT_VALLEY,Class_730,3
05/01/2026,10:25,BIRMINGHAM_INTERNATIONAL_RUGELEY_TRENT_VALLEY,Class_730,3
05/01/2026,17:57,BIRMINGHAM_INTERNATIONAL_RUGELEY_TRENT_VALLEY,Class_730,3
05/01/2026,09:17,BIRMINGHAM_INTERNATIONAL_RUGELEY_TRENT_VALLEY,Class_730,3
05/01/2026,12:27,NORTHAMPTON_BIRMINGHAM_NEW_STREET,Class_350,5
05/01/2026,15:13,NORTHAMPTON_BIRMINGHAM_NEW_STREET,Class_350,5
05/01/2026,07:32,WOLVERHAMPTON_WALSALL,Class_730,3
05/01/2026,07:10,WOLVERHAMPTON_WALSALL,Class_730,3
05/01/2026,06:36,WOLVERHAMPTON_WALSALL,Class_730,3
05/01/2026,06:02,WOLVERHAMPTON_WALSALL,Class_730,3
05/01/2026,05:25,WOLVERHAMPTON_WALSALL,Class_730,3
05/01/2026,23:04,BIRMINGHAM_NEW_STREET_NORTHAMPTON,Class_350,8
05/01/2026,22:31,BIRMINGHAM_NEW_STREET_NORTHAMPTON,Class_350,8
05/01/2026,21:23,BIRMINGHAM_NEW_STREET_NORTHAMPTON,Class_350,8
05/01/2026,20:27,BIRMINGHAM_NEW_STREET_NORTHAMPTON,Class_350,8
05/01/2026,19:17,BIRMINGHAM_NEW_STREET_NORTHAMPTON,Class_350,8
05/01/2026,18:11,BIRMINGHAM_NEW_STREET_NORTHAMPTON,Class_350,8
05/01/2026,17:10,BIRMINGHAM_NEW_STREET_NORTHAMPTON,Class_350,8
05/01/2026,15:53,BIRMINGHAM_NEW_STREET_NORTHAMPTON,Class_350,8
05/01/2026,13:51,NORTHAMPTON_BIRMINGHAM_NEW_STREET,Class_350,5
05/01/2026,14:45,BIRMINGHAM_NEW_STREET_NORTHAMPTON,Class_350,8
05/01/2026,12:20,BIRMINGHAM_NEW_STREET_NORTHAMPTON,Class_350,8
05/01/2026,11:19,BIRMINGHAM_NEW_STREET_NORTHAMPTON,Class_350,8
05/01/2026,10:07,BIRMINGHAM_NEW_STREET_NORTHAMPTON,Class_350,8
05/01/2026,08:54,BIRMINGHAM_NEW_STREET_NORTHAMPTON,Class_350,8
05/01/2026,07:55,BIRMINGHAM_NEW_STREET_NORTHAMPTON,Class_350,8
05/01/2026,07:10,BIRMINGHAM_NEW_STREET_NORTHAMPTON,Class_350,8
05/01/2026,22:37,NORTHAMPTON_BIRMINGHAM_NEW_STREET,Class_350,5
05/01/2026,21:35,NORTHAMPTON_BIRMINGHAM_NEW_STREET,Class_350,5
05/01/2026,20:38,NORTHAMPTON_BIRMINGHAM_NEW_STREET,Class_350,5
05/01/2026,19:30,NORTHAMPTON_BIRMINGHAM_NEW_STREET,Class_350,5
05/01/2026,18:32,NORTHAMPTON_BIRMINGHAM_NEW_STREET,Class_350,5
05/01/2026,17:24,NORTHAMPTON_BIRMINGHAM_NEW_STREET,Class_350,5
05/01/2026,16:01,NORTHAMPTON_BIRMINGHAM_NEW_STREET,Class_350,5
05/01/2026,13:32,BIRMINGHAM_NEW_STREET_NORTHAMPTON,Class_350,8
05/01/2026,11:49,CROSS_CITY_LINE_B,Class_730,6
05/01/2026,21:17,REDDITCH_FOUR_OAKS,Class_730,6
05/01/2026,11:01,CROSS_CITY_LINE_B,Class_730,6
05/01/2026,19:31,DORRIDGE_BIRMINGHAM_MOOR_STREET,Class_168,6
05/01/2026,18:48,DORRIDGE_BIRMINGHAM_MOOR_STREET,Class_168,6
05/01/2026,18:22,DORRIDGE_BIRMINGHAM_MOOR_STREET,Class_168,6
05/01/2026,17:44,DORRIDGE_BIRMINGHAM_MOOR_STREET,Class_168,6
05/01/2026,17:11,DORRIDGE_BIRMINGHAM_MOOR_STREET,Class_168,6
05/01/2026,16:22,DORRIDGE_BIRMINGHAM_MOOR_STREET,Class_168,6
05/01/2026,16:02,DORRIDGE_BIRMINGHAM_MOOR_STREET,Class_168,6
05/01/2026,15:24,DORRIDGE_BIRMINGHAM_MOOR_STREET,Class_168,6
05/01/2026,15:03,DORRIDGE_BIRMINGHAM_MOOR_STREET,Class_168,6
05/01/2026,14:27,DORRIDGE_BIRMINGHAM_MOOR_STREET,Class_168,6
05/01/2026,13:54,DORRIDGE_BIRMINGHAM_MOOR_STREET,Class_168,6
05/01/2026,13:05,DORRIDGE_BIRMINGHAM_MOOR_STREET,Class_168,6
05/01/2026,12:26,DORRIDGE_BIRMINGHAM_MOOR_STREET,Class_168,6
05/01/2026,11:47,DORRIDGE_BIRMINGHAM_MOOR_STREET,Class_168,6
05/01/2026,11:31,DORRIDGE_BIRMINGHAM_MOOR_STREET,Class_168,6
05/01/2026,10:47,DORRIDGE_BIRMINGHAM_MOOR_STREET,Class_168,6
05/01/2026,10:25,DORRIDGE_BIRMINGHAM_MOOR_STREET,Class_168,6
05/01/2026,09:51,DORRIDGE_BIRMINGHAM_MOOR_STREET,Class_168,6
05/01/2026,09:01,DORRIDGE_BIRMINGHAM_MOOR_STREET,Class_168,6
05/01/2026,08:29,DORRIDGE_BIRMINGHAM_MOOR_STREET,Class_168,6
05/01/2026,08:11,DORRIDGE_BIRMINGHAM_MOOR_STREET,Class_168,6
05/01/2026,07:41,DORRIDGE_BIRMINGHAM_MOOR_STREET,Class_168,6
05/01/2026,07:12,DORRIDGE_BIRMINGHAM_MOOR_STREET,Class_168,6
05/01/2026,06:48,DORRIDGE_BIRMINGHAM_MOOR_STREET,Class_168,6
05/01/2026,06:12,DORRIDGE_BIRMINGHAM_MOOR_STREET,Class_168,6
05/01/2026,23:26,BIRMINGHAM_MOOR_STREET_DORRIDGE,Class_168,6
05/01/2026,23:08,BIRMINGHAM_MOOR_STREET_DORRIDGE,Class_168,6
05/01/2026,19:53,DORRIDGE_BIRMINGHAM_MOOR_STREET,Class_168,6
05/01/2026,20:31,DORRIDGE_BIRMINGHAM_MOOR_STREET,Class_168,6
05/01/2026,20:55,DORRIDGE_BIRMINGHAM_MOOR_STREET,Class_168,6
05/01/2026,21:29,DORRIDGE_BIRMINGHAM_MOOR_STREET,Class_168,6
05/01/2026,16:30,DORRIDGE_BIRMINGHAM_SNOW_HILL,Class_168,6
05/01/2026,15:34,DORRIDGE_BIRMINGHAM_SNOW_HILL,Class_168,6
05/01/2026,14:31,DORRIDGE_BIRMINGHAM_SNOW_HILL,Class_168,6
05/01/2026,13:07,DORRIDGE_BIRMINGHAM_SNOW_HILL,Class_168,6
05/01/2026,12:03,DORRIDGE_BIRMINGHAM_SNOW_HILL,Class_168,6
05/01/2026,10:52,DORRIDGE_BIRMINGHAM_SNOW_HILL,Class_168,6
05/01/2026,09:55,DORRIDGE_BIRMINGHAM_SNOW_HILL,Class_168,6
05/01/2026,08:48,DORRIDGE_BIRMINGHAM_SNOW_HILL,Class_168,6
05/01/2026,23:26,BIRMINGHAM_SNOW_HILL_DORRIDGE,Class_168,6
05/01/2026,22:49,BIRMINGHAM_SNOW_HILL_DORRIDGE,Class_168,6
05/01/2026,21:46,BIRMINGHAM_SNOW_HILL_DORRIDGE,Class_168,6
05/01/2026,20:53,BIRMINGHAM_SNOW_HILL_DORRIDGE,Class_168,6
05/01/2026,19:51,BIRMINGHAM_SNOW_HILL_DORRIDGE,Class_168,6
05/01/2026,22:50,BIRMINGHAM_MOOR_STREET_DORRIDGE,Class_168,6
05/01/2026,18:38,BIRMINGHAM_SNOW_HILL_DORRIDGE,Class_168,6
05/01/2026,16:11,BIRMINGHAM_SNOW_HILL_DORRIDGE,Class_168,6
05/01/2026,15:22,BIRMINGHAM_SNOW_HILL_DORRIDGE,Class_168,6
05/01/2026,14:12,BIRMINGHAM_SNOW_HILL_DORRIDGE,Class_168,6
05/01/2026,12:58,BIRMINGHAM_SNOW_HILL_DORRIDGE,Class_168,6
05/01/2026,11:44,BIRMINGHAM_SNOW_HILL_DORRIDGE,Class_168,6
05/01/2026,10:42,BIRMINGHAM_SNOW_HILL_DORRIDGE,Class_168,6
05/01/2026,09:40,BIRMINGHAM_SNOW_HILL_DORRIDGE,Class_168,6
05/01/2026,08:26,BIRMINGHAM_SNOW_HILL_DORRIDGE,Class_168,6
05/01/2026,23:31,DORRIDGE_BIRMINGHAM_MOOR_STREET,Class_168,6
05/01/2026,23:09,DORRIDGE_BIRMINGHAM_MOOR_STREET,Class_168,6
05/01/2026,22:53,DORRIDGE_BIRMINGHAM_MOOR_STREET,Class_168,6
05/01/2026,22:36,DORRIDGE_BIRMINGHAM_MOOR_STREET,Class_168,6
05/01/2026,22:05,DORRIDGE_BIRMINGHAM_MOOR_STREET,Class_168,6
05/01/2026,17:45,BIRMINGHAM_SNOW_HILL_DORRIDGE,Class_168,6
05/01/2026,22:31,BIRMINGHAM_MOOR_STREET_DORRIDGE,Class_168,6
05/01/2026,22:04,BIRMINGHAM_MOOR_STREET_DORRIDGE,Class_168,6
05/01/2026,21:32,BIRMINGHAM_MOOR_STREET_DORRIDGE,Class_168,6
05/01/2026,21:59,WOLVERHAMPTON_BIRMINGHAM_INTERNATIONAL,Class_158,2
05/01/2026,20:54,WOLVERHAMPTON_BIRMINGHAM_INTERNATIONAL,Class_158,2
05/01/2026,19:55,WOLVERHAMPTON_BIRMINGHAM_INTERNATIONAL,Class_158,2
05/01/2026,18:40,WOLVERHAMPTON_BIRMINGHAM_INTERNATIONAL,Class_158,2
05/01/2026,17:39,WOLVERHAMPTON_BIRMINGHAM_INTERNATIONAL,Class_158,2
05/01/2026,16:12,WOLVERHAMPTON_BIRMINGHAM_INTERNATIONAL,Class_158,2
05/01/2026,15:21,WOLVERHAMPTON_BIRMINGHAM_INTERNATIONAL,Class_158,2
05/01/2026,14:06,WOLVERHAMPTON_BIRMINGHAM_INTERNATIONAL,Class_158,2
05/01/2026,12:53,WOLVERHAMPTON_BIRMINGHAM_INTERNATIONAL,Class_158,2
05/01/2026,11:46,WOLVERHAMPTON_BIRMINGHAM_INTERNATIONAL,Class_158,2
05/01/2026,10:44,WOLVERHAMPTON_BIRMINGHAM_INTERNATIONAL,Class_158,2
05/01/2026,09:34,WOLVERHAMPTON_BIRMINGHAM_INTERNATIONAL,Class_158,2
05/01/2026,07:33,WOLVERHAMPTON_BIRMINGHAM_INTERNATIONAL,Class_158,2
05/01/2026,22:45,WOLVERHAMPTON_BIRMINGHAM_INTERNATIONAL,Class_158,2
05/01/2026,06:42,WOLVERHAMPTON_BIRMINGHAM_INTERNATIONAL,Class_158,2
05/01/2026,19:50,BIRMINGHAM_INTERNATIONA_WOLVERHAMPTON,Class_158,2
05/01/2026,18:43,BIRMINGHAM_INTERNATIONA_WOLVERHAMPTON,Class_158,2
05/01/2026,17:36,BIRMINGHAM_INTERNATIONA_WOLVERHAMPTON,Class_158,2
05/01/2026,16:09,BIRMINGHAM_INTERNATIONA_WOLVERHAMPTON,Class_158,2
05/01/2026,15:18,BIRMINGHAM_INTERNATIONA_WOLVERHAMPTON,Class_158,2
05/01/2026,14:05,BIRMINGHAM_INTERNATIONA_WOLVERHAMPTON,Class_158,2
05/01/2026,12:51,BIRMINGHAM_INTERNATIONA_WOLVERHAMPTON,Class_158,2
05/01/2026,11:43,BIRMINGHAM_INTERNATIONA_WOLVERHAMPTON,Class_158,2
05/01/2026,10:35,BIRMINGHAM_INTERNATIONA_WOLVERHAMPTON,Class_158,2
05/01/2026,09:38,BIRMINGHAM_INTERNATIONA_WOLVERHAMPTON,Class_158,2
05/01/2026,08:25,BIRMINGHAM_INTERNATIONA_WOLVERHAMPTON,Class_158,2
05/01/2026,07:34,BIRMINGHAM_INTERNATIONA_WOLVERHAMPTON,Class_158,2
05/01/2026,11:32,CROSS_CITY_LINE_B,Class_730,6
05/01/2026,05:22,WOLVERHAMPTON_BIRMINGHAM_INTERNATIONAL,Class_158,2
05/01/2026,17:51,DORRIDGE_BIRMINGHAM_SNOW_HILL,Class_168,6
05/01/2026,05:04,BIRMINGHAM_MOOR_STREET_DORRIDGE,Class_168,6
05/01/2026,05:40,BIRMINGHAM_MOOR_STREET_DORRIDGE,Class_168,6
05/01/2026,21:00,BIRMINGHAM_MOOR_STREET_DORRIDGE,Class_168,6
05/01/2026,20:34,BIRMINGHAM_MOOR_STREET_DORRIDGE,Class_168,6
05/01/2026,19:56,BIRMINGHAM_MOOR_STREET_DORRIDGE,Class_168,6
05/01/2026,19:26,BIRMINGHAM_MOOR_STREET_DORRIDGE,Class_168,6
05/01/2026,18:52,BIRMINGHAM_MOOR_STREET_DORRIDGE,Class_168,6
05/01/2026,18:18,BIRMINGHAM_MOOR_STREET_DORRIDGE,Class_168,6
05/01/2026,17:49,BIRMINGHAM_MOOR_STREET_DORRIDGE,Class_168,6
05/01/2026,17:12,BIRMINGHAM_MOOR_STREET_DORRIDGE,Class_168,6
05/01/2026,16:29,BIRMINGHAM_MOOR_STREET_DORRIDGE,Class_168,6
05/01/2026,15:56,BIRMINGHAM_MOOR_STREET_DORRIDGE,Class_168,6
05/01/2026,15:32,BIRMINGHAM_MOOR_STREET_DORRIDGE,Class_168,6
05/01/2026,14:51,BIRMINGHAM_MOOR_STREET_DORRIDGE,Class_168,6
05/01/2026,14:14,BIRMINGHAM_MOOR_STREET_DORRIDGE,Class_168,6
05/01/2026,05:18,BIRMINGHAM_MOOR_STREET_DORRIDGE,Class_168,6
05/01/2026,13:39,BIRMINGHAM_MOOR_STREET_DORRIDGE,Class_168,6
05/01/2026,12:31,BIRMINGHAM_MOOR_STREET_DORRIDGE,Class_168,6
05/01/2026,11:48,BIRMINGHAM_MOOR_STREET_DORRIDGE,Class_168,6
05/01/2026,11:23,BIRMINGHAM_MOOR_STREET_DORRIDGE,Class_168,6
05/01/2026,10:47,BIRMINGHAM_MOOR_STREET_DORRIDGE,Class_168,6
05/01/2026,10:17,BIRMINGHAM_MOOR_STREET_DORRIDGE,Class_168,6
05/01/2026,09:51,BIRMINGHAM_MOOR_STREET_DORRIDGE,Class_168,6
05/01/2026,09:13,BIRMINGHAM_MOOR_STREET_DORRIDGE,Class_168,6
05/01/2026,08:33,BIRMINGHAM_MOOR_STREET_DORRIDGE,Class_168,6
05/01/2026,08:03,BIRMINGHAM_MOOR_STREET_DORRIDGE,Class_168,6
05/01/2026,07:36,BIRMINGHAM_MOOR_STREET_DORRIDGE,Class_168,6
05/01/2026,07:16,BIRMINGHAM_MOOR_STREET_DORRIDGE,Class_168,6
05/01/2026,06:46,BIRMINGHAM_MOOR_STREET_DORRIDGE,Class_168,6
05/01/2026,06:24,BIRMINGHAM_MOOR_STREET_DORRIDGE,Class_168,6
05/01/2026,12:58,BIRMINGHAM_MOOR_STREET_DORRIDGE,Class_168,6
05/01/2026,18:57,DORRIDGE_BIRMINGHAM_SNOW_HILL,Class_168,6
05/01/2026,06:36,BIRMINGHAM_INTERNATIONA_WOLVERHAMPTON,Class_158,2
05/01/2026,21:11,DORRIDGE_BIRMINGHAM_SNOW_HILL,Class_168,6
05/01/2026,11:41,CROSS_CITY_LINE_A,Class_730,6
05/01/2026,11:21,CROSS_CITY_LINE_A,Class_730,6
05/01/2026,10:34,CROSS_CITY_LINE_A,Class_730,6
05/01/2026,10:08,CROSS_CITY_LINE_A,Class_730,6
05/01/2026,09:42,CROSS_CITY_LINE_A,Class_730,6
05/01/2026,08:53,CROSS_CITY_LINE_A,Class_730,6
05/01/2026,08:25,CROSS_CITY_LINE_A,Class_730,6
05/01/2026,08:00,CROSS_CITY_LINE_A,Class_730,6
05/01/2026,07:33,CROSS_CITY_LINE_A,Class_730,6
05/01/2026,07:11,CROSS_CITY_LINE_A,Class_730,6
05/01/2026,06:38,CROSS_CITY_LINE_A,Class_730,6
05/01/2026,06:11,CROSS_CITY_LINE_A,Class_730,6
05/01/2026,05:30,CROSS_CITY_LINE_A,Class_730,6
05/01/2026,22:13,COVENTRY_STAFFORD,Class_390,11
05/01/2026,21:04,COVENTRY_STAFFORD,Class_390,11
05/01/2026,20:16,COVENTRY_STAFFORD,Class_390,11
05/01/2026,19:07,COVENTRY_STAFFORD,Class_390,11
05/01/2026,18:00,COVENTRY_STAFFORD,Class_390,11
05/01/2026,16:33,COVENTRY_STAFFORD,Class_390,11
05/01/2026,15:39,COVENTRY_STAFFORD,Class_390,11
05/01/2026,14:16,COVENTRY_STAFFORD,Class_390,11
05/01/2026,13:21,COVENTRY_STAFFORD,Class_390,11
05/01/2026,12:07,COVENTRY_STAFFORD,Class_390,11
05/01/2026,11:06,COVENTRY_STAFFORD,Class_390,11
05/01/2026,09:54,COVENTRY_STAFFORD,Class_390,11
05/01/2026,08:35,COVENTRY_STAFFORD,Class_390,11
05/01/2026,07:46,COVENTRY_STAFFORD,Class_390,11
05/01/2026,12:25,CROSS_CITY_LINE_A,Class_730,6
05/01/2026,12:52,CROSS_CITY_LINE_A,Class_730,6
05/01/2026,13:34,CROSS_CITY_LINE_A,Class_730,6
05/01/2026,14:05,CROSS_CITY_LINE_A,Class_730,6
05/01/2026,20:18,DORRIDGE_BIRMINGHAM_SNOW_HILL,Class_168,6
05/01/2026,09:53,CROSS_CITY_LINE_B,Class_730,6
05/01/2026,09:15,CROSS_CITY_LINE_B,Class_730,6
05/01/2026,08:27,CROSS_CITY_LINE_B,Class_730,6
05/01/2026,08:12,CROSS_CITY_LINE_B,Class_730,6
05/01/2026,07:40,CROSS_CITY_LINE_B,Class_730,6
05/01/2026,07:22,CROSS_CITY_LINE_B,Class_730,6
05/01/2026,06:47,CROSS_CITY_LINE_B,Class_730,6
05/01/2026,06:28,CROSS_CITY_LINE_B,Class_730,6
05/01/2026,05:45,CROSS_CITY_LINE_B,Class_730,6
05/01/2026,23:23,CROSS_CITY_LINE_A,Class_730,6
05/01/2026,23:03,CROSS_CITY_LINE_A,Class_730,6
05/01/2026,22:46,CROSS_CITY_LINE_A,Class_730,6
05/01/2026,06:51,COVENTRY_STAFFORD,Class_390,11
05/01/2026,22:30,CROSS_CITY_LINE_A,Class_730,6
05/01/2026,21:27,CROSS_CITY_LINE_A,Class_730,6
05/01/2026,20:52,CROSS_CITY_LINE_A,Class_730,6
05/01/2026,20:26,CROSS_CITY_LINE_A,Class_730,6
05/01/2026,19:49,CROSS_CITY_LINE_A,Class_730,6
05/01/2026,19:26,CROSS_CITY_LINE_A,Class_730,6
05/01/2026,18:42,CROSS_CITY_LINE_A,Class_730,6
05/01/2026,18:17,CROSS_CITY_LINE_A,Class_730,6
05/01/2026,17:35,CROSS_CITY_LINE_A,Class_730,6
05/01/2026,17:00,CROSS_CITY_LINE_A,Class_730,6
05/01/2026,16:11,CROSS_CITY_LINE_A,Class_730,6
05/01/2026,15:53,CROSS_CITY_LINE_A,Class_730,6
05/01/2026,15:21,CROSS_CITY_LINE_A,Class_730,6
05/01/2026,14:50,CROSS_CITY_LINE_A,Class_730,6
05/01/2026,21:46,CROSS_CITY_LINE_A,Class_730,6
05/01/2026,22:54,STAFFORD_COVENTRY,Class_390,11
05/01/2026,10:09,CROSS_CITY_LINE_B,Class_730,6
05/01/2026,21:09,STAFFORD_COVENTRY,Class_390,11
05/01/2026,07:50,RUGBY_BIRMINGHAM_NEW_STREET,Class_390,7
05/01/2026,20:20,BIRMINGHAM_NEW_STREET_RUGBY,Class_390,7
05/01/2026,19:09,BIRMINGHAM_NEW_STREET_RUGBY,Class_390,7
05/01/2026,18:05,BIRMINGHAM_NEW_STREET_RUGBY,Class_390,7
05/01/2026,16:34,BIRMINGHAM_NEW_STREET_RUGBY,Class_390,7
05/01/2026,15:47,BIRMINGHAM_NEW_STREET_RUGBY,Class_390,7
05/01/2026,14:32,BIRMINGHAM_NEW_STREET_RUGBY,Class_390,7
05/01/2026,13:24,BIRMINGHAM_NEW_STREET_RUGBY,Class_390,7
05/01/2026,12:04,BIRMINGHAM_NEW_STREET_RUGBY,Class_390,7
05/01/2026,10:52,BIRMINGHAM_NEW_STREET_RUGBY,Class_390,7
05/01/2026,10:00,BIRMINGHAM_NEW_STREET_RUGBY,Class_390,7
05/01/2026,08:44,BIRMINGHAM_NEW_STREET_RUGBY,Class_390,7
05/01/2026,07:48,BIRMINGHAM_NEW_STREET_RUGBY,Class_390,7
05/01/2026,08:28,RUGBY_BIRMINGHAM_NEW_STREET,Class_390,7
05/01/2026,07:01,BIRMINGHAM_NEW_STREET_RUGBY,Class_390,7
05/01/2026,21:01,RUGBY_WOLVERHAMPTON,Class_390,11
05/01/2026,20:01,RUGBY_WOLVERHAMPTON,Class_390,11
05/01/2026,06:13,WOLVERHAMPTON_COVENTRY,Class_390,11
05/01/2026,05:37,WOLVERHAMPTON_COVENTRY,Class_390,11
05/01/2026,05:13,WOLVERHAMPTON_COVENTRY,Class_390,11
05/01/2026,05:09,WOLVERHAMPTON_COVENTRY,Class_390,11
05/01/2026,23:12,DORRIDGE_STOURBRIDGE_JUNCTION,Class_168,6
05/01/2026,21:12,DORRIDGE_STOURBRIDGE_JUNCTION,Class_168,6
05/01/2026,18:53,DORRIDGE_STOURBRIDGE_JUNCTION,Class_168,6
05/01/2026,05:38,STOURBRIDGE_JUNCTION_DORRIDGE,Class_168,6
05/01/2026,23:32,DORRIDGE_BIRMINGHAM_SNOW_HILL,Class_168,6
05/01/2026,22:10,DORRIDGE_BIRMINGHAM_SNOW_HILL,Class_168,6
05/01/2026,22:12,STAFFORD_COVENTRY,Class_390,11
05/01/2026,22:56,RUGBY_WOLVERHAMPTON,Class_390,11
05/01/2026,09:31,RUGBY_BIRMINGHAM_NEW_STREET,Class_390,7
05/01/2026,22:53,DORRIDGE_BIRMINGHAM_SNOW_HILL,Class_168,6
05/01/2026,10:28,RUGBY_BIRMINGHAM_NEW_STREET,Class_390,7
05/01/2026,09:55,RUGBY_BIRMINGHAM_NEW_STREET,Class_390,7
05/01/2026,20:15,STAFFORD_COVENTRY,Class_390,11
05/01/2026,18:02,STAFFORD_COVENTRY,Class_390,11
05/01/2026,16:37,STAFFORD_COVENTRY,Class_390,11
05/01/2026,15:44,STAFFORD_COVENTRY,Class_390,11
05/01/2026,14:34,STAFFORD_COVENTRY,Class_390,11
05/01/2026,13:08,STAFFORD_COVENTRY,Class_390,11
05/01/2026,12:13,STAFFORD_COVENTRY,Class_390,11
05/01/2026,11:09,STAFFORD_COVENTRY,Class_390,11
05/01/2026,09:55,STAFFORD_COVENTRY,Class_390,11
05/01/2026,08:45,STAFFORD_COVENTRY,Class_390,11
05/01/2026,07:46,STAFFORD_COVENTRY,Class_390,11
05/01/2026,07:01,STAFFORD_COVENTRY,Class_390,11
05/01/2026,18:53,RUGBY_BIRMINGHAM_NEW_STREET,Class_390,7
05/01/2026,18:54,STAFFORD_COVENTRY,Class_390,11
05/01/2026,17:50,RUGBY_BIRMINGHAM_NEW_STREET,Class_390,7
05/01/2026,18:33,RUGBY_BIRMINGHAM_NEW_STREET,Class_390,7
05/01/2026,10:55,RUGBY_BIRMINGHAM_NEW_STREET,Class_390,7
05/01/2026,12:02,RUGBY_BIRMINGHAM_NEW_STREET,Class_390,7
05/01/2026,12:43,RUGBY_BIRMINGHAM_NEW_STREET,Class_390,7
05/01/2026,13:00,RUGBY_BIRMINGHAM_NEW_STREET,Class_390,7
05/01/2026,13:58,RUGBY_BIRMINGHAM_NEW_STREET,Class_390,7
05/01/2026,11:36,RUGBY_BIRMINGHAM_NEW_STREET,Class_390,7
05/01/2026,15:16,RUGBY_BIRMINGHAM_NEW_STREET,Class_390,7
05/01/2026,15:40,RUGBY_BIRMINGHAM_NEW_STREET,Class_390,7
05/01/2026,16:04,RUGBY_BIRMINGHAM_NEW_STREET,Class_390,7
05/01/2026,16:15,RUGBY_BIRMINGHAM_NEW_STREET,Class_390,7
05/01/2026,17:26,RUGBY_BIRMINGHAM_NEW_STREET,Class_390,7
05/01/2026,14:13,RUGBY_BIRMINGHAM_NEW_STREET,Class_390,7
06/01/2026,19:35,FOUR_OAKS_REDDITCH,Class_730,6
06/01/2026,20:19,FOUR_OAKS_REDDITCH,Class_730,6
06/01/2026,20:45,FOUR_OAKS_REDDITCH,Class_730,6
06/01/2026,05:43,RUGELEY_TRENT_VALLEY_BIRMINGHAM_INTERNATIONAL,Class_730,3
06/01/2026,21:00,FOUR_OAKS_REDDITCH,Class_730,6
06/01/2026,22:31,FOUR_OAKS_REDDITCH,Class_730,6
06/01/2026,22:10,FOUR_OAKS_REDDITCH,Class_730,6
06/01/2026,22:56,FOUR_OAKS_REDDITCH,Class_730,6
06/01/2026,23:16,FOUR_OAKS_REDDITCH,Class_730,6
06/01/2026,05:24,RUGELEY_TRENT_VALLEY_BIRMINGHAM_INTERNATIONAL,Class_730,3
06/01/2026,21:34,FOUR_OAKS_REDDITCH,Class_730,6
06/01/2026,18:45,FOUR_OAKS_REDDITCH,Class_730,6
06/01/2026,14:23,FOUR_OAKS_REDDITCH,Class_730,6
06/01/2026,17:27,FOUR_OAKS_REDDITCH,Class_730,6
06/01/2026,16:53,FOUR_OAKS_REDDITCH,Class_730,6
06/01/2026,16:24,FOUR_OAKS_REDDITCH,Class_730,6
06/01/2026,15:38,FOUR_OAKS_REDDITCH,Class_730,6
06/01/2026,15:13,FOUR_OAKS_REDDITCH,Class_730,6
06/01/2026,13:28,FOUR_OAKS_REDDITCH,Class_730,6
06/01/2026,12:31,FOUR_OAKS_REDDITCH,Class_730,6
06/01/2026,12:02,FOUR_OAKS_REDDITCH,Class_730,6
06/01/2026,11:23,FOUR_OAKS_REDDITCH,Class_730,6
06/01/2026,10:52,FOUR_OAKS_REDDITCH,Class_730,6
06/01/2026,10:24,FOUR_OAKS_REDDITCH,Class_730,6
06/01/2026,09:45,FOUR_OAKS_REDDITCH,Class_730,6
06/01/2026,09:19,FOUR_OAKS_REDDITCH,Class_730,6
06/01/2026,18:17,FOUR_OAKS_REDDITCH,Class_730,6
06/01/2026,06:02,RUGELEY_TRENT_VALLEY_BIRMINGHAM_INTERNATIONAL,Class_730,3
06/01/2026,14:39,RUGELEY_TRENT_VALLEY_BIRMINGHAM_INTERNATIONAL,Class_730,3
06/01/2026,07:04,RUGELEY_TRENT_VALLEY_BIRMINGHAM_INTERNATIONAL,Class_730,3
06/01/2026,06:33,BIRMINGHAM_INTERNATIONAL_RUGELEY_TRENT_VALLEY,Class_730,3
06/01/2026,06:02,BIRMINGHAM_INTERNATIONAL_RUGELEY_TRENT_VALLEY,Class_730,3
06/01/2026,05:44,BIRMINGHAM_INTERNATIONAL_RUGELEY_TRENT_VALLEY,Class_730,3
06/01/2026,22:15,RUGELEY_TRENT_VALLEY_BIRMINGHAM_INTERNATIONAL,Class_730,3
06/01/2026,21:39,RUGELEY_TRENT_VALLEY_BIRMINGHAM_INTERNATIONAL,Class_730,3
06/01/2026,21:10,RUGELEY_TRENT_VALLEY_BIRMINGHAM_INTERNATIONAL,Class_730,3
06/01/2026,20:49,RUGELEY_TRENT_VALLEY_BIRMINGHAM_INTERNATIONAL,Class_730,3
06/01/2026,20:20,RUGELEY_TRENT_VALLEY_BIRMINGHAM_INTERNATIONAL,Class_730,3
06/01/2026,19:40,RUGELEY_TRENT_VALLEY_BIRMINGHAM_INTERNATIONAL,Class_730,3
06/01/2026,19:12,RUGELEY_TRENT_VALLEY_BIRMINGHAM_INTERNATIONAL,Class_730,3
06/01/2026,18:20,RUGELEY_TRENT_VALLEY_BIRMINGHAM_INTERNATIONAL,Class_730,3
06/01/2026,17:34,RUGELEY_TRENT_VALLEY_BIRMINGHAM_INTERNATIONAL,Class_730,3
06/01/2026,16:57,RUGELEY_TRENT_VALLEY_BIRMINGHAM_INTERNATIONAL,Class_730,3
06/01/2026,06:16,RUGELEY_TRENT_VALLEY_BIRMINGHAM_INTERNATIONAL,Class_730,3
06/01/2026,16:35,RUGELEY_TRENT_VALLEY_BIRMINGHAM_INTERNATIONAL,Class_730,3
06/01/2026,15:08,RUGELEY_TRENT_VALLEY_BIRMINGHAM_INTERNATIONAL,Class_730,3
06/01/2026,14:07,RUGELEY_TRENT_VALLEY_BIRMINGHAM_INTERNATIONAL,Class_730,3
06/01/2026,12:55,RUGELEY_TRENT_VALLEY_BIRMINGHAM_INTERNATIONAL,Class_730,3
06/01/2026,12:08,RUGELEY_TRENT_VALLEY_BIRMINGHAM_INTERNATIONAL,Class_730,3
06/01/2026,11:33,RUGELEY_TRENT_VALLEY_BIRMINGHAM_INTERNATIONAL,Class_730,3
06/01/2026,11:01,RUGELEY_TRENT_VALLEY_BIRMINGHAM_INTERNATIONAL,Class_730,3
06/01/2026,10:25,RUGELEY_TRENT_VALLEY_BIRMINGHAM_INTERNATIONAL,Class_730,3
06/01/2026,09:56,RUGELEY_TRENT_VALLEY_BIRMINGHAM_INTERNATIONAL,Class_730,3
06/01/2026,09:25,RUGELEY_TRENT_VALLEY_BIRMINGHAM_INTERNATIONAL,Class_730,3
06/01/2026,08:45,RUGELEY_TRENT_VALLEY_BIRMINGHAM_INTERNATIONAL,Class_730,3
06/01/2026,08:25,RUGELEY_TRENT_VALLEY_BIRMINGHAM_INTERNATIONAL,Class_730,3
06/01/2026,08:02,RUGELEY_TRENT_VALLEY_BIRMINGHAM_INTERNATIONAL,Class_730,3
06/01/2026,07:34,RUGELEY_TRENT_VALLEY_BIRMINGHAM_INTERNATIONAL,Class_730,3
06/01/2026,15:57,RUGELEY_TRENT_VALLEY_BIRMINGHAM_INTERNATIONAL,Class_730,3
06/01/2026,08:46,FOUR_OAKS_REDDITCH,Class_730,6
06/01/2026,11:17,REDDITCH_FOUR_OAKS,Class_730,6
06/01/2026,07:49,FOUR_OAKS_REDDITCH,Class_730,6
06/01/2026,08:33,REDDITCH_FOUR_OAKS,Class_730,6
06/01/2026,08:14,REDDITCH_FOUR_OAKS,Class_730,6
06/01/2026,07:41,REDDITCH_FOUR_OAKS,Class_730,6
06/01/2026,07:14,REDDITCH_FOUR_OAKS,Class_730,6
06/01/2026,06:41,REDDITCH_FOUR_OAKS,Class_730,6
06/01/2026,06:09,REDDITCH_FOUR_OAKS,Class_730,6
06/01/2026,05:44,REDDITCH_FOUR_OAKS,Class_730,6
06/01/2026,05:28,REDDITCH_FOUR_OAKS,Class_730,6
06/01/2026,05:13,REDDITCH_FOUR_OAKS,Class_730,6
06/01/2026,22:32,CROSS_CITY_LINE_B,Class_730,6
06/01/2026,22:17,CROSS_CITY_LINE_B,Class_730,6
06/01/2026,21:46,CROSS_CITY_LINE_B,Class_730,6
06/01/2026,21:07,CROSS_CITY_LINE_B,Class_730,6
06/01/2026,08:56,REDDITCH_FOUR_OAKS,Class_730,6
06/01/2026,20:49,CROSS_CITY_LINE_B,Class_730,6
06/01/2026,19:40,CROSS_CITY_LINE_B,Class_730,6
06/01/2026,19:10,CROSS_CITY_LINE_B,Class_730,6
06/01/2026,18:26,CROSS_CITY_LINE_B,Class_730,6
06/01/2026,17:42,CROSS_CITY_LINE_B,Class_730,6
06/01/2026,17:05,CROSS_CITY_LINE_B,Class_730,6
06/01/2026,16:28,CROSS_CITY_LINE_B,Class_730,6
06/01/2026,15:45,CROSS_CITY_LINE_B,Class_730,6
06/01/2026,15:14,CROSS_CITY_LINE_B,Class_730,6
06/01/2026,14:37,CROSS_CITY_LINE_B,Class_730,6
06/01/2026,13:55,CROSS_CITY_LINE_B,Class_730,6
06/01/2026,12:40,CROSS_CITY_LINE_B,Class_730,6
06/01/2026,07:08,BIRMINGHAM_INTERNATIONAL_RUGELEY_TRENT_VALLEY,Class_730,3
06/01/2026,12:04,CROSS_CITY_LINE_B,Class_730,6
06/01/2026,20:20,CROSS_CITY_LINE_B,Class_730,6
06/01/2026,08:22,FOUR_OAKS_REDDITCH,Class_730,6
06/01/2026,09:37,REDDITCH_FOUR_OAKS,Class_730,6
06/01/2026,10:32,REDDITCH_FOUR_OAKS,Class_730,6
06/01/2026,07:32,FOUR_OAKS_REDDITCH,Class_730,6
06/01/2026,06:55,FOUR_OAKS_REDDITCH,Class_730,6
06/01/2026,06:17,FOUR_OAKS_REDDITCH,Class_730,6
06/01/2026,06:02,FOUR_OAKS_REDDITCH,Class_730,6
06/01/2026,05:31,FOUR_OAKS_REDDITCH,Class_730,6
06/01/2026,05:18,FOUR_OAKS_REDDITCH,Class_730,6
06/01/2026,05:02,FOUR_OAKS_REDDITCH,Class_730,6
06/01/2026,23:17,REDDITCH_FOUR_OAKS,Class_730,6
06/01/2026,23:04,REDDITCH_FOUR_OAKS,Class_730,6
06/01/2026,22:43,REDDITCH_FOUR_OAKS,Class_730,6
06/01/2026,22:26,REDDITCH_FOUR_OAKS,Class_730,6
06/01/2026,21:55,REDDITCH_FOUR_OAKS,Class_730,6
06/01/2026,23:03,WALSALL_WOLVERHAMPTON,Class_763,3
06/01/2026,10:00,REDDITCH_FOUR_OAKS,Class_730,6
06/01/2026,20:53,REDDITCH_FOUR_OAKS,Class_730,6
06/01/2026,19:50,REDDITCH_FOUR_OAKS,Class_730,6
06/01/2026,19:23,REDDITCH_FOUR_OAKS,Class_730,6
06/01/2026,18:32,REDDITCH_FOUR_OAKS,Class_730,6
06/01/2026,17:58,REDDITCH_FOUR_OAKS,Class_730,6
06/01/2026,17:23,REDDITCH_FOUR_OAKS,Class_730,6
06/01/2026,16:45,REDDITCH_FOUR_OAKS,Class_730,6
06/01/2026,16:04,REDDITCH_FOUR_OAKS,Class_730,6
06/01/2026,15:29,REDDITCH_FOUR_OAKS,Class_730,6
06/01/2026,14:47,REDDITCH_FOUR_OAKS,Class_730,6
06/01/2026,14:13,REDDITCH_FOUR_OAKS,Class_730,6
06/01/2026,13:06,REDDITCH_FOUR_OAKS,Class_730,6
06/01/2026,12:23,REDDITCH_FOUR_OAKS,Class_730,6
06/01/2026,11:43,REDDITCH_FOUR_OAKS,Class_730,6
06/01/2026,20:41,REDDITCH_FOUR_OAKS,Class_730,6
06/01/2026,07:38,BIRMINGHAM_INTERNATIONAL_RUGELEY_TRENT_VALLEY,Class_730,3
06/01/2026,06:39,WOLVERHAMPTON_WALSALL,Class_730,3
06/01/2026,08:27,BIRMINGHAM_INTERNATIONAL_RUGELEY_TRENT_VALLEY,Class_730,3
06/01/2026,05:31,WALSALL_WOLVERHAMPTON,Class_731,3
06/01/2026,05:10,WALSALL_WOLVERHAMPTON,Class_730,3
06/01/2026,23:03,WOLVERHAMPTON_WALSALL,Class_730,3
06/01/2026,22:44,WOLVERHAMPTON_WALSALL,Class_730,3
06/01/2026,22:24,WOLVERHAMPTON_WALSALL,Class_730,3
06/01/2026,22:02,WOLVERHAMPTON_WALSALL,Class_730,3
06/01/2026,21:25,WOLVERHAMPTON_WALSALL,Class_730,3
06/01/2026,20:54,WOLVERHAMPTON_WALSALL,Class_730,3
06/01/2026,20:41,WOLVERHAMPTON_WALSALL,Class_730,3
06/01/2026,20:02,WOLVERHAMPTON_WALSALL,Class_730,3
06/01/2026,19:15,WOLVERHAMPTON_WALSALL,Class_730,3
06/01/2026,18:33,WOLVERHAMPTON_WALSALL,Class_730,3
06/01/2026,18:02,WOLVERHAMPTON_WALSALL,Class_730,3
06/01/2026,17:18,WOLVERHAMPTON_WALSALL,Class_730,3
06/01/2026,16:43,WOLVERHAMPTON_WALSALL,Class_730,3
06/01/2026,16:08,WOLVERHAMPTON_WALSALL,Class_730,3
06/01/2026,15:31,WOLVERHAMPTON_WALSALL,Class_730,3
06/01/2026,14:45,WOLVERHAMPTON_WALSALL,Class_730,3
06/01/2026,14:17,WOLVERHAMPTON_WALSALL,Class_730,3
06/01/2026,12:58,WOLVERHAMPTON_WALSALL,Class_730,3
06/01/2026,12:18,WOLVERHAMPTON_WALSALL,Class_730,3
06/01/2026,11:44,WOLVERHAMPTON_WALSALL,Class_730,3
06/01/2026,11:11,WOLVERHAMPTON_WALSALL,Class_730,3
06/01/2026,10:33,WOLVERHAMPTON_WALSALL,Class_730,3
06/01/2026,10:07,WOLVERHAMPTON_WALSALL,Class_730,3
06/01/2026,09:27,WOLVERHAMPTON_WALSALL,Class_730,3
06/01/2026,09:00,WOLVERHAMPTON_WALSALL,Class_730,3
06/01/2026,05:45,WALSALL_WOLVERHAMPTON,Class_732,3
06/01/2026,06:08,WALSALL_WOLVERHAMPTON,Class_733,3
06/01/2026,06:35,WALSALL_WOLVERHAMPTON,Class_734,3
06/01/2026,07:18,WALSALL_WOLVERHAMPTON,Class_735,3
06/01/2026,11:37,CROSS_CITY_LINE_B,Class_730,6
06/01/2026,22:43,WALSALL_WOLVERHAMPTON,Class_762,3
06/01/2026,22:23,WALSALL_WOLVERHAMPTON,Class_761,3
06/01/2026,22:01,WALSALL_WOLVERHAMPTON,Class_760,3
06/01/2026,21:25,WALSALL_WOLVERHAMPTON,Class_759,3
06/01/2026,20:54,WALSALL_WOLVERHAMPTON,Class_758,3
06/01/2026,20:37,WALSALL_WOLVERHAMPTON,Class_757,3
06/01/2026,19:59,WALSALL_WOLVERHAMPTON,Class_756,3
06/01/2026,19:18,WALSALL_WOLVERHAMPTON,Class_755,3
06/01/2026,18:28,WALSALL_WOLVERHAMPTON,Class_754,3
06/01/2026,18:04,WALSALL_WOLVERHAMPTON,Class_753,3
06/01/2026,17:10,WALSALL_WOLVERHAMPTON,Class_752,3
06/01/2026,16:43,WALSALL_WOLVERHAMPTON,Class_751,3
06/01/2026,08:31,WOLVERHAMPTON_WALSALL,Class_730,3
06/01/2026,16:05,WALSALL_WOLVERHAMPTON,Class_750,3
06/01/2026,14:50,WALSALL_WOLVERHAMPTON,Class_748,3
06/01/2026,14:16,WALSALL_WOLVERHAMPTON,Class_747,3
06/01/2026,13:04,WALSALL_WOLVERHAMPTON,Class_746,3
06/01/2026,12:20,WALSALL_WOLVERHAMPTON,Class_745,3
06/01/2026,11:45,WALSALL_WOLVERHAMPTON,Class_744,3
06/01/2026,11:12,WALSALL_WOLVERHAMPTON,Class_743,3
06/01/2026,10:34,WALSALL_WOLVERHAMPTON,Class_742,3
06/01/2026,10:13,WALSALL_WOLVERHAMPTON,Class_741,3
06/01/2026,09:30,WALSALL_WOLVERHAMPTON,Class_740,3
06/01/2026,09:02,WALSALL_WOLVERHAMPTON,Class_739,3
06/01/2026,08:30,WALSALL_WOLVERHAMPTON,Class_738,3
06/01/2026,08:05,WALSALL_WOLVERHAMPTON,Class_737,3
06/01/2026,07:40,WALSALL_WOLVERHAMPTON,Class_736,3
06/01/2026,15:32,WALSALL_WOLVERHAMPTON,Class_749,3
06/01/2026,08:04,WOLVERHAMPTON_WALSALL,Class_730,3
06/01/2026,07:41,WOLVERHAMPTON_WALSALL,Class_730,3
06/01/2026,07:12,WOLVERHAMPTON_WALSALL,Class_730,3
06/01/2026,08:29,NORTHAMPTON_BIRMINGHAM_NEW_STREET,Class_350,5
06/01/2026,07:39,NORTHAMPTON_BIRMINGHAM_NEW_STREET,Class_350,5
06/01/2026,06:18,NORTHAMPTON_BIRMINGHAM_NEW_STREET,Class_350,5
06/01/2026,05:38,NORTHAMPTON_BIRMINGHAM_NEW_STREET,Class_350,5
06/01/2026,05:05,NORTHAMPTON_BIRMINGHAM_NEW_STREET,Class_350,5
06/01/2026,22:11,BIRMINGHAM_INTERNATIONAL_RUGELEY_TRENT_VALLEY,Class_730,3
06/01/2026,21:49,BIRMINGHAM_INTERNATIONAL_RUGELEY_TRENT_VALLEY,Class_730,3
06/01/2026,21:14,BIRMINGHAM_INTERNATIONAL_RUGELEY_TRENT_VALLEY,Class_730,3
06/01/2026,20:52,BIRMINGHAM_INTERNATIONAL_RUGELEY_TRENT_VALLEY,Class_730,3
06/01/2026,20:35,BIRMINGHAM_INTERNATIONAL_RUGELEY_TRENT_VALLEY,Class_730,3
06/01/2026,19:50,BIRMINGHAM_INTERNATIONAL_RUGELEY_TRENT_VALLEY,Class_730,3
06/01/2026,19:08,BIRMINGHAM_INTERNATIONAL_RUGELEY_TRENT_VALLEY,Class_730,3
06/01/2026,18:22,BIRMINGHAM_INTERNATIONAL_RUGELEY_TRENT_VALLEY,Class_730,3
06/01/2026,09:21,NORTHAMPTON_BIRMINGHAM_NEW_STREET,Class_350,5
06/01/2026,17:34,BIRMINGHAM_INTERNATIONAL_RUGELEY_TRENT_VALLEY,Class_730,3
06/01/2026,16:36,BIRMINGHAM_INTERNATIONAL_RUGELEY_TRENT_VALLEY,Class_730,3
06/01/2026,15:49,BIRMINGHAM_INTERNATIONAL_RUGELEY_TRENT_VALLEY,Class_730,3
06/01/2026,15:11,BIRMINGHAM_INTERNATIONAL_RUGELEY_TRENT_VALLEY,Class_730,3
06/01/2026,14:34,BIRMINGHAM_INTERNATIONAL_RUGELEY_TRENT_VALLEY,Class_730,3
06/01/2026,13:43,BIRMINGHAM_INTERNATIONAL_RUGELEY_TRENT_VALLEY,Class_730,3
06/01/2026,12:56,BIRMINGHAM_INTERNATIONAL_RUGELEY_TRENT_VALLEY,Class_730,3
06/01/2026,12:10,BIRMINGHAM_INTERNATIONAL_RUGELEY_TRENT_VALLEY,Class_730,3
06/01/2026,11:38,BIRMINGHAM_INTERNATIONAL_RUGELEY_TRENT_VALLEY,Class_730,3
06/01/2026,11:09,BIRMINGHAM_INTERNATIONAL_RUGELEY_TRENT_VALLEY,Class_730,3
06/01/2026,10:25,BIRMINGHAM_INTERNATIONAL_RUGELEY_TRENT_VALLEY,Class_730,3
06/01/2026,09:59,BIRMINGHAM_INTERNATIONAL_RUGELEY_TRENT_VALLEY,Class_730,3
06/01/2026,09:21,BIRMINGHAM_INTERNATIONAL_RUGELEY_TRENT_VALLEY,Class_730,3
06/01/2026,08:51,BIRMINGHAM_INTERNATIONAL_RUGELEY_TRENT_VALLEY,Class_730,3
06/01/2026,16:59,BIRMINGHAM_INTERNATIONAL_RUGELEY_TRENT_VALLEY,Class_730,3
06/01/2026,07:58,BIRMINGHAM_INTERNATIONAL_RUGELEY_TRENT_VALLEY,Class_730,3
06/01/2026,10:27,NORTHAMPTON_BIRMINGHAM_NEW_STREET,Class_350,5
06/01/2026,12:52,NORTHAMPTON_BIRMINGHAM_NEW_STREET,Class_350,5
06/01/2026,06:08,WOLVERHAMPTON_WALSALL,Class_730,3
06/01/2026,05:45,WOLVERHAMPTON_WALSALL,Class_730,3
06/01/2026,05:27,WOLVERHAMPTON_WALSALL,Class_730,3
06/01/2026,05:09,WOLVERHAMPTON_WALSALL,Class_730,3
06/01/2026,23:09,BIRMINGHAM_NEW_STREET_NORTHAMPTON,Class_350,8
06/01/2026,22:28,BIRMINGHAM_NEW_STREET_NORTHAMPTON,Class_350,8
06/01/2026,21:28,BIRMINGHAM_NEW_STREET_NORTHAMPTON,Class_350,8
06/01/2026,20:42,BIRMINGHAM_NEW_STREET_NORTHAMPTON,Class_350,8
06/01/2026,19:32,BIRMINGHAM_NEW_STREET_NORTHAMPTON,Class_350,8
06/01/2026,18:08,BIRMINGHAM_NEW_STREET_NORTHAMPTON,Class_350,8
06/01/2026,16:51,BIRMINGHAM_NEW_STREET_NORTHAMPTON,Class_350,8
06/01/2026,15:34,BIRMINGHAM_NEW_STREET_NORTHAMPTON,Class_350,8
06/01/2026,14:17,BIRMINGHAM_NEW_STREET_NORTHAMPTON,Class_350,8
06/01/2026,11:32,NORTHAMPTON_BIRMINGHAM_NEW_STREET,Class_350,5
06/01/2026,12:29,BIRMINGHAM_NEW_STREET_NORTHAMPTON,Class_350,8
06/01/2026,10:13,BIRMINGHAM_NEW_STREET_NORTHAMPTON,Class_350,8
06/01/2026,09:08,BIRMINGHAM_NEW_STREET_NORTHAMPTON,Class_350,8
06/01/2026,08:14,BIRMINGHAM_NEW_STREET_NORTHAMPTON,Class_350,8
06/01/2026,07:20,BIRMINGHAM_NEW_STREET_NORTHAMPTON,Class_350,8
06/01/2026,06:11,BIRMINGHAM_NEW_STREET_NORTHAMPTON,Class_350,8
06/01/2026,22:42,NORTHAMPTON_BIRMINGHAM_NEW_STREET,Class_350,5
06/01/2026,21:50,NORTHAMPTON_BIRMINGHAM_NEW_STREET,Class_350,5
06/01/2026,20:53,NORTHAMPTON_BIRMINGHAM_NEW_STREET,Class_350,5
06/01/2026,19:45,NORTHAMPTON_BIRMINGHAM_NEW_STREET,Class_350,5
06/01/2026,18:20,NORTHAMPTON_BIRMINGHAM_NEW_STREET,Class_350,5
06/01/2026,17:06,NORTHAMPTON_BIRMINGHAM_NEW_STREET,Class_350,5
06/01/2026,16:01,NORTHAMPTON_BIRMINGHAM_NEW_STREET,Class_350,5
06/01/2026,14:28,NORTHAMPTON_BIRMINGHAM_NEW_STREET,Class_350,5
06/01/2026,11:17,BIRMINGHAM_NEW_STREET_NORTHAMPTON,Class_350,8
06/01/2026,10:56,CROSS_CITY_LINE_B,Class_730,6
06/01/2026,21:27,REDDITCH_FOUR_OAKS,Class_730,6
06/01/2026,09:51,CROSS_CITY_LINE_B,Class_730,6
06/01/2026,19:42,DORRIDGE_BIRMINGHAM_MOOR_STREET,Class_168,6
06/01/2026,19:01,DORRIDGE_BIRMINGHAM_MOOR_STREET,Class_168,6
06/01/2026,18:17,DORRIDGE_BIRMINGHAM_MOOR_STREET,Class_168,6
06/01/2026,17:28,DORRIDGE_BIRMINGHAM_MOOR_STREET,Class_168,6
06/01/2026,16:54,DORRIDGE_BIRMINGHAM_MOOR_STREET,Class_168,6
06/01/2026,16:31,DORRIDGE_BIRMINGHAM_MOOR_STREET,Class_168,6
06/01/2026,15:59,DORRIDGE_BIRMINGHAM_MOOR_STREET,Class_168,6
06/01/2026,15:08,DORRIDGE_BIRMINGHAM_MOOR_STREET,Class_168,6
06/01/2026,14:33,DORRIDGE_BIRMINGHAM_MOOR_STREET,Class_168,6
06/01/2026,13:23,DORRIDGE_BIRMINGHAM_MOOR_STREET,Class_168,6
06/01/2026,12:42,DORRIDGE_BIRMINGHAM_MOOR_STREET,Class_168,6
06/01/2026,11:59,DORRIDGE_BIRMINGHAM_MOOR_STREET,Class_168,6
06/01/2026,11:32,DORRIDGE_BIRMINGHAM_MOOR_STREET,Class_168,6
06/01/2026,10:58,DORRIDGE_BIRMINGHAM_MOOR_STREET,Class_168,6
06/01/2026,10:20,DORRIDGE_BIRMINGHAM_MOOR_STREET,Class_168,6
06/01/2026,09:46,DORRIDGE_BIRMINGHAM_MOOR_STREET,Class_168,6
06/01/2026,09:16,DORRIDGE_BIRMINGHAM_MOOR_STREET,Class_168,6
06/01/2026,08:45,DORRIDGE_BIRMINGHAM_MOOR_STREET,Class_168,6
06/01/2026,08:22,DORRIDGE_BIRMINGHAM_MOOR_STREET,Class_168,6
06/01/2026,07:49,DORRIDGE_BIRMINGHAM_MOOR_STREET,Class_168,6
06/01/2026,07:30,DORRIDGE_BIRMINGHAM_MOOR_STREET,Class_168,6
06/01/2026,06:57,DORRIDGE_BIRMINGHAM_MOOR_STREET,Class_168,6
06/01/2026,06:28,DORRIDGE_BIRMINGHAM_MOOR_STREET,Class_168,6
06/01/2026,06:01,DORRIDGE_BIRMINGHAM_MOOR_STREET,Class_168,6
06/01/2026,05:37,DORRIDGE_BIRMINGHAM_MOOR_STREET,Class_168,6
06/01/2026,23:32,BIRMINGHAM_MOOR_STREET_DORRIDGE,Class_168,6
06/01/2026,23:09,BIRMINGHAM_MOOR_STREET_DORRIDGE,Class_168,6
06/01/2026,20:23,DORRIDGE_BIRMINGHAM_MOOR_STREET,Class_168,6
06/01/2026,20:45,DORRIDGE_BIRMINGHAM_MOOR_STREET,Class_168,6
06/01/2026,21:09,DORRIDGE_BIRMINGHAM_MOOR_STREET,Class_168,6
06/01/2026,21:30,DORRIDGE_BIRMINGHAM_MOOR_STREET,Class_168,6
06/01/2026,16:28,DORRIDGE_BIRMINGHAM_SNOW_HILL,Class_168,6
06/01/2026,15:20,DORRIDGE_BIRMINGHAM_SNOW_HILL,Class_168,6
06/01/2026,13:47,DORRIDGE_BIRMINGHAM_SNOW_HILL,Class_168,6
06/01/2026,12:13,DORRIDGE_BIRMINGHAM_SNOW_HILL,Class_168,6
06/01/2026,10:56,DORRIDGE_BIRMINGHAM_SNOW_HILL,Class_168,6
06/01/2026,09:52,DORRIDGE_BIRMINGHAM_SNOW_HILL,Class_168,6
06/01/2026,08:48,DORRIDGE_BIRMINGHAM_SNOW_HILL,Class_168,6
06/01/2026,07:52,DORRIDGE_BIRMINGHAM_SNOW_HILL,Class_168,6
06/01/2026,23:18,BIRMINGHAM_SNOW_HILL_DORRIDGE,Class_168,6
06/01/2026,22:53,BIRMINGHAM_SNOW_HILL_DORRIDGE,Class_168,6
06/01/2026,22:08,BIRMINGHAM_SNOW_HILL_DORRIDGE,Class_168,6
06/01/2026,20:55,BIRMINGHAM_SNOW_HILL_DORRIDGE,Class_168,6
06/01/2026,20:09,BIRMINGHAM_SNOW_HILL_DORRIDGE,Class_168,6
06/01/2026,22:57,BIRMINGHAM_MOOR_STREET_DORRIDGE,Class_168,6
06/01/2026,18:38,BIRMINGHAM_SNOW_HILL_DORRIDGE,Class_168,6
06/01/2026,16:12,BIRMINGHAM_SNOW_HILL_DORRIDGE,Class_168,6
06/01/2026,15:02,BIRMINGHAM_SNOW_HILL_DORRIDGE,Class_168,6
06/01/2026,13:22,BIRMINGHAM_SNOW_HILL_DORRIDGE,Class_168,6
06/01/2026,11:59,BIRMINGHAM_SNOW_HILL_DORRIDGE,Class_168,6
06/01/2026,10:43,BIRMINGHAM_SNOW_HILL_DORRIDGE,Class_168,6
06/01/2026,09:43,BIRMINGHAM_SNOW_HILL_DORRIDGE,Class_168,6
06/01/2026,08:41,BIRMINGHAM_SNOW_HILL_DORRIDGE,Class_168,6
06/01/2026,07:46,BIRMINGHAM_SNOW_HILL_DORRIDGE,Class_168,6
06/01/2026,23:33,DORRIDGE_BIRMINGHAM_MOOR_STREET,Class_168,6
06/01/2026,23:12,DORRIDGE_BIRMINGHAM_MOOR_STREET,Class_168,6
06/01/2026,22:56,DORRIDGE_BIRMINGHAM_MOOR_STREET,Class_168,6
06/01/2026,22:43,DORRIDGE_BIRMINGHAM_MOOR_STREET,Class_168,6
06/01/2026,22:12,DORRIDGE_BIRMINGHAM_MOOR_STREET,Class_168,6
06/01/2026,17:27,BIRMINGHAM_SNOW_HILL_DORRIDGE,Class_168,6
06/01/2026,22:30,BIRMINGHAM_MOOR_STREET_DORRIDGE,Class_168,6
06/01/2026,22:10,BIRMINGHAM_MOOR_STREET_DORRIDGE,Class_168,6
06/01/2026,21:34,BIRMINGHAM_MOOR_STREET_DORRIDGE,Class_168,6
06/01/2026,22:05,WOLVERHAMPTON_BIRMINGHAM_INTERNATIONAL,Class_158,2
06/01/2026,20:57,WOLVERHAMPTON_BIRMINGHAM_INTERNATIONAL,Class_158,2
06/01/2026,20:05,WOLVERHAMPTON_BIRMINGHAM_INTERNATIONAL,Class_158,2
06/01/2026,18:46,WOLVERHAMPTON_BIRMINGHAM_INTERNATIONAL,Class_158,2
06/01/2026,17:25,WOLVERHAMPTON_BIRMINGHAM_INTERNATIONAL,Class_158,2
06/01/2026,16:24,WOLVERHAMPTON_BIRMINGHAM_INTERNATIONAL,Class_158,2
06/01/2026,15:02,WOLVERHAMPTON_BIRMINGHAM_INTERNATIONAL,Class_158,2
06/01/2026,13:18,WOLVERHAMPTON_BIRMINGHAM_INTERNATIONAL,Class_158,2
06/01/2026,11:57,WOLVERHAMPTON_BIRMINGHAM_INTERNATIONAL,Class_158,2
06/01/2026,10:43,WOLVERHAMPTON_BIRMINGHAM_INTERNATIONAL,Class_158,2
06/01/2026,09:43,WOLVERHAMPTON_BIRMINGHAM_INTERNATIONAL,Class_158,2
06/01/2026,08:40,WOLVERHAMPTON_BIRMINGHAM_INTERNATIONAL,Class_158,2
06/01/2026,06:55,WOLVERHAMPTON_BIRMINGHAM_INTERNATIONAL,Class_158,2
06/01/2026,22:49,WOLVERHAMPTON_BIRMINGHAM_INTERNATIONAL,Class_158,2
06/01/2026,05:56,WOLVERHAMPTON_BIRMINGHAM_INTERNATIONAL,Class_158,2
06/01/2026,20:08,BIRMINGHAM_INTERNATIONA_WOLVERHAMPTON,Class_158,2
06/01/2026,18:41,BIRMINGHAM_INTERNATIONA_WOLVERHAMPTON,Class_158,2
06/01/2026,17:26,BIRMINGHAM_INTERNATIONA_WOLVERHAMPTON,Class_158,2
06/01/2026,16:19,BIRMINGHAM_INTERNATIONA_WOLVERHAMPTON,Class_158,2
06/01/2026,14:56,BIRMINGHAM_INTERNATIONA_WOLVERHAMPTON,Class_158,2
06/01/2026,13:19,BIRMINGHAM_INTERNATIONA_WOLVERHAMPTON,Class_158,2
06/01/2026,11:55,BIRMINGHAM_INTERNATIONA_WOLVERHAMPTON,Class_158,2
06/01/2026,10:42,BIRMINGHAM_INTERNATIONA_WOLVERHAMPTON,Class_158,2
06/01/2026,09:38,BIRMINGHAM_INTERNATIONA_WOLVERHAMPTON,Class_158,2
06/01/2026,08:37,BIRMINGHAM_INTERNATIONA_WOLVERHAMPTON,Class_158,2
06/01/2026,07:43,BIRMINGHAM_INTERNATIONA_WOLVERHAMPTON,Class_158,2
06/01/2026,06:48,BIRMINGHAM_INTERNATIONA_WOLVERHAMPTON,Class_158,2
06/01/2026,05:51,BIRMINGHAM_INTERNATIONA_WOLVERHAMPTON,Class_158,2
06/01/2026,05:06,WOLVERHAMPTON_BIRMINGHAM_INTERNATIONAL,Class_158,2
06/01/2026,17:37,DORRIDGE_BIRMINGHAM_SNOW_HILL,Class_168,6
06/01/2026,04:59,BIRMINGHAM_MOOR_STREET_DORRIDGE,Class_168,6
06/01/2026,05:17,BIRMINGHAM_MOOR_STREET_DORRIDGE,Class_168,6
06/01/2026,21:07,BIRMINGHAM_MOOR_STREET_DORRIDGE,Class_168,6
06/01/2026,20:51,BIRMINGHAM_MOOR_STREET_DORRIDGE,Class_168,6
06/01/2026,20:14,BIRMINGHAM_MOOR_STREET_DORRIDGE,Class_168,6
06/01/2026,19:36,BIRMINGHAM_MOOR_STREET_DORRIDGE,Class_168,6
06/01/2026,18:53,BIRMINGHAM_MOOR_STREET_DORRIDGE,Class_168,6
06/01/2026,18:18,BIRMINGHAM_MOOR_STREET_DORRIDGE,Class_168,6
06/01/2026,17:28,BIRMINGHAM_MOOR_STREET_DORRIDGE,Class_168,6
06/01/2026,16:59,BIRMINGHAM_MOOR_STREET_DORRIDGE,Class_168,6
06/01/2026,16:31,BIRMINGHAM_MOOR_STREET_DORRIDGE,Class_168,6
06/01/2026,15:55,BIRMINGHAM_MOOR_STREET_DORRIDGE,Class_168,6
06/01/2026,15:18,BIRMINGHAM_MOOR_STREET_DORRIDGE,Class_168,6
06/01/2026,14:23,BIRMINGHAM_MOOR_STREET_DORRIDGE,Class_168,6
06/01/2026,13:42,BIRMINGHAM_MOOR_STREET_DORRIDGE,Class_168,6
06/01/2026,05:02,BIRMINGHAM_MOOR_STREET_DORRIDGE,Class_168,6
06/01/2026,12:39,BIRMINGHAM_MOOR_STREET_DORRIDGE,Class_168,6
06/01/2026,11:23,BIRMINGHAM_MOOR_STREET_DORRIDGE,Class_168,6
06/01/2026,10:47,BIRMINGHAM_MOOR_STREET_DORRIDGE,Class_168,6
06/01/2026,10:20,BIRMINGHAM_MOOR_STREET_DORRIDGE,Class_168,6
06/01/2026,09:48,BIRMINGHAM_MOOR_STREET_DORRIDGE,Class_168,6
06/01/2026,09:16,BIRMINGHAM_MOOR_STREET_DORRIDGE,Class_168,6
06/01/2026,08:45,BIRMINGHAM_MOOR_STREET_DORRIDGE,Class_168,6
06/01/2026,08:20,BIRMINGHAM_MOOR_STREET_DORRIDGE,Class_168,6
06/01/2026,07:53,BIRMINGHAM_MOOR_STREET_DORRIDGE,Class_168,6
06/01/2026,07:33,BIRMINGHAM_MOOR_STREET_DORRIDGE,Class_168,6
06/01/2026,06:50,BIRMINGHAM_MOOR_STREET_DORRIDGE,Class_168,6
06/01/2026,06:23,BIRMINGHAM_MOOR_STREET_DORRIDGE,Class_168,6
06/01/2026,05:59,BIRMINGHAM_MOOR_STREET_DORRIDGE,Class_168,6
06/01/2026,05:31,BIRMINGHAM_MOOR_STREET_DORRIDGE,Class_168,6
06/01/2026,12:01,BIRMINGHAM_MOOR_STREET_DORRIDGE,Class_168,6
06/01/2026,19:02,DORRIDGE_BIRMINGHAM_SNOW_HILL,Class_168,6
06/01/2026,10:21,CROSS_CITY_LINE_B,Class_730,6
06/01/2026,21:14,DORRIDGE_BIRMINGHAM_SNOW_HILL,Class_168,6
06/01/2026,10:37,CROSS_CITY_LINE_A,Class_730,6
06/01/2026,10:17,CROSS_CITY_LINE_A,Class_730,6
06/01/2026,09:39,CROSS_CITY_LINE_A,Class_730,6
06/01/2026,09:13,CROSS_CITY_LINE_A,Class_730,6
06/01/2026,08:37,CROSS_CITY_LINE_A,Class_730,6
06/01/2026,08:16,CROSS_CITY_LINE_A,Class_730,6
06/01/2026,07:43,CROSS_CITY_LINE_A,Class_730,6
06/01/2026,07:29,CROSS_CITY_LINE_A,Class_730,6
06/01/2026,06:50,CROSS_CITY_LINE_A,Class_730,6
06/01/2026,06:12,CROSS_CITY_LINE_A,Class_730,6
06/01/2026,05:48,CROSS_CITY_LINE_A,Class_730,6
06/01/2026,05:31,CROSS_CITY_LINE_A,Class_730,6
06/01/2026,05:14,CROSS_CITY_LINE_A,Class_730,6
06/01/2026,22:18,COVENTRY_STAFFORD,Class_390,11
06/01/2026,21:18,COVENTRY_STAFFORD,Class_390,11
06/01/2026,20:21,COVENTRY_STAFFORD,Class_390,11
06/01/2026,19:10,COVENTRY_STAFFORD,Class_390,11
06/01/2026,17:42,COVENTRY_STAFFORD,Class_390,11
06/01/2026,16:35,COVENTRY_STAFFORD,Class_390,11
06/01/2026,15:24,COVENTRY_STAFFORD,Class_390,11
06/01/2026,14:02,COVENTRY_STAFFORD,Class_390,11
06/01/2026,12:14,COVENTRY_STAFFORD,Class_390,11
06/01/2026,11:11,COVENTRY_STAFFORD,Class_390,11
06/01/2026,09:52,COVENTRY_STAFFORD,Class_390,11
06/01/2026,08:51,COVENTRY_STAFFORD,Class_390,11
06/01/2026,08:04,COVENTRY_STAFFORD,Class_390,11
06/01/2026,07:04,COVENTRY_STAFFORD,Class_390,11
06/01/2026,11:47,CROSS_CITY_LINE_A,Class_730,6
06/01/2026,12:26,CROSS_CITY_LINE_A,Class_730,6
06/01/2026,13:14,CROSS_CITY_LINE_A,Class_730,6
06/01/2026,14:22,CROSS_CITY_LINE_A,Class_730,6
06/01/2026,20:16,DORRIDGE_BIRMINGHAM_SNOW_HILL,Class_168,6
06/01/2026,09:22,CROSS_CITY_LINE_B,Class_730,6
06/01/2026,08:49,CROSS_CITY_LINE_B,Class_730,6
06/01/2026,08:29,CROSS_CITY_LINE_B,Class_730,6
06/01/2026,07:53,CROSS_CITY_LINE_B,Class_730,6
06/01/2026,07:35,CROSS_CITY_LINE_B,Class_730,6
06/01/2026,06:59,CROSS_CITY_LINE_B,Class_730,6
06/01/2026,06:14,CROSS_CITY_LINE_B,Class_730,6
06/01/2026,06:03,CROSS_CITY_LINE_B,Class_730,6
06/01/2026,05:39,CROSS_CITY_LINE_B,Class_730,6
06/01/2026,05:20,CROSS_CITY_LINE_B,Class_730,6
06/01/2026,23:27,CROSS_CITY_LINE_A,Class_730,6
06/01/2026,23:09,CROSS_CITY_LINE_A,Class_730,6
06/01/2026,06:06,COVENTRY_STAFFORD,Class_390,11
06/01/2026,22:49,CROSS_CITY_LINE_A,Class_730,6
06/01/2026,22:07,CROSS_CITY_LINE_A,Class_730,6
06/01/2026,21:29,CROSS_CITY_LINE_A,Class_730,6
06/01/2026,20:55,CROSS_CITY_LINE_A,Class_730,6
06/01/2026,20:42,CROSS_CITY_LINE_A,Class_730,6
06/01/2026,20:05,CROSS_CITY_LINE_A,Class_730,6
06/01/2026,19:34,CROSS_CITY_LINE_A,Class_730,6
06/01/2026,18:42,CROSS_CITY_LINE_A,Class_730,6
06/01/2026,18:09,CROSS_CITY_LINE_A,Class_730,6
06/01/2026,17:25,CROSS_CITY_LINE_A,Class_730,6
06/01/2026,16:53,CROSS_CITY_LINE_A,Class_730,6
06/01/2026,16:09,CROSS_CITY_LINE_A,Class_730,6
06/01/2026,15:35,CROSS_CITY_LINE_A,Class_730,6
06/01/2026,14:59,CROSS_CITY_LINE_A,Class_730,6
06/01/2026,22:29,CROSS_CITY_LINE_A,Class_730,6
06/01/2026,22:59,STAFFORD_COVENTRY,Class_390,11
06/01/2026,11:18,CROSS_CITY_LINE_A,Class_730,6
06/01/2026,21:23,STAFFORD_COVENTRY,Class_390,11
06/01/2026,07:50,RUGBY_BIRMINGHAM_NEW_STREET,Class_390,7
06/01/2026,07:13,RUGBY_BIRMINGHAM_NEW_STREET,Class_390,7
06/01/2026,20:26,BIRMINGHAM_NEW_STREET_RUGBY,Class_390,7
06/01/2026,19:14,BIRMINGHAM_NEW_STREET_RUGBY,Class_390,7
06/01/2026,17:47,BIRMINGHAM_NEW_STREET_RUGBY,Class_390,7
06/01/2026,16:39,BIRMINGHAM_NEW_STREET_RUGBY,Class_390,7
06/01/2026,15:26,BIRMINGHAM_NEW_STREET_RUGBY,Class_390,7
06/01/2026,13:49,BIRMINGHAM_NEW_STREET_RUGBY,Class_390,7
06/01/2026,12:15,BIRMINGHAM_NEW_STREET_RUGBY,Class_390,7
06/01/2026,11:03,BIRMINGHAM_NEW_STREET_RUGBY,Class_390,7
06/01/2026,09:56,BIRMINGHAM_NEW_STREET_RUGBY,Class_390,7
06/01/2026,08:51,BIRMINGHAM_NEW_STREET_RUGBY,Class_390,7
06/01/2026,07:05,BIRMINGHAM_NEW_STREET_RUGBY,Class_390,7
06/01/2026,08:31,RUGBY_BIRMINGHAM_NEW_STREET,Class_390,7
06/01/2026,06:06,BIRMINGHAM_NEW_STREET_RUGBY,Class_390,7
06/01/2026,20:57,RUGBY_WOLVERHAMPTON,Class_390,11
06/01/2026,20:18,RUGBY_WOLVERHAMPTON,Class_390,11
06/01/2026,05:32,WOLVERHAMPTON_COVENTRY,Class_390,11
06/01/2026,05:15,WOLVERHAMPTON_COVENTRY,Class_390,11
06/01/2026,05:01,WOLVERHAMPTON_COVENTRY,Class_390,11
06/01/2026,05:00,WOLVERHAMPTON_COVENTRY,Class_390,11
06/01/2026,23:17,DORRIDGE_STOURBRIDGE_JUNCTION,Class_168,6
06/01/2026,21:24,DORRIDGE_STOURBRIDGE_JUNCTION,Class_168,6
06/01/2026,19:05,DORRIDGE_STOURBRIDGE_JUNCTION,Class_168,6
06/01/2026,05:20,STOURBRIDGE_JUNCTION_DORRIDGE,Class_168,6
06/01/2026,23:32,DORRIDGE_BIRMINGHAM_SNOW_HILL,Class_168,6
06/01/2026,22:57,DORRIDGE_BIRMINGHAM_SNOW_HILL,Class_168,6
06/01/2026,22:21,STAFFORD_COVENTRY,Class_390,11
06/01/2026,23:00,RUGBY_WOLVERHAMPTON,Class_390,11
06/01/2026,08:51,RUGBY_BIRMINGHAM_NEW_STREET,Class_390,7
06/01/2026,07:56,BIRMINGHAM_NEW_STREET_RUGBY,Class_390,7
06/01/2026,22:17,DORRIDGE_BIRMINGHAM_SNOW_HILL,Class_168,6
06/01/2026,09:28,RUGBY_BIRMINGHAM_NEW_STREET,Class_390,7
06/01/2026,19:08,STAFFORD_COVENTRY,Class_390,11
06/01/2026,17:37,STAFFORD_COVENTRY,Class_390,11
06/01/2026,16:42,STAFFORD_COVENTRY,Class_390,11
06/01/2026,15:22,STAFFORD_COVENTRY,Class_390,11
06/01/2026,14:08,STAFFORD_COVENTRY,Class_390,11
06/01/2026,12:17,STAFFORD_COVENTRY,Class_390,11
06/01/2026,11:04,STAFFORD_COVENTRY,Class_390,11
06/01/2026,09:50,STAFFORD_COVENTRY,Class_390,11
06/01/2026,08:53,STAFFORD_COVENTRY,Class_390,11
06/01/2026,07:55,STAFFORD_COVENTRY,Class_390,11
06/01/2026,07:10,STAFFORD_COVENTRY,Class_390,11
06/01/2026,06:07,STAFFORD_COVENTRY,Class_390,11
06/01/2026,18:55,RUGBY_BIRMINGHAM_NEW_STREET,Class_390,7
06/01/2026,20:36,STAFFORD_COVENTRY,Class_390,11
06/01/2026,17:34,RUGBY_BIRMINGHAM_NEW_STREET,Class_390,7
06/01/2026,18:29,RUGBY_BIRMINGHAM_NEW_STREET,Class_390,7
06/01/2026,10:31,RUGBY_BIRMINGHAM_NEW_STREET,Class_390,7
06/01/2026,10:49,RUGBY_BIRMINGHAM_NEW_STREET,Class_390,7
06/01/2026,11:40,RUGBY_BIRMINGHAM_NEW_STREET,Class_390,7
06/01/2026,12:07,RUGBY_BIRMINGHAM_NEW_STREET,Class_390,7
06/01/2026,12:56,RUGBY_BIRMINGHAM_NEW_STREET,Class_390,7
06/01/2026,09:48,RUGBY_BIRMINGHAM_NEW_STREET,Class_390,7
06/01/2026,14:40,RUGBY_BIRMINGHAM_NEW_STREET,Class_390,7
06/01/2026,15:11,RUGBY_BIRMINGHAM_NEW_STREET,Class_390,7
06/01/2026,16:02,RUGBY_BIRMINGHAM_NEW_STREET,Class_390,7
06/01/2026,16:36,RUGBY_BIRMINGHAM_NEW_STREET,Class_390,7
06/01/2026,17:25,RUGBY_BIRMINGHAM_NEW_STREET,Class_390,7
06/01/2026,13:48,RUGBY_BIRMINGHAM_NEW_STREET,Class_390,7
07/01/2026,19:09,FOUR_OAKS_REDDITCH,Class_730,6
07/01/2026,19:38,FOUR_OAKS_REDDITCH,Class_730,6
07/01/2026,20:22,FOUR_OAKS_REDDITCH,Class_730,6
07/01/2026,05:31,RUGELEY_TRENT_VALLEY_BIRMINGHAM_INTERNATIONAL,Class_730,3
07/01/2026,21:13,FOUR_OAKS_REDDITCH,Class_730,6
07/01/2026,22:51,FOUR_OAKS_REDDITCH,Class_730,6
07/01/2026,22:11,FOUR_OAKS_REDDITCH,Class_730,6
07/01/2026,23:05,FOUR_OAKS_REDDITCH,Class_730,6
07/01/2026,23:29,FOUR_OAKS_REDDITCH,Class_730,6
07/01/2026,05:21,RUGELEY_TRENT_VALLEY_BIRMINGHAM_INTERNATIONAL,Class_730,3
07/01/2026,18:02,FOUR_OAKS_REDDITCH,Class_730,6
07/01/2026,21:52,FOUR_OAKS_REDDITCH,Class_730,6
07/01/2026,17:47,FOUR_OAKS_REDDITCH,Class_730,6
07/01/2026,14:07,FOUR_OAKS_REDDITCH,Class_730,6
07/01/2026,16:53,FOUR_OAKS_REDDITCH,Class_730,6
07/01/2026,16:21,FOUR_OAKS_REDDITCH,Class_730,6
07/01/2026,16:03,FOUR_OAKS_REDDITCH,Class_730,6
07/01/2026,15:15,FOUR_OAKS_REDDITCH,Class_730,6
07/01/2026,14:48,FOUR_OAKS_REDDITCH,Class_730,6
07/01/2026,13:23,FOUR_OAKS_REDDITCH,Class_730,6
07/01/2026,12:48,FOUR_OAKS_REDDITCH,Class_730,6
07/01/2026,12:20,FOUR_OAKS_REDDITCH,Class_730,6
07/01/2026,11:37,FOUR_OAKS_REDDITCH,Class_730,6
07/01/2026,10:51,FOUR_OAKS_REDDITCH,Class_730,6
07/01/2026,10:12,FOUR_OAKS_REDDITCH,Class_730,6
07/01/2026,09:53,FOUR_OAKS_REDDITCH,Class_730,6
07/01/2026,06:09,RUGELEY_TRENT_VALLEY_BIRMINGHAM_INTERNATIONAL,Class_730,3
07/01/2026,17:21,FOUR_OAKS_REDDITCH,Class_730,6
07/01/2026,06:45,RUGELEY_TRENT_VALLEY_BIRMINGHAM_INTERNATIONAL,Class_730,3
07/01/2026,06:56,BIRMINGHAM_INTERNATIONAL_RUGELEY_TRENT_VALLEY,Class_730,3
07/01/2026,07:38,RUGELEY_TRENT_VALLEY_BIRMINGHAM_INTERNATIONAL,Class_730,3
07/01/2026,09:20,FOUR_OAKS_REDDITCH,Class_730,6
07/01/2026,06:03,BIRMINGHAM_INTERNATIONAL_RUGELEY_TRENT_VALLEY,Class_730,3
07/01/2026,05:34,BIRMINGHAM_INTERNATIONAL_RUGELEY_TRENT_VALLEY,Class_730,3
07/01/2026,22:29,RUGELEY_TRENT_VALLEY_BIRMINGHAM_INTERNATIONAL,Class_730,3
07/01/2026,21:54,RUGELEY_TRENT_VALLEY_BIRMINGHAM_INTERNATIONAL,Class_730,3
07/01/2026,21:18,RUGELEY_TRENT_VALLEY_BIRMINGHAM_INTERNATIONAL,Class_730,3
07/01/2026,20:27,RUGELEY_TRENT_VALLEY_BIRMINGHAM_INTERNATIONAL,Class_730,3
07/01/2026,20:01,RUGELEY_TRENT_VALLEY_BIRMINGHAM_INTERNATIONAL,Class_730,3
07/01/2026,19:11,RUGELEY_TRENT_VALLEY_BIRMINGHAM_INTERNATIONAL,Class_730,3
07/01/2026,18:19,RUGELEY_TRENT_VALLEY_BIRMINGHAM_INTERNATIONAL,Class_730,3
07/01/2026,17:50,RUGELEY_TRENT_VALLEY_BIRMINGHAM_INTERNATIONAL,Class_730,3
07/01/2026,17:24,RUGELEY_TRENT_VALLEY_BIRMINGHAM_INTERNATIONAL,Class_730,3
07/01/2026,16:57,RUGELEY_TRENT_VALLEY_BIRMINGHAM_INTERNATIONAL,Class_730,3
07/01/2026,07:21,RUGELEY_TRENT_VALLEY_BIRMINGHAM_INTERNATIONAL,Class_730,3
07/01/2026,16:37,RUGELEY_TRENT_VALLEY_BIRMINGHAM_INTERNATIONAL,Class_730,3
07/01/2026,15:37,RUGELEY_TRENT_VALLEY_BIRMINGHAM_INTERNATIONAL,Class_730,3
07/01/2026,14:55,RUGELEY_TRENT_VALLEY_BIRMINGHAM_INTERNATIONAL,Class_730,3
07/01/2026,14:30,RUGELEY_TRENT_VALLEY_BIRMINGHAM_INTERNATIONAL,Class_730,3
07/01/2026,13:27,RUGELEY_TRENT_VALLEY_BIRMINGHAM_INTERNATIONAL,Class_730,3
07/01/2026,13:07,RUGELEY_TRENT_VALLEY_BIRMINGHAM_INTERNATIONAL,Class_730,3
07/01/2026,12:22,RUGELEY_TRENT_VALLEY_BIRMINGHAM_INTERNATIONAL,Class_730,3
07/01/2026,12:02,RUGELEY_TRENT_VALLEY_BIRMINGHAM_INTERNATIONAL,Class_730,3
07/01/2026,10:58,RUGELEY_TRENT_VALLEY_BIRMINGHAM_INTERNATIONAL,Class_730,3
07/01/2026,10:35,RUGELEY_TRENT_VALLEY_BIRMINGHAM_INTERNATIONAL,Class_730,3
07/01/2026,10:04,RUGELEY_TRENT_VALLEY_BIRMINGHAM_INTERNATIONAL,Class_730,3
07/01/2026,09:32,RUGELEY_TRENT_VALLEY_BIRMINGHAM_INTERNATIONAL,Class_730,3
07/01/2026,08:50,RUGELEY_TRENT_VALLEY_BIRMINGHAM_INTERNATIONAL,Class_730,3
07/01/2026,08:18,RUGELEY_TRENT_VALLEY_BIRMINGHAM_INTERNATIONAL,Class_730,3
07/01/2026,16:05,RUGELEY_TRENT_VALLEY_BIRMINGHAM_INTERNATIONAL,Class_730,3
07/01/2026,08:39,FOUR_OAKS_REDDITCH,Class_730,6
07/01/2026,12:20,CROSS_CITY_LINE_B,Class_730,6
07/01/2026,07:35,FOUR_OAKS_REDDITCH,Class_730,6
07/01/2026,08:54,REDDITCH_FOUR_OAKS,Class_730,6
07/01/2026,08:26,REDDITCH_FOUR_OAKS,Class_730,6
07/01/2026,08:01,REDDITCH_FOUR_OAKS,Class_730,6
07/01/2026,07:25,REDDITCH_FOUR_OAKS,Class_730,6
07/01/2026,06:58,REDDITCH_FOUR_OAKS,Class_730,6
07/01/2026,06:33,REDDITCH_FOUR_OAKS,Class_730,6
07/01/2026,05:43,REDDITCH_FOUR_OAKS,Class_730,6
07/01/2026,05:26,REDDITCH_FOUR_OAKS,Class_730,6
07/01/2026,05:08,REDDITCH_FOUR_OAKS,Class_730,6
07/01/2026,22:57,CROSS_CITY_LINE_B,Class_730,6
07/01/2026,22:21,CROSS_CITY_LINE_B,Class_730,6
07/01/2026,21:53,CROSS_CITY_LINE_B,Class_730,6
07/01/2026,21:08,CROSS_CITY_LINE_B,Class_730,6
07/01/2026,09:48,REDDITCH_FOUR_OAKS,Class_730,6
07/01/2026,20:32,CROSS_CITY_LINE_B,Class_730,6
07/01/2026,19:07,CROSS_CITY_LINE_B,Class_730,6
07/01/2026,18:18,CROSS_CITY_LINE_B,Class_730,6
07/01/2026,17:49,CROSS_CITY_LINE_B,Class_730,6
07/01/2026,17:19,CROSS_CITY_LINE_B,Class_730,6
07/01/2026,16:55,CROSS_CITY_LINE_B,Class_730,6
07/01/2026,16:34,CROSS_CITY_LINE_B,Class_730,6
07/01/2026,15:59,CROSS_CITY_LINE_B,Class_730,6
07/01/2026,15:39,CROSS_CITY_LINE_B,Class_730,6
07/01/2026,14:54,CROSS_CITY_LINE_B,Class_730,6
07/01/2026,14:19,CROSS_CITY_LINE_B,Class_730,6
07/01/2026,13:26,CROSS_CITY_LINE_B,Class_730,6
07/01/2026,13:07,CROSS_CITY_LINE_B,Class_730,6
07/01/2026,07:18,BIRMINGHAM_INTERNATIONAL_RUGELEY_TRENT_VALLEY,Class_730,3
07/01/2026,19:58,CROSS_CITY_LINE_B,Class_730,6
07/01/2026,08:04,FOUR_OAKS_REDDITCH,Class_730,6
07/01/2026,10:07,REDDITCH_FOUR_OAKS,Class_730,6
07/01/2026,11:21,REDDITCH_FOUR_OAKS,Class_730,6
07/01/2026,07:07,FOUR_OAKS_REDDITCH,Class_730,6
07/01/2026,06:41,FOUR_OAKS_REDDITCH,Class_730,6
07/01/2026,05:59,FOUR_OAKS_REDDITCH,Class_730,6
07/01/2026,05:29,FOUR_OAKS_REDDITCH,Class_730,6
07/01/2026,05:16,FOUR_OAKS_REDDITCH,Class_730,6
07/01/2026,05:03,FOUR_OAKS_REDDITCH,Class_730,6
07/01/2026,23:31,REDDITCH_FOUR_OAKS,Class_730,6
07/01/2026,23:25,REDDITCH_FOUR_OAKS,Class_730,6
07/01/2026,23:00,REDDITCH_FOUR_OAKS,Class_730,6
07/01/2026,22:36,REDDITCH_FOUR_OAKS,Class_730,6
07/01/2026,22:03,REDDITCH_FOUR_OAKS,Class_730,6
07/01/2026,21:41,REDDITCH_FOUR_OAKS,Class_730,6
07/01/2026,20:45,REDDITCH_FOUR_OAKS,Class_730,6
07/01/2026,10:42,REDDITCH_FOUR_OAKS,Class_730,6
07/01/2026,20:12,REDDITCH_FOUR_OAKS,Class_730,6
07/01/2026,18:51,REDDITCH_FOUR_OAKS,Class_730,6
07/01/2026,17:55,REDDITCH_FOUR_OAKS,Class_730,6
07/01/2026,17:32,REDDITCH_FOUR_OAKS,Class_730,6
07/01/2026,17:03,REDDITCH_FOUR_OAKS,Class_730,6
07/01/2026,16:44,REDDITCH_FOUR_OAKS,Class_730,6
07/01/2026,16:14,REDDITCH_FOUR_OAKS,Class_730,6
07/01/2026,15:57,REDDITCH_FOUR_OAKS,Class_730,6
07/01/2026,15:05,REDDITCH_FOUR_OAKS,Class_730,6
07/01/2026,14:36,REDDITCH_FOUR_OAKS,Class_730,6
07/01/2026,13:49,REDDITCH_FOUR_OAKS,Class_730,6
07/01/2026,13:19,REDDITCH_FOUR_OAKS,Class_730,6
07/01/2026,12:28,REDDITCH_FOUR_OAKS,Class_730,6
07/01/2026,12:04,REDDITCH_FOUR_OAKS,Class_730,6
07/01/2026,19:18,REDDITCH_FOUR_OAKS,Class_730,6
07/01/2026,07:48,BIRMINGHAM_INTERNATIONAL_RUGELEY_TRENT_VALLEY,Class_730,3
07/01/2026,06:29,WOLVERHAMPTON_WALSALL,Class_730,3
07/01/2026,08:52,BIRMINGHAM_INTERNATIONAL_RUGELEY_TRENT_VALLEY,Class_730,3
07/01/2026,05:21,WALSALL_WOLVERHAMPTON,Class_731,3
07/01/2026,05:12,WALSALL_WOLVERHAMPTON,Class_730,3
07/01/2026,23:23,WOLVERHAMPTON_WALSALL,Class_730,3
07/01/2026,23:00,WOLVERHAMPTON_WALSALL,Class_730,3
07/01/2026,22:38,WOLVERHAMPTON_WALSALL,Class_730,3
07/01/2026,21:58,WOLVERHAMPTON_WALSALL,Class_730,3
07/01/2026,21:37,WOLVERHAMPTON_WALSALL,Class_730,3
07/01/2026,20:44,WOLVERHAMPTON_WALSALL,Class_730,3
07/01/2026,20:15,WOLVERHAMPTON_WALSALL,Class_730,3
07/01/2026,19:15,WOLVERHAMPTON_WALSALL,Class_730,3
07/01/2026,18:49,WOLVERHAMPTON_WALSALL,Class_730,3
07/01/2026,17:58,WOLVERHAMPTON_WALSALL,Class_730,3
07/01/2026,17:32,WOLVERHAMPTON_WALSALL,Class_730,3
07/01/2026,17:07,WOLVERHAMPTON_WALSALL,Class_730,3
07/01/2026,16:43,WOLVERHAMPTON_WALSALL,Class_730,3
07/01/2026,16:14,WOLVERHAMPTON_WALSALL,Class_730,3
07/01/2026,15:53,WOLVERHAMPTON_WALSALL,Class_730,3
07/01/2026,15:03,WOLVERHAMPTON_WALSALL,Class_730,3
07/01/2026,14:39,WOLVERHAMPTON_WALSALL,Class_730,3
07/01/2026,13:39,WOLVERHAMPTON_WALSALL,Class_730,3
07/01/2026,13:14,WOLVERHAMPTON_WALSALL,Class_730,3
07/01/2026,12:25,WOLVERHAMPTON_WALSALL,Class_730,3
07/01/2026,12:03,WOLVERHAMPTON_WALSALL,Class_730,3
07/01/2026,11:23,WOLVERHAMPTON_WALSALL,Class_730,3
07/01/2026,10:42,WOLVERHAMPTON_WALSALL,Class_730,3
07/01/2026,10:06,WOLVERHAMPTON_WALSALL,Class_730,3
07/01/2026,09:48,WOLVERHAMPTON_WALSALL,Class_730,3
07/01/2026,05:37,WALSALL_WOLVERHAMPTON,Class_732,3
07/01/2026,06:31,WALSALL_WOLVERHAMPTON,Class_733,3
07/01/2026,06:57,WALSALL_WOLVERHAMPTON,Class_734,3
07/01/2026,07:27,WALSALL_WOLVERHAMPTON,Class_735,3
07/01/2026,11:38,CROSS_CITY_LINE_B,Class_730,6
07/01/2026,22:57,WALSALL_WOLVERHAMPTON,Class_762,3
07/01/2026,22:35,WALSALL_WOLVERHAMPTON,Class_761,3
07/01/2026,22:07,WALSALL_WOLVERHAMPTON,Class_760,3
07/01/2026,21:35,WALSALL_WOLVERHAMPTON,Class_759,3
07/01/2026,20:52,WALSALL_WOLVERHAMPTON,Class_758,3
07/01/2026,20:09,WALSALL_WOLVERHAMPTON,Class_757,3
07/01/2026,19:18,WALSALL_WOLVERHAMPTON,Class_756,3
07/01/2026,18:52,WALSALL_WOLVERHAMPTON,Class_755,3
07/01/2026,17:58,WALSALL_WOLVERHAMPTON,Class_754,3
07/01/2026,17:33,WALSALL_WOLVERHAMPTON,Class_753,3
07/01/2026,17:02,WALSALL_WOLVERHAMPTON,Class_752,3
07/01/2026,16:44,WALSALL_WOLVERHAMPTON,Class_751,3
07/01/2026,09:05,WOLVERHAMPTON_WALSALL,Class_730,3
07/01/2026,16:10,WALSALL_WOLVERHAMPTON,Class_750,3
07/01/2026,15:01,WALSALL_WOLVERHAMPTON,Class_748,3
07/01/2026,14:39,WALSALL_WOLVERHAMPTON,Class_747,3
07/01/2026,13:44,WALSALL_WOLVERHAMPTON,Class_746,3
07/01/2026,13:15,WALSALL_WOLVERHAMPTON,Class_745,3
07/01/2026,12:24,WALSALL_WOLVERHAMPTON,Class_744,3
07/01/2026,12:03,WALSALL_WOLVERHAMPTON,Class_743,3
07/01/2026,11:23,WALSALL_WOLVERHAMPTON,Class_742,3
07/01/2026,10:44,WALSALL_WOLVERHAMPTON,Class_741,3
07/01/2026,10:05,WALSALL_WOLVERHAMPTON,Class_740,3
07/01/2026,09:47,WALSALL_WOLVERHAMPTON,Class_739,3
07/01/2026,08:56,WALSALL_WOLVERHAMPTON,Class_738,3
07/01/2026,08:31,WALSALL_WOLVERHAMPTON,Class_737,3
07/01/2026,07:55,WALSALL_WOLVERHAMPTON,Class_736,3
07/01/2026,15:52,WALSALL_WOLVERHAMPTON,Class_749,3
07/01/2026,08:23,WOLVERHAMPTON_WALSALL,Class_730,3
07/01/2026,07:59,WOLVERHAMPTON_WALSALL,Class_730,3
07/01/2026,07:29,WOLVERHAMPTON_WALSALL,Class_730,3
07/01/2026,08:51,NORTHAMPTON_BIRMINGHAM_NEW_STREET,Class_350,5
07/01/2026,07:42,NORTHAMPTON_BIRMINGHAM_NEW_STREET,Class_350,5
07/01/2026,06:53,NORTHAMPTON_BIRMINGHAM_NEW_STREET,Class_350,5
07/01/2026,05:34,NORTHAMPTON_BIRMINGHAM_NEW_STREET,Class_350,5
07/01/2026,05:07,NORTHAMPTON_BIRMINGHAM_NEW_STREET,Class_350,5
07/01/2026,22:29,BIRMINGHAM_INTERNATIONAL_RUGELEY_TRENT_VALLEY,Class_730,3
07/01/2026,21:56,BIRMINGHAM_INTERNATIONAL_RUGELEY_TRENT_VALLEY,Class_730,3
07/01/2026,21:32,BIRMINGHAM_INTERNATIONAL_RUGELEY_TRENT_VALLEY,Class_730,3
07/01/2026,20:40,BIRMINGHAM_INTERNATIONAL_RUGELEY_TRENT_VALLEY,Class_730,3
07/01/2026,19:59,BIRMINGHAM_INTERNATIONAL_RUGELEY_TRENT_VALLEY,Class_730,3
07/01/2026,19:12,BIRMINGHAM_INTERNATIONAL_RUGELEY_TRENT_VALLEY,Class_730,3
07/01/2026,18:39,BIRMINGHAM_INTERNATIONAL_RUGELEY_TRENT_VALLEY,Class_730,3
07/01/2026,17:49,BIRMINGHAM_INTERNATIONAL_RUGELEY_TRENT_VALLEY,Class_730,3
07/01/2026,10:01,NORTHAMPTON_BIRMINGHAM_NEW_STREET,Class_350,5
07/01/2026,17:20,BIRMINGHAM_INTERNATIONAL_RUGELEY_TRENT_VALLEY,Class_730,3
07/01/2026,16:36,BIRMINGHAM_INTERNATIONAL_RUGELEY_TRENT_VALLEY,Class_730,3
07/01/2026,16:05,BIRMINGHAM_INTERNATIONAL_RUGELEY_TRENT_VALLEY,Class_730,3
07/01/2026,15:29,BIRMINGHAM_INTERNATIONAL_RUGELEY_TRENT_VALLEY,Class_730,3
07/01/2026,14:48,BIRMINGHAM_INTERNATIONAL_RUGELEY_TRENT_VALLEY,Class_730,3
07/01/2026,14:19,BIRMINGHAM_INTERNATIONAL_RUGELEY_TRENT_VALLEY,Class_730,3
07/01/2026,13:28,BIRMINGHAM_INTERNATIONAL_RUGELEY_TRENT_VALLEY,Class_730,3
07/01/2026,13:02,BIRMINGHAM_INTERNATIONAL_RUGELEY_TRENT_VALLEY,Class_730,3
07/01/2026,12:23,BIRMINGHAM_INTERNATIONAL_RUGELEY_TRENT_VALLEY,Class_730,3
07/01/2026,11:57,BIRMINGHAM_INTERNATIONAL_RUGELEY_TRENT_VALLEY,Class_730,3
07/01/2026,11:01,BIRMINGHAM_INTERNATIONAL_RUGELEY_TRENT_VALLEY,Class_730,3
07/01/2026,10:32,BIRMINGHAM_INTERNATIONAL_RUGELEY_TRENT_VALLEY,Class_730,3
07/01/2026,10:03,BIRMINGHAM_INTERNATIONAL_RUGELEY_TRENT_VALLEY,Class_730,3
07/01/2026,09:23,BIRMINGHAM_INTERNATIONAL_RUGELEY_TRENT_VALLEY,Class_730,3
07/01/2026,17:01,BIRMINGHAM_INTERNATIONAL_RUGELEY_TRENT_VALLEY,Class_730,3
07/01/2026,08:10,BIRMINGHAM_INTERNATIONAL_RUGELEY_TRENT_VALLEY,Class_730,3
07/01/2026,10:57,NORTHAMPTON_BIRMINGHAM_NEW_STREET,Class_350,5
07/01/2026,13:26,NORTHAMPTON_BIRMINGHAM_NEW_STREET,Class_350,5
07/01/2026,06:58,WOLVERHAMPTON_WALSALL,Class_730,3
07/01/2026,05:43,WOLVERHAMPTON_WALSALL,Class_730,3
07/01/2026,05:23,WOLVERHAMPTON_WALSALL,Class_730,3
07/01/2026,05:10,WOLVERHAMPTON_WALSALL,Class_730,3
07/01/2026,23:26,BIRMINGHAM_NEW_STREET_NORTHAMPTON,Class_350,8
07/01/2026,22:39,BIRMINGHAM_NEW_STREET_NORTHAMPTON,Class_350,8
07/01/2026,21:42,BIRMINGHAM_NEW_STREET_NORTHAMPTON,Class_350,8
07/01/2026,20:17,BIRMINGHAM_NEW_STREET_NORTHAMPTON,Class_350,8
07/01/2026,18:59,BIRMINGHAM_NEW_STREET_NORTHAMPTON,Class_350,8
07/01/2026,17:37,BIRMINGHAM_NEW_STREET_NORTHAMPTON,Class_350,8
07/01/2026,16:46,BIRMINGHAM_NEW_STREET_NORTHAMPTON,Class_350,8
07/01/2026,15:58,BIRMINGHAM_NEW_STREET_NORTHAMPTON,Class_350,8
07/01/2026,14:43,BIRMINGHAM_NEW_STREET_NORTHAMPTON,Class_350,8
07/01/2026,12:21,NORTHAMPTON_BIRMINGHAM_NEW_STREET,Class_350,5
07/01/2026,13:19,BIRMINGHAM_NEW_STREET_NORTHAMPTON,Class_350,8
07/01/2026,10:50,BIRMINGHAM_NEW_STREET_NORTHAMPTON,Class_350,8
07/01/2026,09:48,BIRMINGHAM_NEW_STREET_NORTHAMPTON,Class_350,8
07/01/2026,08:32,BIRMINGHAM_NEW_STREET_NORTHAMPTON,Class_350,8
07/01/2026,07:31,BIRMINGHAM_NEW_STREET_NORTHAMPTON,Class_350,8
07/01/2026,06:34,BIRMINGHAM_NEW_STREET_NORTHAMPTON,Class_350,8
07/01/2026,22:57,NORTHAMPTON_BIRMINGHAM_NEW_STREET,Class_350,5
07/01/2026,21:53,NORTHAMPTON_BIRMINGHAM_NEW_STREET,Class_350,5
07/01/2026,20:22,NORTHAMPTON_BIRMINGHAM_NEW_STREET,Class_350,5
07/01/2026,19:12,NORTHAMPTON_BIRMINGHAM_NEW_STREET,Class_350,5
07/01/2026,17:50,NORTHAMPTON_BIRMINGHAM_NEW_STREET,Class_350,5
07/01/2026,17:01,NORTHAMPTON_BIRMINGHAM_NEW_STREET,Class_350,5
07/01/2026,16:10,NORTHAMPTON_BIRMINGHAM_NEW_STREET,Class_350,5
07/01/2026,14:49,NORTHAMPTON_BIRMINGHAM_NEW_STREET,Class_350,5
07/01/2026,12:13,BIRMINGHAM_NEW_STREET_NORTHAMPTON,Class_350,8
07/01/2026,23:22,WALSALL_WOLVERHAMPTON,Class_763,3
07/01/2026,11:15,CROSS_CITY_LINE_B,Class_730,6
07/01/2026,10:03,CROSS_CITY_LINE_B,Class_730,6
07/01/2026,18:34,DORRIDGE_BIRMINGHAM_MOOR_STREET,Class_168,6
07/01/2026,17:44,DORRIDGE_BIRMINGHAM_MOOR_STREET,Class_168,6
07/01/2026,17:22,DORRIDGE_BIRMINGHAM_MOOR_STREET,Class_168,6
07/01/2026,16:52,DORRIDGE_BIRMINGHAM_MOOR_STREET,Class_168,6
07/01/2026,16:26,DORRIDGE_BIRMINGHAM_MOOR_STREET,Class_168,6
07/01/2026,16:06,DORRIDGE_BIRMINGHAM_MOOR_STREET,Class_168,6
07/01/2026,15:17,DORRIDGE_BIRMINGHAM_MOOR_STREET,Class_168,6
07/01/2026,14:49,DORRIDGE_BIRMINGHAM_MOOR_STREET,Class_168,6
07/01/2026,14:10,DORRIDGE_BIRMINGHAM_MOOR_STREET,Class_168,6
07/01/2026,13:26,DORRIDGE_BIRMINGHAM_MOOR_STREET,Class_168,6
07/01/2026,12:53,DORRIDGE_BIRMINGHAM_MOOR_STREET,Class_168,6
07/01/2026,12:18,DORRIDGE_BIRMINGHAM_MOOR_STREET,Class_168,6
07/01/2026,11:29,DORRIDGE_BIRMINGHAM_MOOR_STREET,Class_168,6
07/01/2026,10:50,DORRIDGE_BIRMINGHAM_MOOR_STREET,Class_168,6
07/01/2026,10:18,DORRIDGE_BIRMINGHAM_MOOR_STREET,Class_168,6
07/01/2026,09:58,DORRIDGE_BIRMINGHAM_MOOR_STREET,Class_168,6
07/01/2026,09:21,DORRIDGE_BIRMINGHAM_MOOR_STREET,Class_168,6
07/01/2026,08:37,DORRIDGE_BIRMINGHAM_MOOR_STREET,Class_168,6
07/01/2026,08:12,DORRIDGE_BIRMINGHAM_MOOR_STREET,Class_168,6
07/01/2026,07:45,DORRIDGE_BIRMINGHAM_MOOR_STREET,Class_168,6
07/01/2026,07:07,DORRIDGE_BIRMINGHAM_MOOR_STREET,Class_168,6
07/01/2026,06:47,DORRIDGE_BIRMINGHAM_MOOR_STREET,Class_168,6
07/01/2026,06:01,DORRIDGE_BIRMINGHAM_MOOR_STREET,Class_168,6
07/01/2026,05:26,DORRIDGE_BIRMINGHAM_MOOR_STREET,Class_168,6
07/01/2026,23:32,BIRMINGHAM_MOOR_STREET_DORRIDGE,Class_168,6
07/01/2026,23:28,BIRMINGHAM_MOOR_STREET_DORRIDGE,Class_168,6
07/01/2026,23:10,BIRMINGHAM_MOOR_STREET_DORRIDGE,Class_168,6
07/01/2026,19:00,DORRIDGE_BIRMINGHAM_MOOR_STREET,Class_168,6
07/01/2026,19:46,DORRIDGE_BIRMINGHAM_MOOR_STREET,Class_168,6
07/01/2026,20:25,DORRIDGE_BIRMINGHAM_MOOR_STREET,Class_168,6
07/01/2026,21:08,DORRIDGE_BIRMINGHAM_MOOR_STREET,Class_168,6
07/01/2026,15:22,DORRIDGE_BIRMINGHAM_SNOW_HILL,Class_168,6
07/01/2026,14:21,DORRIDGE_BIRMINGHAM_SNOW_HILL,Class_168,6
07/01/2026,13:03,DORRIDGE_BIRMINGHAM_SNOW_HILL,Class_168,6
07/01/2026,11:48,DORRIDGE_BIRMINGHAM_SNOW_HILL,Class_168,6
07/01/2026,10:30,DORRIDGE_BIRMINGHAM_SNOW_HILL,Class_168,6
07/01/2026,09:24,DORRIDGE_BIRMINGHAM_SNOW_HILL,Class_168,6
07/01/2026,08:20,DORRIDGE_BIRMINGHAM_SNOW_HILL,Class_168,6
07/01/2026,23:32,BIRMINGHAM_SNOW_HILL_DORRIDGE,Class_168,6
07/01/2026,23:03,BIRMINGHAM_SNOW_HILL_DORRIDGE,Class_168,6
07/01/2026,22:15,BIRMINGHAM_SNOW_HILL_DORRIDGE,Class_168,6
07/01/2026,20:57,BIRMINGHAM_SNOW_HILL_DORRIDGE,Class_168,6
07/01/2026,19:35,BIRMINGHAM_SNOW_HILL_DORRIDGE,Class_168,6
07/01/2026,18:00,BIRMINGHAM_SNOW_HILL_DORRIDGE,Class_168,6
07/01/2026,22:16,BIRMINGHAM_MOOR_STREET_DORRIDGE,Class_168,6
07/01/2026,17:15,BIRMINGHAM_SNOW_HILL_DORRIDGE,Class_168,6
07/01/2026,15:15,BIRMINGHAM_SNOW_HILL_DORRIDGE,Class_168,6
07/01/2026,14:08,BIRMINGHAM_SNOW_HILL_DORRIDGE,Class_168,6
07/01/2026,12:43,BIRMINGHAM_SNOW_HILL_DORRIDGE,Class_168,6
07/01/2026,11:31,BIRMINGHAM_SNOW_HILL_DORRIDGE,Class_168,6
07/01/2026,10:16,BIRMINGHAM_SNOW_HILL_DORRIDGE,Class_168,6
07/01/2026,09:19,BIRMINGHAM_SNOW_HILL_DORRIDGE,Class_168,6
07/01/2026,08:01,BIRMINGHAM_SNOW_HILL_DORRIDGE,Class_168,6
07/01/2026,23:32,DORRIDGE_BIRMINGHAM_MOOR_STREET,Class_168,6
07/01/2026,23:29,DORRIDGE_BIRMINGHAM_MOOR_STREET,Class_168,6
07/01/2026,23:17,DORRIDGE_BIRMINGHAM_MOOR_STREET,Class_168,6
07/01/2026,22:54,DORRIDGE_BIRMINGHAM_MOOR_STREET,Class_168,6
07/01/2026,22:28,DORRIDGE_BIRMINGHAM_MOOR_STREET,Class_168,6
07/01/2026,21:48,DORRIDGE_BIRMINGHAM_MOOR_STREET,Class_168,6
07/01/2026,16:20,BIRMINGHAM_SNOW_HILL_DORRIDGE,Class_168,6
07/01/2026,16:36,DORRIDGE_BIRMINGHAM_SNOW_HILL,Class_168,6
07/01/2026,21:49,BIRMINGHAM_MOOR_STREET_DORRIDGE,Class_168,6
07/01/2026,20:20,BIRMINGHAM_MOOR_STREET_DORRIDGE,Class_168,6
07/01/2026,19:29,WOLVERHAMPTON_BIRMINGHAM_INTERNATIONAL,Class_158,2
07/01/2026,18:00,WOLVERHAMPTON_BIRMINGHAM_INTERNATIONAL,Class_158,2
07/01/2026,17:12,WOLVERHAMPTON_BIRMINGHAM_INTERNATIONAL,Class_158,2
07/01/2026,16:22,WOLVERHAMPTON_BIRMINGHAM_INTERNATIONAL,Class_158,2
07/01/2026,15:17,WOLVERHAMPTON_BIRMINGHAM_INTERNATIONAL,Class_158,2
07/01/2026,13:55,WOLVERHAMPTON_BIRMINGHAM_INTERNATIONAL,Class_158,2
07/01/2026,12:36,WOLVERHAMPTON_BIRMINGHAM_INTERNATIONAL,Class_158,2
07/01/2026,11:25,WOLVERHAMPTON_BIRMINGHAM_INTERNATIONAL,Class_158,2
07/01/2026,10:12,WOLVERHAMPTON_BIRMINGHAM_INTERNATIONAL,Class_158,2
07/01/2026,09:07,WOLVERHAMPTON_BIRMINGHAM_INTERNATIONAL,Class_158,2
07/01/2026,07:02,WOLVERHAMPTON_BIRMINGHAM_INTERNATIONAL,Class_158,2
07/01/2026,05:54,WOLVERHAMPTON_BIRMINGHAM_INTERNATIONAL,Class_158,2
07/01/2026,05:08,WOLVERHAMPTON_BIRMINGHAM_INTERNATIONAL,Class_158,2
07/01/2026,19:28,BIRMINGHAM_INTERNATIONA_WOLVERHAMPTON,Class_158,2
07/01/2026,18:00,BIRMINGHAM_INTERNATIONA_WOLVERHAMPTON,Class_158,2
07/01/2026,17:09,BIRMINGHAM_INTERNATIONA_WOLVERHAMPTON,Class_158,2
07/01/2026,16:16,BIRMINGHAM_INTERNATIONA_WOLVERHAMPTON,Class_158,2
07/01/2026,15:07,BIRMINGHAM_INTERNATIONA_WOLVERHAMPTON,Class_158,2
07/01/2026,13:52,BIRMINGHAM_INTERNATIONA_WOLVERHAMPTON,Class_158,2
07/01/2026,12:42,BIRMINGHAM_INTERNATIONA_WOLVERHAMPTON,Class_158,2
07/01/2026,11:28,BIRMINGHAM_INTERNATIONA_WOLVERHAMPTON,Class_158,2
07/01/2026,10:10,BIRMINGHAM_INTERNATIONA_WOLVERHAMPTON,Class_158,2
07/01/2026,09:11,BIRMINGHAM_INTERNATIONA_WOLVERHAMPTON,Class_158,2
07/01/2026,08:01,BIRMINGHAM_INTERNATIONA_WOLVERHAMPTON,Class_158,2
07/01/2026,07:03,BIRMINGHAM_INTERNATIONA_WOLVERHAMPTON,Class_158,2
07/01/2026,05:49,BIRMINGHAM_INTERNATIONA_WOLVERHAMPTON,Class_158,2
07/01/2026,10:27,CROSS_CITY_LINE_B,Class_730,6
07/01/2026,21:04,WOLVERHAMPTON_BIRMINGHAM_INTERNATIONAL,Class_158,2
07/01/2026,22:09,WOLVERHAMPTON_BIRMINGHAM_INTERNATIONAL,Class_158,2
07/01/2026,23:04,WOLVERHAMPTON_BIRMINGHAM_INTERNATIONAL,Class_158,2
07/01/2026,05:00,BIRMINGHAM_MOOR_STREET_DORRIDGE,Class_168,6
07/01/2026,19:57,BIRMINGHAM_MOOR_STREET_DORRIDGE,Class_168,6
07/01/2026,19:02,BIRMINGHAM_MOOR_STREET_DORRIDGE,Class_168,6
07/01/2026,18:03,BIRMINGHAM_MOOR_STREET_DORRIDGE,Class_168,6
07/01/2026,17:46,BIRMINGHAM_MOOR_STREET_DORRIDGE,Class_168,6
07/01/2026,17:20,BIRMINGHAM_MOOR_STREET_DORRIDGE,Class_168,6
07/01/2026,16:49,BIRMINGHAM_MOOR_STREET_DORRIDGE,Class_168,6
07/01/2026,16:29,BIRMINGHAM_MOOR_STREET_DORRIDGE,Class_168,6
07/01/2026,16:03,BIRMINGHAM_MOOR_STREET_DORRIDGE,Class_168,6
07/01/2026,15:19,BIRMINGHAM_MOOR_STREET_DORRIDGE,Class_168,6
07/01/2026,14:47,BIRMINGHAM_MOOR_STREET_DORRIDGE,Class_168,6
07/01/2026,14:18,BIRMINGHAM_MOOR_STREET_DORRIDGE,Class_168,6
07/01/2026,13:25,BIRMINGHAM_MOOR_STREET_DORRIDGE,Class_168,6
07/01/2026,12:48,BIRMINGHAM_MOOR_STREET_DORRIDGE,Class_168,6
07/01/2026,21:05,BIRMINGHAM_MOOR_STREET_DORRIDGE,Class_168,6
07/01/2026,12:19,BIRMINGHAM_MOOR_STREET_DORRIDGE,Class_168,6
07/01/2026,10:55,BIRMINGHAM_MOOR_STREET_DORRIDGE,Class_168,6
07/01/2026,10:25,BIRMINGHAM_MOOR_STREET_DORRIDGE,Class_168,6
07/01/2026,09:59,BIRMINGHAM_MOOR_STREET_DORRIDGE,Class_168,6
07/01/2026,09:17,BIRMINGHAM_MOOR_STREET_DORRIDGE,Class_168,6
07/01/2026,08:38,BIRMINGHAM_MOOR_STREET_DORRIDGE,Class_168,6
07/01/2026,08:02,BIRMINGHAM_MOOR_STREET_DORRIDGE,Class_168,6
07/01/2026,07:37,BIRMINGHAM_MOOR_STREET_DORRIDGE,Class_168,6
07/01/2026,07:06,BIRMINGHAM_MOOR_STREET_DORRIDGE,Class_168,6
07/01/2026,06:41,BIRMINGHAM_MOOR_STREET_DORRIDGE,Class_168,6
07/01/2026,06:00,BIRMINGHAM_MOOR_STREET_DORRIDGE,Class_168,6
07/01/2026,05:29,BIRMINGHAM_MOOR_STREET_DORRIDGE,Class_168,6
07/01/2026,05:16,BIRMINGHAM_MOOR_STREET_DORRIDGE,Class_168,6
07/01/2026,05:04,BIRMINGHAM_MOOR_STREET_DORRIDGE,Class_168,6
07/01/2026,11:42,BIRMINGHAM_MOOR_STREET_DORRIDGE,Class_168,6
07/01/2026,17:26,DORRIDGE_BIRMINGHAM_SNOW_HILL,Class_168,6
07/01/2026,22:46,BIRMINGHAM_MOOR_STREET_DORRIDGE,Class_168,6
07/01/2026,19:55,DORRIDGE_BIRMINGHAM_SNOW_HILL,Class_168,6
07/01/2026,10:49,CROSS_CITY_LINE_A,Class_730,6
07/01/2026,10:09,CROSS_CITY_LINE_A,Class_730,6
07/01/2026,09:51,CROSS_CITY_LINE_A,Class_730,6
07/01/2026,09:14,CROSS_CITY_LINE_A,Class_730,6
07/01/2026,08:35,CROSS_CITY_LINE_A,Class_730,6
07/01/2026,08:01,CROSS_CITY_LINE_A,Class_730,6
07/01/2026,07:31,CROSS_CITY_LINE_A,Class_730,6
07/01/2026,07:01,CROSS_CITY_LINE_A,Class_730,6
07/01/2026,06:37,CROSS_CITY_LINE_A,Class_730,6
07/01/2026,05:48,CROSS_CITY_LINE_A,Class_730,6
07/01/2026,05:26,CROSS_CITY_LINE_A,Class_730,6
07/01/2026,05:12,CROSS_CITY_LINE_A,Class_730,6
07/01/2026,22:34,COVENTRY_STAFFORD,Class_390,11
07/01/2026,11:24,CROSS_CITY_LINE_A,Class_730,6
07/01/2026,21:21,COVENTRY_STAFFORD,Class_390,11
07/01/2026,18:49,COVENTRY_STAFFORD,Class_390,11
07/01/2026,17:31,COVENTRY_STAFFORD,Class_390,11
07/01/2026,16:38,COVENTRY_STAFFORD,Class_390,11
07/01/2026,15:48,COVENTRY_STAFFORD,Class_390,11
07/01/2026,14:20,COVENTRY_STAFFORD,Class_390,11
07/01/2026,13:08,COVENTRY_STAFFORD,Class_390,11
07/01/2026,11:57,COVENTRY_STAFFORD,Class_390,11
07/01/2026,10:39,COVENTRY_STAFFORD,Class_390,11
07/01/2026,09:33,COVENTRY_STAFFORD,Class_390,11
07/01/2026,08:15,COVENTRY_STAFFORD,Class_390,11
07/01/2026,07:14,COVENTRY_STAFFORD,Class_390,11
07/01/2026,06:20,COVENTRY_STAFFORD,Class_390,11
07/01/2026,23:20,STAFFORD_COVENTRY,Class_390,11
07/01/2026,20:03,COVENTRY_STAFFORD,Class_390,11
07/01/2026,22:30,STAFFORD_COVENTRY,Class_390,11
07/01/2026,12:17,CROSS_CITY_LINE_A,Class_730,6
07/01/2026,13:20,CROSS_CITY_LINE_A,Class_730,6
07/01/2026,18:43,DORRIDGE_BIRMINGHAM_SNOW_HILL,Class_168,6
07/01/2026,08:43,CROSS_CITY_LINE_B,Class_730,6
07/01/2026,08:04,CROSS_CITY_LINE_B,Class_730,6
07/01/2026,07:48,CROSS_CITY_LINE_B,Class_730,6
07/01/2026,07:08,CROSS_CITY_LINE_B,Class_730,6
07/01/2026,06:53,CROSS_CITY_LINE_B,Class_730,6
07/01/2026,06:20,CROSS_CITY_LINE_B,Class_730,6
07/01/2026,05:31,CROSS_CITY_LINE_B,Class_730,6
07/01/2026,05:16,CROSS_CITY_LINE_B,Class_730,6
07/01/2026,23:32,CROSS_CITY_LINE_A,Class_730,6
07/01/2026,23:27,CROSS_CITY_LINE_A,Class_730,6
07/01/2026,23:03,CROSS_CITY_LINE_A,Class_730,6
07/01/2026,22:46,CROSS_CITY_LINE_A,Class_730,6
07/01/2026,12:30,CROSS_CITY_LINE_A,Class_730,6
07/01/2026,22:08,CROSS_CITY_LINE_A,Class_730,6
07/01/2026,20:54,CROSS_CITY_LINE_A,Class_730,6
07/01/2026,20:17,CROSS_CITY_LINE_A,Class_730,6
07/01/2026,19:19,CROSS_CITY_LINE_A,Class_730,6
07/01/2026,18:53,CROSS_CITY_LINE_A,Class_730,6
07/01/2026,17:59,CROSS_CITY_LINE_A,Class_730,6
07/01/2026,17:33,CROSS_CITY_LINE_A,Class_730,6
07/01/2026,17:11,CROSS_CITY_LINE_A,Class_730,6
07/01/2026,16:49,CROSS_CITY_LINE_A,Class_730,6
07/01/2026,16:16,CROSS_CITY_LINE_A,Class_730,6
07/01/2026,15:57,CROSS_CITY_LINE_A,Class_730,6
07/01/2026,15:06,CROSS_CITY_LINE_A,Class_730,6
07/01/2026,14:45,CROSS_CITY_LINE_A,Class_730,6
07/01/2026,13:57,CROSS_CITY_LINE_A,Class_730,6
07/01/2026,21:43,CROSS_CITY_LINE_A,Class_730,6
07/01/2026,21:30,STAFFORD_COVENTRY,Class_390,11
07/01/2026,09:29,CROSS_CITY_LINE_B,Class_730,6
07/01/2026,21:31,DORRIDGE_BIRMINGHAM_SNOW_HILL,Class_168,6
07/01/2026,19:59,BIRMINGHAM_NEW_STREET_RUGBY,Class_390,7
07/01/2026,18:47,BIRMINGHAM_NEW_STREET_RUGBY,Class_390,7
07/01/2026,17:30,BIRMINGHAM_NEW_STREET_RUGBY,Class_390,7
07/01/2026,16:39,BIRMINGHAM_NEW_STREET_RUGBY,Class_390,7
07/01/2026,15:24,BIRMINGHAM_NEW_STREET_RUGBY,Class_390,7
07/01/2026,14:25,BIRMINGHAM_NEW_STREET_RUGBY,Class_390,7
07/01/2026,13:09,BIRMINGHAM_NEW_STREET_RUGBY,Class_390,7
07/01/2026,12:01,BIRMINGHAM_NEW_STREET_RUGBY,Class_390,7
07/01/2026,10:36,BIRMINGHAM_NEW_STREET_RUGBY,Class_390,7
07/01/2026,09:34,BIRMINGHAM_NEW_STREET_RUGBY,Class_390,7
07/01/2026,08:21,BIRMINGHAM_NEW_STREET_RUGBY,Class_390,7
07/01/2026,06:10,BIRMINGHAM_NEW_STREET_RUGBY,Class_390,7
07/01/2026,23:19,RUGBY_WOLVERHAMPTON,Class_390,11
07/01/2026,21:06,RUGBY_WOLVERHAMPTON,Class_390,11
07/01/2026,19:43,RUGBY_WOLVERHAMPTON,Class_390,11
07/01/2026,05:30,WOLVERHAMPTON_COVENTRY,Class_390,11
07/01/2026,05:12,WOLVERHAMPTON_COVENTRY,Class_390,11
07/01/2026,05:01,WOLVERHAMPTON_COVENTRY,Class_390,11
07/01/2026,05:01,WOLVERHAMPTON_COVENTRY,Class_390,11
07/01/2026,23:29,DORRIDGE_STOURBRIDGE_JUNCTION,Class_168,6
07/01/2026,21:35,DORRIDGE_STOURBRIDGE_JUNCTION,Class_168,6
07/01/2026,18:30,DORRIDGE_STOURBRIDGE_JUNCTION,Class_168,6
07/01/2026,05:16,STOURBRIDGE_JUNCTION_DORRIDGE,Class_168,6
07/01/2026,23:34,DORRIDGE_BIRMINGHAM_SNOW_HILL,Class_168,6
07/01/2026,23:15,DORRIDGE_BIRMINGHAM_SNOW_HILL,Class_168,6
07/01/2026,22:27,DORRIDGE_BIRMINGHAM_SNOW_HILL,Class_168,6
07/01/2026,20:05,STAFFORD_COVENTRY,Class_390,11
07/01/2026,07:22,RUGBY_BIRMINGHAM_NEW_STREET,Class_390,7
07/01/2026,08:02,RUGBY_BIRMINGHAM_NEW_STREET,Class_390,7
07/01/2026,07:21,BIRMINGHAM_NEW_STREET_RUGBY,Class_390,7
07/01/2026,09:21,RUGBY_BIRMINGHAM_NEW_STREET,Class_390,7
07/01/2026,08:54,RUGBY_BIRMINGHAM_NEW_STREET,Class_390,7
07/01/2026,17:31,STAFFORD_COVENTRY,Class_390,11
07/01/2026,16:41,STAFFORD_COVENTRY,Class_390,11
07/01/2026,15:52,STAFFORD_COVENTRY,Class_390,11
07/01/2026,14:33,STAFFORD_COVENTRY,Class_390,11
07/01/2026,13:05,STAFFORD_COVENTRY,Class_390,11
07/01/2026,11:52,STAFFORD_COVENTRY,Class_390,11
07/01/2026,10:41,STAFFORD_COVENTRY,Class_390,11
07/01/2026,08:23,STAFFORD_COVENTRY,Class_390,11
07/01/2026,07:16,STAFFORD_COVENTRY,Class_390,11
07/01/2026,06:22,STAFFORD_COVENTRY,Class_390,11
07/01/2026,18:35,RUGBY_BIRMINGHAM_NEW_STREET,Class_390,7
07/01/2026,17:53,RUGBY_BIRMINGHAM_NEW_STREET,Class_390,7
07/01/2026,17:17,RUGBY_BIRMINGHAM_NEW_STREET,Class_390,7
07/01/2026,09:45,STAFFORD_COVENTRY,Class_390,11
07/01/2026,18:40,STAFFORD_COVENTRY,Class_390,11
07/01/2026,17:06,RUGBY_BIRMINGHAM_NEW_STREET,Class_390,7
07/01/2026,10:25,RUGBY_BIRMINGHAM_NEW_STREET,Class_390,7
07/01/2026,11:22,RUGBY_BIRMINGHAM_NEW_STREET,Class_390,7
07/01/2026,11:56,RUGBY_BIRMINGHAM_NEW_STREET,Class_390,7
07/01/2026,12:25,RUGBY_BIRMINGHAM_NEW_STREET,Class_390,7
07/01/2026,13:01,RUGBY_BIRMINGHAM_NEW_STREET,Class_390,7
07/01/2026,10:07,RUGBY_BIRMINGHAM_NEW_STREET,Class_390,7
07/01/2026,14:21,RUGBY_BIRMINGHAM_NEW_STREET,Class_390,7
07/01/2026,14:57,RUGBY_BIRMINGHAM_NEW_STREET,Class_390,7
07/01/2026,15:22,RUGBY_BIRMINGHAM_NEW_STREET,Class_390,7
07/01/2026,16:13,RUGBY_BIRMINGHAM_NEW_STREET,Class_390,7
07/01/2026,16:27,RUGBY_BIRMINGHAM_NEW_STREET,Class_390,7
07/01/2026,13:28,RUGBY_BIRMINGHAM_NEW_STREET,Class_390,7
08/01/2026,19:16,FOUR_OAKS_REDDITCH,Class_730,6
08/01/2026,20:02,FOUR_OAKS_REDDITCH,Class_730,6
08/01/2026,20:24,FOUR_OAKS_REDDITCH,Class_730,6
08/01/2026,21:10,FOUR_OAKS_REDDITCH,Class_730,6
08/01/2026,21:39,FOUR_OAKS_REDDITCH,Class_730,6
08/01/2026,23:18,FOUR_OAKS_REDDITCH,Class_730,6
08/01/2026,22:43,FOUR_OAKS_REDDITCH,Class_730,6
08/01/2026,05:34,RUGELEY_TRENT_VALLEY_BIRMINGHAM_INTERNATIONAL,Class_730,3
08/01/2026,05:58,RUGELEY_TRENT_VALLEY_BIRMINGHAM_INTERNATIONAL,Class_730,3
08/01/2026,06:37,RUGELEY_TRENT_VALLEY_BIRMINGHAM_INTERNATIONAL,Class_730,3
08/01/2026,18:59,FOUR_OAKS_REDDITCH,Class_730,6
08/01/2026,22:18,FOUR_OAKS_REDDITCH,Class_730,6
08/01/2026,18:42,FOUR_OAKS_REDDITCH,Class_730,6
08/01/2026,09:57,FOUR_OAKS_REDDITCH,Class_730,6
08/01/2026,17:35,FOUR_OAKS_REDDITCH,Class_730,6
08/01/2026,16:46,FOUR_OAKS_REDDITCH,Class_730,6
08/01/2026,16:29,FOUR_OAKS_REDDITCH,Class_730,6
08/01/2026,15:56,FOUR_OAKS_REDDITCH,Class_730,6
08/01/2026,15:11,FOUR_OAKS_REDDITCH,Class_730,6
08/01/2026,14:38,FOUR_OAKS_REDDITCH,Class_730,6
08/01/2026,14:05,FOUR_OAKS_REDDITCH,Class_730,6
08/01/2026,13:38,FOUR_OAKS_REDDITCH,Class_730,6
08/01/2026,13:09,FOUR_OAKS_REDDITCH,Class_730,6
08/01/2026,12:11,FOUR_OAKS_REDDITCH,Class_730,6
08/01/2026,11:27,FOUR_OAKS_REDDITCH,Class_730,6
08/01/2026,10:27,FOUR_OAKS_REDDITCH,Class_730,6
08/01/2026,06:55,RUGELEY_TRENT_VALLEY_BIRMINGHAM_INTERNATIONAL,Class_730,3
08/01/2026,18:11,FOUR_OAKS_REDDITCH,Class_730,6
08/01/2026,07:14,RUGELEY_TRENT_VALLEY_BIRMINGHAM_INTERNATIONAL,Class_730,3
08/01/2026,07:17,BIRMINGHAM_INTERNATIONAL_RUGELEY_TRENT_VALLEY,Class_730,3
08/01/2026,07:58,RUGELEY_TRENT_VALLEY_BIRMINGHAM_INTERNATIONAL,Class_730,3
08/01/2026,09:25,FOUR_OAKS_REDDITCH,Class_730,6
08/01/2026,06:46,BIRMINGHAM_INTERNATIONAL_RUGELEY_TRENT_VALLEY,Class_730,3
08/01/2026,06:33,BIRMINGHAM_INTERNATIONAL_RUGELEY_TRENT_VALLEY,Class_730,3
08/01/2026,06:06,BIRMINGHAM_INTERNATIONAL_RUGELEY_TRENT_VALLEY,Class_730,3
08/01/2026,21:50,RUGELEY_TRENT_VALLEY_BIRMINGHAM_INTERNATIONAL,Class_730,3
08/01/2026,21:14,RUGELEY_TRENT_VALLEY_BIRMINGHAM_INTERNATIONAL,Class_730,3
08/01/2026,20:27,RUGELEY_TRENT_VALLEY_BIRMINGHAM_INTERNATIONAL,Class_730,3
08/01/2026,20:06,RUGELEY_TRENT_VALLEY_BIRMINGHAM_INTERNATIONAL,Class_730,3
08/01/2026,19:38,RUGELEY_TRENT_VALLEY_BIRMINGHAM_INTERNATIONAL,Class_730,3
08/01/2026,19:03,RUGELEY_TRENT_VALLEY_BIRMINGHAM_INTERNATIONAL,Class_730,3
08/01/2026,18:50,RUGELEY_TRENT_VALLEY_BIRMINGHAM_INTERNATIONAL,Class_730,3
08/01/2026,18:13,RUGELEY_TRENT_VALLEY_BIRMINGHAM_INTERNATIONAL,Class_730,3
08/01/2026,17:41,RUGELEY_TRENT_VALLEY_BIRMINGHAM_INTERNATIONAL,Class_730,3
08/01/2026,07:43,RUGELEY_TRENT_VALLEY_BIRMINGHAM_INTERNATIONAL,Class_730,3
08/01/2026,16:52,RUGELEY_TRENT_VALLEY_BIRMINGHAM_INTERNATIONAL,Class_730,3
08/01/2026,16:01,RUGELEY_TRENT_VALLEY_BIRMINGHAM_INTERNATIONAL,Class_730,3
08/01/2026,15:12,RUGELEY_TRENT_VALLEY_BIRMINGHAM_INTERNATIONAL,Class_730,3
08/01/2026,14:41,RUGELEY_TRENT_VALLEY_BIRMINGHAM_INTERNATIONAL,Class_730,3
08/01/2026,14:13,RUGELEY_TRENT_VALLEY_BIRMINGHAM_INTERNATIONAL,Class_730,3
08/01/2026,13:44,RUGELEY_TRENT_VALLEY_BIRMINGHAM_INTERNATIONAL,Class_730,3
08/01/2026,13:15,RUGELEY_TRENT_VALLEY_BIRMINGHAM_INTERNATIONAL,Class_730,3
08/01/2026,12:25,RUGELEY_TRENT_VALLEY_BIRMINGHAM_INTERNATIONAL,Class_730,3
08/01/2026,11:35,RUGELEY_TRENT_VALLEY_BIRMINGHAM_INTERNATIONAL,Class_730,3
08/01/2026,10:31,RUGELEY_TRENT_VALLEY_BIRMINGHAM_INTERNATIONAL,Class_730,3
08/01/2026,10:12,RUGELEY_TRENT_VALLEY_BIRMINGHAM_INTERNATIONAL,Class_730,3
08/01/2026,09:25,RUGELEY_TRENT_VALLEY_BIRMINGHAM_INTERNATIONAL,Class_730,3
08/01/2026,08:56,RUGELEY_TRENT_VALLEY_BIRMINGHAM_INTERNATIONAL,Class_730,3
08/01/2026,08:28,RUGELEY_TRENT_VALLEY_BIRMINGHAM_INTERNATIONAL,Class_730,3
08/01/2026,16:33,RUGELEY_TRENT_VALLEY_BIRMINGHAM_INTERNATIONAL,Class_730,3
08/01/2026,08:56,FOUR_OAKS_REDDITCH,Class_730,6
08/01/2026,11:57,REDDITCH_FOUR_OAKS,Class_730,6
08/01/2026,07:53,FOUR_OAKS_REDDITCH,Class_730,6
08/01/2026,08:47,REDDITCH_FOUR_OAKS,Class_730,6
08/01/2026,08:12,REDDITCH_FOUR_OAKS,Class_730,6
08/01/2026,07:45,REDDITCH_FOUR_OAKS,Class_730,6
08/01/2026,07:25,REDDITCH_FOUR_OAKS,Class_730,6
08/01/2026,07:00,REDDITCH_FOUR_OAKS,Class_730,6
08/01/2026,06:37,REDDITCH_FOUR_OAKS,Class_730,6
08/01/2026,06:14,REDDITCH_FOUR_OAKS,Class_730,6
08/01/2026,05:45,REDDITCH_FOUR_OAKS,Class_730,6
08/01/2026,05:18,REDDITCH_FOUR_OAKS,Class_730,6
08/01/2026,22:09,CROSS_CITY_LINE_B,Class_730,6
08/01/2026,21:40,CROSS_CITY_LINE_B,Class_730,6
08/01/2026,21:04,CROSS_CITY_LINE_B,Class_730,6
08/01/2026,20:29,CROSS_CITY_LINE_B,Class_730,6
08/01/2026,20:06,CROSS_CITY_LINE_B,Class_730,6
08/01/2026,19:44,CROSS_CITY_LINE_B,Class_730,6
08/01/2026,19:01,CROSS_CITY_LINE_B,Class_730,6
08/01/2026,18:48,CROSS_CITY_LINE_B,Class_730,6
08/01/2026,18:11,CROSS_CITY_LINE_B,Class_730,6
08/01/2026,17:36,CROSS_CITY_LINE_B,Class_730,6
08/01/2026,16:49,CROSS_CITY_LINE_B,Class_730,6
08/01/2026,16:36,CROSS_CITY_LINE_B,Class_730,6
08/01/2026,15:58,CROSS_CITY_LINE_B,Class_730,6
08/01/2026,15:12,CROSS_CITY_LINE_B,Class_730,6
08/01/2026,14:42,CROSS_CITY_LINE_B,Class_730,6
08/01/2026,14:19,CROSS_CITY_LINE_B,Class_730,6
08/01/2026,13:51,CROSS_CITY_LINE_B,Class_730,6
08/01/2026,13:04,CROSS_CITY_LINE_B,Class_730,6
08/01/2026,09:19,REDDITCH_FOUR_OAKS,Class_730,6
08/01/2026,09:48,REDDITCH_FOUR_OAKS,Class_730,6
08/01/2026,10:23,REDDITCH_FOUR_OAKS,Class_730,6
08/01/2026,10:58,REDDITCH_FOUR_OAKS,Class_730,6
08/01/2026,07:37,FOUR_OAKS_REDDITCH,Class_730,6
08/01/2026,07:09,FOUR_OAKS_REDDITCH,Class_730,6
08/01/2026,06:50,FOUR_OAKS_REDDITCH,Class_730,6
08/01/2026,06:31,FOUR_OAKS_REDDITCH,Class_730,6
08/01/2026,05:56,FOUR_OAKS_REDDITCH,Class_730,6
08/01/2026,05:31,FOUR_OAKS_REDDITCH,Class_730,6
08/01/2026,05:04,FOUR_OAKS_REDDITCH,Class_730,6
08/01/2026,23:24,REDDITCH_FOUR_OAKS,Class_730,6
08/01/2026,23:04,REDDITCH_FOUR_OAKS,Class_730,6
08/01/2026,22:32,REDDITCH_FOUR_OAKS,Class_730,6
08/01/2026,21:59,REDDITCH_FOUR_OAKS,Class_730,6
08/01/2026,21:18,REDDITCH_FOUR_OAKS,Class_730,6
08/01/2026,20:56,REDDITCH_FOUR_OAKS,Class_730,6
08/01/2026,08:20,FOUR_OAKS_REDDITCH,Class_730,6
08/01/2026,20:16,REDDITCH_FOUR_OAKS,Class_730,6
08/01/2026,19:06,REDDITCH_FOUR_OAKS,Class_730,6
08/01/2026,18:54,REDDITCH_FOUR_OAKS,Class_730,6
08/01/2026,18:28,REDDITCH_FOUR_OAKS,Class_730,6
08/01/2026,17:58,REDDITCH_FOUR_OAKS,Class_730,6
08/01/2026,17:16,REDDITCH_FOUR_OAKS,Class_730,6
08/01/2026,16:43,REDDITCH_FOUR_OAKS,Class_730,6
08/01/2026,16:10,REDDITCH_FOUR_OAKS,Class_730,6
08/01/2026,15:52,REDDITCH_FOUR_OAKS,Class_730,6
08/01/2026,15:04,REDDITCH_FOUR_OAKS,Class_730,6
08/01/2026,14:29,REDDITCH_FOUR_OAKS,Class_730,6
08/01/2026,13:56,REDDITCH_FOUR_OAKS,Class_730,6
08/01/2026,13:33,REDDITCH_FOUR_OAKS,Class_730,6
08/01/2026,12:44,REDDITCH_FOUR_OAKS,Class_730,6
08/01/2026,19:55,REDDITCH_FOUR_OAKS,Class_730,6
08/01/2026,08:03,BIRMINGHAM_INTERNATIONAL_RUGELEY_TRENT_VALLEY,Class_730,3
08/01/2026,12:22,CROSS_CITY_LINE_B,Class_730,6
08/01/2026,08:58,BIRMINGHAM_INTERNATIONAL_RUGELEY_TRENT_VALLEY,Class_730,3
08/01/2026,05:43,WALSALL_WOLVERHAMPTON,Class_731,3
08/01/2026,05:13,WALSALL_WOLVERHAMPTON,Class_730,3
08/01/2026,23:07,WOLVERHAMPTON_WALSALL,Class_730,3
08/01/2026,22:22,WOLVERHAMPTON_WALSALL,Class_730,3
08/01/2026,22:00,WOLVERHAMPTON_WALSALL,Class_730,3
08/01/2026,21:15,WOLVERHAMPTON_WALSALL,Class_730,3
08/01/2026,20:43,WOLVERHAMPTON_WALSALL,Class_730,3
08/01/2026,20:12,WOLVERHAMPTON_WALSALL,Class_730,3
08/01/2026,19:56,WOLVERHAMPTON_WALSALL,Class_730,3
08/01/2026,19:08,WOLVERHAMPTON_WALSALL,Class_730,3
08/01/2026,18:53,WOLVERHAMPTON_WALSALL,Class_730,3
08/01/2026,18:25,WOLVERHAMPTON_WALSALL,Class_730,3
08/01/2026,17:54,WOLVERHAMPTON_WALSALL,Class_730,3
08/01/2026,17:03,WOLVERHAMPTON_WALSALL,Class_730,3
08/01/2026,16:44,WOLVERHAMPTON_WALSALL,Class_730,3
08/01/2026,16:12,WOLVERHAMPTON_WALSALL,Class_730,3
08/01/2026,15:47,WOLVERHAMPTON_WALSALL,Class_730,3
08/01/2026,14:57,WOLVERHAMPTON_WALSALL,Class_730,3
08/01/2026,14:29,WOLVERHAMPTON_WALSALL,Class_730,3
08/01/2026,13:54,WOLVERHAMPTON_WALSALL,Class_730,3
08/01/2026,13:34,WOLVERHAMPTON_WALSALL,Class_730,3
08/01/2026,12:44,WOLVERHAMPTON_WALSALL,Class_730,3
08/01/2026,12:00,WOLVERHAMPTON_WALSALL,Class_730,3
08/01/2026,10:55,WOLVERHAMPTON_WALSALL,Class_730,3
08/01/2026,10:24,WOLVERHAMPTON_WALSALL,Class_730,3
08/01/2026,09:40,WOLVERHAMPTON_WALSALL,Class_730,3
08/01/2026,09:15,WOLVERHAMPTON_WALSALL,Class_730,3
08/01/2026,06:08,WALSALL_WOLVERHAMPTON,Class_732,3
08/01/2026,06:38,WALSALL_WOLVERHAMPTON,Class_733,3
08/01/2026,06:56,WALSALL_WOLVERHAMPTON,Class_734,3
08/01/2026,07:19,WALSALL_WOLVERHAMPTON,Class_735,3
08/01/2026,23:04,WALSALL_WOLVERHAMPTON,Class_763,3
08/01/2026,22:26,WALSALL_WOLVERHAMPTON,Class_762,3
08/01/2026,22:00,WALSALL_WOLVERHAMPTON,Class_761,3
08/01/2026,21:18,WALSALL_WOLVERHAMPTON,Class_760,3
08/01/2026,20:59,WALSALL_WOLVERHAMPTON,Class_759,3
08/01/2026,20:15,WALSALL_WOLVERHAMPTON,Class_758,3
08/01/2026,19:52,WALSALL_WOLVERHAMPTON,Class_757,3
08/01/2026,19:07,WALSALL_WOLVERHAMPTON,Class_756,3
08/01/2026,18:53,WALSALL_WOLVERHAMPTON,Class_755,3
08/01/2026,18:28,WALSALL_WOLVERHAMPTON,Class_754,3
08/01/2026,17:55,WALSALL_WOLVERHAMPTON,Class_753,3
08/01/2026,16:59,WALSALL_WOLVERHAMPTON,Class_752,3
08/01/2026,16:45,WALSALL_WOLVERHAMPTON,Class_751,3
08/01/2026,08:38,WOLVERHAMPTON_WALSALL,Class_730,3
08/01/2026,16:10,WALSALL_WOLVERHAMPTON,Class_750,3
08/01/2026,14:55,WALSALL_WOLVERHAMPTON,Class_748,3
08/01/2026,14:29,WALSALL_WOLVERHAMPTON,Class_747,3
08/01/2026,13:53,WALSALL_WOLVERHAMPTON,Class_746,3
08/01/2026,13:35,WALSALL_WOLVERHAMPTON,Class_745,3
08/01/2026,12:45,WALSALL_WOLVERHAMPTON,Class_744,3
08/01/2026,12:02,WALSALL_WOLVERHAMPTON,Class_743,3
08/01/2026,10:45,WALSALL_WOLVERHAMPTON,Class_742,3
08/01/2026,10:17,WALSALL_WOLVERHAMPTON,Class_741,3
08/01/2026,09:44,WALSALL_WOLVERHAMPTON,Class_740,3
08/01/2026,09:16,WALSALL_WOLVERHAMPTON,Class_739,3
08/01/2026,08:40,WALSALL_WOLVERHAMPTON,Class_738,3
08/01/2026,08:12,WALSALL_WOLVERHAMPTON,Class_737,3
08/01/2026,07:50,WALSALL_WOLVERHAMPTON,Class_736,3
08/01/2026,15:44,WALSALL_WOLVERHAMPTON,Class_749,3
08/01/2026,08:13,WOLVERHAMPTON_WALSALL,Class_730,3
08/01/2026,07:46,WOLVERHAMPTON_WALSALL,Class_730,3
08/01/2026,07:24,WOLVERHAMPTON_WALSALL,Class_730,3
08/01/2026,09:34,NORTHAMPTON_BIRMINGHAM_NEW_STREET,Class_350,5
08/01/2026,08:28,NORTHAMPTON_BIRMINGHAM_NEW_STREET,Class_350,5
08/01/2026,07:42,NORTHAMPTON_BIRMINGHAM_NEW_STREET,Class_350,5
08/01/2026,06:56,NORTHAMPTON_BIRMINGHAM_NEW_STREET,Class_350,5
08/01/2026,06:06,NORTHAMPTON_BIRMINGHAM_NEW_STREET,Class_350,5
08/01/2026,05:09,NORTHAMPTON_BIRMINGHAM_NEW_STREET,Class_350,5
08/01/2026,21:54,BIRMINGHAM_INTERNATIONAL_RUGELEY_TRENT_VALLEY,Class_730,3
08/01/2026,21:12,BIRMINGHAM_INTERNATIONAL_RUGELEY_TRENT_VALLEY,Class_730,3
08/01/2026,20:30,BIRMINGHAM_INTERNATIONAL_RUGELEY_TRENT_VALLEY,Class_730,3
08/01/2026,20:08,BIRMINGHAM_INTERNATIONAL_RUGELEY_TRENT_VALLEY,Class_730,3
08/01/2026,19:42,BIRMINGHAM_INTERNATIONAL_RUGELEY_TRENT_VALLEY,Class_730,3
08/01/2026,19:02,BIRMINGHAM_INTERNATIONAL_RUGELEY_TRENT_VALLEY,Class_730,3
08/01/2026,18:52,BIRMINGHAM_INTERNATIONAL_RUGELEY_TRENT_VALLEY,Class_730,3
08/01/2026,10:45,NORTHAMPTON_BIRMINGHAM_NEW_STREET,Class_350,5
08/01/2026,18:20,BIRMINGHAM_INTERNATIONAL_RUGELEY_TRENT_VALLEY,Class_730,3
08/01/2026,16:51,BIRMINGHAM_INTERNATIONAL_RUGELEY_TRENT_VALLEY,Class_730,3
08/01/2026,16:41,BIRMINGHAM_INTERNATIONAL_RUGELEY_TRENT_VALLEY,Class_730,3
08/01/2026,16:01,BIRMINGHAM_INTERNATIONAL_RUGELEY_TRENT_VALLEY,Class_730,3
08/01/2026,15:16,BIRMINGHAM_INTERNATIONAL_RUGELEY_TRENT_VALLEY,Class_730,3
08/01/2026,14:45,BIRMINGHAM_INTERNATIONAL_RUGELEY_TRENT_VALLEY,Class_730,3
08/01/2026,14:14,BIRMINGHAM_INTERNATIONAL_RUGELEY_TRENT_VALLEY,Class_730,3
08/01/2026,13:39,BIRMINGHAM_INTERNATIONAL_RUGELEY_TRENT_VALLEY,Class_730,3
08/01/2026,13:32,BIRMINGHAM_INTERNATIONAL_RUGELEY_TRENT_VALLEY,Class_730,3
08/01/2026,12:31,BIRMINGHAM_INTERNATIONAL_RUGELEY_TRENT_VALLEY,Class_730,3
08/01/2026,11:33,BIRMINGHAM_INTERNATIONAL_RUGELEY_TRENT_VALLEY,Class_730,3
08/01/2026,10:45,BIRMINGHAM_INTERNATIONAL_RUGELEY_TRENT_VALLEY,Class_730,3
08/01/2026,10:04,BIRMINGHAM_INTERNATIONAL_RUGELEY_TRENT_VALLEY,Class_730,3
08/01/2026,09:38,BIRMINGHAM_INTERNATIONAL_RUGELEY_TRENT_VALLEY,Class_730,3
08/01/2026,17:46,BIRMINGHAM_INTERNATIONAL_RUGELEY_TRENT_VALLEY,Class_730,3
08/01/2026,08:30,BIRMINGHAM_INTERNATIONAL_RUGELEY_TRENT_VALLEY,Class_730,3
08/01/2026,12:33,NORTHAMPTON_BIRMINGHAM_NEW_STREET,Class_350,5
08/01/2026,14:44,NORTHAMPTON_BIRMINGHAM_NEW_STREET,Class_350,5
08/01/2026,07:02,WOLVERHAMPTON_WALSALL,Class_730,3
08/01/2026,06:38,WOLVERHAMPTON_WALSALL,Class_730,3
08/01/2026,06:12,WOLVERHAMPTON_WALSALL,Class_730,3
08/01/2026,05:47,WOLVERHAMPTON_WALSALL,Class_730,3
08/01/2026,05:10,WOLVERHAMPTON_WALSALL,Class_730,3
08/01/2026,23:09,BIRMINGHAM_NEW_STREET_NORTHAMPTON,Class_350,8
08/01/2026,22:03,BIRMINGHAM_NEW_STREET_NORTHAMPTON,Class_350,8
08/01/2026,21:01,BIRMINGHAM_NEW_STREET_NORTHAMPTON,Class_350,8
08/01/2026,20:00,BIRMINGHAM_NEW_STREET_NORTHAMPTON,Class_350,8
08/01/2026,18:54,BIRMINGHAM_NEW_STREET_NORTHAMPTON,Class_350,8
08/01/2026,18:01,BIRMINGHAM_NEW_STREET_NORTHAMPTON,Class_350,8
08/01/2026,16:46,BIRMINGHAM_NEW_STREET_NORTHAMPTON,Class_350,8
08/01/2026,15:52,BIRMINGHAM_NEW_STREET_NORTHAMPTON,Class_350,8
08/01/2026,13:49,NORTHAMPTON_BIRMINGHAM_NEW_STREET,Class_350,5
08/01/2026,14:30,BIRMINGHAM_NEW_STREET_NORTHAMPTON,Class_350,8
08/01/2026,12:03,BIRMINGHAM_NEW_STREET_NORTHAMPTON,Class_350,8
08/01/2026,10:26,BIRMINGHAM_NEW_STREET_NORTHAMPTON,Class_350,8
08/01/2026,09:21,BIRMINGHAM_NEW_STREET_NORTHAMPTON,Class_350,8
08/01/2026,08:14,BIRMINGHAM_NEW_STREET_NORTHAMPTON,Class_350,8
08/01/2026,07:33,BIRMINGHAM_NEW_STREET_NORTHAMPTON,Class_350,8
08/01/2026,06:41,BIRMINGHAM_NEW_STREET_NORTHAMPTON,Class_350,8
08/01/2026,22:21,NORTHAMPTON_BIRMINGHAM_NEW_STREET,Class_350,5
08/01/2026,21:11,NORTHAMPTON_BIRMINGHAM_NEW_STREET,Class_350,5
08/01/2026,20:12,NORTHAMPTON_BIRMINGHAM_NEW_STREET,Class_350,5
08/01/2026,19:01,NORTHAMPTON_BIRMINGHAM_NEW_STREET,Class_350,5
08/01/2026,18:20,NORTHAMPTON_BIRMINGHAM_NEW_STREET,Class_350,5
08/01/2026,16:58,NORTHAMPTON_BIRMINGHAM_NEW_STREET,Class_350,5
08/01/2026,15:59,NORTHAMPTON_BIRMINGHAM_NEW_STREET,Class_350,5
08/01/2026,13:35,BIRMINGHAM_NEW_STREET_NORTHAMPTON,Class_350,8
08/01/2026,11:19,CROSS_CITY_LINE_B,Class_730,6
08/01/2026,07:44,BIRMINGHAM_INTERNATIONAL_RUGELEY_TRENT_VALLEY,Class_730,3
08/01/2026,10:12,CROSS_CITY_LINE_B,Class_730,6
08/01/2026,19:19,DORRIDGE_BIRMINGHAM_MOOR_STREET,Class_168,6
08/01/2026,18:59,DORRIDGE_BIRMINGHAM_MOOR_STREET,Class_168,6
08/01/2026,18:45,DORRIDGE_BIRMINGHAM_MOOR_STREET,Class_168,6
08/01/2026,18:07,DORRIDGE_BIRMINGHAM_MOOR_STREET,Class_168,6
08/01/2026,17:37,DORRIDGE_BIRMINGHAM_MOOR_STREET,Class_168,6
08/01/2026,16:50,DORRIDGE_BIRMINGHAM_MOOR_STREET,Class_168,6
08/01/2026,16:29,DORRIDGE_BIRMINGHAM_MOOR_STREET,Class_168,6
08/01/2026,15:58,DORRIDGE_BIRMINGHAM_MOOR_STREET,Class_168,6
08/01/2026,15:17,DORRIDGE_BIRMINGHAM_MOOR_STREET,Class_168,6
08/01/2026,14:40,DORRIDGE_BIRMINGHAM_MOOR_STREET,Class_168,6
08/01/2026,14:18,DORRIDGE_BIRMINGHAM_MOOR_STREET,Class_168,6
08/01/2026,13:42,DORRIDGE_BIRMINGHAM_MOOR_STREET,Class_168,6
08/01/2026,13:10,DORRIDGE_BIRMINGHAM_MOOR_STREET,Class_168,6
08/01/2026,12:18,DORRIDGE_BIRMINGHAM_MOOR_STREET,Class_168,6
08/01/2026,11:08,DORRIDGE_BIRMINGHAM_MOOR_STREET,Class_168,6
08/01/2026,10:31,DORRIDGE_BIRMINGHAM_MOOR_STREET,Class_168,6
08/01/2026,10:00,DORRIDGE_BIRMINGHAM_MOOR_STREET,Class_168,6
08/01/2026,09:22,DORRIDGE_BIRMINGHAM_MOOR_STREET,Class_168,6
08/01/2026,08:55,DORRIDGE_BIRMINGHAM_MOOR_STREET,Class_168,6
08/01/2026,08:22,DORRIDGE_BIRMINGHAM_MOOR_STREET,Class_168,6
08/01/2026,07:54,DORRIDGE_BIRMINGHAM_MOOR_STREET,Class_168,6
08/01/2026,07:36,DORRIDGE_BIRMINGHAM_MOOR_STREET,Class_168,6
08/01/2026,07:07,DORRIDGE_BIRMINGHAM_MOOR_STREET,Class_168,6
08/01/2026,06:46,DORRIDGE_BIRMINGHAM_MOOR_STREET,Class_168,6
08/01/2026,06:31,DORRIDGE_BIRMINGHAM_MOOR_STREET,Class_168,6
08/01/2026,05:53,DORRIDGE_BIRMINGHAM_MOOR_STREET,Class_168,6
08/01/2026,23:33,BIRMINGHAM_MOOR_STREET_DORRIDGE,Class_168,6
08/01/2026,20:11,DORRIDGE_BIRMINGHAM_MOOR_STREET,Class_168,6
08/01/2026,20:21,DORRIDGE_BIRMINGHAM_MOOR_STREET,Class_168,6
08/01/2026,21:03,DORRIDGE_BIRMINGHAM_MOOR_STREET,Class_168,6
08/01/2026,21:45,DORRIDGE_BIRMINGHAM_MOOR_STREET,Class_168,6
08/01/2026,17:40,DORRIDGE_BIRMINGHAM_SNOW_HILL,Class_168,6
08/01/2026,16:30,DORRIDGE_BIRMINGHAM_SNOW_HILL,Class_168,6
08/01/2026,15:26,DORRIDGE_BIRMINGHAM_SNOW_HILL,Class_168,6
08/01/2026,14:20,DORRIDGE_BIRMINGHAM_SNOW_HILL,Class_168,6
08/01/2026,13:26,DORRIDGE_BIRMINGHAM_SNOW_HILL,Class_168,6
08/01/2026,11:34,DORRIDGE_BIRMINGHAM_SNOW_HILL,Class_168,6
08/01/2026,10:08,DORRIDGE_BIRMINGHAM_SNOW_HILL,Class_168,6
08/01/2026,09:03,DORRIDGE_BIRMINGHAM_SNOW_HILL,Class_168,6
08/01/2026,07:57,DORRIDGE_BIRMINGHAM_SNOW_HILL,Class_168,6
08/01/2026,23:31,BIRMINGHAM_SNOW_HILL_DORRIDGE,Class_168,6
08/01/2026,22:44,BIRMINGHAM_SNOW_HILL_DORRIDGE,Class_168,6
08/01/2026,21:37,BIRMINGHAM_SNOW_HILL_DORRIDGE,Class_168,6
08/01/2026,20:20,BIRMINGHAM_SNOW_HILL_DORRIDGE,Class_168,6
08/01/2026,23:19,BIRMINGHAM_MOOR_STREET_DORRIDGE,Class_168,6
08/01/2026,19:10,BIRMINGHAM_SNOW_HILL_DORRIDGE,Class_168,6
08/01/2026,17:35,BIRMINGHAM_SNOW_HILL_DORRIDGE,Class_168,6
08/01/2026,16:28,BIRMINGHAM_SNOW_HILL_DORRIDGE,Class_168,6
08/01/2026,15:11,BIRMINGHAM_SNOW_HILL_DORRIDGE,Class_168,6
08/01/2026,14:08,BIRMINGHAM_SNOW_HILL_DORRIDGE,Class_168,6
08/01/2026,12:52,BIRMINGHAM_SNOW_HILL_DORRIDGE,Class_168,6
08/01/2026,11:02,BIRMINGHAM_SNOW_HILL_DORRIDGE,Class_168,6
08/01/2026,09:52,BIRMINGHAM_SNOW_HILL_DORRIDGE,Class_168,6
08/01/2026,08:53,BIRMINGHAM_SNOW_HILL_DORRIDGE,Class_168,6
08/01/2026,07:51,BIRMINGHAM_SNOW_HILL_DORRIDGE,Class_168,6
08/01/2026,23:32,DORRIDGE_BIRMINGHAM_MOOR_STREET,Class_168,6
08/01/2026,23:21,DORRIDGE_BIRMINGHAM_MOOR_STREET,Class_168,6
08/01/2026,22:44,DORRIDGE_BIRMINGHAM_MOOR_STREET,Class_168,6
08/01/2026,22:21,DORRIDGE_BIRMINGHAM_MOOR_STREET,Class_168,6
08/01/2026,18:30,BIRMINGHAM_SNOW_HILL_DORRIDGE,Class_168,6
08/01/2026,22:44,BIRMINGHAM_MOOR_STREET_DORRIDGE,Class_168,6
08/01/2026,22:08,BIRMINGHAM_MOOR_STREET_DORRIDGE,Class_168,6
08/01/2026,21:47,BIRMINGHAM_MOOR_STREET_DORRIDGE,Class_168,6
08/01/2026,22:37,WOLVERHAMPTON_BIRMINGHAM_INTERNATIONAL,Class_158,2
08/01/2026,21:29,WOLVERHAMPTON_BIRMINGHAM_INTERNATIONAL,Class_158,2
08/01/2026,20:17,WOLVERHAMPTON_BIRMINGHAM_INTERNATIONAL,Class_158,2
08/01/2026,19:14,WOLVERHAMPTON_BIRMINGHAM_INTERNATIONAL,Class_158,2
08/01/2026,18:34,WOLVERHAMPTON_BIRMINGHAM_INTERNATIONAL,Class_158,2
08/01/2026,17:31,WOLVERHAMPTON_BIRMINGHAM_INTERNATIONAL,Class_158,2
08/01/2026,16:22,WOLVERHAMPTON_BIRMINGHAM_INTERNATIONAL,Class_158,2
08/01/2026,15:10,WOLVERHAMPTON_BIRMINGHAM_INTERNATIONAL,Class_158,2
08/01/2026,13:59,WOLVERHAMPTON_BIRMINGHAM_INTERNATIONAL,Class_158,2
08/01/2026,12:57,WOLVERHAMPTON_BIRMINGHAM_INTERNATIONAL,Class_158,2
08/01/2026,11:01,WOLVERHAMPTON_BIRMINGHAM_INTERNATIONAL,Class_158,2
08/01/2026,09:54,WOLVERHAMPTON_BIRMINGHAM_INTERNATIONAL,Class_158,2
08/01/2026,08:48,WOLVERHAMPTON_BIRMINGHAM_INTERNATIONAL,Class_158,2
08/01/2026,04:59,BIRMINGHAM_MOOR_STREET_DORRIDGE,Class_168,6
08/01/2026,07:07,WOLVERHAMPTON_BIRMINGHAM_INTERNATIONAL,Class_158,2
08/01/2026,05:10,WOLVERHAMPTON_BIRMINGHAM_INTERNATIONAL,Class_158,2
08/01/2026,19:12,BIRMINGHAM_INTERNATIONA_WOLVERHAMPTON,Class_158,2
08/01/2026,18:28,BIRMINGHAM_INTERNATIONA_WOLVERHAMPTON,Class_158,2
08/01/2026,17:23,BIRMINGHAM_INTERNATIONA_WOLVERHAMPTON,Class_158,2
08/01/2026,16:18,BIRMINGHAM_INTERNATIONA_WOLVERHAMPTON,Class_158,2
08/01/2026,15:05,BIRMINGHAM_INTERNATIONA_WOLVERHAMPTON,Class_158,2
08/01/2026,13:59,BIRMINGHAM_INTERNATIONA_WOLVERHAMPTON,Class_158,2
08/01/2026,12:52,BIRMINGHAM_INTERNATIONA_WOLVERHAMPTON,Class_158,2
08/01/2026,11:07,BIRMINGHAM_INTERNATIONA_WOLVERHAMPTON,Class_158,2
08/01/2026,09:49,BIRMINGHAM_INTERNATIONA_WOLVERHAMPTON,Class_158,2
08/01/2026,08:47,BIRMINGHAM_INTERNATIONA_WOLVERHAMPTON,Class_158,2
08/01/2026,07:51,BIRMINGHAM_INTERNATIONA_WOLVERHAMPTON,Class_158,2
08/01/2026,07:06,BIRMINGHAM_INTERNATIONA_WOLVERHAMPTON,Class_158,2
08/01/2026,06:19,WOLVERHAMPTON_BIRMINGHAM_INTERNATIONAL,Class_158,2
08/01/2026,18:48,DORRIDGE_BIRMINGHAM_SNOW_HILL,Class_168,6
08/01/2026,05:01,BIRMINGHAM_MOOR_STREET_DORRIDGE,Class_168,6
08/01/2026,05:51,BIRMINGHAM_MOOR_STREET_DORRIDGE,Class_168,6
08/01/2026,21:08,BIRMINGHAM_MOOR_STREET_DORRIDGE,Class_168,6
08/01/2026,20:26,BIRMINGHAM_MOOR_STREET_DORRIDGE,Class_168,6
08/01/2026,20:00,BIRMINGHAM_MOOR_STREET_DORRIDGE,Class_168,6
08/01/2026,19:32,BIRMINGHAM_MOOR_STREET_DORRIDGE,Class_168,6
08/01/2026,19:01,BIRMINGHAM_MOOR_STREET_DORRIDGE,Class_168,6
08/01/2026,18:40,BIRMINGHAM_MOOR_STREET_DORRIDGE,Class_168,6
08/01/2026,18:10,BIRMINGHAM_MOOR_STREET_DORRIDGE,Class_168,6
08/01/2026,17:40,BIRMINGHAM_MOOR_STREET_DORRIDGE,Class_168,6
08/01/2026,16:51,BIRMINGHAM_MOOR_STREET_DORRIDGE,Class_168,6
08/01/2026,16:29,BIRMINGHAM_MOOR_STREET_DORRIDGE,Class_168,6
08/01/2026,15:58,BIRMINGHAM_MOOR_STREET_DORRIDGE,Class_168,6
08/01/2026,15:21,BIRMINGHAM_MOOR_STREET_DORRIDGE,Class_168,6
08/01/2026,14:41,BIRMINGHAM_MOOR_STREET_DORRIDGE,Class_168,6
08/01/2026,05:31,BIRMINGHAM_MOOR_STREET_DORRIDGE,Class_168,6
08/01/2026,14:09,BIRMINGHAM_MOOR_STREET_DORRIDGE,Class_168,6
08/01/2026,13:03,BIRMINGHAM_MOOR_STREET_DORRIDGE,Class_168,6
08/01/2026,12:19,BIRMINGHAM_MOOR_STREET_DORRIDGE,Class_168,6
08/01/2026,11:30,BIRMINGHAM_MOOR_STREET_DORRIDGE,Class_168,6
08/01/2026,10:28,BIRMINGHAM_MOOR_STREET_DORRIDGE,Class_168,6
08/01/2026,09:57,BIRMINGHAM_MOOR_STREET_DORRIDGE,Class_168,6
08/01/2026,09:33,BIRMINGHAM_MOOR_STREET_DORRIDGE,Class_168,6
08/01/2026,08:53,BIRMINGHAM_MOOR_STREET_DORRIDGE,Class_168,6
08/01/2026,08:20,BIRMINGHAM_MOOR_STREET_DORRIDGE,Class_168,6
08/01/2026,07:52,BIRMINGHAM_MOOR_STREET_DORRIDGE,Class_168,6
08/01/2026,07:42,BIRMINGHAM_MOOR_STREET_DORRIDGE,Class_168,6
08/01/2026,07:08,BIRMINGHAM_MOOR_STREET_DORRIDGE,Class_168,6
08/01/2026,06:44,BIRMINGHAM_MOOR_STREET_DORRIDGE,Class_168,6
08/01/2026,06:30,BIRMINGHAM_MOOR_STREET_DORRIDGE,Class_168,6
08/01/2026,13:43,BIRMINGHAM_MOOR_STREET_DORRIDGE,Class_168,6
08/01/2026,19:37,DORRIDGE_BIRMINGHAM_SNOW_HILL,Class_168,6
08/01/2026,06:16,BIRMINGHAM_INTERNATIONA_WOLVERHAMPTON,Class_158,2
08/01/2026,20:29,DORRIDGE_BIRMINGHAM_SNOW_HILL,Class_168,6
08/01/2026,11:08,CROSS_CITY_LINE_A,Class_730,6
08/01/2026,10:25,CROSS_CITY_LINE_A,Class_730,6
08/01/2026,09:49,CROSS_CITY_LINE_A,Class_730,6
08/01/2026,09:21,CROSS_CITY_LINE_A,Class_730,6
08/01/2026,08:52,CROSS_CITY_LINE_A,Class_730,6
08/01/2026,08:19,CROSS_CITY_LINE_A,Class_730,6
08/01/2026,07:51,CROSS_CITY_LINE_A,Class_730,6
08/01/2026,07:34,CROSS_CITY_LINE_A,Class_730,6
08/01/2026,07:06,CROSS_CITY_LINE_A,Class_730,6
08/01/2026,06:40,CROSS_CITY_LINE_A,Class_730,6
08/01/2026,06:18,CROSS_CITY_LINE_A,Class_730,6
08/01/2026,05:49,CROSS_CITY_LINE_A,Class_730,6
08/01/2026,05:27,CROSS_CITY_LINE_A,Class_730,6
08/01/2026,21:51,COVENTRY_STAFFORD,Class_390,11
08/01/2026,20:36,COVENTRY_STAFFORD,Class_390,11
08/01/2026,19:46,COVENTRY_STAFFORD,Class_390,11
08/01/2026,18:53,COVENTRY_STAFFORD,Class_390,11
08/01/2026,17:46,COVENTRY_STAFFORD,Class_390,11
08/01/2026,16:33,COVENTRY_STAFFORD,Class_390,11
08/01/2026,15:22,COVENTRY_STAFFORD,Class_390,11
08/01/2026,14:21,COVENTRY_STAFFORD,Class_390,11
08/01/2026,13:20,COVENTRY_STAFFORD,Class_390,11
08/01/2026,11:47,COVENTRY_STAFFORD,Class_390,11
08/01/2026,10:14,COVENTRY_STAFFORD,Class_390,11
08/01/2026,09:03,COVENTRY_STAFFORD,Class_390,11
08/01/2026,08:05,COVENTRY_STAFFORD,Class_390,11
08/01/2026,07:11,COVENTRY_STAFFORD,Class_390,11
08/01/2026,12:55,CROSS_CITY_LINE_A,Class_730,6
08/01/2026,13:36,CROSS_CITY_LINE_A,Class_730,6
08/01/2026,14:05,CROSS_CITY_LINE_A,Class_730,6
08/01/2026,14:33,CROSS_CITY_LINE_A,Class_730,6
08/01/2026,10:40,CROSS_CITY_LINE_B,Class_730,6
08/01/2026,09:37,CROSS_CITY_LINE_B,Class_730,6
08/01/2026,09:00,CROSS_CITY_LINE_B,Class_730,6
08/01/2026,08:27,CROSS_CITY_LINE_B,Class_730,6
08/01/2026,07:58,CROSS_CITY_LINE_B,Class_730,6
08/01/2026,07:39,CROSS_CITY_LINE_B,Class_730,6
08/01/2026,07:13,CROSS_CITY_LINE_B,Class_730,6
08/01/2026,06:52,CROSS_CITY_LINE_B,Class_730,6
08/01/2026,06:32,CROSS_CITY_LINE_B,Class_730,6
08/01/2026,06:02,CROSS_CITY_LINE_B,Class_730,6
08/01/2026,05:39,CROSS_CITY_LINE_B,Class_730,6
08/01/2026,23:27,CROSS_CITY_LINE_A,Class_730,6
08/01/2026,23:17,CROSS_CITY_LINE_A,Class_730,6
08/01/2026,06:35,COVENTRY_STAFFORD,Class_390,11
08/01/2026,22:37,CROSS_CITY_LINE_A,Class_730,6
08/01/2026,21:23,CROSS_CITY_LINE_A,Class_730,6
08/01/2026,21:03,CROSS_CITY_LINE_A,Class_730,6
08/01/2026,20:16,CROSS_CITY_LINE_A,Class_730,6
08/01/2026,19:57,CROSS_CITY_LINE_A,Class_730,6
08/01/2026,19:12,CROSS_CITY_LINE_A,Class_730,6
08/01/2026,18:55,CROSS_CITY_LINE_A,Class_730,6
08/01/2026,18:28,CROSS_CITY_LINE_A,Class_730,6
08/01/2026,18:05,CROSS_CITY_LINE_A,Class_730,6
08/01/2026,17:20,CROSS_CITY_LINE_A,Class_730,6
08/01/2026,16:45,CROSS_CITY_LINE_A,Class_730,6
08/01/2026,16:20,CROSS_CITY_LINE_A,Class_730,6
08/01/2026,15:54,CROSS_CITY_LINE_A,Class_730,6
08/01/2026,15:07,CROSS_CITY_LINE_A,Class_730,6
08/01/2026,22:07,CROSS_CITY_LINE_A,Class_730,6
08/01/2026,23:00,STAFFORD_COVENTRY,Class_390,11
08/01/2026,12:03,CROSS_CITY_LINE_A,Class_730,6
08/01/2026,20:30,STAFFORD_COVENTRY,Class_390,11
08/01/2026,07:53,RUGBY_BIRMINGHAM_NEW_STREET,Class_390,7
08/01/2026,07:17,RUGBY_BIRMINGHAM_NEW_STREET,Class_390,7
08/01/2026,19:36,BIRMINGHAM_NEW_STREET_RUGBY,Class_390,7
08/01/2026,18:53,BIRMINGHAM_NEW_STREET_RUGBY,Class_390,7
08/01/2026,17:52,BIRMINGHAM_NEW_STREET_RUGBY,Class_390,7
08/01/2026,16:35,BIRMINGHAM_NEW_STREET_RUGBY,Class_390,7
08/01/2026,15:35,BIRMINGHAM_NEW_STREET_RUGBY,Class_390,7
08/01/2026,14:18,BIRMINGHAM_NEW_STREET_RUGBY,Class_390,7
08/01/2026,13:30,BIRMINGHAM_NEW_STREET_RUGBY,Class_390,7
08/01/2026,11:45,BIRMINGHAM_NEW_STREET_RUGBY,Class_390,7
08/01/2026,10:05,BIRMINGHAM_NEW_STREET_RUGBY,Class_390,7
08/01/2026,09:10,BIRMINGHAM_NEW_STREET_RUGBY,Class_390,7
08/01/2026,07:14,BIRMINGHAM_NEW_STREET_RUGBY,Class_390,7
08/01/2026,08:41,RUGBY_BIRMINGHAM_NEW_STREET,Class_390,7
08/01/2026,06:33,BIRMINGHAM_NEW_STREET_RUGBY,Class_390,7
08/01/2026,20:20,RUGBY_WOLVERHAMPTON,Class_390,11
08/01/2026,19:33,RUGBY_WOLVERHAMPTON,Class_390,11
08/01/2026,05:55,WOLVERHAMPTON_COVENTRY,Class_390,11
08/01/2026,05:27,WOLVERHAMPTON_COVENTRY,Class_390,11
08/01/2026,05:02,WOLVERHAMPTON_COVENTRY,Class_390,11
08/01/2026,04:59,WOLVERHAMPTON_COVENTRY,Class_390,11
08/01/2026,23:21,DORRIDGE_STOURBRIDGE_JUNCTION,Class_168,6
08/01/2026,20:33,DORRIDGE_STOURBRIDGE_JUNCTION,Class_168,6
08/01/2026,18:48,DORRIDGE_STOURBRIDGE_JUNCTION,Class_168,6
08/01/2026,05:31,STOURBRIDGE_JUNCTION_DORRIDGE,Class_168,6
08/01/2026,23:34,DORRIDGE_BIRMINGHAM_SNOW_HILL,Class_168,6
08/01/2026,22:52,DORRIDGE_BIRMINGHAM_SNOW_HILL,Class_168,6
08/01/2026,21:59,STAFFORD_COVENTRY,Class_390,11
08/01/2026,23:00,RUGBY_WOLVERHAMPTON,Class_390,11
08/01/2026,08:54,RUGBY_BIRMINGHAM_NEW_STREET,Class_390,7
08/01/2026,07:57,BIRMINGHAM_NEW_STREET_RUGBY,Class_390,7
08/01/2026,21:49,DORRIDGE_BIRMINGHAM_SNOW_HILL,Class_168,6
08/01/2026,09:39,RUGBY_BIRMINGHAM_NEW_STREET,Class_390,7
08/01/2026,18:49,STAFFORD_COVENTRY,Class_390,11
08/01/2026,17:53,STAFFORD_COVENTRY,Class_390,11
08/01/2026,16:41,STAFFORD_COVENTRY,Class_390,11
08/01/2026,15:29,STAFFORD_COVENTRY,Class_390,11
08/01/2026,14:22,STAFFORD_COVENTRY,Class_390,11
08/01/2026,13:32,STAFFORD_COVENTRY,Class_390,11
08/01/2026,11:55,STAFFORD_COVENTRY,Class_390,11
08/01/2026,10:10,STAFFORD_COVENTRY,Class_390,11
08/01/2026,09:10,STAFFORD_COVENTRY,Class_390,11
08/01/2026,08:05,STAFFORD_COVENTRY,Class_390,11
08/01/2026,07:18,STAFFORD_COVENTRY,Class_390,11
08/01/2026,06:35,STAFFORD_COVENTRY,Class_390,11
08/01/2026,18:46,RUGBY_BIRMINGHAM_NEW_STREET,Class_390,7
08/01/2026,19:46,STAFFORD_COVENTRY,Class_390,11
08/01/2026,17:41,RUGBY_BIRMINGHAM_NEW_STREET,Class_390,7
08/01/2026,18:24,RUGBY_BIRMINGHAM_NEW_STREET,Class_390,7
08/01/2026,10:47,RUGBY_BIRMINGHAM_NEW_STREET,Class_390,7
08/01/2026,11:11,RUGBY_BIRMINGHAM_NEW_STREET,Class_390,7
08/01/2026,12:41,RUGBY_BIRMINGHAM_NEW_STREET,Class_390,7
08/01/2026,13:22,RUGBY_BIRMINGHAM_NEW_STREET,Class_390,7
08/01/2026,13:52,RUGBY_BIRMINGHAM_NEW_STREET,Class_390,7
08/01/2026,10:11,RUGBY_BIRMINGHAM_NEW_STREET,Class_390,7
08/01/2026,14:54,RUGBY_BIRMINGHAM_NEW_STREET,Class_390,7
08/01/2026,15:24,RUGBY_BIRMINGHAM_NEW_STREET,Class_390,7
08/01/2026,16:03,RUGBY_BIRMINGHAM_NEW_STREET,Class_390,7
08/01/2026,16:32,RUGBY_BIRMINGHAM_NEW_STREET,Class_390,7
08/01/2026,16:59,RUGBY_BIRMINGHAM_NEW_STREET,Class_390,7
08/01/2026,14:12,RUGBY_BIRMINGHAM_NEW_STREET,Class_390,7
09/01/2026,19:38,FOUR_OAKS_REDDITCH,Class_730,6
09/01/2026,20:14,FOUR_OAKS_REDDITCH,Class_730,6
09/01/2026,20:49,FOUR_OAKS_REDDITCH,Class_730,6
09/01/2026,06:39,RUGELEY_TRENT_VALLEY_BIRMINGHAM_INTERNATIONAL,Class_730,3
09/01/2026,21:24,FOUR_OAKS_REDDITCH,Class_730,6
09/01/2026,23:05,FOUR_OAKS_REDDITCH,Class_730,6
09/01/2026,22:30,FOUR_OAKS_REDDITCH,Class_730,6
09/01/2026,23:25,FOUR_OAKS_REDDITCH,Class_730,6
09/01/2026,05:25,RUGELEY_TRENT_VALLEY_BIRMINGHAM_INTERNATIONAL,Class_730,3
09/01/2026,06:02,RUGELEY_TRENT_VALLEY_BIRMINGHAM_INTERNATIONAL,Class_730,3
09/01/2026,19:11,FOUR_OAKS_REDDITCH,Class_730,6
09/01/2026,21:57,FOUR_OAKS_REDDITCH,Class_730,6
09/01/2026,18:30,FOUR_OAKS_REDDITCH,Class_730,6
09/01/2026,14:50,FOUR_OAKS_REDDITCH,Class_730,6
09/01/2026,17:23,FOUR_OAKS_REDDITCH,Class_730,6
09/01/2026,16:40,FOUR_OAKS_REDDITCH,Class_730,6
09/01/2026,16:03,FOUR_OAKS_REDDITCH,Class_730,6
09/01/2026,15:39,FOUR_OAKS_REDDITCH,Class_730,6
09/01/2026,15:14,FOUR_OAKS_REDDITCH,Class_730,6
09/01/2026,14:24,FOUR_OAKS_REDDITCH,Class_730,6
09/01/2026,13:50,FOUR_OAKS_REDDITCH,Class_730,6
09/01/2026,13:03,FOUR_OAKS_REDDITCH,Class_730,6
09/01/2026,12:35,FOUR_OAKS_REDDITCH,Class_730,6
09/01/2026,12:07,FOUR_OAKS_REDDITCH,Class_730,6
09/01/2026,11:20,FOUR_OAKS_REDDITCH,Class_730,6
09/01/2026,10:47,FOUR_OAKS_REDDITCH,Class_730,6
09/01/2026,07:06,RUGELEY_TRENT_VALLEY_BIRMINGHAM_INTERNATIONAL,Class_730,3
09/01/2026,18:07,FOUR_OAKS_REDDITCH,Class_730,6
09/01/2026,07:44,RUGELEY_TRENT_VALLEY_BIRMINGHAM_INTERNATIONAL,Class_730,3
09/01/2026,07:45,BIRMINGHAM_INTERNATIONAL_RUGELEY_TRENT_VALLEY,Class_730,3
09/01/2026,09:00,RUGELEY_TRENT_VALLEY_BIRMINGHAM_INTERNATIONAL,Class_730,3
09/01/2026,10:16,FOUR_OAKS_REDDITCH,Class_730,6
09/01/2026,07:08,BIRMINGHAM_INTERNATIONAL_RUGELEY_TRENT_VALLEY,Class_730,3
09/01/2026,06:34,BIRMINGHAM_INTERNATIONAL_RUGELEY_TRENT_VALLEY,Class_730,3
09/01/2026,06:08,BIRMINGHAM_INTERNATIONAL_RUGELEY_TRENT_VALLEY,Class_730,3
09/01/2026,22:09,RUGELEY_TRENT_VALLEY_BIRMINGHAM_INTERNATIONAL,Class_730,3
09/01/2026,21:39,RUGELEY_TRENT_VALLEY_BIRMINGHAM_INTERNATIONAL,Class_730,3
09/01/2026,20:56,RUGELEY_TRENT_VALLEY_BIRMINGHAM_INTERNATIONAL,Class_730,3
09/01/2026,20:20,RUGELEY_TRENT_VALLEY_BIRMINGHAM_INTERNATIONAL,Class_730,3
09/01/2026,19:48,RUGELEY_TRENT_VALLEY_BIRMINGHAM_INTERNATIONAL,Class_730,3
09/01/2026,19:13,RUGELEY_TRENT_VALLEY_BIRMINGHAM_INTERNATIONAL,Class_730,3
09/01/2026,18:31,RUGELEY_TRENT_VALLEY_BIRMINGHAM_INTERNATIONAL,Class_730,3
09/01/2026,18:09,RUGELEY_TRENT_VALLEY_BIRMINGHAM_INTERNATIONAL,Class_730,3
09/01/2026,17:31,RUGELEY_TRENT_VALLEY_BIRMINGHAM_INTERNATIONAL,Class_730,3
09/01/2026,08:20,RUGELEY_TRENT_VALLEY_BIRMINGHAM_INTERNATIONAL,Class_730,3
09/01/2026,16:41,RUGELEY_TRENT_VALLEY_BIRMINGHAM_INTERNATIONAL,Class_730,3
09/01/2026,15:32,RUGELEY_TRENT_VALLEY_BIRMINGHAM_INTERNATIONAL,Class_730,3
09/01/2026,15:20,RUGELEY_TRENT_VALLEY_BIRMINGHAM_INTERNATIONAL,Class_730,3
09/01/2026,14:54,RUGELEY_TRENT_VALLEY_BIRMINGHAM_INTERNATIONAL,Class_730,3
09/01/2026,14:24,RUGELEY_TRENT_VALLEY_BIRMINGHAM_INTERNATIONAL,Class_730,3
09/01/2026,14:07,RUGELEY_TRENT_VALLEY_BIRMINGHAM_INTERNATIONAL,Class_730,3
09/01/2026,13:09,RUGELEY_TRENT_VALLEY_BIRMINGHAM_INTERNATIONAL,Class_730,3
09/01/2026,12:37,RUGELEY_TRENT_VALLEY_BIRMINGHAM_INTERNATIONAL,Class_730,3
09/01/2026,12:15,RUGELEY_TRENT_VALLEY_BIRMINGHAM_INTERNATIONAL,Class_730,3
09/01/2026,11:39,RUGELEY_TRENT_VALLEY_BIRMINGHAM_INTERNATIONAL,Class_730,3
09/01/2026,10:57,RUGELEY_TRENT_VALLEY_BIRMINGHAM_INTERNATIONAL,Class_730,3
09/01/2026,10:26,RUGELEY_TRENT_VALLEY_BIRMINGHAM_INTERNATIONAL,Class_730,3
09/01/2026,09:45,RUGELEY_TRENT_VALLEY_BIRMINGHAM_INTERNATIONAL,Class_730,3
09/01/2026,09:19,RUGELEY_TRENT_VALLEY_BIRMINGHAM_INTERNATIONAL,Class_730,3
09/01/2026,16:14,RUGELEY_TRENT_VALLEY_BIRMINGHAM_INTERNATIONAL,Class_730,3
09/01/2026,09:42,FOUR_OAKS_REDDITCH,Class_730,6
09/01/2026,13:19,CROSS_CITY_LINE_B,Class_730,6
09/01/2026,08:47,FOUR_OAKS_REDDITCH,Class_730,6
09/01/2026,09:57,REDDITCH_FOUR_OAKS,Class_730,6
09/01/2026,09:27,REDDITCH_FOUR_OAKS,Class_730,6
09/01/2026,09:07,REDDITCH_FOUR_OAKS,Class_730,6
09/01/2026,08:33,REDDITCH_FOUR_OAKS,Class_730,6
09/01/2026,08:08,REDDITCH_FOUR_OAKS,Class_730,6
09/01/2026,07:18,REDDITCH_FOUR_OAKS,Class_730,6
09/01/2026,06:51,REDDITCH_FOUR_OAKS,Class_730,6
09/01/2026,06:11,REDDITCH_FOUR_OAKS,Class_730,6
09/01/2026,05:40,REDDITCH_FOUR_OAKS,Class_730,6
09/01/2026,05:12,REDDITCH_FOUR_OAKS,Class_730,6
09/01/2026,22:30,CROSS_CITY_LINE_B,Class_730,6
09/01/2026,22:01,CROSS_CITY_LINE_B,Class_730,6
09/01/2026,21:31,CROSS_CITY_LINE_B,Class_730,6
09/01/2026,10:35,REDDITCH_FOUR_OAKS,Class_730,6
09/01/2026,20:46,CROSS_CITY_LINE_B,Class_730,6
09/01/2026,19:43,CROSS_CITY_LINE_B,Class_730,6
09/01/2026,19:18,CROSS_CITY_LINE_B,Class_730,6
09/01/2026,18:36,CROSS_CITY_LINE_B,Class_730,6
09/01/2026,18:13,CROSS_CITY_LINE_B,Class_730,6
09/01/2026,17:31,CROSS_CITY_LINE_B,Class_730,6
09/01/2026,16:38,CROSS_CITY_LINE_B,Class_730,6
09/01/2026,16:05,CROSS_CITY_LINE_B,Class_730,6
09/01/2026,15:47,CROSS_CITY_LINE_B,Class_730,6
09/01/2026,15:15,CROSS_CITY_LINE_B,Class_730,6
09/01/2026,14:52,CROSS_CITY_LINE_B,Class_730,6
09/01/2026,14:28,CROSS_CITY_LINE_B,Class_730,6
09/01/2026,14:08,CROSS_CITY_LINE_B,Class_730,6
09/01/2026,08:17,BIRMINGHAM_INTERNATIONAL_RUGELEY_TRENT_VALLEY,Class_730,3
09/01/2026,20:19,CROSS_CITY_LINE_B,Class_730,6
09/01/2026,09:12,FOUR_OAKS_REDDITCH,Class_730,6
09/01/2026,11:09,REDDITCH_FOUR_OAKS,Class_730,6
09/01/2026,12:25,REDDITCH_FOUR_OAKS,Class_730,6
09/01/2026,08:13,FOUR_OAKS_REDDITCH,Class_730,6
09/01/2026,07:35,FOUR_OAKS_REDDITCH,Class_730,6
09/01/2026,06:57,FOUR_OAKS_REDDITCH,Class_730,6
09/01/2026,06:20,FOUR_OAKS_REDDITCH,Class_730,6
09/01/2026,05:46,FOUR_OAKS_REDDITCH,Class_730,6
09/01/2026,05:18,FOUR_OAKS_REDDITCH,Class_730,6
09/01/2026,05:04,FOUR_OAKS_REDDITCH,Class_730,6
09/01/2026,23:27,REDDITCH_FOUR_OAKS,Class_730,6
09/01/2026,23:15,REDDITCH_FOUR_OAKS,Class_730,6
09/01/2026,22:46,REDDITCH_FOUR_OAKS,Class_730,6
09/01/2026,22:18,REDDITCH_FOUR_OAKS,Class_730,6
09/01/2026,21:43,REDDITCH_FOUR_OAKS,Class_730,6
09/01/2026,21:10,REDDITCH_FOUR_OAKS,Class_730,6
09/01/2026,11:53,REDDITCH_FOUR_OAKS,Class_730,6
09/01/2026,20:37,REDDITCH_FOUR_OAKS,Class_730,6
09/01/2026,19:20,REDDITCH_FOUR_OAKS,Class_730,6
09/01/2026,19:03,REDDITCH_FOUR_OAKS,Class_730,6
09/01/2026,18:19,REDDITCH_FOUR_OAKS,Class_730,6
09/01/2026,18:02,REDDITCH_FOUR_OAKS,Class_730,6
09/01/2026,17:00,REDDITCH_FOUR_OAKS,Class_730,6
09/01/2026,16:26,REDDITCH_FOUR_OAKS,Class_730,6
09/01/2026,15:55,REDDITCH_FOUR_OAKS,Class_730,6
09/01/2026,15:28,REDDITCH_FOUR_OAKS,Class_730,6
09/01/2026,15:05,REDDITCH_FOUR_OAKS,Class_730,6
09/01/2026,14:46,REDDITCH_FOUR_OAKS,Class_730,6
09/01/2026,14:17,REDDITCH_FOUR_OAKS,Class_730,6
09/01/2026,13:41,REDDITCH_FOUR_OAKS,Class_730,6
09/01/2026,12:53,REDDITCH_FOUR_OAKS,Class_730,6
09/01/2026,20:08,REDDITCH_FOUR_OAKS,Class_730,6
09/01/2026,08:50,BIRMINGHAM_INTERNATIONAL_RUGELEY_TRENT_VALLEY,Class_730,3
09/01/2026,07:14,WOLVERHAMPTON_WALSALL,Class_730,3
09/01/2026,09:46,BIRMINGHAM_INTERNATIONAL_RUGELEY_TRENT_VALLEY,Class_730,3
09/01/2026,06:08,WALSALL_WOLVERHAMPTON,Class_732,3
09/01/2026,05:32,WALSALL_WOLVERHAMPTON,Class_731,3
09/01/2026,05:12,WALSALL_WOLVERHAMPTON,Class_730,3
09/01/2026,23:15,WOLVERHAMPTON_WALSALL,Class_730,3
09/01/2026,22:45,WOLVERHAMPTON_WALSALL,Class_730,3
09/01/2026,22:17,WOLVERHAMPTON_WALSALL,Class_730,3
09/01/2026,21:41,WOLVERHAMPTON_WALSALL,Class_730,3
09/01/2026,20:59,WOLVERHAMPTON_WALSALL,Class_730,3
09/01/2026,20:37,WOLVERHAMPTON_WALSALL,Class_730,3
09/01/2026,20:10,WOLVERHAMPTON_WALSALL,Class_730,3
09/01/2026,19:23,WOLVERHAMPTON_WALSALL,Class_730,3
09/01/2026,18:56,WOLVERHAMPTON_WALSALL,Class_730,3
09/01/2026,18:21,WOLVERHAMPTON_WALSALL,Class_730,3
09/01/2026,17:40,WOLVERHAMPTON_WALSALL,Class_730,3
09/01/2026,16:54,WOLVERHAMPTON_WALSALL,Class_730,3
09/01/2026,16:22,WOLVERHAMPTON_WALSALL,Class_730,3
09/01/2026,15:53,WOLVERHAMPTON_WALSALL,Class_730,3
09/01/2026,15:27,WOLVERHAMPTON_WALSALL,Class_730,3
09/01/2026,15:01,WOLVERHAMPTON_WALSALL,Class_730,3
09/01/2026,14:35,WOLVERHAMPTON_WALSALL,Class_730,3
09/01/2026,14:09,WOLVERHAMPTON_WALSALL,Class_730,3
09/01/2026,13:32,WOLVERHAMPTON_WALSALL,Class_730,3
09/01/2026,12:51,WOLVERHAMPTON_WALSALL,Class_730,3
09/01/2026,12:25,WOLVERHAMPTON_WALSALL,Class_730,3
09/01/2026,11:42,WOLVERHAMPTON_WALSALL,Class_730,3
09/01/2026,11:10,WOLVERHAMPTON_WALSALL,Class_730,3
09/01/2026,10:36,WOLVERHAMPTON_WALSALL,Class_730,3
09/01/2026,06:49,WALSALL_WOLVERHAMPTON,Class_733,3
09/01/2026,07:11,WALSALL_WOLVERHAMPTON,Class_734,3
09/01/2026,08:05,WALSALL_WOLVERHAMPTON,Class_735,3
09/01/2026,08:25,WALSALL_WOLVERHAMPTON,Class_736,3
09/01/2026,12:42,CROSS_CITY_LINE_B,Class_730,6
09/01/2026,23:16,WALSALL_WOLVERHAMPTON,Class_763,3
09/01/2026,22:41,WALSALL_WOLVERHAMPTON,Class_762,3
09/01/2026,22:24,WALSALL_WOLVERHAMPTON,Class_761,3
09/01/2026,21:42,WALSALL_WOLVERHAMPTON,Class_760,3
09/01/2026,20:59,WALSALL_WOLVERHAMPTON,Class_759,3
09/01/2026,20:36,WALSALL_WOLVERHAMPTON,Class_758,3
09/01/2026,20:09,WALSALL_WOLVERHAMPTON,Class_757,3
09/01/2026,19:24,WALSALL_WOLVERHAMPTON,Class_756,3
09/01/2026,18:53,WALSALL_WOLVERHAMPTON,Class_755,3
09/01/2026,18:17,WALSALL_WOLVERHAMPTON,Class_754,3
09/01/2026,18:02,WALSALL_WOLVERHAMPTON,Class_753,3
09/01/2026,16:56,WALSALL_WOLVERHAMPTON,Class_752,3
09/01/2026,09:57,WOLVERHAMPTON_WALSALL,Class_730,3
09/01/2026,16:31,WALSALL_WOLVERHAMPTON,Class_751,3
09/01/2026,15:29,WALSALL_WOLVERHAMPTON,Class_749,3
09/01/2026,15:07,WALSALL_WOLVERHAMPTON,Class_748,3
09/01/2026,14:36,WALSALL_WOLVERHAMPTON,Class_747,3
09/01/2026,14:15,WALSALL_WOLVERHAMPTON,Class_746,3
09/01/2026,13:37,WALSALL_WOLVERHAMPTON,Class_745,3
09/01/2026,12:45,WALSALL_WOLVERHAMPTON,Class_744,3
09/01/2026,12:32,WALSALL_WOLVERHAMPTON,Class_743,3
09/01/2026,11:43,WALSALL_WOLVERHAMPTON,Class_742,3
09/01/2026,11:12,WALSALL_WOLVERHAMPTON,Class_741,3
09/01/2026,10:33,WALSALL_WOLVERHAMPTON,Class_740,3
09/01/2026,10:08,WALSALL_WOLVERHAMPTON,Class_739,3
09/01/2026,09:27,WALSALL_WOLVERHAMPTON,Class_738,3
09/01/2026,09:10,WALSALL_WOLVERHAMPTON,Class_737,3
09/01/2026,15:49,WALSALL_WOLVERHAMPTON,Class_750,3
09/01/2026,09:27,WOLVERHAMPTON_WALSALL,Class_730,3
09/01/2026,09:05,WOLVERHAMPTON_WALSALL,Class_730,3
09/01/2026,08:35,WOLVERHAMPTON_WALSALL,Class_730,3
09/01/2026,10:22,NORTHAMPTON_BIRMINGHAM_NEW_STREET,Class_350,5
09/01/2026,09:19,NORTHAMPTON_BIRMINGHAM_NEW_STREET,Class_350,5
09/01/2026,08:17,NORTHAMPTON_BIRMINGHAM_NEW_STREET,Class_350,5
09/01/2026,07:09,NORTHAMPTON_BIRMINGHAM_NEW_STREET,Class_350,5
09/01/2026,06:07,NORTHAMPTON_BIRMINGHAM_NEW_STREET,Class_350,5
09/01/2026,05:11,NORTHAMPTON_BIRMINGHAM_NEW_STREET,Class_350,5
09/01/2026,22:15,BIRMINGHAM_INTERNATIONAL_RUGELEY_TRENT_VALLEY,Class_730,3
09/01/2026,21:25,BIRMINGHAM_INTERNATIONAL_RUGELEY_TRENT_VALLEY,Class_730,3
09/01/2026,20:58,BIRMINGHAM_INTERNATIONAL_RUGELEY_TRENT_VALLEY,Class_730,3
09/01/2026,20:22,BIRMINGHAM_INTERNATIONAL_RUGELEY_TRENT_VALLEY,Class_730,3
09/01/2026,20:05,BIRMINGHAM_INTERNATIONAL_RUGELEY_TRENT_VALLEY,Class_730,3
09/01/2026,19:18,BIRMINGHAM_INTERNATIONAL_RUGELEY_TRENT_VALLEY,Class_730,3
09/01/2026,18:45,BIRMINGHAM_INTERNATIONAL_RUGELEY_TRENT_VALLEY,Class_730,3
09/01/2026,11:23,NORTHAMPTON_BIRMINGHAM_NEW_STREET,Class_350,5
09/01/2026,18:11,BIRMINGHAM_INTERNATIONAL_RUGELEY_TRENT_VALLEY,Class_730,3
09/01/2026,16:47,BIRMINGHAM_INTERNATIONAL_RUGELEY_TRENT_VALLEY,Class_730,3
09/01/2026,16:09,BIRMINGHAM_INTERNATIONAL_RUGELEY_TRENT_VALLEY,Class_730,3
09/01/2026,15:47,BIRMINGHAM_INTERNATIONAL_RUGELEY_TRENT_VALLEY,Class_730,3
09/01/2026,15:26,BIRMINGHAM_INTERNATIONAL_RUGELEY_TRENT_VALLEY,Class_730,3
09/01/2026,15:01,BIRMINGHAM_INTERNATIONAL_RUGELEY_TRENT_VALLEY,Class_730,3
09/01/2026,14:30,BIRMINGHAM_INTERNATIONAL_RUGELEY_TRENT_VALLEY,Class_730,3
09/01/2026,13:53,BIRMINGHAM_INTERNATIONAL_RUGELEY_TRENT_VALLEY,Class_730,3
09/01/2026,13:22,BIRMINGHAM_INTERNATIONAL_RUGELEY_TRENT_VALLEY,Class_730,3
09/01/2026,12:38,BIRMINGHAM_INTERNATIONAL_RUGELEY_TRENT_VALLEY,Class_730,3
09/01/2026,12:15,BIRMINGHAM_INTERNATIONAL_RUGELEY_TRENT_VALLEY,Class_730,3
09/01/2026,11:39,BIRMINGHAM_INTERNATIONAL_RUGELEY_TRENT_VALLEY,Class_730,3
09/01/2026,10:57,BIRMINGHAM_INTERNATIONAL_RUGELEY_TRENT_VALLEY,Class_730,3
09/01/2026,10:27,BIRMINGHAM_INTERNATIONAL_RUGELEY_TRENT_VALLEY,Class_730,3
09/01/2026,17:31,BIRMINGHAM_INTERNATIONAL_RUGELEY_TRENT_VALLEY,Class_730,3
09/01/2026,09:22,BIRMINGHAM_INTERNATIONAL_RUGELEY_TRENT_VALLEY,Class_730,3
09/01/2026,12:42,NORTHAMPTON_BIRMINGHAM_NEW_STREET,Class_350,5
09/01/2026,15:01,NORTHAMPTON_BIRMINGHAM_NEW_STREET,Class_350,5
09/01/2026,08:05,WOLVERHAMPTON_WALSALL,Class_730,3
09/01/2026,06:52,WOLVERHAMPTON_WALSALL,Class_730,3
09/01/2026,06:09,WOLVERHAMPTON_WALSALL,Class_730,3
09/01/2026,05:37,WOLVERHAMPTON_WALSALL,Class_730,3
09/01/2026,05:14,WOLVERHAMPTON_WALSALL,Class_730,3
09/01/2026,23:17,BIRMINGHAM_NEW_STREET_NORTHAMPTON,Class_350,8
09/01/2026,22:30,BIRMINGHAM_NEW_STREET_NORTHAMPTON,Class_350,8
09/01/2026,21:06,BIRMINGHAM_NEW_STREET_NORTHAMPTON,Class_350,8
09/01/2026,20:11,BIRMINGHAM_NEW_STREET_NORTHAMPTON,Class_350,8
09/01/2026,19:07,BIRMINGHAM_NEW_STREET_NORTHAMPTON,Class_350,8
09/01/2026,18:05,BIRMINGHAM_NEW_STREET_NORTHAMPTON,Class_350,8
09/01/2026,16:32,BIRMINGHAM_NEW_STREET_NORTHAMPTON,Class_350,8
09/01/2026,15:29,BIRMINGHAM_NEW_STREET_NORTHAMPTON,Class_350,8
09/01/2026,14:01,NORTHAMPTON_BIRMINGHAM_NEW_STREET,Class_350,5
09/01/2026,14:46,BIRMINGHAM_NEW_STREET_NORTHAMPTON,Class_350,8
09/01/2026,12:33,BIRMINGHAM_NEW_STREET_NORTHAMPTON,Class_350,8
09/01/2026,11:13,BIRMINGHAM_NEW_STREET_NORTHAMPTON,Class_350,8
09/01/2026,10:08,BIRMINGHAM_NEW_STREET_NORTHAMPTON,Class_350,8
09/01/2026,09:10,BIRMINGHAM_NEW_STREET_NORTHAMPTON,Class_350,8
09/01/2026,08:09,BIRMINGHAM_NEW_STREET_NORTHAMPTON,Class_350,8
09/01/2026,06:54,BIRMINGHAM_NEW_STREET_NORTHAMPTON,Class_350,8
09/01/2026,22:38,NORTHAMPTON_BIRMINGHAM_NEW_STREET,Class_350,5
09/01/2026,21:40,NORTHAMPTON_BIRMINGHAM_NEW_STREET,Class_350,5
09/01/2026,20:29,NORTHAMPTON_BIRMINGHAM_NEW_STREET,Class_350,5
09/01/2026,19:13,NORTHAMPTON_BIRMINGHAM_NEW_STREET,Class_350,5
09/01/2026,18:11,NORTHAMPTON_BIRMINGHAM_NEW_STREET,Class_350,5
09/01/2026,16:41,NORTHAMPTON_BIRMINGHAM_NEW_STREET,Class_350,5
09/01/2026,15:41,NORTHAMPTON_BIRMINGHAM_NEW_STREET,Class_350,5
09/01/2026,13:43,BIRMINGHAM_NEW_STREET_NORTHAMPTON,Class_350,8
09/01/2026,12:08,CROSS_CITY_LINE_B,Class_730,6
09/01/2026,11:25,CROSS_CITY_LINE_B,Class_730,6
09/01/2026,10:50,CROSS_CITY_LINE_B,Class_730,6
09/01/2026,19:13,DORRIDGE_BIRMINGHAM_MOOR_STREET,Class_168,6
09/01/2026,18:37,DORRIDGE_BIRMINGHAM_MOOR_STREET,Class_168,6
09/01/2026,18:11,DORRIDGE_BIRMINGHAM_MOOR_STREET,Class_168,6
09/01/2026,17:08,DORRIDGE_BIRMINGHAM_MOOR_STREET,Class_168,6
09/01/2026,16:34,DORRIDGE_BIRMINGHAM_MOOR_STREET,Class_168,6
09/01/2026,16:03,DORRIDGE_BIRMINGHAM_MOOR_STREET,Class_168,6
09/01/2026,15:30,DORRIDGE_BIRMINGHAM_MOOR_STREET,Class_168,6
09/01/2026,15:17,DORRIDGE_BIRMINGHAM_MOOR_STREET,Class_168,6
09/01/2026,14:51,DORRIDGE_BIRMINGHAM_MOOR_STREET,Class_168,6
09/01/2026,14:28,DORRIDGE_BIRMINGHAM_MOOR_STREET,Class_168,6
09/01/2026,13:44,DORRIDGE_BIRMINGHAM_MOOR_STREET,Class_168,6
09/01/2026,13:05,DORRIDGE_BIRMINGHAM_MOOR_STREET,Class_168,6
09/01/2026,12:34,DORRIDGE_BIRMINGHAM_MOOR_STREET,Class_168,6
09/01/2026,12:07,DORRIDGE_BIRMINGHAM_MOOR_STREET,Class_168,6
09/01/2026,11:22,DORRIDGE_BIRMINGHAM_MOOR_STREET,Class_168,6
09/01/2026,10:51,DORRIDGE_BIRMINGHAM_MOOR_STREET,Class_168,6
09/01/2026,10:13,DORRIDGE_BIRMINGHAM_MOOR_STREET,Class_168,6
09/01/2026,09:40,DORRIDGE_BIRMINGHAM_MOOR_STREET,Class_168,6
09/01/2026,09:15,DORRIDGE_BIRMINGHAM_MOOR_STREET,Class_168,6
09/01/2026,08:50,DORRIDGE_BIRMINGHAM_MOOR_STREET,Class_168,6
09/01/2026,08:11,DORRIDGE_BIRMINGHAM_MOOR_STREET,Class_168,6
09/01/2026,07:47,DORRIDGE_BIRMINGHAM_MOOR_STREET,Class_168,6
09/01/2026,06:59,DORRIDGE_BIRMINGHAM_MOOR_STREET,Class_168,6
09/01/2026,06:21,DORRIDGE_BIRMINGHAM_MOOR_STREET,Class_168,6
09/01/2026,05:57,DORRIDGE_BIRMINGHAM_MOOR_STREET,Class_168,6
09/01/2026,23:29,BIRMINGHAM_MOOR_STREET_DORRIDGE,Class_168,6
09/01/2026,23:24,BIRMINGHAM_MOOR_STREET_DORRIDGE,Class_168,6
09/01/2026,19:39,DORRIDGE_BIRMINGHAM_MOOR_STREET,Class_168,6
09/01/2026,20:29,DORRIDGE_BIRMINGHAM_MOOR_STREET,Class_168,6
09/01/2026,20:44,DORRIDGE_BIRMINGHAM_MOOR_STREET,Class_168,6
09/01/2026,21:20,DORRIDGE_BIRMINGHAM_MOOR_STREET,Class_168,6
09/01/2026,16:04,DORRIDGE_BIRMINGHAM_SNOW_HILL,Class_168,6
09/01/2026,15:26,DORRIDGE_BIRMINGHAM_SNOW_HILL,Class_168,6
09/01/2026,14:30,DORRIDGE_BIRMINGHAM_SNOW_HILL,Class_168,6
09/01/2026,13:12,DORRIDGE_BIRMINGHAM_SNOW_HILL,Class_168,6
09/01/2026,12:15,DORRIDGE_BIRMINGHAM_SNOW_HILL,Class_168,6
09/01/2026,10:52,DORRIDGE_BIRMINGHAM_SNOW_HILL,Class_168,6
09/01/2026,09:56,DORRIDGE_BIRMINGHAM_SNOW_HILL,Class_168,6
09/01/2026,08:57,DORRIDGE_BIRMINGHAM_SNOW_HILL,Class_168,6
09/01/2026,23:28,BIRMINGHAM_SNOW_HILL_DORRIDGE,Class_168,6
09/01/2026,23:01,BIRMINGHAM_SNOW_HILL_DORRIDGE,Class_168,6
09/01/2026,21:47,BIRMINGHAM_SNOW_HILL_DORRIDGE,Class_168,6
09/01/2026,20:39,BIRMINGHAM_SNOW_HILL_DORRIDGE,Class_168,6
09/01/2026,19:30,BIRMINGHAM_SNOW_HILL_DORRIDGE,Class_168,6
09/01/2026,22:41,BIRMINGHAM_MOOR_STREET_DORRIDGE,Class_168,6
09/01/2026,18:24,BIRMINGHAM_SNOW_HILL_DORRIDGE,Class_168,6
09/01/2026,15:58,BIRMINGHAM_SNOW_HILL_DORRIDGE,Class_168,6
09/01/2026,15:14,BIRMINGHAM_SNOW_HILL_DORRIDGE,Class_168,6
09/01/2026,14:20,BIRMINGHAM_SNOW_HILL_DORRIDGE,Class_168,6
09/01/2026,13:02,BIRMINGHAM_SNOW_HILL_DORRIDGE,Class_168,6
09/01/2026,12:00,BIRMINGHAM_SNOW_HILL_DORRIDGE,Class_168,6
09/01/2026,10:45,BIRMINGHAM_SNOW_HILL_DORRIDGE,Class_168,6
09/01/2026,09:37,BIRMINGHAM_SNOW_HILL_DORRIDGE,Class_168,6
09/01/2026,08:50,BIRMINGHAM_SNOW_HILL_DORRIDGE,Class_168,6
09/01/2026,23:33,DORRIDGE_BIRMINGHAM_MOOR_STREET,Class_168,6
09/01/2026,23:22,DORRIDGE_BIRMINGHAM_MOOR_STREET,Class_168,6
09/01/2026,23:05,DORRIDGE_BIRMINGHAM_MOOR_STREET,Class_168,6
09/01/2026,22:35,DORRIDGE_BIRMINGHAM_MOOR_STREET,Class_168,6
09/01/2026,21:56,DORRIDGE_BIRMINGHAM_MOOR_STREET,Class_168,6
09/01/2026,17:18,BIRMINGHAM_SNOW_HILL_DORRIDGE,Class_168,6
09/01/2026,17:26,DORRIDGE_BIRMINGHAM_SNOW_HILL,Class_168,6
09/01/2026,22:00,BIRMINGHAM_MOOR_STREET_DORRIDGE,Class_168,6
09/01/2026,20:40,BIRMINGHAM_MOOR_STREET_DORRIDGE,Class_168,6
09/01/2026,20:39,WOLVERHAMPTON_BIRMINGHAM_INTERNATIONAL,Class_158,2
09/01/2026,19:33,WOLVERHAMPTON_BIRMINGHAM_INTERNATIONAL,Class_158,2
09/01/2026,18:22,WOLVERHAMPTON_BIRMINGHAM_INTERNATIONAL,Class_158,2
09/01/2026,17:02,WOLVERHAMPTON_BIRMINGHAM_INTERNATIONAL,Class_158,2
09/01/2026,15:57,WOLVERHAMPTON_BIRMINGHAM_INTERNATIONAL,Class_158,2
09/01/2026,15:09,WOLVERHAMPTON_BIRMINGHAM_INTERNATIONAL,Class_158,2
09/01/2026,14:22,WOLVERHAMPTON_BIRMINGHAM_INTERNATIONAL,Class_158,2
09/01/2026,13:00,WOLVERHAMPTON_BIRMINGHAM_INTERNATIONAL,Class_158,2
09/01/2026,11:54,WOLVERHAMPTON_BIRMINGHAM_INTERNATIONAL,Class_158,2
09/01/2026,10:44,WOLVERHAMPTON_BIRMINGHAM_INTERNATIONAL,Class_158,2
09/01/2026,09:37,WOLVERHAMPTON_BIRMINGHAM_INTERNATIONAL,Class_158,2
09/01/2026,07:34,WOLVERHAMPTON_BIRMINGHAM_INTERNATIONAL,Class_158,2
09/01/2026,06:17,WOLVERHAMPTON_BIRMINGHAM_INTERNATIONAL,Class_158,2
09/01/2026,05:10,WOLVERHAMPTON_BIRMINGHAM_INTERNATIONAL,Class_158,2
09/01/2026,19:26,BIRMINGHAM_INTERNATIONA_WOLVERHAMPTON,Class_158,2
09/01/2026,18:22,BIRMINGHAM_INTERNATIONA_WOLVERHAMPTON,Class_158,2
09/01/2026,17:05,BIRMINGHAM_INTERNATIONA_WOLVERHAMPTON,Class_158,2
09/01/2026,15:58,BIRMINGHAM_INTERNATIONA_WOLVERHAMPTON,Class_158,2
09/01/2026,15:07,BIRMINGHAM_INTERNATIONA_WOLVERHAMPTON,Class_158,2
09/01/2026,14:18,BIRMINGHAM_INTERNATIONA_WOLVERHAMPTON,Class_158,2
09/01/2026,12:53,BIRMINGHAM_INTERNATIONA_WOLVERHAMPTON,Class_158,2
09/01/2026,11:55,BIRMINGHAM_INTERNATIONA_WOLVERHAMPTON,Class_158,2
09/01/2026,10:44,BIRMINGHAM_INTERNATIONA_WOLVERHAMPTON,Class_158,2
09/01/2026,09:35,BIRMINGHAM_INTERNATIONA_WOLVERHAMPTON,Class_158,2
09/01/2026,08:46,BIRMINGHAM_INTERNATIONA_WOLVERHAMPTON,Class_158,2
09/01/2026,07:19,BIRMINGHAM_INTERNATIONA_WOLVERHAMPTON,Class_158,2
09/01/2026,06:12,BIRMINGHAM_INTERNATIONA_WOLVERHAMPTON,Class_158,2
09/01/2026,21:50,WOLVERHAMPTON_BIRMINGHAM_INTERNATIONAL,Class_158,2
09/01/2026,22:54,WOLVERHAMPTON_BIRMINGHAM_INTERNATIONAL,Class_158,2
09/01/2026,04:58,BIRMINGHAM_MOOR_STREET_DORRIDGE,Class_168,6
09/01/2026,05:05,BIRMINGHAM_MOOR_STREET_DORRIDGE,Class_168,6
09/01/2026,20:25,BIRMINGHAM_MOOR_STREET_DORRIDGE,Class_168,6
09/01/2026,19:43,BIRMINGHAM_MOOR_STREET_DORRIDGE,Class_168,6
09/01/2026,19:12,BIRMINGHAM_MOOR_STREET_DORRIDGE,Class_168,6
09/01/2026,18:34,BIRMINGHAM_MOOR_STREET_DORRIDGE,Class_168,6
09/01/2026,18:07,BIRMINGHAM_MOOR_STREET_DORRIDGE,Class_168,6
09/01/2026,17:25,BIRMINGHAM_MOOR_STREET_DORRIDGE,Class_168,6
09/01/2026,16:36,BIRMINGHAM_MOOR_STREET_DORRIDGE,Class_168,6
09/01/2026,16:04,BIRMINGHAM_MOOR_STREET_DORRIDGE,Class_168,6
09/01/2026,15:38,BIRMINGHAM_MOOR_STREET_DORRIDGE,Class_168,6
09/01/2026,15:13,BIRMINGHAM_MOOR_STREET_DORRIDGE,Class_168,6
09/01/2026,14:53,BIRMINGHAM_MOOR_STREET_DORRIDGE,Class_168,6
09/01/2026,14:23,BIRMINGHAM_MOOR_STREET_DORRIDGE,Class_168,6
09/01/2026,13:44,BIRMINGHAM_MOOR_STREET_DORRIDGE,Class_168,6
09/01/2026,21:22,BIRMINGHAM_MOOR_STREET_DORRIDGE,Class_168,6
09/01/2026,13:06,BIRMINGHAM_MOOR_STREET_DORRIDGE,Class_168,6
09/01/2026,11:58,BIRMINGHAM_MOOR_STREET_DORRIDGE,Class_168,6
09/01/2026,11:20,BIRMINGHAM_MOOR_STREET_DORRIDGE,Class_168,6
09/01/2026,10:53,BIRMINGHAM_MOOR_STREET_DORRIDGE,Class_168,6
09/01/2026,10:20,BIRMINGHAM_MOOR_STREET_DORRIDGE,Class_168,6
09/01/2026,09:43,BIRMINGHAM_MOOR_STREET_DORRIDGE,Class_168,6
09/01/2026,09:10,BIRMINGHAM_MOOR_STREET_DORRIDGE,Class_168,6
09/01/2026,08:47,BIRMINGHAM_MOOR_STREET_DORRIDGE,Class_168,6
09/01/2026,08:15,BIRMINGHAM_MOOR_STREET_DORRIDGE,Class_168,6
09/01/2026,07:37,BIRMINGHAM_MOOR_STREET_DORRIDGE,Class_168,6
09/01/2026,07:01,BIRMINGHAM_MOOR_STREET_DORRIDGE,Class_168,6
09/01/2026,06:20,BIRMINGHAM_MOOR_STREET_DORRIDGE,Class_168,6
09/01/2026,05:56,BIRMINGHAM_MOOR_STREET_DORRIDGE,Class_168,6
09/01/2026,05:22,BIRMINGHAM_MOOR_STREET_DORRIDGE,Class_168,6
09/01/2026,12:39,BIRMINGHAM_MOOR_STREET_DORRIDGE,Class_168,6
09/01/2026,18:44,DORRIDGE_BIRMINGHAM_SNOW_HILL,Class_168,6
09/01/2026,23:08,BIRMINGHAM_MOOR_STREET_DORRIDGE,Class_168,6
09/01/2026,20:48,DORRIDGE_BIRMINGHAM_SNOW_HILL,Class_168,6
09/01/2026,11:53,CROSS_CITY_LINE_A,Class_730,6
09/01/2026,11:14,CROSS_CITY_LINE_A,Class_730,6
09/01/2026,10:38,CROSS_CITY_LINE_A,Class_730,6
09/01/2026,10:12,CROSS_CITY_LINE_A,Class_730,6
09/01/2026,09:35,CROSS_CITY_LINE_A,Class_730,6
09/01/2026,09:10,CROSS_CITY_LINE_A,Class_730,6
09/01/2026,08:43,CROSS_CITY_LINE_A,Class_730,6
09/01/2026,08:10,CROSS_CITY_LINE_A,Class_730,6
09/01/2026,07:23,CROSS_CITY_LINE_A,Class_730,6
09/01/2026,06:54,CROSS_CITY_LINE_A,Class_730,6
09/01/2026,06:13,CROSS_CITY_LINE_A,Class_730,6
09/01/2026,05:43,CROSS_CITY_LINE_A,Class_730,6
09/01/2026,05:16,CROSS_CITY_LINE_A,Class_730,6
09/01/2026,12:34,CROSS_CITY_LINE_A,Class_730,6
09/01/2026,22:15,COVENTRY_STAFFORD,Class_390,11
09/01/2026,19:51,COVENTRY_STAFFORD,Class_390,11
09/01/2026,18:40,COVENTRY_STAFFORD,Class_390,11
09/01/2026,17:34,COVENTRY_STAFFORD,Class_390,11
09/01/2026,16:17,COVENTRY_STAFFORD,Class_390,11
09/01/2026,15:25,COVENTRY_STAFFORD,Class_390,11
09/01/2026,14:26,COVENTRY_STAFFORD,Class_390,11
09/01/2026,13:21,COVENTRY_STAFFORD,Class_390,11
09/01/2026,12:20,COVENTRY_STAFFORD,Class_390,11
09/01/2026,11:02,COVENTRY_STAFFORD,Class_390,11
09/01/2026,09:46,COVENTRY_STAFFORD,Class_390,11
09/01/2026,09:04,COVENTRY_STAFFORD,Class_390,11
09/01/2026,07:54,COVENTRY_STAFFORD,Class_390,11
09/01/2026,06:44,COVENTRY_STAFFORD,Class_390,11
09/01/2026,20:53,COVENTRY_STAFFORD,Class_390,11
09/01/2026,23:15,STAFFORD_COVENTRY,Class_390,11
09/01/2026,12:55,CROSS_CITY_LINE_A,Class_730,6
09/01/2026,14:19,CROSS_CITY_LINE_A,Class_730,6
09/01/2026,19:46,DORRIDGE_BIRMINGHAM_SNOW_HILL,Class_168,6
09/01/2026,09:49,CROSS_CITY_LINE_B,Class_730,6
09/01/2026,09:22,CROSS_CITY_LINE_B,Class_730,6
09/01/2026,08:59,CROSS_CITY_LINE_B,Class_730,6
09/01/2026,08:18,CROSS_CITY_LINE_B,Class_730,6
09/01/2026,07:40,CROSS_CITY_LINE_B,Class_730,6
09/01/2026,07:09,CROSS_CITY_LINE_B,Class_730,6
09/01/2026,06:23,CROSS_CITY_LINE_B,Class_730,6
09/01/2026,06:01,CROSS_CITY_LINE_B,Class_730,6
09/01/2026,05:30,CROSS_CITY_LINE_B,Class_730,6
09/01/2026,23:27,CROSS_CITY_LINE_A,Class_730,6
09/01/2026,23:21,CROSS_CITY_LINE_A,Class_730,6
09/01/2026,23:01,CROSS_CITY_LINE_A,Class_730,6
09/01/2026,13:43,CROSS_CITY_LINE_A,Class_730,6
09/01/2026,22:28,CROSS_CITY_LINE_A,Class_730,6
09/01/2026,21:15,CROSS_CITY_LINE_A,Class_730,6
09/01/2026,20:40,CROSS_CITY_LINE_A,Class_730,6
09/01/2026,20:13,CROSS_CITY_LINE_A,Class_730,6
09/01/2026,19:33,CROSS_CITY_LINE_A,Class_730,6
09/01/2026,19:10,CROSS_CITY_LINE_A,Class_730,6
09/01/2026,18:22,CROSS_CITY_LINE_A,Class_730,6
09/01/2026,18:03,CROSS_CITY_LINE_A,Class_730,6
09/01/2026,17:01,CROSS_CITY_LINE_A,Class_730,6
09/01/2026,16:32,CROSS_CITY_LINE_A,Class_730,6
09/01/2026,15:55,CROSS_CITY_LINE_A,Class_730,6
09/01/2026,15:29,CROSS_CITY_LINE_A,Class_730,6
09/01/2026,15:07,CROSS_CITY_LINE_A,Class_730,6
09/01/2026,14:48,CROSS_CITY_LINE_A,Class_730,6
09/01/2026,21:56,CROSS_CITY_LINE_A,Class_730,6
09/01/2026,22:12,STAFFORD_COVENTRY,Class_390,11
09/01/2026,10:29,CROSS_CITY_LINE_B,Class_730,6
09/01/2026,07:48,BIRMINGHAM_NEW_STREET_RUGBY,Class_390,7
09/01/2026,07:54,RUGBY_BIRMINGHAM_NEW_STREET,Class_390,7
09/01/2026,19:57,BIRMINGHAM_NEW_STREET_RUGBY,Class_390,7
09/01/2026,18:34,BIRMINGHAM_NEW_STREET_RUGBY,Class_390,7
09/01/2026,17:38,BIRMINGHAM_NEW_STREET_RUGBY,Class_390,7
09/01/2026,15:25,BIRMINGHAM_NEW_STREET_RUGBY,Class_390,7
09/01/2026,14:31,BIRMINGHAM_NEW_STREET_RUGBY,Class_390,7
09/01/2026,13:25,BIRMINGHAM_NEW_STREET_RUGBY,Class_390,7
09/01/2026,12:17,BIRMINGHAM_NEW_STREET_RUGBY,Class_390,7
09/01/2026,11:04,BIRMINGHAM_NEW_STREET_RUGBY,Class_390,7
09/01/2026,09:50,BIRMINGHAM_NEW_STREET_RUGBY,Class_390,7
09/01/2026,08:53,BIRMINGHAM_NEW_STREET_RUGBY,Class_390,7
09/01/2026,20:56,STAFFORD_COVENTRY,Class_390,11
09/01/2026,06:42,BIRMINGHAM_NEW_STREET_RUGBY,Class_390,7
09/01/2026,23:15,RUGBY_WOLVERHAMPTON,Class_390,11
09/01/2026,20:42,RUGBY_WOLVERHAMPTON,Class_390,11
09/01/2026,19:39,RUGBY_WOLVERHAMPTON,Class_390,11
09/01/2026,05:51,WOLVERHAMPTON_COVENTRY,Class_390,11
09/01/2026,05:18,WOLVERHAMPTON_COVENTRY,Class_390,11
09/01/2026,05:02,WOLVERHAMPTON_COVENTRY,Class_390,11
09/01/2026,05:02,WOLVERHAMPTON_COVENTRY,Class_390,11
09/01/2026,23:27,DORRIDGE_STOURBRIDGE_JUNCTION,Class_168,6
09/01/2026,20:58,DORRIDGE_STOURBRIDGE_JUNCTION,Class_168,6
09/01/2026,18:25,DORRIDGE_STOURBRIDGE_JUNCTION,Class_168,6
09/01/2026,05:24,STOURBRIDGE_JUNCTION_DORRIDGE,Class_168,6
09/01/2026,23:29,DORRIDGE_BIRMINGHAM_SNOW_HILL,Class_168,6
09/01/2026,23:09,DORRIDGE_BIRMINGHAM_SNOW_HILL,Class_168,6
09/01/2026,22:09,DORRIDGE_BIRMINGHAM_SNOW_HILL,Class_168,6
09/01/2026,08:49,RUGBY_BIRMINGHAM_NEW_STREET,Class_390,7
09/01/2026,09:27,RUGBY_BIRMINGHAM_NEW_STREET,Class_390,7
09/01/2026,16:05,BIRMINGHAM_NEW_STREET_RUGBY,Class_390,7
09/01/2026,10:33,RUGBY_BIRMINGHAM_NEW_STREET,Class_390,7
09/01/2026,20:00,STAFFORD_COVENTRY,Class_390,11
09/01/2026,18:45,STAFFORD_COVENTRY,Class_390,11
09/01/2026,17:37,STAFFORD_COVENTRY,Class_390,11
09/01/2026,16:21,STAFFORD_COVENTRY,Class_390,11
09/01/2026,15:26,STAFFORD_COVENTRY,Class_390,11
09/01/2026,14:35,STAFFORD_COVENTRY,Class_390,11
09/01/2026,13:28,STAFFORD_COVENTRY,Class_390,11
09/01/2026,12:24,STAFFORD_COVENTRY,Class_390,11
09/01/2026,09:50,RUGBY_BIRMINGHAM_NEW_STREET,Class_390,7
09/01/2026,09:56,STAFFORD_COVENTRY,Class_390,11
09/01/2026,08:53,STAFFORD_COVENTRY,Class_390,11
09/01/2026,08:01,STAFFORD_COVENTRY,Class_390,11
09/01/2026,06:49,STAFFORD_COVENTRY,Class_390,11
09/01/2026,18:44,RUGBY_BIRMINGHAM_NEW_STREET,Class_390,7
09/01/2026,11:01,STAFFORD_COVENTRY,Class_390,11
09/01/2026,17:22,RUGBY_BIRMINGHAM_NEW_STREET,Class_390,7
09/01/2026,18:14,RUGBY_BIRMINGHAM_NEW_STREET,Class_390,7
09/01/2026,11:42,RUGBY_BIRMINGHAM_NEW_STREET,Class_390,7
09/01/2026,12:07,RUGBY_BIRMINGHAM_NEW_STREET,Class_390,7
09/01/2026,12:44,RUGBY_BIRMINGHAM_NEW_STREET,Class_390,7
09/01/2026,13:07,RUGBY_BIRMINGHAM_NEW_STREET,Class_390,7
09/01/2026,14:09,RUGBY_BIRMINGHAM_NEW_STREET,Class_390,7
09/01/2026,10:49,RUGBY_BIRMINGHAM_NEW_STREET,Class_390,7
09/01/2026,15:05,RUGBY_BIRMINGHAM_NEW_STREET,Class_390,7
09/01/2026,15:14,RUGBY_BIRMINGHAM_NEW_STREET,Class_390,7
09/01/2026,15:49,RUGBY_BIRMINGHAM_NEW_STREET,Class_390,7
09/01/2026,16:10,RUGBY_BIRMINGHAM_NEW_STREET,Class_390,7
09/01/2026,16:52,RUGBY_BIRMINGHAM_NEW_STREET,Class_390,7
09/01/2026,14:22,RUGBY_BIRMINGHAM_NEW_STREET,Class_390,7
10/01/2026,19:11,FOUR_OAKS_REDDITCH,Class_730,6
10/01/2026,19:31,FOUR_OAKS_REDDITCH,Class_730,6
10/01/2026,20:02,FOUR_OAKS_REDDITCH,Class_730,6
10/01/2026,20:28,FOUR_OAKS_REDDITCH,Class_730,6
10/01/2026,21:32,FOUR_OAKS_REDDITCH,Class_730,6
10/01/2026,21:57,FOUR_OAKS_REDDITCH,Class_730,6
10/01/2026,05:36,RUGELEY_TRENT_VALLEY_BIRMINGHAM_INTERNATIONAL,Class_730,3
10/01/2026,22:56,FOUR_OAKS_REDDITCH,Class_730,6
10/01/2026,23:14,FOUR_OAKS_REDDITCH,Class_730,6
10/01/2026,06:14,RUGELEY_TRENT_VALLEY_BIRMINGHAM_INTERNATIONAL,Class_730,3
10/01/2026,06:34,RUGELEY_TRENT_VALLEY_BIRMINGHAM_INTERNATIONAL,Class_730,3
10/01/2026,07:03,RUGELEY_TRENT_VALLEY_BIRMINGHAM_INTERNATIONAL,Class_730,3
10/01/2026,22:17,FOUR_OAKS_REDDITCH,Class_730,6
10/01/2026,18:29,FOUR_OAKS_REDDITCH,Class_730,6
10/01/2026,08:09,BIRMINGHAM_INTERNATIONAL_RUGELEY_TRENT_VALLEY,Class_730,3
10/01/2026,17:31,FOUR_OAKS_REDDITCH,Class_730,6
10/01/2026,16:46,FOUR_OAKS_REDDITCH,Class_730,6
10/01/2026,16:19,FOUR_OAKS_REDDITCH,Class_730,6
10/01/2026,15:30,FOUR_OAKS_REDDITCH,Class_730,6
10/01/2026,14:49,FOUR_OAKS_REDDITCH,Class_730,6
10/01/2026,14:19,FOUR_OAKS_REDDITCH,Class_730,6
10/01/2026,13:46,FOUR_OAKS_REDDITCH,Class_730,6
10/01/2026,13:28,FOUR_OAKS_REDDITCH,Class_730,6
10/01/2026,12:44,FOUR_OAKS_REDDITCH,Class_730,6
10/01/2026,12:19,FOUR_OAKS_REDDITCH,Class_730,6
10/01/2026,11:49,FOUR_OAKS_REDDITCH,Class_730,6
10/01/2026,11:04,FOUR_OAKS_REDDITCH,Class_730,6
10/01/2026,10:31,FOUR_OAKS_REDDITCH,Class_730,6
10/01/2026,17:58,FOUR_OAKS_REDDITCH,Class_730,6
10/01/2026,07:26,RUGELEY_TRENT_VALLEY_BIRMINGHAM_INTERNATIONAL,Class_730,3
10/01/2026,07:25,BIRMINGHAM_INTERNATIONAL_RUGELEY_TRENT_VALLEY,Class_730,3
10/01/2026,08:37,RUGELEY_TRENT_VALLEY_BIRMINGHAM_INTERNATIONAL,Class_730,3
10/01/2026,10:04,FOUR_OAKS_REDDITCH,Class_730,6
10/01/2026,07:00,BIRMINGHAM_INTERNATIONAL_RUGELEY_TRENT_VALLEY,Class_730,3
10/01/2026,06:40,BIRMINGHAM_INTERNATIONAL_RUGELEY_TRENT_VALLEY,Class_730,3
10/01/2026,06:05,BIRMINGHAM_INTERNATIONAL_RUGELEY_TRENT_VALLEY,Class_730,3
10/01/2026,22:05,RUGELEY_TRENT_VALLEY_BIRMINGHAM_INTERNATIONAL,Class_730,3
10/01/2026,21:37,RUGELEY_TRENT_VALLEY_BIRMINGHAM_INTERNATIONAL,Class_730,3
10/01/2026,20:40,RUGELEY_TRENT_VALLEY_BIRMINGHAM_INTERNATIONAL,Class_730,3
10/01/2026,20:07,RUGELEY_TRENT_VALLEY_BIRMINGHAM_INTERNATIONAL,Class_730,3
10/01/2026,19:42,RUGELEY_TRENT_VALLEY_BIRMINGHAM_INTERNATIONAL,Class_730,3
10/01/2026,19:13,RUGELEY_TRENT_VALLEY_BIRMINGHAM_INTERNATIONAL,Class_730,3
10/01/2026,18:47,RUGELEY_TRENT_VALLEY_BIRMINGHAM_INTERNATIONAL,Class_730,3
10/01/2026,18:09,RUGELEY_TRENT_VALLEY_BIRMINGHAM_INTERNATIONAL,Class_730,3
10/01/2026,17:39,RUGELEY_TRENT_VALLEY_BIRMINGHAM_INTERNATIONAL,Class_730,3
10/01/2026,07:55,RUGELEY_TRENT_VALLEY_BIRMINGHAM_INTERNATIONAL,Class_730,3
10/01/2026,17:01,RUGELEY_TRENT_VALLEY_BIRMINGHAM_INTERNATIONAL,Class_730,3
10/01/2026,15:52,RUGELEY_TRENT_VALLEY_BIRMINGHAM_INTERNATIONAL,Class_730,3
10/01/2026,14:57,RUGELEY_TRENT_VALLEY_BIRMINGHAM_INTERNATIONAL,Class_730,3
10/01/2026,14:28,RUGELEY_TRENT_VALLEY_BIRMINGHAM_INTERNATIONAL,Class_730,3
10/01/2026,13:57,RUGELEY_TRENT_VALLEY_BIRMINGHAM_INTERNATIONAL,Class_730,3
10/01/2026,13:30,RUGELEY_TRENT_VALLEY_BIRMINGHAM_INTERNATIONAL,Class_730,3
10/01/2026,12:54,RUGELEY_TRENT_VALLEY_BIRMINGHAM_INTERNATIONAL,Class_730,3
10/01/2026,12:34,RUGELEY_TRENT_VALLEY_BIRMINGHAM_INTERNATIONAL,Class_730,3
10/01/2026,11:52,RUGELEY_TRENT_VALLEY_BIRMINGHAM_INTERNATIONAL,Class_730,3
10/01/2026,11:12,RUGELEY_TRENT_VALLEY_BIRMINGHAM_INTERNATIONAL,Class_730,3
10/01/2026,10:37,RUGELEY_TRENT_VALLEY_BIRMINGHAM_INTERNATIONAL,Class_730,3
10/01/2026,10:17,RUGELEY_TRENT_VALLEY_BIRMINGHAM_INTERNATIONAL,Class_730,3
10/01/2026,09:40,RUGELEY_TRENT_VALLEY_BIRMINGHAM_INTERNATIONAL,Class_730,3
10/01/2026,09:08,RUGELEY_TRENT_VALLEY_BIRMINGHAM_INTERNATIONAL,Class_730,3
10/01/2026,16:31,RUGELEY_TRENT_VALLEY_BIRMINGHAM_INTERNATIONAL,Class_730,3
10/01/2026,09:28,FOUR_OAKS_REDDITCH,Class_730,6
10/01/2026,12:09,REDDITCH_FOUR_OAKS,Class_730,6
10/01/2026,08:38,FOUR_OAKS_REDDITCH,Class_730,6
10/01/2026,09:20,REDDITCH_FOUR_OAKS,Class_730,6
10/01/2026,08:47,REDDITCH_FOUR_OAKS,Class_730,6
10/01/2026,08:13,REDDITCH_FOUR_OAKS,Class_730,6
10/01/2026,07:41,REDDITCH_FOUR_OAKS,Class_730,6
10/01/2026,07:05,REDDITCH_FOUR_OAKS,Class_730,6
10/01/2026,06:44,REDDITCH_FOUR_OAKS,Class_730,6
10/01/2026,06:18,REDDITCH_FOUR_OAKS,Class_730,6
10/01/2026,05:49,REDDITCH_FOUR_OAKS,Class_730,6
10/01/2026,05:19,REDDITCH_FOUR_OAKS,Class_730,6
10/01/2026,22:24,CROSS_CITY_LINE_B,Class_730,6
10/01/2026,22:00,CROSS_CITY_LINE_B,Class_730,6
10/01/2026,21:35,CROSS_CITY_LINE_B,Class_730,6
10/01/2026,20:51,CROSS_CITY_LINE_B,Class_730,6
10/01/2026,20:11,CROSS_CITY_LINE_B,Class_730,6
10/01/2026,19:41,CROSS_CITY_LINE_B,Class_730,6
10/01/2026,19:13,CROSS_CITY_LINE_B,Class_730,6
10/01/2026,18:37,CROSS_CITY_LINE_B,Class_730,6
10/01/2026,18:09,CROSS_CITY_LINE_B,Class_730,6
10/01/2026,17:36,CROSS_CITY_LINE_B,Class_730,6
10/01/2026,16:46,CROSS_CITY_LINE_B,Class_730,6
10/01/2026,16:23,CROSS_CITY_LINE_B,Class_730,6
10/01/2026,15:38,CROSS_CITY_LINE_B,Class_730,6
10/01/2026,14:49,CROSS_CITY_LINE_B,Class_730,6
10/01/2026,14:21,CROSS_CITY_LINE_B,Class_730,6
10/01/2026,14:02,CROSS_CITY_LINE_B,Class_730,6
10/01/2026,13:32,CROSS_CITY_LINE_B,Class_730,6
10/01/2026,13:00,CROSS_CITY_LINE_B,Class_730,6
10/01/2026,09:53,REDDITCH_FOUR_OAKS,Class_730,6
10/01/2026,10:28,REDDITCH_FOUR_OAKS,Class_730,6
10/01/2026,10:50,REDDITCH_FOUR_OAKS,Class_730,6
10/01/2026,11:25,REDDITCH_FOUR_OAKS,Class_730,6
10/01/2026,07:58,FOUR_OAKS_REDDITCH,Class_730,6
10/01/2026,07:22,FOUR_OAKS_REDDITCH,Class_730,6
10/01/2026,06:58,FOUR_OAKS_REDDITCH,Class_730,6
10/01/2026,06:26,FOUR_OAKS_REDDITCH,Class_730,6
10/01/2026,05:55,FOUR_OAKS_REDDITCH,Class_730,6
10/01/2026,05:31,FOUR_OAKS_REDDITCH,Class_730,6
10/01/2026,05:10,FOUR_OAKS_REDDITCH,Class_730,6
10/01/2026,23:21,REDDITCH_FOUR_OAKS,Class_730,6
10/01/2026,23:01,REDDITCH_FOUR_OAKS,Class_730,6
10/01/2026,22:29,REDDITCH_FOUR_OAKS,Class_730,6
10/01/2026,22:07,REDDITCH_FOUR_OAKS,Class_730,6
10/01/2026,21:47,REDDITCH_FOUR_OAKS,Class_730,6
10/01/2026,21:12,REDDITCH_FOUR_OAKS,Class_730,6
10/01/2026,09:06,FOUR_OAKS_REDDITCH,Class_730,6
10/01/2026,20:20,REDDITCH_FOUR_OAKS,Class_730,6
10/01/2026,19:22,REDDITCH_FOUR_OAKS,Class_730,6
10/01/2026,18:50,REDDITCH_FOUR_OAKS,Class_730,6
10/01/2026,18:15,REDDITCH_FOUR_OAKS,Class_730,6
10/01/2026,17:48,REDDITCH_FOUR_OAKS,Class_730,6
10/01/2026,17:04,REDDITCH_FOUR_OAKS,Class_730,6
10/01/2026,16:43,REDDITCH_FOUR_OAKS,Class_730,6
10/01/2026,15:56,REDDITCH_FOUR_OAKS,Class_730,6
10/01/2026,15:09,REDDITCH_FOUR_OAKS,Class_730,6
10/01/2026,14:32,REDDITCH_FOUR_OAKS,Class_730,6
10/01/2026,14:12,REDDITCH_FOUR_OAKS,Class_730,6
10/01/2026,13:38,REDDITCH_FOUR_OAKS,Class_730,6
10/01/2026,13:23,REDDITCH_FOUR_OAKS,Class_730,6
10/01/2026,12:38,REDDITCH_FOUR_OAKS,Class_730,6
10/01/2026,19:54,REDDITCH_FOUR_OAKS,Class_730,6
10/01/2026,08:43,BIRMINGHAM_INTERNATIONAL_RUGELEY_TRENT_VALLEY,Class_730,3
10/01/2026,23:03,WALSALL_WOLVERHAMPTON,Class_763,3
10/01/2026,09:33,BIRMINGHAM_INTERNATIONAL_RUGELEY_TRENT_VALLEY,Class_730,3
10/01/2026,05:46,WALSALL_WOLVERHAMPTON,Class_731,3
10/01/2026,05:20,WALSALL_WOLVERHAMPTON,Class_730,3
10/01/2026,23:04,WOLVERHAMPTON_WALSALL,Class_730,3
10/01/2026,22:27,WOLVERHAMPTON_WALSALL,Class_730,3
10/01/2026,22:07,WOLVERHAMPTON_WALSALL,Class_730,3
10/01/2026,21:47,WOLVERHAMPTON_WALSALL,Class_730,3
10/01/2026,21:11,WOLVERHAMPTON_WALSALL,Class_730,3
10/01/2026,20:22,WOLVERHAMPTON_WALSALL,Class_730,3
10/01/2026,19:53,WOLVERHAMPTON_WALSALL,Class_730,3
10/01/2026,19:20,WOLVERHAMPTON_WALSALL,Class_730,3
10/01/2026,18:56,WOLVERHAMPTON_WALSALL,Class_730,3
10/01/2026,18:17,WOLVERHAMPTON_WALSALL,Class_730,3
10/01/2026,17:49,WOLVERHAMPTON_WALSALL,Class_730,3
10/01/2026,17:08,WOLVERHAMPTON_WALSALL,Class_730,3
10/01/2026,16:41,WOLVERHAMPTON_WALSALL,Class_730,3
10/01/2026,15:53,WOLVERHAMPTON_WALSALL,Class_730,3
10/01/2026,15:06,WOLVERHAMPTON_WALSALL,Class_730,3
10/01/2026,14:41,WOLVERHAMPTON_WALSALL,Class_730,3
10/01/2026,14:12,WOLVERHAMPTON_WALSALL,Class_730,3
10/01/2026,13:41,WOLVERHAMPTON_WALSALL,Class_730,3
10/01/2026,13:22,WOLVERHAMPTON_WALSALL,Class_730,3
10/01/2026,12:37,WOLVERHAMPTON_WALSALL,Class_730,3
10/01/2026,12:03,WOLVERHAMPTON_WALSALL,Class_730,3
10/01/2026,11:24,WOLVERHAMPTON_WALSALL,Class_730,3
10/01/2026,10:48,WOLVERHAMPTON_WALSALL,Class_730,3
10/01/2026,10:22,WOLVERHAMPTON_WALSALL,Class_730,3
10/01/2026,09:53,WOLVERHAMPTON_WALSALL,Class_730,3
10/01/2026,06:19,WALSALL_WOLVERHAMPTON,Class_732,3
10/01/2026,06:43,WALSALL_WOLVERHAMPTON,Class_733,3
10/01/2026,07:07,WALSALL_WOLVERHAMPTON,Class_734,3
10/01/2026,07:37,WALSALL_WOLVERHAMPTON,Class_735,3
10/01/2026,12:29,CROSS_CITY_LINE_B,Class_730,6
10/01/2026,22:44,WALSALL_WOLVERHAMPTON,Class_762,3
10/01/2026,22:05,WALSALL_WOLVERHAMPTON,Class_761,3
10/01/2026,21:48,WALSALL_WOLVERHAMPTON,Class_760,3
10/01/2026,21:16,WALSALL_WOLVERHAMPTON,Class_759,3
10/01/2026,20:18,WALSALL_WOLVERHAMPTON,Class_758,3
10/01/2026,19:52,WALSALL_WOLVERHAMPTON,Class_757,3
10/01/2026,19:17,WALSALL_WOLVERHAMPTON,Class_756,3
10/01/2026,18:56,WALSALL_WOLVERHAMPTON,Class_755,3
10/01/2026,18:11,WALSALL_WOLVERHAMPTON,Class_754,3
10/01/2026,17:49,WALSALL_WOLVERHAMPTON,Class_753,3
10/01/2026,17:08,WALSALL_WOLVERHAMPTON,Class_752,3
10/01/2026,16:37,WALSALL_WOLVERHAMPTON,Class_751,3
10/01/2026,09:20,WOLVERHAMPTON_WALSALL,Class_730,3
10/01/2026,15:52,WALSALL_WOLVERHAMPTON,Class_750,3
10/01/2026,14:42,WALSALL_WOLVERHAMPTON,Class_748,3
10/01/2026,14:12,WALSALL_WOLVERHAMPTON,Class_747,3
10/01/2026,13:41,WALSALL_WOLVERHAMPTON,Class_746,3
10/01/2026,13:20,WALSALL_WOLVERHAMPTON,Class_745,3
10/01/2026,12:37,WALSALL_WOLVERHAMPTON,Class_744,3
10/01/2026,12:03,WALSALL_WOLVERHAMPTON,Class_743,3
10/01/2026,11:26,WALSALL_WOLVERHAMPTON,Class_742,3
10/01/2026,10:48,WALSALL_WOLVERHAMPTON,Class_741,3
10/01/2026,10:22,WALSALL_WOLVERHAMPTON,Class_740,3
10/01/2026,09:54,WALSALL_WOLVERHAMPTON,Class_739,3
10/01/2026,09:20,WALSALL_WOLVERHAMPTON,Class_738,3
10/01/2026,09:00,WALSALL_WOLVERHAMPTON,Class_737,3
10/01/2026,08:11,WALSALL_WOLVERHAMPTON,Class_736,3
10/01/2026,15:05,WALSALL_WOLVERHAMPTON,Class_749,3
10/01/2026,08:57,WOLVERHAMPTON_WALSALL,Class_730,3
10/01/2026,08:15,WOLVERHAMPTON_WALSALL,Class_730,3
10/01/2026,07:38,WOLVERHAMPTON_WALSALL,Class_730,3
10/01/2026,10:10,NORTHAMPTON_BIRMINGHAM_NEW_STREET,Class_350,5
10/01/2026,09:14,NORTHAMPTON_BIRMINGHAM_NEW_STREET,Class_350,5
10/01/2026,08:09,NORTHAMPTON_BIRMINGHAM_NEW_STREET,Class_350,5
10/01/2026,07:01,NORTHAMPTON_BIRMINGHAM_NEW_STREET,Class_350,5
10/01/2026,06:16,NORTHAMPTON_BIRMINGHAM_NEW_STREET,Class_350,5
10/01/2026,05:14,NORTHAMPTON_BIRMINGHAM_NEW_STREET,Class_350,5
10/01/2026,22:00,BIRMINGHAM_INTERNATIONAL_RUGELEY_TRENT_VALLEY,Class_730,3
10/01/2026,21:37,BIRMINGHAM_INTERNATIONAL_RUGELEY_TRENT_VALLEY,Class_730,3
10/01/2026,21:05,BIRMINGHAM_INTERNATIONAL_RUGELEY_TRENT_VALLEY,Class_730,3
10/01/2026,20:18,BIRMINGHAM_INTERNATIONAL_RUGELEY_TRENT_VALLEY,Class_730,3
10/01/2026,19:42,BIRMINGHAM_INTERNATIONAL_RUGELEY_TRENT_VALLEY,Class_730,3
10/01/2026,19:13,BIRMINGHAM_INTERNATIONAL_RUGELEY_TRENT_VALLEY,Class_730,3
10/01/2026,18:49,BIRMINGHAM_INTERNATIONAL_RUGELEY_TRENT_VALLEY,Class_730,3
10/01/2026,11:12,NORTHAMPTON_BIRMINGHAM_NEW_STREET,Class_350,5
10/01/2026,18:10,BIRMINGHAM_INTERNATIONAL_RUGELEY_TRENT_VALLEY,Class_730,3
10/01/2026,16:49,BIRMINGHAM_INTERNATIONAL_RUGELEY_TRENT_VALLEY,Class_730,3
10/01/2026,16:19,BIRMINGHAM_INTERNATIONAL_RUGELEY_TRENT_VALLEY,Class_730,3
10/01/2026,15:52,BIRMINGHAM_INTERNATIONAL_RUGELEY_TRENT_VALLEY,Class_730,3
10/01/2026,14:50,BIRMINGHAM_INTERNATIONAL_RUGELEY_TRENT_VALLEY,Class_730,3
10/01/2026,14:22,BIRMINGHAM_INTERNATIONAL_RUGELEY_TRENT_VALLEY,Class_730,3
10/01/2026,13:56,BIRMINGHAM_INTERNATIONAL_RUGELEY_TRENT_VALLEY,Class_730,3
10/01/2026,13:31,BIRMINGHAM_INTERNATIONAL_RUGELEY_TRENT_VALLEY,Class_730,3
10/01/2026,13:12,BIRMINGHAM_INTERNATIONAL_RUGELEY_TRENT_VALLEY,Class_730,3
10/01/2026,12:34,BIRMINGHAM_INTERNATIONAL_RUGELEY_TRENT_VALLEY,Class_730,3
10/01/2026,12:00,BIRMINGHAM_INTERNATIONAL_RUGELEY_TRENT_VALLEY,Class_730,3
10/01/2026,11:12,BIRMINGHAM_INTERNATIONAL_RUGELEY_TRENT_VALLEY,Class_730,3
10/01/2026,10:46,BIRMINGHAM_INTERNATIONAL_RUGELEY_TRENT_VALLEY,Class_730,3
10/01/2026,10:13,BIRMINGHAM_INTERNATIONAL_RUGELEY_TRENT_VALLEY,Class_730,3
10/01/2026,17:34,BIRMINGHAM_INTERNATIONAL_RUGELEY_TRENT_VALLEY,Class_730,3
10/01/2026,09:07,BIRMINGHAM_INTERNATIONAL_RUGELEY_TRENT_VALLEY,Class_730,3
10/01/2026,12:29,NORTHAMPTON_BIRMINGHAM_NEW_STREET,Class_350,5
10/01/2026,14:25,NORTHAMPTON_BIRMINGHAM_NEW_STREET,Class_350,5
10/01/2026,07:06,WOLVERHAMPTON_WALSALL,Class_730,3
10/01/2026,06:48,WOLVERHAMPTON_WALSALL,Class_730,3
10/01/2026,06:22,WOLVERHAMPTON_WALSALL,Class_730,3
10/01/2026,05:49,WOLVERHAMPTON_WALSALL,Class_730,3
10/01/2026,05:22,WOLVERHAMPTON_WALSALL,Class_730,3
10/01/2026,23:05,BIRMINGHAM_NEW_STREET_NORTHAMPTON,Class_350,8
10/01/2026,22:15,BIRMINGHAM_NEW_STREET_NORTHAMPTON,Class_350,8
10/01/2026,21:24,BIRMINGHAM_NEW_STREET_NORTHAMPTON,Class_350,8
10/01/2026,19:55,BIRMINGHAM_NEW_STREET_NORTHAMPTON,Class_350,8
10/01/2026,18:57,BIRMINGHAM_NEW_STREET_NORTHAMPTON,Class_350,8
10/01/2026,17:50,BIRMINGHAM_NEW_STREET_NORTHAMPTON,Class_350,8
10/01/2026,16:45,BIRMINGHAM_NEW_STREET_NORTHAMPTON,Class_350,8
10/01/2026,15:14,BIRMINGHAM_NEW_STREET_NORTHAMPTON,Class_350,8
10/01/2026,13:30,NORTHAMPTON_BIRMINGHAM_NEW_STREET,Class_350,5
10/01/2026,14:13,BIRMINGHAM_NEW_STREET_NORTHAMPTON,Class_350,8
10/01/2026,12:10,BIRMINGHAM_NEW_STREET_NORTHAMPTON,Class_350,8
10/01/2026,10:58,BIRMINGHAM_NEW_STREET_NORTHAMPTON,Class_350,8
10/01/2026,10:04,BIRMINGHAM_NEW_STREET_NORTHAMPTON,Class_350,8
10/01/2026,09:00,BIRMINGHAM_NEW_STREET_NORTHAMPTON,Class_350,8
10/01/2026,07:42,BIRMINGHAM_NEW_STREET_NORTHAMPTON,Class_350,8
10/01/2026,06:48,BIRMINGHAM_NEW_STREET_NORTHAMPTON,Class_350,8
10/01/2026,22:17,NORTHAMPTON_BIRMINGHAM_NEW_STREET,Class_350,5
10/01/2026,21:33,NORTHAMPTON_BIRMINGHAM_NEW_STREET,Class_350,5
10/01/2026,20:03,NORTHAMPTON_BIRMINGHAM_NEW_STREET,Class_350,5
10/01/2026,19:14,NORTHAMPTON_BIRMINGHAM_NEW_STREET,Class_350,5
10/01/2026,18:07,NORTHAMPTON_BIRMINGHAM_NEW_STREET,Class_350,5
10/01/2026,16:58,NORTHAMPTON_BIRMINGHAM_NEW_STREET,Class_350,5
10/01/2026,15:51,NORTHAMPTON_BIRMINGHAM_NEW_STREET,Class_350,5
10/01/2026,13:23,BIRMINGHAM_NEW_STREET_NORTHAMPTON,Class_350,8
10/01/2026,11:51,CROSS_CITY_LINE_B,Class_730,6
10/01/2026,16:34,BIRMINGHAM_NEW_STREET_RUGBY,Class_390,7
10/01/2026,10:38,CROSS_CITY_LINE_B,Class_730,6
10/01/2026,19:02,DORRIDGE_BIRMINGHAM_MOOR_STREET,Class_168,6
10/01/2026,18:29,DORRIDGE_BIRMINGHAM_MOOR_STREET,Class_168,6
10/01/2026,18:03,DORRIDGE_BIRMINGHAM_MOOR_STREET,Class_168,6
10/01/2026,17:31,DORRIDGE_BIRMINGHAM_MOOR_STREET,Class_168,6
10/01/2026,16:53,DORRIDGE_BIRMINGHAM_MOOR_STREET,Class_168,6
10/01/2026,16:24,DORRIDGE_BIRMINGHAM_MOOR_STREET,Class_168,6
10/01/2026,15:42,DORRIDGE_BIRMINGHAM_MOOR_STREET,Class_168,6
10/01/2026,14:53,DORRIDGE_BIRMINGHAM_MOOR_STREET,Class_168,6
10/01/2026,14:24,DORRIDGE_BIRMINGHAM_MOOR_STREET,Class_168,6
10/01/2026,13:55,DORRIDGE_BIRMINGHAM_MOOR_STREET,Class_168,6
10/01/2026,13:27,DORRIDGE_BIRMINGHAM_MOOR_STREET,Class_168,6
10/01/2026,12:49,DORRIDGE_BIRMINGHAM_MOOR_STREET,Class_168,6
10/01/2026,12:28,DORRIDGE_BIRMINGHAM_MOOR_STREET,Class_168,6
10/01/2026,11:45,DORRIDGE_BIRMINGHAM_MOOR_STREET,Class_168,6
10/01/2026,11:06,DORRIDGE_BIRMINGHAM_MOOR_STREET,Class_168,6
10/01/2026,10:36,DORRIDGE_BIRMINGHAM_MOOR_STREET,Class_168,6
10/01/2026,10:09,DORRIDGE_BIRMINGHAM_MOOR_STREET,Class_168,6
10/01/2026,09:28,DORRIDGE_BIRMINGHAM_MOOR_STREET,Class_168,6
10/01/2026,09:10,DORRIDGE_BIRMINGHAM_MOOR_STREET,Class_168,6
10/01/2026,08:29,DORRIDGE_BIRMINGHAM_MOOR_STREET,Class_168,6
10/01/2026,07:48,DORRIDGE_BIRMINGHAM_MOOR_STREET,Class_168,6
10/01/2026,07:22,DORRIDGE_BIRMINGHAM_MOOR_STREET,Class_168,6
10/01/2026,06:58,DORRIDGE_BIRMINGHAM_MOOR_STREET,Class_168,6
10/01/2026,06:30,DORRIDGE_BIRMINGHAM_MOOR_STREET,Class_168,6
10/01/2026,05:54,DORRIDGE_BIRMINGHAM_MOOR_STREET,Class_168,6
10/01/2026,23:32,BIRMINGHAM_MOOR_STREET_DORRIDGE,Class_168,6
10/01/2026,23:15,BIRMINGHAM_MOOR_STREET_DORRIDGE,Class_168,6
10/01/2026,19:37,DORRIDGE_BIRMINGHAM_MOOR_STREET,Class_168,6
10/01/2026,20:03,DORRIDGE_BIRMINGHAM_MOOR_STREET,Class_168,6
10/01/2026,20:35,DORRIDGE_BIRMINGHAM_MOOR_STREET,Class_168,6
10/01/2026,21:28,DORRIDGE_BIRMINGHAM_MOOR_STREET,Class_168,6
10/01/2026,16:20,DORRIDGE_BIRMINGHAM_SNOW_HILL,Class_168,6
10/01/2026,14:54,DORRIDGE_BIRMINGHAM_SNOW_HILL,Class_168,6
10/01/2026,13:52,DORRIDGE_BIRMINGHAM_SNOW_HILL,Class_168,6
10/01/2026,13:02,DORRIDGE_BIRMINGHAM_SNOW_HILL,Class_168,6
10/01/2026,11:47,DORRIDGE_BIRMINGHAM_SNOW_HILL,Class_168,6
10/01/2026,10:36,DORRIDGE_BIRMINGHAM_SNOW_HILL,Class_168,6
10/01/2026,09:38,DORRIDGE_BIRMINGHAM_SNOW_HILL,Class_168,6
10/01/2026,08:43,DORRIDGE_BIRMINGHAM_SNOW_HILL,Class_168,6
10/01/2026,23:32,BIRMINGHAM_SNOW_HILL_DORRIDGE,Class_168,6
10/01/2026,22:45,BIRMINGHAM_SNOW_HILL_DORRIDGE,Class_168,6
10/01/2026,21:53,BIRMINGHAM_SNOW_HILL_DORRIDGE,Class_168,6
10/01/2026,20:24,BIRMINGHAM_SNOW_HILL_DORRIDGE,Class_168,6
10/01/2026,19:34,BIRMINGHAM_SNOW_HILL_DORRIDGE,Class_168,6
10/01/2026,22:56,BIRMINGHAM_MOOR_STREET_DORRIDGE,Class_168,6
10/01/2026,18:19,BIRMINGHAM_SNOW_HILL_DORRIDGE,Class_168,6
10/01/2026,15:58,BIRMINGHAM_SNOW_HILL_DORRIDGE,Class_168,6
10/01/2026,14:47,BIRMINGHAM_SNOW_HILL_DORRIDGE,Class_168,6
10/01/2026,13:43,BIRMINGHAM_SNOW_HILL_DORRIDGE,Class_168,6
10/01/2026,12:49,BIRMINGHAM_SNOW_HILL_DORRIDGE,Class_168,6
10/01/2026,11:34,BIRMINGHAM_SNOW_HILL_DORRIDGE,Class_168,6
10/01/2026,10:33,BIRMINGHAM_SNOW_HILL_DORRIDGE,Class_168,6
10/01/2026,09:27,BIRMINGHAM_SNOW_HILL_DORRIDGE,Class_168,6
10/01/2026,08:27,BIRMINGHAM_SNOW_HILL_DORRIDGE,Class_168,6
10/01/2026,23:34,DORRIDGE_BIRMINGHAM_MOOR_STREET,Class_168,6
10/01/2026,23:11,DORRIDGE_BIRMINGHAM_MOOR_STREET,Class_168,6
10/01/2026,22:56,DORRIDGE_BIRMINGHAM_MOOR_STREET,Class_168,6
10/01/2026,22:16,DORRIDGE_BIRMINGHAM_MOOR_STREET,Class_168,6
10/01/2026,21:57,DORRIDGE_BIRMINGHAM_MOOR_STREET,Class_168,6
10/01/2026,17:14,BIRMINGHAM_SNOW_HILL_DORRIDGE,Class_168,6
10/01/2026,17:39,DORRIDGE_BIRMINGHAM_SNOW_HILL,Class_168,6
10/01/2026,22:24,BIRMINGHAM_MOOR_STREET_DORRIDGE,Class_168,6
10/01/2026,21:33,BIRMINGHAM_MOOR_STREET_DORRIDGE,Class_168,6
10/01/2026,20:22,WOLVERHAMPTON_BIRMINGHAM_INTERNATIONAL,Class_158,2
10/01/2026,19:30,WOLVERHAMPTON_BIRMINGHAM_INTERNATIONAL,Class_158,2
10/01/2026,18:24,WOLVERHAMPTON_BIRMINGHAM_INTERNATIONAL,Class_158,2
10/01/2026,17:23,WOLVERHAMPTON_BIRMINGHAM_INTERNATIONAL,Class_158,2
10/01/2026,16:13,WOLVERHAMPTON_BIRMINGHAM_INTERNATIONAL,Class_158,2
10/01/2026,14:46,WOLVERHAMPTON_BIRMINGHAM_INTERNATIONAL,Class_158,2
10/01/2026,13:44,WOLVERHAMPTON_BIRMINGHAM_INTERNATIONAL,Class_158,2
10/01/2026,12:38,WOLVERHAMPTON_BIRMINGHAM_INTERNATIONAL,Class_158,2
10/01/2026,11:29,WOLVERHAMPTON_BIRMINGHAM_INTERNATIONAL,Class_158,2
10/01/2026,10:30,WOLVERHAMPTON_BIRMINGHAM_INTERNATIONAL,Class_158,2
10/01/2026,09:21,WOLVERHAMPTON_BIRMINGHAM_INTERNATIONAL,Class_158,2
10/01/2026,07:11,WOLVERHAMPTON_BIRMINGHAM_INTERNATIONAL,Class_158,2
10/01/2026,06:22,WOLVERHAMPTON_BIRMINGHAM_INTERNATIONAL,Class_158,2
10/01/2026,05:15,WOLVERHAMPTON_BIRMINGHAM_INTERNATIONAL,Class_158,2
10/01/2026,19:28,BIRMINGHAM_INTERNATIONA_WOLVERHAMPTON,Class_158,2
10/01/2026,18:26,BIRMINGHAM_INTERNATIONA_WOLVERHAMPTON,Class_158,2
10/01/2026,17:14,BIRMINGHAM_INTERNATIONA_WOLVERHAMPTON,Class_158,2
10/01/2026,16:07,BIRMINGHAM_INTERNATIONA_WOLVERHAMPTON,Class_158,2
10/01/2026,14:42,BIRMINGHAM_INTERNATIONA_WOLVERHAMPTON,Class_158,2
10/01/2026,13:44,BIRMINGHAM_INTERNATIONA_WOLVERHAMPTON,Class_158,2
10/01/2026,12:43,BIRMINGHAM_INTERNATIONA_WOLVERHAMPTON,Class_158,2
10/01/2026,11:29,BIRMINGHAM_INTERNATIONA_WOLVERHAMPTON,Class_158,2
10/01/2026,10:29,BIRMINGHAM_INTERNATIONA_WOLVERHAMPTON,Class_158,2
10/01/2026,09:27,BIRMINGHAM_INTERNATIONA_WOLVERHAMPTON,Class_158,2
10/01/2026,08:19,BIRMINGHAM_INTERNATIONA_WOLVERHAMPTON,Class_158,2
10/01/2026,07:16,BIRMINGHAM_INTERNATIONA_WOLVERHAMPTON,Class_158,2
10/01/2026,06:22,BIRMINGHAM_INTERNATIONA_WOLVERHAMPTON,Class_158,2
10/01/2026,21:53,WOLVERHAMPTON_BIRMINGHAM_INTERNATIONAL,Class_158,2
10/01/2026,22:55,WOLVERHAMPTON_BIRMINGHAM_INTERNATIONAL,Class_158,2
10/01/2026,05:04,BIRMINGHAM_MOOR_STREET_DORRIDGE,Class_168,6
10/01/2026,05:12,BIRMINGHAM_MOOR_STREET_DORRIDGE,Class_168,6
10/01/2026,20:32,BIRMINGHAM_MOOR_STREET_DORRIDGE,Class_168,6
10/01/2026,19:56,BIRMINGHAM_MOOR_STREET_DORRIDGE,Class_168,6
10/01/2026,19:41,BIRMINGHAM_MOOR_STREET_DORRIDGE,Class_168,6
10/01/2026,18:58,BIRMINGHAM_MOOR_STREET_DORRIDGE,Class_168,6
10/01/2026,18:27,BIRMINGHAM_MOOR_STREET_DORRIDGE,Class_168,6
10/01/2026,18:05,BIRMINGHAM_MOOR_STREET_DORRIDGE,Class_168,6
10/01/2026,17:31,BIRMINGHAM_MOOR_STREET_DORRIDGE,Class_168,6
10/01/2026,16:47,BIRMINGHAM_MOOR_STREET_DORRIDGE,Class_168,6
10/01/2026,16:15,BIRMINGHAM_MOOR_STREET_DORRIDGE,Class_168,6
10/01/2026,14:48,BIRMINGHAM_MOOR_STREET_DORRIDGE,Class_168,6
10/01/2026,14:13,BIRMINGHAM_MOOR_STREET_DORRIDGE,Class_168,6
10/01/2026,13:52,BIRMINGHAM_MOOR_STREET_DORRIDGE,Class_168,6
10/01/2026,13:24,BIRMINGHAM_MOOR_STREET_DORRIDGE,Class_168,6
10/01/2026,21:56,BIRMINGHAM_MOOR_STREET_DORRIDGE,Class_168,6
10/01/2026,13:05,BIRMINGHAM_MOOR_STREET_DORRIDGE,Class_168,6
10/01/2026,11:39,BIRMINGHAM_MOOR_STREET_DORRIDGE,Class_168,6
10/01/2026,11:03,BIRMINGHAM_MOOR_STREET_DORRIDGE,Class_168,6
10/01/2026,10:35,BIRMINGHAM_MOOR_STREET_DORRIDGE,Class_168,6
10/01/2026,10:07,BIRMINGHAM_MOOR_STREET_DORRIDGE,Class_168,6
10/01/2026,09:34,BIRMINGHAM_MOOR_STREET_DORRIDGE,Class_168,6
10/01/2026,09:01,BIRMINGHAM_MOOR_STREET_DORRIDGE,Class_168,6
10/01/2026,08:39,BIRMINGHAM_MOOR_STREET_DORRIDGE,Class_168,6
10/01/2026,07:51,BIRMINGHAM_MOOR_STREET_DORRIDGE,Class_168,6
10/01/2026,07:18,BIRMINGHAM_MOOR_STREET_DORRIDGE,Class_168,6
10/01/2026,06:58,BIRMINGHAM_MOOR_STREET_DORRIDGE,Class_168,6
10/01/2026,06:23,BIRMINGHAM_MOOR_STREET_DORRIDGE,Class_168,6
10/01/2026,05:53,BIRMINGHAM_MOOR_STREET_DORRIDGE,Class_168,6
10/01/2026,05:28,BIRMINGHAM_MOOR_STREET_DORRIDGE,Class_168,6
10/01/2026,12:11,BIRMINGHAM_MOOR_STREET_DORRIDGE,Class_168,6
10/01/2026,18:48,DORRIDGE_BIRMINGHAM_SNOW_HILL,Class_168,6
10/01/2026,15:24,BIRMINGHAM_MOOR_STREET_DORRIDGE,Class_168,6
10/01/2026,20:37,DORRIDGE_BIRMINGHAM_SNOW_HILL,Class_168,6
10/01/2026,12:10,CROSS_CITY_LINE_A,Class_730,6
10/01/2026,11:32,CROSS_CITY_LINE_A,Class_730,6
10/01/2026,11:01,CROSS_CITY_LINE_A,Class_730,6
10/01/2026,10:28,CROSS_CITY_LINE_A,Class_730,6
10/01/2026,09:55,CROSS_CITY_LINE_A,Class_730,6
10/01/2026,09:23,CROSS_CITY_LINE_A,Class_730,6
10/01/2026,09:01,CROSS_CITY_LINE_A,Class_730,6
10/01/2026,08:15,CROSS_CITY_LINE_A,Class_730,6
10/01/2026,07:48,CROSS_CITY_LINE_A,Class_730,6
10/01/2026,07:14,CROSS_CITY_LINE_A,Class_730,6
10/01/2026,06:49,CROSS_CITY_LINE_A,Class_730,6
10/01/2026,06:23,CROSS_CITY_LINE_A,Class_730,6
10/01/2026,05:53,CROSS_CITY_LINE_A,Class_730,6
10/01/2026,12:40,CROSS_CITY_LINE_A,Class_730,6
10/01/2026,05:23,CROSS_CITY_LINE_A,Class_730,6
10/01/2026,21:04,COVENTRY_STAFFORD,Class_390,11
10/01/2026,19:45,COVENTRY_STAFFORD,Class_390,11
10/01/2026,18:46,COVENTRY_STAFFORD,Class_390,11
10/01/2026,17:38,COVENTRY_STAFFORD,Class_390,11
10/01/2026,16:27,COVENTRY_STAFFORD,Class_390,11
10/01/2026,14:59,COVENTRY_STAFFORD,Class_390,11
10/01/2026,13:57,COVENTRY_STAFFORD,Class_390,11
10/01/2026,13:15,COVENTRY_STAFFORD,Class_390,11
10/01/2026,11:53,COVENTRY_STAFFORD,Class_390,11
10/01/2026,10:47,COVENTRY_STAFFORD,Class_390,11
10/01/2026,09:47,COVENTRY_STAFFORD,Class_390,11
10/01/2026,08:40,COVENTRY_STAFFORD,Class_390,11
10/01/2026,07:35,COVENTRY_STAFFORD,Class_390,11
10/01/2026,22:00,COVENTRY_STAFFORD,Class_390,11
10/01/2026,06:31,COVENTRY_STAFFORD,Class_390,11
10/01/2026,13:24,CROSS_CITY_LINE_A,Class_730,6
10/01/2026,14:13,CROSS_CITY_LINE_A,Class_730,6
10/01/2026,19:47,DORRIDGE_BIRMINGHAM_SNOW_HILL,Class_168,6
10/01/2026,10:13,CROSS_CITY_LINE_B,Class_730,6
10/01/2026,09:42,CROSS_CITY_LINE_B,Class_730,6
10/01/2026,09:11,CROSS_CITY_LINE_B,Class_730,6
10/01/2026,08:40,CROSS_CITY_LINE_B,Class_730,6
10/01/2026,08:05,CROSS_CITY_LINE_B,Class_730,6
10/01/2026,07:30,CROSS_CITY_LINE_B,Class_730,6
10/01/2026,07:00,CROSS_CITY_LINE_B,Class_730,6
10/01/2026,06:24,CROSS_CITY_LINE_B,Class_730,6
10/01/2026,06:12,CROSS_CITY_LINE_B,Class_730,6
10/01/2026,05:32,CROSS_CITY_LINE_B,Class_730,6
10/01/2026,23:21,CROSS_CITY_LINE_A,Class_730,6
10/01/2026,23:05,CROSS_CITY_LINE_A,Class_730,6
10/01/2026,13:42,CROSS_CITY_LINE_A,Class_730,6
10/01/2026,22:47,CROSS_CITY_LINE_A,Class_730,6
10/01/2026,21:55,CROSS_CITY_LINE_A,Class_730,6
10/01/2026,21:19,CROSS_CITY_LINE_A,Class_730,6
10/01/2026,20:22,CROSS_CITY_LINE_A,Class_730,6
10/01/2026,19:56,CROSS_CITY_LINE_A,Class_730,6
10/01/2026,19:23,CROSS_CITY_LINE_A,Class_730,6
10/01/2026,18:58,CROSS_CITY_LINE_A,Class_730,6
10/01/2026,18:18,CROSS_CITY_LINE_A,Class_730,6
10/01/2026,17:58,CROSS_CITY_LINE_A,Class_730,6
10/01/2026,17:13,CROSS_CITY_LINE_A,Class_730,6
10/01/2026,16:46,CROSS_CITY_LINE_A,Class_730,6
10/01/2026,16:09,CROSS_CITY_LINE_A,Class_730,6
10/01/2026,15:22,CROSS_CITY_LINE_A,Class_730,6
10/01/2026,14:43,CROSS_CITY_LINE_A,Class_730,6
10/01/2026,22:13,CROSS_CITY_LINE_A,Class_730,6
10/01/2026,22:58,STAFFORD_COVENTRY,Class_390,11
10/01/2026,11:05,CROSS_CITY_LINE_B,Class_730,6
10/01/2026,20:51,STAFFORD_COVENTRY,Class_390,11
10/01/2026,08:26,RUGBY_BIRMINGHAM_NEW_STREET,Class_390,7
10/01/2026,07:36,RUGBY_BIRMINGHAM_NEW_STREET,Class_390,7
10/01/2026,19:49,BIRMINGHAM_NEW_STREET_RUGBY,Class_390,7
10/01/2026,18:33,BIRMINGHAM_NEW_STREET_RUGBY,Class_390,7
10/01/2026,17:41,BIRMINGHAM_NEW_STREET_RUGBY,Class_390,7
10/01/2026,15:03,BIRMINGHAM_NEW_STREET_RUGBY,Class_390,7
10/01/2026,14:02,BIRMINGHAM_NEW_STREET_RUGBY,Class_390,7
10/01/2026,13:06,BIRMINGHAM_NEW_STREET_RUGBY,Class_390,7
10/01/2026,11:55,BIRMINGHAM_NEW_STREET_RUGBY,Class_390,7
10/01/2026,10:40,BIRMINGHAM_NEW_STREET_RUGBY,Class_390,7
10/01/2026,09:40,BIRMINGHAM_NEW_STREET_RUGBY,Class_390,7
10/01/2026,08:41,BIRMINGHAM_NEW_STREET_RUGBY,Class_390,7
10/01/2026,07:32,BIRMINGHAM_NEW_STREET_RUGBY,Class_390,7
10/01/2026,09:14,RUGBY_BIRMINGHAM_NEW_STREET,Class_390,7
10/01/2026,23:01,RUGBY_WOLVERHAMPTON,Class_390,11
10/01/2026,19:42,RUGBY_WOLVERHAMPTON,Class_390,11
10/01/2026,06:00,WOLVERHAMPTON_COVENTRY,Class_390,11
10/01/2026,05:24,WOLVERHAMPTON_COVENTRY,Class_390,11
10/01/2026,05:11,WOLVERHAMPTON_COVENTRY,Class_390,11
10/01/2026,05:05,WOLVERHAMPTON_COVENTRY,Class_390,11
10/01/2026,23:16,DORRIDGE_STOURBRIDGE_JUNCTION,Class_168,6
10/01/2026,21:10,DORRIDGE_STOURBRIDGE_JUNCTION,Class_168,6
10/01/2026,18:29,DORRIDGE_STOURBRIDGE_JUNCTION,Class_168,6
10/01/2026,05:26,STOURBRIDGE_JUNCTION_DORRIDGE,Class_168,6
10/01/2026,23:35,DORRIDGE_BIRMINGHAM_SNOW_HILL,Class_168,6
10/01/2026,22:57,DORRIDGE_BIRMINGHAM_SNOW_HILL,Class_168,6
10/01/2026,21:59,DORRIDGE_BIRMINGHAM_SNOW_HILL,Class_168,6
10/01/2026,22:01,STAFFORD_COVENTRY,Class_390,11
10/01/2026,20:34,RUGBY_WOLVERHAMPTON,Class_390,11
10/01/2026,09:40,RUGBY_BIRMINGHAM_NEW_STREET,Class_390,7
10/01/2026,06:39,BIRMINGHAM_NEW_STREET_RUGBY,Class_390,7
10/01/2026,10:41,RUGBY_BIRMINGHAM_NEW_STREET,Class_390,7
10/01/2026,18:49,STAFFORD_COVENTRY,Class_390,11
10/01/2026,19:52,STAFFORD_COVENTRY,Class_390,11
10/01/2026,10:23,RUGBY_BIRMINGHAM_NEW_STREET,Class_390,7
10/01/2026,17:41,STAFFORD_COVENTRY,Class_390,11
10/01/2026,16:31,STAFFORD_COVENTRY,Class_390,11
10/01/2026,14:56,STAFFORD_COVENTRY,Class_390,11
10/01/2026,14:06,STAFFORD_COVENTRY,Class_390,11
10/01/2026,13:18,STAFFORD_COVENTRY,Class_390,11
10/01/2026,11:56,STAFFORD_COVENTRY,Class_390,11
10/01/2026,09:50,STAFFORD_COVENTRY,Class_390,11
10/01/2026,08:46,STAFFORD_COVENTRY,Class_390,11
10/01/2026,07:36,STAFFORD_COVENTRY,Class_390,11
10/01/2026,06:39,STAFFORD_COVENTRY,Class_390,11
10/01/2026,18:29,RUGBY_BIRMINGHAM_NEW_STREET,Class_390,7
10/01/2026,10:44,STAFFORD_COVENTRY,Class_390,11
10/01/2026,18:15,RUGBY_BIRMINGHAM_NEW_STREET,Class_390,7
10/01/2026,12:37,RUGBY_BIRMINGHAM_NEW_STREET,Class_390,7
10/01/2026,12:49,RUGBY_BIRMINGHAM_NEW_STREET,Class_390,7
10/01/2026,13:36,RUGBY_BIRMINGHAM_NEW_STREET,Class_390,7
10/01/2026,11:40,RUGBY_BIRMINGHAM_NEW_STREET,Class_390,7
10/01/2026,14:29,RUGBY_BIRMINGHAM_NEW_STREET,Class_390,7
10/01/2026,14:53,RUGBY_BIRMINGHAM_NEW_STREET,Class_390,7
10/01/2026,13:49,RUGBY_BIRMINGHAM_NEW_STREET,Class_390,7
10/01/2026,15:53,RUGBY_BIRMINGHAM_NEW_STREET,Class_390,7
10/01/2026,16:19,RUGBY_BIRMINGHAM_NEW_STREET,Class_390,7
10/01/2026,17:01,RUGBY_BIRMINGHAM_NEW_STREET,Class_390,7
10/01/2026,17:35,RUGBY_BIRMINGHAM_NEW_STREET,Class_390,7
10/01/2026,11:17,RUGBY_BIRMINGHAM_NEW_STREET,Class_390,7
11/01/2026,10:03,BIRMINGHAM_NEW_STREET_NORTHAMPTON,Class_350,8
11/01/2026,08:52,BIRMINGHAM_NEW_STREET_NORTHAMPTON,Class_350,8
11/01/2026,07:19,BIRMINGHAM_NEW_STREET_NORTHAMPTON,Class_350,8
11/01/2026,21:51,NORTHAMPTON_BIRMINGHAM_NEW_STREET,Class_350,5
11/01/2026,20:57,NORTHAMPTON_BIRMINGHAM_NEW_STREET,Class_350,5
11/01/2026,20:08,NORTHAMPTON_BIRMINGHAM_NEW_STREET,Class_350,5
11/01/2026,11:28,NORTHAMPTON_BIRMINGHAM_NEW_STREET,Class_350,5
11/01/2026,16:10,NORTHAMPTON_BIRMINGHAM_NEW_STREET,Class_350,5
11/01/2026,14:34,NORTHAMPTON_BIRMINGHAM_NEW_STREET,Class_350,5
11/01/2026,05:17,NORTHAMPTON_BIRMINGHAM_NEW_STREET,Class_350,5
11/01/2026,07:36,NORTHAMPTON_BIRMINGHAM_NEW_STREET,Class_350,5
11/01/2026,21:52,BIRMINGHAM_INTERNATIONAL_RUGELEY_TRENT_VALLEY,Class_730,3
11/01/2026,13:14,BIRMINGHAM_NEW_STREET_NORTHAMPTON,Class_350,8
11/01/2026,06:21,NORTHAMPTON_BIRMINGHAM_NEW_STREET,Class_350,5
11/01/2026,17:59,NORTHAMPTON_BIRMINGHAM_NEW_STREET,Class_350,5
11/01/2026,17:01,BIRMINGHAM_NEW_STREET_NORTHAMPTON,Class_350,8
11/01/2026,12:15,WOLVERHAMPTON_WALSALL,Class_730,3
11/01/2026,19:49,BIRMINGHAM_NEW_STREET_NORTHAMPTON,Class_350,8
11/01/2026,14:13,WOLVERHAMPTON_WALSALL,Class_730,3
11/01/2026,21:22,BIRMINGHAM_INTERNATIONAL_RUGELEY_TRENT_VALLEY,Class_730,3
11/01/2026,14:36,WOLVERHAMPTON_WALSALL,Class_730,3
11/01/2026,13:09,WOLVERHAMPTON_WALSALL,Class_730,3
11/01/2026,12:33,WOLVERHAMPTON_WALSALL,Class_730,3
11/01/2026,10:51,WOLVERHAMPTON_WALSALL,Class_730,3
11/01/2026,10:16,WOLVERHAMPTON_WALSALL,Class_730,3
11/01/2026,08:47,WOLVERHAMPTON_WALSALL,Class_730,3
11/01/2026,08:03,WOLVERHAMPTON_WALSALL,Class_730,3
11/01/2026,06:26,WOLVERHAMPTON_WALSALL,Class_730,3
11/01/2026,06:08,WOLVERHAMPTON_WALSALL,Class_730,3
11/01/2026,05:23,WOLVERHAMPTON_WALSALL,Class_730,3
11/01/2026,23:13,BIRMINGHAM_NEW_STREET_NORTHAMPTON,Class_350,8
11/01/2026,22:37,BIRMINGHAM_NEW_STREET_NORTHAMPTON,Class_350,8
11/01/2026,21:42,BIRMINGHAM_NEW_STREET_NORTHAMPTON,Class_350,8
11/01/2026,17:46,BIRMINGHAM_NEW_STREET_NORTHAMPTON,Class_350,8
11/01/2026,19:58,BIRMINGHAM_INTERNATIONAL_RUGELEY_TRENT_VALLEY,Class_730,3
11/01/2026,09:28,RUGELEY_TRENT_VALLEY_BIRMINGHAM_INTERNATIONAL,Class_730,3
11/01/2026,18:50,BIRMINGHAM_INTERNATIONAL_RUGELEY_TRENT_VALLEY,Class_730,3
11/01/2026,14:29,RUGELEY_TRENT_VALLEY_BIRMINGHAM_INTERNATIONAL,Class_730,3
11/01/2026,13:24,RUGELEY_TRENT_VALLEY_BIRMINGHAM_INTERNATIONAL,Class_730,3
11/01/2026,12:58,RUGELEY_TRENT_VALLEY_BIRMINGHAM_INTERNATIONAL,Class_730,3
11/01/2026,12:25,RUGELEY_TRENT_VALLEY_BIRMINGHAM_INTERNATIONAL,Class_730,3
11/01/2026,11:20,RUGELEY_TRENT_VALLEY_BIRMINGHAM_INTERNATIONAL,Class_730,3
11/01/2026,10:46,RUGELEY_TRENT_VALLEY_BIRMINGHAM_INTERNATIONAL,Class_730,3
11/01/2026,15:33,WOLVERHAMPTON_WALSALL,Class_730,3
11/01/2026,08:18,RUGELEY_TRENT_VALLEY_BIRMINGHAM_INTERNATIONAL,Class_730,3
11/01/2026,06:55,RUGELEY_TRENT_VALLEY_BIRMINGHAM_INTERNATIONAL,Class_730,3
11/01/2026,06:22,RUGELEY_TRENT_VALLEY_BIRMINGHAM_INTERNATIONAL,Class_730,3
11/01/2026,05:58,RUGELEY_TRENT_VALLEY_BIRMINGHAM_INTERNATIONAL,Class_730,3
11/01/2026,23:03,FOUR_OAKS_REDDITCH,Class_730,6
11/01/2026,22:38,FOUR_OAKS_REDDITCH,Class_730,6
11/01/2026,21:12,FOUR_OAKS_REDDITCH,Class_730,6
11/01/2026,20:31,FOUR_OAKS_REDDITCH,Class_730,6
11/01/2026,15:23,RUGELEY_TRENT_VALLEY_BIRMINGHAM_INTERNATIONAL,Class_730,3
11/01/2026,16:10,RUGELEY_TRENT_VALLEY_BIRMINGHAM_INTERNATIONAL,Class_730,3
11/01/2026,18:30,RUGELEY_TRENT_VALLEY_BIRMINGHAM_INTERNATIONAL,Class_730,3
11/01/2026,18:48,RUGELEY_TRENT_VALLEY_BIRMINGHAM_INTERNATIONAL,Class_730,3
11/01/2026,16:35,BIRMINGHAM_INTERNATIONAL_RUGELEY_TRENT_VALLEY,Class_730,3
11/01/2026,16:11,BIRMINGHAM_INTERNATIONAL_RUGELEY_TRENT_VALLEY,Class_730,3
11/01/2026,15:06,BIRMINGHAM_INTERNATIONAL_RUGELEY_TRENT_VALLEY,Class_730,3
11/01/2026,14:08,BIRMINGHAM_INTERNATIONAL_RUGELEY_TRENT_VALLEY,Class_730,3
11/01/2026,13:34,BIRMINGHAM_INTERNATIONAL_RUGELEY_TRENT_VALLEY,Class_730,3
11/01/2026,12:56,BIRMINGHAM_INTERNATIONAL_RUGELEY_TRENT_VALLEY,Class_730,3
11/01/2026,11:53,BIRMINGHAM_INTERNATIONAL_RUGELEY_TRENT_VALLEY,Class_730,3
11/01/2026,19:24,BIRMINGHAM_INTERNATIONAL_RUGELEY_TRENT_VALLEY,Class_730,3
11/01/2026,11:30,BIRMINGHAM_INTERNATIONAL_RUGELEY_TRENT_VALLEY,Class_730,3
11/01/2026,09:01,BIRMINGHAM_INTERNATIONAL_RUGELEY_TRENT_VALLEY,Class_730,3
11/01/2026,07:31,BIRMINGHAM_INTERNATIONAL_RUGELEY_TRENT_VALLEY,Class_730,3
11/01/2026,07:03,BIRMINGHAM_INTERNATIONAL_RUGELEY_TRENT_VALLEY,Class_730,3
11/01/2026,06:22,BIRMINGHAM_INTERNATIONAL_RUGELEY_TRENT_VALLEY,Class_730,3
11/01/2026,21:53,RUGELEY_TRENT_VALLEY_BIRMINGHAM_INTERNATIONAL,Class_730,3
11/01/2026,21:07,RUGELEY_TRENT_VALLEY_BIRMINGHAM_INTERNATIONAL,Class_730,3
11/01/2026,19:29,RUGELEY_TRENT_VALLEY_BIRMINGHAM_INTERNATIONAL,Class_730,3
11/01/2026,09:41,BIRMINGHAM_INTERNATIONAL_RUGELEY_TRENT_VALLEY,Class_730,3
11/01/2026,16:52,WOLVERHAMPTON_WALSALL,Class_730,3
11/01/2026,16:15,BIRMINGHAM_INTERNATIONA_WOLVERHAMPTON,Class_158,2
11/01/2026,18:58,WOLVERHAMPTON_WALSALL,Class_730,3
11/01/2026,14:23,BIRMINGHAM_MOOR_STREET_DORRIDGE,Class_168,6
11/01/2026,14:02,BIRMINGHAM_MOOR_STREET_DORRIDGE,Class_168,6
11/01/2026,13:23,BIRMINGHAM_MOOR_STREET_DORRIDGE,Class_168,6
11/01/2026,12:17,BIRMINGHAM_MOOR_STREET_DORRIDGE,Class_168,6
11/01/2026,11:44,BIRMINGHAM_MOOR_STREET_DORRIDGE,Class_168,6
11/01/2026,11:07,BIRMINGHAM_MOOR_STREET_DORRIDGE,Class_168,6
11/01/2026,10:12,BIRMINGHAM_MOOR_STREET_DORRIDGE,Class_168,6
11/01/2026,09:35,BIRMINGHAM_MOOR_STREET_DORRIDGE,Class_168,6
11/01/2026,08:17,BIRMINGHAM_MOOR_STREET_DORRIDGE,Class_168,6
11/01/2026,07:23,BIRMINGHAM_MOOR_STREET_DORRIDGE,Class_168,6
11/01/2026,07:00,BIRMINGHAM_MOOR_STREET_DORRIDGE,Class_168,6
11/01/2026,05:15,BIRMINGHAM_MOOR_STREET_DORRIDGE,Class_168,6
11/01/2026,05:03,BIRMINGHAM_MOOR_STREET_DORRIDGE,Class_168,6
11/01/2026,22:59,WOLVERHAMPTON_BIRMINGHAM_INTERNATIONAL,Class_158,2
11/01/2026,22:15,WOLVERHAMPTON_BIRMINGHAM_INTERNATIONAL,Class_158,2
11/01/2026,16:00,BIRMINGHAM_MOOR_STREET_DORRIDGE,Class_168,6
11/01/2026,21:08,WOLVERHAMPTON_BIRMINGHAM_INTERNATIONAL,Class_158,2
11/01/2026,18:37,BIRMINGHAM_MOOR_STREET_DORRIDGE,Class_168,6
11/01/2026,19:16,BIRMINGHAM_MOOR_STREET_DORRIDGE,Class_168,6
11/01/2026,19:56,FOUR_OAKS_REDDITCH,Class_730,6
11/01/2026,13:49,DORRIDGE_BIRMINGHAM_MOOR_STREET,Class_168,6
11/01/2026,13:34,DORRIDGE_BIRMINGHAM_MOOR_STREET,Class_168,6
11/01/2026,12:49,DORRIDGE_BIRMINGHAM_MOOR_STREET,Class_168,6
11/01/2026,11:39,DORRIDGE_BIRMINGHAM_MOOR_STREET,Class_168,6
11/01/2026,11:18,DORRIDGE_BIRMINGHAM_MOOR_STREET,Class_168,6
11/01/2026,09:40,DORRIDGE_BIRMINGHAM_MOOR_STREET,Class_168,6
11/01/2026,08:53,DORRIDGE_BIRMINGHAM_MOOR_STREET,Class_168,6
11/01/2026,07:29,DORRIDGE_BIRMINGHAM_MOOR_STREET,Class_168,6
11/01/2026,07:04,DORRIDGE_BIRMINGHAM_MOOR_STREET,Class_168,6
11/01/2026,06:21,DORRIDGE_BIRMINGHAM_MOOR_STREET,Class_168,6
11/01/2026,23:22,BIRMINGHAM_MOOR_STREET_DORRIDGE,Class_168,6
11/01/2026,22:21,BIRMINGHAM_MOOR_STREET_DORRIDGE,Class_168,6
11/01/2026,21:48,BIRMINGHAM_MOOR_STREET_DORRIDGE,Class_168,6
11/01/2026,19:57,BIRMINGHAM_MOOR_STREET_DORRIDGE,Class_168,6
11/01/2026,18:42,BIRMINGHAM_MOOR_STREET_DORRIDGE,Class_168,6
11/01/2026,19:12,WOLVERHAMPTON_BIRMINGHAM_INTERNATIONAL,Class_158,2
11/01/2026,17:03,WOLVERHAMPTON_BIRMINGHAM_INTERNATIONAL,Class_158,2
11/01/2026,16:20,WOLVERHAMPTON_BIRMINGHAM_INTERNATIONAL,Class_158,2
11/01/2026,14:10,WALSALL_WOLVERHAMPTON,Class_745,3
11/01/2026,13:12,WALSALL_WOLVERHAMPTON,Class_743,3
11/01/2026,12:27,WALSALL_WOLVERHAMPTON,Class_742,3
11/01/2026,12:01,WALSALL_WOLVERHAMPTON,Class_741,3
11/01/2026,10:59,WALSALL_WOLVERHAMPTON,Class_739,3
11/01/2026,10:16,WALSALL_WOLVERHAMPTON,Class_738,3
11/01/2026,08:49,WALSALL_WOLVERHAMPTON,Class_735,3
11/01/2026,07:48,WALSALL_WOLVERHAMPTON,Class_734,3
11/01/2026,06:42,WALSALL_WOLVERHAMPTON,Class_732,3
11/01/2026,06:10,WALSALL_WOLVERHAMPTON,Class_731,3
11/01/2026,05:37,WALSALL_WOLVERHAMPTON,Class_730,3
11/01/2026,22:49,WOLVERHAMPTON_WALSALL,Class_730,3
11/01/2026,22:03,WOLVERHAMPTON_WALSALL,Class_730,3
11/01/2026,20:43,WOLVERHAMPTON_WALSALL,Class_730,3
11/01/2026,20:16,WOLVERHAMPTON_WALSALL,Class_730,3
11/01/2026,14:42,WALSALL_WOLVERHAMPTON,Class_746,3
11/01/2026,15:35,WALSALL_WOLVERHAMPTON,Class_747,3
11/01/2026,16:45,WALSALL_WOLVERHAMPTON,Class_749,3
11/01/2026,17:43,WALSALL_WOLVERHAMPTON,Class_751,3
11/01/2026,12:48,WOLVERHAMPTON_BIRMINGHAM_INTERNATIONAL,Class_158,2
11/01/2026,08:15,WOLVERHAMPTON_BIRMINGHAM_INTERNATIONAL,Class_158,2
11/01/2026,06:43,WOLVERHAMPTON_BIRMINGHAM_INTERNATIONAL,Class_158,2
11/01/2026,05:30,WOLVERHAMPTON_BIRMINGHAM_INTERNATIONAL,Class_158,2
11/01/2026,20:28,BIRMINGHAM_INTERNATIONA_WOLVERHAMPTON,Class_158,2
11/01/2026,19:04,BIRMINGHAM_INTERNATIONA_WOLVERHAMPTON,Class_158,2
11/01/2026,17:05,BIRMINGHAM_INTERNATIONA_WOLVERHAMPTON,Class_158,2
11/01/2026,17:42,WOLVERHAMPTON_WALSALL,Class_730,3
11/01/2026,12:41,BIRMINGHAM_INTERNATIONA_WOLVERHAMPTON,Class_158,2
11/01/2026,08:04,BIRMINGHAM_INTERNATIONA_WOLVERHAMPTON,Class_158,2
11/01/2026,06:51,BIRMINGHAM_INTERNATIONA_WOLVERHAMPTON,Class_158,2
11/01/2026,22:40,WALSALL_WOLVERHAMPTON,Class_762,3
11/01/2026,22:10,WALSALL_WOLVERHAMPTON,Class_760,3
11/01/2026,20:43,WALSALL_WOLVERHAMPTON,Class_757,3
11/01/2026,20:23,WALSALL_WOLVERHAMPTON,Class_756,3
11/01/2026,18:51,WALSALL_WOLVERHAMPTON,Class_754,3
11/01/2026,09:33,BIRMINGHAM_INTERNATIONA_WOLVERHAMPTON,Class_158,2
11/01/2026,20:55,BIRMINGHAM_MOOR_STREET_DORRIDGE,Class_168,6
11/01/2026,18:44,FOUR_OAKS_REDDITCH,Class_730,6
11/01/2026,16:22,FOUR_OAKS_REDDITCH,Class_730,6
11/01/2026,18:01,RUGBY_BIRMINGHAM_NEW_STREET,Class_390,7
11/01/2026,17:19,RUGBY_BIRMINGHAM_NEW_STREET,Class_390,7
11/01/2026,16:28,RUGBY_BIRMINGHAM_NEW_STREET,Class_390,7
11/01/2026,15:08,RUGBY_BIRMINGHAM_NEW_STREET,Class_390,7
11/01/2026,13:48,RUGBY_BIRMINGHAM_NEW_STREET,Class_390,7
11/01/2026,11:54,RUGBY_BIRMINGHAM_NEW_STREET,Class_390,7
11/01/2026,10:47,RUGBY_BIRMINGHAM_NEW_STREET,Class_390,7
11/01/2026,10:17,RUGBY_BIRMINGHAM_NEW_STREET,Class_390,7
11/01/2026,09:36,RUGBY_BIRMINGHAM_NEW_STREET,Class_390,7
11/01/2026,08:46,RUGBY_BIRMINGHAM_NEW_STREET,Class_390,7
11/01/2026,20:32,BIRMINGHAM_NEW_STREET_RUGBY,Class_390,7
11/01/2026,19:28,BIRMINGHAM_NEW_STREET_RUGBY,Class_390,7
11/01/2026,17:41,BIRMINGHAM_NEW_STREET_RUGBY,Class_390,7
11/01/2026,16:28,BIRMINGHAM_NEW_STREET_RUGBY,Class_390,7
11/01/2026,13:01,BIRMINGHAM_NEW_STREET_RUGBY,Class_390,7
11/01/2026,18:10,RUGBY_BIRMINGHAM_NEW_STREET,Class_390,7
11/01/2026,10:00,BIRMINGHAM_NEW_STREET_RUGBY,Class_390,7
11/01/2026,18:54,RUGBY_BIRMINGHAM_NEW_STREET,Class_390,7
11/01/2026,08:20,STAFFORD_COVENTRY,Class_390,11
11/01/2026,19:46,COVENTRY_STAFFORD,Class_390,11
11/01/2026,17:41,COVENTRY_STAFFORD,Class_390,11
11/01/2026,16:41,COVENTRY_STAFFORD,Class_390,11
11/01/2026,13:08,COVENTRY_STAFFORD,Class_390,11
11/01/2026,09:59,COVENTRY_STAFFORD,Class_390,11
11/01/2026,08:20,COVENTRY_STAFFORD,Class_390,11
11/01/2026,07:00,COVENTRY_STAFFORD,Class_390,11
11/01/2026,23:05,STAFFORD_COVENTRY,Class_390,11
11/01/2026,22:21,STAFFORD_COVENTRY,Class_390,11
11/01/2026,21:36,STAFFORD_COVENTRY,Class_390,11
11/01/2026,19:38,STAFFORD_COVENTRY,Class_390,11
11/01/2026,17:41,STAFFORD_COVENTRY,Class_390,11
11/01/2026,16:41,STAFFORD_COVENTRY,Class_390,11
11/01/2026,12:59,STAFFORD_COVENTRY,Class_390,11
11/01/2026,10:03,STAFFORD_COVENTRY,Class_390,11
11/01/2026,07:15,STAFFORD_COVENTRY,Class_390,11
11/01/2026,21:38,COVENTRY_STAFFORD,Class_390,11
11/01/2026,08:23,BIRMINGHAM_NEW_STREET_RUGBY,Class_390,7
11/01/2026,21:15,RUGBY_WOLVERHAMPTON,Class_390,11
11/01/2026,18:04,BIRMINGHAM_SNOW_HILL_DORRIDGE,Class_168,6
11/01/2026,14:56,BIRMINGHAM_SNOW_HILL_DORRIDGE,Class_168,6
11/01/2026,10:25,BIRMINGHAM_SNOW_HILL_DORRIDGE,Class_168,6
11/01/2026,09:34,BIRMINGHAM_SNOW_HILL_DORRIDGE,Class_168,6
11/01/2026,23:26,DORRIDGE_BIRMINGHAM_MOOR_STREET,Class_168,6
11/01/2026,22:39,DORRIDGE_BIRMINGHAM_MOOR_STREET,Class_168,6
11/01/2026,21:13,DORRIDGE_BIRMINGHAM_MOOR_STREET,Class_168,6
11/01/2026,20:52,DORRIDGE_BIRMINGHAM_MOOR_STREET,Class_168,6
11/01/2026,19:56,DORRIDGE_BIRMINGHAM_MOOR_STREET,Class_168,6
11/01/2026,18:23,DORRIDGE_BIRMINGHAM_MOOR_STREET,Class_168,6
11/01/2026,17:40,DORRIDGE_BIRMINGHAM_MOOR_STREET,Class_168,6
11/01/2026,16:23,DORRIDGE_BIRMINGHAM_MOOR_STREET,Class_168,6
11/01/2026,16:01,DORRIDGE_BIRMINGHAM_MOOR_STREET,Class_168,6
11/01/2026,15:17,DORRIDGE_BIRMINGHAM_MOOR_STREET,Class_168,6
11/01/2026,17:28,FOUR_OAKS_REDDITCH,Class_730,6
11/01/2026,19:15,BIRMINGHAM_SNOW_HILL_DORRIDGE,Class_168,6
11/01/2026,07:15,BIRMINGHAM_NEW_STREET_RUGBY,Class_390,7
11/01/2026,21:12,BIRMINGHAM_SNOW_HILL_DORRIDGE,Class_168,6
11/01/2026,23:31,BIRMINGHAM_SNOW_HILL_DORRIDGE,Class_168,6
11/01/2026,20:30,RUGBY_WOLVERHAMPTON,Class_390,11
11/01/2026,06:18,WOLVERHAMPTON_COVENTRY,Class_390,11
11/01/2026,05:07,WOLVERHAMPTON_COVENTRY,Class_390,11
11/01/2026,21:39,DORRIDGE_STOURBRIDGE_JUNCTION,Class_168,6
11/01/2026,19:17,DORRIDGE_STOURBRIDGE_JUNCTION,Class_168,6
11/01/2026,05:51,STOURBRIDGE_JUNCTION_DORRIDGE,Class_168,6
11/01/2026,23:31,DORRIDGE_BIRMINGHAM_SNOW_HILL,Class_168,6
11/01/2026,23:03,DORRIDGE_BIRMINGHAM_SNOW_HILL,Class_168,6
11/01/2026,21:36,DORRIDGE_BIRMINGHAM_SNOW_HILL,Class_168,6
11/01/2026,19:20,DORRIDGE_BIRMINGHAM_SNOW_HILL,Class_168,6
11/01/2026,18:38,DORRIDGE_BIRMINGHAM_SNOW_HILL,Class_168,6
11/01/2026,15:22,DORRIDGE_BIRMINGHAM_SNOW_HILL,Class_168,6
11/01/2026,11:51,DORRIDGE_BIRMINGHAM_SNOW_HILL,Class_168,6
11/01/2026,10:50,DORRIDGE_BIRMINGHAM_SNOW_HILL,Class_168,6
11/01/2026,10:00,DORRIDGE_BIRMINGHAM_SNOW_HILL,Class_168,6
11/01/2026,23:02,BIRMINGHAM_SNOW_HILL_DORRIDGE,Class_168,6
11/01/2026,22:22,COVENTRY_STAFFORD,Class_390,11
11/01/2026,11:32,BIRMINGHAM_SNOW_HILL_DORRIDGE,Class_168,6
11/01/2026,06:13,CROSS_CITY_LINE_A,Class_730,6
11/01/2026,17:48,REDDITCH_FOUR_OAKS,Class_730,6
11/01/2026,16:59,REDDITCH_FOUR_OAKS,Class_730,6
11/01/2026,15:44,REDDITCH_FOUR_OAKS,Class_730,6
11/01/2026,14:38,REDDITCH_FOUR_OAKS,Class_730,6
11/01/2026,14:12,REDDITCH_FOUR_OAKS,Class_730,6
11/01/2026,13:11,REDDITCH_FOUR_OAKS,Class_730,6
11/01/2026,12:41,REDDITCH_FOUR_OAKS,Class_730,6
11/01/2026,11:54,REDDITCH_FOUR_OAKS,Class_730,6
11/01/2026,11:00,REDDITCH_FOUR_OAKS,Class_730,6
11/01/2026,10:23,REDDITCH_FOUR_OAKS,Class_730,6
11/01/2026,08:47,REDDITCH_FOUR_OAKS,Class_730,6
11/01/2026,07:54,REDDITCH_FOUR_OAKS,Class_730,6
11/01/2026,06:28,REDDITCH_FOUR_OAKS,Class_730,6
11/01/2026,06:01,REDDITCH_FOUR_OAKS,Class_730,6
11/01/2026,05:37,REDDITCH_FOUR_OAKS,Class_730,6
11/01/2026,19:03,REDDITCH_FOUR_OAKS,Class_730,6
11/01/2026,22:35,CROSS_CITY_LINE_B,Class_730,6
11/01/2026,20:25,REDDITCH_FOUR_OAKS,Class_730,6
11/01/2026,21:41,REDDITCH_FOUR_OAKS,Class_730,6
11/01/2026,15:00,FOUR_OAKS_REDDITCH,Class_730,6
11/01/2026,05:48,CROSS_CITY_LINE_A,Class_730,6
11/01/2026,14:28,FOUR_OAKS_REDDITCH,Class_730,6
11/01/2026,14:07,FOUR_OAKS_REDDITCH,Class_730,6
11/01/2026,12:51,FOUR_OAKS_REDDITCH,Class_730,6
11/01/2026,12:19,FOUR_OAKS_REDDITCH,Class_730,6
11/01/2026,11:35,FOUR_OAKS_REDDITCH,Class_730,6
11/01/2026,10:14,FOUR_OAKS_REDDITCH,Class_730,6
11/01/2026,08:11,FOUR_OAKS_REDDITCH,Class_730,6
11/01/2026,07:31,FOUR_OAKS_REDDITCH,Class_730,6
11/01/2026,06:20,FOUR_OAKS_REDDITCH,Class_730,6
11/01/2026,05:50,FOUR_OAKS_REDDITCH,Class_730,6
11/01/2026,05:12,FOUR_OAKS_REDDITCH,Class_730,6
11/01/2026,23:11,REDDITCH_FOUR_OAKS,Class_730,6
11/01/2026,22:44,REDDITCH_FOUR_OAKS,Class_730,6
11/01/2026,20:41,REDDITCH_FOUR_OAKS,Class_730,6
11/01/2026,21:49,CROSS_CITY_LINE_B,Class_730,6
11/01/2026,10:36,FOUR_OAKS_REDDITCH,Class_730,6
11/01/2026,20:09,CROSS_CITY_LINE_B,Class_730,6
11/01/2026,20:26,CROSS_CITY_LINE_A,Class_730,6
11/01/2026,19:06,CROSS_CITY_LINE_A,Class_730,6
11/01/2026,17:54,CROSS_CITY_LINE_A,Class_730,6
11/01/2026,17:02,CROSS_CITY_LINE_A,Class_730,6
11/01/2026,15:46,CROSS_CITY_LINE_A,Class_730,6
11/01/2026,14:56,CROSS_CITY_LINE_A,Class_730,6
11/01/2026,14:21,CROSS_CITY_LINE_A,Class_730,6
11/01/2026,13:21,CROSS_CITY_LINE_A,Class_730,6
11/01/2026,12:44,CROSS_CITY_LINE_A,Class_730,6
11/01/2026,12:17,CROSS_CITY_LINE_A,Class_730,6
11/01/2026,10:32,CROSS_CITY_LINE_A,Class_730,6
11/01/2026,08:52,CROSS_CITY_LINE_A,Class_730,6
11/01/2026,06:53,CROSS_CITY_LINE_A,Class_730,6
11/01/2026,20:32,CROSS_CITY_LINE_B,Class_730,6
11/01/2026,08:08,CROSS_CITY_LINE_A,Class_730,6
11/01/2026,20:51,CROSS_CITY_LINE_A,Class_730,6
11/01/2026,21:46,CROSS_CITY_LINE_A,Class_730,6
11/01/2026,11:01,CROSS_CITY_LINE_A,Class_730,6
11/01/2026,23:20,CROSS_CITY_LINE_A,Class_730,6
11/01/2026,19:18,CROSS_CITY_LINE_B,Class_730,6
11/01/2026,18:45,CROSS_CITY_LINE_B,Class_730,6
11/01/2026,22:59,CROSS_CITY_LINE_A,Class_730,6
11/01/2026,15:05,CROSS_CITY_LINE_B,Class_730,6
11/01/2026,14:29,CROSS_CITY_LINE_B,Class_730,6
11/01/2026,13:47,CROSS_CITY_LINE_B,Class_730,6
11/01/2026,12:51,CROSS_CITY_LINE_B,Class_730,6
11/01/2026,12:26,CROSS_CITY_LINE_B,Class_730,6
11/01/2026,16:03,CROSS_CITY_LINE_B,Class_730,6
11/01/2026,06:22,CROSS_CITY_LINE_B,Class_730,6
11/01/2026,10:41,CROSS_CITY_LINE_B,Class_730,6
11/01/2026,09:04,CROSS_CITY_LINE_B,Class_730,6
11/01/2026,11:23,CROSS_CITY_LINE_B,Class_730,6
11/01/2026,08:46,CROSS_CITY_LINE_B,Class_730,6
11/01/2026,07:10,CROSS_CITY_LINE_B,Class_730,6
11/01/2026,05:59,CROSS_CITY_LINE_B,Class_730,6
12/01/2026,19:42,FOUR_OAKS_REDDITCH,Class_730,6
12/01/2026,20:10,FOUR_OAKS_REDDITCH,Class_730,6
12/01/2026,20:36,FOUR_OAKS_REDDITCH,Class_730,6
12/01/2026,20:59,FOUR_OAKS_REDDITCH,Class_730,6
12/01/2026,21:28,FOUR_OAKS_REDDITCH,Class_730,6
12/01/2026,11:08,FOUR_OAKS_REDDITCH,Class_730,6
12/01/2026,22:15,FOUR_OAKS_REDDITCH,Class_730,6
12/01/2026,19:04,FOUR_OAKS_REDDITCH,Class_730,6
12/01/2026,23:10,FOUR_OAKS_REDDITCH,Class_730,6
12/01/2026,05:46,RUGELEY_TRENT_VALLEY_BIRMINGHAM_INTERNATIONAL,Class_730,3
12/01/2026,06:09,RUGELEY_TRENT_VALLEY_BIRMINGHAM_INTERNATIONAL,Class_730,3
12/01/2026,21:54,FOUR_OAKS_REDDITCH,Class_730,6
12/01/2026,22:34,FOUR_OAKS_REDDITCH,Class_730,6
12/01/2026,17:20,FOUR_OAKS_REDDITCH,Class_730,6
12/01/2026,17:52,FOUR_OAKS_REDDITCH,Class_730,6
12/01/2026,16:56,FOUR_OAKS_REDDITCH,Class_730,6
12/01/2026,16:08,FOUR_OAKS_REDDITCH,Class_730,6
12/01/2026,15:43,FOUR_OAKS_REDDITCH,Class_730,6
12/01/2026,15:13,FOUR_OAKS_REDDITCH,Class_730,6
12/01/2026,10:26,FOUR_OAKS_REDDITCH,Class_730,6
12/01/2026,14:47,FOUR_OAKS_REDDITCH,Class_730,6
12/01/2026,14:17,FOUR_OAKS_REDDITCH,Class_730,6
12/01/2026,13:25,FOUR_OAKS_REDDITCH,Class_730,6
12/01/2026,12:52,FOUR_OAKS_REDDITCH,Class_730,6
12/01/2026,12:31,FOUR_OAKS_REDDITCH,Class_730,6
12/01/2026,11:38,FOUR_OAKS_REDDITCH,Class_730,6
12/01/2026,06:38,RUGELEY_TRENT_VALLEY_BIRMINGHAM_INTERNATIONAL,Class_730,3
12/01/2026,18:30,FOUR_OAKS_REDDITCH,Class_730,6
12/01/2026,07:05,RUGELEY_TRENT_VALLEY_BIRMINGHAM_INTERNATIONAL,Class_730,3
12/01/2026,16:17,RUGELEY_TRENT_VALLEY_BIRMINGHAM_INTERNATIONAL,Class_730,3
12/01/2026,08:01,RUGELEY_TRENT_VALLEY_BIRMINGHAM_INTERNATIONAL,Class_730,3
12/01/2026,07:10,BIRMINGHAM_INTERNATIONAL_RUGELEY_TRENT_VALLEY,Class_730,3
12/01/2026,09:42,FOUR_OAKS_REDDITCH,Class_730,6
12/01/2026,06:39,BIRMINGHAM_INTERNATIONAL_RUGELEY_TRENT_VALLEY,Class_730,3
12/01/2026,06:11,BIRMINGHAM_INTERNATIONAL_RUGELEY_TRENT_VALLEY,Class_730,3
12/01/2026,21:58,RUGELEY_TRENT_VALLEY_BIRMINGHAM_INTERNATIONAL,Class_730,3
12/01/2026,21:25,RUGELEY_TRENT_VALLEY_BIRMINGHAM_INTERNATIONAL,Class_730,3
12/01/2026,21:17,RUGELEY_TRENT_VALLEY_BIRMINGHAM_INTERNATIONAL,Class_730,3
12/01/2026,20:40,RUGELEY_TRENT_VALLEY_BIRMINGHAM_INTERNATIONAL,Class_730,3
12/01/2026,20:17,RUGELEY_TRENT_VALLEY_BIRMINGHAM_INTERNATIONAL,Class_730,3
12/01/2026,19:50,RUGELEY_TRENT_VALLEY_BIRMINGHAM_INTERNATIONAL,Class_730,3
12/01/2026,19:09,RUGELEY_TRENT_VALLEY_BIRMINGHAM_INTERNATIONAL,Class_730,3
12/01/2026,18:32,RUGELEY_TRENT_VALLEY_BIRMINGHAM_INTERNATIONAL,Class_730,3
12/01/2026,18:21,RUGELEY_TRENT_VALLEY_BIRMINGHAM_INTERNATIONAL,Class_730,3
12/01/2026,07:45,RUGELEY_TRENT_VALLEY_BIRMINGHAM_INTERNATIONAL,Class_730,3
12/01/2026,17:35,RUGELEY_TRENT_VALLEY_BIRMINGHAM_INTERNATIONAL,Class_730,3
12/01/2026,15:44,RUGELEY_TRENT_VALLEY_BIRMINGHAM_INTERNATIONAL,Class_730,3
12/01/2026,15:18,RUGELEY_TRENT_VALLEY_BIRMINGHAM_INTERNATIONAL,Class_730,3
12/01/2026,14:44,RUGELEY_TRENT_VALLEY_BIRMINGHAM_INTERNATIONAL,Class_730,3
12/01/2026,14:17,RUGELEY_TRENT_VALLEY_BIRMINGHAM_INTERNATIONAL,Class_730,3
12/01/2026,13:53,RUGELEY_TRENT_VALLEY_BIRMINGHAM_INTERNATIONAL,Class_730,3
12/01/2026,13:00,RUGELEY_TRENT_VALLEY_BIRMINGHAM_INTERNATIONAL,Class_730,3
12/01/2026,12:39,RUGELEY_TRENT_VALLEY_BIRMINGHAM_INTERNATIONAL,Class_730,3
12/01/2026,12:04,RUGELEY_TRENT_VALLEY_BIRMINGHAM_INTERNATIONAL,Class_730,3
12/01/2026,22:54,WALSALL_WOLVERHAMPTON,Class_763,3
12/01/2026,10:31,RUGELEY_TRENT_VALLEY_BIRMINGHAM_INTERNATIONAL,Class_730,3
12/01/2026,10:03,RUGELEY_TRENT_VALLEY_BIRMINGHAM_INTERNATIONAL,Class_730,3
12/01/2026,09:08,RUGELEY_TRENT_VALLEY_BIRMINGHAM_INTERNATIONAL,Class_730,3
12/01/2026,08:23,RUGELEY_TRENT_VALLEY_BIRMINGHAM_INTERNATIONAL,Class_730,3
12/01/2026,17:05,RUGELEY_TRENT_VALLEY_BIRMINGHAM_INTERNATIONAL,Class_730,3
12/01/2026,09:00,FOUR_OAKS_REDDITCH,Class_730,6
12/01/2026,08:45,REDDITCH_FOUR_OAKS,Class_730,6
12/01/2026,07:59,FOUR_OAKS_REDDITCH,Class_730,6
12/01/2026,09:33,REDDITCH_FOUR_OAKS,Class_730,6
12/01/2026,08:15,REDDITCH_FOUR_OAKS,Class_730,6
12/01/2026,07:51,REDDITCH_FOUR_OAKS,Class_730,6
12/01/2026,07:20,REDDITCH_FOUR_OAKS,Class_730,6
12/01/2026,06:48,REDDITCH_FOUR_OAKS,Class_730,6
12/01/2026,06:21,REDDITCH_FOUR_OAKS,Class_730,6
12/01/2026,05:53,REDDITCH_FOUR_OAKS,Class_730,6
12/01/2026,05:12,REDDITCH_FOUR_OAKS,Class_730,6
12/01/2026,22:19,CROSS_CITY_LINE_B,Class_730,6
12/01/2026,22:01,CROSS_CITY_LINE_B,Class_730,6
12/01/2026,21:30,CROSS_CITY_LINE_B,Class_730,6
12/01/2026,21:05,CROSS_CITY_LINE_B,Class_730,6
12/01/2026,20:46,CROSS_CITY_LINE_B,Class_730,6
12/01/2026,20:16,CROSS_CITY_LINE_B,Class_730,6
12/01/2026,19:46,CROSS_CITY_LINE_B,Class_730,6
12/01/2026,19:17,CROSS_CITY_LINE_B,Class_730,6
12/01/2026,18:32,CROSS_CITY_LINE_B,Class_730,6
12/01/2026,18:11,CROSS_CITY_LINE_B,Class_730,6
12/01/2026,17:32,CROSS_CITY_LINE_B,Class_730,6
12/01/2026,16:58,CROSS_CITY_LINE_B,Class_730,6
12/01/2026,16:29,CROSS_CITY_LINE_B,Class_730,6
12/01/2026,15:51,CROSS_CITY_LINE_B,Class_730,6
12/01/2026,15:13,CROSS_CITY_LINE_B,Class_730,6
12/01/2026,14:38,CROSS_CITY_LINE_B,Class_730,6
12/01/2026,14:19,CROSS_CITY_LINE_B,Class_730,6
12/01/2026,13:26,CROSS_CITY_LINE_B,Class_730,6
12/01/2026,07:34,BIRMINGHAM_INTERNATIONAL_RUGELEY_TRENT_VALLEY,Class_730,3
12/01/2026,10:14,REDDITCH_FOUR_OAKS,Class_730,6
12/01/2026,10:39,REDDITCH_FOUR_OAKS,Class_730,6
12/01/2026,11:22,REDDITCH_FOUR_OAKS,Class_730,6
12/01/2026,12:12,REDDITCH_FOUR_OAKS,Class_730,6
12/01/2026,07:28,FOUR_OAKS_REDDITCH,Class_730,6
12/01/2026,07:03,FOUR_OAKS_REDDITCH,Class_730,6
12/01/2026,06:27,FOUR_OAKS_REDDITCH,Class_730,6
12/01/2026,06:05,FOUR_OAKS_REDDITCH,Class_730,6
12/01/2026,05:33,FOUR_OAKS_REDDITCH,Class_730,6
12/01/2026,05:06,FOUR_OAKS_REDDITCH,Class_730,6
12/01/2026,23:22,REDDITCH_FOUR_OAKS,Class_730,6
12/01/2026,22:49,REDDITCH_FOUR_OAKS,Class_730,6
12/01/2026,22:25,REDDITCH_FOUR_OAKS,Class_730,6
12/01/2026,22:10,REDDITCH_FOUR_OAKS,Class_730,6
12/01/2026,21:41,REDDITCH_FOUR_OAKS,Class_730,6
12/01/2026,21:19,REDDITCH_FOUR_OAKS,Class_730,6
12/01/2026,20:56,REDDITCH_FOUR_OAKS,Class_730,6
12/01/2026,08:19,FOUR_OAKS_REDDITCH,Class_730,6
12/01/2026,20:25,REDDITCH_FOUR_OAKS,Class_730,6
12/01/2026,19:34,REDDITCH_FOUR_OAKS,Class_730,6
12/01/2026,18:37,REDDITCH_FOUR_OAKS,Class_730,6
12/01/2026,18:27,REDDITCH_FOUR_OAKS,Class_730,6
12/01/2026,17:38,REDDITCH_FOUR_OAKS,Class_730,6
12/01/2026,17:11,REDDITCH_FOUR_OAKS,Class_730,6
12/01/2026,16:44,REDDITCH_FOUR_OAKS,Class_730,6
12/01/2026,16:01,REDDITCH_FOUR_OAKS,Class_730,6
12/01/2026,15:23,REDDITCH_FOUR_OAKS,Class_730,6
12/01/2026,14:59,REDDITCH_FOUR_OAKS,Class_730,6
12/01/2026,14:34,REDDITCH_FOUR_OAKS,Class_730,6
12/01/2026,14:06,REDDITCH_FOUR_OAKS,Class_730,6
12/01/2026,13:03,REDDITCH_FOUR_OAKS,Class_730,6
12/01/2026,12:41,REDDITCH_FOUR_OAKS,Class_730,6
12/01/2026,19:59,REDDITCH_FOUR_OAKS,Class_730,6
12/01/2026,08:09,BIRMINGHAM_INTERNATIONAL_RUGELEY_TRENT_VALLEY,Class_730,3
12/01/2026,14:33,WOLVERHAMPTON_WALSALL,Class_730,3
12/01/2026,09:28,BIRMINGHAM_INTERNATIONAL_RUGELEY_TRENT_VALLEY,Class_730,3
12/01/2026,05:47,WALSALL_WOLVERHAMPTON,Class_731,3
12/01/2026,05:14,WALSALL_WOLVERHAMPTON,Class_730,3
12/01/2026,22:56,WOLVERHAMPTON_WALSALL,Class_730,3
12/01/2026,22:21,WOLVERHAMPTON_WALSALL,Class_730,3
12/01/2026,22:11,WOLVERHAMPTON_WALSALL,Class_730,3
12/01/2026,21:43,WOLVERHAMPTON_WALSALL,Class_730,3
12/01/2026,21:19,WOLVERHAMPTON_WALSALL,Class_730,3
12/01/2026,20:52,WOLVERHAMPTON_WALSALL,Class_730,3
12/01/2026,20:31,WOLVERHAMPTON_WALSALL,Class_730,3
12/01/2026,19:57,WOLVERHAMPTON_WALSALL,Class_730,3
12/01/2026,19:25,WOLVERHAMPTON_WALSALL,Class_730,3
12/01/2026,18:34,WOLVERHAMPTON_WALSALL,Class_730,3
12/01/2026,18:25,WOLVERHAMPTON_WALSALL,Class_730,3
12/01/2026,17:40,WOLVERHAMPTON_WALSALL,Class_730,3
12/01/2026,17:13,WOLVERHAMPTON_WALSALL,Class_730,3
12/01/2026,16:43,WOLVERHAMPTON_WALSALL,Class_730,3
12/01/2026,15:59,WOLVERHAMPTON_WALSALL,Class_730,3
12/01/2026,15:23,WOLVERHAMPTON_WALSALL,Class_730,3
12/01/2026,15:03,WOLVERHAMPTON_WALSALL,Class_730,3
12/01/2026,14:02,WOLVERHAMPTON_WALSALL,Class_730,3
12/01/2026,13:03,WOLVERHAMPTON_WALSALL,Class_730,3
12/01/2026,12:43,WOLVERHAMPTON_WALSALL,Class_730,3
12/01/2026,12:12,WOLVERHAMPTON_WALSALL,Class_730,3
12/01/2026,11:22,WOLVERHAMPTON_WALSALL,Class_730,3
12/01/2026,10:37,WOLVERHAMPTON_WALSALL,Class_730,3
12/01/2026,10:12,WOLVERHAMPTON_WALSALL,Class_730,3
12/01/2026,09:34,WOLVERHAMPTON_WALSALL,Class_730,3
12/01/2026,06:18,WALSALL_WOLVERHAMPTON,Class_732,3
12/01/2026,06:48,WALSALL_WOLVERHAMPTON,Class_733,3
12/01/2026,07:21,WALSALL_WOLVERHAMPTON,Class_734,3
12/01/2026,07:52,WALSALL_WOLVERHAMPTON,Class_735,3
12/01/2026,12:59,CROSS_CITY_LINE_B,Class_730,6
12/01/2026,22:21,WALSALL_WOLVERHAMPTON,Class_762,3
12/01/2026,22:09,WALSALL_WOLVERHAMPTON,Class_761,3
12/01/2026,21:46,WALSALL_WOLVERHAMPTON,Class_760,3
12/01/2026,21:20,WALSALL_WOLVERHAMPTON,Class_759,3
12/01/2026,20:55,WALSALL_WOLVERHAMPTON,Class_758,3
12/01/2026,20:29,WALSALL_WOLVERHAMPTON,Class_757,3
12/01/2026,19:58,WALSALL_WOLVERHAMPTON,Class_756,3
12/01/2026,19:28,WALSALL_WOLVERHAMPTON,Class_755,3
12/01/2026,18:36,WALSALL_WOLVERHAMPTON,Class_754,3
12/01/2026,18:23,WALSALL_WOLVERHAMPTON,Class_753,3
12/01/2026,17:40,WALSALL_WOLVERHAMPTON,Class_752,3
12/01/2026,17:11,WALSALL_WOLVERHAMPTON,Class_751,3
12/01/2026,08:56,WOLVERHAMPTON_WALSALL,Class_730,3
12/01/2026,16:40,WALSALL_WOLVERHAMPTON,Class_750,3
12/01/2026,15:24,WALSALL_WOLVERHAMPTON,Class_748,3
12/01/2026,15:03,WALSALL_WOLVERHAMPTON,Class_747,3
12/01/2026,14:34,WALSALL_WOLVERHAMPTON,Class_746,3
12/01/2026,14:04,WALSALL_WOLVERHAMPTON,Class_745,3
12/01/2026,13:05,WALSALL_WOLVERHAMPTON,Class_744,3
12/01/2026,12:43,WALSALL_WOLVERHAMPTON,Class_743,3
12/01/2026,12:12,WALSALL_WOLVERHAMPTON,Class_742,3
12/01/2026,11:24,WALSALL_WOLVERHAMPTON,Class_741,3
12/01/2026,10:42,WALSALL_WOLVERHAMPTON,Class_740,3
12/01/2026,10:14,WALSALL_WOLVERHAMPTON,Class_739,3
12/01/2026,09:31,WALSALL_WOLVERHAMPTON,Class_738,3
12/01/2026,08:50,WALSALL_WOLVERHAMPTON,Class_737,3
12/01/2026,08:13,WALSALL_WOLVERHAMPTON,Class_736,3
12/01/2026,16:02,WALSALL_WOLVERHAMPTON,Class_749,3
12/01/2026,08:14,WOLVERHAMPTON_WALSALL,Class_730,3
12/01/2026,07:48,WOLVERHAMPTON_WALSALL,Class_730,3
12/01/2026,07:19,WOLVERHAMPTON_WALSALL,Class_730,3
12/01/2026,09:17,NORTHAMPTON_BIRMINGHAM_NEW_STREET,Class_350,5
12/01/2026,08:04,NORTHAMPTON_BIRMINGHAM_NEW_STREET,Class_350,5
12/01/2026,07:07,NORTHAMPTON_BIRMINGHAM_NEW_STREET,Class_350,5
12/01/2026,06:17,NORTHAMPTON_BIRMINGHAM_NEW_STREET,Class_350,5
12/01/2026,05:07,NORTHAMPTON_BIRMINGHAM_NEW_STREET,Class_350,5
12/01/2026,21:57,BIRMINGHAM_INTERNATIONAL_RUGELEY_TRENT_VALLEY,Class_730,3
12/01/2026,21:27,BIRMINGHAM_INTERNATIONAL_RUGELEY_TRENT_VALLEY,Class_730,3
12/01/2026,21:05,BIRMINGHAM_INTERNATIONAL_RUGELEY_TRENT_VALLEY,Class_730,3
12/01/2026,20:49,BIRMINGHAM_INTERNATIONAL_RUGELEY_TRENT_VALLEY,Class_730,3
12/01/2026,20:12,BIRMINGHAM_INTERNATIONAL_RUGELEY_TRENT_VALLEY,Class_730,3
12/01/2026,19:54,BIRMINGHAM_INTERNATIONAL_RUGELEY_TRENT_VALLEY,Class_730,3
12/01/2026,19:12,BIRMINGHAM_INTERNATIONAL_RUGELEY_TRENT_VALLEY,Class_730,3
12/01/2026,18:31,BIRMINGHAM_INTERNATIONAL_RUGELEY_TRENT_VALLEY,Class_730,3
12/01/2026,10:28,NORTHAMPTON_BIRMINGHAM_NEW_STREET,Class_350,5
12/01/2026,18:21,BIRMINGHAM_INTERNATIONAL_RUGELEY_TRENT_VALLEY,Class_730,3
12/01/2026,17:02,BIRMINGHAM_INTERNATIONAL_RUGELEY_TRENT_VALLEY,Class_730,3
12/01/2026,16:28,BIRMINGHAM_INTERNATIONAL_RUGELEY_TRENT_VALLEY,Class_730,3
12/01/2026,15:54,BIRMINGHAM_INTERNATIONAL_RUGELEY_TRENT_VALLEY,Class_730,3
12/01/2026,15:17,BIRMINGHAM_INTERNATIONAL_RUGELEY_TRENT_VALLEY,Class_730,3
12/01/2026,14:48,BIRMINGHAM_INTERNATIONAL_RUGELEY_TRENT_VALLEY,Class_730,3
12/01/2026,14:26,BIRMINGHAM_INTERNATIONAL_RUGELEY_TRENT_VALLEY,Class_730,3
12/01/2026,13:54,BIRMINGHAM_INTERNATIONAL_RUGELEY_TRENT_VALLEY,Class_730,3
12/01/2026,12:59,BIRMINGHAM_INTERNATIONAL_RUGELEY_TRENT_VALLEY,Class_730,3
12/01/2026,12:31,BIRMINGHAM_INTERNATIONAL_RUGELEY_TRENT_VALLEY,Class_730,3
12/01/2026,11:53,BIRMINGHAM_INTERNATIONAL_RUGELEY_TRENT_VALLEY,Class_730,3
12/01/2026,11:21,BIRMINGHAM_INTERNATIONAL_RUGELEY_TRENT_VALLEY,Class_730,3
12/01/2026,10:27,BIRMINGHAM_INTERNATIONAL_RUGELEY_TRENT_VALLEY,Class_730,3
12/01/2026,10:05,BIRMINGHAM_INTERNATIONAL_RUGELEY_TRENT_VALLEY,Class_730,3
12/01/2026,17:33,BIRMINGHAM_INTERNATIONAL_RUGELEY_TRENT_VALLEY,Class_730,3
12/01/2026,08:33,BIRMINGHAM_INTERNATIONAL_RUGELEY_TRENT_VALLEY,Class_730,3
12/01/2026,12:02,NORTHAMPTON_BIRMINGHAM_NEW_STREET,Class_350,5
12/01/2026,14:30,NORTHAMPTON_BIRMINGHAM_NEW_STREET,Class_350,5
12/01/2026,06:51,WOLVERHAMPTON_WALSALL,Class_730,3
12/01/2026,06:23,WOLVERHAMPTON_WALSALL,Class_730,3
12/01/2026,05:48,WOLVERHAMPTON_WALSALL,Class_730,3
12/01/2026,05:16,WOLVERHAMPTON_WALSALL,Class_730,3
12/01/2026,22:56,BIRMINGHAM_NEW_STREET_NORTHAMPTON,Class_350,8
12/01/2026,22:12,BIRMINGHAM_NEW_STREET_NORTHAMPTON,Class_350,8
12/01/2026,21:21,BIRMINGHAM_NEW_STREET_NORTHAMPTON,Class_350,8
12/01/2026,20:35,BIRMINGHAM_NEW_STREET_NORTHAMPTON,Class_350,8
12/01/2026,19:36,BIRMINGHAM_NEW_STREET_NORTHAMPTON,Class_350,8
12/01/2026,18:30,BIRMINGHAM_NEW_STREET_NORTHAMPTON,Class_350,8
12/01/2026,17:14,BIRMINGHAM_NEW_STREET_NORTHAMPTON,Class_350,8
12/01/2026,16:04,BIRMINGHAM_NEW_STREET_NORTHAMPTON,Class_350,8
12/01/2026,15:07,BIRMINGHAM_NEW_STREET_NORTHAMPTON,Class_350,8
12/01/2026,13:00,NORTHAMPTON_BIRMINGHAM_NEW_STREET,Class_350,5
12/01/2026,14:08,BIRMINGHAM_NEW_STREET_NORTHAMPTON,Class_350,8
12/01/2026,11:31,BIRMINGHAM_NEW_STREET_NORTHAMPTON,Class_350,8
12/01/2026,10:15,BIRMINGHAM_NEW_STREET_NORTHAMPTON,Class_350,8
12/01/2026,09:00,BIRMINGHAM_NEW_STREET_NORTHAMPTON,Class_350,8
12/01/2026,07:54,BIRMINGHAM_NEW_STREET_NORTHAMPTON,Class_350,8
12/01/2026,06:52,BIRMINGHAM_NEW_STREET_NORTHAMPTON,Class_350,8
12/01/2026,22:20,NORTHAMPTON_BIRMINGHAM_NEW_STREET,Class_350,5
12/01/2026,21:41,NORTHAMPTON_BIRMINGHAM_NEW_STREET,Class_350,5
12/01/2026,20:50,NORTHAMPTON_BIRMINGHAM_NEW_STREET,Class_350,5
12/01/2026,19:47,NORTHAMPTON_BIRMINGHAM_NEW_STREET,Class_350,5
12/01/2026,18:33,NORTHAMPTON_BIRMINGHAM_NEW_STREET,Class_350,5
12/01/2026,17:33,NORTHAMPTON_BIRMINGHAM_NEW_STREET,Class_350,5
12/01/2026,16:37,NORTHAMPTON_BIRMINGHAM_NEW_STREET,Class_350,5
12/01/2026,15:14,NORTHAMPTON_BIRMINGHAM_NEW_STREET,Class_350,5
12/01/2026,12:44,BIRMINGHAM_NEW_STREET_NORTHAMPTON,Class_350,8
12/01/2026,12:39,CROSS_CITY_LINE_B,Class_730,6
12/01/2026,11:09,RUGELEY_TRENT_VALLEY_BIRMINGHAM_INTERNATIONAL,Class_730,3
12/01/2026,11:13,CROSS_CITY_LINE_B,Class_730,6
12/01/2026,19:47,DORRIDGE_BIRMINGHAM_MOOR_STREET,Class_168,6
12/01/2026,18:44,DORRIDGE_BIRMINGHAM_MOOR_STREET,Class_168,6
12/01/2026,18:31,DORRIDGE_BIRMINGHAM_MOOR_STREET,Class_168,6
12/01/2026,17:55,DORRIDGE_BIRMINGHAM_MOOR_STREET,Class_168,6
12/01/2026,17:32,DORRIDGE_BIRMINGHAM_MOOR_STREET,Class_168,6
12/01/2026,16:53,DORRIDGE_BIRMINGHAM_MOOR_STREET,Class_168,6
12/01/2026,16:10,DORRIDGE_BIRMINGHAM_MOOR_STREET,Class_168,6
12/01/2026,15:36,DORRIDGE_BIRMINGHAM_MOOR_STREET,Class_168,6
12/01/2026,15:11,DORRIDGE_BIRMINGHAM_MOOR_STREET,Class_168,6
12/01/2026,14:47,DORRIDGE_BIRMINGHAM_MOOR_STREET,Class_168,6
12/01/2026,14:12,DORRIDGE_BIRMINGHAM_MOOR_STREET,Class_168,6
12/01/2026,13:42,DORRIDGE_BIRMINGHAM_MOOR_STREET,Class_168,6
12/01/2026,12:51,DORRIDGE_BIRMINGHAM_MOOR_STREET,Class_168,6
12/01/2026,12:26,DORRIDGE_BIRMINGHAM_MOOR_STREET,Class_168,6
12/01/2026,11:42,DORRIDGE_BIRMINGHAM_MOOR_STREET,Class_168,6
12/01/2026,11:02,DORRIDGE_BIRMINGHAM_MOOR_STREET,Class_168,6
12/01/2026,10:29,DORRIDGE_BIRMINGHAM_MOOR_STREET,Class_168,6
12/01/2026,09:42,DORRIDGE_BIRMINGHAM_MOOR_STREET,Class_168,6
12/01/2026,09:08,DORRIDGE_BIRMINGHAM_MOOR_STREET,Class_168,6
12/01/2026,08:24,DORRIDGE_BIRMINGHAM_MOOR_STREET,Class_168,6
12/01/2026,08:01,DORRIDGE_BIRMINGHAM_MOOR_STREET,Class_168,6
12/01/2026,07:32,DORRIDGE_BIRMINGHAM_MOOR_STREET,Class_168,6
12/01/2026,07:05,DORRIDGE_BIRMINGHAM_MOOR_STREET,Class_168,6
12/01/2026,06:31,DORRIDGE_BIRMINGHAM_MOOR_STREET,Class_168,6
12/01/2026,06:03,DORRIDGE_BIRMINGHAM_MOOR_STREET,Class_168,6
12/01/2026,23:28,BIRMINGHAM_MOOR_STREET_DORRIDGE,Class_168,6
12/01/2026,23:08,BIRMINGHAM_MOOR_STREET_DORRIDGE,Class_168,6
12/01/2026,20:11,DORRIDGE_BIRMINGHAM_MOOR_STREET,Class_168,6
12/01/2026,20:39,DORRIDGE_BIRMINGHAM_MOOR_STREET,Class_168,6
12/01/2026,21:02,DORRIDGE_BIRMINGHAM_MOOR_STREET,Class_168,6
12/01/2026,21:22,DORRIDGE_BIRMINGHAM_MOOR_STREET,Class_168,6
12/01/2026,16:56,DORRIDGE_BIRMINGHAM_SNOW_HILL,Class_168,6
12/01/2026,15:51,DORRIDGE_BIRMINGHAM_SNOW_HILL,Class_168,6
12/01/2026,14:53,DORRIDGE_BIRMINGHAM_SNOW_HILL,Class_168,6
12/01/2026,13:42,DORRIDGE_BIRMINGHAM_SNOW_HILL,Class_168,6
12/01/2026,12:39,DORRIDGE_BIRMINGHAM_SNOW_HILL,Class_168,6
12/01/2026,11:12,DORRIDGE_BIRMINGHAM_SNOW_HILL,Class_168,6
12/01/2026,09:50,DORRIDGE_BIRMINGHAM_SNOW_HILL,Class_168,6
12/01/2026,08:34,DORRIDGE_BIRMINGHAM_SNOW_HILL,Class_168,6
12/01/2026,23:23,BIRMINGHAM_SNOW_HILL_DORRIDGE,Class_168,6
12/01/2026,22:38,BIRMINGHAM_SNOW_HILL_DORRIDGE,Class_168,6
12/01/2026,21:53,BIRMINGHAM_SNOW_HILL_DORRIDGE,Class_168,6
12/01/2026,20:57,BIRMINGHAM_SNOW_HILL_DORRIDGE,Class_168,6
12/01/2026,20:04,BIRMINGHAM_SNOW_HILL_DORRIDGE,Class_168,6
12/01/2026,22:43,BIRMINGHAM_MOOR_STREET_DORRIDGE,Class_168,6
12/01/2026,18:43,BIRMINGHAM_SNOW_HILL_DORRIDGE,Class_168,6
12/01/2026,16:54,BIRMINGHAM_SNOW_HILL_DORRIDGE,Class_168,6
12/01/2026,15:37,BIRMINGHAM_SNOW_HILL_DORRIDGE,Class_168,6
12/01/2026,14:37,BIRMINGHAM_SNOW_HILL_DORRIDGE,Class_168,6
12/01/2026,13:12,BIRMINGHAM_SNOW_HILL_DORRIDGE,Class_168,6
12/01/2026,12:30,BIRMINGHAM_SNOW_HILL_DORRIDGE,Class_168,6
12/01/2026,11:08,BIRMINGHAM_SNOW_HILL_DORRIDGE,Class_168,6
12/01/2026,09:35,BIRMINGHAM_SNOW_HILL_DORRIDGE,Class_168,6
12/01/2026,08:16,BIRMINGHAM_SNOW_HILL_DORRIDGE,Class_168,6
12/01/2026,23:29,DORRIDGE_BIRMINGHAM_MOOR_STREET,Class_168,6
12/01/2026,23:16,DORRIDGE_BIRMINGHAM_MOOR_STREET,Class_168,6
12/01/2026,22:39,DORRIDGE_BIRMINGHAM_MOOR_STREET,Class_168,6
12/01/2026,22:21,DORRIDGE_BIRMINGHAM_MOOR_STREET,Class_168,6
12/01/2026,21:58,DORRIDGE_BIRMINGHAM_MOOR_STREET,Class_168,6
12/01/2026,17:43,BIRMINGHAM_SNOW_HILL_DORRIDGE,Class_168,6
12/01/2026,22:19,BIRMINGHAM_MOOR_STREET_DORRIDGE,Class_168,6
12/01/2026,21:53,BIRMINGHAM_MOOR_STREET_DORRIDGE,Class_168,6
12/01/2026,21:23,BIRMINGHAM_MOOR_STREET_DORRIDGE,Class_168,6
12/01/2026,21:49,WOLVERHAMPTON_BIRMINGHAM_INTERNATIONAL,Class_158,2
12/01/2026,20:57,WOLVERHAMPTON_BIRMINGHAM_INTERNATIONAL,Class_158,2
12/01/2026,20:04,WOLVERHAMPTON_BIRMINGHAM_INTERNATIONAL,Class_158,2
12/01/2026,18:43,WOLVERHAMPTON_BIRMINGHAM_INTERNATIONAL,Class_158,2
12/01/2026,17:48,WOLVERHAMPTON_BIRMINGHAM_INTERNATIONAL,Class_158,2
12/01/2026,16:47,WOLVERHAMPTON_BIRMINGHAM_INTERNATIONAL,Class_158,2
12/01/2026,15:30,WOLVERHAMPTON_BIRMINGHAM_INTERNATIONAL,Class_158,2
12/01/2026,14:35,WOLVERHAMPTON_BIRMINGHAM_INTERNATIONAL,Class_158,2
12/01/2026,13:08,WOLVERHAMPTON_BIRMINGHAM_INTERNATIONAL,Class_158,2
12/01/2026,12:23,WOLVERHAMPTON_BIRMINGHAM_INTERNATIONAL,Class_158,2
12/01/2026,10:57,WOLVERHAMPTON_BIRMINGHAM_INTERNATIONAL,Class_158,2
12/01/2026,09:39,WOLVERHAMPTON_BIRMINGHAM_INTERNATIONAL,Class_158,2
12/01/2026,07:24,WOLVERHAMPTON_BIRMINGHAM_INTERNATIONAL,Class_158,2
12/01/2026,22:32,WOLVERHAMPTON_BIRMINGHAM_INTERNATIONAL,Class_158,2
12/01/2026,06:26,WOLVERHAMPTON_BIRMINGHAM_INTERNATIONAL,Class_158,2
12/01/2026,20:02,BIRMINGHAM_INTERNATIONA_WOLVERHAMPTON,Class_158,2
12/01/2026,18:41,BIRMINGHAM_INTERNATIONA_WOLVERHAMPTON,Class_158,2
12/01/2026,17:47,BIRMINGHAM_INTERNATIONA_WOLVERHAMPTON,Class_158,2
12/01/2026,16:48,BIRMINGHAM_INTERNATIONA_WOLVERHAMPTON,Class_158,2
12/01/2026,15:26,BIRMINGHAM_INTERNATIONA_WOLVERHAMPTON,Class_158,2
12/01/2026,14:36,BIRMINGHAM_INTERNATIONA_WOLVERHAMPTON,Class_158,2
12/01/2026,13:11,BIRMINGHAM_INTERNATIONA_WOLVERHAMPTON,Class_158,2
12/01/2026,12:22,BIRMINGHAM_INTERNATIONA_WOLVERHAMPTON,Class_158,2
12/01/2026,10:52,BIRMINGHAM_INTERNATIONA_WOLVERHAMPTON,Class_158,2
12/01/2026,09:34,BIRMINGHAM_INTERNATIONA_WOLVERHAMPTON,Class_158,2
12/01/2026,08:15,BIRMINGHAM_INTERNATIONA_WOLVERHAMPTON,Class_158,2
12/01/2026,07:25,BIRMINGHAM_INTERNATIONA_WOLVERHAMPTON,Class_158,2
12/01/2026,06:24,BIRMINGHAM_INTERNATIONA_WOLVERHAMPTON,Class_158,2
12/01/2026,05:07,WOLVERHAMPTON_BIRMINGHAM_INTERNATIONAL,Class_158,2
12/01/2026,18:14,DORRIDGE_BIRMINGHAM_SNOW_HILL,Class_168,6
12/01/2026,05:01,BIRMINGHAM_MOOR_STREET_DORRIDGE,Class_168,6
12/01/2026,05:40,BIRMINGHAM_MOOR_STREET_DORRIDGE,Class_168,6
12/01/2026,21:01,BIRMINGHAM_MOOR_STREET_DORRIDGE,Class_168,6
12/01/2026,20:39,BIRMINGHAM_MOOR_STREET_DORRIDGE,Class_168,6
12/01/2026,20:14,BIRMINGHAM_MOOR_STREET_DORRIDGE,Class_168,6
12/01/2026,19:44,BIRMINGHAM_MOOR_STREET_DORRIDGE,Class_168,6
12/01/2026,19:00,BIRMINGHAM_MOOR_STREET_DORRIDGE,Class_168,6
12/01/2026,18:31,BIRMINGHAM_MOOR_STREET_DORRIDGE,Class_168,6
12/01/2026,18:03,BIRMINGHAM_MOOR_STREET_DORRIDGE,Class_168,6
12/01/2026,17:29,BIRMINGHAM_MOOR_STREET_DORRIDGE,Class_168,6
12/01/2026,16:54,BIRMINGHAM_MOOR_STREET_DORRIDGE,Class_168,6
12/01/2026,16:14,BIRMINGHAM_MOOR_STREET_DORRIDGE,Class_168,6
12/01/2026,15:42,BIRMINGHAM_MOOR_STREET_DORRIDGE,Class_168,6
12/01/2026,15:13,BIRMINGHAM_MOOR_STREET_DORRIDGE,Class_168,6
12/01/2026,14:41,BIRMINGHAM_MOOR_STREET_DORRIDGE,Class_168,6
12/01/2026,05:06,BIRMINGHAM_MOOR_STREET_DORRIDGE,Class_168,6
12/01/2026,14:11,BIRMINGHAM_MOOR_STREET_DORRIDGE,Class_168,6
12/01/2026,12:57,BIRMINGHAM_MOOR_STREET_DORRIDGE,Class_168,6
12/01/2026,12:32,BIRMINGHAM_MOOR_STREET_DORRIDGE,Class_168,6
12/01/2026,11:48,BIRMINGHAM_MOOR_STREET_DORRIDGE,Class_168,6
12/01/2026,11:12,BIRMINGHAM_MOOR_STREET_DORRIDGE,Class_168,6
12/01/2026,10:21,BIRMINGHAM_MOOR_STREET_DORRIDGE,Class_168,6
12/01/2026,09:41,BIRMINGHAM_MOOR_STREET_DORRIDGE,Class_168,6
12/01/2026,09:05,BIRMINGHAM_MOOR_STREET_DORRIDGE,Class_168,6
12/01/2026,08:23,BIRMINGHAM_MOOR_STREET_DORRIDGE,Class_168,6
12/01/2026,07:59,BIRMINGHAM_MOOR_STREET_DORRIDGE,Class_168,6
12/01/2026,07:26,BIRMINGHAM_MOOR_STREET_DORRIDGE,Class_168,6
12/01/2026,06:52,BIRMINGHAM_MOOR_STREET_DORRIDGE,Class_168,6
12/01/2026,06:31,BIRMINGHAM_MOOR_STREET_DORRIDGE,Class_168,6
12/01/2026,06:05,BIRMINGHAM_MOOR_STREET_DORRIDGE,Class_168,6
12/01/2026,13:25,BIRMINGHAM_MOOR_STREET_DORRIDGE,Class_168,6
12/01/2026,19:25,DORRIDGE_BIRMINGHAM_SNOW_HILL,Class_168,6
12/01/2026,11:53,CROSS_CITY_LINE_B,Class_730,6
12/01/2026,21:07,DORRIDGE_BIRMINGHAM_SNOW_HILL,Class_168,6
12/01/2026,11:37,CROSS_CITY_LINE_A,Class_730,6
12/01/2026,10:50,CROSS_CITY_LINE_A,Class_730,6
12/01/2026,10:16,CROSS_CITY_LINE_A,Class_730,6
12/01/2026,09:36,CROSS_CITY_LINE_A,Class_730,6
12/01/2026,08:58,CROSS_CITY_LINE_A,Class_730,6
12/01/2026,08:16,CROSS_CITY_LINE_A,Class_730,6
12/01/2026,07:57,CROSS_CITY_LINE_A,Class_730,6
12/01/2026,07:22,CROSS_CITY_LINE_A,Class_730,6
12/01/2026,06:51,CROSS_CITY_LINE_A,Class_730,6
12/01/2026,06:26,CROSS_CITY_LINE_A,Class_730,6
12/01/2026,05:54,CROSS_CITY_LINE_A,Class_730,6
12/01/2026,05:17,CROSS_CITY_LINE_A,Class_730,6
12/01/2026,22:08,COVENTRY_STAFFORD,Class_390,11
12/01/2026,21:09,COVENTRY_STAFFORD,Class_390,11
12/01/2026,20:21,COVENTRY_STAFFORD,Class_390,11
12/01/2026,19:17,COVENTRY_STAFFORD,Class_390,11
12/01/2026,18:12,COVENTRY_STAFFORD,Class_390,11
12/01/2026,17:05,COVENTRY_STAFFORD,Class_390,11
12/01/2026,15:57,COVENTRY_STAFFORD,Class_390,11
12/01/2026,14:56,COVENTRY_STAFFORD,Class_390,11
12/01/2026,13:59,COVENTRY_STAFFORD,Class_390,11
12/01/2026,12:35,COVENTRY_STAFFORD,Class_390,11
12/01/2026,11:13,COVENTRY_STAFFORD,Class_390,11
12/01/2026,10:08,COVENTRY_STAFFORD,Class_390,11
12/01/2026,08:31,COVENTRY_STAFFORD,Class_390,11
12/01/2026,07:44,COVENTRY_STAFFORD,Class_390,11
12/01/2026,06:41,COVENTRY_STAFFORD,Class_390,11
12/01/2026,12:20,CROSS_CITY_LINE_A,Class_730,6
12/01/2026,13:07,CROSS_CITY_LINE_A,Class_730,6
12/01/2026,14:06,CROSS_CITY_LINE_A,Class_730,6
12/01/2026,14:37,CROSS_CITY_LINE_A,Class_730,6
12/01/2026,10:33,CROSS_CITY_LINE_B,Class_730,6
12/01/2026,09:55,CROSS_CITY_LINE_B,Class_730,6
12/01/2026,09:08,CROSS_CITY_LINE_B,Class_730,6
12/01/2026,08:39,CROSS_CITY_LINE_B,Class_730,6
12/01/2026,08:12,CROSS_CITY_LINE_B,Class_730,6
12/01/2026,07:38,CROSS_CITY_LINE_B,Class_730,6
12/01/2026,07:07,CROSS_CITY_LINE_B,Class_730,6
12/01/2026,06:33,CROSS_CITY_LINE_B,Class_730,6
12/01/2026,06:16,CROSS_CITY_LINE_B,Class_730,6
12/01/2026,05:45,CROSS_CITY_LINE_B,Class_730,6
12/01/2026,23:24,CROSS_CITY_LINE_A,Class_730,6
12/01/2026,23:07,CROSS_CITY_LINE_A,Class_730,6
12/01/2026,22:25,CROSS_CITY_LINE_A,Class_730,6
12/01/2026,22:44,STAFFORD_COVENTRY,Class_390,11
12/01/2026,22:13,CROSS_CITY_LINE_A,Class_730,6
12/01/2026,21:21,CROSS_CITY_LINE_A,Class_730,6
12/01/2026,20:57,CROSS_CITY_LINE_A,Class_730,6
12/01/2026,20:35,CROSS_CITY_LINE_A,Class_730,6
12/01/2026,20:06,CROSS_CITY_LINE_A,Class_730,6
12/01/2026,19:40,CROSS_CITY_LINE_A,Class_730,6
12/01/2026,18:40,CROSS_CITY_LINE_A,Class_730,6
12/01/2026,18:28,CROSS_CITY_LINE_A,Class_730,6
12/01/2026,17:42,CROSS_CITY_LINE_A,Class_730,6
12/01/2026,17:19,CROSS_CITY_LINE_A,Class_730,6
12/01/2026,16:48,CROSS_CITY_LINE_A,Class_730,6
12/01/2026,16:06,CROSS_CITY_LINE_A,Class_730,6
12/01/2026,15:25,CROSS_CITY_LINE_A,Class_730,6
12/01/2026,15:10,CROSS_CITY_LINE_A,Class_730,6
12/01/2026,21:49,CROSS_CITY_LINE_A,Class_730,6
12/01/2026,22:08,STAFFORD_COVENTRY,Class_390,11
12/01/2026,12:50,CROSS_CITY_LINE_A,Class_730,6
12/01/2026,20:23,STAFFORD_COVENTRY,Class_390,11
12/01/2026,20:21,BIRMINGHAM_NEW_STREET_RUGBY,Class_390,7
12/01/2026,19:17,BIRMINGHAM_NEW_STREET_RUGBY,Class_390,7
12/01/2026,18:13,BIRMINGHAM_NEW_STREET_RUGBY,Class_390,7
12/01/2026,17:08,BIRMINGHAM_NEW_STREET_RUGBY,Class_390,7
12/01/2026,15:53,BIRMINGHAM_NEW_STREET_RUGBY,Class_390,7
12/01/2026,14:57,BIRMINGHAM_NEW_STREET_RUGBY,Class_390,7
12/01/2026,13:48,BIRMINGHAM_NEW_STREET_RUGBY,Class_390,7
12/01/2026,12:38,BIRMINGHAM_NEW_STREET_RUGBY,Class_390,7
12/01/2026,11:19,BIRMINGHAM_NEW_STREET_RUGBY,Class_390,7
12/01/2026,10:07,BIRMINGHAM_NEW_STREET_RUGBY,Class_390,7
12/01/2026,08:29,BIRMINGHAM_NEW_STREET_RUGBY,Class_390,7
12/01/2026,07:48,BIRMINGHAM_NEW_STREET_RUGBY,Class_390,7
12/01/2026,06:39,BIRMINGHAM_NEW_STREET_RUGBY,Class_390,7
12/01/2026,07:50,RUGBY_BIRMINGHAM_NEW_STREET,Class_390,7
12/01/2026,22:46,RUGBY_WOLVERHAMPTON,Class_390,11
12/01/2026,20:09,RUGBY_WOLVERHAMPTON,Class_390,11
12/01/2026,06:07,WOLVERHAMPTON_COVENTRY,Class_390,11
12/01/2026,05:18,WOLVERHAMPTON_COVENTRY,Class_390,11
12/01/2026,05:05,WOLVERHAMPTON_COVENTRY,Class_390,11
12/01/2026,05:03,WOLVERHAMPTON_COVENTRY,Class_390,11
12/01/2026,23:18,DORRIDGE_STOURBRIDGE_JUNCTION,Class_168,6
12/01/2026,21:17,DORRIDGE_STOURBRIDGE_JUNCTION,Class_168,6
12/01/2026,18:52,DORRIDGE_STOURBRIDGE_JUNCTION,Class_168,6
12/01/2026,05:41,STOURBRIDGE_JUNCTION_DORRIDGE,Class_168,6
12/01/2026,23:30,DORRIDGE_BIRMINGHAM_SNOW_HILL,Class_168,6
12/01/2026,22:44,DORRIDGE_BIRMINGHAM_SNOW_HILL,Class_168,6
12/01/2026,22:02,DORRIDGE_BIRMINGHAM_SNOW_HILL,Class_168,6
12/01/2026,21:14,STAFFORD_COVENTRY,Class_390,11
12/01/2026,21:02,RUGBY_WOLVERHAMPTON,Class_390,11
12/01/2026,08:18,RUGBY_BIRMINGHAM_NEW_STREET,Class_390,7
12/01/2026,20:16,DORRIDGE_BIRMINGHAM_SNOW_HILL,Class_168,6
12/01/2026,09:52,RUGBY_BIRMINGHAM_NEW_STREET,Class_390,7
12/01/2026,09:30,RUGBY_BIRMINGHAM_NEW_STREET,Class_390,7
12/01/2026,18:20,STAFFORD_COVENTRY,Class_390,11
12/01/2026,17:05,STAFFORD_COVENTRY,Class_390,11
12/01/2026,15:56,STAFFORD_COVENTRY,Class_390,11
12/01/2026,14:56,STAFFORD_COVENTRY,Class_390,11
12/01/2026,13:48,STAFFORD_COVENTRY,Class_390,11
12/01/2026,12:41,STAFFORD_COVENTRY,Class_390,11
12/01/2026,11:21,STAFFORD_COVENTRY,Class_390,11
12/01/2026,10:04,STAFFORD_COVENTRY,Class_390,11
12/01/2026,08:43,STAFFORD_COVENTRY,Class_390,11
12/01/2026,07:46,STAFFORD_COVENTRY,Class_390,11
12/01/2026,06:31,STAFFORD_COVENTRY,Class_390,11
12/01/2026,19:24,RUGBY_BIRMINGHAM_NEW_STREET,Class_390,7
12/01/2026,18:33,RUGBY_BIRMINGHAM_NEW_STREET,Class_390,7
12/01/2026,19:25,STAFFORD_COVENTRY,Class_390,11
12/01/2026,17:39,RUGBY_BIRMINGHAM_NEW_STREET,Class_390,7
12/01/2026,18:09,RUGBY_BIRMINGHAM_NEW_STREET,Class_390,7
12/01/2026,10:33,RUGBY_BIRMINGHAM_NEW_STREET,Class_390,7
12/01/2026,11:12,RUGBY_BIRMINGHAM_NEW_STREET,Class_390,7
12/01/2026,12:09,RUGBY_BIRMINGHAM_NEW_STREET,Class_390,7
12/01/2026,13:03,RUGBY_BIRMINGHAM_NEW_STREET,Class_390,7
12/01/2026,13:21,RUGBY_BIRMINGHAM_NEW_STREET,Class_390,7
12/01/2026,12:36,RUGBY_BIRMINGHAM_NEW_STREET,Class_390,7
12/01/2026,14:53,RUGBY_BIRMINGHAM_NEW_STREET,Class_390,7
12/01/2026,15:18,RUGBY_BIRMINGHAM_NEW_STREET,Class_390,7
12/01/2026,15:54,RUGBY_BIRMINGHAM_NEW_STREET,Class_390,7
12/01/2026,16:39,RUGBY_BIRMINGHAM_NEW_STREET,Class_390,7
12/01/2026,17:04,RUGBY_BIRMINGHAM_NEW_STREET,Class_390,7
12/01/2026,14:33,RUGBY_BIRMINGHAM_NEW_STREET,Class_390,7
13/01/2026,20:42,FOUR_OAKS_REDDITCH,Class_730,6
13/01/2026,19:17,FOUR_OAKS_REDDITCH,Class_730,6
13/01/2026,19:40,FOUR_OAKS_REDDITCH,Class_730,6
13/01/2026,20:22,FOUR_OAKS_REDDITCH,Class_730,6
13/01/2026,21:12,FOUR_OAKS_REDDITCH,Class_730,6
13/01/2026,05:38,RUGELEY_TRENT_VALLEY_BIRMINGHAM_INTERNATIONAL,Class_730,3
13/01/2026,22:16,FOUR_OAKS_REDDITCH,Class_730,6
13/01/2026,22:50,FOUR_OAKS_REDDITCH,Class_730,6
13/01/2026,23:17,FOUR_OAKS_REDDITCH,Class_730,6
13/01/2026,05:27,RUGELEY_TRENT_VALLEY_BIRMINGHAM_INTERNATIONAL,Class_730,3
13/01/2026,09:55,FOUR_OAKS_REDDITCH,Class_730,6
13/01/2026,21:44,FOUR_OAKS_REDDITCH,Class_730,6
13/01/2026,18:47,FOUR_OAKS_REDDITCH,Class_730,6
13/01/2026,14:12,FOUR_OAKS_REDDITCH,Class_730,6
13/01/2026,17:42,FOUR_OAKS_REDDITCH,Class_730,6
13/01/2026,16:56,FOUR_OAKS_REDDITCH,Class_730,6
13/01/2026,16:14,FOUR_OAKS_REDDITCH,Class_730,6
13/01/2026,15:39,FOUR_OAKS_REDDITCH,Class_730,6
13/01/2026,14:40,FOUR_OAKS_REDDITCH,Class_730,6
13/01/2026,13:36,FOUR_OAKS_REDDITCH,Class_730,6
13/01/2026,12:53,FOUR_OAKS_REDDITCH,Class_730,6
13/01/2026,12:38,FOUR_OAKS_REDDITCH,Class_730,6
13/01/2026,12:08,FOUR_OAKS_REDDITCH,Class_730,6
13/01/2026,11:33,FOUR_OAKS_REDDITCH,Class_730,6
13/01/2026,11:02,FOUR_OAKS_REDDITCH,Class_730,6
13/01/2026,10:29,FOUR_OAKS_REDDITCH,Class_730,6
13/01/2026,06:00,RUGELEY_TRENT_VALLEY_BIRMINGHAM_INTERNATIONAL,Class_730,3
13/01/2026,18:14,FOUR_OAKS_REDDITCH,Class_730,6
13/01/2026,06:38,RUGELEY_TRENT_VALLEY_BIRMINGHAM_INTERNATIONAL,Class_730,3
13/01/2026,14:56,RUGELEY_TRENT_VALLEY_BIRMINGHAM_INTERNATIONAL,Class_730,3
13/01/2026,08:02,RUGELEY_TRENT_VALLEY_BIRMINGHAM_INTERNATIONAL,Class_730,3
13/01/2026,09:21,FOUR_OAKS_REDDITCH,Class_730,6
13/01/2026,06:40,BIRMINGHAM_INTERNATIONAL_RUGELEY_TRENT_VALLEY,Class_730,3
13/01/2026,06:00,BIRMINGHAM_INTERNATIONAL_RUGELEY_TRENT_VALLEY,Class_730,3
13/01/2026,05:38,BIRMINGHAM_INTERNATIONAL_RUGELEY_TRENT_VALLEY,Class_730,3
13/01/2026,21:51,RUGELEY_TRENT_VALLEY_BIRMINGHAM_INTERNATIONAL,Class_730,3
13/01/2026,21:17,RUGELEY_TRENT_VALLEY_BIRMINGHAM_INTERNATIONAL,Class_730,3
13/01/2026,20:59,RUGELEY_TRENT_VALLEY_BIRMINGHAM_INTERNATIONAL,Class_730,3
13/01/2026,20:27,RUGELEY_TRENT_VALLEY_BIRMINGHAM_INTERNATIONAL,Class_730,3
13/01/2026,19:57,RUGELEY_TRENT_VALLEY_BIRMINGHAM_INTERNATIONAL,Class_730,3
13/01/2026,19:21,RUGELEY_TRENT_VALLEY_BIRMINGHAM_INTERNATIONAL,Class_730,3
13/01/2026,18:56,RUGELEY_TRENT_VALLEY_BIRMINGHAM_INTERNATIONAL,Class_730,3
13/01/2026,18:17,RUGELEY_TRENT_VALLEY_BIRMINGHAM_INTERNATIONAL,Class_730,3
13/01/2026,17:44,RUGELEY_TRENT_VALLEY_BIRMINGHAM_INTERNATIONAL,Class_730,3
13/01/2026,07:25,RUGELEY_TRENT_VALLEY_BIRMINGHAM_INTERNATIONAL,Class_730,3
13/01/2026,17:14,RUGELEY_TRENT_VALLEY_BIRMINGHAM_INTERNATIONAL,Class_730,3
13/01/2026,15:55,RUGELEY_TRENT_VALLEY_BIRMINGHAM_INTERNATIONAL,Class_730,3
13/01/2026,14:22,RUGELEY_TRENT_VALLEY_BIRMINGHAM_INTERNATIONAL,Class_730,3
13/01/2026,13:47,RUGELEY_TRENT_VALLEY_BIRMINGHAM_INTERNATIONAL,Class_730,3
13/01/2026,13:13,RUGELEY_TRENT_VALLEY_BIRMINGHAM_INTERNATIONAL,Class_730,3
13/01/2026,12:49,RUGELEY_TRENT_VALLEY_BIRMINGHAM_INTERNATIONAL,Class_730,3
13/01/2026,12:19,RUGELEY_TRENT_VALLEY_BIRMINGHAM_INTERNATIONAL,Class_730,3
13/01/2026,11:49,RUGELEY_TRENT_VALLEY_BIRMINGHAM_INTERNATIONAL,Class_730,3
13/01/2026,11:09,RUGELEY_TRENT_VALLEY_BIRMINGHAM_INTERNATIONAL,Class_730,3
13/01/2026,10:37,RUGELEY_TRENT_VALLEY_BIRMINGHAM_INTERNATIONAL,Class_730,3
13/01/2026,10:06,RUGELEY_TRENT_VALLEY_BIRMINGHAM_INTERNATIONAL,Class_730,3
13/01/2026,09:28,RUGELEY_TRENT_VALLEY_BIRMINGHAM_INTERNATIONAL,Class_730,3
13/01/2026,08:50,RUGELEY_TRENT_VALLEY_BIRMINGHAM_INTERNATIONAL,Class_730,3
13/01/2026,08:28,RUGELEY_TRENT_VALLEY_BIRMINGHAM_INTERNATIONAL,Class_730,3
13/01/2026,16:41,RUGELEY_TRENT_VALLEY_BIRMINGHAM_INTERNATIONAL,Class_730,3
13/01/2026,07:30,BIRMINGHAM_INTERNATIONAL_RUGELEY_TRENT_VALLEY,Class_730,3
13/01/2026,12:37,CROSS_CITY_LINE_B,Class_730,6
13/01/2026,08:06,FOUR_OAKS_REDDITCH,Class_730,6
13/01/2026,09:07,REDDITCH_FOUR_OAKS,Class_730,6
13/01/2026,08:42,REDDITCH_FOUR_OAKS,Class_730,6
13/01/2026,08:08,REDDITCH_FOUR_OAKS,Class_730,6
13/01/2026,07:43,REDDITCH_FOUR_OAKS,Class_730,6
13/01/2026,06:48,REDDITCH_FOUR_OAKS,Class_730,6
13/01/2026,06:14,REDDITCH_FOUR_OAKS,Class_730,6
13/01/2026,05:42,REDDITCH_FOUR_OAKS,Class_730,6
13/01/2026,05:33,REDDITCH_FOUR_OAKS,Class_730,6
13/01/2026,05:18,REDDITCH_FOUR_OAKS,Class_730,6
13/01/2026,22:28,CROSS_CITY_LINE_B,Class_730,6
13/01/2026,21:47,CROSS_CITY_LINE_B,Class_730,6
13/01/2026,21:23,CROSS_CITY_LINE_B,Class_730,6
13/01/2026,20:59,CROSS_CITY_LINE_B,Class_730,6
13/01/2026,20:25,CROSS_CITY_LINE_B,Class_730,6
13/01/2026,19:58,CROSS_CITY_LINE_B,Class_730,6
13/01/2026,19:20,CROSS_CITY_LINE_B,Class_730,6
13/01/2026,18:48,CROSS_CITY_LINE_B,Class_730,6
13/01/2026,18:18,CROSS_CITY_LINE_B,Class_730,6
13/01/2026,17:49,CROSS_CITY_LINE_B,Class_730,6
13/01/2026,16:59,CROSS_CITY_LINE_B,Class_730,6
13/01/2026,16:29,CROSS_CITY_LINE_B,Class_730,6
13/01/2026,15:26,CROSS_CITY_LINE_B,Class_730,6
13/01/2026,14:59,CROSS_CITY_LINE_B,Class_730,6
13/01/2026,14:12,CROSS_CITY_LINE_B,Class_730,6
13/01/2026,13:38,CROSS_CITY_LINE_B,Class_730,6
13/01/2026,13:02,CROSS_CITY_LINE_B,Class_730,6
13/01/2026,08:08,BIRMINGHAM_INTERNATIONAL_RUGELEY_TRENT_VALLEY,Class_730,3
13/01/2026,09:45,REDDITCH_FOUR_OAKS,Class_730,6
13/01/2026,10:10,REDDITCH_FOUR_OAKS,Class_730,6
13/01/2026,10:49,REDDITCH_FOUR_OAKS,Class_730,6
13/01/2026,11:18,REDDITCH_FOUR_OAKS,Class_730,6
13/01/2026,07:21,FOUR_OAKS_REDDITCH,Class_730,6
13/01/2026,06:19,FOUR_OAKS_REDDITCH,Class_730,6
13/01/2026,05:48,FOUR_OAKS_REDDITCH,Class_730,6
13/01/2026,05:36,FOUR_OAKS_REDDITCH,Class_730,6
13/01/2026,05:25,FOUR_OAKS_REDDITCH,Class_730,6
13/01/2026,05:06,FOUR_OAKS_REDDITCH,Class_730,6
13/01/2026,23:22,REDDITCH_FOUR_OAKS,Class_730,6
13/01/2026,23:04,REDDITCH_FOUR_OAKS,Class_730,6
13/01/2026,22:30,REDDITCH_FOUR_OAKS,Class_730,6
13/01/2026,21:56,REDDITCH_FOUR_OAKS,Class_730,6
13/01/2026,21:23,REDDITCH_FOUR_OAKS,Class_730,6
13/01/2026,21:05,REDDITCH_FOUR_OAKS,Class_730,6
13/01/2026,20:32,REDDITCH_FOUR_OAKS,Class_730,6
13/01/2026,08:26,FOUR_OAKS_REDDITCH,Class_730,6
13/01/2026,20:15,REDDITCH_FOUR_OAKS,Class_730,6
13/01/2026,19:11,REDDITCH_FOUR_OAKS,Class_730,6
13/01/2026,18:24,REDDITCH_FOUR_OAKS,Class_730,6
13/01/2026,18:07,REDDITCH_FOUR_OAKS,Class_730,6
13/01/2026,17:17,REDDITCH_FOUR_OAKS,Class_730,6
13/01/2026,16:54,REDDITCH_FOUR_OAKS,Class_730,6
13/01/2026,16:05,REDDITCH_FOUR_OAKS,Class_730,6
13/01/2026,15:04,REDDITCH_FOUR_OAKS,Class_730,6
13/01/2026,14:34,REDDITCH_FOUR_OAKS,Class_730,6
13/01/2026,13:56,REDDITCH_FOUR_OAKS,Class_730,6
13/01/2026,13:20,REDDITCH_FOUR_OAKS,Class_730,6
13/01/2026,12:50,REDDITCH_FOUR_OAKS,Class_730,6
13/01/2026,12:28,REDDITCH_FOUR_OAKS,Class_730,6
13/01/2026,12:03,REDDITCH_FOUR_OAKS,Class_730,6
13/01/2026,19:32,REDDITCH_FOUR_OAKS,Class_730,6
13/01/2026,08:38,BIRMINGHAM_INTERNATIONAL_RUGELEY_TRENT_VALLEY,Class_730,3
13/01/2026,06:45,WOLVERHAMPTON_WALSALL,Class_730,3
13/01/2026,09:31,BIRMINGHAM_INTERNATIONAL_RUGELEY_TRENT_VALLEY,Class_730,3
13/01/2026,05:29,WALSALL_WOLVERHAMPTON,Class_731,3
13/01/2026,05:14,WALSALL_WOLVERHAMPTON,Class_730,3
13/01/2026,22:58,WOLVERHAMPTON_WALSALL,Class_730,3
13/01/2026,22:31,WOLVERHAMPTON_WALSALL,Class_730,3
13/01/2026,21:57,WOLVERHAMPTON_WALSALL,Class_730,3
13/01/2026,21:29,WOLVERHAMPTON_WALSALL,Class_730,3
13/01/2026,21:02,WOLVERHAMPTON_WALSALL,Class_730,3
13/01/2026,20:31,WOLVERHAMPTON_WALSALL,Class_730,3
13/01/2026,20:11,WOLVERHAMPTON_WALSALL,Class_730,3
13/01/2026,19:29,WOLVERHAMPTON_WALSALL,Class_730,3
13/01/2026,19:09,WOLVERHAMPTON_WALSALL,Class_730,3
13/01/2026,18:40,WOLVERHAMPTON_WALSALL,Class_730,3
13/01/2026,18:07,WOLVERHAMPTON_WALSALL,Class_730,3
13/01/2026,17:20,WOLVERHAMPTON_WALSALL,Class_730,3
13/01/2026,16:54,WOLVERHAMPTON_WALSALL,Class_730,3
13/01/2026,15:58,WOLVERHAMPTON_WALSALL,Class_730,3
13/01/2026,15:03,WOLVERHAMPTON_WALSALL,Class_730,3
13/01/2026,14:33,WOLVERHAMPTON_WALSALL,Class_730,3
13/01/2026,14:01,WOLVERHAMPTON_WALSALL,Class_730,3
13/01/2026,13:14,WOLVERHAMPTON_WALSALL,Class_730,3
13/01/2026,12:50,WOLVERHAMPTON_WALSALL,Class_730,3
13/01/2026,12:28,WOLVERHAMPTON_WALSALL,Class_730,3
13/01/2026,12:05,WOLVERHAMPTON_WALSALL,Class_730,3
13/01/2026,11:21,WOLVERHAMPTON_WALSALL,Class_730,3
13/01/2026,10:51,WOLVERHAMPTON_WALSALL,Class_730,3
13/01/2026,10:10,WOLVERHAMPTON_WALSALL,Class_730,3
13/01/2026,09:40,WOLVERHAMPTON_WALSALL,Class_730,3
13/01/2026,05:41,WALSALL_WOLVERHAMPTON,Class_732,3
13/01/2026,06:10,WALSALL_WOLVERHAMPTON,Class_733,3
13/01/2026,06:47,WALSALL_WOLVERHAMPTON,Class_734,3
13/01/2026,07:46,WALSALL_WOLVERHAMPTON,Class_735,3
13/01/2026,22:58,WALSALL_WOLVERHAMPTON,Class_763,3
13/01/2026,22:33,WALSALL_WOLVERHAMPTON,Class_762,3
13/01/2026,21:57,WALSALL_WOLVERHAMPTON,Class_761,3
13/01/2026,21:28,WALSALL_WOLVERHAMPTON,Class_760,3
13/01/2026,21:03,WALSALL_WOLVERHAMPTON,Class_759,3
13/01/2026,20:39,WALSALL_WOLVERHAMPTON,Class_758,3
13/01/2026,20:07,WALSALL_WOLVERHAMPTON,Class_757,3
13/01/2026,19:29,WALSALL_WOLVERHAMPTON,Class_756,3
13/01/2026,19:10,WALSALL_WOLVERHAMPTON,Class_755,3
13/01/2026,18:39,WALSALL_WOLVERHAMPTON,Class_754,3
13/01/2026,18:11,WALSALL_WOLVERHAMPTON,Class_753,3
13/01/2026,17:26,WALSALL_WOLVERHAMPTON,Class_752,3
13/01/2026,16:47,WALSALL_WOLVERHAMPTON,Class_751,3
13/01/2026,09:08,WOLVERHAMPTON_WALSALL,Class_730,3
13/01/2026,16:01,WALSALL_WOLVERHAMPTON,Class_750,3
13/01/2026,14:26,WALSALL_WOLVERHAMPTON,Class_748,3
13/01/2026,13:58,WALSALL_WOLVERHAMPTON,Class_747,3
13/01/2026,13:23,WALSALL_WOLVERHAMPTON,Class_746,3
13/01/2026,12:49,WALSALL_WOLVERHAMPTON,Class_745,3
13/01/2026,12:30,WALSALL_WOLVERHAMPTON,Class_744,3
13/01/2026,12:03,WALSALL_WOLVERHAMPTON,Class_743,3
13/01/2026,11:18,WALSALL_WOLVERHAMPTON,Class_742,3
13/01/2026,10:49,WALSALL_WOLVERHAMPTON,Class_741,3
13/01/2026,10:12,WALSALL_WOLVERHAMPTON,Class_740,3
13/01/2026,09:41,WALSALL_WOLVERHAMPTON,Class_739,3
13/01/2026,09:05,WALSALL_WOLVERHAMPTON,Class_738,3
13/01/2026,08:40,WALSALL_WOLVERHAMPTON,Class_737,3
13/01/2026,08:10,WALSALL_WOLVERHAMPTON,Class_736,3
13/01/2026,15:14,WALSALL_WOLVERHAMPTON,Class_749,3
13/01/2026,08:42,WOLVERHAMPTON_WALSALL,Class_730,3
13/01/2026,08:13,WOLVERHAMPTON_WALSALL,Class_730,3
13/01/2026,07:38,WOLVERHAMPTON_WALSALL,Class_730,3
13/01/2026,10:03,NORTHAMPTON_BIRMINGHAM_NEW_STREET,Class_350,5
13/01/2026,08:52,NORTHAMPTON_BIRMINGHAM_NEW_STREET,Class_350,5
13/01/2026,08:06,NORTHAMPTON_BIRMINGHAM_NEW_STREET,Class_350,5
13/01/2026,06:41,NORTHAMPTON_BIRMINGHAM_NEW_STREET,Class_350,5
13/01/2026,05:39,NORTHAMPTON_BIRMINGHAM_NEW_STREET,Class_350,5
13/01/2026,05:12,NORTHAMPTON_BIRMINGHAM_NEW_STREET,Class_350,5
13/01/2026,21:53,BIRMINGHAM_INTERNATIONAL_RUGELEY_TRENT_VALLEY,Class_730,3
13/01/2026,21:19,BIRMINGHAM_INTERNATIONAL_RUGELEY_TRENT_VALLEY,Class_730,3
13/01/2026,20:44,BIRMINGHAM_INTERNATIONAL_RUGELEY_TRENT_VALLEY,Class_730,3
13/01/2026,20:30,BIRMINGHAM_INTERNATIONAL_RUGELEY_TRENT_VALLEY,Class_730,3
13/01/2026,19:58,BIRMINGHAM_INTERNATIONAL_RUGELEY_TRENT_VALLEY,Class_730,3
13/01/2026,19:27,BIRMINGHAM_INTERNATIONAL_RUGELEY_TRENT_VALLEY,Class_730,3
13/01/2026,18:55,BIRMINGHAM_INTERNATIONAL_RUGELEY_TRENT_VALLEY,Class_730,3
13/01/2026,11:07,NORTHAMPTON_BIRMINGHAM_NEW_STREET,Class_350,5
13/01/2026,18:23,BIRMINGHAM_INTERNATIONAL_RUGELEY_TRENT_VALLEY,Class_730,3
13/01/2026,17:13,BIRMINGHAM_INTERNATIONAL_RUGELEY_TRENT_VALLEY,Class_730,3
13/01/2026,16:41,BIRMINGHAM_INTERNATIONAL_RUGELEY_TRENT_VALLEY,Class_730,3
13/01/2026,15:50,BIRMINGHAM_INTERNATIONAL_RUGELEY_TRENT_VALLEY,Class_730,3
13/01/2026,14:50,BIRMINGHAM_INTERNATIONAL_RUGELEY_TRENT_VALLEY,Class_730,3
13/01/2026,14:13,BIRMINGHAM_INTERNATIONAL_RUGELEY_TRENT_VALLEY,Class_730,3
13/01/2026,13:51,BIRMINGHAM_INTERNATIONAL_RUGELEY_TRENT_VALLEY,Class_730,3
13/01/2026,13:01,BIRMINGHAM_INTERNATIONAL_RUGELEY_TRENT_VALLEY,Class_730,3
13/01/2026,12:47,BIRMINGHAM_INTERNATIONAL_RUGELEY_TRENT_VALLEY,Class_730,3
13/01/2026,12:15,BIRMINGHAM_INTERNATIONAL_RUGELEY_TRENT_VALLEY,Class_730,3
13/01/2026,11:41,BIRMINGHAM_INTERNATIONAL_RUGELEY_TRENT_VALLEY,Class_730,3
13/01/2026,11:10,BIRMINGHAM_INTERNATIONAL_RUGELEY_TRENT_VALLEY,Class_730,3
13/01/2026,10:41,BIRMINGHAM_INTERNATIONAL_RUGELEY_TRENT_VALLEY,Class_730,3
13/01/2026,09:58,BIRMINGHAM_INTERNATIONAL_RUGELEY_TRENT_VALLEY,Class_730,3
13/01/2026,18:00,BIRMINGHAM_INTERNATIONAL_RUGELEY_TRENT_VALLEY,Class_730,3
13/01/2026,08:59,BIRMINGHAM_INTERNATIONAL_RUGELEY_TRENT_VALLEY,Class_730,3
13/01/2026,12:17,NORTHAMPTON_BIRMINGHAM_NEW_STREET,Class_350,5
13/01/2026,14:22,NORTHAMPTON_BIRMINGHAM_NEW_STREET,Class_350,5
13/01/2026,12:14,CROSS_CITY_LINE_B,Class_730,6
13/01/2026,06:13,WOLVERHAMPTON_WALSALL,Class_730,3
13/01/2026,05:43,WOLVERHAMPTON_WALSALL,Class_730,3
13/01/2026,05:29,WOLVERHAMPTON_WALSALL,Class_730,3
13/01/2026,05:15,WOLVERHAMPTON_WALSALL,Class_730,3
13/01/2026,23:11,BIRMINGHAM_NEW_STREET_NORTHAMPTON,Class_350,8
13/01/2026,22:11,BIRMINGHAM_NEW_STREET_NORTHAMPTON,Class_350,8
13/01/2026,21:07,BIRMINGHAM_NEW_STREET_NORTHAMPTON,Class_350,8
13/01/2026,20:21,BIRMINGHAM_NEW_STREET_NORTHAMPTON,Class_350,8
13/01/2026,19:13,BIRMINGHAM_NEW_STREET_NORTHAMPTON,Class_350,8
13/01/2026,18:13,BIRMINGHAM_NEW_STREET_NORTHAMPTON,Class_350,8
13/01/2026,16:55,BIRMINGHAM_NEW_STREET_NORTHAMPTON,Class_350,8
13/01/2026,15:15,BIRMINGHAM_NEW_STREET_NORTHAMPTON,Class_350,8
13/01/2026,13:12,NORTHAMPTON_BIRMINGHAM_NEW_STREET,Class_350,5
13/01/2026,14:04,BIRMINGHAM_NEW_STREET_NORTHAMPTON,Class_350,8
13/01/2026,12:05,BIRMINGHAM_NEW_STREET_NORTHAMPTON,Class_350,8
13/01/2026,10:56,BIRMINGHAM_NEW_STREET_NORTHAMPTON,Class_350,8
13/01/2026,09:47,BIRMINGHAM_NEW_STREET_NORTHAMPTON,Class_350,8
13/01/2026,08:42,BIRMINGHAM_NEW_STREET_NORTHAMPTON,Class_350,8
13/01/2026,07:46,BIRMINGHAM_NEW_STREET_NORTHAMPTON,Class_350,8
13/01/2026,06:15,BIRMINGHAM_NEW_STREET_NORTHAMPTON,Class_350,8
13/01/2026,22:17,NORTHAMPTON_BIRMINGHAM_NEW_STREET,Class_350,5
13/01/2026,21:21,NORTHAMPTON_BIRMINGHAM_NEW_STREET,Class_350,5
13/01/2026,20:28,NORTHAMPTON_BIRMINGHAM_NEW_STREET,Class_350,5
13/01/2026,19:24,NORTHAMPTON_BIRMINGHAM_NEW_STREET,Class_350,5
13/01/2026,18:18,NORTHAMPTON_BIRMINGHAM_NEW_STREET,Class_350,5
13/01/2026,17:13,NORTHAMPTON_BIRMINGHAM_NEW_STREET,Class_350,5
13/01/2026,15:55,NORTHAMPTON_BIRMINGHAM_NEW_STREET,Class_350,5
13/01/2026,12:51,BIRMINGHAM_NEW_STREET_NORTHAMPTON,Class_350,8
13/01/2026,11:43,CROSS_CITY_LINE_B,Class_730,6
13/01/2026,08:44,FOUR_OAKS_REDDITCH,Class_730,6
13/01/2026,10:31,CROSS_CITY_LINE_B,Class_730,6
13/01/2026,19:18,DORRIDGE_BIRMINGHAM_MOOR_STREET,Class_168,6
13/01/2026,18:56,DORRIDGE_BIRMINGHAM_MOOR_STREET,Class_168,6
13/01/2026,18:15,DORRIDGE_BIRMINGHAM_MOOR_STREET,Class_168,6
13/01/2026,17:34,DORRIDGE_BIRMINGHAM_MOOR_STREET,Class_168,6
13/01/2026,17:02,DORRIDGE_BIRMINGHAM_MOOR_STREET,Class_168,6
13/01/2026,16:19,DORRIDGE_BIRMINGHAM_MOOR_STREET,Class_168,6
13/01/2026,15:54,DORRIDGE_BIRMINGHAM_MOOR_STREET,Class_168,6
13/01/2026,14:40,DORRIDGE_BIRMINGHAM_MOOR_STREET,Class_168,6
13/01/2026,14:05,DORRIDGE_BIRMINGHAM_MOOR_STREET,Class_168,6
13/01/2026,13:32,DORRIDGE_BIRMINGHAM_MOOR_STREET,Class_168,6
13/01/2026,13:01,DORRIDGE_BIRMINGHAM_MOOR_STREET,Class_168,6
13/01/2026,12:43,DORRIDGE_BIRMINGHAM_MOOR_STREET,Class_168,6
13/01/2026,12:14,DORRIDGE_BIRMINGHAM_MOOR_STREET,Class_168,6
13/01/2026,11:36,DORRIDGE_BIRMINGHAM_MOOR_STREET,Class_168,6
13/01/2026,11:03,DORRIDGE_BIRMINGHAM_MOOR_STREET,Class_168,6
13/01/2026,10:26,DORRIDGE_BIRMINGHAM_MOOR_STREET,Class_168,6
13/01/2026,10:02,DORRIDGE_BIRMINGHAM_MOOR_STREET,Class_168,6
13/01/2026,09:22,DORRIDGE_BIRMINGHAM_MOOR_STREET,Class_168,6
13/01/2026,08:46,DORRIDGE_BIRMINGHAM_MOOR_STREET,Class_168,6
13/01/2026,08:21,DORRIDGE_BIRMINGHAM_MOOR_STREET,Class_168,6
13/01/2026,07:58,DORRIDGE_BIRMINGHAM_MOOR_STREET,Class_168,6
13/01/2026,07:18,DORRIDGE_BIRMINGHAM_MOOR_STREET,Class_168,6
13/01/2026,06:28,DORRIDGE_BIRMINGHAM_MOOR_STREET,Class_168,6
13/01/2026,05:50,DORRIDGE_BIRMINGHAM_MOOR_STREET,Class_168,6
13/01/2026,05:36,DORRIDGE_BIRMINGHAM_MOOR_STREET,Class_168,6
13/01/2026,23:34,BIRMINGHAM_MOOR_STREET_DORRIDGE,Class_168,6
13/01/2026,23:17,BIRMINGHAM_MOOR_STREET_DORRIDGE,Class_168,6
13/01/2026,19:42,DORRIDGE_BIRMINGHAM_MOOR_STREET,Class_168,6
13/01/2026,20:25,DORRIDGE_BIRMINGHAM_MOOR_STREET,Class_168,6
13/01/2026,20:43,DORRIDGE_BIRMINGHAM_MOOR_STREET,Class_168,6
13/01/2026,21:12,DORRIDGE_BIRMINGHAM_MOOR_STREET,Class_168,6
13/01/2026,16:36,DORRIDGE_BIRMINGHAM_SNOW_HILL,Class_168,6
13/01/2026,15:00,DORRIDGE_BIRMINGHAM_SNOW_HILL,Class_168,6
13/01/2026,13:44,DORRIDGE_BIRMINGHAM_SNOW_HILL,Class_168,6
13/01/2026,12:48,DORRIDGE_BIRMINGHAM_SNOW_HILL,Class_168,6
13/01/2026,11:44,DORRIDGE_BIRMINGHAM_SNOW_HILL,Class_168,6
13/01/2026,10:40,DORRIDGE_BIRMINGHAM_SNOW_HILL,Class_168,6
13/01/2026,09:24,DORRIDGE_BIRMINGHAM_SNOW_HILL,Class_168,6
13/01/2026,08:22,DORRIDGE_BIRMINGHAM_SNOW_HILL,Class_168,6
13/01/2026,23:27,BIRMINGHAM_SNOW_HILL_DORRIDGE,Class_168,6
13/01/2026,22:44,BIRMINGHAM_SNOW_HILL_DORRIDGE,Class_168,6
13/01/2026,21:34,BIRMINGHAM_SNOW_HILL_DORRIDGE,Class_168,6
13/01/2026,20:41,BIRMINGHAM_SNOW_HILL_DORRIDGE,Class_168,6
13/01/2026,19:38,BIRMINGHAM_SNOW_HILL_DORRIDGE,Class_168,6
13/01/2026,22:51,BIRMINGHAM_MOOR_STREET_DORRIDGE,Class_168,6
13/01/2026,18:42,BIRMINGHAM_SNOW_HILL_DORRIDGE,Class_168,6
13/01/2026,16:13,BIRMINGHAM_SNOW_HILL_DORRIDGE,Class_168,6
13/01/2026,14:36,BIRMINGHAM_SNOW_HILL_DORRIDGE,Class_168,6
13/01/2026,13:25,BIRMINGHAM_SNOW_HILL_DORRIDGE,Class_168,6
13/01/2026,12:33,BIRMINGHAM_SNOW_HILL_DORRIDGE,Class_168,6
13/01/2026,11:41,BIRMINGHAM_SNOW_HILL_DORRIDGE,Class_168,6
13/01/2026,10:17,BIRMINGHAM_SNOW_HILL_DORRIDGE,Class_168,6
13/01/2026,09:20,BIRMINGHAM_SNOW_HILL_DORRIDGE,Class_168,6
13/01/2026,08:14,BIRMINGHAM_SNOW_HILL_DORRIDGE,Class_168,6
13/01/2026,23:34,DORRIDGE_BIRMINGHAM_MOOR_STREET,Class_168,6
13/01/2026,23:20,DORRIDGE_BIRMINGHAM_MOOR_STREET,Class_168,6
13/01/2026,22:52,DORRIDGE_BIRMINGHAM_MOOR_STREET,Class_168,6
13/01/2026,22:16,DORRIDGE_BIRMINGHAM_MOOR_STREET,Class_168,6
13/01/2026,21:48,DORRIDGE_BIRMINGHAM_MOOR_STREET,Class_168,6
13/01/2026,17:31,BIRMINGHAM_SNOW_HILL_DORRIDGE,Class_168,6
13/01/2026,22:29,BIRMINGHAM_MOOR_STREET_DORRIDGE,Class_168,6
13/01/2026,21:46,BIRMINGHAM_MOOR_STREET_DORRIDGE,Class_168,6
13/01/2026,21:12,BIRMINGHAM_MOOR_STREET_DORRIDGE,Class_168,6
13/01/2026,21:32,WOLVERHAMPTON_BIRMINGHAM_INTERNATIONAL,Class_158,2
13/01/2026,20:43,WOLVERHAMPTON_BIRMINGHAM_INTERNATIONAL,Class_158,2
13/01/2026,19:37,WOLVERHAMPTON_BIRMINGHAM_INTERNATIONAL,Class_158,2
13/01/2026,18:43,WOLVERHAMPTON_BIRMINGHAM_INTERNATIONAL,Class_158,2
13/01/2026,17:34,WOLVERHAMPTON_BIRMINGHAM_INTERNATIONAL,Class_158,2
13/01/2026,16:09,WOLVERHAMPTON_BIRMINGHAM_INTERNATIONAL,Class_158,2
13/01/2026,14:40,WOLVERHAMPTON_BIRMINGHAM_INTERNATIONAL,Class_158,2
13/01/2026,13:25,WOLVERHAMPTON_BIRMINGHAM_INTERNATIONAL,Class_158,2
13/01/2026,12:31,WOLVERHAMPTON_BIRMINGHAM_INTERNATIONAL,Class_158,2
13/01/2026,11:33,WOLVERHAMPTON_BIRMINGHAM_INTERNATIONAL,Class_158,2
13/01/2026,10:23,WOLVERHAMPTON_BIRMINGHAM_INTERNATIONAL,Class_158,2
13/01/2026,09:16,WOLVERHAMPTON_BIRMINGHAM_INTERNATIONAL,Class_158,2
13/01/2026,06:56,WOLVERHAMPTON_BIRMINGHAM_INTERNATIONAL,Class_158,2
13/01/2026,22:45,WOLVERHAMPTON_BIRMINGHAM_INTERNATIONAL,Class_158,2
13/01/2026,05:46,WOLVERHAMPTON_BIRMINGHAM_INTERNATIONAL,Class_158,2
13/01/2026,19:32,BIRMINGHAM_INTERNATIONA_WOLVERHAMPTON,Class_158,2
13/01/2026,18:41,BIRMINGHAM_INTERNATIONA_WOLVERHAMPTON,Class_158,2
13/01/2026,17:32,BIRMINGHAM_INTERNATIONA_WOLVERHAMPTON,Class_158,2
13/01/2026,16:09,BIRMINGHAM_INTERNATIONA_WOLVERHAMPTON,Class_158,2
13/01/2026,14:35,BIRMINGHAM_INTERNATIONA_WOLVERHAMPTON,Class_158,2
13/01/2026,13:28,BIRMINGHAM_INTERNATIONA_WOLVERHAMPTON,Class_158,2
13/01/2026,12:32,BIRMINGHAM_INTERNATIONA_WOLVERHAMPTON,Class_158,2
13/01/2026,11:32,BIRMINGHAM_INTERNATIONA_WOLVERHAMPTON,Class_158,2
13/01/2026,10:13,BIRMINGHAM_INTERNATIONA_WOLVERHAMPTON,Class_158,2
13/01/2026,09:08,BIRMINGHAM_INTERNATIONA_WOLVERHAMPTON,Class_158,2
13/01/2026,08:13,BIRMINGHAM_INTERNATIONA_WOLVERHAMPTON,Class_158,2
13/01/2026,06:58,BIRMINGHAM_INTERNATIONA_WOLVERHAMPTON,Class_158,2
13/01/2026,05:44,BIRMINGHAM_INTERNATIONA_WOLVERHAMPTON,Class_158,2
13/01/2026,05:13,WOLVERHAMPTON_BIRMINGHAM_INTERNATIONAL,Class_158,2
13/01/2026,17:45,DORRIDGE_BIRMINGHAM_SNOW_HILL,Class_168,6
13/01/2026,05:03,BIRMINGHAM_MOOR_STREET_DORRIDGE,Class_168,6
13/01/2026,05:25,BIRMINGHAM_MOOR_STREET_DORRIDGE,Class_168,6
13/01/2026,20:44,BIRMINGHAM_MOOR_STREET_DORRIDGE,Class_168,6
13/01/2026,20:24,BIRMINGHAM_MOOR_STREET_DORRIDGE,Class_168,6
13/01/2026,19:46,BIRMINGHAM_MOOR_STREET_DORRIDGE,Class_168,6
13/01/2026,19:24,BIRMINGHAM_MOOR_STREET_DORRIDGE,Class_168,6
13/01/2026,18:46,BIRMINGHAM_MOOR_STREET_DORRIDGE,Class_168,6
13/01/2026,18:16,BIRMINGHAM_MOOR_STREET_DORRIDGE,Class_168,6
13/01/2026,17:46,BIRMINGHAM_MOOR_STREET_DORRIDGE,Class_168,6
13/01/2026,16:58,BIRMINGHAM_MOOR_STREET_DORRIDGE,Class_168,6
13/01/2026,16:16,BIRMINGHAM_MOOR_STREET_DORRIDGE,Class_168,6
13/01/2026,15:38,BIRMINGHAM_MOOR_STREET_DORRIDGE,Class_168,6
13/01/2026,14:52,BIRMINGHAM_MOOR_STREET_DORRIDGE,Class_168,6
13/01/2026,14:07,BIRMINGHAM_MOOR_STREET_DORRIDGE,Class_168,6
13/01/2026,13:36,BIRMINGHAM_MOOR_STREET_DORRIDGE,Class_168,6
13/01/2026,05:09,BIRMINGHAM_MOOR_STREET_DORRIDGE,Class_168,6
13/01/2026,12:53,BIRMINGHAM_MOOR_STREET_DORRIDGE,Class_168,6
13/01/2026,12:10,BIRMINGHAM_MOOR_STREET_DORRIDGE,Class_168,6
13/01/2026,11:45,BIRMINGHAM_MOOR_STREET_DORRIDGE,Class_168,6
13/01/2026,11:05,BIRMINGHAM_MOOR_STREET_DORRIDGE,Class_168,6
13/01/2026,10:31,BIRMINGHAM_MOOR_STREET_DORRIDGE,Class_168,6
13/01/2026,09:50,BIRMINGHAM_MOOR_STREET_DORRIDGE,Class_168,6
13/01/2026,09:20,BIRMINGHAM_MOOR_STREET_DORRIDGE,Class_168,6
13/01/2026,08:47,BIRMINGHAM_MOOR_STREET_DORRIDGE,Class_168,6
13/01/2026,08:26,BIRMINGHAM_MOOR_STREET_DORRIDGE,Class_168,6
13/01/2026,08:00,BIRMINGHAM_MOOR_STREET_DORRIDGE,Class_168,6
13/01/2026,07:24,BIRMINGHAM_MOOR_STREET_DORRIDGE,Class_168,6
13/01/2026,06:18,BIRMINGHAM_MOOR_STREET_DORRIDGE,Class_168,6
13/01/2026,05:56,BIRMINGHAM_MOOR_STREET_DORRIDGE,Class_168,6
13/01/2026,05:38,BIRMINGHAM_MOOR_STREET_DORRIDGE,Class_168,6
13/01/2026,12:34,BIRMINGHAM_MOOR_STREET_DORRIDGE,Class_168,6
13/01/2026,19:01,DORRIDGE_BIRMINGHAM_SNOW_HILL,Class_168,6
13/01/2026,11:06,CROSS_CITY_LINE_B,Class_730,6
13/01/2026,20:46,DORRIDGE_BIRMINGHAM_SNOW_HILL,Class_168,6
13/01/2026,11:26,CROSS_CITY_LINE_A,Class_730,6
13/01/2026,11:01,CROSS_CITY_LINE_A,Class_730,6
13/01/2026,10:25,CROSS_CITY_LINE_A,Class_730,6
13/01/2026,09:48,CROSS_CITY_LINE_A,Class_730,6
13/01/2026,09:08,CROSS_CITY_LINE_A,Class_730,6
13/01/2026,08:44,CROSS_CITY_LINE_A,Class_730,6
13/01/2026,08:14,CROSS_CITY_LINE_A,Class_730,6
13/01/2026,07:56,CROSS_CITY_LINE_A,Class_730,6
13/01/2026,07:10,CROSS_CITY_LINE_A,Class_730,6
13/01/2026,06:18,CROSS_CITY_LINE_A,Class_730,6
13/01/2026,05:44,CROSS_CITY_LINE_A,Class_730,6
13/01/2026,05:33,CROSS_CITY_LINE_A,Class_730,6
13/01/2026,05:19,CROSS_CITY_LINE_A,Class_730,6
13/01/2026,21:50,COVENTRY_STAFFORD,Class_390,11
13/01/2026,20:50,COVENTRY_STAFFORD,Class_390,11
13/01/2026,19:59,COVENTRY_STAFFORD,Class_390,11
13/01/2026,18:57,COVENTRY_STAFFORD,Class_390,11
13/01/2026,17:47,COVENTRY_STAFFORD,Class_390,11
13/01/2026,16:41,COVENTRY_STAFFORD,Class_390,11
13/01/2026,15:02,COVENTRY_STAFFORD,Class_390,11
13/01/2026,13:39,COVENTRY_STAFFORD,Class_390,11
13/01/2026,12:49,COVENTRY_STAFFORD,Class_390,11
13/01/2026,11:53,COVENTRY_STAFFORD,Class_390,11
13/01/2026,10:45,COVENTRY_STAFFORD,Class_390,11
13/01/2026,09:26,COVENTRY_STAFFORD,Class_390,11
13/01/2026,08:37,COVENTRY_STAFFORD,Class_390,11
13/01/2026,07:25,COVENTRY_STAFFORD,Class_390,11
13/01/2026,12:30,CROSS_CITY_LINE_A,Class_730,6
13/01/2026,12:52,CROSS_CITY_LINE_A,Class_730,6
13/01/2026,13:26,CROSS_CITY_LINE_A,Class_730,6
13/01/2026,14:04,CROSS_CITY_LINE_A,Class_730,6
13/01/2026,19:54,DORRIDGE_BIRMINGHAM_SNOW_HILL,Class_168,6
13/01/2026,10:06,CROSS_CITY_LINE_B,Class_730,6
13/01/2026,09:26,CROSS_CITY_LINE_B,Class_730,6
13/01/2026,08:58,CROSS_CITY_LINE_B,Class_730,6
13/01/2026,08:23,CROSS_CITY_LINE_B,Class_730,6
13/01/2026,08:07,CROSS_CITY_LINE_B,Class_730,6
13/01/2026,07:22,CROSS_CITY_LINE_B,Class_730,6
13/01/2026,06:39,CROSS_CITY_LINE_B,Class_730,6
13/01/2026,06:01,CROSS_CITY_LINE_B,Class_730,6
13/01/2026,05:38,CROSS_CITY_LINE_B,Class_730,6
13/01/2026,05:26,CROSS_CITY_LINE_B,Class_730,6
13/01/2026,23:24,CROSS_CITY_LINE_A,Class_730,6
13/01/2026,23:06,CROSS_CITY_LINE_A,Class_730,6
13/01/2026,06:10,COVENTRY_STAFFORD,Class_390,11
13/01/2026,22:48,CROSS_CITY_LINE_A,Class_730,6
13/01/2026,21:31,CROSS_CITY_LINE_A,Class_730,6
13/01/2026,21:12,CROSS_CITY_LINE_A,Class_730,6
13/01/2026,20:39,CROSS_CITY_LINE_A,Class_730,6
13/01/2026,20:16,CROSS_CITY_LINE_A,Class_730,6
13/01/2026,19:32,CROSS_CITY_LINE_A,Class_730,6
13/01/2026,19:16,CROSS_CITY_LINE_A,Class_730,6
13/01/2026,18:41,CROSS_CITY_LINE_A,Class_730,6
13/01/2026,18:11,CROSS_CITY_LINE_A,Class_730,6
13/01/2026,17:30,CROSS_CITY_LINE_A,Class_730,6
13/01/2026,16:55,CROSS_CITY_LINE_A,Class_730,6
13/01/2026,16:09,CROSS_CITY_LINE_A,Class_730,6
13/01/2026,15:25,CROSS_CITY_LINE_A,Class_730,6
13/01/2026,14:38,CROSS_CITY_LINE_A,Class_730,6
13/01/2026,21:59,CROSS_CITY_LINE_A,Class_730,6
13/01/2026,22:53,STAFFORD_COVENTRY,Class_390,11
13/01/2026,12:08,CROSS_CITY_LINE_A,Class_730,6
13/01/2026,21:01,STAFFORD_COVENTRY,Class_390,11
13/01/2026,08:15,RUGBY_BIRMINGHAM_NEW_STREET,Class_390,7
13/01/2026,07:31,RUGBY_BIRMINGHAM_NEW_STREET,Class_390,7
13/01/2026,20:01,BIRMINGHAM_NEW_STREET_RUGBY,Class_390,7
13/01/2026,19:09,BIRMINGHAM_NEW_STREET_RUGBY,Class_390,7
13/01/2026,17:53,BIRMINGHAM_NEW_STREET_RUGBY,Class_390,7
13/01/2026,16:38,BIRMINGHAM_NEW_STREET_RUGBY,Class_390,7
13/01/2026,14:53,BIRMINGHAM_NEW_STREET_RUGBY,Class_390,7
13/01/2026,13:53,BIRMINGHAM_NEW_STREET_RUGBY,Class_390,7
13/01/2026,12:46,BIRMINGHAM_NEW_STREET_RUGBY,Class_390,7
13/01/2026,11:59,BIRMINGHAM_NEW_STREET_RUGBY,Class_390,7
13/01/2026,10:34,BIRMINGHAM_NEW_STREET_RUGBY,Class_390,7
13/01/2026,09:27,BIRMINGHAM_NEW_STREET_RUGBY,Class_390,7
13/01/2026,07:30,BIRMINGHAM_NEW_STREET_RUGBY,Class_390,7
13/01/2026,09:03,RUGBY_BIRMINGHAM_NEW_STREET,Class_390,7
13/01/2026,06:02,BIRMINGHAM_NEW_STREET_RUGBY,Class_390,7
13/01/2026,20:44,RUGBY_WOLVERHAMPTON,Class_390,11
13/01/2026,19:39,RUGBY_WOLVERHAMPTON,Class_390,11
13/01/2026,05:37,WOLVERHAMPTON_COVENTRY,Class_390,11
13/01/2026,05:22,WOLVERHAMPTON_COVENTRY,Class_390,11
13/01/2026,05:07,WOLVERHAMPTON_COVENTRY,Class_390,11
13/01/2026,05:04,WOLVERHAMPTON_COVENTRY,Class_390,11
13/01/2026,23:20,DORRIDGE_STOURBRIDGE_JUNCTION,Class_168,6
13/01/2026,20:52,DORRIDGE_STOURBRIDGE_JUNCTION,Class_168,6
13/01/2026,18:57,DORRIDGE_STOURBRIDGE_JUNCTION,Class_168,6
13/01/2026,05:26,STOURBRIDGE_JUNCTION_DORRIDGE,Class_168,6
13/01/2026,23:34,DORRIDGE_BIRMINGHAM_SNOW_HILL,Class_168,6
13/01/2026,22:54,DORRIDGE_BIRMINGHAM_SNOW_HILL,Class_168,6
13/01/2026,21:56,STAFFORD_COVENTRY,Class_390,11
13/01/2026,22:57,RUGBY_WOLVERHAMPTON,Class_390,11
13/01/2026,09:28,RUGBY_BIRMINGHAM_NEW_STREET,Class_390,7
13/01/2026,08:27,BIRMINGHAM_NEW_STREET_RUGBY,Class_390,7
13/01/2026,21:51,DORRIDGE_BIRMINGHAM_SNOW_HILL,Class_168,6
13/01/2026,10:10,RUGBY_BIRMINGHAM_NEW_STREET,Class_390,7
13/01/2026,19:01,STAFFORD_COVENTRY,Class_390,11
13/01/2026,18:00,STAFFORD_COVENTRY,Class_390,11
13/01/2026,16:43,STAFFORD_COVENTRY,Class_390,11
13/01/2026,15:02,STAFFORD_COVENTRY,Class_390,11
13/01/2026,13:55,STAFFORD_COVENTRY,Class_390,11
13/01/2026,12:44,STAFFORD_COVENTRY,Class_390,11
13/01/2026,12:02,STAFFORD_COVENTRY,Class_390,11
13/01/2026,10:45,STAFFORD_COVENTRY,Class_390,11
13/01/2026,09:34,STAFFORD_COVENTRY,Class_390,11
13/01/2026,08:28,STAFFORD_COVENTRY,Class_390,11
13/01/2026,07:25,STAFFORD_COVENTRY,Class_390,11
13/01/2026,06:04,STAFFORD_COVENTRY,Class_390,11
13/01/2026,18:53,RUGBY_BIRMINGHAM_NEW_STREET,Class_390,7
13/01/2026,20:07,STAFFORD_COVENTRY,Class_390,11
13/01/2026,18:06,RUGBY_BIRMINGHAM_NEW_STREET,Class_390,7
13/01/2026,18:24,RUGBY_BIRMINGHAM_NEW_STREET,Class_390,7
13/01/2026,11:13,RUGBY_BIRMINGHAM_NEW_STREET,Class_390,7
13/01/2026,11:46,RUGBY_BIRMINGHAM_NEW_STREET,Class_390,7
13/01/2026,12:25,RUGBY_BIRMINGHAM_NEW_STREET,Class_390,7
13/01/2026,12:42,RUGBY_BIRMINGHAM_NEW_STREET,Class_390,7
13/01/2026,13:19,RUGBY_BIRMINGHAM_NEW_STREET,Class_390,7
13/01/2026,10:35,RUGBY_BIRMINGHAM_NEW_STREET,Class_390,7
13/01/2026,14:25,RUGBY_BIRMINGHAM_NEW_STREET,Class_390,7
13/01/2026,14:52,RUGBY_BIRMINGHAM_NEW_STREET,Class_390,7
13/01/2026,15:57,RUGBY_BIRMINGHAM_NEW_STREET,Class_390,7
13/01/2026,16:20,RUGBY_BIRMINGHAM_NEW_STREET,Class_390,7
13/01/2026,17:15,RUGBY_BIRMINGHAM_NEW_STREET,Class_390,7
13/01/2026,13:36,RUGBY_BIRMINGHAM_NEW_STREET,Class_390,7
14/01/2026,19:06,FOUR_OAKS_REDDITCH,Class_730,6
14/01/2026,19:46,FOUR_OAKS_REDDITCH,Class_730,6
14/01/2026,20:12,FOUR_OAKS_REDDITCH,Class_730,6
14/01/2026,06:02,RUGELEY_TRENT_VALLEY_BIRMINGHAM_INTERNATIONAL,Class_730,3
14/01/2026,20:42,FOUR_OAKS_REDDITCH,Class_730,6
14/01/2026,22:33,FOUR_OAKS_REDDITCH,Class_730,6
14/01/2026,22:02,FOUR_OAKS_REDDITCH,Class_730,6
14/01/2026,22:48,FOUR_OAKS_REDDITCH,Class_730,6
14/01/2026,23:17,FOUR_OAKS_REDDITCH,Class_730,6
14/01/2026,05:29,RUGELEY_TRENT_VALLEY_BIRMINGHAM_INTERNATIONAL,Class_730,3
14/01/2026,18:27,FOUR_OAKS_REDDITCH,Class_730,6
14/01/2026,21:26,FOUR_OAKS_REDDITCH,Class_730,6
14/01/2026,17:50,FOUR_OAKS_REDDITCH,Class_730,6
14/01/2026,13:56,FOUR_OAKS_REDDITCH,Class_730,6
14/01/2026,16:43,FOUR_OAKS_REDDITCH,Class_730,6
14/01/2026,16:14,FOUR_OAKS_REDDITCH,Class_730,6
14/01/2026,15:39,FOUR_OAKS_REDDITCH,Class_730,6
14/01/2026,14:58,FOUR_OAKS_REDDITCH,Class_730,6
14/01/2026,14:20,FOUR_OAKS_REDDITCH,Class_730,6
14/01/2026,13:27,FOUR_OAKS_REDDITCH,Class_730,6
14/01/2026,12:45,FOUR_OAKS_REDDITCH,Class_730,6
14/01/2026,12:15,FOUR_OAKS_REDDITCH,Class_730,6
14/01/2026,11:53,FOUR_OAKS_REDDITCH,Class_730,6
14/01/2026,11:04,FOUR_OAKS_REDDITCH,Class_730,6
14/01/2026,10:16,FOUR_OAKS_REDDITCH,Class_730,6
14/01/2026,09:40,FOUR_OAKS_REDDITCH,Class_730,6
14/01/2026,06:19,RUGELEY_TRENT_VALLEY_BIRMINGHAM_INTERNATIONAL,Class_730,3
14/01/2026,17:22,FOUR_OAKS_REDDITCH,Class_730,6
14/01/2026,06:51,RUGELEY_TRENT_VALLEY_BIRMINGHAM_INTERNATIONAL,Class_730,3
14/01/2026,06:57,BIRMINGHAM_INTERNATIONAL_RUGELEY_TRENT_VALLEY,Class_730,3
14/01/2026,08:01,RUGELEY_TRENT_VALLEY_BIRMINGHAM_INTERNATIONAL,Class_730,3
14/01/2026,08:58,FOUR_OAKS_REDDITCH,Class_730,6
14/01/2026,06:20,BIRMINGHAM_INTERNATIONAL_RUGELEY_TRENT_VALLEY,Class_730,3
14/01/2026,05:53,BIRMINGHAM_INTERNATIONAL_RUGELEY_TRENT_VALLEY,Class_730,3
14/01/2026,22:07,RUGELEY_TRENT_VALLEY_BIRMINGHAM_INTERNATIONAL,Class_730,3
14/01/2026,21:41,RUGELEY_TRENT_VALLEY_BIRMINGHAM_INTERNATIONAL,Class_730,3
14/01/2026,20:52,RUGELEY_TRENT_VALLEY_BIRMINGHAM_INTERNATIONAL,Class_730,3
14/01/2026,20:17,RUGELEY_TRENT_VALLEY_BIRMINGHAM_INTERNATIONAL,Class_730,3
14/01/2026,19:50,RUGELEY_TRENT_VALLEY_BIRMINGHAM_INTERNATIONAL,Class_730,3
14/01/2026,19:24,RUGELEY_TRENT_VALLEY_BIRMINGHAM_INTERNATIONAL,Class_730,3
14/01/2026,18:30,RUGELEY_TRENT_VALLEY_BIRMINGHAM_INTERNATIONAL,Class_730,3
14/01/2026,17:55,RUGELEY_TRENT_VALLEY_BIRMINGHAM_INTERNATIONAL,Class_730,3
14/01/2026,17:26,RUGELEY_TRENT_VALLEY_BIRMINGHAM_INTERNATIONAL,Class_730,3
14/01/2026,16:59,RUGELEY_TRENT_VALLEY_BIRMINGHAM_INTERNATIONAL,Class_730,3
14/01/2026,07:36,RUGELEY_TRENT_VALLEY_BIRMINGHAM_INTERNATIONAL,Class_730,3
14/01/2026,16:16,RUGELEY_TRENT_VALLEY_BIRMINGHAM_INTERNATIONAL,Class_730,3
14/01/2026,15:08,RUGELEY_TRENT_VALLEY_BIRMINGHAM_INTERNATIONAL,Class_730,3
14/01/2026,14:34,RUGELEY_TRENT_VALLEY_BIRMINGHAM_INTERNATIONAL,Class_730,3
14/01/2026,14:08,RUGELEY_TRENT_VALLEY_BIRMINGHAM_INTERNATIONAL,Class_730,3
14/01/2026,13:37,RUGELEY_TRENT_VALLEY_BIRMINGHAM_INTERNATIONAL,Class_730,3
14/01/2026,12:53,RUGELEY_TRENT_VALLEY_BIRMINGHAM_INTERNATIONAL,Class_730,3
14/01/2026,12:19,RUGELEY_TRENT_VALLEY_BIRMINGHAM_INTERNATIONAL,Class_730,3
14/01/2026,11:46,RUGELEY_TRENT_VALLEY_BIRMINGHAM_INTERNATIONAL,Class_730,3
14/01/2026,11:10,RUGELEY_TRENT_VALLEY_BIRMINGHAM_INTERNATIONAL,Class_730,3
14/01/2026,10:46,RUGELEY_TRENT_VALLEY_BIRMINGHAM_INTERNATIONAL,Class_730,3
14/01/2026,09:57,RUGELEY_TRENT_VALLEY_BIRMINGHAM_INTERNATIONAL,Class_730,3
14/01/2026,09:19,RUGELEY_TRENT_VALLEY_BIRMINGHAM_INTERNATIONAL,Class_730,3
14/01/2026,08:34,RUGELEY_TRENT_VALLEY_BIRMINGHAM_INTERNATIONAL,Class_730,3
14/01/2026,08:13,RUGELEY_TRENT_VALLEY_BIRMINGHAM_INTERNATIONAL,Class_730,3
14/01/2026,15:42,RUGELEY_TRENT_VALLEY_BIRMINGHAM_INTERNATIONAL,Class_730,3
14/01/2026,08:29,FOUR_OAKS_REDDITCH,Class_730,6
14/01/2026,12:20,CROSS_CITY_LINE_B,Class_730,6
14/01/2026,07:52,FOUR_OAKS_REDDITCH,Class_730,6
14/01/2026,08:41,REDDITCH_FOUR_OAKS,Class_730,6
14/01/2026,08:24,REDDITCH_FOUR_OAKS,Class_730,6
14/01/2026,08:03,REDDITCH_FOUR_OAKS,Class_730,6
14/01/2026,07:42,REDDITCH_FOUR_OAKS,Class_730,6
14/01/2026,07:01,REDDITCH_FOUR_OAKS,Class_730,6
14/01/2026,06:27,REDDITCH_FOUR_OAKS,Class_730,6
14/01/2026,06:09,REDDITCH_FOUR_OAKS,Class_730,6
14/01/2026,05:30,REDDITCH_FOUR_OAKS,Class_730,6
14/01/2026,05:08,REDDITCH_FOUR_OAKS,Class_730,6
14/01/2026,22:36,CROSS_CITY_LINE_B,Class_730,6
14/01/2026,22:14,CROSS_CITY_LINE_B,Class_730,6
14/01/2026,21:40,CROSS_CITY_LINE_B,Class_730,6
14/01/2026,20:58,CROSS_CITY_LINE_B,Class_730,6
14/01/2026,09:31,REDDITCH_FOUR_OAKS,Class_730,6
14/01/2026,20:15,CROSS_CITY_LINE_B,Class_730,6
14/01/2026,19:07,CROSS_CITY_LINE_B,Class_730,6
14/01/2026,18:45,CROSS_CITY_LINE_B,Class_730,6
14/01/2026,17:57,CROSS_CITY_LINE_B,Class_730,6
14/01/2026,17:27,CROSS_CITY_LINE_B,Class_730,6
14/01/2026,16:52,CROSS_CITY_LINE_B,Class_730,6
14/01/2026,16:17,CROSS_CITY_LINE_B,Class_730,6
14/01/2026,15:40,CROSS_CITY_LINE_B,Class_730,6
14/01/2026,15:15,CROSS_CITY_LINE_B,Class_730,6
14/01/2026,14:37,CROSS_CITY_LINE_B,Class_730,6
14/01/2026,13:58,CROSS_CITY_LINE_B,Class_730,6
14/01/2026,13:34,CROSS_CITY_LINE_B,Class_730,6
14/01/2026,12:53,CROSS_CITY_LINE_B,Class_730,6
14/01/2026,07:35,BIRMINGHAM_INTERNATIONAL_RUGELEY_TRENT_VALLEY,Class_730,3
14/01/2026,19:57,CROSS_CITY_LINE_B,Class_730,6
14/01/2026,08:08,FOUR_OAKS_REDDITCH,Class_730,6
14/01/2026,10:04,REDDITCH_FOUR_OAKS,Class_730,6
14/01/2026,11:32,REDDITCH_FOUR_OAKS,Class_730,6
14/01/2026,07:20,FOUR_OAKS_REDDITCH,Class_730,6
14/01/2026,06:49,FOUR_OAKS_REDDITCH,Class_730,6
14/01/2026,06:10,FOUR_OAKS_REDDITCH,Class_730,6
14/01/2026,05:46,FOUR_OAKS_REDDITCH,Class_730,6
14/01/2026,05:27,FOUR_OAKS_REDDITCH,Class_730,6
14/01/2026,05:05,FOUR_OAKS_REDDITCH,Class_730,6
14/01/2026,23:26,REDDITCH_FOUR_OAKS,Class_730,6
14/01/2026,23:11,REDDITCH_FOUR_OAKS,Class_730,6
14/01/2026,22:42,REDDITCH_FOUR_OAKS,Class_730,6
14/01/2026,22:22,REDDITCH_FOUR_OAKS,Class_730,6
14/01/2026,21:46,REDDITCH_FOUR_OAKS,Class_730,6
14/01/2026,21:14,REDDITCH_FOUR_OAKS,Class_730,6
14/01/2026,20:21,REDDITCH_FOUR_OAKS,Class_730,6
14/01/2026,11:01,REDDITCH_FOUR_OAKS,Class_730,6
14/01/2026,20:05,REDDITCH_FOUR_OAKS,Class_730,6
14/01/2026,18:46,REDDITCH_FOUR_OAKS,Class_730,6
14/01/2026,18:11,REDDITCH_FOUR_OAKS,Class_730,6
14/01/2026,17:44,REDDITCH_FOUR_OAKS,Class_730,6
14/01/2026,17:10,REDDITCH_FOUR_OAKS,Class_730,6
14/01/2026,16:36,REDDITCH_FOUR_OAKS,Class_730,6
14/01/2026,15:42,REDDITCH_FOUR_OAKS,Class_730,6
14/01/2026,15:25,REDDITCH_FOUR_OAKS,Class_730,6
14/01/2026,14:40,REDDITCH_FOUR_OAKS,Class_730,6
14/01/2026,14:11,REDDITCH_FOUR_OAKS,Class_730,6
14/01/2026,13:42,REDDITCH_FOUR_OAKS,Class_730,6
14/01/2026,13:16,REDDITCH_FOUR_OAKS,Class_730,6
14/01/2026,12:35,REDDITCH_FOUR_OAKS,Class_730,6
14/01/2026,12:06,REDDITCH_FOUR_OAKS,Class_730,6
14/01/2026,19:29,REDDITCH_FOUR_OAKS,Class_730,6
14/01/2026,08:02,BIRMINGHAM_INTERNATIONAL_RUGELEY_TRENT_VALLEY,Class_730,3
14/01/2026,06:28,WOLVERHAMPTON_WALSALL,Class_730,3
14/01/2026,08:35,BIRMINGHAM_INTERNATIONAL_RUGELEY_TRENT_VALLEY,Class_730,3
14/01/2026,05:32,WALSALL_WOLVERHAMPTON,Class_731,3
14/01/2026,05:10,WALSALL_WOLVERHAMPTON,Class_730,3
14/01/2026,23:08,WOLVERHAMPTON_WALSALL,Class_730,3
14/01/2026,22:41,WOLVERHAMPTON_WALSALL,Class_730,3
14/01/2026,22:21,WOLVERHAMPTON_WALSALL,Class_730,3
14/01/2026,21:45,WOLVERHAMPTON_WALSALL,Class_730,3
14/01/2026,21:14,WOLVERHAMPTON_WALSALL,Class_730,3
14/01/2026,20:19,WOLVERHAMPTON_WALSALL,Class_730,3
14/01/2026,20:05,WOLVERHAMPTON_WALSALL,Class_730,3
14/01/2026,19:30,WOLVERHAMPTON_WALSALL,Class_730,3
14/01/2026,18:57,WOLVERHAMPTON_WALSALL,Class_730,3
14/01/2026,18:18,WOLVERHAMPTON_WALSALL,Class_730,3
14/01/2026,17:46,WOLVERHAMPTON_WALSALL,Class_730,3
14/01/2026,17:03,WOLVERHAMPTON_WALSALL,Class_730,3
14/01/2026,16:37,WOLVERHAMPTON_WALSALL,Class_730,3
14/01/2026,15:54,WOLVERHAMPTON_WALSALL,Class_730,3
14/01/2026,15:33,WOLVERHAMPTON_WALSALL,Class_730,3
14/01/2026,14:41,WOLVERHAMPTON_WALSALL,Class_730,3
14/01/2026,14:10,WOLVERHAMPTON_WALSALL,Class_730,3
14/01/2026,13:45,WOLVERHAMPTON_WALSALL,Class_730,3
14/01/2026,13:06,WOLVERHAMPTON_WALSALL,Class_730,3
14/01/2026,12:37,WOLVERHAMPTON_WALSALL,Class_730,3
14/01/2026,12:11,WOLVERHAMPTON_WALSALL,Class_730,3
14/01/2026,11:32,WOLVERHAMPTON_WALSALL,Class_730,3
14/01/2026,10:59,WOLVERHAMPTON_WALSALL,Class_730,3
14/01/2026,10:10,WOLVERHAMPTON_WALSALL,Class_730,3
14/01/2026,09:30,WOLVERHAMPTON_WALSALL,Class_730,3
14/01/2026,06:05,WALSALL_WOLVERHAMPTON,Class_732,3
14/01/2026,06:32,WALSALL_WOLVERHAMPTON,Class_733,3
14/01/2026,06:59,WALSALL_WOLVERHAMPTON,Class_734,3
14/01/2026,07:47,WALSALL_WOLVERHAMPTON,Class_735,3
14/01/2026,11:54,CROSS_CITY_LINE_B,Class_730,6
14/01/2026,22:42,WALSALL_WOLVERHAMPTON,Class_762,3
14/01/2026,22:21,WALSALL_WOLVERHAMPTON,Class_761,3
14/01/2026,21:45,WALSALL_WOLVERHAMPTON,Class_760,3
14/01/2026,21:14,WALSALL_WOLVERHAMPTON,Class_759,3
14/01/2026,20:36,WALSALL_WOLVERHAMPTON,Class_758,3
14/01/2026,20:01,WALSALL_WOLVERHAMPTON,Class_757,3
14/01/2026,19:31,WALSALL_WOLVERHAMPTON,Class_756,3
14/01/2026,18:56,WALSALL_WOLVERHAMPTON,Class_755,3
14/01/2026,18:17,WALSALL_WOLVERHAMPTON,Class_754,3
14/01/2026,17:39,WALSALL_WOLVERHAMPTON,Class_753,3
14/01/2026,17:10,WALSALL_WOLVERHAMPTON,Class_752,3
14/01/2026,16:37,WALSALL_WOLVERHAMPTON,Class_751,3
14/01/2026,08:40,WOLVERHAMPTON_WALSALL,Class_730,3
14/01/2026,15:54,WALSALL_WOLVERHAMPTON,Class_750,3
14/01/2026,14:39,WALSALL_WOLVERHAMPTON,Class_748,3
14/01/2026,14:11,WALSALL_WOLVERHAMPTON,Class_747,3
14/01/2026,13:46,WALSALL_WOLVERHAMPTON,Class_746,3
14/01/2026,13:13,WALSALL_WOLVERHAMPTON,Class_745,3
14/01/2026,12:34,WALSALL_WOLVERHAMPTON,Class_744,3
14/01/2026,12:09,WALSALL_WOLVERHAMPTON,Class_743,3
14/01/2026,11:30,WALSALL_WOLVERHAMPTON,Class_742,3
14/01/2026,10:55,WALSALL_WOLVERHAMPTON,Class_741,3
14/01/2026,10:10,WALSALL_WOLVERHAMPTON,Class_740,3
14/01/2026,09:32,WALSALL_WOLVERHAMPTON,Class_739,3
14/01/2026,08:42,WALSALL_WOLVERHAMPTON,Class_738,3
14/01/2026,08:26,WALSALL_WOLVERHAMPTON,Class_737,3
14/01/2026,08:03,WALSALL_WOLVERHAMPTON,Class_736,3
14/01/2026,15:32,WALSALL_WOLVERHAMPTON,Class_749,3
14/01/2026,08:25,WOLVERHAMPTON_WALSALL,Class_730,3
14/01/2026,08:04,WOLVERHAMPTON_WALSALL,Class_730,3
14/01/2026,07:44,WOLVERHAMPTON_WALSALL,Class_730,3
14/01/2026,08:33,NORTHAMPTON_BIRMINGHAM_NEW_STREET,Class_350,5
14/01/2026,07:58,NORTHAMPTON_BIRMINGHAM_NEW_STREET,Class_350,5
14/01/2026,06:58,NORTHAMPTON_BIRMINGHAM_NEW_STREET,Class_350,5
14/01/2026,06:00,NORTHAMPTON_BIRMINGHAM_NEW_STREET,Class_350,5
14/01/2026,05:07,NORTHAMPTON_BIRMINGHAM_NEW_STREET,Class_350,5
14/01/2026,22:13,BIRMINGHAM_INTERNATIONAL_RUGELEY_TRENT_VALLEY,Class_730,3
14/01/2026,21:45,BIRMINGHAM_INTERNATIONAL_RUGELEY_TRENT_VALLEY,Class_730,3
14/01/2026,21:02,BIRMINGHAM_INTERNATIONAL_RUGELEY_TRENT_VALLEY,Class_730,3
14/01/2026,20:18,BIRMINGHAM_INTERNATIONAL_RUGELEY_TRENT_VALLEY,Class_730,3
14/01/2026,19:59,BIRMINGHAM_INTERNATIONAL_RUGELEY_TRENT_VALLEY,Class_730,3
14/01/2026,19:17,BIRMINGHAM_INTERNATIONAL_RUGELEY_TRENT_VALLEY,Class_730,3
14/01/2026,18:40,BIRMINGHAM_INTERNATIONAL_RUGELEY_TRENT_VALLEY,Class_730,3
14/01/2026,18:04,BIRMINGHAM_INTERNATIONAL_RUGELEY_TRENT_VALLEY,Class_730,3
14/01/2026,09:56,NORTHAMPTON_BIRMINGHAM_NEW_STREET,Class_350,5
14/01/2026,17:31,BIRMINGHAM_INTERNATIONAL_RUGELEY_TRENT_VALLEY,Class_730,3
14/01/2026,16:32,BIRMINGHAM_INTERNATIONAL_RUGELEY_TRENT_VALLEY,Class_730,3
14/01/2026,15:39,BIRMINGHAM_INTERNATIONAL_RUGELEY_TRENT_VALLEY,Class_730,3
14/01/2026,15:14,BIRMINGHAM_INTERNATIONAL_RUGELEY_TRENT_VALLEY,Class_730,3
14/01/2026,14:27,BIRMINGHAM_INTERNATIONAL_RUGELEY_TRENT_VALLEY,Class_730,3
14/01/2026,14:09,BIRMINGHAM_INTERNATIONAL_RUGELEY_TRENT_VALLEY,Class_730,3
14/01/2026,13:38,BIRMINGHAM_INTERNATIONAL_RUGELEY_TRENT_VALLEY,Class_730,3
14/01/2026,12:59,BIRMINGHAM_INTERNATIONAL_RUGELEY_TRENT_VALLEY,Class_730,3
14/01/2026,12:22,BIRMINGHAM_INTERNATIONAL_RUGELEY_TRENT_VALLEY,Class_730,3
14/01/2026,12:02,BIRMINGHAM_INTERNATIONAL_RUGELEY_TRENT_VALLEY,Class_730,3
14/01/2026,11:15,BIRMINGHAM_INTERNATIONAL_RUGELEY_TRENT_VALLEY,Class_730,3
14/01/2026,10:42,BIRMINGHAM_INTERNATIONAL_RUGELEY_TRENT_VALLEY,Class_730,3
14/01/2026,10:00,BIRMINGHAM_INTERNATIONAL_RUGELEY_TRENT_VALLEY,Class_730,3
14/01/2026,08:59,BIRMINGHAM_INTERNATIONAL_RUGELEY_TRENT_VALLEY,Class_730,3
14/01/2026,16:59,BIRMINGHAM_INTERNATIONAL_RUGELEY_TRENT_VALLEY,Class_730,3
14/01/2026,08:14,BIRMINGHAM_INTERNATIONAL_RUGELEY_TRENT_VALLEY,Class_730,3
14/01/2026,11:16,NORTHAMPTON_BIRMINGHAM_NEW_STREET,Class_350,5
14/01/2026,13:29,NORTHAMPTON_BIRMINGHAM_NEW_STREET,Class_350,5
14/01/2026,07:01,WOLVERHAMPTON_WALSALL,Class_730,3
14/01/2026,06:10,WOLVERHAMPTON_WALSALL,Class_730,3
14/01/2026,05:29,WOLVERHAMPTON_WALSALL,Class_730,3
14/01/2026,05:08,WOLVERHAMPTON_WALSALL,Class_730,3
14/01/2026,23:13,BIRMINGHAM_NEW_STREET_NORTHAMPTON,Class_350,8
14/01/2026,22:25,BIRMINGHAM_NEW_STREET_NORTHAMPTON,Class_350,8
14/01/2026,21:19,BIRMINGHAM_NEW_STREET_NORTHAMPTON,Class_350,8
14/01/2026,20:10,BIRMINGHAM_NEW_STREET_NORTHAMPTON,Class_350,8
14/01/2026,19:00,BIRMINGHAM_NEW_STREET_NORTHAMPTON,Class_350,8
14/01/2026,17:46,BIRMINGHAM_NEW_STREET_NORTHAMPTON,Class_350,8
14/01/2026,16:41,BIRMINGHAM_NEW_STREET_NORTHAMPTON,Class_350,8
14/01/2026,15:34,BIRMINGHAM_NEW_STREET_NORTHAMPTON,Class_350,8
14/01/2026,14:13,BIRMINGHAM_NEW_STREET_NORTHAMPTON,Class_350,8
14/01/2026,12:23,NORTHAMPTON_BIRMINGHAM_NEW_STREET,Class_350,5
14/01/2026,13:19,BIRMINGHAM_NEW_STREET_NORTHAMPTON,Class_350,8
14/01/2026,11:03,BIRMINGHAM_NEW_STREET_NORTHAMPTON,Class_350,8
14/01/2026,09:38,BIRMINGHAM_NEW_STREET_NORTHAMPTON,Class_350,8
14/01/2026,08:26,BIRMINGHAM_NEW_STREET_NORTHAMPTON,Class_350,8
14/01/2026,07:49,BIRMINGHAM_NEW_STREET_NORTHAMPTON,Class_350,8
14/01/2026,06:42,BIRMINGHAM_NEW_STREET_NORTHAMPTON,Class_350,8
14/01/2026,22:40,NORTHAMPTON_BIRMINGHAM_NEW_STREET,Class_350,5
14/01/2026,21:32,NORTHAMPTON_BIRMINGHAM_NEW_STREET,Class_350,5
14/01/2026,20:18,NORTHAMPTON_BIRMINGHAM_NEW_STREET,Class_350,5
14/01/2026,19:17,NORTHAMPTON_BIRMINGHAM_NEW_STREET,Class_350,5
14/01/2026,18:05,NORTHAMPTON_BIRMINGHAM_NEW_STREET,Class_350,5
14/01/2026,17:02,NORTHAMPTON_BIRMINGHAM_NEW_STREET,Class_350,5
14/01/2026,15:42,NORTHAMPTON_BIRMINGHAM_NEW_STREET,Class_350,5
14/01/2026,14:26,NORTHAMPTON_BIRMINGHAM_NEW_STREET,Class_350,5
14/01/2026,12:12,BIRMINGHAM_NEW_STREET_NORTHAMPTON,Class_350,8
14/01/2026,23:08,WALSALL_WOLVERHAMPTON,Class_763,3
14/01/2026,11:19,CROSS_CITY_LINE_B,Class_730,6
14/01/2026,09:55,CROSS_CITY_LINE_B,Class_730,6
14/01/2026,18:27,DORRIDGE_BIRMINGHAM_MOOR_STREET,Class_168,6
14/01/2026,17:53,DORRIDGE_BIRMINGHAM_MOOR_STREET,Class_168,6
14/01/2026,17:21,DORRIDGE_BIRMINGHAM_MOOR_STREET,Class_168,6
14/01/2026,16:50,DORRIDGE_BIRMINGHAM_MOOR_STREET,Class_168,6
14/01/2026,16:13,DORRIDGE_BIRMINGHAM_MOOR_STREET,Class_168,6
14/01/2026,15:38,DORRIDGE_BIRMINGHAM_MOOR_STREET,Class_168,6
14/01/2026,14:56,DORRIDGE_BIRMINGHAM_MOOR_STREET,Class_168,6
14/01/2026,14:26,DORRIDGE_BIRMINGHAM_MOOR_STREET,Class_168,6
14/01/2026,13:59,DORRIDGE_BIRMINGHAM_MOOR_STREET,Class_168,6
14/01/2026,13:29,DORRIDGE_BIRMINGHAM_MOOR_STREET,Class_168,6
14/01/2026,12:43,DORRIDGE_BIRMINGHAM_MOOR_STREET,Class_168,6
14/01/2026,12:15,DORRIDGE_BIRMINGHAM_MOOR_STREET,Class_168,6
14/01/2026,11:42,DORRIDGE_BIRMINGHAM_MOOR_STREET,Class_168,6
14/01/2026,11:10,DORRIDGE_BIRMINGHAM_MOOR_STREET,Class_168,6
14/01/2026,10:28,DORRIDGE_BIRMINGHAM_MOOR_STREET,Class_168,6
14/01/2026,09:56,DORRIDGE_BIRMINGHAM_MOOR_STREET,Class_168,6
14/01/2026,08:58,DORRIDGE_BIRMINGHAM_MOOR_STREET,Class_168,6
14/01/2026,08:31,DORRIDGE_BIRMINGHAM_MOOR_STREET,Class_168,6
14/01/2026,08:18,DORRIDGE_BIRMINGHAM_MOOR_STREET,Class_168,6
14/01/2026,07:53,DORRIDGE_BIRMINGHAM_MOOR_STREET,Class_168,6
14/01/2026,07:35,DORRIDGE_BIRMINGHAM_MOOR_STREET,Class_168,6
14/01/2026,06:45,DORRIDGE_BIRMINGHAM_MOOR_STREET,Class_168,6
14/01/2026,06:11,DORRIDGE_BIRMINGHAM_MOOR_STREET,Class_168,6
14/01/2026,05:47,DORRIDGE_BIRMINGHAM_MOOR_STREET,Class_168,6
14/01/2026,23:29,BIRMINGHAM_MOOR_STREET_DORRIDGE,Class_168,6
14/01/2026,23:17,BIRMINGHAM_MOOR_STREET_DORRIDGE,Class_168,6
14/01/2026,22:54,BIRMINGHAM_MOOR_STREET_DORRIDGE,Class_168,6
14/01/2026,19:13,DORRIDGE_BIRMINGHAM_MOOR_STREET,Class_168,6
14/01/2026,19:38,DORRIDGE_BIRMINGHAM_MOOR_STREET,Class_168,6
14/01/2026,20:17,DORRIDGE_BIRMINGHAM_MOOR_STREET,Class_168,6
14/01/2026,20:51,DORRIDGE_BIRMINGHAM_MOOR_STREET,Class_168,6
14/01/2026,15:10,DORRIDGE_BIRMINGHAM_SNOW_HILL,Class_168,6
14/01/2026,14:02,DORRIDGE_BIRMINGHAM_SNOW_HILL,Class_168,6
14/01/2026,12:53,DORRIDGE_BIRMINGHAM_SNOW_HILL,Class_168,6
14/01/2026,11:47,DORRIDGE_BIRMINGHAM_SNOW_HILL,Class_168,6
14/01/2026,10:32,DORRIDGE_BIRMINGHAM_SNOW_HILL,Class_168,6
14/01/2026,09:07,DORRIDGE_BIRMINGHAM_SNOW_HILL,Class_168,6
14/01/2026,08:16,DORRIDGE_BIRMINGHAM_SNOW_HILL,Class_168,6
14/01/2026,23:27,BIRMINGHAM_SNOW_HILL_DORRIDGE,Class_168,6
14/01/2026,22:44,BIRMINGHAM_SNOW_HILL_DORRIDGE,Class_168,6
14/01/2026,21:59,BIRMINGHAM_SNOW_HILL_DORRIDGE,Class_168,6
14/01/2026,20:41,BIRMINGHAM_SNOW_HILL_DORRIDGE,Class_168,6
14/01/2026,19:36,BIRMINGHAM_SNOW_HILL_DORRIDGE,Class_168,6
14/01/2026,18:28,BIRMINGHAM_SNOW_HILL_DORRIDGE,Class_168,6
14/01/2026,22:33,BIRMINGHAM_MOOR_STREET_DORRIDGE,Class_168,6
14/01/2026,17:18,BIRMINGHAM_SNOW_HILL_DORRIDGE,Class_168,6
14/01/2026,14:53,BIRMINGHAM_SNOW_HILL_DORRIDGE,Class_168,6
14/01/2026,13:53,BIRMINGHAM_SNOW_HILL_DORRIDGE,Class_168,6
14/01/2026,12:44,BIRMINGHAM_SNOW_HILL_DORRIDGE,Class_168,6
14/01/2026,11:42,BIRMINGHAM_SNOW_HILL_DORRIDGE,Class_168,6
14/01/2026,10:11,BIRMINGHAM_SNOW_HILL_DORRIDGE,Class_168,6
14/01/2026,08:50,BIRMINGHAM_SNOW_HILL_DORRIDGE,Class_168,6
14/01/2026,08:07,BIRMINGHAM_SNOW_HILL_DORRIDGE,Class_168,6
14/01/2026,23:30,DORRIDGE_BIRMINGHAM_MOOR_STREET,Class_168,6
14/01/2026,23:16,DORRIDGE_BIRMINGHAM_MOOR_STREET,Class_168,6
14/01/2026,22:54,DORRIDGE_BIRMINGHAM_MOOR_STREET,Class_168,6
14/01/2026,22:39,DORRIDGE_BIRMINGHAM_MOOR_STREET,Class_168,6
14/01/2026,22:06,DORRIDGE_BIRMINGHAM_MOOR_STREET,Class_168,6
14/01/2026,21:22,DORRIDGE_BIRMINGHAM_MOOR_STREET,Class_168,6
14/01/2026,16:07,BIRMINGHAM_SNOW_HILL_DORRIDGE,Class_168,6
14/01/2026,16:18,DORRIDGE_BIRMINGHAM_SNOW_HILL,Class_168,6
14/01/2026,22:01,BIRMINGHAM_MOOR_STREET_DORRIDGE,Class_168,6
14/01/2026,20:46,BIRMINGHAM_MOOR_STREET_DORRIDGE,Class_168,6
14/01/2026,20:36,WOLVERHAMPTON_BIRMINGHAM_INTERNATIONAL,Class_158,2
14/01/2026,19:34,WOLVERHAMPTON_BIRMINGHAM_INTERNATIONAL,Class_158,2
14/01/2026,18:20,WOLVERHAMPTON_BIRMINGHAM_INTERNATIONAL,Class_158,2
14/01/2026,17:19,WOLVERHAMPTON_BIRMINGHAM_INTERNATIONAL,Class_158,2
14/01/2026,15:56,WOLVERHAMPTON_BIRMINGHAM_INTERNATIONAL,Class_158,2
14/01/2026,14:49,WOLVERHAMPTON_BIRMINGHAM_INTERNATIONAL,Class_158,2
14/01/2026,13:51,WOLVERHAMPTON_BIRMINGHAM_INTERNATIONAL,Class_158,2
14/01/2026,12:41,WOLVERHAMPTON_BIRMINGHAM_INTERNATIONAL,Class_158,2
14/01/2026,11:39,WOLVERHAMPTON_BIRMINGHAM_INTERNATIONAL,Class_158,2
14/01/2026,10:15,WOLVERHAMPTON_BIRMINGHAM_INTERNATIONAL,Class_158,2
14/01/2026,08:45,WOLVERHAMPTON_BIRMINGHAM_INTERNATIONAL,Class_158,2
14/01/2026,07:03,WOLVERHAMPTON_BIRMINGHAM_INTERNATIONAL,Class_158,2
14/01/2026,06:10,WOLVERHAMPTON_BIRMINGHAM_INTERNATIONAL,Class_158,2
14/01/2026,05:08,WOLVERHAMPTON_BIRMINGHAM_INTERNATIONAL,Class_158,2
14/01/2026,19:33,BIRMINGHAM_INTERNATIONA_WOLVERHAMPTON,Class_158,2
14/01/2026,18:20,BIRMINGHAM_INTERNATIONA_WOLVERHAMPTON,Class_158,2
14/01/2026,17:18,BIRMINGHAM_INTERNATIONA_WOLVERHAMPTON,Class_158,2
14/01/2026,16:10,BIRMINGHAM_INTERNATIONA_WOLVERHAMPTON,Class_158,2
14/01/2026,14:42,BIRMINGHAM_INTERNATIONA_WOLVERHAMPTON,Class_158,2
14/01/2026,13:47,BIRMINGHAM_INTERNATIONA_WOLVERHAMPTON,Class_158,2
14/01/2026,12:41,BIRMINGHAM_INTERNATIONA_WOLVERHAMPTON,Class_158,2
14/01/2026,11:35,BIRMINGHAM_INTERNATIONA_WOLVERHAMPTON,Class_158,2
14/01/2026,10:10,BIRMINGHAM_INTERNATIONA_WOLVERHAMPTON,Class_158,2
14/01/2026,08:48,BIRMINGHAM_INTERNATIONA_WOLVERHAMPTON,Class_158,2
14/01/2026,08:04,BIRMINGHAM_INTERNATIONA_WOLVERHAMPTON,Class_158,2
14/01/2026,07:15,BIRMINGHAM_INTERNATIONA_WOLVERHAMPTON,Class_158,2
14/01/2026,06:10,BIRMINGHAM_INTERNATIONA_WOLVERHAMPTON,Class_158,2
14/01/2026,21:54,WOLVERHAMPTON_BIRMINGHAM_INTERNATIONAL,Class_158,2
14/01/2026,22:46,WOLVERHAMPTON_BIRMINGHAM_INTERNATIONAL,Class_158,2
14/01/2026,04:59,BIRMINGHAM_MOOR_STREET_DORRIDGE,Class_168,6
14/01/2026,05:05,BIRMINGHAM_MOOR_STREET_DORRIDGE,Class_168,6
14/01/2026,20:15,BIRMINGHAM_MOOR_STREET_DORRIDGE,Class_168,6
14/01/2026,19:41,BIRMINGHAM_MOOR_STREET_DORRIDGE,Class_168,6
14/01/2026,19:06,BIRMINGHAM_MOOR_STREET_DORRIDGE,Class_168,6
14/01/2026,18:31,BIRMINGHAM_MOOR_STREET_DORRIDGE,Class_168,6
14/01/2026,17:59,BIRMINGHAM_MOOR_STREET_DORRIDGE,Class_168,6
14/01/2026,17:19,BIRMINGHAM_MOOR_STREET_DORRIDGE,Class_168,6
14/01/2026,16:45,BIRMINGHAM_MOOR_STREET_DORRIDGE,Class_168,6
14/01/2026,16:15,BIRMINGHAM_MOOR_STREET_DORRIDGE,Class_168,6
14/01/2026,15:38,BIRMINGHAM_MOOR_STREET_DORRIDGE,Class_168,6
14/01/2026,14:58,BIRMINGHAM_MOOR_STREET_DORRIDGE,Class_168,6
14/01/2026,14:24,BIRMINGHAM_MOOR_STREET_DORRIDGE,Class_168,6
14/01/2026,13:56,BIRMINGHAM_MOOR_STREET_DORRIDGE,Class_168,6
14/01/2026,13:27,BIRMINGHAM_MOOR_STREET_DORRIDGE,Class_168,6
14/01/2026,21:40,BIRMINGHAM_MOOR_STREET_DORRIDGE,Class_168,6
14/01/2026,12:46,BIRMINGHAM_MOOR_STREET_DORRIDGE,Class_168,6
14/01/2026,11:43,BIRMINGHAM_MOOR_STREET_DORRIDGE,Class_168,6
14/01/2026,11:13,BIRMINGHAM_MOOR_STREET_DORRIDGE,Class_168,6
14/01/2026,10:28,BIRMINGHAM_MOOR_STREET_DORRIDGE,Class_168,6
14/01/2026,09:45,BIRMINGHAM_MOOR_STREET_DORRIDGE,Class_168,6
14/01/2026,09:06,BIRMINGHAM_MOOR_STREET_DORRIDGE,Class_168,6
14/01/2026,08:28,BIRMINGHAM_MOOR_STREET_DORRIDGE,Class_168,6
14/01/2026,08:10,BIRMINGHAM_MOOR_STREET_DORRIDGE,Class_168,6
14/01/2026,07:52,BIRMINGHAM_MOOR_STREET_DORRIDGE,Class_168,6
14/01/2026,07:18,BIRMINGHAM_MOOR_STREET_DORRIDGE,Class_168,6
14/01/2026,06:50,BIRMINGHAM_MOOR_STREET_DORRIDGE,Class_168,6
14/01/2026,06:13,BIRMINGHAM_MOOR_STREET_DORRIDGE,Class_168,6
14/01/2026,05:53,BIRMINGHAM_MOOR_STREET_DORRIDGE,Class_168,6
14/01/2026,05:27,BIRMINGHAM_MOOR_STREET_DORRIDGE,Class_168,6
14/01/2026,12:19,BIRMINGHAM_MOOR_STREET_DORRIDGE,Class_168,6
14/01/2026,17:35,DORRIDGE_BIRMINGHAM_SNOW_HILL,Class_168,6
14/01/2026,10:42,CROSS_CITY_LINE_B,Class_730,6
14/01/2026,19:52,DORRIDGE_BIRMINGHAM_SNOW_HILL,Class_168,6
14/01/2026,11:04,CROSS_CITY_LINE_A,Class_730,6
14/01/2026,10:16,CROSS_CITY_LINE_A,Class_730,6
14/01/2026,09:39,CROSS_CITY_LINE_A,Class_730,6
14/01/2026,08:56,CROSS_CITY_LINE_A,Class_730,6
14/01/2026,08:27,CROSS_CITY_LINE_A,Class_730,6
14/01/2026,08:05,CROSS_CITY_LINE_A,Class_730,6
14/01/2026,07:48,CROSS_CITY_LINE_A,Class_730,6
14/01/2026,07:04,CROSS_CITY_LINE_A,Class_730,6
14/01/2026,06:44,CROSS_CITY_LINE_A,Class_730,6
14/01/2026,06:10,CROSS_CITY_LINE_A,Class_730,6
14/01/2026,05:43,CROSS_CITY_LINE_A,Class_730,6
14/01/2026,05:23,CROSS_CITY_LINE_A,Class_730,6
14/01/2026,22:14,COVENTRY_STAFFORD,Class_390,11
14/01/2026,21:07,COVENTRY_STAFFORD,Class_390,11
14/01/2026,20:00,COVENTRY_STAFFORD,Class_390,11
14/01/2026,18:33,COVENTRY_STAFFORD,Class_390,11
14/01/2026,17:37,COVENTRY_STAFFORD,Class_390,11
14/01/2026,16:18,COVENTRY_STAFFORD,Class_390,11
14/01/2026,15:25,COVENTRY_STAFFORD,Class_390,11
14/01/2026,14:08,COVENTRY_STAFFORD,Class_390,11
14/01/2026,12:54,COVENTRY_STAFFORD,Class_390,11
14/01/2026,11:56,COVENTRY_STAFFORD,Class_390,11
14/01/2026,10:36,COVENTRY_STAFFORD,Class_390,11
14/01/2026,09:23,COVENTRY_STAFFORD,Class_390,11
14/01/2026,08:21,COVENTRY_STAFFORD,Class_390,11
14/01/2026,07:20,COVENTRY_STAFFORD,Class_390,11
14/01/2026,06:22,COVENTRY_STAFFORD,Class_390,11
14/01/2026,18:44,DORRIDGE_BIRMINGHAM_SNOW_HILL,Class_168,6
14/01/2026,12:14,CROSS_CITY_LINE_A,Class_730,6
14/01/2026,12:37,CROSS_CITY_LINE_A,Class_730,6
14/01/2026,13:21,CROSS_CITY_LINE_A,Class_730,6
14/01/2026,09:11,CROSS_CITY_LINE_B,Class_730,6
14/01/2026,08:34,CROSS_CITY_LINE_B,Class_730,6
14/01/2026,08:21,CROSS_CITY_LINE_B,Class_730,6
14/01/2026,08:00,CROSS_CITY_LINE_B,Class_730,6
14/01/2026,07:19,CROSS_CITY_LINE_B,Class_730,6
14/01/2026,06:50,CROSS_CITY_LINE_B,Class_730,6
14/01/2026,06:22,CROSS_CITY_LINE_B,Class_730,6
14/01/2026,05:49,CROSS_CITY_LINE_B,Class_730,6
14/01/2026,05:29,CROSS_CITY_LINE_B,Class_730,6
14/01/2026,23:27,CROSS_CITY_LINE_A,Class_730,6
14/01/2026,23:15,CROSS_CITY_LINE_A,Class_730,6
14/01/2026,22:47,CROSS_CITY_LINE_A,Class_730,6
14/01/2026,22:27,CROSS_CITY_LINE_A,Class_730,6
14/01/2026,23:03,STAFFORD_COVENTRY,Class_390,11
14/01/2026,21:53,CROSS_CITY_LINE_A,Class_730,6
14/01/2026,20:42,CROSS_CITY_LINE_A,Class_730,6
14/01/2026,20:07,CROSS_CITY_LINE_A,Class_730,6
14/01/2026,19:35,CROSS_CITY_LINE_A,Class_730,6
14/01/2026,19:02,CROSS_CITY_LINE_A,Class_730,6
14/01/2026,18:20,CROSS_CITY_LINE_A,Class_730,6
14/01/2026,17:47,CROSS_CITY_LINE_A,Class_730,6
14/01/2026,17:14,CROSS_CITY_LINE_A,Class_730,6
14/01/2026,16:41,CROSS_CITY_LINE_A,Class_730,6
14/01/2026,16:01,CROSS_CITY_LINE_A,Class_730,6
14/01/2026,15:37,CROSS_CITY_LINE_A,Class_730,6
14/01/2026,14:51,CROSS_CITY_LINE_A,Class_730,6
14/01/2026,14:14,CROSS_CITY_LINE_A,Class_730,6
14/01/2026,13:52,CROSS_CITY_LINE_A,Class_730,6
14/01/2026,21:21,CROSS_CITY_LINE_A,Class_730,6
14/01/2026,22:10,STAFFORD_COVENTRY,Class_390,11
14/01/2026,11:32,CROSS_CITY_LINE_A,Class_730,6
14/01/2026,19:59,STAFFORD_COVENTRY,Class_390,11
14/01/2026,19:56,BIRMINGHAM_NEW_STREET_RUGBY,Class_390,7
14/01/2026,18:45,BIRMINGHAM_NEW_STREET_RUGBY,Class_390,7
14/01/2026,17:30,BIRMINGHAM_NEW_STREET_RUGBY,Class_390,7
14/01/2026,16:26,BIRMINGHAM_NEW_STREET_RUGBY,Class_390,7
14/01/2026,15:04,BIRMINGHAM_NEW_STREET_RUGBY,Class_390,7
14/01/2026,14:10,BIRMINGHAM_NEW_STREET_RUGBY,Class_390,7
14/01/2026,12:55,BIRMINGHAM_NEW_STREET_RUGBY,Class_390,7
14/01/2026,12:02,BIRMINGHAM_NEW_STREET_RUGBY,Class_390,7
14/01/2026,10:48,BIRMINGHAM_NEW_STREET_RUGBY,Class_390,7
14/01/2026,09:29,BIRMINGHAM_NEW_STREET_RUGBY,Class_390,7
14/01/2026,08:21,BIRMINGHAM_NEW_STREET_RUGBY,Class_390,7
14/01/2026,07:24,BIRMINGHAM_NEW_STREET_RUGBY,Class_390,7
14/01/2026,06:25,BIRMINGHAM_NEW_STREET_RUGBY,Class_390,7
14/01/2026,07:41,RUGBY_BIRMINGHAM_NEW_STREET,Class_390,7
14/01/2026,23:08,RUGBY_WOLVERHAMPTON,Class_390,11
14/01/2026,19:37,RUGBY_WOLVERHAMPTON,Class_390,11
14/01/2026,05:48,WOLVERHAMPTON_COVENTRY,Class_390,11
14/01/2026,05:24,WOLVERHAMPTON_COVENTRY,Class_390,11
14/01/2026,05:00,WOLVERHAMPTON_COVENTRY,Class_390,11
14/01/2026,04:59,WOLVERHAMPTON_COVENTRY,Class_390,11
14/01/2026,23:25,DORRIDGE_STOURBRIDGE_JUNCTION,Class_168,6
14/01/2026,20:57,DORRIDGE_STOURBRIDGE_JUNCTION,Class_168,6
14/01/2026,18:36,DORRIDGE_STOURBRIDGE_JUNCTION,Class_168,6
14/01/2026,05:28,STOURBRIDGE_JUNCTION_DORRIDGE,Class_168,6
14/01/2026,23:33,DORRIDGE_BIRMINGHAM_SNOW_HILL,Class_168,6
14/01/2026,23:01,DORRIDGE_BIRMINGHAM_SNOW_HILL,Class_168,6
14/01/2026,22:11,DORRIDGE_BIRMINGHAM_SNOW_HILL,Class_168,6
14/01/2026,21:03,STAFFORD_COVENTRY,Class_390,11
14/01/2026,20:50,RUGBY_WOLVERHAMPTON,Class_390,11
14/01/2026,08:06,RUGBY_BIRMINGHAM_NEW_STREET,Class_390,7
14/01/2026,21:06,DORRIDGE_BIRMINGHAM_SNOW_HILL,Class_168,6
14/01/2026,09:06,RUGBY_BIRMINGHAM_NEW_STREET,Class_390,7
14/01/2026,18:42,STAFFORD_COVENTRY,Class_390,11
14/01/2026,17:34,STAFFORD_COVENTRY,Class_390,11
14/01/2026,16:35,STAFFORD_COVENTRY,Class_390,11
14/01/2026,15:15,STAFFORD_COVENTRY,Class_390,11
14/01/2026,14:09,STAFFORD_COVENTRY,Class_390,11
14/01/2026,13:06,STAFFORD_COVENTRY,Class_390,11
14/01/2026,12:04,STAFFORD_COVENTRY,Class_390,11
14/01/2026,08:38,RUGBY_BIRMINGHAM_NEW_STREET,Class_390,7
14/01/2026,09:13,STAFFORD_COVENTRY,Class_390,11
14/01/2026,08:21,STAFFORD_COVENTRY,Class_390,11
14/01/2026,07:40,STAFFORD_COVENTRY,Class_390,11
14/01/2026,06:26,STAFFORD_COVENTRY,Class_390,11
14/01/2026,18:37,RUGBY_BIRMINGHAM_NEW_STREET,Class_390,7
14/01/2026,18:06,RUGBY_BIRMINGHAM_NEW_STREET,Class_390,7
14/01/2026,10:49,STAFFORD_COVENTRY,Class_390,11
14/01/2026,17:02,RUGBY_BIRMINGHAM_NEW_STREET,Class_390,7
14/01/2026,17:22,RUGBY_BIRMINGHAM_NEW_STREET,Class_390,7
14/01/2026,10:02,RUGBY_BIRMINGHAM_NEW_STREET,Class_390,7
14/01/2026,10:25,RUGBY_BIRMINGHAM_NEW_STREET,Class_390,7
14/01/2026,11:23,RUGBY_BIRMINGHAM_NEW_STREET,Class_390,7
14/01/2026,12:36,RUGBY_BIRMINGHAM_NEW_STREET,Class_390,7
14/01/2026,12:46,RUGBY_BIRMINGHAM_NEW_STREET,Class_390,7
14/01/2026,11:52,RUGBY_BIRMINGHAM_NEW_STREET,Class_390,7
14/01/2026,14:05,RUGBY_BIRMINGHAM_NEW_STREET,Class_390,7
14/01/2026,14:38,RUGBY_BIRMINGHAM_NEW_STREET,Class_390,7
14/01/2026,15:04,RUGBY_BIRMINGHAM_NEW_STREET,Class_390,7
14/01/2026,15:50,RUGBY_BIRMINGHAM_NEW_STREET,Class_390,7
14/01/2026,16:16,RUGBY_BIRMINGHAM_NEW_STREET,Class_390,7
14/01/2026,13:41,RUGBY_BIRMINGHAM_NEW_STREET,Class_390,7
15/01/2026,20:29,FOUR_OAKS_REDDITCH,Class_730,6
15/01/2026,18:19,FOUR_OAKS_REDDITCH,Class_730,6
15/01/2026,19:04,FOUR_OAKS_REDDITCH,Class_730,6
15/01/2026,19:52,FOUR_OAKS_REDDITCH,Class_730,6
15/01/2026,20:59,FOUR_OAKS_REDDITCH,Class_730,6
15/01/2026,05:55,RUGELEY_TRENT_VALLEY_BIRMINGHAM_INTERNATIONAL,Class_730,3
15/01/2026,22:00,FOUR_OAKS_REDDITCH,Class_730,6
15/01/2026,22:25,FOUR_OAKS_REDDITCH,Class_730,6
15/01/2026,22:46,FOUR_OAKS_REDDITCH,Class_730,6
15/01/2026,23:19,FOUR_OAKS_REDDITCH,Class_730,6
15/01/2026,05:35,RUGELEY_TRENT_VALLEY_BIRMINGHAM_INTERNATIONAL,Class_730,3
15/01/2026,21:27,FOUR_OAKS_REDDITCH,Class_730,6
15/01/2026,17:44,FOUR_OAKS_REDDITCH,Class_730,6
15/01/2026,10:26,FOUR_OAKS_REDDITCH,Class_730,6
15/01/2026,16:45,FOUR_OAKS_REDDITCH,Class_730,6
15/01/2026,16:13,FOUR_OAKS_REDDITCH,Class_730,6
15/01/2026,15:36,FOUR_OAKS_REDDITCH,Class_730,6
15/01/2026,15:05,FOUR_OAKS_REDDITCH,Class_730,6
15/01/2026,14:50,FOUR_OAKS_REDDITCH,Class_730,6
15/01/2026,14:13,FOUR_OAKS_REDDITCH,Class_730,6
15/01/2026,13:44,FOUR_OAKS_REDDITCH,Class_730,6
15/01/2026,13:10,FOUR_OAKS_REDDITCH,Class_730,6
15/01/2026,12:41,FOUR_OAKS_REDDITCH,Class_730,6
15/01/2026,12:07,FOUR_OAKS_REDDITCH,Class_730,6
15/01/2026,11:25,FOUR_OAKS_REDDITCH,Class_730,6
15/01/2026,10:57,FOUR_OAKS_REDDITCH,Class_730,6
15/01/2026,06:19,RUGELEY_TRENT_VALLEY_BIRMINGHAM_INTERNATIONAL,Class_730,3
15/01/2026,17:22,FOUR_OAKS_REDDITCH,Class_730,6
15/01/2026,06:59,RUGELEY_TRENT_VALLEY_BIRMINGHAM_INTERNATIONAL,Class_730,3
15/01/2026,15:21,RUGELEY_TRENT_VALLEY_BIRMINGHAM_INTERNATIONAL,Class_730,3
15/01/2026,07:54,RUGELEY_TRENT_VALLEY_BIRMINGHAM_INTERNATIONAL,Class_730,3
15/01/2026,06:56,BIRMINGHAM_INTERNATIONAL_RUGELEY_TRENT_VALLEY,Class_730,3
15/01/2026,06:24,BIRMINGHAM_INTERNATIONAL_RUGELEY_TRENT_VALLEY,Class_730,3
15/01/2026,05:56,BIRMINGHAM_INTERNATIONAL_RUGELEY_TRENT_VALLEY,Class_730,3
15/01/2026,22:13,RUGELEY_TRENT_VALLEY_BIRMINGHAM_INTERNATIONAL,Class_730,3
15/01/2026,21:43,RUGELEY_TRENT_VALLEY_BIRMINGHAM_INTERNATIONAL,Class_730,3
15/01/2026,21:13,RUGELEY_TRENT_VALLEY_BIRMINGHAM_INTERNATIONAL,Class_730,3
15/01/2026,20:42,RUGELEY_TRENT_VALLEY_BIRMINGHAM_INTERNATIONAL,Class_730,3
15/01/2026,20:10,RUGELEY_TRENT_VALLEY_BIRMINGHAM_INTERNATIONAL,Class_730,3
15/01/2026,19:26,RUGELEY_TRENT_VALLEY_BIRMINGHAM_INTERNATIONAL,Class_730,3
15/01/2026,18:27,RUGELEY_TRENT_VALLEY_BIRMINGHAM_INTERNATIONAL,Class_730,3
15/01/2026,17:47,RUGELEY_TRENT_VALLEY_BIRMINGHAM_INTERNATIONAL,Class_730,3
15/01/2026,17:29,RUGELEY_TRENT_VALLEY_BIRMINGHAM_INTERNATIONAL,Class_730,3
15/01/2026,16:53,RUGELEY_TRENT_VALLEY_BIRMINGHAM_INTERNATIONAL,Class_730,3
15/01/2026,16:29,RUGELEY_TRENT_VALLEY_BIRMINGHAM_INTERNATIONAL,Class_730,3
15/01/2026,15:39,RUGELEY_TRENT_VALLEY_BIRMINGHAM_INTERNATIONAL,Class_730,3
15/01/2026,14:52,RUGELEY_TRENT_VALLEY_BIRMINGHAM_INTERNATIONAL,Class_730,3
15/01/2026,14:15,RUGELEY_TRENT_VALLEY_BIRMINGHAM_INTERNATIONAL,Class_730,3
15/01/2026,13:54,RUGELEY_TRENT_VALLEY_BIRMINGHAM_INTERNATIONAL,Class_730,3
15/01/2026,13:25,RUGELEY_TRENT_VALLEY_BIRMINGHAM_INTERNATIONAL,Class_730,3
15/01/2026,12:42,RUGELEY_TRENT_VALLEY_BIRMINGHAM_INTERNATIONAL,Class_730,3
15/01/2026,12:10,RUGELEY_TRENT_VALLEY_BIRMINGHAM_INTERNATIONAL,Class_730,3
15/01/2026,11:22,RUGELEY_TRENT_VALLEY_BIRMINGHAM_INTERNATIONAL,Class_730,3
15/01/2026,11:06,RUGELEY_TRENT_VALLEY_BIRMINGHAM_INTERNATIONAL,Class_730,3
15/01/2026,10:35,RUGELEY_TRENT_VALLEY_BIRMINGHAM_INTERNATIONAL,Class_730,3
15/01/2026,09:49,RUGELEY_TRENT_VALLEY_BIRMINGHAM_INTERNATIONAL,Class_730,3
15/01/2026,08:57,RUGELEY_TRENT_VALLEY_BIRMINGHAM_INTERNATIONAL,Class_730,3
15/01/2026,08:20,RUGELEY_TRENT_VALLEY_BIRMINGHAM_INTERNATIONAL,Class_730,3
15/01/2026,07:28,RUGELEY_TRENT_VALLEY_BIRMINGHAM_INTERNATIONAL,Class_730,3
15/01/2026,09:25,FOUR_OAKS_REDDITCH,Class_730,6
15/01/2026,13:36,CROSS_CITY_LINE_B,Class_730,6
15/01/2026,08:20,FOUR_OAKS_REDDITCH,Class_730,6
15/01/2026,10:05,REDDITCH_FOUR_OAKS,Class_730,6
15/01/2026,09:09,REDDITCH_FOUR_OAKS,Class_730,6
15/01/2026,08:34,REDDITCH_FOUR_OAKS,Class_730,6
15/01/2026,07:59,REDDITCH_FOUR_OAKS,Class_730,6
15/01/2026,07:42,REDDITCH_FOUR_OAKS,Class_730,6
15/01/2026,07:08,REDDITCH_FOUR_OAKS,Class_730,6
15/01/2026,06:27,REDDITCH_FOUR_OAKS,Class_730,6
15/01/2026,05:59,REDDITCH_FOUR_OAKS,Class_730,6
15/01/2026,05:45,REDDITCH_FOUR_OAKS,Class_730,6
15/01/2026,05:29,REDDITCH_FOUR_OAKS,Class_730,6
15/01/2026,22:31,CROSS_CITY_LINE_B,Class_730,6
15/01/2026,22:04,CROSS_CITY_LINE_B,Class_730,6
15/01/2026,21:44,CROSS_CITY_LINE_B,Class_730,6
15/01/2026,10:38,REDDITCH_FOUR_OAKS,Class_730,6
15/01/2026,21:08,CROSS_CITY_LINE_B,Class_730,6
15/01/2026,20:10,CROSS_CITY_LINE_B,Class_730,6
15/01/2026,19:06,CROSS_CITY_LINE_B,Class_730,6
15/01/2026,18:25,CROSS_CITY_LINE_B,Class_730,6
15/01/2026,17:44,CROSS_CITY_LINE_B,Class_730,6
15/01/2026,17:25,CROSS_CITY_LINE_B,Class_730,6
15/01/2026,16:54,CROSS_CITY_LINE_B,Class_730,6
15/01/2026,16:23,CROSS_CITY_LINE_B,Class_730,6
15/01/2026,15:36,CROSS_CITY_LINE_B,Class_730,6
15/01/2026,15:27,CROSS_CITY_LINE_B,Class_730,6
15/01/2026,14:52,CROSS_CITY_LINE_B,Class_730,6
15/01/2026,14:29,CROSS_CITY_LINE_B,Class_730,6
15/01/2026,13:49,CROSS_CITY_LINE_B,Class_730,6
15/01/2026,07:29,BIRMINGHAM_INTERNATIONAL_RUGELEY_TRENT_VALLEY,Class_730,3
15/01/2026,20:41,CROSS_CITY_LINE_B,Class_730,6
15/01/2026,08:49,FOUR_OAKS_REDDITCH,Class_730,6
15/01/2026,11:17,REDDITCH_FOUR_OAKS,Class_730,6
15/01/2026,12:29,REDDITCH_FOUR_OAKS,Class_730,6
15/01/2026,07:49,FOUR_OAKS_REDDITCH,Class_730,6
15/01/2026,07:15,FOUR_OAKS_REDDITCH,Class_730,6
15/01/2026,06:42,FOUR_OAKS_REDDITCH,Class_730,6
15/01/2026,06:11,FOUR_OAKS_REDDITCH,Class_730,6
15/01/2026,05:49,FOUR_OAKS_REDDITCH,Class_730,6
15/01/2026,05:36,FOUR_OAKS_REDDITCH,Class_730,6
15/01/2026,05:08,FOUR_OAKS_REDDITCH,Class_730,6
15/01/2026,23:25,REDDITCH_FOUR_OAKS,Class_730,6
15/01/2026,23:06,REDDITCH_FOUR_OAKS,Class_730,6
15/01/2026,22:33,REDDITCH_FOUR_OAKS,Class_730,6
15/01/2026,22:18,REDDITCH_FOUR_OAKS,Class_730,6
15/01/2026,21:51,REDDITCH_FOUR_OAKS,Class_730,6
15/01/2026,21:17,REDDITCH_FOUR_OAKS,Class_730,6
15/01/2026,11:54,REDDITCH_FOUR_OAKS,Class_730,6
15/01/2026,20:53,REDDITCH_FOUR_OAKS,Class_730,6
15/01/2026,19:35,REDDITCH_FOUR_OAKS,Class_730,6
15/01/2026,18:50,REDDITCH_FOUR_OAKS,Class_730,6
15/01/2026,17:57,REDDITCH_FOUR_OAKS,Class_730,6
15/01/2026,17:37,REDDITCH_FOUR_OAKS,Class_730,6
15/01/2026,17:10,REDDITCH_FOUR_OAKS,Class_730,6
15/01/2026,16:37,REDDITCH_FOUR_OAKS,Class_730,6
15/01/2026,15:58,REDDITCH_FOUR_OAKS,Class_730,6
15/01/2026,15:30,REDDITCH_FOUR_OAKS,Class_730,6
15/01/2026,15:00,REDDITCH_FOUR_OAKS,Class_730,6
15/01/2026,14:40,REDDITCH_FOUR_OAKS,Class_730,6
15/01/2026,14:02,REDDITCH_FOUR_OAKS,Class_730,6
15/01/2026,13:37,REDDITCH_FOUR_OAKS,Class_730,6
15/01/2026,12:50,REDDITCH_FOUR_OAKS,Class_730,6
15/01/2026,20:21,REDDITCH_FOUR_OAKS,Class_730,6
15/01/2026,07:58,BIRMINGHAM_INTERNATIONAL_RUGELEY_TRENT_VALLEY,Class_730,3
15/01/2026,07:08,WOLVERHAMPTON_WALSALL,Class_730,3
15/01/2026,09:03,BIRMINGHAM_INTERNATIONAL_RUGELEY_TRENT_VALLEY,Class_730,3
15/01/2026,05:41,WALSALL_WOLVERHAMPTON,Class_731,3
15/01/2026,05:29,WALSALL_WOLVERHAMPTON,Class_730,3
15/01/2026,23:05,WOLVERHAMPTON_WALSALL,Class_730,3
15/01/2026,22:34,WOLVERHAMPTON_WALSALL,Class_730,3
15/01/2026,22:22,WOLVERHAMPTON_WALSALL,Class_730,3
15/01/2026,21:45,WOLVERHAMPTON_WALSALL,Class_730,3
15/01/2026,21:19,WOLVERHAMPTON_WALSALL,Class_730,3
15/01/2026,20:52,WOLVERHAMPTON_WALSALL,Class_730,3
15/01/2026,20:11,WOLVERHAMPTON_WALSALL,Class_730,3
15/01/2026,19:32,WOLVERHAMPTON_WALSALL,Class_730,3
15/01/2026,18:58,WOLVERHAMPTON_WALSALL,Class_730,3
15/01/2026,17:53,WOLVERHAMPTON_WALSALL,Class_730,3
15/01/2026,17:35,WOLVERHAMPTON_WALSALL,Class_730,3
15/01/2026,17:01,WOLVERHAMPTON_WALSALL,Class_730,3
15/01/2026,16:31,WOLVERHAMPTON_WALSALL,Class_730,3
15/01/2026,15:49,WOLVERHAMPTON_WALSALL,Class_730,3
15/01/2026,15:27,WOLVERHAMPTON_WALSALL,Class_730,3
15/01/2026,15:00,WOLVERHAMPTON_WALSALL,Class_730,3
15/01/2026,14:42,WOLVERHAMPTON_WALSALL,Class_730,3
15/01/2026,14:00,WOLVERHAMPTON_WALSALL,Class_730,3
15/01/2026,13:38,WOLVERHAMPTON_WALSALL,Class_730,3
15/01/2026,12:48,WOLVERHAMPTON_WALSALL,Class_730,3
15/01/2026,12:30,WOLVERHAMPTON_WALSALL,Class_730,3
15/01/2026,11:48,WOLVERHAMPTON_WALSALL,Class_730,3
15/01/2026,11:15,WOLVERHAMPTON_WALSALL,Class_730,3
15/01/2026,10:42,WOLVERHAMPTON_WALSALL,Class_730,3
15/01/2026,10:02,WOLVERHAMPTON_WALSALL,Class_730,3
15/01/2026,06:00,WALSALL_WOLVERHAMPTON,Class_732,3
15/01/2026,06:26,WALSALL_WOLVERHAMPTON,Class_733,3
15/01/2026,07:05,WALSALL_WOLVERHAMPTON,Class_734,3
15/01/2026,07:45,WALSALL_WOLVERHAMPTON,Class_735,3
15/01/2026,12:42,CROSS_CITY_LINE_B,Class_730,6
15/01/2026,22:32,WALSALL_WOLVERHAMPTON,Class_762,3
15/01/2026,22:22,WALSALL_WOLVERHAMPTON,Class_761,3
15/01/2026,21:50,WALSALL_WOLVERHAMPTON,Class_760,3
15/01/2026,21:14,WALSALL_WOLVERHAMPTON,Class_759,3
15/01/2026,20:53,WALSALL_WOLVERHAMPTON,Class_758,3
15/01/2026,20:17,WALSALL_WOLVERHAMPTON,Class_757,3
15/01/2026,19:34,WALSALL_WOLVERHAMPTON,Class_756,3
15/01/2026,18:51,WALSALL_WOLVERHAMPTON,Class_755,3
15/01/2026,17:55,WALSALL_WOLVERHAMPTON,Class_754,3
15/01/2026,17:36,WALSALL_WOLVERHAMPTON,Class_753,3
15/01/2026,17:02,WALSALL_WOLVERHAMPTON,Class_752,3
15/01/2026,16:37,WALSALL_WOLVERHAMPTON,Class_751,3
15/01/2026,09:08,WOLVERHAMPTON_WALSALL,Class_730,3
15/01/2026,15:53,WALSALL_WOLVERHAMPTON,Class_750,3
15/01/2026,15:01,WALSALL_WOLVERHAMPTON,Class_748,3
15/01/2026,14:46,WALSALL_WOLVERHAMPTON,Class_747,3
15/01/2026,14:00,WALSALL_WOLVERHAMPTON,Class_746,3
15/01/2026,13:42,WALSALL_WOLVERHAMPTON,Class_745,3
15/01/2026,12:49,WALSALL_WOLVERHAMPTON,Class_744,3
15/01/2026,12:35,WALSALL_WOLVERHAMPTON,Class_743,3
15/01/2026,11:45,WALSALL_WOLVERHAMPTON,Class_742,3
15/01/2026,11:16,WALSALL_WOLVERHAMPTON,Class_741,3
15/01/2026,10:40,WALSALL_WOLVERHAMPTON,Class_740,3
15/01/2026,10:03,WALSALL_WOLVERHAMPTON,Class_739,3
15/01/2026,09:05,WALSALL_WOLVERHAMPTON,Class_738,3
15/01/2026,08:43,WALSALL_WOLVERHAMPTON,Class_737,3
15/01/2026,08:06,WALSALL_WOLVERHAMPTON,Class_736,3
15/01/2026,15:31,WALSALL_WOLVERHAMPTON,Class_749,3
15/01/2026,08:37,WOLVERHAMPTON_WALSALL,Class_730,3
15/01/2026,08:03,WOLVERHAMPTON_WALSALL,Class_730,3
15/01/2026,07:43,WOLVERHAMPTON_WALSALL,Class_730,3
15/01/2026,09:03,NORTHAMPTON_BIRMINGHAM_NEW_STREET,Class_350,5
15/01/2026,07:54,NORTHAMPTON_BIRMINGHAM_NEW_STREET,Class_350,5
15/01/2026,07:00,NORTHAMPTON_BIRMINGHAM_NEW_STREET,Class_350,5
15/01/2026,05:55,NORTHAMPTON_BIRMINGHAM_NEW_STREET,Class_350,5
15/01/2026,05:19,NORTHAMPTON_BIRMINGHAM_NEW_STREET,Class_350,5
15/01/2026,22:04,BIRMINGHAM_INTERNATIONAL_RUGELEY_TRENT_VALLEY,Class_730,3
15/01/2026,21:39,BIRMINGHAM_INTERNATIONAL_RUGELEY_TRENT_VALLEY,Class_730,3
15/01/2026,21:11,BIRMINGHAM_INTERNATIONAL_RUGELEY_TRENT_VALLEY,Class_730,3
15/01/2026,20:35,BIRMINGHAM_INTERNATIONAL_RUGELEY_TRENT_VALLEY,Class_730,3
15/01/2026,20:01,BIRMINGHAM_INTERNATIONAL_RUGELEY_TRENT_VALLEY,Class_730,3
15/01/2026,19:30,BIRMINGHAM_INTERNATIONAL_RUGELEY_TRENT_VALLEY,Class_730,3
15/01/2026,18:42,BIRMINGHAM_INTERNATIONAL_RUGELEY_TRENT_VALLEY,Class_730,3
15/01/2026,17:47,BIRMINGHAM_INTERNATIONAL_RUGELEY_TRENT_VALLEY,Class_730,3
15/01/2026,10:33,NORTHAMPTON_BIRMINGHAM_NEW_STREET,Class_350,5
15/01/2026,17:31,BIRMINGHAM_INTERNATIONAL_RUGELEY_TRENT_VALLEY,Class_730,3
15/01/2026,16:23,BIRMINGHAM_INTERNATIONAL_RUGELEY_TRENT_VALLEY,Class_730,3
15/01/2026,15:43,BIRMINGHAM_INTERNATIONAL_RUGELEY_TRENT_VALLEY,Class_730,3
15/01/2026,15:12,BIRMINGHAM_INTERNATIONAL_RUGELEY_TRENT_VALLEY,Class_730,3
15/01/2026,14:54,BIRMINGHAM_INTERNATIONAL_RUGELEY_TRENT_VALLEY,Class_730,3
15/01/2026,14:32,BIRMINGHAM_INTERNATIONAL_RUGELEY_TRENT_VALLEY,Class_730,3
15/01/2026,13:56,BIRMINGHAM_INTERNATIONAL_RUGELEY_TRENT_VALLEY,Class_730,3
15/01/2026,13:25,BIRMINGHAM_INTERNATIONAL_RUGELEY_TRENT_VALLEY,Class_730,3
15/01/2026,12:44,BIRMINGHAM_INTERNATIONAL_RUGELEY_TRENT_VALLEY,Class_730,3
15/01/2026,12:17,BIRMINGHAM_INTERNATIONAL_RUGELEY_TRENT_VALLEY,Class_730,3
15/01/2026,11:28,BIRMINGHAM_INTERNATIONAL_RUGELEY_TRENT_VALLEY,Class_730,3
15/01/2026,11:14,BIRMINGHAM_INTERNATIONAL_RUGELEY_TRENT_VALLEY,Class_730,3
15/01/2026,10:35,BIRMINGHAM_INTERNATIONAL_RUGELEY_TRENT_VALLEY,Class_730,3
15/01/2026,09:36,BIRMINGHAM_INTERNATIONAL_RUGELEY_TRENT_VALLEY,Class_730,3
15/01/2026,16:56,BIRMINGHAM_INTERNATIONAL_RUGELEY_TRENT_VALLEY,Class_730,3
15/01/2026,08:21,BIRMINGHAM_INTERNATIONAL_RUGELEY_TRENT_VALLEY,Class_730,3
15/01/2026,11:35,NORTHAMPTON_BIRMINGHAM_NEW_STREET,Class_350,5
15/01/2026,13:59,NORTHAMPTON_BIRMINGHAM_NEW_STREET,Class_350,5
15/01/2026,06:28,WOLVERHAMPTON_WALSALL,Class_730,3
15/01/2026,06:00,WOLVERHAMPTON_WALSALL,Class_730,3
15/01/2026,05:42,WOLVERHAMPTON_WALSALL,Class_730,3
15/01/2026,05:27,WOLVERHAMPTON_WALSALL,Class_730,3
15/01/2026,23:19,BIRMINGHAM_NEW_STREET_NORTHAMPTON,Class_350,8
15/01/2026,22:24,BIRMINGHAM_NEW_STREET_NORTHAMPTON,Class_350,8
15/01/2026,21:21,BIRMINGHAM_NEW_STREET_NORTHAMPTON,Class_350,8
15/01/2026,20:22,BIRMINGHAM_NEW_STREET_NORTHAMPTON,Class_350,8
15/01/2026,19:01,BIRMINGHAM_NEW_STREET_NORTHAMPTON,Class_350,8
15/01/2026,17:40,BIRMINGHAM_NEW_STREET_NORTHAMPTON,Class_350,8
15/01/2026,16:40,BIRMINGHAM_NEW_STREET_NORTHAMPTON,Class_350,8
15/01/2026,15:32,BIRMINGHAM_NEW_STREET_NORTHAMPTON,Class_350,8
15/01/2026,14:48,BIRMINGHAM_NEW_STREET_NORTHAMPTON,Class_350,8
15/01/2026,12:45,NORTHAMPTON_BIRMINGHAM_NEW_STREET,Class_350,5
15/01/2026,13:43,BIRMINGHAM_NEW_STREET_NORTHAMPTON,Class_350,8
15/01/2026,11:18,BIRMINGHAM_NEW_STREET_NORTHAMPTON,Class_350,8
15/01/2026,10:10,BIRMINGHAM_NEW_STREET_NORTHAMPTON,Class_350,8
15/01/2026,08:46,BIRMINGHAM_NEW_STREET_NORTHAMPTON,Class_350,8
15/01/2026,07:46,BIRMINGHAM_NEW_STREET_NORTHAMPTON,Class_350,8
15/01/2026,06:33,BIRMINGHAM_NEW_STREET_NORTHAMPTON,Class_350,8
15/01/2026,22:31,NORTHAMPTON_BIRMINGHAM_NEW_STREET,Class_350,5
15/01/2026,21:34,NORTHAMPTON_BIRMINGHAM_NEW_STREET,Class_350,5
15/01/2026,20:37,NORTHAMPTON_BIRMINGHAM_NEW_STREET,Class_350,5
15/01/2026,19:15,NORTHAMPTON_BIRMINGHAM_NEW_STREET,Class_350,5
15/01/2026,17:52,NORTHAMPTON_BIRMINGHAM_NEW_STREET,Class_350,5
15/01/2026,16:57,NORTHAMPTON_BIRMINGHAM_NEW_STREET,Class_350,5
15/01/2026,15:39,NORTHAMPTON_BIRMINGHAM_NEW_STREET,Class_350,5
15/01/2026,14:57,NORTHAMPTON_BIRMINGHAM_NEW_STREET,Class_350,5
15/01/2026,12:35,BIRMINGHAM_NEW_STREET_NORTHAMPTON,Class_350,8
15/01/2026,23:17,WALSALL_WOLVERHAMPTON,Class_763,3
15/01/2026,12:22,CROSS_CITY_LINE_B,Class_730,6
15/01/2026,11:05,CROSS_CITY_LINE_B,Class_730,6
15/01/2026,19:24,DORRIDGE_BIRMINGHAM_MOOR_STREET,Class_168,6
15/01/2026,18:23,DORRIDGE_BIRMINGHAM_MOOR_STREET,Class_168,6
15/01/2026,17:43,DORRIDGE_BIRMINGHAM_MOOR_STREET,Class_168,6
15/01/2026,17:17,DORRIDGE_BIRMINGHAM_MOOR_STREET,Class_168,6
15/01/2026,16:48,DORRIDGE_BIRMINGHAM_MOOR_STREET,Class_168,6
15/01/2026,16:17,DORRIDGE_BIRMINGHAM_MOOR_STREET,Class_168,6
15/01/2026,15:34,DORRIDGE_BIRMINGHAM_MOOR_STREET,Class_168,6
15/01/2026,15:08,DORRIDGE_BIRMINGHAM_MOOR_STREET,Class_168,6
15/01/2026,14:51,DORRIDGE_BIRMINGHAM_MOOR_STREET,Class_168,6
15/01/2026,14:16,DORRIDGE_BIRMINGHAM_MOOR_STREET,Class_168,6
15/01/2026,13:49,DORRIDGE_BIRMINGHAM_MOOR_STREET,Class_168,6
15/01/2026,13:19,DORRIDGE_BIRMINGHAM_MOOR_STREET,Class_168,6
15/01/2026,12:36,DORRIDGE_BIRMINGHAM_MOOR_STREET,Class_168,6
15/01/2026,12:17,DORRIDGE_BIRMINGHAM_MOOR_STREET,Class_168,6
15/01/2026,11:28,DORRIDGE_BIRMINGHAM_MOOR_STREET,Class_168,6
15/01/2026,11:01,DORRIDGE_BIRMINGHAM_MOOR_STREET,Class_168,6
15/01/2026,10:32,DORRIDGE_BIRMINGHAM_MOOR_STREET,Class_168,6
15/01/2026,09:34,DORRIDGE_BIRMINGHAM_MOOR_STREET,Class_168,6
15/01/2026,08:51,DORRIDGE_BIRMINGHAM_MOOR_STREET,Class_168,6
15/01/2026,08:15,DORRIDGE_BIRMINGHAM_MOOR_STREET,Class_168,6
15/01/2026,07:57,DORRIDGE_BIRMINGHAM_MOOR_STREET,Class_168,6
15/01/2026,07:31,DORRIDGE_BIRMINGHAM_MOOR_STREET,Class_168,6
15/01/2026,06:33,DORRIDGE_BIRMINGHAM_MOOR_STREET,Class_168,6
15/01/2026,06:09,DORRIDGE_BIRMINGHAM_MOOR_STREET,Class_168,6
15/01/2026,05:50,DORRIDGE_BIRMINGHAM_MOOR_STREET,Class_168,6
15/01/2026,23:34,BIRMINGHAM_MOOR_STREET_DORRIDGE,Class_168,6
15/01/2026,23:21,BIRMINGHAM_MOOR_STREET_DORRIDGE,Class_168,6
15/01/2026,19:51,DORRIDGE_BIRMINGHAM_MOOR_STREET,Class_168,6
15/01/2026,20:29,DORRIDGE_BIRMINGHAM_MOOR_STREET,Class_168,6
15/01/2026,21:02,DORRIDGE_BIRMINGHAM_MOOR_STREET,Class_168,6
15/01/2026,21:28,DORRIDGE_BIRMINGHAM_MOOR_STREET,Class_168,6
15/01/2026,16:19,DORRIDGE_BIRMINGHAM_SNOW_HILL,Class_168,6
15/01/2026,15:19,DORRIDGE_BIRMINGHAM_SNOW_HILL,Class_168,6
15/01/2026,14:33,DORRIDGE_BIRMINGHAM_SNOW_HILL,Class_168,6
15/01/2026,13:20,DORRIDGE_BIRMINGHAM_SNOW_HILL,Class_168,6
15/01/2026,12:08,DORRIDGE_BIRMINGHAM_SNOW_HILL,Class_168,6
15/01/2026,11:04,DORRIDGE_BIRMINGHAM_SNOW_HILL,Class_168,6
15/01/2026,09:37,DORRIDGE_BIRMINGHAM_SNOW_HILL,Class_168,6
15/01/2026,08:25,DORRIDGE_BIRMINGHAM_SNOW_HILL,Class_168,6
15/01/2026,23:27,BIRMINGHAM_SNOW_HILL_DORRIDGE,Class_168,6
15/01/2026,22:43,BIRMINGHAM_SNOW_HILL_DORRIDGE,Class_168,6
15/01/2026,21:55,BIRMINGHAM_SNOW_HILL_DORRIDGE,Class_168,6
15/01/2026,21:00,BIRMINGHAM_SNOW_HILL_DORRIDGE,Class_168,6
15/01/2026,19:40,BIRMINGHAM_SNOW_HILL_DORRIDGE,Class_168,6
15/01/2026,22:51,BIRMINGHAM_MOOR_STREET_DORRIDGE,Class_168,6
15/01/2026,18:12,BIRMINGHAM_SNOW_HILL_DORRIDGE,Class_168,6
15/01/2026,16:11,BIRMINGHAM_SNOW_HILL_DORRIDGE,Class_168,6
15/01/2026,15:04,BIRMINGHAM_SNOW_HILL_DORRIDGE,Class_168,6
15/01/2026,14:08,BIRMINGHAM_SNOW_HILL_DORRIDGE,Class_168,6
15/01/2026,12:51,BIRMINGHAM_SNOW_HILL_DORRIDGE,Class_168,6
15/01/2026,11:56,BIRMINGHAM_SNOW_HILL_DORRIDGE,Class_168,6
15/01/2026,10:51,BIRMINGHAM_SNOW_HILL_DORRIDGE,Class_168,6
15/01/2026,09:23,BIRMINGHAM_SNOW_HILL_DORRIDGE,Class_168,6
15/01/2026,08:14,BIRMINGHAM_SNOW_HILL_DORRIDGE,Class_168,6
15/01/2026,23:29,DORRIDGE_BIRMINGHAM_MOOR_STREET,Class_168,6
15/01/2026,23:22,DORRIDGE_BIRMINGHAM_MOOR_STREET,Class_168,6
15/01/2026,22:57,DORRIDGE_BIRMINGHAM_MOOR_STREET,Class_168,6
15/01/2026,22:27,DORRIDGE_BIRMINGHAM_MOOR_STREET,Class_168,6
15/01/2026,21:59,DORRIDGE_BIRMINGHAM_MOOR_STREET,Class_168,6
15/01/2026,17:17,BIRMINGHAM_SNOW_HILL_DORRIDGE,Class_168,6
15/01/2026,22:02,BIRMINGHAM_MOOR_STREET_DORRIDGE,Class_168,6
15/01/2026,21:27,BIRMINGHAM_MOOR_STREET_DORRIDGE,Class_168,6
15/01/2026,21:06,BIRMINGHAM_MOOR_STREET_DORRIDGE,Class_168,6
15/01/2026,20:57,WOLVERHAMPTON_BIRMINGHAM_INTERNATIONAL,Class_158,2
15/01/2026,19:41,WOLVERHAMPTON_BIRMINGHAM_INTERNATIONAL,Class_158,2
15/01/2026,18:10,WOLVERHAMPTON_BIRMINGHAM_INTERNATIONAL,Class_158,2
15/01/2026,17:15,WOLVERHAMPTON_BIRMINGHAM_INTERNATIONAL,Class_158,2
15/01/2026,16:02,WOLVERHAMPTON_BIRMINGHAM_INTERNATIONAL,Class_158,2
15/01/2026,15:03,WOLVERHAMPTON_BIRMINGHAM_INTERNATIONAL,Class_158,2
15/01/2026,14:07,WOLVERHAMPTON_BIRMINGHAM_INTERNATIONAL,Class_158,2
15/01/2026,12:54,WOLVERHAMPTON_BIRMINGHAM_INTERNATIONAL,Class_158,2
15/01/2026,11:58,WOLVERHAMPTON_BIRMINGHAM_INTERNATIONAL,Class_158,2
15/01/2026,10:44,WOLVERHAMPTON_BIRMINGHAM_INTERNATIONAL,Class_158,2
15/01/2026,09:20,WOLVERHAMPTON_BIRMINGHAM_INTERNATIONAL,Class_158,2
15/01/2026,07:20,WOLVERHAMPTON_BIRMINGHAM_INTERNATIONAL,Class_158,2
15/01/2026,06:07,WOLVERHAMPTON_BIRMINGHAM_INTERNATIONAL,Class_158,2
15/01/2026,21:55,WOLVERHAMPTON_BIRMINGHAM_INTERNATIONAL,Class_158,2
15/01/2026,05:26,WOLVERHAMPTON_BIRMINGHAM_INTERNATIONAL,Class_158,2
15/01/2026,18:09,BIRMINGHAM_INTERNATIONA_WOLVERHAMPTON,Class_158,2
15/01/2026,17:14,BIRMINGHAM_INTERNATIONA_WOLVERHAMPTON,Class_158,2
15/01/2026,16:04,BIRMINGHAM_INTERNATIONA_WOLVERHAMPTON,Class_158,2
15/01/2026,15:03,BIRMINGHAM_INTERNATIONA_WOLVERHAMPTON,Class_158,2
15/01/2026,14:06,BIRMINGHAM_INTERNATIONA_WOLVERHAMPTON,Class_158,2
15/01/2026,13:05,BIRMINGHAM_INTERNATIONA_WOLVERHAMPTON,Class_158,2
15/01/2026,11:56,BIRMINGHAM_INTERNATIONA_WOLVERHAMPTON,Class_158,2
15/01/2026,10:50,BIRMINGHAM_INTERNATIONA_WOLVERHAMPTON,Class_158,2
15/01/2026,09:18,BIRMINGHAM_INTERNATIONA_WOLVERHAMPTON,Class_158,2
15/01/2026,08:08,BIRMINGHAM_INTERNATIONA_WOLVERHAMPTON,Class_158,2
15/01/2026,07:13,BIRMINGHAM_INTERNATIONA_WOLVERHAMPTON,Class_158,2
15/01/2026,06:05,BIRMINGHAM_INTERNATIONA_WOLVERHAMPTON,Class_158,2
15/01/2026,11:24,CROSS_CITY_LINE_B,Class_730,6
15/01/2026,19:35,BIRMINGHAM_INTERNATIONA_WOLVERHAMPTON,Class_158,2
15/01/2026,17:24,DORRIDGE_BIRMINGHAM_SNOW_HILL,Class_168,6
15/01/2026,22:41,WOLVERHAMPTON_BIRMINGHAM_INTERNATIONAL,Class_158,2
15/01/2026,05:10,BIRMINGHAM_MOOR_STREET_DORRIDGE,Class_168,6
15/01/2026,20:34,BIRMINGHAM_MOOR_STREET_DORRIDGE,Class_168,6
15/01/2026,19:51,BIRMINGHAM_MOOR_STREET_DORRIDGE,Class_168,6
15/01/2026,19:18,BIRMINGHAM_MOOR_STREET_DORRIDGE,Class_168,6
15/01/2026,18:26,BIRMINGHAM_MOOR_STREET_DORRIDGE,Class_168,6
15/01/2026,17:43,BIRMINGHAM_MOOR_STREET_DORRIDGE,Class_168,6
15/01/2026,17:21,BIRMINGHAM_MOOR_STREET_DORRIDGE,Class_168,6
15/01/2026,16:48,BIRMINGHAM_MOOR_STREET_DORRIDGE,Class_168,6
15/01/2026,16:11,BIRMINGHAM_MOOR_STREET_DORRIDGE,Class_168,6
15/01/2026,15:33,BIRMINGHAM_MOOR_STREET_DORRIDGE,Class_168,6
15/01/2026,15:07,BIRMINGHAM_MOOR_STREET_DORRIDGE,Class_168,6
15/01/2026,14:51,BIRMINGHAM_MOOR_STREET_DORRIDGE,Class_168,6
15/01/2026,14:13,BIRMINGHAM_MOOR_STREET_DORRIDGE,Class_168,6
15/01/2026,13:50,BIRMINGHAM_MOOR_STREET_DORRIDGE,Class_168,6
15/01/2026,05:04,BIRMINGHAM_MOOR_STREET_DORRIDGE,Class_168,6
15/01/2026,13:19,BIRMINGHAM_MOOR_STREET_DORRIDGE,Class_168,6
15/01/2026,12:15,BIRMINGHAM_MOOR_STREET_DORRIDGE,Class_168,6
15/01/2026,11:21,BIRMINGHAM_MOOR_STREET_DORRIDGE,Class_168,6
15/01/2026,10:51,BIRMINGHAM_MOOR_STREET_DORRIDGE,Class_168,6
15/01/2026,10:21,BIRMINGHAM_MOOR_STREET_DORRIDGE,Class_168,6
15/01/2026,09:33,BIRMINGHAM_MOOR_STREET_DORRIDGE,Class_168,6
15/01/2026,08:55,BIRMINGHAM_MOOR_STREET_DORRIDGE,Class_168,6
15/01/2026,08:17,BIRMINGHAM_MOOR_STREET_DORRIDGE,Class_168,6
15/01/2026,07:50,BIRMINGHAM_MOOR_STREET_DORRIDGE,Class_168,6
15/01/2026,07:26,BIRMINGHAM_MOOR_STREET_DORRIDGE,Class_168,6
15/01/2026,06:54,BIRMINGHAM_MOOR_STREET_DORRIDGE,Class_168,6
15/01/2026,06:09,BIRMINGHAM_MOOR_STREET_DORRIDGE,Class_168,6
15/01/2026,05:48,BIRMINGHAM_MOOR_STREET_DORRIDGE,Class_168,6
15/01/2026,05:32,BIRMINGHAM_MOOR_STREET_DORRIDGE,Class_168,6
15/01/2026,12:41,BIRMINGHAM_MOOR_STREET_DORRIDGE,Class_168,6
15/01/2026,18:32,DORRIDGE_BIRMINGHAM_SNOW_HILL,Class_168,6
15/01/2026,22:28,BIRMINGHAM_MOOR_STREET_DORRIDGE,Class_168,6
15/01/2026,21:05,DORRIDGE_BIRMINGHAM_SNOW_HILL,Class_168,6
15/01/2026,11:56,CROSS_CITY_LINE_A,Class_730,6
15/01/2026,11:20,CROSS_CITY_LINE_A,Class_730,6
15/01/2026,10:43,CROSS_CITY_LINE_A,Class_730,6
15/01/2026,10:16,CROSS_CITY_LINE_A,Class_730,6
15/01/2026,09:20,CROSS_CITY_LINE_A,Class_730,6
15/01/2026,08:46,CROSS_CITY_LINE_A,Class_730,6
15/01/2026,08:07,CROSS_CITY_LINE_A,Class_730,6
15/01/2026,07:48,CROSS_CITY_LINE_A,Class_730,6
15/01/2026,07:10,CROSS_CITY_LINE_A,Class_730,6
15/01/2026,06:32,CROSS_CITY_LINE_A,Class_730,6
15/01/2026,06:08,CROSS_CITY_LINE_A,Class_730,6
15/01/2026,05:47,CROSS_CITY_LINE_A,Class_730,6
15/01/2026,05:30,CROSS_CITY_LINE_A,Class_730,6
15/01/2026,12:36,CROSS_CITY_LINE_A,Class_730,6
15/01/2026,22:08,COVENTRY_STAFFORD,Class_390,11
15/01/2026,19:53,COVENTRY_STAFFORD,Class_390,11
15/01/2026,18:43,COVENTRY_STAFFORD,Class_390,11
15/01/2026,17:34,COVENTRY_STAFFORD,Class_390,11
15/01/2026,16:25,COVENTRY_STAFFORD,Class_390,11
15/01/2026,15:12,COVENTRY_STAFFORD,Class_390,11
15/01/2026,14:36,COVENTRY_STAFFORD,Class_390,11
15/01/2026,13:36,COVENTRY_STAFFORD,Class_390,11
15/01/2026,12:26,COVENTRY_STAFFORD,Class_390,11
15/01/2026,11:08,COVENTRY_STAFFORD,Class_390,11
15/01/2026,09:39,COVENTRY_STAFFORD,Class_390,11
15/01/2026,08:24,COVENTRY_STAFFORD,Class_390,11
15/01/2026,07:34,COVENTRY_STAFFORD,Class_390,11
15/01/2026,06:13,COVENTRY_STAFFORD,Class_390,11
15/01/2026,21:08,COVENTRY_STAFFORD,Class_390,11
15/01/2026,23:04,STAFFORD_COVENTRY,Class_390,11
15/01/2026,12:50,CROSS_CITY_LINE_A,Class_730,6
15/01/2026,14:07,CROSS_CITY_LINE_A,Class_730,6
15/01/2026,20:08,DORRIDGE_BIRMINGHAM_SNOW_HILL,Class_168,6
15/01/2026,09:42,CROSS_CITY_LINE_B,Class_730,6
15/01/2026,08:51,CROSS_CITY_LINE_B,Class_730,6
15/01/2026,08:32,CROSS_CITY_LINE_B,Class_730,6
15/01/2026,07:54,CROSS_CITY_LINE_B,Class_730,6
15/01/2026,07:32,CROSS_CITY_LINE_B,Class_730,6
15/01/2026,06:56,CROSS_CITY_LINE_B,Class_730,6
15/01/2026,06:16,CROSS_CITY_LINE_B,Class_730,6
15/01/2026,05:51,CROSS_CITY_LINE_B,Class_730,6
15/01/2026,05:35,CROSS_CITY_LINE_B,Class_730,6
15/01/2026,23:25,CROSS_CITY_LINE_A,Class_730,6
15/01/2026,23:17,CROSS_CITY_LINE_A,Class_730,6
15/01/2026,22:39,CROSS_CITY_LINE_A,Class_730,6
15/01/2026,13:44,CROSS_CITY_LINE_A,Class_730,6
15/01/2026,22:24,CROSS_CITY_LINE_A,Class_730,6
15/01/2026,21:21,CROSS_CITY_LINE_A,Class_730,6
15/01/2026,20:54,CROSS_CITY_LINE_A,Class_730,6
15/01/2026,20:27,CROSS_CITY_LINE_A,Class_730,6
15/01/2026,19:35,CROSS_CITY_LINE_A,Class_730,6
15/01/2026,19:02,CROSS_CITY_LINE_A,Class_730,6
15/01/2026,18:12,CROSS_CITY_LINE_A,Class_730,6
15/01/2026,17:38,CROSS_CITY_LINE_A,Class_730,6
15/01/2026,17:15,CROSS_CITY_LINE_A,Class_730,6
15/01/2026,16:41,CROSS_CITY_LINE_A,Class_730,6
15/01/2026,16:02,CROSS_CITY_LINE_A,Class_730,6
15/01/2026,15:33,CROSS_CITY_LINE_A,Class_730,6
15/01/2026,15:04,CROSS_CITY_LINE_A,Class_730,6
15/01/2026,14:50,CROSS_CITY_LINE_A,Class_730,6
15/01/2026,21:57,CROSS_CITY_LINE_A,Class_730,6
15/01/2026,22:18,STAFFORD_COVENTRY,Class_390,11
15/01/2026,10:33,CROSS_CITY_LINE_B,Class_730,6
15/01/2026,07:32,BIRMINGHAM_NEW_STREET_RUGBY,Class_390,7
15/01/2026,07:44,RUGBY_BIRMINGHAM_NEW_STREET,Class_390,7
15/01/2026,20:10,BIRMINGHAM_NEW_STREET_RUGBY,Class_390,7
15/01/2026,18:41,BIRMINGHAM_NEW_STREET_RUGBY,Class_390,7
15/01/2026,17:25,BIRMINGHAM_NEW_STREET_RUGBY,Class_390,7
15/01/2026,15:20,BIRMINGHAM_NEW_STREET_RUGBY,Class_390,7
15/01/2026,14:19,BIRMINGHAM_NEW_STREET_RUGBY,Class_390,7
15/01/2026,13:20,BIRMINGHAM_NEW_STREET_RUGBY,Class_390,7
15/01/2026,12:21,BIRMINGHAM_NEW_STREET_RUGBY,Class_390,7
15/01/2026,11:13,BIRMINGHAM_NEW_STREET_RUGBY,Class_390,7
15/01/2026,09:47,BIRMINGHAM_NEW_STREET_RUGBY,Class_390,7
15/01/2026,08:30,BIRMINGHAM_NEW_STREET_RUGBY,Class_390,7
15/01/2026,21:13,STAFFORD_COVENTRY,Class_390,11
15/01/2026,06:25,BIRMINGHAM_NEW_STREET_RUGBY,Class_390,7
15/01/2026,23:05,RUGBY_WOLVERHAMPTON,Class_390,11
15/01/2026,21:07,RUGBY_WOLVERHAMPTON,Class_390,11
15/01/2026,19:51,RUGBY_WOLVERHAMPTON,Class_390,11
15/01/2026,05:54,WOLVERHAMPTON_COVENTRY,Class_390,11
15/01/2026,05:30,WOLVERHAMPTON_COVENTRY,Class_390,11
15/01/2026,05:14,WOLVERHAMPTON_COVENTRY,Class_390,11
15/01/2026,05:07,WOLVERHAMPTON_COVENTRY,Class_390,11
15/01/2026,23:24,DORRIDGE_STOURBRIDGE_JUNCTION,Class_168,6
15/01/2026,21:10,DORRIDGE_STOURBRIDGE_JUNCTION,Class_168,6
15/01/2026,18:22,DORRIDGE_STOURBRIDGE_JUNCTION,Class_168,6
15/01/2026,05:32,STOURBRIDGE_JUNCTION_DORRIDGE,Class_168,6
15/01/2026,23:35,DORRIDGE_BIRMINGHAM_SNOW_HILL,Class_168,6
15/01/2026,22:51,DORRIDGE_BIRMINGHAM_SNOW_HILL,Class_168,6
15/01/2026,22:05,DORRIDGE_BIRMINGHAM_SNOW_HILL,Class_168,6
15/01/2026,08:13,RUGBY_BIRMINGHAM_NEW_STREET,Class_390,7
15/01/2026,09:03,RUGBY_BIRMINGHAM_NEW_STREET,Class_390,7
15/01/2026,16:29,BIRMINGHAM_NEW_STREET_RUGBY,Class_390,7
15/01/2026,10:38,RUGBY_BIRMINGHAM_NEW_STREET,Class_390,7
15/01/2026,19:55,STAFFORD_COVENTRY,Class_390,11
15/01/2026,18:44,STAFFORD_COVENTRY,Class_390,11
15/01/2026,17:31,STAFFORD_COVENTRY,Class_390,11
15/01/2026,16:31,STAFFORD_COVENTRY,Class_390,11
15/01/2026,15:15,STAFFORD_COVENTRY,Class_390,11
15/01/2026,14:36,STAFFORD_COVENTRY,Class_390,11
15/01/2026,13:36,STAFFORD_COVENTRY,Class_390,11
15/01/2026,12:22,STAFFORD_COVENTRY,Class_390,11
15/01/2026,09:24,RUGBY_BIRMINGHAM_NEW_STREET,Class_390,7
15/01/2026,09:36,STAFFORD_COVENTRY,Class_390,11
15/01/2026,08:32,STAFFORD_COVENTRY,Class_390,11
15/01/2026,07:36,STAFFORD_COVENTRY,Class_390,11
15/01/2026,06:25,STAFFORD_COVENTRY,Class_390,11
15/01/2026,18:28,RUGBY_BIRMINGHAM_NEW_STREET,Class_390,7
15/01/2026,11:15,STAFFORD_COVENTRY,Class_390,11
15/01/2026,17:28,RUGBY_BIRMINGHAM_NEW_STREET,Class_390,7
15/01/2026,18:02,RUGBY_BIRMINGHAM_NEW_STREET,Class_390,7
15/01/2026,11:39,RUGBY_BIRMINGHAM_NEW_STREET,Class_390,7
15/01/2026,12:06,RUGBY_BIRMINGHAM_NEW_STREET,Class_390,7
15/01/2026,12:45,RUGBY_BIRMINGHAM_NEW_STREET,Class_390,7
15/01/2026,13:12,RUGBY_BIRMINGHAM_NEW_STREET,Class_390,7
15/01/2026,13:59,RUGBY_BIRMINGHAM_NEW_STREET,Class_390,7
15/01/2026,10:57,RUGBY_BIRMINGHAM_NEW_STREET,Class_390,7
15/01/2026,14:58,RUGBY_BIRMINGHAM_NEW_STREET,Class_390,7
15/01/2026,15:10,RUGBY_BIRMINGHAM_NEW_STREET,Class_390,7
15/01/2026,15:46,RUGBY_BIRMINGHAM_NEW_STREET,Class_390,7
15/01/2026,16:20,RUGBY_BIRMINGHAM_NEW_STREET,Class_390,7
15/01/2026,17:01,RUGBY_BIRMINGHAM_NEW_STREET,Class_390,7
15/01/2026,14:26,RUGBY_BIRMINGHAM_NEW_STREET,Class_390,7
16/01/2026,19:25,FOUR_OAKS_REDDITCH,Class_730,6
16/01/2026,20:02,FOUR_OAKS_REDDITCH,Class_730,6
16/01/2026,20:35,FOUR_OAKS_REDDITCH,Class_730,6
16/01/2026,21:18,FOUR_OAKS_REDDITCH,Class_730,6
16/01/2026,21:45,FOUR_OAKS_REDDITCH,Class_730,6
16/01/2026,22:11,FOUR_OAKS_REDDITCH,Class_730,6
16/01/2026,05:33,RUGELEY_TRENT_VALLEY_BIRMINGHAM_INTERNATIONAL,Class_730,3
16/01/2026,22:55,FOUR_OAKS_REDDITCH,Class_730,6
16/01/2026,23:17,FOUR_OAKS_REDDITCH,Class_730,6
16/01/2026,06:09,RUGELEY_TRENT_VALLEY_BIRMINGHAM_INTERNATIONAL,Class_730,3
16/01/2026,06:41,RUGELEY_TRENT_VALLEY_BIRMINGHAM_INTERNATIONAL,Class_730,3
16/01/2026,07:11,RUGELEY_TRENT_VALLEY_BIRMINGHAM_INTERNATIONAL,Class_730,3
16/01/2026,22:33,FOUR_OAKS_REDDITCH,Class_730,6
16/01/2026,18:47,FOUR_OAKS_REDDITCH,Class_730,6
16/01/2026,08:05,BIRMINGHAM_INTERNATIONAL_RUGELEY_TRENT_VALLEY,Class_730,3
16/01/2026,17:49,FOUR_OAKS_REDDITCH,Class_730,6
16/01/2026,17:19,FOUR_OAKS_REDDITCH,Class_730,6
16/01/2026,16:45,FOUR_OAKS_REDDITCH,Class_730,6
16/01/2026,16:19,FOUR_OAKS_REDDITCH,Class_730,6
16/01/2026,15:43,FOUR_OAKS_REDDITCH,Class_730,6
16/01/2026,15:19,FOUR_OAKS_REDDITCH,Class_730,6
16/01/2026,14:50,FOUR_OAKS_REDDITCH,Class_730,6
16/01/2026,14:13,FOUR_OAKS_REDDITCH,Class_730,6
16/01/2026,13:31,FOUR_OAKS_REDDITCH,Class_730,6
16/01/2026,12:39,FOUR_OAKS_REDDITCH,Class_730,6
16/01/2026,12:05,FOUR_OAKS_REDDITCH,Class_730,6
16/01/2026,11:40,FOUR_OAKS_REDDITCH,Class_730,6
16/01/2026,11:11,FOUR_OAKS_REDDITCH,Class_730,6
16/01/2026,18:17,FOUR_OAKS_REDDITCH,Class_730,6
16/01/2026,07:45,RUGELEY_TRENT_VALLEY_BIRMINGHAM_INTERNATIONAL,Class_730,3
16/01/2026,07:35,BIRMINGHAM_INTERNATIONAL_RUGELEY_TRENT_VALLEY,Class_730,3
16/01/2026,08:42,RUGELEY_TRENT_VALLEY_BIRMINGHAM_INTERNATIONAL,Class_730,3
16/01/2026,10:24,FOUR_OAKS_REDDITCH,Class_730,6
16/01/2026,07:03,BIRMINGHAM_INTERNATIONAL_RUGELEY_TRENT_VALLEY,Class_730,3
16/01/2026,06:45,BIRMINGHAM_INTERNATIONAL_RUGELEY_TRENT_VALLEY,Class_730,3
16/01/2026,06:01,BIRMINGHAM_INTERNATIONAL_RUGELEY_TRENT_VALLEY,Class_730,3
16/01/2026,22:19,RUGELEY_TRENT_VALLEY_BIRMINGHAM_INTERNATIONAL,Class_730,3
16/01/2026,21:42,RUGELEY_TRENT_VALLEY_BIRMINGHAM_INTERNATIONAL,Class_730,3
16/01/2026,21:18,RUGELEY_TRENT_VALLEY_BIRMINGHAM_INTERNATIONAL,Class_730,3
16/01/2026,20:44,RUGELEY_TRENT_VALLEY_BIRMINGHAM_INTERNATIONAL,Class_730,3
16/01/2026,20:12,RUGELEY_TRENT_VALLEY_BIRMINGHAM_INTERNATIONAL,Class_730,3
16/01/2026,19:30,RUGELEY_TRENT_VALLEY_BIRMINGHAM_INTERNATIONAL,Class_730,3
16/01/2026,19:04,RUGELEY_TRENT_VALLEY_BIRMINGHAM_INTERNATIONAL,Class_730,3
16/01/2026,18:24,RUGELEY_TRENT_VALLEY_BIRMINGHAM_INTERNATIONAL,Class_730,3
16/01/2026,17:52,RUGELEY_TRENT_VALLEY_BIRMINGHAM_INTERNATIONAL,Class_730,3
16/01/2026,08:06,RUGELEY_TRENT_VALLEY_BIRMINGHAM_INTERNATIONAL,Class_730,3
16/01/2026,17:22,RUGELEY_TRENT_VALLEY_BIRMINGHAM_INTERNATIONAL,Class_730,3
16/01/2026,16:24,RUGELEY_TRENT_VALLEY_BIRMINGHAM_INTERNATIONAL,Class_730,3
16/01/2026,15:55,RUGELEY_TRENT_VALLEY_BIRMINGHAM_INTERNATIONAL,Class_730,3
16/01/2026,15:26,RUGELEY_TRENT_VALLEY_BIRMINGHAM_INTERNATIONAL,Class_730,3
16/01/2026,14:51,RUGELEY_TRENT_VALLEY_BIRMINGHAM_INTERNATIONAL,Class_730,3
16/01/2026,14:15,RUGELEY_TRENT_VALLEY_BIRMINGHAM_INTERNATIONAL,Class_730,3
16/01/2026,13:56,RUGELEY_TRENT_VALLEY_BIRMINGHAM_INTERNATIONAL,Class_730,3
16/01/2026,13:01,RUGELEY_TRENT_VALLEY_BIRMINGHAM_INTERNATIONAL,Class_730,3
16/01/2026,12:07,RUGELEY_TRENT_VALLEY_BIRMINGHAM_INTERNATIONAL,Class_730,3
16/01/2026,11:44,RUGELEY_TRENT_VALLEY_BIRMINGHAM_INTERNATIONAL,Class_730,3
16/01/2026,11:14,RUGELEY_TRENT_VALLEY_BIRMINGHAM_INTERNATIONAL,Class_730,3
16/01/2026,10:28,RUGELEY_TRENT_VALLEY_BIRMINGHAM_INTERNATIONAL,Class_730,3
16/01/2026,10:04,RUGELEY_TRENT_VALLEY_BIRMINGHAM_INTERNATIONAL,Class_730,3
16/01/2026,09:22,RUGELEY_TRENT_VALLEY_BIRMINGHAM_INTERNATIONAL,Class_730,3
16/01/2026,16:50,RUGELEY_TRENT_VALLEY_BIRMINGHAM_INTERNATIONAL,Class_730,3
16/01/2026,09:51,FOUR_OAKS_REDDITCH,Class_730,6
16/01/2026,12:34,REDDITCH_FOUR_OAKS,Class_730,6
16/01/2026,08:26,FOUR_OAKS_REDDITCH,Class_730,6
16/01/2026,09:36,REDDITCH_FOUR_OAKS,Class_730,6
16/01/2026,09:12,REDDITCH_FOUR_OAKS,Class_730,6
16/01/2026,08:12,REDDITCH_FOUR_OAKS,Class_730,6
16/01/2026,07:53,REDDITCH_FOUR_OAKS,Class_730,6
16/01/2026,07:12,REDDITCH_FOUR_OAKS,Class_730,6
16/01/2026,06:53,REDDITCH_FOUR_OAKS,Class_730,6
16/01/2026,06:17,REDDITCH_FOUR_OAKS,Class_730,6
16/01/2026,05:47,REDDITCH_FOUR_OAKS,Class_730,6
16/01/2026,05:18,REDDITCH_FOUR_OAKS,Class_730,6
16/01/2026,22:41,CROSS_CITY_LINE_B,Class_730,6
16/01/2026,22:15,CROSS_CITY_LINE_B,Class_730,6
16/01/2026,21:46,CROSS_CITY_LINE_B,Class_730,6
16/01/2026,21:25,CROSS_CITY_LINE_B,Class_730,6
16/01/2026,20:44,CROSS_CITY_LINE_B,Class_730,6
16/01/2026,20:03,CROSS_CITY_LINE_B,Class_730,6
16/01/2026,19:33,CROSS_CITY_LINE_B,Class_730,6
16/01/2026,19:04,CROSS_CITY_LINE_B,Class_730,6
16/01/2026,18:17,CROSS_CITY_LINE_B,Class_730,6
16/01/2026,17:50,CROSS_CITY_LINE_B,Class_730,6
16/01/2026,17:29,CROSS_CITY_LINE_B,Class_730,6
16/01/2026,16:48,CROSS_CITY_LINE_B,Class_730,6
16/01/2026,16:28,CROSS_CITY_LINE_B,Class_730,6
16/01/2026,15:56,CROSS_CITY_LINE_B,Class_730,6
16/01/2026,15:27,CROSS_CITY_LINE_B,Class_730,6
16/01/2026,15:05,CROSS_CITY_LINE_B,Class_730,6
16/01/2026,14:27,CROSS_CITY_LINE_B,Class_730,6
16/01/2026,13:38,CROSS_CITY_LINE_B,Class_730,6
16/01/2026,10:16,REDDITCH_FOUR_OAKS,Class_730,6
16/01/2026,10:47,REDDITCH_FOUR_OAKS,Class_730,6
16/01/2026,11:37,REDDITCH_FOUR_OAKS,Class_730,6
16/01/2026,11:47,REDDITCH_FOUR_OAKS,Class_730,6
16/01/2026,08:00,FOUR_OAKS_REDDITCH,Class_730,6
16/01/2026,07:25,FOUR_OAKS_REDDITCH,Class_730,6
16/01/2026,07:01,FOUR_OAKS_REDDITCH,Class_730,6
16/01/2026,06:27,FOUR_OAKS_REDDITCH,Class_730,6
16/01/2026,05:52,FOUR_OAKS_REDDITCH,Class_730,6
16/01/2026,05:33,FOUR_OAKS_REDDITCH,Class_730,6
16/01/2026,05:06,FOUR_OAKS_REDDITCH,Class_730,6
16/01/2026,23:24,REDDITCH_FOUR_OAKS,Class_730,6
16/01/2026,23:11,REDDITCH_FOUR_OAKS,Class_730,6
16/01/2026,22:47,REDDITCH_FOUR_OAKS,Class_730,6
16/01/2026,22:26,REDDITCH_FOUR_OAKS,Class_730,6
16/01/2026,22:02,REDDITCH_FOUR_OAKS,Class_730,6
16/01/2026,21:30,REDDITCH_FOUR_OAKS,Class_730,6
16/01/2026,09:21,FOUR_OAKS_REDDITCH,Class_730,6
16/01/2026,20:53,REDDITCH_FOUR_OAKS,Class_730,6
16/01/2026,19:49,REDDITCH_FOUR_OAKS,Class_730,6
16/01/2026,19:13,REDDITCH_FOUR_OAKS,Class_730,6
16/01/2026,18:31,REDDITCH_FOUR_OAKS,Class_730,6
16/01/2026,18:06,REDDITCH_FOUR_OAKS,Class_730,6
16/01/2026,17:34,REDDITCH_FOUR_OAKS,Class_730,6
16/01/2026,17:13,REDDITCH_FOUR_OAKS,Class_730,6
16/01/2026,16:36,REDDITCH_FOUR_OAKS,Class_730,6
16/01/2026,16:06,REDDITCH_FOUR_OAKS,Class_730,6
16/01/2026,15:30,REDDITCH_FOUR_OAKS,Class_730,6
16/01/2026,15:10,REDDITCH_FOUR_OAKS,Class_730,6
16/01/2026,14:31,REDDITCH_FOUR_OAKS,Class_730,6
16/01/2026,14:05,REDDITCH_FOUR_OAKS,Class_730,6
16/01/2026,13:02,REDDITCH_FOUR_OAKS,Class_730,6
16/01/2026,20:25,REDDITCH_FOUR_OAKS,Class_730,6
16/01/2026,08:50,BIRMINGHAM_INTERNATIONAL_RUGELEY_TRENT_VALLEY,Class_730,3
16/01/2026,12:59,CROSS_CITY_LINE_B,Class_730,6
16/01/2026,10:09,BIRMINGHAM_INTERNATIONAL_RUGELEY_TRENT_VALLEY,Class_730,3
16/01/2026,05:45,WALSALL_WOLVERHAMPTON,Class_731,3
16/01/2026,05:12,WALSALL_WOLVERHAMPTON,Class_730,3
16/01/2026,23:07,WOLVERHAMPTON_WALSALL,Class_730,3
16/01/2026,22:51,WOLVERHAMPTON_WALSALL,Class_730,3
16/01/2026,22:25,WOLVERHAMPTON_WALSALL,Class_730,3
16/01/2026,21:58,WOLVERHAMPTON_WALSALL,Class_730,3
16/01/2026,21:31,WOLVERHAMPTON_WALSALL,Class_730,3
16/01/2026,20:50,WOLVERHAMPTON_WALSALL,Class_730,3
16/01/2026,20:18,WOLVERHAMPTON_WALSALL,Class_730,3
16/01/2026,19:51,WOLVERHAMPTON_WALSALL,Class_730,3
16/01/2026,19:15,WOLVERHAMPTON_WALSALL,Class_730,3
16/01/2026,18:32,WOLVERHAMPTON_WALSALL,Class_730,3
16/01/2026,18:02,WOLVERHAMPTON_WALSALL,Class_730,3
16/01/2026,17:30,WOLVERHAMPTON_WALSALL,Class_730,3
16/01/2026,17:12,WOLVERHAMPTON_WALSALL,Class_730,3
16/01/2026,16:39,WOLVERHAMPTON_WALSALL,Class_730,3
16/01/2026,16:04,WOLVERHAMPTON_WALSALL,Class_730,3
16/01/2026,15:31,WOLVERHAMPTON_WALSALL,Class_730,3
16/01/2026,15:10,WOLVERHAMPTON_WALSALL,Class_730,3
16/01/2026,14:28,WOLVERHAMPTON_WALSALL,Class_730,3
16/01/2026,13:58,WOLVERHAMPTON_WALSALL,Class_730,3
16/01/2026,13:14,WOLVERHAMPTON_WALSALL,Class_730,3
16/01/2026,12:35,WOLVERHAMPTON_WALSALL,Class_730,3
16/01/2026,11:49,WOLVERHAMPTON_WALSALL,Class_730,3
16/01/2026,11:26,WOLVERHAMPTON_WALSALL,Class_730,3
16/01/2026,10:39,WOLVERHAMPTON_WALSALL,Class_730,3
16/01/2026,10:16,WOLVERHAMPTON_WALSALL,Class_730,3
16/01/2026,06:11,WALSALL_WOLVERHAMPTON,Class_732,3
16/01/2026,06:51,WALSALL_WOLVERHAMPTON,Class_733,3
16/01/2026,07:19,WALSALL_WOLVERHAMPTON,Class_734,3
16/01/2026,07:51,WALSALL_WOLVERHAMPTON,Class_735,3
16/01/2026,23:06,WALSALL_WOLVERHAMPTON,Class_763,3
16/01/2026,22:45,WALSALL_WOLVERHAMPTON,Class_762,3
16/01/2026,22:26,WALSALL_WOLVERHAMPTON,Class_761,3
16/01/2026,21:56,WALSALL_WOLVERHAMPTON,Class_760,3
16/01/2026,21:33,WALSALL_WOLVERHAMPTON,Class_759,3
16/01/2026,20:52,WALSALL_WOLVERHAMPTON,Class_758,3
16/01/2026,20:21,WALSALL_WOLVERHAMPTON,Class_757,3
16/01/2026,19:50,WALSALL_WOLVERHAMPTON,Class_756,3
16/01/2026,19:23,WALSALL_WOLVERHAMPTON,Class_755,3
16/01/2026,18:34,WALSALL_WOLVERHAMPTON,Class_754,3
16/01/2026,18:04,WALSALL_WOLVERHAMPTON,Class_753,3
16/01/2026,17:30,WALSALL_WOLVERHAMPTON,Class_752,3
16/01/2026,17:13,WALSALL_WOLVERHAMPTON,Class_751,3
16/01/2026,09:38,WOLVERHAMPTON_WALSALL,Class_730,3
16/01/2026,16:30,WALSALL_WOLVERHAMPTON,Class_750,3
16/01/2026,15:31,WALSALL_WOLVERHAMPTON,Class_748,3
16/01/2026,15:12,WALSALL_WOLVERHAMPTON,Class_747,3
16/01/2026,14:32,WALSALL_WOLVERHAMPTON,Class_746,3
16/01/2026,13:59,WALSALL_WOLVERHAMPTON,Class_745,3
16/01/2026,13:02,WALSALL_WOLVERHAMPTON,Class_744,3
16/01/2026,12:34,WALSALL_WOLVERHAMPTON,Class_743,3
16/01/2026,11:52,WALSALL_WOLVERHAMPTON,Class_742,3
16/01/2026,11:35,WALSALL_WOLVERHAMPTON,Class_741,3
16/01/2026,10:43,WALSALL_WOLVERHAMPTON,Class_740,3
16/01/2026,10:17,WALSALL_WOLVERHAMPTON,Class_739,3
16/01/2026,09:35,WALSALL_WOLVERHAMPTON,Class_738,3
16/01/2026,09:05,WALSALL_WOLVERHAMPTON,Class_737,3
16/01/2026,08:15,WALSALL_WOLVERHAMPTON,Class_736,3
16/01/2026,16:06,WALSALL_WOLVERHAMPTON,Class_749,3
16/01/2026,09:10,WOLVERHAMPTON_WALSALL,Class_730,3
16/01/2026,08:12,WOLVERHAMPTON_WALSALL,Class_730,3
16/01/2026,07:54,WOLVERHAMPTON_WALSALL,Class_730,3
16/01/2026,10:25,NORTHAMPTON_BIRMINGHAM_NEW_STREET,Class_350,5
16/01/2026,09:23,NORTHAMPTON_BIRMINGHAM_NEW_STREET,Class_350,5
16/01/2026,08:03,NORTHAMPTON_BIRMINGHAM_NEW_STREET,Class_350,5
16/01/2026,07:08,NORTHAMPTON_BIRMINGHAM_NEW_STREET,Class_350,5
16/01/2026,05:55,NORTHAMPTON_BIRMINGHAM_NEW_STREET,Class_350,5
16/01/2026,05:10,NORTHAMPTON_BIRMINGHAM_NEW_STREET,Class_350,5
16/01/2026,22:20,BIRMINGHAM_INTERNATIONAL_RUGELEY_TRENT_VALLEY,Class_730,3
16/01/2026,21:42,BIRMINGHAM_INTERNATIONAL_RUGELEY_TRENT_VALLEY,Class_730,3
16/01/2026,21:27,BIRMINGHAM_INTERNATIONAL_RUGELEY_TRENT_VALLEY,Class_730,3
16/01/2026,20:47,BIRMINGHAM_INTERNATIONAL_RUGELEY_TRENT_VALLEY,Class_730,3
16/01/2026,20:13,BIRMINGHAM_INTERNATIONAL_RUGELEY_TRENT_VALLEY,Class_730,3
16/01/2026,19:33,BIRMINGHAM_INTERNATIONAL_RUGELEY_TRENT_VALLEY,Class_730,3
16/01/2026,19:04,BIRMINGHAM_INTERNATIONAL_RUGELEY_TRENT_VALLEY,Class_730,3
16/01/2026,11:43,NORTHAMPTON_BIRMINGHAM_NEW_STREET,Class_350,5
16/01/2026,18:11,BIRMINGHAM_INTERNATIONAL_RUGELEY_TRENT_VALLEY,Class_730,3
16/01/2026,17:26,BIRMINGHAM_INTERNATIONAL_RUGELEY_TRENT_VALLEY,Class_730,3
16/01/2026,17:04,BIRMINGHAM_INTERNATIONAL_RUGELEY_TRENT_VALLEY,Class_730,3
16/01/2026,16:23,BIRMINGHAM_INTERNATIONAL_RUGELEY_TRENT_VALLEY,Class_730,3
16/01/2026,15:59,BIRMINGHAM_INTERNATIONAL_RUGELEY_TRENT_VALLEY,Class_730,3
16/01/2026,15:25,BIRMINGHAM_INTERNATIONAL_RUGELEY_TRENT_VALLEY,Class_730,3
16/01/2026,15:06,BIRMINGHAM_INTERNATIONAL_RUGELEY_TRENT_VALLEY,Class_730,3
16/01/2026,14:26,BIRMINGHAM_INTERNATIONAL_RUGELEY_TRENT_VALLEY,Class_730,3
16/01/2026,13:58,BIRMINGHAM_INTERNATIONAL_RUGELEY_TRENT_VALLEY,Class_730,3
16/01/2026,12:52,BIRMINGHAM_INTERNATIONAL_RUGELEY_TRENT_VALLEY,Class_730,3
16/01/2026,12:28,BIRMINGHAM_INTERNATIONAL_RUGELEY_TRENT_VALLEY,Class_730,3
16/01/2026,11:43,BIRMINGHAM_INTERNATIONAL_RUGELEY_TRENT_VALLEY,Class_730,3
16/01/2026,11:24,BIRMINGHAM_INTERNATIONAL_RUGELEY_TRENT_VALLEY,Class_730,3
16/01/2026,10:33,BIRMINGHAM_INTERNATIONAL_RUGELEY_TRENT_VALLEY,Class_730,3
16/01/2026,18:01,BIRMINGHAM_INTERNATIONAL_RUGELEY_TRENT_VALLEY,Class_730,3
16/01/2026,09:28,BIRMINGHAM_INTERNATIONAL_RUGELEY_TRENT_VALLEY,Class_730,3
16/01/2026,12:47,NORTHAMPTON_BIRMINGHAM_NEW_STREET,Class_350,5
16/01/2026,15:29,NORTHAMPTON_BIRMINGHAM_NEW_STREET,Class_350,5
16/01/2026,07:17,WOLVERHAMPTON_WALSALL,Class_730,3
16/01/2026,06:52,WOLVERHAMPTON_WALSALL,Class_730,3
16/01/2026,06:11,WOLVERHAMPTON_WALSALL,Class_730,3
16/01/2026,05:45,WOLVERHAMPTON_WALSALL,Class_730,3
16/01/2026,05:19,WOLVERHAMPTON_WALSALL,Class_730,3
16/01/2026,23:11,BIRMINGHAM_NEW_STREET_NORTHAMPTON,Class_350,8
16/01/2026,22:27,BIRMINGHAM_NEW_STREET_NORTHAMPTON,Class_350,8
16/01/2026,21:34,BIRMINGHAM_NEW_STREET_NORTHAMPTON,Class_350,8
16/01/2026,20:34,BIRMINGHAM_NEW_STREET_NORTHAMPTON,Class_350,8
16/01/2026,19:24,BIRMINGHAM_NEW_STREET_NORTHAMPTON,Class_350,8
16/01/2026,18:08,BIRMINGHAM_NEW_STREET_NORTHAMPTON,Class_350,8
16/01/2026,17:15,BIRMINGHAM_NEW_STREET_NORTHAMPTON,Class_350,8
16/01/2026,16:07,BIRMINGHAM_NEW_STREET_NORTHAMPTON,Class_350,8
16/01/2026,14:21,NORTHAMPTON_BIRMINGHAM_NEW_STREET,Class_350,5
16/01/2026,15:13,BIRMINGHAM_NEW_STREET_NORTHAMPTON,Class_350,8
16/01/2026,12:36,BIRMINGHAM_NEW_STREET_NORTHAMPTON,Class_350,8
16/01/2026,11:37,BIRMINGHAM_NEW_STREET_NORTHAMPTON,Class_350,8
16/01/2026,10:17,BIRMINGHAM_NEW_STREET_NORTHAMPTON,Class_350,8
16/01/2026,09:13,BIRMINGHAM_NEW_STREET_NORTHAMPTON,Class_350,8
16/01/2026,08:00,BIRMINGHAM_NEW_STREET_NORTHAMPTON,Class_350,8
16/01/2026,06:57,BIRMINGHAM_NEW_STREET_NORTHAMPTON,Class_350,8
16/01/2026,22:45,NORTHAMPTON_BIRMINGHAM_NEW_STREET,Class_350,5
16/01/2026,21:53,NORTHAMPTON_BIRMINGHAM_NEW_STREET,Class_350,5
16/01/2026,20:49,NORTHAMPTON_BIRMINGHAM_NEW_STREET,Class_350,5
16/01/2026,19:27,NORTHAMPTON_BIRMINGHAM_NEW_STREET,Class_350,5
16/01/2026,18:21,NORTHAMPTON_BIRMINGHAM_NEW_STREET,Class_350,5
16/01/2026,17:27,NORTHAMPTON_BIRMINGHAM_NEW_STREET,Class_350,5
16/01/2026,16:23,NORTHAMPTON_BIRMINGHAM_NEW_STREET,Class_350,5
16/01/2026,14:07,BIRMINGHAM_NEW_STREET_NORTHAMPTON,Class_350,8
16/01/2026,12:05,CROSS_CITY_LINE_B,Class_730,6
16/01/2026,11:44,CROSS_CITY_LINE_B,Class_730,6
16/01/2026,11:16,CROSS_CITY_LINE_B,Class_730,6
16/01/2026,19:26,DORRIDGE_BIRMINGHAM_MOOR_STREET,Class_168,6
16/01/2026,18:55,DORRIDGE_BIRMINGHAM_MOOR_STREET,Class_168,6
16/01/2026,18:11,DORRIDGE_BIRMINGHAM_MOOR_STREET,Class_168,6
16/01/2026,17:49,DORRIDGE_BIRMINGHAM_MOOR_STREET,Class_168,6
16/01/2026,17:20,DORRIDGE_BIRMINGHAM_MOOR_STREET,Class_168,6
16/01/2026,16:44,DORRIDGE_BIRMINGHAM_MOOR_STREET,Class_168,6
16/01/2026,16:16,DORRIDGE_BIRMINGHAM_MOOR_STREET,Class_168,6
16/01/2026,15:49,DORRIDGE_BIRMINGHAM_MOOR_STREET,Class_168,6
16/01/2026,15:23,DORRIDGE_BIRMINGHAM_MOOR_STREET,Class_168,6
16/01/2026,14:55,DORRIDGE_BIRMINGHAM_MOOR_STREET,Class_168,6
16/01/2026,14:24,DORRIDGE_BIRMINGHAM_MOOR_STREET,Class_168,6
16/01/2026,13:33,DORRIDGE_BIRMINGHAM_MOOR_STREET,Class_168,6
16/01/2026,12:52,DORRIDGE_BIRMINGHAM_MOOR_STREET,Class_168,6
16/01/2026,12:10,DORRIDGE_BIRMINGHAM_MOOR_STREET,Class_168,6
16/01/2026,11:43,DORRIDGE_BIRMINGHAM_MOOR_STREET,Class_168,6
16/01/2026,11:05,DORRIDGE_BIRMINGHAM_MOOR_STREET,Class_168,6
16/01/2026,10:23,DORRIDGE_BIRMINGHAM_MOOR_STREET,Class_168,6
16/01/2026,09:54,DORRIDGE_BIRMINGHAM_MOOR_STREET,Class_168,6
16/01/2026,09:28,DORRIDGE_BIRMINGHAM_MOOR_STREET,Class_168,6
16/01/2026,08:38,DORRIDGE_BIRMINGHAM_MOOR_STREET,Class_168,6
16/01/2026,08:02,DORRIDGE_BIRMINGHAM_MOOR_STREET,Class_168,6
16/01/2026,07:30,DORRIDGE_BIRMINGHAM_MOOR_STREET,Class_168,6
16/01/2026,07:04,DORRIDGE_BIRMINGHAM_MOOR_STREET,Class_168,6
16/01/2026,06:27,DORRIDGE_BIRMINGHAM_MOOR_STREET,Class_168,6
16/01/2026,05:51,DORRIDGE_BIRMINGHAM_MOOR_STREET,Class_168,6
16/01/2026,23:32,BIRMINGHAM_MOOR_STREET_DORRIDGE,Class_168,6
16/01/2026,23:18,BIRMINGHAM_MOOR_STREET_DORRIDGE,Class_168,6
16/01/2026,20:01,DORRIDGE_BIRMINGHAM_MOOR_STREET,Class_168,6
16/01/2026,20:41,DORRIDGE_BIRMINGHAM_MOOR_STREET,Class_168,6
16/01/2026,21:07,DORRIDGE_BIRMINGHAM_MOOR_STREET,Class_168,6
16/01/2026,21:42,DORRIDGE_BIRMINGHAM_MOOR_STREET,Class_168,6
16/01/2026,17:02,DORRIDGE_BIRMINGHAM_SNOW_HILL,Class_168,6
16/01/2026,15:56,DORRIDGE_BIRMINGHAM_SNOW_HILL,Class_168,6
16/01/2026,14:58,DORRIDGE_BIRMINGHAM_SNOW_HILL,Class_168,6
16/01/2026,13:30,DORRIDGE_BIRMINGHAM_SNOW_HILL,Class_168,6
16/01/2026,12:18,DORRIDGE_BIRMINGHAM_SNOW_HILL,Class_168,6
16/01/2026,11:24,DORRIDGE_BIRMINGHAM_SNOW_HILL,Class_168,6
16/01/2026,10:12,DORRIDGE_BIRMINGHAM_SNOW_HILL,Class_168,6
16/01/2026,08:40,DORRIDGE_BIRMINGHAM_SNOW_HILL,Class_168,6
16/01/2026,23:30,BIRMINGHAM_SNOW_HILL_DORRIDGE,Class_168,6
16/01/2026,22:58,BIRMINGHAM_SNOW_HILL_DORRIDGE,Class_168,6
16/01/2026,22:05,BIRMINGHAM_SNOW_HILL_DORRIDGE,Class_168,6
16/01/2026,21:02,BIRMINGHAM_SNOW_HILL_DORRIDGE,Class_168,6
16/01/2026,19:57,BIRMINGHAM_SNOW_HILL_DORRIDGE,Class_168,6
16/01/2026,22:39,BIRMINGHAM_MOOR_STREET_DORRIDGE,Class_168,6
16/01/2026,18:41,BIRMINGHAM_SNOW_HILL_DORRIDGE,Class_168,6
16/01/2026,16:43,BIRMINGHAM_SNOW_HILL_DORRIDGE,Class_168,6
16/01/2026,15:41,BIRMINGHAM_SNOW_HILL_DORRIDGE,Class_168,6
16/01/2026,14:44,BIRMINGHAM_SNOW_HILL_DORRIDGE,Class_168,6
16/01/2026,13:26,BIRMINGHAM_SNOW_HILL_DORRIDGE,Class_168,6
16/01/2026,11:57,BIRMINGHAM_SNOW_HILL_DORRIDGE,Class_168,6
16/01/2026,10:56,BIRMINGHAM_SNOW_HILL_DORRIDGE,Class_168,6
16/01/2026,09:42,BIRMINGHAM_SNOW_HILL_DORRIDGE,Class_168,6
16/01/2026,08:26,BIRMINGHAM_SNOW_HILL_DORRIDGE,Class_168,6
16/01/2026,23:33,DORRIDGE_BIRMINGHAM_MOOR_STREET,Class_168,6
16/01/2026,23:18,DORRIDGE_BIRMINGHAM_MOOR_STREET,Class_168,6
16/01/2026,23:01,DORRIDGE_BIRMINGHAM_MOOR_STREET,Class_168,6
16/01/2026,22:41,DORRIDGE_BIRMINGHAM_MOOR_STREET,Class_168,6
16/01/2026,22:08,DORRIDGE_BIRMINGHAM_MOOR_STREET,Class_168,6
16/01/2026,17:40,BIRMINGHAM_SNOW_HILL_DORRIDGE,Class_168,6
16/01/2026,17:57,DORRIDGE_BIRMINGHAM_SNOW_HILL,Class_168,6
16/01/2026,22:08,BIRMINGHAM_MOOR_STREET_DORRIDGE,Class_168,6
16/01/2026,21:16,BIRMINGHAM_MOOR_STREET_DORRIDGE,Class_168,6
16/01/2026,21:03,WOLVERHAMPTON_BIRMINGHAM_INTERNATIONAL,Class_158,2
16/01/2026,19:57,WOLVERHAMPTON_BIRMINGHAM_INTERNATIONAL,Class_158,2
16/01/2026,18:40,WOLVERHAMPTON_BIRMINGHAM_INTERNATIONAL,Class_158,2
16/01/2026,17:41,WOLVERHAMPTON_BIRMINGHAM_INTERNATIONAL,Class_158,2
16/01/2026,16:43,WOLVERHAMPTON_BIRMINGHAM_INTERNATIONAL,Class_158,2
16/01/2026,15:39,WOLVERHAMPTON_BIRMINGHAM_INTERNATIONAL,Class_158,2
16/01/2026,14:39,WOLVERHAMPTON_BIRMINGHAM_INTERNATIONAL,Class_158,2
16/01/2026,13:24,WOLVERHAMPTON_BIRMINGHAM_INTERNATIONAL,Class_158,2
16/01/2026,11:52,WOLVERHAMPTON_BIRMINGHAM_INTERNATIONAL,Class_158,2
16/01/2026,10:54,WOLVERHAMPTON_BIRMINGHAM_INTERNATIONAL,Class_158,2
16/01/2026,09:46,WOLVERHAMPTON_BIRMINGHAM_INTERNATIONAL,Class_158,2
16/01/2026,07:22,WOLVERHAMPTON_BIRMINGHAM_INTERNATIONAL,Class_158,2
16/01/2026,06:25,WOLVERHAMPTON_BIRMINGHAM_INTERNATIONAL,Class_158,2
16/01/2026,05:17,WOLVERHAMPTON_BIRMINGHAM_INTERNATIONAL,Class_158,2
16/01/2026,19:54,BIRMINGHAM_INTERNATIONA_WOLVERHAMPTON,Class_158,2
16/01/2026,18:45,BIRMINGHAM_INTERNATIONA_WOLVERHAMPTON,Class_158,2
16/01/2026,17:47,BIRMINGHAM_INTERNATIONA_WOLVERHAMPTON,Class_158,2
16/01/2026,16:41,BIRMINGHAM_INTERNATIONA_WOLVERHAMPTON,Class_158,2
16/01/2026,15:31,BIRMINGHAM_INTERNATIONA_WOLVERHAMPTON,Class_158,2
16/01/2026,14:37,BIRMINGHAM_INTERNATIONA_WOLVERHAMPTON,Class_158,2
16/01/2026,13:21,BIRMINGHAM_INTERNATIONA_WOLVERHAMPTON,Class_158,2
16/01/2026,11:53,BIRMINGHAM_INTERNATIONA_WOLVERHAMPTON,Class_158,2
16/01/2026,10:51,BIRMINGHAM_INTERNATIONA_WOLVERHAMPTON,Class_158,2
16/01/2026,09:40,BIRMINGHAM_INTERNATIONA_WOLVERHAMPTON,Class_158,2
16/01/2026,08:23,BIRMINGHAM_INTERNATIONA_WOLVERHAMPTON,Class_158,2
16/01/2026,07:21,BIRMINGHAM_INTERNATIONA_WOLVERHAMPTON,Class_158,2
16/01/2026,06:25,BIRMINGHAM_INTERNATIONA_WOLVERHAMPTON,Class_158,2
16/01/2026,22:04,WOLVERHAMPTON_BIRMINGHAM_INTERNATIONAL,Class_158,2
16/01/2026,22:54,WOLVERHAMPTON_BIRMINGHAM_INTERNATIONAL,Class_158,2
16/01/2026,05:01,BIRMINGHAM_MOOR_STREET_DORRIDGE,Class_168,6
16/01/2026,05:08,BIRMINGHAM_MOOR_STREET_DORRIDGE,Class_168,6
16/01/2026,20:38,BIRMINGHAM_MOOR_STREET_DORRIDGE,Class_168,6
16/01/2026,20:03,BIRMINGHAM_MOOR_STREET_DORRIDGE,Class_168,6
16/01/2026,19:27,BIRMINGHAM_MOOR_STREET_DORRIDGE,Class_168,6
16/01/2026,18:47,BIRMINGHAM_MOOR_STREET_DORRIDGE,Class_168,6
16/01/2026,18:16,BIRMINGHAM_MOOR_STREET_DORRIDGE,Class_168,6
16/01/2026,17:50,BIRMINGHAM_MOOR_STREET_DORRIDGE,Class_168,6
16/01/2026,17:19,BIRMINGHAM_MOOR_STREET_DORRIDGE,Class_168,6
16/01/2026,16:43,BIRMINGHAM_MOOR_STREET_DORRIDGE,Class_168,6
16/01/2026,16:15,BIRMINGHAM_MOOR_STREET_DORRIDGE,Class_168,6
16/01/2026,15:42,BIRMINGHAM_MOOR_STREET_DORRIDGE,Class_168,6
16/01/2026,15:22,BIRMINGHAM_MOOR_STREET_DORRIDGE,Class_168,6
16/01/2026,14:45,BIRMINGHAM_MOOR_STREET_DORRIDGE,Class_168,6
16/01/2026,14:13,BIRMINGHAM_MOOR_STREET_DORRIDGE,Class_168,6
16/01/2026,21:49,BIRMINGHAM_MOOR_STREET_DORRIDGE,Class_168,6
16/01/2026,13:26,BIRMINGHAM_MOOR_STREET_DORRIDGE,Class_168,6
16/01/2026,12:01,BIRMINGHAM_MOOR_STREET_DORRIDGE,Class_168,6
16/01/2026,11:42,BIRMINGHAM_MOOR_STREET_DORRIDGE,Class_168,6
16/01/2026,11:03,BIRMINGHAM_MOOR_STREET_DORRIDGE,Class_168,6
16/01/2026,10:21,BIRMINGHAM_MOOR_STREET_DORRIDGE,Class_168,6
16/01/2026,09:50,BIRMINGHAM_MOOR_STREET_DORRIDGE,Class_168,6
16/01/2026,09:21,BIRMINGHAM_MOOR_STREET_DORRIDGE,Class_168,6
16/01/2026,08:28,BIRMINGHAM_MOOR_STREET_DORRIDGE,Class_168,6
16/01/2026,08:03,BIRMINGHAM_MOOR_STREET_DORRIDGE,Class_168,6
16/01/2026,07:32,BIRMINGHAM_MOOR_STREET_DORRIDGE,Class_168,6
16/01/2026,07:03,BIRMINGHAM_MOOR_STREET_DORRIDGE,Class_168,6
16/01/2026,06:38,BIRMINGHAM_MOOR_STREET_DORRIDGE,Class_168,6
16/01/2026,05:53,BIRMINGHAM_MOOR_STREET_DORRIDGE,Class_168,6
16/01/2026,05:33,BIRMINGHAM_MOOR_STREET_DORRIDGE,Class_168,6
16/01/2026,12:41,BIRMINGHAM_MOOR_STREET_DORRIDGE,Class_168,6
16/01/2026,18:57,DORRIDGE_BIRMINGHAM_SNOW_HILL,Class_168,6
16/01/2026,23:00,BIRMINGHAM_MOOR_STREET_DORRIDGE,Class_168,6
16/01/2026,21:12,DORRIDGE_BIRMINGHAM_SNOW_HILL,Class_168,6
16/01/2026,11:55,CROSS_CITY_LINE_A,Class_730,6
16/01/2026,11:39,CROSS_CITY_LINE_A,Class_730,6
16/01/2026,10:58,CROSS_CITY_LINE_A,Class_730,6
16/01/2026,10:19,CROSS_CITY_LINE_A,Class_730,6
16/01/2026,09:43,CROSS_CITY_LINE_A,Class_730,6
16/01/2026,09:17,CROSS_CITY_LINE_A,Class_730,6
16/01/2026,08:21,CROSS_CITY_LINE_A,Class_730,6
16/01/2026,07:57,CROSS_CITY_LINE_A,Class_730,6
16/01/2026,07:23,CROSS_CITY_LINE_A,Class_730,6
16/01/2026,06:54,CROSS_CITY_LINE_A,Class_730,6
16/01/2026,06:21,CROSS_CITY_LINE_A,Class_730,6
16/01/2026,05:48,CROSS_CITY_LINE_A,Class_730,6
16/01/2026,05:23,CROSS_CITY_LINE_A,Class_730,6
16/01/2026,12:38,CROSS_CITY_LINE_A,Class_730,6
16/01/2026,22:21,COVENTRY_STAFFORD,Class_390,11
16/01/2026,20:05,COVENTRY_STAFFORD,Class_390,11
16/01/2026,19:05,COVENTRY_STAFFORD,Class_390,11
16/01/2026,18:01,COVENTRY_STAFFORD,Class_390,11
16/01/2026,16:56,COVENTRY_STAFFORD,Class_390,11
16/01/2026,16:02,COVENTRY_STAFFORD,Class_390,11
16/01/2026,14:58,COVENTRY_STAFFORD,Class_390,11
16/01/2026,13:50,COVENTRY_STAFFORD,Class_390,11
16/01/2026,12:31,COVENTRY_STAFFORD,Class_390,11
16/01/2026,11:19,COVENTRY_STAFFORD,Class_390,11
16/01/2026,10:04,COVENTRY_STAFFORD,Class_390,11
16/01/2026,08:53,COVENTRY_STAFFORD,Class_390,11
16/01/2026,07:42,COVENTRY_STAFFORD,Class_390,11
16/01/2026,06:49,COVENTRY_STAFFORD,Class_390,11
16/01/2026,21:29,COVENTRY_STAFFORD,Class_390,11
16/01/2026,23:02,STAFFORD_COVENTRY,Class_390,11
16/01/2026,13:17,CROSS_CITY_LINE_A,Class_730,6
16/01/2026,14:36,CROSS_CITY_LINE_A,Class_730,6
16/01/2026,20:04,DORRIDGE_BIRMINGHAM_SNOW_HILL,Class_168,6
16/01/2026,09:58,CROSS_CITY_LINE_B,Class_730,6
16/01/2026,09:33,CROSS_CITY_LINE_B,Class_730,6
16/01/2026,08:50,CROSS_CITY_LINE_B,Class_730,6
16/01/2026,08:06,CROSS_CITY_LINE_B,Class_730,6
16/01/2026,07:43,CROSS_CITY_LINE_B,Class_730,6
16/01/2026,07:09,CROSS_CITY_LINE_B,Class_730,6
16/01/2026,06:49,CROSS_CITY_LINE_B,Class_730,6
16/01/2026,06:01,CROSS_CITY_LINE_B,Class_730,6
16/01/2026,05:35,CROSS_CITY_LINE_B,Class_730,6
16/01/2026,23:27,CROSS_CITY_LINE_A,Class_730,6
16/01/2026,23:14,CROSS_CITY_LINE_A,Class_730,6
16/01/2026,22:52,CROSS_CITY_LINE_A,Class_730,6
16/01/2026,14:12,CROSS_CITY_LINE_A,Class_730,6
16/01/2026,22:31,CROSS_CITY_LINE_A,Class_730,6
16/01/2026,21:42,CROSS_CITY_LINE_A,Class_730,6
16/01/2026,20:56,CROSS_CITY_LINE_A,Class_730,6
16/01/2026,20:34,CROSS_CITY_LINE_A,Class_730,6
16/01/2026,19:59,CROSS_CITY_LINE_A,Class_730,6
16/01/2026,19:25,CROSS_CITY_LINE_A,Class_730,6
16/01/2026,18:46,CROSS_CITY_LINE_A,Class_730,6
16/01/2026,18:08,CROSS_CITY_LINE_A,Class_730,6
16/01/2026,17:36,CROSS_CITY_LINE_A,Class_730,6
16/01/2026,17:18,CROSS_CITY_LINE_A,Class_730,6
16/01/2026,16:42,CROSS_CITY_LINE_A,Class_730,6
16/01/2026,16:14,CROSS_CITY_LINE_A,Class_730,6
16/01/2026,15:39,CROSS_CITY_LINE_A,Class_730,6
16/01/2026,15:13,CROSS_CITY_LINE_A,Class_730,6
16/01/2026,22:02,CROSS_CITY_LINE_A,Class_730,6
16/01/2026,22:24,STAFFORD_COVENTRY,Class_390,11
16/01/2026,10:28,CROSS_CITY_LINE_B,Class_730,6
16/01/2026,07:45,BIRMINGHAM_NEW_STREET_RUGBY,Class_390,7
16/01/2026,07:46,RUGBY_BIRMINGHAM_NEW_STREET,Class_390,7
16/01/2026,20:17,BIRMINGHAM_NEW_STREET_RUGBY,Class_390,7
16/01/2026,19:00,BIRMINGHAM_NEW_STREET_RUGBY,Class_390,7
16/01/2026,17:54,BIRMINGHAM_NEW_STREET_RUGBY,Class_390,7
16/01/2026,16:01,BIRMINGHAM_NEW_STREET_RUGBY,Class_390,7
16/01/2026,15:08,BIRMINGHAM_NEW_STREET_RUGBY,Class_390,7
16/01/2026,13:56,BIRMINGHAM_NEW_STREET_RUGBY,Class_390,7
16/01/2026,12:30,BIRMINGHAM_NEW_STREET_RUGBY,Class_390,7
16/01/2026,11:22,BIRMINGHAM_NEW_STREET_RUGBY,Class_390,7
16/01/2026,10:14,BIRMINGHAM_NEW_STREET_RUGBY,Class_390,7
16/01/2026,08:55,BIRMINGHAM_NEW_STREET_RUGBY,Class_390,7
16/01/2026,21:27,STAFFORD_COVENTRY,Class_390,11
16/01/2026,06:40,BIRMINGHAM_NEW_STREET_RUGBY,Class_390,7
16/01/2026,23:05,RUGBY_WOLVERHAMPTON,Class_390,11
16/01/2026,21:05,RUGBY_WOLVERHAMPTON,Class_390,11
16/01/2026,20:00,RUGBY_WOLVERHAMPTON,Class_390,11
16/01/2026,05:49,WOLVERHAMPTON_COVENTRY,Class_390,11
16/01/2026,05:30,WOLVERHAMPTON_COVENTRY,Class_390,11
16/01/2026,05:08,WOLVERHAMPTON_COVENTRY,Class_390,11
16/01/2026,05:04,WOLVERHAMPTON_COVENTRY,Class_390,11
16/01/2026,23:18,DORRIDGE_STOURBRIDGE_JUNCTION,Class_168,6
16/01/2026,21:28,DORRIDGE_STOURBRIDGE_JUNCTION,Class_168,6
16/01/2026,18:48,DORRIDGE_STOURBRIDGE_JUNCTION,Class_168,6
16/01/2026,05:35,STOURBRIDGE_JUNCTION_DORRIDGE,Class_168,6
16/01/2026,23:37,DORRIDGE_BIRMINGHAM_SNOW_HILL,Class_168,6
16/01/2026,23:01,DORRIDGE_BIRMINGHAM_SNOW_HILL,Class_168,6
16/01/2026,22:19,DORRIDGE_BIRMINGHAM_SNOW_HILL,Class_168,6
16/01/2026,08:38,RUGBY_BIRMINGHAM_NEW_STREET,Class_390,7
16/01/2026,09:35,RUGBY_BIRMINGHAM_NEW_STREET,Class_390,7
16/01/2026,16:49,BIRMINGHAM_NEW_STREET_RUGBY,Class_390,7
16/01/2026,10:34,RUGBY_BIRMINGHAM_NEW_STREET,Class_390,7
16/01/2026,20:17,STAFFORD_COVENTRY,Class_390,11
16/01/2026,18:58,STAFFORD_COVENTRY,Class_390,11
16/01/2026,18:01,STAFFORD_COVENTRY,Class_390,11
16/01/2026,16:59,STAFFORD_COVENTRY,Class_390,11
16/01/2026,16:03,STAFFORD_COVENTRY,Class_390,11
16/01/2026,15:09,STAFFORD_COVENTRY,Class_390,11
16/01/2026,13:55,STAFFORD_COVENTRY,Class_390,11
16/01/2026,12:27,STAFFORD_COVENTRY,Class_390,11
16/01/2026,10:08,RUGBY_BIRMINGHAM_NEW_STREET,Class_390,7
16/01/2026,10:13,STAFFORD_COVENTRY,Class_390,11
16/01/2026,09:00,STAFFORD_COVENTRY,Class_390,11
16/01/2026,07:43,STAFFORD_COVENTRY,Class_390,11
16/01/2026,06:38,STAFFORD_COVENTRY,Class_390,11
16/01/2026,18:54,RUGBY_BIRMINGHAM_NEW_STREET,Class_390,7
16/01/2026,11:25,STAFFORD_COVENTRY,Class_390,11
16/01/2026,17:52,RUGBY_BIRMINGHAM_NEW_STREET,Class_390,7
16/01/2026,18:27,RUGBY_BIRMINGHAM_NEW_STREET,Class_390,7
16/01/2026,11:46,RUGBY_BIRMINGHAM_NEW_STREET,Class_390,7
16/01/2026,12:17,RUGBY_BIRMINGHAM_NEW_STREET,Class_390,7
16/01/2026,13:10,RUGBY_BIRMINGHAM_NEW_STREET,Class_390,7
16/01/2026,13:27,RUGBY_BIRMINGHAM_NEW_STREET,Class_390,7
16/01/2026,14:35,RUGBY_BIRMINGHAM_NEW_STREET,Class_390,7
16/01/2026,11:05,RUGBY_BIRMINGHAM_NEW_STREET,Class_390,7
16/01/2026,15:30,RUGBY_BIRMINGHAM_NEW_STREET,Class_390,7
16/01/2026,15:48,RUGBY_BIRMINGHAM_NEW_STREET,Class_390,7
16/01/2026,16:29,RUGBY_BIRMINGHAM_NEW_STREET,Class_390,7
16/01/2026,17:00,RUGBY_BIRMINGHAM_NEW_STREET,Class_390,7
16/01/2026,17:29,RUGBY_BIRMINGHAM_NEW_STREET,Class_390,7
16/01/2026,15:03,RUGBY_BIRMINGHAM_NEW_STREET,Class_390,7
17/01/2026,18:57,FOUR_OAKS_REDDITCH,Class_730,6
17/01/2026,19:54,FOUR_OAKS_REDDITCH,Class_730,6
17/01/2026,20:17,FOUR_OAKS_REDDITCH,Class_730,6
17/01/2026,20:45,FOUR_OAKS_REDDITCH,Class_730,6
17/01/2026,21:13,FOUR_OAKS_REDDITCH,Class_730,6
17/01/2026,21:50,FOUR_OAKS_REDDITCH,Class_730,6
17/01/2026,05:25,RUGELEY_TRENT_VALLEY_BIRMINGHAM_INTERNATIONAL,Class_730,3
17/01/2026,23:05,FOUR_OAKS_REDDITCH,Class_730,6
17/01/2026,23:17,FOUR_OAKS_REDDITCH,Class_730,6
17/01/2026,05:51,RUGELEY_TRENT_VALLEY_BIRMINGHAM_INTERNATIONAL,Class_730,3
17/01/2026,06:11,RUGELEY_TRENT_VALLEY_BIRMINGHAM_INTERNATIONAL,Class_730,3
17/01/2026,06:49,RUGELEY_TRENT_VALLEY_BIRMINGHAM_INTERNATIONAL,Class_730,3
17/01/2026,22:38,FOUR_OAKS_REDDITCH,Class_730,6
17/01/2026,18:24,FOUR_OAKS_REDDITCH,Class_730,6
17/01/2026,07:44,BIRMINGHAM_INTERNATIONAL_RUGELEY_TRENT_VALLEY,Class_730,3
17/01/2026,17:07,FOUR_OAKS_REDDITCH,Class_730,6
17/01/2026,16:46,FOUR_OAKS_REDDITCH,Class_730,6
17/01/2026,16:21,FOUR_OAKS_REDDITCH,Class_730,6
17/01/2026,15:52,FOUR_OAKS_REDDITCH,Class_730,6
17/01/2026,15:17,FOUR_OAKS_REDDITCH,Class_730,6
17/01/2026,14:36,FOUR_OAKS_REDDITCH,Class_730,6
17/01/2026,13:54,FOUR_OAKS_REDDITCH,Class_730,6
17/01/2026,13:15,FOUR_OAKS_REDDITCH,Class_730,6
17/01/2026,12:34,FOUR_OAKS_REDDITCH,Class_730,6
17/01/2026,12:06,FOUR_OAKS_REDDITCH,Class_730,6
17/01/2026,11:35,FOUR_OAKS_REDDITCH,Class_730,6
17/01/2026,11:02,FOUR_OAKS_REDDITCH,Class_730,6
17/01/2026,10:23,FOUR_OAKS_REDDITCH,Class_730,6
17/01/2026,17:51,FOUR_OAKS_REDDITCH,Class_730,6
17/01/2026,07:16,RUGELEY_TRENT_VALLEY_BIRMINGHAM_INTERNATIONAL,Class_730,3
17/01/2026,07:06,BIRMINGHAM_INTERNATIONAL_RUGELEY_TRENT_VALLEY,Class_730,3
17/01/2026,08:28,RUGELEY_TRENT_VALLEY_BIRMINGHAM_INTERNATIONAL,Class_730,3
17/01/2026,09:56,FOUR_OAKS_REDDITCH,Class_730,6
17/01/2026,06:49,BIRMINGHAM_INTERNATIONAL_RUGELEY_TRENT_VALLEY,Class_730,3
17/01/2026,06:12,BIRMINGHAM_INTERNATIONAL_RUGELEY_TRENT_VALLEY,Class_730,3
17/01/2026,05:53,BIRMINGHAM_INTERNATIONAL_RUGELEY_TRENT_VALLEY,Class_730,3
17/01/2026,22:04,RUGELEY_TRENT_VALLEY_BIRMINGHAM_INTERNATIONAL,Class_730,3
17/01/2026,21:19,RUGELEY_TRENT_VALLEY_BIRMINGHAM_INTERNATIONAL,Class_730,3
17/01/2026,20:53,RUGELEY_TRENT_VALLEY_BIRMINGHAM_INTERNATIONAL,Class_730,3
17/01/2026,20:37,RUGELEY_TRENT_VALLEY_BIRMINGHAM_INTERNATIONAL,Class_730,3
17/01/2026,19:49,RUGELEY_TRENT_VALLEY_BIRMINGHAM_INTERNATIONAL,Class_730,3
17/01/2026,19:00,RUGELEY_TRENT_VALLEY_BIRMINGHAM_INTERNATIONAL,Class_730,3
17/01/2026,18:26,RUGELEY_TRENT_VALLEY_BIRMINGHAM_INTERNATIONAL,Class_730,3
17/01/2026,17:59,RUGELEY_TRENT_VALLEY_BIRMINGHAM_INTERNATIONAL,Class_730,3
17/01/2026,17:21,RUGELEY_TRENT_VALLEY_BIRMINGHAM_INTERNATIONAL,Class_730,3
17/01/2026,08:04,RUGELEY_TRENT_VALLEY_BIRMINGHAM_INTERNATIONAL,Class_730,3
17/01/2026,16:46,RUGELEY_TRENT_VALLEY_BIRMINGHAM_INTERNATIONAL,Class_730,3
17/01/2026,15:53,RUGELEY_TRENT_VALLEY_BIRMINGHAM_INTERNATIONAL,Class_730,3
17/01/2026,15:16,RUGELEY_TRENT_VALLEY_BIRMINGHAM_INTERNATIONAL,Class_730,3
17/01/2026,14:37,RUGELEY_TRENT_VALLEY_BIRMINGHAM_INTERNATIONAL,Class_730,3
17/01/2026,13:56,RUGELEY_TRENT_VALLEY_BIRMINGHAM_INTERNATIONAL,Class_730,3
17/01/2026,13:21,RUGELEY_TRENT_VALLEY_BIRMINGHAM_INTERNATIONAL,Class_730,3
17/01/2026,12:47,RUGELEY_TRENT_VALLEY_BIRMINGHAM_INTERNATIONAL,Class_730,3
17/01/2026,12:11,RUGELEY_TRENT_VALLEY_BIRMINGHAM_INTERNATIONAL,Class_730,3
17/01/2026,11:38,RUGELEY_TRENT_VALLEY_BIRMINGHAM_INTERNATIONAL,Class_730,3
17/01/2026,11:15,RUGELEY_TRENT_VALLEY_BIRMINGHAM_INTERNATIONAL,Class_730,3
17/01/2026,10:41,RUGELEY_TRENT_VALLEY_BIRMINGHAM_INTERNATIONAL,Class_730,3
17/01/2026,10:02,RUGELEY_TRENT_VALLEY_BIRMINGHAM_INTERNATIONAL,Class_730,3
17/01/2026,09:39,RUGELEY_TRENT_VALLEY_BIRMINGHAM_INTERNATIONAL,Class_730,3
17/01/2026,08:56,RUGELEY_TRENT_VALLEY_BIRMINGHAM_INTERNATIONAL,Class_730,3
17/01/2026,16:21,RUGELEY_TRENT_VALLEY_BIRMINGHAM_INTERNATIONAL,Class_730,3
17/01/2026,09:21,FOUR_OAKS_REDDITCH,Class_730,6
17/01/2026,11:57,REDDITCH_FOUR_OAKS,Class_730,6
17/01/2026,08:28,FOUR_OAKS_REDDITCH,Class_730,6
17/01/2026,09:11,REDDITCH_FOUR_OAKS,Class_730,6
17/01/2026,08:39,REDDITCH_FOUR_OAKS,Class_730,6
17/01/2026,08:05,REDDITCH_FOUR_OAKS,Class_730,6
17/01/2026,07:35,REDDITCH_FOUR_OAKS,Class_730,6
17/01/2026,06:56,REDDITCH_FOUR_OAKS,Class_730,6
17/01/2026,06:32,REDDITCH_FOUR_OAKS,Class_730,6
17/01/2026,06:03,REDDITCH_FOUR_OAKS,Class_730,6
17/01/2026,05:27,REDDITCH_FOUR_OAKS,Class_730,6
17/01/2026,05:13,REDDITCH_FOUR_OAKS,Class_730,6
17/01/2026,22:38,CROSS_CITY_LINE_B,Class_730,6
17/01/2026,22:09,CROSS_CITY_LINE_B,Class_730,6
17/01/2026,21:18,CROSS_CITY_LINE_B,Class_730,6
17/01/2026,20:54,CROSS_CITY_LINE_B,Class_730,6
17/01/2026,20:26,CROSS_CITY_LINE_B,Class_730,6
17/01/2026,19:48,CROSS_CITY_LINE_B,Class_730,6
17/01/2026,19:00,CROSS_CITY_LINE_B,Class_730,6
17/01/2026,18:27,CROSS_CITY_LINE_B,Class_730,6
17/01/2026,17:54,CROSS_CITY_LINE_B,Class_730,6
17/01/2026,17:15,CROSS_CITY_LINE_B,Class_730,6
17/01/2026,16:52,CROSS_CITY_LINE_B,Class_730,6
17/01/2026,16:29,CROSS_CITY_LINE_B,Class_730,6
17/01/2026,15:53,CROSS_CITY_LINE_B,Class_730,6
17/01/2026,15:18,CROSS_CITY_LINE_B,Class_730,6
17/01/2026,14:39,CROSS_CITY_LINE_B,Class_730,6
17/01/2026,14:07,CROSS_CITY_LINE_B,Class_730,6
17/01/2026,13:17,CROSS_CITY_LINE_B,Class_730,6
17/01/2026,12:36,CROSS_CITY_LINE_B,Class_730,6
17/01/2026,09:51,REDDITCH_FOUR_OAKS,Class_730,6
17/01/2026,10:20,REDDITCH_FOUR_OAKS,Class_730,6
17/01/2026,10:47,REDDITCH_FOUR_OAKS,Class_730,6
17/01/2026,11:22,REDDITCH_FOUR_OAKS,Class_730,6
17/01/2026,07:43,FOUR_OAKS_REDDITCH,Class_730,6
17/01/2026,07:03,FOUR_OAKS_REDDITCH,Class_730,6
17/01/2026,06:41,FOUR_OAKS_REDDITCH,Class_730,6
17/01/2026,06:16,FOUR_OAKS_REDDITCH,Class_730,6
17/01/2026,05:33,FOUR_OAKS_REDDITCH,Class_730,6
17/01/2026,05:23,FOUR_OAKS_REDDITCH,Class_730,6
17/01/2026,05:08,FOUR_OAKS_REDDITCH,Class_730,6
17/01/2026,23:22,REDDITCH_FOUR_OAKS,Class_730,6
17/01/2026,23:14,REDDITCH_FOUR_OAKS,Class_730,6
17/01/2026,22:50,REDDITCH_FOUR_OAKS,Class_730,6
17/01/2026,22:19,REDDITCH_FOUR_OAKS,Class_730,6
17/01/2026,21:38,REDDITCH_FOUR_OAKS,Class_730,6
17/01/2026,21:10,REDDITCH_FOUR_OAKS,Class_730,6
17/01/2026,08:50,FOUR_OAKS_REDDITCH,Class_730,6
17/01/2026,20:40,REDDITCH_FOUR_OAKS,Class_730,6
17/01/2026,19:13,REDDITCH_FOUR_OAKS,Class_730,6
17/01/2026,18:49,REDDITCH_FOUR_OAKS,Class_730,6
17/01/2026,18:04,REDDITCH_FOUR_OAKS,Class_730,6
17/01/2026,17:32,REDDITCH_FOUR_OAKS,Class_730,6
17/01/2026,16:53,REDDITCH_FOUR_OAKS,Class_730,6
17/01/2026,16:39,REDDITCH_FOUR_OAKS,Class_730,6
17/01/2026,16:09,REDDITCH_FOUR_OAKS,Class_730,6
17/01/2026,15:37,REDDITCH_FOUR_OAKS,Class_730,6
17/01/2026,14:49,REDDITCH_FOUR_OAKS,Class_730,6
17/01/2026,14:28,REDDITCH_FOUR_OAKS,Class_730,6
17/01/2026,13:31,REDDITCH_FOUR_OAKS,Class_730,6
17/01/2026,13:05,REDDITCH_FOUR_OAKS,Class_730,6
17/01/2026,12:21,REDDITCH_FOUR_OAKS,Class_730,6
17/01/2026,20:12,REDDITCH_FOUR_OAKS,Class_730,6
17/01/2026,08:30,BIRMINGHAM_INTERNATIONAL_RUGELEY_TRENT_VALLEY,Class_730,3
17/01/2026,23:11,WALSALL_WOLVERHAMPTON,Class_763,3
17/01/2026,09:43,BIRMINGHAM_INTERNATIONAL_RUGELEY_TRENT_VALLEY,Class_730,3
17/01/2026,05:27,WALSALL_WOLVERHAMPTON,Class_731,3
17/01/2026,05:15,WALSALL_WOLVERHAMPTON,Class_730,3
17/01/2026,23:13,WOLVERHAMPTON_WALSALL,Class_730,3
17/01/2026,22:47,WOLVERHAMPTON_WALSALL,Class_730,3
17/01/2026,22:16,WOLVERHAMPTON_WALSALL,Class_730,3
17/01/2026,21:40,WOLVERHAMPTON_WALSALL,Class_730,3
17/01/2026,21:08,WOLVERHAMPTON_WALSALL,Class_730,3
17/01/2026,20:39,WOLVERHAMPTON_WALSALL,Class_730,3
17/01/2026,20:12,WOLVERHAMPTON_WALSALL,Class_730,3
17/01/2026,19:09,WOLVERHAMPTON_WALSALL,Class_730,3
17/01/2026,18:48,WOLVERHAMPTON_WALSALL,Class_730,3
17/01/2026,18:08,WOLVERHAMPTON_WALSALL,Class_730,3
17/01/2026,17:26,WOLVERHAMPTON_WALSALL,Class_730,3
17/01/2026,16:54,WOLVERHAMPTON_WALSALL,Class_730,3
17/01/2026,16:41,WOLVERHAMPTON_WALSALL,Class_730,3
17/01/2026,16:02,WOLVERHAMPTON_WALSALL,Class_730,3
17/01/2026,15:33,WOLVERHAMPTON_WALSALL,Class_730,3
17/01/2026,14:52,WOLVERHAMPTON_WALSALL,Class_730,3
17/01/2026,14:30,WOLVERHAMPTON_WALSALL,Class_730,3
17/01/2026,13:31,WOLVERHAMPTON_WALSALL,Class_730,3
17/01/2026,13:00,WOLVERHAMPTON_WALSALL,Class_730,3
17/01/2026,12:23,WOLVERHAMPTON_WALSALL,Class_730,3
17/01/2026,11:55,WOLVERHAMPTON_WALSALL,Class_730,3
17/01/2026,11:23,WOLVERHAMPTON_WALSALL,Class_730,3
17/01/2026,10:47,WOLVERHAMPTON_WALSALL,Class_730,3
17/01/2026,10:20,WOLVERHAMPTON_WALSALL,Class_730,3
17/01/2026,09:51,WOLVERHAMPTON_WALSALL,Class_730,3
17/01/2026,06:00,WALSALL_WOLVERHAMPTON,Class_732,3
17/01/2026,06:37,WALSALL_WOLVERHAMPTON,Class_733,3
17/01/2026,06:53,WALSALL_WOLVERHAMPTON,Class_734,3
17/01/2026,07:34,WALSALL_WOLVERHAMPTON,Class_735,3
17/01/2026,12:18,CROSS_CITY_LINE_B,Class_730,6
17/01/2026,22:54,WALSALL_WOLVERHAMPTON,Class_762,3
17/01/2026,22:21,WALSALL_WOLVERHAMPTON,Class_761,3
17/01/2026,21:29,WALSALL_WOLVERHAMPTON,Class_760,3
17/01/2026,21:08,WALSALL_WOLVERHAMPTON,Class_759,3
17/01/2026,20:40,WALSALL_WOLVERHAMPTON,Class_758,3
17/01/2026,20:10,WALSALL_WOLVERHAMPTON,Class_757,3
17/01/2026,19:14,WALSALL_WOLVERHAMPTON,Class_756,3
17/01/2026,18:48,WALSALL_WOLVERHAMPTON,Class_755,3
17/01/2026,18:12,WALSALL_WOLVERHAMPTON,Class_754,3
17/01/2026,17:24,WALSALL_WOLVERHAMPTON,Class_753,3
17/01/2026,16:54,WALSALL_WOLVERHAMPTON,Class_752,3
17/01/2026,16:40,WALSALL_WOLVERHAMPTON,Class_751,3
17/01/2026,09:09,WOLVERHAMPTON_WALSALL,Class_730,3
17/01/2026,16:06,WALSALL_WOLVERHAMPTON,Class_750,3
17/01/2026,14:43,WALSALL_WOLVERHAMPTON,Class_748,3
17/01/2026,14:28,WALSALL_WOLVERHAMPTON,Class_747,3
17/01/2026,13:36,WALSALL_WOLVERHAMPTON,Class_746,3
17/01/2026,12:57,WALSALL_WOLVERHAMPTON,Class_745,3
17/01/2026,12:19,WALSALL_WOLVERHAMPTON,Class_744,3
17/01/2026,11:57,WALSALL_WOLVERHAMPTON,Class_743,3
17/01/2026,11:18,WALSALL_WOLVERHAMPTON,Class_742,3
17/01/2026,10:48,WALSALL_WOLVERHAMPTON,Class_741,3
17/01/2026,10:09,WALSALL_WOLVERHAMPTON,Class_740,3
17/01/2026,09:50,WALSALL_WOLVERHAMPTON,Class_739,3
17/01/2026,09:12,WALSALL_WOLVERHAMPTON,Class_738,3
17/01/2026,08:40,WALSALL_WOLVERHAMPTON,Class_737,3
17/01/2026,08:05,WALSALL_WOLVERHAMPTON,Class_736,3
17/01/2026,15:36,WALSALL_WOLVERHAMPTON,Class_749,3
17/01/2026,08:34,WOLVERHAMPTON_WALSALL,Class_730,3
17/01/2026,08:06,WOLVERHAMPTON_WALSALL,Class_730,3
17/01/2026,07:20,WOLVERHAMPTON_WALSALL,Class_730,3
17/01/2026,10:06,NORTHAMPTON_BIRMINGHAM_NEW_STREET,Class_350,5
17/01/2026,08:56,NORTHAMPTON_BIRMINGHAM_NEW_STREET,Class_350,5
17/01/2026,07:48,NORTHAMPTON_BIRMINGHAM_NEW_STREET,Class_350,5
17/01/2026,06:44,NORTHAMPTON_BIRMINGHAM_NEW_STREET,Class_350,5
17/01/2026,05:51,NORTHAMPTON_BIRMINGHAM_NEW_STREET,Class_350,5
17/01/2026,05:09,NORTHAMPTON_BIRMINGHAM_NEW_STREET,Class_350,5
17/01/2026,22:05,BIRMINGHAM_INTERNATIONAL_RUGELEY_TRENT_VALLEY,Class_730,3
17/01/2026,21:26,BIRMINGHAM_INTERNATIONAL_RUGELEY_TRENT_VALLEY,Class_730,3
17/01/2026,20:57,BIRMINGHAM_INTERNATIONAL_RUGELEY_TRENT_VALLEY,Class_730,3
17/01/2026,20:27,BIRMINGHAM_INTERNATIONAL_RUGELEY_TRENT_VALLEY,Class_730,3
17/01/2026,20:02,BIRMINGHAM_INTERNATIONAL_RUGELEY_TRENT_VALLEY,Class_730,3
17/01/2026,19:04,BIRMINGHAM_INTERNATIONAL_RUGELEY_TRENT_VALLEY,Class_730,3
17/01/2026,18:39,BIRMINGHAM_INTERNATIONAL_RUGELEY_TRENT_VALLEY,Class_730,3
17/01/2026,11:14,NORTHAMPTON_BIRMINGHAM_NEW_STREET,Class_350,5
17/01/2026,17:55,BIRMINGHAM_INTERNATIONAL_RUGELEY_TRENT_VALLEY,Class_730,3
17/01/2026,16:51,BIRMINGHAM_INTERNATIONAL_RUGELEY_TRENT_VALLEY,Class_730,3
17/01/2026,16:39,BIRMINGHAM_INTERNATIONAL_RUGELEY_TRENT_VALLEY,Class_730,3
17/01/2026,15:53,BIRMINGHAM_INTERNATIONAL_RUGELEY_TRENT_VALLEY,Class_730,3
17/01/2026,15:26,BIRMINGHAM_INTERNATIONAL_RUGELEY_TRENT_VALLEY,Class_730,3
17/01/2026,14:40,BIRMINGHAM_INTERNATIONAL_RUGELEY_TRENT_VALLEY,Class_730,3
17/01/2026,14:12,BIRMINGHAM_INTERNATIONAL_RUGELEY_TRENT_VALLEY,Class_730,3
17/01/2026,13:23,BIRMINGHAM_INTERNATIONAL_RUGELEY_TRENT_VALLEY,Class_730,3
17/01/2026,12:43,BIRMINGHAM_INTERNATIONAL_RUGELEY_TRENT_VALLEY,Class_730,3
17/01/2026,12:12,BIRMINGHAM_INTERNATIONAL_RUGELEY_TRENT_VALLEY,Class_730,3
17/01/2026,11:38,BIRMINGHAM_INTERNATIONAL_RUGELEY_TRENT_VALLEY,Class_730,3
17/01/2026,11:06,BIRMINGHAM_INTERNATIONAL_RUGELEY_TRENT_VALLEY,Class_730,3
17/01/2026,10:41,BIRMINGHAM_INTERNATIONAL_RUGELEY_TRENT_VALLEY,Class_730,3
17/01/2026,10:05,BIRMINGHAM_INTERNATIONAL_RUGELEY_TRENT_VALLEY,Class_730,3
17/01/2026,17:19,BIRMINGHAM_INTERNATIONAL_RUGELEY_TRENT_VALLEY,Class_730,3
17/01/2026,08:52,BIRMINGHAM_INTERNATIONAL_RUGELEY_TRENT_VALLEY,Class_730,3
17/01/2026,12:19,NORTHAMPTON_BIRMINGHAM_NEW_STREET,Class_350,5
17/01/2026,14:39,NORTHAMPTON_BIRMINGHAM_NEW_STREET,Class_350,5
17/01/2026,06:55,WOLVERHAMPTON_WALSALL,Class_730,3
17/01/2026,06:30,WOLVERHAMPTON_WALSALL,Class_730,3
17/01/2026,05:58,WOLVERHAMPTON_WALSALL,Class_730,3
17/01/2026,05:27,WOLVERHAMPTON_WALSALL,Class_730,3
17/01/2026,05:10,WOLVERHAMPTON_WALSALL,Class_730,3
17/01/2026,23:15,BIRMINGHAM_NEW_STREET_NORTHAMPTON,Class_350,8
17/01/2026,22:24,BIRMINGHAM_NEW_STREET_NORTHAMPTON,Class_350,8
17/01/2026,21:11,BIRMINGHAM_NEW_STREET_NORTHAMPTON,Class_350,8
17/01/2026,20:13,BIRMINGHAM_NEW_STREET_NORTHAMPTON,Class_350,8
17/01/2026,18:51,BIRMINGHAM_NEW_STREET_NORTHAMPTON,Class_350,8
17/01/2026,17:34,BIRMINGHAM_NEW_STREET_NORTHAMPTON,Class_350,8
17/01/2026,16:44,BIRMINGHAM_NEW_STREET_NORTHAMPTON,Class_350,8
17/01/2026,15:38,BIRMINGHAM_NEW_STREET_NORTHAMPTON,Class_350,8
17/01/2026,13:23,NORTHAMPTON_BIRMINGHAM_NEW_STREET,Class_350,5
17/01/2026,14:32,BIRMINGHAM_NEW_STREET_NORTHAMPTON,Class_350,8
17/01/2026,12:05,BIRMINGHAM_NEW_STREET_NORTHAMPTON,Class_350,8
17/01/2026,10:55,BIRMINGHAM_NEW_STREET_NORTHAMPTON,Class_350,8
17/01/2026,09:52,BIRMINGHAM_NEW_STREET_NORTHAMPTON,Class_350,8
17/01/2026,08:41,BIRMINGHAM_NEW_STREET_NORTHAMPTON,Class_350,8
17/01/2026,07:40,BIRMINGHAM_NEW_STREET_NORTHAMPTON,Class_350,8
17/01/2026,06:37,BIRMINGHAM_NEW_STREET_NORTHAMPTON,Class_350,8
17/01/2026,22:39,NORTHAMPTON_BIRMINGHAM_NEW_STREET,Class_350,5
17/01/2026,21:29,NORTHAMPTON_BIRMINGHAM_NEW_STREET,Class_350,5
17/01/2026,20:39,NORTHAMPTON_BIRMINGHAM_NEW_STREET,Class_350,5
17/01/2026,19:00,NORTHAMPTON_BIRMINGHAM_NEW_STREET,Class_350,5
17/01/2026,18:03,NORTHAMPTON_BIRMINGHAM_NEW_STREET,Class_350,5
17/01/2026,16:51,NORTHAMPTON_BIRMINGHAM_NEW_STREET,Class_350,5
17/01/2026,15:54,NORTHAMPTON_BIRMINGHAM_NEW_STREET,Class_350,5
17/01/2026,13:06,BIRMINGHAM_NEW_STREET_NORTHAMPTON,Class_350,8
17/01/2026,11:36,CROSS_CITY_LINE_B,Class_730,6
17/01/2026,18:38,COVENTRY_STAFFORD,Class_390,11
17/01/2026,10:35,CROSS_CITY_LINE_B,Class_730,6
17/01/2026,18:59,DORRIDGE_BIRMINGHAM_MOOR_STREET,Class_168,6
17/01/2026,18:29,DORRIDGE_BIRMINGHAM_MOOR_STREET,Class_168,6
17/01/2026,17:47,DORRIDGE_BIRMINGHAM_MOOR_STREET,Class_168,6
17/01/2026,17:09,DORRIDGE_BIRMINGHAM_MOOR_STREET,Class_168,6
17/01/2026,16:50,DORRIDGE_BIRMINGHAM_MOOR_STREET,Class_168,6
17/01/2026,16:19,DORRIDGE_BIRMINGHAM_MOOR_STREET,Class_168,6
17/01/2026,15:44,DORRIDGE_BIRMINGHAM_MOOR_STREET,Class_168,6
17/01/2026,15:11,DORRIDGE_BIRMINGHAM_MOOR_STREET,Class_168,6
17/01/2026,14:39,DORRIDGE_BIRMINGHAM_MOOR_STREET,Class_168,6
17/01/2026,13:53,DORRIDGE_BIRMINGHAM_MOOR_STREET,Class_168,6
17/01/2026,13:20,DORRIDGE_BIRMINGHAM_MOOR_STREET,Class_168,6
17/01/2026,12:37,DORRIDGE_BIRMINGHAM_MOOR_STREET,Class_168,6
17/01/2026,12:08,DORRIDGE_BIRMINGHAM_MOOR_STREET,Class_168,6
17/01/2026,11:31,DORRIDGE_BIRMINGHAM_MOOR_STREET,Class_168,6
17/01/2026,11:09,DORRIDGE_BIRMINGHAM_MOOR_STREET,Class_168,6
17/01/2026,10:25,DORRIDGE_BIRMINGHAM_MOOR_STREET,Class_168,6
17/01/2026,10:05,DORRIDGE_BIRMINGHAM_MOOR_STREET,Class_168,6
17/01/2026,09:27,DORRIDGE_BIRMINGHAM_MOOR_STREET,Class_168,6
17/01/2026,08:56,DORRIDGE_BIRMINGHAM_MOOR_STREET,Class_168,6
17/01/2026,08:25,DORRIDGE_BIRMINGHAM_MOOR_STREET,Class_168,6
17/01/2026,07:47,DORRIDGE_BIRMINGHAM_MOOR_STREET,Class_168,6
17/01/2026,07:05,DORRIDGE_BIRMINGHAM_MOOR_STREET,Class_168,6
17/01/2026,06:45,DORRIDGE_BIRMINGHAM_MOOR_STREET,Class_168,6
17/01/2026,06:16,DORRIDGE_BIRMINGHAM_MOOR_STREET,Class_168,6
17/01/2026,05:34,DORRIDGE_BIRMINGHAM_MOOR_STREET,Class_168,6
17/01/2026,23:31,BIRMINGHAM_MOOR_STREET_DORRIDGE,Class_168,6
17/01/2026,23:18,BIRMINGHAM_MOOR_STREET_DORRIDGE,Class_168,6
17/01/2026,19:51,DORRIDGE_BIRMINGHAM_MOOR_STREET,Class_168,6
17/01/2026,20:22,DORRIDGE_BIRMINGHAM_MOOR_STREET,Class_168,6
17/01/2026,20:45,DORRIDGE_BIRMINGHAM_MOOR_STREET,Class_168,6
17/01/2026,21:20,DORRIDGE_BIRMINGHAM_MOOR_STREET,Class_168,6
17/01/2026,16:30,DORRIDGE_BIRMINGHAM_SNOW_HILL,Class_168,6
17/01/2026,15:19,DORRIDGE_BIRMINGHAM_SNOW_HILL,Class_168,6
17/01/2026,14:09,DORRIDGE_BIRMINGHAM_SNOW_HILL,Class_168,6
17/01/2026,12:46,DORRIDGE_BIRMINGHAM_SNOW_HILL,Class_168,6
17/01/2026,11:37,DORRIDGE_BIRMINGHAM_SNOW_HILL,Class_168,6
17/01/2026,10:38,DORRIDGE_BIRMINGHAM_SNOW_HILL,Class_168,6
17/01/2026,09:32,DORRIDGE_BIRMINGHAM_SNOW_HILL,Class_168,6
17/01/2026,08:26,DORRIDGE_BIRMINGHAM_SNOW_HILL,Class_168,6
17/01/2026,23:33,BIRMINGHAM_SNOW_HILL_DORRIDGE,Class_168,6
17/01/2026,23:02,BIRMINGHAM_SNOW_HILL_DORRIDGE,Class_168,6
17/01/2026,21:50,BIRMINGHAM_SNOW_HILL_DORRIDGE,Class_168,6
17/01/2026,20:41,BIRMINGHAM_SNOW_HILL_DORRIDGE,Class_168,6
17/01/2026,19:18,BIRMINGHAM_SNOW_HILL_DORRIDGE,Class_168,6
17/01/2026,23:05,BIRMINGHAM_MOOR_STREET_DORRIDGE,Class_168,6
17/01/2026,18:17,BIRMINGHAM_SNOW_HILL_DORRIDGE,Class_168,6
17/01/2026,16:19,BIRMINGHAM_SNOW_HILL_DORRIDGE,Class_168,6
17/01/2026,15:12,BIRMINGHAM_SNOW_HILL_DORRIDGE,Class_168,6
17/01/2026,13:47,BIRMINGHAM_SNOW_HILL_DORRIDGE,Class_168,6
17/01/2026,12:32,BIRMINGHAM_SNOW_HILL_DORRIDGE,Class_168,6
17/01/2026,11:26,BIRMINGHAM_SNOW_HILL_DORRIDGE,Class_168,6
17/01/2026,10:20,BIRMINGHAM_SNOW_HILL_DORRIDGE,Class_168,6
17/01/2026,09:22,BIRMINGHAM_SNOW_HILL_DORRIDGE,Class_168,6
17/01/2026,08:10,BIRMINGHAM_SNOW_HILL_DORRIDGE,Class_168,6
17/01/2026,23:33,DORRIDGE_BIRMINGHAM_MOOR_STREET,Class_168,6
17/01/2026,23:19,DORRIDGE_BIRMINGHAM_MOOR_STREET,Class_168,6
17/01/2026,23:03,DORRIDGE_BIRMINGHAM_MOOR_STREET,Class_168,6
17/01/2026,22:32,DORRIDGE_BIRMINGHAM_MOOR_STREET,Class_168,6
17/01/2026,22:00,DORRIDGE_BIRMINGHAM_MOOR_STREET,Class_168,6
17/01/2026,16:59,BIRMINGHAM_SNOW_HILL_DORRIDGE,Class_168,6
17/01/2026,22:37,BIRMINGHAM_MOOR_STREET_DORRIDGE,Class_168,6
17/01/2026,21:54,BIRMINGHAM_MOOR_STREET_DORRIDGE,Class_168,6
17/01/2026,21:19,BIRMINGHAM_MOOR_STREET_DORRIDGE,Class_168,6
17/01/2026,21:46,WOLVERHAMPTON_BIRMINGHAM_INTERNATIONAL,Class_158,2
17/01/2026,20:41,WOLVERHAMPTON_BIRMINGHAM_INTERNATIONAL,Class_158,2
17/01/2026,19:34,WOLVERHAMPTON_BIRMINGHAM_INTERNATIONAL,Class_158,2
17/01/2026,18:22,WOLVERHAMPTON_BIRMINGHAM_INTERNATIONAL,Class_158,2
17/01/2026,17:09,WOLVERHAMPTON_BIRMINGHAM_INTERNATIONAL,Class_158,2
17/01/2026,16:16,WOLVERHAMPTON_BIRMINGHAM_INTERNATIONAL,Class_158,2
17/01/2026,15:01,WOLVERHAMPTON_BIRMINGHAM_INTERNATIONAL,Class_158,2
17/01/2026,13:52,WOLVERHAMPTON_BIRMINGHAM_INTERNATIONAL,Class_158,2
17/01/2026,12:34,WOLVERHAMPTON_BIRMINGHAM_INTERNATIONAL,Class_158,2
17/01/2026,11:29,WOLVERHAMPTON_BIRMINGHAM_INTERNATIONAL,Class_158,2
17/01/2026,10:20,WOLVERHAMPTON_BIRMINGHAM_INTERNATIONAL,Class_158,2
17/01/2026,09:22,WOLVERHAMPTON_BIRMINGHAM_INTERNATIONAL,Class_158,2
17/01/2026,07:03,WOLVERHAMPTON_BIRMINGHAM_INTERNATIONAL,Class_158,2
17/01/2026,23:03,WOLVERHAMPTON_BIRMINGHAM_INTERNATIONAL,Class_158,2
17/01/2026,06:06,WOLVERHAMPTON_BIRMINGHAM_INTERNATIONAL,Class_158,2
17/01/2026,19:22,BIRMINGHAM_INTERNATIONA_WOLVERHAMPTON,Class_158,2
17/01/2026,18:17,BIRMINGHAM_INTERNATIONA_WOLVERHAMPTON,Class_158,2
17/01/2026,17:06,BIRMINGHAM_INTERNATIONA_WOLVERHAMPTON,Class_158,2
17/01/2026,16:10,BIRMINGHAM_INTERNATIONA_WOLVERHAMPTON,Class_158,2
17/01/2026,15:07,BIRMINGHAM_INTERNATIONA_WOLVERHAMPTON,Class_158,2
17/01/2026,13:42,BIRMINGHAM_INTERNATIONA_WOLVERHAMPTON,Class_158,2
17/01/2026,12:26,BIRMINGHAM_INTERNATIONA_WOLVERHAMPTON,Class_158,2
17/01/2026,11:24,BIRMINGHAM_INTERNATIONA_WOLVERHAMPTON,Class_158,2
17/01/2026,10:21,BIRMINGHAM_INTERNATIONA_WOLVERHAMPTON,Class_158,2
17/01/2026,09:13,BIRMINGHAM_INTERNATIONA_WOLVERHAMPTON,Class_158,2
17/01/2026,08:07,BIRMINGHAM_INTERNATIONA_WOLVERHAMPTON,Class_158,2
17/01/2026,06:58,BIRMINGHAM_INTERNATIONA_WOLVERHAMPTON,Class_158,2
17/01/2026,06:09,BIRMINGHAM_INTERNATIONA_WOLVERHAMPTON,Class_158,2
17/01/2026,05:09,WOLVERHAMPTON_BIRMINGHAM_INTERNATIONAL,Class_158,2
17/01/2026,17:13,DORRIDGE_BIRMINGHAM_SNOW_HILL,Class_168,6
17/01/2026,04:58,BIRMINGHAM_MOOR_STREET_DORRIDGE,Class_168,6
17/01/2026,05:21,BIRMINGHAM_MOOR_STREET_DORRIDGE,Class_168,6
17/01/2026,20:52,BIRMINGHAM_MOOR_STREET_DORRIDGE,Class_168,6
17/01/2026,20:29,BIRMINGHAM_MOOR_STREET_DORRIDGE,Class_168,6
17/01/2026,19:56,BIRMINGHAM_MOOR_STREET_DORRIDGE,Class_168,6
17/01/2026,18:58,BIRMINGHAM_MOOR_STREET_DORRIDGE,Class_168,6
17/01/2026,18:31,BIRMINGHAM_MOOR_STREET_DORRIDGE,Class_168,6
17/01/2026,17:38,BIRMINGHAM_MOOR_STREET_DORRIDGE,Class_168,6
17/01/2026,17:09,BIRMINGHAM_MOOR_STREET_DORRIDGE,Class_168,6
17/01/2026,16:46,BIRMINGHAM_MOOR_STREET_DORRIDGE,Class_168,6
17/01/2026,16:24,BIRMINGHAM_MOOR_STREET_DORRIDGE,Class_168,6
17/01/2026,11:01,CROSS_CITY_LINE_B,Class_730,6
17/01/2026,15:13,BIRMINGHAM_MOOR_STREET_DORRIDGE,Class_168,6
17/01/2026,14:37,BIRMINGHAM_MOOR_STREET_DORRIDGE,Class_168,6
17/01/2026,13:53,BIRMINGHAM_MOOR_STREET_DORRIDGE,Class_168,6
17/01/2026,05:03,BIRMINGHAM_MOOR_STREET_DORRIDGE,Class_168,6
17/01/2026,13:13,BIRMINGHAM_MOOR_STREET_DORRIDGE,Class_168,6
17/01/2026,12:11,BIRMINGHAM_MOOR_STREET_DORRIDGE,Class_168,6
17/01/2026,11:32,BIRMINGHAM_MOOR_STREET_DORRIDGE,Class_168,6
17/01/2026,11:00,BIRMINGHAM_MOOR_STREET_DORRIDGE,Class_168,6
17/01/2026,10:27,BIRMINGHAM_MOOR_STREET_DORRIDGE,Class_168,6
17/01/2026,10:02,BIRMINGHAM_MOOR_STREET_DORRIDGE,Class_168,6
17/01/2026,09:25,BIRMINGHAM_MOOR_STREET_DORRIDGE,Class_168,6
17/01/2026,08:45,BIRMINGHAM_MOOR_STREET_DORRIDGE,Class_168,6
17/01/2026,08:30,BIRMINGHAM_MOOR_STREET_DORRIDGE,Class_168,6
17/01/2026,07:43,BIRMINGHAM_MOOR_STREET_DORRIDGE,Class_168,6
17/01/2026,07:05,BIRMINGHAM_MOOR_STREET_DORRIDGE,Class_168,6
17/01/2026,06:43,BIRMINGHAM_MOOR_STREET_DORRIDGE,Class_168,6
17/01/2026,06:10,BIRMINGHAM_MOOR_STREET_DORRIDGE,Class_168,6
17/01/2026,05:35,BIRMINGHAM_MOOR_STREET_DORRIDGE,Class_168,6
17/01/2026,12:37,BIRMINGHAM_MOOR_STREET_DORRIDGE,Class_168,6
17/01/2026,18:32,DORRIDGE_BIRMINGHAM_SNOW_HILL,Class_168,6
17/01/2026,15:48,BIRMINGHAM_MOOR_STREET_DORRIDGE,Class_168,6
17/01/2026,20:52,DORRIDGE_BIRMINGHAM_SNOW_HILL,Class_168,6
17/01/2026,11:25,CROSS_CITY_LINE_A,Class_730,6
17/01/2026,10:59,CROSS_CITY_LINE_A,Class_730,6
17/01/2026,10:23,CROSS_CITY_LINE_A,Class_730,6
17/01/2026,09:53,CROSS_CITY_LINE_A,Class_730,6
17/01/2026,09:15,CROSS_CITY_LINE_A,Class_730,6
17/01/2026,08:41,CROSS_CITY_LINE_A,Class_730,6
17/01/2026,08:10,CROSS_CITY_LINE_A,Class_730,6
17/01/2026,07:38,CROSS_CITY_LINE_A,Class_730,6
17/01/2026,06:57,CROSS_CITY_LINE_A,Class_730,6
17/01/2026,06:40,CROSS_CITY_LINE_A,Class_730,6
17/01/2026,06:05,CROSS_CITY_LINE_A,Class_730,6
17/01/2026,05:32,CROSS_CITY_LINE_A,Class_730,6
17/01/2026,05:17,CROSS_CITY_LINE_A,Class_730,6
17/01/2026,22:06,COVENTRY_STAFFORD,Class_390,11
17/01/2026,21:07,COVENTRY_STAFFORD,Class_390,11
17/01/2026,20:00,COVENTRY_STAFFORD,Class_390,11
17/01/2026,17:18,COVENTRY_STAFFORD,Class_390,11
17/01/2026,16:33,COVENTRY_STAFFORD,Class_390,11
17/01/2026,15:32,COVENTRY_STAFFORD,Class_390,11
17/01/2026,14:13,COVENTRY_STAFFORD,Class_390,11
17/01/2026,12:49,COVENTRY_STAFFORD,Class_390,11
17/01/2026,11:46,COVENTRY_STAFFORD,Class_390,11
17/01/2026,10:43,COVENTRY_STAFFORD,Class_390,11
17/01/2026,09:45,COVENTRY_STAFFORD,Class_390,11
17/01/2026,08:33,COVENTRY_STAFFORD,Class_390,11
17/01/2026,07:07,COVENTRY_STAFFORD,Class_390,11
17/01/2026,06:25,COVENTRY_STAFFORD,Class_390,11
17/01/2026,12:02,CROSS_CITY_LINE_A,Class_730,6
17/01/2026,12:27,CROSS_CITY_LINE_A,Class_730,6
17/01/2026,13:08,CROSS_CITY_LINE_A,Class_730,6
17/01/2026,13:39,CROSS_CITY_LINE_A,Class_730,6
17/01/2026,19:52,DORRIDGE_BIRMINGHAM_SNOW_HILL,Class_168,6
17/01/2026,10:08,CROSS_CITY_LINE_B,Class_730,6
17/01/2026,09:26,CROSS_CITY_LINE_B,Class_730,6
17/01/2026,08:50,CROSS_CITY_LINE_B,Class_730,6
17/01/2026,08:21,CROSS_CITY_LINE_B,Class_730,6
17/01/2026,07:52,CROSS_CITY_LINE_B,Class_730,6
17/01/2026,07:08,CROSS_CITY_LINE_B,Class_730,6
17/01/2026,06:46,CROSS_CITY_LINE_B,Class_730,6
17/01/2026,06:17,CROSS_CITY_LINE_B,Class_730,6
17/01/2026,05:51,CROSS_CITY_LINE_B,Class_730,6
17/01/2026,05:26,CROSS_CITY_LINE_B,Class_730,6
17/01/2026,23:29,CROSS_CITY_LINE_A,Class_730,6
17/01/2026,23:15,CROSS_CITY_LINE_A,Class_730,6
17/01/2026,23:07,STAFFORD_COVENTRY,Class_390,11
17/01/2026,22:56,CROSS_CITY_LINE_A,Class_730,6
17/01/2026,21:40,CROSS_CITY_LINE_A,Class_730,6
17/01/2026,21:12,CROSS_CITY_LINE_A,Class_730,6
17/01/2026,20:40,CROSS_CITY_LINE_A,Class_730,6
17/01/2026,20:17,CROSS_CITY_LINE_A,Class_730,6
17/01/2026,19:26,CROSS_CITY_LINE_A,Class_730,6
17/01/2026,18:54,CROSS_CITY_LINE_A,Class_730,6
17/01/2026,18:16,CROSS_CITY_LINE_A,Class_730,6
17/01/2026,17:36,CROSS_CITY_LINE_A,Class_730,6
17/01/2026,16:56,CROSS_CITY_LINE_A,Class_730,6
17/01/2026,16:42,CROSS_CITY_LINE_A,Class_730,6
17/01/2026,16:16,CROSS_CITY_LINE_A,Class_730,6
17/01/2026,15:06,CROSS_CITY_LINE_A,Class_730,6
17/01/2026,14:33,CROSS_CITY_LINE_A,Class_730,6
17/01/2026,22:28,CROSS_CITY_LINE_A,Class_730,6
17/01/2026,22:08,STAFFORD_COVENTRY,Class_390,11
17/01/2026,15:44,CROSS_CITY_LINE_A,Class_730,6
17/01/2026,20:07,STAFFORD_COVENTRY,Class_390,11
17/01/2026,07:16,RUGBY_BIRMINGHAM_NEW_STREET,Class_390,7
17/01/2026,20:08,BIRMINGHAM_NEW_STREET_RUGBY,Class_390,7
17/01/2026,18:40,BIRMINGHAM_NEW_STREET_RUGBY,Class_390,7
17/01/2026,17:23,BIRMINGHAM_NEW_STREET_RUGBY,Class_390,7
17/01/2026,16:25,BIRMINGHAM_NEW_STREET_RUGBY,Class_390,7
17/01/2026,15:22,BIRMINGHAM_NEW_STREET_RUGBY,Class_390,7
17/01/2026,14:18,BIRMINGHAM_NEW_STREET_RUGBY,Class_390,7
17/01/2026,12:40,BIRMINGHAM_NEW_STREET_RUGBY,Class_390,7
17/01/2026,11:44,BIRMINGHAM_NEW_STREET_RUGBY,Class_390,7
17/01/2026,10:47,BIRMINGHAM_NEW_STREET_RUGBY,Class_390,7
17/01/2026,09:38,BIRMINGHAM_NEW_STREET_RUGBY,Class_390,7
17/01/2026,08:32,BIRMINGHAM_NEW_STREET_RUGBY,Class_390,7
17/01/2026,07:11,BIRMINGHAM_NEW_STREET_RUGBY,Class_390,7
17/01/2026,08:13,RUGBY_BIRMINGHAM_NEW_STREET,Class_390,7
17/01/2026,06:19,BIRMINGHAM_NEW_STREET_RUGBY,Class_390,7
17/01/2026,19:49,RUGBY_WOLVERHAMPTON,Class_390,11
17/01/2026,05:45,WOLVERHAMPTON_COVENTRY,Class_390,11
17/01/2026,05:19,WOLVERHAMPTON_COVENTRY,Class_390,11
17/01/2026,05:03,WOLVERHAMPTON_COVENTRY,Class_390,11
17/01/2026,05:00,WOLVERHAMPTON_COVENTRY,Class_390,11
17/01/2026,23:21,DORRIDGE_STOURBRIDGE_JUNCTION,Class_168,6
17/01/2026,20:58,DORRIDGE_STOURBRIDGE_JUNCTION,Class_168,6
17/01/2026,18:36,DORRIDGE_STOURBRIDGE_JUNCTION,Class_168,6
17/01/2026,05:21,STOURBRIDGE_JUNCTION_DORRIDGE,Class_168,6
17/01/2026,23:35,DORRIDGE_BIRMINGHAM_SNOW_HILL,Class_168,6
17/01/2026,23:07,DORRIDGE_BIRMINGHAM_SNOW_HILL,Class_168,6
17/01/2026,21:01,STAFFORD_COVENTRY,Class_390,11
17/01/2026,22:04,DORRIDGE_BIRMINGHAM_SNOW_HILL,Class_168,6
17/01/2026,20:52,RUGBY_WOLVERHAMPTON,Class_390,11
17/01/2026,09:00,RUGBY_BIRMINGHAM_NEW_STREET,Class_390,7
17/01/2026,23:12,RUGBY_WOLVERHAMPTON,Class_390,11
17/01/2026,10:18,RUGBY_BIRMINGHAM_NEW_STREET,Class_390,7
17/01/2026,18:48,STAFFORD_COVENTRY,Class_390,11
17/01/2026,17:22,STAFFORD_COVENTRY,Class_390,11
17/01/2026,09:25,RUGBY_BIRMINGHAM_NEW_STREET,Class_390,7
17/01/2026,16:31,STAFFORD_COVENTRY,Class_390,11
17/01/2026,15:21,STAFFORD_COVENTRY,Class_390,11
17/01/2026,14:18,STAFFORD_COVENTRY,Class_390,11
17/01/2026,12:50,STAFFORD_COVENTRY,Class_390,11
17/01/2026,11:51,STAFFORD_COVENTRY,Class_390,11
17/01/2026,10:47,STAFFORD_COVENTRY,Class_390,11
17/01/2026,08:34,STAFFORD_COVENTRY,Class_390,11
17/01/2026,07:16,STAFFORD_COVENTRY,Class_390,11
17/01/2026,06:25,STAFFORD_COVENTRY,Class_390,11
17/01/2026,18:24,RUGBY_BIRMINGHAM_NEW_STREET,Class_390,7
17/01/2026,18:09,RUGBY_BIRMINGHAM_NEW_STREET,Class_390,7
17/01/2026,09:46,STAFFORD_COVENTRY,Class_390,11
17/01/2026,13:29,RUGBY_BIRMINGHAM_NEW_STREET,Class_390,7
17/01/2026,17:21,RUGBY_BIRMINGHAM_NEW_STREET,Class_390,7
17/01/2026,11:35,RUGBY_BIRMINGHAM_NEW_STREET,Class_390,7
17/01/2026,12:22,RUGBY_BIRMINGHAM_NEW_STREET,Class_390,7
17/01/2026,12:38,RUGBY_BIRMINGHAM_NEW_STREET,Class_390,7
17/01/2026,14:04,RUGBY_BIRMINGHAM_NEW_STREET,Class_390,7
17/01/2026,14:42,RUGBY_BIRMINGHAM_NEW_STREET,Class_390,7
17/01/2026,11:17,RUGBY_BIRMINGHAM_NEW_STREET,Class_390,7
17/01/2026,15:15,RUGBY_BIRMINGHAM_NEW_STREET,Class_390,7
17/01/2026,16:00,RUGBY_BIRMINGHAM_NEW_STREET,Class_390,7
17/01/2026,16:27,RUGBY_BIRMINGHAM_NEW_STREET,Class_390,7
17/01/2026,16:53,RUGBY_BIRMINGHAM_NEW_STREET,Class_390,7
17/01/2026,10:40,RUGBY_BIRMINGHAM_NEW_STREET,Class_390,7
18/01/2026,05:36,WALSALL_WOLVERHAMPTON,Class_730,3
18/01/2026,09:59,WALSALL_WOLVERHAMPTON,Class_738,3
18/01/2026,08:59,WALSALL_WOLVERHAMPTON,Class_735,3
18/01/2026,07:36,WALSALL_WOLVERHAMPTON,Class_734,3
18/01/2026,06:16,WALSALL_WOLVERHAMPTON,Class_732,3
18/01/2026,05:51,WALSALL_WOLVERHAMPTON,Class_731,3
18/01/2026,15:01,WOLVERHAMPTON_WALSALL,Class_730,3
18/01/2026,18:00,WOLVERHAMPTON_WALSALL,Class_730,3
18/01/2026,22:14,WOLVERHAMPTON_WALSALL,Class_730,3
18/01/2026,20:15,WOLVERHAMPTON_WALSALL,Class_730,3
18/01/2026,14:05,WOLVERHAMPTON_WALSALL,Class_730,3
18/01/2026,19:35,WOLVERHAMPTON_WALSALL,Class_730,3
18/01/2026,16:46,WOLVERHAMPTON_WALSALL,Class_730,3
18/01/2026,10:32,WALSALL_WOLVERHAMPTON,Class_739,3
18/01/2026,16:09,WOLVERHAMPTON_WALSALL,Class_730,3
18/01/2026,22:44,WOLVERHAMPTON_WALSALL,Class_730,3
18/01/2026,11:19,WALSALL_WOLVERHAMPTON,Class_741,3
18/01/2026,22:39,WALSALL_WOLVERHAMPTON,Class_762,3
18/01/2026,12:45,WALSALL_WOLVERHAMPTON,Class_743,3
18/01/2026,12:04,BIRMINGHAM_INTERNATIONA_WOLVERHAMPTON,Class_158,2
18/01/2026,13:46,WOLVERHAMPTON_WALSALL,Class_730,3
18/01/2026,15:31,BIRMINGHAM_INTERNATIONA_WOLVERHAMPTON,Class_158,2
18/01/2026,09:14,BIRMINGHAM_INTERNATIONA_WOLVERHAMPTON,Class_158,2
18/01/2026,07:50,BIRMINGHAM_INTERNATIONA_WOLVERHAMPTON,Class_158,2
18/01/2026,06:31,BIRMINGHAM_INTERNATIONA_WOLVERHAMPTON,Class_158,2
18/01/2026,22:11,WALSALL_WOLVERHAMPTON,Class_760,3
18/01/2026,20:33,WALSALL_WOLVERHAMPTON,Class_757,3
18/01/2026,19:48,WALSALL_WOLVERHAMPTON,Class_756,3
18/01/2026,18:05,WALSALL_WOLVERHAMPTON,Class_754,3
18/01/2026,16:43,WALSALL_WOLVERHAMPTON,Class_751,3
18/01/2026,15:56,WALSALL_WOLVERHAMPTON,Class_749,3
18/01/2026,15:03,WALSALL_WOLVERHAMPTON,Class_747,3
18/01/2026,14:06,WALSALL_WOLVERHAMPTON,Class_746,3
18/01/2026,13:48,WALSALL_WOLVERHAMPTON,Class_745,3
18/01/2026,11:48,WALSALL_WOLVERHAMPTON,Class_742,3
18/01/2026,12:46,WOLVERHAMPTON_WALSALL,Class_730,3
18/01/2026,05:23,NORTHAMPTON_BIRMINGHAM_NEW_STREET,Class_350,5
18/01/2026,11:08,WOLVERHAMPTON_WALSALL,Class_730,3
18/01/2026,19:20,NORTHAMPTON_BIRMINGHAM_NEW_STREET,Class_350,5
18/01/2026,16:52,NORTHAMPTON_BIRMINGHAM_NEW_STREET,Class_350,5
18/01/2026,15:21,NORTHAMPTON_BIRMINGHAM_NEW_STREET,Class_350,5
18/01/2026,14:00,NORTHAMPTON_BIRMINGHAM_NEW_STREET,Class_350,5
18/01/2026,10:46,NORTHAMPTON_BIRMINGHAM_NEW_STREET,Class_350,5
18/01/2026,07:22,NORTHAMPTON_BIRMINGHAM_NEW_STREET,Class_350,5
18/01/2026,06:04,NORTHAMPTON_BIRMINGHAM_NEW_STREET,Class_350,5
18/01/2026,22:10,BIRMINGHAM_INTERNATIONAL_RUGELEY_TRENT_VALLEY,Class_730,3
18/01/2026,21:11,BIRMINGHAM_INTERNATIONAL_RUGELEY_TRENT_VALLEY,Class_730,3
18/01/2026,19:34,BIRMINGHAM_INTERNATIONAL_RUGELEY_TRENT_VALLEY,Class_730,3
18/01/2026,18:49,BIRMINGHAM_INTERNATIONAL_RUGELEY_TRENT_VALLEY,Class_730,3
18/01/2026,17:29,BIRMINGHAM_INTERNATIONAL_RUGELEY_TRENT_VALLEY,Class_730,3
18/01/2026,15:46,BIRMINGHAM_INTERNATIONAL_RUGELEY_TRENT_VALLEY,Class_730,3
18/01/2026,16:21,BIRMINGHAM_INTERNATIONA_WOLVERHAMPTON,Class_158,2
18/01/2026,15:20,BIRMINGHAM_INTERNATIONAL_RUGELEY_TRENT_VALLEY,Class_730,3
18/01/2026,20:46,NORTHAMPTON_BIRMINGHAM_NEW_STREET,Class_350,5
18/01/2026,11:52,WOLVERHAMPTON_WALSALL,Class_730,3
18/01/2026,22:02,NORTHAMPTON_BIRMINGHAM_NEW_STREET,Class_350,5
18/01/2026,09:06,BIRMINGHAM_NEW_STREET_NORTHAMPTON,Class_350,8
18/01/2026,10:24,WOLVERHAMPTON_WALSALL,Class_730,3
18/01/2026,09:58,WOLVERHAMPTON_WALSALL,Class_730,3
18/01/2026,08:53,WOLVERHAMPTON_WALSALL,Class_730,3
18/01/2026,07:32,WOLVERHAMPTON_WALSALL,Class_730,3
18/01/2026,06:19,WOLVERHAMPTON_WALSALL,Class_730,3
18/01/2026,05:55,WOLVERHAMPTON_WALSALL,Class_730,3
18/01/2026,05:34,WOLVERHAMPTON_WALSALL,Class_730,3
18/01/2026,23:15,BIRMINGHAM_NEW_STREET_NORTHAMPTON,Class_350,8
18/01/2026,22:33,BIRMINGHAM_NEW_STREET_NORTHAMPTON,Class_350,8
18/01/2026,21:21,BIRMINGHAM_NEW_STREET_NORTHAMPTON,Class_350,8
18/01/2026,19:03,BIRMINGHAM_NEW_STREET_NORTHAMPTON,Class_350,8
18/01/2026,16:48,BIRMINGHAM_NEW_STREET_NORTHAMPTON,Class_350,8
18/01/2026,16:09,BIRMINGHAM_NEW_STREET_NORTHAMPTON,Class_350,8
18/01/2026,12:47,BIRMINGHAM_NEW_STREET_NORTHAMPTON,Class_350,8
18/01/2026,09:49,BIRMINGHAM_NEW_STREET_NORTHAMPTON,Class_350,8
18/01/2026,07:08,BIRMINGHAM_NEW_STREET_NORTHAMPTON,Class_350,8
18/01/2026,18:25,BIRMINGHAM_INTERNATIONA_WOLVERHAMPTON,Class_158,2
18/01/2026,23:29,BIRMINGHAM_SNOW_HILL_DORRIDGE,Class_168,6
18/01/2026,05:23,WOLVERHAMPTON_BIRMINGHAM_INTERNATIONAL,Class_158,2
18/01/2026,10:52,BIRMINGHAM_SNOW_HILL_DORRIDGE,Class_168,6
18/01/2026,10:06,BIRMINGHAM_SNOW_HILL_DORRIDGE,Class_168,6
18/01/2026,09:10,BIRMINGHAM_SNOW_HILL_DORRIDGE,Class_168,6
18/01/2026,23:25,DORRIDGE_BIRMINGHAM_MOOR_STREET,Class_168,6
18/01/2026,22:33,DORRIDGE_BIRMINGHAM_MOOR_STREET,Class_168,6
18/01/2026,21:03,DORRIDGE_BIRMINGHAM_MOOR_STREET,Class_168,6
18/01/2026,20:39,DORRIDGE_BIRMINGHAM_MOOR_STREET,Class_168,6
18/01/2026,19:10,DORRIDGE_BIRMINGHAM_MOOR_STREET,Class_168,6
18/01/2026,17:07,DORRIDGE_BIRMINGHAM_MOOR_STREET,Class_168,6
18/01/2026,16:22,DORRIDGE_BIRMINGHAM_MOOR_STREET,Class_168,6
18/01/2026,15:40,DORRIDGE_BIRMINGHAM_MOOR_STREET,Class_168,6
18/01/2026,15:14,DORRIDGE_BIRMINGHAM_MOOR_STREET,Class_168,6
18/01/2026,14:18,DORRIDGE_BIRMINGHAM_MOOR_STREET,Class_168,6
18/01/2026,13:19,DORRIDGE_BIRMINGHAM_MOOR_STREET,Class_168,6
18/01/2026,12:54,DORRIDGE_BIRMINGHAM_MOOR_STREET,Class_168,6
18/01/2026,14:17,BIRMINGHAM_SNOW_HILL_DORRIDGE,Class_168,6
18/01/2026,12:16,DORRIDGE_BIRMINGHAM_MOOR_STREET,Class_168,6
18/01/2026,17:01,BIRMINGHAM_SNOW_HILL_DORRIDGE,Class_168,6
18/01/2026,21:03,BIRMINGHAM_SNOW_HILL_DORRIDGE,Class_168,6
18/01/2026,14:48,BIRMINGHAM_INTERNATIONAL_RUGELEY_TRENT_VALLEY,Class_730,3
18/01/2026,05:08,WOLVERHAMPTON_COVENTRY,Class_390,11
18/01/2026,21:14,DORRIDGE_STOURBRIDGE_JUNCTION,Class_168,6
18/01/2026,18:39,DORRIDGE_STOURBRIDGE_JUNCTION,Class_168,6
18/01/2026,05:46,STOURBRIDGE_JUNCTION_DORRIDGE,Class_168,6
18/01/2026,23:30,DORRIDGE_BIRMINGHAM_SNOW_HILL,Class_168,6
18/01/2026,23:10,DORRIDGE_BIRMINGHAM_SNOW_HILL,Class_168,6
18/01/2026,21:14,DORRIDGE_BIRMINGHAM_SNOW_HILL,Class_168,6
18/01/2026,18:41,DORRIDGE_BIRMINGHAM_SNOW_HILL,Class_168,6
18/01/2026,17:18,DORRIDGE_BIRMINGHAM_SNOW_HILL,Class_168,6
18/01/2026,14:32,DORRIDGE_BIRMINGHAM_SNOW_HILL,Class_168,6
18/01/2026,11:07,DORRIDGE_BIRMINGHAM_SNOW_HILL,Class_168,6
18/01/2026,10:20,DORRIDGE_BIRMINGHAM_SNOW_HILL,Class_168,6
18/01/2026,09:24,DORRIDGE_BIRMINGHAM_SNOW_HILL,Class_168,6
18/01/2026,22:54,BIRMINGHAM_SNOW_HILL_DORRIDGE,Class_168,6
18/01/2026,18:27,BIRMINGHAM_SNOW_HILL_DORRIDGE,Class_168,6
18/01/2026,10:56,DORRIDGE_BIRMINGHAM_MOOR_STREET,Class_168,6
18/01/2026,10:40,DORRIDGE_BIRMINGHAM_MOOR_STREET,Class_168,6
18/01/2026,09:24,DORRIDGE_BIRMINGHAM_MOOR_STREET,Class_168,6
18/01/2026,09:39,BIRMINGHAM_MOOR_STREET_DORRIDGE,Class_168,6
18/01/2026,08:06,BIRMINGHAM_MOOR_STREET_DORRIDGE,Class_168,6
18/01/2026,07:09,BIRMINGHAM_MOOR_STREET_DORRIDGE,Class_168,6
18/01/2026,06:34,BIRMINGHAM_MOOR_STREET_DORRIDGE,Class_168,6
18/01/2026,05:21,BIRMINGHAM_MOOR_STREET_DORRIDGE,Class_168,6
18/01/2026,05:08,BIRMINGHAM_MOOR_STREET_DORRIDGE,Class_168,6
18/01/2026,23:03,WOLVERHAMPTON_BIRMINGHAM_INTERNATIONAL,Class_158,2
18/01/2026,22:16,WOLVERHAMPTON_BIRMINGHAM_INTERNATIONAL,Class_158,2
18/01/2026,20:58,WOLVERHAMPTON_BIRMINGHAM_INTERNATIONAL,Class_158,2
18/01/2026,18:23,WOLVERHAMPTON_BIRMINGHAM_INTERNATIONAL,Class_158,2
18/01/2026,16:21,WOLVERHAMPTON_BIRMINGHAM_INTERNATIONAL,Class_158,2
18/01/2026,15:37,WOLVERHAMPTON_BIRMINGHAM_INTERNATIONAL,Class_158,2
18/01/2026,12:06,WOLVERHAMPTON_BIRMINGHAM_INTERNATIONAL,Class_158,2
18/01/2026,07:42,WOLVERHAMPTON_BIRMINGHAM_INTERNATIONAL,Class_158,2
18/01/2026,06:33,WOLVERHAMPTON_BIRMINGHAM_INTERNATIONAL,Class_158,2
18/01/2026,09:52,BIRMINGHAM_MOOR_STREET_DORRIDGE,Class_168,6
18/01/2026,10:39,BIRMINGHAM_MOOR_STREET_DORRIDGE,Class_168,6
18/01/2026,10:53,BIRMINGHAM_MOOR_STREET_DORRIDGE,Class_168,6
18/01/2026,11:22,BIRMINGHAM_MOOR_STREET_DORRIDGE,Class_168,6
18/01/2026,09:06,DORRIDGE_BIRMINGHAM_MOOR_STREET,Class_168,6
18/01/2026,07:11,DORRIDGE_BIRMINGHAM_MOOR_STREET,Class_168,6
18/01/2026,06:36,DORRIDGE_BIRMINGHAM_MOOR_STREET,Class_168,6
18/01/2026,06:02,DORRIDGE_BIRMINGHAM_MOOR_STREET,Class_168,6
18/01/2026,23:22,BIRMINGHAM_MOOR_STREET_DORRIDGE,Class_168,6
18/01/2026,22:26,BIRMINGHAM_MOOR_STREET_DORRIDGE,Class_168,6
18/01/2026,21:39,BIRMINGHAM_MOOR_STREET_DORRIDGE,Class_168,6
18/01/2026,19:51,BIRMINGHAM_INTERNATIONA_WOLVERHAMPTON,Class_158,2
18/01/2026,20:38,BIRMINGHAM_MOOR_STREET_DORRIDGE,Class_168,6
18/01/2026,18:31,BIRMINGHAM_MOOR_STREET_DORRIDGE,Class_168,6
18/01/2026,17:28,BIRMINGHAM_MOOR_STREET_DORRIDGE,Class_168,6
18/01/2026,17:03,BIRMINGHAM_MOOR_STREET_DORRIDGE,Class_168,6
18/01/2026,15:07,BIRMINGHAM_MOOR_STREET_DORRIDGE,Class_168,6
18/01/2026,13:50,BIRMINGHAM_MOOR_STREET_DORRIDGE,Class_168,6
18/01/2026,13:22,BIRMINGHAM_MOOR_STREET_DORRIDGE,Class_168,6
18/01/2026,12:53,BIRMINGHAM_MOOR_STREET_DORRIDGE,Class_168,6
18/01/2026,19:06,BIRMINGHAM_MOOR_STREET_DORRIDGE,Class_168,6
18/01/2026,13:35,BIRMINGHAM_INTERNATIONAL_RUGELEY_TRENT_VALLEY,Class_730,3
18/01/2026,13:10,BIRMINGHAM_INTERNATIONAL_RUGELEY_TRENT_VALLEY,Class_730,3
18/01/2026,12:24,BIRMINGHAM_INTERNATIONAL_RUGELEY_TRENT_VALLEY,Class_730,3
18/01/2026,14:06,CROSS_CITY_LINE_A,Class_730,6
18/01/2026,13:49,CROSS_CITY_LINE_A,Class_730,6
18/01/2026,12:49,CROSS_CITY_LINE_A,Class_730,6
18/01/2026,11:55,CROSS_CITY_LINE_A,Class_730,6
18/01/2026,11:19,CROSS_CITY_LINE_A,Class_730,6
18/01/2026,10:39,CROSS_CITY_LINE_A,Class_730,6
18/01/2026,10:04,CROSS_CITY_LINE_A,Class_730,6
18/01/2026,09:06,CROSS_CITY_LINE_A,Class_730,6
18/01/2026,07:49,CROSS_CITY_LINE_A,Class_730,6
18/01/2026,06:32,CROSS_CITY_LINE_A,Class_730,6
18/01/2026,05:57,CROSS_CITY_LINE_A,Class_730,6
18/01/2026,05:45,CROSS_CITY_LINE_A,Class_730,6
18/01/2026,22:27,COVENTRY_STAFFORD,Class_390,11
18/01/2026,21:18,COVENTRY_STAFFORD,Class_390,11
18/01/2026,18:59,COVENTRY_STAFFORD,Class_390,11
18/01/2026,15:06,CROSS_CITY_LINE_A,Class_730,6
18/01/2026,16:37,COVENTRY_STAFFORD,Class_390,11
18/01/2026,16:10,CROSS_CITY_LINE_A,Class_730,6
18/01/2026,18:21,CROSS_CITY_LINE_A,Class_730,6
18/01/2026,13:04,CROSS_CITY_LINE_B,Class_730,6
18/01/2026,12:28,CROSS_CITY_LINE_B,Class_730,6
18/01/2026,11:25,CROSS_CITY_LINE_B,Class_730,6
18/01/2026,10:46,CROSS_CITY_LINE_B,Class_730,6
18/01/2026,10:14,CROSS_CITY_LINE_B,Class_730,6
18/01/2026,09:09,CROSS_CITY_LINE_B,Class_730,6
18/01/2026,08:26,CROSS_CITY_LINE_B,Class_730,6
18/01/2026,06:54,CROSS_CITY_LINE_B,Class_730,6
18/01/2026,06:05,CROSS_CITY_LINE_B,Class_730,6
18/01/2026,05:49,CROSS_CITY_LINE_B,Class_730,6
18/01/2026,23:15,CROSS_CITY_LINE_A,Class_730,6
18/01/2026,22:53,CROSS_CITY_LINE_A,Class_730,6
18/01/2026,21:31,CROSS_CITY_LINE_A,Class_730,6
18/01/2026,20:35,CROSS_CITY_LINE_A,Class_730,6
18/01/2026,19:52,CROSS_CITY_LINE_A,Class_730,6
18/01/2026,16:48,CROSS_CITY_LINE_A,Class_730,6
18/01/2026,13:53,CROSS_CITY_LINE_B,Class_730,6
18/01/2026,15:46,COVENTRY_STAFFORD,Class_390,11
18/01/2026,09:46,COVENTRY_STAFFORD,Class_390,11
18/01/2026,11:07,RUGBY_BIRMINGHAM_NEW_STREET,Class_390,7
18/01/2026,10:17,RUGBY_BIRMINGHAM_NEW_STREET,Class_390,7
18/01/2026,09:16,RUGBY_BIRMINGHAM_NEW_STREET,Class_390,7
18/01/2026,09:02,RUGBY_BIRMINGHAM_NEW_STREET,Class_390,7
18/01/2026,20:04,BIRMINGHAM_NEW_STREET_RUGBY,Class_390,7
18/01/2026,18:41,BIRMINGHAM_NEW_STREET_RUGBY,Class_390,7
18/01/2026,16:39,BIRMINGHAM_NEW_STREET_RUGBY,Class_390,7
18/01/2026,15:52,BIRMINGHAM_NEW_STREET_RUGBY,Class_390,7
18/01/2026,12:42,BIRMINGHAM_NEW_STREET_RUGBY,Class_390,7
18/01/2026,09:45,BIRMINGHAM_NEW_STREET_RUGBY,Class_390,7
18/01/2026,08:34,BIRMINGHAM_NEW_STREET_RUGBY,Class_390,7
18/01/2026,07:06,BIRMINGHAM_NEW_STREET_RUGBY,Class_390,7
18/01/2026,20:58,RUGBY_WOLVERHAMPTON,Class_390,11
18/01/2026,20:01,RUGBY_WOLVERHAMPTON,Class_390,11
18/01/2026,06:00,WOLVERHAMPTON_COVENTRY,Class_390,11
18/01/2026,13:15,RUGBY_BIRMINGHAM_NEW_STREET,Class_390,7
18/01/2026,12:30,COVENTRY_STAFFORD,Class_390,11
18/01/2026,14:21,RUGBY_BIRMINGHAM_NEW_STREET,Class_390,7
18/01/2026,16:35,RUGBY_BIRMINGHAM_NEW_STREET,Class_390,7
18/01/2026,08:19,COVENTRY_STAFFORD,Class_390,11
18/01/2026,06:42,COVENTRY_STAFFORD,Class_390,11
18/01/2026,23:11,STAFFORD_COVENTRY,Class_390,11
18/01/2026,22:32,STAFFORD_COVENTRY,Class_390,11
18/01/2026,21:14,STAFFORD_COVENTRY,Class_390,11
18/01/2026,19:02,STAFFORD_COVENTRY,Class_390,11
18/01/2026,16:37,STAFFORD_COVENTRY,Class_390,11
18/01/2026,15:48,STAFFORD_COVENTRY,Class_390,11
18/01/2026,12:34,STAFFORD_COVENTRY,Class_390,11
18/01/2026,09:45,STAFFORD_COVENTRY,Class_390,11
18/01/2026,08:38,STAFFORD_COVENTRY,Class_390,11
18/01/2026,07:06,STAFFORD_COVENTRY,Class_390,11
18/01/2026,17:52,RUGBY_BIRMINGHAM_NEW_STREET,Class_390,7
18/01/2026,17:06,RUGBY_BIRMINGHAM_NEW_STREET,Class_390,7
18/01/2026,17:00,RUGBY_BIRMINGHAM_NEW_STREET,Class_390,7
18/01/2026,15:41,RUGBY_BIRMINGHAM_NEW_STREET,Class_390,7
18/01/2026,14:43,CROSS_CITY_LINE_B,Class_730,6
18/01/2026,09:53,RUGBY_BIRMINGHAM_NEW_STREET,Class_390,7
18/01/2026,17:40,CROSS_CITY_LINE_B,Class_730,6
18/01/2026,10:23,RUGELEY_TRENT_VALLEY_BIRMINGHAM_INTERNATIONAL,Class_730,3
18/01/2026,09:07,RUGELEY_TRENT_VALLEY_BIRMINGHAM_INTERNATIONAL,Class_730,3
18/01/2026,08:48,RUGELEY_TRENT_VALLEY_BIRMINGHAM_INTERNATIONAL,Class_730,3
18/01/2026,06:45,RUGELEY_TRENT_VALLEY_BIRMINGHAM_INTERNATIONAL,Class_730,3
18/01/2026,06:10,RUGELEY_TRENT_VALLEY_BIRMINGHAM_INTERNATIONAL,Class_730,3
18/01/2026,05:48,RUGELEY_TRENT_VALLEY_BIRMINGHAM_INTERNATIONAL,Class_730,3
18/01/2026,23:07,FOUR_OAKS_REDDITCH,Class_730,6
18/01/2026,22:37,FOUR_OAKS_REDDITCH,Class_730,6
18/01/2026,21:10,FOUR_OAKS_REDDITCH,Class_730,6
18/01/2026,19:57,FOUR_OAKS_REDDITCH,Class_730,6
18/01/2026,19:14,FOUR_OAKS_REDDITCH,Class_730,6
18/01/2026,17:27,FOUR_OAKS_REDDITCH,Class_730,6
18/01/2026,16:31,FOUR_OAKS_REDDITCH,Class_730,6
18/01/2026,15:40,FOUR_OAKS_REDDITCH,Class_730,6
18/01/2026,14:21,FOUR_OAKS_REDDITCH,Class_730,6
18/01/2026,10:49,RUGELEY_TRENT_VALLEY_BIRMINGHAM_INTERNATIONAL,Class_730,3
18/01/2026,13:52,FOUR_OAKS_REDDITCH,Class_730,6
18/01/2026,11:42,RUGELEY_TRENT_VALLEY_BIRMINGHAM_INTERNATIONAL,Class_730,3
18/01/2026,13:05,RUGELEY_TRENT_VALLEY_BIRMINGHAM_INTERNATIONAL,Class_730,3
18/01/2026,15:17,CROSS_CITY_LINE_B,Class_730,6
18/01/2026,11:07,BIRMINGHAM_INTERNATIONAL_RUGELEY_TRENT_VALLEY,Class_730,3
18/01/2026,10:41,BIRMINGHAM_INTERNATIONAL_RUGELEY_TRENT_VALLEY,Class_730,3
18/01/2026,09:29,BIRMINGHAM_INTERNATIONAL_RUGELEY_TRENT_VALLEY,Class_730,3
18/01/2026,09:07,BIRMINGHAM_INTERNATIONAL_RUGELEY_TRENT_VALLEY,Class_730,3
18/01/2026,07:20,BIRMINGHAM_INTERNATIONAL_RUGELEY_TRENT_VALLEY,Class_730,3
18/01/2026,06:58,BIRMINGHAM_INTERNATIONAL_RUGELEY_TRENT_VALLEY,Class_730,3
18/01/2026,21:52,RUGELEY_TRENT_VALLEY_BIRMINGHAM_INTERNATIONAL,Class_730,3
18/01/2026,20:53,RUGELEY_TRENT_VALLEY_BIRMINGHAM_INTERNATIONAL,Class_730,3
18/01/2026,18:40,RUGELEY_TRENT_VALLEY_BIRMINGHAM_INTERNATIONAL,Class_730,3
18/01/2026,17:28,RUGELEY_TRENT_VALLEY_BIRMINGHAM_INTERNATIONAL,Class_730,3
18/01/2026,17:12,RUGELEY_TRENT_VALLEY_BIRMINGHAM_INTERNATIONAL,Class_730,3
18/01/2026,15:23,RUGELEY_TRENT_VALLEY_BIRMINGHAM_INTERNATIONAL,Class_730,3
18/01/2026,14:23,RUGELEY_TRENT_VALLEY_BIRMINGHAM_INTERNATIONAL,Class_730,3
18/01/2026,13:57,RUGELEY_TRENT_VALLEY_BIRMINGHAM_INTERNATIONAL,Class_730,3
18/01/2026,12:42,RUGELEY_TRENT_VALLEY_BIRMINGHAM_INTERNATIONAL,Class_730,3
18/01/2026,13:28,FOUR_OAKS_REDDITCH,Class_730,6
18/01/2026,06:11,BIRMINGHAM_INTERNATIONAL_RUGELEY_TRENT_VALLEY,Class_730,3
18/01/2026,11:40,FOUR_OAKS_REDDITCH,Class_730,6
18/01/2026,12:44,REDDITCH_FOUR_OAKS,Class_730,6
18/01/2026,11:54,REDDITCH_FOUR_OAKS,Class_730,6
18/01/2026,11:09,REDDITCH_FOUR_OAKS,Class_730,6
18/01/2026,10:32,REDDITCH_FOUR_OAKS,Class_730,6
18/01/2026,09:57,REDDITCH_FOUR_OAKS,Class_730,6
18/01/2026,09:05,REDDITCH_FOUR_OAKS,Class_730,6
18/01/2026,07:37,REDDITCH_FOUR_OAKS,Class_730,6
18/01/2026,06:24,REDDITCH_FOUR_OAKS,Class_730,6
18/01/2026,05:53,REDDITCH_FOUR_OAKS,Class_730,6
18/01/2026,05:31,REDDITCH_FOUR_OAKS,Class_730,6
18/01/2026,21:42,CROSS_CITY_LINE_B,Class_730,6
18/01/2026,20:13,CROSS_CITY_LINE_B,Class_730,6
18/01/2026,19:22,CROSS_CITY_LINE_B,Class_730,6
18/01/2026,12:15,FOUR_OAKS_REDDITCH,Class_730,6
18/01/2026,18:42,CROSS_CITY_LINE_B,Class_730,6
18/01/2026,13:36,REDDITCH_FOUR_OAKS,Class_730,6
18/01/2026,14:03,REDDITCH_FOUR_OAKS,Class_730,6
18/01/2026,22:27,CROSS_CITY_LINE_B,Class_730,6
18/01/2026,15:58,REDDITCH_FOUR_OAKS,Class_730,6
18/01/2026,14:58,REDDITCH_FOUR_OAKS,Class_730,6
18/01/2026,09:53,FOUR_OAKS_REDDITCH,Class_730,6
18/01/2026,07:52,FOUR_OAKS_REDDITCH,Class_730,6
18/01/2026,10:59,FOUR_OAKS_REDDITCH,Class_730,6
18/01/2026,06:00,FOUR_OAKS_REDDITCH,Class_730,6
18/01/2026,05:45,FOUR_OAKS_REDDITCH,Class_730,6
18/01/2026,05:15,FOUR_OAKS_REDDITCH,Class_730,6
18/01/2026,07:16,FOUR_OAKS_REDDITCH,Class_730,6
18/01/2026,22:52,REDDITCH_FOUR_OAKS,Class_730,6
18/01/2026,16:46,REDDITCH_FOUR_OAKS,Class_730,6
18/01/2026,23:12,REDDITCH_FOUR_OAKS,Class_730,6
18/01/2026,18:15,REDDITCH_FOUR_OAKS,Class_730,6
18/01/2026,10:13,FOUR_OAKS_REDDITCH,Class_730,6
18/01/2026,20:17,REDDITCH_FOUR_OAKS,Class_730,6
18/01/2026,21:18,REDDITCH_FOUR_OAKS,Class_730,6
18/01/2026,19:47,REDDITCH_FOUR_OAKS,Class_730,6
19/01/2026,18:22,FOUR_OAKS_REDDITCH,Class_730,6
19/01/2026,06:21,RUGELEY_TRENT_VALLEY_BIRMINGHAM_INTERNATIONAL,Class_730,3
19/01/2026,05:37,RUGELEY_TRENT_VALLEY_BIRMINGHAM_INTERNATIONAL,Class_730,3
19/01/2026,23:14,FOUR_OAKS_REDDITCH,Class_730,6
19/01/2026,22:23,FOUR_OAKS_REDDITCH,Class_730,6
19/01/2026,21:49,FOUR_OAKS_REDDITCH,Class_730,6
19/01/2026,05:56,RUGELEY_TRENT_VALLEY_BIRMINGHAM_INTERNATIONAL,Class_730,3
19/01/2026,21:21,FOUR_OAKS_REDDITCH,Class_730,6
19/01/2026,20:42,FOUR_OAKS_REDDITCH,Class_730,6
19/01/2026,20:04,FOUR_OAKS_REDDITCH,Class_730,6
19/01/2026,19:33,FOUR_OAKS_REDDITCH,Class_730,6
19/01/2026,18:59,FOUR_OAKS_REDDITCH,Class_730,6
19/01/2026,22:50,FOUR_OAKS_REDDITCH,Class_730,6
19/01/2026,14:33,FOUR_OAKS_REDDITCH,Class_730,6
19/01/2026,17:20,FOUR_OAKS_REDDITCH,Class_730,6
19/01/2026,16:54,FOUR_OAKS_REDDITCH,Class_730,6
19/01/2026,16:31,FOUR_OAKS_REDDITCH,Class_730,6
19/01/2026,15:22,FOUR_OAKS_REDDITCH,Class_730,6
19/01/2026,15:03,FOUR_OAKS_REDDITCH,Class_730,6
19/01/2026,13:56,FOUR_OAKS_REDDITCH,Class_730,6
19/01/2026,13:29,FOUR_OAKS_REDDITCH,Class_730,6
19/01/2026,13:00,FOUR_OAKS_REDDITCH,Class_730,6
19/01/2026,12:27,FOUR_OAKS_REDDITCH,Class_730,6
19/01/2026,11:44,FOUR_OAKS_REDDITCH,Class_730,6
19/01/2026,06:54,RUGELEY_TRENT_VALLEY_BIRMINGHAM_INTERNATIONAL,Class_730,3
19/01/2026,11:27,FOUR_OAKS_REDDITCH,Class_730,6
19/01/2026,10:55,FOUR_OAKS_REDDITCH,Class_730,6
19/01/2026,17:47,FOUR_OAKS_REDDITCH,Class_730,6
19/01/2026,07:23,RUGELEY_TRENT_VALLEY_BIRMINGHAM_INTERNATIONAL,Class_730,3
19/01/2026,16:57,RUGELEY_TRENT_VALLEY_BIRMINGHAM_INTERNATIONAL,Class_730,3
19/01/2026,08:48,RUGELEY_TRENT_VALLEY_BIRMINGHAM_INTERNATIONAL,Class_730,3
19/01/2026,07:24,BIRMINGHAM_INTERNATIONAL_RUGELEY_TRENT_VALLEY,Class_730,3
19/01/2026,10:09,FOUR_OAKS_REDDITCH,Class_730,6
19/01/2026,06:58,BIRMINGHAM_INTERNATIONAL_RUGELEY_TRENT_VALLEY,Class_730,3
19/01/2026,06:26,BIRMINGHAM_INTERNATIONAL_RUGELEY_TRENT_VALLEY,Class_730,3
19/01/2026,05:54,BIRMINGHAM_INTERNATIONAL_RUGELEY_TRENT_VALLEY,Class_730,3
19/01/2026,22:09,RUGELEY_TRENT_VALLEY_BIRMINGHAM_INTERNATIONAL,Class_730,3
19/01/2026,21:32,RUGELEY_TRENT_VALLEY_BIRMINGHAM_INTERNATIONAL,Class_730,3
19/01/2026,20:52,RUGELEY_TRENT_VALLEY_BIRMINGHAM_INTERNATIONAL,Class_730,3
19/01/2026,20:15,RUGELEY_TRENT_VALLEY_BIRMINGHAM_INTERNATIONAL,Class_730,3
19/01/2026,19:47,RUGELEY_TRENT_VALLEY_BIRMINGHAM_INTERNATIONAL,Class_730,3
19/01/2026,19:04,RUGELEY_TRENT_VALLEY_BIRMINGHAM_INTERNATIONAL,Class_730,3
19/01/2026,18:31,RUGELEY_TRENT_VALLEY_BIRMINGHAM_INTERNATIONAL,Class_730,3
19/01/2026,17:56,RUGELEY_TRENT_VALLEY_BIRMINGHAM_INTERNATIONAL,Class_730,3
19/01/2026,07:50,RUGELEY_TRENT_VALLEY_BIRMINGHAM_INTERNATIONAL,Class_730,3
19/01/2026,17:15,RUGELEY_TRENT_VALLEY_BIRMINGHAM_INTERNATIONAL,Class_730,3
19/01/2026,15:40,RUGELEY_TRENT_VALLEY_BIRMINGHAM_INTERNATIONAL,Class_730,3
19/01/2026,15:11,RUGELEY_TRENT_VALLEY_BIRMINGHAM_INTERNATIONAL,Class_730,3
19/01/2026,14:36,RUGELEY_TRENT_VALLEY_BIRMINGHAM_INTERNATIONAL,Class_730,3
19/01/2026,13:59,RUGELEY_TRENT_VALLEY_BIRMINGHAM_INTERNATIONAL,Class_730,3
19/01/2026,13:34,RUGELEY_TRENT_VALLEY_BIRMINGHAM_INTERNATIONAL,Class_730,3
19/01/2026,13:06,RUGELEY_TRENT_VALLEY_BIRMINGHAM_INTERNATIONAL,Class_730,3
19/01/2026,12:45,RUGELEY_TRENT_VALLEY_BIRMINGHAM_INTERNATIONAL,Class_730,3
19/01/2026,12:06,RUGELEY_TRENT_VALLEY_BIRMINGHAM_INTERNATIONAL,Class_730,3
19/01/2026,11:30,RUGELEY_TRENT_VALLEY_BIRMINGHAM_INTERNATIONAL,Class_730,3
19/01/2026,11:01,RUGELEY_TRENT_VALLEY_BIRMINGHAM_INTERNATIONAL,Class_730,3
19/01/2026,10:17,RUGELEY_TRENT_VALLEY_BIRMINGHAM_INTERNATIONAL,Class_730,3
19/01/2026,09:38,RUGELEY_TRENT_VALLEY_BIRMINGHAM_INTERNATIONAL,Class_730,3
19/01/2026,09:17,RUGELEY_TRENT_VALLEY_BIRMINGHAM_INTERNATIONAL,Class_730,3
19/01/2026,16:38,RUGELEY_TRENT_VALLEY_BIRMINGHAM_INTERNATIONAL,Class_730,3
19/01/2026,09:30,FOUR_OAKS_REDDITCH,Class_730,6
19/01/2026,08:07,REDDITCH_FOUR_OAKS,Class_730,6
19/01/2026,08:36,FOUR_OAKS_REDDITCH,Class_730,6
19/01/2026,09:18,REDDITCH_FOUR_OAKS,Class_730,6
19/01/2026,08:55,REDDITCH_FOUR_OAKS,Class_730,6
19/01/2026,07:37,REDDITCH_FOUR_OAKS,Class_730,6
19/01/2026,07:13,REDDITCH_FOUR_OAKS,Class_730,6
19/01/2026,06:36,REDDITCH_FOUR_OAKS,Class_730,6
19/01/2026,06:06,REDDITCH_FOUR_OAKS,Class_730,6
19/01/2026,05:37,REDDITCH_FOUR_OAKS,Class_730,6
19/01/2026,05:27,REDDITCH_FOUR_OAKS,Class_730,6
19/01/2026,22:34,CROSS_CITY_LINE_B,Class_730,6
19/01/2026,21:50,CROSS_CITY_LINE_B,Class_730,6
19/01/2026,21:24,CROSS_CITY_LINE_B,Class_730,6
19/01/2026,20:56,CROSS_CITY_LINE_B,Class_730,6
19/01/2026,20:07,CROSS_CITY_LINE_B,Class_730,6
19/01/2026,19:48,CROSS_CITY_LINE_B,Class_730,6
19/01/2026,19:10,CROSS_CITY_LINE_B,Class_730,6
19/01/2026,18:26,CROSS_CITY_LINE_B,Class_730,6
19/01/2026,17:49,CROSS_CITY_LINE_B,Class_730,6
19/01/2026,17:32,CROSS_CITY_LINE_B,Class_730,6
19/01/2026,16:58,CROSS_CITY_LINE_B,Class_730,6
19/01/2026,16:39,CROSS_CITY_LINE_B,Class_730,6
19/01/2026,15:23,CROSS_CITY_LINE_B,Class_730,6
19/01/2026,15:00,CROSS_CITY_LINE_B,Class_730,6
19/01/2026,14:42,CROSS_CITY_LINE_B,Class_730,6
19/01/2026,14:12,CROSS_CITY_LINE_B,Class_730,6
19/01/2026,13:32,CROSS_CITY_LINE_B,Class_730,6
19/01/2026,13:04,CROSS_CITY_LINE_B,Class_730,6
19/01/2026,07:46,BIRMINGHAM_INTERNATIONAL_RUGELEY_TRENT_VALLEY,Class_730,3
19/01/2026,09:51,REDDITCH_FOUR_OAKS,Class_730,6
19/01/2026,10:36,REDDITCH_FOUR_OAKS,Class_730,6
19/01/2026,11:21,REDDITCH_FOUR_OAKS,Class_730,6
19/01/2026,11:39,REDDITCH_FOUR_OAKS,Class_730,6
19/01/2026,07:49,FOUR_OAKS_REDDITCH,Class_730,6
19/01/2026,07:21,FOUR_OAKS_REDDITCH,Class_730,6
19/01/2026,06:44,FOUR_OAKS_REDDITCH,Class_730,6
19/01/2026,06:14,FOUR_OAKS_REDDITCH,Class_730,6
19/01/2026,05:51,FOUR_OAKS_REDDITCH,Class_730,6
19/01/2026,05:28,FOUR_OAKS_REDDITCH,Class_730,6
19/01/2026,05:09,FOUR_OAKS_REDDITCH,Class_730,6
19/01/2026,23:20,REDDITCH_FOUR_OAKS,Class_730,6
19/01/2026,23:07,REDDITCH_FOUR_OAKS,Class_730,6
19/01/2026,22:36,REDDITCH_FOUR_OAKS,Class_730,6
19/01/2026,22:11,REDDITCH_FOUR_OAKS,Class_730,6
19/01/2026,21:14,REDDITCH_FOUR_OAKS,Class_730,6
19/01/2026,20:22,REDDITCH_FOUR_OAKS,Class_730,6
19/01/2026,09:03,FOUR_OAKS_REDDITCH,Class_730,6
19/01/2026,19:54,REDDITCH_FOUR_OAKS,Class_730,6
19/01/2026,18:48,REDDITCH_FOUR_OAKS,Class_730,6
19/01/2026,17:58,REDDITCH_FOUR_OAKS,Class_730,6
19/01/2026,17:42,REDDITCH_FOUR_OAKS,Class_730,6
19/01/2026,17:01,REDDITCH_FOUR_OAKS,Class_730,6
19/01/2026,16:44,REDDITCH_FOUR_OAKS,Class_730,6
19/01/2026,16:02,REDDITCH_FOUR_OAKS,Class_730,6
19/01/2026,15:16,REDDITCH_FOUR_OAKS,Class_730,6
19/01/2026,14:50,REDDITCH_FOUR_OAKS,Class_730,6
19/01/2026,14:30,REDDITCH_FOUR_OAKS,Class_730,6
19/01/2026,13:43,REDDITCH_FOUR_OAKS,Class_730,6
19/01/2026,13:24,REDDITCH_FOUR_OAKS,Class_730,6
19/01/2026,12:45,REDDITCH_FOUR_OAKS,Class_730,6
19/01/2026,12:08,REDDITCH_FOUR_OAKS,Class_730,6
19/01/2026,19:21,REDDITCH_FOUR_OAKS,Class_730,6
19/01/2026,08:49,BIRMINGHAM_INTERNATIONAL_RUGELEY_TRENT_VALLEY,Class_730,3
19/01/2026,14:26,WOLVERHAMPTON_WALSALL,Class_730,3
19/01/2026,09:41,BIRMINGHAM_INTERNATIONAL_RUGELEY_TRENT_VALLEY,Class_730,3
19/01/2026,05:38,WALSALL_WOLVERHAMPTON,Class_731,3
19/01/2026,05:11,WALSALL_WOLVERHAMPTON,Class_730,3
19/01/2026,23:01,WOLVERHAMPTON_WALSALL,Class_730,3
19/01/2026,22:36,WOLVERHAMPTON_WALSALL,Class_730,3
19/01/2026,22:17,WOLVERHAMPTON_WALSALL,Class_730,3
19/01/2026,21:41,WOLVERHAMPTON_WALSALL,Class_730,3
19/01/2026,21:13,WOLVERHAMPTON_WALSALL,Class_730,3
19/01/2026,20:27,WOLVERHAMPTON_WALSALL,Class_730,3
19/01/2026,19:57,WOLVERHAMPTON_WALSALL,Class_730,3
19/01/2026,19:17,WOLVERHAMPTON_WALSALL,Class_730,3
19/01/2026,18:41,WOLVERHAMPTON_WALSALL,Class_730,3
19/01/2026,17:57,WOLVERHAMPTON_WALSALL,Class_730,3
19/01/2026,17:41,WOLVERHAMPTON_WALSALL,Class_730,3
19/01/2026,17:03,WOLVERHAMPTON_WALSALL,Class_730,3
19/01/2026,16:43,WOLVERHAMPTON_WALSALL,Class_730,3
19/01/2026,15:58,WOLVERHAMPTON_WALSALL,Class_730,3
19/01/2026,15:20,WOLVERHAMPTON_WALSALL,Class_730,3
19/01/2026,14:46,WOLVERHAMPTON_WALSALL,Class_730,3
19/01/2026,12:39,CROSS_CITY_LINE_B,Class_730,6
19/01/2026,13:38,WOLVERHAMPTON_WALSALL,Class_730,3
19/01/2026,13:23,WOLVERHAMPTON_WALSALL,Class_730,3
19/01/2026,12:46,WOLVERHAMPTON_WALSALL,Class_730,3
19/01/2026,12:18,WOLVERHAMPTON_WALSALL,Class_730,3
19/01/2026,11:36,WOLVERHAMPTON_WALSALL,Class_730,3
19/01/2026,11:24,WOLVERHAMPTON_WALSALL,Class_730,3
19/01/2026,10:48,WOLVERHAMPTON_WALSALL,Class_730,3
19/01/2026,09:43,WOLVERHAMPTON_WALSALL,Class_730,3
19/01/2026,06:05,WALSALL_WOLVERHAMPTON,Class_732,3
19/01/2026,06:32,WALSALL_WOLVERHAMPTON,Class_733,3
19/01/2026,07:12,WALSALL_WOLVERHAMPTON,Class_734,3
19/01/2026,07:37,WALSALL_WOLVERHAMPTON,Class_735,3
19/01/2026,23:04,WALSALL_WOLVERHAMPTON,Class_763,3
19/01/2026,22:36,WALSALL_WOLVERHAMPTON,Class_762,3
19/01/2026,22:11,WALSALL_WOLVERHAMPTON,Class_761,3
19/01/2026,21:38,WALSALL_WOLVERHAMPTON,Class_760,3
19/01/2026,21:17,WALSALL_WOLVERHAMPTON,Class_759,3
19/01/2026,20:28,WALSALL_WOLVERHAMPTON,Class_758,3
19/01/2026,19:57,WALSALL_WOLVERHAMPTON,Class_757,3
19/01/2026,19:18,WALSALL_WOLVERHAMPTON,Class_756,3
19/01/2026,18:44,WALSALL_WOLVERHAMPTON,Class_755,3
19/01/2026,17:56,WALSALL_WOLVERHAMPTON,Class_754,3
19/01/2026,17:42,WALSALL_WOLVERHAMPTON,Class_753,3
19/01/2026,17:03,WALSALL_WOLVERHAMPTON,Class_752,3
19/01/2026,16:44,WALSALL_WOLVERHAMPTON,Class_751,3
19/01/2026,09:20,WOLVERHAMPTON_WALSALL,Class_730,3
19/01/2026,16:08,WALSALL_WOLVERHAMPTON,Class_750,3
19/01/2026,14:45,WALSALL_WOLVERHAMPTON,Class_748,3
19/01/2026,14:24,WALSALL_WOLVERHAMPTON,Class_747,3
19/01/2026,13:42,WALSALL_WOLVERHAMPTON,Class_746,3
19/01/2026,13:19,WALSALL_WOLVERHAMPTON,Class_745,3
19/01/2026,12:45,WALSALL_WOLVERHAMPTON,Class_744,3
19/01/2026,12:08,WALSALL_WOLVERHAMPTON,Class_743,3
19/01/2026,11:37,WALSALL_WOLVERHAMPTON,Class_742,3
19/01/2026,11:23,WALSALL_WOLVERHAMPTON,Class_741,3
19/01/2026,10:41,WALSALL_WOLVERHAMPTON,Class_740,3
19/01/2026,09:47,WALSALL_WOLVERHAMPTON,Class_739,3
19/01/2026,09:23,WALSALL_WOLVERHAMPTON,Class_738,3
19/01/2026,08:53,WALSALL_WOLVERHAMPTON,Class_737,3
19/01/2026,08:12,WALSALL_WOLVERHAMPTON,Class_736,3
19/01/2026,15:17,WALSALL_WOLVERHAMPTON,Class_749,3
19/01/2026,08:56,WOLVERHAMPTON_WALSALL,Class_730,3
19/01/2026,08:04,WOLVERHAMPTON_WALSALL,Class_730,3
19/01/2026,07:35,WOLVERHAMPTON_WALSALL,Class_730,3
19/01/2026,10:35,NORTHAMPTON_BIRMINGHAM_NEW_STREET,Class_350,5
19/01/2026,09:07,NORTHAMPTON_BIRMINGHAM_NEW_STREET,Class_350,5
19/01/2026,07:53,NORTHAMPTON_BIRMINGHAM_NEW_STREET,Class_350,5
19/01/2026,06:53,NORTHAMPTON_BIRMINGHAM_NEW_STREET,Class_350,5
19/01/2026,05:58,NORTHAMPTON_BIRMINGHAM_NEW_STREET,Class_350,5
19/01/2026,05:09,NORTHAMPTON_BIRMINGHAM_NEW_STREET,Class_350,5
19/01/2026,21:50,BIRMINGHAM_INTERNATIONAL_RUGELEY_TRENT_VALLEY,Class_730,3
19/01/2026,21:37,BIRMINGHAM_INTERNATIONAL_RUGELEY_TRENT_VALLEY,Class_730,3
19/01/2026,20:58,BIRMINGHAM_INTERNATIONAL_RUGELEY_TRENT_VALLEY,Class_730,3
19/01/2026,20:19,BIRMINGHAM_INTERNATIONAL_RUGELEY_TRENT_VALLEY,Class_730,3
19/01/2026,19:47,BIRMINGHAM_INTERNATIONAL_RUGELEY_TRENT_VALLEY,Class_730,3
19/01/2026,19:11,BIRMINGHAM_INTERNATIONAL_RUGELEY_TRENT_VALLEY,Class_730,3
19/01/2026,18:41,BIRMINGHAM_INTERNATIONAL_RUGELEY_TRENT_VALLEY,Class_730,3
19/01/2026,11:28,NORTHAMPTON_BIRMINGHAM_NEW_STREET,Class_350,5
19/01/2026,17:51,BIRMINGHAM_INTERNATIONAL_RUGELEY_TRENT_VALLEY,Class_730,3
19/01/2026,16:55,BIRMINGHAM_INTERNATIONAL_RUGELEY_TRENT_VALLEY,Class_730,3
19/01/2026,16:35,BIRMINGHAM_INTERNATIONAL_RUGELEY_TRENT_VALLEY,Class_730,3
19/01/2026,15:50,BIRMINGHAM_INTERNATIONAL_RUGELEY_TRENT_VALLEY,Class_730,3
19/01/2026,15:07,BIRMINGHAM_INTERNATIONAL_RUGELEY_TRENT_VALLEY,Class_730,3
19/01/2026,14:39,BIRMINGHAM_INTERNATIONAL_RUGELEY_TRENT_VALLEY,Class_730,3
19/01/2026,14:03,BIRMINGHAM_INTERNATIONAL_RUGELEY_TRENT_VALLEY,Class_730,3
19/01/2026,13:33,BIRMINGHAM_INTERNATIONAL_RUGELEY_TRENT_VALLEY,Class_730,3
19/01/2026,13:11,BIRMINGHAM_INTERNATIONAL_RUGELEY_TRENT_VALLEY,Class_730,3
19/01/2026,12:44,BIRMINGHAM_INTERNATIONAL_RUGELEY_TRENT_VALLEY,Class_730,3
19/01/2026,11:51,BIRMINGHAM_INTERNATIONAL_RUGELEY_TRENT_VALLEY,Class_730,3
19/01/2026,11:30,BIRMINGHAM_INTERNATIONAL_RUGELEY_TRENT_VALLEY,Class_730,3
19/01/2026,11:02,BIRMINGHAM_INTERNATIONAL_RUGELEY_TRENT_VALLEY,Class_730,3
19/01/2026,10:35,BIRMINGHAM_INTERNATIONAL_RUGELEY_TRENT_VALLEY,Class_730,3
19/01/2026,17:30,BIRMINGHAM_INTERNATIONAL_RUGELEY_TRENT_VALLEY,Class_730,3
19/01/2026,09:07,BIRMINGHAM_INTERNATIONAL_RUGELEY_TRENT_VALLEY,Class_730,3
19/01/2026,12:32,NORTHAMPTON_BIRMINGHAM_NEW_STREET,Class_350,5
19/01/2026,14:43,NORTHAMPTON_BIRMINGHAM_NEW_STREET,Class_350,5
19/01/2026,07:14,WOLVERHAMPTON_WALSALL,Class_730,3
19/01/2026,06:37,WOLVERHAMPTON_WALSALL,Class_730,3
19/01/2026,06:05,WOLVERHAMPTON_WALSALL,Class_730,3
19/01/2026,05:39,WOLVERHAMPTON_WALSALL,Class_730,3
19/01/2026,05:27,WOLVERHAMPTON_WALSALL,Class_730,3
19/01/2026,23:10,BIRMINGHAM_NEW_STREET_NORTHAMPTON,Class_350,8
19/01/2026,22:19,BIRMINGHAM_NEW_STREET_NORTHAMPTON,Class_350,8
19/01/2026,21:18,BIRMINGHAM_NEW_STREET_NORTHAMPTON,Class_350,8
19/01/2026,19:58,BIRMINGHAM_NEW_STREET_NORTHAMPTON,Class_350,8
19/01/2026,18:53,BIRMINGHAM_NEW_STREET_NORTHAMPTON,Class_350,8
19/01/2026,17:44,BIRMINGHAM_NEW_STREET_NORTHAMPTON,Class_350,8
19/01/2026,16:46,BIRMINGHAM_NEW_STREET_NORTHAMPTON,Class_350,8
19/01/2026,15:22,BIRMINGHAM_NEW_STREET_NORTHAMPTON,Class_350,8
19/01/2026,13:32,NORTHAMPTON_BIRMINGHAM_NEW_STREET,Class_350,5
19/01/2026,14:27,BIRMINGHAM_NEW_STREET_NORTHAMPTON,Class_350,8
19/01/2026,12:24,BIRMINGHAM_NEW_STREET_NORTHAMPTON,Class_350,8
19/01/2026,11:24,BIRMINGHAM_NEW_STREET_NORTHAMPTON,Class_350,8
19/01/2026,09:57,BIRMINGHAM_NEW_STREET_NORTHAMPTON,Class_350,8
19/01/2026,08:57,BIRMINGHAM_NEW_STREET_NORTHAMPTON,Class_350,8
19/01/2026,07:42,BIRMINGHAM_NEW_STREET_NORTHAMPTON,Class_350,8
19/01/2026,06:39,BIRMINGHAM_NEW_STREET_NORTHAMPTON,Class_350,8
19/01/2026,22:26,NORTHAMPTON_BIRMINGHAM_NEW_STREET,Class_350,5
19/01/2026,21:25,NORTHAMPTON_BIRMINGHAM_NEW_STREET,Class_350,5
19/01/2026,20:07,NORTHAMPTON_BIRMINGHAM_NEW_STREET,Class_350,5
19/01/2026,19:06,NORTHAMPTON_BIRMINGHAM_NEW_STREET,Class_350,5
19/01/2026,17:53,NORTHAMPTON_BIRMINGHAM_NEW_STREET,Class_350,5
19/01/2026,16:56,NORTHAMPTON_BIRMINGHAM_NEW_STREET,Class_350,5
19/01/2026,15:46,NORTHAMPTON_BIRMINGHAM_NEW_STREET,Class_350,5
19/01/2026,13:25,BIRMINGHAM_NEW_STREET_NORTHAMPTON,Class_350,8
19/01/2026,11:52,CROSS_CITY_LINE_B,Class_730,6
19/01/2026,21:41,REDDITCH_FOUR_OAKS,Class_730,6
19/01/2026,11:11,CROSS_CITY_LINE_B,Class_730,6
19/01/2026,18:59,DORRIDGE_BIRMINGHAM_MOOR_STREET,Class_168,6
19/01/2026,18:25,DORRIDGE_BIRMINGHAM_MOOR_STREET,Class_168,6
19/01/2026,17:49,DORRIDGE_BIRMINGHAM_MOOR_STREET,Class_168,6
19/01/2026,17:10,DORRIDGE_BIRMINGHAM_MOOR_STREET,Class_168,6
19/01/2026,16:54,DORRIDGE_BIRMINGHAM_MOOR_STREET,Class_168,6
19/01/2026,16:33,DORRIDGE_BIRMINGHAM_MOOR_STREET,Class_168,6
19/01/2026,15:31,DORRIDGE_BIRMINGHAM_MOOR_STREET,Class_168,6
19/01/2026,14:56,DORRIDGE_BIRMINGHAM_MOOR_STREET,Class_168,6
19/01/2026,14:40,DORRIDGE_BIRMINGHAM_MOOR_STREET,Class_168,6
19/01/2026,14:03,DORRIDGE_BIRMINGHAM_MOOR_STREET,Class_168,6
19/01/2026,13:30,DORRIDGE_BIRMINGHAM_MOOR_STREET,Class_168,6
19/01/2026,13:01,DORRIDGE_BIRMINGHAM_MOOR_STREET,Class_168,6
19/01/2026,12:33,DORRIDGE_BIRMINGHAM_MOOR_STREET,Class_168,6
19/01/2026,12:02,DORRIDGE_BIRMINGHAM_MOOR_STREET,Class_168,6
19/01/2026,11:28,DORRIDGE_BIRMINGHAM_MOOR_STREET,Class_168,6
19/01/2026,10:55,DORRIDGE_BIRMINGHAM_MOOR_STREET,Class_168,6
19/01/2026,10:13,DORRIDGE_BIRMINGHAM_MOOR_STREET,Class_168,6
19/01/2026,09:30,DORRIDGE_BIRMINGHAM_MOOR_STREET,Class_168,6
19/01/2026,09:06,DORRIDGE_BIRMINGHAM_MOOR_STREET,Class_168,6
19/01/2026,08:45,DORRIDGE_BIRMINGHAM_MOOR_STREET,Class_168,6
19/01/2026,07:43,DORRIDGE_BIRMINGHAM_MOOR_STREET,Class_168,6
19/01/2026,07:21,DORRIDGE_BIRMINGHAM_MOOR_STREET,Class_168,6
19/01/2026,06:48,DORRIDGE_BIRMINGHAM_MOOR_STREET,Class_168,6
19/01/2026,06:14,DORRIDGE_BIRMINGHAM_MOOR_STREET,Class_168,6
19/01/2026,05:59,DORRIDGE_BIRMINGHAM_MOOR_STREET,Class_168,6
19/01/2026,23:26,BIRMINGHAM_MOOR_STREET_DORRIDGE,Class_168,6
19/01/2026,23:16,BIRMINGHAM_MOOR_STREET_DORRIDGE,Class_168,6
19/01/2026,19:35,DORRIDGE_BIRMINGHAM_MOOR_STREET,Class_168,6
19/01/2026,20:11,DORRIDGE_BIRMINGHAM_MOOR_STREET,Class_168,6
19/01/2026,20:54,DORRIDGE_BIRMINGHAM_MOOR_STREET,Class_168,6
19/01/2026,21:27,DORRIDGE_BIRMINGHAM_MOOR_STREET,Class_168,6
19/01/2026,16:36,DORRIDGE_BIRMINGHAM_SNOW_HILL,Class_168,6
19/01/2026,15:10,DORRIDGE_BIRMINGHAM_SNOW_HILL,Class_168,6
19/01/2026,14:14,DORRIDGE_BIRMINGHAM_SNOW_HILL,Class_168,6
19/01/2026,13:11,DORRIDGE_BIRMINGHAM_SNOW_HILL,Class_168,6
19/01/2026,11:50,DORRIDGE_BIRMINGHAM_SNOW_HILL,Class_168,6
19/01/2026,10:57,DORRIDGE_BIRMINGHAM_SNOW_HILL,Class_168,6
19/01/2026,09:36,DORRIDGE_BIRMINGHAM_SNOW_HILL,Class_168,6
19/01/2026,08:39,DORRIDGE_BIRMINGHAM_SNOW_HILL,Class_168,6
19/01/2026,23:21,BIRMINGHAM_SNOW_HILL_DORRIDGE,Class_168,6
19/01/2026,22:49,BIRMINGHAM_SNOW_HILL_DORRIDGE,Class_168,6
19/01/2026,21:49,BIRMINGHAM_SNOW_HILL_DORRIDGE,Class_168,6
19/01/2026,20:32,BIRMINGHAM_SNOW_HILL_DORRIDGE,Class_168,6
19/01/2026,19:31,BIRMINGHAM_SNOW_HILL_DORRIDGE,Class_168,6
19/01/2026,22:49,BIRMINGHAM_MOOR_STREET_DORRIDGE,Class_168,6
19/01/2026,18:07,BIRMINGHAM_SNOW_HILL_DORRIDGE,Class_168,6
19/01/2026,16:30,BIRMINGHAM_SNOW_HILL_DORRIDGE,Class_168,6
19/01/2026,14:53,BIRMINGHAM_SNOW_HILL_DORRIDGE,Class_168,6
19/01/2026,13:54,BIRMINGHAM_SNOW_HILL_DORRIDGE,Class_168,6
19/01/2026,12:55,BIRMINGHAM_SNOW_HILL_DORRIDGE,Class_168,6
19/01/2026,11:46,BIRMINGHAM_SNOW_HILL_DORRIDGE,Class_168,6
19/01/2026,10:53,BIRMINGHAM_SNOW_HILL_DORRIDGE,Class_168,6
19/01/2026,09:27,BIRMINGHAM_SNOW_HILL_DORRIDGE,Class_168,6
19/01/2026,08:17,BIRMINGHAM_SNOW_HILL_DORRIDGE,Class_168,6
19/01/2026,23:27,DORRIDGE_BIRMINGHAM_MOOR_STREET,Class_168,6
19/01/2026,23:17,DORRIDGE_BIRMINGHAM_MOOR_STREET,Class_168,6
19/01/2026,22:51,DORRIDGE_BIRMINGHAM_MOOR_STREET,Class_168,6
19/01/2026,22:29,DORRIDGE_BIRMINGHAM_MOOR_STREET,Class_168,6
19/01/2026,21:51,DORRIDGE_BIRMINGHAM_MOOR_STREET,Class_168,6
19/01/2026,17:12,BIRMINGHAM_SNOW_HILL_DORRIDGE,Class_168,6
19/01/2026,22:23,BIRMINGHAM_MOOR_STREET_DORRIDGE,Class_168,6
19/01/2026,21:50,BIRMINGHAM_MOOR_STREET_DORRIDGE,Class_168,6
19/01/2026,21:29,BIRMINGHAM_MOOR_STREET_DORRIDGE,Class_168,6
19/01/2026,21:49,WOLVERHAMPTON_BIRMINGHAM_INTERNATIONAL,Class_158,2
19/01/2026,20:31,WOLVERHAMPTON_BIRMINGHAM_INTERNATIONAL,Class_158,2
19/01/2026,19:26,WOLVERHAMPTON_BIRMINGHAM_INTERNATIONAL,Class_158,2
19/01/2026,18:04,WOLVERHAMPTON_BIRMINGHAM_INTERNATIONAL,Class_158,2
19/01/2026,17:09,WOLVERHAMPTON_BIRMINGHAM_INTERNATIONAL,Class_158,2
19/01/2026,16:23,WOLVERHAMPTON_BIRMINGHAM_INTERNATIONAL,Class_158,2
19/01/2026,14:57,WOLVERHAMPTON_BIRMINGHAM_INTERNATIONAL,Class_158,2
19/01/2026,13:50,WOLVERHAMPTON_BIRMINGHAM_INTERNATIONAL,Class_158,2
19/01/2026,12:55,WOLVERHAMPTON_BIRMINGHAM_INTERNATIONAL,Class_158,2
19/01/2026,11:42,WOLVERHAMPTON_BIRMINGHAM_INTERNATIONAL,Class_158,2
19/01/2026,10:51,WOLVERHAMPTON_BIRMINGHAM_INTERNATIONAL,Class_158,2
19/01/2026,09:23,WOLVERHAMPTON_BIRMINGHAM_INTERNATIONAL,Class_158,2
19/01/2026,07:19,WOLVERHAMPTON_BIRMINGHAM_INTERNATIONAL,Class_158,2
19/01/2026,22:43,WOLVERHAMPTON_BIRMINGHAM_INTERNATIONAL,Class_158,2
19/01/2026,06:10,WOLVERHAMPTON_BIRMINGHAM_INTERNATIONAL,Class_158,2
19/01/2026,19:23,BIRMINGHAM_INTERNATIONA_WOLVERHAMPTON,Class_158,2
19/01/2026,18:00,BIRMINGHAM_INTERNATIONA_WOLVERHAMPTON,Class_158,2
19/01/2026,17:04,BIRMINGHAM_INTERNATIONA_WOLVERHAMPTON,Class_158,2
19/01/2026,16:11,BIRMINGHAM_INTERNATIONA_WOLVERHAMPTON,Class_158,2
19/01/2026,14:55,BIRMINGHAM_INTERNATIONA_WOLVERHAMPTON,Class_158,2
19/01/2026,13:47,BIRMINGHAM_INTERNATIONA_WOLVERHAMPTON,Class_158,2
19/01/2026,12:50,BIRMINGHAM_INTERNATIONA_WOLVERHAMPTON,Class_158,2
19/01/2026,11:39,BIRMINGHAM_INTERNATIONA_WOLVERHAMPTON,Class_158,2
19/01/2026,10:52,BIRMINGHAM_INTERNATIONA_WOLVERHAMPTON,Class_158,2
19/01/2026,09:28,BIRMINGHAM_INTERNATIONA_WOLVERHAMPTON,Class_158,2
19/01/2026,08:15,BIRMINGHAM_INTERNATIONA_WOLVERHAMPTON,Class_158,2
19/01/2026,07:18,BIRMINGHAM_INTERNATIONA_WOLVERHAMPTON,Class_158,2
19/01/2026,11:32,CROSS_CITY_LINE_B,Class_730,6
19/01/2026,05:22,WOLVERHAMPTON_BIRMINGHAM_INTERNATIONAL,Class_158,2
19/01/2026,17:18,DORRIDGE_BIRMINGHAM_SNOW_HILL,Class_168,6
19/01/2026,04:59,BIRMINGHAM_MOOR_STREET_DORRIDGE,Class_168,6
19/01/2026,05:33,BIRMINGHAM_MOOR_STREET_DORRIDGE,Class_168,6
19/01/2026,20:46,BIRMINGHAM_MOOR_STREET_DORRIDGE,Class_168,6
19/01/2026,20:07,BIRMINGHAM_MOOR_STREET_DORRIDGE,Class_168,6
19/01/2026,19:28,BIRMINGHAM_MOOR_STREET_DORRIDGE,Class_168,6
19/01/2026,18:59,BIRMINGHAM_MOOR_STREET_DORRIDGE,Class_168,6
19/01/2026,18:25,BIRMINGHAM_MOOR_STREET_DORRIDGE,Class_168,6
19/01/2026,17:53,BIRMINGHAM_MOOR_STREET_DORRIDGE,Class_168,6
19/01/2026,17:14,BIRMINGHAM_MOOR_STREET_DORRIDGE,Class_168,6
19/01/2026,16:50,BIRMINGHAM_MOOR_STREET_DORRIDGE,Class_168,6
19/01/2026,16:24,BIRMINGHAM_MOOR_STREET_DORRIDGE,Class_168,6
19/01/2026,15:34,BIRMINGHAM_MOOR_STREET_DORRIDGE,Class_168,6
19/01/2026,15:05,BIRMINGHAM_MOOR_STREET_DORRIDGE,Class_168,6
19/01/2026,14:34,BIRMINGHAM_MOOR_STREET_DORRIDGE,Class_168,6
19/01/2026,13:58,BIRMINGHAM_MOOR_STREET_DORRIDGE,Class_168,6
19/01/2026,05:01,BIRMINGHAM_MOOR_STREET_DORRIDGE,Class_168,6
19/01/2026,13:29,BIRMINGHAM_MOOR_STREET_DORRIDGE,Class_168,6
19/01/2026,12:32,BIRMINGHAM_MOOR_STREET_DORRIDGE,Class_168,6
19/01/2026,11:52,BIRMINGHAM_MOOR_STREET_DORRIDGE,Class_168,6
19/01/2026,11:27,BIRMINGHAM_MOOR_STREET_DORRIDGE,Class_168,6
19/01/2026,10:58,BIRMINGHAM_MOOR_STREET_DORRIDGE,Class_168,6
19/01/2026,10:27,BIRMINGHAM_MOOR_STREET_DORRIDGE,Class_168,6
19/01/2026,09:35,BIRMINGHAM_MOOR_STREET_DORRIDGE,Class_168,6
19/01/2026,09:02,BIRMINGHAM_MOOR_STREET_DORRIDGE,Class_168,6
19/01/2026,08:18,BIRMINGHAM_MOOR_STREET_DORRIDGE,Class_168,6
19/01/2026,07:43,BIRMINGHAM_MOOR_STREET_DORRIDGE,Class_168,6
19/01/2026,07:22,BIRMINGHAM_MOOR_STREET_DORRIDGE,Class_168,6
19/01/2026,06:48,BIRMINGHAM_MOOR_STREET_DORRIDGE,Class_168,6
19/01/2026,06:10,BIRMINGHAM_MOOR_STREET_DORRIDGE,Class_168,6
19/01/2026,05:51,BIRMINGHAM_MOOR_STREET_DORRIDGE,Class_168,6
19/01/2026,12:59,BIRMINGHAM_MOOR_STREET_DORRIDGE,Class_168,6
19/01/2026,18:38,DORRIDGE_BIRMINGHAM_SNOW_HILL,Class_168,6
19/01/2026,06:07,BIRMINGHAM_INTERNATIONA_WOLVERHAMPTON,Class_158,2
19/01/2026,20:48,DORRIDGE_BIRMINGHAM_SNOW_HILL,Class_168,6
19/01/2026,11:41,CROSS_CITY_LINE_A,Class_730,6
19/01/2026,11:24,CROSS_CITY_LINE_A,Class_730,6
19/01/2026,10:48,CROSS_CITY_LINE_A,Class_730,6
19/01/2026,10:09,CROSS_CITY_LINE_A,Class_730,6
19/01/2026,09:27,CROSS_CITY_LINE_A,Class_730,6
19/01/2026,08:56,CROSS_CITY_LINE_A,Class_730,6
19/01/2026,08:14,CROSS_CITY_LINE_A,Class_730,6
19/01/2026,07:41,CROSS_CITY_LINE_A,Class_730,6
19/01/2026,07:15,CROSS_CITY_LINE_A,Class_730,6
19/01/2026,06:42,CROSS_CITY_LINE_A,Class_730,6
19/01/2026,06:07,CROSS_CITY_LINE_A,Class_730,6
19/01/2026,05:40,CROSS_CITY_LINE_A,Class_730,6
19/01/2026,05:28,CROSS_CITY_LINE_A,Class_730,6
19/01/2026,21:52,COVENTRY_STAFFORD,Class_390,11
19/01/2026,21:05,COVENTRY_STAFFORD,Class_390,11
19/01/2026,19:41,COVENTRY_STAFFORD,Class_390,11
19/01/2026,18:34,COVENTRY_STAFFORD,Class_390,11
19/01/2026,17:36,COVENTRY_STAFFORD,Class_390,11
19/01/2026,16:37,COVENTRY_STAFFORD,Class_390,11
19/01/2026,15:12,COVENTRY_STAFFORD,Class_390,11
19/01/2026,14:15,COVENTRY_STAFFORD,Class_390,11
19/01/2026,13:14,COVENTRY_STAFFORD,Class_390,11
19/01/2026,12:04,COVENTRY_STAFFORD,Class_390,11
19/01/2026,11:14,COVENTRY_STAFFORD,Class_390,11
19/01/2026,09:41,COVENTRY_STAFFORD,Class_390,11
19/01/2026,08:51,COVENTRY_STAFFORD,Class_390,11
19/01/2026,07:23,COVENTRY_STAFFORD,Class_390,11
19/01/2026,12:22,CROSS_CITY_LINE_A,Class_730,6
19/01/2026,12:58,CROSS_CITY_LINE_A,Class_730,6
19/01/2026,13:26,CROSS_CITY_LINE_A,Class_730,6
19/01/2026,13:51,CROSS_CITY_LINE_A,Class_730,6
19/01/2026,19:45,DORRIDGE_BIRMINGHAM_SNOW_HILL,Class_168,6
19/01/2026,09:36,CROSS_CITY_LINE_B,Class_730,6
19/01/2026,09:04,CROSS_CITY_LINE_B,Class_730,6
19/01/2026,08:46,CROSS_CITY_LINE_B,Class_730,6
19/01/2026,07:56,CROSS_CITY_LINE_B,Class_730,6
19/01/2026,07:26,CROSS_CITY_LINE_B,Class_730,6
19/01/2026,06:53,CROSS_CITY_LINE_B,Class_730,6
19/01/2026,06:11,CROSS_CITY_LINE_B,Class_730,6
19/01/2026,06:01,CROSS_CITY_LINE_B,Class_730,6
19/01/2026,05:33,CROSS_CITY_LINE_B,Class_730,6
19/01/2026,23:23,CROSS_CITY_LINE_A,Class_730,6
19/01/2026,23:12,CROSS_CITY_LINE_A,Class_730,6
19/01/2026,22:36,CROSS_CITY_LINE_A,Class_730,6
19/01/2026,06:20,COVENTRY_STAFFORD,Class_390,11
19/01/2026,22:22,CROSS_CITY_LINE_A,Class_730,6
19/01/2026,21:19,CROSS_CITY_LINE_A,Class_730,6
19/01/2026,20:28,CROSS_CITY_LINE_A,Class_730,6
19/01/2026,20:01,CROSS_CITY_LINE_A,Class_730,6
19/01/2026,19:25,CROSS_CITY_LINE_A,Class_730,6
19/01/2026,18:59,CROSS_CITY_LINE_A,Class_730,6
19/01/2026,18:14,CROSS_CITY_LINE_A,Class_730,6
19/01/2026,17:46,CROSS_CITY_LINE_A,Class_730,6
19/01/2026,17:10,CROSS_CITY_LINE_A,Class_730,6
19/01/2026,16:46,CROSS_CITY_LINE_A,Class_730,6
19/01/2026,16:13,CROSS_CITY_LINE_A,Class_730,6
19/01/2026,15:22,CROSS_CITY_LINE_A,Class_730,6
19/01/2026,14:52,CROSS_CITY_LINE_A,Class_730,6
19/01/2026,14:33,CROSS_CITY_LINE_A,Class_730,6
19/01/2026,21:45,CROSS_CITY_LINE_A,Class_730,6
19/01/2026,22:56,STAFFORD_COVENTRY,Class_390,11
19/01/2026,10:28,CROSS_CITY_LINE_B,Class_730,6
19/01/2026,20:57,STAFFORD_COVENTRY,Class_390,11
19/01/2026,07:35,RUGBY_BIRMINGHAM_NEW_STREET,Class_390,7
19/01/2026,19:53,BIRMINGHAM_NEW_STREET_RUGBY,Class_390,7
19/01/2026,18:27,BIRMINGHAM_NEW_STREET_RUGBY,Class_390,7
19/01/2026,17:20,BIRMINGHAM_NEW_STREET_RUGBY,Class_390,7
19/01/2026,16:40,BIRMINGHAM_NEW_STREET_RUGBY,Class_390,7
19/01/2026,15:12,BIRMINGHAM_NEW_STREET_RUGBY,Class_390,7
19/01/2026,14:13,BIRMINGHAM_NEW_STREET_RUGBY,Class_390,7
19/01/2026,13:15,BIRMINGHAM_NEW_STREET_RUGBY,Class_390,7
19/01/2026,12:02,BIRMINGHAM_NEW_STREET_RUGBY,Class_390,7
19/01/2026,11:03,BIRMINGHAM_NEW_STREET_RUGBY,Class_390,7
19/01/2026,09:43,BIRMINGHAM_NEW_STREET_RUGBY,Class_390,7
19/01/2026,08:46,BIRMINGHAM_NEW_STREET_RUGBY,Class_390,7
19/01/2026,07:27,BIRMINGHAM_NEW_STREET_RUGBY,Class_390,7
19/01/2026,08:19,RUGBY_BIRMINGHAM_NEW_STREET,Class_390,7
19/01/2026,06:30,BIRMINGHAM_NEW_STREET_RUGBY,Class_390,7
19/01/2026,20:44,RUGBY_WOLVERHAMPTON,Class_390,11
19/01/2026,19:32,RUGBY_WOLVERHAMPTON,Class_390,11
19/01/2026,05:52,WOLVERHAMPTON_COVENTRY,Class_390,11
19/01/2026,05:28,WOLVERHAMPTON_COVENTRY,Class_390,11
19/01/2026,05:00,WOLVERHAMPTON_COVENTRY,Class_390,11
19/01/2026,04:59,WOLVERHAMPTON_COVENTRY,Class_390,11
19/01/2026,23:18,DORRIDGE_STOURBRIDGE_JUNCTION,Class_168,6
19/01/2026,21:10,DORRIDGE_STOURBRIDGE_JUNCTION,Class_168,6
19/01/2026,18:31,DORRIDGE_STOURBRIDGE_JUNCTION,Class_168,6
19/01/2026,05:29,STOURBRIDGE_JUNCTION_DORRIDGE,Class_168,6
19/01/2026,23:35,DORRIDGE_BIRMINGHAM_SNOW_HILL,Class_168,6
19/01/2026,21:50,DORRIDGE_BIRMINGHAM_SNOW_HILL,Class_168,6
19/01/2026,22:08,STAFFORD_COVENTRY,Class_390,11
19/01/2026,23:00,RUGBY_WOLVERHAMPTON,Class_390,11
19/01/2026,09:21,RUGBY_BIRMINGHAM_NEW_STREET,Class_390,7
19/01/2026,22:55,DORRIDGE_BIRMINGHAM_SNOW_HILL,Class_168,6
19/01/2026,10:36,RUGBY_BIRMINGHAM_NEW_STREET,Class_390,7
19/01/2026,09:33,RUGBY_BIRMINGHAM_NEW_STREET,Class_390,7
19/01/2026,19:52,STAFFORD_COVENTRY,Class_390,11
19/01/2026,17:35,STAFFORD_COVENTRY,Class_390,11
19/01/2026,16:41,STAFFORD_COVENTRY,Class_390,11
19/01/2026,15:12,STAFFORD_COVENTRY,Class_390,11
19/01/2026,14:23,STAFFORD_COVENTRY,Class_390,11
19/01/2026,13:06,STAFFORD_COVENTRY,Class_390,11
19/01/2026,12:06,STAFFORD_COVENTRY,Class_390,11
19/01/2026,11:19,STAFFORD_COVENTRY,Class_390,11
19/01/2026,09:36,STAFFORD_COVENTRY,Class_390,11
19/01/2026,08:51,STAFFORD_COVENTRY,Class_390,11
19/01/2026,07:29,STAFFORD_COVENTRY,Class_390,11
19/01/2026,06:32,STAFFORD_COVENTRY,Class_390,11
19/01/2026,18:29,RUGBY_BIRMINGHAM_NEW_STREET,Class_390,7
19/01/2026,18:35,STAFFORD_COVENTRY,Class_390,11
19/01/2026,17:25,RUGBY_BIRMINGHAM_NEW_STREET,Class_390,7
19/01/2026,17:57,RUGBY_BIRMINGHAM_NEW_STREET,Class_390,7
19/01/2026,10:56,RUGBY_BIRMINGHAM_NEW_STREET,Class_390,7
19/01/2026,11:47,RUGBY_BIRMINGHAM_NEW_STREET,Class_390,7
19/01/2026,12:45,RUGBY_BIRMINGHAM_NEW_STREET,Class_390,7
19/01/2026,13:05,RUGBY_BIRMINGHAM_NEW_STREET,Class_390,7
19/01/2026,13:38,RUGBY_BIRMINGHAM_NEW_STREET,Class_390,7
19/01/2026,11:33,RUGBY_BIRMINGHAM_NEW_STREET,Class_390,7
19/01/2026,14:43,RUGBY_BIRMINGHAM_NEW_STREET,Class_390,7
19/01/2026,15:02,RUGBY_BIRMINGHAM_NEW_STREET,Class_390,7
19/01/2026,15:51,RUGBY_BIRMINGHAM_NEW_STREET,Class_390,7
19/01/2026,16:31,RUGBY_BIRMINGHAM_NEW_STREET,Class_390,7
19/01/2026,16:59,RUGBY_BIRMINGHAM_NEW_STREET,Class_390,7
19/01/2026,14:02,RUGBY_BIRMINGHAM_NEW_STREET,Class_390,7
20/01/2026,19:25,FOUR_OAKS_REDDITCH,Class_730,6
20/01/2026,19:55,FOUR_OAKS_REDDITCH,Class_730,6
20/01/2026,20:13,FOUR_OAKS_REDDITCH,Class_730,6
20/01/2026,20:43,FOUR_OAKS_REDDITCH,Class_730,6
20/01/2026,22:11,FOUR_OAKS_REDDITCH,Class_730,6
20/01/2026,21:38,FOUR_OAKS_REDDITCH,Class_730,6
20/01/2026,22:42,FOUR_OAKS_REDDITCH,Class_730,6
20/01/2026,23:13,FOUR_OAKS_REDDITCH,Class_730,6
20/01/2026,05:36,RUGELEY_TRENT_VALLEY_BIRMINGHAM_INTERNATIONAL,Class_730,3
20/01/2026,06:15,RUGELEY_TRENT_VALLEY_BIRMINGHAM_INTERNATIONAL,Class_730,3
20/01/2026,21:16,FOUR_OAKS_REDDITCH,Class_730,6
20/01/2026,18:46,FOUR_OAKS_REDDITCH,Class_730,6
20/01/2026,14:47,FOUR_OAKS_REDDITCH,Class_730,6
20/01/2026,17:39,FOUR_OAKS_REDDITCH,Class_730,6
20/01/2026,16:49,FOUR_OAKS_REDDITCH,Class_730,6
20/01/2026,16:15,FOUR_OAKS_REDDITCH,Class_730,6
20/01/2026,16:02,FOUR_OAKS_REDDITCH,Class_730,6
20/01/2026,15:13,FOUR_OAKS_REDDITCH,Class_730,6
20/01/2026,14:17,FOUR_OAKS_REDDITCH,Class_730,6
20/01/2026,13:44,FOUR_OAKS_REDDITCH,Class_730,6
20/01/2026,13:12,FOUR_OAKS_REDDITCH,Class_730,6
20/01/2026,12:26,FOUR_OAKS_REDDITCH,Class_730,6
20/01/2026,11:53,FOUR_OAKS_REDDITCH,Class_730,6
20/01/2026,11:24,FOUR_OAKS_REDDITCH,Class_730,6
20/01/2026,10:56,FOUR_OAKS_REDDITCH,Class_730,6
20/01/2026,10:27,FOUR_OAKS_REDDITCH,Class_730,6
20/01/2026,18:05,FOUR_OAKS_REDDITCH,Class_730,6
20/01/2026,06:47,RUGELEY_TRENT_VALLEY_BIRMINGHAM_INTERNATIONAL,Class_730,3
20/01/2026,15:32,RUGELEY_TRENT_VALLEY_BIRMINGHAM_INTERNATIONAL,Class_730,3
20/01/2026,07:44,RUGELEY_TRENT_VALLEY_BIRMINGHAM_INTERNATIONAL,Class_730,3
20/01/2026,07:37,BIRMINGHAM_INTERNATIONAL_RUGELEY_TRENT_VALLEY,Class_730,3
20/01/2026,07:18,BIRMINGHAM_INTERNATIONAL_RUGELEY_TRENT_VALLEY,Class_730,3
20/01/2026,06:52,BIRMINGHAM_INTERNATIONAL_RUGELEY_TRENT_VALLEY,Class_730,3
20/01/2026,06:14,BIRMINGHAM_INTERNATIONAL_RUGELEY_TRENT_VALLEY,Class_730,3
20/01/2026,21:52,RUGELEY_TRENT_VALLEY_BIRMINGHAM_INTERNATIONAL,Class_730,3
20/01/2026,21:23,RUGELEY_TRENT_VALLEY_BIRMINGHAM_INTERNATIONAL,Class_730,3
20/01/2026,20:57,RUGELEY_TRENT_VALLEY_BIRMINGHAM_INTERNATIONAL,Class_730,3
20/01/2026,20:30,RUGELEY_TRENT_VALLEY_BIRMINGHAM_INTERNATIONAL,Class_730,3
20/01/2026,19:58,RUGELEY_TRENT_VALLEY_BIRMINGHAM_INTERNATIONAL,Class_730,3
20/01/2026,19:26,RUGELEY_TRENT_VALLEY_BIRMINGHAM_INTERNATIONAL,Class_730,3
20/01/2026,18:56,RUGELEY_TRENT_VALLEY_BIRMINGHAM_INTERNATIONAL,Class_730,3
20/01/2026,18:14,RUGELEY_TRENT_VALLEY_BIRMINGHAM_INTERNATIONAL,Class_730,3
20/01/2026,17:42,RUGELEY_TRENT_VALLEY_BIRMINGHAM_INTERNATIONAL,Class_730,3
20/01/2026,07:08,RUGELEY_TRENT_VALLEY_BIRMINGHAM_INTERNATIONAL,Class_730,3
20/01/2026,17:08,RUGELEY_TRENT_VALLEY_BIRMINGHAM_INTERNATIONAL,Class_730,3
20/01/2026,16:02,RUGELEY_TRENT_VALLEY_BIRMINGHAM_INTERNATIONAL,Class_730,3
20/01/2026,14:50,RUGELEY_TRENT_VALLEY_BIRMINGHAM_INTERNATIONAL,Class_730,3
20/01/2026,14:23,RUGELEY_TRENT_VALLEY_BIRMINGHAM_INTERNATIONAL,Class_730,3
20/01/2026,13:54,RUGELEY_TRENT_VALLEY_BIRMINGHAM_INTERNATIONAL,Class_730,3
20/01/2026,13:15,RUGELEY_TRENT_VALLEY_BIRMINGHAM_INTERNATIONAL,Class_730,3
20/01/2026,12:28,RUGELEY_TRENT_VALLEY_BIRMINGHAM_INTERNATIONAL,Class_730,3
20/01/2026,12:05,RUGELEY_TRENT_VALLEY_BIRMINGHAM_INTERNATIONAL,Class_730,3
20/01/2026,11:09,RUGELEY_TRENT_VALLEY_BIRMINGHAM_INTERNATIONAL,Class_730,3
20/01/2026,10:27,RUGELEY_TRENT_VALLEY_BIRMINGHAM_INTERNATIONAL,Class_730,3
20/01/2026,10:03,RUGELEY_TRENT_VALLEY_BIRMINGHAM_INTERNATIONAL,Class_730,3
20/01/2026,09:09,RUGELEY_TRENT_VALLEY_BIRMINGHAM_INTERNATIONAL,Class_730,3
20/01/2026,08:29,RUGELEY_TRENT_VALLEY_BIRMINGHAM_INTERNATIONAL,Class_730,3
20/01/2026,08:06,RUGELEY_TRENT_VALLEY_BIRMINGHAM_INTERNATIONAL,Class_730,3
20/01/2026,16:29,RUGELEY_TRENT_VALLEY_BIRMINGHAM_INTERNATIONAL,Class_730,3
20/01/2026,09:43,FOUR_OAKS_REDDITCH,Class_730,6
20/01/2026,12:12,REDDITCH_FOUR_OAKS,Class_730,6
20/01/2026,08:27,FOUR_OAKS_REDDITCH,Class_730,6
20/01/2026,09:17,REDDITCH_FOUR_OAKS,Class_730,6
20/01/2026,08:43,REDDITCH_FOUR_OAKS,Class_730,6
20/01/2026,08:10,REDDITCH_FOUR_OAKS,Class_730,6
20/01/2026,07:49,REDDITCH_FOUR_OAKS,Class_730,6
20/01/2026,07:24,REDDITCH_FOUR_OAKS,Class_730,6
20/01/2026,07:03,REDDITCH_FOUR_OAKS,Class_730,6
20/01/2026,06:18,REDDITCH_FOUR_OAKS,Class_730,6
20/01/2026,05:38,REDDITCH_FOUR_OAKS,Class_730,6
20/01/2026,05:22,REDDITCH_FOUR_OAKS,Class_730,6
20/01/2026,22:22,CROSS_CITY_LINE_B,Class_730,6
20/01/2026,21:47,CROSS_CITY_LINE_B,Class_730,6
20/01/2026,21:14,CROSS_CITY_LINE_B,Class_730,6
20/01/2026,21:02,CROSS_CITY_LINE_B,Class_730,6
20/01/2026,10:23,REDDITCH_FOUR_OAKS,Class_730,6
20/01/2026,20:23,CROSS_CITY_LINE_B,Class_730,6
20/01/2026,19:26,CROSS_CITY_LINE_B,Class_730,6
20/01/2026,19:06,CROSS_CITY_LINE_B,Class_730,6
20/01/2026,18:06,CROSS_CITY_LINE_B,Class_730,6
20/01/2026,17:38,CROSS_CITY_LINE_B,Class_730,6
20/01/2026,17:09,CROSS_CITY_LINE_B,Class_730,6
20/01/2026,16:28,CROSS_CITY_LINE_B,Class_730,6
20/01/2026,16:03,CROSS_CITY_LINE_B,Class_730,6
20/01/2026,15:18,CROSS_CITY_LINE_B,Class_730,6
20/01/2026,14:54,CROSS_CITY_LINE_B,Class_730,6
20/01/2026,14:27,CROSS_CITY_LINE_B,Class_730,6
20/01/2026,13:57,CROSS_CITY_LINE_B,Class_730,6
20/01/2026,08:09,BIRMINGHAM_INTERNATIONAL_RUGELEY_TRENT_VALLEY,Class_730,3
20/01/2026,13:12,CROSS_CITY_LINE_B,Class_730,6
20/01/2026,20:01,CROSS_CITY_LINE_B,Class_730,6
20/01/2026,08:46,FOUR_OAKS_REDDITCH,Class_730,6
20/01/2026,10:34,REDDITCH_FOUR_OAKS,Class_730,6
20/01/2026,11:43,REDDITCH_FOUR_OAKS,Class_730,6
20/01/2026,07:58,FOUR_OAKS_REDDITCH,Class_730,6
20/01/2026,07:42,FOUR_OAKS_REDDITCH,Class_730,6
20/01/2026,07:09,FOUR_OAKS_REDDITCH,Class_730,6
20/01/2026,06:44,FOUR_OAKS_REDDITCH,Class_730,6
20/01/2026,05:49,FOUR_OAKS_REDDITCH,Class_730,6
20/01/2026,05:26,FOUR_OAKS_REDDITCH,Class_730,6
20/01/2026,05:06,FOUR_OAKS_REDDITCH,Class_730,6
20/01/2026,23:17,REDDITCH_FOUR_OAKS,Class_730,6
20/01/2026,22:54,REDDITCH_FOUR_OAKS,Class_730,6
20/01/2026,22:29,REDDITCH_FOUR_OAKS,Class_730,6
20/01/2026,21:59,REDDITCH_FOUR_OAKS,Class_730,6
20/01/2026,21:33,REDDITCH_FOUR_OAKS,Class_730,6
20/01/2026,21:11,REDDITCH_FOUR_OAKS,Class_730,6
20/01/2026,11:15,REDDITCH_FOUR_OAKS,Class_730,6
20/01/2026,20:38,REDDITCH_FOUR_OAKS,Class_730,6
20/01/2026,19:44,REDDITCH_FOUR_OAKS,Class_730,6
20/01/2026,19:18,REDDITCH_FOUR_OAKS,Class_730,6
20/01/2026,18:25,REDDITCH_FOUR_OAKS,Class_730,6
20/01/2026,17:54,REDDITCH_FOUR_OAKS,Class_730,6
20/01/2026,17:10,REDDITCH_FOUR_OAKS,Class_730,6
20/01/2026,16:37,REDDITCH_FOUR_OAKS,Class_730,6
20/01/2026,16:07,REDDITCH_FOUR_OAKS,Class_730,6
20/01/2026,15:39,REDDITCH_FOUR_OAKS,Class_730,6
20/01/2026,15:07,REDDITCH_FOUR_OAKS,Class_730,6
20/01/2026,14:42,REDDITCH_FOUR_OAKS,Class_730,6
20/01/2026,14:00,REDDITCH_FOUR_OAKS,Class_730,6
20/01/2026,13:34,REDDITCH_FOUR_OAKS,Class_730,6
20/01/2026,12:56,REDDITCH_FOUR_OAKS,Class_730,6
20/01/2026,20:07,REDDITCH_FOUR_OAKS,Class_730,6
20/01/2026,08:34,BIRMINGHAM_INTERNATIONAL_RUGELEY_TRENT_VALLEY,Class_730,3
20/01/2026,07:55,WOLVERHAMPTON_WALSALL,Class_730,3
20/01/2026,10:07,BIRMINGHAM_INTERNATIONAL_RUGELEY_TRENT_VALLEY,Class_730,3
20/01/2026,06:31,WALSALL_WOLVERHAMPTON,Class_732,3
20/01/2026,05:38,WALSALL_WOLVERHAMPTON,Class_731,3
20/01/2026,05:12,WALSALL_WOLVERHAMPTON,Class_730,3
20/01/2026,22:54,WOLVERHAMPTON_WALSALL,Class_730,3
20/01/2026,22:31,WOLVERHAMPTON_WALSALL,Class_730,3
20/01/2026,22:04,WOLVERHAMPTON_WALSALL,Class_730,3
20/01/2026,21:26,WOLVERHAMPTON_WALSALL,Class_730,3
20/01/2026,21:13,WOLVERHAMPTON_WALSALL,Class_730,3
20/01/2026,20:33,WOLVERHAMPTON_WALSALL,Class_730,3
20/01/2026,20:06,WOLVERHAMPTON_WALSALL,Class_730,3
20/01/2026,19:43,WOLVERHAMPTON_WALSALL,Class_730,3
20/01/2026,19:21,WOLVERHAMPTON_WALSALL,Class_730,3
20/01/2026,18:18,WOLVERHAMPTON_WALSALL,Class_730,3
20/01/2026,17:54,WOLVERHAMPTON_WALSALL,Class_730,3
20/01/2026,17:10,WOLVERHAMPTON_WALSALL,Class_730,3
20/01/2026,16:35,WOLVERHAMPTON_WALSALL,Class_730,3
20/01/2026,16:07,WOLVERHAMPTON_WALSALL,Class_730,3
20/01/2026,15:47,WOLVERHAMPTON_WALSALL,Class_730,3
20/01/2026,15:00,WOLVERHAMPTON_WALSALL,Class_730,3
20/01/2026,14:41,WOLVERHAMPTON_WALSALL,Class_730,3
20/01/2026,14:03,WOLVERHAMPTON_WALSALL,Class_730,3
20/01/2026,13:35,WOLVERHAMPTON_WALSALL,Class_730,3
20/01/2026,12:56,WOLVERHAMPTON_WALSALL,Class_730,3
20/01/2026,12:09,WOLVERHAMPTON_WALSALL,Class_730,3
20/01/2026,11:38,WOLVERHAMPTON_WALSALL,Class_730,3
20/01/2026,11:16,WOLVERHAMPTON_WALSALL,Class_730,3
20/01/2026,10:36,WOLVERHAMPTON_WALSALL,Class_730,3
20/01/2026,07:03,WALSALL_WOLVERHAMPTON,Class_733,3
20/01/2026,07:19,WALSALL_WOLVERHAMPTON,Class_734,3
20/01/2026,07:56,WALSALL_WOLVERHAMPTON,Class_735,3
20/01/2026,08:12,WALSALL_WOLVERHAMPTON,Class_736,3
20/01/2026,12:32,CROSS_CITY_LINE_B,Class_730,6
20/01/2026,22:53,WALSALL_WOLVERHAMPTON,Class_763,3
20/01/2026,22:31,WALSALL_WOLVERHAMPTON,Class_762,3
20/01/2026,22:05,WALSALL_WOLVERHAMPTON,Class_761,3
20/01/2026,21:28,WALSALL_WOLVERHAMPTON,Class_760,3
20/01/2026,21:06,WALSALL_WOLVERHAMPTON,Class_759,3
20/01/2026,20:35,WALSALL_WOLVERHAMPTON,Class_758,3
20/01/2026,20:08,WALSALL_WOLVERHAMPTON,Class_757,3
20/01/2026,19:32,WALSALL_WOLVERHAMPTON,Class_756,3
20/01/2026,19:12,WALSALL_WOLVERHAMPTON,Class_755,3
20/01/2026,18:15,WALSALL_WOLVERHAMPTON,Class_754,3
20/01/2026,17:57,WALSALL_WOLVERHAMPTON,Class_753,3
20/01/2026,17:09,WALSALL_WOLVERHAMPTON,Class_752,3
20/01/2026,10:15,WOLVERHAMPTON_WALSALL,Class_730,3
20/01/2026,16:36,WALSALL_WOLVERHAMPTON,Class_751,3
20/01/2026,15:38,WALSALL_WOLVERHAMPTON,Class_749,3
20/01/2026,15:01,WALSALL_WOLVERHAMPTON,Class_748,3
20/01/2026,14:42,WALSALL_WOLVERHAMPTON,Class_747,3
20/01/2026,14:03,WALSALL_WOLVERHAMPTON,Class_746,3
20/01/2026,13:26,WALSALL_WOLVERHAMPTON,Class_745,3
20/01/2026,12:53,WALSALL_WOLVERHAMPTON,Class_744,3
20/01/2026,12:09,WALSALL_WOLVERHAMPTON,Class_743,3
20/01/2026,11:42,WALSALL_WOLVERHAMPTON,Class_742,3
20/01/2026,11:16,WALSALL_WOLVERHAMPTON,Class_741,3
20/01/2026,10:37,WALSALL_WOLVERHAMPTON,Class_740,3
20/01/2026,10:20,WALSALL_WOLVERHAMPTON,Class_739,3
20/01/2026,09:20,WALSALL_WOLVERHAMPTON,Class_738,3
20/01/2026,08:43,WALSALL_WOLVERHAMPTON,Class_737,3
20/01/2026,16:08,WALSALL_WOLVERHAMPTON,Class_750,3
20/01/2026,09:12,WOLVERHAMPTON_WALSALL,Class_730,3
20/01/2026,08:42,WOLVERHAMPTON_WALSALL,Class_730,3
20/01/2026,08:20,WOLVERHAMPTON_WALSALL,Class_730,3
20/01/2026,10:28,NORTHAMPTON_BIRMINGHAM_NEW_STREET,Class_350,5
20/01/2026,09:11,NORTHAMPTON_BIRMINGHAM_NEW_STREET,Class_350,5
20/01/2026,08:09,NORTHAMPTON_BIRMINGHAM_NEW_STREET,Class_350,5
20/01/2026,07:05,NORTHAMPTON_BIRMINGHAM_NEW_STREET,Class_350,5
20/01/2026,06:04,NORTHAMPTON_BIRMINGHAM_NEW_STREET,Class_350,5
20/01/2026,05:09,NORTHAMPTON_BIRMINGHAM_NEW_STREET,Class_350,5
20/01/2026,21:43,BIRMINGHAM_INTERNATIONAL_RUGELEY_TRENT_VALLEY,Class_730,3
20/01/2026,21:24,BIRMINGHAM_INTERNATIONAL_RUGELEY_TRENT_VALLEY,Class_730,3
20/01/2026,20:53,BIRMINGHAM_INTERNATIONAL_RUGELEY_TRENT_VALLEY,Class_730,3
20/01/2026,20:30,BIRMINGHAM_INTERNATIONAL_RUGELEY_TRENT_VALLEY,Class_730,3
20/01/2026,20:03,BIRMINGHAM_INTERNATIONAL_RUGELEY_TRENT_VALLEY,Class_730,3
20/01/2026,19:28,BIRMINGHAM_INTERNATIONAL_RUGELEY_TRENT_VALLEY,Class_730,3
20/01/2026,18:53,BIRMINGHAM_INTERNATIONAL_RUGELEY_TRENT_VALLEY,Class_730,3
20/01/2026,11:29,NORTHAMPTON_BIRMINGHAM_NEW_STREET,Class_350,5
20/01/2026,18:11,BIRMINGHAM_INTERNATIONAL_RUGELEY_TRENT_VALLEY,Class_730,3
20/01/2026,17:04,BIRMINGHAM_INTERNATIONAL_RUGELEY_TRENT_VALLEY,Class_730,3
20/01/2026,16:18,BIRMINGHAM_INTERNATIONAL_RUGELEY_TRENT_VALLEY,Class_730,3
20/01/2026,16:02,BIRMINGHAM_INTERNATIONAL_RUGELEY_TRENT_VALLEY,Class_730,3
20/01/2026,15:33,BIRMINGHAM_INTERNATIONAL_RUGELEY_TRENT_VALLEY,Class_730,3
20/01/2026,14:53,BIRMINGHAM_INTERNATIONAL_RUGELEY_TRENT_VALLEY,Class_730,3
20/01/2026,14:37,BIRMINGHAM_INTERNATIONAL_RUGELEY_TRENT_VALLEY,Class_730,3
20/01/2026,13:52,BIRMINGHAM_INTERNATIONAL_RUGELEY_TRENT_VALLEY,Class_730,3
20/01/2026,13:23,BIRMINGHAM_INTERNATIONAL_RUGELEY_TRENT_VALLEY,Class_730,3
20/01/2026,12:50,BIRMINGHAM_INTERNATIONAL_RUGELEY_TRENT_VALLEY,Class_730,3
20/01/2026,12:00,BIRMINGHAM_INTERNATIONAL_RUGELEY_TRENT_VALLEY,Class_730,3
20/01/2026,11:32,BIRMINGHAM_INTERNATIONAL_RUGELEY_TRENT_VALLEY,Class_730,3
20/01/2026,11:10,BIRMINGHAM_INTERNATIONAL_RUGELEY_TRENT_VALLEY,Class_730,3
20/01/2026,10:31,BIRMINGHAM_INTERNATIONAL_RUGELEY_TRENT_VALLEY,Class_730,3
20/01/2026,17:40,BIRMINGHAM_INTERNATIONAL_RUGELEY_TRENT_VALLEY,Class_730,3
20/01/2026,08:53,BIRMINGHAM_INTERNATIONAL_RUGELEY_TRENT_VALLEY,Class_730,3
20/01/2026,12:46,NORTHAMPTON_BIRMINGHAM_NEW_STREET,Class_350,5
20/01/2026,14:56,NORTHAMPTON_BIRMINGHAM_NEW_STREET,Class_350,5
20/01/2026,07:22,WOLVERHAMPTON_WALSALL,Class_730,3
20/01/2026,07:03,WOLVERHAMPTON_WALSALL,Class_730,3
20/01/2026,06:32,WOLVERHAMPTON_WALSALL,Class_730,3
20/01/2026,05:39,WOLVERHAMPTON_WALSALL,Class_730,3
20/01/2026,05:14,WOLVERHAMPTON_WALSALL,Class_730,3
20/01/2026,23:03,BIRMINGHAM_NEW_STREET_NORTHAMPTON,Class_350,8
20/01/2026,22:05,BIRMINGHAM_NEW_STREET_NORTHAMPTON,Class_350,8
20/01/2026,21:13,BIRMINGHAM_NEW_STREET_NORTHAMPTON,Class_350,8
20/01/2026,20:13,BIRMINGHAM_NEW_STREET_NORTHAMPTON,Class_350,8
20/01/2026,19:22,BIRMINGHAM_NEW_STREET_NORTHAMPTON,Class_350,8
20/01/2026,18:00,BIRMINGHAM_NEW_STREET_NORTHAMPTON,Class_350,8
20/01/2026,16:40,BIRMINGHAM_NEW_STREET_NORTHAMPTON,Class_350,8
20/01/2026,15:53,BIRMINGHAM_NEW_STREET_NORTHAMPTON,Class_350,8
20/01/2026,13:56,NORTHAMPTON_BIRMINGHAM_NEW_STREET,Class_350,5
20/01/2026,14:44,BIRMINGHAM_NEW_STREET_NORTHAMPTON,Class_350,8
20/01/2026,12:21,BIRMINGHAM_NEW_STREET_NORTHAMPTON,Class_350,8
20/01/2026,11:17,BIRMINGHAM_NEW_STREET_NORTHAMPTON,Class_350,8
20/01/2026,10:25,BIRMINGHAM_NEW_STREET_NORTHAMPTON,Class_350,8
20/01/2026,08:43,BIRMINGHAM_NEW_STREET_NORTHAMPTON,Class_350,8
20/01/2026,07:56,BIRMINGHAM_NEW_STREET_NORTHAMPTON,Class_350,8
20/01/2026,07:04,BIRMINGHAM_NEW_STREET_NORTHAMPTON,Class_350,8
20/01/2026,22:18,NORTHAMPTON_BIRMINGHAM_NEW_STREET,Class_350,5
20/01/2026,21:24,NORTHAMPTON_BIRMINGHAM_NEW_STREET,Class_350,5
20/01/2026,20:30,NORTHAMPTON_BIRMINGHAM_NEW_STREET,Class_350,5
20/01/2026,19:28,NORTHAMPTON_BIRMINGHAM_NEW_STREET,Class_350,5
20/01/2026,18:09,NORTHAMPTON_BIRMINGHAM_NEW_STREET,Class_350,5
20/01/2026,17:07,NORTHAMPTON_BIRMINGHAM_NEW_STREET,Class_350,5
20/01/2026,16:06,NORTHAMPTON_BIRMINGHAM_NEW_STREET,Class_350,5
20/01/2026,13:39,BIRMINGHAM_NEW_STREET_NORTHAMPTON,Class_350,8
20/01/2026,12:05,CROSS_CITY_LINE_B,Class_730,6
20/01/2026,11:25,RUGELEY_TRENT_VALLEY_BIRMINGHAM_INTERNATIONAL,Class_730,3
20/01/2026,11:12,CROSS_CITY_LINE_B,Class_730,6
20/01/2026,19:26,DORRIDGE_BIRMINGHAM_MOOR_STREET,Class_168,6
20/01/2026,18:49,DORRIDGE_BIRMINGHAM_MOOR_STREET,Class_168,6
20/01/2026,18:05,DORRIDGE_BIRMINGHAM_MOOR_STREET,Class_168,6
20/01/2026,17:28,DORRIDGE_BIRMINGHAM_MOOR_STREET,Class_168,6
20/01/2026,16:58,DORRIDGE_BIRMINGHAM_MOOR_STREET,Class_168,6
20/01/2026,16:16,DORRIDGE_BIRMINGHAM_MOOR_STREET,Class_168,6
20/01/2026,15:55,DORRIDGE_BIRMINGHAM_MOOR_STREET,Class_168,6
20/01/2026,15:26,DORRIDGE_BIRMINGHAM_MOOR_STREET,Class_168,6
20/01/2026,14:49,DORRIDGE_BIRMINGHAM_MOOR_STREET,Class_168,6
20/01/2026,14:30,DORRIDGE_BIRMINGHAM_MOOR_STREET,Class_168,6
20/01/2026,13:54,DORRIDGE_BIRMINGHAM_MOOR_STREET,Class_168,6
20/01/2026,13:09,DORRIDGE_BIRMINGHAM_MOOR_STREET,Class_168,6
20/01/2026,12:41,DORRIDGE_BIRMINGHAM_MOOR_STREET,Class_168,6
20/01/2026,11:51,DORRIDGE_BIRMINGHAM_MOOR_STREET,Class_168,6
20/01/2026,11:27,DORRIDGE_BIRMINGHAM_MOOR_STREET,Class_168,6
20/01/2026,11:03,DORRIDGE_BIRMINGHAM_MOOR_STREET,Class_168,6
20/01/2026,10:25,DORRIDGE_BIRMINGHAM_MOOR_STREET,Class_168,6
20/01/2026,09:48,DORRIDGE_BIRMINGHAM_MOOR_STREET,Class_168,6
20/01/2026,08:56,DORRIDGE_BIRMINGHAM_MOOR_STREET,Class_168,6
20/01/2026,08:29,DORRIDGE_BIRMINGHAM_MOOR_STREET,Class_168,6
20/01/2026,08:02,DORRIDGE_BIRMINGHAM_MOOR_STREET,Class_168,6
20/01/2026,07:39,DORRIDGE_BIRMINGHAM_MOOR_STREET,Class_168,6
20/01/2026,07:05,DORRIDGE_BIRMINGHAM_MOOR_STREET,Class_168,6
20/01/2026,06:41,DORRIDGE_BIRMINGHAM_MOOR_STREET,Class_168,6
20/01/2026,05:56,DORRIDGE_BIRMINGHAM_MOOR_STREET,Class_168,6
20/01/2026,23:31,BIRMINGHAM_MOOR_STREET_DORRIDGE,Class_168,6
20/01/2026,23:13,BIRMINGHAM_MOOR_STREET_DORRIDGE,Class_168,6
20/01/2026,19:58,DORRIDGE_BIRMINGHAM_MOOR_STREET,Class_168,6
20/01/2026,20:19,DORRIDGE_BIRMINGHAM_MOOR_STREET,Class_168,6
20/01/2026,20:46,DORRIDGE_BIRMINGHAM_MOOR_STREET,Class_168,6
20/01/2026,21:15,DORRIDGE_BIRMINGHAM_MOOR_STREET,Class_168,6
20/01/2026,16:30,DORRIDGE_BIRMINGHAM_SNOW_HILL,Class_168,6
20/01/2026,15:25,DORRIDGE_BIRMINGHAM_SNOW_HILL,Class_168,6
20/01/2026,14:31,DORRIDGE_BIRMINGHAM_SNOW_HILL,Class_168,6
20/01/2026,13:17,DORRIDGE_BIRMINGHAM_SNOW_HILL,Class_168,6
20/01/2026,11:52,DORRIDGE_BIRMINGHAM_SNOW_HILL,Class_168,6
20/01/2026,11:06,DORRIDGE_BIRMINGHAM_SNOW_HILL,Class_168,6
20/01/2026,10:06,DORRIDGE_BIRMINGHAM_SNOW_HILL,Class_168,6
20/01/2026,08:30,DORRIDGE_BIRMINGHAM_SNOW_HILL,Class_168,6
20/01/2026,23:18,BIRMINGHAM_SNOW_HILL_DORRIDGE,Class_168,6
20/01/2026,22:32,BIRMINGHAM_SNOW_HILL_DORRIDGE,Class_168,6
20/01/2026,21:34,BIRMINGHAM_SNOW_HILL_DORRIDGE,Class_168,6
20/01/2026,20:43,BIRMINGHAM_SNOW_HILL_DORRIDGE,Class_168,6
20/01/2026,19:49,BIRMINGHAM_SNOW_HILL_DORRIDGE,Class_168,6
20/01/2026,22:44,BIRMINGHAM_MOOR_STREET_DORRIDGE,Class_168,6
20/01/2026,18:35,BIRMINGHAM_SNOW_HILL_DORRIDGE,Class_168,6
20/01/2026,16:14,BIRMINGHAM_SNOW_HILL_DORRIDGE,Class_168,6
20/01/2026,15:11,BIRMINGHAM_SNOW_HILL_DORRIDGE,Class_168,6
20/01/2026,14:17,BIRMINGHAM_SNOW_HILL_DORRIDGE,Class_168,6
20/01/2026,12:59,BIRMINGHAM_SNOW_HILL_DORRIDGE,Class_168,6
20/01/2026,11:46,BIRMINGHAM_SNOW_HILL_DORRIDGE,Class_168,6
20/01/2026,10:53,BIRMINGHAM_SNOW_HILL_DORRIDGE,Class_168,6
20/01/2026,09:28,BIRMINGHAM_SNOW_HILL_DORRIDGE,Class_168,6
20/01/2026,08:25,BIRMINGHAM_SNOW_HILL_DORRIDGE,Class_168,6
20/01/2026,23:21,DORRIDGE_BIRMINGHAM_MOOR_STREET,Class_168,6
20/01/2026,23:16,DORRIDGE_BIRMINGHAM_MOOR_STREET,Class_168,6
20/01/2026,22:43,DORRIDGE_BIRMINGHAM_MOOR_STREET,Class_168,6
20/01/2026,22:17,DORRIDGE_BIRMINGHAM_MOOR_STREET,Class_168,6
20/01/2026,21:46,DORRIDGE_BIRMINGHAM_MOOR_STREET,Class_168,6
20/01/2026,17:21,BIRMINGHAM_SNOW_HILL_DORRIDGE,Class_168,6
20/01/2026,22:16,BIRMINGHAM_MOOR_STREET_DORRIDGE,Class_168,6
20/01/2026,21:42,BIRMINGHAM_MOOR_STREET_DORRIDGE,Class_168,6
20/01/2026,21:21,BIRMINGHAM_MOOR_STREET_DORRIDGE,Class_168,6
20/01/2026,21:33,WOLVERHAMPTON_BIRMINGHAM_INTERNATIONAL,Class_158,2
20/01/2026,20:40,WOLVERHAMPTON_BIRMINGHAM_INTERNATIONAL,Class_158,2
20/01/2026,19:48,WOLVERHAMPTON_BIRMINGHAM_INTERNATIONAL,Class_158,2
20/01/2026,18:35,WOLVERHAMPTON_BIRMINGHAM_INTERNATIONAL,Class_158,2
20/01/2026,17:22,WOLVERHAMPTON_BIRMINGHAM_INTERNATIONAL,Class_158,2
20/01/2026,16:15,WOLVERHAMPTON_BIRMINGHAM_INTERNATIONAL,Class_158,2
20/01/2026,15:12,WOLVERHAMPTON_BIRMINGHAM_INTERNATIONAL,Class_158,2
20/01/2026,14:06,WOLVERHAMPTON_BIRMINGHAM_INTERNATIONAL,Class_158,2
20/01/2026,13:02,WOLVERHAMPTON_BIRMINGHAM_INTERNATIONAL,Class_158,2
20/01/2026,11:49,WOLVERHAMPTON_BIRMINGHAM_INTERNATIONAL,Class_158,2
20/01/2026,10:38,WOLVERHAMPTON_BIRMINGHAM_INTERNATIONAL,Class_158,2
20/01/2026,09:46,WOLVERHAMPTON_BIRMINGHAM_INTERNATIONAL,Class_158,2
20/01/2026,07:31,WOLVERHAMPTON_BIRMINGHAM_INTERNATIONAL,Class_158,2
20/01/2026,22:35,WOLVERHAMPTON_BIRMINGHAM_INTERNATIONAL,Class_158,2
20/01/2026,06:40,WOLVERHAMPTON_BIRMINGHAM_INTERNATIONAL,Class_158,2
20/01/2026,19:45,BIRMINGHAM_INTERNATIONA_WOLVERHAMPTON,Class_158,2
20/01/2026,18:36,BIRMINGHAM_INTERNATIONA_WOLVERHAMPTON,Class_158,2
20/01/2026,17:16,BIRMINGHAM_INTERNATIONA_WOLVERHAMPTON,Class_158,2
20/01/2026,16:09,BIRMINGHAM_INTERNATIONA_WOLVERHAMPTON,Class_158,2
20/01/2026,15:09,BIRMINGHAM_INTERNATIONA_WOLVERHAMPTON,Class_158,2
20/01/2026,14:06,BIRMINGHAM_INTERNATIONA_WOLVERHAMPTON,Class_158,2
20/01/2026,13:02,BIRMINGHAM_INTERNATIONA_WOLVERHAMPTON,Class_158,2
20/01/2026,11:44,BIRMINGHAM_INTERNATIONA_WOLVERHAMPTON,Class_158,2
20/01/2026,10:41,BIRMINGHAM_INTERNATIONA_WOLVERHAMPTON,Class_158,2
20/01/2026,09:36,BIRMINGHAM_INTERNATIONA_WOLVERHAMPTON,Class_158,2
20/01/2026,08:23,BIRMINGHAM_INTERNATIONA_WOLVERHAMPTON,Class_158,2
20/01/2026,07:29,BIRMINGHAM_INTERNATIONA_WOLVERHAMPTON,Class_158,2
20/01/2026,06:39,BIRMINGHAM_INTERNATIONA_WOLVERHAMPTON,Class_158,2
20/01/2026,05:11,WOLVERHAMPTON_BIRMINGHAM_INTERNATIONAL,Class_158,2
20/01/2026,17:46,DORRIDGE_BIRMINGHAM_SNOW_HILL,Class_168,6
20/01/2026,05:01,BIRMINGHAM_MOOR_STREET_DORRIDGE,Class_168,6
20/01/2026,05:27,BIRMINGHAM_MOOR_STREET_DORRIDGE,Class_168,6
20/01/2026,20:46,BIRMINGHAM_MOOR_STREET_DORRIDGE,Class_168,6
20/01/2026,20:25,BIRMINGHAM_MOOR_STREET_DORRIDGE,Class_168,6
20/01/2026,19:50,BIRMINGHAM_MOOR_STREET_DORRIDGE,Class_168,6
20/01/2026,19:25,BIRMINGHAM_MOOR_STREET_DORRIDGE,Class_168,6
20/01/2026,18:41,BIRMINGHAM_MOOR_STREET_DORRIDGE,Class_168,6
20/01/2026,18:05,BIRMINGHAM_MOOR_STREET_DORRIDGE,Class_168,6
20/01/2026,17:24,BIRMINGHAM_MOOR_STREET_DORRIDGE,Class_168,6
20/01/2026,16:59,BIRMINGHAM_MOOR_STREET_DORRIDGE,Class_168,6
20/01/2026,16:22,BIRMINGHAM_MOOR_STREET_DORRIDGE,Class_168,6
20/01/2026,15:56,BIRMINGHAM_MOOR_STREET_DORRIDGE,Class_168,6
20/01/2026,15:15,BIRMINGHAM_MOOR_STREET_DORRIDGE,Class_168,6
20/01/2026,14:49,BIRMINGHAM_MOOR_STREET_DORRIDGE,Class_168,6
20/01/2026,14:18,BIRMINGHAM_MOOR_STREET_DORRIDGE,Class_168,6
20/01/2026,05:07,BIRMINGHAM_MOOR_STREET_DORRIDGE,Class_168,6
20/01/2026,13:42,BIRMINGHAM_MOOR_STREET_DORRIDGE,Class_168,6
20/01/2026,12:24,BIRMINGHAM_MOOR_STREET_DORRIDGE,Class_168,6
20/01/2026,11:52,BIRMINGHAM_MOOR_STREET_DORRIDGE,Class_168,6
20/01/2026,11:19,BIRMINGHAM_MOOR_STREET_DORRIDGE,Class_168,6
20/01/2026,11:05,BIRMINGHAM_MOOR_STREET_DORRIDGE,Class_168,6
20/01/2026,10:27,BIRMINGHAM_MOOR_STREET_DORRIDGE,Class_168,6
20/01/2026,09:49,BIRMINGHAM_MOOR_STREET_DORRIDGE,Class_168,6
20/01/2026,08:53,BIRMINGHAM_MOOR_STREET_DORRIDGE,Class_168,6
20/01/2026,08:26,BIRMINGHAM_MOOR_STREET_DORRIDGE,Class_168,6
20/01/2026,07:58,BIRMINGHAM_MOOR_STREET_DORRIDGE,Class_168,6
20/01/2026,07:42,BIRMINGHAM_MOOR_STREET_DORRIDGE,Class_168,6
20/01/2026,07:11,BIRMINGHAM_MOOR_STREET_DORRIDGE,Class_168,6
20/01/2026,06:45,BIRMINGHAM_MOOR_STREET_DORRIDGE,Class_168,6
20/01/2026,05:44,BIRMINGHAM_MOOR_STREET_DORRIDGE,Class_168,6
20/01/2026,13:10,BIRMINGHAM_MOOR_STREET_DORRIDGE,Class_168,6
20/01/2026,18:48,DORRIDGE_BIRMINGHAM_SNOW_HILL,Class_168,6
20/01/2026,11:29,CROSS_CITY_LINE_B,Class_730,6
20/01/2026,20:53,DORRIDGE_BIRMINGHAM_SNOW_HILL,Class_168,6
20/01/2026,11:43,CROSS_CITY_LINE_A,Class_730,6
20/01/2026,11:19,CROSS_CITY_LINE_A,Class_730,6
20/01/2026,10:51,CROSS_CITY_LINE_A,Class_730,6
20/01/2026,10:23,CROSS_CITY_LINE_A,Class_730,6
20/01/2026,09:39,CROSS_CITY_LINE_A,Class_730,6
20/01/2026,08:46,CROSS_CITY_LINE_A,Class_730,6
20/01/2026,08:24,CROSS_CITY_LINE_A,Class_730,6
20/01/2026,07:58,CROSS_CITY_LINE_A,Class_730,6
20/01/2026,07:36,CROSS_CITY_LINE_A,Class_730,6
20/01/2026,07:04,CROSS_CITY_LINE_A,Class_730,6
20/01/2026,06:33,CROSS_CITY_LINE_A,Class_730,6
20/01/2026,05:42,CROSS_CITY_LINE_A,Class_730,6
20/01/2026,05:22,CROSS_CITY_LINE_A,Class_730,6
20/01/2026,12:23,CROSS_CITY_LINE_A,Class_730,6
20/01/2026,21:48,COVENTRY_STAFFORD,Class_390,11
20/01/2026,20:04,COVENTRY_STAFFORD,Class_390,11
20/01/2026,18:51,COVENTRY_STAFFORD,Class_390,11
20/01/2026,17:46,COVENTRY_STAFFORD,Class_390,11
20/01/2026,16:32,COVENTRY_STAFFORD,Class_390,11
20/01/2026,15:25,COVENTRY_STAFFORD,Class_390,11
20/01/2026,14:32,COVENTRY_STAFFORD,Class_390,11
20/01/2026,13:24,COVENTRY_STAFFORD,Class_390,11
20/01/2026,12:07,COVENTRY_STAFFORD,Class_390,11
20/01/2026,11:09,COVENTRY_STAFFORD,Class_390,11
20/01/2026,10:12,COVENTRY_STAFFORD,Class_390,11
20/01/2026,08:39,COVENTRY_STAFFORD,Class_390,11
20/01/2026,07:42,COVENTRY_STAFFORD,Class_390,11
20/01/2026,07:00,COVENTRY_STAFFORD,Class_390,11
20/01/2026,21:03,COVENTRY_STAFFORD,Class_390,11
20/01/2026,22:49,STAFFORD_COVENTRY,Class_390,11
20/01/2026,13:01,CROSS_CITY_LINE_A,Class_730,6
20/01/2026,14:07,CROSS_CITY_LINE_A,Class_730,6
20/01/2026,19:53,DORRIDGE_BIRMINGHAM_SNOW_HILL,Class_168,6
20/01/2026,09:56,CROSS_CITY_LINE_B,Class_730,6
20/01/2026,09:01,CROSS_CITY_LINE_B,Class_730,6
20/01/2026,08:30,CROSS_CITY_LINE_B,Class_730,6
20/01/2026,08:05,CROSS_CITY_LINE_B,Class_730,6
20/01/2026,07:47,CROSS_CITY_LINE_B,Class_730,6
20/01/2026,07:06,CROSS_CITY_LINE_B,Class_730,6
20/01/2026,06:55,CROSS_CITY_LINE_B,Class_730,6
20/01/2026,06:05,CROSS_CITY_LINE_B,Class_730,6
20/01/2026,05:30,CROSS_CITY_LINE_B,Class_730,6
20/01/2026,23:18,CROSS_CITY_LINE_A,Class_730,6
20/01/2026,23:07,CROSS_CITY_LINE_A,Class_730,6
20/01/2026,22:35,CROSS_CITY_LINE_A,Class_730,6
20/01/2026,13:39,CROSS_CITY_LINE_A,Class_730,6
20/01/2026,22:07,CROSS_CITY_LINE_A,Class_730,6
20/01/2026,21:14,CROSS_CITY_LINE_A,Class_730,6
20/01/2026,20:41,CROSS_CITY_LINE_A,Class_730,6
20/01/2026,20:11,CROSS_CITY_LINE_A,Class_730,6
20/01/2026,19:49,CROSS_CITY_LINE_A,Class_730,6
20/01/2026,19:24,CROSS_CITY_LINE_A,Class_730,6
20/01/2026,18:31,CROSS_CITY_LINE_A,Class_730,6
20/01/2026,18:03,CROSS_CITY_LINE_A,Class_730,6
20/01/2026,17:12,CROSS_CITY_LINE_A,Class_730,6
20/01/2026,16:40,CROSS_CITY_LINE_A,Class_730,6
20/01/2026,16:13,CROSS_CITY_LINE_A,Class_730,6
20/01/2026,15:53,CROSS_CITY_LINE_A,Class_730,6
20/01/2026,15:10,CROSS_CITY_LINE_A,Class_730,6
20/01/2026,14:44,CROSS_CITY_LINE_A,Class_730,6
20/01/2026,21:34,CROSS_CITY_LINE_A,Class_730,6
20/01/2026,21:55,STAFFORD_COVENTRY,Class_390,11
20/01/2026,10:30,CROSS_CITY_LINE_B,Class_730,6
20/01/2026,20:05,STAFFORD_COVENTRY,Class_390,11
20/01/2026,20:04,BIRMINGHAM_NEW_STREET_RUGBY,Class_390,7
20/01/2026,19:08,BIRMINGHAM_NEW_STREET_RUGBY,Class_390,7
20/01/2026,17:49,BIRMINGHAM_NEW_STREET_RUGBY,Class_390,7
20/01/2026,16:34,BIRMINGHAM_NEW_STREET_RUGBY,Class_390,7
20/01/2026,15:26,BIRMINGHAM_NEW_STREET_RUGBY,Class_390,7
20/01/2026,14:37,BIRMINGHAM_NEW_STREET_RUGBY,Class_390,7
20/01/2026,13:26,BIRMINGHAM_NEW_STREET_RUGBY,Class_390,7
20/01/2026,12:05,BIRMINGHAM_NEW_STREET_RUGBY,Class_390,7
20/01/2026,11:12,BIRMINGHAM_NEW_STREET_RUGBY,Class_390,7
20/01/2026,10:11,BIRMINGHAM_NEW_STREET_RUGBY,Class_390,7
20/01/2026,08:31,BIRMINGHAM_NEW_STREET_RUGBY,Class_390,7
20/01/2026,07:48,BIRMINGHAM_NEW_STREET_RUGBY,Class_390,7
20/01/2026,06:49,BIRMINGHAM_NEW_STREET_RUGBY,Class_390,7
20/01/2026,22:51,RUGBY_WOLVERHAMPTON,Class_390,11
20/01/2026,20:48,RUGBY_WOLVERHAMPTON,Class_390,11
20/01/2026,19:51,RUGBY_WOLVERHAMPTON,Class_390,11
20/01/2026,05:45,WOLVERHAMPTON_COVENTRY,Class_390,11
20/01/2026,05:23,WOLVERHAMPTON_COVENTRY,Class_390,11
20/01/2026,05:07,WOLVERHAMPTON_COVENTRY,Class_390,11
20/01/2026,05:04,WOLVERHAMPTON_COVENTRY,Class_390,11
20/01/2026,23:16,DORRIDGE_STOURBRIDGE_JUNCTION,Class_168,6
20/01/2026,21:06,DORRIDGE_STOURBRIDGE_JUNCTION,Class_168,6
20/01/2026,18:45,DORRIDGE_STOURBRIDGE_JUNCTION,Class_168,6
20/01/2026,05:29,STOURBRIDGE_JUNCTION_DORRIDGE,Class_168,6
20/01/2026,23:34,DORRIDGE_BIRMINGHAM_SNOW_HILL,Class_168,6
20/01/2026,22:46,DORRIDGE_BIRMINGHAM_SNOW_HILL,Class_168,6
20/01/2026,21:02,STAFFORD_COVENTRY,Class_390,11
20/01/2026,07:50,RUGBY_BIRMINGHAM_NEW_STREET,Class_390,7
20/01/2026,08:25,RUGBY_BIRMINGHAM_NEW_STREET,Class_390,7
20/01/2026,21:50,DORRIDGE_BIRMINGHAM_SNOW_HILL,Class_168,6
20/01/2026,10:02,RUGBY_BIRMINGHAM_NEW_STREET,Class_390,7
20/01/2026,09:17,RUGBY_BIRMINGHAM_NEW_STREET,Class_390,7
20/01/2026,17:49,STAFFORD_COVENTRY,Class_390,11
20/01/2026,16:31,STAFFORD_COVENTRY,Class_390,11
20/01/2026,15:35,STAFFORD_COVENTRY,Class_390,11
20/01/2026,14:38,STAFFORD_COVENTRY,Class_390,11
20/01/2026,13:22,STAFFORD_COVENTRY,Class_390,11
20/01/2026,12:08,STAFFORD_COVENTRY,Class_390,11
20/01/2026,11:13,STAFFORD_COVENTRY,Class_390,11
20/01/2026,10:07,STAFFORD_COVENTRY,Class_390,11
20/01/2026,07:48,STAFFORD_COVENTRY,Class_390,11
20/01/2026,07:01,STAFFORD_COVENTRY,Class_390,11
20/01/2026,18:49,RUGBY_BIRMINGHAM_NEW_STREET,Class_390,7
20/01/2026,18:18,RUGBY_BIRMINGHAM_NEW_STREET,Class_390,7
20/01/2026,17:42,RUGBY_BIRMINGHAM_NEW_STREET,Class_390,7
20/01/2026,08:40,STAFFORD_COVENTRY,Class_390,11
20/01/2026,16:23,RUGBY_BIRMINGHAM_NEW_STREET,Class_390,7
20/01/2026,10:32,RUGBY_BIRMINGHAM_NEW_STREET,Class_390,7
20/01/2026,17:09,RUGBY_BIRMINGHAM_NEW_STREET,Class_390,7
20/01/2026,11:37,RUGBY_BIRMINGHAM_NEW_STREET,Class_390,7
20/01/2026,12:02,RUGBY_BIRMINGHAM_NEW_STREET,Class_390,7
20/01/2026,12:53,RUGBY_BIRMINGHAM_NEW_STREET,Class_390,7
20/01/2026,18:53,STAFFORD_COVENTRY,Class_390,11
20/01/2026,11:06,RUGBY_BIRMINGHAM_NEW_STREET,Class_390,7
20/01/2026,13:57,RUGBY_BIRMINGHAM_NEW_STREET,Class_390,7
20/01/2026,14:26,RUGBY_BIRMINGHAM_NEW_STREET,Class_390,7
20/01/2026,16:07,RUGBY_BIRMINGHAM_NEW_STREET,Class_390,7
20/01/2026,15:06,RUGBY_BIRMINGHAM_NEW_STREET,Class_390,7
20/01/2026,15:18,RUGBY_BIRMINGHAM_NEW_STREET,Class_390,7
20/01/2026,13:16,RUGBY_BIRMINGHAM_NEW_STREET,Class_390,7
21/01/2026,20:06,FOUR_OAKS_REDDITCH,Class_730,6
21/01/2026,20:41,FOUR_OAKS_REDDITCH,Class_730,6
21/01/2026,21:05,FOUR_OAKS_REDDITCH,Class_730,6
21/01/2026,21:35,FOUR_OAKS_REDDITCH,Class_730,6
21/01/2026,22:52,FOUR_OAKS_REDDITCH,Class_730,6
21/01/2026,22:25,FOUR_OAKS_REDDITCH,Class_730,6
21/01/2026,23:18,FOUR_OAKS_REDDITCH,Class_730,6
21/01/2026,05:43,RUGELEY_TRENT_VALLEY_BIRMINGHAM_INTERNATIONAL,Class_730,3
21/01/2026,06:27,RUGELEY_TRENT_VALLEY_BIRMINGHAM_INTERNATIONAL,Class_730,3
21/01/2026,19:13,FOUR_OAKS_REDDITCH,Class_730,6
21/01/2026,22:05,FOUR_OAKS_REDDITCH,Class_730,6
21/01/2026,18:52,FOUR_OAKS_REDDITCH,Class_730,6
21/01/2026,10:36,FOUR_OAKS_REDDITCH,Class_730,6
21/01/2026,17:48,FOUR_OAKS_REDDITCH,Class_730,6
21/01/2026,17:14,FOUR_OAKS_REDDITCH,Class_730,6
21/01/2026,16:34,FOUR_OAKS_REDDITCH,Class_730,6
21/01/2026,15:51,FOUR_OAKS_REDDITCH,Class_730,6
21/01/2026,15:24,FOUR_OAKS_REDDITCH,Class_730,6
21/01/2026,14:27,FOUR_OAKS_REDDITCH,Class_730,6
21/01/2026,13:53,FOUR_OAKS_REDDITCH,Class_730,6
21/01/2026,13:16,FOUR_OAKS_REDDITCH,Class_730,6
21/01/2026,12:52,FOUR_OAKS_REDDITCH,Class_730,6
21/01/2026,12:27,FOUR_OAKS_REDDITCH,Class_730,6
21/01/2026,12:03,FOUR_OAKS_REDDITCH,Class_730,6
21/01/2026,11:23,FOUR_OAKS_REDDITCH,Class_730,6
21/01/2026,06:52,RUGELEY_TRENT_VALLEY_BIRMINGHAM_INTERNATIONAL,Class_730,3
21/01/2026,10:16,FOUR_OAKS_REDDITCH,Class_730,6
21/01/2026,18:07,FOUR_OAKS_REDDITCH,Class_730,6
21/01/2026,07:48,RUGELEY_TRENT_VALLEY_BIRMINGHAM_INTERNATIONAL,Class_730,3
21/01/2026,14:45,RUGELEY_TRENT_VALLEY_BIRMINGHAM_INTERNATIONAL,Class_730,3
21/01/2026,08:33,RUGELEY_TRENT_VALLEY_BIRMINGHAM_INTERNATIONAL,Class_730,3
21/01/2026,08:01,BIRMINGHAM_INTERNATIONAL_RUGELEY_TRENT_VALLEY,Class_730,3
21/01/2026,09:54,FOUR_OAKS_REDDITCH,Class_730,6
21/01/2026,07:03,BIRMINGHAM_INTERNATIONAL_RUGELEY_TRENT_VALLEY,Class_730,3
21/01/2026,06:20,BIRMINGHAM_INTERNATIONAL_RUGELEY_TRENT_VALLEY,Class_730,3
21/01/2026,22:15,RUGELEY_TRENT_VALLEY_BIRMINGHAM_INTERNATIONAL,Class_730,3
21/01/2026,21:42,RUGELEY_TRENT_VALLEY_BIRMINGHAM_INTERNATIONAL,Class_730,3
21/01/2026,21:18,RUGELEY_TRENT_VALLEY_BIRMINGHAM_INTERNATIONAL,Class_730,3
21/01/2026,20:42,RUGELEY_TRENT_VALLEY_BIRMINGHAM_INTERNATIONAL,Class_730,3
21/01/2026,20:14,RUGELEY_TRENT_VALLEY_BIRMINGHAM_INTERNATIONAL,Class_730,3
21/01/2026,19:14,RUGELEY_TRENT_VALLEY_BIRMINGHAM_INTERNATIONAL,Class_730,3
21/01/2026,18:54,RUGELEY_TRENT_VALLEY_BIRMINGHAM_INTERNATIONAL,Class_730,3
21/01/2026,18:13,RUGELEY_TRENT_VALLEY_BIRMINGHAM_INTERNATIONAL,Class_730,3
21/01/2026,17:53,RUGELEY_TRENT_VALLEY_BIRMINGHAM_INTERNATIONAL,Class_730,3
21/01/2026,08:12,RUGELEY_TRENT_VALLEY_BIRMINGHAM_INTERNATIONAL,Class_730,3
21/01/2026,17:25,RUGELEY_TRENT_VALLEY_BIRMINGHAM_INTERNATIONAL,Class_730,3
21/01/2026,15:53,RUGELEY_TRENT_VALLEY_BIRMINGHAM_INTERNATIONAL,Class_730,3
21/01/2026,15:31,RUGELEY_TRENT_VALLEY_BIRMINGHAM_INTERNATIONAL,Class_730,3
21/01/2026,13:54,RUGELEY_TRENT_VALLEY_BIRMINGHAM_INTERNATIONAL,Class_730,3
21/01/2026,13:18,RUGELEY_TRENT_VALLEY_BIRMINGHAM_INTERNATIONAL,Class_730,3
21/01/2026,12:57,RUGELEY_TRENT_VALLEY_BIRMINGHAM_INTERNATIONAL,Class_730,3
21/01/2026,12:28,RUGELEY_TRENT_VALLEY_BIRMINGHAM_INTERNATIONAL,Class_730,3
21/01/2026,12:15,RUGELEY_TRENT_VALLEY_BIRMINGHAM_INTERNATIONAL,Class_730,3
21/01/2026,11:25,RUGELEY_TRENT_VALLEY_BIRMINGHAM_INTERNATIONAL,Class_730,3
21/01/2026,11:00,RUGELEY_TRENT_VALLEY_BIRMINGHAM_INTERNATIONAL,Class_730,3
21/01/2026,10:16,RUGELEY_TRENT_VALLEY_BIRMINGHAM_INTERNATIONAL,Class_730,3
21/01/2026,09:56,RUGELEY_TRENT_VALLEY_BIRMINGHAM_INTERNATIONAL,Class_730,3
21/01/2026,09:28,RUGELEY_TRENT_VALLEY_BIRMINGHAM_INTERNATIONAL,Class_730,3
21/01/2026,08:55,RUGELEY_TRENT_VALLEY_BIRMINGHAM_INTERNATIONAL,Class_730,3
21/01/2026,16:52,RUGELEY_TRENT_VALLEY_BIRMINGHAM_INTERNATIONAL,Class_730,3
21/01/2026,07:38,BIRMINGHAM_INTERNATIONAL_RUGELEY_TRENT_VALLEY,Class_730,3
21/01/2026,12:41,REDDITCH_FOUR_OAKS,Class_730,6
21/01/2026,08:29,FOUR_OAKS_REDDITCH,Class_730,6
21/01/2026,09:08,REDDITCH_FOUR_OAKS,Class_730,6
21/01/2026,08:36,REDDITCH_FOUR_OAKS,Class_730,6
21/01/2026,08:20,REDDITCH_FOUR_OAKS,Class_730,6
21/01/2026,07:48,REDDITCH_FOUR_OAKS,Class_730,6
21/01/2026,07:14,REDDITCH_FOUR_OAKS,Class_730,6
21/01/2026,06:40,REDDITCH_FOUR_OAKS,Class_730,6
21/01/2026,05:45,REDDITCH_FOUR_OAKS,Class_730,6
21/01/2026,05:17,REDDITCH_FOUR_OAKS,Class_730,6
21/01/2026,22:28,CROSS_CITY_LINE_B,Class_730,6
21/01/2026,22:15,CROSS_CITY_LINE_B,Class_730,6
21/01/2026,21:36,CROSS_CITY_LINE_B,Class_730,6
21/01/2026,21:15,CROSS_CITY_LINE_B,Class_730,6
21/01/2026,20:38,CROSS_CITY_LINE_B,Class_730,6
21/01/2026,20:24,CROSS_CITY_LINE_B,Class_730,6
21/01/2026,19:26,CROSS_CITY_LINE_B,Class_730,6
21/01/2026,18:56,CROSS_CITY_LINE_B,Class_730,6
21/01/2026,18:23,CROSS_CITY_LINE_B,Class_730,6
21/01/2026,17:51,CROSS_CITY_LINE_B,Class_730,6
21/01/2026,17:26,CROSS_CITY_LINE_B,Class_730,6
21/01/2026,16:55,CROSS_CITY_LINE_B,Class_730,6
21/01/2026,15:55,CROSS_CITY_LINE_B,Class_730,6
21/01/2026,15:34,CROSS_CITY_LINE_B,Class_730,6
21/01/2026,14:40,CROSS_CITY_LINE_B,Class_730,6
21/01/2026,13:55,CROSS_CITY_LINE_B,Class_730,6
21/01/2026,13:21,CROSS_CITY_LINE_B,Class_730,6
21/01/2026,08:32,BIRMINGHAM_INTERNATIONAL_RUGELEY_TRENT_VALLEY,Class_730,3
21/01/2026,12:54,CROSS_CITY_LINE_B,Class_730,6
21/01/2026,09:37,REDDITCH_FOUR_OAKS,Class_730,6
21/01/2026,10:07,REDDITCH_FOUR_OAKS,Class_730,6
21/01/2026,10:25,REDDITCH_FOUR_OAKS,Class_730,6
21/01/2026,11:15,REDDITCH_FOUR_OAKS,Class_730,6
21/01/2026,08:01,FOUR_OAKS_REDDITCH,Class_730,6
21/01/2026,07:42,FOUR_OAKS_REDDITCH,Class_730,6
21/01/2026,06:44,FOUR_OAKS_REDDITCH,Class_730,6
21/01/2026,06:33,FOUR_OAKS_REDDITCH,Class_730,6
21/01/2026,05:22,FOUR_OAKS_REDDITCH,Class_730,6
21/01/2026,05:12,FOUR_OAKS_REDDITCH,Class_730,6
21/01/2026,23:21,REDDITCH_FOUR_OAKS,Class_730,6
21/01/2026,23:00,REDDITCH_FOUR_OAKS,Class_730,6
21/01/2026,22:41,REDDITCH_FOUR_OAKS,Class_730,6
21/01/2026,22:21,REDDITCH_FOUR_OAKS,Class_730,6
21/01/2026,21:45,REDDITCH_FOUR_OAKS,Class_730,6
21/01/2026,21:33,REDDITCH_FOUR_OAKS,Class_730,6
21/01/2026,20:56,REDDITCH_FOUR_OAKS,Class_730,6
21/01/2026,08:40,FOUR_OAKS_REDDITCH,Class_730,6
21/01/2026,20:25,REDDITCH_FOUR_OAKS,Class_730,6
21/01/2026,19:07,REDDITCH_FOUR_OAKS,Class_730,6
21/01/2026,18:24,REDDITCH_FOUR_OAKS,Class_730,6
21/01/2026,17:59,REDDITCH_FOUR_OAKS,Class_730,6
21/01/2026,17:31,REDDITCH_FOUR_OAKS,Class_730,6
21/01/2026,17:11,REDDITCH_FOUR_OAKS,Class_730,6
21/01/2026,16:14,REDDITCH_FOUR_OAKS,Class_730,6
21/01/2026,15:42,REDDITCH_FOUR_OAKS,Class_730,6
21/01/2026,14:59,REDDITCH_FOUR_OAKS,Class_730,6
21/01/2026,14:20,REDDITCH_FOUR_OAKS,Class_730,6
21/01/2026,13:32,REDDITCH_FOUR_OAKS,Class_730,6
21/01/2026,13:07,REDDITCH_FOUR_OAKS,Class_730,6
21/01/2026,12:20,REDDITCH_FOUR_OAKS,Class_730,6
21/01/2026,11:38,REDDITCH_FOUR_OAKS,Class_730,6
21/01/2026,19:28,REDDITCH_FOUR_OAKS,Class_730,6
21/01/2026,08:55,BIRMINGHAM_INTERNATIONAL_RUGELEY_TRENT_VALLEY,Class_730,3
21/01/2026,07:48,WOLVERHAMPTON_WALSALL,Class_730,3
21/01/2026,09:56,BIRMINGHAM_INTERNATIONAL_RUGELEY_TRENT_VALLEY,Class_730,3
21/01/2026,05:51,WALSALL_WOLVERHAMPTON,Class_731,3
21/01/2026,05:19,WALSALL_WOLVERHAMPTON,Class_730,3
21/01/2026,23:07,WOLVERHAMPTON_WALSALL,Class_730,3
21/01/2026,22:40,WOLVERHAMPTON_WALSALL,Class_730,3
21/01/2026,22:22,WOLVERHAMPTON_WALSALL,Class_730,3
21/01/2026,21:54,WOLVERHAMPTON_WALSALL,Class_730,3
21/01/2026,21:34,WOLVERHAMPTON_WALSALL,Class_730,3
21/01/2026,20:50,WOLVERHAMPTON_WALSALL,Class_730,3
21/01/2026,20:28,WOLVERHAMPTON_WALSALL,Class_730,3
21/01/2026,19:30,WOLVERHAMPTON_WALSALL,Class_730,3
21/01/2026,19:05,WOLVERHAMPTON_WALSALL,Class_730,3
21/01/2026,18:23,WOLVERHAMPTON_WALSALL,Class_730,3
21/01/2026,17:59,WOLVERHAMPTON_WALSALL,Class_730,3
21/01/2026,17:26,WOLVERHAMPTON_WALSALL,Class_730,3
21/01/2026,17:11,WOLVERHAMPTON_WALSALL,Class_730,3
21/01/2026,16:09,WOLVERHAMPTON_WALSALL,Class_730,3
21/01/2026,15:40,WOLVERHAMPTON_WALSALL,Class_730,3
21/01/2026,15:03,WOLVERHAMPTON_WALSALL,Class_730,3
21/01/2026,14:23,WOLVERHAMPTON_WALSALL,Class_730,3
21/01/2026,13:39,WOLVERHAMPTON_WALSALL,Class_730,3
21/01/2026,13:05,WOLVERHAMPTON_WALSALL,Class_730,3
21/01/2026,12:39,WOLVERHAMPTON_WALSALL,Class_730,3
21/01/2026,12:20,WOLVERHAMPTON_WALSALL,Class_730,3
21/01/2026,11:39,WOLVERHAMPTON_WALSALL,Class_730,3
21/01/2026,11:17,WOLVERHAMPTON_WALSALL,Class_730,3
21/01/2026,10:31,WOLVERHAMPTON_WALSALL,Class_730,3
21/01/2026,10:05,WOLVERHAMPTON_WALSALL,Class_730,3
21/01/2026,06:41,WALSALL_WOLVERHAMPTON,Class_732,3
21/01/2026,07:29,WALSALL_WOLVERHAMPTON,Class_733,3
21/01/2026,07:54,WALSALL_WOLVERHAMPTON,Class_734,3
21/01/2026,08:25,WALSALL_WOLVERHAMPTON,Class_735,3
21/01/2026,23:10,WALSALL_WOLVERHAMPTON,Class_763,3
21/01/2026,22:40,WALSALL_WOLVERHAMPTON,Class_762,3
21/01/2026,22:19,WALSALL_WOLVERHAMPTON,Class_761,3
21/01/2026,21:55,WALSALL_WOLVERHAMPTON,Class_760,3
21/01/2026,21:32,WALSALL_WOLVERHAMPTON,Class_759,3
21/01/2026,20:49,WALSALL_WOLVERHAMPTON,Class_758,3
21/01/2026,20:24,WALSALL_WOLVERHAMPTON,Class_757,3
21/01/2026,19:36,WALSALL_WOLVERHAMPTON,Class_756,3
21/01/2026,19:04,WALSALL_WOLVERHAMPTON,Class_755,3
21/01/2026,18:26,WALSALL_WOLVERHAMPTON,Class_754,3
21/01/2026,18:03,WALSALL_WOLVERHAMPTON,Class_753,3
21/01/2026,17:27,WALSALL_WOLVERHAMPTON,Class_752,3
21/01/2026,17:02,WALSALL_WOLVERHAMPTON,Class_751,3
21/01/2026,09:34,WOLVERHAMPTON_WALSALL,Class_730,3
21/01/2026,16:19,WALSALL_WOLVERHAMPTON,Class_750,3
21/01/2026,15:11,WALSALL_WOLVERHAMPTON,Class_748,3
21/01/2026,14:24,WALSALL_WOLVERHAMPTON,Class_747,3
21/01/2026,13:30,WALSALL_WOLVERHAMPTON,Class_746,3
21/01/2026,13:07,WALSALL_WOLVERHAMPTON,Class_745,3
21/01/2026,12:41,WALSALL_WOLVERHAMPTON,Class_744,3
21/01/2026,12:21,WALSALL_WOLVERHAMPTON,Class_743,3
21/01/2026,11:38,WALSALL_WOLVERHAMPTON,Class_742,3
21/01/2026,11:19,WALSALL_WOLVERHAMPTON,Class_741,3
21/01/2026,10:30,WALSALL_WOLVERHAMPTON,Class_740,3
21/01/2026,10:09,WALSALL_WOLVERHAMPTON,Class_739,3
21/01/2026,09:35,WALSALL_WOLVERHAMPTON,Class_738,3
21/01/2026,09:04,WALSALL_WOLVERHAMPTON,Class_737,3
21/01/2026,08:35,WALSALL_WOLVERHAMPTON,Class_736,3
21/01/2026,15:40,WALSALL_WOLVERHAMPTON,Class_749,3
21/01/2026,09:12,WOLVERHAMPTON_WALSALL,Class_730,3
21/01/2026,08:33,WOLVERHAMPTON_WALSALL,Class_730,3
21/01/2026,08:20,WOLVERHAMPTON_WALSALL,Class_730,3
21/01/2026,10:20,NORTHAMPTON_BIRMINGHAM_NEW_STREET,Class_350,5
21/01/2026,09:27,NORTHAMPTON_BIRMINGHAM_NEW_STREET,Class_350,5
21/01/2026,08:33,NORTHAMPTON_BIRMINGHAM_NEW_STREET,Class_350,5
21/01/2026,07:44,NORTHAMPTON_BIRMINGHAM_NEW_STREET,Class_350,5
21/01/2026,06:22,NORTHAMPTON_BIRMINGHAM_NEW_STREET,Class_350,5
21/01/2026,05:13,NORTHAMPTON_BIRMINGHAM_NEW_STREET,Class_350,5
21/01/2026,22:18,BIRMINGHAM_INTERNATIONAL_RUGELEY_TRENT_VALLEY,Class_730,3
21/01/2026,21:37,BIRMINGHAM_INTERNATIONAL_RUGELEY_TRENT_VALLEY,Class_730,3
21/01/2026,21:10,BIRMINGHAM_INTERNATIONAL_RUGELEY_TRENT_VALLEY,Class_730,3
21/01/2026,20:48,BIRMINGHAM_INTERNATIONAL_RUGELEY_TRENT_VALLEY,Class_730,3
21/01/2026,20:18,BIRMINGHAM_INTERNATIONAL_RUGELEY_TRENT_VALLEY,Class_730,3
21/01/2026,19:21,BIRMINGHAM_INTERNATIONAL_RUGELEY_TRENT_VALLEY,Class_730,3
21/01/2026,19:01,BIRMINGHAM_INTERNATIONAL_RUGELEY_TRENT_VALLEY,Class_730,3
21/01/2026,11:26,NORTHAMPTON_BIRMINGHAM_NEW_STREET,Class_350,5
21/01/2026,18:18,BIRMINGHAM_INTERNATIONAL_RUGELEY_TRENT_VALLEY,Class_730,3
21/01/2026,17:17,BIRMINGHAM_INTERNATIONAL_RUGELEY_TRENT_VALLEY,Class_730,3
21/01/2026,16:59,BIRMINGHAM_INTERNATIONAL_RUGELEY_TRENT_VALLEY,Class_730,3
21/01/2026,16:04,BIRMINGHAM_INTERNATIONAL_RUGELEY_TRENT_VALLEY,Class_730,3
21/01/2026,15:32,BIRMINGHAM_INTERNATIONAL_RUGELEY_TRENT_VALLEY,Class_730,3
21/01/2026,14:55,BIRMINGHAM_INTERNATIONAL_RUGELEY_TRENT_VALLEY,Class_730,3
21/01/2026,14:16,BIRMINGHAM_INTERNATIONAL_RUGELEY_TRENT_VALLEY,Class_730,3
21/01/2026,13:18,BIRMINGHAM_INTERNATIONAL_RUGELEY_TRENT_VALLEY,Class_730,3
21/01/2026,13:01,BIRMINGHAM_INTERNATIONAL_RUGELEY_TRENT_VALLEY,Class_730,3
21/01/2026,12:34,BIRMINGHAM_INTERNATIONAL_RUGELEY_TRENT_VALLEY,Class_730,3
21/01/2026,12:03,BIRMINGHAM_INTERNATIONAL_RUGELEY_TRENT_VALLEY,Class_730,3
21/01/2026,11:33,BIRMINGHAM_INTERNATIONAL_RUGELEY_TRENT_VALLEY,Class_730,3
21/01/2026,10:58,BIRMINGHAM_INTERNATIONAL_RUGELEY_TRENT_VALLEY,Class_730,3
21/01/2026,10:17,BIRMINGHAM_INTERNATIONAL_RUGELEY_TRENT_VALLEY,Class_730,3
21/01/2026,17:51,BIRMINGHAM_INTERNATIONAL_RUGELEY_TRENT_VALLEY,Class_730,3
21/01/2026,09:27,BIRMINGHAM_INTERNATIONAL_RUGELEY_TRENT_VALLEY,Class_730,3
21/01/2026,12:37,NORTHAMPTON_BIRMINGHAM_NEW_STREET,Class_350,5
21/01/2026,14:52,NORTHAMPTON_BIRMINGHAM_NEW_STREET,Class_350,5
21/01/2026,12:30,CROSS_CITY_LINE_B,Class_730,6
21/01/2026,07:21,WOLVERHAMPTON_WALSALL,Class_730,3
21/01/2026,06:40,WOLVERHAMPTON_WALSALL,Class_730,3
21/01/2026,05:48,WOLVERHAMPTON_WALSALL,Class_730,3
21/01/2026,05:19,WOLVERHAMPTON_WALSALL,Class_730,3
21/01/2026,23:14,BIRMINGHAM_NEW_STREET_NORTHAMPTON,Class_350,8
21/01/2026,22:22,BIRMINGHAM_NEW_STREET_NORTHAMPTON,Class_350,8
21/01/2026,21:34,BIRMINGHAM_NEW_STREET_NORTHAMPTON,Class_350,8
21/01/2026,20:31,BIRMINGHAM_NEW_STREET_NORTHAMPTON,Class_350,8
21/01/2026,19:10,BIRMINGHAM_NEW_STREET_NORTHAMPTON,Class_350,8
21/01/2026,18:05,BIRMINGHAM_NEW_STREET_NORTHAMPTON,Class_350,8
21/01/2026,17:11,BIRMINGHAM_NEW_STREET_NORTHAMPTON,Class_350,8
21/01/2026,15:46,BIRMINGHAM_NEW_STREET_NORTHAMPTON,Class_350,8
21/01/2026,13:22,NORTHAMPTON_BIRMINGHAM_NEW_STREET,Class_350,5
21/01/2026,14:26,BIRMINGHAM_NEW_STREET_NORTHAMPTON,Class_350,8
21/01/2026,12:22,BIRMINGHAM_NEW_STREET_NORTHAMPTON,Class_350,8
21/01/2026,11:19,BIRMINGHAM_NEW_STREET_NORTHAMPTON,Class_350,8
21/01/2026,10:09,BIRMINGHAM_NEW_STREET_NORTHAMPTON,Class_350,8
21/01/2026,09:21,BIRMINGHAM_NEW_STREET_NORTHAMPTON,Class_350,8
21/01/2026,08:26,BIRMINGHAM_NEW_STREET_NORTHAMPTON,Class_350,8
21/01/2026,07:29,BIRMINGHAM_NEW_STREET_NORTHAMPTON,Class_350,8
21/01/2026,22:33,NORTHAMPTON_BIRMINGHAM_NEW_STREET,Class_350,5
21/01/2026,21:45,NORTHAMPTON_BIRMINGHAM_NEW_STREET,Class_350,5
21/01/2026,20:40,NORTHAMPTON_BIRMINGHAM_NEW_STREET,Class_350,5
21/01/2026,19:24,NORTHAMPTON_BIRMINGHAM_NEW_STREET,Class_350,5
21/01/2026,18:21,NORTHAMPTON_BIRMINGHAM_NEW_STREET,Class_350,5
21/01/2026,17:25,NORTHAMPTON_BIRMINGHAM_NEW_STREET,Class_350,5
21/01/2026,16:01,NORTHAMPTON_BIRMINGHAM_NEW_STREET,Class_350,5
21/01/2026,13:11,BIRMINGHAM_NEW_STREET_NORTHAMPTON,Class_350,8
21/01/2026,12:12,CROSS_CITY_LINE_B,Class_730,6
21/01/2026,09:26,FOUR_OAKS_REDDITCH,Class_730,6
21/01/2026,11:03,CROSS_CITY_LINE_B,Class_730,6
21/01/2026,19:14,DORRIDGE_BIRMINGHAM_MOOR_STREET,Class_168,6
21/01/2026,18:52,DORRIDGE_BIRMINGHAM_MOOR_STREET,Class_168,6
21/01/2026,18:21,DORRIDGE_BIRMINGHAM_MOOR_STREET,Class_168,6
21/01/2026,17:45,DORRIDGE_BIRMINGHAM_MOOR_STREET,Class_168,6
21/01/2026,17:14,DORRIDGE_BIRMINGHAM_MOOR_STREET,Class_168,6
21/01/2026,16:34,DORRIDGE_BIRMINGHAM_MOOR_STREET,Class_168,6
21/01/2026,15:52,DORRIDGE_BIRMINGHAM_MOOR_STREET,Class_168,6
21/01/2026,15:26,DORRIDGE_BIRMINGHAM_MOOR_STREET,Class_168,6
21/01/2026,14:38,DORRIDGE_BIRMINGHAM_MOOR_STREET,Class_168,6
21/01/2026,13:49,DORRIDGE_BIRMINGHAM_MOOR_STREET,Class_168,6
21/01/2026,13:18,DORRIDGE_BIRMINGHAM_MOOR_STREET,Class_168,6
21/01/2026,12:56,DORRIDGE_BIRMINGHAM_MOOR_STREET,Class_168,6
21/01/2026,12:35,DORRIDGE_BIRMINGHAM_MOOR_STREET,Class_168,6
21/01/2026,12:01,DORRIDGE_BIRMINGHAM_MOOR_STREET,Class_168,6
21/01/2026,11:22,DORRIDGE_BIRMINGHAM_MOOR_STREET,Class_168,6
21/01/2026,10:40,DORRIDGE_BIRMINGHAM_MOOR_STREET,Class_168,6
21/01/2026,10:15,DORRIDGE_BIRMINGHAM_MOOR_STREET,Class_168,6
21/01/2026,09:53,DORRIDGE_BIRMINGHAM_MOOR_STREET,Class_168,6
21/01/2026,09:26,DORRIDGE_BIRMINGHAM_MOOR_STREET,Class_168,6
21/01/2026,08:53,DORRIDGE_BIRMINGHAM_MOOR_STREET,Class_168,6
21/01/2026,08:30,DORRIDGE_BIRMINGHAM_MOOR_STREET,Class_168,6
21/01/2026,08:08,DORRIDGE_BIRMINGHAM_MOOR_STREET,Class_168,6
21/01/2026,07:41,DORRIDGE_BIRMINGHAM_MOOR_STREET,Class_168,6
21/01/2026,06:49,DORRIDGE_BIRMINGHAM_MOOR_STREET,Class_168,6
21/01/2026,06:36,DORRIDGE_BIRMINGHAM_MOOR_STREET,Class_168,6
21/01/2026,23:35,BIRMINGHAM_MOOR_STREET_DORRIDGE,Class_168,6
21/01/2026,23:15,BIRMINGHAM_MOOR_STREET_DORRIDGE,Class_168,6
21/01/2026,20:09,DORRIDGE_BIRMINGHAM_MOOR_STREET,Class_168,6
21/01/2026,20:39,DORRIDGE_BIRMINGHAM_MOOR_STREET,Class_168,6
21/01/2026,21:12,DORRIDGE_BIRMINGHAM_MOOR_STREET,Class_168,6
21/01/2026,21:42,DORRIDGE_BIRMINGHAM_MOOR_STREET,Class_168,6
21/01/2026,16:57,DORRIDGE_BIRMINGHAM_SNOW_HILL,Class_168,6
21/01/2026,15:29,DORRIDGE_BIRMINGHAM_SNOW_HILL,Class_168,6
21/01/2026,13:58,DORRIDGE_BIRMINGHAM_SNOW_HILL,Class_168,6
21/01/2026,13:02,DORRIDGE_BIRMINGHAM_SNOW_HILL,Class_168,6
21/01/2026,12:17,DORRIDGE_BIRMINGHAM_SNOW_HILL,Class_168,6
21/01/2026,11:11,DORRIDGE_BIRMINGHAM_SNOW_HILL,Class_168,6
21/01/2026,09:55,DORRIDGE_BIRMINGHAM_SNOW_HILL,Class_168,6
21/01/2026,08:57,DORRIDGE_BIRMINGHAM_SNOW_HILL,Class_168,6
21/01/2026,23:32,BIRMINGHAM_SNOW_HILL_DORRIDGE,Class_168,6
21/01/2026,22:44,BIRMINGHAM_SNOW_HILL_DORRIDGE,Class_168,6
21/01/2026,21:56,BIRMINGHAM_SNOW_HILL_DORRIDGE,Class_168,6
21/01/2026,20:58,BIRMINGHAM_SNOW_HILL_DORRIDGE,Class_168,6
21/01/2026,20:00,BIRMINGHAM_SNOW_HILL_DORRIDGE,Class_168,6
21/01/2026,22:52,BIRMINGHAM_MOOR_STREET_DORRIDGE,Class_168,6
21/01/2026,18:33,BIRMINGHAM_SNOW_HILL_DORRIDGE,Class_168,6
21/01/2026,16:32,BIRMINGHAM_SNOW_HILL_DORRIDGE,Class_168,6
21/01/2026,15:20,BIRMINGHAM_SNOW_HILL_DORRIDGE,Class_168,6
21/01/2026,13:47,BIRMINGHAM_SNOW_HILL_DORRIDGE,Class_168,6
21/01/2026,12:51,BIRMINGHAM_SNOW_HILL_DORRIDGE,Class_168,6
21/01/2026,11:57,BIRMINGHAM_SNOW_HILL_DORRIDGE,Class_168,6
21/01/2026,10:33,BIRMINGHAM_SNOW_HILL_DORRIDGE,Class_168,6
21/01/2026,09:41,BIRMINGHAM_SNOW_HILL_DORRIDGE,Class_168,6
21/01/2026,08:52,BIRMINGHAM_SNOW_HILL_DORRIDGE,Class_168,6
21/01/2026,23:35,DORRIDGE_BIRMINGHAM_MOOR_STREET,Class_168,6
21/01/2026,23:19,DORRIDGE_BIRMINGHAM_MOOR_STREET,Class_168,6
21/01/2026,22:53,DORRIDGE_BIRMINGHAM_MOOR_STREET,Class_168,6
21/01/2026,22:29,DORRIDGE_BIRMINGHAM_MOOR_STREET,Class_168,6
21/01/2026,22:02,DORRIDGE_BIRMINGHAM_MOOR_STREET,Class_168,6
21/01/2026,17:36,BIRMINGHAM_SNOW_HILL_DORRIDGE,Class_168,6
21/01/2026,22:28,BIRMINGHAM_MOOR_STREET_DORRIDGE,Class_168,6
21/01/2026,21:59,BIRMINGHAM_MOOR_STREET_DORRIDGE,Class_168,6
21/01/2026,21:35,BIRMINGHAM_MOOR_STREET_DORRIDGE,Class_168,6
21/01/2026,21:55,WOLVERHAMPTON_BIRMINGHAM_INTERNATIONAL,Class_158,2
21/01/2026,20:59,WOLVERHAMPTON_BIRMINGHAM_INTERNATIONAL,Class_158,2
21/01/2026,20:03,WOLVERHAMPTON_BIRMINGHAM_INTERNATIONAL,Class_158,2
21/01/2026,18:31,WOLVERHAMPTON_BIRMINGHAM_INTERNATIONAL,Class_158,2
21/01/2026,17:38,WOLVERHAMPTON_BIRMINGHAM_INTERNATIONAL,Class_158,2
21/01/2026,16:32,WOLVERHAMPTON_BIRMINGHAM_INTERNATIONAL,Class_158,2
21/01/2026,15:17,WOLVERHAMPTON_BIRMINGHAM_INTERNATIONAL,Class_158,2
21/01/2026,13:47,WOLVERHAMPTON_BIRMINGHAM_INTERNATIONAL,Class_158,2
21/01/2026,12:51,WOLVERHAMPTON_BIRMINGHAM_INTERNATIONAL,Class_158,2
21/01/2026,11:50,WOLVERHAMPTON_BIRMINGHAM_INTERNATIONAL,Class_158,2
21/01/2026,10:35,WOLVERHAMPTON_BIRMINGHAM_INTERNATIONAL,Class_158,2
21/01/2026,09:49,WOLVERHAMPTON_BIRMINGHAM_INTERNATIONAL,Class_158,2
21/01/2026,07:58,WOLVERHAMPTON_BIRMINGHAM_INTERNATIONAL,Class_158,2
21/01/2026,22:42,WOLVERHAMPTON_BIRMINGHAM_INTERNATIONAL,Class_158,2
21/01/2026,06:44,WOLVERHAMPTON_BIRMINGHAM_INTERNATIONAL,Class_158,2
21/01/2026,20:01,BIRMINGHAM_INTERNATIONA_WOLVERHAMPTON,Class_158,2
21/01/2026,18:33,BIRMINGHAM_INTERNATIONA_WOLVERHAMPTON,Class_158,2
21/01/2026,17:34,BIRMINGHAM_INTERNATIONA_WOLVERHAMPTON,Class_158,2
21/01/2026,16:25,BIRMINGHAM_INTERNATIONA_WOLVERHAMPTON,Class_158,2
21/01/2026,15:15,BIRMINGHAM_INTERNATIONA_WOLVERHAMPTON,Class_158,2
21/01/2026,13:42,BIRMINGHAM_INTERNATIONA_WOLVERHAMPTON,Class_158,2
21/01/2026,12:49,BIRMINGHAM_INTERNATIONA_WOLVERHAMPTON,Class_158,2
21/01/2026,11:46,BIRMINGHAM_INTERNATIONA_WOLVERHAMPTON,Class_158,2
21/01/2026,10:32,BIRMINGHAM_INTERNATIONA_WOLVERHAMPTON,Class_158,2
21/01/2026,09:39,BIRMINGHAM_INTERNATIONA_WOLVERHAMPTON,Class_158,2
21/01/2026,08:38,BIRMINGHAM_INTERNATIONA_WOLVERHAMPTON,Class_158,2
21/01/2026,07:55,BIRMINGHAM_INTERNATIONA_WOLVERHAMPTON,Class_158,2
21/01/2026,06:41,BIRMINGHAM_INTERNATIONA_WOLVERHAMPTON,Class_158,2
21/01/2026,05:14,WOLVERHAMPTON_BIRMINGHAM_INTERNATIONAL,Class_158,2
21/01/2026,17:50,DORRIDGE_BIRMINGHAM_SNOW_HILL,Class_168,6
21/01/2026,05:04,BIRMINGHAM_MOOR_STREET_DORRIDGE,Class_168,6
21/01/2026,05:26,BIRMINGHAM_MOOR_STREET_DORRIDGE,Class_168,6
21/01/2026,21:07,BIRMINGHAM_MOOR_STREET_DORRIDGE,Class_168,6
21/01/2026,20:33,BIRMINGHAM_MOOR_STREET_DORRIDGE,Class_168,6
21/01/2026,20:06,BIRMINGHAM_MOOR_STREET_DORRIDGE,Class_168,6
21/01/2026,19:14,BIRMINGHAM_MOOR_STREET_DORRIDGE,Class_168,6
21/01/2026,18:35,BIRMINGHAM_MOOR_STREET_DORRIDGE,Class_168,6
21/01/2026,18:11,BIRMINGHAM_MOOR_STREET_DORRIDGE,Class_168,6
21/01/2026,17:49,BIRMINGHAM_MOOR_STREET_DORRIDGE,Class_168,6
21/01/2026,17:19,BIRMINGHAM_MOOR_STREET_DORRIDGE,Class_168,6
21/01/2026,16:35,BIRMINGHAM_MOOR_STREET_DORRIDGE,Class_168,6
21/01/2026,15:49,BIRMINGHAM_MOOR_STREET_DORRIDGE,Class_168,6
21/01/2026,15:28,BIRMINGHAM_MOOR_STREET_DORRIDGE,Class_168,6
21/01/2026,14:36,BIRMINGHAM_MOOR_STREET_DORRIDGE,Class_168,6
21/01/2026,13:48,BIRMINGHAM_MOOR_STREET_DORRIDGE,Class_168,6
21/01/2026,05:11,BIRMINGHAM_MOOR_STREET_DORRIDGE,Class_168,6
21/01/2026,13:16,BIRMINGHAM_MOOR_STREET_DORRIDGE,Class_168,6
21/01/2026,12:34,BIRMINGHAM_MOOR_STREET_DORRIDGE,Class_168,6
21/01/2026,12:00,BIRMINGHAM_MOOR_STREET_DORRIDGE,Class_168,6
21/01/2026,11:25,BIRMINGHAM_MOOR_STREET_DORRIDGE,Class_168,6
21/01/2026,10:38,BIRMINGHAM_MOOR_STREET_DORRIDGE,Class_168,6
21/01/2026,10:12,BIRMINGHAM_MOOR_STREET_DORRIDGE,Class_168,6
21/01/2026,09:48,BIRMINGHAM_MOOR_STREET_DORRIDGE,Class_168,6
21/01/2026,09:26,BIRMINGHAM_MOOR_STREET_DORRIDGE,Class_168,6
21/01/2026,08:53,BIRMINGHAM_MOOR_STREET_DORRIDGE,Class_168,6
21/01/2026,08:32,BIRMINGHAM_MOOR_STREET_DORRIDGE,Class_168,6
21/01/2026,07:59,BIRMINGHAM_MOOR_STREET_DORRIDGE,Class_168,6
21/01/2026,07:32,BIRMINGHAM_MOOR_STREET_DORRIDGE,Class_168,6
21/01/2026,06:48,BIRMINGHAM_MOOR_STREET_DORRIDGE,Class_168,6
21/01/2026,06:06,BIRMINGHAM_MOOR_STREET_DORRIDGE,Class_168,6
21/01/2026,12:52,BIRMINGHAM_MOOR_STREET_DORRIDGE,Class_168,6
21/01/2026,19:00,DORRIDGE_BIRMINGHAM_SNOW_HILL,Class_168,6
21/01/2026,11:31,CROSS_CITY_LINE_B,Class_730,6
21/01/2026,21:18,DORRIDGE_BIRMINGHAM_SNOW_HILL,Class_168,6
21/01/2026,11:51,CROSS_CITY_LINE_A,Class_730,6
21/01/2026,11:20,CROSS_CITY_LINE_A,Class_730,6
21/01/2026,10:35,CROSS_CITY_LINE_A,Class_730,6
21/01/2026,10:12,CROSS_CITY_LINE_A,Class_730,6
21/01/2026,09:44,CROSS_CITY_LINE_A,Class_730,6
21/01/2026,09:16,CROSS_CITY_LINE_A,Class_730,6
21/01/2026,08:38,CROSS_CITY_LINE_A,Class_730,6
21/01/2026,08:27,CROSS_CITY_LINE_A,Class_730,6
21/01/2026,07:58,CROSS_CITY_LINE_A,Class_730,6
21/01/2026,07:32,CROSS_CITY_LINE_A,Class_730,6
21/01/2026,06:41,CROSS_CITY_LINE_A,Class_730,6
21/01/2026,05:55,CROSS_CITY_LINE_A,Class_730,6
21/01/2026,05:22,CROSS_CITY_LINE_A,Class_730,6
21/01/2026,22:12,COVENTRY_STAFFORD,Class_390,11
21/01/2026,21:17,COVENTRY_STAFFORD,Class_390,11
21/01/2026,20:14,COVENTRY_STAFFORD,Class_390,11
21/01/2026,19:03,COVENTRY_STAFFORD,Class_390,11
21/01/2026,17:51,COVENTRY_STAFFORD,Class_390,11
21/01/2026,17:02,COVENTRY_STAFFORD,Class_390,11
21/01/2026,15:31,COVENTRY_STAFFORD,Class_390,11
21/01/2026,14:03,COVENTRY_STAFFORD,Class_390,11
21/01/2026,13:03,COVENTRY_STAFFORD,Class_390,11
21/01/2026,12:07,COVENTRY_STAFFORD,Class_390,11
21/01/2026,11:08,COVENTRY_STAFFORD,Class_390,11
21/01/2026,09:54,COVENTRY_STAFFORD,Class_390,11
21/01/2026,08:58,COVENTRY_STAFFORD,Class_390,11
21/01/2026,08:12,COVENTRY_STAFFORD,Class_390,11
21/01/2026,12:42,CROSS_CITY_LINE_A,Class_730,6
21/01/2026,13:12,CROSS_CITY_LINE_A,Class_730,6
21/01/2026,13:42,CROSS_CITY_LINE_A,Class_730,6
21/01/2026,14:25,CROSS_CITY_LINE_A,Class_730,6
21/01/2026,20:11,DORRIDGE_BIRMINGHAM_SNOW_HILL,Class_168,6
21/01/2026,10:16,CROSS_CITY_LINE_B,Class_730,6
21/01/2026,09:55,CROSS_CITY_LINE_B,Class_730,6
21/01/2026,09:27,CROSS_CITY_LINE_B,Class_730,6
21/01/2026,08:59,CROSS_CITY_LINE_B,Class_730,6
21/01/2026,08:30,CROSS_CITY_LINE_B,Class_730,6
21/01/2026,08:08,CROSS_CITY_LINE_B,Class_730,6
21/01/2026,07:47,CROSS_CITY_LINE_B,Class_730,6
21/01/2026,07:10,CROSS_CITY_LINE_B,Class_730,6
21/01/2026,06:39,CROSS_CITY_LINE_B,Class_730,6
21/01/2026,05:29,CROSS_CITY_LINE_B,Class_730,6
21/01/2026,23:25,CROSS_CITY_LINE_A,Class_730,6
21/01/2026,23:14,CROSS_CITY_LINE_A,Class_730,6
21/01/2026,07:14,COVENTRY_STAFFORD,Class_390,11
21/01/2026,22:42,CROSS_CITY_LINE_A,Class_730,6
21/01/2026,21:58,CROSS_CITY_LINE_A,Class_730,6
21/01/2026,21:35,CROSS_CITY_LINE_A,Class_730,6
21/01/2026,20:57,CROSS_CITY_LINE_A,Class_730,6
21/01/2026,20:29,CROSS_CITY_LINE_A,Class_730,6
21/01/2026,19:39,CROSS_CITY_LINE_A,Class_730,6
21/01/2026,19:09,CROSS_CITY_LINE_A,Class_730,6
21/01/2026,18:30,CROSS_CITY_LINE_A,Class_730,6
21/01/2026,18:03,CROSS_CITY_LINE_A,Class_730,6
21/01/2026,17:35,CROSS_CITY_LINE_A,Class_730,6
21/01/2026,17:13,CROSS_CITY_LINE_A,Class_730,6
21/01/2026,16:29,CROSS_CITY_LINE_A,Class_730,6
21/01/2026,15:47,CROSS_CITY_LINE_A,Class_730,6
21/01/2026,15:12,CROSS_CITY_LINE_A,Class_730,6
21/01/2026,22:23,CROSS_CITY_LINE_A,Class_730,6
21/01/2026,22:58,STAFFORD_COVENTRY,Class_390,11
21/01/2026,12:27,CROSS_CITY_LINE_A,Class_730,6
21/01/2026,21:24,STAFFORD_COVENTRY,Class_390,11
21/01/2026,08:54,RUGBY_BIRMINGHAM_NEW_STREET,Class_390,7
21/01/2026,08:20,RUGBY_BIRMINGHAM_NEW_STREET,Class_390,7
21/01/2026,20:24,BIRMINGHAM_NEW_STREET_RUGBY,Class_390,7
21/01/2026,18:52,BIRMINGHAM_NEW_STREET_RUGBY,Class_390,7
21/01/2026,17:57,BIRMINGHAM_NEW_STREET_RUGBY,Class_390,7
21/01/2026,16:47,BIRMINGHAM_NEW_STREET_RUGBY,Class_390,7
21/01/2026,15:29,BIRMINGHAM_NEW_STREET_RUGBY,Class_390,7
21/01/2026,14:03,BIRMINGHAM_NEW_STREET_RUGBY,Class_390,7
21/01/2026,13:03,BIRMINGHAM_NEW_STREET_RUGBY,Class_390,7
21/01/2026,12:14,BIRMINGHAM_NEW_STREET_RUGBY,Class_390,7
21/01/2026,11:12,BIRMINGHAM_NEW_STREET_RUGBY,Class_390,7
21/01/2026,09:58,BIRMINGHAM_NEW_STREET_RUGBY,Class_390,7
21/01/2026,08:09,BIRMINGHAM_NEW_STREET_RUGBY,Class_390,7
21/01/2026,09:37,RUGBY_BIRMINGHAM_NEW_STREET,Class_390,7
21/01/2026,07:11,BIRMINGHAM_NEW_STREET_RUGBY,Class_390,7
21/01/2026,21:07,RUGBY_WOLVERHAMPTON,Class_390,11
21/01/2026,20:12,RUGBY_WOLVERHAMPTON,Class_390,11
21/01/2026,06:12,WOLVERHAMPTON_COVENTRY,Class_390,11
21/01/2026,05:28,WOLVERHAMPTON_COVENTRY,Class_390,11
21/01/2026,05:10,WOLVERHAMPTON_COVENTRY,Class_390,11
21/01/2026,05:07,WOLVERHAMPTON_COVENTRY,Class_390,11
21/01/2026,23:20,DORRIDGE_STOURBRIDGE_JUNCTION,Class_168,6
21/01/2026,21:29,DORRIDGE_STOURBRIDGE_JUNCTION,Class_168,6
21/01/2026,18:36,DORRIDGE_STOURBRIDGE_JUNCTION,Class_168,6
21/01/2026,05:29,STOURBRIDGE_JUNCTION_DORRIDGE,Class_168,6
21/01/2026,23:36,DORRIDGE_BIRMINGHAM_SNOW_HILL,Class_168,6
21/01/2026,22:55,DORRIDGE_BIRMINGHAM_SNOW_HILL,Class_168,6
21/01/2026,22:14,STAFFORD_COVENTRY,Class_390,11
21/01/2026,22:58,RUGBY_WOLVERHAMPTON,Class_390,11
21/01/2026,09:50,RUGBY_BIRMINGHAM_NEW_STREET,Class_390,7
21/01/2026,09:00,BIRMINGHAM_NEW_STREET_RUGBY,Class_390,7
21/01/2026,22:11,DORRIDGE_BIRMINGHAM_SNOW_HILL,Class_168,6
21/01/2026,10:21,RUGBY_BIRMINGHAM_NEW_STREET,Class_390,7
21/01/2026,19:01,STAFFORD_COVENTRY,Class_390,11
21/01/2026,17:54,STAFFORD_COVENTRY,Class_390,11
21/01/2026,16:57,STAFFORD_COVENTRY,Class_390,11
21/01/2026,15:35,STAFFORD_COVENTRY,Class_390,11
21/01/2026,14:14,STAFFORD_COVENTRY,Class_390,11
21/01/2026,13:01,STAFFORD_COVENTRY,Class_390,11
21/01/2026,12:19,STAFFORD_COVENTRY,Class_390,11
21/01/2026,11:11,STAFFORD_COVENTRY,Class_390,11
21/01/2026,10:02,STAFFORD_COVENTRY,Class_390,11
21/01/2026,09:02,STAFFORD_COVENTRY,Class_390,11
21/01/2026,08:12,STAFFORD_COVENTRY,Class_390,11
21/01/2026,07:11,STAFFORD_COVENTRY,Class_390,11
21/01/2026,18:45,RUGBY_BIRMINGHAM_NEW_STREET,Class_390,7
21/01/2026,20:23,STAFFORD_COVENTRY,Class_390,11
21/01/2026,17:46,RUGBY_BIRMINGHAM_NEW_STREET,Class_390,7
21/01/2026,18:23,RUGBY_BIRMINGHAM_NEW_STREET,Class_390,7
21/01/2026,11:34,RUGBY_BIRMINGHAM_NEW_STREET,Class_390,7
21/01/2026,12:08,RUGBY_BIRMINGHAM_NEW_STREET,Class_390,7
21/01/2026,12:38,RUGBY_BIRMINGHAM_NEW_STREET,Class_390,7
21/01/2026,12:54,RUGBY_BIRMINGHAM_NEW_STREET,Class_390,7
21/01/2026,13:30,RUGBY_BIRMINGHAM_NEW_STREET,Class_390,7
21/01/2026,10:58,RUGBY_BIRMINGHAM_NEW_STREET,Class_390,7
21/01/2026,14:56,RUGBY_BIRMINGHAM_NEW_STREET,Class_390,7
21/01/2026,15:28,RUGBY_BIRMINGHAM_NEW_STREET,Class_390,7
21/01/2026,16:09,RUGBY_BIRMINGHAM_NEW_STREET,Class_390,7
21/01/2026,16:36,RUGBY_BIRMINGHAM_NEW_STREET,Class_390,7
21/01/2026,17:27,RUGBY_BIRMINGHAM_NEW_STREET,Class_390,7
21/01/2026,14:01,RUGBY_BIRMINGHAM_NEW_STREET,Class_390,7
22/01/2026,19:57,FOUR_OAKS_REDDITCH,Class_730,6
22/01/2026,20:19,FOUR_OAKS_REDDITCH,Class_730,6
22/01/2026,20:58,FOUR_OAKS_REDDITCH,Class_730,6
22/01/2026,05:54,RUGELEY_TRENT_VALLEY_BIRMINGHAM_INTERNATIONAL,Class_730,3
22/01/2026,21:17,FOUR_OAKS_REDDITCH,Class_730,6
22/01/2026,22:32,FOUR_OAKS_REDDITCH,Class_730,6
22/01/2026,22:13,FOUR_OAKS_REDDITCH,Class_730,6
22/01/2026,22:41,FOUR_OAKS_REDDITCH,Class_730,6
22/01/2026,23:19,FOUR_OAKS_REDDITCH,Class_730,6
22/01/2026,05:33,RUGELEY_TRENT_VALLEY_BIRMINGHAM_INTERNATIONAL,Class_730,3
22/01/2026,19:22,FOUR_OAKS_REDDITCH,Class_730,6
22/01/2026,21:46,FOUR_OAKS_REDDITCH,Class_730,6
22/01/2026,18:47,FOUR_OAKS_REDDITCH,Class_730,6
22/01/2026,14:36,FOUR_OAKS_REDDITCH,Class_730,6
22/01/2026,17:47,FOUR_OAKS_REDDITCH,Class_730,6
22/01/2026,16:59,FOUR_OAKS_REDDITCH,Class_730,6
22/01/2026,16:26,FOUR_OAKS_REDDITCH,Class_730,6
22/01/2026,15:49,FOUR_OAKS_REDDITCH,Class_730,6
22/01/2026,15:26,FOUR_OAKS_REDDITCH,Class_730,6
22/01/2026,14:06,FOUR_OAKS_REDDITCH,Class_730,6
22/01/2026,13:31,FOUR_OAKS_REDDITCH,Class_730,6
22/01/2026,12:44,FOUR_OAKS_REDDITCH,Class_730,6
22/01/2026,12:04,FOUR_OAKS_REDDITCH,Class_730,6
22/01/2026,11:31,FOUR_OAKS_REDDITCH,Class_730,6
22/01/2026,10:33,FOUR_OAKS_REDDITCH,Class_730,6
22/01/2026,10:10,FOUR_OAKS_REDDITCH,Class_730,6
22/01/2026,06:27,RUGELEY_TRENT_VALLEY_BIRMINGHAM_INTERNATIONAL,Class_730,3
22/01/2026,18:15,FOUR_OAKS_REDDITCH,Class_730,6
22/01/2026,06:53,RUGELEY_TRENT_VALLEY_BIRMINGHAM_INTERNATIONAL,Class_730,3
22/01/2026,06:57,BIRMINGHAM_INTERNATIONAL_RUGELEY_TRENT_VALLEY,Class_730,3
22/01/2026,08:05,RUGELEY_TRENT_VALLEY_BIRMINGHAM_INTERNATIONAL,Class_730,3
22/01/2026,09:44,FOUR_OAKS_REDDITCH,Class_730,6
22/01/2026,06:31,BIRMINGHAM_INTERNATIONAL_RUGELEY_TRENT_VALLEY,Class_730,3
22/01/2026,05:54,BIRMINGHAM_INTERNATIONAL_RUGELEY_TRENT_VALLEY,Class_730,3
22/01/2026,22:21,RUGELEY_TRENT_VALLEY_BIRMINGHAM_INTERNATIONAL,Class_730,3
22/01/2026,21:53,RUGELEY_TRENT_VALLEY_BIRMINGHAM_INTERNATIONAL,Class_730,3
22/01/2026,21:22,RUGELEY_TRENT_VALLEY_BIRMINGHAM_INTERNATIONAL,Class_730,3
22/01/2026,21:02,RUGELEY_TRENT_VALLEY_BIRMINGHAM_INTERNATIONAL,Class_730,3
22/01/2026,20:37,RUGELEY_TRENT_VALLEY_BIRMINGHAM_INTERNATIONAL,Class_730,3
22/01/2026,20:01,RUGELEY_TRENT_VALLEY_BIRMINGHAM_INTERNATIONAL,Class_730,3
22/01/2026,19:32,RUGELEY_TRENT_VALLEY_BIRMINGHAM_INTERNATIONAL,Class_730,3
22/01/2026,19:01,RUGELEY_TRENT_VALLEY_BIRMINGHAM_INTERNATIONAL,Class_730,3
22/01/2026,18:37,RUGELEY_TRENT_VALLEY_BIRMINGHAM_INTERNATIONAL,Class_730,3
22/01/2026,17:51,RUGELEY_TRENT_VALLEY_BIRMINGHAM_INTERNATIONAL,Class_730,3
22/01/2026,07:22,RUGELEY_TRENT_VALLEY_BIRMINGHAM_INTERNATIONAL,Class_730,3
22/01/2026,17:24,RUGELEY_TRENT_VALLEY_BIRMINGHAM_INTERNATIONAL,Class_730,3
22/01/2026,15:56,RUGELEY_TRENT_VALLEY_BIRMINGHAM_INTERNATIONAL,Class_730,3
22/01/2026,15:18,RUGELEY_TRENT_VALLEY_BIRMINGHAM_INTERNATIONAL,Class_730,3
22/01/2026,14:51,RUGELEY_TRENT_VALLEY_BIRMINGHAM_INTERNATIONAL,Class_730,3
22/01/2026,14:12,RUGELEY_TRENT_VALLEY_BIRMINGHAM_INTERNATIONAL,Class_730,3
22/01/2026,13:35,RUGELEY_TRENT_VALLEY_BIRMINGHAM_INTERNATIONAL,Class_730,3
22/01/2026,12:45,RUGELEY_TRENT_VALLEY_BIRMINGHAM_INTERNATIONAL,Class_730,3
22/01/2026,12:17,RUGELEY_TRENT_VALLEY_BIRMINGHAM_INTERNATIONAL,Class_730,3
22/01/2026,11:38,RUGELEY_TRENT_VALLEY_BIRMINGHAM_INTERNATIONAL,Class_730,3
22/01/2026,10:57,RUGELEY_TRENT_VALLEY_BIRMINGHAM_INTERNATIONAL,Class_730,3
22/01/2026,10:14,RUGELEY_TRENT_VALLEY_BIRMINGHAM_INTERNATIONAL,Class_730,3
22/01/2026,09:58,RUGELEY_TRENT_VALLEY_BIRMINGHAM_INTERNATIONAL,Class_730,3
22/01/2026,09:23,RUGELEY_TRENT_VALLEY_BIRMINGHAM_INTERNATIONAL,Class_730,3
22/01/2026,08:35,RUGELEY_TRENT_VALLEY_BIRMINGHAM_INTERNATIONAL,Class_730,3
22/01/2026,16:30,RUGELEY_TRENT_VALLEY_BIRMINGHAM_INTERNATIONAL,Class_730,3
22/01/2026,09:02,FOUR_OAKS_REDDITCH,Class_730,6
22/01/2026,12:52,CROSS_CITY_LINE_B,Class_730,6
22/01/2026,08:01,FOUR_OAKS_REDDITCH,Class_730,6
22/01/2026,09:34,REDDITCH_FOUR_OAKS,Class_730,6
22/01/2026,08:59,REDDITCH_FOUR_OAKS,Class_730,6
22/01/2026,08:07,REDDITCH_FOUR_OAKS,Class_730,6
22/01/2026,07:42,REDDITCH_FOUR_OAKS,Class_730,6
22/01/2026,07:01,REDDITCH_FOUR_OAKS,Class_730,6
22/01/2026,06:43,REDDITCH_FOUR_OAKS,Class_730,6
22/01/2026,05:59,REDDITCH_FOUR_OAKS,Class_730,6
22/01/2026,05:35,REDDITCH_FOUR_OAKS,Class_730,6
22/01/2026,05:21,REDDITCH_FOUR_OAKS,Class_730,6
22/01/2026,22:36,CROSS_CITY_LINE_B,Class_730,6
22/01/2026,22:17,CROSS_CITY_LINE_B,Class_730,6
22/01/2026,22:03,CROSS_CITY_LINE_B,Class_730,6
22/01/2026,21:30,CROSS_CITY_LINE_B,Class_730,6
22/01/2026,10:04,REDDITCH_FOUR_OAKS,Class_730,6
22/01/2026,21:07,CROSS_CITY_LINE_B,Class_730,6
22/01/2026,20:06,CROSS_CITY_LINE_B,Class_730,6
22/01/2026,19:44,CROSS_CITY_LINE_B,Class_730,6
22/01/2026,18:53,CROSS_CITY_LINE_B,Class_730,6
22/01/2026,18:18,CROSS_CITY_LINE_B,Class_730,6
22/01/2026,17:55,CROSS_CITY_LINE_B,Class_730,6
22/01/2026,17:20,CROSS_CITY_LINE_B,Class_730,6
22/01/2026,16:29,CROSS_CITY_LINE_B,Class_730,6
22/01/2026,16:04,CROSS_CITY_LINE_B,Class_730,6
22/01/2026,15:27,CROSS_CITY_LINE_B,Class_730,6
22/01/2026,14:56,CROSS_CITY_LINE_B,Class_730,6
22/01/2026,14:10,CROSS_CITY_LINE_B,Class_730,6
22/01/2026,13:21,CROSS_CITY_LINE_B,Class_730,6
22/01/2026,07:31,BIRMINGHAM_INTERNATIONAL_RUGELEY_TRENT_VALLEY,Class_730,3
22/01/2026,20:26,CROSS_CITY_LINE_B,Class_730,6
22/01/2026,08:26,FOUR_OAKS_REDDITCH,Class_730,6
22/01/2026,10:30,REDDITCH_FOUR_OAKS,Class_730,6
22/01/2026,11:52,REDDITCH_FOUR_OAKS,Class_730,6
22/01/2026,07:16,FOUR_OAKS_REDDITCH,Class_730,6
22/01/2026,06:52,FOUR_OAKS_REDDITCH,Class_730,6
22/01/2026,06:26,FOUR_OAKS_REDDITCH,Class_730,6
22/01/2026,05:43,FOUR_OAKS_REDDITCH,Class_730,6
22/01/2026,05:25,FOUR_OAKS_REDDITCH,Class_730,6
22/01/2026,05:07,FOUR_OAKS_REDDITCH,Class_730,6
22/01/2026,23:23,REDDITCH_FOUR_OAKS,Class_730,6
22/01/2026,23:04,REDDITCH_FOUR_OAKS,Class_730,6
22/01/2026,22:36,REDDITCH_FOUR_OAKS,Class_730,6
22/01/2026,22:25,REDDITCH_FOUR_OAKS,Class_730,6
22/01/2026,22:07,REDDITCH_FOUR_OAKS,Class_730,6
22/01/2026,21:40,REDDITCH_FOUR_OAKS,Class_730,6
22/01/2026,21:11,REDDITCH_FOUR_OAKS,Class_730,6
22/01/2026,11:09,REDDITCH_FOUR_OAKS,Class_730,6
22/01/2026,20:54,REDDITCH_FOUR_OAKS,Class_730,6
22/01/2026,19:47,REDDITCH_FOUR_OAKS,Class_730,6
22/01/2026,19:03,REDDITCH_FOUR_OAKS,Class_730,6
22/01/2026,18:42,REDDITCH_FOUR_OAKS,Class_730,6
22/01/2026,18:06,REDDITCH_FOUR_OAKS,Class_730,6
22/01/2026,17:39,REDDITCH_FOUR_OAKS,Class_730,6
22/01/2026,16:40,REDDITCH_FOUR_OAKS,Class_730,6
22/01/2026,16:20,REDDITCH_FOUR_OAKS,Class_730,6
22/01/2026,15:40,REDDITCH_FOUR_OAKS,Class_730,6
22/01/2026,15:09,REDDITCH_FOUR_OAKS,Class_730,6
22/01/2026,14:20,REDDITCH_FOUR_OAKS,Class_730,6
22/01/2026,13:42,REDDITCH_FOUR_OAKS,Class_730,6
22/01/2026,12:58,REDDITCH_FOUR_OAKS,Class_730,6
22/01/2026,12:26,REDDITCH_FOUR_OAKS,Class_730,6
22/01/2026,20:09,REDDITCH_FOUR_OAKS,Class_730,6
22/01/2026,08:04,BIRMINGHAM_INTERNATIONAL_RUGELEY_TRENT_VALLEY,Class_730,3
22/01/2026,06:42,WOLVERHAMPTON_WALSALL,Class_730,3
22/01/2026,09:02,BIRMINGHAM_INTERNATIONAL_RUGELEY_TRENT_VALLEY,Class_730,3
22/01/2026,05:34,WALSALL_WOLVERHAMPTON,Class_731,3
22/01/2026,05:19,WALSALL_WOLVERHAMPTON,Class_730,3
22/01/2026,22:52,WOLVERHAMPTON_WALSALL,Class_730,3
22/01/2026,22:39,WOLVERHAMPTON_WALSALL,Class_730,3
22/01/2026,22:27,WOLVERHAMPTON_WALSALL,Class_730,3
22/01/2026,22:08,WOLVERHAMPTON_WALSALL,Class_730,3
22/01/2026,21:36,WOLVERHAMPTON_WALSALL,Class_730,3
22/01/2026,21:09,WOLVERHAMPTON_WALSALL,Class_730,3
22/01/2026,20:54,WOLVERHAMPTON_WALSALL,Class_730,3
22/01/2026,20:10,WOLVERHAMPTON_WALSALL,Class_730,3
22/01/2026,19:47,WOLVERHAMPTON_WALSALL,Class_730,3
22/01/2026,19:09,WOLVERHAMPTON_WALSALL,Class_730,3
22/01/2026,18:41,WOLVERHAMPTON_WALSALL,Class_730,3
22/01/2026,17:55,WOLVERHAMPTON_WALSALL,Class_730,3
22/01/2026,17:33,WOLVERHAMPTON_WALSALL,Class_730,3
22/01/2026,16:55,WOLVERHAMPTON_WALSALL,Class_730,3
22/01/2026,16:22,WOLVERHAMPTON_WALSALL,Class_730,3
22/01/2026,15:40,WOLVERHAMPTON_WALSALL,Class_730,3
22/01/2026,15:04,WOLVERHAMPTON_WALSALL,Class_730,3
22/01/2026,14:19,WOLVERHAMPTON_WALSALL,Class_730,3
22/01/2026,13:44,WOLVERHAMPTON_WALSALL,Class_730,3
22/01/2026,13:06,WOLVERHAMPTON_WALSALL,Class_730,3
22/01/2026,12:24,WOLVERHAMPTON_WALSALL,Class_730,3
22/01/2026,11:56,WOLVERHAMPTON_WALSALL,Class_730,3
22/01/2026,11:10,WOLVERHAMPTON_WALSALL,Class_730,3
22/01/2026,10:27,WOLVERHAMPTON_WALSALL,Class_730,3
22/01/2026,10:01,WOLVERHAMPTON_WALSALL,Class_730,3
22/01/2026,05:55,WALSALL_WOLVERHAMPTON,Class_732,3
22/01/2026,06:48,WALSALL_WOLVERHAMPTON,Class_733,3
22/01/2026,07:05,WALSALL_WOLVERHAMPTON,Class_734,3
22/01/2026,07:43,WALSALL_WOLVERHAMPTON,Class_735,3
22/01/2026,12:13,CROSS_CITY_LINE_B,Class_730,6
22/01/2026,22:37,WALSALL_WOLVERHAMPTON,Class_762,3
22/01/2026,22:25,WALSALL_WOLVERHAMPTON,Class_761,3
22/01/2026,22:03,WALSALL_WOLVERHAMPTON,Class_760,3
22/01/2026,21:39,WALSALL_WOLVERHAMPTON,Class_759,3
22/01/2026,21:11,WALSALL_WOLVERHAMPTON,Class_758,3
22/01/2026,20:54,WALSALL_WOLVERHAMPTON,Class_757,3
22/01/2026,20:08,WALSALL_WOLVERHAMPTON,Class_756,3
22/01/2026,19:46,WALSALL_WOLVERHAMPTON,Class_755,3
22/01/2026,19:10,WALSALL_WOLVERHAMPTON,Class_754,3
22/01/2026,18:42,WALSALL_WOLVERHAMPTON,Class_753,3
22/01/2026,18:04,WALSALL_WOLVERHAMPTON,Class_752,3
22/01/2026,17:35,WALSALL_WOLVERHAMPTON,Class_751,3
22/01/2026,09:27,WOLVERHAMPTON_WALSALL,Class_730,3
22/01/2026,16:51,WALSALL_WOLVERHAMPTON,Class_750,3
22/01/2026,15:39,WALSALL_WOLVERHAMPTON,Class_748,3
22/01/2026,15:09,WALSALL_WOLVERHAMPTON,Class_747,3
22/01/2026,14:18,WALSALL_WOLVERHAMPTON,Class_746,3
22/01/2026,13:52,WALSALL_WOLVERHAMPTON,Class_745,3
22/01/2026,12:59,WALSALL_WOLVERHAMPTON,Class_744,3
22/01/2026,12:26,WALSALL_WOLVERHAMPTON,Class_743,3
22/01/2026,11:58,WALSALL_WOLVERHAMPTON,Class_742,3
22/01/2026,11:10,WALSALL_WOLVERHAMPTON,Class_741,3
22/01/2026,10:30,WALSALL_WOLVERHAMPTON,Class_740,3
22/01/2026,10:04,WALSALL_WOLVERHAMPTON,Class_739,3
22/01/2026,09:31,WALSALL_WOLVERHAMPTON,Class_738,3
22/01/2026,08:54,WALSALL_WOLVERHAMPTON,Class_737,3
22/01/2026,08:11,WALSALL_WOLVERHAMPTON,Class_736,3
22/01/2026,16:21,WALSALL_WOLVERHAMPTON,Class_749,3
22/01/2026,08:55,WOLVERHAMPTON_WALSALL,Class_730,3
22/01/2026,08:12,WOLVERHAMPTON_WALSALL,Class_730,3
22/01/2026,07:42,WOLVERHAMPTON_WALSALL,Class_730,3
22/01/2026,09:06,NORTHAMPTON_BIRMINGHAM_NEW_STREET,Class_350,5
22/01/2026,08:04,NORTHAMPTON_BIRMINGHAM_NEW_STREET,Class_350,5
22/01/2026,06:59,NORTHAMPTON_BIRMINGHAM_NEW_STREET,Class_350,5
22/01/2026,05:52,NORTHAMPTON_BIRMINGHAM_NEW_STREET,Class_350,5
22/01/2026,05:16,NORTHAMPTON_BIRMINGHAM_NEW_STREET,Class_350,5
22/01/2026,22:22,BIRMINGHAM_INTERNATIONAL_RUGELEY_TRENT_VALLEY,Class_730,3
22/01/2026,21:51,BIRMINGHAM_INTERNATIONAL_RUGELEY_TRENT_VALLEY,Class_730,3
22/01/2026,21:35,BIRMINGHAM_INTERNATIONAL_RUGELEY_TRENT_VALLEY,Class_730,3
22/01/2026,21:07,BIRMINGHAM_INTERNATIONAL_RUGELEY_TRENT_VALLEY,Class_730,3
22/01/2026,20:47,BIRMINGHAM_INTERNATIONAL_RUGELEY_TRENT_VALLEY,Class_730,3
22/01/2026,20:03,BIRMINGHAM_INTERNATIONAL_RUGELEY_TRENT_VALLEY,Class_730,3
22/01/2026,19:43,BIRMINGHAM_INTERNATIONAL_RUGELEY_TRENT_VALLEY,Class_730,3
22/01/2026,19:01,BIRMINGHAM_INTERNATIONAL_RUGELEY_TRENT_VALLEY,Class_730,3
22/01/2026,10:25,NORTHAMPTON_BIRMINGHAM_NEW_STREET,Class_350,5
22/01/2026,18:35,BIRMINGHAM_INTERNATIONAL_RUGELEY_TRENT_VALLEY,Class_730,3
22/01/2026,17:22,BIRMINGHAM_INTERNATIONAL_RUGELEY_TRENT_VALLEY,Class_730,3
22/01/2026,16:29,BIRMINGHAM_INTERNATIONAL_RUGELEY_TRENT_VALLEY,Class_730,3
22/01/2026,16:09,BIRMINGHAM_INTERNATIONAL_RUGELEY_TRENT_VALLEY,Class_730,3
22/01/2026,15:34,BIRMINGHAM_INTERNATIONAL_RUGELEY_TRENT_VALLEY,Class_730,3
22/01/2026,14:58,BIRMINGHAM_INTERNATIONAL_RUGELEY_TRENT_VALLEY,Class_730,3
22/01/2026,14:12,BIRMINGHAM_INTERNATIONAL_RUGELEY_TRENT_VALLEY,Class_730,3
22/01/2026,13:32,BIRMINGHAM_INTERNATIONAL_RUGELEY_TRENT_VALLEY,Class_730,3
22/01/2026,12:53,BIRMINGHAM_INTERNATIONAL_RUGELEY_TRENT_VALLEY,Class_730,3
22/01/2026,12:08,BIRMINGHAM_INTERNATIONAL_RUGELEY_TRENT_VALLEY,Class_730,3
22/01/2026,11:37,BIRMINGHAM_INTERNATIONAL_RUGELEY_TRENT_VALLEY,Class_730,3
22/01/2026,11:01,BIRMINGHAM_INTERNATIONAL_RUGELEY_TRENT_VALLEY,Class_730,3
22/01/2026,10:23,BIRMINGHAM_INTERNATIONAL_RUGELEY_TRENT_VALLEY,Class_730,3
22/01/2026,09:55,BIRMINGHAM_INTERNATIONAL_RUGELEY_TRENT_VALLEY,Class_730,3
22/01/2026,17:52,BIRMINGHAM_INTERNATIONAL_RUGELEY_TRENT_VALLEY,Class_730,3
22/01/2026,08:26,BIRMINGHAM_INTERNATIONAL_RUGELEY_TRENT_VALLEY,Class_730,3
22/01/2026,11:49,NORTHAMPTON_BIRMINGHAM_NEW_STREET,Class_350,5
22/01/2026,14:10,NORTHAMPTON_BIRMINGHAM_NEW_STREET,Class_350,5
22/01/2026,06:59,WOLVERHAMPTON_WALSALL,Class_730,3
22/01/2026,06:02,WOLVERHAMPTON_WALSALL,Class_730,3
22/01/2026,05:34,WOLVERHAMPTON_WALSALL,Class_730,3
22/01/2026,05:20,WOLVERHAMPTON_WALSALL,Class_730,3
22/01/2026,23:16,BIRMINGHAM_NEW_STREET_NORTHAMPTON,Class_350,8
22/01/2026,22:29,BIRMINGHAM_NEW_STREET_NORTHAMPTON,Class_350,8
22/01/2026,21:42,BIRMINGHAM_NEW_STREET_NORTHAMPTON,Class_350,8
22/01/2026,20:55,BIRMINGHAM_NEW_STREET_NORTHAMPTON,Class_350,8
22/01/2026,19:51,BIRMINGHAM_NEW_STREET_NORTHAMPTON,Class_350,8
22/01/2026,18:45,BIRMINGHAM_NEW_STREET_NORTHAMPTON,Class_350,8
22/01/2026,17:40,BIRMINGHAM_NEW_STREET_NORTHAMPTON,Class_350,8
22/01/2026,16:22,BIRMINGHAM_NEW_STREET_NORTHAMPTON,Class_350,8
22/01/2026,15:11,BIRMINGHAM_NEW_STREET_NORTHAMPTON,Class_350,8
22/01/2026,12:52,NORTHAMPTON_BIRMINGHAM_NEW_STREET,Class_350,5
22/01/2026,13:53,BIRMINGHAM_NEW_STREET_NORTHAMPTON,Class_350,8
22/01/2026,11:15,BIRMINGHAM_NEW_STREET_NORTHAMPTON,Class_350,8
22/01/2026,10:09,BIRMINGHAM_NEW_STREET_NORTHAMPTON,Class_350,8
22/01/2026,09:01,BIRMINGHAM_NEW_STREET_NORTHAMPTON,Class_350,8
22/01/2026,07:50,BIRMINGHAM_NEW_STREET_NORTHAMPTON,Class_350,8
22/01/2026,06:49,BIRMINGHAM_NEW_STREET_NORTHAMPTON,Class_350,8
22/01/2026,22:34,NORTHAMPTON_BIRMINGHAM_NEW_STREET,Class_350,5
22/01/2026,22:01,NORTHAMPTON_BIRMINGHAM_NEW_STREET,Class_350,5
22/01/2026,21:05,NORTHAMPTON_BIRMINGHAM_NEW_STREET,Class_350,5
22/01/2026,20:08,NORTHAMPTON_BIRMINGHAM_NEW_STREET,Class_350,5
22/01/2026,19:00,NORTHAMPTON_BIRMINGHAM_NEW_STREET,Class_350,5
22/01/2026,17:52,NORTHAMPTON_BIRMINGHAM_NEW_STREET,Class_350,5
22/01/2026,16:28,NORTHAMPTON_BIRMINGHAM_NEW_STREET,Class_350,5
22/01/2026,15:32,NORTHAMPTON_BIRMINGHAM_NEW_STREET,Class_350,5
22/01/2026,12:36,BIRMINGHAM_NEW_STREET_NORTHAMPTON,Class_350,8
22/01/2026,23:01,WALSALL_WOLVERHAMPTON,Class_763,3
22/01/2026,11:39,CROSS_CITY_LINE_B,Class_730,6
22/01/2026,10:12,CROSS_CITY_LINE_B,Class_730,6
22/01/2026,19:39,DORRIDGE_BIRMINGHAM_MOOR_STREET,Class_168,6
22/01/2026,18:46,DORRIDGE_BIRMINGHAM_MOOR_STREET,Class_168,6
22/01/2026,18:24,DORRIDGE_BIRMINGHAM_MOOR_STREET,Class_168,6
22/01/2026,17:50,DORRIDGE_BIRMINGHAM_MOOR_STREET,Class_168,6
22/01/2026,17:00,DORRIDGE_BIRMINGHAM_MOOR_STREET,Class_168,6
22/01/2026,16:27,DORRIDGE_BIRMINGHAM_MOOR_STREET,Class_168,6
22/01/2026,15:46,DORRIDGE_BIRMINGHAM_MOOR_STREET,Class_168,6
22/01/2026,15:17,DORRIDGE_BIRMINGHAM_MOOR_STREET,Class_168,6
22/01/2026,14:34,DORRIDGE_BIRMINGHAM_MOOR_STREET,Class_168,6
22/01/2026,14:07,DORRIDGE_BIRMINGHAM_MOOR_STREET,Class_168,6
22/01/2026,13:33,DORRIDGE_BIRMINGHAM_MOOR_STREET,Class_168,6
22/01/2026,12:37,DORRIDGE_BIRMINGHAM_MOOR_STREET,Class_168,6
22/01/2026,12:10,DORRIDGE_BIRMINGHAM_MOOR_STREET,Class_168,6
22/01/2026,11:36,DORRIDGE_BIRMINGHAM_MOOR_STREET,Class_168,6
22/01/2026,10:50,DORRIDGE_BIRMINGHAM_MOOR_STREET,Class_168,6
22/01/2026,10:10,DORRIDGE_BIRMINGHAM_MOOR_STREET,Class_168,6
22/01/2026,09:50,DORRIDGE_BIRMINGHAM_MOOR_STREET,Class_168,6
22/01/2026,09:08,DORRIDGE_BIRMINGHAM_MOOR_STREET,Class_168,6
22/01/2026,08:39,DORRIDGE_BIRMINGHAM_MOOR_STREET,Class_168,6
22/01/2026,07:53,DORRIDGE_BIRMINGHAM_MOOR_STREET,Class_168,6
22/01/2026,07:17,DORRIDGE_BIRMINGHAM_MOOR_STREET,Class_168,6
22/01/2026,06:57,DORRIDGE_BIRMINGHAM_MOOR_STREET,Class_168,6
22/01/2026,06:27,DORRIDGE_BIRMINGHAM_MOOR_STREET,Class_168,6
22/01/2026,05:39,DORRIDGE_BIRMINGHAM_MOOR_STREET,Class_168,6
22/01/2026,23:27,BIRMINGHAM_MOOR_STREET_DORRIDGE,Class_168,6
22/01/2026,23:19,BIRMINGHAM_MOOR_STREET_DORRIDGE,Class_168,6
22/01/2026,22:42,BIRMINGHAM_MOOR_STREET_DORRIDGE,Class_168,6
22/01/2026,20:02,DORRIDGE_BIRMINGHAM_MOOR_STREET,Class_168,6
22/01/2026,20:28,DORRIDGE_BIRMINGHAM_MOOR_STREET,Class_168,6
22/01/2026,21:01,DORRIDGE_BIRMINGHAM_MOOR_STREET,Class_168,6
22/01/2026,21:23,DORRIDGE_BIRMINGHAM_MOOR_STREET,Class_168,6
22/01/2026,15:56,DORRIDGE_BIRMINGHAM_SNOW_HILL,Class_168,6
22/01/2026,14:48,DORRIDGE_BIRMINGHAM_SNOW_HILL,Class_168,6
22/01/2026,13:36,DORRIDGE_BIRMINGHAM_SNOW_HILL,Class_168,6
22/01/2026,12:13,DORRIDGE_BIRMINGHAM_SNOW_HILL,Class_168,6
22/01/2026,10:55,DORRIDGE_BIRMINGHAM_SNOW_HILL,Class_168,6
22/01/2026,09:57,DORRIDGE_BIRMINGHAM_SNOW_HILL,Class_168,6
22/01/2026,08:27,DORRIDGE_BIRMINGHAM_SNOW_HILL,Class_168,6
22/01/2026,23:30,BIRMINGHAM_SNOW_HILL_DORRIDGE,Class_168,6
22/01/2026,22:43,BIRMINGHAM_SNOW_HILL_DORRIDGE,Class_168,6
22/01/2026,22:10,BIRMINGHAM_SNOW_HILL_DORRIDGE,Class_168,6
22/01/2026,21:12,BIRMINGHAM_SNOW_HILL_DORRIDGE,Class_168,6
22/01/2026,20:22,BIRMINGHAM_SNOW_HILL_DORRIDGE,Class_168,6
22/01/2026,19:14,BIRMINGHAM_SNOW_HILL_DORRIDGE,Class_168,6
22/01/2026,22:32,BIRMINGHAM_MOOR_STREET_DORRIDGE,Class_168,6
22/01/2026,18:15,BIRMINGHAM_SNOW_HILL_DORRIDGE,Class_168,6
22/01/2026,15:42,BIRMINGHAM_SNOW_HILL_DORRIDGE,Class_168,6
22/01/2026,14:27,BIRMINGHAM_SNOW_HILL_DORRIDGE,Class_168,6
22/01/2026,13:14,BIRMINGHAM_SNOW_HILL_DORRIDGE,Class_168,6
22/01/2026,12:03,BIRMINGHAM_SNOW_HILL_DORRIDGE,Class_168,6
22/01/2026,10:39,BIRMINGHAM_SNOW_HILL_DORRIDGE,Class_168,6
22/01/2026,09:47,BIRMINGHAM_SNOW_HILL_DORRIDGE,Class_168,6
22/01/2026,08:22,BIRMINGHAM_SNOW_HILL_DORRIDGE,Class_168,6
22/01/2026,23:33,DORRIDGE_BIRMINGHAM_MOOR_STREET,Class_168,6
22/01/2026,23:20,DORRIDGE_BIRMINGHAM_MOOR_STREET,Class_168,6
22/01/2026,22:46,DORRIDGE_BIRMINGHAM_MOOR_STREET,Class_168,6
22/01/2026,22:32,DORRIDGE_BIRMINGHAM_MOOR_STREET,Class_168,6
22/01/2026,22:12,DORRIDGE_BIRMINGHAM_MOOR_STREET,Class_168,6
22/01/2026,21:46,DORRIDGE_BIRMINGHAM_MOOR_STREET,Class_168,6
22/01/2026,16:55,BIRMINGHAM_SNOW_HILL_DORRIDGE,Class_168,6
22/01/2026,17:08,DORRIDGE_BIRMINGHAM_SNOW_HILL,Class_168,6
22/01/2026,22:19,BIRMINGHAM_MOOR_STREET_DORRIDGE,Class_168,6
22/01/2026,21:18,BIRMINGHAM_MOOR_STREET_DORRIDGE,Class_168,6
22/01/2026,21:12,WOLVERHAMPTON_BIRMINGHAM_INTERNATIONAL,Class_158,2
22/01/2026,20:12,WOLVERHAMPTON_BIRMINGHAM_INTERNATIONAL,Class_158,2
22/01/2026,19:13,WOLVERHAMPTON_BIRMINGHAM_INTERNATIONAL,Class_158,2
22/01/2026,18:08,WOLVERHAMPTON_BIRMINGHAM_INTERNATIONAL,Class_158,2
22/01/2026,16:58,WOLVERHAMPTON_BIRMINGHAM_INTERNATIONAL,Class_158,2
22/01/2026,15:43,WOLVERHAMPTON_BIRMINGHAM_INTERNATIONAL,Class_158,2
22/01/2026,14:32,WOLVERHAMPTON_BIRMINGHAM_INTERNATIONAL,Class_158,2
22/01/2026,13:12,WOLVERHAMPTON_BIRMINGHAM_INTERNATIONAL,Class_158,2
22/01/2026,11:59,WOLVERHAMPTON_BIRMINGHAM_INTERNATIONAL,Class_158,2
22/01/2026,10:31,WOLVERHAMPTON_BIRMINGHAM_INTERNATIONAL,Class_158,2
22/01/2026,09:44,WOLVERHAMPTON_BIRMINGHAM_INTERNATIONAL,Class_158,2
22/01/2026,07:06,WOLVERHAMPTON_BIRMINGHAM_INTERNATIONAL,Class_158,2
22/01/2026,06:12,WOLVERHAMPTON_BIRMINGHAM_INTERNATIONAL,Class_158,2
22/01/2026,05:18,WOLVERHAMPTON_BIRMINGHAM_INTERNATIONAL,Class_158,2
22/01/2026,20:18,BIRMINGHAM_INTERNATIONA_WOLVERHAMPTON,Class_158,2
22/01/2026,19:11,BIRMINGHAM_INTERNATIONA_WOLVERHAMPTON,Class_158,2
22/01/2026,18:09,BIRMINGHAM_INTERNATIONA_WOLVERHAMPTON,Class_158,2
22/01/2026,16:58,BIRMINGHAM_INTERNATIONA_WOLVERHAMPTON,Class_158,2
22/01/2026,15:41,BIRMINGHAM_INTERNATIONA_WOLVERHAMPTON,Class_158,2
22/01/2026,14:26,BIRMINGHAM_INTERNATIONA_WOLVERHAMPTON,Class_158,2
22/01/2026,13:12,BIRMINGHAM_INTERNATIONA_WOLVERHAMPTON,Class_158,2
22/01/2026,12:03,BIRMINGHAM_INTERNATIONA_WOLVERHAMPTON,Class_158,2
22/01/2026,10:33,BIRMINGHAM_INTERNATIONA_WOLVERHAMPTON,Class_158,2
22/01/2026,09:40,BIRMINGHAM_INTERNATIONA_WOLVERHAMPTON,Class_158,2
22/01/2026,08:15,BIRMINGHAM_INTERNATIONA_WOLVERHAMPTON,Class_158,2
22/01/2026,07:12,BIRMINGHAM_INTERNATIONA_WOLVERHAMPTON,Class_158,2
22/01/2026,06:12,BIRMINGHAM_INTERNATIONA_WOLVERHAMPTON,Class_158,2
22/01/2026,22:12,WOLVERHAMPTON_BIRMINGHAM_INTERNATIONAL,Class_158,2
22/01/2026,22:41,WOLVERHAMPTON_BIRMINGHAM_INTERNATIONAL,Class_158,2
22/01/2026,05:04,BIRMINGHAM_MOOR_STREET_DORRIDGE,Class_168,6
22/01/2026,05:12,BIRMINGHAM_MOOR_STREET_DORRIDGE,Class_168,6
22/01/2026,21:01,BIRMINGHAM_MOOR_STREET_DORRIDGE,Class_168,6
22/01/2026,20:22,BIRMINGHAM_MOOR_STREET_DORRIDGE,Class_168,6
22/01/2026,20:00,BIRMINGHAM_MOOR_STREET_DORRIDGE,Class_168,6
22/01/2026,19:14,BIRMINGHAM_MOOR_STREET_DORRIDGE,Class_168,6
22/01/2026,18:56,BIRMINGHAM_MOOR_STREET_DORRIDGE,Class_168,6
22/01/2026,18:17,BIRMINGHAM_MOOR_STREET_DORRIDGE,Class_168,6
22/01/2026,17:44,BIRMINGHAM_MOOR_STREET_DORRIDGE,Class_168,6
22/01/2026,17:07,BIRMINGHAM_MOOR_STREET_DORRIDGE,Class_168,6
22/01/2026,16:23,BIRMINGHAM_MOOR_STREET_DORRIDGE,Class_168,6
22/01/2026,15:46,BIRMINGHAM_MOOR_STREET_DORRIDGE,Class_168,6
22/01/2026,15:13,BIRMINGHAM_MOOR_STREET_DORRIDGE,Class_168,6
22/01/2026,14:35,BIRMINGHAM_MOOR_STREET_DORRIDGE,Class_168,6
22/01/2026,13:54,BIRMINGHAM_MOOR_STREET_DORRIDGE,Class_168,6
22/01/2026,21:49,BIRMINGHAM_MOOR_STREET_DORRIDGE,Class_168,6
22/01/2026,13:17,BIRMINGHAM_MOOR_STREET_DORRIDGE,Class_168,6
22/01/2026,12:06,BIRMINGHAM_MOOR_STREET_DORRIDGE,Class_168,6
22/01/2026,11:29,BIRMINGHAM_MOOR_STREET_DORRIDGE,Class_168,6
22/01/2026,10:43,BIRMINGHAM_MOOR_STREET_DORRIDGE,Class_168,6
22/01/2026,10:17,BIRMINGHAM_MOOR_STREET_DORRIDGE,Class_168,6
22/01/2026,09:46,BIRMINGHAM_MOOR_STREET_DORRIDGE,Class_168,6
22/01/2026,09:18,BIRMINGHAM_MOOR_STREET_DORRIDGE,Class_168,6
22/01/2026,08:26,BIRMINGHAM_MOOR_STREET_DORRIDGE,Class_168,6
22/01/2026,07:56,BIRMINGHAM_MOOR_STREET_DORRIDGE,Class_168,6
22/01/2026,07:14,BIRMINGHAM_MOOR_STREET_DORRIDGE,Class_168,6
22/01/2026,06:56,BIRMINGHAM_MOOR_STREET_DORRIDGE,Class_168,6
22/01/2026,06:26,BIRMINGHAM_MOOR_STREET_DORRIDGE,Class_168,6
22/01/2026,05:50,BIRMINGHAM_MOOR_STREET_DORRIDGE,Class_168,6
22/01/2026,05:25,BIRMINGHAM_MOOR_STREET_DORRIDGE,Class_168,6
22/01/2026,12:40,BIRMINGHAM_MOOR_STREET_DORRIDGE,Class_168,6
22/01/2026,18:26,DORRIDGE_BIRMINGHAM_SNOW_HILL,Class_168,6
22/01/2026,10:51,CROSS_CITY_LINE_B,Class_730,6
22/01/2026,20:35,DORRIDGE_BIRMINGHAM_SNOW_HILL,Class_168,6
22/01/2026,11:20,CROSS_CITY_LINE_A,Class_730,6
22/01/2026,10:30,CROSS_CITY_LINE_A,Class_730,6
22/01/2026,10:06,CROSS_CITY_LINE_A,Class_730,6
22/01/2026,09:43,CROSS_CITY_LINE_A,Class_730,6
22/01/2026,09:01,CROSS_CITY_LINE_A,Class_730,6
22/01/2026,08:17,CROSS_CITY_LINE_A,Class_730,6
22/01/2026,07:50,CROSS_CITY_LINE_A,Class_730,6
22/01/2026,07:07,CROSS_CITY_LINE_A,Class_730,6
22/01/2026,06:52,CROSS_CITY_LINE_A,Class_730,6
22/01/2026,06:09,CROSS_CITY_LINE_A,Class_730,6
22/01/2026,05:37,CROSS_CITY_LINE_A,Class_730,6
22/01/2026,05:23,CROSS_CITY_LINE_A,Class_730,6
22/01/2026,22:20,COVENTRY_STAFFORD,Class_390,11
22/01/2026,21:27,COVENTRY_STAFFORD,Class_390,11
22/01/2026,20:29,COVENTRY_STAFFORD,Class_390,11
22/01/2026,19:46,COVENTRY_STAFFORD,Class_390,11
22/01/2026,18:38,COVENTRY_STAFFORD,Class_390,11
22/01/2026,17:12,COVENTRY_STAFFORD,Class_390,11
22/01/2026,15:57,COVENTRY_STAFFORD,Class_390,11
22/01/2026,14:52,COVENTRY_STAFFORD,Class_390,11
22/01/2026,13:35,COVENTRY_STAFFORD,Class_390,11
22/01/2026,12:20,COVENTRY_STAFFORD,Class_390,11
22/01/2026,10:52,COVENTRY_STAFFORD,Class_390,11
22/01/2026,09:59,COVENTRY_STAFFORD,Class_390,11
22/01/2026,08:43,COVENTRY_STAFFORD,Class_390,11
22/01/2026,07:27,COVENTRY_STAFFORD,Class_390,11
22/01/2026,06:30,COVENTRY_STAFFORD,Class_390,11
22/01/2026,19:44,DORRIDGE_BIRMINGHAM_SNOW_HILL,Class_168,6
22/01/2026,12:35,CROSS_CITY_LINE_A,Class_730,6
22/01/2026,13:08,CROSS_CITY_LINE_A,Class_730,6
22/01/2026,13:53,CROSS_CITY_LINE_A,Class_730,6
22/01/2026,09:54,CROSS_CITY_LINE_B,Class_730,6
22/01/2026,09:21,CROSS_CITY_LINE_B,Class_730,6
22/01/2026,08:36,CROSS_CITY_LINE_B,Class_730,6
22/01/2026,08:05,CROSS_CITY_LINE_B,Class_730,6
22/01/2026,07:27,CROSS_CITY_LINE_B,Class_730,6
22/01/2026,06:56,CROSS_CITY_LINE_B,Class_730,6
22/01/2026,06:31,CROSS_CITY_LINE_B,Class_730,6
22/01/2026,05:52,CROSS_CITY_LINE_B,Class_730,6
22/01/2026,05:30,CROSS_CITY_LINE_B,Class_730,6
22/01/2026,23:24,CROSS_CITY_LINE_A,Class_730,6
22/01/2026,23:06,CROSS_CITY_LINE_A,Class_730,6
22/01/2026,22:41,CROSS_CITY_LINE_A,Class_730,6
22/01/2026,22:30,CROSS_CITY_LINE_A,Class_730,6
22/01/2026,22:48,STAFFORD_COVENTRY,Class_390,11
22/01/2026,22:10,CROSS_CITY_LINE_A,Class_730,6
22/01/2026,21:11,CROSS_CITY_LINE_A,Class_730,6
22/01/2026,20:56,CROSS_CITY_LINE_A,Class_730,6
22/01/2026,20:10,CROSS_CITY_LINE_A,Class_730,6
22/01/2026,19:54,CROSS_CITY_LINE_A,Class_730,6
22/01/2026,19:11,CROSS_CITY_LINE_A,Class_730,6
22/01/2026,18:46,CROSS_CITY_LINE_A,Class_730,6
22/01/2026,18:12,CROSS_CITY_LINE_A,Class_730,6
22/01/2026,17:41,CROSS_CITY_LINE_A,Class_730,6
22/01/2026,16:57,CROSS_CITY_LINE_A,Class_730,6
22/01/2026,16:23,CROSS_CITY_LINE_A,Class_730,6
22/01/2026,15:41,CROSS_CITY_LINE_A,Class_730,6
22/01/2026,15:11,CROSS_CITY_LINE_A,Class_730,6
22/01/2026,14:24,CROSS_CITY_LINE_A,Class_730,6
22/01/2026,21:43,CROSS_CITY_LINE_A,Class_730,6
22/01/2026,22:24,STAFFORD_COVENTRY,Class_390,11
22/01/2026,12:02,CROSS_CITY_LINE_A,Class_730,6
22/01/2026,20:31,STAFFORD_COVENTRY,Class_390,11
22/01/2026,20:53,BIRMINGHAM_NEW_STREET_RUGBY,Class_390,7
22/01/2026,19:40,BIRMINGHAM_NEW_STREET_RUGBY,Class_390,7
22/01/2026,18:41,BIRMINGHAM_NEW_STREET_RUGBY,Class_390,7
22/01/2026,17:16,BIRMINGHAM_NEW_STREET_RUGBY,Class_390,7
22/01/2026,15:56,BIRMINGHAM_NEW_STREET_RUGBY,Class_390,7
22/01/2026,14:50,BIRMINGHAM_NEW_STREET_RUGBY,Class_390,7
22/01/2026,13:38,BIRMINGHAM_NEW_STREET_RUGBY,Class_390,7
22/01/2026,12:14,BIRMINGHAM_NEW_STREET_RUGBY,Class_390,7
22/01/2026,11:01,BIRMINGHAM_NEW_STREET_RUGBY,Class_390,7
22/01/2026,10:00,BIRMINGHAM_NEW_STREET_RUGBY,Class_390,7
22/01/2026,08:48,BIRMINGHAM_NEW_STREET_RUGBY,Class_390,7
22/01/2026,07:35,BIRMINGHAM_NEW_STREET_RUGBY,Class_390,7
22/01/2026,06:27,BIRMINGHAM_NEW_STREET_RUGBY,Class_390,7
22/01/2026,07:37,RUGBY_BIRMINGHAM_NEW_STREET,Class_390,7
22/01/2026,22:57,RUGBY_WOLVERHAMPTON,Class_390,11
22/01/2026,20:22,RUGBY_WOLVERHAMPTON,Class_390,11
22/01/2026,05:41,WOLVERHAMPTON_COVENTRY,Class_390,11
22/01/2026,05:24,WOLVERHAMPTON_COVENTRY,Class_390,11
22/01/2026,05:12,WOLVERHAMPTON_COVENTRY,Class_390,11
22/01/2026,05:07,WOLVERHAMPTON_COVENTRY,Class_390,11
22/01/2026,23:21,DORRIDGE_STOURBRIDGE_JUNCTION,Class_168,6
22/01/2026,21:33,DORRIDGE_STOURBRIDGE_JUNCTION,Class_168,6
22/01/2026,19:24,DORRIDGE_STOURBRIDGE_JUNCTION,Class_168,6
22/01/2026,05:29,STOURBRIDGE_JUNCTION_DORRIDGE,Class_168,6
22/01/2026,23:35,DORRIDGE_BIRMINGHAM_SNOW_HILL,Class_168,6
22/01/2026,22:50,DORRIDGE_BIRMINGHAM_SNOW_HILL,Class_168,6
22/01/2026,22:23,DORRIDGE_BIRMINGHAM_SNOW_HILL,Class_168,6
22/01/2026,21:35,STAFFORD_COVENTRY,Class_390,11
22/01/2026,21:12,RUGBY_WOLVERHAMPTON,Class_390,11
22/01/2026,08:23,RUGBY_BIRMINGHAM_NEW_STREET,Class_390,7
22/01/2026,21:25,DORRIDGE_BIRMINGHAM_SNOW_HILL,Class_168,6
22/01/2026,09:49,RUGBY_BIRMINGHAM_NEW_STREET,Class_390,7
22/01/2026,19:44,STAFFORD_COVENTRY,Class_390,11
22/01/2026,18:28,STAFFORD_COVENTRY,Class_390,11
22/01/2026,17:20,STAFFORD_COVENTRY,Class_390,11
22/01/2026,16:10,STAFFORD_COVENTRY,Class_390,11
22/01/2026,15:03,STAFFORD_COVENTRY,Class_390,11
22/01/2026,13:41,STAFFORD_COVENTRY,Class_390,11
22/01/2026,12:18,STAFFORD_COVENTRY,Class_390,11
22/01/2026,09:24,RUGBY_BIRMINGHAM_NEW_STREET,Class_390,7
22/01/2026,09:58,STAFFORD_COVENTRY,Class_390,11
22/01/2026,08:45,STAFFORD_COVENTRY,Class_390,11
22/01/2026,07:39,STAFFORD_COVENTRY,Class_390,11
22/01/2026,06:32,STAFFORD_COVENTRY,Class_390,11
22/01/2026,19:28,RUGBY_BIRMINGHAM_NEW_STREET,Class_390,7
22/01/2026,19:02,RUGBY_BIRMINGHAM_NEW_STREET,Class_390,7
22/01/2026,11:06,STAFFORD_COVENTRY,Class_390,11
22/01/2026,17:57,RUGBY_BIRMINGHAM_NEW_STREET,Class_390,7
22/01/2026,18:24,RUGBY_BIRMINGHAM_NEW_STREET,Class_390,7
22/01/2026,10:26,RUGBY_BIRMINGHAM_NEW_STREET,Class_390,7
22/01/2026,10:52,RUGBY_BIRMINGHAM_NEW_STREET,Class_390,7
22/01/2026,11:50,RUGBY_BIRMINGHAM_NEW_STREET,Class_390,7
22/01/2026,12:55,RUGBY_BIRMINGHAM_NEW_STREET,Class_390,7
22/01/2026,13:34,RUGBY_BIRMINGHAM_NEW_STREET,Class_390,7
22/01/2026,12:03,RUGBY_BIRMINGHAM_NEW_STREET,Class_390,7
22/01/2026,14:37,RUGBY_BIRMINGHAM_NEW_STREET,Class_390,7
22/01/2026,15:34,RUGBY_BIRMINGHAM_NEW_STREET,Class_390,7
22/01/2026,15:50,RUGBY_BIRMINGHAM_NEW_STREET,Class_390,7
22/01/2026,16:37,RUGBY_BIRMINGHAM_NEW_STREET,Class_390,7
22/01/2026,17:00,RUGBY_BIRMINGHAM_NEW_STREET,Class_390,7
22/01/2026,14:13,RUGBY_BIRMINGHAM_NEW_STREET,Class_390,7
23/01/2026,20:37,FOUR_OAKS_REDDITCH,Class_730,6
23/01/2026,18:53,FOUR_OAKS_REDDITCH,Class_730,6
23/01/2026,19:36,FOUR_OAKS_REDDITCH,Class_730,6
23/01/2026,20:08,FOUR_OAKS_REDDITCH,Class_730,6
23/01/2026,20:55,FOUR_OAKS_REDDITCH,Class_730,6
23/01/2026,05:56,RUGELEY_TRENT_VALLEY_BIRMINGHAM_INTERNATIONAL,Class_730,3
23/01/2026,22:14,FOUR_OAKS_REDDITCH,Class_730,6
23/01/2026,22:46,FOUR_OAKS_REDDITCH,Class_730,6
23/01/2026,23:02,FOUR_OAKS_REDDITCH,Class_730,6
23/01/2026,23:16,FOUR_OAKS_REDDITCH,Class_730,6
23/01/2026,05:35,RUGELEY_TRENT_VALLEY_BIRMINGHAM_INTERNATIONAL,Class_730,3
23/01/2026,21:47,FOUR_OAKS_REDDITCH,Class_730,6
23/01/2026,18:25,FOUR_OAKS_REDDITCH,Class_730,6
23/01/2026,10:09,FOUR_OAKS_REDDITCH,Class_730,6
23/01/2026,17:33,FOUR_OAKS_REDDITCH,Class_730,6
23/01/2026,17:19,FOUR_OAKS_REDDITCH,Class_730,6
23/01/2026,16:59,FOUR_OAKS_REDDITCH,Class_730,6
23/01/2026,16:18,FOUR_OAKS_REDDITCH,Class_730,6
23/01/2026,15:34,FOUR_OAKS_REDDITCH,Class_730,6
23/01/2026,14:45,FOUR_OAKS_REDDITCH,Class_730,6
23/01/2026,14:21,FOUR_OAKS_REDDITCH,Class_730,6
23/01/2026,13:41,FOUR_OAKS_REDDITCH,Class_730,6
23/01/2026,13:02,FOUR_OAKS_REDDITCH,Class_730,6
23/01/2026,12:18,FOUR_OAKS_REDDITCH,Class_730,6
23/01/2026,11:37,FOUR_OAKS_REDDITCH,Class_730,6
23/01/2026,11:00,FOUR_OAKS_REDDITCH,Class_730,6
23/01/2026,06:25,RUGELEY_TRENT_VALLEY_BIRMINGHAM_INTERNATIONAL,Class_730,3
23/01/2026,18:01,FOUR_OAKS_REDDITCH,Class_730,6
23/01/2026,06:57,RUGELEY_TRENT_VALLEY_BIRMINGHAM_INTERNATIONAL,Class_730,3
23/01/2026,16:37,RUGELEY_TRENT_VALLEY_BIRMINGHAM_INTERNATIONAL,Class_730,3
23/01/2026,08:03,RUGELEY_TRENT_VALLEY_BIRMINGHAM_INTERNATIONAL,Class_730,3
23/01/2026,06:59,BIRMINGHAM_INTERNATIONAL_RUGELEY_TRENT_VALLEY,Class_730,3
23/01/2026,06:26,BIRMINGHAM_INTERNATIONAL_RUGELEY_TRENT_VALLEY,Class_730,3
23/01/2026,05:58,BIRMINGHAM_INTERNATIONAL_RUGELEY_TRENT_VALLEY,Class_730,3
23/01/2026,22:15,RUGELEY_TRENT_VALLEY_BIRMINGHAM_INTERNATIONAL,Class_730,3
23/01/2026,21:48,RUGELEY_TRENT_VALLEY_BIRMINGHAM_INTERNATIONAL,Class_730,3
23/01/2026,21:17,RUGELEY_TRENT_VALLEY_BIRMINGHAM_INTERNATIONAL,Class_730,3
23/01/2026,20:42,RUGELEY_TRENT_VALLEY_BIRMINGHAM_INTERNATIONAL,Class_730,3
23/01/2026,20:11,RUGELEY_TRENT_VALLEY_BIRMINGHAM_INTERNATIONAL,Class_730,3
23/01/2026,19:38,RUGELEY_TRENT_VALLEY_BIRMINGHAM_INTERNATIONAL,Class_730,3
23/01/2026,19:15,RUGELEY_TRENT_VALLEY_BIRMINGHAM_INTERNATIONAL,Class_730,3
23/01/2026,18:31,RUGELEY_TRENT_VALLEY_BIRMINGHAM_INTERNATIONAL,Class_730,3
23/01/2026,18:14,RUGELEY_TRENT_VALLEY_BIRMINGHAM_INTERNATIONAL,Class_730,3
23/01/2026,17:46,RUGELEY_TRENT_VALLEY_BIRMINGHAM_INTERNATIONAL,Class_730,3
23/01/2026,17:26,RUGELEY_TRENT_VALLEY_BIRMINGHAM_INTERNATIONAL,Class_730,3
23/01/2026,17:04,RUGELEY_TRENT_VALLEY_BIRMINGHAM_INTERNATIONAL,Class_730,3
23/01/2026,15:45,RUGELEY_TRENT_VALLEY_BIRMINGHAM_INTERNATIONAL,Class_730,3
23/01/2026,15:12,RUGELEY_TRENT_VALLEY_BIRMINGHAM_INTERNATIONAL,Class_730,3
23/01/2026,14:21,RUGELEY_TRENT_VALLEY_BIRMINGHAM_INTERNATIONAL,Class_730,3
23/01/2026,13:50,RUGELEY_TRENT_VALLEY_BIRMINGHAM_INTERNATIONAL,Class_730,3
23/01/2026,13:07,RUGELEY_TRENT_VALLEY_BIRMINGHAM_INTERNATIONAL,Class_730,3
23/01/2026,12:35,RUGELEY_TRENT_VALLEY_BIRMINGHAM_INTERNATIONAL,Class_730,3
23/01/2026,12:00,RUGELEY_TRENT_VALLEY_BIRMINGHAM_INTERNATIONAL,Class_730,3
23/01/2026,11:25,RUGELEY_TRENT_VALLEY_BIRMINGHAM_INTERNATIONAL,Class_730,3
23/01/2026,10:25,RUGELEY_TRENT_VALLEY_BIRMINGHAM_INTERNATIONAL,Class_730,3
23/01/2026,10:02,RUGELEY_TRENT_VALLEY_BIRMINGHAM_INTERNATIONAL,Class_730,3
23/01/2026,09:13,RUGELEY_TRENT_VALLEY_BIRMINGHAM_INTERNATIONAL,Class_730,3
23/01/2026,08:40,RUGELEY_TRENT_VALLEY_BIRMINGHAM_INTERNATIONAL,Class_730,3
23/01/2026,07:23,RUGELEY_TRENT_VALLEY_BIRMINGHAM_INTERNATIONAL,Class_730,3
23/01/2026,09:41,FOUR_OAKS_REDDITCH,Class_730,6
23/01/2026,13:53,CROSS_CITY_LINE_B,Class_730,6
23/01/2026,08:30,FOUR_OAKS_REDDITCH,Class_730,6
23/01/2026,10:02,REDDITCH_FOUR_OAKS,Class_730,6
23/01/2026,09:26,REDDITCH_FOUR_OAKS,Class_730,6
23/01/2026,08:56,REDDITCH_FOUR_OAKS,Class_730,6
23/01/2026,08:24,REDDITCH_FOUR_OAKS,Class_730,6
23/01/2026,07:42,REDDITCH_FOUR_OAKS,Class_730,6
23/01/2026,07:03,REDDITCH_FOUR_OAKS,Class_730,6
23/01/2026,06:33,REDDITCH_FOUR_OAKS,Class_730,6
23/01/2026,06:07,REDDITCH_FOUR_OAKS,Class_730,6
23/01/2026,05:41,REDDITCH_FOUR_OAKS,Class_730,6
23/01/2026,05:26,REDDITCH_FOUR_OAKS,Class_730,6
23/01/2026,22:46,CROSS_CITY_LINE_B,Class_730,6
23/01/2026,22:18,CROSS_CITY_LINE_B,Class_730,6
23/01/2026,21:53,CROSS_CITY_LINE_B,Class_730,6
23/01/2026,10:48,REDDITCH_FOUR_OAKS,Class_730,6
23/01/2026,21:11,CROSS_CITY_LINE_B,Class_730,6
23/01/2026,20:22,CROSS_CITY_LINE_B,Class_730,6
23/01/2026,19:37,CROSS_CITY_LINE_B,Class_730,6
23/01/2026,19:08,CROSS_CITY_LINE_B,Class_730,6
23/01/2026,18:35,CROSS_CITY_LINE_B,Class_730,6
23/01/2026,18:11,CROSS_CITY_LINE_B,Class_730,6
23/01/2026,17:41,CROSS_CITY_LINE_B,Class_730,6
23/01/2026,17:19,CROSS_CITY_LINE_B,Class_730,6
23/01/2026,17:01,CROSS_CITY_LINE_B,Class_730,6
23/01/2026,16:28,CROSS_CITY_LINE_B,Class_730,6
23/01/2026,15:36,CROSS_CITY_LINE_B,Class_730,6
23/01/2026,15:11,CROSS_CITY_LINE_B,Class_730,6
23/01/2026,14:31,CROSS_CITY_LINE_B,Class_730,6
23/01/2026,07:20,BIRMINGHAM_INTERNATIONAL_RUGELEY_TRENT_VALLEY,Class_730,3
23/01/2026,20:39,CROSS_CITY_LINE_B,Class_730,6
23/01/2026,09:07,FOUR_OAKS_REDDITCH,Class_730,6
23/01/2026,11:30,REDDITCH_FOUR_OAKS,Class_730,6
23/01/2026,12:46,REDDITCH_FOUR_OAKS,Class_730,6
23/01/2026,07:55,FOUR_OAKS_REDDITCH,Class_730,6
23/01/2026,07:13,FOUR_OAKS_REDDITCH,Class_730,6
23/01/2026,06:42,FOUR_OAKS_REDDITCH,Class_730,6
23/01/2026,06:11,FOUR_OAKS_REDDITCH,Class_730,6
23/01/2026,05:46,FOUR_OAKS_REDDITCH,Class_730,6
23/01/2026,05:32,FOUR_OAKS_REDDITCH,Class_730,6
23/01/2026,05:10,FOUR_OAKS_REDDITCH,Class_730,6
23/01/2026,23:21,REDDITCH_FOUR_OAKS,Class_730,6
23/01/2026,23:07,REDDITCH_FOUR_OAKS,Class_730,6
23/01/2026,22:53,REDDITCH_FOUR_OAKS,Class_730,6
23/01/2026,22:38,REDDITCH_FOUR_OAKS,Class_730,6
23/01/2026,21:54,REDDITCH_FOUR_OAKS,Class_730,6
23/01/2026,21:37,REDDITCH_FOUR_OAKS,Class_730,6
23/01/2026,12:11,REDDITCH_FOUR_OAKS,Class_730,6
23/01/2026,20:45,REDDITCH_FOUR_OAKS,Class_730,6
23/01/2026,19:52,REDDITCH_FOUR_OAKS,Class_730,6
23/01/2026,19:28,REDDITCH_FOUR_OAKS,Class_730,6
23/01/2026,18:40,REDDITCH_FOUR_OAKS,Class_730,6
23/01/2026,18:21,REDDITCH_FOUR_OAKS,Class_730,6
23/01/2026,17:48,REDDITCH_FOUR_OAKS,Class_730,6
23/01/2026,17:32,REDDITCH_FOUR_OAKS,Class_730,6
23/01/2026,17:09,REDDITCH_FOUR_OAKS,Class_730,6
23/01/2026,16:42,REDDITCH_FOUR_OAKS,Class_730,6
23/01/2026,15:49,REDDITCH_FOUR_OAKS,Class_730,6
23/01/2026,15:17,REDDITCH_FOUR_OAKS,Class_730,6
23/01/2026,14:36,REDDITCH_FOUR_OAKS,Class_730,6
23/01/2026,14:11,REDDITCH_FOUR_OAKS,Class_730,6
23/01/2026,13:30,REDDITCH_FOUR_OAKS,Class_730,6
23/01/2026,20:36,REDDITCH_FOUR_OAKS,Class_730,6
23/01/2026,08:00,BIRMINGHAM_INTERNATIONAL_RUGELEY_TRENT_VALLEY,Class_730,3
23/01/2026,07:00,WOLVERHAMPTON_WALSALL,Class_730,3
23/01/2026,09:18,BIRMINGHAM_INTERNATIONAL_RUGELEY_TRENT_VALLEY,Class_730,3
23/01/2026,05:35,WALSALL_WOLVERHAMPTON,Class_731,3
23/01/2026,05:26,WALSALL_WOLVERHAMPTON,Class_730,3
23/01/2026,23:10,WOLVERHAMPTON_WALSALL,Class_730,3
23/01/2026,22:54,WOLVERHAMPTON_WALSALL,Class_730,3
23/01/2026,22:40,WOLVERHAMPTON_WALSALL,Class_730,3
23/01/2026,22:00,WOLVERHAMPTON_WALSALL,Class_730,3
23/01/2026,21:37,WOLVERHAMPTON_WALSALL,Class_730,3
23/01/2026,20:46,WOLVERHAMPTON_WALSALL,Class_730,3
23/01/2026,20:27,WOLVERHAMPTON_WALSALL,Class_730,3
23/01/2026,19:46,WOLVERHAMPTON_WALSALL,Class_730,3
23/01/2026,19:20,WOLVERHAMPTON_WALSALL,Class_730,3
23/01/2026,18:44,WOLVERHAMPTON_WALSALL,Class_730,3
23/01/2026,18:21,WOLVERHAMPTON_WALSALL,Class_730,3
23/01/2026,17:53,WOLVERHAMPTON_WALSALL,Class_730,3
23/01/2026,17:27,WOLVERHAMPTON_WALSALL,Class_730,3
23/01/2026,17:11,WOLVERHAMPTON_WALSALL,Class_730,3
23/01/2026,16:40,WOLVERHAMPTON_WALSALL,Class_730,3
23/01/2026,15:50,WOLVERHAMPTON_WALSALL,Class_730,3
23/01/2026,15:16,WOLVERHAMPTON_WALSALL,Class_730,3
23/01/2026,14:34,WOLVERHAMPTON_WALSALL,Class_730,3
23/01/2026,14:11,WOLVERHAMPTON_WALSALL,Class_730,3
23/01/2026,13:32,WOLVERHAMPTON_WALSALL,Class_730,3
23/01/2026,12:55,WOLVERHAMPTON_WALSALL,Class_730,3
23/01/2026,12:10,WOLVERHAMPTON_WALSALL,Class_730,3
23/01/2026,11:33,WOLVERHAMPTON_WALSALL,Class_730,3
23/01/2026,10:48,WOLVERHAMPTON_WALSALL,Class_730,3
23/01/2026,10:02,WOLVERHAMPTON_WALSALL,Class_730,3
23/01/2026,06:01,WALSALL_WOLVERHAMPTON,Class_732,3
23/01/2026,06:34,WALSALL_WOLVERHAMPTON,Class_733,3
23/01/2026,07:01,WALSALL_WOLVERHAMPTON,Class_734,3
23/01/2026,07:46,WALSALL_WOLVERHAMPTON,Class_735,3
23/01/2026,13:17,CROSS_CITY_LINE_B,Class_730,6
23/01/2026,22:48,WALSALL_WOLVERHAMPTON,Class_762,3
23/01/2026,22:41,WALSALL_WOLVERHAMPTON,Class_761,3
23/01/2026,22:02,WALSALL_WOLVERHAMPTON,Class_760,3
23/01/2026,21:34,WALSALL_WOLVERHAMPTON,Class_759,3
23/01/2026,20:43,WALSALL_WOLVERHAMPTON,Class_758,3
23/01/2026,20:28,WALSALL_WOLVERHAMPTON,Class_757,3
23/01/2026,19:46,WALSALL_WOLVERHAMPTON,Class_756,3
23/01/2026,19:30,WALSALL_WOLVERHAMPTON,Class_755,3
23/01/2026,18:39,WALSALL_WOLVERHAMPTON,Class_754,3
23/01/2026,18:23,WALSALL_WOLVERHAMPTON,Class_753,3
23/01/2026,17:51,WALSALL_WOLVERHAMPTON,Class_752,3
23/01/2026,17:28,WALSALL_WOLVERHAMPTON,Class_751,3
23/01/2026,09:29,WOLVERHAMPTON_WALSALL,Class_730,3
23/01/2026,17:12,WALSALL_WOLVERHAMPTON,Class_750,3
23/01/2026,16:02,WALSALL_WOLVERHAMPTON,Class_748,3
23/01/2026,15:17,WALSALL_WOLVERHAMPTON,Class_747,3
23/01/2026,14:36,WALSALL_WOLVERHAMPTON,Class_746,3
23/01/2026,14:16,WALSALL_WOLVERHAMPTON,Class_745,3
23/01/2026,13:33,WALSALL_WOLVERHAMPTON,Class_744,3
23/01/2026,12:55,WALSALL_WOLVERHAMPTON,Class_743,3
23/01/2026,12:04,WALSALL_WOLVERHAMPTON,Class_742,3
23/01/2026,11:31,WALSALL_WOLVERHAMPTON,Class_741,3
23/01/2026,10:45,WALSALL_WOLVERHAMPTON,Class_740,3
23/01/2026,10:02,WALSALL_WOLVERHAMPTON,Class_739,3
23/01/2026,09:22,WALSALL_WOLVERHAMPTON,Class_738,3
23/01/2026,08:55,WALSALL_WOLVERHAMPTON,Class_737,3
23/01/2026,08:14,WALSALL_WOLVERHAMPTON,Class_736,3
23/01/2026,16:39,WALSALL_WOLVERHAMPTON,Class_749,3
23/01/2026,08:55,WOLVERHAMPTON_WALSALL,Class_730,3
23/01/2026,08:16,WOLVERHAMPTON_WALSALL,Class_730,3
23/01/2026,07:45,WOLVERHAMPTON_WALSALL,Class_730,3
23/01/2026,09:19,NORTHAMPTON_BIRMINGHAM_NEW_STREET,Class_350,5
23/01/2026,08:10,NORTHAMPTON_BIRMINGHAM_NEW_STREET,Class_350,5
23/01/2026,06:48,NORTHAMPTON_BIRMINGHAM_NEW_STREET,Class_350,5
23/01/2026,05:47,NORTHAMPTON_BIRMINGHAM_NEW_STREET,Class_350,5
23/01/2026,05:06,NORTHAMPTON_BIRMINGHAM_NEW_STREET,Class_350,5
23/01/2026,22:27,BIRMINGHAM_INTERNATIONAL_RUGELEY_TRENT_VALLEY,Class_730,3
23/01/2026,21:54,BIRMINGHAM_INTERNATIONAL_RUGELEY_TRENT_VALLEY,Class_730,3
23/01/2026,21:18,BIRMINGHAM_INTERNATIONAL_RUGELEY_TRENT_VALLEY,Class_730,3
23/01/2026,20:42,BIRMINGHAM_INTERNATIONAL_RUGELEY_TRENT_VALLEY,Class_730,3
23/01/2026,20:14,BIRMINGHAM_INTERNATIONAL_RUGELEY_TRENT_VALLEY,Class_730,3
23/01/2026,19:43,BIRMINGHAM_INTERNATIONAL_RUGELEY_TRENT_VALLEY,Class_730,3
23/01/2026,19:16,BIRMINGHAM_INTERNATIONAL_RUGELEY_TRENT_VALLEY,Class_730,3
23/01/2026,18:34,BIRMINGHAM_INTERNATIONAL_RUGELEY_TRENT_VALLEY,Class_730,3
23/01/2026,10:39,NORTHAMPTON_BIRMINGHAM_NEW_STREET,Class_350,5
23/01/2026,18:04,BIRMINGHAM_INTERNATIONAL_RUGELEY_TRENT_VALLEY,Class_730,3
23/01/2026,17:20,BIRMINGHAM_INTERNATIONAL_RUGELEY_TRENT_VALLEY,Class_730,3
23/01/2026,17:02,BIRMINGHAM_INTERNATIONAL_RUGELEY_TRENT_VALLEY,Class_730,3
23/01/2026,16:19,BIRMINGHAM_INTERNATIONAL_RUGELEY_TRENT_VALLEY,Class_730,3
23/01/2026,15:47,BIRMINGHAM_INTERNATIONAL_RUGELEY_TRENT_VALLEY,Class_730,3
23/01/2026,14:48,BIRMINGHAM_INTERNATIONAL_RUGELEY_TRENT_VALLEY,Class_730,3
23/01/2026,14:26,BIRMINGHAM_INTERNATIONAL_RUGELEY_TRENT_VALLEY,Class_730,3
23/01/2026,14:01,BIRMINGHAM_INTERNATIONAL_RUGELEY_TRENT_VALLEY,Class_730,3
23/01/2026,13:18,BIRMINGHAM_INTERNATIONAL_RUGELEY_TRENT_VALLEY,Class_730,3
23/01/2026,12:42,BIRMINGHAM_INTERNATIONAL_RUGELEY_TRENT_VALLEY,Class_730,3
23/01/2026,12:00,BIRMINGHAM_INTERNATIONAL_RUGELEY_TRENT_VALLEY,Class_730,3
23/01/2026,11:12,BIRMINGHAM_INTERNATIONAL_RUGELEY_TRENT_VALLEY,Class_730,3
23/01/2026,10:35,BIRMINGHAM_INTERNATIONAL_RUGELEY_TRENT_VALLEY,Class_730,3
23/01/2026,10:01,BIRMINGHAM_INTERNATIONAL_RUGELEY_TRENT_VALLEY,Class_730,3
23/01/2026,17:44,BIRMINGHAM_INTERNATIONAL_RUGELEY_TRENT_VALLEY,Class_730,3
23/01/2026,08:52,BIRMINGHAM_INTERNATIONAL_RUGELEY_TRENT_VALLEY,Class_730,3
23/01/2026,12:02,NORTHAMPTON_BIRMINGHAM_NEW_STREET,Class_350,5
23/01/2026,14:31,NORTHAMPTON_BIRMINGHAM_NEW_STREET,Class_350,5
23/01/2026,06:36,WOLVERHAMPTON_WALSALL,Class_730,3
23/01/2026,06:01,WOLVERHAMPTON_WALSALL,Class_730,3
23/01/2026,05:36,WOLVERHAMPTON_WALSALL,Class_730,3
23/01/2026,05:10,WOLVERHAMPTON_WALSALL,Class_730,3
23/01/2026,23:15,BIRMINGHAM_NEW_STREET_NORTHAMPTON,Class_350,8
23/01/2026,22:41,BIRMINGHAM_NEW_STREET_NORTHAMPTON,Class_350,8
23/01/2026,21:38,BIRMINGHAM_NEW_STREET_NORTHAMPTON,Class_350,8
23/01/2026,20:36,BIRMINGHAM_NEW_STREET_NORTHAMPTON,Class_350,8
23/01/2026,19:30,BIRMINGHAM_NEW_STREET_NORTHAMPTON,Class_350,8
23/01/2026,18:23,BIRMINGHAM_NEW_STREET_NORTHAMPTON,Class_350,8
23/01/2026,17:32,BIRMINGHAM_NEW_STREET_NORTHAMPTON,Class_350,8
23/01/2026,16:53,BIRMINGHAM_NEW_STREET_NORTHAMPTON,Class_350,8
23/01/2026,15:19,BIRMINGHAM_NEW_STREET_NORTHAMPTON,Class_350,8
23/01/2026,13:10,NORTHAMPTON_BIRMINGHAM_NEW_STREET,Class_350,5
23/01/2026,14:20,BIRMINGHAM_NEW_STREET_NORTHAMPTON,Class_350,8
23/01/2026,11:34,BIRMINGHAM_NEW_STREET_NORTHAMPTON,Class_350,8
23/01/2026,10:04,BIRMINGHAM_NEW_STREET_NORTHAMPTON,Class_350,8
23/01/2026,08:58,BIRMINGHAM_NEW_STREET_NORTHAMPTON,Class_350,8
23/01/2026,07:49,BIRMINGHAM_NEW_STREET_NORTHAMPTON,Class_350,8
23/01/2026,06:37,BIRMINGHAM_NEW_STREET_NORTHAMPTON,Class_350,8
23/01/2026,22:47,NORTHAMPTON_BIRMINGHAM_NEW_STREET,Class_350,5
23/01/2026,21:50,NORTHAMPTON_BIRMINGHAM_NEW_STREET,Class_350,5
23/01/2026,20:40,NORTHAMPTON_BIRMINGHAM_NEW_STREET,Class_350,5
23/01/2026,19:39,NORTHAMPTON_BIRMINGHAM_NEW_STREET,Class_350,5
23/01/2026,18:30,NORTHAMPTON_BIRMINGHAM_NEW_STREET,Class_350,5
23/01/2026,17:45,NORTHAMPTON_BIRMINGHAM_NEW_STREET,Class_350,5
23/01/2026,16:59,NORTHAMPTON_BIRMINGHAM_NEW_STREET,Class_350,5
23/01/2026,15:39,NORTHAMPTON_BIRMINGHAM_NEW_STREET,Class_350,5
23/01/2026,12:59,BIRMINGHAM_NEW_STREET_NORTHAMPTON,Class_350,8
23/01/2026,23:08,WALSALL_WOLVERHAMPTON,Class_763,3
23/01/2026,12:38,CROSS_CITY_LINE_B,Class_730,6
23/01/2026,11:16,CROSS_CITY_LINE_B,Class_730,6
23/01/2026,19:41,DORRIDGE_BIRMINGHAM_MOOR_STREET,Class_168,6
23/01/2026,18:54,DORRIDGE_BIRMINGHAM_MOOR_STREET,Class_168,6
23/01/2026,18:25,DORRIDGE_BIRMINGHAM_MOOR_STREET,Class_168,6
23/01/2026,18:00,DORRIDGE_BIRMINGHAM_MOOR_STREET,Class_168,6
23/01/2026,17:41,DORRIDGE_BIRMINGHAM_MOOR_STREET,Class_168,6
23/01/2026,17:19,DORRIDGE_BIRMINGHAM_MOOR_STREET,Class_168,6
23/01/2026,16:55,DORRIDGE_BIRMINGHAM_MOOR_STREET,Class_168,6
23/01/2026,16:23,DORRIDGE_BIRMINGHAM_MOOR_STREET,Class_168,6
23/01/2026,15:30,DORRIDGE_BIRMINGHAM_MOOR_STREET,Class_168,6
23/01/2026,14:48,DORRIDGE_BIRMINGHAM_MOOR_STREET,Class_168,6
23/01/2026,14:23,DORRIDGE_BIRMINGHAM_MOOR_STREET,Class_168,6
23/01/2026,13:45,DORRIDGE_BIRMINGHAM_MOOR_STREET,Class_168,6
23/01/2026,13:13,DORRIDGE_BIRMINGHAM_MOOR_STREET,Class_168,6
23/01/2026,12:13,DORRIDGE_BIRMINGHAM_MOOR_STREET,Class_168,6
23/01/2026,11:37,DORRIDGE_BIRMINGHAM_MOOR_STREET,Class_168,6
23/01/2026,10:58,DORRIDGE_BIRMINGHAM_MOOR_STREET,Class_168,6
23/01/2026,10:17,DORRIDGE_BIRMINGHAM_MOOR_STREET,Class_168,6
23/01/2026,09:42,DORRIDGE_BIRMINGHAM_MOOR_STREET,Class_168,6
23/01/2026,09:09,DORRIDGE_BIRMINGHAM_MOOR_STREET,Class_168,6
23/01/2026,08:42,DORRIDGE_BIRMINGHAM_MOOR_STREET,Class_168,6
23/01/2026,07:56,DORRIDGE_BIRMINGHAM_MOOR_STREET,Class_168,6
23/01/2026,07:24,DORRIDGE_BIRMINGHAM_MOOR_STREET,Class_168,6
23/01/2026,06:45,DORRIDGE_BIRMINGHAM_MOOR_STREET,Class_168,6
23/01/2026,06:12,DORRIDGE_BIRMINGHAM_MOOR_STREET,Class_168,6
23/01/2026,05:49,DORRIDGE_BIRMINGHAM_MOOR_STREET,Class_168,6
23/01/2026,23:29,BIRMINGHAM_MOOR_STREET_DORRIDGE,Class_168,6
23/01/2026,23:16,BIRMINGHAM_MOOR_STREET_DORRIDGE,Class_168,6
23/01/2026,20:03,DORRIDGE_BIRMINGHAM_MOOR_STREET,Class_168,6
23/01/2026,20:37,DORRIDGE_BIRMINGHAM_MOOR_STREET,Class_168,6
23/01/2026,20:56,DORRIDGE_BIRMINGHAM_MOOR_STREET,Class_168,6
23/01/2026,21:41,DORRIDGE_BIRMINGHAM_MOOR_STREET,Class_168,6
23/01/2026,17:22,DORRIDGE_BIRMINGHAM_SNOW_HILL,Class_168,6
23/01/2026,16:24,DORRIDGE_BIRMINGHAM_SNOW_HILL,Class_168,6
23/01/2026,14:51,DORRIDGE_BIRMINGHAM_SNOW_HILL,Class_168,6
23/01/2026,13:56,DORRIDGE_BIRMINGHAM_SNOW_HILL,Class_168,6
23/01/2026,12:35,DORRIDGE_BIRMINGHAM_SNOW_HILL,Class_168,6
23/01/2026,11:27,DORRIDGE_BIRMINGHAM_SNOW_HILL,Class_168,6
23/01/2026,09:44,DORRIDGE_BIRMINGHAM_SNOW_HILL,Class_168,6
23/01/2026,08:37,DORRIDGE_BIRMINGHAM_SNOW_HILL,Class_168,6
23/01/2026,23:22,BIRMINGHAM_SNOW_HILL_DORRIDGE,Class_168,6
23/01/2026,23:00,BIRMINGHAM_SNOW_HILL_DORRIDGE,Class_168,6
23/01/2026,22:05,BIRMINGHAM_SNOW_HILL_DORRIDGE,Class_168,6
23/01/2026,20:53,BIRMINGHAM_SNOW_HILL_DORRIDGE,Class_168,6
23/01/2026,19:57,BIRMINGHAM_SNOW_HILL_DORRIDGE,Class_168,6
23/01/2026,23:01,BIRMINGHAM_MOOR_STREET_DORRIDGE,Class_168,6
23/01/2026,18:46,BIRMINGHAM_SNOW_HILL_DORRIDGE,Class_168,6
23/01/2026,17:16,BIRMINGHAM_SNOW_HILL_DORRIDGE,Class_168,6
23/01/2026,16:05,BIRMINGHAM_SNOW_HILL_DORRIDGE,Class_168,6
23/01/2026,14:45,BIRMINGHAM_SNOW_HILL_DORRIDGE,Class_168,6
23/01/2026,13:42,BIRMINGHAM_SNOW_HILL_DORRIDGE,Class_168,6
23/01/2026,12:12,BIRMINGHAM_SNOW_HILL_DORRIDGE,Class_168,6
23/01/2026,10:54,BIRMINGHAM_SNOW_HILL_DORRIDGE,Class_168,6
23/01/2026,09:35,BIRMINGHAM_SNOW_HILL_DORRIDGE,Class_168,6
23/01/2026,08:36,BIRMINGHAM_SNOW_HILL_DORRIDGE,Class_168,6
23/01/2026,23:26,DORRIDGE_BIRMINGHAM_MOOR_STREET,Class_168,6
23/01/2026,23:17,DORRIDGE_BIRMINGHAM_MOOR_STREET,Class_168,6
23/01/2026,23:03,DORRIDGE_BIRMINGHAM_MOOR_STREET,Class_168,6
23/01/2026,22:44,DORRIDGE_BIRMINGHAM_MOOR_STREET,Class_168,6
23/01/2026,22:19,DORRIDGE_BIRMINGHAM_MOOR_STREET,Class_168,6
23/01/2026,17:55,BIRMINGHAM_SNOW_HILL_DORRIDGE,Class_168,6
23/01/2026,22:05,BIRMINGHAM_MOOR_STREET_DORRIDGE,Class_168,6
23/01/2026,21:45,BIRMINGHAM_MOOR_STREET_DORRIDGE,Class_168,6
23/01/2026,21:16,BIRMINGHAM_MOOR_STREET_DORRIDGE,Class_168,6
23/01/2026,20:51,WOLVERHAMPTON_BIRMINGHAM_INTERNATIONAL,Class_158,2
23/01/2026,19:52,WOLVERHAMPTON_BIRMINGHAM_INTERNATIONAL,Class_158,2
23/01/2026,18:47,WOLVERHAMPTON_BIRMINGHAM_INTERNATIONAL,Class_158,2
23/01/2026,17:56,WOLVERHAMPTON_BIRMINGHAM_INTERNATIONAL,Class_158,2
23/01/2026,17:12,WOLVERHAMPTON_BIRMINGHAM_INTERNATIONAL,Class_158,2
23/01/2026,16:15,WOLVERHAMPTON_BIRMINGHAM_INTERNATIONAL,Class_158,2
23/01/2026,14:38,WOLVERHAMPTON_BIRMINGHAM_INTERNATIONAL,Class_158,2
23/01/2026,13:37,WOLVERHAMPTON_BIRMINGHAM_INTERNATIONAL,Class_158,2
23/01/2026,12:12,WOLVERHAMPTON_BIRMINGHAM_INTERNATIONAL,Class_158,2
23/01/2026,10:56,WOLVERHAMPTON_BIRMINGHAM_INTERNATIONAL,Class_158,2
23/01/2026,09:34,WOLVERHAMPTON_BIRMINGHAM_INTERNATIONAL,Class_158,2
23/01/2026,07:04,WOLVERHAMPTON_BIRMINGHAM_INTERNATIONAL,Class_158,2
23/01/2026,06:10,WOLVERHAMPTON_BIRMINGHAM_INTERNATIONAL,Class_158,2
23/01/2026,22:04,WOLVERHAMPTON_BIRMINGHAM_INTERNATIONAL,Class_158,2
23/01/2026,05:10,WOLVERHAMPTON_BIRMINGHAM_INTERNATIONAL,Class_158,2
23/01/2026,18:46,BIRMINGHAM_INTERNATIONA_WOLVERHAMPTON,Class_158,2
23/01/2026,17:54,BIRMINGHAM_INTERNATIONA_WOLVERHAMPTON,Class_158,2
23/01/2026,17:16,BIRMINGHAM_INTERNATIONA_WOLVERHAMPTON,Class_158,2
23/01/2026,16:13,BIRMINGHAM_INTERNATIONA_WOLVERHAMPTON,Class_158,2
23/01/2026,14:39,BIRMINGHAM_INTERNATIONA_WOLVERHAMPTON,Class_158,2
23/01/2026,13:40,BIRMINGHAM_INTERNATIONA_WOLVERHAMPTON,Class_158,2
23/01/2026,12:12,BIRMINGHAM_INTERNATIONA_WOLVERHAMPTON,Class_158,2
23/01/2026,10:48,BIRMINGHAM_INTERNATIONA_WOLVERHAMPTON,Class_158,2
23/01/2026,09:33,BIRMINGHAM_INTERNATIONA_WOLVERHAMPTON,Class_158,2
23/01/2026,08:29,BIRMINGHAM_INTERNATIONA_WOLVERHAMPTON,Class_158,2
23/01/2026,07:08,BIRMINGHAM_INTERNATIONA_WOLVERHAMPTON,Class_158,2
23/01/2026,06:08,BIRMINGHAM_INTERNATIONA_WOLVERHAMPTON,Class_158,2
23/01/2026,11:53,CROSS_CITY_LINE_B,Class_730,6
23/01/2026,19:58,BIRMINGHAM_INTERNATIONA_WOLVERHAMPTON,Class_158,2
23/01/2026,18:07,DORRIDGE_BIRMINGHAM_SNOW_HILL,Class_168,6
23/01/2026,22:58,WOLVERHAMPTON_BIRMINGHAM_INTERNATIONAL,Class_158,2
23/01/2026,05:04,BIRMINGHAM_MOOR_STREET_DORRIDGE,Class_168,6
23/01/2026,20:36,BIRMINGHAM_MOOR_STREET_DORRIDGE,Class_168,6
23/01/2026,20:00,BIRMINGHAM_MOOR_STREET_DORRIDGE,Class_168,6
23/01/2026,19:35,BIRMINGHAM_MOOR_STREET_DORRIDGE,Class_168,6
23/01/2026,18:46,BIRMINGHAM_MOOR_STREET_DORRIDGE,Class_168,6
23/01/2026,18:28,BIRMINGHAM_MOOR_STREET_DORRIDGE,Class_168,6
23/01/2026,17:57,BIRMINGHAM_MOOR_STREET_DORRIDGE,Class_168,6
23/01/2026,17:40,BIRMINGHAM_MOOR_STREET_DORRIDGE,Class_168,6
23/01/2026,17:21,BIRMINGHAM_MOOR_STREET_DORRIDGE,Class_168,6
23/01/2026,16:59,BIRMINGHAM_MOOR_STREET_DORRIDGE,Class_168,6
23/01/2026,16:18,BIRMINGHAM_MOOR_STREET_DORRIDGE,Class_168,6
23/01/2026,15:31,BIRMINGHAM_MOOR_STREET_DORRIDGE,Class_168,6
23/01/2026,14:42,BIRMINGHAM_MOOR_STREET_DORRIDGE,Class_168,6
23/01/2026,14:23,BIRMINGHAM_MOOR_STREET_DORRIDGE,Class_168,6
23/01/2026,05:01,BIRMINGHAM_MOOR_STREET_DORRIDGE,Class_168,6
23/01/2026,13:44,BIRMINGHAM_MOOR_STREET_DORRIDGE,Class_168,6
23/01/2026,12:13,BIRMINGHAM_MOOR_STREET_DORRIDGE,Class_168,6
23/01/2026,11:48,BIRMINGHAM_MOOR_STREET_DORRIDGE,Class_168,6
23/01/2026,11:01,BIRMINGHAM_MOOR_STREET_DORRIDGE,Class_168,6
23/01/2026,10:37,BIRMINGHAM_MOOR_STREET_DORRIDGE,Class_168,6
23/01/2026,09:39,BIRMINGHAM_MOOR_STREET_DORRIDGE,Class_168,6
23/01/2026,09:08,BIRMINGHAM_MOOR_STREET_DORRIDGE,Class_168,6
23/01/2026,08:31,BIRMINGHAM_MOOR_STREET_DORRIDGE,Class_168,6
23/01/2026,07:55,BIRMINGHAM_MOOR_STREET_DORRIDGE,Class_168,6
23/01/2026,07:19,BIRMINGHAM_MOOR_STREET_DORRIDGE,Class_168,6
23/01/2026,06:43,BIRMINGHAM_MOOR_STREET_DORRIDGE,Class_168,6
23/01/2026,06:18,BIRMINGHAM_MOOR_STREET_DORRIDGE,Class_168,6
23/01/2026,05:44,BIRMINGHAM_MOOR_STREET_DORRIDGE,Class_168,6
23/01/2026,05:27,BIRMINGHAM_MOOR_STREET_DORRIDGE,Class_168,6
23/01/2026,13:04,BIRMINGHAM_MOOR_STREET_DORRIDGE,Class_168,6
23/01/2026,18:56,DORRIDGE_BIRMINGHAM_SNOW_HILL,Class_168,6
23/01/2026,22:42,BIRMINGHAM_MOOR_STREET_DORRIDGE,Class_168,6
23/01/2026,21:20,DORRIDGE_BIRMINGHAM_SNOW_HILL,Class_168,6
23/01/2026,12:11,CROSS_CITY_LINE_A,Class_730,6
23/01/2026,11:35,CROSS_CITY_LINE_A,Class_730,6
23/01/2026,10:54,CROSS_CITY_LINE_A,Class_730,6
23/01/2026,10:02,CROSS_CITY_LINE_A,Class_730,6
23/01/2026,09:36,CROSS_CITY_LINE_A,Class_730,6
23/01/2026,09:03,CROSS_CITY_LINE_A,Class_730,6
23/01/2026,08:25,CROSS_CITY_LINE_A,Class_730,6
23/01/2026,07:54,CROSS_CITY_LINE_A,Class_730,6
23/01/2026,07:13,CROSS_CITY_LINE_A,Class_730,6
23/01/2026,06:42,CROSS_CITY_LINE_A,Class_730,6
23/01/2026,06:10,CROSS_CITY_LINE_A,Class_730,6
23/01/2026,05:43,CROSS_CITY_LINE_A,Class_730,6
23/01/2026,05:26,CROSS_CITY_LINE_A,Class_730,6
23/01/2026,13:01,CROSS_CITY_LINE_A,Class_730,6
23/01/2026,22:35,COVENTRY_STAFFORD,Class_390,11
23/01/2026,20:22,COVENTRY_STAFFORD,Class_390,11
23/01/2026,19:09,COVENTRY_STAFFORD,Class_390,11
23/01/2026,18:09,COVENTRY_STAFFORD,Class_390,11
23/01/2026,17:26,COVENTRY_STAFFORD,Class_390,11
23/01/2026,16:21,COVENTRY_STAFFORD,Class_390,11
23/01/2026,15:15,COVENTRY_STAFFORD,Class_390,11
23/01/2026,13:57,COVENTRY_STAFFORD,Class_390,11
23/01/2026,12:43,COVENTRY_STAFFORD,Class_390,11
23/01/2026,11:07,COVENTRY_STAFFORD,Class_390,11
23/01/2026,09:53,COVENTRY_STAFFORD,Class_390,11
23/01/2026,08:43,COVENTRY_STAFFORD,Class_390,11
23/01/2026,07:26,COVENTRY_STAFFORD,Class_390,11
23/01/2026,06:24,COVENTRY_STAFFORD,Class_390,11
23/01/2026,21:28,COVENTRY_STAFFORD,Class_390,11
23/01/2026,23:03,STAFFORD_COVENTRY,Class_390,11
23/01/2026,13:34,CROSS_CITY_LINE_A,Class_730,6
23/01/2026,14:36,CROSS_CITY_LINE_A,Class_730,6
23/01/2026,20:03,DORRIDGE_BIRMINGHAM_SNOW_HILL,Class_168,6
23/01/2026,09:47,CROSS_CITY_LINE_B,Class_730,6
23/01/2026,09:17,CROSS_CITY_LINE_B,Class_730,6
23/01/2026,08:49,CROSS_CITY_LINE_B,Class_730,6
23/01/2026,07:56,CROSS_CITY_LINE_B,Class_730,6
23/01/2026,07:38,CROSS_CITY_LINE_B,Class_730,6
23/01/2026,06:54,CROSS_CITY_LINE_B,Class_730,6
23/01/2026,06:26,CROSS_CITY_LINE_B,Class_730,6
23/01/2026,05:49,CROSS_CITY_LINE_B,Class_730,6
23/01/2026,05:34,CROSS_CITY_LINE_B,Class_730,6
23/01/2026,23:21,CROSS_CITY_LINE_A,Class_730,6
23/01/2026,23:12,CROSS_CITY_LINE_A,Class_730,6
23/01/2026,22:54,CROSS_CITY_LINE_A,Class_730,6
23/01/2026,14:20,CROSS_CITY_LINE_A,Class_730,6
23/01/2026,22:42,CROSS_CITY_LINE_A,Class_730,6
23/01/2026,21:39,CROSS_CITY_LINE_A,Class_730,6
23/01/2026,20:48,CROSS_CITY_LINE_A,Class_730,6
23/01/2026,20:36,CROSS_CITY_LINE_A,Class_730,6
23/01/2026,19:57,CROSS_CITY_LINE_A,Class_730,6
23/01/2026,19:34,CROSS_CITY_LINE_A,Class_730,6
23/01/2026,18:44,CROSS_CITY_LINE_A,Class_730,6
23/01/2026,18:23,CROSS_CITY_LINE_A,Class_730,6
23/01/2026,17:55,CROSS_CITY_LINE_A,Class_730,6
23/01/2026,17:33,CROSS_CITY_LINE_A,Class_730,6
23/01/2026,17:16,CROSS_CITY_LINE_A,Class_730,6
23/01/2026,16:54,CROSS_CITY_LINE_A,Class_730,6
23/01/2026,16:03,CROSS_CITY_LINE_A,Class_730,6
23/01/2026,15:24,CROSS_CITY_LINE_A,Class_730,6
23/01/2026,22:03,CROSS_CITY_LINE_A,Class_730,6
23/01/2026,22:33,STAFFORD_COVENTRY,Class_390,11
23/01/2026,10:41,CROSS_CITY_LINE_B,Class_730,6
23/01/2026,07:39,BIRMINGHAM_NEW_STREET_RUGBY,Class_390,7
23/01/2026,07:40,RUGBY_BIRMINGHAM_NEW_STREET,Class_390,7
23/01/2026,20:22,BIRMINGHAM_NEW_STREET_RUGBY,Class_390,7
23/01/2026,19:13,BIRMINGHAM_NEW_STREET_RUGBY,Class_390,7
23/01/2026,18:06,BIRMINGHAM_NEW_STREET_RUGBY,Class_390,7
23/01/2026,16:34,BIRMINGHAM_NEW_STREET_RUGBY,Class_390,7
23/01/2026,15:16,BIRMINGHAM_NEW_STREET_RUGBY,Class_390,7
23/01/2026,14:05,BIRMINGHAM_NEW_STREET_RUGBY,Class_390,7
23/01/2026,12:34,BIRMINGHAM_NEW_STREET_RUGBY,Class_390,7
23/01/2026,11:22,BIRMINGHAM_NEW_STREET_RUGBY,Class_390,7
23/01/2026,09:48,BIRMINGHAM_NEW_STREET_RUGBY,Class_390,7
23/01/2026,08:46,BIRMINGHAM_NEW_STREET_RUGBY,Class_390,7
23/01/2026,21:32,STAFFORD_COVENTRY,Class_390,11
23/01/2026,06:27,BIRMINGHAM_NEW_STREET_RUGBY,Class_390,7
23/01/2026,23:06,RUGBY_WOLVERHAMPTON,Class_390,11
23/01/2026,21:00,RUGBY_WOLVERHAMPTON,Class_390,11
23/01/2026,20:08,RUGBY_WOLVERHAMPTON,Class_390,11
23/01/2026,05:45,WOLVERHAMPTON_COVENTRY,Class_390,11
23/01/2026,05:29,WOLVERHAMPTON_COVENTRY,Class_390,11
23/01/2026,05:03,WOLVERHAMPTON_COVENTRY,Class_390,11
23/01/2026,05:03,WOLVERHAMPTON_COVENTRY,Class_390,11
23/01/2026,23:20,DORRIDGE_STOURBRIDGE_JUNCTION,Class_168,6
23/01/2026,21:31,DORRIDGE_STOURBRIDGE_JUNCTION,Class_168,6
23/01/2026,19:04,DORRIDGE_STOURBRIDGE_JUNCTION,Class_168,6
23/01/2026,05:30,STOURBRIDGE_JUNCTION_DORRIDGE,Class_168,6
23/01/2026,23:30,DORRIDGE_BIRMINGHAM_SNOW_HILL,Class_168,6
23/01/2026,23:05,DORRIDGE_BIRMINGHAM_SNOW_HILL,Class_168,6
23/01/2026,22:31,DORRIDGE_BIRMINGHAM_SNOW_HILL,Class_168,6
23/01/2026,08:34,RUGBY_BIRMINGHAM_NEW_STREET,Class_390,7
23/01/2026,09:25,RUGBY_BIRMINGHAM_NEW_STREET,Class_390,7
23/01/2026,17:27,BIRMINGHAM_NEW_STREET_RUGBY,Class_390,7
23/01/2026,10:42,RUGBY_BIRMINGHAM_NEW_STREET,Class_390,7
23/01/2026,20:22,STAFFORD_COVENTRY,Class_390,11
23/01/2026,19:08,STAFFORD_COVENTRY,Class_390,11
23/01/2026,18:20,STAFFORD_COVENTRY,Class_390,11
23/01/2026,17:27,STAFFORD_COVENTRY,Class_390,11
23/01/2026,16:28,STAFFORD_COVENTRY,Class_390,11
23/01/2026,15:02,STAFFORD_COVENTRY,Class_390,11
23/01/2026,14:07,STAFFORD_COVENTRY,Class_390,11
23/01/2026,12:36,STAFFORD_COVENTRY,Class_390,11
23/01/2026,09:47,RUGBY_BIRMINGHAM_NEW_STREET,Class_390,7
23/01/2026,09:54,STAFFORD_COVENTRY,Class_390,11
23/01/2026,08:52,STAFFORD_COVENTRY,Class_390,11
23/01/2026,07:24,STAFFORD_COVENTRY,Class_390,11
23/01/2026,06:31,STAFFORD_COVENTRY,Class_390,11
23/01/2026,18:59,RUGBY_BIRMINGHAM_NEW_STREET,Class_390,7
23/01/2026,11:18,STAFFORD_COVENTRY,Class_390,11
23/01/2026,18:02,RUGBY_BIRMINGHAM_NEW_STREET,Class_390,7
23/01/2026,18:39,RUGBY_BIRMINGHAM_NEW_STREET,Class_390,7
23/01/2026,12:08,RUGBY_BIRMINGHAM_NEW_STREET,Class_390,7
23/01/2026,12:13,RUGBY_BIRMINGHAM_NEW_STREET,Class_390,7
23/01/2026,13:28,RUGBY_BIRMINGHAM_NEW_STREET,Class_390,7
23/01/2026,13:47,RUGBY_BIRMINGHAM_NEW_STREET,Class_390,7
23/01/2026,14:32,RUGBY_BIRMINGHAM_NEW_STREET,Class_390,7
23/01/2026,11:11,RUGBY_BIRMINGHAM_NEW_STREET,Class_390,7
23/01/2026,16:01,RUGBY_BIRMINGHAM_NEW_STREET,Class_390,7
23/01/2026,16:27,RUGBY_BIRMINGHAM_NEW_STREET,Class_390,7
23/01/2026,17:08,RUGBY_BIRMINGHAM_NEW_STREET,Class_390,7
23/01/2026,17:18,RUGBY_BIRMINGHAM_NEW_STREET,Class_390,7
23/01/2026,17:50,RUGBY_BIRMINGHAM_NEW_STREET,Class_390,7
23/01/2026,15:06,RUGBY_BIRMINGHAM_NEW_STREET,Class_390,7
24/01/2026,19:22,FOUR_OAKS_REDDITCH,Class_730,6
24/01/2026,20:02,FOUR_OAKS_REDDITCH,Class_730,6
24/01/2026,20:37,FOUR_OAKS_REDDITCH,Class_730,6
24/01/2026,21:09,FOUR_OAKS_REDDITCH,Class_730,6
24/01/2026,21:28,FOUR_OAKS_REDDITCH,Class_730,6
24/01/2026,21:56,FOUR_OAKS_REDDITCH,Class_730,6
24/01/2026,05:22,RUGELEY_TRENT_VALLEY_BIRMINGHAM_INTERNATIONAL,Class_730,3
24/01/2026,22:41,FOUR_OAKS_REDDITCH,Class_730,6
24/01/2026,23:13,FOUR_OAKS_REDDITCH,Class_730,6
24/01/2026,05:54,RUGELEY_TRENT_VALLEY_BIRMINGHAM_INTERNATIONAL,Class_730,3
24/01/2026,06:14,RUGELEY_TRENT_VALLEY_BIRMINGHAM_INTERNATIONAL,Class_730,3
24/01/2026,06:30,RUGELEY_TRENT_VALLEY_BIRMINGHAM_INTERNATIONAL,Class_730,3
24/01/2026,22:14,FOUR_OAKS_REDDITCH,Class_730,6
24/01/2026,18:44,FOUR_OAKS_REDDITCH,Class_730,6
24/01/2026,07:59,BIRMINGHAM_INTERNATIONAL_RUGELEY_TRENT_VALLEY,Class_730,3
24/01/2026,17:28,FOUR_OAKS_REDDITCH,Class_730,6
24/01/2026,17:02,FOUR_OAKS_REDDITCH,Class_730,6
24/01/2026,16:28,FOUR_OAKS_REDDITCH,Class_730,6
24/01/2026,15:48,FOUR_OAKS_REDDITCH,Class_730,6
24/01/2026,15:08,FOUR_OAKS_REDDITCH,Class_730,6
24/01/2026,14:35,FOUR_OAKS_REDDITCH,Class_730,6
24/01/2026,14:00,FOUR_OAKS_REDDITCH,Class_730,6
24/01/2026,13:32,FOUR_OAKS_REDDITCH,Class_730,6
24/01/2026,13:04,FOUR_OAKS_REDDITCH,Class_730,6
24/01/2026,12:34,FOUR_OAKS_REDDITCH,Class_730,6
24/01/2026,12:05,FOUR_OAKS_REDDITCH,Class_730,6
24/01/2026,11:27,FOUR_OAKS_REDDITCH,Class_730,6
24/01/2026,10:53,FOUR_OAKS_REDDITCH,Class_730,6
24/01/2026,18:03,FOUR_OAKS_REDDITCH,Class_730,6
24/01/2026,07:09,RUGELEY_TRENT_VALLEY_BIRMINGHAM_INTERNATIONAL,Class_730,3
24/01/2026,07:10,BIRMINGHAM_INTERNATIONAL_RUGELEY_TRENT_VALLEY,Class_730,3
24/01/2026,09:05,RUGELEY_TRENT_VALLEY_BIRMINGHAM_INTERNATIONAL,Class_730,3
24/01/2026,10:32,FOUR_OAKS_REDDITCH,Class_730,6
24/01/2026,06:29,BIRMINGHAM_INTERNATIONAL_RUGELEY_TRENT_VALLEY,Class_730,3
24/01/2026,06:15,BIRMINGHAM_INTERNATIONAL_RUGELEY_TRENT_VALLEY,Class_730,3
24/01/2026,06:01,BIRMINGHAM_INTERNATIONAL_RUGELEY_TRENT_VALLEY,Class_730,3
24/01/2026,22:01,RUGELEY_TRENT_VALLEY_BIRMINGHAM_INTERNATIONAL,Class_730,3
24/01/2026,21:31,RUGELEY_TRENT_VALLEY_BIRMINGHAM_INTERNATIONAL,Class_730,3
24/01/2026,21:07,RUGELEY_TRENT_VALLEY_BIRMINGHAM_INTERNATIONAL,Class_730,3
24/01/2026,20:52,RUGELEY_TRENT_VALLEY_BIRMINGHAM_INTERNATIONAL,Class_730,3
24/01/2026,20:25,RUGELEY_TRENT_VALLEY_BIRMINGHAM_INTERNATIONAL,Class_730,3
24/01/2026,19:27,RUGELEY_TRENT_VALLEY_BIRMINGHAM_INTERNATIONAL,Class_730,3
24/01/2026,18:41,RUGELEY_TRENT_VALLEY_BIRMINGHAM_INTERNATIONAL,Class_730,3
24/01/2026,18:06,RUGELEY_TRENT_VALLEY_BIRMINGHAM_INTERNATIONAL,Class_730,3
24/01/2026,17:43,RUGELEY_TRENT_VALLEY_BIRMINGHAM_INTERNATIONAL,Class_730,3
24/01/2026,08:02,RUGELEY_TRENT_VALLEY_BIRMINGHAM_INTERNATIONAL,Class_730,3
24/01/2026,17:08,RUGELEY_TRENT_VALLEY_BIRMINGHAM_INTERNATIONAL,Class_730,3
24/01/2026,16:02,RUGELEY_TRENT_VALLEY_BIRMINGHAM_INTERNATIONAL,Class_730,3
24/01/2026,15:28,RUGELEY_TRENT_VALLEY_BIRMINGHAM_INTERNATIONAL,Class_730,3
24/01/2026,14:36,RUGELEY_TRENT_VALLEY_BIRMINGHAM_INTERNATIONAL,Class_730,3
24/01/2026,14:13,RUGELEY_TRENT_VALLEY_BIRMINGHAM_INTERNATIONAL,Class_730,3
24/01/2026,13:45,RUGELEY_TRENT_VALLEY_BIRMINGHAM_INTERNATIONAL,Class_730,3
24/01/2026,13:11,RUGELEY_TRENT_VALLEY_BIRMINGHAM_INTERNATIONAL,Class_730,3
24/01/2026,12:38,RUGELEY_TRENT_VALLEY_BIRMINGHAM_INTERNATIONAL,Class_730,3
24/01/2026,12:11,RUGELEY_TRENT_VALLEY_BIRMINGHAM_INTERNATIONAL,Class_730,3
24/01/2026,11:34,RUGELEY_TRENT_VALLEY_BIRMINGHAM_INTERNATIONAL,Class_730,3
24/01/2026,11:15,RUGELEY_TRENT_VALLEY_BIRMINGHAM_INTERNATIONAL,Class_730,3
24/01/2026,10:32,RUGELEY_TRENT_VALLEY_BIRMINGHAM_INTERNATIONAL,Class_730,3
24/01/2026,10:02,RUGELEY_TRENT_VALLEY_BIRMINGHAM_INTERNATIONAL,Class_730,3
24/01/2026,09:32,RUGELEY_TRENT_VALLEY_BIRMINGHAM_INTERNATIONAL,Class_730,3
24/01/2026,16:29,RUGELEY_TRENT_VALLEY_BIRMINGHAM_INTERNATIONAL,Class_730,3
24/01/2026,09:54,FOUR_OAKS_REDDITCH,Class_730,6
24/01/2026,12:21,REDDITCH_FOUR_OAKS,Class_730,6
24/01/2026,08:37,FOUR_OAKS_REDDITCH,Class_730,6
24/01/2026,09:45,REDDITCH_FOUR_OAKS,Class_730,6
24/01/2026,09:14,REDDITCH_FOUR_OAKS,Class_730,6
24/01/2026,08:08,REDDITCH_FOUR_OAKS,Class_730,6
24/01/2026,07:40,REDDITCH_FOUR_OAKS,Class_730,6
24/01/2026,06:34,REDDITCH_FOUR_OAKS,Class_730,6
24/01/2026,06:23,REDDITCH_FOUR_OAKS,Class_730,6
24/01/2026,06:03,REDDITCH_FOUR_OAKS,Class_730,6
24/01/2026,05:27,REDDITCH_FOUR_OAKS,Class_730,6
24/01/2026,05:12,REDDITCH_FOUR_OAKS,Class_730,6
24/01/2026,22:18,CROSS_CITY_LINE_B,Class_730,6
24/01/2026,22:04,CROSS_CITY_LINE_B,Class_730,6
24/01/2026,21:35,CROSS_CITY_LINE_B,Class_730,6
24/01/2026,21:05,CROSS_CITY_LINE_B,Class_730,6
24/01/2026,20:44,CROSS_CITY_LINE_B,Class_730,6
24/01/2026,20:10,CROSS_CITY_LINE_B,Class_730,6
24/01/2026,19:36,CROSS_CITY_LINE_B,Class_730,6
24/01/2026,19:00,CROSS_CITY_LINE_B,Class_730,6
24/01/2026,18:10,CROSS_CITY_LINE_B,Class_730,6
24/01/2026,17:42,CROSS_CITY_LINE_B,Class_730,6
24/01/2026,17:13,CROSS_CITY_LINE_B,Class_730,6
24/01/2026,16:30,CROSS_CITY_LINE_B,Class_730,6
24/01/2026,15:54,CROSS_CITY_LINE_B,Class_730,6
24/01/2026,15:25,CROSS_CITY_LINE_B,Class_730,6
24/01/2026,14:42,CROSS_CITY_LINE_B,Class_730,6
24/01/2026,14:01,CROSS_CITY_LINE_B,Class_730,6
24/01/2026,13:45,CROSS_CITY_LINE_B,Class_730,6
24/01/2026,13:18,CROSS_CITY_LINE_B,Class_730,6
24/01/2026,10:14,REDDITCH_FOUR_OAKS,Class_730,6
24/01/2026,10:42,REDDITCH_FOUR_OAKS,Class_730,6
24/01/2026,11:16,REDDITCH_FOUR_OAKS,Class_730,6
24/01/2026,11:48,REDDITCH_FOUR_OAKS,Class_730,6
24/01/2026,07:48,FOUR_OAKS_REDDITCH,Class_730,6
24/01/2026,06:52,FOUR_OAKS_REDDITCH,Class_730,6
24/01/2026,06:27,FOUR_OAKS_REDDITCH,Class_730,6
24/01/2026,06:13,FOUR_OAKS_REDDITCH,Class_730,6
24/01/2026,05:37,FOUR_OAKS_REDDITCH,Class_730,6
24/01/2026,05:23,FOUR_OAKS_REDDITCH,Class_730,6
24/01/2026,05:06,FOUR_OAKS_REDDITCH,Class_730,6
24/01/2026,23:13,REDDITCH_FOUR_OAKS,Class_730,6
24/01/2026,22:58,REDDITCH_FOUR_OAKS,Class_730,6
24/01/2026,22:26,REDDITCH_FOUR_OAKS,Class_730,6
24/01/2026,22:12,REDDITCH_FOUR_OAKS,Class_730,6
24/01/2026,21:40,REDDITCH_FOUR_OAKS,Class_730,6
24/01/2026,21:21,REDDITCH_FOUR_OAKS,Class_730,6
24/01/2026,09:20,FOUR_OAKS_REDDITCH,Class_730,6
24/01/2026,20:52,REDDITCH_FOUR_OAKS,Class_730,6
24/01/2026,19:38,REDDITCH_FOUR_OAKS,Class_730,6
24/01/2026,19:12,REDDITCH_FOUR_OAKS,Class_730,6
24/01/2026,18:17,REDDITCH_FOUR_OAKS,Class_730,6
24/01/2026,17:50,REDDITCH_FOUR_OAKS,Class_730,6
24/01/2026,17:26,REDDITCH_FOUR_OAKS,Class_730,6
24/01/2026,16:54,REDDITCH_FOUR_OAKS,Class_730,6
24/01/2026,16:12,REDDITCH_FOUR_OAKS,Class_730,6
24/01/2026,15:40,REDDITCH_FOUR_OAKS,Class_730,6
24/01/2026,15:01,REDDITCH_FOUR_OAKS,Class_730,6
24/01/2026,14:26,REDDITCH_FOUR_OAKS,Class_730,6
24/01/2026,13:48,REDDITCH_FOUR_OAKS,Class_730,6
24/01/2026,13:27,REDDITCH_FOUR_OAKS,Class_730,6
24/01/2026,12:54,REDDITCH_FOUR_OAKS,Class_730,6
24/01/2026,20:29,REDDITCH_FOUR_OAKS,Class_730,6
24/01/2026,09:07,BIRMINGHAM_INTERNATIONAL_RUGELEY_TRENT_VALLEY,Class_730,3
24/01/2026,12:36,CROSS_CITY_LINE_B,Class_730,6
24/01/2026,10:05,BIRMINGHAM_INTERNATIONAL_RUGELEY_TRENT_VALLEY,Class_730,3
24/01/2026,05:34,WALSALL_WOLVERHAMPTON,Class_731,3
24/01/2026,05:10,WALSALL_WOLVERHAMPTON,Class_730,3
24/01/2026,22:56,WOLVERHAMPTON_WALSALL,Class_730,3
24/01/2026,22:24,WOLVERHAMPTON_WALSALL,Class_730,3
24/01/2026,22:11,WOLVERHAMPTON_WALSALL,Class_730,3
24/01/2026,21:40,WOLVERHAMPTON_WALSALL,Class_730,3
24/01/2026,21:25,WOLVERHAMPTON_WALSALL,Class_730,3
24/01/2026,20:55,WOLVERHAMPTON_WALSALL,Class_730,3
24/01/2026,20:29,WOLVERHAMPTON_WALSALL,Class_730,3
24/01/2026,19:45,WOLVERHAMPTON_WALSALL,Class_730,3
24/01/2026,19:18,WOLVERHAMPTON_WALSALL,Class_730,3
24/01/2026,18:16,WOLVERHAMPTON_WALSALL,Class_730,3
24/01/2026,17:51,WOLVERHAMPTON_WALSALL,Class_730,3
24/01/2026,17:20,WOLVERHAMPTON_WALSALL,Class_730,3
24/01/2026,16:56,WOLVERHAMPTON_WALSALL,Class_730,3
24/01/2026,16:11,WOLVERHAMPTON_WALSALL,Class_730,3
24/01/2026,15:41,WOLVERHAMPTON_WALSALL,Class_730,3
24/01/2026,14:53,WOLVERHAMPTON_WALSALL,Class_730,3
24/01/2026,14:18,WOLVERHAMPTON_WALSALL,Class_730,3
24/01/2026,13:50,WOLVERHAMPTON_WALSALL,Class_730,3
24/01/2026,13:28,WOLVERHAMPTON_WALSALL,Class_730,3
24/01/2026,12:46,WOLVERHAMPTON_WALSALL,Class_730,3
24/01/2026,12:23,WOLVERHAMPTON_WALSALL,Class_730,3
24/01/2026,11:44,WOLVERHAMPTON_WALSALL,Class_730,3
24/01/2026,11:18,WOLVERHAMPTON_WALSALL,Class_730,3
24/01/2026,10:43,WOLVERHAMPTON_WALSALL,Class_730,3
24/01/2026,10:21,WOLVERHAMPTON_WALSALL,Class_730,3
24/01/2026,06:02,WALSALL_WOLVERHAMPTON,Class_732,3
24/01/2026,06:22,WALSALL_WOLVERHAMPTON,Class_733,3
24/01/2026,06:35,WALSALL_WOLVERHAMPTON,Class_734,3
24/01/2026,07:35,WALSALL_WOLVERHAMPTON,Class_735,3
24/01/2026,22:52,WALSALL_WOLVERHAMPTON,Class_763,3
24/01/2026,22:28,WALSALL_WOLVERHAMPTON,Class_762,3
24/01/2026,22:11,WALSALL_WOLVERHAMPTON,Class_761,3
24/01/2026,21:43,WALSALL_WOLVERHAMPTON,Class_760,3
24/01/2026,21:24,WALSALL_WOLVERHAMPTON,Class_759,3
24/01/2026,20:56,WALSALL_WOLVERHAMPTON,Class_758,3
24/01/2026,20:31,WALSALL_WOLVERHAMPTON,Class_757,3
24/01/2026,19:46,WALSALL_WOLVERHAMPTON,Class_756,3
24/01/2026,19:19,WALSALL_WOLVERHAMPTON,Class_755,3
24/01/2026,18:17,WALSALL_WOLVERHAMPTON,Class_754,3
24/01/2026,17:49,WALSALL_WOLVERHAMPTON,Class_753,3
24/01/2026,17:26,WALSALL_WOLVERHAMPTON,Class_752,3
24/01/2026,16:46,WALSALL_WOLVERHAMPTON,Class_751,3
24/01/2026,09:49,WOLVERHAMPTON_WALSALL,Class_730,3
24/01/2026,16:12,WALSALL_WOLVERHAMPTON,Class_750,3
24/01/2026,14:51,WALSALL_WOLVERHAMPTON,Class_748,3
24/01/2026,14:25,WALSALL_WOLVERHAMPTON,Class_747,3
24/01/2026,13:51,WALSALL_WOLVERHAMPTON,Class_746,3
24/01/2026,13:26,WALSALL_WOLVERHAMPTON,Class_745,3
24/01/2026,12:48,WALSALL_WOLVERHAMPTON,Class_744,3
24/01/2026,12:21,WALSALL_WOLVERHAMPTON,Class_743,3
24/01/2026,11:43,WALSALL_WOLVERHAMPTON,Class_742,3
24/01/2026,11:18,WALSALL_WOLVERHAMPTON,Class_741,3
24/01/2026,10:42,WALSALL_WOLVERHAMPTON,Class_740,3
24/01/2026,10:21,WALSALL_WOLVERHAMPTON,Class_739,3
24/01/2026,09:48,WALSALL_WOLVERHAMPTON,Class_738,3
24/01/2026,09:18,WALSALL_WOLVERHAMPTON,Class_737,3
24/01/2026,08:23,WALSALL_WOLVERHAMPTON,Class_736,3
24/01/2026,15:40,WALSALL_WOLVERHAMPTON,Class_749,3
24/01/2026,09:14,WOLVERHAMPTON_WALSALL,Class_730,3
24/01/2026,08:20,WOLVERHAMPTON_WALSALL,Class_730,3
24/01/2026,07:40,WOLVERHAMPTON_WALSALL,Class_730,3
24/01/2026,10:35,NORTHAMPTON_BIRMINGHAM_NEW_STREET,Class_350,5
24/01/2026,09:38,NORTHAMPTON_BIRMINGHAM_NEW_STREET,Class_350,5
24/01/2026,07:54,NORTHAMPTON_BIRMINGHAM_NEW_STREET,Class_350,5
24/01/2026,06:33,NORTHAMPTON_BIRMINGHAM_NEW_STREET,Class_350,5
24/01/2026,05:46,NORTHAMPTON_BIRMINGHAM_NEW_STREET,Class_350,5
24/01/2026,05:09,NORTHAMPTON_BIRMINGHAM_NEW_STREET,Class_350,5
24/01/2026,22:06,BIRMINGHAM_INTERNATIONAL_RUGELEY_TRENT_VALLEY,Class_730,3
24/01/2026,21:35,BIRMINGHAM_INTERNATIONAL_RUGELEY_TRENT_VALLEY,Class_730,3
24/01/2026,21:15,BIRMINGHAM_INTERNATIONAL_RUGELEY_TRENT_VALLEY,Class_730,3
24/01/2026,20:51,BIRMINGHAM_INTERNATIONAL_RUGELEY_TRENT_VALLEY,Class_730,3
24/01/2026,20:12,BIRMINGHAM_INTERNATIONAL_RUGELEY_TRENT_VALLEY,Class_730,3
24/01/2026,19:32,BIRMINGHAM_INTERNATIONAL_RUGELEY_TRENT_VALLEY,Class_730,3
24/01/2026,19:04,BIRMINGHAM_INTERNATIONAL_RUGELEY_TRENT_VALLEY,Class_730,3
24/01/2026,11:36,NORTHAMPTON_BIRMINGHAM_NEW_STREET,Class_350,5
24/01/2026,18:11,BIRMINGHAM_INTERNATIONAL_RUGELEY_TRENT_VALLEY,Class_730,3
24/01/2026,17:14,BIRMINGHAM_INTERNATIONAL_RUGELEY_TRENT_VALLEY,Class_730,3
24/01/2026,16:39,BIRMINGHAM_INTERNATIONAL_RUGELEY_TRENT_VALLEY,Class_730,3
24/01/2026,16:01,BIRMINGHAM_INTERNATIONAL_RUGELEY_TRENT_VALLEY,Class_730,3
24/01/2026,15:26,BIRMINGHAM_INTERNATIONAL_RUGELEY_TRENT_VALLEY,Class_730,3
24/01/2026,14:36,BIRMINGHAM_INTERNATIONAL_RUGELEY_TRENT_VALLEY,Class_730,3
24/01/2026,14:15,BIRMINGHAM_INTERNATIONAL_RUGELEY_TRENT_VALLEY,Class_730,3
24/01/2026,13:45,BIRMINGHAM_INTERNATIONAL_RUGELEY_TRENT_VALLEY,Class_730,3
24/01/2026,13:24,BIRMINGHAM_INTERNATIONAL_RUGELEY_TRENT_VALLEY,Class_730,3
24/01/2026,12:44,BIRMINGHAM_INTERNATIONAL_RUGELEY_TRENT_VALLEY,Class_730,3
24/01/2026,12:11,BIRMINGHAM_INTERNATIONAL_RUGELEY_TRENT_VALLEY,Class_730,3
24/01/2026,11:30,BIRMINGHAM_INTERNATIONAL_RUGELEY_TRENT_VALLEY,Class_730,3
24/01/2026,11:10,BIRMINGHAM_INTERNATIONAL_RUGELEY_TRENT_VALLEY,Class_730,3
24/01/2026,10:34,BIRMINGHAM_INTERNATIONAL_RUGELEY_TRENT_VALLEY,Class_730,3
24/01/2026,17:37,BIRMINGHAM_INTERNATIONAL_RUGELEY_TRENT_VALLEY,Class_730,3
24/01/2026,09:36,BIRMINGHAM_INTERNATIONAL_RUGELEY_TRENT_VALLEY,Class_730,3
24/01/2026,12:35,NORTHAMPTON_BIRMINGHAM_NEW_STREET,Class_350,5
24/01/2026,14:48,NORTHAMPTON_BIRMINGHAM_NEW_STREET,Class_350,5
24/01/2026,06:38,WOLVERHAMPTON_WALSALL,Class_730,3
24/01/2026,06:23,WOLVERHAMPTON_WALSALL,Class_730,3
24/01/2026,06:04,WOLVERHAMPTON_WALSALL,Class_730,3
24/01/2026,05:23,WOLVERHAMPTON_WALSALL,Class_730,3
24/01/2026,05:12,WOLVERHAMPTON_WALSALL,Class_730,3
24/01/2026,23:00,BIRMINGHAM_NEW_STREET_NORTHAMPTON,Class_350,8
24/01/2026,22:12,BIRMINGHAM_NEW_STREET_NORTHAMPTON,Class_350,8
24/01/2026,21:27,BIRMINGHAM_NEW_STREET_NORTHAMPTON,Class_350,8
24/01/2026,20:35,BIRMINGHAM_NEW_STREET_NORTHAMPTON,Class_350,8
24/01/2026,19:20,BIRMINGHAM_NEW_STREET_NORTHAMPTON,Class_350,8
24/01/2026,17:55,BIRMINGHAM_NEW_STREET_NORTHAMPTON,Class_350,8
24/01/2026,16:59,BIRMINGHAM_NEW_STREET_NORTHAMPTON,Class_350,8
24/01/2026,15:42,BIRMINGHAM_NEW_STREET_NORTHAMPTON,Class_350,8
24/01/2026,13:45,NORTHAMPTON_BIRMINGHAM_NEW_STREET,Class_350,5
24/01/2026,14:33,BIRMINGHAM_NEW_STREET_NORTHAMPTON,Class_350,8
24/01/2026,12:27,BIRMINGHAM_NEW_STREET_NORTHAMPTON,Class_350,8
24/01/2026,11:19,BIRMINGHAM_NEW_STREET_NORTHAMPTON,Class_350,8
24/01/2026,10:22,BIRMINGHAM_NEW_STREET_NORTHAMPTON,Class_350,8
24/01/2026,09:18,BIRMINGHAM_NEW_STREET_NORTHAMPTON,Class_350,8
24/01/2026,07:45,BIRMINGHAM_NEW_STREET_NORTHAMPTON,Class_350,8
24/01/2026,06:25,BIRMINGHAM_NEW_STREET_NORTHAMPTON,Class_350,8
24/01/2026,22:24,NORTHAMPTON_BIRMINGHAM_NEW_STREET,Class_350,5
24/01/2026,21:30,NORTHAMPTON_BIRMINGHAM_NEW_STREET,Class_350,5
24/01/2026,20:45,NORTHAMPTON_BIRMINGHAM_NEW_STREET,Class_350,5
24/01/2026,19:26,NORTHAMPTON_BIRMINGHAM_NEW_STREET,Class_350,5
24/01/2026,18:09,NORTHAMPTON_BIRMINGHAM_NEW_STREET,Class_350,5
24/01/2026,17:11,NORTHAMPTON_BIRMINGHAM_NEW_STREET,Class_350,5
24/01/2026,15:57,NORTHAMPTON_BIRMINGHAM_NEW_STREET,Class_350,5
24/01/2026,13:28,BIRMINGHAM_NEW_STREET_NORTHAMPTON,Class_350,8
24/01/2026,11:59,CROSS_CITY_LINE_B,Class_730,6
24/01/2026,21:15,DORRIDGE_BIRMINGHAM_SNOW_HILL,Class_168,6
24/01/2026,11:11,CROSS_CITY_LINE_B,Class_730,6
24/01/2026,19:25,DORRIDGE_BIRMINGHAM_MOOR_STREET,Class_168,6
24/01/2026,18:40,DORRIDGE_BIRMINGHAM_MOOR_STREET,Class_168,6
24/01/2026,18:04,DORRIDGE_BIRMINGHAM_MOOR_STREET,Class_168,6
24/01/2026,17:34,DORRIDGE_BIRMINGHAM_MOOR_STREET,Class_168,6
24/01/2026,17:04,DORRIDGE_BIRMINGHAM_MOOR_STREET,Class_168,6
24/01/2026,16:25,DORRIDGE_BIRMINGHAM_MOOR_STREET,Class_168,6
24/01/2026,15:54,DORRIDGE_BIRMINGHAM_MOOR_STREET,Class_168,6
24/01/2026,15:15,DORRIDGE_BIRMINGHAM_MOOR_STREET,Class_168,6
24/01/2026,14:46,DORRIDGE_BIRMINGHAM_MOOR_STREET,Class_168,6
24/01/2026,14:11,DORRIDGE_BIRMINGHAM_MOOR_STREET,Class_168,6
24/01/2026,13:45,DORRIDGE_BIRMINGHAM_MOOR_STREET,Class_168,6
24/01/2026,13:10,DORRIDGE_BIRMINGHAM_MOOR_STREET,Class_168,6
24/01/2026,12:28,DORRIDGE_BIRMINGHAM_MOOR_STREET,Class_168,6
24/01/2026,12:00,DORRIDGE_BIRMINGHAM_MOOR_STREET,Class_168,6
24/01/2026,11:29,DORRIDGE_BIRMINGHAM_MOOR_STREET,Class_168,6
24/01/2026,11:06,DORRIDGE_BIRMINGHAM_MOOR_STREET,Class_168,6
24/01/2026,10:32,DORRIDGE_BIRMINGHAM_MOOR_STREET,Class_168,6
24/01/2026,09:56,DORRIDGE_BIRMINGHAM_MOOR_STREET,Class_168,6
24/01/2026,09:30,DORRIDGE_BIRMINGHAM_MOOR_STREET,Class_168,6
24/01/2026,08:33,DORRIDGE_BIRMINGHAM_MOOR_STREET,Class_168,6
24/01/2026,07:56,DORRIDGE_BIRMINGHAM_MOOR_STREET,Class_168,6
24/01/2026,07:02,DORRIDGE_BIRMINGHAM_MOOR_STREET,Class_168,6
24/01/2026,06:27,DORRIDGE_BIRMINGHAM_MOOR_STREET,Class_168,6
24/01/2026,06:13,DORRIDGE_BIRMINGHAM_MOOR_STREET,Class_168,6
24/01/2026,05:39,DORRIDGE_BIRMINGHAM_MOOR_STREET,Class_168,6
24/01/2026,23:28,BIRMINGHAM_MOOR_STREET_DORRIDGE,Class_168,6
24/01/2026,23:11,BIRMINGHAM_MOOR_STREET_DORRIDGE,Class_168,6
24/01/2026,20:06,DORRIDGE_BIRMINGHAM_MOOR_STREET,Class_168,6
24/01/2026,20:51,DORRIDGE_BIRMINGHAM_MOOR_STREET,Class_168,6
24/01/2026,21:03,DORRIDGE_BIRMINGHAM_MOOR_STREET,Class_168,6
24/01/2026,21:29,DORRIDGE_BIRMINGHAM_MOOR_STREET,Class_168,6
24/01/2026,16:30,DORRIDGE_BIRMINGHAM_SNOW_HILL,Class_168,6
24/01/2026,15:27,DORRIDGE_BIRMINGHAM_SNOW_HILL,Class_168,6
24/01/2026,14:16,DORRIDGE_BIRMINGHAM_SNOW_HILL,Class_168,6
24/01/2026,13:20,DORRIDGE_BIRMINGHAM_SNOW_HILL,Class_168,6
24/01/2026,12:12,DORRIDGE_BIRMINGHAM_SNOW_HILL,Class_168,6
24/01/2026,11:04,DORRIDGE_BIRMINGHAM_SNOW_HILL,Class_168,6
24/01/2026,09:59,DORRIDGE_BIRMINGHAM_SNOW_HILL,Class_168,6
24/01/2026,08:40,DORRIDGE_BIRMINGHAM_SNOW_HILL,Class_168,6
24/01/2026,23:20,BIRMINGHAM_SNOW_HILL_DORRIDGE,Class_168,6
24/01/2026,22:32,BIRMINGHAM_SNOW_HILL_DORRIDGE,Class_168,6
24/01/2026,21:52,BIRMINGHAM_SNOW_HILL_DORRIDGE,Class_168,6
24/01/2026,21:04,BIRMINGHAM_SNOW_HILL_DORRIDGE,Class_168,6
24/01/2026,20:03,BIRMINGHAM_SNOW_HILL_DORRIDGE,Class_168,6
24/01/2026,22:43,BIRMINGHAM_MOOR_STREET_DORRIDGE,Class_168,6
24/01/2026,18:39,BIRMINGHAM_SNOW_HILL_DORRIDGE,Class_168,6
24/01/2026,16:23,BIRMINGHAM_SNOW_HILL_DORRIDGE,Class_168,6
24/01/2026,15:09,BIRMINGHAM_SNOW_HILL_DORRIDGE,Class_168,6
24/01/2026,13:52,BIRMINGHAM_SNOW_HILL_DORRIDGE,Class_168,6
24/01/2026,13:06,BIRMINGHAM_SNOW_HILL_DORRIDGE,Class_168,6
24/01/2026,11:49,BIRMINGHAM_SNOW_HILL_DORRIDGE,Class_168,6
24/01/2026,10:58,BIRMINGHAM_SNOW_HILL_DORRIDGE,Class_168,6
24/01/2026,09:54,BIRMINGHAM_SNOW_HILL_DORRIDGE,Class_168,6
24/01/2026,08:30,BIRMINGHAM_SNOW_HILL_DORRIDGE,Class_168,6
24/01/2026,23:29,DORRIDGE_BIRMINGHAM_MOOR_STREET,Class_168,6
24/01/2026,23:10,DORRIDGE_BIRMINGHAM_MOOR_STREET,Class_168,6
24/01/2026,22:44,DORRIDGE_BIRMINGHAM_MOOR_STREET,Class_168,6
24/01/2026,22:16,DORRIDGE_BIRMINGHAM_MOOR_STREET,Class_168,6
24/01/2026,22:00,DORRIDGE_BIRMINGHAM_MOOR_STREET,Class_168,6
24/01/2026,17:31,BIRMINGHAM_SNOW_HILL_DORRIDGE,Class_168,6
24/01/2026,17:37,DORRIDGE_BIRMINGHAM_SNOW_HILL,Class_168,6
24/01/2026,22:20,BIRMINGHAM_MOOR_STREET_DORRIDGE,Class_168,6
24/01/2026,21:27,BIRMINGHAM_MOOR_STREET_DORRIDGE,Class_168,6
24/01/2026,21:01,WOLVERHAMPTON_BIRMINGHAM_INTERNATIONAL,Class_158,2
24/01/2026,19:51,WOLVERHAMPTON_BIRMINGHAM_INTERNATIONAL,Class_158,2
24/01/2026,18:22,WOLVERHAMPTON_BIRMINGHAM_INTERNATIONAL,Class_158,2
24/01/2026,17:34,WOLVERHAMPTON_BIRMINGHAM_INTERNATIONAL,Class_158,2
24/01/2026,16:23,WOLVERHAMPTON_BIRMINGHAM_INTERNATIONAL,Class_158,2
24/01/2026,15:06,WOLVERHAMPTON_BIRMINGHAM_INTERNATIONAL,Class_158,2
24/01/2026,13:57,WOLVERHAMPTON_BIRMINGHAM_INTERNATIONAL,Class_158,2
24/01/2026,13:08,WOLVERHAMPTON_BIRMINGHAM_INTERNATIONAL,Class_158,2
24/01/2026,11:52,WOLVERHAMPTON_BIRMINGHAM_INTERNATIONAL,Class_158,2
24/01/2026,10:47,WOLVERHAMPTON_BIRMINGHAM_INTERNATIONAL,Class_158,2
24/01/2026,09:51,WOLVERHAMPTON_BIRMINGHAM_INTERNATIONAL,Class_158,2
24/01/2026,06:39,WOLVERHAMPTON_BIRMINGHAM_INTERNATIONAL,Class_158,2
24/01/2026,06:12,WOLVERHAMPTON_BIRMINGHAM_INTERNATIONAL,Class_158,2
24/01/2026,05:12,WOLVERHAMPTON_BIRMINGHAM_INTERNATIONAL,Class_158,2
24/01/2026,20:00,BIRMINGHAM_INTERNATIONA_WOLVERHAMPTON,Class_158,2
24/01/2026,18:29,BIRMINGHAM_INTERNATIONA_WOLVERHAMPTON,Class_158,2
24/01/2026,17:27,BIRMINGHAM_INTERNATIONA_WOLVERHAMPTON,Class_158,2
24/01/2026,16:19,BIRMINGHAM_INTERNATIONA_WOLVERHAMPTON,Class_158,2
24/01/2026,15:08,BIRMINGHAM_INTERNATIONA_WOLVERHAMPTON,Class_158,2
24/01/2026,13:52,BIRMINGHAM_INTERNATIONA_WOLVERHAMPTON,Class_158,2
24/01/2026,13:00,BIRMINGHAM_INTERNATIONA_WOLVERHAMPTON,Class_158,2
24/01/2026,11:53,BIRMINGHAM_INTERNATIONA_WOLVERHAMPTON,Class_158,2
24/01/2026,10:44,BIRMINGHAM_INTERNATIONA_WOLVERHAMPTON,Class_158,2
24/01/2026,09:51,BIRMINGHAM_INTERNATIONA_WOLVERHAMPTON,Class_158,2
24/01/2026,08:27,BIRMINGHAM_INTERNATIONA_WOLVERHAMPTON,Class_158,2
24/01/2026,06:38,BIRMINGHAM_INTERNATIONA_WOLVERHAMPTON,Class_158,2
24/01/2026,06:08,BIRMINGHAM_INTERNATIONA_WOLVERHAMPTON,Class_158,2
24/01/2026,21:54,WOLVERHAMPTON_BIRMINGHAM_INTERNATIONAL,Class_158,2
24/01/2026,22:41,WOLVERHAMPTON_BIRMINGHAM_INTERNATIONAL,Class_158,2
24/01/2026,05:02,BIRMINGHAM_MOOR_STREET_DORRIDGE,Class_168,6
24/01/2026,05:08,BIRMINGHAM_MOOR_STREET_DORRIDGE,Class_168,6
24/01/2026,21:02,BIRMINGHAM_MOOR_STREET_DORRIDGE,Class_168,6
24/01/2026,20:44,BIRMINGHAM_MOOR_STREET_DORRIDGE,Class_168,6
24/01/2026,20:05,BIRMINGHAM_MOOR_STREET_DORRIDGE,Class_168,6
24/01/2026,19:22,BIRMINGHAM_MOOR_STREET_DORRIDGE,Class_168,6
24/01/2026,18:34,BIRMINGHAM_MOOR_STREET_DORRIDGE,Class_168,6
24/01/2026,18:02,BIRMINGHAM_MOOR_STREET_DORRIDGE,Class_168,6
24/01/2026,17:37,BIRMINGHAM_MOOR_STREET_DORRIDGE,Class_168,6
24/01/2026,17:06,BIRMINGHAM_MOOR_STREET_DORRIDGE,Class_168,6
24/01/2026,16:27,BIRMINGHAM_MOOR_STREET_DORRIDGE,Class_168,6
24/01/2026,15:18,BIRMINGHAM_MOOR_STREET_DORRIDGE,Class_168,6
24/01/2026,14:34,BIRMINGHAM_MOOR_STREET_DORRIDGE,Class_168,6
24/01/2026,14:01,BIRMINGHAM_MOOR_STREET_DORRIDGE,Class_168,6
24/01/2026,13:37,BIRMINGHAM_MOOR_STREET_DORRIDGE,Class_168,6
24/01/2026,22:00,BIRMINGHAM_MOOR_STREET_DORRIDGE,Class_168,6
24/01/2026,13:10,BIRMINGHAM_MOOR_STREET_DORRIDGE,Class_168,6
24/01/2026,11:58,BIRMINGHAM_MOOR_STREET_DORRIDGE,Class_168,6
24/01/2026,11:23,BIRMINGHAM_MOOR_STREET_DORRIDGE,Class_168,6
24/01/2026,10:59,BIRMINGHAM_MOOR_STREET_DORRIDGE,Class_168,6
24/01/2026,10:29,BIRMINGHAM_MOOR_STREET_DORRIDGE,Class_168,6
24/01/2026,09:58,BIRMINGHAM_MOOR_STREET_DORRIDGE,Class_168,6
24/01/2026,09:23,BIRMINGHAM_MOOR_STREET_DORRIDGE,Class_168,6
24/01/2026,08:36,BIRMINGHAM_MOOR_STREET_DORRIDGE,Class_168,6
24/01/2026,07:51,BIRMINGHAM_MOOR_STREET_DORRIDGE,Class_168,6
24/01/2026,07:03,BIRMINGHAM_MOOR_STREET_DORRIDGE,Class_168,6
24/01/2026,06:28,BIRMINGHAM_MOOR_STREET_DORRIDGE,Class_168,6
24/01/2026,06:13,BIRMINGHAM_MOOR_STREET_DORRIDGE,Class_168,6
24/01/2026,05:39,BIRMINGHAM_MOOR_STREET_DORRIDGE,Class_168,6
24/01/2026,05:18,BIRMINGHAM_MOOR_STREET_DORRIDGE,Class_168,6
24/01/2026,12:30,BIRMINGHAM_MOOR_STREET_DORRIDGE,Class_168,6
24/01/2026,18:55,DORRIDGE_BIRMINGHAM_SNOW_HILL,Class_168,6
24/01/2026,15:51,BIRMINGHAM_MOOR_STREET_DORRIDGE,Class_168,6
24/01/2026,11:28,CROSS_CITY_LINE_B,Class_730,6
24/01/2026,11:48,CROSS_CITY_LINE_A,Class_730,6
24/01/2026,11:22,CROSS_CITY_LINE_A,Class_730,6
24/01/2026,10:47,CROSS_CITY_LINE_A,Class_730,6
24/01/2026,10:28,CROSS_CITY_LINE_A,Class_730,6
24/01/2026,09:50,CROSS_CITY_LINE_A,Class_730,6
24/01/2026,09:19,CROSS_CITY_LINE_A,Class_730,6
24/01/2026,08:26,CROSS_CITY_LINE_A,Class_730,6
24/01/2026,07:46,CROSS_CITY_LINE_A,Class_730,6
24/01/2026,06:44,CROSS_CITY_LINE_A,Class_730,6
24/01/2026,06:23,CROSS_CITY_LINE_A,Class_730,6
24/01/2026,06:08,CROSS_CITY_LINE_A,Class_730,6
24/01/2026,05:37,CROSS_CITY_LINE_A,Class_730,6
24/01/2026,05:15,CROSS_CITY_LINE_A,Class_730,6
24/01/2026,22:05,COVENTRY_STAFFORD,Class_390,11
24/01/2026,21:16,COVENTRY_STAFFORD,Class_390,11
24/01/2026,20:22,COVENTRY_STAFFORD,Class_390,11
24/01/2026,18:45,COVENTRY_STAFFORD,Class_390,11
24/01/2026,17:38,COVENTRY_STAFFORD,Class_390,11
24/01/2026,16:45,COVENTRY_STAFFORD,Class_390,11
24/01/2026,15:30,COVENTRY_STAFFORD,Class_390,11
24/01/2026,14:04,COVENTRY_STAFFORD,Class_390,11
24/01/2026,13:20,COVENTRY_STAFFORD,Class_390,11
24/01/2026,12:13,COVENTRY_STAFFORD,Class_390,11
24/01/2026,11:11,COVENTRY_STAFFORD,Class_390,11
24/01/2026,10:06,COVENTRY_STAFFORD,Class_390,11
24/01/2026,09:06,COVENTRY_STAFFORD,Class_390,11
24/01/2026,07:31,COVENTRY_STAFFORD,Class_390,11
24/01/2026,12:24,CROSS_CITY_LINE_A,Class_730,6
24/01/2026,13:02,CROSS_CITY_LINE_A,Class_730,6
24/01/2026,13:30,CROSS_CITY_LINE_A,Class_730,6
24/01/2026,13:52,CROSS_CITY_LINE_A,Class_730,6
24/01/2026,20:23,DORRIDGE_BIRMINGHAM_SNOW_HILL,Class_168,6
24/01/2026,10:34,CROSS_CITY_LINE_B,Class_730,6
24/01/2026,10:04,CROSS_CITY_LINE_B,Class_730,6
24/01/2026,09:31,CROSS_CITY_LINE_B,Class_730,6
24/01/2026,08:57,CROSS_CITY_LINE_B,Class_730,6
24/01/2026,08:06,CROSS_CITY_LINE_B,Class_730,6
24/01/2026,07:17,CROSS_CITY_LINE_B,Class_730,6
24/01/2026,06:31,CROSS_CITY_LINE_B,Class_730,6
24/01/2026,06:16,CROSS_CITY_LINE_B,Class_730,6
24/01/2026,05:55,CROSS_CITY_LINE_B,Class_730,6
24/01/2026,05:23,CROSS_CITY_LINE_B,Class_730,6
24/01/2026,23:18,CROSS_CITY_LINE_A,Class_730,6
24/01/2026,23:10,CROSS_CITY_LINE_A,Class_730,6
24/01/2026,06:18,COVENTRY_STAFFORD,Class_390,11
24/01/2026,22:29,CROSS_CITY_LINE_A,Class_730,6
24/01/2026,21:45,CROSS_CITY_LINE_A,Class_730,6
24/01/2026,21:27,CROSS_CITY_LINE_A,Class_730,6
24/01/2026,20:57,CROSS_CITY_LINE_A,Class_730,6
24/01/2026,20:32,CROSS_CITY_LINE_A,Class_730,6
24/01/2026,19:46,CROSS_CITY_LINE_A,Class_730,6
24/01/2026,19:21,CROSS_CITY_LINE_A,Class_730,6
24/01/2026,18:30,CROSS_CITY_LINE_A,Class_730,6
24/01/2026,18:01,CROSS_CITY_LINE_A,Class_730,6
24/01/2026,17:27,CROSS_CITY_LINE_A,Class_730,6
24/01/2026,17:02,CROSS_CITY_LINE_A,Class_730,6
24/01/2026,16:21,CROSS_CITY_LINE_A,Class_730,6
24/01/2026,15:05,CROSS_CITY_LINE_A,Class_730,6
24/01/2026,14:28,CROSS_CITY_LINE_A,Class_730,6
24/01/2026,22:13,CROSS_CITY_LINE_A,Class_730,6
24/01/2026,22:49,STAFFORD_COVENTRY,Class_390,11
24/01/2026,15:45,CROSS_CITY_LINE_A,Class_730,6
24/01/2026,21:13,STAFFORD_COVENTRY,Class_390,11
24/01/2026,07:38,RUGBY_BIRMINGHAM_NEW_STREET,Class_390,7
24/01/2026,20:23,BIRMINGHAM_NEW_STREET_RUGBY,Class_390,7
24/01/2026,19:00,BIRMINGHAM_NEW_STREET_RUGBY,Class_390,7
24/01/2026,17:39,BIRMINGHAM_NEW_STREET_RUGBY,Class_390,7
24/01/2026,16:40,BIRMINGHAM_NEW_STREET_RUGBY,Class_390,7
24/01/2026,15:32,BIRMINGHAM_NEW_STREET_RUGBY,Class_390,7
24/01/2026,14:18,BIRMINGHAM_NEW_STREET_RUGBY,Class_390,7
24/01/2026,13:16,BIRMINGHAM_NEW_STREET_RUGBY,Class_390,7
24/01/2026,12:10,BIRMINGHAM_NEW_STREET_RUGBY,Class_390,7
24/01/2026,11:09,BIRMINGHAM_NEW_STREET_RUGBY,Class_390,7
24/01/2026,10:01,BIRMINGHAM_NEW_STREET_RUGBY,Class_390,7
24/01/2026,09:12,BIRMINGHAM_NEW_STREET_RUGBY,Class_390,7
24/01/2026,07:26,BIRMINGHAM_NEW_STREET_RUGBY,Class_390,7
24/01/2026,08:31,RUGBY_BIRMINGHAM_NEW_STREET,Class_390,7
24/01/2026,22:52,RUGBY_WOLVERHAMPTON,Class_390,11
24/01/2026,20:10,RUGBY_WOLVERHAMPTON,Class_390,11
24/01/2026,05:40,WOLVERHAMPTON_COVENTRY,Class_390,11
24/01/2026,05:21,WOLVERHAMPTON_COVENTRY,Class_390,11
24/01/2026,05:04,WOLVERHAMPTON_COVENTRY,Class_390,11
24/01/2026,05:03,WOLVERHAMPTON_COVENTRY,Class_390,11
24/01/2026,23:13,DORRIDGE_STOURBRIDGE_JUNCTION,Class_168,6
24/01/2026,21:13,DORRIDGE_STOURBRIDGE_JUNCTION,Class_168,6
24/01/2026,18:34,DORRIDGE_STOURBRIDGE_JUNCTION,Class_168,6
24/01/2026,05:21,STOURBRIDGE_JUNCTION_DORRIDGE,Class_168,6
24/01/2026,23:35,DORRIDGE_BIRMINGHAM_SNOW_HILL,Class_168,6
24/01/2026,22:49,DORRIDGE_BIRMINGHAM_SNOW_HILL,Class_168,6
24/01/2026,22:04,STAFFORD_COVENTRY,Class_390,11
24/01/2026,22:01,DORRIDGE_BIRMINGHAM_SNOW_HILL,Class_168,6
24/01/2026,21:04,RUGBY_WOLVERHAMPTON,Class_390,11
24/01/2026,09:44,RUGBY_BIRMINGHAM_NEW_STREET,Class_390,7
24/01/2026,06:20,BIRMINGHAM_NEW_STREET_RUGBY,Class_390,7
24/01/2026,10:42,RUGBY_BIRMINGHAM_NEW_STREET,Class_390,7
24/01/2026,20:27,STAFFORD_COVENTRY,Class_390,11
24/01/2026,19:08,STAFFORD_COVENTRY,Class_390,11
24/01/2026,09:57,RUGBY_BIRMINGHAM_NEW_STREET,Class_390,7
24/01/2026,17:46,STAFFORD_COVENTRY,Class_390,11
24/01/2026,16:32,STAFFORD_COVENTRY,Class_390,11
24/01/2026,15:32,STAFFORD_COVENTRY,Class_390,11
24/01/2026,14:11,STAFFORD_COVENTRY,Class_390,11
24/01/2026,13:23,STAFFORD_COVENTRY,Class_390,11
24/01/2026,12:11,STAFFORD_COVENTRY,Class_390,11
24/01/2026,10:13,STAFFORD_COVENTRY,Class_390,11
24/01/2026,09:10,STAFFORD_COVENTRY,Class_390,11
24/01/2026,07:35,STAFFORD_COVENTRY,Class_390,11
24/01/2026,06:21,STAFFORD_COVENTRY,Class_390,11
24/01/2026,18:57,RUGBY_BIRMINGHAM_NEW_STREET,Class_390,7
24/01/2026,11:12,STAFFORD_COVENTRY,Class_390,11
24/01/2026,13:46,RUGBY_BIRMINGHAM_NEW_STREET,Class_390,7
24/01/2026,17:36,RUGBY_BIRMINGHAM_NEW_STREET,Class_390,7
24/01/2026,17:16,RUGBY_BIRMINGHAM_NEW_STREET,Class_390,7
24/01/2026,16:25,RUGBY_BIRMINGHAM_NEW_STREET,Class_390,7
24/01/2026,16:10,RUGBY_BIRMINGHAM_NEW_STREET,Class_390,7
24/01/2026,15:09,RUGBY_BIRMINGHAM_NEW_STREET,Class_390,7
24/01/2026,14:52,RUGBY_BIRMINGHAM_NEW_STREET,Class_390,7
24/01/2026,14:09,RUGBY_BIRMINGHAM_NEW_STREET,Class_390,7
24/01/2026,11:43,RUGBY_BIRMINGHAM_NEW_STREET,Class_390,7
24/01/2026,13:11,RUGBY_BIRMINGHAM_NEW_STREET,Class_390,7
24/01/2026,12:45,RUGBY_BIRMINGHAM_NEW_STREET,Class_390,7
24/01/2026,11:07,RUGBY_BIRMINGHAM_NEW_STREET,Class_390,7
24/01/2026,12:09,RUGBY_BIRMINGHAM_NEW_STREET,Class_390,7
24/01/2026,18:14,RUGBY_BIRMINGHAM_NEW_STREET,Class_390,7
25/01/2026,22:31,WOLVERHAMPTON_BIRMINGHAM_INTERNATIONAL,Class_158,2
25/01/2026,23:00,WOLVERHAMPTON_BIRMINGHAM_INTERNATIONAL,Class_158,2
25/01/2026,20:37,BIRMINGHAM_INTERNATIONA_WOLVERHAMPTON,Class_158,2
25/01/2026,05:07,BIRMINGHAM_MOOR_STREET_DORRIDGE,Class_168,6
25/01/2026,06:24,BIRMINGHAM_MOOR_STREET_DORRIDGE,Class_168,6
25/01/2026,04:58,BIRMINGHAM_MOOR_STREET_DORRIDGE,Class_168,6
25/01/2026,21:41,WOLVERHAMPTON_BIRMINGHAM_INTERNATIONAL,Class_158,2
25/01/2026,07:15,WOLVERHAMPTON_BIRMINGHAM_INTERNATIONAL,Class_158,2
25/01/2026,17:25,WOLVERHAMPTON_BIRMINGHAM_INTERNATIONAL,Class_158,2
25/01/2026,16:40,WOLVERHAMPTON_BIRMINGHAM_INTERNATIONAL,Class_158,2
25/01/2026,12:40,WOLVERHAMPTON_BIRMINGHAM_INTERNATIONAL,Class_158,2
25/01/2026,06:14,WOLVERHAMPTON_BIRMINGHAM_INTERNATIONAL,Class_158,2
25/01/2026,19:05,BIRMINGHAM_INTERNATIONA_WOLVERHAMPTON,Class_158,2
25/01/2026,07:04,BIRMINGHAM_MOOR_STREET_DORRIDGE,Class_168,6
25/01/2026,05:12,WOLVERHAMPTON_BIRMINGHAM_INTERNATIONAL,Class_158,2
25/01/2026,19:20,WOLVERHAMPTON_BIRMINGHAM_INTERNATIONAL,Class_158,2
25/01/2026,07:16,BIRMINGHAM_MOOR_STREET_DORRIDGE,Class_168,6
25/01/2026,19:52,BIRMINGHAM_MOOR_STREET_DORRIDGE,Class_168,6
25/01/2026,09:08,BIRMINGHAM_MOOR_STREET_DORRIDGE,Class_168,6
25/01/2026,22:35,BIRMINGHAM_MOOR_STREET_DORRIDGE,Class_168,6
25/01/2026,17:29,BIRMINGHAM_INTERNATIONA_WOLVERHAMPTON,Class_158,2
25/01/2026,23:23,BIRMINGHAM_MOOR_STREET_DORRIDGE,Class_168,6
25/01/2026,22:16,BIRMINGHAM_MOOR_STREET_DORRIDGE,Class_168,6
25/01/2026,21:33,BIRMINGHAM_MOOR_STREET_DORRIDGE,Class_168,6
25/01/2026,19:22,BIRMINGHAM_MOOR_STREET_DORRIDGE,Class_168,6
25/01/2026,18:15,BIRMINGHAM_MOOR_STREET_DORRIDGE,Class_168,6
25/01/2026,18:09,BIRMINGHAM_MOOR_STREET_DORRIDGE,Class_168,6
25/01/2026,16:16,BIRMINGHAM_MOOR_STREET_DORRIDGE,Class_168,6
25/01/2026,14:00,BIRMINGHAM_MOOR_STREET_DORRIDGE,Class_168,6
25/01/2026,13:47,BIRMINGHAM_MOOR_STREET_DORRIDGE,Class_168,6
25/01/2026,13:24,BIRMINGHAM_MOOR_STREET_DORRIDGE,Class_168,6
25/01/2026,12:09,BIRMINGHAM_MOOR_STREET_DORRIDGE,Class_168,6
25/01/2026,11:21,BIRMINGHAM_MOOR_STREET_DORRIDGE,Class_168,6
25/01/2026,10:31,BIRMINGHAM_MOOR_STREET_DORRIDGE,Class_168,6
25/01/2026,08:27,BIRMINGHAM_MOOR_STREET_DORRIDGE,Class_168,6
25/01/2026,16:39,BIRMINGHAM_INTERNATIONA_WOLVERHAMPTON,Class_158,2
25/01/2026,17:44,WOLVERHAMPTON_WALSALL,Class_730,3
25/01/2026,08:09,BIRMINGHAM_INTERNATIONA_WOLVERHAMPTON,Class_158,2
25/01/2026,06:11,WALSALL_WOLVERHAMPTON,Class_732,3
25/01/2026,05:38,WALSALL_WOLVERHAMPTON,Class_731,3
25/01/2026,05:20,WALSALL_WOLVERHAMPTON,Class_730,3
25/01/2026,22:52,WOLVERHAMPTON_WALSALL,Class_730,3
25/01/2026,22:25,WOLVERHAMPTON_WALSALL,Class_730,3
25/01/2026,21:02,WOLVERHAMPTON_WALSALL,Class_730,3
25/01/2026,20:32,WOLVERHAMPTON_WALSALL,Class_730,3
25/01/2026,18:59,WOLVERHAMPTON_WALSALL,Class_730,3
25/01/2026,17:09,WOLVERHAMPTON_WALSALL,Class_730,3
25/01/2026,15:45,WOLVERHAMPTON_WALSALL,Class_730,3
25/01/2026,14:28,WOLVERHAMPTON_WALSALL,Class_730,3
25/01/2026,13:48,WOLVERHAMPTON_WALSALL,Class_730,3
25/01/2026,12:58,WOLVERHAMPTON_WALSALL,Class_730,3
25/01/2026,05:50,DORRIDGE_BIRMINGHAM_MOOR_STREET,Class_168,6
25/01/2026,12:22,WOLVERHAMPTON_WALSALL,Class_730,3
25/01/2026,07:10,WALSALL_WOLVERHAMPTON,Class_734,3
25/01/2026,12:28,BIRMINGHAM_INTERNATIONA_WOLVERHAMPTON,Class_158,2
25/01/2026,07:42,WALSALL_WOLVERHAMPTON,Class_735,3
25/01/2026,10:31,WALSALL_WOLVERHAMPTON,Class_739,3
25/01/2026,07:14,BIRMINGHAM_INTERNATIONA_WOLVERHAMPTON,Class_158,2
25/01/2026,06:13,BIRMINGHAM_INTERNATIONA_WOLVERHAMPTON,Class_158,2
25/01/2026,22:46,WALSALL_WOLVERHAMPTON,Class_762,3
25/01/2026,22:28,WALSALL_WOLVERHAMPTON,Class_760,3
25/01/2026,21:10,WALSALL_WOLVERHAMPTON,Class_757,3
25/01/2026,20:36,WALSALL_WOLVERHAMPTON,Class_756,3
25/01/2026,18:46,WALSALL_WOLVERHAMPTON,Class_754,3
25/01/2026,17:48,WALSALL_WOLVERHAMPTON,Class_751,3
25/01/2026,17:09,WALSALL_WOLVERHAMPTON,Class_749,3
25/01/2026,16:02,WALSALL_WOLVERHAMPTON,Class_747,3
25/01/2026,14:41,WALSALL_WOLVERHAMPTON,Class_746,3
25/01/2026,13:57,WALSALL_WOLVERHAMPTON,Class_745,3
25/01/2026,12:59,WALSALL_WOLVERHAMPTON,Class_743,3
25/01/2026,12:16,WALSALL_WOLVERHAMPTON,Class_742,3
25/01/2026,11:42,WALSALL_WOLVERHAMPTON,Class_741,3
25/01/2026,09:34,WALSALL_WOLVERHAMPTON,Class_738,3
25/01/2026,06:22,DORRIDGE_BIRMINGHAM_MOOR_STREET,Class_168,6
25/01/2026,18:45,RUGBY_BIRMINGHAM_NEW_STREET,Class_390,7
25/01/2026,07:54,DORRIDGE_BIRMINGHAM_MOOR_STREET,Class_168,6
25/01/2026,11:32,RUGBY_BIRMINGHAM_NEW_STREET,Class_390,7
25/01/2026,10:05,RUGBY_BIRMINGHAM_NEW_STREET,Class_390,7
25/01/2026,09:10,RUGBY_BIRMINGHAM_NEW_STREET,Class_390,7
25/01/2026,08:18,RUGBY_BIRMINGHAM_NEW_STREET,Class_390,7
25/01/2026,07:39,RUGBY_BIRMINGHAM_NEW_STREET,Class_390,7
25/01/2026,21:00,BIRMINGHAM_NEW_STREET_RUGBY,Class_390,7
25/01/2026,19:38,BIRMINGHAM_NEW_STREET_RUGBY,Class_390,7
25/01/2026,17:32,BIRMINGHAM_NEW_STREET_RUGBY,Class_390,7
25/01/2026,17:05,BIRMINGHAM_NEW_STREET_RUGBY,Class_390,7
25/01/2026,12:51,BIRMINGHAM_NEW_STREET_RUGBY,Class_390,7
25/01/2026,08:35,BIRMINGHAM_NEW_STREET_RUGBY,Class_390,7
25/01/2026,07:35,BIRMINGHAM_NEW_STREET_RUGBY,Class_390,7
25/01/2026,06:43,BIRMINGHAM_NEW_STREET_RUGBY,Class_390,7
25/01/2026,21:40,RUGBY_WOLVERHAMPTON,Class_390,11
25/01/2026,20:47,RUGBY_WOLVERHAMPTON,Class_390,11
25/01/2026,13:40,RUGBY_BIRMINGHAM_NEW_STREET,Class_390,7
25/01/2026,05:56,WOLVERHAMPTON_COVENTRY,Class_390,11
25/01/2026,15:24,RUGBY_BIRMINGHAM_NEW_STREET,Class_390,7
25/01/2026,17:34,RUGBY_BIRMINGHAM_NEW_STREET,Class_390,7
25/01/2026,11:35,WOLVERHAMPTON_WALSALL,Class_730,3
25/01/2026,07:35,COVENTRY_STAFFORD,Class_390,11
25/01/2026,06:38,COVENTRY_STAFFORD,Class_390,11
25/01/2026,23:08,STAFFORD_COVENTRY,Class_390,11
25/01/2026,22:37,STAFFORD_COVENTRY,Class_390,11
25/01/2026,22:03,STAFFORD_COVENTRY,Class_390,11
25/01/2026,19:29,STAFFORD_COVENTRY,Class_390,11
25/01/2026,17:41,STAFFORD_COVENTRY,Class_390,11
25/01/2026,17:03,STAFFORD_COVENTRY,Class_390,11
25/01/2026,12:47,STAFFORD_COVENTRY,Class_390,11
25/01/2026,08:52,STAFFORD_COVENTRY,Class_390,11
25/01/2026,07:16,STAFFORD_COVENTRY,Class_390,11
25/01/2026,06:48,STAFFORD_COVENTRY,Class_390,11
25/01/2026,18:07,RUGBY_BIRMINGHAM_NEW_STREET,Class_390,7
25/01/2026,17:57,RUGBY_BIRMINGHAM_NEW_STREET,Class_390,7
25/01/2026,16:42,RUGBY_BIRMINGHAM_NEW_STREET,Class_390,7
25/01/2026,05:02,WOLVERHAMPTON_COVENTRY,Class_390,11
25/01/2026,22:06,DORRIDGE_STOURBRIDGE_JUNCTION,Class_168,6
25/01/2026,19:27,DORRIDGE_STOURBRIDGE_JUNCTION,Class_168,6
25/01/2026,22:43,DORRIDGE_BIRMINGHAM_MOOR_STREET,Class_168,6
25/01/2026,21:49,DORRIDGE_BIRMINGHAM_MOOR_STREET,Class_168,6
25/01/2026,21:31,DORRIDGE_BIRMINGHAM_MOOR_STREET,Class_168,6
25/01/2026,19:43,DORRIDGE_BIRMINGHAM_MOOR_STREET,Class_168,6
25/01/2026,18:06,DORRIDGE_BIRMINGHAM_MOOR_STREET,Class_168,6
25/01/2026,17:32,DORRIDGE_BIRMINGHAM_MOOR_STREET,Class_168,6
25/01/2026,16:55,DORRIDGE_BIRMINGHAM_MOOR_STREET,Class_168,6
25/01/2026,16:04,DORRIDGE_BIRMINGHAM_MOOR_STREET,Class_168,6
25/01/2026,14:59,DORRIDGE_BIRMINGHAM_MOOR_STREET,Class_168,6
25/01/2026,13:43,DORRIDGE_BIRMINGHAM_MOOR_STREET,Class_168,6
25/01/2026,13:24,DORRIDGE_BIRMINGHAM_MOOR_STREET,Class_168,6
25/01/2026,12:45,DORRIDGE_BIRMINGHAM_MOOR_STREET,Class_168,6
25/01/2026,11:33,DORRIDGE_BIRMINGHAM_MOOR_STREET,Class_168,6
25/01/2026,10:37,DORRIDGE_BIRMINGHAM_MOOR_STREET,Class_168,6
25/01/2026,08:24,DORRIDGE_BIRMINGHAM_MOOR_STREET,Class_168,6
25/01/2026,23:26,DORRIDGE_BIRMINGHAM_MOOR_STREET,Class_168,6
25/01/2026,08:16,BIRMINGHAM_SNOW_HILL_DORRIDGE,Class_168,6
25/01/2026,09:50,BIRMINGHAM_SNOW_HILL_DORRIDGE,Class_168,6
25/01/2026,10:53,BIRMINGHAM_SNOW_HILL_DORRIDGE,Class_168,6
25/01/2026,05:25,STOURBRIDGE_JUNCTION_DORRIDGE,Class_168,6
25/01/2026,23:29,DORRIDGE_BIRMINGHAM_SNOW_HILL,Class_168,6
25/01/2026,23:12,DORRIDGE_BIRMINGHAM_SNOW_HILL,Class_168,6
25/01/2026,21:57,DORRIDGE_BIRMINGHAM_SNOW_HILL,Class_168,6
25/01/2026,19:32,DORRIDGE_BIRMINGHAM_SNOW_HILL,Class_168,6
25/01/2026,18:10,DORRIDGE_BIRMINGHAM_SNOW_HILL,Class_168,6
25/01/2026,15:36,DORRIDGE_BIRMINGHAM_SNOW_HILL,Class_168,6
25/01/2026,06:55,DORRIDGE_BIRMINGHAM_MOOR_STREET,Class_168,6
25/01/2026,11:35,DORRIDGE_BIRMINGHAM_SNOW_HILL,Class_168,6
25/01/2026,09:00,DORRIDGE_BIRMINGHAM_SNOW_HILL,Class_168,6
25/01/2026,23:29,BIRMINGHAM_SNOW_HILL_DORRIDGE,Class_168,6
25/01/2026,23:01,BIRMINGHAM_SNOW_HILL_DORRIDGE,Class_168,6
25/01/2026,21:44,BIRMINGHAM_SNOW_HILL_DORRIDGE,Class_168,6
25/01/2026,19:20,BIRMINGHAM_SNOW_HILL_DORRIDGE,Class_168,6
25/01/2026,17:59,BIRMINGHAM_SNOW_HILL_DORRIDGE,Class_168,6
25/01/2026,14:50,BIRMINGHAM_SNOW_HILL_DORRIDGE,Class_168,6
25/01/2026,10:09,DORRIDGE_BIRMINGHAM_SNOW_HILL,Class_168,6
25/01/2026,10:25,WOLVERHAMPTON_WALSALL,Class_730,3
25/01/2026,09:45,WOLVERHAMPTON_WALSALL,Class_730,3
25/01/2026,07:40,WOLVERHAMPTON_WALSALL,Class_730,3
25/01/2026,10:28,REDDITCH_FOUR_OAKS,Class_730,6
25/01/2026,09:49,REDDITCH_FOUR_OAKS,Class_730,6
25/01/2026,07:45,REDDITCH_FOUR_OAKS,Class_730,6
25/01/2026,07:11,REDDITCH_FOUR_OAKS,Class_730,6
25/01/2026,06:10,REDDITCH_FOUR_OAKS,Class_730,6
25/01/2026,05:46,REDDITCH_FOUR_OAKS,Class_730,6
25/01/2026,05:20,REDDITCH_FOUR_OAKS,Class_730,6
25/01/2026,22:35,CROSS_CITY_LINE_B,Class_730,6
25/01/2026,22:16,CROSS_CITY_LINE_B,Class_730,6
25/01/2026,21:00,CROSS_CITY_LINE_B,Class_730,6
25/01/2026,19:54,CROSS_CITY_LINE_B,Class_730,6
25/01/2026,19:22,CROSS_CITY_LINE_B,Class_730,6
25/01/2026,18:35,CROSS_CITY_LINE_B,Class_730,6
25/01/2026,16:32,CROSS_CITY_LINE_B,Class_730,6
25/01/2026,15:42,CROSS_CITY_LINE_B,Class_730,6
25/01/2026,11:43,REDDITCH_FOUR_OAKS,Class_730,6
25/01/2026,14:17,CROSS_CITY_LINE_B,Class_730,6
25/01/2026,12:14,REDDITCH_FOUR_OAKS,Class_730,6
25/01/2026,13:49,REDDITCH_FOUR_OAKS,Class_730,6
25/01/2026,07:15,FOUR_OAKS_REDDITCH,Class_730,6
25/01/2026,06:56,FOUR_OAKS_REDDITCH,Class_730,6
25/01/2026,05:56,FOUR_OAKS_REDDITCH,Class_730,6
25/01/2026,05:27,FOUR_OAKS_REDDITCH,Class_730,6
25/01/2026,05:07,FOUR_OAKS_REDDITCH,Class_730,6
25/01/2026,23:12,REDDITCH_FOUR_OAKS,Class_730,6
25/01/2026,22:45,REDDITCH_FOUR_OAKS,Class_730,6
25/01/2026,22:09,REDDITCH_FOUR_OAKS,Class_730,6
25/01/2026,21:10,REDDITCH_FOUR_OAKS,Class_730,6
25/01/2026,20:36,REDDITCH_FOUR_OAKS,Class_730,6
25/01/2026,19:03,REDDITCH_FOUR_OAKS,Class_730,6
25/01/2026,17:47,REDDITCH_FOUR_OAKS,Class_730,6
25/01/2026,17:08,REDDITCH_FOUR_OAKS,Class_730,6
25/01/2026,15:55,REDDITCH_FOUR_OAKS,Class_730,6
25/01/2026,14:45,REDDITCH_FOUR_OAKS,Class_730,6
25/01/2026,13:08,REDDITCH_FOUR_OAKS,Class_730,6
25/01/2026,09:06,FOUR_OAKS_REDDITCH,Class_730,6
25/01/2026,13:35,CROSS_CITY_LINE_B,Class_730,6
25/01/2026,12:10,CROSS_CITY_LINE_B,Class_730,6
25/01/2026,12:30,CROSS_CITY_LINE_A,Class_730,6
25/01/2026,11:54,CROSS_CITY_LINE_A,Class_730,6
25/01/2026,09:49,CROSS_CITY_LINE_A,Class_730,6
25/01/2026,07:49,CROSS_CITY_LINE_A,Class_730,6
25/01/2026,07:15,CROSS_CITY_LINE_A,Class_730,6
25/01/2026,06:19,CROSS_CITY_LINE_A,Class_730,6
25/01/2026,05:47,CROSS_CITY_LINE_A,Class_730,6
25/01/2026,05:24,CROSS_CITY_LINE_A,Class_730,6
25/01/2026,22:36,COVENTRY_STAFFORD,Class_390,11
25/01/2026,22:08,COVENTRY_STAFFORD,Class_390,11
25/01/2026,19:39,COVENTRY_STAFFORD,Class_390,11
25/01/2026,17:36,COVENTRY_STAFFORD,Class_390,11
25/01/2026,17:06,COVENTRY_STAFFORD,Class_390,11
25/01/2026,12:56,COVENTRY_STAFFORD,Class_390,11
25/01/2026,08:46,COVENTRY_STAFFORD,Class_390,11
25/01/2026,13:18,CROSS_CITY_LINE_A,Class_730,6
25/01/2026,12:52,CROSS_CITY_LINE_B,Class_730,6
25/01/2026,13:57,CROSS_CITY_LINE_A,Class_730,6
25/01/2026,16:04,CROSS_CITY_LINE_A,Class_730,6
25/01/2026,10:44,CROSS_CITY_LINE_B,Class_730,6
25/01/2026,10:21,CROSS_CITY_LINE_B,Class_730,6
25/01/2026,08:02,CROSS_CITY_LINE_B,Class_730,6
25/01/2026,07:31,CROSS_CITY_LINE_B,Class_730,6
25/01/2026,06:26,CROSS_CITY_LINE_B,Class_730,6
25/01/2026,05:57,CROSS_CITY_LINE_B,Class_730,6
25/01/2026,05:29,CROSS_CITY_LINE_B,Class_730,6
25/01/2026,23:23,CROSS_CITY_LINE_A,Class_730,6
25/01/2026,23:00,CROSS_CITY_LINE_A,Class_730,6
25/01/2026,22:14,CROSS_CITY_LINE_A,Class_730,6
25/01/2026,21:10,CROSS_CITY_LINE_A,Class_730,6
25/01/2026,20:43,CROSS_CITY_LINE_A,Class_730,6
25/01/2026,19:18,CROSS_CITY_LINE_A,Class_730,6
25/01/2026,17:52,CROSS_CITY_LINE_A,Class_730,6
25/01/2026,17:12,CROSS_CITY_LINE_A,Class_730,6
25/01/2026,14:50,CROSS_CITY_LINE_A,Class_730,6
25/01/2026,09:58,FOUR_OAKS_REDDITCH,Class_730,6
25/01/2026,10:31,CROSS_CITY_LINE_A,Class_730,6
25/01/2026,12:03,FOUR_OAKS_REDDITCH,Class_730,6
25/01/2026,14:11,NORTHAMPTON_BIRMINGHAM_NEW_STREET,Class_350,5
25/01/2026,10:47,NORTHAMPTON_BIRMINGHAM_NEW_STREET,Class_350,5
25/01/2026,07:08,NORTHAMPTON_BIRMINGHAM_NEW_STREET,Class_350,5
25/01/2026,06:00,NORTHAMPTON_BIRMINGHAM_NEW_STREET,Class_350,5
25/01/2026,05:10,NORTHAMPTON_BIRMINGHAM_NEW_STREET,Class_350,5
25/01/2026,22:18,BIRMINGHAM_INTERNATIONAL_RUGELEY_TRENT_VALLEY,Class_730,3
25/01/2026,22:00,BIRMINGHAM_INTERNATIONAL_RUGELEY_TRENT_VALLEY,Class_730,3
25/01/2026,20:05,BIRMINGHAM_INTERNATIONAL_RUGELEY_TRENT_VALLEY,Class_730,3
25/01/2026,19:23,BIRMINGHAM_INTERNATIONAL_RUGELEY_TRENT_VALLEY,Class_730,3
25/01/2026,18:32,BIRMINGHAM_INTERNATIONAL_RUGELEY_TRENT_VALLEY,Class_730,3
25/01/2026,16:57,BIRMINGHAM_INTERNATIONAL_RUGELEY_TRENT_VALLEY,Class_730,3
25/01/2026,16:23,BIRMINGHAM_INTERNATIONAL_RUGELEY_TRENT_VALLEY,Class_730,3
25/01/2026,15:44,BIRMINGHAM_INTERNATIONAL_RUGELEY_TRENT_VALLEY,Class_730,3
25/01/2026,13:47,BIRMINGHAM_INTERNATIONAL_RUGELEY_TRENT_VALLEY,Class_730,3
25/01/2026,13:39,BIRMINGHAM_INTERNATIONAL_RUGELEY_TRENT_VALLEY,Class_730,3
25/01/2026,16:26,NORTHAMPTON_BIRMINGHAM_NEW_STREET,Class_350,5
25/01/2026,12:57,BIRMINGHAM_INTERNATIONAL_RUGELEY_TRENT_VALLEY,Class_730,3
25/01/2026,17:54,NORTHAMPTON_BIRMINGHAM_NEW_STREET,Class_350,5
25/01/2026,21:37,NORTHAMPTON_BIRMINGHAM_NEW_STREET,Class_350,5
25/01/2026,11:08,FOUR_OAKS_REDDITCH,Class_730,6
25/01/2026,07:12,WOLVERHAMPTON_WALSALL,Class_730,3
25/01/2026,06:11,WOLVERHAMPTON_WALSALL,Class_730,3
25/01/2026,05:46,WOLVERHAMPTON_WALSALL,Class_730,3
25/01/2026,05:18,WOLVERHAMPTON_WALSALL,Class_730,3
25/01/2026,23:17,BIRMINGHAM_NEW_STREET_NORTHAMPTON,Class_350,8
25/01/2026,22:37,BIRMINGHAM_NEW_STREET_NORTHAMPTON,Class_350,8
25/01/2026,19:42,BIRMINGHAM_NEW_STREET_NORTHAMPTON,Class_350,8
25/01/2026,17:49,BIRMINGHAM_NEW_STREET_NORTHAMPTON,Class_350,8
25/01/2026,17:16,BIRMINGHAM_NEW_STREET_NORTHAMPTON,Class_350,8
25/01/2026,13:20,BIRMINGHAM_NEW_STREET_NORTHAMPTON,Class_350,8
25/01/2026,09:05,BIRMINGHAM_NEW_STREET_NORTHAMPTON,Class_350,8
25/01/2026,07:48,BIRMINGHAM_NEW_STREET_NORTHAMPTON,Class_350,8
25/01/2026,06:51,BIRMINGHAM_NEW_STREET_NORTHAMPTON,Class_350,8
25/01/2026,22:23,NORTHAMPTON_BIRMINGHAM_NEW_STREET,Class_350,5
25/01/2026,20:28,NORTHAMPTON_BIRMINGHAM_NEW_STREET,Class_350,5
25/01/2026,11:34,BIRMINGHAM_INTERNATIONAL_RUGELEY_TRENT_VALLEY,Class_730,3
25/01/2026,22:09,BIRMINGHAM_NEW_STREET_NORTHAMPTON,Class_350,8
25/01/2026,09:01,BIRMINGHAM_INTERNATIONAL_RUGELEY_TRENT_VALLEY,Class_730,3
25/01/2026,06:31,RUGELEY_TRENT_VALLEY_BIRMINGHAM_INTERNATIONAL,Class_730,3
25/01/2026,06:04,RUGELEY_TRENT_VALLEY_BIRMINGHAM_INTERNATIONAL,Class_730,3
25/01/2026,05:28,RUGELEY_TRENT_VALLEY_BIRMINGHAM_INTERNATIONAL,Class_730,3
25/01/2026,23:02,FOUR_OAKS_REDDITCH,Class_730,6
25/01/2026,22:44,FOUR_OAKS_REDDITCH,Class_730,6
25/01/2026,21:46,FOUR_OAKS_REDDITCH,Class_730,6
25/01/2026,20:47,FOUR_OAKS_REDDITCH,Class_730,6
25/01/2026,19:46,FOUR_OAKS_REDDITCH,Class_730,6
25/01/2026,18:29,FOUR_OAKS_REDDITCH,Class_730,6
25/01/2026,17:32,FOUR_OAKS_REDDITCH,Class_730,6
25/01/2026,15:16,FOUR_OAKS_REDDITCH,Class_730,6
25/01/2026,14:02,FOUR_OAKS_REDDITCH,Class_730,6
25/01/2026,13:40,FOUR_OAKS_REDDITCH,Class_730,6
25/01/2026,10:52,BIRMINGHAM_INTERNATIONAL_RUGELEY_TRENT_VALLEY,Class_730,3
25/01/2026,12:46,FOUR_OAKS_REDDITCH,Class_730,6
25/01/2026,07:37,RUGELEY_TRENT_VALLEY_BIRMINGHAM_INTERNATIONAL,Class_730,3
25/01/2026,07:55,RUGELEY_TRENT_VALLEY_BIRMINGHAM_INTERNATIONAL,Class_730,3
25/01/2026,16:40,FOUR_OAKS_REDDITCH,Class_730,6
25/01/2026,10:44,RUGELEY_TRENT_VALLEY_BIRMINGHAM_INTERNATIONAL,Class_730,3
25/01/2026,10:15,RUGELEY_TRENT_VALLEY_BIRMINGHAM_INTERNATIONAL,Class_730,3
25/01/2026,06:28,BIRMINGHAM_INTERNATIONAL_RUGELEY_TRENT_VALLEY,Class_730,3
25/01/2026,06:03,BIRMINGHAM_INTERNATIONAL_RUGELEY_TRENT_VALLEY,Class_730,3
25/01/2026,07:56,BIRMINGHAM_INTERNATIONAL_RUGELEY_TRENT_VALLEY,Class_730,3
25/01/2026,21:37,RUGELEY_TRENT_VALLEY_BIRMINGHAM_INTERNATIONAL,Class_730,3
25/01/2026,19:37,RUGELEY_TRENT_VALLEY_BIRMINGHAM_INTERNATIONAL,Class_730,3
25/01/2026,18:37,RUGELEY_TRENT_VALLEY_BIRMINGHAM_INTERNATIONAL,Class_730,3
25/01/2026,22:16,RUGELEY_TRENT_VALLEY_BIRMINGHAM_INTERNATIONAL,Class_730,3
25/01/2026,16:29,RUGELEY_TRENT_VALLEY_BIRMINGHAM_INTERNATIONAL,Class_730,3
25/01/2026,12:14,RUGELEY_TRENT_VALLEY_BIRMINGHAM_INTERNATIONAL,Class_730,3
25/01/2026,18:13,RUGELEY_TRENT_VALLEY_BIRMINGHAM_INTERNATIONAL,Class_730,3
25/01/2026,12:52,RUGELEY_TRENT_VALLEY_BIRMINGHAM_INTERNATIONAL,Class_730,3
25/01/2026,07:01,BIRMINGHAM_INTERNATIONAL_RUGELEY_TRENT_VALLEY,Class_730,3
25/01/2026,14:16,RUGELEY_TRENT_VALLEY_BIRMINGHAM_INTERNATIONAL,Class_730,3
25/01/2026,15:41,RUGELEY_TRENT_VALLEY_BIRMINGHAM_INTERNATIONAL,Class_730,3
25/01/2026,13:32,RUGELEY_TRENT_VALLEY_BIRMINGHAM_INTERNATIONAL,Class_730,3
26/01/2026,18:19,FOUR_OAKS_REDDITCH,Class_730,6
26/01/2026,06:02,RUGELEY_TRENT_VALLEY_BIRMINGHAM_INTERNATIONAL,Class_730,3
26/01/2026,23:19,FOUR_OAKS_REDDITCH,Class_730,6
26/01/2026,22:47,FOUR_OAKS_REDDITCH,Class_730,6
26/01/2026,22:09,FOUR_OAKS_REDDITCH,Class_730,6
26/01/2026,21:46,FOUR_OAKS_REDDITCH,Class_730,6
26/01/2026,05:27,RUGELEY_TRENT_VALLEY_BIRMINGHAM_INTERNATIONAL,Class_730,3
26/01/2026,21:16,FOUR_OAKS_REDDITCH,Class_730,6
26/01/2026,20:35,FOUR_OAKS_REDDITCH,Class_730,6
26/01/2026,19:58,FOUR_OAKS_REDDITCH,Class_730,6
26/01/2026,19:27,FOUR_OAKS_REDDITCH,Class_730,6
26/01/2026,18:48,FOUR_OAKS_REDDITCH,Class_730,6
26/01/2026,22:26,FOUR_OAKS_REDDITCH,Class_730,6
26/01/2026,13:44,FOUR_OAKS_REDDITCH,Class_730,6
26/01/2026,17:02,FOUR_OAKS_REDDITCH,Class_730,6
26/01/2026,16:25,FOUR_OAKS_REDDITCH,Class_730,6
26/01/2026,15:37,FOUR_OAKS_REDDITCH,Class_730,6
26/01/2026,15:03,FOUR_OAKS_REDDITCH,Class_730,6
26/01/2026,14:28,FOUR_OAKS_REDDITCH,Class_730,6
26/01/2026,12:55,FOUR_OAKS_REDDITCH,Class_730,6
26/01/2026,12:17,FOUR_OAKS_REDDITCH,Class_730,6
26/01/2026,11:49,FOUR_OAKS_REDDITCH,Class_730,6
26/01/2026,11:19,FOUR_OAKS_REDDITCH,Class_730,6
26/01/2026,10:42,FOUR_OAKS_REDDITCH,Class_730,6
26/01/2026,06:53,RUGELEY_TRENT_VALLEY_BIRMINGHAM_INTERNATIONAL,Class_730,3
26/01/2026,10:05,FOUR_OAKS_REDDITCH,Class_730,6
26/01/2026,09:50,FOUR_OAKS_REDDITCH,Class_730,6
26/01/2026,17:42,FOUR_OAKS_REDDITCH,Class_730,6
26/01/2026,07:12,RUGELEY_TRENT_VALLEY_BIRMINGHAM_INTERNATIONAL,Class_730,3
26/01/2026,17:11,RUGELEY_TRENT_VALLEY_BIRMINGHAM_INTERNATIONAL,Class_730,3
26/01/2026,08:02,RUGELEY_TRENT_VALLEY_BIRMINGHAM_INTERNATIONAL,Class_730,3
26/01/2026,07:34,BIRMINGHAM_INTERNATIONAL_RUGELEY_TRENT_VALLEY,Class_730,3
26/01/2026,09:33,FOUR_OAKS_REDDITCH,Class_730,6
26/01/2026,07:09,BIRMINGHAM_INTERNATIONAL_RUGELEY_TRENT_VALLEY,Class_730,3
26/01/2026,06:31,BIRMINGHAM_INTERNATIONAL_RUGELEY_TRENT_VALLEY,Class_730,3
26/01/2026,05:49,BIRMINGHAM_INTERNATIONAL_RUGELEY_TRENT_VALLEY,Class_730,3
26/01/2026,22:13,RUGELEY_TRENT_VALLEY_BIRMINGHAM_INTERNATIONAL,Class_730,3
26/01/2026,21:50,RUGELEY_TRENT_VALLEY_BIRMINGHAM_INTERNATIONAL,Class_730,3
26/01/2026,21:29,RUGELEY_TRENT_VALLEY_BIRMINGHAM_INTERNATIONAL,Class_730,3
26/01/2026,20:46,RUGELEY_TRENT_VALLEY_BIRMINGHAM_INTERNATIONAL,Class_730,3
26/01/2026,19:57,RUGELEY_TRENT_VALLEY_BIRMINGHAM_INTERNATIONAL,Class_730,3
26/01/2026,19:41,RUGELEY_TRENT_VALLEY_BIRMINGHAM_INTERNATIONAL,Class_730,3
26/01/2026,19:08,RUGELEY_TRENT_VALLEY_BIRMINGHAM_INTERNATIONAL,Class_730,3
26/01/2026,18:36,RUGELEY_TRENT_VALLEY_BIRMINGHAM_INTERNATIONAL,Class_730,3
26/01/2026,07:35,RUGELEY_TRENT_VALLEY_BIRMINGHAM_INTERNATIONAL,Class_730,3
26/01/2026,17:56,RUGELEY_TRENT_VALLEY_BIRMINGHAM_INTERNATIONAL,Class_730,3
26/01/2026,15:53,RUGELEY_TRENT_VALLEY_BIRMINGHAM_INTERNATIONAL,Class_730,3
26/01/2026,15:22,RUGELEY_TRENT_VALLEY_BIRMINGHAM_INTERNATIONAL,Class_730,3
26/01/2026,14:30,RUGELEY_TRENT_VALLEY_BIRMINGHAM_INTERNATIONAL,Class_730,3
26/01/2026,13:47,RUGELEY_TRENT_VALLEY_BIRMINGHAM_INTERNATIONAL,Class_730,3
26/01/2026,13:02,RUGELEY_TRENT_VALLEY_BIRMINGHAM_INTERNATIONAL,Class_730,3
26/01/2026,12:34,RUGELEY_TRENT_VALLEY_BIRMINGHAM_INTERNATIONAL,Class_730,3
26/01/2026,12:01,RUGELEY_TRENT_VALLEY_BIRMINGHAM_INTERNATIONAL,Class_730,3
26/01/2026,11:22,RUGELEY_TRENT_VALLEY_BIRMINGHAM_INTERNATIONAL,Class_730,3
26/01/2026,10:36,RUGELEY_TRENT_VALLEY_BIRMINGHAM_INTERNATIONAL,Class_730,3
26/01/2026,09:54,RUGELEY_TRENT_VALLEY_BIRMINGHAM_INTERNATIONAL,Class_730,3
26/01/2026,09:37,RUGELEY_TRENT_VALLEY_BIRMINGHAM_INTERNATIONAL,Class_730,3
26/01/2026,09:00,RUGELEY_TRENT_VALLEY_BIRMINGHAM_INTERNATIONAL,Class_730,3
26/01/2026,08:31,RUGELEY_TRENT_VALLEY_BIRMINGHAM_INTERNATIONAL,Class_730,3
26/01/2026,16:41,RUGELEY_TRENT_VALLEY_BIRMINGHAM_INTERNATIONAL,Class_730,3
26/01/2026,09:06,FOUR_OAKS_REDDITCH,Class_730,6
26/01/2026,08:12,REDDITCH_FOUR_OAKS,Class_730,6
26/01/2026,07:56,FOUR_OAKS_REDDITCH,Class_730,6
26/01/2026,09:15,REDDITCH_FOUR_OAKS,Class_730,6
26/01/2026,08:42,REDDITCH_FOUR_OAKS,Class_730,6
26/01/2026,07:44,REDDITCH_FOUR_OAKS,Class_730,6
26/01/2026,07:16,REDDITCH_FOUR_OAKS,Class_730,6
26/01/2026,06:58,REDDITCH_FOUR_OAKS,Class_730,6
26/01/2026,06:12,REDDITCH_FOUR_OAKS,Class_730,6
26/01/2026,05:32,REDDITCH_FOUR_OAKS,Class_730,6
26/01/2026,05:16,REDDITCH_FOUR_OAKS,Class_730,6
26/01/2026,22:27,CROSS_CITY_LINE_B,Class_730,6
26/01/2026,22:12,CROSS_CITY_LINE_B,Class_730,6
26/01/2026,21:47,CROSS_CITY_LINE_B,Class_730,6
26/01/2026,21:19,CROSS_CITY_LINE_B,Class_730,6
26/01/2026,20:43,CROSS_CITY_LINE_B,Class_730,6
26/01/2026,20:05,CROSS_CITY_LINE_B,Class_730,6
26/01/2026,19:30,CROSS_CITY_LINE_B,Class_730,6
26/01/2026,19:02,CROSS_CITY_LINE_B,Class_730,6
26/01/2026,18:24,CROSS_CITY_LINE_B,Class_730,6
26/01/2026,17:55,CROSS_CITY_LINE_B,Class_730,6
26/01/2026,17:10,CROSS_CITY_LINE_B,Class_730,6
26/01/2026,16:44,CROSS_CITY_LINE_B,Class_730,6
26/01/2026,15:46,CROSS_CITY_LINE_B,Class_730,6
26/01/2026,15:25,CROSS_CITY_LINE_B,Class_730,6
26/01/2026,14:37,CROSS_CITY_LINE_B,Class_730,6
26/01/2026,13:45,CROSS_CITY_LINE_B,Class_730,6
26/01/2026,13:05,CROSS_CITY_LINE_B,Class_730,6
26/01/2026,12:19,CROSS_CITY_LINE_B,Class_730,6
26/01/2026,07:56,BIRMINGHAM_INTERNATIONAL_RUGELEY_TRENT_VALLEY,Class_730,3
26/01/2026,09:43,REDDITCH_FOUR_OAKS,Class_730,6
26/01/2026,09:59,REDDITCH_FOUR_OAKS,Class_730,6
26/01/2026,10:39,REDDITCH_FOUR_OAKS,Class_730,6
26/01/2026,10:59,REDDITCH_FOUR_OAKS,Class_730,6
26/01/2026,07:23,FOUR_OAKS_REDDITCH,Class_730,6
26/01/2026,07:04,FOUR_OAKS_REDDITCH,Class_730,6
26/01/2026,06:34,FOUR_OAKS_REDDITCH,Class_730,6
26/01/2026,05:41,FOUR_OAKS_REDDITCH,Class_730,6
26/01/2026,05:18,FOUR_OAKS_REDDITCH,Class_730,6
26/01/2026,05:09,FOUR_OAKS_REDDITCH,Class_730,6
26/01/2026,23:23,REDDITCH_FOUR_OAKS,Class_730,6
26/01/2026,23:13,REDDITCH_FOUR_OAKS,Class_730,6
26/01/2026,22:38,REDDITCH_FOUR_OAKS,Class_730,6
26/01/2026,22:17,REDDITCH_FOUR_OAKS,Class_730,6
26/01/2026,21:53,REDDITCH_FOUR_OAKS,Class_730,6
26/01/2026,21:35,REDDITCH_FOUR_OAKS,Class_730,6
26/01/2026,20:50,REDDITCH_FOUR_OAKS,Class_730,6
26/01/2026,08:16,FOUR_OAKS_REDDITCH,Class_730,6
26/01/2026,20:29,REDDITCH_FOUR_OAKS,Class_730,6
26/01/2026,19:19,REDDITCH_FOUR_OAKS,Class_730,6
26/01/2026,18:39,REDDITCH_FOUR_OAKS,Class_730,6
26/01/2026,18:09,REDDITCH_FOUR_OAKS,Class_730,6
26/01/2026,17:22,REDDITCH_FOUR_OAKS,Class_730,6
26/01/2026,16:55,REDDITCH_FOUR_OAKS,Class_730,6
26/01/2026,16:06,REDDITCH_FOUR_OAKS,Class_730,6
26/01/2026,15:30,REDDITCH_FOUR_OAKS,Class_730,6
26/01/2026,14:50,REDDITCH_FOUR_OAKS,Class_730,6
26/01/2026,14:11,REDDITCH_FOUR_OAKS,Class_730,6
26/01/2026,13:20,REDDITCH_FOUR_OAKS,Class_730,6
26/01/2026,12:43,REDDITCH_FOUR_OAKS,Class_730,6
26/01/2026,12:08,REDDITCH_FOUR_OAKS,Class_730,6
26/01/2026,11:44,REDDITCH_FOUR_OAKS,Class_730,6
26/01/2026,19:44,REDDITCH_FOUR_OAKS,Class_730,6
26/01/2026,08:28,BIRMINGHAM_INTERNATIONAL_RUGELEY_TRENT_VALLEY,Class_730,3
26/01/2026,14:13,WOLVERHAMPTON_WALSALL,Class_730,3
26/01/2026,09:37,BIRMINGHAM_INTERNATIONAL_RUGELEY_TRENT_VALLEY,Class_730,3
26/01/2026,05:30,WALSALL_WOLVERHAMPTON,Class_731,3
26/01/2026,05:17,WALSALL_WOLVERHAMPTON,Class_730,3
26/01/2026,23:11,WOLVERHAMPTON_WALSALL,Class_730,3
26/01/2026,22:34,WOLVERHAMPTON_WALSALL,Class_730,3
26/01/2026,22:13,WOLVERHAMPTON_WALSALL,Class_730,3
26/01/2026,21:54,WOLVERHAMPTON_WALSALL,Class_730,3
26/01/2026,21:35,WOLVERHAMPTON_WALSALL,Class_730,3
26/01/2026,20:55,WOLVERHAMPTON_WALSALL,Class_730,3
26/01/2026,20:30,WOLVERHAMPTON_WALSALL,Class_730,3
26/01/2026,19:43,WOLVERHAMPTON_WALSALL,Class_730,3
26/01/2026,19:10,WOLVERHAMPTON_WALSALL,Class_730,3
26/01/2026,18:42,WOLVERHAMPTON_WALSALL,Class_730,3
26/01/2026,18:07,WOLVERHAMPTON_WALSALL,Class_730,3
26/01/2026,17:20,WOLVERHAMPTON_WALSALL,Class_730,3
26/01/2026,16:53,WOLVERHAMPTON_WALSALL,Class_730,3
26/01/2026,16:01,WOLVERHAMPTON_WALSALL,Class_730,3
26/01/2026,15:26,WOLVERHAMPTON_WALSALL,Class_730,3
26/01/2026,14:50,WOLVERHAMPTON_WALSALL,Class_730,3
26/01/2026,11:51,CROSS_CITY_LINE_B,Class_730,6
26/01/2026,13:18,WOLVERHAMPTON_WALSALL,Class_730,3
26/01/2026,12:45,WOLVERHAMPTON_WALSALL,Class_730,3
26/01/2026,12:02,WOLVERHAMPTON_WALSALL,Class_730,3
26/01/2026,11:30,WOLVERHAMPTON_WALSALL,Class_730,3
26/01/2026,10:58,WOLVERHAMPTON_WALSALL,Class_730,3
26/01/2026,10:36,WOLVERHAMPTON_WALSALL,Class_730,3
26/01/2026,10:01,WOLVERHAMPTON_WALSALL,Class_730,3
26/01/2026,09:42,WOLVERHAMPTON_WALSALL,Class_730,3
26/01/2026,06:09,WALSALL_WOLVERHAMPTON,Class_732,3
26/01/2026,06:53,WALSALL_WOLVERHAMPTON,Class_733,3
26/01/2026,07:14,WALSALL_WOLVERHAMPTON,Class_734,3
26/01/2026,07:44,WALSALL_WOLVERHAMPTON,Class_735,3
26/01/2026,23:10,WALSALL_WOLVERHAMPTON,Class_763,3
26/01/2026,22:29,WALSALL_WOLVERHAMPTON,Class_762,3
26/01/2026,22:19,WALSALL_WOLVERHAMPTON,Class_761,3
26/01/2026,21:54,WALSALL_WOLVERHAMPTON,Class_760,3
26/01/2026,21:34,WALSALL_WOLVERHAMPTON,Class_759,3
26/01/2026,20:57,WALSALL_WOLVERHAMPTON,Class_758,3
26/01/2026,20:28,WALSALL_WOLVERHAMPTON,Class_757,3
26/01/2026,19:42,WALSALL_WOLVERHAMPTON,Class_756,3
26/01/2026,19:18,WALSALL_WOLVERHAMPTON,Class_755,3
26/01/2026,18:38,WALSALL_WOLVERHAMPTON,Class_754,3
26/01/2026,18:08,WALSALL_WOLVERHAMPTON,Class_753,3
26/01/2026,17:24,WALSALL_WOLVERHAMPTON,Class_752,3
26/01/2026,16:57,WALSALL_WOLVERHAMPTON,Class_751,3
26/01/2026,09:13,WOLVERHAMPTON_WALSALL,Class_730,3
26/01/2026,16:03,WALSALL_WOLVERHAMPTON,Class_750,3
26/01/2026,14:52,WALSALL_WOLVERHAMPTON,Class_748,3
26/01/2026,14:17,WALSALL_WOLVERHAMPTON,Class_747,3
26/01/2026,13:20,WALSALL_WOLVERHAMPTON,Class_746,3
26/01/2026,12:45,WALSALL_WOLVERHAMPTON,Class_745,3
26/01/2026,12:03,WALSALL_WOLVERHAMPTON,Class_744,3
26/01/2026,11:30,WALSALL_WOLVERHAMPTON,Class_743,3
26/01/2026,10:59,WALSALL_WOLVERHAMPTON,Class_742,3
26/01/2026,10:38,WALSALL_WOLVERHAMPTON,Class_741,3
26/01/2026,09:57,WALSALL_WOLVERHAMPTON,Class_740,3
26/01/2026,09:44,WALSALL_WOLVERHAMPTON,Class_739,3
26/01/2026,09:16,WALSALL_WOLVERHAMPTON,Class_738,3
26/01/2026,08:39,WALSALL_WOLVERHAMPTON,Class_737,3
26/01/2026,08:10,WALSALL_WOLVERHAMPTON,Class_736,3
26/01/2026,15:28,WALSALL_WOLVERHAMPTON,Class_749,3
26/01/2026,08:40,WOLVERHAMPTON_WALSALL,Class_730,3
26/01/2026,08:10,WOLVERHAMPTON_WALSALL,Class_730,3
26/01/2026,07:48,WOLVERHAMPTON_WALSALL,Class_730,3
26/01/2026,09:57,NORTHAMPTON_BIRMINGHAM_NEW_STREET,Class_350,5
26/01/2026,09:10,NORTHAMPTON_BIRMINGHAM_NEW_STREET,Class_350,5
26/01/2026,08:04,NORTHAMPTON_BIRMINGHAM_NEW_STREET,Class_350,5
26/01/2026,07:09,NORTHAMPTON_BIRMINGHAM_NEW_STREET,Class_350,5
26/01/2026,05:53,NORTHAMPTON_BIRMINGHAM_NEW_STREET,Class_350,5
26/01/2026,05:09,NORTHAMPTON_BIRMINGHAM_NEW_STREET,Class_350,5
26/01/2026,22:10,BIRMINGHAM_INTERNATIONAL_RUGELEY_TRENT_VALLEY,Class_730,3
26/01/2026,21:52,BIRMINGHAM_INTERNATIONAL_RUGELEY_TRENT_VALLEY,Class_730,3
26/01/2026,21:27,BIRMINGHAM_INTERNATIONAL_RUGELEY_TRENT_VALLEY,Class_730,3
26/01/2026,20:37,BIRMINGHAM_INTERNATIONAL_RUGELEY_TRENT_VALLEY,Class_730,3
26/01/2026,20:01,BIRMINGHAM_INTERNATIONAL_RUGELEY_TRENT_VALLEY,Class_730,3
26/01/2026,19:37,BIRMINGHAM_INTERNATIONAL_RUGELEY_TRENT_VALLEY,Class_730,3
26/01/2026,19:02,BIRMINGHAM_INTERNATIONAL_RUGELEY_TRENT_VALLEY,Class_730,3
26/01/2026,10:48,NORTHAMPTON_BIRMINGHAM_NEW_STREET,Class_350,5
26/01/2026,18:31,BIRMINGHAM_INTERNATIONAL_RUGELEY_TRENT_VALLEY,Class_730,3
26/01/2026,17:12,BIRMINGHAM_INTERNATIONAL_RUGELEY_TRENT_VALLEY,Class_730,3
26/01/2026,16:42,BIRMINGHAM_INTERNATIONAL_RUGELEY_TRENT_VALLEY,Class_730,3
26/01/2026,15:47,BIRMINGHAM_INTERNATIONAL_RUGELEY_TRENT_VALLEY,Class_730,3
26/01/2026,15:11,BIRMINGHAM_INTERNATIONAL_RUGELEY_TRENT_VALLEY,Class_730,3
26/01/2026,14:38,BIRMINGHAM_INTERNATIONAL_RUGELEY_TRENT_VALLEY,Class_730,3
26/01/2026,13:49,BIRMINGHAM_INTERNATIONAL_RUGELEY_TRENT_VALLEY,Class_730,3
26/01/2026,13:05,BIRMINGHAM_INTERNATIONAL_RUGELEY_TRENT_VALLEY,Class_730,3
26/01/2026,12:40,BIRMINGHAM_INTERNATIONAL_RUGELEY_TRENT_VALLEY,Class_730,3
26/01/2026,12:01,BIRMINGHAM_INTERNATIONAL_RUGELEY_TRENT_VALLEY,Class_730,3
26/01/2026,11:23,BIRMINGHAM_INTERNATIONAL_RUGELEY_TRENT_VALLEY,Class_730,3
26/01/2026,10:46,BIRMINGHAM_INTERNATIONAL_RUGELEY_TRENT_VALLEY,Class_730,3
26/01/2026,10:26,BIRMINGHAM_INTERNATIONAL_RUGELEY_TRENT_VALLEY,Class_730,3
26/01/2026,09:55,BIRMINGHAM_INTERNATIONAL_RUGELEY_TRENT_VALLEY,Class_730,3
26/01/2026,17:48,BIRMINGHAM_INTERNATIONAL_RUGELEY_TRENT_VALLEY,Class_730,3
26/01/2026,09:11,BIRMINGHAM_INTERNATIONAL_RUGELEY_TRENT_VALLEY,Class_730,3
26/01/2026,11:55,NORTHAMPTON_BIRMINGHAM_NEW_STREET,Class_350,5
26/01/2026,14:40,NORTHAMPTON_BIRMINGHAM_NEW_STREET,Class_350,5
26/01/2026,07:13,WOLVERHAMPTON_WALSALL,Class_730,3
26/01/2026,06:57,WOLVERHAMPTON_WALSALL,Class_730,3
26/01/2026,06:04,WOLVERHAMPTON_WALSALL,Class_730,3
26/01/2026,05:31,WOLVERHAMPTON_WALSALL,Class_730,3
26/01/2026,05:18,WOLVERHAMPTON_WALSALL,Class_730,3
26/01/2026,23:15,BIRMINGHAM_NEW_STREET_NORTHAMPTON,Class_350,8
26/01/2026,22:25,BIRMINGHAM_NEW_STREET_NORTHAMPTON,Class_350,8
26/01/2026,21:44,BIRMINGHAM_NEW_STREET_NORTHAMPTON,Class_350,8
26/01/2026,20:34,BIRMINGHAM_NEW_STREET_NORTHAMPTON,Class_350,8
26/01/2026,19:26,BIRMINGHAM_NEW_STREET_NORTHAMPTON,Class_350,8
26/01/2026,18:10,BIRMINGHAM_NEW_STREET_NORTHAMPTON,Class_350,8
26/01/2026,17:01,BIRMINGHAM_NEW_STREET_NORTHAMPTON,Class_350,8
26/01/2026,15:33,BIRMINGHAM_NEW_STREET_NORTHAMPTON,Class_350,8
26/01/2026,12:58,NORTHAMPTON_BIRMINGHAM_NEW_STREET,Class_350,5
26/01/2026,14:22,BIRMINGHAM_NEW_STREET_NORTHAMPTON,Class_350,8
26/01/2026,11:45,BIRMINGHAM_NEW_STREET_NORTHAMPTON,Class_350,8
26/01/2026,10:40,BIRMINGHAM_NEW_STREET_NORTHAMPTON,Class_350,8
26/01/2026,09:44,BIRMINGHAM_NEW_STREET_NORTHAMPTON,Class_350,8
26/01/2026,08:42,BIRMINGHAM_NEW_STREET_NORTHAMPTON,Class_350,8
26/01/2026,07:52,BIRMINGHAM_NEW_STREET_NORTHAMPTON,Class_350,8
26/01/2026,07:01,BIRMINGHAM_NEW_STREET_NORTHAMPTON,Class_350,8
26/01/2026,22:29,NORTHAMPTON_BIRMINGHAM_NEW_STREET,Class_350,5
26/01/2026,21:53,NORTHAMPTON_BIRMINGHAM_NEW_STREET,Class_350,5
26/01/2026,20:39,NORTHAMPTON_BIRMINGHAM_NEW_STREET,Class_350,5
26/01/2026,19:39,NORTHAMPTON_BIRMINGHAM_NEW_STREET,Class_350,5
26/01/2026,18:21,NORTHAMPTON_BIRMINGHAM_NEW_STREET,Class_350,5
26/01/2026,17:10,NORTHAMPTON_BIRMINGHAM_NEW_STREET,Class_350,5
26/01/2026,16:00,NORTHAMPTON_BIRMINGHAM_NEW_STREET,Class_350,5
26/01/2026,12:48,BIRMINGHAM_NEW_STREET_NORTHAMPTON,Class_350,8
26/01/2026,11:19,CROSS_CITY_LINE_B,Class_730,6
26/01/2026,10:56,RUGELEY_TRENT_VALLEY_BIRMINGHAM_INTERNATIONAL,Class_730,3
26/01/2026,10:35,CROSS_CITY_LINE_B,Class_730,6
26/01/2026,19:58,DORRIDGE_BIRMINGHAM_MOOR_STREET,Class_168,6
26/01/2026,19:38,DORRIDGE_BIRMINGHAM_MOOR_STREET,Class_168,6
26/01/2026,18:49,DORRIDGE_BIRMINGHAM_MOOR_STREET,Class_168,6
26/01/2026,18:18,DORRIDGE_BIRMINGHAM_MOOR_STREET,Class_168,6
26/01/2026,17:43,DORRIDGE_BIRMINGHAM_MOOR_STREET,Class_168,6
26/01/2026,17:06,DORRIDGE_BIRMINGHAM_MOOR_STREET,Class_168,6
26/01/2026,16:41,DORRIDGE_BIRMINGHAM_MOOR_STREET,Class_168,6
26/01/2026,15:42,DORRIDGE_BIRMINGHAM_MOOR_STREET,Class_168,6
26/01/2026,15:17,DORRIDGE_BIRMINGHAM_MOOR_STREET,Class_168,6
26/01/2026,14:38,DORRIDGE_BIRMINGHAM_MOOR_STREET,Class_168,6
26/01/2026,13:52,DORRIDGE_BIRMINGHAM_MOOR_STREET,Class_168,6
26/01/2026,12:53,DORRIDGE_BIRMINGHAM_MOOR_STREET,Class_168,6
26/01/2026,12:24,DORRIDGE_BIRMINGHAM_MOOR_STREET,Class_168,6
26/01/2026,11:51,DORRIDGE_BIRMINGHAM_MOOR_STREET,Class_168,6
26/01/2026,11:12,DORRIDGE_BIRMINGHAM_MOOR_STREET,Class_168,6
26/01/2026,10:45,DORRIDGE_BIRMINGHAM_MOOR_STREET,Class_168,6
26/01/2026,10:16,DORRIDGE_BIRMINGHAM_MOOR_STREET,Class_168,6
26/01/2026,09:53,DORRIDGE_BIRMINGHAM_MOOR_STREET,Class_168,6
26/01/2026,09:30,DORRIDGE_BIRMINGHAM_MOOR_STREET,Class_168,6
26/01/2026,08:47,DORRIDGE_BIRMINGHAM_MOOR_STREET,Class_168,6
26/01/2026,08:23,DORRIDGE_BIRMINGHAM_MOOR_STREET,Class_168,6
26/01/2026,07:59,DORRIDGE_BIRMINGHAM_MOOR_STREET,Class_168,6
26/01/2026,07:27,DORRIDGE_BIRMINGHAM_MOOR_STREET,Class_168,6
26/01/2026,07:07,DORRIDGE_BIRMINGHAM_MOOR_STREET,Class_168,6
26/01/2026,06:31,DORRIDGE_BIRMINGHAM_MOOR_STREET,Class_168,6
26/01/2026,05:43,DORRIDGE_BIRMINGHAM_MOOR_STREET,Class_168,6
26/01/2026,23:25,BIRMINGHAM_MOOR_STREET_DORRIDGE,Class_168,6
26/01/2026,20:35,DORRIDGE_BIRMINGHAM_MOOR_STREET,Class_168,6
26/01/2026,21:21,DORRIDGE_BIRMINGHAM_MOOR_STREET,Class_168,6
26/01/2026,21:45,DORRIDGE_BIRMINGHAM_MOOR_STREET,Class_168,6
26/01/2026,22:11,DORRIDGE_BIRMINGHAM_MOOR_STREET,Class_168,6
26/01/2026,17:55,DORRIDGE_BIRMINGHAM_SNOW_HILL,Class_168,6
26/01/2026,16:40,DORRIDGE_BIRMINGHAM_SNOW_HILL,Class_168,6
26/01/2026,15:15,DORRIDGE_BIRMINGHAM_SNOW_HILL,Class_168,6
26/01/2026,13:56,DORRIDGE_BIRMINGHAM_SNOW_HILL,Class_168,6
26/01/2026,12:34,DORRIDGE_BIRMINGHAM_SNOW_HILL,Class_168,6
26/01/2026,11:26,DORRIDGE_BIRMINGHAM_SNOW_HILL,Class_168,6
26/01/2026,10:25,DORRIDGE_BIRMINGHAM_SNOW_HILL,Class_168,6
26/01/2026,09:31,DORRIDGE_BIRMINGHAM_SNOW_HILL,Class_168,6
26/01/2026,08:33,DORRIDGE_BIRMINGHAM_SNOW_HILL,Class_168,6
26/01/2026,23:25,BIRMINGHAM_SNOW_HILL_DORRIDGE,Class_168,6
26/01/2026,22:40,BIRMINGHAM_SNOW_HILL_DORRIDGE,Class_168,6
26/01/2026,22:06,BIRMINGHAM_SNOW_HILL_DORRIDGE,Class_168,6
26/01/2026,21:10,BIRMINGHAM_SNOW_HILL_DORRIDGE,Class_168,6
26/01/2026,23:17,BIRMINGHAM_MOOR_STREET_DORRIDGE,Class_168,6
26/01/2026,19:51,BIRMINGHAM_SNOW_HILL_DORRIDGE,Class_168,6
26/01/2026,17:35,BIRMINGHAM_SNOW_HILL_DORRIDGE,Class_168,6
26/01/2026,16:18,BIRMINGHAM_SNOW_HILL_DORRIDGE,Class_168,6
26/01/2026,14:57,BIRMINGHAM_SNOW_HILL_DORRIDGE,Class_168,6
26/01/2026,13:35,BIRMINGHAM_SNOW_HILL_DORRIDGE,Class_168,6
26/01/2026,12:12,BIRMINGHAM_SNOW_HILL_DORRIDGE,Class_168,6
26/01/2026,11:16,BIRMINGHAM_SNOW_HILL_DORRIDGE,Class_168,6
26/01/2026,10:06,BIRMINGHAM_SNOW_HILL_DORRIDGE,Class_168,6
26/01/2026,09:30,BIRMINGHAM_SNOW_HILL_DORRIDGE,Class_168,6
26/01/2026,08:23,BIRMINGHAM_SNOW_HILL_DORRIDGE,Class_168,6
26/01/2026,23:27,DORRIDGE_BIRMINGHAM_MOOR_STREET,Class_168,6
26/01/2026,23:21,DORRIDGE_BIRMINGHAM_MOOR_STREET,Class_168,6
26/01/2026,22:45,DORRIDGE_BIRMINGHAM_MOOR_STREET,Class_168,6
26/01/2026,22:26,DORRIDGE_BIRMINGHAM_MOOR_STREET,Class_168,6
26/01/2026,18:48,BIRMINGHAM_SNOW_HILL_DORRIDGE,Class_168,6
26/01/2026,22:47,BIRMINGHAM_MOOR_STREET_DORRIDGE,Class_168,6
26/01/2026,22:26,BIRMINGHAM_MOOR_STREET_DORRIDGE,Class_168,6
26/01/2026,22:06,BIRMINGHAM_MOOR_STREET_DORRIDGE,Class_168,6
26/01/2026,22:39,WOLVERHAMPTON_BIRMINGHAM_INTERNATIONAL,Class_158,2
26/01/2026,22:04,WOLVERHAMPTON_BIRMINGHAM_INTERNATIONAL,Class_158,2
26/01/2026,21:12,WOLVERHAMPTON_BIRMINGHAM_INTERNATIONAL,Class_158,2
26/01/2026,19:51,WOLVERHAMPTON_BIRMINGHAM_INTERNATIONAL,Class_158,2
26/01/2026,18:46,WOLVERHAMPTON_BIRMINGHAM_INTERNATIONAL,Class_158,2
26/01/2026,17:27,WOLVERHAMPTON_BIRMINGHAM_INTERNATIONAL,Class_158,2
26/01/2026,16:16,WOLVERHAMPTON_BIRMINGHAM_INTERNATIONAL,Class_158,2
26/01/2026,14:57,WOLVERHAMPTON_BIRMINGHAM_INTERNATIONAL,Class_158,2
26/01/2026,13:42,WOLVERHAMPTON_BIRMINGHAM_INTERNATIONAL,Class_158,2
26/01/2026,12:14,WOLVERHAMPTON_BIRMINGHAM_INTERNATIONAL,Class_158,2
26/01/2026,11:01,WOLVERHAMPTON_BIRMINGHAM_INTERNATIONAL,Class_158,2
26/01/2026,10:05,WOLVERHAMPTON_BIRMINGHAM_INTERNATIONAL,Class_158,2
26/01/2026,09:21,WOLVERHAMPTON_BIRMINGHAM_INTERNATIONAL,Class_158,2
26/01/2026,05:01,BIRMINGHAM_MOOR_STREET_DORRIDGE,Class_168,6
26/01/2026,07:18,WOLVERHAMPTON_BIRMINGHAM_INTERNATIONAL,Class_158,2
26/01/2026,05:11,WOLVERHAMPTON_BIRMINGHAM_INTERNATIONAL,Class_158,2
26/01/2026,19:47,BIRMINGHAM_INTERNATIONA_WOLVERHAMPTON,Class_158,2
26/01/2026,18:44,BIRMINGHAM_INTERNATIONA_WOLVERHAMPTON,Class_158,2
26/01/2026,17:25,BIRMINGHAM_INTERNATIONA_WOLVERHAMPTON,Class_158,2
26/01/2026,16:17,BIRMINGHAM_INTERNATIONA_WOLVERHAMPTON,Class_158,2
26/01/2026,14:54,BIRMINGHAM_INTERNATIONA_WOLVERHAMPTON,Class_158,2
26/01/2026,13:27,BIRMINGHAM_INTERNATIONA_WOLVERHAMPTON,Class_158,2
26/01/2026,12:13,BIRMINGHAM_INTERNATIONA_WOLVERHAMPTON,Class_158,2
26/01/2026,11:02,BIRMINGHAM_INTERNATIONA_WOLVERHAMPTON,Class_158,2
26/01/2026,10:05,BIRMINGHAM_INTERNATIONA_WOLVERHAMPTON,Class_158,2
26/01/2026,09:23,BIRMINGHAM_INTERNATIONA_WOLVERHAMPTON,Class_158,2
26/01/2026,08:16,BIRMINGHAM_INTERNATIONA_WOLVERHAMPTON,Class_158,2
26/01/2026,07:17,BIRMINGHAM_INTERNATIONA_WOLVERHAMPTON,Class_158,2
26/01/2026,06:21,WOLVERHAMPTON_BIRMINGHAM_INTERNATIONAL,Class_158,2
26/01/2026,19:09,DORRIDGE_BIRMINGHAM_SNOW_HILL,Class_168,6
26/01/2026,05:08,BIRMINGHAM_MOOR_STREET_DORRIDGE,Class_168,6
26/01/2026,05:35,BIRMINGHAM_MOOR_STREET_DORRIDGE,Class_168,6
26/01/2026,21:45,BIRMINGHAM_MOOR_STREET_DORRIDGE,Class_168,6
26/01/2026,21:14,BIRMINGHAM_MOOR_STREET_DORRIDGE,Class_168,6
26/01/2026,20:34,BIRMINGHAM_MOOR_STREET_DORRIDGE,Class_168,6
26/01/2026,19:53,BIRMINGHAM_MOOR_STREET_DORRIDGE,Class_168,6
26/01/2026,19:29,BIRMINGHAM_MOOR_STREET_DORRIDGE,Class_168,6
26/01/2026,18:56,BIRMINGHAM_MOOR_STREET_DORRIDGE,Class_168,6
26/01/2026,18:22,BIRMINGHAM_MOOR_STREET_DORRIDGE,Class_168,6
26/01/2026,17:43,BIRMINGHAM_MOOR_STREET_DORRIDGE,Class_168,6
26/01/2026,17:09,BIRMINGHAM_MOOR_STREET_DORRIDGE,Class_168,6
26/01/2026,16:27,BIRMINGHAM_MOOR_STREET_DORRIDGE,Class_168,6
26/01/2026,15:44,BIRMINGHAM_MOOR_STREET_DORRIDGE,Class_168,6
26/01/2026,15:08,BIRMINGHAM_MOOR_STREET_DORRIDGE,Class_168,6
26/01/2026,14:25,BIRMINGHAM_MOOR_STREET_DORRIDGE,Class_168,6
26/01/2026,05:20,BIRMINGHAM_MOOR_STREET_DORRIDGE,Class_168,6
26/01/2026,13:33,BIRMINGHAM_MOOR_STREET_DORRIDGE,Class_168,6
26/01/2026,12:30,BIRMINGHAM_MOOR_STREET_DORRIDGE,Class_168,6
26/01/2026,11:51,BIRMINGHAM_MOOR_STREET_DORRIDGE,Class_168,6
26/01/2026,11:17,BIRMINGHAM_MOOR_STREET_DORRIDGE,Class_168,6
26/01/2026,10:41,BIRMINGHAM_MOOR_STREET_DORRIDGE,Class_168,6
26/01/2026,10:10,BIRMINGHAM_MOOR_STREET_DORRIDGE,Class_168,6
26/01/2026,09:57,BIRMINGHAM_MOOR_STREET_DORRIDGE,Class_168,6
26/01/2026,09:32,BIRMINGHAM_MOOR_STREET_DORRIDGE,Class_168,6
26/01/2026,08:57,BIRMINGHAM_MOOR_STREET_DORRIDGE,Class_168,6
26/01/2026,08:27,BIRMINGHAM_MOOR_STREET_DORRIDGE,Class_168,6
26/01/2026,07:58,BIRMINGHAM_MOOR_STREET_DORRIDGE,Class_168,6
26/01/2026,07:22,BIRMINGHAM_MOOR_STREET_DORRIDGE,Class_168,6
26/01/2026,07:03,BIRMINGHAM_MOOR_STREET_DORRIDGE,Class_168,6
26/01/2026,06:29,BIRMINGHAM_MOOR_STREET_DORRIDGE,Class_168,6
26/01/2026,12:50,BIRMINGHAM_MOOR_STREET_DORRIDGE,Class_168,6
26/01/2026,20:04,DORRIDGE_BIRMINGHAM_SNOW_HILL,Class_168,6
26/01/2026,06:28,BIRMINGHAM_INTERNATIONA_WOLVERHAMPTON,Class_158,2
26/01/2026,22:08,DORRIDGE_BIRMINGHAM_SNOW_HILL,Class_168,6
26/01/2026,11:46,CROSS_CITY_LINE_A,Class_730,6
26/01/2026,11:08,CROSS_CITY_LINE_A,Class_730,6
26/01/2026,10:40,CROSS_CITY_LINE_A,Class_730,6
26/01/2026,10:03,CROSS_CITY_LINE_A,Class_730,6
26/01/2026,09:50,CROSS_CITY_LINE_A,Class_730,6
26/01/2026,09:24,CROSS_CITY_LINE_A,Class_730,6
26/01/2026,08:43,CROSS_CITY_LINE_A,Class_730,6
26/01/2026,08:13,CROSS_CITY_LINE_A,Class_730,6
26/01/2026,07:49,CROSS_CITY_LINE_A,Class_730,6
26/01/2026,07:18,CROSS_CITY_LINE_A,Class_730,6
26/01/2026,07:00,CROSS_CITY_LINE_A,Class_730,6
26/01/2026,06:21,CROSS_CITY_LINE_A,Class_730,6
26/01/2026,05:33,CROSS_CITY_LINE_A,Class_730,6
26/01/2026,12:10,CROSS_CITY_LINE_A,Class_730,6
26/01/2026,05:18,CROSS_CITY_LINE_A,Class_730,6
26/01/2026,21:21,COVENTRY_STAFFORD,Class_390,11
26/01/2026,20:13,COVENTRY_STAFFORD,Class_390,11
26/01/2026,19:02,COVENTRY_STAFFORD,Class_390,11
26/01/2026,17:58,COVENTRY_STAFFORD,Class_390,11
26/01/2026,16:49,COVENTRY_STAFFORD,Class_390,11
26/01/2026,15:22,COVENTRY_STAFFORD,Class_390,11
26/01/2026,14:08,COVENTRY_STAFFORD,Class_390,11
26/01/2026,12:34,COVENTRY_STAFFORD,Class_390,11
26/01/2026,11:25,COVENTRY_STAFFORD,Class_390,11
26/01/2026,10:28,COVENTRY_STAFFORD,Class_390,11
26/01/2026,09:39,COVENTRY_STAFFORD,Class_390,11
26/01/2026,08:33,COVENTRY_STAFFORD,Class_390,11
26/01/2026,07:40,COVENTRY_STAFFORD,Class_390,11
26/01/2026,22:11,COVENTRY_STAFFORD,Class_390,11
26/01/2026,06:35,COVENTRY_STAFFORD,Class_390,11
26/01/2026,12:49,CROSS_CITY_LINE_A,Class_730,6
26/01/2026,14:17,CROSS_CITY_LINE_A,Class_730,6
26/01/2026,21:22,DORRIDGE_BIRMINGHAM_SNOW_HILL,Class_168,6
26/01/2026,09:53,CROSS_CITY_LINE_B,Class_730,6
26/01/2026,09:37,CROSS_CITY_LINE_B,Class_730,6
26/01/2026,09:08,CROSS_CITY_LINE_B,Class_730,6
26/01/2026,08:30,CROSS_CITY_LINE_B,Class_730,6
26/01/2026,08:06,CROSS_CITY_LINE_B,Class_730,6
26/01/2026,07:35,CROSS_CITY_LINE_B,Class_730,6
26/01/2026,07:08,CROSS_CITY_LINE_B,Class_730,6
26/01/2026,06:38,CROSS_CITY_LINE_B,Class_730,6
26/01/2026,05:57,CROSS_CITY_LINE_B,Class_730,6
26/01/2026,05:25,CROSS_CITY_LINE_B,Class_730,6
26/01/2026,23:24,CROSS_CITY_LINE_A,Class_730,6
26/01/2026,23:15,CROSS_CITY_LINE_A,Class_730,6
26/01/2026,13:24,CROSS_CITY_LINE_A,Class_730,6
26/01/2026,22:41,CROSS_CITY_LINE_A,Class_730,6
26/01/2026,21:57,CROSS_CITY_LINE_A,Class_730,6
26/01/2026,21:39,CROSS_CITY_LINE_A,Class_730,6
26/01/2026,21:06,CROSS_CITY_LINE_A,Class_730,6
26/01/2026,20:30,CROSS_CITY_LINE_A,Class_730,6
26/01/2026,19:50,CROSS_CITY_LINE_A,Class_730,6
26/01/2026,19:27,CROSS_CITY_LINE_A,Class_730,6
26/01/2026,18:47,CROSS_CITY_LINE_A,Class_730,6
26/01/2026,18:14,CROSS_CITY_LINE_A,Class_730,6
26/01/2026,17:26,CROSS_CITY_LINE_A,Class_730,6
26/01/2026,17:01,CROSS_CITY_LINE_A,Class_730,6
26/01/2026,16:12,CROSS_CITY_LINE_A,Class_730,6
26/01/2026,15:36,CROSS_CITY_LINE_A,Class_730,6
26/01/2026,15:02,CROSS_CITY_LINE_A,Class_730,6
26/01/2026,22:22,CROSS_CITY_LINE_A,Class_730,6
26/01/2026,22:59,STAFFORD_COVENTRY,Class_390,11
26/01/2026,10:46,CROSS_CITY_LINE_B,Class_730,6
26/01/2026,21:23,STAFFORD_COVENTRY,Class_390,11
26/01/2026,07:43,RUGBY_BIRMINGHAM_NEW_STREET,Class_390,7
26/01/2026,20:18,BIRMINGHAM_NEW_STREET_RUGBY,Class_390,7
26/01/2026,19:05,BIRMINGHAM_NEW_STREET_RUGBY,Class_390,7
26/01/2026,17:52,BIRMINGHAM_NEW_STREET_RUGBY,Class_390,7
26/01/2026,16:46,BIRMINGHAM_NEW_STREET_RUGBY,Class_390,7
26/01/2026,22:59,DORRIDGE_BIRMINGHAM_SNOW_HILL,Class_168,6
26/01/2026,15:18,BIRMINGHAM_NEW_STREET_RUGBY,Class_390,7
26/01/2026,14:08,BIRMINGHAM_NEW_STREET_RUGBY,Class_390,7
26/01/2026,12:42,BIRMINGHAM_NEW_STREET_RUGBY,Class_390,7
26/01/2026,11:26,BIRMINGHAM_NEW_STREET_RUGBY,Class_390,7
26/01/2026,10:36,BIRMINGHAM_NEW_STREET_RUGBY,Class_390,7
26/01/2026,08:31,BIRMINGHAM_NEW_STREET_RUGBY,Class_390,7
26/01/2026,07:30,BIRMINGHAM_NEW_STREET_RUGBY,Class_390,7
26/01/2026,06:53,BIRMINGHAM_NEW_STREET_RUGBY,Class_390,7
26/01/2026,23:01,RUGBY_WOLVERHAMPTON,Class_390,11
26/01/2026,21:16,RUGBY_WOLVERHAMPTON,Class_390,11
26/01/2026,19:50,RUGBY_WOLVERHAMPTON,Class_390,11
26/01/2026,05:37,WOLVERHAMPTON_COVENTRY,Class_390,11
26/01/2026,05:18,WOLVERHAMPTON_COVENTRY,Class_390,11
26/01/2026,05:04,WOLVERHAMPTON_COVENTRY,Class_390,11
26/01/2026,05:01,WOLVERHAMPTON_COVENTRY,Class_390,11
26/01/2026,23:22,DORRIDGE_STOURBRIDGE_JUNCTION,Class_168,6
26/01/2026,21:30,DORRIDGE_STOURBRIDGE_JUNCTION,Class_168,6
26/01/2026,18:54,DORRIDGE_STOURBRIDGE_JUNCTION,Class_168,6
26/01/2026,05:28,STOURBRIDGE_JUNCTION_DORRIDGE,Class_168,6
26/01/2026,23:33,DORRIDGE_BIRMINGHAM_SNOW_HILL,Class_168,6
26/01/2026,22:12,STAFFORD_COVENTRY,Class_390,11
26/01/2026,08:27,RUGBY_BIRMINGHAM_NEW_STREET,Class_390,7
26/01/2026,09:12,RUGBY_BIRMINGHAM_NEW_STREET,Class_390,7
26/01/2026,09:38,BIRMINGHAM_NEW_STREET_RUGBY,Class_390,7
26/01/2026,09:59,RUGBY_BIRMINGHAM_NEW_STREET,Class_390,7
26/01/2026,20:23,STAFFORD_COVENTRY,Class_390,11
26/01/2026,09:33,RUGBY_BIRMINGHAM_NEW_STREET,Class_390,7
26/01/2026,18:01,STAFFORD_COVENTRY,Class_390,11
26/01/2026,16:50,STAFFORD_COVENTRY,Class_390,11
26/01/2026,15:26,STAFFORD_COVENTRY,Class_390,11
26/01/2026,14:00,STAFFORD_COVENTRY,Class_390,11
26/01/2026,12:41,STAFFORD_COVENTRY,Class_390,11
26/01/2026,11:26,STAFFORD_COVENTRY,Class_390,11
26/01/2026,10:31,STAFFORD_COVENTRY,Class_390,11
26/01/2026,09:40,STAFFORD_COVENTRY,Class_390,11
26/01/2026,08:34,STAFFORD_COVENTRY,Class_390,11
26/01/2026,07:31,STAFFORD_COVENTRY,Class_390,11
26/01/2026,06:44,STAFFORD_COVENTRY,Class_390,11
26/01/2026,18:54,RUGBY_BIRMINGHAM_NEW_STREET,Class_390,7
26/01/2026,19:06,STAFFORD_COVENTRY,Class_390,11
26/01/2026,17:56,RUGBY_BIRMINGHAM_NEW_STREET,Class_390,7
26/01/2026,18:38,RUGBY_BIRMINGHAM_NEW_STREET,Class_390,7
26/01/2026,11:22,RUGBY_BIRMINGHAM_NEW_STREET,Class_390,7
26/01/2026,12:02,RUGBY_BIRMINGHAM_NEW_STREET,Class_390,7
26/01/2026,12:36,RUGBY_BIRMINGHAM_NEW_STREET,Class_390,7
26/01/2026,13:16,RUGBY_BIRMINGHAM_NEW_STREET,Class_390,7
26/01/2026,13:45,RUGBY_BIRMINGHAM_NEW_STREET,Class_390,7
26/01/2026,10:58,RUGBY_BIRMINGHAM_NEW_STREET,Class_390,7
26/01/2026,15:18,RUGBY_BIRMINGHAM_NEW_STREET,Class_390,7
26/01/2026,16:04,RUGBY_BIRMINGHAM_NEW_STREET,Class_390,7
26/01/2026,16:34,RUGBY_BIRMINGHAM_NEW_STREET,Class_390,7
26/01/2026,17:18,RUGBY_BIRMINGHAM_NEW_STREET,Class_390,7
26/01/2026,10:23,RUGBY_BIRMINGHAM_NEW_STREET,Class_390,7
26/01/2026,14:41,RUGBY_BIRMINGHAM_NEW_STREET,Class_390,7
27/01/2026,19:20,FOUR_OAKS_REDDITCH,Class_730,6
27/01/2026,20:00,FOUR_OAKS_REDDITCH,Class_730,6
27/01/2026,20:42,FOUR_OAKS_REDDITCH,Class_730,6
27/01/2026,21:18,FOUR_OAKS_REDDITCH,Class_730,6
27/01/2026,23:03,FOUR_OAKS_REDDITCH,Class_730,6
27/01/2026,22:35,FOUR_OAKS_REDDITCH,Class_730,6
27/01/2026,23:18,FOUR_OAKS_REDDITCH,Class_730,6
27/01/2026,05:25,RUGELEY_TRENT_VALLEY_BIRMINGHAM_INTERNATIONAL,Class_730,3
27/01/2026,05:37,RUGELEY_TRENT_VALLEY_BIRMINGHAM_INTERNATIONAL,Class_730,3
27/01/2026,18:49,FOUR_OAKS_REDDITCH,Class_730,6
27/01/2026,21:54,FOUR_OAKS_REDDITCH,Class_730,6
27/01/2026,18:14,FOUR_OAKS_REDDITCH,Class_730,6
27/01/2026,14:12,FOUR_OAKS_REDDITCH,Class_730,6
27/01/2026,17:03,FOUR_OAKS_REDDITCH,Class_730,6
27/01/2026,16:33,FOUR_OAKS_REDDITCH,Class_730,6
27/01/2026,15:44,FOUR_OAKS_REDDITCH,Class_730,6
27/01/2026,15:05,FOUR_OAKS_REDDITCH,Class_730,6
27/01/2026,14:44,FOUR_OAKS_REDDITCH,Class_730,6
27/01/2026,13:37,FOUR_OAKS_REDDITCH,Class_730,6
27/01/2026,13:02,FOUR_OAKS_REDDITCH,Class_730,6
27/01/2026,12:31,FOUR_OAKS_REDDITCH,Class_730,6
27/01/2026,12:08,FOUR_OAKS_REDDITCH,Class_730,6
27/01/2026,11:41,FOUR_OAKS_REDDITCH,Class_730,6
27/01/2026,10:43,FOUR_OAKS_REDDITCH,Class_730,6
27/01/2026,10:15,FOUR_OAKS_REDDITCH,Class_730,6
27/01/2026,06:13,RUGELEY_TRENT_VALLEY_BIRMINGHAM_INTERNATIONAL,Class_730,3
27/01/2026,17:52,FOUR_OAKS_REDDITCH,Class_730,6
27/01/2026,06:46,RUGELEY_TRENT_VALLEY_BIRMINGHAM_INTERNATIONAL,Class_730,3
27/01/2026,06:15,BIRMINGHAM_INTERNATIONAL_RUGELEY_TRENT_VALLEY,Class_730,3
27/01/2026,07:55,RUGELEY_TRENT_VALLEY_BIRMINGHAM_INTERNATIONAL,Class_730,3
27/01/2026,06:47,BIRMINGHAM_INTERNATIONAL_RUGELEY_TRENT_VALLEY,Class_730,3
27/01/2026,09:57,FOUR_OAKS_REDDITCH,Class_730,6
27/01/2026,05:57,BIRMINGHAM_INTERNATIONAL_RUGELEY_TRENT_VALLEY,Class_730,3
27/01/2026,22:12,RUGELEY_TRENT_VALLEY_BIRMINGHAM_INTERNATIONAL,Class_730,3
27/01/2026,21:33,RUGELEY_TRENT_VALLEY_BIRMINGHAM_INTERNATIONAL,Class_730,3
27/01/2026,20:50,RUGELEY_TRENT_VALLEY_BIRMINGHAM_INTERNATIONAL,Class_730,3
27/01/2026,20:07,RUGELEY_TRENT_VALLEY_BIRMINGHAM_INTERNATIONAL,Class_730,3
27/01/2026,19:26,RUGELEY_TRENT_VALLEY_BIRMINGHAM_INTERNATIONAL,Class_730,3
27/01/2026,18:58,RUGELEY_TRENT_VALLEY_BIRMINGHAM_INTERNATIONAL,Class_730,3
27/01/2026,18:35,RUGELEY_TRENT_VALLEY_BIRMINGHAM_INTERNATIONAL,Class_730,3
27/01/2026,17:52,RUGELEY_TRENT_VALLEY_BIRMINGHAM_INTERNATIONAL,Class_730,3
27/01/2026,17:20,RUGELEY_TRENT_VALLEY_BIRMINGHAM_INTERNATIONAL,Class_730,3
27/01/2026,16:43,RUGELEY_TRENT_VALLEY_BIRMINGHAM_INTERNATIONAL,Class_730,3
27/01/2026,07:02,RUGELEY_TRENT_VALLEY_BIRMINGHAM_INTERNATIONAL,Class_730,3
27/01/2026,15:49,RUGELEY_TRENT_VALLEY_BIRMINGHAM_INTERNATIONAL,Class_730,3
27/01/2026,14:54,RUGELEY_TRENT_VALLEY_BIRMINGHAM_INTERNATIONAL,Class_730,3
27/01/2026,14:13,RUGELEY_TRENT_VALLEY_BIRMINGHAM_INTERNATIONAL,Class_730,3
27/01/2026,13:51,RUGELEY_TRENT_VALLEY_BIRMINGHAM_INTERNATIONAL,Class_730,3
27/01/2026,13:17,RUGELEY_TRENT_VALLEY_BIRMINGHAM_INTERNATIONAL,Class_730,3
27/01/2026,12:43,RUGELEY_TRENT_VALLEY_BIRMINGHAM_INTERNATIONAL,Class_730,3
27/01/2026,12:20,RUGELEY_TRENT_VALLEY_BIRMINGHAM_INTERNATIONAL,Class_730,3
27/01/2026,11:36,RUGELEY_TRENT_VALLEY_BIRMINGHAM_INTERNATIONAL,Class_730,3
27/01/2026,10:53,RUGELEY_TRENT_VALLEY_BIRMINGHAM_INTERNATIONAL,Class_730,3
27/01/2026,10:17,RUGELEY_TRENT_VALLEY_BIRMINGHAM_INTERNATIONAL,Class_730,3
27/01/2026,09:59,RUGELEY_TRENT_VALLEY_BIRMINGHAM_INTERNATIONAL,Class_730,3
27/01/2026,09:17,RUGELEY_TRENT_VALLEY_BIRMINGHAM_INTERNATIONAL,Class_730,3
27/01/2026,08:46,RUGELEY_TRENT_VALLEY_BIRMINGHAM_INTERNATIONAL,Class_730,3
27/01/2026,08:24,RUGELEY_TRENT_VALLEY_BIRMINGHAM_INTERNATIONAL,Class_730,3
27/01/2026,15:20,RUGELEY_TRENT_VALLEY_BIRMINGHAM_INTERNATIONAL,Class_730,3
27/01/2026,09:12,FOUR_OAKS_REDDITCH,Class_730,6
27/01/2026,12:24,REDDITCH_FOUR_OAKS,Class_730,6
27/01/2026,08:07,FOUR_OAKS_REDDITCH,Class_730,6
27/01/2026,09:03,REDDITCH_FOUR_OAKS,Class_730,6
27/01/2026,08:35,REDDITCH_FOUR_OAKS,Class_730,6
27/01/2026,08:01,REDDITCH_FOUR_OAKS,Class_730,6
27/01/2026,07:25,REDDITCH_FOUR_OAKS,Class_730,6
27/01/2026,06:52,REDDITCH_FOUR_OAKS,Class_730,6
27/01/2026,06:21,REDDITCH_FOUR_OAKS,Class_730,6
27/01/2026,06:00,REDDITCH_FOUR_OAKS,Class_730,6
27/01/2026,05:32,REDDITCH_FOUR_OAKS,Class_730,6
27/01/2026,05:16,REDDITCH_FOUR_OAKS,Class_730,6
27/01/2026,22:47,CROSS_CITY_LINE_B,Class_730,6
27/01/2026,22:19,CROSS_CITY_LINE_B,Class_730,6
27/01/2026,21:33,CROSS_CITY_LINE_B,Class_730,6
27/01/2026,20:33,CROSS_CITY_LINE_B,Class_730,6
27/01/2026,09:47,REDDITCH_FOUR_OAKS,Class_730,6
27/01/2026,20:08,CROSS_CITY_LINE_B,Class_730,6
27/01/2026,18:51,CROSS_CITY_LINE_B,Class_730,6
27/01/2026,18:29,CROSS_CITY_LINE_B,Class_730,6
27/01/2026,17:57,CROSS_CITY_LINE_B,Class_730,6
27/01/2026,17:06,CROSS_CITY_LINE_B,Class_730,6
27/01/2026,16:40,CROSS_CITY_LINE_B,Class_730,6
27/01/2026,16:04,CROSS_CITY_LINE_B,Class_730,6
27/01/2026,15:23,CROSS_CITY_LINE_B,Class_730,6
27/01/2026,14:44,CROSS_CITY_LINE_B,Class_730,6
27/01/2026,14:14,CROSS_CITY_LINE_B,Class_730,6
27/01/2026,13:51,CROSS_CITY_LINE_B,Class_730,6
27/01/2026,13:12,CROSS_CITY_LINE_B,Class_730,6
27/01/2026,12:35,CROSS_CITY_LINE_B,Class_730,6
27/01/2026,12:13,CROSS_CITY_LINE_B,Class_730,6
27/01/2026,19:28,CROSS_CITY_LINE_B,Class_730,6
27/01/2026,10:11,REDDITCH_FOUR_OAKS,Class_730,6
27/01/2026,10:35,REDDITCH_FOUR_OAKS,Class_730,6
27/01/2026,11:02,REDDITCH_FOUR_OAKS,Class_730,6
27/01/2026,07:54,FOUR_OAKS_REDDITCH,Class_730,6
27/01/2026,07:01,FOUR_OAKS_REDDITCH,Class_730,6
27/01/2026,06:40,FOUR_OAKS_REDDITCH,Class_730,6
27/01/2026,06:10,FOUR_OAKS_REDDITCH,Class_730,6
27/01/2026,05:35,FOUR_OAKS_REDDITCH,Class_730,6
27/01/2026,05:22,FOUR_OAKS_REDDITCH,Class_730,6
27/01/2026,05:04,FOUR_OAKS_REDDITCH,Class_730,6
27/01/2026,23:25,REDDITCH_FOUR_OAKS,Class_730,6
27/01/2026,23:06,REDDITCH_FOUR_OAKS,Class_730,6
27/01/2026,22:51,REDDITCH_FOUR_OAKS,Class_730,6
27/01/2026,22:22,REDDITCH_FOUR_OAKS,Class_730,6
27/01/2026,21:40,REDDITCH_FOUR_OAKS,Class_730,6
27/01/2026,21:02,REDDITCH_FOUR_OAKS,Class_730,6
27/01/2026,20:17,REDDITCH_FOUR_OAKS,Class_730,6
27/01/2026,19:49,REDDITCH_FOUR_OAKS,Class_730,6
27/01/2026,19:01,REDDITCH_FOUR_OAKS,Class_730,6
27/01/2026,18:41,REDDITCH_FOUR_OAKS,Class_730,6
27/01/2026,18:07,REDDITCH_FOUR_OAKS,Class_730,6
27/01/2026,17:44,REDDITCH_FOUR_OAKS,Class_730,6
27/01/2026,16:54,REDDITCH_FOUR_OAKS,Class_730,6
27/01/2026,16:14,REDDITCH_FOUR_OAKS,Class_730,6
27/01/2026,15:31,REDDITCH_FOUR_OAKS,Class_730,6
27/01/2026,14:58,REDDITCH_FOUR_OAKS,Class_730,6
27/01/2026,14:24,REDDITCH_FOUR_OAKS,Class_730,6
27/01/2026,14:01,REDDITCH_FOUR_OAKS,Class_730,6
27/01/2026,13:25,REDDITCH_FOUR_OAKS,Class_730,6
27/01/2026,12:49,REDDITCH_FOUR_OAKS,Class_730,6
27/01/2026,07:08,BIRMINGHAM_INTERNATIONAL_RUGELEY_TRENT_VALLEY,Class_730,3
27/01/2026,11:54,REDDITCH_FOUR_OAKS,Class_730,6
27/01/2026,08:45,FOUR_OAKS_REDDITCH,Class_730,6
27/01/2026,07:57,BIRMINGHAM_INTERNATIONAL_RUGELEY_TRENT_VALLEY,Class_730,3
27/01/2026,08:50,NORTHAMPTON_BIRMINGHAM_NEW_STREET,Class_350,5
27/01/2026,08:55,BIRMINGHAM_INTERNATIONAL_RUGELEY_TRENT_VALLEY,Class_730,3
27/01/2026,06:01,WALSALL_WOLVERHAMPTON,Class_732,3
27/01/2026,05:33,WALSALL_WOLVERHAMPTON,Class_731,3
27/01/2026,05:19,WALSALL_WOLVERHAMPTON,Class_730,3
27/01/2026,23:06,WOLVERHAMPTON_WALSALL,Class_730,3
27/01/2026,22:51,WOLVERHAMPTON_WALSALL,Class_730,3
27/01/2026,22:29,WOLVERHAMPTON_WALSALL,Class_730,3
27/01/2026,21:38,WOLVERHAMPTON_WALSALL,Class_730,3
27/01/2026,20:58,WOLVERHAMPTON_WALSALL,Class_730,3
27/01/2026,20:18,WOLVERHAMPTON_WALSALL,Class_730,3
27/01/2026,19:45,WOLVERHAMPTON_WALSALL,Class_730,3
27/01/2026,19:00,WOLVERHAMPTON_WALSALL,Class_730,3
27/01/2026,18:42,WOLVERHAMPTON_WALSALL,Class_730,3
27/01/2026,18:02,WOLVERHAMPTON_WALSALL,Class_730,3
27/01/2026,17:38,WOLVERHAMPTON_WALSALL,Class_730,3
27/01/2026,16:50,WOLVERHAMPTON_WALSALL,Class_730,3
27/01/2026,16:13,WOLVERHAMPTON_WALSALL,Class_730,3
27/01/2026,15:24,WOLVERHAMPTON_WALSALL,Class_730,3
27/01/2026,14:58,WOLVERHAMPTON_WALSALL,Class_730,3
27/01/2026,14:19,WOLVERHAMPTON_WALSALL,Class_730,3
27/01/2026,13:59,WOLVERHAMPTON_WALSALL,Class_730,3
27/01/2026,13:20,WOLVERHAMPTON_WALSALL,Class_730,3
27/01/2026,12:50,WOLVERHAMPTON_WALSALL,Class_730,3
27/01/2026,12:23,WOLVERHAMPTON_WALSALL,Class_730,3
27/01/2026,11:52,WOLVERHAMPTON_WALSALL,Class_730,3
27/01/2026,11:03,WOLVERHAMPTON_WALSALL,Class_730,3
27/01/2026,10:31,WOLVERHAMPTON_WALSALL,Class_730,3
27/01/2026,10:10,WOLVERHAMPTON_WALSALL,Class_730,3
27/01/2026,06:33,WALSALL_WOLVERHAMPTON,Class_733,3
27/01/2026,06:51,WALSALL_WOLVERHAMPTON,Class_734,3
27/01/2026,07:27,WALSALL_WOLVERHAMPTON,Class_735,3
27/01/2026,08:00,WALSALL_WOLVERHAMPTON,Class_736,3
27/01/2026,23:05,WALSALL_WOLVERHAMPTON,Class_763,3
27/01/2026,11:47,CROSS_CITY_LINE_B,Class_730,6
27/01/2026,22:51,WALSALL_WOLVERHAMPTON,Class_762,3
27/01/2026,22:30,WALSALL_WOLVERHAMPTON,Class_761,3
27/01/2026,21:43,WALSALL_WOLVERHAMPTON,Class_760,3
27/01/2026,21:00,WALSALL_WOLVERHAMPTON,Class_759,3
27/01/2026,20:14,WALSALL_WOLVERHAMPTON,Class_758,3
27/01/2026,19:45,WALSALL_WOLVERHAMPTON,Class_757,3
27/01/2026,19:05,WALSALL_WOLVERHAMPTON,Class_756,3
27/01/2026,18:41,WALSALL_WOLVERHAMPTON,Class_755,3
27/01/2026,18:04,WALSALL_WOLVERHAMPTON,Class_754,3
27/01/2026,17:41,WALSALL_WOLVERHAMPTON,Class_753,3
27/01/2026,16:51,WALSALL_WOLVERHAMPTON,Class_752,3
27/01/2026,09:43,WOLVERHAMPTON_WALSALL,Class_730,3
27/01/2026,16:13,WALSALL_WOLVERHAMPTON,Class_751,3
27/01/2026,14:59,WALSALL_WOLVERHAMPTON,Class_749,3
27/01/2026,14:21,WALSALL_WOLVERHAMPTON,Class_748,3
27/01/2026,14:01,WALSALL_WOLVERHAMPTON,Class_747,3
27/01/2026,13:22,WALSALL_WOLVERHAMPTON,Class_746,3
27/01/2026,12:55,WALSALL_WOLVERHAMPTON,Class_745,3
27/01/2026,12:24,WALSALL_WOLVERHAMPTON,Class_744,3
27/01/2026,11:56,WALSALL_WOLVERHAMPTON,Class_743,3
27/01/2026,11:03,WALSALL_WOLVERHAMPTON,Class_742,3
27/01/2026,10:35,WALSALL_WOLVERHAMPTON,Class_741,3
27/01/2026,10:09,WALSALL_WOLVERHAMPTON,Class_740,3
27/01/2026,09:43,WALSALL_WOLVERHAMPTON,Class_739,3
27/01/2026,09:03,WALSALL_WOLVERHAMPTON,Class_738,3
27/01/2026,08:38,WALSALL_WOLVERHAMPTON,Class_737,3
27/01/2026,15:32,WALSALL_WOLVERHAMPTON,Class_750,3
27/01/2026,08:57,WOLVERHAMPTON_WALSALL,Class_730,3
27/01/2026,08:38,WOLVERHAMPTON_WALSALL,Class_730,3
27/01/2026,08:01,WOLVERHAMPTON_WALSALL,Class_730,3
27/01/2026,10:02,NORTHAMPTON_BIRMINGHAM_NEW_STREET,Class_350,5
27/01/2026,07:57,NORTHAMPTON_BIRMINGHAM_NEW_STREET,Class_350,5
27/01/2026,06:49,NORTHAMPTON_BIRMINGHAM_NEW_STREET,Class_350,5
27/01/2026,05:56,NORTHAMPTON_BIRMINGHAM_NEW_STREET,Class_350,5
27/01/2026,05:08,NORTHAMPTON_BIRMINGHAM_NEW_STREET,Class_350,5
27/01/2026,22:19,BIRMINGHAM_INTERNATIONAL_RUGELEY_TRENT_VALLEY,Class_730,3
27/01/2026,21:35,BIRMINGHAM_INTERNATIONAL_RUGELEY_TRENT_VALLEY,Class_730,3
27/01/2026,20:44,BIRMINGHAM_INTERNATIONAL_RUGELEY_TRENT_VALLEY,Class_730,3
27/01/2026,20:09,BIRMINGHAM_INTERNATIONAL_RUGELEY_TRENT_VALLEY,Class_730,3
27/01/2026,19:33,BIRMINGHAM_INTERNATIONAL_RUGELEY_TRENT_VALLEY,Class_730,3
27/01/2026,18:52,BIRMINGHAM_INTERNATIONAL_RUGELEY_TRENT_VALLEY,Class_730,3
27/01/2026,18:16,BIRMINGHAM_INTERNATIONAL_RUGELEY_TRENT_VALLEY,Class_730,3
27/01/2026,17:58,BIRMINGHAM_INTERNATIONAL_RUGELEY_TRENT_VALLEY,Class_730,3
27/01/2026,10:54,NORTHAMPTON_BIRMINGHAM_NEW_STREET,Class_350,5
27/01/2026,17:07,BIRMINGHAM_INTERNATIONAL_RUGELEY_TRENT_VALLEY,Class_730,3
27/01/2026,16:09,BIRMINGHAM_INTERNATIONAL_RUGELEY_TRENT_VALLEY,Class_730,3
27/01/2026,15:17,BIRMINGHAM_INTERNATIONAL_RUGELEY_TRENT_VALLEY,Class_730,3
27/01/2026,14:47,BIRMINGHAM_INTERNATIONAL_RUGELEY_TRENT_VALLEY,Class_730,3
27/01/2026,14:15,BIRMINGHAM_INTERNATIONAL_RUGELEY_TRENT_VALLEY,Class_730,3
27/01/2026,13:47,BIRMINGHAM_INTERNATIONAL_RUGELEY_TRENT_VALLEY,Class_730,3
27/01/2026,13:10,BIRMINGHAM_INTERNATIONAL_RUGELEY_TRENT_VALLEY,Class_730,3
27/01/2026,12:41,BIRMINGHAM_INTERNATIONAL_RUGELEY_TRENT_VALLEY,Class_730,3
27/01/2026,12:15,BIRMINGHAM_INTERNATIONAL_RUGELEY_TRENT_VALLEY,Class_730,3
27/01/2026,11:50,BIRMINGHAM_INTERNATIONAL_RUGELEY_TRENT_VALLEY,Class_730,3
27/01/2026,10:45,BIRMINGHAM_INTERNATIONAL_RUGELEY_TRENT_VALLEY,Class_730,3
27/01/2026,10:24,BIRMINGHAM_INTERNATIONAL_RUGELEY_TRENT_VALLEY,Class_730,3
27/01/2026,09:59,BIRMINGHAM_INTERNATIONAL_RUGELEY_TRENT_VALLEY,Class_730,3
27/01/2026,09:23,BIRMINGHAM_INTERNATIONAL_RUGELEY_TRENT_VALLEY,Class_730,3
27/01/2026,16:40,BIRMINGHAM_INTERNATIONAL_RUGELEY_TRENT_VALLEY,Class_730,3
27/01/2026,08:22,BIRMINGHAM_INTERNATIONAL_RUGELEY_TRENT_VALLEY,Class_730,3
27/01/2026,12:18,NORTHAMPTON_BIRMINGHAM_NEW_STREET,Class_350,5
27/01/2026,14:12,NORTHAMPTON_BIRMINGHAM_NEW_STREET,Class_350,5
27/01/2026,07:21,WOLVERHAMPTON_WALSALL,Class_730,3
27/01/2026,06:53,WOLVERHAMPTON_WALSALL,Class_730,3
27/01/2026,05:57,WOLVERHAMPTON_WALSALL,Class_730,3
27/01/2026,05:30,WOLVERHAMPTON_WALSALL,Class_730,3
27/01/2026,05:11,WOLVERHAMPTON_WALSALL,Class_730,3
27/01/2026,23:12,BIRMINGHAM_NEW_STREET_NORTHAMPTON,Class_350,8
27/01/2026,22:30,BIRMINGHAM_NEW_STREET_NORTHAMPTON,Class_350,8
27/01/2026,21:09,BIRMINGHAM_NEW_STREET_NORTHAMPTON,Class_350,8
27/01/2026,19:55,BIRMINGHAM_NEW_STREET_NORTHAMPTON,Class_350,8
27/01/2026,18:45,BIRMINGHAM_NEW_STREET_NORTHAMPTON,Class_350,8
27/01/2026,17:46,BIRMINGHAM_NEW_STREET_NORTHAMPTON,Class_350,8
27/01/2026,16:15,BIRMINGHAM_NEW_STREET_NORTHAMPTON,Class_350,8
27/01/2026,15:04,BIRMINGHAM_NEW_STREET_NORTHAMPTON,Class_350,8
27/01/2026,13:18,NORTHAMPTON_BIRMINGHAM_NEW_STREET,Class_350,5
27/01/2026,14:04,BIRMINGHAM_NEW_STREET_NORTHAMPTON,Class_350,8
27/01/2026,12:05,BIRMINGHAM_NEW_STREET_NORTHAMPTON,Class_350,8
27/01/2026,10:39,BIRMINGHAM_NEW_STREET_NORTHAMPTON,Class_350,8
27/01/2026,09:48,BIRMINGHAM_NEW_STREET_NORTHAMPTON,Class_350,8
27/01/2026,08:42,BIRMINGHAM_NEW_STREET_NORTHAMPTON,Class_350,8
27/01/2026,07:31,BIRMINGHAM_NEW_STREET_NORTHAMPTON,Class_350,8
27/01/2026,06:37,BIRMINGHAM_NEW_STREET_NORTHAMPTON,Class_350,8
27/01/2026,22:46,NORTHAMPTON_BIRMINGHAM_NEW_STREET,Class_350,5
27/01/2026,21:30,NORTHAMPTON_BIRMINGHAM_NEW_STREET,Class_350,5
27/01/2026,20:07,NORTHAMPTON_BIRMINGHAM_NEW_STREET,Class_350,5
27/01/2026,19:00,NORTHAMPTON_BIRMINGHAM_NEW_STREET,Class_350,5
27/01/2026,17:56,NORTHAMPTON_BIRMINGHAM_NEW_STREET,Class_350,5
27/01/2026,16:44,NORTHAMPTON_BIRMINGHAM_NEW_STREET,Class_350,5
27/01/2026,15:14,NORTHAMPTON_BIRMINGHAM_NEW_STREET,Class_350,5
27/01/2026,12:56,BIRMINGHAM_NEW_STREET_NORTHAMPTON,Class_350,8
27/01/2026,06:25,WOLVERHAMPTON_WALSALL,Class_730,3
27/01/2026,10:56,CROSS_CITY_LINE_B,Class_730,6
27/01/2026,10:09,CROSS_CITY_LINE_B,Class_730,6
27/01/2026,18:14,DORRIDGE_BIRMINGHAM_MOOR_STREET,Class_168,6
27/01/2026,17:56,DORRIDGE_BIRMINGHAM_MOOR_STREET,Class_168,6
27/01/2026,17:06,DORRIDGE_BIRMINGHAM_MOOR_STREET,Class_168,6
27/01/2026,16:37,DORRIDGE_BIRMINGHAM_MOOR_STREET,Class_168,6
27/01/2026,16:05,DORRIDGE_BIRMINGHAM_MOOR_STREET,Class_168,6
27/01/2026,15:17,DORRIDGE_BIRMINGHAM_MOOR_STREET,Class_168,6
27/01/2026,14:50,DORRIDGE_BIRMINGHAM_MOOR_STREET,Class_168,6
27/01/2026,14:09,DORRIDGE_BIRMINGHAM_MOOR_STREET,Class_168,6
27/01/2026,13:43,DORRIDGE_BIRMINGHAM_MOOR_STREET,Class_168,6
27/01/2026,12:57,DORRIDGE_BIRMINGHAM_MOOR_STREET,Class_168,6
27/01/2026,12:36,DORRIDGE_BIRMINGHAM_MOOR_STREET,Class_168,6
27/01/2026,12:18,DORRIDGE_BIRMINGHAM_MOOR_STREET,Class_168,6
27/01/2026,11:27,DORRIDGE_BIRMINGHAM_MOOR_STREET,Class_168,6
27/01/2026,10:49,DORRIDGE_BIRMINGHAM_MOOR_STREET,Class_168,6
27/01/2026,10:16,DORRIDGE_BIRMINGHAM_MOOR_STREET,Class_168,6
27/01/2026,09:58,DORRIDGE_BIRMINGHAM_MOOR_STREET,Class_168,6
27/01/2026,09:25,DORRIDGE_BIRMINGHAM_MOOR_STREET,Class_168,6
27/01/2026,08:54,DORRIDGE_BIRMINGHAM_MOOR_STREET,Class_168,6
27/01/2026,08:31,DORRIDGE_BIRMINGHAM_MOOR_STREET,Class_168,6
27/01/2026,07:40,DORRIDGE_BIRMINGHAM_MOOR_STREET,Class_168,6
27/01/2026,07:01,DORRIDGE_BIRMINGHAM_MOOR_STREET,Class_168,6
27/01/2026,06:43,DORRIDGE_BIRMINGHAM_MOOR_STREET,Class_168,6
27/01/2026,06:07,DORRIDGE_BIRMINGHAM_MOOR_STREET,Class_168,6
27/01/2026,05:46,DORRIDGE_BIRMINGHAM_MOOR_STREET,Class_168,6
27/01/2026,23:31,BIRMINGHAM_MOOR_STREET_DORRIDGE,Class_168,6
27/01/2026,23:19,BIRMINGHAM_MOOR_STREET_DORRIDGE,Class_168,6
27/01/2026,22:56,BIRMINGHAM_MOOR_STREET_DORRIDGE,Class_168,6
27/01/2026,18:58,DORRIDGE_BIRMINGHAM_MOOR_STREET,Class_168,6
27/01/2026,19:21,DORRIDGE_BIRMINGHAM_MOOR_STREET,Class_168,6
27/01/2026,20:04,DORRIDGE_BIRMINGHAM_MOOR_STREET,Class_168,6
27/01/2026,20:28,DORRIDGE_BIRMINGHAM_MOOR_STREET,Class_168,6
27/01/2026,14:52,DORRIDGE_BIRMINGHAM_SNOW_HILL,Class_168,6
27/01/2026,13:45,DORRIDGE_BIRMINGHAM_SNOW_HILL,Class_168,6
27/01/2026,12:38,DORRIDGE_BIRMINGHAM_SNOW_HILL,Class_168,6
27/01/2026,11:42,DORRIDGE_BIRMINGHAM_SNOW_HILL,Class_168,6
27/01/2026,10:23,DORRIDGE_BIRMINGHAM_SNOW_HILL,Class_168,6
27/01/2026,09:29,DORRIDGE_BIRMINGHAM_SNOW_HILL,Class_168,6
27/01/2026,08:14,DORRIDGE_BIRMINGHAM_SNOW_HILL,Class_168,6
27/01/2026,23:30,BIRMINGHAM_SNOW_HILL_DORRIDGE,Class_168,6
27/01/2026,22:55,BIRMINGHAM_SNOW_HILL_DORRIDGE,Class_168,6
27/01/2026,21:51,BIRMINGHAM_SNOW_HILL_DORRIDGE,Class_168,6
27/01/2026,20:27,BIRMINGHAM_SNOW_HILL_DORRIDGE,Class_168,6
27/01/2026,19:05,BIRMINGHAM_SNOW_HILL_DORRIDGE,Class_168,6
27/01/2026,18:14,BIRMINGHAM_SNOW_HILL_DORRIDGE,Class_168,6
27/01/2026,22:07,BIRMINGHAM_MOOR_STREET_DORRIDGE,Class_168,6
27/01/2026,16:56,BIRMINGHAM_SNOW_HILL_DORRIDGE,Class_168,6
27/01/2026,14:33,BIRMINGHAM_SNOW_HILL_DORRIDGE,Class_168,6
27/01/2026,13:40,BIRMINGHAM_SNOW_HILL_DORRIDGE,Class_168,6
27/01/2026,12:34,BIRMINGHAM_SNOW_HILL_DORRIDGE,Class_168,6
27/01/2026,11:15,BIRMINGHAM_SNOW_HILL_DORRIDGE,Class_168,6
27/01/2026,10:12,BIRMINGHAM_SNOW_HILL_DORRIDGE,Class_168,6
27/01/2026,09:07,BIRMINGHAM_SNOW_HILL_DORRIDGE,Class_168,6
27/01/2026,08:02,BIRMINGHAM_SNOW_HILL_DORRIDGE,Class_168,6
27/01/2026,23:30,DORRIDGE_BIRMINGHAM_MOOR_STREET,Class_168,6
27/01/2026,23:22,DORRIDGE_BIRMINGHAM_MOOR_STREET,Class_168,6
27/01/2026,22:59,DORRIDGE_BIRMINGHAM_MOOR_STREET,Class_168,6
27/01/2026,22:37,DORRIDGE_BIRMINGHAM_MOOR_STREET,Class_168,6
27/01/2026,21:57,DORRIDGE_BIRMINGHAM_MOOR_STREET,Class_168,6
27/01/2026,21:18,DORRIDGE_BIRMINGHAM_MOOR_STREET,Class_168,6
27/01/2026,15:32,BIRMINGHAM_SNOW_HILL_DORRIDGE,Class_168,6
27/01/2026,15:45,DORRIDGE_BIRMINGHAM_SNOW_HILL,Class_168,6
27/01/2026,21:29,BIRMINGHAM_MOOR_STREET_DORRIDGE,Class_168,6
27/01/2026,20:11,BIRMINGHAM_MOOR_STREET_DORRIDGE,Class_168,6
27/01/2026,19:17,WOLVERHAMPTON_BIRMINGHAM_INTERNATIONAL,Class_158,2
27/01/2026,18:12,WOLVERHAMPTON_BIRMINGHAM_INTERNATIONAL,Class_158,2
27/01/2026,16:57,WOLVERHAMPTON_BIRMINGHAM_INTERNATIONAL,Class_158,2
27/01/2026,15:38,WOLVERHAMPTON_BIRMINGHAM_INTERNATIONAL,Class_158,2
27/01/2026,14:30,WOLVERHAMPTON_BIRMINGHAM_INTERNATIONAL,Class_158,2
27/01/2026,13:27,WOLVERHAMPTON_BIRMINGHAM_INTERNATIONAL,Class_158,2
27/01/2026,12:27,WOLVERHAMPTON_BIRMINGHAM_INTERNATIONAL,Class_158,2
27/01/2026,11:23,WOLVERHAMPTON_BIRMINGHAM_INTERNATIONAL,Class_158,2
27/01/2026,10:12,WOLVERHAMPTON_BIRMINGHAM_INTERNATIONAL,Class_158,2
27/01/2026,09:05,WOLVERHAMPTON_BIRMINGHAM_INTERNATIONAL,Class_158,2
27/01/2026,06:53,WOLVERHAMPTON_BIRMINGHAM_INTERNATIONAL,Class_158,2
27/01/2026,06:07,WOLVERHAMPTON_BIRMINGHAM_INTERNATIONAL,Class_158,2
27/01/2026,05:14,WOLVERHAMPTON_BIRMINGHAM_INTERNATIONAL,Class_158,2
27/01/2026,19:13,BIRMINGHAM_INTERNATIONA_WOLVERHAMPTON,Class_158,2
27/01/2026,18:09,BIRMINGHAM_INTERNATIONA_WOLVERHAMPTON,Class_158,2
27/01/2026,16:54,BIRMINGHAM_INTERNATIONA_WOLVERHAMPTON,Class_158,2
27/01/2026,15:39,BIRMINGHAM_INTERNATIONA_WOLVERHAMPTON,Class_158,2
27/01/2026,14:36,BIRMINGHAM_INTERNATIONA_WOLVERHAMPTON,Class_158,2
27/01/2026,13:34,BIRMINGHAM_INTERNATIONA_WOLVERHAMPTON,Class_158,2
27/01/2026,12:27,BIRMINGHAM_INTERNATIONA_WOLVERHAMPTON,Class_158,2
27/01/2026,11:07,BIRMINGHAM_INTERNATIONA_WOLVERHAMPTON,Class_158,2
27/01/2026,10:13,BIRMINGHAM_INTERNATIONA_WOLVERHAMPTON,Class_158,2
27/01/2026,09:04,BIRMINGHAM_INTERNATIONA_WOLVERHAMPTON,Class_158,2
27/01/2026,08:01,BIRMINGHAM_INTERNATIONA_WOLVERHAMPTON,Class_158,2
27/01/2026,07:00,BIRMINGHAM_INTERNATIONA_WOLVERHAMPTON,Class_158,2
27/01/2026,06:02,BIRMINGHAM_INTERNATIONA_WOLVERHAMPTON,Class_158,2
27/01/2026,10:26,CROSS_CITY_LINE_B,Class_730,6
27/01/2026,20:30,WOLVERHAMPTON_BIRMINGHAM_INTERNATIONAL,Class_158,2
27/01/2026,21:52,WOLVERHAMPTON_BIRMINGHAM_INTERNATIONAL,Class_158,2
27/01/2026,22:56,WOLVERHAMPTON_BIRMINGHAM_INTERNATIONAL,Class_158,2
27/01/2026,05:01,BIRMINGHAM_MOOR_STREET_DORRIDGE,Class_168,6
27/01/2026,19:27,BIRMINGHAM_MOOR_STREET_DORRIDGE,Class_168,6
27/01/2026,18:48,BIRMINGHAM_MOOR_STREET_DORRIDGE,Class_168,6
27/01/2026,18:24,BIRMINGHAM_MOOR_STREET_DORRIDGE,Class_168,6
27/01/2026,17:50,BIRMINGHAM_MOOR_STREET_DORRIDGE,Class_168,6
27/01/2026,17:08,BIRMINGHAM_MOOR_STREET_DORRIDGE,Class_168,6
27/01/2026,16:31,BIRMINGHAM_MOOR_STREET_DORRIDGE,Class_168,6
27/01/2026,15:48,BIRMINGHAM_MOOR_STREET_DORRIDGE,Class_168,6
27/01/2026,15:08,BIRMINGHAM_MOOR_STREET_DORRIDGE,Class_168,6
27/01/2026,14:44,BIRMINGHAM_MOOR_STREET_DORRIDGE,Class_168,6
27/01/2026,14:08,BIRMINGHAM_MOOR_STREET_DORRIDGE,Class_168,6
27/01/2026,13:45,BIRMINGHAM_MOOR_STREET_DORRIDGE,Class_168,6
27/01/2026,12:56,BIRMINGHAM_MOOR_STREET_DORRIDGE,Class_168,6
27/01/2026,12:34,BIRMINGHAM_MOOR_STREET_DORRIDGE,Class_168,6
27/01/2026,20:33,BIRMINGHAM_MOOR_STREET_DORRIDGE,Class_168,6
27/01/2026,12:11,BIRMINGHAM_MOOR_STREET_DORRIDGE,Class_168,6
27/01/2026,10:42,BIRMINGHAM_MOOR_STREET_DORRIDGE,Class_168,6
27/01/2026,10:17,BIRMINGHAM_MOOR_STREET_DORRIDGE,Class_168,6
27/01/2026,10:00,BIRMINGHAM_MOOR_STREET_DORRIDGE,Class_168,6
27/01/2026,09:15,BIRMINGHAM_MOOR_STREET_DORRIDGE,Class_168,6
27/01/2026,08:44,BIRMINGHAM_MOOR_STREET_DORRIDGE,Class_168,6
27/01/2026,08:19,BIRMINGHAM_MOOR_STREET_DORRIDGE,Class_168,6
27/01/2026,07:48,BIRMINGHAM_MOOR_STREET_DORRIDGE,Class_168,6
27/01/2026,07:05,BIRMINGHAM_MOOR_STREET_DORRIDGE,Class_168,6
27/01/2026,06:43,BIRMINGHAM_MOOR_STREET_DORRIDGE,Class_168,6
27/01/2026,06:12,BIRMINGHAM_MOOR_STREET_DORRIDGE,Class_168,6
27/01/2026,05:37,BIRMINGHAM_MOOR_STREET_DORRIDGE,Class_168,6
27/01/2026,05:23,BIRMINGHAM_MOOR_STREET_DORRIDGE,Class_168,6
27/01/2026,05:05,BIRMINGHAM_MOOR_STREET_DORRIDGE,Class_168,6
27/01/2026,11:31,BIRMINGHAM_MOOR_STREET_DORRIDGE,Class_168,6
27/01/2026,17:06,DORRIDGE_BIRMINGHAM_SNOW_HILL,Class_168,6
27/01/2026,22:32,BIRMINGHAM_MOOR_STREET_DORRIDGE,Class_168,6
27/01/2026,19:45,DORRIDGE_BIRMINGHAM_SNOW_HILL,Class_168,6
27/01/2026,11:10,CROSS_CITY_LINE_A,Class_730,6
27/01/2026,10:11,CROSS_CITY_LINE_A,Class_730,6
27/01/2026,09:47,CROSS_CITY_LINE_A,Class_730,6
27/01/2026,09:08,CROSS_CITY_LINE_A,Class_730,6
27/01/2026,08:41,CROSS_CITY_LINE_A,Class_730,6
27/01/2026,08:02,CROSS_CITY_LINE_A,Class_730,6
27/01/2026,07:36,CROSS_CITY_LINE_A,Class_730,6
27/01/2026,06:56,CROSS_CITY_LINE_A,Class_730,6
27/01/2026,06:35,CROSS_CITY_LINE_A,Class_730,6
27/01/2026,06:04,CROSS_CITY_LINE_A,Class_730,6
27/01/2026,05:34,CROSS_CITY_LINE_A,Class_730,6
27/01/2026,05:20,CROSS_CITY_LINE_A,Class_730,6
27/01/2026,22:18,COVENTRY_STAFFORD,Class_390,11
27/01/2026,12:07,CROSS_CITY_LINE_A,Class_730,6
27/01/2026,20:47,COVENTRY_STAFFORD,Class_390,11
27/01/2026,18:36,COVENTRY_STAFFORD,Class_390,11
27/01/2026,17:21,COVENTRY_STAFFORD,Class_390,11
27/01/2026,16:12,COVENTRY_STAFFORD,Class_390,11
27/01/2026,14:55,COVENTRY_STAFFORD,Class_390,11
27/01/2026,13:52,COVENTRY_STAFFORD,Class_390,11
27/01/2026,12:47,COVENTRY_STAFFORD,Class_390,11
27/01/2026,11:49,COVENTRY_STAFFORD,Class_390,11
27/01/2026,10:19,COVENTRY_STAFFORD,Class_390,11
27/01/2026,09:34,COVENTRY_STAFFORD,Class_390,11
27/01/2026,08:33,COVENTRY_STAFFORD,Class_390,11
27/01/2026,07:06,COVENTRY_STAFFORD,Class_390,11
27/01/2026,06:21,COVENTRY_STAFFORD,Class_390,11
27/01/2026,23:05,STAFFORD_COVENTRY,Class_390,11
27/01/2026,19:40,COVENTRY_STAFFORD,Class_390,11
27/01/2026,22:17,STAFFORD_COVENTRY,Class_390,11
27/01/2026,12:28,CROSS_CITY_LINE_A,Class_730,6
27/01/2026,13:25,CROSS_CITY_LINE_A,Class_730,6
27/01/2026,09:20,CROSS_CITY_LINE_B,Class_730,6
27/01/2026,18:15,DORRIDGE_BIRMINGHAM_SNOW_HILL,Class_168,6
27/01/2026,08:45,CROSS_CITY_LINE_B,Class_730,6
27/01/2026,08:20,CROSS_CITY_LINE_B,Class_730,6
27/01/2026,07:56,CROSS_CITY_LINE_B,Class_730,6
27/01/2026,07:10,CROSS_CITY_LINE_B,Class_730,6
27/01/2026,06:48,CROSS_CITY_LINE_B,Class_730,6
27/01/2026,06:18,CROSS_CITY_LINE_B,Class_730,6
27/01/2026,05:49,CROSS_CITY_LINE_B,Class_730,6
27/01/2026,05:27,CROSS_CITY_LINE_B,Class_730,6
27/01/2026,23:28,CROSS_CITY_LINE_A,Class_730,6
27/01/2026,23:17,CROSS_CITY_LINE_A,Class_730,6
27/01/2026,22:52,CROSS_CITY_LINE_A,Class_730,6
27/01/2026,12:55,CROSS_CITY_LINE_A,Class_730,6
27/01/2026,22:31,CROSS_CITY_LINE_A,Class_730,6
27/01/2026,21:13,CROSS_CITY_LINE_A,Class_730,6
27/01/2026,20:24,CROSS_CITY_LINE_A,Class_730,6
27/01/2026,19:54,CROSS_CITY_LINE_A,Class_730,6
27/01/2026,19:13,CROSS_CITY_LINE_A,Class_730,6
27/01/2026,18:46,CROSS_CITY_LINE_A,Class_730,6
27/01/2026,18:11,CROSS_CITY_LINE_A,Class_730,6
27/01/2026,17:48,CROSS_CITY_LINE_A,Class_730,6
27/01/2026,16:54,CROSS_CITY_LINE_A,Class_730,6
27/01/2026,16:24,CROSS_CITY_LINE_A,Class_730,6
27/01/2026,15:32,CROSS_CITY_LINE_A,Class_730,6
27/01/2026,15:04,CROSS_CITY_LINE_A,Class_730,6
27/01/2026,14:43,CROSS_CITY_LINE_A,Class_730,6
27/01/2026,14:07,CROSS_CITY_LINE_A,Class_730,6
27/01/2026,21:50,CROSS_CITY_LINE_A,Class_730,6
27/01/2026,20:46,STAFFORD_COVENTRY,Class_390,11
27/01/2026,10:41,CROSS_CITY_LINE_A,Class_730,6
27/01/2026,22:05,DORRIDGE_BIRMINGHAM_SNOW_HILL,Class_168,6
27/01/2026,07:20,RUGBY_BIRMINGHAM_NEW_STREET,Class_390,7
27/01/2026,19:30,BIRMINGHAM_NEW_STREET_RUGBY,Class_390,7
27/01/2026,18:32,BIRMINGHAM_NEW_STREET_RUGBY,Class_390,7
27/01/2026,17:27,BIRMINGHAM_NEW_STREET_RUGBY,Class_390,7
27/01/2026,16:08,BIRMINGHAM_NEW_STREET_RUGBY,Class_390,7
27/01/2026,14:57,BIRMINGHAM_NEW_STREET_RUGBY,Class_390,7
27/01/2026,13:56,BIRMINGHAM_NEW_STREET_RUGBY,Class_390,7
27/01/2026,12:48,BIRMINGHAM_NEW_STREET_RUGBY,Class_390,7
27/01/2026,11:42,BIRMINGHAM_NEW_STREET_RUGBY,Class_390,7
27/01/2026,10:18,BIRMINGHAM_NEW_STREET_RUGBY,Class_390,7
27/01/2026,09:34,BIRMINGHAM_NEW_STREET_RUGBY,Class_390,7
27/01/2026,07:07,BIRMINGHAM_NEW_STREET_RUGBY,Class_390,7
27/01/2026,06:13,BIRMINGHAM_NEW_STREET_RUGBY,Class_390,7
27/01/2026,08:08,RUGBY_BIRMINGHAM_NEW_STREET,Class_390,7
27/01/2026,23:05,RUGBY_WOLVERHAMPTON,Class_390,11
27/01/2026,19:25,RUGBY_WOLVERHAMPTON,Class_390,11
27/01/2026,05:44,WOLVERHAMPTON_COVENTRY,Class_390,11
27/01/2026,05:20,WOLVERHAMPTON_COVENTRY,Class_390,11
27/01/2026,05:03,WOLVERHAMPTON_COVENTRY,Class_390,11
27/01/2026,05:03,WOLVERHAMPTON_COVENTRY,Class_390,11
27/01/2026,23:23,DORRIDGE_STOURBRIDGE_JUNCTION,Class_168,6
27/01/2026,20:57,DORRIDGE_STOURBRIDGE_JUNCTION,Class_168,6
27/01/2026,18:27,DORRIDGE_STOURBRIDGE_JUNCTION,Class_168,6
27/01/2026,05:20,STOURBRIDGE_JUNCTION_DORRIDGE,Class_168,6
27/01/2026,23:33,DORRIDGE_BIRMINGHAM_SNOW_HILL,Class_168,6
27/01/2026,23:04,DORRIDGE_BIRMINGHAM_SNOW_HILL,Class_168,6
27/01/2026,19:33,STAFFORD_COVENTRY,Class_390,11
27/01/2026,20:49,DORRIDGE_BIRMINGHAM_SNOW_HILL,Class_168,6
27/01/2026,20:32,RUGBY_WOLVERHAMPTON,Class_390,11
27/01/2026,08:58,RUGBY_BIRMINGHAM_NEW_STREET,Class_390,7
27/01/2026,08:31,BIRMINGHAM_NEW_STREET_RUGBY,Class_390,7
27/01/2026,10:10,RUGBY_BIRMINGHAM_NEW_STREET,Class_390,7
27/01/2026,18:40,STAFFORD_COVENTRY,Class_390,11
27/01/2026,09:23,RUGBY_BIRMINGHAM_NEW_STREET,Class_390,7
27/01/2026,16:09,STAFFORD_COVENTRY,Class_390,11
27/01/2026,14:58,STAFFORD_COVENTRY,Class_390,11
27/01/2026,13:52,STAFFORD_COVENTRY,Class_390,11
27/01/2026,12:48,STAFFORD_COVENTRY,Class_390,11
27/01/2026,11:52,STAFFORD_COVENTRY,Class_390,11
27/01/2026,10:28,STAFFORD_COVENTRY,Class_390,11
27/01/2026,09:32,STAFFORD_COVENTRY,Class_390,11
27/01/2026,08:32,STAFFORD_COVENTRY,Class_390,11
27/01/2026,07:12,STAFFORD_COVENTRY,Class_390,11
27/01/2026,06:18,STAFFORD_COVENTRY,Class_390,11
27/01/2026,18:31,RUGBY_BIRMINGHAM_NEW_STREET,Class_390,7
27/01/2026,18:00,RUGBY_BIRMINGHAM_NEW_STREET,Class_390,7
27/01/2026,17:30,STAFFORD_COVENTRY,Class_390,11
27/01/2026,16:53,RUGBY_BIRMINGHAM_NEW_STREET,Class_390,7
27/01/2026,17:10,RUGBY_BIRMINGHAM_NEW_STREET,Class_390,7
27/01/2026,11:01,RUGBY_BIRMINGHAM_NEW_STREET,Class_390,7
27/01/2026,11:49,RUGBY_BIRMINGHAM_NEW_STREET,Class_390,7
27/01/2026,12:26,RUGBY_BIRMINGHAM_NEW_STREET,Class_390,7
27/01/2026,12:40,RUGBY_BIRMINGHAM_NEW_STREET,Class_390,7
27/01/2026,13:19,RUGBY_BIRMINGHAM_NEW_STREET,Class_390,7
27/01/2026,10:14,RUGBY_BIRMINGHAM_NEW_STREET,Class_390,7
27/01/2026,14:17,RUGBY_BIRMINGHAM_NEW_STREET,Class_390,7
27/01/2026,14:44,RUGBY_BIRMINGHAM_NEW_STREET,Class_390,7
27/01/2026,15:24,RUGBY_BIRMINGHAM_NEW_STREET,Class_390,7
27/01/2026,15:41,RUGBY_BIRMINGHAM_NEW_STREET,Class_390,7
27/01/2026,13:49,RUGBY_BIRMINGHAM_NEW_STREET,Class_390,7
28/01/2026,19:12,FOUR_OAKS_REDDITCH,Class_730,6
28/01/2026,19:45,FOUR_OAKS_REDDITCH,Class_730,6
28/01/2026,20:07,FOUR_OAKS_REDDITCH,Class_730,6
28/01/2026,20:50,FOUR_OAKS_REDDITCH,Class_730,6
28/01/2026,21:18,FOUR_OAKS_REDDITCH,Class_730,6
28/01/2026,22:19,FOUR_OAKS_REDDITCH,Class_730,6
28/01/2026,22:48,FOUR_OAKS_REDDITCH,Class_730,6
28/01/2026,23:13,FOUR_OAKS_REDDITCH,Class_730,6
28/01/2026,05:33,RUGELEY_TRENT_VALLEY_BIRMINGHAM_INTERNATIONAL,Class_730,3
28/01/2026,18:39,FOUR_OAKS_REDDITCH,Class_730,6
28/01/2026,05:43,RUGELEY_TRENT_VALLEY_BIRMINGHAM_INTERNATIONAL,Class_730,3
28/01/2026,21:41,FOUR_OAKS_REDDITCH,Class_730,6
28/01/2026,18:04,FOUR_OAKS_REDDITCH,Class_730,6
28/01/2026,14:02,FOUR_OAKS_REDDITCH,Class_730,6
28/01/2026,16:34,FOUR_OAKS_REDDITCH,Class_730,6
28/01/2026,16:07,FOUR_OAKS_REDDITCH,Class_730,6
28/01/2026,15:32,FOUR_OAKS_REDDITCH,Class_730,6
28/01/2026,14:56,FOUR_OAKS_REDDITCH,Class_730,6
28/01/2026,14:32,FOUR_OAKS_REDDITCH,Class_730,6
28/01/2026,13:40,FOUR_OAKS_REDDITCH,Class_730,6
28/01/2026,13:13,FOUR_OAKS_REDDITCH,Class_730,6
28/01/2026,12:39,FOUR_OAKS_REDDITCH,Class_730,6
28/01/2026,11:50,FOUR_OAKS_REDDITCH,Class_730,6
28/01/2026,11:15,FOUR_OAKS_REDDITCH,Class_730,6
28/01/2026,10:34,FOUR_OAKS_REDDITCH,Class_730,6
28/01/2026,09:55,FOUR_OAKS_REDDITCH,Class_730,6
28/01/2026,06:16,RUGELEY_TRENT_VALLEY_BIRMINGHAM_INTERNATIONAL,Class_730,3
28/01/2026,17:28,FOUR_OAKS_REDDITCH,Class_730,6
28/01/2026,06:49,RUGELEY_TRENT_VALLEY_BIRMINGHAM_INTERNATIONAL,Class_730,3
28/01/2026,06:40,BIRMINGHAM_INTERNATIONAL_RUGELEY_TRENT_VALLEY,Class_730,3
28/01/2026,07:55,RUGELEY_TRENT_VALLEY_BIRMINGHAM_INTERNATIONAL,Class_730,3
28/01/2026,09:24,FOUR_OAKS_REDDITCH,Class_730,6
28/01/2026,06:02,BIRMINGHAM_INTERNATIONAL_RUGELEY_TRENT_VALLEY,Class_730,3
28/01/2026,05:47,BIRMINGHAM_INTERNATIONAL_RUGELEY_TRENT_VALLEY,Class_730,3
28/01/2026,21:49,RUGELEY_TRENT_VALLEY_BIRMINGHAM_INTERNATIONAL,Class_730,3
28/01/2026,21:22,RUGELEY_TRENT_VALLEY_BIRMINGHAM_INTERNATIONAL,Class_730,3
28/01/2026,20:59,RUGELEY_TRENT_VALLEY_BIRMINGHAM_INTERNATIONAL,Class_730,3
28/01/2026,20:17,RUGELEY_TRENT_VALLEY_BIRMINGHAM_INTERNATIONAL,Class_730,3
28/01/2026,19:44,RUGELEY_TRENT_VALLEY_BIRMINGHAM_INTERNATIONAL,Class_730,3
28/01/2026,19:13,RUGELEY_TRENT_VALLEY_BIRMINGHAM_INTERNATIONAL,Class_730,3
28/01/2026,18:51,RUGELEY_TRENT_VALLEY_BIRMINGHAM_INTERNATIONAL,Class_730,3
28/01/2026,18:08,RUGELEY_TRENT_VALLEY_BIRMINGHAM_INTERNATIONAL,Class_730,3
28/01/2026,17:30,RUGELEY_TRENT_VALLEY_BIRMINGHAM_INTERNATIONAL,Class_730,3
28/01/2026,16:37,RUGELEY_TRENT_VALLEY_BIRMINGHAM_INTERNATIONAL,Class_730,3
28/01/2026,07:13,RUGELEY_TRENT_VALLEY_BIRMINGHAM_INTERNATIONAL,Class_730,3
28/01/2026,16:17,RUGELEY_TRENT_VALLEY_BIRMINGHAM_INTERNATIONAL,Class_730,3
28/01/2026,15:08,RUGELEY_TRENT_VALLEY_BIRMINGHAM_INTERNATIONAL,Class_730,3
28/01/2026,14:36,RUGELEY_TRENT_VALLEY_BIRMINGHAM_INTERNATIONAL,Class_730,3
28/01/2026,14:12,RUGELEY_TRENT_VALLEY_BIRMINGHAM_INTERNATIONAL,Class_730,3
28/01/2026,13:42,RUGELEY_TRENT_VALLEY_BIRMINGHAM_INTERNATIONAL,Class_730,3
28/01/2026,13:19,RUGELEY_TRENT_VALLEY_BIRMINGHAM_INTERNATIONAL,Class_730,3
28/01/2026,12:55,RUGELEY_TRENT_VALLEY_BIRMINGHAM_INTERNATIONAL,Class_730,3
28/01/2026,11:54,RUGELEY_TRENT_VALLEY_BIRMINGHAM_INTERNATIONAL,Class_730,3
28/01/2026,11:33,RUGELEY_TRENT_VALLEY_BIRMINGHAM_INTERNATIONAL,Class_730,3
28/01/2026,10:53,RUGELEY_TRENT_VALLEY_BIRMINGHAM_INTERNATIONAL,Class_730,3
28/01/2026,10:17,RUGELEY_TRENT_VALLEY_BIRMINGHAM_INTERNATIONAL,Class_730,3
28/01/2026,09:27,RUGELEY_TRENT_VALLEY_BIRMINGHAM_INTERNATIONAL,Class_730,3
28/01/2026,09:02,RUGELEY_TRENT_VALLEY_BIRMINGHAM_INTERNATIONAL,Class_730,3
28/01/2026,08:41,RUGELEY_TRENT_VALLEY_BIRMINGHAM_INTERNATIONAL,Class_730,3
28/01/2026,15:35,RUGELEY_TRENT_VALLEY_BIRMINGHAM_INTERNATIONAL,Class_730,3
28/01/2026,08:52,FOUR_OAKS_REDDITCH,Class_730,6
28/01/2026,13:17,CROSS_CITY_LINE_B,Class_730,6
28/01/2026,07:44,FOUR_OAKS_REDDITCH,Class_730,6
28/01/2026,09:11,REDDITCH_FOUR_OAKS,Class_730,6
28/01/2026,08:48,REDDITCH_FOUR_OAKS,Class_730,6
28/01/2026,08:10,REDDITCH_FOUR_OAKS,Class_730,6
28/01/2026,07:28,REDDITCH_FOUR_OAKS,Class_730,6
28/01/2026,06:54,REDDITCH_FOUR_OAKS,Class_730,6
28/01/2026,22:58,WALSALL_WOLVERHAMPTON,Class_763,3
28/01/2026,06:29,REDDITCH_FOUR_OAKS,Class_730,6
28/01/2026,05:57,REDDITCH_FOUR_OAKS,Class_730,6
28/01/2026,05:35,REDDITCH_FOUR_OAKS,Class_730,6
28/01/2026,05:20,REDDITCH_FOUR_OAKS,Class_730,6
28/01/2026,22:11,CROSS_CITY_LINE_B,Class_730,6
28/01/2026,21:47,CROSS_CITY_LINE_B,Class_730,6
28/01/2026,21:22,CROSS_CITY_LINE_B,Class_730,6
28/01/2026,09:46,REDDITCH_FOUR_OAKS,Class_730,6
28/01/2026,21:01,CROSS_CITY_LINE_B,Class_730,6
28/01/2026,19:55,CROSS_CITY_LINE_B,Class_730,6
28/01/2026,19:25,CROSS_CITY_LINE_B,Class_730,6
28/01/2026,18:30,CROSS_CITY_LINE_B,Class_730,6
28/01/2026,18:08,CROSS_CITY_LINE_B,Class_730,6
28/01/2026,17:27,CROSS_CITY_LINE_B,Class_730,6
28/01/2026,16:36,CROSS_CITY_LINE_B,Class_730,6
28/01/2026,16:13,CROSS_CITY_LINE_B,Class_730,6
28/01/2026,15:35,CROSS_CITY_LINE_B,Class_730,6
28/01/2026,14:56,CROSS_CITY_LINE_B,Class_730,6
28/01/2026,14:34,CROSS_CITY_LINE_B,Class_730,6
28/01/2026,14:13,CROSS_CITY_LINE_B,Class_730,6
28/01/2026,13:50,CROSS_CITY_LINE_B,Class_730,6
28/01/2026,07:11,BIRMINGHAM_INTERNATIONAL_RUGELEY_TRENT_VALLEY,Class_730,3
28/01/2026,20:25,CROSS_CITY_LINE_B,Class_730,6
28/01/2026,08:13,FOUR_OAKS_REDDITCH,Class_730,6
28/01/2026,10:25,REDDITCH_FOUR_OAKS,Class_730,6
28/01/2026,11:37,REDDITCH_FOUR_OAKS,Class_730,6
28/01/2026,07:00,FOUR_OAKS_REDDITCH,Class_730,6
28/01/2026,06:43,FOUR_OAKS_REDDITCH,Class_730,6
28/01/2026,06:00,FOUR_OAKS_REDDITCH,Class_730,6
28/01/2026,05:37,FOUR_OAKS_REDDITCH,Class_730,6
28/01/2026,05:24,FOUR_OAKS_REDDITCH,Class_730,6
28/01/2026,05:12,FOUR_OAKS_REDDITCH,Class_730,6
28/01/2026,23:18,REDDITCH_FOUR_OAKS,Class_730,6
28/01/2026,23:01,REDDITCH_FOUR_OAKS,Class_730,6
28/01/2026,22:31,REDDITCH_FOUR_OAKS,Class_730,6
28/01/2026,21:58,REDDITCH_FOUR_OAKS,Class_730,6
28/01/2026,21:33,REDDITCH_FOUR_OAKS,Class_730,6
28/01/2026,21:16,REDDITCH_FOUR_OAKS,Class_730,6
28/01/2026,20:30,REDDITCH_FOUR_OAKS,Class_730,6
28/01/2026,11:03,REDDITCH_FOUR_OAKS,Class_730,6
28/01/2026,20:03,REDDITCH_FOUR_OAKS,Class_730,6
28/01/2026,18:55,REDDITCH_FOUR_OAKS,Class_730,6
28/01/2026,18:17,REDDITCH_FOUR_OAKS,Class_730,6
28/01/2026,17:59,REDDITCH_FOUR_OAKS,Class_730,6
28/01/2026,17:03,REDDITCH_FOUR_OAKS,Class_730,6
28/01/2026,16:25,REDDITCH_FOUR_OAKS,Class_730,6
28/01/2026,15:49,REDDITCH_FOUR_OAKS,Class_730,6
28/01/2026,15:24,REDDITCH_FOUR_OAKS,Class_730,6
28/01/2026,14:43,REDDITCH_FOUR_OAKS,Class_730,6
28/01/2026,14:20,REDDITCH_FOUR_OAKS,Class_730,6
28/01/2026,13:55,REDDITCH_FOUR_OAKS,Class_730,6
28/01/2026,13:31,REDDITCH_FOUR_OAKS,Class_730,6
28/01/2026,13:01,REDDITCH_FOUR_OAKS,Class_730,6
28/01/2026,12:23,REDDITCH_FOUR_OAKS,Class_730,6
28/01/2026,19:28,REDDITCH_FOUR_OAKS,Class_730,6
28/01/2026,08:01,BIRMINGHAM_INTERNATIONAL_RUGELEY_TRENT_VALLEY,Class_730,3
28/01/2026,22:25,WALSALL_WOLVERHAMPTON,Class_762,3
28/01/2026,09:00,BIRMINGHAM_INTERNATIONAL_RUGELEY_TRENT_VALLEY,Class_730,3
28/01/2026,05:18,WALSALL_WOLVERHAMPTON,Class_730,3
28/01/2026,23:03,WOLVERHAMPTON_WALSALL,Class_730,3
28/01/2026,22:27,WOLVERHAMPTON_WALSALL,Class_730,3
28/01/2026,22:03,WOLVERHAMPTON_WALSALL,Class_730,3
28/01/2026,21:34,WOLVERHAMPTON_WALSALL,Class_730,3
28/01/2026,21:12,WOLVERHAMPTON_WALSALL,Class_730,3
28/01/2026,20:29,WOLVERHAMPTON_WALSALL,Class_730,3
28/01/2026,20:01,WOLVERHAMPTON_WALSALL,Class_730,3
28/01/2026,19:25,WOLVERHAMPTON_WALSALL,Class_730,3
28/01/2026,18:57,WOLVERHAMPTON_WALSALL,Class_730,3
28/01/2026,18:17,WOLVERHAMPTON_WALSALL,Class_730,3
28/01/2026,17:53,WOLVERHAMPTON_WALSALL,Class_730,3
28/01/2026,16:50,WOLVERHAMPTON_WALSALL,Class_730,3
28/01/2026,16:22,WOLVERHAMPTON_WALSALL,Class_730,3
28/01/2026,15:40,WOLVERHAMPTON_WALSALL,Class_730,3
28/01/2026,15:20,WOLVERHAMPTON_WALSALL,Class_730,3
28/01/2026,14:40,WOLVERHAMPTON_WALSALL,Class_730,3
28/01/2026,14:18,WOLVERHAMPTON_WALSALL,Class_730,3
28/01/2026,13:55,WOLVERHAMPTON_WALSALL,Class_730,3
28/01/2026,13:32,WOLVERHAMPTON_WALSALL,Class_730,3
28/01/2026,12:59,WOLVERHAMPTON_WALSALL,Class_730,3
28/01/2026,12:19,WOLVERHAMPTON_WALSALL,Class_730,3
28/01/2026,11:35,WOLVERHAMPTON_WALSALL,Class_730,3
28/01/2026,10:57,WOLVERHAMPTON_WALSALL,Class_730,3
28/01/2026,10:22,WOLVERHAMPTON_WALSALL,Class_730,3
28/01/2026,09:46,WOLVERHAMPTON_WALSALL,Class_730,3
28/01/2026,09:06,WOLVERHAMPTON_WALSALL,Class_730,3
28/01/2026,05:36,WALSALL_WOLVERHAMPTON,Class_731,3
28/01/2026,05:53,WALSALL_WOLVERHAMPTON,Class_732,3
28/01/2026,06:29,WALSALL_WOLVERHAMPTON,Class_733,3
28/01/2026,06:52,WALSALL_WOLVERHAMPTON,Class_734,3
28/01/2026,12:40,CROSS_CITY_LINE_B,Class_730,6
28/01/2026,21:53,WALSALL_WOLVERHAMPTON,Class_761,3
28/01/2026,21:32,WALSALL_WOLVERHAMPTON,Class_760,3
28/01/2026,21:12,WALSALL_WOLVERHAMPTON,Class_759,3
28/01/2026,20:36,WALSALL_WOLVERHAMPTON,Class_758,3
28/01/2026,19:58,WALSALL_WOLVERHAMPTON,Class_757,3
28/01/2026,19:28,WALSALL_WOLVERHAMPTON,Class_756,3
28/01/2026,19:03,WALSALL_WOLVERHAMPTON,Class_755,3
28/01/2026,18:16,WALSALL_WOLVERHAMPTON,Class_754,3
28/01/2026,17:54,WALSALL_WOLVERHAMPTON,Class_753,3
28/01/2026,17:03,WALSALL_WOLVERHAMPTON,Class_752,3
28/01/2026,16:24,WALSALL_WOLVERHAMPTON,Class_751,3
28/01/2026,15:48,WALSALL_WOLVERHAMPTON,Class_750,3
28/01/2026,08:47,WOLVERHAMPTON_WALSALL,Class_730,3
28/01/2026,15:22,WALSALL_WOLVERHAMPTON,Class_749,3
28/01/2026,14:19,WALSALL_WOLVERHAMPTON,Class_747,3
28/01/2026,13:52,WALSALL_WOLVERHAMPTON,Class_746,3
28/01/2026,13:29,WALSALL_WOLVERHAMPTON,Class_745,3
28/01/2026,12:55,WALSALL_WOLVERHAMPTON,Class_744,3
28/01/2026,12:25,WALSALL_WOLVERHAMPTON,Class_743,3
28/01/2026,11:38,WALSALL_WOLVERHAMPTON,Class_742,3
28/01/2026,11:05,WALSALL_WOLVERHAMPTON,Class_741,3
28/01/2026,10:23,WALSALL_WOLVERHAMPTON,Class_740,3
28/01/2026,09:45,WALSALL_WOLVERHAMPTON,Class_739,3
28/01/2026,09:10,WALSALL_WOLVERHAMPTON,Class_738,3
28/01/2026,08:44,WALSALL_WOLVERHAMPTON,Class_737,3
28/01/2026,08:02,WALSALL_WOLVERHAMPTON,Class_736,3
28/01/2026,07:15,WALSALL_WOLVERHAMPTON,Class_735,3
28/01/2026,14:39,WALSALL_WOLVERHAMPTON,Class_748,3
28/01/2026,08:01,WOLVERHAMPTON_WALSALL,Class_730,3
28/01/2026,07:15,WOLVERHAMPTON_WALSALL,Class_730,3
28/01/2026,06:55,WOLVERHAMPTON_WALSALL,Class_730,3
28/01/2026,09:00,NORTHAMPTON_BIRMINGHAM_NEW_STREET,Class_350,5
28/01/2026,07:50,NORTHAMPTON_BIRMINGHAM_NEW_STREET,Class_350,5
28/01/2026,06:52,NORTHAMPTON_BIRMINGHAM_NEW_STREET,Class_350,5
28/01/2026,05:52,NORTHAMPTON_BIRMINGHAM_NEW_STREET,Class_350,5
28/01/2026,05:12,NORTHAMPTON_BIRMINGHAM_NEW_STREET,Class_350,5
28/01/2026,21:49,BIRMINGHAM_INTERNATIONAL_RUGELEY_TRENT_VALLEY,Class_730,3
28/01/2026,21:32,BIRMINGHAM_INTERNATIONAL_RUGELEY_TRENT_VALLEY,Class_730,3
28/01/2026,20:51,BIRMINGHAM_INTERNATIONAL_RUGELEY_TRENT_VALLEY,Class_730,3
28/01/2026,20:29,BIRMINGHAM_INTERNATIONAL_RUGELEY_TRENT_VALLEY,Class_730,3
28/01/2026,19:46,BIRMINGHAM_INTERNATIONAL_RUGELEY_TRENT_VALLEY,Class_730,3
28/01/2026,19:16,BIRMINGHAM_INTERNATIONAL_RUGELEY_TRENT_VALLEY,Class_730,3
28/01/2026,18:50,BIRMINGHAM_INTERNATIONAL_RUGELEY_TRENT_VALLEY,Class_730,3
28/01/2026,18:10,BIRMINGHAM_INTERNATIONAL_RUGELEY_TRENT_VALLEY,Class_730,3
28/01/2026,10:02,NORTHAMPTON_BIRMINGHAM_NEW_STREET,Class_350,5
28/01/2026,17:29,BIRMINGHAM_INTERNATIONAL_RUGELEY_TRENT_VALLEY,Class_730,3
28/01/2026,16:12,BIRMINGHAM_INTERNATIONAL_RUGELEY_TRENT_VALLEY,Class_730,3
28/01/2026,15:36,BIRMINGHAM_INTERNATIONAL_RUGELEY_TRENT_VALLEY,Class_730,3
28/01/2026,15:03,BIRMINGHAM_INTERNATIONAL_RUGELEY_TRENT_VALLEY,Class_730,3
28/01/2026,14:38,BIRMINGHAM_INTERNATIONAL_RUGELEY_TRENT_VALLEY,Class_730,3
28/01/2026,14:16,BIRMINGHAM_INTERNATIONAL_RUGELEY_TRENT_VALLEY,Class_730,3
28/01/2026,13:48,BIRMINGHAM_INTERNATIONAL_RUGELEY_TRENT_VALLEY,Class_730,3
28/01/2026,13:21,BIRMINGHAM_INTERNATIONAL_RUGELEY_TRENT_VALLEY,Class_730,3
28/01/2026,12:55,BIRMINGHAM_INTERNATIONAL_RUGELEY_TRENT_VALLEY,Class_730,3
28/01/2026,12:13,BIRMINGHAM_INTERNATIONAL_RUGELEY_TRENT_VALLEY,Class_730,3
28/01/2026,11:24,BIRMINGHAM_INTERNATIONAL_RUGELEY_TRENT_VALLEY,Class_730,3
28/01/2026,10:41,BIRMINGHAM_INTERNATIONAL_RUGELEY_TRENT_VALLEY,Class_730,3
28/01/2026,10:17,BIRMINGHAM_INTERNATIONAL_RUGELEY_TRENT_VALLEY,Class_730,3
28/01/2026,09:39,BIRMINGHAM_INTERNATIONAL_RUGELEY_TRENT_VALLEY,Class_730,3
28/01/2026,16:37,BIRMINGHAM_INTERNATIONAL_RUGELEY_TRENT_VALLEY,Class_730,3
28/01/2026,08:27,BIRMINGHAM_INTERNATIONAL_RUGELEY_TRENT_VALLEY,Class_730,3
28/01/2026,11:21,NORTHAMPTON_BIRMINGHAM_NEW_STREET,Class_350,5
28/01/2026,13:49,NORTHAMPTON_BIRMINGHAM_NEW_STREET,Class_350,5
28/01/2026,06:28,WOLVERHAMPTON_WALSALL,Class_730,3
28/01/2026,05:53,WOLVERHAMPTON_WALSALL,Class_730,3
28/01/2026,05:35,WOLVERHAMPTON_WALSALL,Class_730,3
28/01/2026,05:22,WOLVERHAMPTON_WALSALL,Class_730,3
28/01/2026,23:11,BIRMINGHAM_NEW_STREET_NORTHAMPTON,Class_350,8
28/01/2026,22:06,BIRMINGHAM_NEW_STREET_NORTHAMPTON,Class_350,8
28/01/2026,21:18,BIRMINGHAM_NEW_STREET_NORTHAMPTON,Class_350,8
28/01/2026,20:06,BIRMINGHAM_NEW_STREET_NORTHAMPTON,Class_350,8
28/01/2026,19:07,BIRMINGHAM_NEW_STREET_NORTHAMPTON,Class_350,8
28/01/2026,17:58,BIRMINGHAM_NEW_STREET_NORTHAMPTON,Class_350,8
28/01/2026,16:25,BIRMINGHAM_NEW_STREET_NORTHAMPTON,Class_350,8
28/01/2026,15:27,BIRMINGHAM_NEW_STREET_NORTHAMPTON,Class_350,8
28/01/2026,14:25,BIRMINGHAM_NEW_STREET_NORTHAMPTON,Class_350,8
28/01/2026,12:50,NORTHAMPTON_BIRMINGHAM_NEW_STREET,Class_350,5
28/01/2026,13:35,BIRMINGHAM_NEW_STREET_NORTHAMPTON,Class_350,8
28/01/2026,11:07,BIRMINGHAM_NEW_STREET_NORTHAMPTON,Class_350,8
28/01/2026,09:53,BIRMINGHAM_NEW_STREET_NORTHAMPTON,Class_350,8
28/01/2026,08:52,BIRMINGHAM_NEW_STREET_NORTHAMPTON,Class_350,8
28/01/2026,07:36,BIRMINGHAM_NEW_STREET_NORTHAMPTON,Class_350,8
28/01/2026,06:32,BIRMINGHAM_NEW_STREET_NORTHAMPTON,Class_350,8
28/01/2026,22:24,NORTHAMPTON_BIRMINGHAM_NEW_STREET,Class_350,5
28/01/2026,21:28,NORTHAMPTON_BIRMINGHAM_NEW_STREET,Class_350,5
28/01/2026,20:18,NORTHAMPTON_BIRMINGHAM_NEW_STREET,Class_350,5
28/01/2026,19:23,NORTHAMPTON_BIRMINGHAM_NEW_STREET,Class_350,5
28/01/2026,18:13,NORTHAMPTON_BIRMINGHAM_NEW_STREET,Class_350,5
28/01/2026,16:46,NORTHAMPTON_BIRMINGHAM_NEW_STREET,Class_350,5
28/01/2026,15:33,NORTHAMPTON_BIRMINGHAM_NEW_STREET,Class_350,5
28/01/2026,14:36,NORTHAMPTON_BIRMINGHAM_NEW_STREET,Class_350,5
28/01/2026,12:31,BIRMINGHAM_NEW_STREET_NORTHAMPTON,Class_350,8
28/01/2026,11:58,CROSS_CITY_LINE_B,Class_730,6
28/01/2026,17:13,CROSS_CITY_LINE_A,Class_730,6
28/01/2026,10:36,CROSS_CITY_LINE_B,Class_730,6
28/01/2026,18:25,DORRIDGE_BIRMINGHAM_MOOR_STREET,Class_168,6
28/01/2026,18:06,DORRIDGE_BIRMINGHAM_MOOR_STREET,Class_168,6
28/01/2026,17:22,DORRIDGE_BIRMINGHAM_MOOR_STREET,Class_168,6
28/01/2026,16:33,DORRIDGE_BIRMINGHAM_MOOR_STREET,Class_168,6
28/01/2026,16:06,DORRIDGE_BIRMINGHAM_MOOR_STREET,Class_168,6
28/01/2026,15:33,DORRIDGE_BIRMINGHAM_MOOR_STREET,Class_168,6
28/01/2026,14:48,DORRIDGE_BIRMINGHAM_MOOR_STREET,Class_168,6
28/01/2026,14:34,DORRIDGE_BIRMINGHAM_MOOR_STREET,Class_168,6
28/01/2026,14:09,DORRIDGE_BIRMINGHAM_MOOR_STREET,Class_168,6
28/01/2026,13:36,DORRIDGE_BIRMINGHAM_MOOR_STREET,Class_168,6
28/01/2026,13:12,DORRIDGE_BIRMINGHAM_MOOR_STREET,Class_168,6
28/01/2026,12:39,DORRIDGE_BIRMINGHAM_MOOR_STREET,Class_168,6
28/01/2026,11:57,DORRIDGE_BIRMINGHAM_MOOR_STREET,Class_168,6
28/01/2026,11:08,DORRIDGE_BIRMINGHAM_MOOR_STREET,Class_168,6
28/01/2026,10:51,DORRIDGE_BIRMINGHAM_MOOR_STREET,Class_168,6
28/01/2026,09:57,DORRIDGE_BIRMINGHAM_MOOR_STREET,Class_168,6
28/01/2026,09:27,DORRIDGE_BIRMINGHAM_MOOR_STREET,Class_168,6
28/01/2026,09:00,DORRIDGE_BIRMINGHAM_MOOR_STREET,Class_168,6
28/01/2026,08:28,DORRIDGE_BIRMINGHAM_MOOR_STREET,Class_168,6
28/01/2026,07:59,DORRIDGE_BIRMINGHAM_MOOR_STREET,Class_168,6
28/01/2026,07:01,DORRIDGE_BIRMINGHAM_MOOR_STREET,Class_168,6
28/01/2026,06:35,DORRIDGE_BIRMINGHAM_MOOR_STREET,Class_168,6
28/01/2026,06:06,DORRIDGE_BIRMINGHAM_MOOR_STREET,Class_168,6
28/01/2026,05:38,DORRIDGE_BIRMINGHAM_MOOR_STREET,Class_168,6
28/01/2026,23:25,BIRMINGHAM_MOOR_STREET_DORRIDGE,Class_168,6
28/01/2026,23:13,BIRMINGHAM_MOOR_STREET_DORRIDGE,Class_168,6
28/01/2026,22:39,BIRMINGHAM_MOOR_STREET_DORRIDGE,Class_168,6
28/01/2026,19:08,DORRIDGE_BIRMINGHAM_MOOR_STREET,Class_168,6
28/01/2026,19:52,DORRIDGE_BIRMINGHAM_MOOR_STREET,Class_168,6
28/01/2026,20:11,DORRIDGE_BIRMINGHAM_MOOR_STREET,Class_168,6
28/01/2026,20:55,DORRIDGE_BIRMINGHAM_MOOR_STREET,Class_168,6
28/01/2026,14:59,DORRIDGE_BIRMINGHAM_SNOW_HILL,Class_168,6
28/01/2026,14:13,DORRIDGE_BIRMINGHAM_SNOW_HILL,Class_168,6
28/01/2026,13:19,DORRIDGE_BIRMINGHAM_SNOW_HILL,Class_168,6
28/01/2026,11:53,DORRIDGE_BIRMINGHAM_SNOW_HILL,Class_168,6
28/01/2026,10:36,DORRIDGE_BIRMINGHAM_SNOW_HILL,Class_168,6
28/01/2026,09:29,DORRIDGE_BIRMINGHAM_SNOW_HILL,Class_168,6
28/01/2026,08:41,DORRIDGE_BIRMINGHAM_SNOW_HILL,Class_168,6
28/01/2026,23:26,BIRMINGHAM_SNOW_HILL_DORRIDGE,Class_168,6
28/01/2026,22:38,BIRMINGHAM_SNOW_HILL_DORRIDGE,Class_168,6
28/01/2026,21:35,BIRMINGHAM_SNOW_HILL_DORRIDGE,Class_168,6
28/01/2026,20:39,BIRMINGHAM_SNOW_HILL_DORRIDGE,Class_168,6
28/01/2026,19:30,BIRMINGHAM_SNOW_HILL_DORRIDGE,Class_168,6
28/01/2026,18:19,BIRMINGHAM_SNOW_HILL_DORRIDGE,Class_168,6
28/01/2026,22:23,BIRMINGHAM_MOOR_STREET_DORRIDGE,Class_168,6
28/01/2026,17:18,BIRMINGHAM_SNOW_HILL_DORRIDGE,Class_168,6
28/01/2026,14:45,BIRMINGHAM_SNOW_HILL_DORRIDGE,Class_168,6
28/01/2026,13:57,BIRMINGHAM_SNOW_HILL_DORRIDGE,Class_168,6
28/01/2026,13:10,BIRMINGHAM_SNOW_HILL_DORRIDGE,Class_168,6
28/01/2026,11:49,BIRMINGHAM_SNOW_HILL_DORRIDGE,Class_168,6
28/01/2026,10:26,BIRMINGHAM_SNOW_HILL_DORRIDGE,Class_168,6
28/01/2026,09:14,BIRMINGHAM_SNOW_HILL_DORRIDGE,Class_168,6
28/01/2026,08:11,BIRMINGHAM_SNOW_HILL_DORRIDGE,Class_168,6
28/01/2026,23:30,DORRIDGE_BIRMINGHAM_MOOR_STREET,Class_168,6
28/01/2026,23:15,DORRIDGE_BIRMINGHAM_MOOR_STREET,Class_168,6
28/01/2026,22:48,DORRIDGE_BIRMINGHAM_MOOR_STREET,Class_168,6
28/01/2026,22:13,DORRIDGE_BIRMINGHAM_MOOR_STREET,Class_168,6
28/01/2026,21:38,DORRIDGE_BIRMINGHAM_MOOR_STREET,Class_168,6
28/01/2026,21:23,DORRIDGE_BIRMINGHAM_MOOR_STREET,Class_168,6
28/01/2026,16:06,BIRMINGHAM_SNOW_HILL_DORRIDGE,Class_168,6
28/01/2026,16:09,DORRIDGE_BIRMINGHAM_SNOW_HILL,Class_168,6
28/01/2026,21:36,BIRMINGHAM_MOOR_STREET_DORRIDGE,Class_168,6
28/01/2026,20:52,BIRMINGHAM_MOOR_STREET_DORRIDGE,Class_168,6
28/01/2026,20:40,WOLVERHAMPTON_BIRMINGHAM_INTERNATIONAL,Class_158,2
28/01/2026,19:36,WOLVERHAMPTON_BIRMINGHAM_INTERNATIONAL,Class_158,2
28/01/2026,18:24,WOLVERHAMPTON_BIRMINGHAM_INTERNATIONAL,Class_158,2
28/01/2026,17:04,WOLVERHAMPTON_BIRMINGHAM_INTERNATIONAL,Class_158,2
28/01/2026,16:04,WOLVERHAMPTON_BIRMINGHAM_INTERNATIONAL,Class_158,2
28/01/2026,14:46,WOLVERHAMPTON_BIRMINGHAM_INTERNATIONAL,Class_158,2
28/01/2026,14:01,WOLVERHAMPTON_BIRMINGHAM_INTERNATIONAL,Class_158,2
28/01/2026,13:07,WOLVERHAMPTON_BIRMINGHAM_INTERNATIONAL,Class_158,2
28/01/2026,11:41,WOLVERHAMPTON_BIRMINGHAM_INTERNATIONAL,Class_158,2
28/01/2026,10:27,WOLVERHAMPTON_BIRMINGHAM_INTERNATIONAL,Class_158,2
28/01/2026,09:11,WOLVERHAMPTON_BIRMINGHAM_INTERNATIONAL,Class_158,2
28/01/2026,06:56,WOLVERHAMPTON_BIRMINGHAM_INTERNATIONAL,Class_158,2
28/01/2026,06:00,WOLVERHAMPTON_BIRMINGHAM_INTERNATIONAL,Class_158,2
28/01/2026,05:17,WOLVERHAMPTON_BIRMINGHAM_INTERNATIONAL,Class_158,2
28/01/2026,19:35,BIRMINGHAM_INTERNATIONA_WOLVERHAMPTON,Class_158,2
28/01/2026,18:24,BIRMINGHAM_INTERNATIONA_WOLVERHAMPTON,Class_158,2
28/01/2026,17:17,BIRMINGHAM_INTERNATIONA_WOLVERHAMPTON,Class_158,2
28/01/2026,15:57,BIRMINGHAM_INTERNATIONA_WOLVERHAMPTON,Class_158,2
28/01/2026,14:45,BIRMINGHAM_INTERNATIONA_WOLVERHAMPTON,Class_158,2
28/01/2026,14:01,BIRMINGHAM_INTERNATIONA_WOLVERHAMPTON,Class_158,2
28/01/2026,13:07,BIRMINGHAM_INTERNATIONA_WOLVERHAMPTON,Class_158,2
28/01/2026,11:47,BIRMINGHAM_INTERNATIONA_WOLVERHAMPTON,Class_158,2
28/01/2026,10:33,BIRMINGHAM_INTERNATIONA_WOLVERHAMPTON,Class_158,2
28/01/2026,09:14,BIRMINGHAM_INTERNATIONA_WOLVERHAMPTON,Class_158,2
28/01/2026,08:10,BIRMINGHAM_INTERNATIONA_WOLVERHAMPTON,Class_158,2
28/01/2026,06:56,BIRMINGHAM_INTERNATIONA_WOLVERHAMPTON,Class_158,2
28/01/2026,05:58,BIRMINGHAM_INTERNATIONA_WOLVERHAMPTON,Class_158,2
28/01/2026,21:34,WOLVERHAMPTON_BIRMINGHAM_INTERNATIONAL,Class_158,2
28/01/2026,22:34,WOLVERHAMPTON_BIRMINGHAM_INTERNATIONAL,Class_158,2
28/01/2026,04:57,BIRMINGHAM_MOOR_STREET_DORRIDGE,Class_168,6
28/01/2026,05:11,BIRMINGHAM_MOOR_STREET_DORRIDGE,Class_168,6
28/01/2026,20:22,BIRMINGHAM_MOOR_STREET_DORRIDGE,Class_168,6
28/01/2026,19:39,BIRMINGHAM_MOOR_STREET_DORRIDGE,Class_168,6
28/01/2026,19:08,BIRMINGHAM_MOOR_STREET_DORRIDGE,Class_168,6
28/01/2026,18:31,BIRMINGHAM_MOOR_STREET_DORRIDGE,Class_168,6
28/01/2026,18:04,BIRMINGHAM_MOOR_STREET_DORRIDGE,Class_168,6
28/01/2026,17:24,BIRMINGHAM_MOOR_STREET_DORRIDGE,Class_168,6
28/01/2026,16:35,BIRMINGHAM_MOOR_STREET_DORRIDGE,Class_168,6
28/01/2026,16:09,BIRMINGHAM_MOOR_STREET_DORRIDGE,Class_168,6
28/01/2026,15:28,BIRMINGHAM_MOOR_STREET_DORRIDGE,Class_168,6
28/01/2026,14:53,BIRMINGHAM_MOOR_STREET_DORRIDGE,Class_168,6
28/01/2026,14:32,BIRMINGHAM_MOOR_STREET_DORRIDGE,Class_168,6
28/01/2026,14:11,BIRMINGHAM_MOOR_STREET_DORRIDGE,Class_168,6
28/01/2026,13:40,BIRMINGHAM_MOOR_STREET_DORRIDGE,Class_168,6
28/01/2026,21:20,BIRMINGHAM_MOOR_STREET_DORRIDGE,Class_168,6
28/01/2026,13:08,BIRMINGHAM_MOOR_STREET_DORRIDGE,Class_168,6
28/01/2026,11:50,BIRMINGHAM_MOOR_STREET_DORRIDGE,Class_168,6
28/01/2026,11:21,BIRMINGHAM_MOOR_STREET_DORRIDGE,Class_168,6
28/01/2026,10:40,BIRMINGHAM_MOOR_STREET_DORRIDGE,Class_168,6
28/01/2026,10:00,BIRMINGHAM_MOOR_STREET_DORRIDGE,Class_168,6
28/01/2026,09:17,BIRMINGHAM_MOOR_STREET_DORRIDGE,Class_168,6
28/01/2026,08:53,BIRMINGHAM_MOOR_STREET_DORRIDGE,Class_168,6
28/01/2026,08:15,BIRMINGHAM_MOOR_STREET_DORRIDGE,Class_168,6
28/01/2026,07:47,BIRMINGHAM_MOOR_STREET_DORRIDGE,Class_168,6
28/01/2026,07:01,BIRMINGHAM_MOOR_STREET_DORRIDGE,Class_168,6
28/01/2026,06:47,BIRMINGHAM_MOOR_STREET_DORRIDGE,Class_168,6
28/01/2026,06:00,BIRMINGHAM_MOOR_STREET_DORRIDGE,Class_168,6
28/01/2026,05:38,BIRMINGHAM_MOOR_STREET_DORRIDGE,Class_168,6
28/01/2026,05:28,BIRMINGHAM_MOOR_STREET_DORRIDGE,Class_168,6
28/01/2026,12:47,BIRMINGHAM_MOOR_STREET_DORRIDGE,Class_168,6
28/01/2026,17:32,DORRIDGE_BIRMINGHAM_SNOW_HILL,Class_168,6
28/01/2026,11:27,CROSS_CITY_LINE_B,Class_730,6
28/01/2026,19:52,DORRIDGE_BIRMINGHAM_SNOW_HILL,Class_168,6
28/01/2026,11:08,CROSS_CITY_LINE_A,Class_730,6
28/01/2026,10:29,CROSS_CITY_LINE_A,Class_730,6
28/01/2026,09:51,CROSS_CITY_LINE_A,Class_730,6
28/01/2026,09:14,CROSS_CITY_LINE_A,Class_730,6
28/01/2026,08:52,CROSS_CITY_LINE_A,Class_730,6
28/01/2026,08:11,CROSS_CITY_LINE_A,Class_730,6
28/01/2026,07:41,CROSS_CITY_LINE_A,Class_730,6
28/01/2026,06:59,CROSS_CITY_LINE_A,Class_730,6
28/01/2026,06:34,CROSS_CITY_LINE_A,Class_730,6
28/01/2026,05:58,CROSS_CITY_LINE_A,Class_730,6
28/01/2026,05:36,CROSS_CITY_LINE_A,Class_730,6
28/01/2026,05:23,CROSS_CITY_LINE_A,Class_730,6
28/01/2026,21:43,COVENTRY_STAFFORD,Class_390,11
28/01/2026,21:08,COVENTRY_STAFFORD,Class_390,11
28/01/2026,19:56,COVENTRY_STAFFORD,Class_390,11
28/01/2026,18:50,COVENTRY_STAFFORD,Class_390,11
28/01/2026,17:33,COVENTRY_STAFFORD,Class_390,11
28/01/2026,16:15,COVENTRY_STAFFORD,Class_390,11
28/01/2026,15:10,COVENTRY_STAFFORD,Class_390,11
28/01/2026,14:14,COVENTRY_STAFFORD,Class_390,11
28/01/2026,13:29,COVENTRY_STAFFORD,Class_390,11
28/01/2026,12:11,COVENTRY_STAFFORD,Class_390,11
28/01/2026,10:54,COVENTRY_STAFFORD,Class_390,11
28/01/2026,09:37,COVENTRY_STAFFORD,Class_390,11
28/01/2026,08:36,COVENTRY_STAFFORD,Class_390,11
28/01/2026,07:14,COVENTRY_STAFFORD,Class_390,11
28/01/2026,06:25,COVENTRY_STAFFORD,Class_390,11
28/01/2026,18:41,DORRIDGE_BIRMINGHAM_SNOW_HILL,Class_168,6
28/01/2026,12:37,CROSS_CITY_LINE_A,Class_730,6
28/01/2026,13:07,CROSS_CITY_LINE_A,Class_730,6
28/01/2026,13:32,CROSS_CITY_LINE_A,Class_730,6
28/01/2026,10:07,CROSS_CITY_LINE_B,Class_730,6
28/01/2026,09:19,CROSS_CITY_LINE_B,Class_730,6
28/01/2026,09:02,CROSS_CITY_LINE_B,Class_730,6
28/01/2026,08:34,CROSS_CITY_LINE_B,Class_730,6
28/01/2026,07:53,CROSS_CITY_LINE_B,Class_730,6
28/01/2026,07:01,CROSS_CITY_LINE_B,Class_730,6
28/01/2026,06:35,CROSS_CITY_LINE_B,Class_730,6
28/01/2026,06:09,CROSS_CITY_LINE_B,Class_730,6
28/01/2026,05:47,CROSS_CITY_LINE_B,Class_730,6
28/01/2026,05:30,CROSS_CITY_LINE_B,Class_730,6
28/01/2026,23:24,CROSS_CITY_LINE_A,Class_730,6
28/01/2026,23:06,CROSS_CITY_LINE_A,Class_730,6
28/01/2026,22:35,CROSS_CITY_LINE_A,Class_730,6
28/01/2026,22:52,STAFFORD_COVENTRY,Class_390,11
28/01/2026,22:09,CROSS_CITY_LINE_A,Class_730,6
28/01/2026,21:17,CROSS_CITY_LINE_A,Class_730,6
28/01/2026,20:39,CROSS_CITY_LINE_A,Class_730,6
28/01/2026,20:07,CROSS_CITY_LINE_A,Class_730,6
28/01/2026,19:34,CROSS_CITY_LINE_A,Class_730,6
28/01/2026,19:08,CROSS_CITY_LINE_A,Class_730,6
28/01/2026,18:18,CROSS_CITY_LINE_A,Class_730,6
28/01/2026,18:00,CROSS_CITY_LINE_A,Class_730,6
28/01/2026,16:32,CROSS_CITY_LINE_A,Class_730,6
28/01/2026,16:01,CROSS_CITY_LINE_A,Class_730,6
28/01/2026,15:27,CROSS_CITY_LINE_A,Class_730,6
28/01/2026,14:47,CROSS_CITY_LINE_A,Class_730,6
28/01/2026,14:25,CROSS_CITY_LINE_A,Class_730,6
28/01/2026,13:59,CROSS_CITY_LINE_A,Class_730,6
28/01/2026,21:36,CROSS_CITY_LINE_A,Class_730,6
28/01/2026,21:50,STAFFORD_COVENTRY,Class_390,11
28/01/2026,11:49,CROSS_CITY_LINE_A,Class_730,6
28/01/2026,19:56,STAFFORD_COVENTRY,Class_390,11
28/01/2026,19:51,BIRMINGHAM_NEW_STREET_RUGBY,Class_390,7
28/01/2026,18:53,BIRMINGHAM_NEW_STREET_RUGBY,Class_390,7
28/01/2026,17:41,BIRMINGHAM_NEW_STREET_RUGBY,Class_390,7
28/01/2026,16:20,BIRMINGHAM_NEW_STREET_RUGBY,Class_390,7
28/01/2026,15:04,BIRMINGHAM_NEW_STREET_RUGBY,Class_390,7
28/01/2026,14:17,BIRMINGHAM_NEW_STREET_RUGBY,Class_390,7
28/01/2026,13:24,BIRMINGHAM_NEW_STREET_RUGBY,Class_390,7
28/01/2026,12:18,BIRMINGHAM_NEW_STREET_RUGBY,Class_390,7
28/01/2026,10:51,BIRMINGHAM_NEW_STREET_RUGBY,Class_390,7
28/01/2026,09:39,BIRMINGHAM_NEW_STREET_RUGBY,Class_390,7
28/01/2026,08:37,BIRMINGHAM_NEW_STREET_RUGBY,Class_390,7
28/01/2026,07:02,BIRMINGHAM_NEW_STREET_RUGBY,Class_390,7
28/01/2026,06:13,BIRMINGHAM_NEW_STREET_RUGBY,Class_390,7
28/01/2026,07:18,RUGBY_BIRMINGHAM_NEW_STREET,Class_390,7
28/01/2026,22:57,RUGBY_WOLVERHAMPTON,Class_390,11
28/01/2026,19:38,RUGBY_WOLVERHAMPTON,Class_390,11
28/01/2026,05:39,WOLVERHAMPTON_COVENTRY,Class_390,11
28/01/2026,05:24,WOLVERHAMPTON_COVENTRY,Class_390,11
28/01/2026,05:11,WOLVERHAMPTON_COVENTRY,Class_390,11
28/01/2026,05:08,WOLVERHAMPTON_COVENTRY,Class_390,11
28/01/2026,23:18,DORRIDGE_STOURBRIDGE_JUNCTION,Class_168,6
28/01/2026,21:01,DORRIDGE_STOURBRIDGE_JUNCTION,Class_168,6
28/01/2026,18:32,DORRIDGE_STOURBRIDGE_JUNCTION,Class_168,6
28/01/2026,05:28,STOURBRIDGE_JUNCTION_DORRIDGE,Class_168,6
28/01/2026,23:31,DORRIDGE_BIRMINGHAM_SNOW_HILL,Class_168,6
28/01/2026,22:50,DORRIDGE_BIRMINGHAM_SNOW_HILL,Class_168,6
28/01/2026,21:38,DORRIDGE_BIRMINGHAM_SNOW_HILL,Class_168,6
28/01/2026,20:58,STAFFORD_COVENTRY,Class_390,11
28/01/2026,20:48,RUGBY_WOLVERHAMPTON,Class_390,11
28/01/2026,08:19,RUGBY_BIRMINGHAM_NEW_STREET,Class_390,7
28/01/2026,21:01,DORRIDGE_BIRMINGHAM_SNOW_HILL,Class_168,6
28/01/2026,09:23,RUGBY_BIRMINGHAM_NEW_STREET,Class_390,7
28/01/2026,18:55,STAFFORD_COVENTRY,Class_390,11
28/01/2026,17:51,STAFFORD_COVENTRY,Class_390,11
28/01/2026,16:12,STAFFORD_COVENTRY,Class_390,11
28/01/2026,15:01,STAFFORD_COVENTRY,Class_390,11
28/01/2026,14:13,STAFFORD_COVENTRY,Class_390,11
28/01/2026,13:26,STAFFORD_COVENTRY,Class_390,11
28/01/2026,12:01,STAFFORD_COVENTRY,Class_390,11
28/01/2026,09:06,RUGBY_BIRMINGHAM_NEW_STREET,Class_390,7
28/01/2026,09:29,STAFFORD_COVENTRY,Class_390,11
28/01/2026,08:43,STAFFORD_COVENTRY,Class_390,11
28/01/2026,07:03,STAFFORD_COVENTRY,Class_390,11
28/01/2026,06:28,STAFFORD_COVENTRY,Class_390,11
28/01/2026,18:50,RUGBY_BIRMINGHAM_NEW_STREET,Class_390,7
28/01/2026,18:13,RUGBY_BIRMINGHAM_NEW_STREET,Class_390,7
28/01/2026,10:54,STAFFORD_COVENTRY,Class_390,11
28/01/2026,16:48,RUGBY_BIRMINGHAM_NEW_STREET,Class_390,7
28/01/2026,17:45,RUGBY_BIRMINGHAM_NEW_STREET,Class_390,7
28/01/2026,10:19,RUGBY_BIRMINGHAM_NEW_STREET,Class_390,7
28/01/2026,10:52,RUGBY_BIRMINGHAM_NEW_STREET,Class_390,7
28/01/2026,11:33,RUGBY_BIRMINGHAM_NEW_STREET,Class_390,7
28/01/2026,12:57,RUGBY_BIRMINGHAM_NEW_STREET,Class_390,7
28/01/2026,13:26,RUGBY_BIRMINGHAM_NEW_STREET,Class_390,7
28/01/2026,12:09,RUGBY_BIRMINGHAM_NEW_STREET,Class_390,7
28/01/2026,14:08,RUGBY_BIRMINGHAM_NEW_STREET,Class_390,7
28/01/2026,14:38,RUGBY_BIRMINGHAM_NEW_STREET,Class_390,7
28/01/2026,14:51,RUGBY_BIRMINGHAM_NEW_STREET,Class_390,7
28/01/2026,15:46,RUGBY_BIRMINGHAM_NEW_STREET,Class_390,7
28/01/2026,16:09,RUGBY_BIRMINGHAM_NEW_STREET,Class_390,7
28/01/2026,13:53,RUGBY_BIRMINGHAM_NEW_STREET,Class_390,7
29/01/2026,20:55,FOUR_OAKS_REDDITCH,Class_730,6
29/01/2026,19:20,FOUR_OAKS_REDDITCH,Class_730,6
29/01/2026,19:51,FOUR_OAKS_REDDITCH,Class_730,6
29/01/2026,20:21,FOUR_OAKS_REDDITCH,Class_730,6
29/01/2026,21:36,FOUR_OAKS_REDDITCH,Class_730,6
29/01/2026,06:22,RUGELEY_TRENT_VALLEY_BIRMINGHAM_INTERNATIONAL,Class_730,3
29/01/2026,22:14,FOUR_OAKS_REDDITCH,Class_730,6
29/01/2026,22:38,FOUR_OAKS_REDDITCH,Class_730,6
29/01/2026,23:00,FOUR_OAKS_REDDITCH,Class_730,6
29/01/2026,05:43,RUGELEY_TRENT_VALLEY_BIRMINGHAM_INTERNATIONAL,Class_730,3
29/01/2026,05:53,RUGELEY_TRENT_VALLEY_BIRMINGHAM_INTERNATIONAL,Class_730,3
29/01/2026,21:58,FOUR_OAKS_REDDITCH,Class_730,6
29/01/2026,18:48,FOUR_OAKS_REDDITCH,Class_730,6
29/01/2026,10:39,FOUR_OAKS_REDDITCH,Class_730,6
29/01/2026,17:52,FOUR_OAKS_REDDITCH,Class_730,6
29/01/2026,17:26,FOUR_OAKS_REDDITCH,Class_730,6
29/01/2026,16:37,FOUR_OAKS_REDDITCH,Class_730,6
29/01/2026,16:02,FOUR_OAKS_REDDITCH,Class_730,6
29/01/2026,15:29,FOUR_OAKS_REDDITCH,Class_730,6
29/01/2026,15:08,FOUR_OAKS_REDDITCH,Class_730,6
29/01/2026,14:33,FOUR_OAKS_REDDITCH,Class_730,6
29/01/2026,13:31,FOUR_OAKS_REDDITCH,Class_730,6
29/01/2026,12:54,FOUR_OAKS_REDDITCH,Class_730,6
29/01/2026,12:26,FOUR_OAKS_REDDITCH,Class_730,6
29/01/2026,11:52,FOUR_OAKS_REDDITCH,Class_730,6
29/01/2026,11:16,FOUR_OAKS_REDDITCH,Class_730,6
29/01/2026,06:46,RUGELEY_TRENT_VALLEY_BIRMINGHAM_INTERNATIONAL,Class_730,3
29/01/2026,18:25,FOUR_OAKS_REDDITCH,Class_730,6
29/01/2026,07:23,RUGELEY_TRENT_VALLEY_BIRMINGHAM_INTERNATIONAL,Class_730,3
29/01/2026,16:05,RUGELEY_TRENT_VALLEY_BIRMINGHAM_INTERNATIONAL,Class_730,3
29/01/2026,08:33,RUGELEY_TRENT_VALLEY_BIRMINGHAM_INTERNATIONAL,Class_730,3
29/01/2026,07:07,BIRMINGHAM_INTERNATIONAL_RUGELEY_TRENT_VALLEY,Class_730,3
29/01/2026,06:47,BIRMINGHAM_INTERNATIONAL_RUGELEY_TRENT_VALLEY,Class_730,3
29/01/2026,06:17,BIRMINGHAM_INTERNATIONAL_RUGELEY_TRENT_VALLEY,Class_730,3
29/01/2026,05:55,BIRMINGHAM_INTERNATIONAL_RUGELEY_TRENT_VALLEY,Class_730,3
29/01/2026,22:03,RUGELEY_TRENT_VALLEY_BIRMINGHAM_INTERNATIONAL,Class_730,3
29/01/2026,21:44,RUGELEY_TRENT_VALLEY_BIRMINGHAM_INTERNATIONAL,Class_730,3
29/01/2026,20:56,RUGELEY_TRENT_VALLEY_BIRMINGHAM_INTERNATIONAL,Class_730,3
29/01/2026,20:34,RUGELEY_TRENT_VALLEY_BIRMINGHAM_INTERNATIONAL,Class_730,3
29/01/2026,20:03,RUGELEY_TRENT_VALLEY_BIRMINGHAM_INTERNATIONAL,Class_730,3
29/01/2026,19:30,RUGELEY_TRENT_VALLEY_BIRMINGHAM_INTERNATIONAL,Class_730,3
29/01/2026,19:01,RUGELEY_TRENT_VALLEY_BIRMINGHAM_INTERNATIONAL,Class_730,3
29/01/2026,18:35,RUGELEY_TRENT_VALLEY_BIRMINGHAM_INTERNATIONAL,Class_730,3
29/01/2026,18:18,RUGELEY_TRENT_VALLEY_BIRMINGHAM_INTERNATIONAL,Class_730,3
29/01/2026,17:35,RUGELEY_TRENT_VALLEY_BIRMINGHAM_INTERNATIONAL,Class_730,3
29/01/2026,16:48,RUGELEY_TRENT_VALLEY_BIRMINGHAM_INTERNATIONAL,Class_730,3
29/01/2026,15:49,RUGELEY_TRENT_VALLEY_BIRMINGHAM_INTERNATIONAL,Class_730,3
29/01/2026,15:14,RUGELEY_TRENT_VALLEY_BIRMINGHAM_INTERNATIONAL,Class_730,3
29/01/2026,14:44,RUGELEY_TRENT_VALLEY_BIRMINGHAM_INTERNATIONAL,Class_730,3
29/01/2026,13:33,RUGELEY_TRENT_VALLEY_BIRMINGHAM_INTERNATIONAL,Class_730,3
29/01/2026,13:04,RUGELEY_TRENT_VALLEY_BIRMINGHAM_INTERNATIONAL,Class_730,3
29/01/2026,12:26,RUGELEY_TRENT_VALLEY_BIRMINGHAM_INTERNATIONAL,Class_730,3
29/01/2026,11:56,RUGELEY_TRENT_VALLEY_BIRMINGHAM_INTERNATIONAL,Class_730,3
29/01/2026,11:19,RUGELEY_TRENT_VALLEY_BIRMINGHAM_INTERNATIONAL,Class_730,3
29/01/2026,10:50,RUGELEY_TRENT_VALLEY_BIRMINGHAM_INTERNATIONAL,Class_730,3
29/01/2026,09:59,RUGELEY_TRENT_VALLEY_BIRMINGHAM_INTERNATIONAL,Class_730,3
29/01/2026,09:28,RUGELEY_TRENT_VALLEY_BIRMINGHAM_INTERNATIONAL,Class_730,3
29/01/2026,08:56,RUGELEY_TRENT_VALLEY_BIRMINGHAM_INTERNATIONAL,Class_730,3
29/01/2026,07:48,RUGELEY_TRENT_VALLEY_BIRMINGHAM_INTERNATIONAL,Class_730,3
29/01/2026,09:54,FOUR_OAKS_REDDITCH,Class_730,6
29/01/2026,13:33,CROSS_CITY_LINE_B,Class_730,6
29/01/2026,08:50,FOUR_OAKS_REDDITCH,Class_730,6
29/01/2026,10:21,REDDITCH_FOUR_OAKS,Class_730,6
29/01/2026,09:41,REDDITCH_FOUR_OAKS,Class_730,6
29/01/2026,09:05,REDDITCH_FOUR_OAKS,Class_730,6
29/01/2026,08:38,REDDITCH_FOUR_OAKS,Class_730,6
29/01/2026,07:49,REDDITCH_FOUR_OAKS,Class_730,6
29/01/2026,07:33,REDDITCH_FOUR_OAKS,Class_730,6
29/01/2026,06:58,REDDITCH_FOUR_OAKS,Class_730,6
29/01/2026,06:28,REDDITCH_FOUR_OAKS,Class_730,6
29/01/2026,05:59,REDDITCH_FOUR_OAKS,Class_730,6
29/01/2026,05:49,REDDITCH_FOUR_OAKS,Class_730,6
29/01/2026,05:21,REDDITCH_FOUR_OAKS,Class_730,6
29/01/2026,22:19,CROSS_CITY_LINE_B,Class_730,6
29/01/2026,22:01,CROSS_CITY_LINE_B,Class_730,6
29/01/2026,11:07,REDDITCH_FOUR_OAKS,Class_730,6
29/01/2026,21:45,CROSS_CITY_LINE_B,Class_730,6
29/01/2026,20:36,CROSS_CITY_LINE_B,Class_730,6
29/01/2026,20:00,CROSS_CITY_LINE_B,Class_730,6
29/01/2026,19:20,CROSS_CITY_LINE_B,Class_730,6
29/01/2026,18:58,CROSS_CITY_LINE_B,Class_730,6
29/01/2026,18:28,CROSS_CITY_LINE_B,Class_730,6
29/01/2026,18:02,CROSS_CITY_LINE_B,Class_730,6
29/01/2026,17:29,CROSS_CITY_LINE_B,Class_730,6
29/01/2026,16:56,CROSS_CITY_LINE_B,Class_730,6
29/01/2026,16:04,CROSS_CITY_LINE_B,Class_730,6
29/01/2026,15:33,CROSS_CITY_LINE_B,Class_730,6
29/01/2026,15:13,CROSS_CITY_LINE_B,Class_730,6
29/01/2026,14:32,CROSS_CITY_LINE_B,Class_730,6
29/01/2026,07:45,BIRMINGHAM_INTERNATIONAL_RUGELEY_TRENT_VALLEY,Class_730,3
29/01/2026,20:59,CROSS_CITY_LINE_B,Class_730,6
29/01/2026,09:18,FOUR_OAKS_REDDITCH,Class_730,6
29/01/2026,11:46,REDDITCH_FOUR_OAKS,Class_730,6
29/01/2026,12:39,REDDITCH_FOUR_OAKS,Class_730,6
29/01/2026,08:10,FOUR_OAKS_REDDITCH,Class_730,6
29/01/2026,07:41,FOUR_OAKS_REDDITCH,Class_730,6
29/01/2026,07:13,FOUR_OAKS_REDDITCH,Class_730,6
29/01/2026,06:45,FOUR_OAKS_REDDITCH,Class_730,6
29/01/2026,06:13,FOUR_OAKS_REDDITCH,Class_730,6
29/01/2026,05:53,FOUR_OAKS_REDDITCH,Class_730,6
29/01/2026,05:39,FOUR_OAKS_REDDITCH,Class_730,6
29/01/2026,05:11,FOUR_OAKS_REDDITCH,Class_730,6
29/01/2026,23:07,REDDITCH_FOUR_OAKS,Class_730,6
29/01/2026,22:43,REDDITCH_FOUR_OAKS,Class_730,6
29/01/2026,22:25,REDDITCH_FOUR_OAKS,Class_730,6
29/01/2026,22:10,REDDITCH_FOUR_OAKS,Class_730,6
29/01/2026,21:48,REDDITCH_FOUR_OAKS,Class_730,6
29/01/2026,12:12,REDDITCH_FOUR_OAKS,Class_730,6
29/01/2026,21:17,REDDITCH_FOUR_OAKS,Class_730,6
29/01/2026,20:07,REDDITCH_FOUR_OAKS,Class_730,6
29/01/2026,19:33,REDDITCH_FOUR_OAKS,Class_730,6
29/01/2026,19:11,REDDITCH_FOUR_OAKS,Class_730,6
29/01/2026,18:46,REDDITCH_FOUR_OAKS,Class_730,6
29/01/2026,18:22,REDDITCH_FOUR_OAKS,Class_730,6
29/01/2026,17:42,REDDITCH_FOUR_OAKS,Class_730,6
29/01/2026,17:04,REDDITCH_FOUR_OAKS,Class_730,6
29/01/2026,16:17,REDDITCH_FOUR_OAKS,Class_730,6
29/01/2026,15:52,REDDITCH_FOUR_OAKS,Class_730,6
29/01/2026,15:19,REDDITCH_FOUR_OAKS,Class_730,6
29/01/2026,15:02,REDDITCH_FOUR_OAKS,Class_730,6
29/01/2026,13:49,REDDITCH_FOUR_OAKS,Class_730,6
29/01/2026,13:18,REDDITCH_FOUR_OAKS,Class_730,6
29/01/2026,20:41,REDDITCH_FOUR_OAKS,Class_730,6
29/01/2026,08:27,BIRMINGHAM_INTERNATIONAL_RUGELEY_TRENT_VALLEY,Class_730,3
29/01/2026,07:33,WOLVERHAMPTON_WALSALL,Class_730,3
29/01/2026,09:28,BIRMINGHAM_INTERNATIONAL_RUGELEY_TRENT_VALLEY,Class_730,3
29/01/2026,05:56,WALSALL_WOLVERHAMPTON,Class_732,3
29/01/2026,05:48,WALSALL_WOLVERHAMPTON,Class_731,3
29/01/2026,05:15,WALSALL_WOLVERHAMPTON,Class_730,3
29/01/2026,22:46,WOLVERHAMPTON_WALSALL,Class_730,3
29/01/2026,22:22,WOLVERHAMPTON_WALSALL,Class_730,3
29/01/2026,22:12,WOLVERHAMPTON_WALSALL,Class_730,3
29/01/2026,21:48,WOLVERHAMPTON_WALSALL,Class_730,3
29/01/2026,21:19,WOLVERHAMPTON_WALSALL,Class_730,3
29/01/2026,20:38,WOLVERHAMPTON_WALSALL,Class_730,3
29/01/2026,20:07,WOLVERHAMPTON_WALSALL,Class_730,3
29/01/2026,19:31,WOLVERHAMPTON_WALSALL,Class_730,3
29/01/2026,19:13,WOLVERHAMPTON_WALSALL,Class_730,3
29/01/2026,18:40,WOLVERHAMPTON_WALSALL,Class_730,3
29/01/2026,18:18,WOLVERHAMPTON_WALSALL,Class_730,3
29/01/2026,17:41,WOLVERHAMPTON_WALSALL,Class_730,3
29/01/2026,17:13,WOLVERHAMPTON_WALSALL,Class_730,3
29/01/2026,16:10,WOLVERHAMPTON_WALSALL,Class_730,3
29/01/2026,15:51,WOLVERHAMPTON_WALSALL,Class_730,3
29/01/2026,15:22,WOLVERHAMPTON_WALSALL,Class_730,3
29/01/2026,14:58,WOLVERHAMPTON_WALSALL,Class_730,3
29/01/2026,14:01,WOLVERHAMPTON_WALSALL,Class_730,3
29/01/2026,13:16,WOLVERHAMPTON_WALSALL,Class_730,3
29/01/2026,12:35,WOLVERHAMPTON_WALSALL,Class_730,3
29/01/2026,12:13,WOLVERHAMPTON_WALSALL,Class_730,3
29/01/2026,11:44,WOLVERHAMPTON_WALSALL,Class_730,3
29/01/2026,11:03,WOLVERHAMPTON_WALSALL,Class_730,3
29/01/2026,10:21,WOLVERHAMPTON_WALSALL,Class_730,3
29/01/2026,06:31,WALSALL_WOLVERHAMPTON,Class_733,3
29/01/2026,07:02,WALSALL_WOLVERHAMPTON,Class_734,3
29/01/2026,07:30,WALSALL_WOLVERHAMPTON,Class_735,3
29/01/2026,07:49,WALSALL_WOLVERHAMPTON,Class_736,3
29/01/2026,13:00,CROSS_CITY_LINE_B,Class_730,6
29/01/2026,22:56,WALSALL_WOLVERHAMPTON,Class_763,3
29/01/2026,22:23,WALSALL_WOLVERHAMPTON,Class_762,3
29/01/2026,22:10,WALSALL_WOLVERHAMPTON,Class_761,3
29/01/2026,21:48,WALSALL_WOLVERHAMPTON,Class_760,3
29/01/2026,21:17,WALSALL_WOLVERHAMPTON,Class_759,3
29/01/2026,20:45,WALSALL_WOLVERHAMPTON,Class_758,3
29/01/2026,20:10,WALSALL_WOLVERHAMPTON,Class_757,3
29/01/2026,19:30,WALSALL_WOLVERHAMPTON,Class_756,3
29/01/2026,19:09,WALSALL_WOLVERHAMPTON,Class_755,3
29/01/2026,18:43,WALSALL_WOLVERHAMPTON,Class_754,3
29/01/2026,18:19,WALSALL_WOLVERHAMPTON,Class_753,3
29/01/2026,17:40,WALSALL_WOLVERHAMPTON,Class_752,3
29/01/2026,09:42,WOLVERHAMPTON_WALSALL,Class_730,3
29/01/2026,17:06,WALSALL_WOLVERHAMPTON,Class_751,3
29/01/2026,15:54,WALSALL_WOLVERHAMPTON,Class_749,3
29/01/2026,15:16,WALSALL_WOLVERHAMPTON,Class_748,3
29/01/2026,15:06,WALSALL_WOLVERHAMPTON,Class_747,3
29/01/2026,14:01,WALSALL_WOLVERHAMPTON,Class_746,3
29/01/2026,13:18,WALSALL_WOLVERHAMPTON,Class_745,3
29/01/2026,12:37,WALSALL_WOLVERHAMPTON,Class_744,3
29/01/2026,12:10,WALSALL_WOLVERHAMPTON,Class_743,3
29/01/2026,11:38,WALSALL_WOLVERHAMPTON,Class_742,3
29/01/2026,11:02,WALSALL_WOLVERHAMPTON,Class_741,3
29/01/2026,10:26,WALSALL_WOLVERHAMPTON,Class_740,3
29/01/2026,09:42,WALSALL_WOLVERHAMPTON,Class_739,3
29/01/2026,09:01,WALSALL_WOLVERHAMPTON,Class_738,3
29/01/2026,08:35,WALSALL_WOLVERHAMPTON,Class_737,3
29/01/2026,16:17,WALSALL_WOLVERHAMPTON,Class_750,3
29/01/2026,09:01,WOLVERHAMPTON_WALSALL,Class_730,3
29/01/2026,08:36,WOLVERHAMPTON_WALSALL,Class_730,3
29/01/2026,07:49,WOLVERHAMPTON_WALSALL,Class_730,3
29/01/2026,10:09,NORTHAMPTON_BIRMINGHAM_NEW_STREET,Class_350,5
29/01/2026,08:52,NORTHAMPTON_BIRMINGHAM_NEW_STREET,Class_350,5
29/01/2026,07:43,NORTHAMPTON_BIRMINGHAM_NEW_STREET,Class_350,5
29/01/2026,06:47,NORTHAMPTON_BIRMINGHAM_NEW_STREET,Class_350,5
29/01/2026,05:56,NORTHAMPTON_BIRMINGHAM_NEW_STREET,Class_350,5
29/01/2026,05:14,NORTHAMPTON_BIRMINGHAM_NEW_STREET,Class_350,5
29/01/2026,22:03,BIRMINGHAM_INTERNATIONAL_RUGELEY_TRENT_VALLEY,Class_730,3
29/01/2026,21:47,BIRMINGHAM_INTERNATIONAL_RUGELEY_TRENT_VALLEY,Class_730,3
29/01/2026,21:05,BIRMINGHAM_INTERNATIONAL_RUGELEY_TRENT_VALLEY,Class_730,3
29/01/2026,20:23,BIRMINGHAM_INTERNATIONAL_RUGELEY_TRENT_VALLEY,Class_730,3
29/01/2026,20:02,BIRMINGHAM_INTERNATIONAL_RUGELEY_TRENT_VALLEY,Class_730,3
29/01/2026,19:29,BIRMINGHAM_INTERNATIONAL_RUGELEY_TRENT_VALLEY,Class_730,3
29/01/2026,19:04,BIRMINGHAM_INTERNATIONAL_RUGELEY_TRENT_VALLEY,Class_730,3
29/01/2026,11:36,NORTHAMPTON_BIRMINGHAM_NEW_STREET,Class_350,5
29/01/2026,18:35,BIRMINGHAM_INTERNATIONAL_RUGELEY_TRENT_VALLEY,Class_730,3
29/01/2026,17:35,BIRMINGHAM_INTERNATIONAL_RUGELEY_TRENT_VALLEY,Class_730,3
29/01/2026,16:47,BIRMINGHAM_INTERNATIONAL_RUGELEY_TRENT_VALLEY,Class_730,3
29/01/2026,16:06,BIRMINGHAM_INTERNATIONAL_RUGELEY_TRENT_VALLEY,Class_730,3
29/01/2026,15:41,BIRMINGHAM_INTERNATIONAL_RUGELEY_TRENT_VALLEY,Class_730,3
29/01/2026,15:14,BIRMINGHAM_INTERNATIONAL_RUGELEY_TRENT_VALLEY,Class_730,3
29/01/2026,14:45,BIRMINGHAM_INTERNATIONAL_RUGELEY_TRENT_VALLEY,Class_730,3
29/01/2026,13:37,BIRMINGHAM_INTERNATIONAL_RUGELEY_TRENT_VALLEY,Class_730,3
29/01/2026,13:06,BIRMINGHAM_INTERNATIONAL_RUGELEY_TRENT_VALLEY,Class_730,3
29/01/2026,12:32,BIRMINGHAM_INTERNATIONAL_RUGELEY_TRENT_VALLEY,Class_730,3
29/01/2026,12:00,BIRMINGHAM_INTERNATIONAL_RUGELEY_TRENT_VALLEY,Class_730,3
29/01/2026,11:22,BIRMINGHAM_INTERNATIONAL_RUGELEY_TRENT_VALLEY,Class_730,3
29/01/2026,10:35,BIRMINGHAM_INTERNATIONAL_RUGELEY_TRENT_VALLEY,Class_730,3
29/01/2026,10:14,BIRMINGHAM_INTERNATIONAL_RUGELEY_TRENT_VALLEY,Class_730,3
29/01/2026,18:00,BIRMINGHAM_INTERNATIONAL_RUGELEY_TRENT_VALLEY,Class_730,3
29/01/2026,09:00,BIRMINGHAM_INTERNATIONAL_RUGELEY_TRENT_VALLEY,Class_730,3
29/01/2026,12:29,NORTHAMPTON_BIRMINGHAM_NEW_STREET,Class_350,5
29/01/2026,15:15,NORTHAMPTON_BIRMINGHAM_NEW_STREET,Class_350,5
29/01/2026,06:55,WOLVERHAMPTON_WALSALL,Class_730,3
29/01/2026,06:33,WOLVERHAMPTON_WALSALL,Class_730,3
29/01/2026,05:59,WOLVERHAMPTON_WALSALL,Class_730,3
29/01/2026,05:49,WOLVERHAMPTON_WALSALL,Class_730,3
29/01/2026,05:22,WOLVERHAMPTON_WALSALL,Class_730,3
29/01/2026,22:58,BIRMINGHAM_NEW_STREET_NORTHAMPTON,Class_350,8
29/01/2026,22:12,BIRMINGHAM_NEW_STREET_NORTHAMPTON,Class_350,8
29/01/2026,21:28,BIRMINGHAM_NEW_STREET_NORTHAMPTON,Class_350,8
29/01/2026,20:13,BIRMINGHAM_NEW_STREET_NORTHAMPTON,Class_350,8
29/01/2026,19:17,BIRMINGHAM_NEW_STREET_NORTHAMPTON,Class_350,8
29/01/2026,18:24,BIRMINGHAM_NEW_STREET_NORTHAMPTON,Class_350,8
29/01/2026,17:24,BIRMINGHAM_NEW_STREET_NORTHAMPTON,Class_350,8
29/01/2026,15:56,BIRMINGHAM_NEW_STREET_NORTHAMPTON,Class_350,8
29/01/2026,13:38,NORTHAMPTON_BIRMINGHAM_NEW_STREET,Class_350,5
29/01/2026,15:07,BIRMINGHAM_NEW_STREET_NORTHAMPTON,Class_350,8
29/01/2026,12:20,BIRMINGHAM_NEW_STREET_NORTHAMPTON,Class_350,8
29/01/2026,11:07,BIRMINGHAM_NEW_STREET_NORTHAMPTON,Class_350,8
29/01/2026,09:47,BIRMINGHAM_NEW_STREET_NORTHAMPTON,Class_350,8
29/01/2026,08:39,BIRMINGHAM_NEW_STREET_NORTHAMPTON,Class_350,8
29/01/2026,07:35,BIRMINGHAM_NEW_STREET_NORTHAMPTON,Class_350,8
29/01/2026,06:34,BIRMINGHAM_NEW_STREET_NORTHAMPTON,Class_350,8
29/01/2026,22:21,NORTHAMPTON_BIRMINGHAM_NEW_STREET,Class_350,5
29/01/2026,21:39,NORTHAMPTON_BIRMINGHAM_NEW_STREET,Class_350,5
29/01/2026,20:37,NORTHAMPTON_BIRMINGHAM_NEW_STREET,Class_350,5
29/01/2026,19:30,NORTHAMPTON_BIRMINGHAM_NEW_STREET,Class_350,5
29/01/2026,18:28,NORTHAMPTON_BIRMINGHAM_NEW_STREET,Class_350,5
29/01/2026,17:30,NORTHAMPTON_BIRMINGHAM_NEW_STREET,Class_350,5
29/01/2026,16:07,NORTHAMPTON_BIRMINGHAM_NEW_STREET,Class_350,5
29/01/2026,13:22,BIRMINGHAM_NEW_STREET_NORTHAMPTON,Class_350,8
29/01/2026,12:31,CROSS_CITY_LINE_B,Class_730,6
29/01/2026,11:53,CROSS_CITY_LINE_B,Class_730,6
29/01/2026,06:06,BIRMINGHAM_INTERNATIONA_WOLVERHAMPTON,Class_158,2
29/01/2026,19:48,DORRIDGE_BIRMINGHAM_MOOR_STREET,Class_168,6
29/01/2026,19:25,DORRIDGE_BIRMINGHAM_MOOR_STREET,Class_168,6
29/01/2026,18:57,DORRIDGE_BIRMINGHAM_MOOR_STREET,Class_168,6
29/01/2026,18:28,DORRIDGE_BIRMINGHAM_MOOR_STREET,Class_168,6
29/01/2026,17:48,DORRIDGE_BIRMINGHAM_MOOR_STREET,Class_168,6
29/01/2026,17:30,DORRIDGE_BIRMINGHAM_MOOR_STREET,Class_168,6
29/01/2026,16:37,DORRIDGE_BIRMINGHAM_MOOR_STREET,Class_168,6
29/01/2026,16:03,DORRIDGE_BIRMINGHAM_MOOR_STREET,Class_168,6
29/01/2026,15:29,DORRIDGE_BIRMINGHAM_MOOR_STREET,Class_168,6
29/01/2026,15:12,DORRIDGE_BIRMINGHAM_MOOR_STREET,Class_168,6
29/01/2026,14:31,DORRIDGE_BIRMINGHAM_MOOR_STREET,Class_168,6
29/01/2026,13:32,DORRIDGE_BIRMINGHAM_MOOR_STREET,Class_168,6
29/01/2026,12:53,DORRIDGE_BIRMINGHAM_MOOR_STREET,Class_168,6
29/01/2026,12:22,DORRIDGE_BIRMINGHAM_MOOR_STREET,Class_168,6
29/01/2026,11:50,DORRIDGE_BIRMINGHAM_MOOR_STREET,Class_168,6
29/01/2026,11:29,DORRIDGE_BIRMINGHAM_MOOR_STREET,Class_168,6
29/01/2026,10:41,DORRIDGE_BIRMINGHAM_MOOR_STREET,Class_168,6
29/01/2026,09:52,DORRIDGE_BIRMINGHAM_MOOR_STREET,Class_168,6
29/01/2026,09:29,DORRIDGE_BIRMINGHAM_MOOR_STREET,Class_168,6
29/01/2026,08:51,DORRIDGE_BIRMINGHAM_MOOR_STREET,Class_168,6
29/01/2026,08:06,DORRIDGE_BIRMINGHAM_MOOR_STREET,Class_168,6
29/01/2026,07:41,DORRIDGE_BIRMINGHAM_MOOR_STREET,Class_168,6
29/01/2026,07:06,DORRIDGE_BIRMINGHAM_MOOR_STREET,Class_168,6
29/01/2026,06:43,DORRIDGE_BIRMINGHAM_MOOR_STREET,Class_168,6
29/01/2026,06:09,DORRIDGE_BIRMINGHAM_MOOR_STREET,Class_168,6
29/01/2026,05:54,DORRIDGE_BIRMINGHAM_MOOR_STREET,Class_168,6
29/01/2026,23:18,BIRMINGHAM_MOOR_STREET_DORRIDGE,Class_168,6
29/01/2026,20:29,DORRIDGE_BIRMINGHAM_MOOR_STREET,Class_168,6
29/01/2026,20:57,DORRIDGE_BIRMINGHAM_MOOR_STREET,Class_168,6
29/01/2026,21:43,DORRIDGE_BIRMINGHAM_MOOR_STREET,Class_168,6
29/01/2026,21:56,DORRIDGE_BIRMINGHAM_MOOR_STREET,Class_168,6
29/01/2026,18:08,DORRIDGE_BIRMINGHAM_SNOW_HILL,Class_168,6
29/01/2026,16:47,DORRIDGE_BIRMINGHAM_SNOW_HILL,Class_168,6
29/01/2026,15:34,DORRIDGE_BIRMINGHAM_SNOW_HILL,Class_168,6
29/01/2026,14:37,DORRIDGE_BIRMINGHAM_SNOW_HILL,Class_168,6
29/01/2026,13:05,DORRIDGE_BIRMINGHAM_SNOW_HILL,Class_168,6
29/01/2026,11:53,DORRIDGE_BIRMINGHAM_SNOW_HILL,Class_168,6
29/01/2026,10:45,DORRIDGE_BIRMINGHAM_SNOW_HILL,Class_168,6
29/01/2026,09:33,DORRIDGE_BIRMINGHAM_SNOW_HILL,Class_168,6
29/01/2026,08:23,DORRIDGE_BIRMINGHAM_SNOW_HILL,Class_168,6
29/01/2026,23:17,BIRMINGHAM_SNOW_HILL_DORRIDGE,Class_168,6
29/01/2026,22:29,BIRMINGHAM_SNOW_HILL_DORRIDGE,Class_168,6
29/01/2026,21:53,BIRMINGHAM_SNOW_HILL_DORRIDGE,Class_168,6
29/01/2026,20:55,BIRMINGHAM_SNOW_HILL_DORRIDGE,Class_168,6
29/01/2026,23:02,BIRMINGHAM_MOOR_STREET_DORRIDGE,Class_168,6
29/01/2026,19:47,BIRMINGHAM_SNOW_HILL_DORRIDGE,Class_168,6
29/01/2026,17:51,BIRMINGHAM_SNOW_HILL_DORRIDGE,Class_168,6
29/01/2026,16:36,BIRMINGHAM_SNOW_HILL_DORRIDGE,Class_168,6
29/01/2026,15:25,BIRMINGHAM_SNOW_HILL_DORRIDGE,Class_168,6
29/01/2026,14:18,BIRMINGHAM_SNOW_HILL_DORRIDGE,Class_168,6
29/01/2026,12:47,BIRMINGHAM_SNOW_HILL_DORRIDGE,Class_168,6
29/01/2026,11:48,BIRMINGHAM_SNOW_HILL_DORRIDGE,Class_168,6
29/01/2026,10:35,BIRMINGHAM_SNOW_HILL_DORRIDGE,Class_168,6
29/01/2026,09:16,BIRMINGHAM_SNOW_HILL_DORRIDGE,Class_168,6
29/01/2026,08:02,BIRMINGHAM_SNOW_HILL_DORRIDGE,Class_168,6
29/01/2026,23:20,DORRIDGE_BIRMINGHAM_MOOR_STREET,Class_168,6
29/01/2026,23:04,DORRIDGE_BIRMINGHAM_MOOR_STREET,Class_168,6
29/01/2026,22:34,DORRIDGE_BIRMINGHAM_MOOR_STREET,Class_168,6
29/01/2026,22:22,DORRIDGE_BIRMINGHAM_MOOR_STREET,Class_168,6
29/01/2026,18:55,BIRMINGHAM_SNOW_HILL_DORRIDGE,Class_168,6
29/01/2026,22:17,BIRMINGHAM_MOOR_STREET_DORRIDGE,Class_168,6
29/01/2026,21:59,BIRMINGHAM_MOOR_STREET_DORRIDGE,Class_168,6
29/01/2026,21:35,BIRMINGHAM_MOOR_STREET_DORRIDGE,Class_168,6
29/01/2026,21:53,WOLVERHAMPTON_BIRMINGHAM_INTERNATIONAL,Class_158,2
29/01/2026,20:49,WOLVERHAMPTON_BIRMINGHAM_INTERNATIONAL,Class_158,2
29/01/2026,19:40,WOLVERHAMPTON_BIRMINGHAM_INTERNATIONAL,Class_158,2
29/01/2026,18:48,WOLVERHAMPTON_BIRMINGHAM_INTERNATIONAL,Class_158,2
29/01/2026,17:48,WOLVERHAMPTON_BIRMINGHAM_INTERNATIONAL,Class_158,2
29/01/2026,16:36,WOLVERHAMPTON_BIRMINGHAM_INTERNATIONAL,Class_158,2
29/01/2026,15:29,WOLVERHAMPTON_BIRMINGHAM_INTERNATIONAL,Class_158,2
29/01/2026,14:21,WOLVERHAMPTON_BIRMINGHAM_INTERNATIONAL,Class_158,2
29/01/2026,12:48,WOLVERHAMPTON_BIRMINGHAM_INTERNATIONAL,Class_158,2
29/01/2026,11:46,WOLVERHAMPTON_BIRMINGHAM_INTERNATIONAL,Class_158,2
29/01/2026,10:29,WOLVERHAMPTON_BIRMINGHAM_INTERNATIONAL,Class_158,2
29/01/2026,09:13,WOLVERHAMPTON_BIRMINGHAM_INTERNATIONAL,Class_158,2
29/01/2026,07:03,WOLVERHAMPTON_BIRMINGHAM_INTERNATIONAL,Class_158,2
29/01/2026,22:25,WOLVERHAMPTON_BIRMINGHAM_INTERNATIONAL,Class_158,2
29/01/2026,06:07,WOLVERHAMPTON_BIRMINGHAM_INTERNATIONAL,Class_158,2
29/01/2026,19:34,BIRMINGHAM_INTERNATIONA_WOLVERHAMPTON,Class_158,2
29/01/2026,18:46,BIRMINGHAM_INTERNATIONA_WOLVERHAMPTON,Class_158,2
29/01/2026,17:46,BIRMINGHAM_INTERNATIONA_WOLVERHAMPTON,Class_158,2
29/01/2026,16:25,BIRMINGHAM_INTERNATIONA_WOLVERHAMPTON,Class_158,2
29/01/2026,15:24,BIRMINGHAM_INTERNATIONA_WOLVERHAMPTON,Class_158,2
29/01/2026,14:13,BIRMINGHAM_INTERNATIONA_WOLVERHAMPTON,Class_158,2
29/01/2026,12:46,BIRMINGHAM_INTERNATIONA_WOLVERHAMPTON,Class_158,2
29/01/2026,11:47,BIRMINGHAM_INTERNATIONA_WOLVERHAMPTON,Class_158,2
29/01/2026,10:32,BIRMINGHAM_INTERNATIONA_WOLVERHAMPTON,Class_158,2
29/01/2026,09:05,BIRMINGHAM_INTERNATIONA_WOLVERHAMPTON,Class_158,2
29/01/2026,07:53,BIRMINGHAM_INTERNATIONA_WOLVERHAMPTON,Class_158,2
29/01/2026,07:06,BIRMINGHAM_INTERNATIONA_WOLVERHAMPTON,Class_158,2
29/01/2026,11:33,CROSS_CITY_LINE_B,Class_730,6
29/01/2026,05:15,WOLVERHAMPTON_BIRMINGHAM_INTERNATIONAL,Class_158,2
29/01/2026,19:04,DORRIDGE_BIRMINGHAM_SNOW_HILL,Class_168,6
29/01/2026,05:05,BIRMINGHAM_MOOR_STREET_DORRIDGE,Class_168,6
29/01/2026,05:33,BIRMINGHAM_MOOR_STREET_DORRIDGE,Class_168,6
29/01/2026,20:57,BIRMINGHAM_MOOR_STREET_DORRIDGE,Class_168,6
29/01/2026,20:25,BIRMINGHAM_MOOR_STREET_DORRIDGE,Class_168,6
29/01/2026,19:49,BIRMINGHAM_MOOR_STREET_DORRIDGE,Class_168,6
29/01/2026,19:28,BIRMINGHAM_MOOR_STREET_DORRIDGE,Class_168,6
29/01/2026,18:54,BIRMINGHAM_MOOR_STREET_DORRIDGE,Class_168,6
29/01/2026,18:34,BIRMINGHAM_MOOR_STREET_DORRIDGE,Class_168,6
29/01/2026,17:55,BIRMINGHAM_MOOR_STREET_DORRIDGE,Class_168,6
29/01/2026,17:27,BIRMINGHAM_MOOR_STREET_DORRIDGE,Class_168,6
29/01/2026,16:43,BIRMINGHAM_MOOR_STREET_DORRIDGE,Class_168,6
29/01/2026,16:03,BIRMINGHAM_MOOR_STREET_DORRIDGE,Class_168,6
29/01/2026,15:34,BIRMINGHAM_MOOR_STREET_DORRIDGE,Class_168,6
29/01/2026,15:14,BIRMINGHAM_MOOR_STREET_DORRIDGE,Class_168,6
29/01/2026,14:33,BIRMINGHAM_MOOR_STREET_DORRIDGE,Class_168,6
29/01/2026,05:12,BIRMINGHAM_MOOR_STREET_DORRIDGE,Class_168,6
29/01/2026,13:31,BIRMINGHAM_MOOR_STREET_DORRIDGE,Class_168,6
29/01/2026,12:22,BIRMINGHAM_MOOR_STREET_DORRIDGE,Class_168,6
29/01/2026,11:53,BIRMINGHAM_MOOR_STREET_DORRIDGE,Class_168,6
29/01/2026,11:17,BIRMINGHAM_MOOR_STREET_DORRIDGE,Class_168,6
29/01/2026,10:32,BIRMINGHAM_MOOR_STREET_DORRIDGE,Class_168,6
29/01/2026,09:57,BIRMINGHAM_MOOR_STREET_DORRIDGE,Class_168,6
29/01/2026,09:19,BIRMINGHAM_MOOR_STREET_DORRIDGE,Class_168,6
29/01/2026,08:43,BIRMINGHAM_MOOR_STREET_DORRIDGE,Class_168,6
29/01/2026,08:08,BIRMINGHAM_MOOR_STREET_DORRIDGE,Class_168,6
29/01/2026,07:36,BIRMINGHAM_MOOR_STREET_DORRIDGE,Class_168,6
29/01/2026,07:06,BIRMINGHAM_MOOR_STREET_DORRIDGE,Class_168,6
29/01/2026,06:42,BIRMINGHAM_MOOR_STREET_DORRIDGE,Class_168,6
29/01/2026,06:07,BIRMINGHAM_MOOR_STREET_DORRIDGE,Class_168,6
29/01/2026,05:53,BIRMINGHAM_MOOR_STREET_DORRIDGE,Class_168,6
29/01/2026,12:52,BIRMINGHAM_MOOR_STREET_DORRIDGE,Class_168,6
29/01/2026,19:52,DORRIDGE_BIRMINGHAM_SNOW_HILL,Class_168,6
29/01/2026,22:29,BIRMINGHAM_MOOR_STREET_DORRIDGE,Class_168,6
29/01/2026,22:04,DORRIDGE_BIRMINGHAM_SNOW_HILL,Class_168,6
29/01/2026,12:15,CROSS_CITY_LINE_A,Class_730,6
29/01/2026,11:49,CROSS_CITY_LINE_A,Class_730,6
29/01/2026,11:12,CROSS_CITY_LINE_A,Class_730,6
29/01/2026,10:29,CROSS_CITY_LINE_A,Class_730,6
29/01/2026,09:49,CROSS_CITY_LINE_A,Class_730,6
29/01/2026,09:12,CROSS_CITY_LINE_A,Class_730,6
29/01/2026,08:42,CROSS_CITY_LINE_A,Class_730,6
29/01/2026,07:50,CROSS_CITY_LINE_A,Class_730,6
29/01/2026,07:35,CROSS_CITY_LINE_A,Class_730,6
29/01/2026,07:03,CROSS_CITY_LINE_A,Class_730,6
29/01/2026,06:41,CROSS_CITY_LINE_A,Class_730,6
29/01/2026,06:04,CROSS_CITY_LINE_A,Class_730,6
29/01/2026,05:50,CROSS_CITY_LINE_A,Class_730,6
29/01/2026,12:46,CROSS_CITY_LINE_A,Class_730,6
29/01/2026,05:26,CROSS_CITY_LINE_A,Class_730,6
29/01/2026,21:15,COVENTRY_STAFFORD,Class_390,11
29/01/2026,20:05,COVENTRY_STAFFORD,Class_390,11
29/01/2026,19:05,COVENTRY_STAFFORD,Class_390,11
29/01/2026,18:14,COVENTRY_STAFFORD,Class_390,11
29/01/2026,16:57,COVENTRY_STAFFORD,Class_390,11
29/01/2026,15:35,COVENTRY_STAFFORD,Class_390,11
29/01/2026,14:55,COVENTRY_STAFFORD,Class_390,11
29/01/2026,13:09,COVENTRY_STAFFORD,Class_390,11
29/01/2026,12:08,COVENTRY_STAFFORD,Class_390,11
29/01/2026,10:57,COVENTRY_STAFFORD,Class_390,11
29/01/2026,09:35,COVENTRY_STAFFORD,Class_390,11
29/01/2026,08:11,COVENTRY_STAFFORD,Class_390,11
29/01/2026,07:27,COVENTRY_STAFFORD,Class_390,11
29/01/2026,22:08,COVENTRY_STAFFORD,Class_390,11
29/01/2026,06:16,COVENTRY_STAFFORD,Class_390,11
29/01/2026,13:24,CROSS_CITY_LINE_A,Class_730,6
29/01/2026,15:07,CROSS_CITY_LINE_A,Class_730,6
29/01/2026,21:01,DORRIDGE_BIRMINGHAM_SNOW_HILL,Class_168,6
29/01/2026,09:58,CROSS_CITY_LINE_B,Class_730,6
29/01/2026,09:32,CROSS_CITY_LINE_B,Class_730,6
29/01/2026,08:54,CROSS_CITY_LINE_B,Class_730,6
29/01/2026,08:24,CROSS_CITY_LINE_B,Class_730,6
29/01/2026,07:46,CROSS_CITY_LINE_B,Class_730,6
29/01/2026,07:24,CROSS_CITY_LINE_B,Class_730,6
29/01/2026,06:54,CROSS_CITY_LINE_B,Class_730,6
29/01/2026,06:23,CROSS_CITY_LINE_B,Class_730,6
29/01/2026,05:53,CROSS_CITY_LINE_B,Class_730,6
29/01/2026,05:45,CROSS_CITY_LINE_B,Class_730,6
29/01/2026,23:17,CROSS_CITY_LINE_A,Class_730,6
29/01/2026,22:58,CROSS_CITY_LINE_A,Class_730,6
29/01/2026,14:21,CROSS_CITY_LINE_A,Class_730,6
29/01/2026,22:25,CROSS_CITY_LINE_A,Class_730,6
29/01/2026,21:52,CROSS_CITY_LINE_A,Class_730,6
29/01/2026,21:28,CROSS_CITY_LINE_A,Class_730,6
29/01/2026,20:50,CROSS_CITY_LINE_A,Class_730,6
29/01/2026,20:19,CROSS_CITY_LINE_A,Class_730,6
29/01/2026,19:39,CROSS_CITY_LINE_A,Class_730,6
29/01/2026,19:15,CROSS_CITY_LINE_A,Class_730,6
29/01/2026,18:47,CROSS_CITY_LINE_A,Class_730,6
29/01/2026,18:22,CROSS_CITY_LINE_A,Class_730,6
29/01/2026,17:45,CROSS_CITY_LINE_A,Class_730,6
29/01/2026,17:23,CROSS_CITY_LINE_A,Class_730,6
29/01/2026,16:26,CROSS_CITY_LINE_A,Class_730,6
29/01/2026,16:00,CROSS_CITY_LINE_A,Class_730,6
29/01/2026,15:23,CROSS_CITY_LINE_A,Class_730,6
29/01/2026,22:13,CROSS_CITY_LINE_A,Class_730,6
29/01/2026,22:42,STAFFORD_COVENTRY,Class_390,11
29/01/2026,10:49,CROSS_CITY_LINE_B,Class_730,6
29/01/2026,08:27,BIRMINGHAM_NEW_STREET_RUGBY,Class_390,7
29/01/2026,07:58,RUGBY_BIRMINGHAM_NEW_STREET,Class_390,7
29/01/2026,07:33,RUGBY_BIRMINGHAM_NEW_STREET,Class_390,7
29/01/2026,19:57,BIRMINGHAM_NEW_STREET_RUGBY,Class_390,7
29/01/2026,19:07,BIRMINGHAM_NEW_STREET_RUGBY,Class_390,7
29/01/2026,16:56,BIRMINGHAM_NEW_STREET_RUGBY,Class_390,7
29/01/2026,15:44,BIRMINGHAM_NEW_STREET_RUGBY,Class_390,7
29/01/2026,14:57,BIRMINGHAM_NEW_STREET_RUGBY,Class_390,7
29/01/2026,13:03,BIRMINGHAM_NEW_STREET_RUGBY,Class_390,7
29/01/2026,11:57,BIRMINGHAM_NEW_STREET_RUGBY,Class_390,7
29/01/2026,10:57,BIRMINGHAM_NEW_STREET_RUGBY,Class_390,7
29/01/2026,09:33,BIRMINGHAM_NEW_STREET_RUGBY,Class_390,7
29/01/2026,22:05,STAFFORD_COVENTRY,Class_390,11
29/01/2026,07:28,BIRMINGHAM_NEW_STREET_RUGBY,Class_390,7
29/01/2026,06:17,BIRMINGHAM_NEW_STREET_RUGBY,Class_390,7
29/01/2026,22:54,RUGBY_WOLVERHAMPTON,Class_390,11
29/01/2026,21:05,RUGBY_WOLVERHAMPTON,Class_390,11
29/01/2026,19:59,RUGBY_WOLVERHAMPTON,Class_390,11
29/01/2026,05:52,WOLVERHAMPTON_COVENTRY,Class_390,11
29/01/2026,05:33,WOLVERHAMPTON_COVENTRY,Class_390,11
29/01/2026,05:07,WOLVERHAMPTON_COVENTRY,Class_390,11
29/01/2026,05:05,WOLVERHAMPTON_COVENTRY,Class_390,11
29/01/2026,23:06,DORRIDGE_STOURBRIDGE_JUNCTION,Class_168,6
29/01/2026,21:07,DORRIDGE_STOURBRIDGE_JUNCTION,Class_168,6
29/01/2026,18:55,DORRIDGE_STOURBRIDGE_JUNCTION,Class_168,6
29/01/2026,05:42,STOURBRIDGE_JUNCTION_DORRIDGE,Class_168,6
29/01/2026,23:29,DORRIDGE_BIRMINGHAM_SNOW_HILL,Class_168,6
29/01/2026,22:41,DORRIDGE_BIRMINGHAM_SNOW_HILL,Class_168,6
29/01/2026,09:00,RUGBY_BIRMINGHAM_NEW_STREET,Class_390,7
29/01/2026,09:23,RUGBY_BIRMINGHAM_NEW_STREET,Class_390,7
29/01/2026,18:18,BIRMINGHAM_NEW_STREET_RUGBY,Class_390,7
29/01/2026,10:43,RUGBY_BIRMINGHAM_NEW_STREET,Class_390,7
29/01/2026,21:11,STAFFORD_COVENTRY,Class_390,11
29/01/2026,20:02,STAFFORD_COVENTRY,Class_390,11
29/01/2026,19:09,STAFFORD_COVENTRY,Class_390,11
29/01/2026,18:17,STAFFORD_COVENTRY,Class_390,11
29/01/2026,17:00,STAFFORD_COVENTRY,Class_390,11
29/01/2026,15:46,STAFFORD_COVENTRY,Class_390,11
29/01/2026,14:54,STAFFORD_COVENTRY,Class_390,11
29/01/2026,13:03,STAFFORD_COVENTRY,Class_390,11
29/01/2026,10:18,RUGBY_BIRMINGHAM_NEW_STREET,Class_390,7
29/01/2026,10:54,STAFFORD_COVENTRY,Class_390,11
29/01/2026,09:36,STAFFORD_COVENTRY,Class_390,11
29/01/2026,08:33,STAFFORD_COVENTRY,Class_390,11
29/01/2026,07:15,STAFFORD_COVENTRY,Class_390,11
29/01/2026,06:21,STAFFORD_COVENTRY,Class_390,11
29/01/2026,12:10,STAFFORD_COVENTRY,Class_390,11
29/01/2026,18:36,RUGBY_BIRMINGHAM_NEW_STREET,Class_390,7
29/01/2026,19:04,RUGBY_BIRMINGHAM_NEW_STREET,Class_390,7
29/01/2026,11:50,RUGBY_BIRMINGHAM_NEW_STREET,Class_390,7
29/01/2026,12:36,RUGBY_BIRMINGHAM_NEW_STREET,Class_390,7
29/01/2026,12:54,RUGBY_BIRMINGHAM_NEW_STREET,Class_390,7
29/01/2026,13:41,RUGBY_BIRMINGHAM_NEW_STREET,Class_390,7
29/01/2026,14:34,RUGBY_BIRMINGHAM_NEW_STREET,Class_390,7
29/01/2026,11:44,RUGBY_BIRMINGHAM_NEW_STREET,Class_390,7
29/01/2026,15:30,RUGBY_BIRMINGHAM_NEW_STREET,Class_390,7
29/01/2026,16:10,RUGBY_BIRMINGHAM_NEW_STREET,Class_390,7
29/01/2026,16:40,RUGBY_BIRMINGHAM_NEW_STREET,Class_390,7
29/01/2026,17:37,RUGBY_BIRMINGHAM_NEW_STREET,Class_390,7
29/01/2026,17:58,RUGBY_BIRMINGHAM_NEW_STREET,Class_390,7
29/01/2026,15:19,RUGBY_BIRMINGHAM_NEW_STREET,Class_390,7
30/01/2026,19:05,FOUR_OAKS_REDDITCH,Class_730,6
30/01/2026,19:37,FOUR_OAKS_REDDITCH,Class_730,6
30/01/2026,20:20,FOUR_OAKS_REDDITCH,Class_730,6
30/01/2026,20:34,FOUR_OAKS_REDDITCH,Class_730,6
30/01/2026,21:06,FOUR_OAKS_REDDITCH,Class_730,6
30/01/2026,21:55,FOUR_OAKS_REDDITCH,Class_730,6
30/01/2026,05:21,RUGELEY_TRENT_VALLEY_BIRMINGHAM_INTERNATIONAL,Class_730,3
30/01/2026,22:56,FOUR_OAKS_REDDITCH,Class_730,6
30/01/2026,23:12,FOUR_OAKS_REDDITCH,Class_730,6
30/01/2026,05:45,RUGELEY_TRENT_VALLEY_BIRMINGHAM_INTERNATIONAL,Class_730,3
30/01/2026,06:09,RUGELEY_TRENT_VALLEY_BIRMINGHAM_INTERNATIONAL,Class_730,3
30/01/2026,06:50,RUGELEY_TRENT_VALLEY_BIRMINGHAM_INTERNATIONAL,Class_730,3
30/01/2026,22:35,FOUR_OAKS_REDDITCH,Class_730,6
30/01/2026,18:21,FOUR_OAKS_REDDITCH,Class_730,6
30/01/2026,23:08,WALSALL_WOLVERHAMPTON,Class_763,3
30/01/2026,17:25,FOUR_OAKS_REDDITCH,Class_730,6
30/01/2026,16:54,FOUR_OAKS_REDDITCH,Class_730,6
30/01/2026,16:22,FOUR_OAKS_REDDITCH,Class_730,6
30/01/2026,15:47,FOUR_OAKS_REDDITCH,Class_730,6
30/01/2026,15:16,FOUR_OAKS_REDDITCH,Class_730,6
30/01/2026,14:36,FOUR_OAKS_REDDITCH,Class_730,6
30/01/2026,14:11,FOUR_OAKS_REDDITCH,Class_730,6
30/01/2026,13:29,FOUR_OAKS_REDDITCH,Class_730,6
30/01/2026,12:57,FOUR_OAKS_REDDITCH,Class_730,6
30/01/2026,12:28,FOUR_OAKS_REDDITCH,Class_730,6
30/01/2026,12:01,FOUR_OAKS_REDDITCH,Class_730,6
30/01/2026,11:04,FOUR_OAKS_REDDITCH,Class_730,6
30/01/2026,10:31,FOUR_OAKS_REDDITCH,Class_730,6
30/01/2026,17:46,FOUR_OAKS_REDDITCH,Class_730,6
30/01/2026,07:06,RUGELEY_TRENT_VALLEY_BIRMINGHAM_INTERNATIONAL,Class_730,3
30/01/2026,07:10,BIRMINGHAM_INTERNATIONAL_RUGELEY_TRENT_VALLEY,Class_730,3
30/01/2026,07:59,RUGELEY_TRENT_VALLEY_BIRMINGHAM_INTERNATIONAL,Class_730,3
30/01/2026,09:53,FOUR_OAKS_REDDITCH,Class_730,6
30/01/2026,06:56,BIRMINGHAM_INTERNATIONAL_RUGELEY_TRENT_VALLEY,Class_730,3
30/01/2026,06:10,BIRMINGHAM_INTERNATIONAL_RUGELEY_TRENT_VALLEY,Class_730,3
30/01/2026,05:51,BIRMINGHAM_INTERNATIONAL_RUGELEY_TRENT_VALLEY,Class_730,3
30/01/2026,22:10,RUGELEY_TRENT_VALLEY_BIRMINGHAM_INTERNATIONAL,Class_730,3
30/01/2026,21:09,RUGELEY_TRENT_VALLEY_BIRMINGHAM_INTERNATIONAL,Class_730,3
30/01/2026,20:46,RUGELEY_TRENT_VALLEY_BIRMINGHAM_INTERNATIONAL,Class_730,3
30/01/2026,20:27,RUGELEY_TRENT_VALLEY_BIRMINGHAM_INTERNATIONAL,Class_730,3
30/01/2026,19:43,RUGELEY_TRENT_VALLEY_BIRMINGHAM_INTERNATIONAL,Class_730,3
30/01/2026,19:13,RUGELEY_TRENT_VALLEY_BIRMINGHAM_INTERNATIONAL,Class_730,3
30/01/2026,18:46,RUGELEY_TRENT_VALLEY_BIRMINGHAM_INTERNATIONAL,Class_730,3
30/01/2026,18:03,RUGELEY_TRENT_VALLEY_BIRMINGHAM_INTERNATIONAL,Class_730,3
30/01/2026,17:26,RUGELEY_TRENT_VALLEY_BIRMINGHAM_INTERNATIONAL,Class_730,3
30/01/2026,07:32,RUGELEY_TRENT_VALLEY_BIRMINGHAM_INTERNATIONAL,Class_730,3
30/01/2026,16:55,RUGELEY_TRENT_VALLEY_BIRMINGHAM_INTERNATIONAL,Class_730,3
30/01/2026,15:47,RUGELEY_TRENT_VALLEY_BIRMINGHAM_INTERNATIONAL,Class_730,3
30/01/2026,15:19,RUGELEY_TRENT_VALLEY_BIRMINGHAM_INTERNATIONAL,Class_730,3
30/01/2026,14:44,RUGELEY_TRENT_VALLEY_BIRMINGHAM_INTERNATIONAL,Class_730,3
30/01/2026,14:21,RUGELEY_TRENT_VALLEY_BIRMINGHAM_INTERNATIONAL,Class_730,3
30/01/2026,13:30,RUGELEY_TRENT_VALLEY_BIRMINGHAM_INTERNATIONAL,Class_730,3
30/01/2026,13:09,RUGELEY_TRENT_VALLEY_BIRMINGHAM_INTERNATIONAL,Class_730,3
30/01/2026,12:44,RUGELEY_TRENT_VALLEY_BIRMINGHAM_INTERNATIONAL,Class_730,3
30/01/2026,11:59,RUGELEY_TRENT_VALLEY_BIRMINGHAM_INTERNATIONAL,Class_730,3
30/01/2026,11:22,RUGELEY_TRENT_VALLEY_BIRMINGHAM_INTERNATIONAL,Class_730,3
30/01/2026,10:42,RUGELEY_TRENT_VALLEY_BIRMINGHAM_INTERNATIONAL,Class_730,3
30/01/2026,09:57,RUGELEY_TRENT_VALLEY_BIRMINGHAM_INTERNATIONAL,Class_730,3
30/01/2026,09:26,RUGELEY_TRENT_VALLEY_BIRMINGHAM_INTERNATIONAL,Class_730,3
30/01/2026,08:47,RUGELEY_TRENT_VALLEY_BIRMINGHAM_INTERNATIONAL,Class_730,3
30/01/2026,16:34,RUGELEY_TRENT_VALLEY_BIRMINGHAM_INTERNATIONAL,Class_730,3
30/01/2026,09:24,FOUR_OAKS_REDDITCH,Class_730,6
30/01/2026,12:18,REDDITCH_FOUR_OAKS,Class_730,6
30/01/2026,07:54,FOUR_OAKS_REDDITCH,Class_730,6
30/01/2026,09:03,REDDITCH_FOUR_OAKS,Class_730,6
30/01/2026,08:27,REDDITCH_FOUR_OAKS,Class_730,6
30/01/2026,07:34,REDDITCH_FOUR_OAKS,Class_730,6
30/01/2026,07:17,REDDITCH_FOUR_OAKS,Class_730,6
30/01/2026,07:02,REDDITCH_FOUR_OAKS,Class_730,6
30/01/2026,06:21,REDDITCH_FOUR_OAKS,Class_730,6
30/01/2026,06:01,REDDITCH_FOUR_OAKS,Class_730,6
30/01/2026,05:22,REDDITCH_FOUR_OAKS,Class_730,6
30/01/2026,05:09,REDDITCH_FOUR_OAKS,Class_730,6
30/01/2026,22:40,CROSS_CITY_LINE_B,Class_730,6
30/01/2026,22:19,CROSS_CITY_LINE_B,Class_730,6
30/01/2026,21:12,CROSS_CITY_LINE_B,Class_730,6
30/01/2026,20:53,CROSS_CITY_LINE_B,Class_730,6
30/01/2026,20:26,CROSS_CITY_LINE_B,Class_730,6
30/01/2026,19:54,CROSS_CITY_LINE_B,Class_730,6
30/01/2026,19:10,CROSS_CITY_LINE_B,Class_730,6
30/01/2026,18:29,CROSS_CITY_LINE_B,Class_730,6
30/01/2026,18:00,CROSS_CITY_LINE_B,Class_730,6
30/01/2026,17:28,CROSS_CITY_LINE_B,Class_730,6
30/01/2026,16:56,CROSS_CITY_LINE_B,Class_730,6
30/01/2026,16:33,CROSS_CITY_LINE_B,Class_730,6
30/01/2026,15:48,CROSS_CITY_LINE_B,Class_730,6
30/01/2026,15:17,CROSS_CITY_LINE_B,Class_730,6
30/01/2026,14:38,CROSS_CITY_LINE_B,Class_730,6
30/01/2026,14:22,CROSS_CITY_LINE_B,Class_730,6
30/01/2026,13:31,CROSS_CITY_LINE_B,Class_730,6
30/01/2026,13:05,CROSS_CITY_LINE_B,Class_730,6
30/01/2026,09:43,REDDITCH_FOUR_OAKS,Class_730,6
30/01/2026,10:14,REDDITCH_FOUR_OAKS,Class_730,6
30/01/2026,10:53,REDDITCH_FOUR_OAKS,Class_730,6
30/01/2026,11:28,REDDITCH_FOUR_OAKS,Class_730,6
30/01/2026,07:28,FOUR_OAKS_REDDITCH,Class_730,6
30/01/2026,07:05,FOUR_OAKS_REDDITCH,Class_730,6
30/01/2026,06:48,FOUR_OAKS_REDDITCH,Class_730,6
30/01/2026,06:06,FOUR_OAKS_REDDITCH,Class_730,6
30/01/2026,05:27,FOUR_OAKS_REDDITCH,Class_730,6
30/01/2026,05:15,FOUR_OAKS_REDDITCH,Class_730,6
30/01/2026,05:02,FOUR_OAKS_REDDITCH,Class_730,6
30/01/2026,23:23,REDDITCH_FOUR_OAKS,Class_730,6
30/01/2026,23:06,REDDITCH_FOUR_OAKS,Class_730,6
30/01/2026,22:54,REDDITCH_FOUR_OAKS,Class_730,6
30/01/2026,22:26,REDDITCH_FOUR_OAKS,Class_730,6
30/01/2026,21:27,REDDITCH_FOUR_OAKS,Class_730,6
30/01/2026,20:58,REDDITCH_FOUR_OAKS,Class_730,6
30/01/2026,08:41,FOUR_OAKS_REDDITCH,Class_730,6
30/01/2026,20:33,REDDITCH_FOUR_OAKS,Class_730,6
30/01/2026,19:19,REDDITCH_FOUR_OAKS,Class_730,6
30/01/2026,18:53,REDDITCH_FOUR_OAKS,Class_730,6
30/01/2026,18:08,REDDITCH_FOUR_OAKS,Class_730,6
30/01/2026,17:37,REDDITCH_FOUR_OAKS,Class_730,6
30/01/2026,17:07,REDDITCH_FOUR_OAKS,Class_730,6
30/01/2026,16:51,REDDITCH_FOUR_OAKS,Class_730,6
30/01/2026,16:07,REDDITCH_FOUR_OAKS,Class_730,6
30/01/2026,15:32,REDDITCH_FOUR_OAKS,Class_730,6
30/01/2026,14:51,REDDITCH_FOUR_OAKS,Class_730,6
30/01/2026,14:27,REDDITCH_FOUR_OAKS,Class_730,6
30/01/2026,13:39,REDDITCH_FOUR_OAKS,Class_730,6
30/01/2026,13:23,REDDITCH_FOUR_OAKS,Class_730,6
30/01/2026,12:49,REDDITCH_FOUR_OAKS,Class_730,6
30/01/2026,20:12,REDDITCH_FOUR_OAKS,Class_730,6
30/01/2026,07:28,BIRMINGHAM_INTERNATIONAL_RUGELEY_TRENT_VALLEY,Class_730,3
30/01/2026,12:20,CROSS_CITY_LINE_B,Class_730,6
30/01/2026,08:47,BIRMINGHAM_INTERNATIONAL_RUGELEY_TRENT_VALLEY,Class_730,3
30/01/2026,05:07,WALSALL_WOLVERHAMPTON,Class_730,3
30/01/2026,23:06,WOLVERHAMPTON_WALSALL,Class_730,3
30/01/2026,22:50,WOLVERHAMPTON_WALSALL,Class_730,3
30/01/2026,22:25,WOLVERHAMPTON_WALSALL,Class_730,3
30/01/2026,21:28,WOLVERHAMPTON_WALSALL,Class_730,3
30/01/2026,20:58,WOLVERHAMPTON_WALSALL,Class_730,3
30/01/2026,20:31,WOLVERHAMPTON_WALSALL,Class_730,3
30/01/2026,20:10,WOLVERHAMPTON_WALSALL,Class_730,3
30/01/2026,19:18,WOLVERHAMPTON_WALSALL,Class_730,3
30/01/2026,18:53,WOLVERHAMPTON_WALSALL,Class_730,3
30/01/2026,18:05,WOLVERHAMPTON_WALSALL,Class_730,3
30/01/2026,17:38,WOLVERHAMPTON_WALSALL,Class_730,3
30/01/2026,17:07,WOLVERHAMPTON_WALSALL,Class_730,3
30/01/2026,16:49,WOLVERHAMPTON_WALSALL,Class_730,3
30/01/2026,16:00,WOLVERHAMPTON_WALSALL,Class_730,3
30/01/2026,15:34,WOLVERHAMPTON_WALSALL,Class_730,3
30/01/2026,14:56,WOLVERHAMPTON_WALSALL,Class_730,3
30/01/2026,14:26,WOLVERHAMPTON_WALSALL,Class_730,3
30/01/2026,13:39,WOLVERHAMPTON_WALSALL,Class_730,3
30/01/2026,13:20,WOLVERHAMPTON_WALSALL,Class_730,3
30/01/2026,12:46,WOLVERHAMPTON_WALSALL,Class_730,3
30/01/2026,12:19,WOLVERHAMPTON_WALSALL,Class_730,3
30/01/2026,11:27,WOLVERHAMPTON_WALSALL,Class_730,3
30/01/2026,10:51,WOLVERHAMPTON_WALSALL,Class_730,3
30/01/2026,10:15,WOLVERHAMPTON_WALSALL,Class_730,3
30/01/2026,09:39,WOLVERHAMPTON_WALSALL,Class_730,3
30/01/2026,08:55,WOLVERHAMPTON_WALSALL,Class_730,3
30/01/2026,05:26,WALSALL_WOLVERHAMPTON,Class_731,3
30/01/2026,05:59,WALSALL_WOLVERHAMPTON,Class_732,3
30/01/2026,06:19,WALSALL_WOLVERHAMPTON,Class_733,3
30/01/2026,07:03,WALSALL_WOLVERHAMPTON,Class_734,3
30/01/2026,22:53,WALSALL_WOLVERHAMPTON,Class_762,3
30/01/2026,22:28,WALSALL_WOLVERHAMPTON,Class_761,3
30/01/2026,21:29,WALSALL_WOLVERHAMPTON,Class_760,3
30/01/2026,20:58,WALSALL_WOLVERHAMPTON,Class_759,3
30/01/2026,20:31,WALSALL_WOLVERHAMPTON,Class_758,3
30/01/2026,20:11,WALSALL_WOLVERHAMPTON,Class_757,3
30/01/2026,19:15,WALSALL_WOLVERHAMPTON,Class_756,3
30/01/2026,18:58,WALSALL_WOLVERHAMPTON,Class_755,3
30/01/2026,18:09,WALSALL_WOLVERHAMPTON,Class_754,3
30/01/2026,17:38,WALSALL_WOLVERHAMPTON,Class_753,3
30/01/2026,17:07,WALSALL_WOLVERHAMPTON,Class_752,3
30/01/2026,16:44,WALSALL_WOLVERHAMPTON,Class_751,3
30/01/2026,16:01,WALSALL_WOLVERHAMPTON,Class_750,3
30/01/2026,08:26,WOLVERHAMPTON_WALSALL,Class_730,3
30/01/2026,15:32,WALSALL_WOLVERHAMPTON,Class_749,3
30/01/2026,14:31,WALSALL_WOLVERHAMPTON,Class_747,3
30/01/2026,13:43,WALSALL_WOLVERHAMPTON,Class_746,3
30/01/2026,13:27,WALSALL_WOLVERHAMPTON,Class_745,3
30/01/2026,12:45,WALSALL_WOLVERHAMPTON,Class_744,3
30/01/2026,12:10,WALSALL_WOLVERHAMPTON,Class_743,3
30/01/2026,11:31,WALSALL_WOLVERHAMPTON,Class_742,3
30/01/2026,10:51,WALSALL_WOLVERHAMPTON,Class_741,3
30/01/2026,09:59,WALSALL_WOLVERHAMPTON,Class_740,3
30/01/2026,09:42,WALSALL_WOLVERHAMPTON,Class_739,3
30/01/2026,08:54,WALSALL_WOLVERHAMPTON,Class_738,3
30/01/2026,08:28,WALSALL_WOLVERHAMPTON,Class_737,3
30/01/2026,07:39,WALSALL_WOLVERHAMPTON,Class_736,3
30/01/2026,07:15,WALSALL_WOLVERHAMPTON,Class_735,3
30/01/2026,14:51,WALSALL_WOLVERHAMPTON,Class_748,3
30/01/2026,07:44,WOLVERHAMPTON_WALSALL,Class_730,3
30/01/2026,07:16,WOLVERHAMPTON_WALSALL,Class_730,3
30/01/2026,06:59,WOLVERHAMPTON_WALSALL,Class_730,3
30/01/2026,08:51,NORTHAMPTON_BIRMINGHAM_NEW_STREET,Class_350,5
30/01/2026,07:31,NORTHAMPTON_BIRMINGHAM_NEW_STREET,Class_350,5
30/01/2026,06:50,NORTHAMPTON_BIRMINGHAM_NEW_STREET,Class_350,5
30/01/2026,05:37,NORTHAMPTON_BIRMINGHAM_NEW_STREET,Class_350,5
30/01/2026,05:03,NORTHAMPTON_BIRMINGHAM_NEW_STREET,Class_350,5
30/01/2026,22:15,BIRMINGHAM_INTERNATIONAL_RUGELEY_TRENT_VALLEY,Class_730,3
30/01/2026,21:19,BIRMINGHAM_INTERNATIONAL_RUGELEY_TRENT_VALLEY,Class_730,3
30/01/2026,20:57,BIRMINGHAM_INTERNATIONAL_RUGELEY_TRENT_VALLEY,Class_730,3
30/01/2026,20:28,BIRMINGHAM_INTERNATIONAL_RUGELEY_TRENT_VALLEY,Class_730,3
30/01/2026,19:55,BIRMINGHAM_INTERNATIONAL_RUGELEY_TRENT_VALLEY,Class_730,3
30/01/2026,19:14,BIRMINGHAM_INTERNATIONAL_RUGELEY_TRENT_VALLEY,Class_730,3
30/01/2026,18:37,BIRMINGHAM_INTERNATIONAL_RUGELEY_TRENT_VALLEY,Class_730,3
30/01/2026,18:01,BIRMINGHAM_INTERNATIONAL_RUGELEY_TRENT_VALLEY,Class_730,3
30/01/2026,09:55,NORTHAMPTON_BIRMINGHAM_NEW_STREET,Class_350,5
30/01/2026,17:33,BIRMINGHAM_INTERNATIONAL_RUGELEY_TRENT_VALLEY,Class_730,3
30/01/2026,16:40,BIRMINGHAM_INTERNATIONAL_RUGELEY_TRENT_VALLEY,Class_730,3
30/01/2026,15:50,BIRMINGHAM_INTERNATIONAL_RUGELEY_TRENT_VALLEY,Class_730,3
30/01/2026,15:19,BIRMINGHAM_INTERNATIONAL_RUGELEY_TRENT_VALLEY,Class_730,3
30/01/2026,14:46,BIRMINGHAM_INTERNATIONAL_RUGELEY_TRENT_VALLEY,Class_730,3
30/01/2026,14:21,BIRMINGHAM_INTERNATIONAL_RUGELEY_TRENT_VALLEY,Class_730,3
30/01/2026,13:34,BIRMINGHAM_INTERNATIONAL_RUGELEY_TRENT_VALLEY,Class_730,3
30/01/2026,13:09,BIRMINGHAM_INTERNATIONAL_RUGELEY_TRENT_VALLEY,Class_730,3
30/01/2026,12:36,BIRMINGHAM_INTERNATIONAL_RUGELEY_TRENT_VALLEY,Class_730,3
30/01/2026,12:00,BIRMINGHAM_INTERNATIONAL_RUGELEY_TRENT_VALLEY,Class_730,3
30/01/2026,11:19,BIRMINGHAM_INTERNATIONAL_RUGELEY_TRENT_VALLEY,Class_730,3
30/01/2026,10:42,BIRMINGHAM_INTERNATIONAL_RUGELEY_TRENT_VALLEY,Class_730,3
30/01/2026,09:56,BIRMINGHAM_INTERNATIONAL_RUGELEY_TRENT_VALLEY,Class_730,3
30/01/2026,09:26,BIRMINGHAM_INTERNATIONAL_RUGELEY_TRENT_VALLEY,Class_730,3
30/01/2026,16:59,BIRMINGHAM_INTERNATIONAL_RUGELEY_TRENT_VALLEY,Class_730,3
30/01/2026,08:13,BIRMINGHAM_INTERNATIONAL_RUGELEY_TRENT_VALLEY,Class_730,3
30/01/2026,11:22,NORTHAMPTON_BIRMINGHAM_NEW_STREET,Class_350,5
30/01/2026,13:34,NORTHAMPTON_BIRMINGHAM_NEW_STREET,Class_350,5
30/01/2026,06:25,WOLVERHAMPTON_WALSALL,Class_730,3
30/01/2026,06:00,WOLVERHAMPTON_WALSALL,Class_730,3
30/01/2026,05:24,WOLVERHAMPTON_WALSALL,Class_730,3
30/01/2026,05:08,WOLVERHAMPTON_WALSALL,Class_730,3
30/01/2026,23:09,BIRMINGHAM_NEW_STREET_NORTHAMPTON,Class_350,8
30/01/2026,22:29,BIRMINGHAM_NEW_STREET_NORTHAMPTON,Class_350,8
30/01/2026,20:59,BIRMINGHAM_NEW_STREET_NORTHAMPTON,Class_350,8
30/01/2026,20:13,BIRMINGHAM_NEW_STREET_NORTHAMPTON,Class_350,8
30/01/2026,18:59,BIRMINGHAM_NEW_STREET_NORTHAMPTON,Class_350,8
30/01/2026,17:45,BIRMINGHAM_NEW_STREET_NORTHAMPTON,Class_350,8
30/01/2026,16:52,BIRMINGHAM_NEW_STREET_NORTHAMPTON,Class_350,8
30/01/2026,15:36,BIRMINGHAM_NEW_STREET_NORTHAMPTON,Class_350,8
30/01/2026,14:33,BIRMINGHAM_NEW_STREET_NORTHAMPTON,Class_350,8
30/01/2026,12:36,NORTHAMPTON_BIRMINGHAM_NEW_STREET,Class_350,5
30/01/2026,13:28,BIRMINGHAM_NEW_STREET_NORTHAMPTON,Class_350,8
30/01/2026,11:00,BIRMINGHAM_NEW_STREET_NORTHAMPTON,Class_350,8
30/01/2026,09:43,BIRMINGHAM_NEW_STREET_NORTHAMPTON,Class_350,8
30/01/2026,08:32,BIRMINGHAM_NEW_STREET_NORTHAMPTON,Class_350,8
30/01/2026,07:18,BIRMINGHAM_NEW_STREET_NORTHAMPTON,Class_350,8
30/01/2026,06:25,BIRMINGHAM_NEW_STREET_NORTHAMPTON,Class_350,8
30/01/2026,22:48,NORTHAMPTON_BIRMINGHAM_NEW_STREET,Class_350,5
30/01/2026,21:17,NORTHAMPTON_BIRMINGHAM_NEW_STREET,Class_350,5
30/01/2026,20:30,NORTHAMPTON_BIRMINGHAM_NEW_STREET,Class_350,5
30/01/2026,19:07,NORTHAMPTON_BIRMINGHAM_NEW_STREET,Class_350,5
30/01/2026,17:53,NORTHAMPTON_BIRMINGHAM_NEW_STREET,Class_350,5
30/01/2026,17:01,NORTHAMPTON_BIRMINGHAM_NEW_STREET,Class_350,5
30/01/2026,15:55,NORTHAMPTON_BIRMINGHAM_NEW_STREET,Class_350,5
30/01/2026,14:46,NORTHAMPTON_BIRMINGHAM_NEW_STREET,Class_350,5
30/01/2026,12:19,BIRMINGHAM_NEW_STREET_NORTHAMPTON,Class_350,8
30/01/2026,12:06,CROSS_CITY_LINE_B,Class_730,6
30/01/2026,20:44,DORRIDGE_BIRMINGHAM_SNOW_HILL,Class_168,6
30/01/2026,10:44,CROSS_CITY_LINE_B,Class_730,6
30/01/2026,18:43,DORRIDGE_BIRMINGHAM_MOOR_STREET,Class_168,6
30/01/2026,17:47,DORRIDGE_BIRMINGHAM_MOOR_STREET,Class_168,6
30/01/2026,17:22,DORRIDGE_BIRMINGHAM_MOOR_STREET,Class_168,6
30/01/2026,16:56,DORRIDGE_BIRMINGHAM_MOOR_STREET,Class_168,6
30/01/2026,16:14,DORRIDGE_BIRMINGHAM_MOOR_STREET,Class_168,6
30/01/2026,15:40,DORRIDGE_BIRMINGHAM_MOOR_STREET,Class_168,6
30/01/2026,15:07,DORRIDGE_BIRMINGHAM_MOOR_STREET,Class_168,6
30/01/2026,14:37,DORRIDGE_BIRMINGHAM_MOOR_STREET,Class_168,6
30/01/2026,14:13,DORRIDGE_BIRMINGHAM_MOOR_STREET,Class_168,6
30/01/2026,13:29,DORRIDGE_BIRMINGHAM_MOOR_STREET,Class_168,6
30/01/2026,13:04,DORRIDGE_BIRMINGHAM_MOOR_STREET,Class_168,6
30/01/2026,12:32,DORRIDGE_BIRMINGHAM_MOOR_STREET,Class_168,6
30/01/2026,11:59,DORRIDGE_BIRMINGHAM_MOOR_STREET,Class_168,6
30/01/2026,11:06,DORRIDGE_BIRMINGHAM_MOOR_STREET,Class_168,6
30/01/2026,10:39,DORRIDGE_BIRMINGHAM_MOOR_STREET,Class_168,6
30/01/2026,09:55,DORRIDGE_BIRMINGHAM_MOOR_STREET,Class_168,6
30/01/2026,09:15,DORRIDGE_BIRMINGHAM_MOOR_STREET,Class_168,6
30/01/2026,08:44,DORRIDGE_BIRMINGHAM_MOOR_STREET,Class_168,6
30/01/2026,07:54,DORRIDGE_BIRMINGHAM_MOOR_STREET,Class_168,6
30/01/2026,07:26,DORRIDGE_BIRMINGHAM_MOOR_STREET,Class_168,6
30/01/2026,07:07,DORRIDGE_BIRMINGHAM_MOOR_STREET,Class_168,6
30/01/2026,06:41,DORRIDGE_BIRMINGHAM_MOOR_STREET,Class_168,6
30/01/2026,06:05,DORRIDGE_BIRMINGHAM_MOOR_STREET,Class_168,6
30/01/2026,05:35,DORRIDGE_BIRMINGHAM_MOOR_STREET,Class_168,6
30/01/2026,23:32,BIRMINGHAM_MOOR_STREET_DORRIDGE,Class_168,6
30/01/2026,23:12,BIRMINGHAM_MOOR_STREET_DORRIDGE,Class_168,6
30/01/2026,22:59,BIRMINGHAM_MOOR_STREET_DORRIDGE,Class_168,6
30/01/2026,19:08,DORRIDGE_BIRMINGHAM_MOOR_STREET,Class_168,6
30/01/2026,19:41,DORRIDGE_BIRMINGHAM_MOOR_STREET,Class_168,6
30/01/2026,20:19,DORRIDGE_BIRMINGHAM_MOOR_STREET,Class_168,6
30/01/2026,20:44,DORRIDGE_BIRMINGHAM_MOOR_STREET,Class_168,6
30/01/2026,15:24,DORRIDGE_BIRMINGHAM_SNOW_HILL,Class_168,6
30/01/2026,14:20,DORRIDGE_BIRMINGHAM_SNOW_HILL,Class_168,6
30/01/2026,13:17,DORRIDGE_BIRMINGHAM_SNOW_HILL,Class_168,6
30/01/2026,12:03,DORRIDGE_BIRMINGHAM_SNOW_HILL,Class_168,6
30/01/2026,10:42,DORRIDGE_BIRMINGHAM_SNOW_HILL,Class_168,6
30/01/2026,09:38,DORRIDGE_BIRMINGHAM_SNOW_HILL,Class_168,6
30/01/2026,07:55,DORRIDGE_BIRMINGHAM_SNOW_HILL,Class_168,6
30/01/2026,23:25,BIRMINGHAM_SNOW_HILL_DORRIDGE,Class_168,6
30/01/2026,22:54,BIRMINGHAM_SNOW_HILL_DORRIDGE,Class_168,6
30/01/2026,21:53,BIRMINGHAM_SNOW_HILL_DORRIDGE,Class_168,6
30/01/2026,20:38,BIRMINGHAM_SNOW_HILL_DORRIDGE,Class_168,6
30/01/2026,19:35,BIRMINGHAM_SNOW_HILL_DORRIDGE,Class_168,6
30/01/2026,18:28,BIRMINGHAM_SNOW_HILL_DORRIDGE,Class_168,6
30/01/2026,21:53,BIRMINGHAM_MOOR_STREET_DORRIDGE,Class_168,6
30/01/2026,17:21,BIRMINGHAM_SNOW_HILL_DORRIDGE,Class_168,6
30/01/2026,15:07,BIRMINGHAM_SNOW_HILL_DORRIDGE,Class_168,6
30/01/2026,14:09,BIRMINGHAM_SNOW_HILL_DORRIDGE,Class_168,6
30/01/2026,12:56,BIRMINGHAM_SNOW_HILL_DORRIDGE,Class_168,6
30/01/2026,11:45,BIRMINGHAM_SNOW_HILL_DORRIDGE,Class_168,6
30/01/2026,10:22,BIRMINGHAM_SNOW_HILL_DORRIDGE,Class_168,6
30/01/2026,09:05,BIRMINGHAM_SNOW_HILL_DORRIDGE,Class_168,6
30/01/2026,07:50,BIRMINGHAM_SNOW_HILL_DORRIDGE,Class_168,6
30/01/2026,23:26,DORRIDGE_BIRMINGHAM_MOOR_STREET,Class_168,6
30/01/2026,23:20,DORRIDGE_BIRMINGHAM_MOOR_STREET,Class_168,6
30/01/2026,22:58,DORRIDGE_BIRMINGHAM_MOOR_STREET,Class_168,6
30/01/2026,22:46,DORRIDGE_BIRMINGHAM_MOOR_STREET,Class_168,6
30/01/2026,21:57,DORRIDGE_BIRMINGHAM_MOOR_STREET,Class_168,6
30/01/2026,21:09,DORRIDGE_BIRMINGHAM_MOOR_STREET,Class_168,6
30/01/2026,16:21,BIRMINGHAM_SNOW_HILL_DORRIDGE,Class_168,6
30/01/2026,16:36,DORRIDGE_BIRMINGHAM_SNOW_HILL,Class_168,6
30/01/2026,21:01,BIRMINGHAM_MOOR_STREET_DORRIDGE,Class_168,6
30/01/2026,20:25,BIRMINGHAM_MOOR_STREET_DORRIDGE,Class_168,6
30/01/2026,19:19,WOLVERHAMPTON_BIRMINGHAM_INTERNATIONAL,Class_158,2
30/01/2026,18:19,WOLVERHAMPTON_BIRMINGHAM_INTERNATIONAL,Class_158,2
30/01/2026,17:13,WOLVERHAMPTON_BIRMINGHAM_INTERNATIONAL,Class_158,2
30/01/2026,16:13,WOLVERHAMPTON_BIRMINGHAM_INTERNATIONAL,Class_158,2
30/01/2026,15:07,WOLVERHAMPTON_BIRMINGHAM_INTERNATIONAL,Class_158,2
30/01/2026,14:05,WOLVERHAMPTON_BIRMINGHAM_INTERNATIONAL,Class_158,2
30/01/2026,12:59,WOLVERHAMPTON_BIRMINGHAM_INTERNATIONAL,Class_158,2
30/01/2026,11:35,WOLVERHAMPTON_BIRMINGHAM_INTERNATIONAL,Class_158,2
30/01/2026,10:31,WOLVERHAMPTON_BIRMINGHAM_INTERNATIONAL,Class_158,2
30/01/2026,09:10,WOLVERHAMPTON_BIRMINGHAM_INTERNATIONAL,Class_158,2
30/01/2026,07:04,WOLVERHAMPTON_BIRMINGHAM_INTERNATIONAL,Class_158,2
30/01/2026,06:05,WOLVERHAMPTON_BIRMINGHAM_INTERNATIONAL,Class_158,2
30/01/2026,05:06,WOLVERHAMPTON_BIRMINGHAM_INTERNATIONAL,Class_158,2
30/01/2026,19:29,BIRMINGHAM_INTERNATIONA_WOLVERHAMPTON,Class_158,2
30/01/2026,18:19,BIRMINGHAM_INTERNATIONA_WOLVERHAMPTON,Class_158,2
30/01/2026,17:17,BIRMINGHAM_INTERNATIONA_WOLVERHAMPTON,Class_158,2
30/01/2026,16:13,BIRMINGHAM_INTERNATIONA_WOLVERHAMPTON,Class_158,2
30/01/2026,14:58,BIRMINGHAM_INTERNATIONA_WOLVERHAMPTON,Class_158,2
30/01/2026,13:57,BIRMINGHAM_INTERNATIONA_WOLVERHAMPTON,Class_158,2
30/01/2026,12:53,BIRMINGHAM_INTERNATIONA_WOLVERHAMPTON,Class_158,2
30/01/2026,11:42,BIRMINGHAM_INTERNATIONA_WOLVERHAMPTON,Class_158,2
30/01/2026,10:21,BIRMINGHAM_INTERNATIONA_WOLVERHAMPTON,Class_158,2
30/01/2026,09:04,BIRMINGHAM_INTERNATIONA_WOLVERHAMPTON,Class_158,2
30/01/2026,07:49,BIRMINGHAM_INTERNATIONA_WOLVERHAMPTON,Class_158,2
30/01/2026,07:03,BIRMINGHAM_INTERNATIONA_WOLVERHAMPTON,Class_158,2
30/01/2026,06:02,BIRMINGHAM_INTERNATIONA_WOLVERHAMPTON,Class_158,2
30/01/2026,11:08,CROSS_CITY_LINE_B,Class_730,6
30/01/2026,20:34,WOLVERHAMPTON_BIRMINGHAM_INTERNATIONAL,Class_158,2
30/01/2026,21:51,WOLVERHAMPTON_BIRMINGHAM_INTERNATIONAL,Class_158,2
30/01/2026,22:54,WOLVERHAMPTON_BIRMINGHAM_INTERNATIONAL,Class_158,2
30/01/2026,04:59,BIRMINGHAM_MOOR_STREET_DORRIDGE,Class_168,6
30/01/2026,19:40,BIRMINGHAM_MOOR_STREET_DORRIDGE,Class_168,6
30/01/2026,19:00,BIRMINGHAM_MOOR_STREET_DORRIDGE,Class_168,6
30/01/2026,18:34,BIRMINGHAM_MOOR_STREET_DORRIDGE,Class_168,6
30/01/2026,17:52,BIRMINGHAM_MOOR_STREET_DORRIDGE,Class_168,6
30/01/2026,17:23,BIRMINGHAM_MOOR_STREET_DORRIDGE,Class_168,6
30/01/2026,16:54,BIRMINGHAM_MOOR_STREET_DORRIDGE,Class_168,6
30/01/2026,16:33,BIRMINGHAM_MOOR_STREET_DORRIDGE,Class_168,6
30/01/2026,15:41,BIRMINGHAM_MOOR_STREET_DORRIDGE,Class_168,6
30/01/2026,15:09,BIRMINGHAM_MOOR_STREET_DORRIDGE,Class_168,6
30/01/2026,14:37,BIRMINGHAM_MOOR_STREET_DORRIDGE,Class_168,6
30/01/2026,14:19,BIRMINGHAM_MOOR_STREET_DORRIDGE,Class_168,6
30/01/2026,13:29,BIRMINGHAM_MOOR_STREET_DORRIDGE,Class_168,6
30/01/2026,13:00,BIRMINGHAM_MOOR_STREET_DORRIDGE,Class_168,6
30/01/2026,20:43,BIRMINGHAM_MOOR_STREET_DORRIDGE,Class_168,6
30/01/2026,12:20,BIRMINGHAM_MOOR_STREET_DORRIDGE,Class_168,6
30/01/2026,11:11,BIRMINGHAM_MOOR_STREET_DORRIDGE,Class_168,6
30/01/2026,10:36,BIRMINGHAM_MOOR_STREET_DORRIDGE,Class_168,6
30/01/2026,09:50,BIRMINGHAM_MOOR_STREET_DORRIDGE,Class_168,6
30/01/2026,09:23,BIRMINGHAM_MOOR_STREET_DORRIDGE,Class_168,6
30/01/2026,08:42,BIRMINGHAM_MOOR_STREET_DORRIDGE,Class_168,6
30/01/2026,07:59,BIRMINGHAM_MOOR_STREET_DORRIDGE,Class_168,6
30/01/2026,07:23,BIRMINGHAM_MOOR_STREET_DORRIDGE,Class_168,6
30/01/2026,07:04,BIRMINGHAM_MOOR_STREET_DORRIDGE,Class_168,6
30/01/2026,06:29,BIRMINGHAM_MOOR_STREET_DORRIDGE,Class_168,6
30/01/2026,06:07,BIRMINGHAM_MOOR_STREET_DORRIDGE,Class_168,6
30/01/2026,05:37,BIRMINGHAM_MOOR_STREET_DORRIDGE,Class_168,6
30/01/2026,05:17,BIRMINGHAM_MOOR_STREET_DORRIDGE,Class_168,6
30/01/2026,05:03,BIRMINGHAM_MOOR_STREET_DORRIDGE,Class_168,6
30/01/2026,11:51,BIRMINGHAM_MOOR_STREET_DORRIDGE,Class_168,6
30/01/2026,17:36,DORRIDGE_BIRMINGHAM_SNOW_HILL,Class_168,6
30/01/2026,22:37,BIRMINGHAM_MOOR_STREET_DORRIDGE,Class_168,6
30/01/2026,19:46,DORRIDGE_BIRMINGHAM_SNOW_HILL,Class_168,6
30/01/2026,10:54,CROSS_CITY_LINE_A,Class_730,6
30/01/2026,10:29,CROSS_CITY_LINE_A,Class_730,6
30/01/2026,09:49,CROSS_CITY_LINE_A,Class_730,6
30/01/2026,09:08,CROSS_CITY_LINE_A,Class_730,6
30/01/2026,08:33,CROSS_CITY_LINE_A,Class_730,6
30/01/2026,07:53,CROSS_CITY_LINE_A,Class_730,6
30/01/2026,07:21,CROSS_CITY_LINE_A,Class_730,6
30/01/2026,07:04,CROSS_CITY_LINE_A,Class_730,6
30/01/2026,06:26,CROSS_CITY_LINE_A,Class_730,6
30/01/2026,06:05,CROSS_CITY_LINE_A,Class_730,6
30/01/2026,05:27,CROSS_CITY_LINE_A,Class_730,6
30/01/2026,05:13,CROSS_CITY_LINE_A,Class_730,6
30/01/2026,22:24,COVENTRY_STAFFORD,Class_390,11
30/01/2026,20:47,COVENTRY_STAFFORD,Class_390,11
30/01/2026,19:59,COVENTRY_STAFFORD,Class_390,11
30/01/2026,18:47,COVENTRY_STAFFORD,Class_390,11
30/01/2026,17:37,COVENTRY_STAFFORD,Class_390,11
30/01/2026,16:36,COVENTRY_STAFFORD,Class_390,11
30/01/2026,15:26,COVENTRY_STAFFORD,Class_390,11
30/01/2026,14:25,COVENTRY_STAFFORD,Class_390,11
30/01/2026,13:06,COVENTRY_STAFFORD,Class_390,11
30/01/2026,12:02,COVENTRY_STAFFORD,Class_390,11
30/01/2026,10:46,COVENTRY_STAFFORD,Class_390,11
30/01/2026,09:27,COVENTRY_STAFFORD,Class_390,11
30/01/2026,08:00,COVENTRY_STAFFORD,Class_390,11
30/01/2026,07:08,COVENTRY_STAFFORD,Class_390,11
30/01/2026,06:17,COVENTRY_STAFFORD,Class_390,11
30/01/2026,12:19,CROSS_CITY_LINE_A,Class_730,6
30/01/2026,12:55,CROSS_CITY_LINE_A,Class_730,6
30/01/2026,13:28,CROSS_CITY_LINE_A,Class_730,6
30/01/2026,14:09,CROSS_CITY_LINE_A,Class_730,6
30/01/2026,18:44,DORRIDGE_BIRMINGHAM_SNOW_HILL,Class_168,6
30/01/2026,09:28,CROSS_CITY_LINE_B,Class_730,6
30/01/2026,08:52,CROSS_CITY_LINE_B,Class_730,6
30/01/2026,08:02,CROSS_CITY_LINE_B,Class_730,6
30/01/2026,07:32,CROSS_CITY_LINE_B,Class_730,6
30/01/2026,07:09,CROSS_CITY_LINE_B,Class_730,6
30/01/2026,06:59,CROSS_CITY_LINE_B,Class_730,6
30/01/2026,06:15,CROSS_CITY_LINE_B,Class_730,6
30/01/2026,05:38,CROSS_CITY_LINE_B,Class_730,6
30/01/2026,05:20,CROSS_CITY_LINE_B,Class_730,6
30/01/2026,23:24,CROSS_CITY_LINE_A,Class_730,6
30/01/2026,23:11,CROSS_CITY_LINE_A,Class_730,6
30/01/2026,22:55,CROSS_CITY_LINE_A,Class_730,6
30/01/2026,23:01,STAFFORD_COVENTRY,Class_390,11
30/01/2026,22:30,CROSS_CITY_LINE_A,Class_730,6
30/01/2026,21:00,CROSS_CITY_LINE_A,Class_730,6
30/01/2026,20:33,CROSS_CITY_LINE_A,Class_730,6
30/01/2026,20:14,CROSS_CITY_LINE_A,Class_730,6
30/01/2026,19:29,CROSS_CITY_LINE_A,Class_730,6
30/01/2026,19:00,CROSS_CITY_LINE_A,Class_730,6
30/01/2026,18:19,CROSS_CITY_LINE_A,Class_730,6
30/01/2026,17:44,CROSS_CITY_LINE_A,Class_730,6
30/01/2026,17:09,CROSS_CITY_LINE_A,Class_730,6
30/01/2026,16:54,CROSS_CITY_LINE_A,Class_730,6
30/01/2026,16:08,CROSS_CITY_LINE_A,Class_730,6
30/01/2026,15:40,CROSS_CITY_LINE_A,Class_730,6
30/01/2026,14:59,CROSS_CITY_LINE_A,Class_730,6
30/01/2026,14:33,CROSS_CITY_LINE_A,Class_730,6
30/01/2026,21:36,CROSS_CITY_LINE_A,Class_730,6
30/01/2026,22:17,STAFFORD_COVENTRY,Class_390,11
30/01/2026,11:31,CROSS_CITY_LINE_A,Class_730,6
30/01/2026,09:56,CROSS_CITY_LINE_B,Class_730,6
30/01/2026,07:12,RUGBY_BIRMINGHAM_NEW_STREET,Class_390,7
30/01/2026,19:52,BIRMINGHAM_NEW_STREET_RUGBY,Class_390,7
30/01/2026,18:47,BIRMINGHAM_NEW_STREET_RUGBY,Class_390,7
30/01/2026,17:31,BIRMINGHAM_NEW_STREET_RUGBY,Class_390,7
30/01/2026,16:34,BIRMINGHAM_NEW_STREET_RUGBY,Class_390,7
30/01/2026,15:32,BIRMINGHAM_NEW_STREET_RUGBY,Class_390,7
30/01/2026,14:22,BIRMINGHAM_NEW_STREET_RUGBY,Class_390,7
30/01/2026,13:10,BIRMINGHAM_NEW_STREET_RUGBY,Class_390,7
30/01/2026,12:10,BIRMINGHAM_NEW_STREET_RUGBY,Class_390,7
30/01/2026,10:45,BIRMINGHAM_NEW_STREET_RUGBY,Class_390,7
30/01/2026,09:31,BIRMINGHAM_NEW_STREET_RUGBY,Class_390,7
30/01/2026,08:13,BIRMINGHAM_NEW_STREET_RUGBY,Class_390,7
30/01/2026,07:07,BIRMINGHAM_NEW_STREET_RUGBY,Class_390,7
30/01/2026,07:58,RUGBY_BIRMINGHAM_NEW_STREET,Class_390,7
30/01/2026,06:10,BIRMINGHAM_NEW_STREET_RUGBY,Class_390,7
30/01/2026,20:46,RUGBY_WOLVERHAMPTON,Class_390,11
30/01/2026,19:53,RUGBY_WOLVERHAMPTON,Class_390,11
30/01/2026,05:31,WOLVERHAMPTON_COVENTRY,Class_390,11
30/01/2026,05:12,WOLVERHAMPTON_COVENTRY,Class_390,11
30/01/2026,05:01,WOLVERHAMPTON_COVENTRY,Class_390,11
30/01/2026,05:00,WOLVERHAMPTON_COVENTRY,Class_390,11
30/01/2026,23:21,DORRIDGE_STOURBRIDGE_JUNCTION,Class_168,6
30/01/2026,20:48,DORRIDGE_STOURBRIDGE_JUNCTION,Class_168,6
30/01/2026,18:35,DORRIDGE_STOURBRIDGE_JUNCTION,Class_168,6
30/01/2026,05:15,STOURBRIDGE_JUNCTION_DORRIDGE,Class_168,6
30/01/2026,23:34,DORRIDGE_BIRMINGHAM_SNOW_HILL,Class_168,6
30/01/2026,20:50,STAFFORD_COVENTRY,Class_390,11
30/01/2026,22:20,DORRIDGE_BIRMINGHAM_SNOW_HILL,Class_168,6
30/01/2026,23:05,RUGBY_WOLVERHAMPTON,Class_390,11
30/01/2026,08:52,RUGBY_BIRMINGHAM_NEW_STREET,Class_390,7
30/01/2026,23:02,DORRIDGE_BIRMINGHAM_SNOW_HILL,Class_168,6
30/01/2026,10:01,RUGBY_BIRMINGHAM_NEW_STREET,Class_390,7
30/01/2026,09:24,RUGBY_BIRMINGHAM_NEW_STREET,Class_390,7
30/01/2026,18:48,STAFFORD_COVENTRY,Class_390,11
30/01/2026,17:37,STAFFORD_COVENTRY,Class_390,11
30/01/2026,16:43,STAFFORD_COVENTRY,Class_390,11
30/01/2026,15:20,STAFFORD_COVENTRY,Class_390,11
30/01/2026,14:26,STAFFORD_COVENTRY,Class_390,11
30/01/2026,13:19,STAFFORD_COVENTRY,Class_390,11
30/01/2026,12:06,STAFFORD_COVENTRY,Class_390,11
30/01/2026,10:47,STAFFORD_COVENTRY,Class_390,11
30/01/2026,09:33,STAFFORD_COVENTRY,Class_390,11
30/01/2026,08:16,STAFFORD_COVENTRY,Class_390,11
30/01/2026,07:13,STAFFORD_COVENTRY,Class_390,11
30/01/2026,06:18,STAFFORD_COVENTRY,Class_390,11
30/01/2026,18:44,RUGBY_BIRMINGHAM_NEW_STREET,Class_390,7
30/01/2026,20:05,STAFFORD_COVENTRY,Class_390,11
30/01/2026,17:33,RUGBY_BIRMINGHAM_NEW_STREET,Class_390,7
30/01/2026,18:07,RUGBY_BIRMINGHAM_NEW_STREET,Class_390,7
30/01/2026,10:37,RUGBY_BIRMINGHAM_NEW_STREET,Class_390,7
30/01/2026,11:25,RUGBY_BIRMINGHAM_NEW_STREET,Class_390,7
30/01/2026,11:58,RUGBY_BIRMINGHAM_NEW_STREET,Class_390,7
30/01/2026,13:00,RUGBY_BIRMINGHAM_NEW_STREET,Class_390,7
30/01/2026,13:52,RUGBY_BIRMINGHAM_NEW_STREET,Class_390,7
30/01/2026,12:44,RUGBY_BIRMINGHAM_NEW_STREET,Class_390,7
30/01/2026,14:49,RUGBY_BIRMINGHAM_NEW_STREET,Class_390,7
30/01/2026,15:14,RUGBY_BIRMINGHAM_NEW_STREET,Class_390,7
30/01/2026,15:59,RUGBY_BIRMINGHAM_NEW_STREET,Class_390,7
30/01/2026,16:23,RUGBY_BIRMINGHAM_NEW_STREET,Class_390,7
30/01/2026,17:06,RUGBY_BIRMINGHAM_NEW_STREET,Class_390,7
30/01/2026,14:18,RUGBY_BIRMINGHAM_NEW_STREET,Class_390,7
31/01/2026,20:58,FOUR_OAKS_REDDITCH,Class_730,6
31/01/2026,18:53,FOUR_OAKS_REDDITCH,Class_730,6
31/01/2026,19:19,FOUR_OAKS_REDDITCH,Class_730,6
31/01/2026,20:08,FOUR_OAKS_REDDITCH,Class_730,6
31/01/2026,21:38,FOUR_OAKS_REDDITCH,Class_730,6
31/01/2026,05:51,RUGELEY_TRENT_VALLEY_BIRMINGHAM_INTERNATIONAL,Class_730,3
31/01/2026,22:11,FOUR_OAKS_REDDITCH,Class_730,6
31/01/2026,22:53,FOUR_OAKS_REDDITCH,Class_730,6
31/01/2026,23:04,FOUR_OAKS_REDDITCH,Class_730,6
31/01/2026,05:35,RUGELEY_TRENT_VALLEY_BIRMINGHAM_INTERNATIONAL,Class_730,3
31/01/2026,18:22,FOUR_OAKS_REDDITCH,Class_730,6
31/01/2026,21:54,FOUR_OAKS_REDDITCH,Class_730,6
31/01/2026,09:47,FOUR_OAKS_REDDITCH,Class_730,6
31/01/2026,14:14,FOUR_OAKS_REDDITCH,Class_730,6
31/01/2026,17:18,FOUR_OAKS_REDDITCH,Class_730,6
31/01/2026,16:55,FOUR_OAKS_REDDITCH,Class_730,6
31/01/2026,15:59,FOUR_OAKS_REDDITCH,Class_730,6
31/01/2026,15:27,FOUR_OAKS_REDDITCH,Class_730,6
31/01/2026,14:42,FOUR_OAKS_REDDITCH,Class_730,6
31/01/2026,13:32,FOUR_OAKS_REDDITCH,Class_730,6
31/01/2026,13:12,FOUR_OAKS_REDDITCH,Class_730,6
31/01/2026,12:38,FOUR_OAKS_REDDITCH,Class_730,6
31/01/2026,12:13,FOUR_OAKS_REDDITCH,Class_730,6
31/01/2026,11:27,FOUR_OAKS_REDDITCH,Class_730,6
31/01/2026,10:58,FOUR_OAKS_REDDITCH,Class_730,6
31/01/2026,10:10,FOUR_OAKS_REDDITCH,Class_730,6
31/01/2026,06:09,RUGELEY_TRENT_VALLEY_BIRMINGHAM_INTERNATIONAL,Class_730,3
31/01/2026,17:39,FOUR_OAKS_REDDITCH,Class_730,6
31/01/2026,06:30,RUGELEY_TRENT_VALLEY_BIRMINGHAM_INTERNATIONAL,Class_730,3
31/01/2026,15:02,RUGELEY_TRENT_VALLEY_BIRMINGHAM_INTERNATIONAL,Class_730,3
31/01/2026,07:21,RUGELEY_TRENT_VALLEY_BIRMINGHAM_INTERNATIONAL,Class_730,3
31/01/2026,09:00,FOUR_OAKS_REDDITCH,Class_730,6
31/01/2026,06:18,BIRMINGHAM_INTERNATIONAL_RUGELEY_TRENT_VALLEY,Class_730,3
31/01/2026,05:52,BIRMINGHAM_INTERNATIONAL_RUGELEY_TRENT_VALLEY,Class_730,3
31/01/2026,21:58,RUGELEY_TRENT_VALLEY_BIRMINGHAM_INTERNATIONAL,Class_730,3
31/01/2026,21:41,RUGELEY_TRENT_VALLEY_BIRMINGHAM_INTERNATIONAL,Class_730,3
31/01/2026,21:11,RUGELEY_TRENT_VALLEY_BIRMINGHAM_INTERNATIONAL,Class_730,3
31/01/2026,20:23,RUGELEY_TRENT_VALLEY_BIRMINGHAM_INTERNATIONAL,Class_730,3
31/01/2026,19:31,RUGELEY_TRENT_VALLEY_BIRMINGHAM_INTERNATIONAL,Class_730,3
31/01/2026,18:58,RUGELEY_TRENT_VALLEY_BIRMINGHAM_INTERNATIONAL,Class_730,3
31/01/2026,18:34,RUGELEY_TRENT_VALLEY_BIRMINGHAM_INTERNATIONAL,Class_730,3
31/01/2026,17:53,RUGELEY_TRENT_VALLEY_BIRMINGHAM_INTERNATIONAL,Class_730,3
31/01/2026,17:28,RUGELEY_TRENT_VALLEY_BIRMINGHAM_INTERNATIONAL,Class_730,3
31/01/2026,17:04,RUGELEY_TRENT_VALLEY_BIRMINGHAM_INTERNATIONAL,Class_730,3
31/01/2026,16:18,RUGELEY_TRENT_VALLEY_BIRMINGHAM_INTERNATIONAL,Class_730,3
31/01/2026,15:34,RUGELEY_TRENT_VALLEY_BIRMINGHAM_INTERNATIONAL,Class_730,3
31/01/2026,14:22,RUGELEY_TRENT_VALLEY_BIRMINGHAM_INTERNATIONAL,Class_730,3
31/01/2026,13:39,RUGELEY_TRENT_VALLEY_BIRMINGHAM_INTERNATIONAL,Class_730,3
31/01/2026,13:05,RUGELEY_TRENT_VALLEY_BIRMINGHAM_INTERNATIONAL,Class_730,3
31/01/2026,12:39,RUGELEY_TRENT_VALLEY_BIRMINGHAM_INTERNATIONAL,Class_730,3
31/01/2026,12:23,RUGELEY_TRENT_VALLEY_BIRMINGHAM_INTERNATIONAL,Class_730,3
31/01/2026,11:38,RUGELEY_TRENT_VALLEY_BIRMINGHAM_INTERNATIONAL,Class_730,3
31/01/2026,11:02,RUGELEY_TRENT_VALLEY_BIRMINGHAM_INTERNATIONAL,Class_730,3
31/01/2026,10:25,RUGELEY_TRENT_VALLEY_BIRMINGHAM_INTERNATIONAL,Class_730,3
31/01/2026,09:48,RUGELEY_TRENT_VALLEY_BIRMINGHAM_INTERNATIONAL,Class_730,3
31/01/2026,09:08,RUGELEY_TRENT_VALLEY_BIRMINGHAM_INTERNATIONAL,Class_730,3
31/01/2026,08:27,RUGELEY_TRENT_VALLEY_BIRMINGHAM_INTERNATIONAL,Class_730,3
31/01/2026,07:44,RUGELEY_TRENT_VALLEY_BIRMINGHAM_INTERNATIONAL,Class_730,3
31/01/2026,07:00,RUGELEY_TRENT_VALLEY_BIRMINGHAM_INTERNATIONAL,Class_730,3
31/01/2026,08:14,FOUR_OAKS_REDDITCH,Class_730,6
31/01/2026,12:21,CROSS_CITY_LINE_B,Class_730,6
31/01/2026,07:16,FOUR_OAKS_REDDITCH,Class_730,6
31/01/2026,08:41,REDDITCH_FOUR_OAKS,Class_730,6
31/01/2026,08:01,REDDITCH_FOUR_OAKS,Class_730,6
31/01/2026,07:32,REDDITCH_FOUR_OAKS,Class_730,6
31/01/2026,07:05,REDDITCH_FOUR_OAKS,Class_730,6
31/01/2026,06:44,REDDITCH_FOUR_OAKS,Class_730,6
31/01/2026,06:20,REDDITCH_FOUR_OAKS,Class_730,6
31/01/2026,05:59,REDDITCH_FOUR_OAKS,Class_730,6
31/01/2026,05:38,REDDITCH_FOUR_OAKS,Class_730,6
31/01/2026,05:21,REDDITCH_FOUR_OAKS,Class_730,6
31/01/2026,22:26,CROSS_CITY_LINE_B,Class_730,6
31/01/2026,22:00,CROSS_CITY_LINE_B,Class_730,6
31/01/2026,21:40,CROSS_CITY_LINE_B,Class_730,6
31/01/2026,21:00,CROSS_CITY_LINE_B,Class_730,6
31/01/2026,09:29,REDDITCH_FOUR_OAKS,Class_730,6
31/01/2026,20:15,CROSS_CITY_LINE_B,Class_730,6
31/01/2026,18:57,CROSS_CITY_LINE_B,Class_730,6
31/01/2026,18:24,CROSS_CITY_LINE_B,Class_730,6
31/01/2026,17:48,CROSS_CITY_LINE_B,Class_730,6
31/01/2026,17:17,CROSS_CITY_LINE_B,Class_730,6
31/01/2026,16:53,CROSS_CITY_LINE_B,Class_730,6
31/01/2026,15:57,CROSS_CITY_LINE_B,Class_730,6
31/01/2026,15:28,CROSS_CITY_LINE_B,Class_730,6
31/01/2026,14:44,CROSS_CITY_LINE_B,Class_730,6
31/01/2026,14:19,CROSS_CITY_LINE_B,Class_730,6
31/01/2026,14:00,CROSS_CITY_LINE_B,Class_730,6
31/01/2026,13:14,CROSS_CITY_LINE_B,Class_730,6
31/01/2026,12:39,CROSS_CITY_LINE_B,Class_730,6
31/01/2026,06:39,BIRMINGHAM_INTERNATIONAL_RUGELEY_TRENT_VALLEY,Class_730,3
31/01/2026,20:00,CROSS_CITY_LINE_B,Class_730,6
31/01/2026,07:43,FOUR_OAKS_REDDITCH,Class_730,6
31/01/2026,09:54,REDDITCH_FOUR_OAKS,Class_730,6
31/01/2026,11:17,REDDITCH_FOUR_OAKS,Class_730,6
31/01/2026,06:51,FOUR_OAKS_REDDITCH,Class_730,6
31/01/2026,06:24,FOUR_OAKS_REDDITCH,Class_730,6
31/01/2026,06:05,FOUR_OAKS_REDDITCH,Class_730,6
31/01/2026,05:44,FOUR_OAKS_REDDITCH,Class_730,6
31/01/2026,05:29,FOUR_OAKS_REDDITCH,Class_730,6
31/01/2026,05:05,FOUR_OAKS_REDDITCH,Class_730,6
31/01/2026,23:13,REDDITCH_FOUR_OAKS,Class_730,6
31/01/2026,22:59,REDDITCH_FOUR_OAKS,Class_730,6
31/01/2026,22:32,REDDITCH_FOUR_OAKS,Class_730,6
31/01/2026,22:07,REDDITCH_FOUR_OAKS,Class_730,6
31/01/2026,21:41,REDDITCH_FOUR_OAKS,Class_730,6
31/01/2026,21:22,REDDITCH_FOUR_OAKS,Class_730,6
31/01/2026,20:35,REDDITCH_FOUR_OAKS,Class_730,6
31/01/2026,10:51,REDDITCH_FOUR_OAKS,Class_730,6
31/01/2026,20:07,REDDITCH_FOUR_OAKS,Class_730,6
31/01/2026,18:39,REDDITCH_FOUR_OAKS,Class_730,6
31/01/2026,17:58,REDDITCH_FOUR_OAKS,Class_730,6
31/01/2026,17:33,REDDITCH_FOUR_OAKS,Class_730,6
31/01/2026,17:08,REDDITCH_FOUR_OAKS,Class_730,6
31/01/2026,16:23,REDDITCH_FOUR_OAKS,Class_730,6
31/01/2026,15:35,REDDITCH_FOUR_OAKS,Class_730,6
31/01/2026,15:16,REDDITCH_FOUR_OAKS,Class_730,6
31/01/2026,14:32,REDDITCH_FOUR_OAKS,Class_730,6
31/01/2026,14:04,REDDITCH_FOUR_OAKS,Class_730,6
31/01/2026,13:17,REDDITCH_FOUR_OAKS,Class_730,6
31/01/2026,12:55,REDDITCH_FOUR_OAKS,Class_730,6
31/01/2026,12:28,REDDITCH_FOUR_OAKS,Class_730,6
31/01/2026,12:01,REDDITCH_FOUR_OAKS,Class_730,6
31/01/2026,19:10,REDDITCH_FOUR_OAKS,Class_730,6
31/01/2026,06:53,BIRMINGHAM_INTERNATIONAL_RUGELEY_TRENT_VALLEY,Class_730,3
31/01/2026,22:06,WALSALL_WOLVERHAMPTON,Class_761,3
31/01/2026,07:52,BIRMINGHAM_INTERNATIONAL_RUGELEY_TRENT_VALLEY,Class_730,3
31/01/2026,23:00,WOLVERHAMPTON_WALSALL,Class_730,3
31/01/2026,22:36,WOLVERHAMPTON_WALSALL,Class_730,3
31/01/2026,22:06,WOLVERHAMPTON_WALSALL,Class_730,3
31/01/2026,21:43,WOLVERHAMPTON_WALSALL,Class_730,3
31/01/2026,21:21,WOLVERHAMPTON_WALSALL,Class_730,3
31/01/2026,20:36,WOLVERHAMPTON_WALSALL,Class_730,3
31/01/2026,20:06,WOLVERHAMPTON_WALSALL,Class_730,3
31/01/2026,19:03,WOLVERHAMPTON_WALSALL,Class_730,3
31/01/2026,18:42,WOLVERHAMPTON_WALSALL,Class_730,3
31/01/2026,17:53,WOLVERHAMPTON_WALSALL,Class_730,3
31/01/2026,17:31,WOLVERHAMPTON_WALSALL,Class_730,3
31/01/2026,17:08,WOLVERHAMPTON_WALSALL,Class_730,3
31/01/2026,16:32,WOLVERHAMPTON_WALSALL,Class_730,3
31/01/2026,15:36,WOLVERHAMPTON_WALSALL,Class_730,3
31/01/2026,15:16,WOLVERHAMPTON_WALSALL,Class_730,3
31/01/2026,14:34,WOLVERHAMPTON_WALSALL,Class_730,3
31/01/2026,14:05,WOLVERHAMPTON_WALSALL,Class_730,3
31/01/2026,13:19,WOLVERHAMPTON_WALSALL,Class_730,3
31/01/2026,12:56,WOLVERHAMPTON_WALSALL,Class_730,3
31/01/2026,12:24,WOLVERHAMPTON_WALSALL,Class_730,3
31/01/2026,12:01,WOLVERHAMPTON_WALSALL,Class_730,3
31/01/2026,11:08,WOLVERHAMPTON_WALSALL,Class_730,3
31/01/2026,10:42,WOLVERHAMPTON_WALSALL,Class_730,3
31/01/2026,09:55,WOLVERHAMPTON_WALSALL,Class_730,3
31/01/2026,09:31,WOLVERHAMPTON_WALSALL,Class_730,3
31/01/2026,08:41,WOLVERHAMPTON_WALSALL,Class_730,3
31/01/2026,07:57,WOLVERHAMPTON_WALSALL,Class_730,3
31/01/2026,05:19,WALSALL_WOLVERHAMPTON,Class_730,3
31/01/2026,05:40,WALSALL_WOLVERHAMPTON,Class_731,3
31/01/2026,05:57,WALSALL_WOLVERHAMPTON,Class_732,3
31/01/2026,06:18,WALSALL_WOLVERHAMPTON,Class_733,3
31/01/2026,11:43,CROSS_CITY_LINE_B,Class_730,6
31/01/2026,21:45,WALSALL_WOLVERHAMPTON,Class_760,3
31/01/2026,21:16,WALSALL_WOLVERHAMPTON,Class_759,3
31/01/2026,20:50,WALSALL_WOLVERHAMPTON,Class_758,3
31/01/2026,20:07,WALSALL_WOLVERHAMPTON,Class_757,3
31/01/2026,19:09,WALSALL_WOLVERHAMPTON,Class_756,3
31/01/2026,18:38,WALSALL_WOLVERHAMPTON,Class_755,3
31/01/2026,17:56,WALSALL_WOLVERHAMPTON,Class_754,3
31/01/2026,17:33,WALSALL_WOLVERHAMPTON,Class_753,3
31/01/2026,17:06,WALSALL_WOLVERHAMPTON,Class_752,3
31/01/2026,16:34,WALSALL_WOLVERHAMPTON,Class_751,3
31/01/2026,15:37,WALSALL_WOLVERHAMPTON,Class_750,3
31/01/2026,15:15,WALSALL_WOLVERHAMPTON,Class_749,3
31/01/2026,07:30,WOLVERHAMPTON_WALSALL,Class_730,3
31/01/2026,14:27,WALSALL_WOLVERHAMPTON,Class_748,3
31/01/2026,13:19,WALSALL_WOLVERHAMPTON,Class_746,3
31/01/2026,12:54,WALSALL_WOLVERHAMPTON,Class_745,3
31/01/2026,12:25,WALSALL_WOLVERHAMPTON,Class_744,3
31/01/2026,12:03,WALSALL_WOLVERHAMPTON,Class_743,3
31/01/2026,11:10,WALSALL_WOLVERHAMPTON,Class_742,3
31/01/2026,10:48,WALSALL_WOLVERHAMPTON,Class_741,3
31/01/2026,10:01,WALSALL_WOLVERHAMPTON,Class_740,3
31/01/2026,09:26,WALSALL_WOLVERHAMPTON,Class_739,3
31/01/2026,08:32,WALSALL_WOLVERHAMPTON,Class_738,3
31/01/2026,08:00,WALSALL_WOLVERHAMPTON,Class_737,3
31/01/2026,07:27,WALSALL_WOLVERHAMPTON,Class_736,3
31/01/2026,07:07,WALSALL_WOLVERHAMPTON,Class_735,3
31/01/2026,06:46,WALSALL_WOLVERHAMPTON,Class_734,3
31/01/2026,14:05,WALSALL_WOLVERHAMPTON,Class_747,3
31/01/2026,07:07,WOLVERHAMPTON_WALSALL,Class_730,3
31/01/2026,06:42,WOLVERHAMPTON_WALSALL,Class_730,3
31/01/2026,06:20,WOLVERHAMPTON_WALSALL,Class_730,3
31/01/2026,07:24,NORTHAMPTON_BIRMINGHAM_NEW_STREET,Class_350,5
31/01/2026,06:26,NORTHAMPTON_BIRMINGHAM_NEW_STREET,Class_350,5
31/01/2026,05:55,NORTHAMPTON_BIRMINGHAM_NEW_STREET,Class_350,5
31/01/2026,05:15,NORTHAMPTON_BIRMINGHAM_NEW_STREET,Class_350,5
31/01/2026,22:01,BIRMINGHAM_INTERNATIONAL_RUGELEY_TRENT_VALLEY,Class_730,3
31/01/2026,21:41,BIRMINGHAM_INTERNATIONAL_RUGELEY_TRENT_VALLEY,Class_730,3
31/01/2026,21:11,BIRMINGHAM_INTERNATIONAL_RUGELEY_TRENT_VALLEY,Class_730,3
31/01/2026,20:20,BIRMINGHAM_INTERNATIONAL_RUGELEY_TRENT_VALLEY,Class_730,3
31/01/2026,19:54,BIRMINGHAM_INTERNATIONAL_RUGELEY_TRENT_VALLEY,Class_730,3
31/01/2026,18:58,BIRMINGHAM_INTERNATIONAL_RUGELEY_TRENT_VALLEY,Class_730,3
31/01/2026,18:26,BIRMINGHAM_INTERNATIONAL_RUGELEY_TRENT_VALLEY,Class_730,3
31/01/2026,17:45,BIRMINGHAM_INTERNATIONAL_RUGELEY_TRENT_VALLEY,Class_730,3
31/01/2026,17:28,BIRMINGHAM_INTERNATIONAL_RUGELEY_TRENT_VALLEY,Class_730,3
31/01/2026,08:23,NORTHAMPTON_BIRMINGHAM_NEW_STREET,Class_350,5
31/01/2026,16:58,BIRMINGHAM_INTERNATIONAL_RUGELEY_TRENT_VALLEY,Class_730,3
31/01/2026,15:35,BIRMINGHAM_INTERNATIONAL_RUGELEY_TRENT_VALLEY,Class_730,3
31/01/2026,14:44,BIRMINGHAM_INTERNATIONAL_RUGELEY_TRENT_VALLEY,Class_730,3
31/01/2026,14:21,BIRMINGHAM_INTERNATIONAL_RUGELEY_TRENT_VALLEY,Class_730,3
31/01/2026,14:02,BIRMINGHAM_INTERNATIONAL_RUGELEY_TRENT_VALLEY,Class_730,3
31/01/2026,13:15,BIRMINGHAM_INTERNATIONAL_RUGELEY_TRENT_VALLEY,Class_730,3
31/01/2026,12:47,BIRMINGHAM_INTERNATIONAL_RUGELEY_TRENT_VALLEY,Class_730,3
31/01/2026,12:23,BIRMINGHAM_INTERNATIONAL_RUGELEY_TRENT_VALLEY,Class_730,3
31/01/2026,11:42,BIRMINGHAM_INTERNATIONAL_RUGELEY_TRENT_VALLEY,Class_730,3
31/01/2026,11:02,BIRMINGHAM_INTERNATIONAL_RUGELEY_TRENT_VALLEY,Class_730,3
31/01/2026,10:33,BIRMINGHAM_INTERNATIONAL_RUGELEY_TRENT_VALLEY,Class_730,3
31/01/2026,09:52,BIRMINGHAM_INTERNATIONAL_RUGELEY_TRENT_VALLEY,Class_730,3
31/01/2026,09:12,BIRMINGHAM_INTERNATIONAL_RUGELEY_TRENT_VALLEY,Class_730,3
31/01/2026,08:32,BIRMINGHAM_INTERNATIONAL_RUGELEY_TRENT_VALLEY,Class_730,3
31/01/2026,16:14,BIRMINGHAM_INTERNATIONAL_RUGELEY_TRENT_VALLEY,Class_730,3
31/01/2026,07:22,BIRMINGHAM_INTERNATIONAL_RUGELEY_TRENT_VALLEY,Class_730,3
31/01/2026,09:49,NORTHAMPTON_BIRMINGHAM_NEW_STREET,Class_350,5
31/01/2026,12:21,NORTHAMPTON_BIRMINGHAM_NEW_STREET,Class_350,5
31/01/2026,05:59,WOLVERHAMPTON_WALSALL,Class_730,3
31/01/2026,05:37,WOLVERHAMPTON_WALSALL,Class_730,3
31/01/2026,05:24,WOLVERHAMPTON_WALSALL,Class_730,3
31/01/2026,23:04,BIRMINGHAM_NEW_STREET_NORTHAMPTON,Class_350,8
31/01/2026,22:09,BIRMINGHAM_NEW_STREET_NORTHAMPTON,Class_350,8
31/01/2026,21:23,BIRMINGHAM_NEW_STREET_NORTHAMPTON,Class_350,8
31/01/2026,20:07,BIRMINGHAM_NEW_STREET_NORTHAMPTON,Class_350,8
31/01/2026,18:42,BIRMINGHAM_NEW_STREET_NORTHAMPTON,Class_350,8
31/01/2026,17:38,BIRMINGHAM_NEW_STREET_NORTHAMPTON,Class_350,8
31/01/2026,16:37,BIRMINGHAM_NEW_STREET_NORTHAMPTON,Class_350,8
31/01/2026,15:17,BIRMINGHAM_NEW_STREET_NORTHAMPTON,Class_350,8
31/01/2026,14:14,BIRMINGHAM_NEW_STREET_NORTHAMPTON,Class_350,8
31/01/2026,13:00,BIRMINGHAM_NEW_STREET_NORTHAMPTON,Class_350,8
31/01/2026,11:02,NORTHAMPTON_BIRMINGHAM_NEW_STREET,Class_350,5
31/01/2026,12:09,BIRMINGHAM_NEW_STREET_NORTHAMPTON,Class_350,8
31/01/2026,09:34,BIRMINGHAM_NEW_STREET_NORTHAMPTON,Class_350,8
31/01/2026,08:02,BIRMINGHAM_NEW_STREET_NORTHAMPTON,Class_350,8
31/01/2026,07:08,BIRMINGHAM_NEW_STREET_NORTHAMPTON,Class_350,8
31/01/2026,06:22,BIRMINGHAM_NEW_STREET_NORTHAMPTON,Class_350,8
31/01/2026,22:27,NORTHAMPTON_BIRMINGHAM_NEW_STREET,Class_350,5
31/01/2026,21:41,NORTHAMPTON_BIRMINGHAM_NEW_STREET,Class_350,5
31/01/2026,20:29,NORTHAMPTON_BIRMINGHAM_NEW_STREET,Class_350,5
31/01/2026,18:57,NORTHAMPTON_BIRMINGHAM_NEW_STREET,Class_350,5
31/01/2026,17:52,NORTHAMPTON_BIRMINGHAM_NEW_STREET,Class_350,5
31/01/2026,16:58,NORTHAMPTON_BIRMINGHAM_NEW_STREET,Class_350,5
31/01/2026,15:35,NORTHAMPTON_BIRMINGHAM_NEW_STREET,Class_350,5
31/01/2026,14:23,NORTHAMPTON_BIRMINGHAM_NEW_STREET,Class_350,5
31/01/2026,13:08,NORTHAMPTON_BIRMINGHAM_NEW_STREET,Class_350,5
31/01/2026,10:51,BIRMINGHAM_NEW_STREET_NORTHAMPTON,Class_350,8
31/01/2026,11:02,CROSS_CITY_LINE_B,Class_730,6
31/01/2026,21:08,DORRIDGE_BIRMINGHAM_SNOW_HILL,Class_168,6
31/01/2026,09:44,CROSS_CITY_LINE_B,Class_730,6
31/01/2026,17:40,DORRIDGE_BIRMINGHAM_MOOR_STREET,Class_168,6
31/01/2026,17:18,DORRIDGE_BIRMINGHAM_MOOR_STREET,Class_168,6
31/01/2026,16:49,DORRIDGE_BIRMINGHAM_MOOR_STREET,Class_168,6
31/01/2026,15:58,DORRIDGE_BIRMINGHAM_MOOR_STREET,Class_168,6
31/01/2026,15:21,DORRIDGE_BIRMINGHAM_MOOR_STREET,Class_168,6
31/01/2026,14:58,DORRIDGE_BIRMINGHAM_MOOR_STREET,Class_168,6
31/01/2026,14:17,DORRIDGE_BIRMINGHAM_MOOR_STREET,Class_168,6
31/01/2026,13:56,DORRIDGE_BIRMINGHAM_MOOR_STREET,Class_168,6
31/01/2026,13:04,DORRIDGE_BIRMINGHAM_MOOR_STREET,Class_168,6
31/01/2026,12:38,DORRIDGE_BIRMINGHAM_MOOR_STREET,Class_168,6
31/01/2026,12:15,DORRIDGE_BIRMINGHAM_MOOR_STREET,Class_168,6
31/01/2026,11:34,DORRIDGE_BIRMINGHAM_MOOR_STREET,Class_168,6
31/01/2026,11:01,DORRIDGE_BIRMINGHAM_MOOR_STREET,Class_168,6
31/01/2026,10:25,DORRIDGE_BIRMINGHAM_MOOR_STREET,Class_168,6
31/01/2026,09:47,DORRIDGE_BIRMINGHAM_MOOR_STREET,Class_168,6
31/01/2026,08:59,DORRIDGE_BIRMINGHAM_MOOR_STREET,Class_168,6
31/01/2026,08:18,DORRIDGE_BIRMINGHAM_MOOR_STREET,Class_168,6
31/01/2026,07:48,DORRIDGE_BIRMINGHAM_MOOR_STREET,Class_168,6
31/01/2026,07:23,DORRIDGE_BIRMINGHAM_MOOR_STREET,Class_168,6
31/01/2026,06:56,DORRIDGE_BIRMINGHAM_MOOR_STREET,Class_168,6
31/01/2026,06:25,DORRIDGE_BIRMINGHAM_MOOR_STREET,Class_168,6
31/01/2026,06:11,DORRIDGE_BIRMINGHAM_MOOR_STREET,Class_168,6
31/01/2026,05:45,DORRIDGE_BIRMINGHAM_MOOR_STREET,Class_168,6
31/01/2026,23:20,BIRMINGHAM_MOOR_STREET_DORRIDGE,Class_168,6
31/01/2026,23:06,BIRMINGHAM_MOOR_STREET_DORRIDGE,Class_168,6
31/01/2026,22:55,BIRMINGHAM_MOOR_STREET_DORRIDGE,Class_168,6
31/01/2026,22:20,BIRMINGHAM_MOOR_STREET_DORRIDGE,Class_168,6
31/01/2026,18:27,DORRIDGE_BIRMINGHAM_MOOR_STREET,Class_168,6
31/01/2026,18:54,DORRIDGE_BIRMINGHAM_MOOR_STREET,Class_168,6
31/01/2026,19:41,DORRIDGE_BIRMINGHAM_MOOR_STREET,Class_168,6
31/01/2026,20:15,DORRIDGE_BIRMINGHAM_MOOR_STREET,Class_168,6
31/01/2026,13:59,DORRIDGE_BIRMINGHAM_SNOW_HILL,Class_168,6
31/01/2026,12:49,DORRIDGE_BIRMINGHAM_SNOW_HILL,Class_168,6
31/01/2026,11:43,DORRIDGE_BIRMINGHAM_SNOW_HILL,Class_168,6
31/01/2026,10:31,DORRIDGE_BIRMINGHAM_SNOW_HILL,Class_168,6
31/01/2026,09:03,DORRIDGE_BIRMINGHAM_SNOW_HILL,Class_168,6
31/01/2026,07:52,DORRIDGE_BIRMINGHAM_SNOW_HILL,Class_168,6
31/01/2026,23:18,BIRMINGHAM_SNOW_HILL_DORRIDGE,Class_168,6
31/01/2026,22:41,BIRMINGHAM_SNOW_HILL_DORRIDGE,Class_168,6
31/01/2026,21:51,BIRMINGHAM_SNOW_HILL_DORRIDGE,Class_168,6
31/01/2026,20:54,BIRMINGHAM_SNOW_HILL_DORRIDGE,Class_168,6
31/01/2026,19:20,BIRMINGHAM_SNOW_HILL_DORRIDGE,Class_168,6
31/01/2026,18:04,BIRMINGHAM_SNOW_HILL_DORRIDGE,Class_168,6
31/01/2026,17:12,BIRMINGHAM_SNOW_HILL_DORRIDGE,Class_168,6
31/01/2026,21:57,BIRMINGHAM_MOOR_STREET_DORRIDGE,Class_168,6
31/01/2026,15:44,BIRMINGHAM_SNOW_HILL_DORRIDGE,Class_168,6
31/01/2026,13:31,BIRMINGHAM_SNOW_HILL_DORRIDGE,Class_168,6
31/01/2026,12:29,BIRMINGHAM_SNOW_HILL_DORRIDGE,Class_168,6
31/01/2026,11:26,BIRMINGHAM_SNOW_HILL_DORRIDGE,Class_168,6
31/01/2026,10:04,BIRMINGHAM_SNOW_HILL_DORRIDGE,Class_168,6
31/01/2026,08:50,BIRMINGHAM_SNOW_HILL_DORRIDGE,Class_168,6
31/01/2026,07:36,BIRMINGHAM_SNOW_HILL_DORRIDGE,Class_168,6
31/01/2026,23:34,DORRIDGE_BIRMINGHAM_MOOR_STREET,Class_168,6
31/01/2026,23:07,DORRIDGE_BIRMINGHAM_MOOR_STREET,Class_168,6
31/01/2026,22:48,DORRIDGE_BIRMINGHAM_MOOR_STREET,Class_168,6
31/01/2026,22:17,DORRIDGE_BIRMINGHAM_MOOR_STREET,Class_168,6
31/01/2026,21:54,DORRIDGE_BIRMINGHAM_MOOR_STREET,Class_168,6
31/01/2026,21:38,DORRIDGE_BIRMINGHAM_MOOR_STREET,Class_168,6
31/01/2026,21:02,DORRIDGE_BIRMINGHAM_MOOR_STREET,Class_168,6
31/01/2026,14:41,BIRMINGHAM_SNOW_HILL_DORRIDGE,Class_168,6
31/01/2026,14:46,DORRIDGE_BIRMINGHAM_SNOW_HILL,Class_168,6
31/01/2026,21:30,BIRMINGHAM_MOOR_STREET_DORRIDGE,Class_168,6
31/01/2026,20:08,BIRMINGHAM_MOOR_STREET_DORRIDGE,Class_168,6
31/01/2026,19:14,WOLVERHAMPTON_BIRMINGHAM_INTERNATIONAL,Class_158,2
31/01/2026,18:11,WOLVERHAMPTON_BIRMINGHAM_INTERNATIONAL,Class_158,2
31/01/2026,17:16,WOLVERHAMPTON_BIRMINGHAM_INTERNATIONAL,Class_158,2
31/01/2026,15:41,WOLVERHAMPTON_BIRMINGHAM_INTERNATIONAL,Class_158,2
31/01/2026,14:42,WOLVERHAMPTON_BIRMINGHAM_INTERNATIONAL,Class_158,2
31/01/2026,13:21,WOLVERHAMPTON_BIRMINGHAM_INTERNATIONAL,Class_158,2
31/01/2026,12:34,WOLVERHAMPTON_BIRMINGHAM_INTERNATIONAL,Class_158,2
31/01/2026,11:23,WOLVERHAMPTON_BIRMINGHAM_INTERNATIONAL,Class_158,2
31/01/2026,10:06,WOLVERHAMPTON_BIRMINGHAM_INTERNATIONAL,Class_158,2
31/01/2026,08:43,WOLVERHAMPTON_BIRMINGHAM_INTERNATIONAL,Class_158,2
31/01/2026,06:47,WOLVERHAMPTON_BIRMINGHAM_INTERNATIONAL,Class_158,2
31/01/2026,06:02,WOLVERHAMPTON_BIRMINGHAM_INTERNATIONAL,Class_158,2
31/01/2026,05:12,WOLVERHAMPTON_BIRMINGHAM_INTERNATIONAL,Class_158,2
31/01/2026,19:16,BIRMINGHAM_INTERNATIONA_WOLVERHAMPTON,Class_158,2
31/01/2026,18:14,BIRMINGHAM_INTERNATIONA_WOLVERHAMPTON,Class_158,2
31/01/2026,17:16,BIRMINGHAM_INTERNATIONA_WOLVERHAMPTON,Class_158,2
31/01/2026,15:43,BIRMINGHAM_INTERNATIONA_WOLVERHAMPTON,Class_158,2
31/01/2026,14:36,BIRMINGHAM_INTERNATIONA_WOLVERHAMPTON,Class_158,2
31/01/2026,13:26,BIRMINGHAM_INTERNATIONA_WOLVERHAMPTON,Class_158,2
31/01/2026,12:28,BIRMINGHAM_INTERNATIONA_WOLVERHAMPTON,Class_158,2
31/01/2026,11:18,BIRMINGHAM_INTERNATIONA_WOLVERHAMPTON,Class_158,2
31/01/2026,10:01,BIRMINGHAM_INTERNATIONA_WOLVERHAMPTON,Class_158,2
31/01/2026,08:45,BIRMINGHAM_INTERNATIONA_WOLVERHAMPTON,Class_158,2
31/01/2026,07:36,BIRMINGHAM_INTERNATIONA_WOLVERHAMPTON,Class_158,2
31/01/2026,06:50,BIRMINGHAM_INTERNATIONA_WOLVERHAMPTON,Class_158,2
31/01/2026,06:03,BIRMINGHAM_INTERNATIONA_WOLVERHAMPTON,Class_158,2
31/01/2026,22:36,WALSALL_WOLVERHAMPTON,Class_762,3
31/01/2026,20:53,WOLVERHAMPTON_BIRMINGHAM_INTERNATIONAL,Class_158,2
31/01/2026,21:50,WOLVERHAMPTON_BIRMINGHAM_INTERNATIONAL,Class_158,2
31/01/2026,22:36,WOLVERHAMPTON_BIRMINGHAM_INTERNATIONAL,Class_158,2
31/01/2026,04:57,BIRMINGHAM_MOOR_STREET_DORRIDGE,Class_168,6
31/01/2026,19:27,BIRMINGHAM_MOOR_STREET_DORRIDGE,Class_168,6
31/01/2026,18:56,BIRMINGHAM_MOOR_STREET_DORRIDGE,Class_168,6
31/01/2026,18:22,BIRMINGHAM_MOOR_STREET_DORRIDGE,Class_168,6
31/01/2026,17:41,BIRMINGHAM_MOOR_STREET_DORRIDGE,Class_168,6
31/01/2026,17:16,BIRMINGHAM_MOOR_STREET_DORRIDGE,Class_168,6
31/01/2026,16:49,BIRMINGHAM_MOOR_STREET_DORRIDGE,Class_168,6
31/01/2026,15:56,BIRMINGHAM_MOOR_STREET_DORRIDGE,Class_168,6
31/01/2026,15:30,BIRMINGHAM_MOOR_STREET_DORRIDGE,Class_168,6
31/01/2026,14:43,BIRMINGHAM_MOOR_STREET_DORRIDGE,Class_168,6
31/01/2026,14:19,BIRMINGHAM_MOOR_STREET_DORRIDGE,Class_168,6
31/01/2026,13:43,BIRMINGHAM_MOOR_STREET_DORRIDGE,Class_168,6
31/01/2026,13:13,BIRMINGHAM_MOOR_STREET_DORRIDGE,Class_168,6
31/01/2026,12:37,BIRMINGHAM_MOOR_STREET_DORRIDGE,Class_168,6
31/01/2026,20:57,BIRMINGHAM_MOOR_STREET_DORRIDGE,Class_168,6
31/01/2026,12:19,BIRMINGHAM_MOOR_STREET_DORRIDGE,Class_168,6
31/01/2026,11:02,BIRMINGHAM_MOOR_STREET_DORRIDGE,Class_168,6
31/01/2026,10:07,BIRMINGHAM_MOOR_STREET_DORRIDGE,Class_168,6
31/01/2026,09:41,BIRMINGHAM_MOOR_STREET_DORRIDGE,Class_168,6
31/01/2026,08:54,BIRMINGHAM_MOOR_STREET_DORRIDGE,Class_168,6
31/01/2026,08:20,BIRMINGHAM_MOOR_STREET_DORRIDGE,Class_168,6
31/01/2026,07:39,BIRMINGHAM_MOOR_STREET_DORRIDGE,Class_168,6
31/01/2026,07:21,BIRMINGHAM_MOOR_STREET_DORRIDGE,Class_168,6
31/01/2026,06:51,BIRMINGHAM_MOOR_STREET_DORRIDGE,Class_168,6
31/01/2026,06:26,BIRMINGHAM_MOOR_STREET_DORRIDGE,Class_168,6
31/01/2026,06:12,BIRMINGHAM_MOOR_STREET_DORRIDGE,Class_168,6
31/01/2026,05:50,BIRMINGHAM_MOOR_STREET_DORRIDGE,Class_168,6
31/01/2026,05:31,BIRMINGHAM_MOOR_STREET_DORRIDGE,Class_168,6
31/01/2026,05:11,BIRMINGHAM_MOOR_STREET_DORRIDGE,Class_168,6
31/01/2026,11:38,BIRMINGHAM_MOOR_STREET_DORRIDGE,Class_168,6
31/01/2026,16:01,DORRIDGE_BIRMINGHAM_SNOW_HILL,Class_168,6
31/01/2026,17:30,DORRIDGE_BIRMINGHAM_SNOW_HILL,Class_168,6
31/01/2026,18:28,DORRIDGE_BIRMINGHAM_SNOW_HILL,Class_168,6
31/01/2026,10:51,CROSS_CITY_LINE_A,Class_730,6
31/01/2026,10:04,CROSS_CITY_LINE_A,Class_730,6
31/01/2026,09:37,CROSS_CITY_LINE_A,Class_730,6
31/01/2026,08:49,CROSS_CITY_LINE_A,Class_730,6
31/01/2026,08:05,CROSS_CITY_LINE_A,Class_730,6
31/01/2026,07:36,CROSS_CITY_LINE_A,Class_730,6
31/01/2026,07:16,CROSS_CITY_LINE_A,Class_730,6
31/01/2026,06:46,CROSS_CITY_LINE_A,Class_730,6
31/01/2026,06:23,CROSS_CITY_LINE_A,Class_730,6
31/01/2026,06:03,CROSS_CITY_LINE_A,Class_730,6
31/01/2026,05:41,CROSS_CITY_LINE_A,Class_730,6
31/01/2026,05:27,CROSS_CITY_LINE_A,Class_730,6
31/01/2026,22:05,COVENTRY_STAFFORD,Class_390,11
31/01/2026,21:14,COVENTRY_STAFFORD,Class_390,11
31/01/2026,19:43,COVENTRY_STAFFORD,Class_390,11
31/01/2026,18:30,COVENTRY_STAFFORD,Class_390,11
31/01/2026,17:30,COVENTRY_STAFFORD,Class_390,11
31/01/2026,16:15,COVENTRY_STAFFORD,Class_390,11
31/01/2026,15:11,COVENTRY_STAFFORD,Class_390,11
31/01/2026,13:44,COVENTRY_STAFFORD,Class_390,11
31/01/2026,12:43,COVENTRY_STAFFORD,Class_390,11
31/01/2026,11:56,COVENTRY_STAFFORD,Class_390,11
31/01/2026,10:35,COVENTRY_STAFFORD,Class_390,11
31/01/2026,09:23,COVENTRY_STAFFORD,Class_390,11
31/01/2026,07:50,COVENTRY_STAFFORD,Class_390,11
31/01/2026,07:02,COVENTRY_STAFFORD,Class_390,11
31/01/2026,06:14,COVENTRY_STAFFORD,Class_390,11
31/01/2026,11:25,CROSS_CITY_LINE_A,Class_730,6
31/01/2026,12:09,CROSS_CITY_LINE_A,Class_730,6
31/01/2026,12:34,CROSS_CITY_LINE_A,Class_730,6
31/01/2026,13:04,CROSS_CITY_LINE_A,Class_730,6
31/01/2026,09:14,CROSS_CITY_LINE_B,Class_730,6
31/01/2026,08:24,CROSS_CITY_LINE_B,Class_730,6
31/01/2026,07:50,CROSS_CITY_LINE_B,Class_730,6
31/01/2026,07:23,CROSS_CITY_LINE_B,Class_730,6
31/01/2026,06:59,CROSS_CITY_LINE_B,Class_730,6
31/01/2026,06:30,CROSS_CITY_LINE_B,Class_730,6
31/01/2026,06:15,CROSS_CITY_LINE_B,Class_730,6
31/01/2026,05:56,CROSS_CITY_LINE_B,Class_730,6
31/01/2026,05:33,CROSS_CITY_LINE_B,Class_730,6
31/01/2026,23:19,CROSS_CITY_LINE_A,Class_730,6
31/01/2026,23:04,CROSS_CITY_LINE_A,Class_730,6
31/01/2026,22:47,CROSS_CITY_LINE_A,Class_730,6
31/01/2026,22:09,CROSS_CITY_LINE_A,Class_730,6
31/01/2026,22:56,STAFFORD_COVENTRY,Class_390,11
31/01/2026,21:53,CROSS_CITY_LINE_A,Class_730,6
31/01/2026,20:51,CROSS_CITY_LINE_A,Class_730,6
31/01/2026,20:07,CROSS_CITY_LINE_A,Class_730,6
31/01/2026,19:16,CROSS_CITY_LINE_A,Class_730,6
31/01/2026,18:43,CROSS_CITY_LINE_A,Class_730,6
31/01/2026,17:59,CROSS_CITY_LINE_A,Class_730,6
31/01/2026,17:34,CROSS_CITY_LINE_A,Class_730,6
31/01/2026,17:10,CROSS_CITY_LINE_A,Class_730,6
31/01/2026,16:48,CROSS_CITY_LINE_A,Class_730,6
31/01/2026,15:55,CROSS_CITY_LINE_A,Class_730,6
31/01/2026,15:21,CROSS_CITY_LINE_A,Class_730,6
31/01/2026,14:40,CROSS_CITY_LINE_A,Class_730,6
31/01/2026,14:07,CROSS_CITY_LINE_A,Class_730,6
31/01/2026,13:29,CROSS_CITY_LINE_A,Class_730,6
31/01/2026,21:26,CROSS_CITY_LINE_A,Class_730,6
31/01/2026,22:01,STAFFORD_COVENTRY,Class_390,11
31/01/2026,21:03,STAFFORD_COVENTRY,Class_390,11
31/01/2026,20:04,STAFFORD_COVENTRY,Class_390,11
31/01/2026,19:58,BIRMINGHAM_NEW_STREET_RUGBY,Class_390,7
31/01/2026,18:35,BIRMINGHAM_NEW_STREET_RUGBY,Class_390,7
31/01/2026,17:27,BIRMINGHAM_NEW_STREET_RUGBY,Class_390,7
31/01/2026,16:19,BIRMINGHAM_NEW_STREET_RUGBY,Class_390,7
31/01/2026,14:49,BIRMINGHAM_NEW_STREET_RUGBY,Class_390,7
31/01/2026,14:01,BIRMINGHAM_NEW_STREET_RUGBY,Class_390,7
31/01/2026,12:49,BIRMINGHAM_NEW_STREET_RUGBY,Class_390,7
31/01/2026,11:45,BIRMINGHAM_NEW_STREET_RUGBY,Class_390,7
31/01/2026,10:41,BIRMINGHAM_NEW_STREET_RUGBY,Class_390,7
31/01/2026,09:25,BIRMINGHAM_NEW_STREET_RUGBY,Class_390,7
31/01/2026,07:55,BIRMINGHAM_NEW_STREET_RUGBY,Class_390,7
31/01/2026,07:00,BIRMINGHAM_NEW_STREET_RUGBY,Class_390,7
31/01/2026,06:16,BIRMINGHAM_NEW_STREET_RUGBY,Class_390,7
31/01/2026,07:06,RUGBY_BIRMINGHAM_NEW_STREET,Class_390,7
31/01/2026,22:58,RUGBY_WOLVERHAMPTON,Class_390,11
31/01/2026,19:20,RUGBY_WOLVERHAMPTON,Class_390,11
31/01/2026,05:42,WOLVERHAMPTON_COVENTRY,Class_390,11
31/01/2026,05:31,WOLVERHAMPTON_COVENTRY,Class_390,11
31/01/2026,05:08,WOLVERHAMPTON_COVENTRY,Class_390,11
31/01/2026,05:03,WOLVERHAMPTON_COVENTRY,Class_390,11
31/01/2026,23:11,DORRIDGE_STOURBRIDGE_JUNCTION,Class_168,6
31/01/2026,21:05,DORRIDGE_STOURBRIDGE_JUNCTION,Class_168,6
31/01/2026,18:15,DORRIDGE_STOURBRIDGE_JUNCTION,Class_168,6
31/01/2026,05:31,STOURBRIDGE_JUNCTION_DORRIDGE,Class_168,6
31/01/2026,23:31,DORRIDGE_BIRMINGHAM_SNOW_HILL,Class_168,6
31/01/2026,22:57,DORRIDGE_BIRMINGHAM_SNOW_HILL,Class_168,6
31/01/2026,21:58,DORRIDGE_BIRMINGHAM_SNOW_HILL,Class_168,6
31/01/2026,19:27,DORRIDGE_BIRMINGHAM_SNOW_HILL,Class_168,6
31/01/2026,20:57,RUGBY_WOLVERHAMPTON,Class_390,11
31/01/2026,10:31,CROSS_CITY_LINE_B,Class_730,6
31/01/2026,07:45,RUGBY_BIRMINGHAM_NEW_STREET,Class_390,7
31/01/2026,09:06,RUGBY_BIRMINGHAM_NEW_STREET,Class_390,7
31/01/2026,18:38,STAFFORD_COVENTRY,Class_390,11
31/01/2026,17:30,STAFFORD_COVENTRY,Class_390,11
31/01/2026,16:05,STAFFORD_COVENTRY,Class_390,11
31/01/2026,15:14,STAFFORD_COVENTRY,Class_390,11
31/01/2026,14:03,STAFFORD_COVENTRY,Class_390,11
31/01/2026,12:50,STAFFORD_COVENTRY,Class_390,11
31/01/2026,11:58,STAFFORD_COVENTRY,Class_390,11
31/01/2026,10:42,STAFFORD_COVENTRY,Class_390,11
31/01/2026,09:21,STAFFORD_COVENTRY,Class_390,11
31/01/2026,07:56,STAFFORD_COVENTRY,Class_390,11
31/01/2026,07:00,STAFFORD_COVENTRY,Class_390,11
31/01/2026,06:17,STAFFORD_COVENTRY,Class_390,11
31/01/2026,18:17,RUGBY_BIRMINGHAM_NEW_STREET,Class_390,7
31/01/2026,08:36,RUGBY_BIRMINGHAM_NEW_STREET,Class_390,7
31/01/2026,17:53,RUGBY_BIRMINGHAM_NEW_STREET,Class_390,7
31/01/2026,17:05,RUGBY_BIRMINGHAM_NEW_STREET,Class_390,7
31/01/2026,16:05,RUGBY_BIRMINGHAM_NEW_STREET,Class_390,7
31/01/2026,15:36,RUGBY_BIRMINGHAM_NEW_STREET,Class_390,7
31/01/2026,14:50,RUGBY_BIRMINGHAM_NEW_STREET,Class_390,7
31/01/2026,14:29,RUGBY_BIRMINGHAM_NEW_STREET,Class_390,7
31/01/2026,13:34,RUGBY_BIRMINGHAM_NEW_STREET,Class_390,7
31/01/2026,13:16,RUGBY_BIRMINGHAM_NEW_STREET,Class_390,7
31/01/2026,12:46,RUGBY_BIRMINGHAM_NEW_STREET,Class_390,7
31/01/2026,12:23,RUGBY_BIRMINGHAM_NEW_STREET,Class_390,7
31/01/2026,11:28,RUGBY_BIRMINGHAM_NEW_STREET,Class_390,7
31/01/2026,11:07,RUGBY_BIRMINGHAM_NEW_STREET,Class_390,7
31/01/2026,10:15,RUGBY_BIRMINGHAM_NEW_STREET,Class_390,7
31/01/2026,09:53,RUGBY_BIRMINGHAM_NEW_STREET,Class_390,7
31/01/2026,17:16,RUGBY_BIRMINGHAM_NEW_STREET,Class_390,7
31/01/2026,23:00,WALSALL_WOLVERHAMPTON,Class_763,3
